CreditScore	Age	Tenure	Balance	NumOfProducts	HasCrCard	IsActiveMember	EstimatedSalary	Geography_Germany	Geography_Spain	Gender_Male
606	37	8	154712.58	2	1	0	89099.18	0	1	1
683	33	9	0.0	2	1	1	38784.42	0	0	0
744	44	3	0.0	2	1	1	189016.14	0	0	0
697	27	8	141223.68	2	1	0	90591.15	0	0	1
562	35	7	0.0	1	0	0	48869.67	0	0	1
627	57	9	0.0	2	1	1	107712.42	0	0	0
640	30	6	107499.7	1	1	1	187632.22	0	0	0
648	36	8	146943.38	2	1	1	130041.45	0	1	1
778	38	3	145018.49	2	1	1	126702.41	0	0	1
698	39	4	0.0	2	0	1	47455.82	0	0	0
606	27	6	172310.33	1	0	1	111448.92	1	0	0
753	92	3	121513.31	1	0	1	195563.99	0	0	1
716	29	6	0.0	2	1	1	98998.61	0	0	0
680	37	4	0.0	2	1	0	61240.87	0	0	1
766	38	7	130933.74	1	0	1	2035.94	1	0	0
684	42	3	103210.27	1	1	0	31002.03	0	1	0
773	43	7	138150.57	1	1	1	177357.16	0	1	1
665	25	7	90920.75	1	0	1	112256.57	0	0	1
821	45	0	135827.33	2	1	1	131778.58	1	0	1
715	32	10	0.0	2	1	0	60907.49	0	0	0
627	30	6	0.0	1	1	1	113408.47	0	1	0
608	35	6	0.0	2	1	1	143463.28	0	1	0
784	40	8	0.0	2	1	0	108891.3	0	1	0
622	31	1	89688.94	1	1	1	152305.47	0	0	0
642	36	4	0.0	2	1	1	195224.91	0	0	1
584	35	6	161613.94	2	1	1	148238.16	0	0	1
554	45	4	0.0	2	1	1	193412.05	0	1	0
749	42	2	56726.83	2	0	1	185543.35	0	0	1
660	35	6	100768.77	1	1	0	19199.61	0	0	0
652	37	9	145219.3	1	1	0	159132.83	1	0	0
755	30	4	123217.66	2	0	1	144183.1	0	0	1
769	38	2	0.0	2	0	0	75578.67	0	0	0
711	52	5	0.0	1	1	1	159808.95	0	0	1
850	41	3	136416.82	1	0	1	57844.26	0	0	1
555	27	5	0.0	2	0	0	96398.51	0	1	1
539	39	6	62052.28	1	0	1	59755.14	0	1	0
772	23	2	0.0	2	1	0	18364.19	0	0	1
700	29	8	0.0	2	0	1	152097.02	0	1	1
613	34	3	0.0	1	1	1	41724.72	0	1	1
850	39	3	124548.99	2	1	1	120380.12	1	0	1
581	24	3	95508.2	1	1	1	45755.0	0	0	0
833	37	8	151226.18	2	1	1	136129.49	0	0	1
667	40	8	72945.29	2	1	0	98931.5	0	0	1
611	38	4	71018.6	2	1	0	2444.29	0	0	1
778	33	5	116474.28	2	1	1	32757.55	0	1	1
714	21	6	86402.52	2	0	0	27330.59	1	0	1
638	34	6	114543.27	1	1	1	97755.29	0	0	1
597	19	2	0.0	2	1	1	91036.74	0	0	1
646	43	8	143061.88	1	1	0	61937.6	0	0	0
676	61	8	0.0	2	1	1	118522.73	0	0	0
660	42	5	0.0	2	1	0	115509.59	0	1	1
577	39	4	0.0	2	1	0	91366.42	0	1	0
629	31	6	0.0	2	1	0	93881.75	0	0	1
730	22	9	65763.57	1	1	1	145792.01	0	0	0
681	23	7	157761.56	1	0	0	147759.84	0	0	1
472	31	4	58662.92	2	0	1	73322.0	0	0	1
717	35	4	0.0	1	1	1	167573.06	0	0	1
589	37	5	0.0	1	1	0	61324.87	0	0	1
601	40	10	98627.13	2	0	0	77977.69	0	0	1
775	27	4	0.0	1	1	1	40807.26	0	1	1
707	32	9	0.0	2	1	0	126475.79	0	1	1
535	47	0	160729.1	1	0	1	145986.35	0	0	1
726	44	2	0.0	2	1	1	26733.86	0	0	0
682	26	8	0.0	2	1	0	178373.43	0	0	1
826	55	4	115285.85	1	1	0	140126.17	0	0	1
469	33	1	127818.52	1	1	0	163477.22	0	0	1
648	38	2	0.0	2	0	1	9551.49	0	0	0
590	32	5	0.0	2	1	0	59249.83	0	0	1
571	30	4	85755.86	1	1	0	145115.95	0	0	0
576	36	6	0.0	2	1	1	48314.0	0	0	1
632	50	2	0.0	2	0	0	57942.88	0	0	1
744	38	6	73023.17	2	1	0	78770.86	1	0	1
679	30	1	112543.42	1	1	1	179435.21	0	0	0
493	35	8	178317.6	1	0	0	197428.64	1	0	0
671	30	2	0.0	1	0	1	102057.86	0	0	1
765	37	7	102708.77	1	1	0	9087.81	1	0	1
558	40	6	0.0	2	1	0	173844.89	0	0	1
686	41	10	0.0	1	1	0	133086.45	0	0	0
590	22	7	125265.61	1	1	1	161253.08	0	1	1
617	37	9	101707.8	1	1	0	123866.28	0	1	0
732	36	5	0.0	2	1	0	161428.25	0	0	1
621	35	7	87619.29	1	1	0	143.34	0	0	1
745	47	5	0.0	2	0	0	145789.71	0	0	1
455	43	6	0.0	1	1	1	81250.79	0	1	0
696	32	4	84421.62	1	0	1	52314.71	1	0	1
472	37	1	0.0	2	1	1	48357.9	0	0	0
754	35	4	0.0	2	1	1	9658.41	0	1	1
558	25	10	111363.1	2	1	0	197264.35	1	0	1
687	34	9	125474.44	1	1	0	198929.84	0	0	0
547	35	4	0.0	1	1	1	133287.73	0	0	0
716	38	1	0.0	2	1	1	99661.46	0	0	0
516	46	2	0.0	2	1	1	169122.54	0	0	1
584	33	3	0.0	2	0	1	59103.13	0	0	1
570	46	3	0.0	2	0	0	820.46	0	0	0
553	32	3	116324.53	1	1	0	77304.49	0	0	1
678	49	8	0.0	2	0	1	98090.69	0	1	0
701	21	9	0.0	2	1	1	26327.42	0	1	0
614	51	3	0.0	2	1	1	5552.37	0	0	1
682	48	1	138778.15	1	0	1	168840.23	0	0	1
742	33	0	181656.51	1	1	1	107667.91	1	0	1
464	42	3	85679.25	1	1	1	164104.74	1	0	0
619	33	2	167733.51	2	1	1	65222.48	0	0	0
650	35	3	165982.43	2	1	1	24482.16	1	0	0
727	31	3	82729.47	2	1	0	60212.51	1	0	0
685	33	6	0.0	2	0	1	186785.01	0	0	0
734	37	2	130404.92	1	0	0	34548.74	0	1	0
599	44	10	118577.24	1	1	1	31448.52	0	0	1
754	50	7	146777.44	2	0	1	150685.52	0	1	0
633	61	3	157201.48	1	0	1	50368.63	0	0	1
787	25	5	0.0	2	1	0	47307.9	0	0	1
838	67	4	103267.8	1	1	1	78310.04	0	1	0
639	38	4	81550.94	2	0	1	118974.77	0	0	0
740	33	2	126524.11	1	1	0	136869.31	1	0	1
676	28	1	69459.05	2	1	1	128461.29	1	0	1
741	44	7	0.0	2	1	1	190534.76	0	0	0
665	28	8	191402.82	2	1	0	83238.4	0	0	1
613	47	6	146034.74	1	1	1	77146.14	0	0	1
605	64	2	129555.7	1	1	1	13601.79	0	0	0
615	43	3	86920.86	1	1	1	150048.37	1	0	1
790	42	1	85839.62	1	1	0	198182.73	1	0	1
701	26	5	83600.24	1	0	1	59195.05	0	1	1
646	36	6	124445.52	1	1	0	88481.32	0	0	1
562	35	0	0.0	2	1	0	119899.52	0	1	0
642	26	0	0.0	1	0	0	47472.68	0	0	1
577	41	4	89015.61	1	0	1	135227.23	0	1	1
553	33	4	118082.89	1	0	0	94440.45	0	0	1
610	36	4	129440.3	2	1	0	102638.35	0	0	1
473	35	6	69617.36	1	1	0	143345.69	0	0	0
790	41	2	126619.27	1	1	0	198224.38	0	0	0
738	18	4	0.0	2	1	1	47799.15	0	0	1
588	21	8	0.0	2	1	1	110114.19	0	0	0
823	34	3	105057.33	1	1	0	9217.92	0	0	1
500	47	8	128486.11	1	1	0	179227.12	0	1	0
605	28	6	0.0	2	0	0	159508.52	0	0	0
745	35	9	92566.53	2	1	0	161519.77	0	0	1
457	42	4	126772.57	1	0	1	126106.4	1	0	1
581	41	8	0.0	2	0	0	29737.14	0	0	1
648	33	7	135310.41	2	0	1	171668.2	1	0	1
474	34	9	176311.36	1	1	0	160213.27	1	0	0
411	29	0	59697.17	2	1	1	53483.21	0	0	1
580	32	9	142188.2	2	0	1	128028.6	0	1	1
664	38	4	74306.19	2	1	0	154395.56	0	0	0
571	33	9	0.0	2	0	1	77519.62	0	0	0
605	36	9	0.0	2	0	1	35521.63	0	1	0
668	34	5	80242.37	2	0	0	56780.97	1	0	1
765	34	5	86055.17	2	1	1	104220.5	1	0	1
721	38	7	0.0	1	0	1	53534.8	0	1	1
612	41	5	0.0	3	0	0	151256.22	0	0	1
845	43	3	152063.59	2	1	0	97910.06	1	0	0
543	36	3	0.0	2	0	0	26019.59	0	0	0
530	36	7	0.0	2	1	0	80619.09	0	1	0
678	40	4	113794.22	1	1	0	16618.76	0	1	0
753	35	4	0.0	2	1	1	106303.4	0	0	1
725	45	1	129855.32	1	0	0	24218.65	0	0	1
605	52	1	63349.75	1	1	0	108887.44	0	0	1
696	30	4	114027.7	1	1	1	193716.56	1	0	1
577	26	1	180530.51	1	0	0	123454.62	0	0	0
628	32	9	149136.31	2	1	1	16402.11	0	0	1
647	32	5	97041.16	1	1	1	23132.73	0	0	1
551	49	1	150777.72	2	1	1	135757.27	0	1	1
598	39	5	0.0	2	1	1	83103.46	0	1	0
581	34	1	0.0	2	0	1	81175.25	0	1	1
758	32	2	84378.9	1	1	1	75396.43	0	0	0
652	74	5	0.0	2	1	1	937.15	0	0	0
601	44	3	0.0	2	1	0	30607.11	0	0	1
686	41	7	102749.72	1	0	1	194913.86	0	1	1
698	39	9	133191.19	2	0	1	53289.49	1	0	1
674	38	10	83727.68	1	1	0	45418.12	1	0	0
520	35	4	115680.81	1	1	1	90280.7	0	1	0
613	37	3	171653.17	1	0	1	5353.12	0	1	1
713	42	3	0.0	2	0	0	82565.01	0	0	0
502	40	7	117304.29	1	0	0	196278.32	1	0	0
728	32	5	61825.5	1	1	1	156124.93	1	0	1
850	38	7	115378.94	1	0	1	162087.82	0	1	1
615	19	5	0.0	2	1	0	159920.92	0	1	1
672	53	7	0.0	1	1	1	136910.18	0	0	0
685	40	7	74896.92	1	1	0	198694.2	0	1	1
496	32	4	127845.83	1	1	0	66469.2	0	0	1
583	27	4	105907.42	2	1	1	195732.04	1	0	1
704	38	6	106687.76	1	1	0	173776.5	0	1	1
660	36	0	84438.57	1	1	1	181449.51	0	1	0
592	66	5	149950.19	1	1	1	76267.59	0	0	0
565	32	4	90322.99	2	0	1	118740.37	1	0	0
705	39	5	149379.66	2	1	0	96075.55	0	0	0
770	24	9	101827.07	1	1	0	167256.35	0	0	1
694	34	5	127900.03	1	1	0	101737.8	0	0	1
615	29	7	143330.56	2	1	1	126396.01	0	1	0
584	37	8	0.0	2	0	1	100835.19	0	1	0
716	44	1	0.0	1	1	1	152108.47	0	0	0
824	30	0	133634.02	1	1	1	162053.92	0	0	1
628	38	3	0.0	2	1	1	48924.73	0	0	0
707	35	2	0.0	3	1	1	94148.3	0	0	1
584	37	1	0.0	2	1	1	180363.56	0	0	0
652	26	1	131908.35	1	1	1	179269.79	1	0	0
743	73	6	0.0	2	0	1	107867.38	0	0	0
666	30	7	109805.3	1	0	1	163625.56	0	0	1
767	33	1	144753.21	1	1	1	132480.75	1	0	0
654	29	4	96974.97	1	0	1	141404.07	0	0	0
701	42	6	86167.82	1	1	0	153342.38	0	0	0
700	44	2	58781.76	1	1	0	16874.92	0	0	0
513	40	3	141004.46	1	1	0	105028.46	0	0	1
627	41	3	0.0	2	1	0	132719.8	0	0	1
507	35	1	0.0	2	0	0	92131.54	0	0	0
575	57	8	137936.94	1	1	1	84475.13	0	0	0
580	45	2	179334.83	2	1	1	169303.65	1	0	1
529	30	2	116295.29	1	1	0	75285.47	0	0	1
636	35	9	95478.17	1	0	0	169286.74	0	0	1
449	52	6	0.0	2	0	1	123622.0	0	0	1
625	52	2	79468.96	1	1	1	84606.03	0	0	0
677	41	8	146720.98	2	1	1	4195.84	1	0	0
655	47	10	0.0	2	1	0	167778.62	0	0	0
603	39	9	76769.68	1	0	0	48224.72	0	0	0
738	36	5	0.0	2	1	1	96881.32	0	1	1
735	50	2	0.0	2	0	1	147075.69	0	0	1
551	36	5	0.0	1	1	0	183479.12	0	0	0
645	28	7	117466.03	2	1	1	34490.06	1	0	1
682	24	9	57929.81	2	0	0	53134.3	1	0	1
675	69	1	0.0	2	1	0	157097.09	0	0	1
636	34	8	0.0	2	1	0	38570.13	0	0	1
632	35	2	150561.03	2	0	0	64722.61	1	0	0
596	47	5	140187.1	2	1	1	174311.3	1	0	1
567	41	1	0.0	2	1	0	3414.72	0	1	0
559	25	5	0.0	2	1	1	163221.22	0	1	1
774	36	9	130809.77	1	1	0	152290.28	1	0	1
776	37	2	103769.22	2	1	0	194099.12	1	0	0
617	35	5	0.0	2	0	1	13066.3	0	0	0
636	39	3	118336.14	1	1	0	184691.77	0	0	0
484	34	4	148249.54	1	0	1	33738.27	1	0	0
704	35	3	154206.07	2	1	1	40261.49	1	0	0
675	40	7	113208.86	2	1	0	34577.36	0	0	1
551	26	2	144258.52	1	1	0	49778.79	0	0	0
487	53	10	89550.85	1	0	1	90076.85	0	0	0
578	38	7	82259.29	1	1	0	8996.97	0	0	1
770	46	9	190678.02	1	1	1	14725.36	0	1	1
527	58	3	137318.42	1	1	1	126144.96	1	0	1
553	35	2	158584.28	2	1	0	43640.16	1	0	1
700	38	8	134811.3	1	1	0	1299.75	0	0	1
750	38	7	97257.41	2	0	1	179883.04	0	1	0
725	32	0	0.0	2	1	1	138525.19	0	1	0
604	41	3	0.0	1	0	0	11819.84	0	1	1
558	41	2	124227.14	1	1	1	111184.67	1	0	1
663	28	8	123674.28	2	1	1	87985.2	1	0	1
743	23	3	110203.77	1	1	0	95583.45	0	0	1
832	34	6	138190.13	2	0	1	146511.2	0	1	0
591	39	4	150500.64	1	1	0	14928.8	0	0	0
724	30	7	115315.04	1	1	0	15216.53	1	0	1
835	18	2	142872.36	1	1	1	117632.63	1	0	1
777	46	0	107362.8	1	1	0	487.3	1	0	0
828	34	8	129433.34	2	0	0	38131.77	0	0	1
577	36	3	121092.47	2	0	1	143783.46	0	0	1
637	35	8	147127.81	2	1	1	84760.7	1	0	1
566	21	3	0.0	2	1	1	3626.47	0	0	0
553	41	1	0.0	2	1	0	90607.31	0	0	1
626	37	6	108269.37	1	1	0	5597.94	0	1	0
816	25	2	150355.35	2	1	1	35770.84	1	0	0
639	46	10	110031.09	2	1	1	133995.59	1	0	0
652	32	2	0.0	2	1	0	54628.11	0	0	0
690	48	2	0.0	2	1	1	3149.1	0	1	0
686	29	3	185379.02	1	1	0	64679.07	1	0	1
691	38	5	114753.76	1	1	0	107665.02	1	0	0
718	49	10	82321.88	1	0	1	11144.4	0	1	0
751	44	10	0.0	2	1	0	170634.49	0	0	0
429	24	4	95741.75	1	1	0	46170.75	0	0	1
608	33	1	102772.67	2	1	0	70705.58	1	0	1
784	28	2	109960.06	2	1	1	170829.87	1	0	1
615	39	4	133707.09	1	1	1	108152.75	0	0	1
743	25	6	0.0	2	1	0	129740.11	0	1	1
633	34	3	123034.43	2	1	1	38315.04	0	0	0
700	38	9	65962.63	1	1	1	100950.48	0	0	1
584	35	3	146311.58	1	1	1	105443.47	0	0	1
608	37	2	130461.02	1	1	0	21967.15	0	1	1
593	38	4	129499.42	1	1	1	154071.27	1	0	0
707	40	3	109628.44	1	1	0	189366.03	1	0	0
715	28	7	160376.61	1	0	0	196853.11	0	0	1
584	32	8	40172.91	1	1	1	137439.34	1	0	1
611	40	2	125879.29	1	1	0	93203.43	0	0	0
657	38	7	0.0	2	1	0	185827.74	0	0	1
432	38	2	135559.8	2	1	1	71856.3	1	0	1
603	38	8	59360.77	1	1	1	191457.06	0	0	1
501	57	10	0.0	2	1	1	47847.19	0	0	1
544	23	1	96471.2	1	1	0	35550.97	0	0	1
660	38	6	109869.32	1	1	1	154641.91	0	1	1
645	38	5	101430.3	2	0	1	4400.32	0	0	0
738	35	6	101744.84	1	0	0	85185.44	1	0	1
583	24	9	135125.28	1	0	0	89801.9	0	0	1
503	42	9	153279.39	1	1	1	151336.96	1	0	1
703	43	8	0.0	2	1	0	9704.66	0	0	1
752	38	10	101648.5	2	1	0	172001.44	1	0	0
732	67	1	0.0	2	1	1	177783.04	0	1	0
425	39	4	0.0	2	1	0	197226.32	0	0	1
837	38	2	0.0	2	1	1	46395.21	0	0	0
787	42	10	145988.65	2	1	1	79510.37	0	0	0
647	33	3	168560.46	2	0	0	90270.16	1	0	0
690	26	3	118097.87	1	1	0	61257.83	0	0	0
594	31	9	0.0	1	0	1	5719.11	0	0	0
595	43	5	0.0	2	0	0	105149.8	0	1	0
651	28	7	0.0	2	1	0	823.96	0	0	1
575	31	6	0.0	2	1	1	95686.42	0	1	0
509	38	2	0.0	1	0	0	168460.12	0	1	1
682	47	10	134032.01	1	1	0	144290.97	0	1	0
727	28	5	0.0	2	0	1	19653.08	0	0	1
637	22	5	98800.0	1	1	0	122865.55	0	1	0
719	32	7	0.0	1	0	0	76264.27	0	1	0
639	54	2	0.0	2	1	1	53843.71	0	1	0
684	35	3	99967.76	1	1	1	176882.08	1	0	1
466	29	6	0.0	2	1	1	2797.27	0	0	1
762	69	9	183744.98	1	1	1	196993.69	0	1	0
622	33	3	96926.12	2	1	0	48553.77	1	0	1
557	33	3	54503.55	1	1	1	371.05	0	0	1
586	33	7	0.0	2	1	1	168261.4	0	1	0
802	33	8	0.0	2	1	0	143706.18	0	0	1
850	33	7	118004.26	1	1	0	183983.82	0	0	0
568	51	4	0.0	3	1	1	66586.56	0	0	1
651	35	2	86911.8	1	1	0	174094.24	0	0	1
717	38	7	0.0	2	1	1	158580.05	0	0	1
605	43	8	125338.8	2	1	0	23970.13	1	0	0
706	34	8	0.0	2	1	1	37479.97	0	0	1
658	28	9	152812.58	1	1	0	166682.57	1	0	0
605	62	4	111065.93	2	0	1	125660.99	0	0	0
497	37	8	128650.11	2	1	1	163641.53	0	1	1
792	42	0	99045.93	2	1	0	47160.01	0	0	0
705	92	1	126076.24	2	1	1	34436.83	0	0	1
727	52	4	0.0	2	1	1	118429.02	0	0	1
619	38	3	0.0	2	0	1	116467.35	0	0	0
544	39	4	142406.43	2	1	0	146637.45	1	0	1
619	38	6	0.0	2	1	1	117616.29	0	1	0
594	36	6	153880.15	1	0	0	135431.72	0	0	1
594	50	7	81310.34	1	1	1	183868.01	0	0	1
520	63	5	162278.32	1	1	1	34765.33	0	1	0
788	70	1	0.0	2	1	1	41610.62	0	1	0
541	51	7	90373.28	2	1	0	179861.79	1	0	1
661	41	5	122552.48	2	0	1	120646.4	1	0	1
697	43	10	128226.37	1	0	0	188486.94	0	1	1
834	49	8	160602.25	2	1	0	129273.94	0	0	0
647	41	1	85906.65	3	1	0	189159.97	1	0	0
550	44	9	0.0	2	1	0	26257.01	0	0	1
584	36	9	0.0	1	1	1	105818.51	0	0	1
812	24	10	0.0	2	1	1	156906.15	0	0	1
588	41	6	106116.56	2	1	0	198766.61	1	0	1
850	32	4	156001.68	2	1	1	151677.31	0	0	1
636	34	1	84055.43	1	0	0	37490.84	0	0	1
558	40	4	161766.87	1	0	0	92378.54	0	1	1
598	47	2	0.0	2	1	1	186116.54	0	0	1
741	32	8	0.0	2	1	0	143598.7	0	0	1
850	42	3	0.0	2	1	1	176883.42	0	0	0
563	30	7	90727.79	1	1	0	122268.75	0	0	1
627	37	2	125190.86	1	0	1	84584.69	0	0	1
838	39	5	166733.92	2	1	0	14279.44	0	1	0
645	38	1	68079.8	1	0	1	166264.89	0	1	1
733	38	5	0.0	2	1	1	1271.51	0	1	0
696	27	4	87637.26	2	0	0	196111.35	0	0	1
670	42	3	81589.04	1	1	0	188227.8	0	1	1
599	25	6	120383.41	1	1	1	24903.09	0	0	1
619	58	5	152199.33	1	1	1	86022.09	0	0	1
701	34	3	105588.66	1	0	1	74694.41	0	0	0
501	25	6	104013.79	1	1	0	114774.35	1	0	1
647	43	3	122717.53	2	1	1	87000.39	1	0	0
477	39	4	182491.57	1	1	0	185830.72	1	0	0
656	37	2	0.0	2	0	1	67840.81	0	0	1
724	30	10	0.0	2	1	1	54265.55	0	0	1
679	38	7	110555.37	2	1	0	46522.68	1	0	1
757	31	8	149085.9	2	1	1	197077.36	1	0	1
814	48	9	136596.85	1	1	1	185791.9	0	0	1
524	22	9	0.0	2	1	0	74405.34	0	0	1
583	39	8	102945.01	1	0	0	52861.89	1	0	1
850	30	8	154870.28	1	1	1	54191.38	1	0	0
652	40	8	84390.8	2	0	1	107876.2	0	0	0
732	36	7	126195.81	1	1	1	133172.48	0	0	1
733	44	6	168165.84	1	0	1	197193.49	0	0	0
710	28	6	0.0	1	1	0	48426.98	0	1	0
737	33	4	0.0	2	1	0	115115.32	0	0	0
572	37	1	133043.66	1	0	0	111243.09	0	0	1
761	32	4	103515.39	2	1	1	177622.38	0	1	0
681	38	3	0.0	2	1	1	112491.96	0	0	1
584	32	9	85534.83	1	0	0	169137.24	0	1	1
461	74	1	186445.31	2	1	1	196767.83	1	0	0
681	65	7	134714.7	2	0	1	190419.81	0	1	1
769	31	6	117852.26	2	1	0	147668.64	0	0	0
642	39	4	0.0	1	1	1	76821.24	0	0	0
654	42	7	99263.09	1	1	1	67607.9	0	0	1
556	61	2	117419.35	1	1	1	94153.83	0	0	0
482	55	5	97318.25	1	0	1	78416.14	0	0	1
726	28	2	0.0	1	0	0	98060.51	0	0	1
683	24	8	98567.1	1	1	0	187987.01	0	1	0
686	22	8	0.0	2	0	0	142331.85	0	1	1
624	40	3	149961.99	2	1	0	104610.86	1	0	0
705	25	9	0.0	2	0	1	112331.19	0	0	1
606	46	8	0.0	2	1	1	183717.94	0	1	0
412	29	5	0.0	2	0	0	12510.53	0	0	1
670	33	6	88294.6	1	1	0	66979.06	0	0	1
678	32	9	0.0	1	1	1	148210.64	0	0	0
554	44	6	92436.86	1	1	0	126033.9	0	0	0
707	73	6	66573.17	1	1	1	62768.8	0	0	1
556	39	9	89588.35	1	1	1	94898.1	0	0	0
678	28	5	138668.18	1	1	1	54144.01	0	1	1
627	31	8	128131.73	1	1	0	96131.47	0	0	1
427	37	5	0.0	2	1	1	121485.1	0	0	1
711	26	9	128793.63	1	1	0	19262.05	1	0	1
808	47	8	139196.0	1	0	1	74028.36	0	1	1
602	23	7	113758.48	2	0	0	84077.6	0	0	1
617	30	8	0.0	1	1	1	92621.9	0	0	0
696	31	8	0.0	2	0	0	191074.11	0	0	0
542	33	8	142871.27	2	0	0	77737.86	1	0	1
811	28	4	167738.82	2	1	1	9903.42	1	0	0
768	42	5	0.0	3	0	0	60686.4	0	0	1
620	40	5	108197.11	2	1	0	49722.34	1	0	1
748	23	8	85600.08	1	0	0	134077.71	0	1	0
593	26	9	76226.9	1	1	0	167564.82	0	1	1
651	32	8	144581.96	1	1	1	87609.5	0	0	0
664	31	9	114519.57	2	0	1	79222.02	0	0	0
452	32	5	0.0	2	0	1	75279.39	0	0	0
691	38	1	0.0	2	0	0	44653.5	0	0	1
709	36	0	0.0	2	1	0	46811.77	0	0	1
675	57	8	0.0	2	0	1	95463.29	0	0	0
540	28	6	84121.04	1	0	1	80698.54	0	1	0
706	35	8	178032.53	1	0	1	42181.68	0	0	0
677	26	6	98723.67	1	0	1	151146.67	1	0	0
797	46	8	0.0	1	0	0	162668.33	0	0	0
732	43	9	0.0	2	1	0	183147.17	0	0	0
725	46	6	0.0	2	1	0	161767.38	0	0	1
501	34	7	93244.42	1	0	1	199805.63	1	0	0
606	38	7	128578.52	1	1	1	193878.51	0	1	1
660	28	1	118402.25	2	1	0	14288.93	1	0	1
607	39	2	84468.67	2	1	1	121945.42	1	0	1
413	34	9	0.0	2	0	0	6534.18	0	0	1
730	37	5	124053.03	1	1	0	118591.67	1	0	0
618	31	4	0.0	2	1	0	29176.04	0	0	0
648	31	5	0.0	2	1	1	5199.02	0	1	0
752	49	2	78653.84	1	1	0	7698.6	0	0	1
537	47	10	0.0	2	0	1	25482.62	0	0	1
814	49	8	0.0	2	0	0	157822.54	0	0	1
707	36	6	0.0	1	0	0	98810.78	0	0	0
567	43	2	115643.58	2	0	0	174606.35	0	1	1
530	33	9	75242.28	1	0	1	101694.67	1	0	1
665	38	9	0.0	1	0	1	87412.74	0	1	1
630	34	9	0.0	2	1	1	114006.35	0	0	1
578	32	4	0.0	2	1	1	141822.8	0	0	1
753	39	7	155062.8	1	1	1	16460.77	0	0	0
662	34	2	117731.79	2	0	1	55120.79	0	0	1
489	28	1	79460.98	2	1	1	167973.63	1	0	1
622	35	5	0.0	2	1	0	51112.8	0	0	0
659	37	1	151105.68	1	1	1	140934.57	0	0	0
470	30	3	101140.76	1	1	1	50906.65	0	0	1
731	41	4	0.0	2	1	0	22299.27	0	1	1
680	31	3	127331.46	3	1	1	176433.6	1	0	0
652	35	7	104015.54	2	1	1	55207.88	1	0	1
709	38	5	0.0	2	1	1	81452.29	0	0	1
687	34	7	111388.18	2	1	0	148564.76	1	0	0
551	31	1	0.0	2	1	1	185105.44	0	0	1
478	43	1	0.0	2	1	1	197916.43	0	1	1
712	33	2	182888.08	1	1	0	3061.0	0	0	1
711	35	2	133607.75	1	1	1	120586.32	1	0	0
599	34	2	101506.66	1	0	0	198030.24	0	1	1
510	63	8	0.0	2	1	1	115291.86	0	0	1
695	23	1	0.0	2	1	1	141756.32	0	0	0
598	23	6	0.0	2	1	0	153229.19	0	1	0
617	35	2	104508.1	1	1	1	147636.46	0	0	0
609	40	6	0.0	2	1	1	97416.34	0	0	1
543	71	1	104308.77	1	1	1	25650.04	0	0	0
764	41	7	0.0	2	0	0	134878.34	0	0	1
588	32	1	0.0	2	1	1	8763.87	0	0	1
616	45	4	122793.96	1	1	1	62002.04	1	0	0
850	31	4	0.0	2	1	1	33082.81	0	0	0
744	56	9	0.0	2	1	1	169498.61	0	0	1
820	33	2	132150.26	2	1	0	23067.97	0	0	1
699	32	4	110559.46	1	1	1	127429.56	0	0	0
798	29	8	80204.11	2	1	0	70223.22	1	0	0
511	58	0	149117.31	1	1	1	162599.51	0	0	1
745	46	2	122220.19	1	1	1	118024.1	0	0	1
673	69	3	78833.15	2	1	1	37196.15	1	0	0
608	28	4	96679.71	1	1	1	49133.45	1	0	1
581	30	1	0.0	2	1	0	199464.08	0	0	1
681	38	6	181804.34	2	1	1	57517.71	1	0	1
572	26	4	118287.01	2	0	0	60427.3	1	0	1
625	37	4	142711.81	1	1	0	35625.41	1	0	0
682	36	5	72373.62	2	1	0	36895.99	1	0	1
630	26	7	0.0	2	1	1	6656.64	0	1	1
669	43	1	160474.59	1	1	1	95963.14	0	0	0
585	40	3	162261.01	2	1	0	137028.51	1	0	0
805	37	5	0.0	2	1	0	21928.81	0	1	1
739	60	4	0.0	1	1	1	51637.67	0	1	1
590	40	2	117641.43	2	0	0	92198.05	1	0	0
517	39	3	0.0	2	0	1	12465.51	0	1	1
601	54	1	131039.97	2	1	1	199661.5	1	0	0
718	28	6	0.0	2	1	0	146875.86	0	1	1
516	35	10	57369.61	1	1	1	101699.77	0	0	1
818	36	4	0.0	2	1	1	8037.03	0	0	1
660	30	1	84440.1	2	1	1	60485.98	1	0	1
512	31	6	0.0	2	1	0	168462.26	0	1	1
777	37	1	0.0	1	1	1	126837.72	0	0	1
451	36	2	0.0	2	1	1	180142.42	0	0	0
696	33	4	0.0	2	1	1	73371.65	0	0	0
607	31	8	0.0	2	1	1	43196.5	0	0	1
568	28	1	127289.28	1	0	0	45611.51	0	1	1
850	44	3	140393.65	2	0	1	186285.52	1	0	1
626	36	2	181671.16	2	1	1	57531.14	1	0	1
562	31	9	117153.0	1	1	1	108675.01	1	0	0
668	39	4	79896.0	1	1	0	38466.39	1	0	1
773	64	2	145578.28	1	0	1	186172.85	0	0	1
683	41	6	95696.52	2	1	1	184366.14	0	0	1
544	40	7	0.0	1	0	1	161076.92	0	0	0
546	42	7	139070.51	1	1	1	86945.0	0	1	1
582	26	6	114450.32	1	1	1	14081.64	1	0	1
559	70	9	0.0	1	1	1	122996.76	0	0	0
731	41	9	152243.57	1	1	1	88783.59	0	0	0
819	28	8	168253.21	1	1	1	102799.14	0	1	0
624	45	5	151855.33	1	1	0	68794.15	1	0	0
587	39	10	0.0	2	1	1	170409.45	0	0	1
706	38	1	0.0	2	1	0	122379.54	0	0	1
542	34	8	101116.06	1	1	0	196395.05	0	0	1
653	43	6	0.0	2	1	1	7330.59	0	0	0
556	36	2	134208.22	1	0	1	177670.57	0	0	0
803	65	2	151659.52	2	0	1	6930.17	0	0	0
514	35	3	121030.9	1	1	0	10008.68	0	0	1
841	31	2	0.0	2	1	0	173240.52	0	0	1
757	29	8	130306.49	1	1	0	77469.38	0	0	1
645	55	7	0.0	2	1	1	18369.33	0	0	0
633	37	2	0.0	2	1	0	182258.17	0	0	1
663	40	6	156218.19	1	0	1	33607.72	0	0	1
670	42	1	115961.58	2	0	1	29483.87	0	0	0
740	51	4	0.0	2	1	1	178929.84	0	0	0
529	35	5	95772.97	1	1	1	112781.5	0	1	1
525	60	7	0.0	2	0	1	168034.9	0	1	0
644	33	9	141234.98	1	1	0	95673.05	0	0	1
733	35	8	102918.38	1	1	1	45959.86	0	1	1
619	38	3	96143.47	1	0	0	98994.92	0	1	1
596	41	5	0.0	2	0	1	141053.85	0	1	1
449	32	0	155619.36	1	1	1	166692.03	0	1	1
802	37	9	115569.21	1	0	1	119782.89	1	0	1
660	32	0	114668.89	1	1	0	84605.0	0	0	0
744	39	4	95161.75	1	1	0	19409.77	0	1	1
528	29	9	170214.23	2	1	0	49284.0	1	0	0
767	36	3	0.0	1	0	0	65147.27	0	0	1
629	34	1	121151.05	1	0	0	119357.93	0	1	1
648	28	9	102282.61	1	1	1	157891.11	0	1	0
675	35	8	0.0	2	1	0	29062.25	0	1	1
719	22	7	114415.84	1	1	1	177497.4	0	0	0
810	32	9	120879.73	2	0	1	78896.59	0	0	1
632	38	6	86569.76	2	1	0	98090.91	1	0	0
734	47	10	91522.04	2	1	1	138835.91	1	0	0
730	25	5	167385.81	1	1	1	56307.51	0	1	1
585	42	2	0.0	2	1	1	18657.77	0	0	1
753	43	5	0.0	2	1	0	109881.71	0	0	0
707	34	9	162691.16	2	1	0	94912.78	1	0	1
778	40	8	104291.41	2	1	1	117507.11	0	1	1
742	33	6	0.0	2	0	0	38550.4	0	0	1
738	38	7	0.0	2	0	0	69227.42	0	0	0
452	35	8	0.0	2	1	1	149614.81	0	0	0
583	42	7	0.0	2	1	0	144039.05	0	0	0
743	71	0	0.0	2	0	1	29837.65	0	0	1
439	28	7	110976.23	2	1	0	138526.96	0	0	1
473	48	8	0.0	2	1	0	71139.8	0	1	1
664	40	7	125608.72	1	1	0	122073.48	0	0	1
850	38	1	146343.98	1	0	1	103902.11	0	1	1
682	33	8	74963.5	1	1	1	32770.56	0	0	0
472	28	4	0.0	2	1	0	1801.77	0	1	0
790	31	2	151290.16	1	1	1	172437.12	0	0	0
665	34	5	67816.72	1	1	1	29641.58	0	0	0
629	41	10	150148.51	1	0	0	6936.27	0	1	1
718	33	7	102874.28	1	0	0	117841.06	0	0	1
594	29	3	130830.22	1	1	0	61048.53	1	0	0
622	30	4	107879.04	1	0	1	196894.62	0	0	0
647	22	3	97975.82	2	0	1	62083.0	1	0	0
609	31	9	103837.75	1	1	1	150218.11	1	0	1
850	31	8	0.0	2	1	0	178667.7	0	0	1
755	38	4	111096.91	1	1	1	19762.88	1	0	1
757	49	2	0.0	2	0	0	164482.92	0	0	0
650	39	4	0.0	2	0	0	186275.7	0	0	0
850	38	1	0.0	2	1	1	80006.65	0	0	1
793	41	3	141806.46	1	1	0	102921.17	0	0	0
706	47	6	120621.89	1	1	1	140803.7	1	0	0
486	37	1	101438.0	1	0	0	51364.56	1	0	1
555	29	4	128744.04	1	1	1	47454.93	0	0	1
803	33	6	0.0	2	1	0	115676.61	0	0	1
688	29	9	144553.5	2	1	0	143454.95	1	0	1
611	33	7	0.0	2	1	1	3729.89	0	1	0
653	55	2	70263.83	1	0	1	62347.71	0	1	1
564	40	7	108407.34	1	1	1	83681.2	1	0	1
783	38	9	114135.17	1	1	0	153269.98	0	0	1
698	46	0	0.0	2	1	1	125962.02	0	0	0
736	26	4	135889.13	1	1	1	165692.03	0	1	0
478	35	1	92474.05	1	1	0	178626.07	0	0	1
751	54	9	156367.6	2	0	1	116179.92	1	0	1
632	28	5	118890.81	1	0	1	145157.97	0	0	0
768	29	2	95984.69	2	1	1	73686.75	0	0	1
767	20	3	119714.25	2	0	1	150135.38	1	0	1
814	29	1	131968.57	2	1	1	147693.92	1	0	1
725	33	4	0.0	1	1	1	67879.8	0	0	0
635	41	10	0.0	2	1	1	61994.2	0	1	0
705	33	7	68423.89	1	1	1	64872.55	0	1	1
812	29	6	0.0	2	0	0	168023.6	0	0	1
735	43	9	127806.91	1	1	1	73069.59	0	0	1
435	32	2	57017.06	2	1	1	5907.11	1	0	1
561	33	6	0.0	2	1	0	45261.47	0	1	0
590	29	10	99250.08	1	1	1	129629.41	0	1	0
512	36	0	129804.17	1	1	0	53020.9	0	0	1
752	38	0	145974.79	2	1	1	137694.23	0	0	1
452	33	7	153663.27	1	1	0	111868.23	1	0	1
590	47	0	117879.32	1	1	1	8214.46	0	0	1
619	43	1	125211.92	1	1	1	113410.49	0	0	1
621	34	2	91258.52	2	1	0	44857.4	1	0	0
744	35	7	0.0	2	1	1	43036.6	0	1	1
522	41	7	0.0	2	0	1	176780.39	0	0	0
646	35	6	84026.86	1	0	1	164255.69	0	0	1
662	38	4	0.0	2	1	0	136259.65	0	1	1
698	37	5	98400.61	2	0	0	25017.28	0	0	1
425	40	9	166776.6	2	0	1	172646.88	1	0	1
582	41	1	40488.76	1	1	0	128528.83	0	0	1
476	40	4	0.0	2	0	0	182547.04	0	0	0
504	73	8	0.0	1	1	1	34595.58	0	0	0
763	35	9	0.0	1	1	1	31372.91	0	0	1
720	26	10	51962.91	2	1	0	45507.24	0	0	1
741	64	2	69311.16	1	1	1	59237.72	0	0	0
685	30	3	90536.81	1	0	1	63082.88	1	0	1
632	44	3	107764.75	1	1	0	185667.72	0	0	1
783	39	9	0.0	2	1	0	143752.77	0	1	1
555	40	10	43028.77	1	1	0	170514.21	0	0	1
748	34	5	84009.47	1	1	1	137001.1	0	0	1
734	29	0	139994.66	1	1	0	17744.72	0	0	0
671	31	6	105864.6	2	1	0	145567.34	1	0	0
594	35	2	0.0	2	1	0	103480.69	0	0	1
602	30	9	113672.18	2	0	0	102135.92	0	1	1
646	34	3	131283.11	1	0	0	130500.65	0	0	0
677	27	2	0.0	2	1	1	20092.89	0	0	1
777	23	6	0.0	2	1	1	163225.48	0	0	1
418	28	7	98738.92	1	1	0	122190.22	0	0	1
850	43	8	92244.83	2	1	0	54949.73	1	0	0
507	42	6	0.0	2	1	0	34777.23	0	0	1
748	38	4	115221.36	1	0	1	70956.75	0	0	1
668	38	1	147904.31	1	1	1	69370.05	0	1	1
674	36	2	0.0	2	1	1	182787.17	0	1	1
483	48	1	0.0	2	1	1	110059.38	0	0	1
749	40	8	141782.57	2	0	0	86333.63	1	0	0
833	29	1	96462.25	2	0	1	48986.18	1	0	1
678	27	2	0.0	2	1	1	13221.25	0	1	1
779	42	5	0.0	2	0	0	25951.91	0	0	0
850	41	3	99945.93	2	1	0	71179.31	0	1	0
754	27	7	117578.35	2	0	1	87908.01	1	0	1
681	59	4	122781.51	1	0	1	140166.95	0	0	1
636	38	1	0.0	1	1	0	45015.38	0	0	0
592	37	9	0.0	3	1	1	10656.89	0	1	1
577	34	2	0.0	2	1	1	84033.35	0	0	0
569	38	7	0.0	1	1	1	108469.2	0	0	1
657	37	0	163607.18	1	0	1	44203.55	0	1	0
729	30	9	0.0	2	1	0	151869.35	0	0	1
440	42	2	0.0	2	1	0	49826.68	0	0	1
679	37	7	74260.03	1	1	0	194617.98	0	0	1
630	26	5	0.0	2	1	0	182612.38	0	0	0
708	32	8	187487.63	1	1	1	120115.5	0	1	0
681	41	0	120549.29	2	1	0	175722.31	0	0	0
610	36	7	115462.02	1	0	1	42581.04	1	0	1
670	42	5	49508.79	3	1	1	100324.01	1	0	0
834	23	4	131254.81	1	1	0	20199.3	0	0	1
639	38	5	130170.82	1	1	1	149599.62	1	0	1
650	61	1	152968.73	1	0	1	82970.69	0	1	1
714	34	5	0.0	2	1	0	193040.32	0	1	1
502	33	7	0.0	2	0	1	4082.52	0	0	1
567	36	1	0.0	2	0	0	8555.73	0	0	1
636	45	7	139859.23	1	1	1	108402.54	0	0	0
681	58	8	93173.88	1	1	1	139761.25	0	0	0
739	40	4	0.0	2	0	0	173321.65	0	0	1
640	34	1	137523.02	1	0	0	24761.36	0	1	1
593	45	4	138825.19	1	0	0	10828.78	0	0	1
598	27	10	171283.91	1	1	1	84136.12	1	0	0
562	30	3	111099.79	2	0	0	140650.19	0	0	1
603	46	2	0.0	2	1	1	59563.49	0	0	1
577	25	3	0.0	2	0	1	124508.29	0	0	1
759	31	1	109848.6	1	1	1	42012.55	0	0	0
655	37	6	109093.41	2	1	0	1775.52	0	0	1
715	33	3	85227.84	1	1	1	68087.15	0	0	0
771	18	1	0.0	2	0	0	41542.95	0	1	1
698	27	7	0.0	2	1	0	111471.55	0	0	1
696	25	8	126442.59	1	1	0	121904.44	0	0	0
669	31	6	113000.66	1	1	0	40467.82	0	0	0
617	24	4	137295.19	2	1	1	91195.12	0	0	0
601	29	9	0.0	1	1	1	80393.27	0	0	1
583	40	4	107041.3	1	1	1	5635.63	1	0	1
656	33	4	0.0	2	1	0	116706.0	0	1	1
690	32	2	76087.98	1	0	1	151822.66	0	1	1
779	26	4	174318.13	2	0	1	38296.21	0	1	0
644	33	8	0.0	2	1	1	155294.17	0	0	1
730	62	2	0.0	2	1	1	186489.95	0	1	1
821	42	3	87807.29	2	1	1	64613.81	1	0	1
681	38	6	153722.47	1	1	0	101319.76	0	0	1
579	64	6	145215.43	1	1	1	164083.72	1	0	0
677	36	10	68806.84	1	1	0	33075.24	1	0	0
649	31	2	0.0	2	1	0	15200.61	0	0	0
662	32	9	0.0	2	0	0	65089.38	0	0	1
594	35	2	133853.27	1	1	1	65361.66	0	0	1
547	48	1	179380.74	2	0	1	69263.1	0	0	0
602	42	1	138912.17	1	1	1	139494.75	0	1	0
593	43	10	0.0	2	0	0	53478.02	0	1	1
710	36	8	0.0	2	0	0	83206.19	0	1	0
696	33	2	163139.27	1	1	1	7035.36	0	0	1
665	40	6	0.0	1	1	1	161848.03	0	0	0
589	20	2	121093.29	2	1	0	3529.72	1	0	0
850	39	4	127771.35	2	0	1	151738.54	0	0	1
624	23	5	0.0	2	0	0	132418.59	0	0	0
682	36	5	0.0	2	1	1	147758.51	0	1	1
733	31	9	102289.85	1	1	1	115441.66	0	1	0
710	30	10	133537.1	2	1	0	155593.74	1	0	0
693	28	8	0.0	2	1	1	158545.25	0	0	0
778	44	8	123863.64	1	1	0	144494.94	0	0	1
639	28	8	0.0	2	1	0	126561.07	0	1	1
532	60	5	76705.87	2	0	1	13889.73	0	0	1
631	31	8	137687.72	1	1	0	190067.12	0	0	0
726	35	9	0.0	2	0	1	100556.98	0	1	0
629	38	9	123948.85	1	1	0	76053.07	1	0	0
640	55	10	132436.34	1	1	0	978.66	0	0	1
837	38	2	126732.85	1	1	1	79577.38	1	0	1
618	38	5	126473.99	1	1	0	91972.49	0	1	1
492	39	7	0.0	2	0	1	71323.23	0	0	1
754	32	7	0.0	2	1	0	89520.75	0	1	0
498	44	2	120702.67	2	1	1	98175.74	1	0	0
687	47	7	0.0	2	1	1	177624.01	0	0	0
731	33	4	0.0	2	1	1	74945.11	0	0	1
652	30	2	176166.56	2	1	1	152210.81	0	0	1
692	29	4	0.0	2	0	0	138880.24	0	1	0
752	36	7	0.0	2	1	0	184866.86	0	0	0
719	32	9	146605.27	1	1	1	77119.45	0	0	1
728	43	8	128412.61	1	0	1	139024.31	0	1	0
745	40	6	131184.67	1	1	1	49815.62	0	0	0
709	32	2	87814.89	1	1	0	138578.37	0	0	0
604	30	5	0.0	2	1	0	75786.55	0	0	1
645	40	3	129596.77	1	1	1	103232.6	0	0	0
708	23	4	71433.08	1	1	0	103697.57	1	0	0
554	31	1	0.0	2	0	1	192660.55	0	0	1
588	42	2	164307.77	1	1	0	48498.19	1	0	0
773	41	4	0.0	2	1	1	24924.92	0	0	1
520	61	8	133802.29	2	1	1	90304.01	1	0	1
718	67	7	0.0	3	1	1	82782.08	0	0	0
803	28	3	0.0	2	1	0	159654.0	0	0	1
535	29	5	0.0	2	0	1	52709.55	0	0	0
637	27	9	128940.24	1	1	0	46786.92	0	0	1
718	31	0	118100.59	2	1	0	103165.15	0	0	0
608	33	4	0.0	1	0	1	130474.03	0	0	1
619	35	4	90413.12	1	1	1	20555.21	0	0	0
850	40	4	97990.49	2	0	0	106691.02	1	0	0
685	35	4	137948.51	1	1	0	113639.64	0	1	1
771	38	5	137657.71	2	1	0	72985.61	1	0	0
605	28	10	113690.83	1	1	0	33114.24	1	0	1
613	45	9	142765.24	2	1	0	34749.65	1	0	0
770	30	8	0.0	2	1	0	100557.03	0	0	0
602	34	5	0.0	2	1	1	77414.45	0	0	1
640	30	5	32197.64	1	0	1	141446.01	1	0	0
583	27	4	0.0	3	1	0	163113.41	0	0	0
717	22	5	112465.06	1	1	1	92977.75	0	0	0
751	37	0	151218.98	1	1	1	109309.29	1	0	0
822	37	3	105563.0	1	1	0	182624.93	0	0	1
711	28	8	0.0	2	1	1	64286.39	0	0	1
559	28	3	141099.43	1	1	1	15607.27	0	0	1
656	44	10	143571.52	1	0	0	127444.14	0	0	1
737	43	8	96353.8	1	0	0	10209.8	1	0	1
751	36	6	169831.46	2	1	1	27758.36	1	0	0
652	41	9	159434.03	1	1	0	178373.93	1	0	1
785	34	9	70302.48	1	1	1	68600.36	0	0	0
642	38	3	0.0	2	0	0	171463.83	0	0	1
737	38	6	146282.79	2	1	0	198516.2	0	1	1
700	28	3	99705.69	2	0	0	146723.72	1	0	0
714	54	7	126113.28	1	1	0	112777.38	0	0	1
669	46	3	0.0	2	0	1	8487.75	0	0	1
729	34	9	53299.96	2	1	1	42855.97	0	1	0
624	38	7	123906.55	1	1	0	135096.78	0	1	1
666	31	2	79589.43	1	0	0	4050.57	0	0	0
769	27	7	188614.07	1	1	0	171344.09	1	0	1
575	24	2	0.0	2	1	1	119927.81	0	0	1
489	38	2	126444.08	2	1	1	82662.73	1	0	1
625	41	6	97663.16	2	1	0	57128.78	0	0	1
735	49	5	121973.28	1	1	0	148804.36	0	0	1
550	47	2	0.0	2	1	1	97057.28	0	0	1
666	27	4	0.0	2	0	0	88751.45	0	0	0
850	31	3	121237.65	1	1	1	31022.56	0	1	0
797	29	1	0.0	2	1	1	132975.39	0	0	0
443	36	6	70438.01	2	0	1	56937.43	0	1	1
637	54	5	0.0	1	0	1	150836.98	0	1	0
850	38	3	0.0	2	0	1	179360.76	0	1	0
656	40	2	0.0	2	1	1	180553.48	0	0	1
826	26	5	142662.68	1	0	0	60285.3	0	0	1
424	34	7	0.0	1	1	1	16250.61	0	1	1
649	39	3	113096.41	1	1	1	60335.24	0	0	1
671	27	5	0.0	2	0	0	120893.07	0	0	1
603	34	9	0.0	2	1	0	167916.35	0	0	0
641	40	2	110086.69	1	1	0	159773.14	1	0	0
703	38	9	99167.54	1	1	0	65720.92	1	0	0
670	39	8	101928.51	1	0	0	89205.54	0	0	0
706	24	2	141078.57	1	1	1	24402.87	0	1	1
743	39	8	0.0	1	1	0	94263.44	0	0	0
711	29	9	0.0	2	0	1	3234.8	0	0	0
711	43	2	39043.29	2	1	1	175423.69	1	0	1
758	30	3	141581.08	1	1	0	156249.06	0	0	0
714	28	7	77776.39	1	1	0	177737.07	1	0	1
616	31	3	94263.91	2	1	0	168895.06	0	0	1
576	39	1	0.0	2	1	1	68814.23	0	0	1
757	44	9	0.0	2	1	0	177528.92	0	1	0
648	44	2	0.0	2	1	1	58652.23	0	0	0
508	60	7	143262.04	1	1	1	129562.74	0	0	0
701	37	8	130091.5	1	1	1	120031.29	0	0	1
604	25	7	165413.43	1	1	1	35279.74	1	0	1
622	29	7	101486.96	1	1	1	8788.35	0	0	1
572	24	1	0.0	2	1	1	151460.84	0	0	1
802	29	9	127414.55	1	1	1	134459.12	0	0	1
506	59	3	190353.08	1	1	0	78365.75	1	0	0
583	35	8	149995.72	2	1	0	42143.55	1	0	1
699	34	8	0.0	1	1	1	76510.46	0	1	1
723	37	3	94661.53	2	1	0	121239.65	1	0	1
672	43	4	92599.55	2	1	1	167336.78	0	0	0
840	39	1	94968.97	1	1	0	84487.62	0	0	0
796	51	6	0.0	2	0	1	194733.28	0	0	1
482	35	2	133111.73	1	0	1	79957.95	0	0	0
508	49	7	122451.46	2	1	1	75808.1	0	0	1
580	23	5	113923.81	2	0	0	196241.43	0	0	0
704	37	9	155619.58	1	1	1	135088.58	0	1	0
601	28	6	0.0	2	1	0	14665.28	0	1	1
612	38	1	0.0	2	1	1	9209.21	0	0	0
627	28	5	71097.23	1	1	1	130504.49	1	0	1
669	35	4	108269.2	2	1	0	174969.92	1	0	0
642	30	8	80964.57	2	1	0	174738.2	0	0	1
427	40	8	0.0	2	1	1	82870.75	0	1	1
560	57	0	0.0	2	0	1	116781.71	0	0	1
726	30	5	111375.32	2	1	0	2704.09	1	0	1
691	33	1	128306.83	1	1	1	113580.79	0	0	0
524	30	1	0.0	2	1	0	126812.85	0	0	1
673	40	1	121629.22	1	1	1	3258.6	0	1	1
686	33	9	141918.09	2	0	1	184036.47	1	0	1
579	42	3	137560.38	2	1	1	85424.34	1	0	0
576	45	5	133618.01	1	0	0	135244.87	0	1	1
658	29	5	75395.53	2	0	1	54914.92	1	0	1
754	39	6	170184.99	2	1	0	89593.26	0	1	1
656	46	9	143267.14	2	0	0	193099.43	0	0	1
671	34	6	37266.67	2	0	0	156917.12	1	0	0
597	60	0	78539.84	1	0	1	48502.88	1	0	0
639	34	7	149940.04	2	0	0	156648.81	0	1	1
649	29	2	45022.23	1	1	1	173495.77	0	1	1
602	31	7	155271.83	1	1	1	179446.31	0	0	1
554	33	3	117413.95	1	1	1	12766.74	0	0	1
694	38	1	0.0	2	0	1	156858.2	0	0	1
640	46	3	0.0	1	1	1	156260.08	0	1	0
612	32	3	121394.42	1	1	0	164081.42	0	0	1
714	34	10	0.0	2	1	1	80234.14	0	0	1
637	27	1	0.0	2	1	0	91291.2	0	0	1
563	33	8	0.0	2	0	1	68815.05	0	0	1
695	37	2	0.0	2	1	1	99692.65	0	0	1
570	37	6	0.0	1	1	1	187758.5	0	0	1
430	33	8	0.0	1	1	1	69759.91	0	0	0
657	41	8	109402.13	1	1	1	66463.62	0	1	1
627	23	5	184244.86	1	1	0	103099.22	1	0	1
639	38	3	0.0	1	1	0	42862.82	0	0	1
577	42	9	0.0	1	1	0	74077.91	0	0	1
748	26	1	77780.29	1	0	1	183049.41	0	0	0
602	32	7	184715.86	2	1	0	113781.99	1	0	1
642	19	3	113905.48	1	1	1	176137.2	1	0	0
684	56	8	78707.16	1	1	1	99398.36	0	1	1
793	33	0	0.0	1	0	0	175544.02	0	0	0
627	43	8	71240.3	1	0	1	127734.16	0	0	1
831	34	2	0.0	2	0	0	165840.94	0	0	0
694	30	9	0.0	2	1	1	26960.31	0	0	0
543	42	5	0.0	2	0	0	101905.34	0	0	0
649	36	8	0.0	2	1	0	161668.15	0	1	1
655	37	5	93147.0	2	1	0	66214.13	0	0	1
659	32	2	155584.21	1	0	1	153662.88	0	0	0
656	47	1	0.0	2	1	1	197961.93	0	1	1
652	38	6	123081.84	2	1	1	188657.97	0	1	0
690	21	8	0.0	2	1	1	155782.89	0	0	1
535	30	6	103804.97	1	1	1	125710.53	0	0	1
594	37	2	0.0	2	0	1	95864.5	0	0	1
648	35	7	0.0	2	1	1	78436.36	0	1	1
628	30	9	132351.29	2	1	1	74169.13	1	0	0
458	43	1	106870.12	2	1	0	100564.37	1	0	0
712	53	2	111061.01	2	0	0	26542.17	0	1	1
743	42	7	77002.2	2	1	1	80428.42	0	0	1
719	49	5	105918.1	1	1	1	16246.59	0	0	1
628	33	8	152143.89	1	1	1	32174.03	1	0	1
646	39	0	154439.86	1	1	0	171519.06	1	0	1
640	42	5	176099.13	1	1	1	8404.73	0	0	0
579	31	6	0.0	2	1	0	26149.25	0	0	1
608	30	8	85859.76	1	0	0	142730.27	0	0	0
616	18	6	0.0	2	1	1	27308.58	0	0	1
466	36	5	119540.15	1	0	1	80603.99	0	0	0
694	33	4	124067.32	1	1	1	77906.87	1	0	1
646	30	5	98014.74	1	1	1	12757.14	0	0	1
452	35	7	0.0	2	1	0	164241.67	0	0	0
789	39	7	124828.46	2	1	1	124411.08	1	0	1
631	26	1	149144.61	1	0	1	123697.95	0	0	1
658	25	3	0.0	2	0	1	173948.4	0	0	1
590	37	6	169902.92	1	1	1	128256.18	0	1	1
630	31	1	0.0	2	1	1	169802.73	0	1	0
615	41	9	109013.23	1	1	0	196499.96	0	1	0
581	31	6	0.0	2	1	0	188377.21	0	1	0
520	33	4	156297.58	2	1	1	166102.61	0	0	1
783	40	6	0.0	2	1	0	109742.55	0	0	1
850	23	9	143054.85	1	0	1	62980.96	0	1	0
814	44	8	95488.82	2	0	0	107013.59	1	0	1
659	78	2	151675.65	1	0	1	49978.67	0	1	1
763	39	7	0.0	2	1	0	19458.75	0	1	0
775	40	9	126212.64	1	1	0	70196.57	0	0	1
850	33	3	0.0	2	1	1	11159.19	0	0	0
772	43	6	0.0	2	1	1	57675.88	0	0	1
648	41	5	123049.21	1	0	1	5066.76	1	0	1
715	35	4	40169.88	2	1	1	199857.47	0	1	0
672	43	5	0.0	2	1	1	64515.5	0	1	1
737	40	2	162485.8	2	1	0	149381.32	1	0	0
480	35	2	165692.91	1	1	1	197984.58	0	0	1
696	42	7	162318.61	1	1	0	121061.89	1	0	1
722	35	2	163943.89	2	1	1	15068.18	0	0	0
683	30	4	66190.33	1	1	1	115186.97	0	0	1
633	29	8	104944.1	1	1	1	97684.46	1	0	0
596	29	2	0.0	2	1	1	1591.19	0	1	1
620	41	9	0.0	2	0	0	88852.47	0	0	0
506	41	1	0.0	2	1	0	31766.3	0	0	0
468	29	1	111681.98	2	1	1	195711.16	1	0	1
574	28	7	0.0	2	0	0	185660.3	0	1	0
807	31	1	93460.47	2	0	0	172782.69	1	0	0
836	37	10	0.0	2	1	0	111324.41	0	1	0
590	24	7	126431.54	1	1	0	58781.11	0	0	1
682	30	4	0.0	1	0	1	161465.31	0	0	1
755	23	5	84284.48	2	1	1	62851.6	0	0	1
749	41	5	57568.94	1	1	1	61128.29	0	0	1
646	38	2	0.0	2	0	0	178752.73	0	0	0
531	70	1	0.0	2	0	0	99503.19	0	1	1
527	31	1	112203.25	1	1	0	182266.01	0	0	0
773	40	10	0.0	2	0	1	69303.15	0	0	0
523	60	1	163894.35	1	0	1	57061.71	1	0	1
679	33	9	112528.65	2	1	0	177362.45	0	0	0
793	39	3	137817.52	1	0	0	83997.79	0	0	1
624	44	3	0.0	2	1	0	88407.51	0	0	1
701	41	9	164046.1	1	1	0	49405.93	1	0	1
644	30	5	44928.88	1	1	1	10771.46	0	0	1
576	26	8	0.0	2	0	1	34101.06	0	1	1
703	41	6	109941.51	1	1	0	116267.28	0	0	0
590	51	10	84474.62	2	1	1	190937.09	0	1	0
616	71	4	0.0	2	1	1	173599.38	0	1	1
518	42	7	151027.05	2	1	0	119377.36	0	0	1
644	26	4	153455.72	2	1	1	82696.84	0	1	0
748	40	0	0.0	1	0	0	60416.76	0	0	1
781	19	3	0.0	2	1	1	124297.32	0	0	0
850	33	7	134678.13	1	1	0	113177.95	1	0	0
554	22	8	0.0	2	0	1	142670.61	0	0	0
727	35	5	136364.46	1	0	0	142754.71	0	0	1
661	35	9	100107.99	1	1	0	83949.68	0	0	1
757	28	3	75381.15	1	1	1	199727.72	0	0	1
652	38	6	0.0	2	1	1	145700.22	0	0	1
661	28	7	95357.49	1	0	0	102297.15	0	1	0
624	33	6	0.0	2	0	0	76551.7	0	1	1
672	23	10	110741.56	1	1	0	80778.5	1	0	0
850	28	2	0.0	2	1	1	38773.74	0	0	0
519	39	4	111900.14	1	1	1	97577.17	0	1	1
611	28	2	0.0	2	0	0	25395.83	0	0	1
584	62	9	137727.34	2	0	1	121102.9	1	0	0
745	48	10	96048.55	1	1	0	74510.65	1	0	1
704	39	2	111525.02	1	1	0	199484.96	0	0	1
811	30	6	0.0	2	1	1	180591.32	0	0	1
637	21	10	125712.2	1	0	0	175072.47	0	0	0
595	25	7	106570.34	2	0	1	177025.79	1	0	0
547	62	10	127738.75	2	1	1	85153.0	0	0	1
699	31	10	125837.86	2	1	0	189392.66	1	0	0
615	39	5	113193.51	2	1	1	52166.25	1	0	1
592	37	4	212692.97	1	0	0	176395.02	0	0	1
635	44	2	79064.85	2	0	1	113291.75	1	0	0
742	27	0	0.0	2	0	1	131534.96	0	0	1
673	41	5	0.0	1	1	1	65657.29	0	0	1
739	34	9	0.0	1	1	0	60584.33	0	0	1
710	24	7	103099.17	2	1	0	173276.62	1	0	0
559	36	1	104356.94	2	0	1	54184.06	1	0	0
680	43	4	0.0	2	1	1	58761.33	0	0	0
541	46	6	0.0	2	1	1	83456.67	0	0	1
626	27	4	115084.53	2	0	1	26907.43	1	0	1
679	29	3	0.0	2	1	1	63687.06	0	0	1
718	38	7	0.0	2	1	0	38308.34	0	0	1
680	44	7	108724.98	1	0	1	72330.46	0	0	1
620	22	0	0.0	1	1	0	32589.45	0	0	1
632	39	5	97854.37	2	1	0	93536.38	0	1	0
657	39	4	80293.81	1	1	0	97192.76	0	0	0
769	29	8	0.0	2	1	1	172290.61	0	0	1
699	31	6	114493.68	1	0	0	138396.32	0	1	1
629	39	5	0.0	2	0	0	116748.14	0	1	1
606	39	8	136000.45	2	1	0	31708.53	1	0	1
677	46	2	57037.74	1	1	1	158531.01	0	0	1
545	33	7	173331.52	1	1	0	150452.88	0	1	0
679	40	7	0.0	2	1	1	163757.29	0	1	0
761	26	1	0.0	2	1	1	199409.19	0	0	0
636	36	6	96643.32	1	0	0	182059.28	1	0	1
510	44	6	0.0	2	1	1	175518.31	0	0	1
493	36	5	148667.81	2	1	0	56092.51	0	0	0
637	41	2	138014.4	2	1	0	140298.24	1	0	1
687	35	8	100988.39	2	1	0	22247.27	0	1	1
589	38	2	0.0	1	1	0	79915.28	0	0	1
766	37	2	99660.13	2	0	1	147700.78	1	0	1
610	40	0	0.0	2	1	0	62232.6	0	0	1
631	34	4	124379.14	1	1	0	106892.91	0	0	0
678	54	1	123699.28	2	0	1	105221.76	1	0	0
721	35	6	118273.83	1	0	1	3086.89	0	0	0
485	37	5	0.0	2	0	1	170226.47	0	0	1
671	31	6	0.0	2	1	1	15846.42	0	0	0
711	28	8	0.0	2	0	0	105159.89	0	0	0
773	52	4	0.0	1	0	1	144113.42	0	0	1
564	35	9	0.0	2	1	1	105837.38	0	1	0
582	41	6	70349.48	2	0	1	178074.04	1	0	1
679	50	6	132598.38	2	1	1	184017.98	1	0	0
670	67	6	158719.57	1	1	1	118607.4	0	1	1
790	25	5	152885.77	1	1	0	58214.79	1	0	0
808	25	7	0.0	2	0	1	23180.37	0	1	1
510	26	6	136214.08	1	0	0	159742.33	0	0	0
676	34	1	63095.01	1	1	1	40645.81	0	0	0
579	37	5	152212.88	2	0	0	120219.14	0	1	1
613	33	3	155736.42	2	1	1	57751.21	1	0	1
705	31	3	119794.67	1	0	0	182528.44	0	0	0
502	64	3	139663.37	1	0	1	100995.11	0	0	0
556	46	10	0.0	2	0	0	109184.24	0	0	0
611	26	2	107508.93	2	1	1	120801.65	0	0	0
581	43	4	170172.9	1	0	1	100236.02	0	1	0
488	34	2	0.0	2	1	1	181270.84	0	0	0
589	31	10	110635.32	1	1	0	148218.86	0	0	0
553	25	7	128524.19	2	1	0	20682.46	1	0	0
685	34	6	83264.28	1	0	0	9663.28	0	1	1
729	42	4	97495.8	2	0	0	2002.5	1	0	0
623	27	4	120509.81	1	0	0	142170.44	0	0	1
751	43	1	114974.24	1	1	0	125920.54	0	0	1
814	48	7	0.0	2	1	1	132870.15	0	0	0
458	44	7	84386.57	1	1	0	178642.73	1	0	1
703	29	3	122084.63	1	0	1	82824.08	1	0	0
575	46	1	0.0	2	1	1	65998.26	0	0	1
529	35	5	0.0	2	1	0	56518.0	0	1	0
714	72	3	0.0	1	1	1	86733.61	0	0	0
516	40	9	0.0	2	0	1	33266.29	0	0	0
634	36	1	69518.95	1	1	0	116238.39	0	0	0
629	32	3	0.0	2	1	1	15404.64	0	1	1
732	26	7	0.0	2	1	0	154364.66	0	0	1
614	32	7	99462.8	2	1	1	51117.06	1	0	1
679	42	1	0.0	2	0	0	71823.15	0	0	1
588	33	9	150186.22	2	1	1	65611.01	1	0	1
710	45	9	108231.37	1	1	1	188574.08	1	0	1
520	42	6	0.0	2	1	1	34410.55	0	1	0
712	29	8	140170.61	1	1	1	38170.04	0	0	0
635	48	4	81556.89	2	1	0	191914.37	1	0	0
674	28	3	0.0	1	1	0	51536.99	0	0	0
704	40	6	95452.89	1	0	1	179964.55	0	0	0
850	39	10	0.0	2	1	1	143030.09	0	1	0
711	34	4	133467.77	2	1	1	42976.64	1	0	1
540	44	3	164113.04	2	1	1	12120.79	1	0	1
561	28	6	123692.0	1	1	1	70548.96	0	1	1
721	36	3	65253.07	2	1	0	28737.78	1	0	0
598	38	0	125487.89	1	0	0	158111.71	0	0	1
509	30	6	0.0	2	1	0	180598.86	0	0	1
556	36	7	154872.08	2	1	1	32044.64	0	0	1
676	30	5	0.0	2	0	1	157888.5	0	1	0
518	41	5	110624.99	1	1	0	89327.67	1	0	0
716	29	8	0.0	2	0	0	78616.92	0	1	0
641	32	7	0.0	2	1	1	24267.28	0	1	1
577	30	8	92472.1	2	0	1	126434.61	0	0	0
748	39	3	0.0	2	1	1	123998.52	0	1	1
586	32	1	0.0	2	0	0	31635.99	0	0	1
758	26	4	155739.76	1	1	0	171552.02	0	0	1
550	34	3	0.0	2	0	0	131281.28	0	1	1
715	35	2	141005.47	1	1	1	60407.93	0	0	1
618	39	2	91068.56	1	1	0	26578.69	0	0	1
528	35	3	156687.1	1	1	0	199320.77	0	0	1
689	40	2	0.0	2	1	1	164768.82	0	1	1
769	40	9	133871.05	1	1	1	50568.02	0	0	0
774	76	4	112510.89	1	1	1	143133.18	0	0	1
692	42	2	0.0	2	1	0	145222.93	0	0	0
640	32	6	118879.35	2	1	1	19131.71	0	1	0
586	51	2	138553.57	1	1	1	92406.22	0	0	1
525	36	2	114628.4	1	0	1	168290.06	0	0	1
747	36	8	102603.3	2	1	1	180693.61	1	0	1
727	28	2	110997.76	1	1	0	101433.76	0	0	0
692	44	8	0.0	1	0	1	159069.37	0	1	0
501	40	2	0.0	2	0	0	141946.92	0	0	0
751	37	3	99773.85	2	1	0	54865.92	0	1	0
535	53	5	141616.55	2	1	1	75888.65	1	0	0
445	61	2	137655.31	1	0	1	29909.84	1	0	0
620	28	8	0.0	2	1	1	199909.32	0	0	1
657	34	3	107136.6	1	1	0	153895.46	0	0	1
632	42	6	59972.26	2	0	1	148172.94	1	0	1
683	39	4	0.0	2	1	0	171716.81	0	0	1
499	60	7	76961.6	2	1	1	83643.87	0	0	1
535	31	7	111855.04	2	1	1	36278.89	0	0	0
777	29	2	0.0	2	1	0	124489.88	0	0	1
762	53	1	102520.37	1	1	1	170195.4	0	0	1
471	42	3	164951.56	1	1	0	190531.77	0	0	1
612	36	2	130700.92	2	0	0	77592.8	1	0	0
709	37	7	0.0	1	1	0	159486.76	0	0	1
757	26	8	121581.56	2	1	1	127059.04	1	0	1
814	72	2	0.0	2	0	1	130853.03	0	1	0
648	42	4	0.0	2	1	0	19283.14	0	0	1
543	41	4	0.0	1	0	0	194902.16	0	1	0
552	38	9	134105.01	1	0	0	57850.1	0	0	0
543	30	4	140916.81	1	1	0	157711.18	0	0	1
767	44	2	152509.25	1	1	1	136915.15	0	0	0
676	38	1	0.0	2	0	1	35644.79	0	0	1
725	31	8	0.0	2	1	1	59650.42	0	0	1
653	74	0	121276.32	1	1	1	160348.31	0	0	0
638	35	1	0.0	2	1	0	165370.66	0	1	1
631	22	6	139129.92	1	1	1	63747.51	1	0	0
669	23	1	0.0	2	0	0	66088.83	0	0	1
636	37	9	157098.52	1	1	1	153535.27	1	0	0
658	32	9	0.0	2	1	0	156774.75	0	0	0
679	44	3	118742.74	2	1	0	1568.91	0	0	0
801	42	6	0.0	2	1	1	95804.33	0	0	1
529	35	5	0.0	2	1	1	187288.5	0	1	1
694	60	9	0.0	1	1	1	57088.97	0	0	1
641	42	9	132657.55	1	1	0	35367.19	0	1	1
667	34	5	0.0	2	1	1	102908.63	0	0	1
610	33	4	111582.11	1	0	0	113943.17	0	0	1
797	32	1	151922.94	1	1	0	8877.06	1	0	1
690	36	10	0.0	2	1	0	55902.93	0	1	1
762	26	7	123709.46	2	1	1	169654.57	0	1	0
738	35	8	127290.61	1	1	0	16081.62	0	1	1
711	39	3	152462.79	1	1	0	90305.97	0	0	0
690	42	3	92578.14	2	0	0	70810.6	0	0	0
503	32	4	0.0	2	1	1	153036.97	0	0	1
705	36	1	111629.29	1	1	1	21807.16	0	1	1
793	63	9	116270.72	1	1	1	184243.25	0	0	0
688	46	8	155681.72	1	1	0	26287.21	0	1	0
611	41	2	114206.84	1	1	0	164061.6	1	0	0
679	39	5	0.0	2	1	1	100060.54	0	1	1
549	37	2	112541.54	2	0	0	47432.43	0	0	1
744	36	2	153804.44	1	1	1	87213.33	0	1	1
755	28	7	124540.28	1	0	1	188850.89	0	0	0
512	51	6	144953.31	1	1	1	165035.17	0	0	1
539	34	4	91622.42	1	1	1	136603.42	1	0	0
629	37	6	129101.3	1	1	1	23971.33	0	0	0
693	43	6	128760.32	1	1	0	36342.79	0	0	1
695	31	5	106089.2	1	0	0	99537.68	0	0	0
628	28	4	0.0	2	1	1	176750.81	0	1	1
742	24	8	0.0	2	1	0	4070.28	0	1	1
572	33	9	68193.72	1	1	0	19998.31	0	0	1
543	35	10	59408.63	1	1	0	76773.53	0	1	1
674	32	7	85757.93	1	1	1	95481.0	0	0	0
687	24	3	110495.27	1	1	0	158615.41	0	0	0
587	33	5	100116.82	1	1	0	34215.58	0	0	1
747	41	5	94521.17	2	1	0	194926.86	0	1	0
841	74	9	108131.53	1	0	1	60830.38	0	0	1
600	35	4	143744.77	2	1	0	104076.51	0	0	1
535	40	8	0.0	1	1	1	27689.77	0	0	0
607	27	5	100912.19	1	0	0	7631.27	0	1	0
682	44	3	115282.3	1	0	0	23766.4	0	0	1
456	33	1	188285.68	1	0	0	58363.94	0	0	0
666	41	10	141162.08	1	1	0	50908.48	0	0	0
585	28	6	105795.9	1	1	1	41219.09	0	0	0
612	42	5	141927.1	1	1	1	43018.98	1	0	1
486	24	1	0.0	1	1	0	98802.76	0	1	1
736	29	4	0.0	2	0	0	51705.01	0	0	1
604	71	10	0.0	2	1	1	129984.2	0	1	0
573	44	4	0.0	1	1	1	94862.93	0	1	0
639	35	8	0.0	2	1	0	170483.9	0	0	1
821	28	2	0.0	2	1	0	46072.52	0	0	1
571	53	2	0.0	2	1	0	28045.77	0	0	0
519	36	9	0.0	2	0	1	145562.4	0	0	1
711	34	8	0.0	2	0	0	48260.19	0	0	1
850	38	7	101985.81	2	0	0	43801.27	1	0	1
691	34	8	133936.04	2	1	0	91359.79	0	0	1
640	23	3	72012.76	1	1	0	161333.13	1	0	1
674	39	6	120193.42	1	0	0	100130.95	0	1	1
570	57	5	86568.75	1	0	1	103660.31	1	0	0
505	29	3	145541.56	2	1	1	58019.95	1	0	1
666	40	2	0.0	2	0	0	36371.27	0	0	0
850	33	7	140956.99	1	0	0	3510.18	0	0	1
514	46	3	106511.85	1	1	0	55072.32	0	0	0
589	37	6	138497.84	1	0	1	18988.58	0	0	0
721	37	3	107720.64	1	1	1	158591.12	1	0	1
699	30	9	0.0	1	1	1	108162.13	0	0	1
648	43	7	139972.18	1	1	0	143668.58	0	0	0
684	41	2	119782.72	2	0	0	120284.67	0	1	1
572	38	7	0.0	2	1	1	133122.62	0	0	0
811	40	1	101514.89	1	1	1	121765.0	0	0	1
525	36	3	77910.23	1	1	0	67238.01	0	1	1
689	38	6	121021.05	1	1	1	12182.15	0	1	0
697	23	10	0.0	2	1	1	79734.23	0	0	0
647	33	4	0.0	1	1	0	152323.04	0	0	0
579	49	4	169377.31	1	1	1	123535.05	1	0	1
606	40	5	0.0	2	1	1	70899.27	0	0	1
627	21	7	98993.02	1	1	1	169156.64	0	0	0
608	34	7	86656.13	1	0	1	59890.29	0	1	1
737	50	4	127552.85	2	1	0	4225.11	1	0	1
630	21	1	85818.18	1	1	1	133102.3	0	1	0
648	35	7	0.0	2	0	0	122899.01	0	1	1
804	55	7	0.0	2	1	1	118752.6	0	0	1
723	20	4	0.0	2	1	1	140385.33	0	0	0
627	40	10	0.0	2	1	1	194792.42	0	1	1
714	42	2	177640.09	1	0	1	47166.55	1	0	1
798	36	1	0.0	2	1	1	159044.1	0	0	1
643	33	4	0.0	2	1	1	152992.04	0	0	1
494	27	2	0.0	2	1	0	22404.64	0	1	1
427	42	1	75681.52	1	1	1	57098.0	1	0	1
543	32	7	147256.86	1	1	0	112771.95	0	0	0
694	39	0	107042.74	1	1	1	102284.2	0	1	1
672	43	5	0.0	1	0	0	63833.09	0	0	1
535	20	9	134874.4	1	1	1	118825.56	1	0	1
717	33	1	99106.73	1	0	0	194467.23	0	1	1
581	43	9	78022.61	1	0	1	30662.91	0	1	1
636	35	2	0.0	2	1	1	23129.46	0	0	0
724	34	3	132352.69	1	1	0	80320.3	0	0	0
617	44	9	49157.09	2	1	0	53294.17	1	0	1
749	35	3	0.0	3	1	1	132649.85	0	0	0
521	39	7	0.0	2	0	1	653.58	0	0	1
678	41	2	148088.11	1	1	0	14083.12	0	0	1
502	30	4	0.0	2	1	1	66263.87	0	0	1
642	32	7	100433.8	1	1	1	39768.59	0	1	1
757	44	5	140856.16	2	1	0	158735.1	0	1	1
497	24	6	111769.14	2	1	0	55859.27	1	0	1
724	35	0	171982.95	2	0	1	167313.07	1	0	0
540	39	1	0.0	1	0	1	108419.41	0	1	1
471	28	5	0.0	2	1	1	22356.97	0	1	0
759	26	4	0.0	2	1	0	135394.62	0	0	1
550	30	4	0.0	2	1	0	89216.29	0	0	0
641	30	2	87505.47	2	0	1	7278.57	0	0	1
714	37	9	148466.93	2	0	1	151280.96	0	0	1
659	67	4	145981.87	1	1	1	131043.2	0	0	1
790	31	9	0.0	2	1	0	84126.75	0	0	0
606	32	6	0.0	2	0	1	36540.63	0	0	1
596	42	7	0.0	2	1	1	121568.37	0	0	1
656	46	5	113402.14	2	1	1	138849.06	0	0	0
533	38	1	135289.33	2	0	1	152956.33	0	1	1
702	35	8	14262.8	2	1	0	54689.16	0	1	0
542	25	8	139330.1	1	0	0	54372.37	1	0	1
569	43	8	161546.68	2	0	1	178187.28	0	1	1
620	42	4	0.0	2	1	0	6232.31	0	0	1
611	27	7	0.0	2	1	1	157474.1	0	0	1
758	33	7	0.0	1	1	0	188156.34	0	0	0
850	36	10	0.0	2	1	1	100750.03	0	0	0
609	25	10	0.0	1	0	1	109895.16	0	0	1
506	37	5	0.0	2	1	1	127543.81	0	0	1
526	32	7	125540.05	1	0	0	86786.41	0	0	1
687	26	2	142721.52	1	1	1	153605.75	1	0	1
503	31	4	0.0	2	1	1	21645.06	0	1	1
534	51	3	0.0	2	0	1	20856.31	0	1	1
850	56	7	131317.48	1	1	1	119175.45	0	0	1
850	27	8	111837.78	2	1	1	110805.79	1	0	0
815	35	4	0.0	2	0	1	198490.33	0	0	1
475	57	1	0.0	2	1	0	89248.99	0	0	0
596	34	4	99441.21	2	0	1	4802.27	1	0	1
671	38	6	132129.72	1	0	1	76068.95	0	0	0
663	42	5	90248.79	1	1	1	79169.73	1	0	1
570	18	4	82767.42	1	1	0	71811.9	0	0	0
673	37	4	0.0	2	0	0	163563.07	0	0	1
530	29	5	0.0	2	0	0	121451.21	0	0	0
615	32	5	138521.83	1	1	1	56897.1	0	1	1
727	18	2	93816.7	2	1	0	126172.11	1	0	0
640	33	8	81677.22	2	0	0	34925.56	1	0	1
465	25	2	78247.31	2	1	1	10472.31	0	0	1
718	39	2	0.0	1	1	1	52138.49	0	1	0
503	32	9	100262.88	2	1	1	157921.25	0	1	1
635	27	3	127009.83	1	1	0	161909.95	0	0	1
715	31	7	0.0	1	1	1	149970.59	0	1	1
529	43	6	93616.35	2	0	0	98348.66	0	0	1
609	35	2	147900.43	1	1	0	140000.29	0	0	0
680	33	1	123082.08	1	1	0	134960.98	0	0	1
662	64	0	98848.19	1	0	1	42730.12	0	0	1
692	34	4	109699.08	1	1	1	37898.91	0	1	0
571	33	1	0.0	2	1	0	102750.7	0	0	0
661	35	5	0.0	1	1	0	155394.52	0	0	1
818	72	8	135290.42	2	1	1	63729.72	1	0	0
684	26	2	114035.39	1	0	0	96885.19	1	0	0
623	37	4	140211.88	1	1	1	93832.33	0	0	0
637	36	2	152606.82	1	1	1	71692.8	0	0	1
652	40	1	0.0	2	1	0	126554.96	0	0	0
670	29	9	0.0	2	1	0	27359.19	0	1	0
597	43	7	119127.46	2	1	0	55809.92	1	0	0
713	41	3	0.0	2	1	0	55772.04	0	0	1
850	34	4	71379.53	2	1	1	154000.99	0	0	0
664	57	1	0.0	2	1	1	56562.57	0	0	1
712	35	7	124616.23	1	1	1	69320.97	0	0	1
741	38	4	128015.83	1	1	0	58440.43	1	0	1
508	38	3	166328.65	2	0	1	22614.19	0	0	0
850	31	1	130089.56	2	1	1	4466.21	1	0	0
608	48	7	75801.74	1	1	0	125762.95	0	1	1
552	38	10	132271.12	2	1	1	46562.02	1	0	1
709	37	9	0.0	2	1	0	16733.59	0	0	0
602	37	3	107592.89	2	0	1	153122.73	0	1	1
555	37	9	124969.13	1	1	0	60194.05	0	0	1
682	61	10	73688.2	1	1	1	172141.33	0	0	1
707	55	1	0.0	2	0	1	54409.48	0	0	0
781	23	2	107433.48	1	1	0	173843.21	0	0	1
577	35	5	110080.3	1	1	1	109794.31	0	1	1
631	35	9	112392.45	2	1	0	24472.23	0	0	1
670	22	2	114991.45	1	1	1	37392.56	0	0	1
571	25	6	82506.72	2	1	0	167705.07	1	0	1
676	32	5	0.0	2	1	1	75465.41	0	0	0
573	35	9	134498.54	2	1	1	119924.8	1	0	1
655	45	0	0.0	2	1	0	166830.71	0	0	0
518	27	1	133801.49	1	1	1	143315.57	0	0	0
578	34	4	175111.11	1	1	1	74858.3	0	0	1
716	27	1	122552.34	2	1	0	67611.36	1	0	1
695	49	9	159458.53	1	1	0	135841.35	0	0	1
630	25	7	79656.81	1	1	0	93524.22	1	0	0
809	80	8	0.0	2	0	1	34164.05	0	1	1
850	34	6	101266.51	1	1	0	33501.98	0	0	0
726	31	9	114722.05	2	1	1	98178.57	0	0	0
621	59	2	0.0	2	1	1	171364.18	0	1	0
681	48	8	139480.18	1	1	1	163581.67	1	0	0
637	41	9	0.0	2	1	0	145477.36	0	0	0
488	39	9	140553.46	1	0	0	12440.44	0	1	0
656	32	5	136963.12	1	1	0	133814.28	0	1	1
529	39	2	82766.43	1	1	1	122925.44	0	1	0
673	47	1	183579.54	2	0	1	34047.54	1	0	1
468	28	3	0.0	2	1	0	170661.02	0	1	1
751	42	4	0.0	2	1	1	81442.6	0	0	1
705	25	3	113736.27	1	0	1	196864.61	0	0	1
658	31	5	100082.14	1	0	1	49809.88	0	0	1
654	55	3	87485.67	1	1	1	3299.01	0	0	1
673	47	1	0.0	2	0	0	108762.16	0	0	1
748	27	2	90971.85	1	1	1	131662.47	1	0	0
718	36	9	0.0	1	1	0	45909.87	0	0	1
714	44	7	0.0	1	0	1	6923.11	0	1	1
660	52	4	86891.84	1	1	0	90877.76	1	0	0
804	71	8	0.0	2	0	1	147995.96	0	0	0
500	37	9	125822.21	1	1	0	111698.0	0	1	1
476	40	6	0.0	1	1	1	22735.45	0	0	1
513	72	3	98903.06	1	1	1	81251.24	0	1	1
611	37	4	0.0	2	1	0	125696.26	0	1	0
656	69	6	163975.09	1	1	1	36108.5	0	1	1
739	31	1	0.0	2	1	1	58469.75	0	1	1
807	36	4	0.0	2	0	1	147007.33	0	0	0
567	39	5	0.0	2	0	0	168521.72	0	0	1
635	33	5	0.0	2	1	0	122949.71	0	0	0
597	24	0	108058.07	2	1	1	187826.11	0	1	1
755	62	1	127706.33	2	0	1	142377.69	0	0	1
655	36	1	135515.76	1	1	0	86013.96	0	1	0
520	38	5	0.0	2	1	0	163185.76	0	0	1
850	33	8	73059.38	1	1	1	186281.0	0	0	1
708	41	5	0.0	1	0	1	157003.99	0	1	0
670	43	1	97792.21	1	0	0	120225.62	0	1	1
602	34	8	98382.72	1	1	0	39542.0	0	1	1
498	34	2	0.0	2	1	1	148528.24	0	0	1
540	37	6	0.0	2	1	0	141998.89	0	0	1
710	35	1	106518.52	1	1	1	127951.81	0	1	1
632	21	1	0.0	2	1	0	84008.66	0	0	0
725	39	1	50880.98	2	1	1	184023.54	1	0	1
538	39	7	108055.1	2	1	0	27231.26	1	0	1
714	36	1	101609.01	2	1	1	447.73	1	0	0
530	42	0	99948.45	1	0	1	97338.62	1	0	0
582	26	4	65848.36	2	1	0	30149.21	0	1	1
703	33	8	190566.65	1	1	1	79997.14	0	0	0
569	38	8	0.0	2	0	0	79618.79	0	1	1
815	25	8	135161.67	1	1	1	136071.05	1	0	0
621	32	1	0.0	2	1	1	168779.47	0	0	1
624	35	0	180303.24	2	1	0	163587.9	1	0	0
727	34	10	0.0	2	1	1	198637.34	0	0	1
532	38	9	0.0	2	0	0	30583.95	0	0	1
715	31	3	110581.29	1	1	1	94715.24	0	0	0
831	32	2	146033.62	1	1	0	191260.74	0	0	0
767	43	1	76408.85	2	1	0	77837.63	0	0	1
794	54	1	75900.84	1	1	1	192154.66	1	0	0
456	29	5	107000.49	1	1	1	153419.62	0	0	1
672	34	9	0.0	2	1	0	161800.77	0	0	1
470	25	8	127974.06	2	1	1	183259.35	0	0	0
784	33	10	0.0	2	1	0	162022.47	0	1	1
806	67	1	0.0	2	0	1	103945.58	0	0	0
651	53	7	0.0	2	1	1	130132.41	0	0	1
765	45	2	91549.78	1	1	1	47139.44	0	1	1
595	33	9	0.0	2	1	1	41447.86	0	0	0
687	26	6	0.0	2	1	1	32909.13	0	0	0
744	29	6	123737.04	2	1	0	141558.04	1	0	1
807	40	1	134590.21	1	1	1	46253.65	1	0	0
812	38	3	127117.8	2	1	1	174822.74	0	1	1
788	36	10	109632.85	1	1	1	16149.13	0	1	1
581	27	5	102258.11	2	1	0	194681.6	0	0	0
598	34	4	0.0	2	0	0	60894.26	0	0	0
629	34	6	0.0	2	1	0	190347.72	0	1	1
610	31	6	107784.65	1	1	1	141137.53	0	0	0
756	37	3	132623.6	1	1	1	58974.0	0	0	1
624	71	7	0.0	2	1	1	108841.83	0	0	1
606	40	9	95293.86	2	0	1	96985.58	1	0	1
850	31	4	0.0	2	0	0	152298.28	0	0	1
556	26	4	0.0	1	1	0	195167.38	0	0	1
696	27	2	96129.32	2	1	1	5983.7	1	0	0
727	34	2	146407.11	1	1	1	72073.72	1	0	1
573	32	9	125321.84	2	1	1	130234.63	0	0	0
667	36	1	114391.62	1	1	1	53412.54	1	0	0
601	35	8	71553.83	1	1	0	177384.45	1	0	1
681	38	2	99811.44	2	1	0	23531.5	0	1	1
829	26	8	101440.36	2	1	1	19324.5	0	1	0
506	32	3	0.0	1	1	1	80823.02	0	0	0
484	40	7	106901.42	2	0	0	118045.98	1	0	1
517	41	2	0.0	2	0	1	75937.47	0	0	1
536	39	4	0.0	2	1	0	27150.35	0	0	1
737	70	9	87542.89	2	1	1	42576.86	0	0	0
650	34	4	106005.54	1	0	1	142995.32	0	0	1
725	35	7	75915.75	1	1	0	150507.43	0	0	1
584	28	10	0.0	2	1	0	19834.32	0	0	1
828	28	8	134766.85	1	1	0	79355.87	0	1	1
721	46	7	137933.39	1	1	1	67976.57	0	1	0
605	34	2	0.0	1	0	0	35982.42	0	0	0
675	33	6	0.0	2	1	0	34045.61	0	0	0
666	46	5	123873.19	1	1	1	177844.06	0	0	1
611	68	5	82547.11	2	1	1	146448.01	0	0	1
739	40	1	109681.61	1	1	1	193321.3	0	1	1
428	31	2	0.0	2	1	0	54487.43	0	0	0
653	35	9	0.0	2	1	1	45956.05	0	1	1
443	29	9	99027.61	2	1	0	10940.4	1	0	0
589	34	6	0.0	2	1	1	177896.92	0	0	1
679	35	1	130463.55	2	1	1	37341.17	1	0	1
749	36	7	0.0	2	0	0	80134.65	0	1	1
746	33	2	107868.14	2	1	1	146192.4	1	0	0
654	24	8	145081.73	1	1	1	130075.07	0	0	0
555	26	7	0.0	2	1	0	93122.41	0	0	0
549	38	8	107283.4	1	0	0	157442.75	0	0	0
640	29	3	0.0	2	1	0	2743.69	0	0	0
584	40	4	82441.75	1	0	0	80852.11	0	0	0
692	49	9	0.0	2	1	0	178342.63	0	1	0
573	31	0	134644.19	1	1	1	70381.49	1	0	1
658	32	8	0.0	1	1	1	80410.68	0	0	1
560	26	3	116576.45	1	1	0	157567.37	0	1	0
588	30	3	115007.08	1	0	0	176858.5	0	0	1
628	39	8	107553.33	1	1	0	117523.41	0	1	0
717	48	7	123764.95	1	1	1	169952.82	0	0	1
656	30	4	74323.2	1	1	1	22929.08	0	0	0
646	29	4	105957.44	1	1	0	15470.91	1	0	0
518	35	8	141665.63	1	0	1	192776.64	1	0	0
696	60	8	88786.81	1	1	1	196858.4	0	1	1
643	34	7	0.0	2	0	1	100304.13	0	0	1
648	34	3	95039.73	2	1	1	147055.87	1	0	1
539	40	7	81132.21	1	1	0	167289.82	0	0	0
790	29	3	46057.96	2	1	1	189777.66	0	1	1
518	45	9	105525.65	2	1	1	73418.29	0	0	0
641	35	5	0.0	2	1	0	93148.93	0	0	1
811	45	5	0.0	2	1	1	146123.19	0	0	0
776	37	1	93124.04	2	1	1	196079.32	1	0	0
645	49	8	0.0	2	1	0	162012.6	0	1	1
765	43	9	157960.49	2	0	0	136602.8	0	0	1
733	64	3	0.0	2	1	1	75272.63	0	0	1
659	39	8	52106.33	2	1	1	107964.36	1	0	1
716	40	3	0.0	2	0	1	167636.15	0	0	0
554	48	7	0.0	2	1	1	63708.07	0	0	0
588	34	6	121132.26	2	1	0	86460.28	0	1	1
809	36	9	68881.59	2	0	1	109135.11	0	0	1
631	35	8	129205.49	1	1	1	79146.36	0	0	1
745	36	8	145071.24	1	0	0	6078.46	1	0	1
548	39	7	131468.44	1	1	0	164975.82	0	1	1
474	37	3	0.0	2	0	0	57175.32	0	1	1
726	56	2	105473.74	1	1	1	46044.7	0	1	0
845	41	2	81733.74	2	0	0	199761.29	1	0	0
802	31	1	125013.72	1	1	1	187658.09	1	0	1
636	30	8	141787.31	2	1	1	109685.61	1	0	1
666	36	4	120165.4	2	1	0	33701.5	0	0	1
743	30	1	127023.39	1	1	1	138780.89	0	0	0
562	48	3	92347.96	1	1	1	163116.75	0	0	1
723	45	4	0.0	2	1	0	37214.39	0	1	0
828	41	7	0.0	2	1	0	171378.77	0	0	0
724	36	1	0.0	2	1	0	52462.25	0	1	1
604	34	3	0.0	2	1	0	38587.7	0	1	0
622	31	7	0.0	1	1	0	35408.77	0	0	1
757	28	7	120911.75	2	1	1	131249.46	0	0	1
712	29	3	102540.61	1	1	1	189680.79	0	0	1
667	42	9	0.0	2	0	1	58137.42	0	0	1
625	31	5	0.0	2	0	1	90.07	0	0	1
518	59	5	138772.15	1	0	1	123872.0	0	0	1
701	23	5	186101.18	2	1	1	76611.33	1	0	1
637	33	0	132255.99	2	0	1	74588.41	0	0	1
725	40	8	104149.66	1	1	0	62027.9	1	0	1
627	30	4	79871.02	2	1	0	129826.89	1	0	0
615	33	3	137657.25	2	1	1	171657.57	1	0	0
775	51	2	123783.25	1	1	1	134901.57	1	0	1
754	34	7	0.0	2	1	1	65219.85	0	0	1
511	41	8	153895.65	1	1	1	39087.42	1	0	0
600	26	6	108909.12	1	1	0	82547.01	0	0	0
526	30	9	0.0	2	0	0	100995.68	0	0	1
422	33	2	0.0	2	1	0	102655.31	0	0	0
522	34	3	0.0	2	1	1	3894.34	0	0	0
782	23	10	98052.66	1	1	1	142587.32	0	1	1
655	56	5	0.0	2	1	1	41782.7	0	1	0
582	40	9	0.0	3	1	1	60954.45	0	0	0
721	57	1	0.0	1	1	1	195940.96	0	1	1
604	31	6	134837.58	1	1	0	192029.19	0	0	1
637	41	2	0.0	2	0	1	102515.42	0	0	1
600	40	1	141136.79	1	1	1	67803.83	0	0	1
747	27	10	0.0	2	0	0	13007.89	0	0	1
672	21	3	165878.76	2	1	1	164537.17	1	0	0
785	31	2	121691.54	2	0	0	81778.72	0	1	0
796	67	5	0.0	2	0	1	54871.02	0	1	1
660	29	6	180520.29	1	1	1	123850.58	1	0	0
602	72	3	0.0	2	1	1	171260.66	0	0	0
678	40	3	128398.38	1	1	0	168658.3	0	1	0
631	36	1	0.0	2	0	0	133141.34	0	0	1
653	27	6	107751.68	2	1	1	33389.42	0	1	0
513	34	7	60515.13	1	0	0	124571.09	1	0	1
682	40	4	0.0	1	0	1	105352.55	0	0	1
582	32	1	88938.62	1	1	1	10054.53	1	0	1
651	41	4	38617.2	1	1	1	104876.8	0	0	0
442	34	4	0.0	2	1	0	68343.08	0	0	1
577	28	7	0.0	1	1	0	143274.41	0	1	1
609	37	6	0.0	2	0	1	22030.72	0	0	1
587	47	6	71026.77	1	1	0	57962.41	0	0	1
444	34	2	144318.97	1	1	0	112668.06	0	0	1
776	31	2	0.0	2	1	1	112349.51	0	0	0
705	48	0	0.0	2	0	0	149772.61	0	0	0
751	34	9	108513.25	2	1	1	27097.82	1	0	1
672	28	4	167268.98	1	1	1	169469.3	0	0	1
645	55	1	133676.65	1	0	1	17095.49	0	1	0
807	33	10	101952.97	2	1	0	178153.65	0	0	1
631	33	2	0.0	2	1	1	158268.84	0	1	1
691	38	9	163965.69	2	0	1	103511.26	1	0	1
761	34	2	0.0	2	1	0	61251.25	0	1	0
733	32	5	0.0	2	1	0	131625.14	0	1	0
671	58	1	178713.98	1	1	1	21768.21	0	1	1
649	46	2	0.0	2	1	1	66602.7	0	0	0
651	33	1	96834.78	1	1	0	108764.69	0	0	0
759	33	9	160541.36	2	0	0	93541.14	0	0	0
517	37	5	113308.84	1	0	1	31517.16	0	0	1
607	32	7	0.0	3	0	1	10674.62	0	1	0
642	41	4	157777.58	1	1	0	67484.6	1	0	1
642	25	7	0.0	2	1	0	102083.78	0	0	1
811	47	3	123365.34	2	0	0	171995.34	0	0	0
694	39	9	0.0	2	0	0	99924.04	0	1	0
597	52	8	83693.34	2	1	1	161083.53	1	0	1
649	51	4	0.0	1	1	1	150390.57	0	1	1
823	44	1	0.0	2	0	1	182495.7	0	0	0
634	25	9	0.0	2	1	1	8227.91	0	1	1
602	35	7	90602.42	2	1	1	51695.41	1	0	1
794	24	10	146126.75	1	1	1	88992.05	0	0	1
522	30	3	0.0	2	1	0	145490.85	0	1	1
786	34	9	0.0	2	1	0	117034.32	0	1	0
615	51	6	81818.49	1	1	1	169149.38	0	1	1
692	46	2	0.0	2	1	1	105983.09	0	1	1
808	39	3	124216.93	1	0	1	171442.36	1	0	1
572	26	5	0.0	2	1	0	119381.41	0	1	0
715	21	6	76467.16	1	1	1	173511.72	0	0	1
536	35	8	0.0	2	1	0	64833.28	0	0	1
696	43	4	114091.38	1	0	1	159888.1	1	0	1
521	37	5	105843.26	2	1	1	84908.2	0	0	1
679	33	4	96110.22	1	1	0	1173.23	0	1	1
707	44	3	0.0	2	1	1	135077.01	0	1	1
638	62	4	108716.59	2	1	1	74241.09	1	0	1
661	38	7	143006.7	1	1	1	15650.89	0	1	1
667	27	3	106116.5	2	1	0	3674.71	1	0	0
590	38	9	0.0	2	1	1	148750.16	0	1	0
512	75	2	0.0	1	1	0	123304.62	0	0	0
704	39	5	0.0	1	1	0	6416.92	0	0	1
613	27	5	125167.74	1	1	0	199104.52	0	0	0
811	35	7	0.0	1	1	1	178.19	0	0	0
681	43	8	154100.3	1	0	0	114659.81	0	0	0
632	40	3	193354.86	2	1	0	149188.41	0	0	1
642	30	5	129753.69	1	1	0	582.53	1	0	0
642	32	3	0.0	2	1	1	88698.83	0	0	1
610	27	4	87262.4	2	1	0	182720.07	0	0	0
587	33	6	132603.36	1	1	0	55775.72	1	0	1
678	38	3	0.0	2	1	0	66561.6	0	0	1
614	38	4	72594.0	1	1	1	76042.48	0	0	0
761	27	8	0.0	2	1	0	63297.7	0	1	1
669	33	9	0.0	2	0	1	107221.03	0	0	0
690	36	10	91760.11	1	1	1	135784.94	0	1	0
684	35	3	137179.39	1	1	1	37264.11	0	0	1
557	42	4	0.0	2	0	1	86642.38	0	1	1
669	26	4	0.0	2	1	1	197594.34	0	0	1
717	50	9	90305.76	1	1	1	124626.57	0	0	1
613	32	0	0.0	2	0	1	126675.62	0	1	0
547	38	5	167539.97	1	0	1	159207.34	0	0	0
712	49	5	154776.42	2	0	0	196257.68	1	0	0
685	23	8	0.0	2	1	1	112239.03	0	0	1
689	39	4	0.0	2	1	0	196112.45	0	0	1
574	36	3	0.0	2	1	1	8559.66	0	1	1
711	41	3	0.0	2	1	1	193747.57	0	0	1
700	37	3	77608.46	2	1	1	175373.46	0	0	1
627	48	1	132759.8	1	1	0	78899.22	0	1	1
555	40	10	139930.18	1	1	1	105720.09	0	0	1
647	47	10	99835.17	1	0	1	89103.05	0	1	1
545	32	6	0.0	2	1	1	52067.37	0	0	0
773	25	2	135903.33	1	1	0	73656.38	0	0	1
641	26	4	91547.84	2	0	1	28157.34	0	0	0
796	32	5	102773.15	2	0	1	117832.88	0	1	1
534	38	3	0.0	1	0	0	143938.27	0	0	1
645	37	7	0.0	2	1	0	13589.93	0	1	0
594	28	5	185013.02	1	1	0	16481.12	1	0	1
607	24	2	109483.54	2	0	1	127560.77	1	0	0
679	36	6	147733.64	1	0	1	172501.38	0	0	1
715	37	9	165252.52	1	1	0	85286.3	0	0	1
785	33	5	136624.6	2	1	1	169117.74	1	0	0
733	42	9	150507.21	1	0	1	169964.12	0	0	1
744	32	4	96106.83	1	1	1	79812.77	1	0	1
645	37	1	0.0	2	1	1	68987.55	0	0	0
577	46	1	0.0	1	1	1	158750.53	0	0	0
699	35	2	167455.66	2	1	1	55324.49	0	1	1
616	44	7	193213.02	2	1	1	137392.77	0	1	0
569	25	9	173459.45	2	1	1	44381.06	1	0	1
573	72	8	98765.84	1	1	1	96015.53	0	1	0
714	26	3	119545.48	2	1	0	65482.94	1	0	1
749	30	1	0.0	2	0	1	126551.65	0	0	1
520	31	4	93249.4	1	1	0	77335.75	0	0	1
757	44	4	123322.15	1	1	0	137136.29	0	0	0
457	33	7	127837.54	1	0	1	60013.17	0	0	0
512	39	3	0.0	1	1	0	134878.19	0	1	1
606	53	1	109330.06	1	1	1	75860.01	0	1	0
572	31	5	98108.79	1	0	1	119996.95	0	1	1
437	26	1	120923.52	1	0	1	78854.57	0	0	0
656	27	3	150905.03	2	1	0	16998.72	1	0	0
432	27	6	62339.81	2	0	0	53874.67	0	0	0
747	21	4	81025.6	2	1	0	167682.57	0	0	0
667	37	9	71786.9	2	1	1	67734.79	0	0	0
575	40	5	0.0	2	1	1	122488.59	0	0	1
625	69	1	107569.96	1	1	1	182336.45	0	1	0
649	33	2	0.0	2	1	0	2010.98	0	0	1
608	41	1	83807.86	1	0	1	112542.58	0	1	0
547	31	9	0.0	2	0	0	99294.22	0	1	0
669	25	7	157228.61	2	1	0	124382.9	0	1	1
741	37	9	105261.76	2	1	1	149503.54	0	0	1
740	37	5	0.0	2	1	1	27528.4	0	0	0
656	68	7	153545.11	1	1	1	186574.68	1	0	1
600	50	6	94684.27	1	1	1	50488.91	0	1	0
726	24	6	0.0	2	1	1	54724.03	0	0	0
688	29	1	0.0	2	1	0	154695.57	0	0	1
672	47	1	0.0	1	0	0	91574.92	0	0	1
451	23	9	0.0	2	0	1	48021.71	0	1	0
525	35	7	165358.77	1	0	1	94738.54	0	0	1
476	34	10	0.0	2	1	0	26260.98	0	0	0
725	29	6	0.0	2	1	1	190776.83	0	0	0
619	29	5	0.0	2	1	0	194310.1	0	0	1
501	27	4	95331.83	2	1	0	132104.76	1	0	1
850	37	7	153147.75	1	1	1	152235.3	0	0	0
530	37	4	0.0	2	1	1	164844.37	0	1	1
634	35	3	0.0	2	1	1	19515.48	0	1	1
798	34	9	154495.79	1	1	0	191395.88	0	0	1
419	27	2	121580.42	1	0	1	134720.51	0	1	0
606	45	5	63832.43	1	1	1	93707.8	1	0	1
492	39	10	124576.65	2	1	0	148584.61	1	0	1
614	43	6	0.0	2	1	1	109041.53	0	0	0
501	42	9	114631.23	1	0	1	91429.74	0	0	1
686	41	7	152105.57	2	0	1	132374.41	0	0	0
661	42	3	0.0	2	1	0	35989.41	0	1	0
569	31	1	115406.97	1	0	0	145528.22	0	1	1
601	44	4	0.0	2	1	0	58561.31	0	1	0
543	64	4	0.0	2	1	1	148305.82	0	0	1
567	37	7	0.0	2	1	1	28690.9	0	0	0
792	36	5	92140.15	1	0	1	67468.67	0	1	1
697	74	3	108071.36	2	1	1	16445.79	1	0	0
784	38	10	122267.85	1	0	0	145759.93	0	1	1
678	61	8	0.0	2	1	1	159938.82	0	1	0
738	49	6	106770.82	1	1	0	123499.27	0	0	1
629	32	2	0.0	2	0	1	77965.44	0	0	1
577	33	6	0.0	2	1	0	57975.8	0	1	0
687	38	0	144450.58	1	0	1	137276.83	0	0	1
693	34	10	107556.06	2	0	0	154631.35	0	1	0
657	41	5	95858.37	1	1	1	68255.88	0	0	0
534	35	2	81951.74	2	1	0	115668.53	0	0	1
575	29	4	121823.4	2	1	1	50368.87	0	0	1
663	33	8	122528.18	1	1	0	196260.3	0	1	0
481	28	10	0.0	2	1	0	145215.96	0	0	0
499	46	6	0.0	2	1	0	73457.55	0	0	0
479	35	2	113090.4	1	1	0	195649.79	0	0	0
695	31	8	0.0	2	0	1	131644.41	0	1	0
681	37	6	121231.39	1	1	1	146366.08	0	1	0
582	33	6	0.0	2	0	1	72970.93	0	1	1
696	28	8	0.0	1	0	0	176713.47	0	1	1
655	60	3	0.0	2	1	1	86981.45	0	0	0
650	23	4	93911.3	2	1	0	69055.45	1	0	1
527	37	5	93722.73	2	1	1	139093.73	0	1	1
776	35	8	106365.29	1	1	1	148527.56	0	1	1
731	29	5	179539.2	1	0	0	112010.02	0	0	1
665	51	2	0.0	1	0	0	53353.36	0	0	1
842	44	2	112652.08	2	1	0	126644.98	0	1	0
591	39	8	0.0	2	0	0	42392.24	0	1	1
611	30	9	0.0	2	1	1	148887.69	0	0	1
660	38	7	0.0	2	0	1	146585.53	0	0	1
628	29	9	71996.29	1	1	1	34857.46	0	0	0
584	38	1	115341.55	1	0	1	173632.92	0	0	1
793	29	8	96674.55	2	0	0	192120.66	0	1	1
444	40	5	84350.07	1	1	0	143835.76	0	0	0
643	43	1	0.0	2	1	1	145764.4	0	1	1
455	27	5	155879.09	2	0	0	70774.97	0	0	0
487	24	7	133628.09	2	1	1	98570.01	0	0	1
835	29	10	130420.2	2	0	0	106276.55	1	0	0
606	42	10	0.0	2	1	0	177938.52	0	1	1
422	54	4	0.0	2	1	1	7166.71	0	1	0
787	35	1	106266.8	1	1	1	16607.15	0	0	0
619	52	8	124099.13	1	0	0	23904.52	1	0	0
590	30	3	0.0	2	1	0	83090.35	0	1	1
736	28	2	0.0	2	1	1	117431.1	0	1	0
758	41	10	79857.64	1	1	1	78088.17	1	0	1
595	31	4	0.0	2	1	0	189995.86	0	0	1
653	30	2	88243.29	2	1	1	96658.26	0	1	0
671	48	6	119769.77	1	0	1	66032.65	0	0	0
599	51	0	0.0	1	1	1	175235.99	0	1	1
614	25	10	75212.28	1	1	0	58965.04	0	1	0
541	46	4	124547.13	2	1	0	94499.06	0	0	1
746	37	2	0.0	2	1	0	143194.05	0	0	1
561	49	8	0.0	2	1	1	12513.07	0	0	0
643	41	7	154902.66	1	1	1	49667.28	1	0	1
741	36	3	0.0	2	1	1	89804.83	0	0	0
619	38	10	84651.79	1	1	1	184754.26	1	0	1
591	35	2	90194.34	2	1	0	57064.57	1	0	0
755	30	6	154221.37	2	0	1	62688.55	1	0	0
698	41	3	90605.29	1	1	1	14357.0	0	0	1
589	46	9	0.0	2	1	0	170676.67	0	0	1
469	35	5	0.0	2	1	0	186490.37	0	1	1
605	41	10	0.0	2	0	1	97213.09	0	0	1
729	44	6	0.0	2	1	0	151733.43	0	0	1
665	38	5	0.0	2	1	0	156439.56	0	0	0
534	53	7	0.0	2	1	1	80619.17	0	0	0
521	22	10	0.0	1	1	1	101311.95	0	1	0
618	40	8	0.0	2	1	0	80204.38	0	1	0
478	32	6	71187.24	1	1	1	110593.62	0	0	0
546	25	3	132837.7	1	1	0	131647.31	1	0	0
671	34	7	106603.74	2	1	1	26387.71	0	0	1
777	44	3	124655.59	2	0	1	79792.3	1	0	1
630	43	9	0.0	2	1	1	34338.04	0	0	1
604	23	9	124577.33	1	1	1	7267.25	0	1	1
694	39	5	77652.4	1	1	1	25407.59	0	0	1
591	46	4	129269.27	1	1	0	163504.33	1	0	1
588	40	5	0.0	2	0	0	100727.68	0	0	1
507	34	4	0.0	2	1	1	60688.38	0	1	0
711	37	8	113899.92	1	0	0	80215.2	0	0	0
821	31	2	68927.57	1	1	1	25445.0	1	0	0
694	33	4	129731.64	2	1	0	178123.86	0	0	0
663	64	6	0.0	2	0	1	15876.52	0	1	1
643	39	7	0.0	2	1	1	170392.59	0	0	1
703	31	6	0.0	2	1	1	67667.19	0	1	1
510	50	7	123936.54	1	1	1	23768.01	1	0	0
525	30	5	0.0	2	0	1	149195.44	0	1	0
738	38	5	177997.07	1	0	1	19233.41	0	1	1
801	46	6	0.0	2	1	1	170008.74	0	1	0
526	42	1	0.0	1	0	1	168486.02	0	0	1
847	31	5	0.0	2	1	1	76326.67	0	1	1
757	34	9	101861.36	2	0	0	187011.96	1	0	0
620	29	3	0.0	2	0	1	153392.28	0	0	0
504	42	3	134936.97	2	0	0	135178.91	0	0	1
764	39	1	129068.54	2	1	1	187905.12	0	0	0
624	35	2	0.0	2	1	0	87310.59	0	1	1
661	35	5	128415.45	1	1	0	142626.49	0	1	0
753	48	4	0.0	2	0	1	146821.42	0	0	1
763	31	4	0.0	2	0	0	50404.72	0	0	0
705	32	7	0.0	2	1	0	7921.57	0	0	1
546	20	6	0.0	1	0	1	20508.85	0	0	0
652	42	3	83492.07	2	1	0	37914.12	0	1	0
799	22	8	174185.98	2	0	1	192633.85	0	0	0
545	47	5	0.0	2	1	1	38970.14	0	1	0
589	50	5	144895.05	2	1	1	34941.23	1	0	0
802	51	7	0.0	1	0	1	40855.79	0	1	1
850	29	10	0.0	2	1	1	94815.04	0	1	0
612	39	5	170288.38	1	1	1	59601.15	0	1	1
709	37	8	0.0	3	1	0	71738.56	0	1	0
628	40	10	0.0	2	1	0	103832.58	0	1	1
512	40	8	153537.57	2	0	0	23101.13	1	0	0
773	33	10	0.0	1	1	1	98820.09	0	1	0
850	26	8	123126.29	1	1	0	74425.41	1	0	0
788	39	3	135139.33	1	0	1	113086.08	0	0	0
492	30	10	77168.87	2	0	1	146700.22	1	0	0
472	29	8	102490.27	1	0	1	181224.56	0	0	1
585	54	8	87105.32	1	1	1	55346.14	0	0	1
850	38	5	0.0	2	1	0	16491.64	0	0	1
798	28	3	0.0	2	1	0	2305.27	0	0	1
775	25	10	60205.2	2	1	0	14073.11	1	0	1
607	36	4	98266.3	1	1	1	46416.36	0	1	0
721	43	3	88798.34	1	0	0	45610.63	0	1	1
607	47	4	148826.32	1	1	1	79450.61	1	0	1
649	41	3	130931.83	1	1	1	144808.37	0	0	0
651	65	0	0.0	2	1	1	190454.04	0	0	0
527	32	0	0.0	1	1	0	109523.88	0	0	1
780	71	9	142550.25	2	1	1	122506.78	1	0	1
691	30	9	0.0	1	1	0	49594.02	0	0	1
774	26	2	93844.69	1	1	0	28415.36	0	0	1
655	72	5	138089.97	2	1	1	99920.41	1	0	0
850	40	4	166082.15	2	0	1	44406.17	1	0	1
537	41	0	0.0	2	0	1	175262.49	0	0	0
571	66	9	111577.01	1	0	1	189271.9	1	0	0
636	34	2	40105.51	2	0	1	53512.16	1	0	1
637	30	6	122641.56	2	1	0	65618.01	1	0	1
728	39	6	152182.83	1	0	0	161203.6	1	0	1
499	39	6	0.0	2	1	1	81409.0	0	1	1
523	34	7	0.0	2	1	0	62030.06	0	1	1
594	38	6	63176.44	2	1	1	14466.08	1	0	1
415	32	5	145807.59	1	1	1	3064.65	0	0	1
645	49	4	160133.88	1	0	1	88391.97	1	0	1
836	32	4	109196.67	2	1	0	55218.02	1	0	0
523	39	3	0.0	2	1	0	6726.53	0	0	1
629	40	9	0.0	1	1	0	106.67	0	0	1
520	30	3	143396.54	2	1	1	898.51	0	0	1
696	51	5	0.0	2	1	0	55022.43	0	1	0
697	42	9	132739.26	2	0	0	174667.65	0	0	1
595	37	2	157084.99	1	1	0	134767.13	0	1	1
430	35	1	118894.22	1	0	0	2923.61	0	0	1
518	38	3	90957.81	1	0	1	162304.59	0	0	1
643	41	2	127841.52	1	1	0	172363.41	1	0	1
633	59	5	0.0	1	1	1	137273.97	0	0	1
526	66	7	132044.6	2	1	1	158365.89	0	1	1
739	36	0	0.0	2	0	0	133465.57	0	0	0
661	31	3	133964.3	1	1	1	166187.1	0	0	0
818	31	1	186796.37	1	0	0	178252.63	0	0	0
687	38	4	117633.28	1	0	1	88396.6	1	0	1
699	43	2	136487.86	2	1	0	82815.93	0	1	1
663	34	10	0.0	1	1	1	114083.73	0	0	1
651	26	5	147037.32	1	0	0	141763.26	1	0	1
632	43	2	100013.51	1	1	0	24275.32	0	0	1
673	44	8	133444.97	1	0	1	5708.19	0	0	0
684	39	4	139723.9	1	1	1	120612.11	0	1	0
655	45	7	57327.04	1	0	1	47349.0	0	0	0
611	29	4	78885.88	2	1	1	26927.69	1	0	0
744	54	6	93806.31	2	0	1	140068.77	0	0	1
622	31	5	106260.67	1	1	1	2578.43	0	0	1
647	47	5	105603.21	2	1	1	157360.9	0	1	1
606	40	6	119501.88	2	1	0	46774.94	0	0	1
806	34	2	96152.68	2	1	0	143711.02	1	0	1
752	36	2	0.0	2	1	1	45570.84	0	1	1
777	53	10	0.0	2	1	0	189992.97	0	0	0
665	35	8	110934.54	1	1	0	169287.99	0	0	1
693	46	2	104763.41	1	1	1	62368.33	1	0	1
673	30	1	64097.75	1	1	1	77783.35	0	0	1
785	36	4	135438.4	1	0	0	190627.01	0	0	0
850	31	4	146587.3	1	1	1	89874.82	1	0	1
835	32	8	124993.29	2	1	1	27548.06	0	0	1
777	28	2	134571.5	1	0	1	118313.38	0	0	0
725	36	1	118851.05	1	1	1	102747.02	0	0	0
603	43	5	127823.93	1	1	1	19483.35	0	0	1
706	29	5	112564.62	1	1	0	42334.38	0	0	0
623	48	5	118469.38	1	1	1	158590.25	0	0	1
669	22	10	0.0	2	1	0	176163.74	0	1	1
620	36	8	0.0	2	1	1	145937.99	0	0	1
515	29	4	151012.55	2	1	0	9770.97	0	1	1
724	31	9	138166.3	1	1	0	12920.43	1	0	1
580	31	2	0.0	2	0	1	64014.24	0	0	1
759	74	6	128917.84	1	1	1	48244.64	0	1	0
779	27	1	0.0	2	1	1	190623.02	0	0	1
716	30	2	205770.78	2	0	0	65464.66	1	0	0
679	52	9	135870.01	2	0	0	54038.62	1	0	1
764	24	0	0.0	2	1	0	88724.49	0	0	0
727	31	2	52192.08	2	0	1	160383.47	0	0	0
700	26	4	119009.57	1	1	0	141926.43	0	0	1
529	31	7	0.0	2	1	1	175697.87	0	0	0
516	35	10	104088.59	2	0	0	119666.0	0	0	1
808	24	4	122168.65	1	1	0	174107.04	0	0	1
755	29	9	117035.89	1	1	1	21862.19	0	0	1
643	46	6	0.0	2	0	0	106781.59	0	0	0
516	33	10	138847.9	1	1	1	127256.7	1	0	0
663	42	1	82228.67	2	1	0	71359.78	0	0	0
561	22	6	186788.96	2	1	0	73286.8	0	0	0
786	62	8	0.0	1	1	1	165702.64	0	0	0
767	34	8	0.0	2	1	0	94767.77	0	0	0
600	27	6	0.0	2	1	1	172031.22	0	1	0
724	41	5	0.0	1	0	1	115753.94	0	1	1
717	33	10	102185.42	2	1	0	23231.93	1	0	0
646	48	8	169023.33	2	1	1	175657.55	1	0	1
730	23	8	0.0	2	1	0	183284.53	0	0	1
724	37	10	68598.56	1	1	0	157862.82	0	0	0
733	30	0	83319.28	1	0	0	57769.2	0	1	0
677	58	9	0.0	1	0	1	168650.4	0	0	1
703	73	5	137761.55	1	1	1	159677.46	0	1	1
773	41	7	190238.93	1	1	1	57549.65	0	0	0
606	27	2	130274.26	2	1	0	147533.09	1	0	1
727	28	1	0.0	1	1	0	40357.39	0	1	1
413	35	2	0.0	2	1	1	60972.84	0	1	1
775	31	9	0.0	2	1	0	169278.51	0	0	1
600	31	8	0.0	2	1	1	121555.51	0	0	1
744	29	1	0.0	1	0	0	82422.97	0	0	1
595	34	2	87967.42	2	0	1	156309.52	1	0	1
744	44	5	120654.68	1	1	0	82290.81	0	1	1
530	39	2	0.0	2	1	0	197923.05	0	0	1
638	39	0	122501.28	2	1	1	95007.8	1	0	0
664	26	7	116244.14	2	1	1	95145.14	1	0	1
730	43	1	103960.38	1	1	1	193650.16	0	1	0
710	75	5	0.0	2	1	1	9376.89	0	1	0
631	29	3	0.0	2	1	1	197963.46	0	1	1
634	52	1	0.0	2	1	1	176913.42	0	1	1
611	40	8	100812.33	2	1	0	147358.27	0	0	0
678	38	3	124483.53	1	1	0	126253.31	0	1	1
715	40	7	0.0	1	1	1	141359.11	0	0	1
704	33	3	0.0	2	1	0	73018.74	0	1	1
490	35	7	107749.03	1	1	1	3937.37	0	0	0
508	28	0	96213.82	2	1	0	147913.56	1	0	1
742	35	5	136857.0	1	0	0	84509.57	1	0	1
633	32	5	163340.12	2	1	1	74415.2	0	1	1
679	33	1	0.0	2	0	0	69608.48	0	0	0
601	74	2	0.0	2	0	1	51554.58	0	0	1
619	31	3	141751.82	1	0	1	61531.86	0	1	0
827	35	0	0.0	2	0	1	184514.01	0	1	0
721	54	5	0.0	2	1	1	4493.12	0	0	1
729	39	4	121404.64	1	1	1	159618.17	0	0	1
726	34	0	185734.75	1	1	1	102036.82	0	0	0
786	32	2	120452.4	2	0	0	79602.86	0	0	1
559	62	6	118756.62	1	1	1	20367.68	0	0	1
599	27	5	0.0	2	1	0	30546.4	0	0	1
746	29	4	105599.67	1	1	1	43106.17	0	0	0
558	47	9	0.0	2	1	0	103787.28	0	0	0
647	40	9	0.0	2	0	1	92357.21	0	0	0
703	28	9	0.0	2	0	1	2151.17	0	0	1
706	30	3	98415.37	1	1	1	110520.48	0	0	1
671	31	0	116234.61	1	1	0	172096.08	0	0	1
477	30	6	131286.46	1	1	0	194144.45	0	0	0
573	27	2	128243.03	1	1	1	11631.34	0	0	1
647	28	8	0.0	2	1	1	91055.27	0	0	1
634	36	1	0.0	1	1	1	143960.72	0	1	0
691	29	9	116536.43	1	1	0	51987.99	0	0	0
663	37	7	0.0	1	1	1	185210.63	0	0	0
550	40	7	114354.95	1	1	0	54018.93	0	0	0
699	27	1	0.0	2	1	0	93003.21	0	0	1
635	24	4	0.0	2	1	1	70668.77	0	1	1
511	33	3	0.0	2	1	0	132436.71	0	0	0
734	34	6	133598.4	1	1	1	13107.24	0	0	1
692	69	10	154953.94	1	1	1	70849.47	0	0	1
732	29	1	154333.82	1	1	1	138527.56	1	0	0
740	30	8	105209.54	1	1	0	1852.58	0	0	0
685	25	10	128509.63	1	1	0	121562.33	0	1	0
572	30	6	117696.67	1	1	0	100843.82	0	0	1
523	34	2	161588.89	1	1	1	51358.66	0	0	1
479	30	7	143964.36	2	1	0	41879.99	1	0	0
759	31	8	0.0	2	1	1	99086.74	0	1	1
697	25	5	82931.85	2	1	1	128373.88	0	1	0
531	37	7	121854.45	1	1	0	147521.35	0	0	1
644	37	9	0.0	2	1	1	96442.86	0	1	1
689	40	8	160272.27	1	1	0	49656.24	0	0	1
516	45	8	109044.3	1	0	1	115818.16	0	1	0
580	35	10	136281.41	2	1	1	24799.47	1	0	1
692	30	7	0.0	2	1	1	18826.34	0	0	0
663	27	8	0.0	1	1	1	188007.99	0	1	1
781	38	3	128345.69	2	1	0	63218.85	0	0	0
704	48	8	167997.6	1	1	1	173498.45	0	1	1
595	41	2	138878.81	1	0	1	112269.67	1	0	0
692	27	1	125547.53	1	0	0	7900.46	0	0	1
565	49	7	0.0	2	1	1	89609.26	0	0	1
780	34	1	0.0	1	1	1	64804.04	0	0	1
791	35	7	52436.2	1	1	0	161051.75	1	0	0
850	40	6	94607.08	1	1	0	36690.49	1	0	1
658	20	7	0.0	2	0	0	187638.34	0	0	1
748	66	8	0.0	1	1	1	163331.65	0	0	1
756	44	10	137452.09	1	1	0	189543.9	1	0	1
581	34	1	101633.04	1	1	0	110431.51	1	0	0
429	60	7	0.0	2	1	1	163691.48	0	0	1
685	30	4	84958.6	2	0	1	194343.72	1	0	0
485	30	7	0.0	1	1	0	107067.37	0	1	0
491	68	3	107571.61	1	0	1	113695.99	0	0	0
497	27	9	75263.16	1	1	1	164825.04	0	1	1
543	23	5	0.0	2	1	0	117832.39	0	1	1
602	35	8	0.0	2	1	1	152843.53	0	0	0
697	25	1	0.0	2	0	0	87803.32	0	0	0
763	23	2	0.0	2	1	0	153983.99	0	0	0
488	43	10	112751.13	1	1	1	28332.0	0	0	1
762	43	5	134204.67	1	1	1	139971.01	0	1	0
665	25	5	153611.83	2	1	0	35321.65	1	0	1
608	42	5	0.0	2	1	0	178504.29	0	0	1
709	22	0	112949.71	1	0	0	155231.55	1	0	1
531	44	3	0.0	2	1	1	34416.79	0	0	1
679	37	8	77373.87	2	0	1	174873.09	1	0	0
731	41	3	0.0	2	1	0	101371.72	0	1	1
713	61	4	149525.34	2	1	0	123663.63	1	0	0
693	43	4	152341.55	1	1	0	9241.78	0	0	0
613	34	8	117300.02	1	1	0	139410.08	0	1	1
805	26	2	0.0	2	1	1	25042.1	0	1	1
523	35	8	138782.76	1	1	1	186118.93	1	0	1
660	34	8	106486.66	2	0	1	182262.66	0	0	1
678	48	2	101099.9	2	0	1	193476.04	1	0	1
616	34	10	0.0	2	1	0	25662.27	0	0	1
660	35	7	0.0	2	1	0	13218.6	0	0	1
635	37	3	0.0	2	1	0	91086.73	0	1	0
609	32	4	99883.16	1	1	1	120594.85	0	1	1
681	57	2	173306.13	1	0	1	131964.66	0	1	0
724	36	6	94615.11	2	1	1	10627.21	1	0	1
559	32	9	145303.52	1	1	0	103560.98	0	0	1
739	38	0	128366.44	1	1	0	12796.43	0	1	1
639	29	4	133434.57	2	1	0	97983.44	0	1	1
616	46	2	0.0	2	1	0	137136.46	0	0	1
751	34	8	127095.14	2	0	0	479.54	0	1	0
693	45	4	0.0	2	1	1	26589.56	0	1	0
604	25	5	157780.84	2	1	1	58426.81	1	0	0
816	31	8	0.0	2	1	1	28407.4	0	0	1
705	32	3	0.0	2	0	0	129576.99	0	0	1
620	42	4	106920.91	1	0	1	119747.08	0	1	1
763	37	8	0.0	2	1	1	933.38	0	1	1
628	45	9	0.0	2	1	1	96862.56	0	0	1
559	31	3	127070.73	1	0	1	160941.78	0	0	0
630	23	4	137964.51	1	0	1	174570.55	1	0	0
724	37	6	125489.4	1	1	0	118570.53	1	0	1
597	61	5	0.0	2	1	1	81299.17	0	0	1
563	36	4	143680.47	2	1	1	63531.19	0	1	0
634	35	6	116269.01	1	1	0	129964.94	1	0	1
508	54	10	0.0	1	1	1	175749.36	0	1	1
446	51	4	105056.13	1	0	0	70613.52	0	0	0
676	30	5	0.0	2	0	0	179066.58	0	1	0
654	29	4	132954.64	1	1	1	146715.07	0	0	1
765	41	2	0.0	2	0	1	191215.61	0	0	1
683	40	1	0.0	2	0	0	75762.0	0	0	0
511	29	9	0.0	2	0	1	140676.98	0	1	0
778	31	9	182275.23	2	1	0	190631.23	1	0	1
658	39	7	0.0	2	1	0	48378.4	0	0	1
740	36	7	0.0	1	1	1	13177.4	0	0	1
552	45	9	0.0	2	1	0	26752.56	0	1	1
629	44	6	125512.98	2	0	0	79082.76	0	1	0
430	38	8	153058.64	1	1	0	99377.27	1	0	0
612	26	4	0.0	2	1	1	179780.74	0	1	0
634	35	10	0.0	1	1	0	82634.41	0	1	0
550	45	0	0.0	2	0	1	70399.71	0	1	1
663	30	4	0.0	3	1	0	101371.05	0	1	1
802	38	1	142557.11	1	1	1	172497.73	0	0	1
668	37	10	152958.29	2	1	1	159585.61	1	0	1
759	35	7	147936.42	1	1	1	106785.7	0	1	0
628	51	9	155903.82	2	1	1	71159.84	1	0	0
583	41	5	77647.6	1	1	0	190429.52	1	0	0
460	35	8	102742.91	2	1	1	189339.6	1	0	0
663	33	9	0.0	2	0	0	91514.62	0	1	1
536	44	4	121898.82	1	0	0	131007.18	1	0	0
657	37	2	0.0	2	1	1	7667.48	0	0	0
676	23	1	107787.47	1	0	1	116378.82	0	0	1
681	30	2	111093.01	1	1	0	68985.99	0	1	1
612	76	6	96166.88	1	1	1	191393.26	1	0	1
783	72	5	121215.9	2	1	1	105206.48	0	0	0
626	39	0	0.0	2	1	1	83295.09	0	0	0
654	47	10	0.0	2	1	0	170481.98	0	0	1
557	36	1	113110.26	1	1	0	98413.1	0	1	1
627	52	1	76101.81	2	0	1	177238.35	1	0	1
689	67	9	157094.78	1	1	1	99490.01	1	0	1
705	31	3	142905.51	1	1	1	58134.97	0	0	0
581	30	0	53291.86	1	0	0	196582.28	0	1	1
628	51	3	123981.31	2	1	1	40546.15	0	0	0
599	36	3	128960.21	2	1	1	40318.33	1	0	1
586	42	2	0.0	1	1	0	102889.34	0	1	0
575	30	2	0.0	2	1	1	82222.86	0	1	1
678	37	2	113383.07	1	1	1	135123.96	1	0	0
724	54	8	172192.49	1	1	1	136902.01	1	0	1
640	33	1	167298.42	1	0	1	145381.65	0	0	0
674	31	1	0.0	1	1	0	128954.05	0	0	0
608	33	9	89968.69	1	1	0	68777.26	0	0	1
567	45	1	157320.51	1	1	0	62193.92	0	1	0
655	34	3	0.0	2	1	0	159638.77	0	0	0
576	29	5	108541.04	1	1	1	126469.09	0	0	0
678	66	8	0.0	2	1	1	47117.03	0	0	1
593	40	2	0.0	1	1	1	5194.95	0	1	0
676	29	7	131959.86	1	0	0	189268.81	0	0	1
714	34	5	141173.03	1	0	1	98896.06	0	0	1
628	40	5	181768.32	2	1	1	129107.97	1	0	1
629	35	4	174588.8	2	0	1	158420.14	0	1	1
640	67	3	0.0	1	0	1	42964.63	0	0	0
623	21	10	0.0	2	0	1	135851.3	0	0	1
505	35	8	116932.59	1	1	0	91092.84	0	1	1
793	32	1	96408.98	1	1	1	138191.81	1	0	0
675	39	7	0.0	2	0	1	36267.21	0	0	1
653	31	2	154741.45	2	0	0	25183.01	1	0	1
735	55	6	134140.68	1	1	0	2267.88	0	0	1
592	45	8	84692.5	1	0	1	67214.02	0	1	1
736	54	7	111729.47	2	0	1	84920.49	0	0	1
760	57	1	0.0	2	1	1	25101.17	0	1	0
826	29	4	129938.07	1	0	1	190200.53	0	1	0
658	35	9	71829.34	1	1	1	68141.92	0	1	1
618	32	5	133476.09	1	0	1	154843.4	0	1	1
850	28	9	97408.03	1	1	1	175853.64	0	1	1
657	37	4	82500.28	1	1	1	115260.72	0	0	1
561	24	8	143656.55	1	0	1	180932.46	0	1	1
652	31	1	132862.59	1	0	0	158054.49	0	1	1
506	40	3	0.0	1	1	1	144345.58	0	0	0
555	33	5	127343.4	1	0	1	121789.3	0	1	1
526	31	5	145537.21	1	1	0	132404.64	1	0	1
782	33	2	94493.03	1	0	1	101866.39	0	0	0
699	47	1	0.0	2	0	1	30117.44	0	1	1
784	31	7	0.0	2	1	1	143204.41	0	0	1
823	38	1	0.0	2	1	0	156603.7	0	0	1
758	33	7	0.0	2	0	0	82996.47	0	0	0
794	22	4	114440.24	1	1	1	107753.07	0	1	0
699	35	5	0.0	2	1	1	78397.24	0	0	1
577	39	10	0.0	2	1	0	10553.31	0	0	0
760	32	2	0.0	1	1	1	114565.35	0	1	0
801	42	4	141947.67	1	1	1	10598.29	0	1	1
582	20	4	0.0	1	1	1	55763.66	0	0	1
678	50	6	0.0	1	1	0	8199.5	0	0	0
748	35	5	105492.53	1	1	1	150057.2	0	1	1
690	44	9	100368.63	2	0	0	35342.33	1	0	1
417	34	7	0.0	2	1	0	55003.79	0	0	1
796	41	8	107525.07	1	1	0	18510.41	0	1	1
628	36	3	91286.51	1	1	0	63085.94	1	0	0
736	26	0	84587.9	1	0	1	188037.76	1	0	0
671	31	7	41299.03	1	0	1	102681.32	0	0	0
607	45	7	123859.6	1	0	1	113051.57	0	0	1
662	26	0	0.0	2	0	1	72929.96	0	0	1
685	57	7	101868.51	1	0	1	113483.96	1	0	1
573	30	6	0.0	2	1	0	66190.21	0	0	0
562	75	5	87140.85	1	1	1	39351.64	0	0	1
633	42	3	126041.02	1	0	1	11796.89	1	0	1
670	54	2	95507.12	1	1	1	63213.31	0	0	0
630	40	8	0.0	2	1	1	42495.81	0	0	1
613	45	1	187841.99	2	1	1	147224.27	0	0	0
662	42	6	105021.28	1	1	0	48242.38	0	1	0
699	37	10	0.0	2	0	0	83263.04	0	0	1
684	27	9	122550.05	2	0	1	137835.82	0	0	0
523	22	8	123374.46	1	1	1	124906.59	0	0	1
819	38	9	122334.26	2	1	1	181507.44	0	0	1
508	44	3	115451.05	2	0	0	67234.33	0	0	1
434	41	4	108128.52	1	0	1	56784.11	0	0	1
826	30	5	0.0	2	0	1	157397.57	0	0	0
774	46	9	0.0	2	1	1	34774.26	0	1	1
721	37	1	0.0	2	1	0	70810.8	0	0	0
580	37	9	0.0	2	0	1	77108.66	0	0	1
735	21	1	178718.19	2	1	0	22388.0	0	0	0
615	35	2	97440.02	2	1	1	139816.1	0	0	0
573	35	9	206868.78	2	0	1	102986.15	1	0	0
637	38	3	104339.56	1	0	0	119882.86	0	0	0
558	32	5	73494.21	1	0	0	136301.1	0	0	1
638	34	7	0.0	2	0	0	3946.29	0	1	0
527	33	9	132168.28	1	0	0	98734.15	0	1	1
773	37	2	103195.2	2	1	0	178268.36	0	1	1
787	40	6	0.0	2	1	1	84151.98	0	0	0
831	44	10	0.0	1	0	1	47729.33	0	1	0
455	37	6	170057.62	1	0	1	54398.56	1	0	0
646	30	5	0.0	2	1	0	13935.32	0	0	0
788	42	6	138650.49	2	1	0	64746.07	1	0	0
621	36	7	116338.68	1	1	1	155743.48	0	1	0
694	39	3	0.0	1	1	1	95625.03	0	1	1
703	28	2	81173.83	2	0	1	162812.16	0	0	1
765	40	6	138033.55	1	1	1	67972.45	0	0	1
619	41	8	142015.76	2	1	0	114323.66	1	0	0
610	26	8	0.0	2	1	0	166031.08	0	0	1
746	36	2	0.0	2	1	1	16436.56	0	1	1
611	40	1	0.0	2	1	1	102547.56	0	0	1
631	31	2	88161.85	2	1	0	127630.88	0	1	0
599	30	9	105443.68	1	1	1	121124.53	0	0	1
468	36	3	61636.97	1	0	0	107787.42	0	0	1
631	55	9	99685.06	1	1	0	114474.98	0	1	1
616	31	7	76665.71	2	1	1	163809.08	0	1	1
717	35	7	58469.37	2	1	1	172459.39	1	0	1
850	70	5	0.0	1	1	1	705.18	0	1	0
551	43	7	0.0	2	1	0	178393.68	0	0	1
520	32	5	110029.77	1	1	0	56246.69	1	0	1
522	37	3	95022.57	1	1	1	129107.59	1	0	0
587	36	1	70784.27	1	1	0	30579.82	0	0	0
704	37	4	0.0	2	0	0	25684.93	0	1	1
841	36	5	156021.31	1	0	0	122662.98	0	0	0
506	32	8	0.0	2	0	1	182692.8	0	1	1
708	46	7	68799.72	1	1	1	39704.14	0	1	1
850	31	6	82613.56	2	1	0	149170.92	0	1	1
679	39	2	146186.28	2	1	1	193974.47	1	0	1
757	46	0	0.0	2	1	0	37460.05	0	0	1
604	28	7	0.0	2	0	0	58595.64	0	0	1
622	42	9	0.0	2	1	0	119127.06	0	1	1
665	55	8	136354.16	1	1	1	93769.89	0	0	0
574	36	1	0.0	2	0	1	71709.12	0	1	1
541	32	8	0.0	2	0	0	40889.14	0	0	1
850	20	7	0.0	2	1	0	31288.77	0	0	1
593	29	5	101713.84	3	1	0	134594.99	1	0	0
750	38	5	151532.4	1	1	1	46555.15	0	0	1
691	38	7	0.0	2	0	0	81617.4	0	0	1
812	32	5	133050.97	2	1	0	89385.92	0	0	1
740	31	8	0.0	2	0	0	86657.48	0	1	0
656	33	7	138705.02	2	1	0	37136.15	0	0	1
821	40	1	0.0	2	1	0	194273.12	0	0	0
699	26	6	79932.41	1	0	0	150242.44	0	1	1
583	38	8	0.0	1	1	0	47848.56	0	0	1
732	41	8	0.0	2	1	1	170886.17	0	0	1
711	81	6	0.0	2	1	1	72276.24	0	0	0
563	44	7	105007.31	2	1	1	197812.16	1	0	1
719	54	7	0.0	2	1	1	125041.52	0	0	0
776	37	2	0.0	1	0	1	8065.0	0	0	1
634	37	7	143258.85	2	1	0	192721.98	1	0	0
643	34	8	117451.47	1	1	0	65374.86	0	1	0
659	29	9	82916.48	1	1	1	84133.48	1	0	1
538	42	9	0.0	1	0	0	152855.96	0	1	0
569	35	3	116969.35	1	0	0	94488.82	0	1	1
749	46	10	78136.36	2	1	1	73470.98	1	0	1
585	39	7	0.0	2	1	0	2401.26	0	0	0
530	23	1	137060.88	2	1	1	165227.23	1	0	1
622	38	4	98640.74	1	1	1	110457.99	0	0	0
636	29	3	97325.15	1	0	1	131924.38	1	0	0
674	37	3	0.0	1	1	0	158049.9	0	0	1
518	46	3	0.0	2	1	0	76515.79	0	0	1
643	25	4	115142.9	1	1	1	148098.95	1	0	1
797	31	8	0.0	2	1	0	117916.63	0	1	0
411	54	9	0.0	1	0	1	76621.49	0	0	0
690	26	5	157624.84	1	1	1	49599.27	0	0	0
738	35	5	161274.05	2	1	0	181429.87	0	0	1
593	38	5	85626.6	1	1	1	125079.65	1	0	0
556	40	9	129860.37	1	0	0	17992.94	0	0	0
592	38	4	0.0	2	1	0	35338.96	0	0	0
603	35	9	145623.36	1	1	0	163181.62	1	0	0
593	36	2	70181.48	2	1	0	80608.12	0	0	1
633	27	3	0.0	2	1	0	44008.91	0	1	1
668	72	2	0.0	2	1	1	70783.61	0	0	1
579	37	4	0.0	2	1	1	32246.63	0	1	1
730	35	0	155470.55	1	1	1	53718.28	0	0	0
618	21	2	125682.79	1	0	0	57762.0	0	0	0
643	34	3	83132.09	1	1	1	21360.88	0	1	1
615	23	4	0.0	2	1	0	196476.19	0	0	0
576	30	7	132174.41	2	0	0	93767.03	1	0	1
570	42	0	107856.57	2	1	0	127528.84	1	0	1
667	70	3	77356.92	2	1	1	20881.96	1	0	1
626	21	1	0.0	2	1	0	66232.23	0	0	1
637	43	3	172196.23	1	1	1	104769.96	0	1	1
545	38	1	88293.13	2	1	1	24302.95	0	0	1
671	34	10	0.0	1	1	0	23235.38	0	1	0
850	35	2	0.0	2	1	1	56991.66	0	0	1
764	29	5	0.0	2	1	0	65868.28	0	1	1
592	31	7	124593.23	1	1	0	86079.67	1	0	1
620	32	7	0.0	2	1	1	34665.79	0	0	1
498	35	2	121968.11	2	0	1	188343.05	1	0	1
614	51	4	40685.92	1	1	1	46775.28	0	0	1
746	25	9	0.0	2	0	1	88728.47	0	0	1
572	47	2	0.0	2	1	0	36099.7	0	0	0
782	42	7	126428.38	1	1	0	39830.1	1	0	1
601	35	2	0.0	2	1	1	118983.18	0	0	1
777	36	7	0.0	1	1	0	106472.34	0	0	1
550	51	5	0.0	2	1	0	153917.41	0	1	1
743	37	8	69143.91	2	0	1	105780.18	0	0	1
561	32	5	0.0	2	1	0	84871.99	0	0	1
627	32	1	0.0	1	1	0	106851.7	0	0	0
416	41	10	122189.66	2	1	0	98301.61	1	0	0
661	26	8	0.0	2	0	0	196875.87	0	0	1
741	50	1	78737.61	1	1	1	13018.96	0	1	1
677	39	0	111213.64	2	1	1	147578.26	1	0	0
703	42	9	63227.0	1	0	1	137316.32	1	0	1
668	34	0	0.0	1	0	0	99984.86	0	1	1
555	27	8	102000.17	1	1	1	116757.0	0	0	0
659	43	1	106086.42	2	1	0	26900.63	0	0	1
756	42	9	0.0	2	1	0	35673.42	0	0	0
659	38	3	0.0	2	1	0	158553.1	0	0	0
664	39	7	60263.23	1	1	0	170835.32	1	0	1
677	25	3	0.0	2	1	0	179608.96	0	0	0
569	34	3	0.0	1	1	0	133997.53	0	1	0
680	34	9	0.0	2	1	1	95686.6	0	0	1
715	32	8	175307.32	1	1	0	187051.23	0	0	1
824	77	3	27517.15	2	0	1	2746.41	1	0	1
792	36	5	115725.24	2	0	0	1871.25	1	0	1
669	43	1	163159.85	1	0	1	15602.8	0	0	1
689	38	2	0.0	1	1	1	82709.8	0	1	1
678	40	8	128644.46	1	0	0	167673.37	1	0	0
668	45	4	102486.21	2	1	1	158379.25	0	1	1
733	39	1	0.0	2	1	1	141841.31	0	0	1
525	57	2	145965.33	1	1	1	64448.36	0	1	0
559	34	5	68999.66	2	1	1	66879.27	0	0	0
567	38	1	125877.65	2	1	1	107841.77	0	0	0
763	61	1	66101.89	1	1	1	143981.27	1	0	0
721	42	4	102936.72	1	0	0	1187.88	0	0	1
486	63	9	97009.15	1	1	1	85101.0	0	0	1
687	31	3	0.0	2	0	0	48228.1	0	1	1
518	40	4	0.0	2	0	1	194416.58	0	0	1
753	31	6	106596.29	1	0	0	91305.77	0	0	0
596	33	1	138162.81	1	1	0	85412.54	0	0	0
751	31	8	0.0	2	0	0	17550.49	0	0	1
668	37	7	128645.67	1	1	0	92149.64	0	0	0
602	48	7	76595.08	2	0	0	127095.14	1	0	0
540	64	1	91869.69	1	0	1	95421.0	1	0	1
834	68	9	130169.27	2	0	1	93112.2	1	0	0
539	29	4	0.0	2	1	1	100919.19	0	0	0
515	35	10	176273.95	1	0	1	121277.78	0	1	1
594	38	10	0.0	2	1	0	58332.91	0	1	0
622	26	9	0.0	2	1	1	153237.59	0	0	1
608	37	5	146093.39	2	0	0	160593.41	0	0	1
542	67	10	129431.36	1	0	1	21343.74	0	0	1
652	37	7	0.0	2	1	0	68789.93	0	1	1
516	29	2	104982.57	1	1	0	157378.5	0	0	0
778	29	7	123229.46	1	1	0	181221.09	1	0	0
550	22	6	154377.3	1	1	1	51721.52	0	0	1
669	47	0	63723.78	2	1	1	181928.25	1	0	1
551	37	3	0.0	2	1	1	50578.4	0	0	1
600	34	0	0.0	2	0	1	3756.23	0	0	1
667	31	1	119266.69	1	1	1	28257.63	0	0	1
551	31	9	82293.82	2	1	1	91565.25	1	0	1
712	47	1	139887.01	1	1	1	95719.73	0	1	1
489	34	5	0.0	1	0	0	43540.59	0	0	1
717	42	5	0.0	2	1	0	172665.21	0	0	1
633	31	1	0.0	1	1	0	48606.71	0	0	1
480	28	6	0.0	2	0	0	48131.92	0	0	0
691	27	3	160358.68	2	1	0	142367.72	1	0	1
622	36	9	0.0	2	1	1	104852.6	0	1	1
841	28	4	0.0	2	1	1	179436.6	0	1	1
487	45	2	0.0	2	1	0	77475.73	0	0	1
688	34	9	91025.58	2	0	1	163783.0	1	0	0
652	33	7	128135.99	1	1	0	158437.73	1	0	1
687	34	5	128270.56	1	1	0	191092.62	0	0	1
732	36	7	0.0	2	1	1	60830.24	0	0	1
542	32	2	131945.94	1	0	1	159737.56	0	1	1
571	33	9	102017.25	2	0	0	128600.49	0	0	0
685	43	9	108589.47	2	0	1	194808.51	1	0	1
548	36	2	108913.84	2	1	1	140460.01	1	0	0
695	36	2	0.0	2	0	1	167749.54	0	0	0
447	32	10	0.0	1	1	1	151815.76	0	0	0
631	33	8	0.0	2	0	0	117374.22	0	0	0
696	40	3	153639.11	1	1	1	138351.68	0	1	1
801	43	4	158713.08	2	0	0	98586.14	0	0	1
466	26	9	105522.06	1	1	0	10842.46	0	0	1
712	34	8	114088.32	1	1	0	92794.61	0	0	1
502	33	5	174673.65	2	1	0	33300.56	1	0	1
655	32	2	0.0	1	1	1	71047.51	0	0	0
804	33	7	76548.6	1	0	1	98453.45	0	1	1
512	33	6	121685.31	2	1	1	83681.97	0	0	0
617	34	0	131244.65	2	1	0	183229.02	0	0	0
716	35	8	112808.18	1	0	1	17848.3	0	0	0
646	73	6	97259.25	1	0	1	104719.66	0	0	0
744	31	0	117551.23	1	1	0	158958.9	0	1	1
474	37	5	142688.57	2	1	1	110953.33	1	0	0
564	27	6	0.0	1	0	0	7819.76	0	0	0
568	38	3	132951.92	1	0	1	124486.28	0	0	0
623	24	7	148167.83	2	1	1	109470.34	0	0	0
707	33	8	136678.52	1	1	0	54290.62	0	0	1
587	36	1	0.0	2	0	1	17135.6	0	0	1
758	47	9	95523.16	1	1	0	73294.48	1	0	0
601	43	3	141859.12	2	1	1	111249.62	1	0	1
713	40	3	114446.84	2	1	1	87308.18	1	0	1
691	33	6	0.0	2	1	1	100408.31	0	0	0
728	28	4	142243.54	2	1	0	33074.51	0	0	0
465	24	5	117154.9	1	1	1	127744.02	1	0	1
826	41	5	146466.46	2	0	0	180934.67	0	1	1
532	66	3	0.0	1	1	1	115227.02	0	1	0
635	42	1	146766.72	2	0	1	164357.1	0	0	1
647	64	1	91216.0	1	1	1	41800.18	0	1	0
593	41	4	119703.1	2	1	1	109783.29	1	0	0
778	41	7	139706.31	1	1	0	63337.19	1	0	1
605	41	5	103154.66	1	0	0	143203.78	0	1	1
694	22	4	0.0	2	1	1	11525.72	0	0	0
615	41	4	130385.82	1	0	1	130661.95	0	0	1
672	28	6	0.0	1	0	1	8814.69	0	0	0
485	32	6	102238.01	2	1	1	194010.12	0	1	1
812	25	5	54817.55	1	1	0	131660.31	1	0	1
570	36	3	0.0	2	1	0	92118.75	0	0	0
776	39	2	104349.45	1	0	0	79503.05	0	1	1
676	40	8	114005.78	1	1	1	67998.45	0	0	1
628	34	4	158741.43	2	1	1	126192.54	0	0	1
533	38	4	70362.52	2	1	1	104189.46	1	0	1
586	29	2	132450.24	1	1	1	36176.63	0	1	1
584	36	4	82696.09	2	0	0	83058.14	0	1	1
743	40	8	68155.59	1	1	0	94876.65	0	0	1
797	29	1	0.0	1	0	1	149991.32	0	0	1
690	31	2	137260.45	2	1	0	55387.28	1	0	1
597	41	4	153198.23	1	1	1	92090.36	0	0	1
658	21	7	0.0	2	0	1	154279.87	0	1	1
611	40	7	128486.91	2	1	0	10109.47	1	0	0
615	64	0	81564.1	2	0	1	35896.09	0	0	1
601	44	1	100486.18	2	1	1	62678.53	0	0	1
663	39	4	0.0	1	1	0	76884.05	0	0	1
697	38	1	182065.85	1	1	0	49503.5	0	0	0
519	57	2	119035.35	2	1	1	29871.79	0	1	0
668	25	8	0.0	2	1	1	135112.09	0	1	1
625	40	7	141267.67	1	0	1	177397.49	0	0	0
477	36	3	117700.86	1	0	0	74042.0	1	0	0
716	41	9	0.0	1	1	1	113267.48	0	0	1
682	54	0	83102.72	2	1	1	54132.93	0	1	0
758	34	3	0.0	2	1	1	124226.16	0	0	0
457	44	7	0.0	2	0	0	185992.36	0	1	1
667	31	3	99513.91	1	1	1	189657.26	0	0	1
584	44	5	95671.75	2	1	1	106564.88	0	0	0
621	33	4	0.0	2	1	1	40299.23	0	1	1
498	29	8	127864.26	1	1	1	46677.9	0	1	1
695	46	7	49512.55	1	1	0	133007.34	0	0	1
850	31	4	164672.66	1	0	1	61936.1	1	0	0
578	30	4	169462.09	1	1	0	112187.11	0	0	1
676	48	1	131659.59	2	0	1	14152.15	0	1	1
850	38	2	102741.15	2	0	1	23974.85	1	0	0
655	37	7	111852.84	2	1	0	10511.13	0	0	0
712	23	2	0.0	2	0	1	66795.78	0	0	1
657	50	9	0.0	2	0	0	37171.46	0	0	1
592	37	3	96651.03	1	1	1	3232.82	0	0	1
676	35	0	0.0	2	0	0	139911.58	0	1	1
596	32	4	0.0	2	0	1	146504.35	0	1	1
752	36	3	0.0	2	1	1	48505.1	0	1	0
783	59	9	126224.87	1	1	1	4423.63	0	1	0
611	30	2	104145.65	1	0	0	159629.64	0	0	1
736	25	9	81732.88	2	1	0	136497.28	1	0	0
838	31	2	0.0	2	1	0	8222.96	0	0	1
541	40	7	95710.11	2	1	0	49063.42	1	0	1
550	62	7	80927.56	1	0	1	64490.67	0	1	1
542	43	6	113567.94	1	1	0	89543.25	0	1	1
547	30	9	72392.41	1	1	0	77077.14	1	0	0
750	37	3	0.0	2	1	0	16870.2	0	0	1
573	52	8	0.0	2	0	1	178229.04	0	0	1
601	26	7	105514.69	2	1	0	50070.59	1	0	0
622	39	9	83456.79	2	0	0	38882.34	0	0	0
431	37	0	120764.08	1	1	1	117023.08	0	0	1
636	42	2	0.0	2	1	1	55470.78	0	0	1
683	30	8	110829.52	2	0	0	24938.84	0	0	1
633	26	8	124281.84	1	1	1	60116.57	0	0	0
689	40	5	154251.67	1	0	1	118319.5	0	1	0
850	53	2	94078.97	2	1	0	36980.54	1	0	1
630	28	1	0.0	2	1	1	133267.78	0	0	0
681	29	8	0.0	1	1	0	66367.33	0	0	1
542	35	2	174894.53	1	1	1	22314.55	0	1	1
569	44	4	0.0	2	0	0	134394.78	0	0	0
680	33	10	183768.47	1	1	0	164119.35	0	0	1
522	32	8	124450.36	2	1	1	165786.1	1	0	1
658	44	6	148481.09	1	1	0	130529.13	0	0	0
701	41	2	0.0	1	1	0	47856.78	0	0	0
776	31	5	0.0	2	1	0	92647.94	0	0	0
750	32	5	0.0	2	1	0	95611.47	0	0	0
768	43	2	129264.05	2	0	0	19150.14	1	0	0
850	50	10	0.0	2	1	1	33741.84	0	1	0
850	46	3	0.0	2	1	1	187980.21	0	0	0
739	29	3	59385.98	2	1	1	105533.96	1	0	1
703	36	2	0.0	2	1	0	108790.95	0	0	1
835	56	2	0.0	2	1	1	39820.13	0	0	0
766	45	6	0.0	2	0	0	147184.74	0	0	0
544	29	1	118560.55	1	1	1	164137.36	0	0	0
488	36	0	0.0	2	1	0	136675.22	0	0	0
670	68	4	0.0	2	1	1	11426.7	0	0	1
850	46	2	157866.77	1	1	1	18986.12	0	0	0
709	39	8	0.0	2	1	0	56214.09	0	0	1
673	41	9	98612.1	1	1	0	151349.35	1	0	0
713	39	10	0.0	2	1	1	126263.97	0	0	0
519	21	1	146329.57	2	1	1	194867.27	0	0	0
534	35	4	0.0	2	0	0	9541.15	0	1	1
643	35	6	0.0	2	1	1	41549.64	0	1	0
466	30	3	0.0	1	1	0	193984.6	0	0	0
711	64	4	0.0	2	1	1	3185.67	0	0	1
706	38	8	0.0	2	0	1	46635.11	0	1	1
543	22	8	0.0	2	0	0	127587.22	0	0	1
659	36	4	132578.92	2	1	0	84320.94	1	0	1
477	27	1	128554.98	1	1	1	133173.19	0	0	1
714	20	3	0.0	2	0	1	150465.93	0	1	1
549	29	3	0.0	2	1	0	146090.38	0	0	1
748	58	9	122330.7	2	0	1	124429.19	0	1	1
546	24	8	156325.38	1	1	1	125381.02	0	0	1
684	38	5	133189.4	1	0	0	127388.06	0	0	0
575	26	7	0.0	2	1	0	112507.63	0	1	0
744	41	7	190409.34	2	1	1	138361.48	1	0	1
717	34	1	0.0	2	1	0	119313.74	0	1	0
710	45	1	0.0	2	1	1	36154.66	0	0	1
450	25	9	74237.2	2	0	1	195463.35	0	1	1
691	24	6	0.0	2	1	1	92811.2	0	0	1
619	30	7	70729.17	1	1	1	160948.87	0	0	0
444	43	3	0.0	2	1	1	159131.21	0	0	1
449	21	7	0.0	2	0	0	175743.92	0	0	0
781	35	1	0.0	2	0	0	42117.9	0	1	1
468	42	5	0.0	2	1	0	125305.34	0	0	0
595	39	9	136422.41	1	1	1	151757.81	0	0	0
678	26	1	0.0	2	1	0	45443.68	0	0	0
572	54	9	97382.53	1	1	1	195771.95	1	0	0
595	20	4	95830.43	1	1	0	177738.98	0	0	1
713	46	5	0.0	1	1	1	55701.62	0	0	1
516	65	9	102541.1	1	1	0	181490.42	0	1	0
731	30	7	0.0	2	0	1	143086.09	0	0	1
549	46	7	0.0	1	1	1	109057.56	0	0	0
653	32	4	83772.95	1	0	1	23920.65	0	0	0
664	24	7	0.0	1	0	1	35611.35	0	0	1
593	39	0	117704.73	1	1	0	197933.5	0	0	0
599	36	4	0.0	2	0	0	13210.56	0	1	1
665	41	8	0.0	2	1	0	132152.32	0	1	1
789	31	4	175477.15	1	1	1	172832.9	0	0	1
671	31	4	0.0	2	0	1	79270.02	0	1	0
850	29	7	0.0	2	1	0	23237.25	0	1	0
782	36	1	148795.17	2	1	1	195681.43	0	0	1
696	31	3	150604.52	1	0	0	5566.6	1	0	1
663	45	5	83195.12	1	1	1	48682.1	0	0	1
633	37	9	156091.97	1	1	0	72008.61	0	0	0
653	40	0	0.0	2	1	0	35795.85	0	0	0
809	33	3	0.0	2	0	1	141426.78	0	1	0
799	52	4	161209.66	1	1	1	89081.41	0	0	0
708	21	8	133974.36	2	1	0	50294.09	1	0	1
680	32	5	0.0	1	1	1	150684.23	0	0	0
690	33	5	0.0	2	1	0	138017.68	0	0	1
662	37	5	0.0	2	1	0	151871.84	0	0	0
699	50	0	158633.61	1	1	0	193785.87	0	1	0
543	49	6	59532.18	1	1	0	104253.56	1	0	1
551	30	2	143340.44	1	1	0	145796.49	1	0	0
694	38	5	195926.39	1	1	1	85522.84	0	0	0
708	40	8	83015.71	1	1	0	101089.76	0	1	1
593	43	9	0.0	2	1	1	76357.43	0	0	1
622	58	2	0.0	2	1	1	33277.31	0	1	0
543	35	5	137482.19	1	0	0	62389.35	0	0	1
789	27	8	66201.96	1	1	1	79458.12	0	0	0
563	22	3	137583.04	1	0	1	5791.85	0	0	1
816	67	6	151858.98	1	1	1	72814.31	0	1	1
731	31	1	132512.26	1	1	1	185466.85	0	0	1
555	48	3	142055.41	2	0	1	79134.78	1	0	1
548	33	6	0.0	1	1	1	31728.35	0	1	1
499	44	6	77627.33	2	1	0	108222.68	1	0	0
711	21	0	82844.33	2	0	1	1408.68	0	0	0
619	28	3	0.0	2	1	0	53394.12	0	0	0
635	29	2	0.0	2	0	0	117173.8	0	1	1
719	50	2	0.0	2	0	0	10772.13	0	1	1
603	46	2	0.0	2	1	0	174478.54	0	1	1
543	67	0	128843.67	1	1	1	134612.48	0	0	0
521	41	2	0.0	2	1	1	113089.43	0	0	0
729	42	1	0.0	2	1	1	149535.97	0	1	0
683	33	8	0.0	1	0	0	73564.44	0	0	1
668	32	2	0.0	2	1	1	40652.33	0	0	0
618	40	1	133245.52	2	1	1	54495.82	1	0	0
725	44	10	0.0	1	0	1	93777.61	0	0	0
810	69	3	27288.43	1	1	1	110509.9	1	0	1
682	81	6	122029.15	1	1	1	50783.88	1	0	1
719	40	9	0.0	2	1	0	182224.14	0	1	0
660	30	4	0.0	2	1	0	129149.06	0	1	1
647	28	6	149594.02	2	1	0	102325.19	0	1	1
675	36	9	106190.55	1	0	1	22994.32	0	1	1
724	33	9	119278.44	1	1	1	197148.24	1	0	0
592	29	7	0.0	2	1	1	91196.67	0	0	1
703	39	6	152685.4	1	0	0	183656.12	0	1	1
656	26	4	139584.57	1	1	0	36308.93	0	1	1
648	42	2	98795.61	2	1	0	89123.99	0	1	1
622	32	5	179305.09	1	1	1	149043.78	0	0	1
661	39	5	0.0	2	0	0	181461.46	0	0	1
760	41	6	0.0	2	0	0	101491.23	0	1	0
705	38	3	123894.43	1	1	0	21177.1	0	0	0
645	41	7	0.0	1	0	1	28667.56	0	0	1
644	39	9	0.0	1	1	0	3740.93	0	0	0
673	65	0	0.0	1	1	1	85733.33	0	0	1
539	20	0	83459.86	1	1	1	146752.67	0	0	1
519	42	8	0.0	2	1	1	101485.72	0	0	1
513	30	5	0.0	2	1	0	162523.66	0	0	1
824	38	3	0.0	2	1	0	192800.25	0	1	0
639	41	5	98635.77	1	1	0	199970.74	1	0	0
689	73	1	108555.07	1	0	1	167969.15	0	1	1
613	40	7	124339.9	1	0	0	193309.58	0	0	1
528	31	9	120962.59	1	1	0	5419.31	0	0	1
646	33	2	0.0	2	0	0	198208.0	0	0	0
766	36	5	78381.13	1	0	1	153831.6	0	1	1
710	33	2	0.0	2	1	0	72945.32	0	0	0
684	38	5	105069.98	2	1	1	198355.28	0	0	1
558	56	7	121235.05	2	1	1	116253.1	0	0	0
540	67	1	88382.01	1	0	1	59457.0	0	1	1
520	35	9	105387.89	1	1	1	25059.06	0	0	1
709	62	3	0.0	2	1	1	82195.15	0	1	1
666	31	3	123212.08	2	1	1	112157.31	1	0	1
490	40	6	156111.08	1	0	0	190889.13	0	1	1
599	41	1	0.0	2	1	0	96069.82	0	0	0
629	43	0	0.0	2	1	1	41263.69	0	0	0
770	36	2	89800.14	1	1	1	105922.69	0	0	1
680	37	6	124140.57	2	1	0	92826.35	0	1	0
767	77	8	149083.7	1	1	1	190146.83	0	1	1
687	35	3	0.0	2	1	1	176450.19	0	1	1
511	30	5	0.0	2	1	0	143994.86	0	0	0
575	37	0	0.0	2	0	0	30114.32	0	1	0
621	34	8	0.0	1	0	0	47972.65	0	1	1
686	39	10	136258.06	1	0	0	89199.51	0	1	1
736	43	4	202443.47	1	1	0	72375.03	0	0	1
553	32	7	64082.09	1	0	1	109159.58	0	0	1
479	40	1	0.0	2	0	0	114996.43	0	0	1
615	49	3	0.0	2	1	1	49872.33	0	0	1
446	32	8	0.0	2	0	0	133292.94	0	0	1
732	35	3	0.0	2	1	0	90876.95	0	0	0
685	30	2	0.0	2	1	1	140889.32	0	0	1
679	42	2	0.0	1	1	1	168294.27	0	1	1
647	42	9	0.0	2	1	1	51362.82	0	0	0
766	43	6	112088.04	2	1	1	36706.56	1	0	1
712	29	2	0.0	1	1	1	144375.0	0	0	0
492	28	9	0.0	2	1	0	95957.09	0	0	0
479	27	2	172463.45	1	1	1	40315.27	0	1	1
537	26	7	106397.75	1	0	0	103563.23	0	0	1
685	58	1	104796.54	1	1	1	154181.41	0	0	1
646	39	9	111574.41	1	1	1	30838.51	1	0	1
531	42	6	88324.31	2	1	0	75248.75	1	0	0
621	50	3	163085.79	1	0	1	131048.36	0	1	1
641	37	2	0.0	2	1	0	3939.87	0	0	0
651	36	7	0.0	2	1	0	13898.31	0	0	1
645	21	1	0.0	2	0	0	28726.07	0	1	0
769	27	2	0.0	1	1	1	57876.05	0	0	0
695	31	5	0.0	2	0	1	13998.88	0	1	0
644	38	3	0.0	2	1	1	79928.41	0	0	1
779	24	10	122200.31	2	1	0	43705.56	1	0	0
515	66	6	0.0	2	1	1	160663.11	0	0	0
684	41	1	134177.06	1	0	0	177506.66	0	1	0
596	33	2	139451.67	1	0	0	63142.12	0	0	1
821	28	8	0.0	1	1	1	36754.13	0	0	0
661	41	5	0.0	1	0	1	88279.6	0	0	1
538	40	8	0.0	2	1	1	25554.4	0	1	1
681	30	2	128393.29	1	1	1	180593.45	0	1	1
747	61	7	155973.13	1	0	1	147554.26	0	0	1
690	47	2	0.0	2	1	0	151375.73	0	0	1
687	41	10	134318.21	2	1	1	198064.52	1	0	1
580	33	7	131647.01	2	0	0	79775.19	1	0	0
652	36	6	112518.71	2	0	1	110421.31	0	0	0
700	37	1	135179.49	1	1	0	160670.37	0	0	1
593	29	2	152265.43	1	1	0	34004.44	0	0	0
585	28	9	135337.49	2	1	1	40385.61	1	0	0
640	46	8	0.0	2	1	0	89043.19	0	1	0
677	37	3	0.0	2	1	1	38252.25	0	0	0
691	40	1	0.0	2	1	1	145613.17	0	1	1
643	59	3	170331.37	1	1	1	32171.79	1	0	1
833	28	4	136674.51	2	0	0	5278.78	0	0	0
721	40	7	0.0	2	1	1	122580.48	0	0	0
850	35	5	0.0	1	1	1	80992.8	0	0	0
671	48	8	115713.84	2	0	0	83210.84	0	0	0
717	36	2	164557.95	1	0	1	82336.73	0	1	0
768	44	6	60603.4	1	1	1	178045.97	0	1	0
716	44	6	155114.9	1	0	0	133871.83	0	0	0
518	28	9	85146.36	1	0	0	2803.89	0	0	0
698	38	2	130015.24	1	1	1	41595.3	0	0	1
794	30	8	0.0	2	1	1	24113.91	0	0	1
493	32	8	46161.18	1	1	1	79577.4	0	1	1
624	38	3	0.0	2	1	1	163666.85	0	0	0
772	42	0	101979.16	1	1	0	90928.48	1	0	0
693	28	1	145118.83	1	0	1	77742.38	0	1	1
781	33	3	89276.48	1	1	0	6959.0	0	0	1
639	39	1	141789.15	1	1	0	92455.96	0	1	0
627	37	7	147361.57	1	1	1	133031.96	1	0	0
755	29	3	0.0	3	1	0	4733.94	0	0	0
589	32	2	0.0	2	0	1	9468.64	0	0	1
655	20	7	134397.61	1	0	0	28029.54	0	0	0
562	33	6	0.0	2	1	0	111590.35	0	0	1
665	37	5	160389.82	1	0	1	183542.08	0	0	0
505	37	0	134006.39	1	1	1	93736.69	0	1	1
604	36	10	113546.3	1	1	1	134875.37	1	0	1
673	34	1	127122.79	3	0	1	76703.1	1	0	0
629	33	6	0.0	2	1	1	59129.72	0	0	0
684	32	9	100249.41	2	0	1	67599.69	0	0	1
537	38	1	96939.06	1	1	1	102606.92	0	1	0
695	39	5	0.0	2	0	0	102763.69	0	1	0
632	42	4	126115.6	1	1	0	100998.5	0	0	1
585	44	4	0.0	2	0	1	101728.46	0	1	0
454	40	2	123177.01	1	1	0	148309.98	0	1	1
641	37	7	62974.64	2	0	1	39016.43	1	0	0
686	22	5	0.0	2	1	0	158974.45	0	1	1
585	34	1	0.0	1	1	1	75503.6	0	0	0
611	36	10	103294.56	1	1	0	160548.12	1	0	0
651	34	2	90355.12	2	0	0	193597.94	1	0	1
780	76	10	121313.88	1	0	1	64872.33	0	0	1
632	29	7	80922.75	1	1	0	7820.78	0	1	0
488	34	3	0.0	2	1	1	125979.36	0	0	1
573	47	8	154543.98	1	1	0	29586.73	0	0	0
739	25	5	113113.12	1	1	0	129181.27	1	0	0
669	45	1	123949.75	1	0	0	110881.56	1	0	1
657	30	1	139762.13	2	1	1	23317.88	1	0	1
635	34	3	134692.4	2	1	1	83773.02	0	0	1
593	69	2	187013.13	2	0	1	105898.69	1	0	1
510	22	3	156834.34	1	0	0	44374.44	0	0	0
643	45	9	150840.03	2	1	0	155516.35	0	1	0
658	45	9	134562.8	1	1	1	159268.67	1	0	0
722	46	5	0.0	2	1	0	179908.71	0	0	1
696	32	8	101160.99	1	1	1	115916.55	1	0	1
755	34	3	0.0	2	1	1	158816.03	0	0	1
798	32	7	0.0	2	0	1	37731.95	0	0	1
639	38	9	130233.14	1	1	1	81861.1	0	1	1
540	48	0	148116.48	1	0	0	116973.48	0	0	1
564	33	4	135946.26	1	1	0	63170.0	0	0	0
592	38	8	119278.01	2	0	1	19370.73	0	0	0
510	65	2	0.0	2	1	1	48071.61	0	0	1
579	31	9	0.0	1	0	1	139048.0	0	0	1
735	39	1	60374.98	1	1	0	40223.74	0	1	1
678	83	6	123356.63	1	0	1	92934.41	1	0	1
682	59	0	122661.39	1	0	1	84803.76	0	1	0
507	29	6	0.0	2	0	1	94780.9	0	1	0
796	40	1	99745.95	1	1	0	177524.19	1	0	0
746	36	9	127157.04	1	1	1	155700.15	0	0	1
631	34	6	125227.82	2	0	1	128247.03	1	0	0
649	47	1	0.0	2	1	1	145593.85	0	0	1
643	36	0	148159.71	1	0	0	55835.66	0	0	1
816	40	9	109003.26	1	1	1	79580.56	1	0	0
652	45	2	151421.44	1	0	1	115333.43	1	0	1
806	25	7	0.0	2	1	0	18461.9	0	1	1
751	36	5	73194.99	1	1	1	89222.66	1	0	1
635	35	2	113635.16	1	1	0	90883.12	0	1	1
563	32	6	0.0	2	1	1	19720.08	0	1	1
794	30	1	154970.54	1	0	1	156768.45	0	1	0
617	42	0	70105.87	1	1	1	120830.73	0	1	1
571	40	5	0.0	2	0	0	72849.29	0	0	1
638	32	0	0.0	2	1	0	160129.99	0	0	0
724	28	5	0.0	1	1	0	59351.68	0	0	0
655	39	6	94631.26	2	1	1	148948.52	0	0	0
794	33	0	0.0	2	0	0	178122.71	0	0	1
461	34	5	63663.93	1	0	1	167784.28	1	0	0
666	35	2	104832.49	1	1	0	175015.12	0	1	1
606	71	8	0.0	2	1	1	169741.96	0	0	0
850	30	2	0.0	2	0	1	27937.12	0	1	1
701	37	1	0.0	2	1	0	163457.55	0	0	1
592	62	5	0.0	1	1	1	100941.57	0	0	0
672	34	6	0.0	1	0	0	22736.06	0	0	1
476	32	6	111871.93	1	0	0	112132.86	0	0	0
678	35	4	0.0	1	1	0	125518.32	0	0	0
741	29	8	0.0	2	1	1	115994.52	0	0	1
597	41	4	145809.53	2	1	1	52319.26	0	0	0
641	57	5	0.0	2	1	1	122449.18	0	0	1
470	48	6	140576.11	1	1	1	116971.05	0	1	0
650	25	7	160599.06	2	1	1	28391.52	0	1	1
535	45	2	0.0	2	1	0	125658.28	0	0	1
545	32	4	0.0	1	1	0	94739.2	0	1	0
663	42	5	124626.07	1	1	1	78004.5	0	0	0
487	40	6	136093.74	1	0	1	193408.43	0	1	0
542	34	8	108653.93	1	0	1	144725.14	0	1	1
521	61	0	125193.96	1	1	1	109356.53	1	0	0
611	46	6	0.0	2	1	0	45886.33	0	1	1
656	18	10	151762.74	1	0	1	127014.32	0	0	1
710	30	10	0.0	2	1	0	19500.1	0	1	0
849	27	0	0.0	2	0	1	157891.86	0	0	1
774	42	2	132193.94	2	1	1	162865.52	1	0	1
628	42	7	0.0	2	0	1	172967.87	0	1	1
473	32	5	146602.25	2	1	1	72946.95	1	0	0
582	29	0	0.0	1	1	1	84012.81	0	0	0
473	35	7	131504.73	1	1	0	189560.43	1	0	0
710	31	3	0.0	2	1	1	112289.06	0	0	0
527	53	8	0.0	1	1	1	51711.57	0	1	1
600	32	1	0.0	1	1	1	101986.16	0	0	1
580	65	1	0.0	2	0	1	103182.46	0	1	0
512	31	7	0.0	2	0	0	49326.07	0	0	0
808	45	7	118626.55	2	1	0	147132.46	0	0	1
670	45	5	47884.92	1	1	1	54340.24	0	0	0
792	25	8	142862.21	1	1	1	130639.01	0	1	1
623	28	7	0.0	1	0	0	129526.57	0	0	1
695	29	5	0.0	2	1	1	6770.44	0	0	1
639	32	9	0.0	2	1	0	111340.36	0	0	1
771	32	5	62321.62	1	1	1	40920.59	0	0	1
492	31	7	0.0	2	1	1	49463.44	0	0	0
561	37	1	100443.36	2	0	1	101693.73	0	0	1
662	38	0	105271.56	1	0	1	179833.45	0	0	1
850	37	4	126872.6	1	1	0	197266.58	0	0	1
695	45	9	43134.65	1	0	1	77330.35	0	0	1
704	42	8	129735.3	2	1	1	179565.57	0	0	1
773	52	2	0.0	2	1	0	57337.79	0	1	1
827	46	1	183276.32	1	1	1	13460.27	0	1	1
634	34	1	0.0	2	1	0	61995.57	0	1	1
653	27	9	0.0	2	1	0	96429.29	0	0	0
688	38	7	123544.21	1	1	1	157664.02	0	0	0
762	28	2	0.0	2	1	0	167909.52	0	0	1
568	27	1	116320.68	1	0	1	45563.94	0	1	0
707	47	3	0.0	2	1	0	174303.29	0	0	1
610	31	5	0.0	2	0	0	63736.36	0	1	0
732	40	10	0.0	2	1	0	154189.08	0	0	0
701	51	9	0.0	2	0	0	61961.57	0	0	1
603	40	8	148897.02	1	0	0	105052.9	1	0	0
709	34	4	148375.19	2	1	1	21521.38	1	0	1
746	24	3	137492.35	2	0	1	170142.09	0	0	1
659	33	8	115409.6	1	0	1	1539.21	0	1	0
599	33	2	51949.95	2	1	0	85045.92	1	0	1
608	23	8	197715.93	2	1	1	116124.28	1	0	1
650	26	4	214346.96	2	1	0	128815.33	1	0	1
744	39	6	0.0	1	0	0	10662.58	0	0	0
528	43	7	97473.87	2	1	1	159823.16	0	1	1
487	36	1	140137.15	1	1	0	194073.33	0	1	0
774	42	3	137781.65	1	0	0	199316.19	0	0	0
775	33	3	83501.66	2	1	0	128841.31	1	0	1
630	36	2	110414.48	1	1	1	48984.95	0	0	0
623	28	4	0.0	2	1	0	41227.67	0	0	0
555	33	1	56084.69	2	0	0	178798.13	0	1	1
651	34	9	0.0	2	1	0	138113.71	0	0	0
699	49	2	0.0	1	0	0	105760.01	0	0	0
641	25	10	0.0	2	1	1	180808.39	0	1	1
623	40	6	0.0	2	1	1	66119.07	0	0	1
607	36	8	158261.68	1	1	1	76744.72	0	1	1
764	39	5	81042.42	1	0	1	109805.17	0	0	0
509	31	3	0.0	2	1	0	15360.91	0	0	1
490	48	8	155413.06	1	1	0	187921.3	0	1	0
710	23	6	0.0	2	1	1	134188.11	0	1	1
756	19	4	130274.22	1	1	1	133535.29	0	1	1
580	36	3	74974.89	1	1	1	12099.67	1	0	0
693	29	2	151352.74	1	0	0	197145.89	0	0	1
611	51	1	122874.74	1	1	1	149648.45	0	1	1
579	26	10	162482.76	1	1	1	18458.2	0	0	0
677	43	3	133214.88	2	1	1	95936.84	0	1	0
583	47	5	102562.23	1	1	0	92708.1	0	1	1
842	29	8	0.0	2	1	1	123437.05	0	0	1
531	42	6	75302.85	2	0	0	57034.35	0	1	0
660	31	6	172325.67	1	0	1	45438.38	0	0	0
607	49	9	119960.29	2	1	0	103068.22	0	0	0
640	50	9	117565.03	2	0	0	82559.77	0	0	0
550	39	2	116120.19	2	1	1	195638.13	0	1	1
485	30	5	156771.68	1	1	1	141148.21	1	0	0
520	38	4	0.0	2	1	0	56388.63	0	0	0
751	28	10	132932.14	2	1	1	46630.47	1	0	0
575	53	1	84903.33	2	0	1	26015.8	0	1	1
704	36	7	120026.98	2	0	1	100601.73	0	0	1
571	32	5	131354.25	1	1	0	125256.53	0	0	1
711	38	4	123345.85	1	1	0	141827.83	0	0	1
593	33	0	95927.04	1	1	0	199478.05	0	0	0
654	43	9	84673.17	2	0	1	82081.35	1	0	1
631	37	2	121801.72	2	0	1	23146.62	1	0	0
698	38	10	95010.92	1	1	1	105227.86	0	1	1
717	25	7	108664.85	2	1	0	190011.85	0	0	0
696	35	4	174902.26	1	1	0	69079.85	1	0	0
750	43	6	113882.31	1	1	1	74564.41	0	0	1
740	40	2	122295.17	2	1	1	30812.84	1	0	0
684	38	4	0.0	3	1	0	75609.84	0	0	1
751	29	10	147737.63	1	0	1	94951.27	0	0	1
688	26	8	146133.39	1	1	1	175296.76	1	0	1
850	36	2	155180.56	2	0	0	169415.54	0	1	0
832	27	10	98590.25	1	1	0	30912.89	0	0	0
672	68	0	126061.51	2	1	1	184936.77	1	0	1
625	44	7	0.0	1	1	0	4791.8	0	0	0
676	64	4	116954.32	1	1	1	91149.48	0	1	0
850	36	7	0.0	1	1	1	40812.9	0	0	1
676	30	1	128207.23	1	1	1	55400.17	0	0	1
652	34	6	97435.85	2	1	1	104331.76	0	0	0
741	38	9	0.0	2	1	0	14379.01	0	0	1
782	35	4	0.0	1	1	1	119565.34	0	0	0
656	38	10	0.0	1	1	1	136521.82	0	0	1
719	44	2	0.0	2	1	0	196582.19	0	1	1
564	24	6	149592.14	1	1	1	153771.8	0	1	0
710	33	10	118327.17	2	1	1	192928.82	0	0	1
601	42	9	133636.16	1	0	1	103315.74	1	0	0
606	32	1	106301.85	2	0	1	59061.25	1	0	0
667	44	2	122806.95	1	0	0	15120.86	0	0	1
489	38	8	0.0	2	0	1	196990.79	0	0	1
712	24	2	0.0	1	0	1	121232.51	0	0	1
796	24	8	0.0	2	1	0	61349.37	0	0	1
672	39	2	0.0	2	1	0	87372.49	0	0	1
793	41	9	0.0	2	1	0	152153.74	0	1	1
433	34	9	152806.74	1	1	0	19687.99	0	1	1
637	40	2	133463.1	1	0	1	93165.34	0	0	1
716	31	8	109578.04	2	1	1	51503.51	0	0	1
617	45	1	0.0	1	1	0	143298.06	0	1	0
693	39	4	0.0	2	0	1	142331.39	0	0	0
562	35	3	142296.13	1	0	1	177112.7	1	0	1
781	29	9	0.0	2	0	0	172097.4	0	0	1
479	26	1	0.0	2	1	1	19116.97	0	0	0
756	40	1	94773.11	1	1	0	114279.63	0	0	1
672	33	2	0.0	2	1	1	182738.0	0	1	1
554	41	4	112152.89	1	0	1	36242.19	0	1	0
762	44	7	159316.64	1	0	0	24780.13	0	0	0
773	25	1	124532.78	2	0	1	11723.57	0	0	1
445	64	2	136770.67	1	0	1	43678.06	0	0	1
508	64	2	0.0	1	1	1	6076.62	0	0	0
573	27	4	0.0	2	1	1	157549.6	0	0	0
598	39	1	0.0	2	1	0	159130.32	0	1	1
773	50	4	0.0	2	1	0	129372.94	0	0	0
679	48	8	0.0	2	1	0	23344.94	0	0	1
781	32	6	147107.91	1	1	1	40066.95	0	0	1
634	41	8	68213.99	1	1	1	6382.46	0	0	0
782	33	7	191523.09	1	1	1	167058.75	0	0	1
725	66	4	86459.8	1	1	1	141476.56	0	0	1
544	44	1	0.0	2	0	0	69244.24	0	0	1
582	52	2	151457.88	1	0	1	40893.61	0	0	1
573	36	1	0.0	1	1	1	56905.38	0	0	0
850	37	2	0.0	2	1	0	119969.99	0	1	1
627	35	7	0.0	2	0	1	193022.44	0	0	0
786	35	3	0.0	2	1	0	92712.97	0	0	1
661	37	5	136425.18	1	1	0	81102.81	0	0	0
605	75	2	61319.63	1	0	1	186655.11	1	0	1
607	32	9	144272.07	2	1	0	176580.63	1	0	1
678	41	9	0.0	1	0	0	13160.03	0	0	0
607	35	2	0.0	2	1	1	114190.3	0	0	1
697	48	1	0.0	2	1	1	87400.53	0	0	0
640	74	2	116800.25	1	1	1	34130.43	1	0	0
590	40	8	0.0	2	1	0	62933.03	0	0	1
676	31	3	78990.15	1	1	1	124777.14	0	0	1
617	41	7	0.0	2	0	1	14496.67	0	0	1
603	40	4	102833.46	2	1	1	38829.11	0	0	1
803	41	9	137742.9	2	1	1	166957.82	1	0	1
726	37	2	132057.92	2	1	0	34743.98	0	0	1
657	28	7	0.0	2	0	1	5177.62	0	0	0
673	72	1	0.0	2	0	1	111981.19	0	0	1
744	38	9	0.0	2	0	0	20940.76	0	0	0
563	35	3	106250.72	1	0	0	39546.32	0	0	1
716	33	2	0.0	2	1	1	92916.53	0	1	1
600	28	6	0.0	2	0	1	52193.23	0	0	0
652	27	2	166527.88	2	0	1	146007.7	1	0	1
670	32	4	102954.68	2	0	1	134942.45	1	0	0
780	47	7	86006.21	1	1	1	37973.13	0	1	1
777	35	7	122917.69	1	1	1	76169.68	1	0	1
850	29	10	0.0	2	1	1	199775.67	0	0	0
784	23	2	0.0	1	1	1	6847.73	0	1	1
569	41	2	0.0	2	1	0	134272.57	0	1	1
835	28	2	163569.61	2	1	1	154559.28	0	0	1
580	67	3	153946.14	1	1	1	7418.92	0	1	1
639	27	3	150795.81	1	0	1	85208.93	1	0	1
536	22	5	89492.62	1	0	0	42934.43	0	0	0
752	44	6	83870.33	1	1	0	178722.24	0	1	1
698	36	2	82275.35	2	1	1	93249.26	0	0	1
487	34	2	96019.5	1	0	0	9085.0	0	0	0
633	39	2	0.0	2	0	0	191207.03	0	1	0
653	38	8	102133.38	1	1	1	166520.96	0	0	0
611	31	0	107884.81	2	1	1	183487.98	1	0	1
849	37	7	143452.74	2	1	1	17294.12	1	0	1
790	26	5	0.0	1	1	0	20510.79	0	0	1
575	40	1	139532.34	1	1	0	181294.39	0	0	0
573	38	4	0.0	2	1	1	196517.43	0	1	1
815	37	1	166115.42	1	1	0	67208.3	0	0	1
677	44	4	148770.61	2	1	1	191057.76	1	0	0
718	28	4	65643.3	1	1	0	28760.99	1	0	1
599	38	9	89111.63	1	0	0	157239.6	1	0	1
650	50	7	129667.77	1	0	0	42028.16	0	1	0
549	24	9	0.0	2	1	1	14406.41	0	1	0
535	44	2	114427.86	1	1	1	136330.26	0	0	0
679	58	8	125850.53	2	1	1	87008.17	1	0	1
610	45	1	0.0	2	1	1	199657.46	0	0	0
717	28	1	90537.16	1	0	1	74800.99	0	0	0
686	39	3	129626.19	2	1	1	103220.56	1	0	1
750	37	2	113817.06	1	0	0	88333.74	0	1	0
513	37	6	0.0	2	1	0	110142.34	0	0	0
594	27	0	197041.8	1	0	0	151912.49	0	0	1
705	39	3	92224.56	1	1	1	54517.25	0	0	0
798	39	6	119787.76	1	1	1	164248.33	1	0	0
760	34	6	121303.77	2	1	1	59325.21	1	0	1
693	37	6	95900.04	1	1	1	38196.24	1	0	0
499	21	3	176511.08	1	1	1	153920.22	0	0	0
720	43	6	137824.03	2	1	0	172557.77	0	0	0
682	27	1	97893.2	1	1	0	166144.98	0	0	0
813	32	1	122889.88	1	1	1	26476.18	0	0	1
632	30	1	58668.02	1	1	1	78670.52	1	0	1
538	42	4	80380.24	1	1	0	119216.46	1	0	0
770	46	5	141788.63	2	0	0	164967.21	1	0	0
681	46	0	105969.42	1	1	0	5771.56	0	0	1
806	36	8	167983.17	2	1	1	106714.28	1	0	1
833	30	1	0.0	2	1	0	141860.62	0	0	1
614	66	2	0.0	2	0	1	180082.7	0	1	1
496	29	4	0.0	2	1	0	164806.89	0	0	0
599	28	7	119706.22	1	0	0	31190.42	0	0	1
730	29	2	0.0	2	1	0	14174.09	0	1	1
721	40	9	118129.87	1	1	1	160277.65	0	0	1
608	40	7	96202.32	1	0	0	161154.85	1	0	0
701	42	5	0.0	2	0	0	24210.56	0	1	0
850	31	4	91292.7	1	1	1	162149.07	0	1	0
463	20	8	204223.03	1	1	0	128268.39	0	1	1
722	50	4	132088.59	1	1	1	128262.14	0	1	0
850	28	8	99986.98	1	1	0	196582.55	0	0	1
677	36	4	0.0	2	1	0	7824.31	0	0	1
609	34	1	0.0	1	1	1	181177.9	0	0	1
720	33	6	97188.62	1	0	0	91881.29	0	1	1
639	43	6	99610.92	2	1	0	187296.78	0	0	1
548	33	1	80107.83	2	0	1	82245.67	0	0	0
640	68	9	0.0	2	1	1	199493.38	0	0	1
762	29	6	141389.06	1	1	0	54122.89	0	0	1
766	45	6	97652.96	1	1	0	127332.33	1	0	0
526	34	3	122726.56	1	1	1	46772.36	1	0	1
615	30	8	0.0	2	0	0	3183.15	0	0	1
588	34	3	120777.88	1	1	1	131729.52	0	0	0
529	31	5	0.0	2	1	0	26817.23	0	0	0
659	32	9	0.0	2	1	1	93155.75	0	0	0
721	37	4	98459.6	1	0	0	90821.66	1	0	1
721	41	2	0.0	2	1	0	168219.75	0	0	1
702	34	4	100054.77	1	1	0	109496.45	0	0	1
726	36	2	0.0	1	1	0	195192.4	0	1	1
506	34	7	0.0	2	0	0	115842.1	0	0	1
605	30	9	135422.31	1	0	1	186418.85	0	0	0
769	31	4	61297.05	2	1	1	7118.02	0	0	1
714	33	3	35016.6	1	1	0	53667.08	1	0	1
564	37	9	100252.18	1	1	1	146033.52	0	1	1
829	50	7	0.0	2	0	1	178458.86	0	1	1
850	30	3	104911.35	2	1	1	42933.26	1	0	0
755	43	9	0.0	2	1	0	18066.69	0	0	0
547	43	1	92350.36	1	0	1	80262.91	0	0	1
642	36	6	0.0	2	1	1	97938.59	0	1	0
630	53	5	138053.67	1	0	1	114110.97	0	0	1
555	32	10	0.0	2	0	1	168605.96	0	1	1
616	29	9	0.0	1	1	1	166984.44	0	0	1
717	28	9	82498.14	2	0	0	40437.67	1	0	0
693	41	4	0.0	2	0	0	156381.47	0	0	1
680	31	10	113292.17	1	1	1	122639.73	0	0	1
594	40	0	152092.44	2	1	1	83508.93	1	0	1
530	44	6	0.0	2	0	0	55893.37	0	1	1
501	34	5	0.0	1	1	0	27380.99	0	0	0
597	72	6	124978.19	2	1	1	7144.46	1	0	0
648	44	9	111369.79	2	1	1	91947.74	1	0	1
559	40	5	139129.44	1	0	1	32635.54	0	1	0
790	41	7	109508.68	1	0	0	86776.38	0	1	0
677	38	4	0.0	2	1	0	187800.63	0	0	1
551	32	4	0.0	2	1	0	53420.53	0	1	1
774	41	5	126670.37	1	1	0	102426.06	0	0	0
668	69	9	0.0	1	0	1	134483.07	0	1	0
485	21	5	113157.22	1	1	1	54141.5	0	1	0
808	33	2	103516.87	1	1	0	113907.8	0	0	0
575	37	9	133292.45	1	1	0	111175.09	0	1	0
448	25	2	0.0	2	0	0	95215.73	0	1	1
553	31	6	0.0	2	0	0	124596.63	0	0	1
563	57	6	0.0	2	1	1	39297.48	0	1	1
679	33	6	0.0	2	1	1	98015.85	0	0	0
728	30	10	114835.43	1	0	1	37662.49	0	0	1
583	27	1	125406.58	1	1	1	110784.42	0	0	0
850	33	3	100476.46	2	1	1	136539.13	0	1	1
536	28	4	0.0	1	1	1	136197.65	0	1	0
712	27	8	113174.21	2	1	0	147261.58	1	0	1
529	31	6	0.0	1	1	0	10625.91	0	1	1
556	31	1	128663.81	2	1	0	125083.29	1	0	0
594	31	0	79340.95	1	1	0	78255.86	0	0	0
730	33	0	0.0	2	1	0	1474.79	0	0	1
537	28	0	88963.31	2	1	1	189839.93	0	0	1
812	33	2	127154.14	2	0	1	105383.49	1	0	1
693	39	0	0.0	2	0	0	81901.6	0	1	0
626	35	3	0.0	1	0	0	80190.36	0	0	0
850	33	0	124781.67	1	0	1	33700.52	0	0	1
679	35	1	110245.13	1	1	1	178291.09	1	0	1
591	45	5	0.0	2	1	1	155492.87	0	0	1
578	28	4	0.0	2	0	0	6947.09	0	1	1
722	29	1	107233.85	2	1	0	24924.92	1	0	1
527	32	7	0.0	2	1	1	44099.75	0	0	0
714	25	4	0.0	2	0	0	82500.84	0	0	0
585	33	8	0.0	2	1	0	114182.07	0	1	0
746	21	8	166883.07	2	0	1	194563.65	0	0	0
709	35	1	111827.27	2	1	0	12674.68	0	1	0
769	39	8	0.0	1	0	1	21016.0	0	0	0
683	31	2	0.0	2	0	1	77326.78	0	0	1
564	30	0	100954.88	2	0	0	134175.15	1	0	0
649	35	4	108306.44	1	1	1	192486.24	0	0	0
590	27	8	123599.49	2	1	0	1676.92	1	0	0
768	25	0	78396.08	1	1	1	8316.19	0	0	1
644	40	10	139180.97	1	1	1	19959.67	0	0	0
684	46	3	102955.14	2	1	0	154137.33	1	0	0
615	35	7	0.0	2	1	0	150784.29	0	0	1
583	27	7	0.0	2	1	0	51285.49	0	0	1
773	41	9	102827.44	1	0	1	64595.25	0	1	1
446	25	3	136202.78	1	1	0	176743.51	1	0	1
613	39	8	118201.41	1	1	0	23315.59	0	1	1
490	41	0	139659.04	1	1	1	176254.12	1	0	0
667	42	10	64404.26	2	0	0	26022.37	1	0	0
804	25	7	108396.67	1	1	0	128276.95	0	0	1
606	30	8	180307.73	2	1	1	1914.41	0	1	1
597	66	3	0.0	1	1	1	70532.53	0	1	0
508	31	8	72541.48	1	1	0	129803.08	0	0	1
554	39	2	129709.62	1	1	0	173197.12	0	0	1
619	42	2	0.0	1	1	1	101348.88	0	0	0
502	42	8	159660.8	3	1	0	113931.57	0	0	0
645	44	8	113755.78	2	1	0	149756.71	0	1	1
376	29	4	115046.74	4	1	0	119346.88	1	0	0
653	58	1	132602.88	1	1	0	5097.67	1	0	1
510	38	4	0.0	1	1	0	118913.53	0	1	0
591	39	3	0.0	3	1	0	140469.38	0	1	0
475	45	0	134264.04	1	1	0	27822.99	0	0	0
465	51	8	122522.32	1	0	0	181297.65	0	0	0
834	49	2	131394.56	1	0	0	194365.76	0	0	0
829	27	9	112045.67	1	1	1	119708.21	1	0	0
637	39	9	137843.8	1	1	1	117622.8	1	0	0
655	41	8	125561.97	1	0	0	164040.94	1	0	1
601	42	1	98495.72	1	1	0	40014.76	1	0	1
511	66	4	0.0	1	1	0	1643.11	0	1	0
738	58	2	133745.44	4	1	0	28373.86	1	0	1
777	32	2	0.0	1	1	0	136458.19	0	0	0
750	22	3	121681.82	1	1	0	128643.35	0	1	1
646	46	4	0.0	3	1	0	93251.42	0	0	0
647	44	5	0.0	3	1	1	174205.22	0	1	0
670	65	1	0.0	1	1	1	177655.68	0	1	0
622	46	4	107073.27	2	1	1	30984.59	0	1	0
479	35	9	92833.89	1	1	0	99449.86	1	0	1
721	28	9	154475.54	2	0	1	101300.94	1	0	1
524	31	8	107818.63	1	1	0	199725.39	1	0	0
432	42	9	152603.45	1	1	0	110265.24	0	0	1
549	52	1	0.0	1	0	1	8636.05	0	0	0
625	56	0	148507.24	1	1	0	46824.08	1	0	1
584	48	2	213146.2	1	1	0	75161.25	0	1	0
579	35	1	129490.36	2	0	1	8590.83	0	1	0
793	52	2	0.0	1	1	0	159123.82	0	1	1
691	31	5	40915.55	1	1	0	126213.84	0	0	0
535	48	9	0.0	1	1	0	149892.79	0	0	0
706	57	7	0.0	1	1	0	17941.16	0	1	1
683	29	0	133702.89	1	1	0	55582.54	0	1	1
704	24	7	113034.22	1	1	0	162503.48	1	0	0
667	39	2	0.0	2	1	0	40721.24	0	1	0
480	44	10	129608.57	1	1	0	5472.7	1	0	1
754	55	3	161608.81	1	1	0	8080.85	1	0	0
804	50	4	0.0	1	1	1	8546.87	0	0	0
715	41	8	56214.85	2	0	0	92982.61	0	0	0
516	50	5	0.0	1	0	1	146145.93	0	1	1
711	38	2	129022.06	2	1	1	14374.86	0	0	0
608	41	3	89763.84	1	0	0	199304.74	0	1	0
643	45	5	0.0	1	1	0	142513.5	0	0	1
668	47	7	106854.21	1	0	1	157959.02	1	0	1
807	43	1	105799.32	2	1	0	34888.04	0	0	1
592	54	8	0.0	1	1	1	28737.71	0	0	1
850	33	10	0.0	1	1	0	4861.72	0	0	1
671	45	6	99564.22	1	1	1	108872.45	1	0	1
547	39	6	74596.15	3	1	1	85746.52	1	0	0
751	50	2	96888.39	1	1	0	77206.25	1	0	1
763	42	6	100160.75	1	1	0	33462.94	1	0	1
539	43	3	116220.5	3	1	0	55803.96	1	0	0
668	46	2	0.0	3	1	0	89048.46	0	0	0
659	67	6	117411.6	1	1	1	45071.09	1	0	1
635	40	10	123497.58	1	1	0	131953.23	0	0	0
739	54	8	126418.14	1	1	0	134420.75	1	0	1
549	39	7	0.0	1	0	0	81259.25	0	1	0
733	34	3	100337.96	3	1	0	48559.19	1	0	1
756	62	3	0.0	1	1	1	11199.04	0	0	1
714	46	1	0.0	1	1	0	152167.79	0	0	1
479	35	4	138718.92	1	1	1	47251.79	1	0	1
750	34	9	112822.26	1	0	0	150401.53	0	1	0
687	44	7	0.0	3	1	0	155853.52	0	1	0
731	43	2	0.0	1	1	1	170034.95	0	0	1
614	50	4	137104.47	1	1	0	127166.49	0	0	1
559	49	2	147069.78	1	1	0	120540.83	0	0	1
749	40	1	139290.41	1	1	0	182855.42	0	0	1
644	46	9	95441.27	1	1	0	108761.05	0	0	0
584	30	8	112013.81	1	1	0	177772.03	1	0	0
485	29	7	182123.79	1	1	0	116828.51	0	0	1
805	39	5	165272.13	1	1	0	14109.85	0	1	0
716	39	10	115301.31	1	1	0	43527.4	1	0	0
642	40	6	129502.49	2	0	1	86099.23	1	0	0
522	34	9	126436.29	1	1	0	174248.52	0	1	1
643	45	2	150842.93	1	0	1	2319.96	1	0	0
745	45	10	117231.63	3	1	1	122381.02	1	0	1
687	39	2	0.0	3	0	0	188150.6	0	1	0
648	46	9	127209.0	2	1	0	77405.95	0	1	1
556	38	8	0.0	2	0	0	417.41	0	1	1
616	66	1	135842.41	1	1	0	183840.51	0	0	0
538	49	9	141434.04	1	0	0	173779.25	0	1	0
693	41	9	181461.48	3	1	1	187929.43	1	0	0
487	61	5	110368.03	1	0	0	11384.45	1	0	0
756	60	3	115924.89	1	1	0	93524.19	1	0	0
535	40	7	111756.5	1	1	0	8128.32	1	0	1
568	40	1	99282.63	1	0	0	134600.94	1	0	1
619	57	3	137946.39	1	1	1	72467.99	1	0	1
545	37	8	114754.08	1	1	0	136050.44	1	0	0
553	47	3	116528.15	1	0	0	145704.19	0	1	1
675	38	6	68065.8	1	0	0	138777.0	0	0	0
514	43	1	95556.31	1	0	1	199273.98	1	0	1
662	32	4	133950.37	1	1	1	48725.68	0	0	0
816	38	5	130878.75	3	1	0	71905.77	1	0	0
703	37	1	149762.08	1	1	0	20629.4	0	0	1
621	46	6	141078.37	1	0	0	34580.8	1	0	1
615	61	9	0.0	2	1	0	150227.85	0	1	1
542	39	3	135096.77	1	1	1	14353.43	0	0	1
531	47	6	0.0	1	0	0	194998.34	0	0	0
673	38	2	170061.92	2	0	0	134901.34	0	0	0
570	58	8	0.0	1	0	1	116503.92	0	0	0
774	60	5	85891.55	1	1	0	74135.48	0	0	1
605	51	3	136188.78	1	1	1	67110.59	0	0	0
468	56	10	0.0	3	0	1	62256.87	0	0	0
698	48	4	101238.24	2	0	1	177815.87	0	0	1
850	35	1	211774.31	1	1	0	188574.12	0	0	0
572	48	3	152827.99	1	1	0	38411.79	1	0	0
608	59	1	0.0	1	1	0	70649.64	0	0	1
564	62	5	114931.35	3	0	1	18260.98	1	0	0
745	28	1	111071.36	1	1	0	73275.96	1	0	0
721	51	0	169312.13	1	1	0	109078.35	0	1	1
504	49	7	0.0	3	0	1	87822.14	0	0	0
674	47	6	106901.94	1	1	1	2079.2	1	0	1
590	51	3	154962.99	3	0	1	191932.27	0	1	0
598	41	3	91536.93	1	1	0	191468.78	1	0	1
509	46	1	0.0	1	1	0	71244.59	0	0	0
438	54	2	0.0	1	0	0	191763.07	0	1	0
651	45	1	0.0	1	1	0	67740.08	0	0	1
648	49	10	0.0	2	1	1	159835.78	0	1	0
607	33	2	108431.87	2	0	1	109291.39	0	1	0
647	51	1	119741.77	2	0	0	54954.51	1	0	0
760	51	2	100946.71	1	0	0	179614.8	0	0	0
621	53	9	170491.84	1	1	0	35588.07	0	1	1
519	47	6	157296.02	2	0	0	147278.43	0	1	0
713	38	7	144606.22	1	1	1	56594.36	1	0	0
683	57	5	162448.69	1	0	0	9221.78	1	0	0
601	43	8	0.0	3	0	1	110916.15	0	0	0
566	30	5	0.0	1	1	0	54926.51	0	0	1
727	31	0	0.0	1	1	0	121751.04	0	1	0
612	62	8	140745.33	1	1	0	193437.89	1	0	0
589	61	1	0.0	1	1	0	61108.56	0	0	0
583	54	6	115988.86	1	1	0	57553.98	1	0	0
850	31	6	67996.23	2	0	0	50129.87	0	0	1
752	48	5	116060.08	1	1	0	156618.38	0	1	1
660	39	5	135134.99	1	1	0	173683.0	1	0	0
819	39	9	133102.92	1	1	0	27046.46	0	0	0
673	34	8	42157.08	1	1	0	20598.59	0	0	0
459	48	4	133994.52	1	1	1	19287.06	1	0	1
739	45	7	102703.62	1	0	1	147802.94	1	0	1
661	42	2	178820.91	1	0	0	29358.57	0	1	1
769	45	5	126674.81	1	1	0	124118.71	1	0	0
625	51	7	136294.97	1	1	0	38867.46	0	0	0
445	62	1	64119.38	1	1	1	76569.64	0	1	1
543	57	1	106138.33	2	1	1	120657.32	1	0	0
750	40	5	168286.81	3	1	0	20451.99	1	0	1
650	25	3	86605.5	3	1	0	16649.31	0	1	0
672	56	2	209767.31	2	1	1	150694.42	0	1	0
459	42	6	129634.25	2	1	1	177683.02	0	1	0
499	57	1	0.0	1	0	0	131372.38	0	0	0
738	43	9	121152.05	2	1	0	64166.7	1	0	1
545	60	7	128981.07	1	0	1	176924.21	1	0	0
611	49	2	88915.37	3	0	0	161435.02	0	0	0
693	35	5	124151.09	1	1	0	88705.14	0	0	0
663	36	6	77253.5	1	0	0	35817.97	1	0	0
710	43	2	140080.32	3	1	1	157908.19	1	0	1
720	60	9	115920.62	2	0	0	157552.08	1	0	1
531	63	1	114715.71	1	0	1	24506.95	0	0	0
742	36	2	129748.54	2	0	0	47271.61	1	0	0
636	49	6	113599.74	2	1	0	158887.09	1	0	1
622	58	7	116922.25	1	1	0	120415.61	1	0	0
692	28	9	118945.09	1	0	0	16064.25	0	1	1
747	58	7	116313.57	1	1	1	190696.35	1	0	1
790	46	9	0.0	1	0	0	14679.81	0	1	0
421	28	8	122384.22	3	1	1	89017.38	1	0	1
580	42	2	123331.36	1	0	0	103516.08	1	0	0
732	69	9	137453.43	1	0	1	110932.24	0	1	0
553	48	3	0.0	1	0	1	30730.95	0	1	0
732	50	6	145338.76	1	0	0	91936.1	1	0	1
773	41	5	0.0	1	1	0	28266.9	0	1	0
667	48	1	97133.92	2	0	0	113316.77	1	0	0
567	49	5	134956.02	1	1	0	93953.84	1	0	0
598	64	1	0.0	2	1	0	195635.3	0	0	1
667	43	8	190227.46	1	1	0	97508.04	0	0	1
548	32	2	172448.77	1	1	0	188083.77	0	0	0
636	48	1	170833.46	1	1	0	110510.28	0	0	0
603	44	6	108122.39	2	1	0	108488.33	1	0	1
629	45	7	129818.39	3	1	0	9217.55	1	0	0
749	60	6	0.0	1	1	0	17978.68	0	0	0
679	43	4	0.0	3	1	0	115136.51	0	0	0
643	45	4	45144.43	1	1	0	60917.24	0	0	0
703	51	3	0.0	3	1	1	77294.56	0	0	0
728	35	8	125884.95	2	1	0	54359.02	1	0	0
523	40	2	102967.41	1	1	0	128702.1	0	0	0
727	40	1	93051.64	2	1	0	71865.31	1	0	1
599	58	4	0.0	1	0	0	176407.15	0	0	1
672	45	9	0.0	1	1	1	92027.69	0	0	0
516	46	1	104947.72	1	1	0	115789.25	0	0	0
475	39	6	0.0	1	1	1	56999.9	0	0	1
609	61	1	0.0	1	1	0	22447.85	0	1	1
555	51	5	0.0	3	1	0	189122.89	0	0	1
512	36	1	0.0	1	0	1	135482.26	0	1	1
775	52	8	109922.61	1	1	1	96823.32	0	0	1
376	46	6	0.0	1	1	0	157333.69	0	0	0
599	39	4	0.0	1	1	0	194273.2	0	1	0
715	38	5	118590.41	1	1	1	5684.17	0	0	0
684	48	3	73309.38	1	0	0	21228.34	0	0	0
665	42	2	156371.61	2	0	1	156774.94	0	1	0
529	63	4	96134.11	3	1	0	108732.96	0	1	1
683	43	4	115888.04	1	1	1	117349.19	1	0	0
586	43	8	132558.26	1	1	0	67046.83	0	0	0
614	35	6	128100.28	1	0	0	69454.24	1	0	0
569	34	0	151839.26	1	1	0	102299.81	0	1	1
722	49	3	168197.66	1	1	0	140765.57	0	0	0
646	42	3	175159.9	2	0	0	67124.48	0	0	0
521	52	5	116497.31	3	0	0	53793.1	1	0	1
444	45	6	0.0	1	1	0	130009.85	0	0	1
724	40	10	0.0	1	1	0	127847.25	0	0	1
676	37	5	89634.69	1	1	1	169583.18	0	0	0
850	45	5	103909.86	1	1	0	60083.11	1	0	0
625	49	6	173434.9	1	1	0	165580.93	0	0	1
630	39	7	135483.17	1	1	0	140881.2	0	1	0
807	42	1	0.0	1	1	0	16500.66	0	1	0
726	48	4	0.0	1	1	0	114020.06	0	0	0
631	40	3	107949.45	1	1	0	52449.62	1	0	1
581	47	1	122949.14	1	0	0	180251.68	0	0	0
613	38	9	67111.65	1	1	0	78566.64	1	0	1
512	36	4	152169.12	2	0	0	38629.3	0	0	1
731	52	10	0.0	1	1	1	24998.75	0	0	0
594	57	6	0.0	1	1	0	19376.56	0	0	1
844	40	7	113348.14	1	1	0	31904.31	0	0	1
686	47	5	170935.94	1	1	0	173179.79	1	0	0
688	36	0	89772.3	1	1	0	177383.68	0	1	1
803	42	5	0.0	1	1	0	196466.83	0	0	1
712	36	2	100749.5	3	0	0	70758.37	0	0	1
715	41	4	94267.9	1	0	1	152821.12	0	0	1
692	29	4	0.0	1	1	0	76755.99	0	0	1
756	39	3	100717.85	3	1	1	73406.04	1	0	0
420	34	1	135549.9	1	0	0	149471.13	1	0	0
713	52	0	185891.54	1	1	1	46369.57	0	0	0
833	59	1	130854.59	1	1	1	30722.52	1	0	1
731	21	8	132312.06	1	1	0	106663.46	1	0	0
608	62	8	144976.5	1	0	0	175836.03	0	0	0
731	47	1	115414.19	3	0	0	191734.67	0	0	0
698	56	1	112414.81	2	0	0	93982.02	1	0	1
779	33	1	158456.76	1	1	1	197000.92	1	0	1
606	35	7	0.0	1	1	0	106837.06	0	1	1
669	35	7	0.0	1	1	1	49108.23	0	0	0
618	37	5	96652.86	1	1	0	98686.4	0	0	0
765	43	4	148962.76	1	0	1	173878.87	1	0	1
755	45	7	135643.0	1	0	0	143619.52	1	0	0
434	58	9	125801.03	2	1	0	60891.8	1	0	0
513	35	8	0.0	1	1	0	76640.29	0	0	1
755	41	6	104817.41	1	1	0	126013.58	0	0	1
693	40	0	120711.73	1	0	0	27345.18	1	0	1
705	40	5	203715.15	1	1	0	179978.68	0	1	0
552	49	4	0.0	1	1	1	190296.76	0	0	1
673	43	5	168069.73	1	1	1	146992.24	0	0	0
765	50	9	126547.8	1	1	1	79579.94	0	0	0
701	40	5	169742.64	1	1	1	153537.55	0	0	1
785	61	4	129855.72	2	1	0	170214.82	0	1	0
363	28	6	146098.43	3	1	0	100615.14	0	1	0
399	46	2	127655.22	1	1	0	139994.68	1	0	1
711	51	7	0.0	3	1	0	38409.79	0	0	1
610	42	6	0.0	2	1	0	158302.59	0	1	1
579	33	6	0.0	1	1	0	94993.04	0	1	1
745	54	8	0.0	1	1	0	173912.29	0	1	0
706	23	5	0.0	1	0	0	164128.41	0	0	0
693	44	5	124601.58	2	1	1	46998.13	1	0	1
587	46	9	107850.82	1	1	0	139431.0	1	0	1
626	44	10	81553.93	1	1	0	20063.63	0	0	0
588	40	10	125534.51	1	1	0	121504.18	1	0	0
628	46	1	46870.43	4	1	0	31272.14	0	0	0
704	27	5	147004.34	1	1	0	64381.33	1	0	1
534	55	8	116973.26	3	1	0	122066.5	0	0	0
474	33	5	0.0	2	1	0	181945.52	0	0	1
635	37	5	113488.68	1	1	0	95611.74	1	0	1
790	46	8	182364.53	1	0	0	139266.48	0	1	1
672	40	10	102980.44	1	1	0	1285.81	1	0	1
593	32	9	134096.53	2	1	0	53931.05	1	0	0
811	52	10	76915.4	1	0	0	146359.81	1	0	1
823	46	3	81576.75	1	1	1	28370.95	0	1	0
542	38	8	65942.26	1	1	1	68093.23	0	0	1
675	54	2	0.0	1	1	0	149583.67	0	0	1
789	37	3	0.0	1	1	0	121883.87	0	0	1
598	43	5	0.0	3	1	1	100722.72	0	0	0
635	50	7	159453.64	2	0	0	54560.79	0	1	1
593	62	3	118233.81	1	0	1	24765.53	1	0	0
743	40	6	0.0	1	1	0	28280.8	0	0	0
568	43	9	0.0	1	1	0	125870.79	0	1	0
727	43	2	97403.18	1	1	1	107415.02	0	1	1
794	41	7	176845.41	3	1	0	166526.26	0	0	0
460	40	6	119507.58	2	1	0	91560.63	1	0	0
648	54	9	120633.42	1	0	0	5924.38	0	0	0
535	48	5	134542.73	1	1	1	58203.67	1	0	1
611	52	7	0.0	1	0	1	73585.18	0	1	1
625	43	8	201696.07	1	1	0	133020.9	0	0	1
608	44	7	114203.47	1	1	1	77830.36	1	0	1
652	50	8	125437.64	1	1	1	17160.94	1	0	1
528	46	9	135555.66	1	1	0	133146.03	1	0	0
457	41	8	73700.12	3	1	1	185750.02	0	0	1
846	41	5	0.0	3	1	0	3440.47	0	0	0
582	46	8	67563.31	1	1	0	44506.09	0	1	0
630	40	0	118633.08	1	0	1	60032.46	0	0	0
627	55	2	159441.27	1	1	0	100686.11	0	0	0
775	38	4	125212.65	2	1	1	15795.88	1	0	0
636	33	0	0.0	1	1	0	92277.47	0	1	0
487	46	4	135070.58	2	1	1	44244.49	1	0	0
693	38	3	0.0	2	0	0	78133.48	0	0	0
662	41	4	90350.77	1	1	0	75884.65	0	1	0
359	44	6	128747.69	1	1	0	146955.71	0	0	0
523	73	7	0.0	2	0	0	130883.9	0	0	0
603	42	8	91611.12	1	0	0	144675.3	0	1	0
792	59	9	101609.77	1	0	0	161479.19	1	0	0
504	56	9	104217.3	1	0	0	55857.48	1	0	1
558	39	10	144757.02	1	1	0	22878.16	1	0	1
556	43	6	0.0	3	0	0	125154.57	0	0	0
697	56	5	110802.03	1	1	1	50230.31	0	1	1
555	46	4	120392.99	1	1	0	177719.88	1	0	0
632	31	3	136556.44	1	1	0	82152.83	0	1	1
687	35	3	99587.43	1	1	1	1713.1	0	0	0
521	34	7	70731.07	1	1	1	20243.97	0	1	0
817	55	10	117561.49	1	1	0	95941.55	0	0	0
616	41	1	103560.57	1	1	0	236.45	1	0	0
691	52	3	0.0	1	1	0	175843.68	0	0	1
819	49	1	120656.86	4	0	0	166164.3	1	0	0
649	45	5	92786.66	1	1	0	173365.9	0	0	0
475	46	10	0.0	2	0	0	122953.0	0	0	0
710	51	4	93656.95	1	0	1	141400.51	0	1	0
596	30	6	121345.88	4	1	0	41921.75	0	1	1
504	43	7	102365.49	1	1	0	194690.77	1	0	0
735	50	9	0.0	1	0	0	166677.35	0	1	1
630	50	1	81947.76	1	0	1	63606.22	0	0	1
710	47	5	158623.14	1	0	0	83499.89	0	0	1
606	48	4	132403.56	1	0	0	36091.91	1	0	1
544	64	3	124043.8	1	1	1	111402.97	0	0	0
723	52	5	131694.97	1	0	1	92873.5	1	0	1
573	47	4	152522.47	1	0	1	164038.07	1	0	0
652	48	4	59486.31	1	1	0	163944.18	0	0	1
658	40	7	140596.95	1	0	1	135459.02	0	0	0
515	37	2	90432.92	1	1	1	188366.04	1	0	1
694	31	6	109052.59	2	1	1	19448.93	1	0	1
713	53	6	115029.4	1	0	0	191521.32	0	0	1
651	42	1	116646.76	1	1	0	44731.8	1	0	0
717	49	1	110864.38	2	1	1	124532.9	0	1	0
716	44	3	109528.28	1	1	0	27341.63	0	0	0
709	43	8	0.0	2	0	0	168035.62	0	0	0
601	48	8	120782.7	1	1	0	63940.68	1	0	0
571	42	4	108825.34	3	1	0	55558.51	0	0	0
760	49	9	91502.99	1	1	0	117232.9	1	0	0
665	52	3	0.0	1	1	0	116137.01	0	0	1
689	38	5	75075.14	1	1	1	8651.92	0	1	1
617	28	0	0.0	2	1	1	7597.83	0	0	0
736	46	5	130812.91	1	1	1	77981.54	1	0	1
657	57	8	107174.58	1	1	1	126369.55	1	0	1
350	54	1	152677.48	1	1	1	191973.49	0	1	1
570	50	5	129293.74	1	1	0	177805.44	1	0	0
634	31	9	108632.48	1	1	1	179485.96	0	1	1
500	56	1	100374.58	1	1	0	118490.8	0	0	1
704	54	6	133656.91	3	1	0	145071.33	1	0	0
700	40	4	148571.07	1	1	0	189826.96	1	0	0
611	46	5	0.0	1	1	0	77677.14	0	0	0
559	24	3	114739.92	1	1	0	85891.02	0	1	1
680	42	7	105722.69	1	1	1	90558.24	1	0	0
812	44	8	0.0	3	1	0	66926.83	0	1	0
613	20	0	117356.19	1	0	0	113557.7	1	0	0
595	35	8	0.0	1	1	0	100015.79	0	1	1
792	50	9	0.0	4	1	1	194700.81	0	0	1
707	35	3	56674.48	1	1	0	17987.4	0	1	0
584	54	1	77354.37	1	0	0	138192.98	1	0	0
584	59	1	0.0	1	0	1	130260.11	0	1	0
674	34	2	152797.9	1	1	0	175709.4	1	0	1
552	42	9	133701.07	2	1	0	101069.71	0	0	1
533	52	7	0.0	1	0	1	194113.99	0	1	0
523	39	1	143903.11	1	1	1	118711.75	1	0	0
521	38	5	110641.18	1	0	1	136507.69	0	0	1
662	36	4	166909.2	2	1	0	138871.12	0	0	0
725	36	4	118520.26	1	0	0	131173.9	0	1	0
554	35	6	117707.18	2	0	0	95277.15	0	0	0
711	37	2	0.0	2	1	0	83978.86	0	1	1
669	25	1	157848.53	1	0	0	37543.93	0	0	1
647	44	4	93960.35	1	1	0	36579.53	1	0	1
714	51	4	88308.87	3	0	0	5862.53	0	0	0
818	49	2	0.0	1	0	1	192298.84	0	0	0
788	57	8	93716.72	1	1	1	180150.49	1	0	0
770	45	4	110765.68	1	1	0	26163.74	1	0	1
425	22	7	169649.73	2	0	1	136365.0	0	1	0
725	45	8	116917.07	1	0	0	173464.43	1	0	1
663	32	8	130627.66	1	1	0	47161.25	1	0	1
561	56	7	152759.0	2	1	0	133167.11	0	0	1
350	39	0	109733.2	2	0	0	123602.11	1	0	1
737	36	9	0.0	1	0	1	188670.9	0	0	1
590	37	0	64345.21	1	0	1	61759.33	0	1	0
740	36	4	109044.6	1	0	0	94554.74	1	0	0
785	47	9	122031.55	1	1	1	33823.5	0	0	0
527	29	2	27755.97	1	1	0	97468.44	0	1	0
481	44	9	175303.06	1	1	0	65500.53	0	0	1
640	39	9	131607.28	4	0	1	6981.43	1	0	1
770	55	9	63127.41	2	1	0	185211.28	0	1	1
850	45	5	127258.79	1	1	1	192744.23	1	0	0
687	29	4	78939.15	1	1	0	122134.56	1	0	0
543	48	1	100900.5	1	0	0	33310.72	1	0	1
428	40	3	129248.11	2	1	0	72876.43	1	0	0
618	56	7	0.0	1	1	1	142400.27	0	0	1
658	35	5	126397.66	1	0	0	156361.58	0	0	0
625	36	9	108546.16	3	1	0	133807.77	0	0	1
717	36	2	148061.89	1	1	0	179128.69	0	0	1
484	54	3	134388.11	1	0	0	49954.79	1	0	1
573	26	4	129109.02	1	0	0	149814.68	0	0	0
531	31	7	117052.82	1	1	0	118508.09	1	0	0
734	22	5	130056.23	1	0	0	121894.31	0	0	1
680	37	10	123806.28	1	1	0	81776.84	0	0	0
604	53	8	144453.75	1	1	0	190998.96	0	0	1
565	58	3	108888.24	3	0	1	135875.51	1	0	0
565	55	4	118803.35	2	1	1	128124.7	0	0	1
710	54	6	171137.62	1	1	1	167023.95	0	0	1
358	52	8	143542.36	3	1	0	141959.11	0	1	0
800	40	5	97764.41	1	1	0	98640.15	0	0	0
612	33	9	0.0	1	0	0	142797.5	0	0	0
717	35	1	0.0	3	0	0	174770.14	0	1	1
719	47	9	116393.59	1	1	0	63051.32	0	1	0
738	54	4	0.0	1	0	1	55725.04	0	0	1
563	46	8	106171.68	1	1	0	163145.5	0	1	0
824	60	8	134250.17	3	0	0	153046.16	1	0	1
705	49	7	0.0	1	1	0	63405.2	0	0	0
534	62	2	0.0	2	0	0	42763.12	0	0	1
785	32	3	124493.03	2	0	1	52583.79	1	0	0
705	43	10	146547.78	1	0	1	10072.55	1	0	0
729	46	5	117837.43	1	1	0	104016.61	1	0	1
545	39	6	0.0	1	0	0	38410.74	0	1	0
655	59	7	0.0	1	1	0	88958.49	0	0	0
667	37	5	92171.35	3	1	0	178106.34	1	0	0
668	24	7	173962.32	1	0	0	106457.11	0	1	0
621	47	0	0.0	1	1	1	133831.37	0	0	1
720	45	1	102882.4	2	1	1	35633.15	0	0	0
492	49	8	0.0	1	1	1	182865.09	0	0	0
850	63	8	169832.57	1	0	0	184107.26	0	0	1
539	38	6	0.0	1	1	1	152880.07	0	1	1
588	35	1	103060.63	1	1	0	179866.01	1	0	0
658	31	2	36566.96	1	1	0	103644.98	0	1	0
719	42	4	0.0	1	1	0	28465.86	0	0	0
661	44	1	141136.62	1	1	0	189742.78	1	0	1
654	40	6	0.0	1	0	0	183872.88	0	0	1
640	63	2	68432.45	2	1	1	112503.24	0	0	1
721	55	3	44020.89	1	1	0	65864.4	0	0	0
423	36	5	97665.61	1	1	0	118372.55	0	0	0
716	52	7	65971.61	2	1	0	14608.0	0	0	0
655	38	3	250898.09	3	0	1	81054.0	0	1	1
601	43	2	0.0	1	1	0	49713.87	0	0	0
637	55	1	123378.2	1	1	0	81431.99	1	0	0
722	48	10	138311.76	1	1	1	3472.63	1	0	0
404	54	4	125456.07	1	1	0	83715.66	1	0	0
460	27	7	0.0	2	1	0	156150.08	0	0	0
618	54	4	118449.21	1	1	1	133573.29	1	0	0
704	32	7	127785.17	4	0	0	184464.7	0	0	1
609	43	6	86053.52	2	1	1	113276.46	0	1	0
736	57	9	95295.39	1	1	0	28434.44	1	0	1
643	51	2	105229.53	1	1	0	34967.75	0	0	0
674	18	7	0.0	2	1	1	55753.12	0	0	1
836	57	4	101247.06	1	1	0	37141.62	0	1	1
753	57	7	0.0	1	1	0	159475.08	0	0	1
745	55	9	110123.59	1	0	1	51548.14	0	0	0
693	36	8	178111.82	1	0	0	58719.63	0	0	1
606	65	10	126306.64	3	0	0	7861.68	1	0	1
705	56	2	143249.67	1	1	0	88428.41	1	0	0
634	46	5	123642.36	1	1	1	49725.16	1	0	0
556	37	9	145018.64	2	1	0	90928.02	1	0	1
700	59	5	137648.41	1	1	0	142977.05	1	0	0
525	47	6	118560.0	1	1	0	82522.61	0	1	0
798	58	9	0.0	2	0	0	119071.56	0	1	0
773	47	2	118079.47	4	1	1	143007.49	1	0	1
728	46	2	109705.52	1	1	0	20276.87	0	0	0
498	41	4	87541.06	2	1	1	12577.21	1	0	0
767	35	6	132253.22	1	1	0	115566.57	1	0	0
720	38	10	0.0	2	1	1	56229.72	0	0	0
648	56	6	157559.59	2	1	0	140991.23	0	1	0
632	41	3	126550.7	1	0	0	177644.52	1	0	1
622	30	2	158584.82	3	1	0	142342.55	0	0	0
493	31	3	0.0	1	1	1	176570.28	0	0	0
681	42	3	118199.97	2	1	0	9452.88	1	0	1
756	38	6	119208.85	1	1	0	169763.89	0	1	1
625	58	10	53772.73	1	1	1	192072.1	0	0	0
572	43	2	140431.98	1	1	0	26450.57	0	0	1
617	37	4	116471.43	2	1	0	175324.74	1	0	0
659	56	9	123785.24	1	1	0	99504.03	0	0	0
538	38	8	88758.95	2	0	0	28226.15	0	0	0
491	57	4	112044.72	1	1	1	41229.73	1	0	0
580	65	9	106804.26	3	1	0	107890.69	0	0	0
542	59	2	68892.77	2	1	0	7905.06	0	0	0
630	50	3	129370.91	4	1	1	47775.34	1	0	1
644	48	8	0.0	2	0	1	44965.54	0	0	1
689	45	0	57784.22	1	1	0	197804.0	0	1	0
699	40	7	0.0	1	0	1	152876.13	0	0	1
749	47	9	110022.74	1	0	1	135655.29	1	0	1
599	46	9	123444.72	1	1	1	31368.08	1	0	1
545	55	5	0.0	1	0	0	10034.77	0	0	0
649	50	5	155393.32	1	1	1	87351.42	1	0	0
724	48	6	110463.25	2	1	1	80552.11	1	0	0
640	33	7	154575.76	1	1	0	25722.28	0	0	1
523	41	0	119276.31	1	0	0	122284.38	1	0	1
714	49	4	93059.34	1	1	0	7571.51	1	0	0
518	46	4	113625.93	1	0	0	92727.42	1	0	1
589	55	7	119961.48	1	1	0	65156.83	1	0	1
719	42	5	137227.04	3	1	0	149097.38	1	0	0
617	58	3	119024.75	2	1	0	35199.24	1	0	0
651	35	7	74623.5	3	1	0	129451.29	0	0	1
637	45	2	157929.45	1	1	1	145134.49	0	1	0
569	42	1	0.0	1	1	1	83629.6	0	1	0
709	45	4	122917.71	1	1	1	11.58	1	0	1
620	39	9	159492.79	1	1	0	80582.34	1	0	1
648	54	7	118241.02	1	1	0	172586.89	0	1	0
737	43	1	125537.38	1	1	0	138510.01	1	0	0
614	41	7	179915.85	1	0	0	14666.35	0	1	0
762	34	4	88815.56	2	1	0	68562.26	1	0	1
850	28	4	147972.19	1	1	0	60708.72	1	0	1
672	52	8	170008.84	1	0	0	56407.42	0	0	1
631	37	8	138292.64	2	0	0	152422.91	1	0	1
708	43	0	118994.84	1	1	0	181499.77	1	0	0
556	52	9	0.0	1	1	0	175149.2	0	0	0
614	40	6	0.0	1	1	1	20339.79	0	0	1
798	49	5	132571.67	1	1	1	31686.33	1	0	0
742	41	4	92805.72	1	0	1	73743.95	1	0	0
540	22	4	0.0	3	1	1	186233.26	0	0	1
537	39	3	135309.36	1	1	0	31728.86	1	0	1
774	52	2	56580.93	1	1	0	113266.28	0	0	0
628	61	1	97361.66	1	1	1	149922.38	1	0	0
566	42	6	0.0	1	1	0	180702.12	0	0	0
537	46	5	100727.5	1	0	1	140857.76	1	0	0
678	51	1	145751.03	1	0	0	109718.44	1	0	0
661	47	5	0.0	1	0	1	107243.31	0	0	1
576	63	9	70655.48	1	0	0	78955.8	0	0	1
660	41	1	129901.21	1	1	0	26025.6	1	0	1
672	53	9	169406.33	4	1	1	147311.47	0	0	0
727	36	6	140418.81	1	1	1	113033.73	1	0	1
351	57	4	163146.46	1	1	0	169621.69	1	0	0
739	37	8	0.0	2	1	0	191557.1	0	0	0
512	41	8	145150.28	1	1	0	64869.32	0	0	0
520	31	3	108914.17	1	1	1	183572.39	1	0	0
466	56	2	111920.13	3	1	0	197634.11	1	0	0
614	37	8	75150.34	4	0	1	131766.67	0	0	0
655	50	10	0.0	4	1	0	179267.94	0	0	0
564	40	4	0.0	1	1	0	85455.62	0	0	1
758	50	2	95813.76	3	1	1	67944.09	0	0	0
498	61	7	102453.26	1	1	0	187247.56	1	0	1
782	52	4	0.0	1	1	1	52759.82	0	1	1
624	45	3	68639.57	1	1	0	168002.31	0	0	0
651	40	1	134760.21	2	0	0	174434.06	1	0	1
691	58	3	0.0	1	0	1	194930.3	0	0	1
584	46	6	87361.02	2	1	0	120376.87	1	0	0
550	45	8	111257.59	1	0	0	97623.42	1	0	0
611	61	3	131583.59	4	0	1	66238.23	0	0	0
549	41	9	95020.8	3	1	1	131710.59	1	0	1
660	50	1	0.0	3	1	1	191849.15	0	0	1
524	50	4	0.0	2	1	1	31840.59	0	0	1
645	36	8	0.0	2	1	1	12096.61	0	0	0
727	71	8	0.0	1	1	1	198446.91	0	1	1
650	30	6	0.0	1	0	0	67997.13	0	1	0
667	38	6	144432.04	1	1	1	73963.17	0	0	0
612	47	6	130024.87	1	1	1	45750.21	1	0	0
665	51	9	110610.41	2	0	1	1112.76	1	0	0
551	54	5	102994.04	1	1	0	176680.16	1	0	1
365	30	0	127760.07	1	1	0	81537.85	1	0	1
697	38	6	132591.36	1	1	1	7387.8	1	0	0
537	47	6	103163.35	1	1	0	16259.64	1	0	0
680	24	10	0.0	3	1	0	154971.63	0	0	0
546	58	3	106458.31	4	1	0	128881.87	1	0	0
692	45	6	152296.83	4	0	1	108040.86	1	0	1
850	49	8	0.0	1	0	0	25867.67	0	1	1
634	48	2	107247.69	1	1	1	103712.05	1	0	1
768	42	3	0.0	1	0	0	161242.99	0	1	0
661	42	9	75361.44	1	1	0	27608.12	0	1	0
712	40	3	109308.79	2	1	0	120158.72	1	0	0
461	51	9	119889.84	1	0	0	56767.67	0	0	1
532	44	3	148595.55	1	1	0	74838.64	0	0	1
670	40	2	164948.98	3	0	0	177028.0	1	0	1
729	62	4	140549.4	1	1	0	30990.16	0	0	0
742	28	2	191864.51	1	1	0	108457.99	0	0	0
669	44	8	96418.09	1	0	0	131609.48	0	0	0
612	30	9	142910.15	1	1	0	105890.55	1	0	1
524	52	2	87894.26	1	1	0	173899.42	0	0	1
598	64	9	0.0	1	0	1	13181.37	0	0	0
667	43	1	103018.45	1	1	0	32462.39	1	0	1
414	38	8	0.0	1	0	1	77661.12	0	0	1
597	39	8	162532.14	3	1	0	36051.46	1	0	0
586	28	5	0.0	3	1	0	170487.4	0	0	0
459	46	7	110356.42	1	1	0	4969.13	1	0	1
569	42	9	146100.75	1	1	0	32574.01	1	0	0
726	56	8	123110.9	3	0	1	130113.78	0	1	0
564	44	3	111760.4	3	1	1	104722.47	1	0	0
623	48	1	108076.33	1	1	0	118855.26	1	0	0
650	41	3	128808.65	3	0	0	113677.53	0	1	1
689	22	4	136444.25	1	1	0	51980.25	0	0	1
401	48	8	128140.17	1	1	0	175753.55	1	0	1
481	57	9	0.0	3	1	1	169719.35	0	0	0
698	31	8	185078.26	1	0	0	115337.74	0	1	0
444	45	4	0.0	2	1	0	161653.5	0	0	0
580	38	1	128218.47	1	1	0	125953.83	1	0	0
850	51	3	109799.55	2	1	1	12457.76	0	1	1
758	61	8	125397.21	1	1	0	182184.09	1	0	0
732	61	9	94867.18	2	1	1	157527.6	1	0	0
640	43	7	132412.38	1	0	0	69584.3	0	0	1
511	40	9	124401.6	1	1	0	198814.24	1	0	0
805	46	6	118022.06	3	1	0	162643.15	0	0	1
705	44	0	184552.12	1	1	0	68860.3	0	1	1
646	52	8	59669.43	1	0	0	172495.81	0	0	1
774	53	4	113709.28	1	1	1	153887.93	0	0	1
688	51	5	0.0	1	1	0	91624.11	0	0	0
592	38	0	0.0	1	1	0	65986.48	0	1	1
758	52	7	125095.94	1	1	0	171189.83	0	0	0
513	48	2	0.0	1	1	1	114709.13	0	1	1
599	45	10	103583.05	1	1	0	132127.69	1	0	1
529	38	7	99842.5	2	1	0	90256.06	0	1	1
603	48	5	0.0	1	1	0	100478.6	0	0	0
487	53	4	199689.49	1	1	1	24207.86	0	0	1
432	45	3	110219.14	1	1	0	43046.7	1	0	0
545	36	8	73211.12	2	1	0	89587.34	0	1	1
439	52	3	96196.24	4	1	0	198874.52	0	1	1
750	52	6	107467.56	1	1	0	126233.18	1	0	0
694	37	8	98218.04	2	1	0	182354.46	1	0	0
696	52	6	139781.06	1	1	0	27445.4	0	0	1
626	26	8	148610.41	3	0	1	104502.02	0	1	0
699	32	1	123906.22	3	1	1	127443.82	1	0	1
489	52	1	131441.51	1	1	0	37240.11	1	0	0
651	56	2	0.0	1	1	0	114522.68	0	0	1
698	57	6	136325.48	2	1	1	72549.27	0	0	1
578	38	4	113150.44	2	1	0	176712.59	1	0	0
668	39	0	122104.79	1	1	0	112946.67	1	0	0
688	54	9	0.0	1	1	0	191212.63	0	0	0
631	33	7	0.0	1	1	1	58043.02	0	0	1
533	39	2	0.0	1	0	1	73669.94	0	0	0
835	20	4	124365.42	1	0	0	180197.74	1	0	1
763	31	7	143966.3	2	1	1	140262.96	1	0	1
686	41	10	0.0	1	1	1	144272.71	0	0	0
550	38	9	140278.99	3	1	1	171457.06	0	0	1
511	45	5	68375.27	1	1	0	193160.25	0	0	1
579	39	5	117833.3	3	0	0	5831.0	1	0	0
815	45	7	0.0	1	0	1	52885.23	0	0	1
591	56	9	128882.49	1	1	1	196241.94	0	0	0
505	45	9	131355.3	3	1	0	195395.33	0	1	0
676	26	1	108348.66	1	0	0	60231.74	1	0	0
689	47	1	93871.95	3	1	0	156878.42	0	0	1
703	45	1	0.0	1	1	0	182784.11	0	1	0
747	45	1	114959.12	1	1	0	189362.39	0	0	0
602	33	5	164704.38	1	0	1	180716.1	0	0	1
666	47	2	0.0	1	1	0	35046.97	0	0	1
495	45	3	89158.94	3	1	0	135169.76	0	1	0
817	45	9	101207.75	1	0	0	88211.12	1	0	1
658	31	3	133003.03	1	0	1	146339.27	1	0	0
791	44	5	0.0	2	1	1	123977.86	0	0	0
666	43	7	137780.74	2	1	1	119100.05	0	0	1
614	44	6	118715.86	1	1	0	133591.11	1	0	0
483	44	5	136836.49	1	1	0	192359.9	0	0	0
466	40	4	91592.06	1	1	0	141210.18	0	0	1
734	54	3	0.0	1	1	0	130805.54	0	0	0
734	43	3	55853.33	2	0	1	94811.85	0	1	0
613	59	8	91415.76	1	0	0	27965.0	1	0	1
678	28	4	0.0	2	1	1	144423.17	0	0	0
597	30	2	119370.11	1	1	1	182726.22	0	1	0
850	47	10	134381.52	1	0	0	26812.89	1	0	0
546	74	8	114888.74	2	1	1	66732.63	1	0	0
698	40	7	105061.74	3	1	0	107815.31	0	0	0
619	40	10	0.0	1	1	1	147093.84	0	0	0
680	51	5	143139.87	1	0	0	47795.43	1	0	0
760	39	6	178585.46	1	1	0	67131.3	0	0	1
776	33	8	115130.34	1	0	0	129525.5	1	0	1
795	56	5	0.0	1	1	0	35418.69	0	1	0
664	48	10	0.0	1	1	0	140173.17	0	0	1
756	60	2	0.0	1	1	1	166513.49	0	0	1
710	24	2	110407.44	2	0	0	15832.43	1	0	0
482	48	2	69329.47	1	0	0	102640.52	1	0	0
548	28	8	116755.5	2	1	1	158585.17	0	0	0
648	39	6	130694.89	2	1	1	153955.38	0	0	0
644	40	9	137285.26	4	1	0	77063.63	0	0	0
692	41	8	130701.29	1	1	0	59354.24	1	0	0
649	37	8	114737.26	1	1	1	106655.88	1	0	0
555	62	4	119817.33	1	0	1	43507.1	1	0	1
637	48	7	130806.99	2	1	1	132005.85	0	0	0
675	49	0	0.0	1	1	1	80496.71	0	0	0
850	35	2	80931.75	1	0	0	12639.67	1	0	0
815	56	3	0.0	3	1	1	94248.16	0	0	0
586	35	7	164769.02	3	1	0	119814.25	0	0	0
678	60	10	117738.81	1	1	0	147489.76	0	0	0
667	55	9	154393.43	1	1	1	137674.96	1	0	1
652	45	9	110827.49	1	1	1	153383.54	1	0	0
659	49	1	0.0	1	1	0	116249.72	0	0	0
548	46	1	0.0	1	1	1	104469.06	0	0	0
547	50	3	81290.02	3	0	1	177747.03	1	0	1
850	42	8	0.0	1	1	0	19632.64	0	0	0
515	60	9	113715.36	1	1	0	18424.24	1	0	1
611	35	10	0.0	1	1	1	23598.23	0	0	1
645	41	2	138881.04	1	1	0	129936.53	1	0	0
584	66	5	0.0	1	1	0	49553.38	0	0	0
527	47	1	0.0	1	1	0	21312.16	0	0	1
675	54	6	0.0	1	1	0	110273.84	0	0	1
580	50	0	125647.36	1	1	0	57541.08	0	0	1
514	45	3	109032.23	1	0	1	155407.21	1	0	0
638	57	6	0.0	1	1	0	33676.48	0	0	1
611	58	8	0.0	2	0	1	107665.68	0	0	1
850	43	0	108508.82	3	1	0	184044.8	1	0	1
552	50	4	121175.56	1	1	0	117505.07	1	0	1
688	33	2	0.0	1	0	0	27557.18	0	1	0
511	48	6	149726.08	1	0	0	88307.87	1	0	1
447	43	2	0.0	2	1	0	33879.26	0	0	1
690	54	5	0.0	1	1	0	12847.61	0	0	1
728	59	4	0.0	1	1	1	163365.85	0	0	0
560	43	4	95140.44	2	1	0	123181.44	0	1	0
629	31	6	0.0	1	1	1	16447.6	0	0	0
583	57	3	238387.56	1	0	1	147964.99	0	0	0
735	43	9	98807.45	1	0	0	184570.04	1	0	0
528	39	0	127631.62	1	0	1	22197.8	1	0	1
677	28	0	143988.0	2	1	0	8755.69	1	0	1
632	44	3	133793.89	1	1	1	34607.14	0	0	0
608	63	3	139529.93	2	1	1	175696.16	0	1	0
666	53	5	64646.7	1	1	0	128019.48	0	0	1
779	71	3	0.0	2	1	1	146895.36	0	0	1
637	50	4	126345.55	1	0	1	17323.0	1	0	1
529	38	2	0.0	1	1	0	146388.85	0	0	0
579	56	4	99340.83	1	0	0	4523.74	0	1	1
599	28	4	126833.79	2	1	0	60843.09	0	1	0
665	45	5	155447.65	2	1	0	51871.95	1	0	0
705	33	5	116765.7	1	0	0	190659.17	1	0	0
671	34	5	130929.02	4	1	1	28238.25	0	1	0
581	40	0	101016.53	1	0	1	7926.35	1	0	1
698	47	6	0.0	1	1	0	50213.81	0	1	0
742	43	6	97067.69	1	0	1	60920.03	1	0	0
652	37	4	92208.54	1	0	1	197699.8	0	0	0
777	58	4	0.0	1	1	1	62449.07	0	0	0
644	40	4	77270.08	2	1	1	115800.1	1	0	0
665	37	3	111911.63	1	1	1	110359.68	1	0	0
735	41	7	74135.85	1	1	1	11783.1	0	0	1
420	55	4	91893.32	1	1	0	144870.28	0	1	0
628	31	6	175443.75	1	1	0	113167.17	0	0	0
598	46	7	131769.04	1	0	0	184980.23	1	0	0
578	40	6	63609.92	1	0	0	74965.61	0	1	1
731	43	9	79120.27	1	0	0	548.52	1	0	0
722	47	2	88011.4	1	1	1	90655.94	0	0	0
597	46	4	0.0	2	1	0	58667.16	0	1	0
646	32	8	105397.8	1	1	0	78111.84	1	0	1
757	57	3	89079.41	1	1	1	53179.21	0	0	1
713	33	6	94598.48	1	0	0	197519.66	0	0	1
657	36	8	188241.05	2	0	0	183058.51	0	1	1
600	43	8	133379.41	1	1	0	177378.66	1	0	1
682	42	0	0.0	1	0	1	91981.85	0	0	0
746	30	1	112666.67	1	0	0	11710.4	0	1	1
588	30	0	110148.49	1	1	0	5790.9	1	0	0
604	33	3	0.0	1	1	0	42171.13	0	0	1
453	29	6	0.0	1	0	0	198376.02	0	0	1
456	63	1	165350.61	2	0	0	140758.07	0	0	0
735	46	2	106344.95	1	1	0	114371.33	1	0	1
661	41	5	28082.95	1	1	0	69586.27	0	1	0
554	43	10	0.0	2	1	0	149629.13	0	0	0
453	42	5	0.0	3	1	0	83008.49	0	1	0
408	84	8	87873.39	1	0	0	188484.52	0	0	0
778	37	0	105617.73	2	1	1	133699.82	1	0	0
695	42	5	0.0	1	0	1	72172.13	0	0	0
554	43	2	120847.11	1	1	0	7611.61	1	0	0
675	49	8	135133.39	1	0	1	179521.24	0	0	1
662	35	6	0.0	2	0	0	2423.9	0	1	0
675	61	5	62055.17	3	1	0	166305.16	0	0	0
741	40	4	104784.23	1	1	0	135163.76	0	1	1
528	36	1	156948.41	1	1	1	149912.28	0	0	0
590	60	6	147751.75	1	1	0	88206.04	0	0	0
650	64	7	142028.36	1	1	0	32275.09	0	0	0
817	44	8	0.0	1	0	0	65501.91	0	0	1
495	34	9	117160.32	1	1	1	116069.24	1	0	0
847	51	5	97565.74	1	0	0	144184.06	0	0	1
695	50	8	0.0	1	1	0	126381.6	0	0	0
674	46	2	174701.05	1	1	0	90189.72	0	0	1
704	39	1	124640.51	1	1	0	116511.12	1	0	0
577	43	8	79757.21	1	1	0	135650.72	0	1	1
677	56	5	123959.97	1	1	1	60590.72	0	1	1
506	57	6	0.0	2	0	1	194421.12	0	0	0
608	50	6	0.0	1	1	0	93568.77	0	0	1
750	47	7	121376.15	2	1	0	54473.6	0	0	0
580	56	1	131368.3	1	1	0	106918.67	0	0	0
415	46	9	134950.19	3	0	0	178587.36	0	0	1
798	60	6	96956.1	1	1	0	31907.44	0	0	0
792	29	4	107601.79	1	1	0	18922.18	1	0	0
489	46	8	92060.06	1	1	0	147222.95	1	0	0
789	37	6	110689.07	1	1	1	71121.04	1	0	0
845	52	0	0.0	1	1	0	31726.76	0	1	0
680	48	8	115115.38	1	1	0	139558.6	1	0	0
788	55	3	0.0	1	0	1	13288.46	0	0	1
770	70	9	110738.89	1	1	0	22666.77	0	0	0
545	47	8	105792.49	1	0	1	67830.2	0	0	1
750	37	6	0.0	1	1	1	117948.0	0	0	0
699	43	3	80764.03	1	1	0	199378.58	0	0	0
534	42	9	144801.97	1	0	1	12483.39	0	0	0
724	31	5	0.0	1	1	0	134889.95	0	0	1
666	44	2	122314.5	1	0	0	68574.88	1	0	0
676	40	2	147803.48	1	1	0	95181.06	0	0	0
576	52	9	170228.59	2	0	0	148477.57	0	0	0
742	60	4	0.0	1	1	1	13161.66	0	0	0
608	33	4	0.0	1	1	0	79304.38	0	0	0
739	40	5	149131.03	3	1	1	60036.99	1	0	1
707	49	10	0.0	1	1	0	82967.97	0	0	0
762	34	8	98592.88	1	0	1	191790.29	1	0	0
817	46	0	89087.89	1	0	1	87941.85	1	0	0
850	62	1	124678.35	1	1	0	70916.0	0	0	0
772	51	9	143930.92	1	0	1	46675.51	1	0	0
749	29	7	137059.05	3	1	0	102975.72	1	0	0
781	27	7	186558.55	1	1	1	175071.29	0	0	0
554	51	7	105701.91	1	0	1	179797.79	1	0	0
722	46	6	0.0	1	1	1	93917.68	0	0	1
738	29	9	139106.19	1	1	0	141872.05	1	0	0
655	32	6	130935.56	1	1	0	9241.83	1	0	0
647	37	3	116509.99	1	1	1	149517.71	1	0	1
688	35	5	111578.18	1	0	0	166165.93	1	0	1
514	38	4	112230.38	1	1	0	16717.11	0	0	1
653	37	3	125734.2	2	1	0	134625.09	1	0	0
850	61	1	0.0	1	1	0	53067.83	0	0	1
595	46	5	142360.62	2	1	0	48421.4	1	0	1
431	44	2	138843.7	1	1	0	37688.31	1	0	0
647	26	8	109958.15	1	1	1	136592.24	0	1	0
710	41	9	149155.53	2	1	0	42131.26	1	0	0
638	27	4	135096.05	1	1	1	186523.72	1	0	1
596	54	0	78126.28	1	1	1	153482.91	0	1	0
727	58	5	106913.43	1	1	0	25881.0	1	0	1
839	51	3	0.0	1	1	1	69101.23	0	0	0
850	51	4	124425.99	1	0	0	118545.49	1	0	1
682	29	6	101012.77	1	0	0	32589.89	1	0	0
553	46	3	82291.1	1	1	0	112549.99	1	0	1
794	57	3	117056.46	1	1	0	93336.93	1	0	1
645	49	5	110132.55	3	0	1	187689.91	0	1	0
628	50	4	122227.71	1	0	1	14217.77	1	0	1
629	40	2	121647.54	2	1	1	64849.74	1	0	1
739	58	1	110597.76	1	0	1	160122.66	1	0	1
653	60	2	120731.39	4	1	1	138160.11	0	0	0
783	38	1	0.0	3	1	1	80178.54	0	1	1
780	37	3	0.0	2	0	0	182156.81	0	0	0
645	45	4	0.0	1	0	1	174916.85	0	1	1
778	33	9	151772.63	2	0	0	180249.94	0	0	0
642	56	6	103244.86	2	1	0	143049.72	1	0	0
662	59	2	104568.41	1	1	0	8059.44	1	0	1
591	40	1	86376.29	1	0	1	136767.16	0	1	0
620	70	3	87926.24	2	1	0	33350.26	0	0	0
553	53	5	127997.83	1	1	0	165378.66	1	0	1
685	50	6	94238.75	2	1	1	50664.07	0	0	0
567	59	3	0.0	2	1	0	25843.7	0	0	1
622	52	9	111973.97	1	1	1	162756.29	1	0	0
728	45	3	108924.33	2	1	0	84300.4	1	0	1
483	41	1	118334.44	1	0	0	163147.99	1	0	1
716	66	5	121411.9	1	0	0	10070.4	1	0	1
654	32	9	121455.65	1	1	0	190068.53	0	0	1
807	47	9	167664.83	1	0	0	125440.11	0	0	0
657	38	5	123770.46	1	0	0	47019.66	1	0	0
663	49	7	116150.65	3	1	1	84358.71	1	0	1
476	37	4	0.0	1	1	1	55775.84	0	0	1
551	27	2	113873.22	1	1	1	85129.77	0	1	1
535	49	3	0.0	1	0	0	61820.41	0	0	0
685	40	7	0.0	1	1	0	72852.74	0	0	0
614	46	4	0.0	1	1	0	74379.57	0	0	1
626	44	2	0.0	1	0	1	173117.22	0	0	0
644	32	8	141528.88	1	1	1	167087.34	1	0	0
496	59	7	91680.1	2	1	0	163141.18	1	0	0
639	60	5	162039.78	1	1	1	84361.72	0	0	0
545	53	5	114421.55	1	1	0	180598.28	1	0	1
589	59	2	0.0	2	1	1	126160.24	0	0	0
720	57	1	162082.31	4	0	0	27145.73	1	0	0
641	51	2	117306.69	4	1	1	26912.72	1	0	0
811	46	9	180226.24	1	1	0	13464.64	0	0	1
772	48	6	108736.52	1	1	0	184564.67	1	0	0
762	56	10	100260.88	3	1	1	77142.42	1	0	1
632	48	6	126066.26	1	1	0	64345.61	1	0	1
551	42	2	139561.46	1	1	0	43435.43	0	0	1
841	52	5	0.0	1	0	0	183239.71	0	0	0
469	31	6	0.0	1	1	0	146213.75	0	1	0
602	56	3	115895.22	3	1	0	4176.17	0	0	0
559	45	8	24043.45	1	0	1	169781.45	0	0	1
626	39	10	132287.92	3	1	1	51467.92	1	0	1
672	50	1	0.0	1	1	0	12106.82	0	0	0
808	37	2	100431.84	1	1	0	35140.49	1	0	0
778	29	6	150358.97	1	1	0	62454.01	1	0	0
764	48	1	75990.97	1	1	0	158323.81	0	1	0
850	55	6	0.0	1	1	0	944.41	0	0	1
601	40	3	92055.36	1	0	1	164652.02	0	0	0
624	54	3	116726.22	1	1	0	110498.1	1	0	1
678	26	5	111128.04	1	1	0	60941.27	0	0	1
712	52	9	0.0	1	1	1	117977.45	0	1	1
618	48	7	0.0	1	1	0	13921.82	0	0	1
651	44	2	0.0	3	1	0	102530.35	0	0	1
637	63	5	0.0	1	1	0	28092.77	0	0	0
627	44	6	153548.12	1	0	0	35300.08	0	0	1
695	53	8	95231.91	1	0	0	70140.8	1	0	0
850	45	5	174088.3	4	1	0	5669.31	0	1	0
741	43	0	0.0	2	1	1	2920.63	0	1	1
550	52	5	121016.23	1	1	1	41730.37	1	0	1
598	59	8	118210.42	2	0	0	60192.14	1	0	1
626	47	2	103108.8	1	0	1	166475.44	1	0	0
625	57	7	0.0	1	0	0	84106.17	0	1	0
515	58	2	131852.81	1	1	0	81436.68	0	0	0
612	35	1	0.0	1	1	1	83256.26	0	1	1
604	47	8	62094.71	3	0	0	9308.1	0	0	0
682	55	9	0.0	1	1	0	153356.8	0	0	1
792	47	0	0.0	1	1	1	5557.88	0	1	1
789	53	1	158271.74	1	1	1	5036.39	0	0	0
587	35	5	121863.61	1	1	1	23481.69	1	0	1
589	19	9	83495.11	1	1	1	143022.31	1	0	0
589	45	1	0.0	1	0	0	125939.22	0	1	0
850	40	6	0.0	1	1	0	136985.08	0	0	1
726	51	8	107494.86	2	1	0	140937.91	1	0	0
767	47	2	0.0	1	1	0	48161.18	0	1	1
526	50	5	124233.24	1	0	1	159456.87	1	0	1
768	26	5	51116.26	1	1	1	70454.79	0	0	0
587	40	2	0.0	4	0	1	106174.7	0	0	1
667	56	8	137464.04	1	1	0	130846.79	1	0	0
536	35	8	0.0	1	1	0	171840.24	0	0	0
753	46	8	0.0	3	1	0	90747.94	0	0	1
502	42	0	132002.7	1	0	1	28204.98	1	0	0
766	62	7	142724.48	1	0	1	5893.23	1	0	0
714	53	1	99141.86	1	1	1	72496.05	1	0	1
706	46	2	127660.46	2	1	0	150156.82	0	1	0
476	34	8	111905.43	1	0	1	197221.81	1	0	0
538	68	9	0.0	2	1	0	110440.5	0	1	1
544	44	2	108895.93	1	0	0	69228.2	1	0	1
573	56	3	154669.77	1	0	1	115462.27	0	1	1
692	31	2	0.0	2	1	0	91829.17	0	0	0
705	35	5	0.0	1	1	0	133991.11	0	0	0
727	52	1	154733.97	1	1	0	80259.67	0	1	0
576	41	4	112609.91	1	0	0	191035.18	0	0	0
850	44	7	89118.26	1	1	0	104240.77	0	1	1
616	43	3	120867.18	1	1	0	18761.92	0	1	0
507	31	2	134237.07	1	1	1	166423.66	1	0	1
708	64	5	0.0	3	0	1	112520.07	0	1	0
580	38	9	115442.19	2	1	0	128481.5	1	0	1
554	30	6	135370.12	1	1	1	179689.05	0	1	1
549	54	5	92877.33	1	1	0	2619.64	1	0	1
720	46	3	97042.6	1	1	1	133516.51	1	0	1
743	41	7	0.0	1	1	0	163736.09	0	1	1
615	24	8	108528.07	2	0	0	179488.41	1	0	1
686	45	3	74274.87	3	1	0	64907.48	0	1	1
781	48	9	82794.18	1	1	0	124720.68	1	0	0
573	50	0	159304.07	1	0	1	155915.24	0	1	1
563	35	2	183572.84	1	1	1	66006.75	0	0	0
546	45	2	0.0	1	0	0	197789.83	0	1	0
719	37	9	101455.7	1	1	0	25803.59	0	0	0
438	59	7	127197.14	1	1	0	51565.98	1	0	1
670	40	3	47364.45	1	1	1	148579.43	0	0	0
670	45	9	104930.38	1	1	0	155921.81	0	0	0
766	34	6	106434.94	1	0	1	137995.66	1	0	0
710	46	10	120530.34	1	1	0	166586.99	1	0	0
602	43	2	113641.49	4	1	0	115116.35	1	0	0
756	41	6	149049.92	1	0	1	50422.36	1	0	1
657	42	5	41473.33	1	1	0	112979.6	0	1	1
626	38	7	141074.59	1	1	0	52795.56	0	0	1
698	64	1	169362.43	1	1	0	84760.32	1	0	0
736	24	0	0.0	2	1	0	109355.73	0	0	0
666	50	7	109062.28	1	1	1	140136.1	1	0	0
812	49	8	66079.45	2	0	0	91556.57	0	1	0
615	36	6	0.0	1	1	1	27011.8	0	0	1
635	32	8	0.0	2	1	1	19367.98	0	1	0
850	70	1	96947.58	3	1	0	62282.99	1	0	0
612	33	5	69478.57	1	1	0	8973.67	0	1	1
516	53	1	156674.2	1	1	0	118502.34	1	0	0
826	56	8	174506.1	2	0	1	161802.82	0	1	0
539	38	8	105435.74	1	0	0	80575.44	1	0	0
713	47	1	0.0	1	1	0	107825.08	0	1	0
698	45	5	164450.94	1	1	0	141970.02	0	1	1
634	45	2	0.0	4	1	0	101039.53	0	0	0
666	51	2	148222.65	1	0	0	156953.54	0	0	1
497	32	8	111537.23	4	1	1	9497.99	1	0	0
652	46	10	121063.8	3	1	0	151481.86	1	0	1
664	44	8	142989.69	1	1	1	115452.51	0	0	0
850	39	6	206014.94	2	0	1	42774.84	0	1	1
727	37	9	101191.83	1	1	1	34551.35	1	0	1
791	42	10	113657.41	2	0	1	139946.68	1	0	0
850	37	9	122506.38	1	0	1	199693.84	1	0	1
635	58	1	0.0	1	1	1	58907.08	0	0	0
537	59	9	0.0	2	0	0	103799.77	0	0	1
651	46	4	89743.05	1	1	0	156425.57	0	1	0
688	35	6	0.0	1	1	0	25488.43	0	1	0
528	62	7	133201.17	1	0	0	168507.68	1	0	0
705	64	3	153469.26	3	0	0	146573.66	1	0	0
534	52	1	0.0	3	1	1	104035.41	0	0	1
834	36	8	142882.49	1	1	0	89983.02	0	0	1
743	65	2	131935.51	1	1	1	96399.67	1	0	1
706	46	4	105214.58	1	1	0	108699.59	1	0	0
797	55	10	0.0	4	1	1	49418.87	0	0	0
653	51	3	0.0	1	1	0	170426.65	0	0	1
850	42	8	119839.69	1	0	1	51016.02	1	0	1
748	49	7	29602.08	1	0	0	163550.58	0	0	0
708	47	0	126589.12	2	0	1	132730.07	0	0	0
629	46	1	130666.2	1	1	1	161125.67	0	0	1
850	49	8	98649.55	1	1	0	119174.88	1	0	1
610	45	3	0.0	1	1	0	38276.84	0	1	0
687	44	9	0.0	2	0	0	103042.2	0	0	0
597	60	0	131778.08	1	0	0	10703.53	0	0	0
689	57	4	0.0	2	1	0	136649.8	0	1	0
489	51	3	0.0	2	0	1	174098.28	0	0	0
578	31	5	102088.68	4	0	0	187866.21	1	0	0
749	54	3	144768.94	1	1	0	93336.3	1	0	1
443	50	3	117206.3	1	1	0	42840.18	1	0	1
616	45	6	128352.59	3	1	1	144000.59	1	0	0
706	48	10	104478.12	3	0	1	158248.71	1	0	0
536	53	2	143923.96	1	1	0	2019.78	0	1	1
771	45	0	139825.56	1	0	0	170984.97	0	1	1
537	48	4	131834.8	1	1	0	166476.95	1	0	1
844	56	5	99529.7	1	0	1	157230.06	0	1	1
474	54	3	0.0	1	1	0	108409.17	0	0	1
566	35	1	123042.0	1	1	0	66245.44	1	0	0
683	42	4	148283.94	1	1	1	44692.63	0	0	0
619	38	1	0.0	1	1	0	112442.63	0	1	0
638	53	1	123916.67	1	1	0	16657.68	1	0	0
590	54	4	0.0	2	1	1	93820.49	0	0	0
702	40	1	103549.24	1	0	0	9712.52	0	0	0
651	45	2	165901.59	2	1	0	23054.51	0	0	1
757	51	1	0.0	1	1	1	22835.13	0	0	0
768	49	1	133384.66	1	1	0	102397.22	1	0	1
537	37	7	158411.95	4	1	1	117690.58	1	0	0
661	64	8	128751.65	2	1	0	189398.18	1	0	0
708	59	2	0.0	1	1	0	179673.11	0	0	0
785	39	1	130147.98	1	1	0	163798.41	0	0	0
599	31	3	0.0	1	1	1	130086.47	0	1	0
613	40	1	147856.82	3	0	0	107961.11	1	0	1
850	53	7	65407.16	2	0	0	182633.63	0	1	0
664	53	7	187602.18	1	1	0	186392.99	0	1	0
691	41	2	0.0	1	1	1	56850.92	0	0	1
551	52	1	0.0	1	0	0	63584.55	0	0	1
745	32	2	0.0	4	0	1	179705.13	0	0	0
636	52	4	111284.53	1	0	1	32936.44	0	1	1
752	35	2	0.0	1	1	0	44335.54	0	1	0
531	53	5	127642.44	1	1	0	141501.45	0	0	0
587	44	5	125584.17	2	1	1	41852.24	1	0	0
683	56	7	50911.21	3	0	0	97629.31	0	1	1
516	27	9	0.0	1	1	0	142680.64	0	0	1
663	22	9	0.0	1	1	0	29135.89	0	1	0
737	54	9	0.0	1	1	0	83470.4	0	0	1
669	50	4	149713.61	3	1	1	124872.42	0	0	1
648	43	1	107963.38	1	0	0	186438.86	1	0	0
783	44	3	81811.71	1	1	0	164213.53	0	1	0
678	49	2	116933.11	1	1	0	195053.58	1	0	1
691	41	8	109153.96	3	1	1	148848.76	1	0	0
707	51	10	98438.23	1	0	0	70778.63	1	0	0
803	32	9	192122.84	1	1	1	54277.45	0	0	0
673	59	0	178058.06	2	0	1	21063.71	0	0	1
540	48	2	109349.29	1	1	0	88703.04	0	0	1
407	37	1	0.0	1	1	1	49161.12	0	1	1
748	60	0	152335.7	1	1	0	126743.33	0	0	1
562	51	1	124662.54	1	1	1	65390.46	0	0	0
717	36	2	99472.76	2	1	0	94274.72	0	0	0
526	33	8	114634.63	2	1	0	110114.38	0	1	0
702	26	5	56738.47	2	1	1	100442.22	0	0	1
641	40	9	0.0	1	0	0	151648.66	0	0	0
580	24	1	133811.78	1	1	0	17185.95	1	0	1
616	37	5	144235.73	2	0	0	154957.66	0	0	1
640	43	9	172478.15	1	1	0	191084.4	0	1	1
546	47	8	0.0	1	1	1	66408.01	0	0	0
466	41	3	33563.95	2	1	0	178994.13	0	0	0
621	40	8	174126.75	3	1	0	172490.78	1	0	1
638	55	2	155828.22	1	0	1	108987.25	0	1	0
628	38	10	113525.84	1	1	0	46044.48	1	0	1
667	23	6	136100.69	2	0	0	169669.33	0	1	0
606	47	3	93578.68	2	0	1	137720.56	0	0	1
794	62	9	123681.32	3	1	0	173586.63	0	0	0
796	52	9	167194.36	1	1	1	62808.93	1	0	0
722	43	1	0.0	1	1	0	44560.17	0	1	1
590	43	7	81076.8	2	1	1	182627.25	0	0	1
502	57	3	101465.31	1	1	0	43568.31	1	0	0
554	46	7	87603.35	3	0	1	96929.24	0	1	0
575	49	7	121205.15	4	1	1	168080.53	1	0	1
480	47	8	75408.33	1	1	0	25887.89	0	1	1
672	40	3	0.0	1	1	0	113171.61	0	0	0
556	51	8	61354.14	1	1	0	198810.65	0	0	0
823	53	4	124954.94	1	0	1	131259.6	1	0	0
491	68	1	95039.12	1	0	1	116471.14	1	0	0
745	44	0	119638.21	1	1	1	34265.08	1	0	0
728	37	3	122689.51	2	0	0	106977.53	0	0	1
478	38	4	171913.87	1	1	0	51820.87	0	0	0
769	34	7	137239.17	1	1	1	71379.92	1	0	0
536	61	8	65190.29	1	1	1	64308.49	0	0	0
753	46	3	111512.75	3	1	0	159576.75	1	0	0
587	45	8	134980.74	1	1	1	123309.57	1	0	0
724	41	4	142880.28	3	0	0	185541.2	0	1	0
547	49	8	121537.71	2	1	0	46521.45	1	0	1
740	43	9	0.0	1	1	0	199290.68	0	1	1
543	42	4	89838.71	3	1	0	85983.54	0	0	1
688	39	0	0.0	2	1	0	53222.15	0	0	0
650	55	2	140891.46	3	1	1	179834.45	1	0	0
595	45	9	106000.12	1	0	0	191448.96	1	0	0
783	58	3	127539.3	1	1	1	96590.39	1	0	0
671	51	3	96891.46	1	1	0	176403.33	1	0	1
678	60	8	185648.56	1	0	0	192156.54	0	0	1
533	49	1	102286.6	3	1	0	69409.37	1	0	0
542	54	8	105770.14	1	0	1	140929.98	0	1	1
821	38	8	0.0	2	0	1	126241.4	0	1	0
850	55	10	98488.08	1	1	0	155879.57	0	0	0
698	51	6	144237.91	4	1	0	157143.61	0	0	0
700	47	4	0.0	1	1	0	121798.52	0	1	1
646	31	2	0.0	1	1	1	170821.43	0	1	1
726	29	7	0.0	2	1	1	91844.14	0	0	1
591	27	5	107812.67	1	0	1	162501.83	0	1	0
670	31	2	57530.06	1	1	1	181893.31	0	0	0
764	39	9	138341.51	1	1	0	50072.94	1	0	0
683	30	2	0.0	2	0	1	100496.84	0	0	0
597	22	6	101528.61	1	1	0	70529.0	1	0	0
742	55	5	155196.17	1	0	1	121207.66	1	0	1
740	57	3	113386.36	2	1	1	65121.63	1	0	0
576	24	3	0.0	1	0	1	78498.04	0	0	1
571	37	9	139592.98	3	1	0	104152.65	1	0	1
822	38	6	128289.7	3	1	0	9149.96	0	0	1
559	46	5	0.0	1	1	0	21006.1	0	0	0
731	49	4	88826.07	1	1	1	33759.41	1	0	0
678	41	1	143443.61	1	1	0	196622.28	0	0	0
645	68	9	0.0	4	1	1	176353.87	0	0	0
655	40	0	81954.6	1	1	1	198798.44	1	0	0
780	37	10	95196.26	1	1	0	126310.39	1	0	0
740	44	9	0.0	1	0	1	96528.0	0	0	1
799	63	1	110314.21	2	1	0	37464.0	0	0	0
713	48	1	163760.82	1	0	0	157381.14	0	1	0
547	44	5	0.0	3	0	0	5459.07	0	1	0
680	34	6	146422.22	1	1	0	67142.97	1	0	1
721	40	6	100275.88	1	1	0	138564.48	1	0	1
850	47	6	0.0	1	1	0	187391.02	0	0	1
510	31	0	113688.63	1	1	0	33099.41	1	0	1
569	28	3	100032.52	1	1	0	5159.21	1	0	0
386	53	1	131955.07	1	1	1	62514.65	0	1	0
795	56	9	94348.94	1	1	0	29239.29	1	0	0
619	44	6	52831.13	1	1	1	112649.22	0	1	0
572	51	8	97750.07	3	1	1	193014.26	1	0	1
605	51	9	104760.82	1	1	1	165574.54	0	0	0
534	49	7	0.0	1	1	0	13566.48	0	0	0
622	42	9	115766.26	1	0	0	72155.85	1	0	1
743	45	10	144677.19	3	1	0	22512.44	1	0	1
529	43	0	123815.86	1	1	1	78463.99	0	0	0
720	59	6	0.0	2	1	1	160849.43	0	1	0
637	46	2	143500.82	1	1	0	166996.46	1	0	0
530	55	4	120905.03	1	0	1	123475.88	0	0	0
815	57	5	0.0	3	0	0	38941.44	0	1	0
715	34	9	102277.52	1	0	0	177852.57	1	0	0
496	55	4	125292.53	1	1	1	31532.96	1	0	0
649	32	1	0.0	1	0	1	91167.19	0	1	1
547	41	3	151191.31	1	1	0	175295.89	1	0	1
477	57	9	114023.64	2	1	1	71167.17	0	0	0
592	35	6	80285.16	1	1	0	72678.75	0	1	1
839	47	2	136911.07	1	1	1	168184.62	1	0	1
684	42	1	117691.0	1	1	1	23135.65	1	0	1
771	51	5	135506.58	3	1	1	152479.64	0	1	1
538	62	3	75051.49	1	0	0	17682.02	0	0	0
575	52	8	123925.23	1	0	0	111342.66	0	1	1
682	41	6	0.0	2	0	1	134158.09	0	0	1
712	33	3	153819.58	1	1	0	79176.09	0	0	1
813	36	6	98088.09	1	0	1	26687.22	1	0	0
642	48	9	118317.27	4	0	0	78702.98	0	0	1
574	54	1	99774.5	1	0	0	4896.11	1	0	1
735	38	1	0.0	3	0	0	92220.12	0	0	0
738	44	2	0.0	2	1	0	43018.82	0	1	1
831	44	3	111100.98	1	1	1	28144.07	1	0	1
779	48	2	115290.27	1	0	0	98912.69	0	0	0
740	56	4	99097.33	1	1	1	85016.64	0	1	0
580	44	9	143391.07	1	0	0	146891.07	1	0	1
690	43	2	166522.78	1	0	0	119644.59	1	0	1
613	43	10	120481.69	1	0	0	94875.03	1	0	0
608	44	5	126147.84	1	0	1	132424.69	1	0	0
558	45	1	153697.53	2	0	0	89891.4	0	0	0
805	45	9	116585.97	1	1	0	189428.75	1	0	0
704	39	10	102556.18	2	1	0	171971.25	1	0	0
828	47	1	109876.82	2	1	0	83611.45	0	1	1
577	44	1	152086.15	1	0	1	44719.5	1	0	0
748	45	2	119852.01	1	0	0	73853.94	1	0	1
580	36	6	145387.32	2	1	1	169963.2	1	0	0
383	48	8	95808.19	1	0	0	137702.01	0	1	0
583	40	3	54428.37	1	1	0	109638.78	0	1	0
588	48	1	143279.58	2	1	0	31580.8	1	0	0
641	65	6	38340.02	1	1	0	32607.77	0	0	1
678	43	1	133237.21	1	1	0	111032.79	0	0	1
648	32	8	157138.99	3	1	0	190994.48	1	0	0
737	43	0	80090.93	1	1	0	39920.0	0	0	1
682	35	2	181166.44	1	1	1	63737.19	0	0	0
688	38	7	148045.68	1	1	0	175479.92	0	0	1
677	34	3	126729.41	1	1	1	26106.39	1	0	1
850	36	5	119984.07	1	1	0	191535.11	1	0	1
771	56	2	0.0	1	1	1	25222.6	0	1	0
569	35	2	109196.66	3	1	0	109393.19	1	0	1
684	38	3	134168.5	3	1	0	3966.5	0	1	0
566	65	4	120100.41	1	1	0	107563.16	1	0	1
715	37	9	105489.31	1	0	0	143096.49	1	0	0
617	50	7	0.0	1	1	0	184839.7	0	1	1
597	35	9	0.0	3	0	1	73181.39	0	1	1
579	50	5	117721.02	1	0	1	192146.63	1	0	0
492	52	8	125396.24	1	1	0	10014.72	1	0	0
626	43	4	137638.69	1	1	0	130442.08	0	0	1
644	44	5	73348.56	1	1	0	157166.79	0	0	1
477	24	2	95675.62	2	0	0	162699.7	1	0	0
616	36	6	0.0	1	1	1	12916.32	0	1	0
717	42	5	190305.78	1	1	0	99347.8	0	1	0
526	35	9	118536.4	1	1	0	40980.87	1	0	0
695	63	1	146202.93	1	1	1	126688.83	0	1	1
747	41	9	0.0	1	1	0	32430.94	0	1	1
546	52	2	0.0	1	1	0	137332.37	0	0	0
667	71	4	137260.78	1	0	1	94433.08	0	1	1
636	60	7	124447.73	1	1	1	141364.62	0	1	1
667	42	7	0.0	1	0	1	108348.94	0	0	1
757	30	6	161378.02	1	0	0	71926.28	1	0	0
615	61	1	104267.7	1	1	0	62845.64	0	0	0
705	47	3	63488.7	1	0	1	28640.92	0	1	0
644	46	6	12459.19	1	0	0	156787.34	0	1	0
447	41	3	0.0	4	1	1	197490.39	0	0	1
625	49	4	128504.76	1	1	0	126812.63	1	0	0
732	45	6	98792.4	1	1	0	81491.7	1	0	0
660	35	9	113948.58	1	1	0	188891.96	1	0	1
696	49	5	97036.22	2	1	0	152450.84	1	0	1
535	38	8	127475.24	1	0	0	60775.76	1	0	1
674	45	7	144889.18	1	1	1	102591.9	0	0	1
829	22	7	150126.44	1	1	0	152107.93	0	0	0
832	61	2	0.0	1	0	1	127804.66	0	0	1
747	37	9	135776.36	3	1	0	85470.45	1	0	1
681	44	4	91115.76	2	0	0	24208.84	1	0	0
593	39	8	151391.68	1	1	0	27274.6	1	0	0
684	40	2	70291.02	1	1	1	115468.84	0	1	1
602	42	10	0.0	2	0	0	169921.11	0	0	0
689	55	1	76296.81	1	1	0	42364.75	1	0	0
809	42	6	64497.94	3	0	1	182436.81	1	0	0
625	45	3	0.0	1	1	1	184474.15	0	0	0
584	50	1	0.0	1	0	1	152567.75	0	1	0
625	35	5	86147.46	2	1	0	163440.8	1	0	0
684	60	2	116563.58	1	1	0	120257.7	0	0	1
671	47	7	114603.76	2	1	0	153194.32	1	0	0
751	51	7	148074.79	1	1	0	146411.41	1	0	0
636	36	1	0.0	3	1	1	74048.1	0	1	1
607	62	8	108004.64	1	1	1	23386.77	0	1	0
635	27	8	127471.56	1	1	1	152916.05	0	0	0
656	49	9	97092.87	1	1	0	74771.22	1	0	0
793	32	2	0.0	2	1	0	193817.63	0	0	1
669	51	3	88827.53	1	0	0	85250.77	0	1	1
676	49	1	0.0	1	1	0	79342.31	0	0	0
517	45	4	0.0	1	0	0	172674.36	0	0	0
596	40	5	62389.03	3	1	0	148623.43	1	0	1
498	46	1	91857.66	1	1	0	101954.78	0	0	1
594	56	7	0.0	1	1	0	26215.85	0	0	0
570	30	10	176173.52	1	1	0	97045.32	0	0	0
735	53	8	123845.36	2	0	1	170454.93	0	0	0
479	33	2	208165.53	1	0	0	50774.81	0	0	0
598	40	9	0.0	1	1	0	68462.59	0	0	0
732	55	9	136576.02	1	0	1	3268.17	0	0	1
675	33	0	141816.25	1	1	0	64815.05	1	0	0
443	54	3	138547.97	1	1	1	70196.23	0	0	0
570	29	4	153040.03	1	1	1	131363.57	0	0	0
692	45	6	142084.04	4	1	0	188305.85	1	0	1
749	46	9	66582.81	1	1	0	78753.12	0	1	0
679	47	10	198546.1	2	1	0	191198.92	0	0	1
555	44	3	105770.7	3	1	0	60533.96	0	0	0
751	48	9	0.0	1	1	0	137508.42	0	0	0
595	53	7	0.0	2	1	0	41371.68	0	0	0
577	43	3	127940.47	1	0	0	125140.72	1	0	0
656	46	7	141535.52	1	1	0	50595.15	1	0	0
569	41	4	120243.49	1	1	0	163150.03	0	0	1
588	22	9	67178.19	1	1	1	163534.75	0	1	0
849	41	6	0.0	2	1	1	169203.51	0	0	0
517	53	0	109172.88	1	1	0	54676.1	1	0	1
742	44	8	107926.02	1	0	1	17375.27	1	0	0
834	57	8	112281.6	3	1	0	140225.14	1	0	0
590	29	10	0.0	1	1	1	51907.72	0	1	1
748	39	9	132865.56	1	1	1	59636.43	0	0	0
598	48	6	120682.53	1	1	0	30635.52	0	0	1
579	42	0	144386.32	1	1	1	22497.1	1	0	1
548	49	9	108437.89	1	0	0	127022.87	1	0	1
537	38	10	0.0	1	0	0	52337.97	0	0	0
527	35	8	0.0	1	1	0	98031.53	0	1	0
668	53	10	110240.04	1	0	0	183980.56	0	0	0
629	37	10	99546.25	3	0	1	25136.95	0	0	0
775	30	5	0.0	1	1	0	193880.6	0	0	0
520	45	1	123086.39	1	1	1	41042.4	1	0	0
535	48	9	109472.47	1	1	0	157358.43	0	1	1
694	35	7	0.0	1	1	0	133570.43	0	1	0
786	33	0	83036.05	1	0	1	154990.58	0	0	0
646	50	5	142644.64	2	1	1	142208.5	0	1	0
659	44	9	23503.31	1	0	1	169862.01	0	0	0
633	47	0	0.0	1	1	1	6342.84	0	0	0
668	56	9	110993.79	1	1	0	134396.64	1	0	1
754	39	7	157691.98	2	1	0	133600.89	0	1	1
544	47	5	105245.21	1	0	0	99922.08	1	0	1
691	37	7	123067.63	1	1	1	98162.44	1	0	0
659	42	2	0.0	1	0	0	162734.31	0	1	0
526	52	8	93590.47	1	0	1	21228.71	0	0	1
519	38	1	114141.64	1	1	1	60988.21	1	0	1
482	45	7	156353.46	1	1	0	72643.95	1	0	1
561	27	9	135637.0	1	1	0	153080.4	0	0	0
575	47	9	107915.94	2	1	1	63452.18	1	0	1
532	52	9	137755.76	1	1	0	163191.99	1	0	1
833	32	6	0.0	1	1	1	44323.22	0	1	1
736	50	9	116309.01	1	1	0	185360.4	1	0	1
581	26	3	105099.45	1	1	1	184520.0	1	0	0
627	44	5	0.0	2	1	0	82969.61	0	0	0
619	44	3	116967.68	1	1	0	5075.17	0	0	1
686	60	9	0.0	3	1	1	75246.21	0	0	1
652	51	3	0.0	1	1	0	173989.47	0	0	0
477	47	9	144900.58	1	1	0	61315.37	0	0	1
632	41	8	127205.32	4	1	0	93874.87	1	0	1
756	26	5	155143.52	1	0	1	135034.57	1	0	0
619	41	8	0.0	3	1	1	79866.73	0	1	0
568	43	5	87612.64	4	1	1	107155.4	1	0	1
731	37	3	116880.53	1	0	0	172718.35	1	0	1
775	48	4	178144.91	2	0	0	50168.41	0	1	1
618	37	5	0.0	1	0	1	178705.45	0	0	1
835	47	5	108289.28	2	1	1	45859.55	1	0	0
581	54	2	152508.99	1	1	0	187597.98	1	0	0
497	29	4	85646.81	1	0	0	63233.02	0	0	0
690	40	9	77641.99	1	0	0	189051.59	0	0	0
513	45	0	164649.52	3	1	0	49915.52	0	0	0
762	46	6	123571.77	3	0	1	57014.17	1	0	1
631	48	1	106396.48	1	1	1	150661.42	1	0	1
725	47	1	104887.43	1	0	0	86622.56	1	0	0
633	40	4	150578.0	1	0	1	34670.62	0	0	1
395	34	5	106011.59	1	1	1	17376.57	1	0	0
547	55	4	111362.76	3	1	0	16922.28	1	0	1
609	37	1	39344.83	1	1	1	178291.89	0	0	1
513	44	1	63562.02	2	0	1	52629.73	0	0	1
705	48	9	114169.16	1	0	0	173273.2	1	0	1
747	49	6	202904.64	1	1	1	17298.72	0	0	1
511	46	1	0.0	1	1	1	115779.48	0	0	0
743	43	2	161807.18	2	0	1	93228.86	0	1	1
532	52	3	110791.97	1	1	0	148704.77	1	0	1
554	54	6	108755.0	1	1	0	40914.32	1	0	0
757	55	9	117294.12	4	1	0	94187.47	0	1	0
596	33	8	0.0	1	1	0	121189.3	0	0	1
633	63	4	114552.6	1	1	0	73856.28	0	1	1
535	50	1	140292.58	3	0	0	69531.22	0	1	0
714	52	2	0.0	1	0	1	144045.08	0	0	0
788	49	4	137455.99	1	1	0	184178.29	1	0	0
565	52	5	97720.35	2	1	0	175070.94	1	0	1
844	41	10	76319.64	1	1	1	141175.18	0	0	0
559	67	9	125919.35	1	1	0	175910.95	0	1	1
738	57	9	148384.64	1	0	0	155047.11	1	0	0
729	28	0	0.0	2	1	1	31165.06	0	1	0
743	59	5	108585.35	1	1	1	192127.22	1	0	1
627	55	6	0.0	1	0	0	91943.94	0	1	0
551	50	1	121399.98	1	0	1	84508.44	1	0	1
660	42	5	0.0	3	1	1	189016.24	0	1	0
650	45	9	152367.21	3	1	0	150835.21	1	0	0
743	48	5	118207.69	2	0	0	186489.14	0	1	0
663	52	0	136298.65	1	1	0	144593.3	0	1	1
524	64	5	0.0	1	1	0	136079.64	0	1	0
700	46	5	95872.86	1	1	0	98273.01	0	0	1
692	33	9	0.0	1	1	0	113505.93	0	0	1
562	37	2	0.0	1	0	1	52525.15	0	0	1
603	35	1	123407.69	1	1	0	152541.89	1	0	1
621	40	7	0.0	2	0	1	131283.6	0	1	0
753	44	3	138076.47	1	1	0	15523.09	1	0	1
601	48	9	163630.76	1	0	1	41816.49	1	0	1
850	55	0	98710.89	1	1	1	83617.17	1	0	1
649	49	2	0.0	1	1	0	84863.85	0	1	0
806	30	8	168078.83	1	1	0	85028.36	1	0	1
602	53	5	98268.84	1	0	1	45038.29	1	0	0
743	43	5	0.0	2	0	0	113079.19	0	0	1
627	39	5	124586.93	1	1	0	93132.61	1	0	0
632	37	1	138207.08	1	1	0	60778.11	0	1	1
790	47	10	148636.21	1	0	1	16119.96	0	0	0
693	45	2	116546.59	2	0	0	23140.28	1	0	1
564	33	2	115761.51	1	0	1	112350.21	1	0	0
678	32	4	139626.01	1	1	1	118235.52	1	0	1
540	31	7	0.0	1	0	1	183051.6	0	0	0
651	34	10	148962.46	1	1	0	66389.43	1	0	0
497	41	5	80542.81	1	0	0	88729.22	1	0	1
648	49	5	0.0	1	1	0	149946.43	0	1	1
617	39	5	83348.89	3	1	0	7953.62	1	0	0
595	44	4	96553.52	2	1	0	143952.24	1	0	0
669	50	9	201009.64	1	1	0	158032.5	0	0	1
596	48	2	131326.47	1	0	0	1140.02	1	0	1
585	56	1	128472.8	1	1	0	186476.91	0	1	0
850	42	6	84445.68	3	0	1	60021.34	1	0	1
619	46	8	62400.48	1	1	1	132498.39	0	1	1
628	50	4	143054.56	1	0	1	109608.81	0	0	0
521	49	4	82940.25	2	0	0	62413.01	0	1	0
669	50	4	112650.89	1	0	0	166386.22	1	0	0
651	35	1	163700.78	3	1	1	29583.48	1	0	0
546	34	4	165363.31	2	1	1	25744.13	0	0	1
697	45	1	0.0	2	1	0	46807.62	0	0	0
637	39	3	109698.41	1	1	1	88391.29	1	0	0
638	50	1	102645.48	1	1	0	168359.98	1	0	1
840	51	1	87779.83	1	0	1	36687.11	1	0	0
445	48	7	168286.58	1	1	0	16645.77	1	0	0
720	44	3	86102.27	1	1	0	180134.88	0	0	1
652	47	0	126597.89	2	1	1	38798.79	1	0	0
662	54	1	187997.15	1	0	0	111442.71	0	1	0
581	38	1	133105.47	1	1	0	105732.9	1	0	1
595	46	10	0.0	1	1	0	73489.15	0	0	1
794	55	6	115796.7	1	1	0	160526.36	1	0	0
576	71	6	140273.47	1	1	1	193135.25	1	0	0
747	40	3	0.0	1	0	0	57817.84	0	0	0
477	22	5	82559.42	2	0	0	163112.9	0	0	1
850	49	6	128663.9	1	1	0	65769.3	0	0	1
505	36	2	79951.9	1	0	1	174123.16	0	0	0
591	51	8	132508.3	1	1	1	161304.68	1	0	0
646	50	0	104129.24	2	1	0	181794.86	0	0	1
558	41	6	0.0	1	1	1	143585.29	0	0	0
729	42	7	0.0	2	1	0	58268.2	0	1	0
628	31	5	0.0	1	0	0	147963.07	0	0	0
517	56	9	142147.32	1	0	0	39488.04	0	0	1
562	57	3	0.0	3	1	0	6554.97	0	0	0
661	37	7	109908.06	2	1	0	115037.67	1	0	1
681	49	8	142946.18	1	0	0	187280.51	1	0	1
436	45	3	104339.11	2	1	1	183540.22	1	0	1
607	39	8	105103.33	1	1	0	104721.5	1	0	0
850	66	0	127120.62	1	0	1	118929.64	1	0	0
586	46	0	0.0	3	0	1	131553.82	0	0	0
663	58	5	216109.88	1	0	1	74176.71	0	1	0
752	41	8	0.0	2	1	0	139844.04	0	0	0
628	50	8	0.0	1	0	0	144366.83	0	1	1
745	36	9	0.0	1	1	0	19605.18	0	0	0
454	50	10	92895.56	1	1	0	154344.0	1	0	0
619	55	0	0.0	3	0	0	60810.64	0	0	0
842	37	4	132446.08	2	1	0	87071.18	0	0	0
707	57	1	92053.0	1	1	1	164064.44	0	0	0
555	51	9	138214.5	1	1	0	198715.27	1	0	0
618	42	2	0.0	4	0	0	111097.39	0	0	0
604	53	2	121389.78	1	1	1	48201.64	0	0	0
473	39	9	117103.26	2	1	1	85937.52	0	0	0
638	33	5	129335.65	1	1	1	56585.2	1	0	0
656	48	9	0.0	2	1	1	85240.61	0	0	0
469	48	5	0.0	1	1	0	160529.71	0	0	0
535	38	2	119272.29	1	0	0	195896.59	0	0	1
585	55	10	106415.57	3	1	1	122960.98	0	0	1
623	50	7	126608.37	1	0	1	645.61	1	0	1
760	38	6	162888.73	1	1	0	91098.76	0	0	1
637	43	8	0.0	1	1	0	12156.93	0	1	1
568	44	7	0.0	2	0	0	62370.67	0	0	0
576	63	3	148843.56	1	1	0	69414.13	1	0	1
559	50	5	162702.35	1	0	0	150548.5	0	0	1
608	56	10	129255.2	2	1	0	142492.04	0	0	0
802	39	7	120145.96	2	0	1	59497.01	0	0	0
581	24	10	159203.71	1	1	1	102517.83	0	1	0
718	49	10	0.0	1	1	0	184474.72	0	0	0
469	52	8	139493.25	3	0	0	150093.32	1	0	0
600	37	4	0.0	3	1	0	7312.25	0	0	0
622	41	2	127087.06	1	1	0	102402.91	0	0	1
546	52	1	106074.89	1	1	1	23548.45	1	0	0
727	45	6	114422.85	2	1	1	104678.78	1	0	1
593	48	3	133903.12	2	1	1	85902.39	1	0	0
685	30	2	0.0	3	1	1	172576.43	0	1	0
636	48	3	120568.41	1	1	0	190160.04	1	0	0
610	57	7	72092.95	4	0	1	113228.82	0	0	0
651	35	0	181821.96	2	0	1	36923.67	0	0	1
490	39	1	0.0	3	1	0	171060.01	0	0	1
754	48	7	141819.02	1	1	0	93550.53	1	0	0
649	56	8	156974.26	1	1	0	89405.26	0	0	0
610	49	6	113882.33	1	1	0	195813.81	1	0	1
492	48	6	127253.98	1	1	1	92144.09	0	0	0
569	66	2	0.0	1	1	0	130784.2	0	0	1
705	54	3	125889.3	3	1	0	96013.5	1	0	0
544	48	10	78314.63	3	1	1	103713.93	0	0	1
564	36	7	206329.65	1	1	1	46632.87	0	0	0
781	48	0	57098.96	1	1	0	85644.06	0	0	0
628	39	1	115341.19	1	1	1	107674.3	1	0	1
750	33	3	161801.47	1	0	1	153288.97	0	1	0
658	42	8	102870.93	1	0	1	103764.55	0	0	1
576	55	6	44582.07	3	0	1	67539.85	0	0	0
595	52	9	0.0	1	1	1	106340.66	0	0	1
572	39	4	112290.22	1	1	0	49373.97	1	0	1
588	44	8	154409.74	1	1	0	49324.03	0	0	1
518	29	9	125961.74	2	1	0	160303.08	1	0	1
557	39	7	49572.73	1	1	0	115287.99	0	0	0
666	47	5	0.0	1	0	0	166650.9	0	1	0
521	27	4	121325.84	1	1	1	164223.7	0	0	1
646	44	2	113063.83	1	0	0	53072.49	1	0	0
635	65	5	117325.54	1	1	0	155799.86	1	0	0
646	25	5	182876.88	2	1	1	42537.59	0	1	1
805	50	9	130023.38	1	1	0	62989.82	1	0	1
493	54	3	167831.88	2	1	0	150159.95	0	0	1
569	51	3	0.0	3	1	0	75084.96	0	1	0
594	53	4	0.0	1	1	0	5408.74	0	0	0
478	48	0	83287.05	2	0	1	44147.95	0	1	1
465	53	1	117438.17	1	0	0	74898.8	1	0	1
568	46	8	150836.92	1	0	0	64516.8	1	0	1
602	39	6	154121.32	2	1	0	176614.86	0	0	0
755	43	6	165048.5	3	1	0	16929.41	1	0	1
624	71	4	170252.05	3	1	1	73679.59	0	0	0
699	54	3	111009.32	1	1	1	155905.79	1	0	0
628	51	10	115280.49	2	0	0	12628.61	1	0	0
805	56	6	151802.29	1	1	0	46791.09	1	0	1
556	54	4	150005.38	1	1	0	157015.5	0	0	0
600	53	7	106261.63	1	1	0	93629.66	1	0	1
606	41	4	132670.53	1	1	0	156476.36	1	0	0
753	38	1	117314.92	1	1	0	122021.33	1	0	0
559	38	3	145874.35	1	1	0	56311.39	0	1	1
621	51	4	109978.83	1	0	0	177740.58	1	0	1
552	42	8	103362.14	1	0	1	186869.58	1	0	0
588	49	6	132623.76	3	1	0	36292.94	1	0	1
564	31	5	121461.87	1	1	1	20432.09	0	1	1
707	48	8	88441.64	1	1	1	119903.2	0	1	1
826	49	0	0.0	1	0	0	178709.98	0	0	0
430	66	6	135392.31	2	1	1	172852.06	1	0	0
612	63	2	131629.17	2	1	0	122109.58	0	1	0
554	55	0	108477.27	1	0	1	140003.0	1	0	0
529	46	8	0.0	1	0	0	126511.94	0	0	1
515	45	7	120961.5	3	1	1	39288.11	1	0	1
434	55	8	109339.17	2	1	0	96405.88	1	0	1
525	59	6	55328.4	1	1	0	83342.73	0	0	0
616	28	10	105173.99	1	0	1	29835.37	1	0	0
736	42	7	117280.23	3	0	0	41921.06	0	0	0
689	30	5	136650.89	1	1	1	41865.72	1	0	0
653	47	6	0.0	1	1	0	50695.93	0	0	1
711	25	5	190066.54	1	0	0	51345.39	0	0	0
484	55	8	149349.58	3	0	0	137519.92	1	0	0
679	41	8	147726.98	3	1	0	172749.4	0	0	1
581	54	4	89299.81	1	0	0	5558.47	0	0	1
799	31	9	154586.92	1	0	1	88604.89	1	0	1
704	24	2	0.0	1	1	0	35600.25	0	1	0
539	47	2	127286.04	2	1	1	166929.43	0	0	0
697	62	7	0.0	1	1	0	129188.18	0	1	1
580	45	8	103741.14	1	1	0	47428.73	1	0	1
664	44	7	77526.66	3	0	0	57338.56	0	1	1
582	40	3	110150.43	1	1	1	191757.65	1	0	0
605	57	2	0.0	3	1	0	66652.75	0	1	0
779	55	0	133295.98	1	1	0	22832.71	0	1	0
563	32	0	148326.09	1	1	0	191604.27	0	0	0
747	47	5	139914.6	4	0	1	129964.56	0	0	0
600	58	8	118723.11	1	0	0	6209.51	1	0	0
762	60	10	168920.75	1	1	0	31445.03	0	1	0
655	34	7	118028.35	1	1	0	51226.32	1	0	1
629	59	9	113657.83	1	1	1	116848.79	0	0	1
581	44	7	189318.16	2	1	0	45026.23	0	1	0
599	33	4	51690.89	1	1	0	111622.76	0	1	1
663	53	6	150200.23	1	0	1	151317.27	0	1	0
627	41	6	0.0	3	1	1	138700.75	0	0	0
588	36	2	0.0	2	1	0	92536.0	0	0	0
793	54	2	128966.13	1	0	0	18633.4	1	0	1
727	59	5	152581.06	1	1	0	71830.1	1	0	1
713	32	1	117094.02	1	0	0	149558.83	0	0	0
607	39	10	0.0	3	1	0	132741.13	0	0	0
650	42	4	194532.66	1	1	0	171045.31	0	1	1
850	56	1	169743.83	1	0	0	155850.4	1	0	1
676	34	8	82909.14	1	1	0	91817.38	0	0	0
708	54	8	145151.4	1	0	1	125311.17	1	0	0
499	42	0	147187.84	1	1	1	14868.94	0	1	0
850	54	7	108185.81	2	0	0	24093.4	0	1	1
596	21	4	210433.08	2	0	1	197297.77	0	0	1
600	49	6	0.0	1	0	1	148087.88	0	0	0
692	36	4	0.0	1	1	0	185580.89	0	0	0
568	36	10	153610.61	1	1	1	54083.8	0	1	0
682	38	1	116520.28	1	1	1	49833.5	1	0	0
620	25	8	141825.88	1	1	1	73857.94	1	0	0
737	39	7	130051.66	2	0	0	55356.39	0	1	0
721	45	7	138523.2	1	0	0	59604.45	1	0	0
603	56	5	90778.76	2	1	0	162223.67	0	1	0
572	47	4	99353.42	1	1	0	196549.85	1	0	1
453	40	1	111524.49	1	1	1	120373.84	1	0	0
762	35	1	117458.51	1	0	1	178361.48	1	0	1
796	56	6	94231.13	1	0	0	121164.6	0	1	1
570	38	1	127201.58	1	1	0	147168.28	1	0	1
552	33	3	144962.74	1	1	0	58844.84	1	0	1
619	48	4	0.0	1	0	0	18094.96	0	0	0
779	37	2	128389.63	1	1	1	6589.16	1	0	0
610	50	5	130554.51	3	1	0	184758.17	0	1	0
646	57	6	90212.0	1	1	0	13911.27	1	0	0
516	45	4	0.0	1	1	0	95273.73	0	0	0
691	36	7	129934.64	1	0	0	75664.56	0	1	1
778	35	1	151958.19	3	1	1	131238.37	1	0	0
550	33	4	118400.91	1	0	1	13999.64	1	0	1
665	43	2	116322.27	4	1	0	35640.12	1	0	0
768	37	9	108308.11	1	1	0	41788.25	1	0	1
704	50	4	165438.26	1	1	0	120770.75	0	0	1
677	56	0	119963.45	1	0	0	158325.87	0	0	0
616	44	5	102016.38	1	0	1	178235.37	0	0	1
651	56	4	0.0	1	0	0	84383.22	0	0	0
682	28	10	200724.96	1	0	1	82872.64	0	0	1
609	71	6	113317.1	1	1	0	108258.22	1	0	0
721	32	10	0.0	1	1	0	136119.96	0	1	0
654	32	2	0.0	1	1	1	51972.92	0	1	0
674	44	4	131593.85	1	0	1	171345.02	1	0	0
576	44	9	119530.52	1	1	0	119056.68	1	0	1
699	64	9	113109.52	1	1	0	27980.8	0	0	1
586	58	7	151933.63	1	1	0	162960.05	0	0	1
610	41	6	0.0	3	0	0	56118.81	0	0	1
630	51	0	108449.23	3	0	0	88372.69	1	0	0
697	42	1	0.0	1	1	0	1262.83	0	0	0
705	44	10	106731.58	1	1	0	137419.87	1	0	0
706	30	6	87609.68	2	0	0	137674.55	0	1	1
738	49	3	0.0	3	1	1	65066.48	0	1	1
622	36	0	108960.0	2	1	0	111180.3	0	1	0
598	38	1	101487.18	1	1	1	75959.1	1	0	1
708	52	10	105355.81	1	1	0	123.07	0	0	1
574	36	4	77967.5	1	1	0	167066.95	0	1	1
629	44	5	0.0	4	0	0	117572.59	0	0	1
697	32	7	175464.85	3	1	0	116442.42	0	0	1
718	52	8	79475.3	3	1	1	32421.32	0	0	1
708	34	3	0.0	1	0	1	121457.88	0	0	1
490	40	1	0.0	1	1	1	49594.19	0	0	0
619	42	8	132796.04	3	1	1	191821.35	1	0	0
430	60	7	73937.02	1	1	0	161937.62	0	0	0
537	45	7	158621.04	1	1	0	120892.96	0	0	0
608	28	4	0.0	2	1	0	10899.63	0	1	0
691	60	6	101070.69	1	1	0	177355.8	0	0	0
723	68	3	110357.0	1	0	0	141977.54	1	0	0
661	47	0	109493.62	1	0	0	188324.01	1	0	0
517	59	8	154110.99	2	1	0	101240.08	1	0	0
535	30	5	122924.75	1	0	0	62390.59	0	1	0
706	53	3	0.0	3	0	0	88479.02	0	1	0
612	44	2	115163.38	1	1	1	97677.52	1	0	1
809	50	10	118098.62	1	1	1	100720.02	1	0	1
405	39	10	0.0	1	1	0	160810.85	0	0	1
645	31	7	161171.7	2	1	0	12599.94	0	0	1
641	33	2	146193.6	2	1	1	55796.83	0	0	1
754	61	5	146622.35	1	1	1	41815.22	0	0	1
713	45	4	131038.14	1	1	0	74005.04	1	0	1
723	47	10	90450.0	2	0	0	103379.31	1	0	0
614	39	8	125997.22	1	1	1	128049.34	1	0	0
592	60	9	0.0	4	1	1	13614.01	0	0	1
677	29	3	86616.35	1	0	0	91903.9	0	0	0
777	29	9	131240.61	1	1	1	163746.09	0	0	0
612	46	9	161450.03	1	1	1	96961.0	1	0	1
517	62	1	43772.66	3	1	0	187756.24	0	0	1
740	60	5	108028.08	2	0	0	25980.42	0	0	0
842	44	3	141252.18	4	0	1	128521.16	0	0	1
850	35	2	128548.49	4	1	0	75478.95	0	0	0
638	42	8	145177.84	1	1	0	193471.74	1	0	1
694	58	1	143212.22	1	0	0	102628.56	1	0	0
543	41	6	143350.41	1	1	1	192070.16	1	0	1
777	30	4	137851.31	1	1	0	5008.23	0	0	0
665	51	8	0.0	1	1	1	38928.48	0	1	0
842	35	9	119948.09	1	1	0	48217.97	1	0	0
785	38	1	0.0	1	1	0	134964.85	0	0	0
563	42	6	99056.22	2	1	0	154347.95	0	1	0
549	55	1	137592.31	2	0	1	116548.02	1	0	0
764	34	6	108760.27	2	1	0	166324.79	1	0	1
685	44	2	119657.53	1	1	0	145387.05	1	0	0
561	49	1	102025.32	1	1	0	133051.64	1	0	0
792	50	4	146710.76	1	1	0	16528.4	1	0	0
636	67	7	136709.35	1	0	1	66753.1	1	0	1
437	43	6	0.0	1	1	0	148330.97	0	0	0
698	52	1	107906.75	1	1	0	168886.39	1	0	0
678	54	7	128914.97	1	0	0	191746.23	0	0	1
603	55	7	127723.25	2	1	0	139469.11	1	0	0
579	43	2	145843.82	1	1	1	198402.37	0	1	1
684	63	3	81245.79	1	1	0	69643.31	1	0	0
581	50	2	143829.2	2	1	0	181224.24	1	0	1
594	23	4	104753.84	2	1	0	56756.52	1	0	0
648	51	2	116574.84	1	1	0	4121.04	1	0	0
573	46	3	65269.23	1	0	1	189988.65	0	1	1
703	56	9	0.0	1	0	0	85547.33	0	0	1
850	48	2	0.0	1	1	0	169425.3	0	1	1
706	46	7	111288.18	1	1	1	149170.25	1	0	0
586	36	5	103700.69	1	1	0	194072.56	1	0	0
758	68	6	112595.85	1	1	0	35865.44	1	0	1
730	47	7	0.0	1	1	0	33373.26	0	0	0
651	45	8	95922.9	1	1	0	84782.42	0	1	0
623	45	0	0.0	1	1	0	196533.72	0	0	1
494	41	2	69974.66	2	1	0	188426.13	0	1	0
731	38	10	123711.73	2	1	0	171340.68	0	0	0
850	45	1	121874.89	1	0	0	6865.41	1	0	0
638	36	6	188455.19	1	0	0	47031.4	0	0	1
706	67	1	123276.69	2	1	1	86507.88	1	0	1
785	54	1	0.0	2	1	0	45113.92	0	1	0
620	61	5	0.0	1	0	0	31641.52	0	0	1
695	56	1	0.0	3	1	0	187734.49	0	1	1
567	54	5	92316.31	2	1	0	158590.66	0	1	0
637	30	1	122185.53	1	1	0	102566.46	1	0	1
670	36	3	0.0	1	1	0	140754.19	0	0	1
542	42	1	0.0	1	1	1	178256.58	0	0	0
532	42	1	159024.71	1	1	0	100982.93	0	0	1
520	39	1	73493.17	1	0	1	109626.13	0	0	0
530	52	1	106723.28	1	0	0	109960.4	0	0	1
634	56	3	116251.24	1	0	1	42429.88	1	0	0
625	51	4	124620.01	2	1	0	92243.94	0	0	0
637	49	2	108204.52	1	1	0	169037.84	1	0	1
716	50	2	119655.77	1	1	1	12944.17	1	0	1
519	21	1	151701.45	3	1	1	170138.68	1	0	0
829	28	3	132405.52	3	1	0	104889.2	1	0	1
603	57	6	105000.85	2	1	1	87412.24	0	1	1
647	41	4	138937.35	1	1	1	101617.64	0	0	1
467	51	10	114514.71	2	1	0	177784.68	1	0	1
632	23	3	122478.51	1	1	0	147230.77	1	0	1
616	31	3	136789.14	1	1	0	59346.4	0	0	0
684	39	4	207034.96	2	0	0	157694.76	0	1	1
592	38	3	0.0	1	1	1	12905.89	0	1	1
698	50	1	0.0	4	1	0	88566.9	0	1	0
606	37	6	82373.94	1	0	0	172526.9	0	0	1
835	23	9	0.0	1	1	0	19793.73	0	0	1
652	31	3	103696.97	3	0	0	155221.05	0	0	0
605	56	1	74129.18	2	1	1	62199.78	1	0	0
525	47	1	118087.68	1	1	0	88120.78	1	0	0
730	33	7	130367.87	1	1	0	15142.1	1	0	0
730	39	6	140094.59	1	1	0	172450.04	0	1	0
663	46	6	95439.4	1	1	1	21038.58	1	0	0
430	49	3	137115.16	1	1	0	146516.86	1	0	1
609	48	1	108019.27	3	1	1	184524.65	0	0	1
780	51	4	126725.25	1	1	0	195259.31	1	0	1
850	58	8	156652.13	1	0	0	25899.21	0	0	1
732	36	9	0.0	1	0	0	3749.0	0	0	0
541	39	9	100116.67	1	1	1	199808.1	1	0	0
850	36	6	143644.16	1	1	0	22102.25	1	0	0
626	52	0	0.0	2	1	0	32159.46	0	0	0
770	68	2	183555.24	1	0	0	159557.28	0	0	0
581	43	5	93259.57	3	1	0	141035.65	1	0	0
479	51	1	107714.74	3	1	0	86128.21	1	0	1
659	60	2	0.0	1	1	0	177480.45	0	1	1
640	43	9	94752.49	1	1	0	184006.36	1	0	0
624	34	6	0.0	1	1	0	582.59	0	1	0
704	31	5	132084.66	3	1	1	54474.48	0	0	1
564	53	2	45472.28	1	1	1	41055.71	0	0	0
791	33	10	130229.71	2	0	0	54019.93	1	0	0
729	39	6	127415.85	1	1	1	184977.2	1	0	1
651	35	8	110067.71	1	1	0	127678.95	1	0	1
410	33	6	125789.69	1	0	0	66333.56	0	0	1
642	39	8	128264.03	1	1	0	61792.76	1	0	0
606	25	3	147386.72	3	1	0	45482.04	0	1	0
367	42	6	93608.28	1	1	0	168816.73	0	1	1
768	48	3	122831.58	1	1	1	24533.89	1	0	1
599	61	1	124737.96	1	0	1	90389.61	1	0	1
496	44	0	179356.28	2	1	0	2919.21	0	1	0
659	50	3	0.0	1	1	0	183399.12	0	0	0
606	39	3	0.0	2	1	0	50560.45	0	0	0
668	36	3	133686.52	1	1	0	190958.48	0	1	0
767	47	5	0.0	1	1	0	121964.46	0	1	1
603	32	7	0.0	1	1	0	198055.94	0	0	1
687	61	7	80538.56	1	1	0	131305.37	0	0	0
557	42	6	177822.03	1	1	0	150944.31	0	0	1
443	59	4	110939.3	1	1	0	72846.58	1	0	1
670	57	3	175575.95	2	1	0	99061.75	0	1	0
787	43	0	132217.45	1	1	0	20955.03	1	0	1
766	47	9	129289.98	1	1	0	169935.46	1	0	1
790	50	8	121438.58	1	1	1	176471.78	1	0	1
478	50	2	0.0	1	0	1	93332.64	0	0	0
750	36	7	136492.92	3	1	1	26500.29	0	0	1
618	40	0	140306.38	1	1	0	160618.61	1	0	0
611	53	7	0.0	2	0	1	156495.39	0	0	0
644	51	4	95560.04	1	0	0	72628.84	1	0	0
598	50	5	88379.81	3	0	1	64157.24	1	0	0
615	58	3	72309.3	1	1	1	85687.09	1	0	1
746	58	3	0.0	3	1	1	80344.96	0	0	1
770	33	4	0.0	1	1	0	26080.54	0	0	0
555	42	6	107104.5	1	1	1	41304.44	1	0	1
705	37	10	0.0	2	1	1	13935.53	0	0	0
786	33	0	122325.58	1	0	0	34712.34	1	0	0
849	49	9	132934.89	1	1	0	171056.65	1	0	0
520	43	3	150805.17	3	0	1	25333.03	1	0	1
807	28	7	165969.26	3	1	0	156122.13	0	1	0
642	36	2	124495.98	3	1	1	57904.22	1	0	0
703	39	1	141559.5	1	1	1	31257.1	1	0	1
587	49	7	155393.98	2	1	0	13308.2	1	0	0
524	32	6	0.0	1	1	1	132861.9	0	1	0
675	40	8	79035.95	1	1	0	142783.98	0	1	0
657	22	6	0.0	3	0	1	168412.07	0	1	0
557	57	1	120043.13	1	1	0	132370.75	1	0	1
446	45	10	125191.69	1	1	1	128260.86	0	1	0
622	34	7	98675.74	1	1	0	138906.85	1	0	0
684	37	1	126817.13	2	1	1	29995.83	1	0	1
813	29	5	106059.4	1	0	0	187976.88	1	0	0
628	55	7	0.0	3	1	0	85890.75	0	1	0
601	39	3	72647.64	1	1	0	41777.9	0	0	1
614	37	6	96340.81	2	1	1	139377.24	1	0	0
434	55	6	0.0	1	0	1	73562.05	0	1	1
763	53	4	0.0	1	1	0	77203.72	0	0	0
660	48	0	90044.32	2	0	1	187604.97	0	0	0
739	32	3	102128.27	1	1	0	63981.37	1	0	1
769	60	9	148846.39	1	1	0	192831.67	1	0	1
607	48	4	112070.86	3	1	0	173568.3	0	0	0
630	29	6	131354.39	1	0	1	9324.31	1	0	1
767	45	7	132746.2	2	1	0	26628.88	1	0	0
535	58	1	0.0	2	1	1	11779.98	0	1	1
549	36	6	139422.37	1	0	0	83983.39	1	0	1
699	22	9	99339.0	1	1	0	68297.61	0	0	1
612	52	5	144772.69	1	0	0	98302.57	0	1	0
719	44	4	0.0	1	0	0	84972.9	0	1	1
702	26	2	71281.29	1	1	1	108747.12	0	0	1
753	40	0	3768.69	2	1	0	177065.24	0	0	0
479	47	6	121797.09	1	0	1	5811.9	0	0	1
512	41	7	122403.24	1	0	1	37439.9	1	0	1
638	43	3	145860.98	1	1	1	142763.51	0	0	0
707	48	7	105086.74	1	1	1	180344.69	1	0	0
508	49	1	93817.41	2	1	1	132468.76	0	0	1
744	46	1	0.0	3	1	1	177431.59	0	1	0
567	41	9	137891.35	1	1	0	142009.46	0	0	0
650	28	5	122034.4	3	0	1	146663.43	1	0	0
526	49	2	0.0	1	1	0	114539.67	0	1	1
598	40	2	171178.25	1	1	0	137980.58	0	0	0
525	51	10	0.0	3	1	0	171045.35	0	0	1
633	58	2	128137.42	2	1	0	147635.33	1	0	1
556	42	0	115915.53	2	0	1	125435.47	1	0	1
802	60	3	92887.06	1	1	0	39473.63	0	0	0
738	40	6	114940.67	2	1	1	194895.57	1	0	0
592	70	5	71816.74	2	1	0	105096.82	1	0	0
746	48	5	165282.42	1	1	0	153786.46	0	0	1
753	46	9	113909.69	3	1	0	92320.37	1	0	0
696	42	4	0.0	1	0	0	126353.13	0	0	1
624	42	3	145155.37	1	1	0	72169.95	0	0	1
550	40	8	150490.32	1	0	0	166468.21	0	0	0
599	50	3	121159.65	1	0	0	4033.39	0	0	1
690	54	1	144027.8	1	1	1	108731.02	1	0	0
723	30	1	0.0	3	1	0	164647.72	0	1	1
585	35	2	0.0	2	1	0	98621.04	0	0	0
597	43	2	85162.26	1	0	1	5104.08	0	1	1
680	30	4	108300.27	2	0	1	44384.57	1	0	1
687	47	1	91219.29	1	0	0	158845.49	1	0	0
603	24	3	0.0	1	1	1	198826.03	0	0	0
697	63	7	148368.02	1	0	0	118862.08	0	0	1
578	45	1	148600.91	1	1	0	143397.14	0	0	1
632	40	9	139625.34	1	1	0	93702.96	0	0	0
679	39	4	0.0	1	0	0	172939.3	0	0	0
754	65	1	136186.44	1	1	1	121529.59	1	0	1
754	45	6	0.0	1	1	0	73881.68	0	0	0
771	41	10	108309.0	4	1	1	137510.41	0	0	0
758	23	5	122739.1	1	1	0	102460.84	1	0	0
634	53	3	113781.5	2	1	1	106345.05	1	0	0
710	43	9	128284.45	1	1	0	32996.89	0	0	1
551	59	2	166968.28	1	1	0	159483.76	0	0	0
747	43	1	130788.71	1	0	1	101495.0	0	0	1
657	40	7	99165.84	1	0	1	119333.95	1	0	1
651	29	3	121890.06	1	1	0	54530.51	1	0	1
601	46	2	99786.07	1	1	1	32683.88	0	0	1
604	47	4	118907.6	1	0	1	47777.15	1	0	0
809	48	2	0.0	1	1	0	160976.85	0	1	0
532	43	9	0.0	2	0	0	190573.91	0	0	1
510	44	4	123070.89	1	1	0	28461.29	1	0	0
542	35	9	127543.11	2	1	0	468.94	1	0	0
765	56	1	0.0	1	1	0	13228.93	0	0	0
529	67	8	103101.56	2	1	1	154002.02	0	0	1
791	35	5	129828.58	1	1	1	181918.26	1	0	1
747	42	4	80214.36	1	1	0	115241.96	0	0	1
697	49	7	195238.29	4	0	1	131083.56	0	0	0
637	40	9	154309.67	1	1	1	125334.16	1	0	1
621	50	5	0.0	2	1	0	191756.54	0	0	0
850	55	7	0.0	1	0	0	171762.87	0	1	0
443	35	9	108308.0	1	1	0	129031.19	0	0	0
589	37	7	85146.48	2	1	0	86490.09	0	0	1
350	51	10	0.0	1	1	1	125823.79	0	0	1
697	43	8	103409.16	1	1	0	66893.28	1	0	1
749	42	9	222267.63	1	0	0	101108.85	0	1	1
706	47	10	144090.42	1	1	0	140938.95	1	0	0
664	49	5	127421.78	2	1	0	108876.75	1	0	0
655	44	6	146498.76	1	1	0	64853.51	1	0	0
707	52	7	0.0	1	1	0	109688.82	0	1	0
705	37	3	109974.22	1	1	1	36320.87	1	0	0
634	63	10	0.0	2	1	0	30772.86	0	1	1
350	60	3	0.0	1	0	0	113796.15	0	0	0
727	61	0	128213.96	2	1	1	188729.08	0	0	1
761	62	5	98854.34	1	0	0	86920.97	1	0	1
820	39	9	111336.89	1	1	0	16770.31	1	0	1
782	34	9	0.0	1	1	0	183021.06	0	0	1
638	41	9	144326.09	1	1	0	73979.85	1	0	0
706	29	1	209490.21	1	1	1	133267.69	0	1	0
651	38	2	0.0	3	1	0	67029.82	0	1	1
510	52	6	191665.21	1	1	1	131312.56	0	0	0
586	60	3	47020.65	2	0	1	63241.21	0	0	0
753	36	7	128518.98	1	1	1	44567.83	0	0	0
637	43	1	135645.29	2	0	1	101382.86	1	0	1
611	49	9	115488.52	2	1	1	138656.81	1	0	0
562	39	6	130565.02	1	1	0	9854.72	1	0	0
664	46	2	0.0	1	1	1	177423.02	0	0	1
558	33	0	108477.49	1	1	1	109096.71	0	0	1
500	50	5	0.0	4	1	1	83866.35	0	1	0
681	43	3	66338.68	1	1	1	18772.5	0	0	1
813	59	2	135078.41	1	1	0	187636.06	1	0	1
687	38	8	69434.4	2	1	1	66580.13	0	1	1
668	42	8	187534.79	1	1	1	32900.41	0	0	1
556	46	3	131764.96	1	1	1	108500.66	0	1	1
645	47	9	152076.93	1	1	0	121840.2	1	0	1
560	49	4	0.0	1	1	1	100075.1	0	0	1
686	38	2	93569.86	3	0	0	10137.34	1	0	0
435	37	8	114346.3	1	0	1	980.93	1	0	1
599	49	10	143888.22	2	1	1	166236.38	1	0	0
603	51	8	186825.57	1	1	0	93739.71	0	0	1
683	40	4	95053.1	1	1	1	116816.54	0	1	1
657	48	5	143595.87	1	0	0	101314.65	1	0	0
606	36	1	155655.46	1	1	1	192387.51	0	0	1
641	52	4	0.0	1	1	0	90964.54	0	0	0
625	55	8	118772.71	4	0	0	135853.62	1	0	0
678	55	5	0.0	1	0	1	196794.11	0	0	0
713	26	4	122857.46	2	1	0	144682.17	0	1	0
660	43	1	0.0	1	0	1	112026.1	0	0	0
567	54	9	96402.96	1	0	0	52035.29	0	0	1
583	48	3	91246.53	1	1	0	60017.46	0	0	1
565	47	10	139756.12	1	1	0	165849.49	1	0	0
711	42	3	177626.77	3	0	1	16392.72	0	1	1
664	54	8	0.0	1	1	1	162719.69	0	0	1
518	50	4	0.0	1	0	0	107112.25	0	1	1
602	26	8	113674.2	1	1	0	197861.16	1	0	0
741	52	1	171236.3	2	0	0	21834.4	0	0	1
547	42	1	142703.4	1	1	0	86207.49	1	0	0
475	40	7	160818.08	1	0	1	169642.13	0	0	1
645	59	8	121669.93	2	0	0	91.75	1	0	0
640	47	6	89799.46	2	0	1	13783.77	0	0	0
577	51	2	108867.0	1	0	0	140800.66	0	1	1
723	49	0	153855.52	1	1	1	180862.26	1	0	0
653	41	1	104584.11	1	1	0	15126.32	1	0	1
803	50	8	98173.02	1	0	0	22457.25	1	0	0
560	47	1	0.0	1	0	0	128882.66	0	1	1
766	27	5	126285.73	1	1	0	177614.17	1	0	1
768	47	5	104552.61	1	1	0	48137.08	1	0	0
630	55	2	0.0	1	1	1	106202.07	0	0	1
765	46	8	119492.88	2	0	1	166896.01	1	0	0
685	33	1	0.0	3	0	1	70221.13	0	0	0
720	64	3	45752.78	2	1	0	79623.28	0	1	1
619	32	4	175406.13	2	1	1	172792.43	0	1	0
702	60	5	138597.54	2	1	1	41536.59	1	0	0
576	40	9	0.0	2	1	0	112465.19	0	0	1
647	52	7	130013.12	1	1	1	190806.36	1	0	1
686	47	6	0.0	1	1	0	32080.69	0	1	0
736	36	8	103914.17	1	1	1	110035.88	1	0	0
781	38	2	117810.79	1	0	1	65632.33	0	0	1
656	34	6	59877.33	1	1	0	14032.62	0	1	0
698	52	10	107304.39	3	1	0	28806.32	1	0	1
731	40	5	171325.98	1	1	1	159718.27	0	1	0
749	34	2	0.0	1	0	0	174189.04	0	1	1
753	51	4	79811.72	2	0	1	68260.27	0	1	1
630	39	10	105473.74	1	0	0	58854.88	0	1	1
693	43	1	121927.92	1	1	0	87994.95	1	0	0
838	40	6	61671.19	1	0	1	150659.35	0	1	0
727	49	7	96296.78	1	1	0	190457.87	0	1	0
578	59	10	185966.64	1	0	0	9445.42	0	0	1
507	36	9	118214.32	3	1	0	119110.03	1	0	1
504	46	2	163764.84	1	1	1	165122.55	0	1	0
665	63	7	104469.58	1	1	1	25165.36	1	0	1
627	35	2	137852.96	1	1	1	172269.21	1	0	0
673	43	8	127132.96	1	0	1	6009.27	0	1	1
529	29	4	135759.4	1	0	0	112813.79	1	0	1
544	26	6	0.0	1	1	0	100200.4	0	0	0
773	51	4	0.0	2	0	0	123587.83	0	1	1
624	52	0	133723.43	1	0	0	4859.59	1	0	0
682	52	5	112670.48	1	1	0	21085.17	0	0	0
382	36	0	0.0	1	1	1	179540.73	0	1	1
629	39	10	0.0	2	1	1	43174.49	0	0	0
584	37	10	134171.8	4	1	1	70927.11	1	0	0
676	48	2	124442.38	1	1	0	15068.53	1	0	0
598	60	4	0.0	1	1	0	197727.14	0	0	1
655	37	4	108862.76	1	1	0	79555.08	1	0	0
618	49	9	44301.43	3	1	1	89729.3	0	0	0
642	49	4	120688.61	1	1	0	24770.22	1	0	1
740	40	4	114318.78	2	1	0	129333.69	1	0	1
847	41	3	101543.51	4	1	0	16025.17	1	0	0
675	38	1	104016.88	1	0	0	22068.83	0	0	0
435	54	3	0.0	1	1	0	156910.46	0	0	1
720	29	7	106230.92	1	1	1	69903.93	1	0	0
824	26	7	146266.0	1	1	0	21903.62	0	0	1
585	50	2	125845.66	1	1	0	9439.31	1	0	1
613	51	7	147262.11	1	1	1	53630.9	1	0	0
550	49	0	108806.96	3	1	0	61446.92	1	0	1
741	42	6	106036.52	1	1	0	194686.78	0	0	1
563	61	1	82182.1	1	1	0	106826.92	0	1	1
644	50	9	76817.0	4	1	0	196371.13	0	0	1
641	35	2	103711.56	1	0	1	192464.21	1	0	1
710	62	9	148214.36	1	1	0	48571.14	1	0	0
466	47	5	102085.72	1	1	1	183536.24	1	0	0
373	42	7	0.0	1	1	0	77786.37	0	0	1
418	46	9	0.0	1	1	1	81014.5	0	0	0
645	43	9	140121.17	1	1	0	11302.7	1	0	1
629	40	9	137409.19	1	1	0	175877.7	0	0	0
561	43	4	0.0	4	0	0	18522.91	0	0	1
659	48	4	123593.22	2	1	0	82469.06	1	0	1
567	47	2	0.0	1	0	0	110900.43	0	0	0
771	57	4	0.0	1	0	0	85876.67	0	0	0
670	43	9	111677.88	1	1	0	178827.3	1	0	1
705	46	4	115518.07	1	0	0	76544.9	1	0	0
575	36	7	0.0	1	1	1	55868.97	0	0	1
689	40	4	78119.59	4	1	0	119259.34	1	0	0
544	53	9	0.0	1	1	0	125692.07	0	1	0
499	53	1	75225.53	2	0	0	144849.1	0	1	0
701	63	3	120916.52	3	0	0	144727.45	1	0	1
593	27	10	0.0	3	0	0	94620.0	0	1	1
596	54	1	123544.0	1	1	1	120314.75	1	0	1
689	28	5	95328.6	1	1	0	6129.61	0	1	0
718	41	1	0.0	2	0	1	27509.52	0	0	0
524	29	3	159035.45	1	1	0	2705.31	0	1	1
559	52	2	0.0	1	1	0	129013.59	0	0	1
608	45	4	0.0	2	0	0	36697.48	0	1	1
655	41	5	0.0	1	0	0	36548.0	0	0	0
782	53	1	81571.05	1	1	0	182960.46	1	0	0
707	40	1	0.0	2	1	0	14090.4	0	0	1
791	33	3	0.0	1	1	1	144413.92	0	0	0
732	48	4	102962.62	1	1	0	120852.85	1	0	0
789	43	8	119654.44	2	0	1	148412.24	1	0	1
515	48	5	129387.94	1	0	1	147955.91	0	0	1
618	46	6	150213.71	1	1	0	120668.46	0	0	0
850	40	9	99816.46	1	1	1	163989.66	0	0	0
651	45	6	86714.06	1	1	0	85869.89	1	0	0
550	42	10	128707.31	1	1	0	63092.65	1	0	0
659	29	6	123192.12	1	1	1	56971.41	0	0	1
727	46	3	115248.11	4	1	0	130752.01	1	0	1
779	29	3	46388.16	3	1	0	127939.26	0	0	0
782	72	5	148666.99	1	1	0	2605.65	1	0	0
769	34	7	115101.5	1	0	0	57841.89	1	0	1
623	46	4	0.0	1	1	0	5549.11	0	1	1
686	41	5	128876.71	3	1	1	106939.34	0	0	1
582	38	9	135979.01	4	1	1	76582.95	0	0	0
644	37	6	117271.8	2	1	0	104217.96	0	0	1
739	41	8	0.0	1	1	0	191694.77	0	1	0
644	18	7	0.0	1	0	1	59645.24	0	1	1
841	52	3	112383.03	1	1	0	85516.37	1	0	0
563	41	2	100520.92	1	1	1	19412.8	1	0	1
621	55	7	131033.76	1	0	1	75685.59	1	0	0
634	59	3	95727.05	1	0	0	97939.4	1	0	0
635	33	1	0.0	3	0	0	178067.33	0	0	1
692	47	3	0.0	2	1	0	150802.41	0	1	0
350	40	0	111098.85	1	1	1	172321.21	0	0	0
504	44	0	131873.07	2	1	1	158036.72	1	0	0
547	49	2	0.0	1	0	0	65466.93	0	0	0
648	40	5	139973.65	1	1	1	667.66	1	0	0
744	50	1	121498.11	2	0	1	106061.47	1	0	0
850	71	10	69608.14	1	1	0	97893.4	0	1	1
480	40	7	0.0	1	1	0	170332.67	0	0	0
724	33	4	88046.88	1	0	1	186942.49	1	0	1
846	34	10	142388.61	2	0	1	68393.64	0	0	0
617	51	10	167273.71	1	0	0	93439.75	1	0	0
533	51	6	127545.56	2	0	0	79559.02	1	0	1
812	39	5	115730.71	3	1	1	185599.34	1	0	1
710	62	3	131078.42	2	1	0	119348.76	0	1	1
516	47	9	128298.74	1	0	0	149614.17	1	0	0
625	36	3	0.0	2	1	0	41295.1	0	0	0
530	45	1	0.0	1	0	1	190663.89	0	0	0
616	43	7	95984.21	1	0	1	115262.54	1	0	0
700	32	8	110923.15	2	1	1	161845.81	0	0	0
760	37	7	0.0	1	0	0	32863.24	0	0	1
586	46	8	106968.96	1	1	1	79366.98	1	0	1
610	69	5	86038.21	3	0	0	192743.06	1	0	0
627	24	5	102773.2	2	1	0	56793.02	1	0	1
708	51	8	70754.18	1	1	1	92920.04	0	0	0
648	43	7	81153.82	1	1	1	144532.85	0	1	0
714	54	4	137986.58	2	0	1	51308.54	1	0	1
520	49	5	121197.64	1	1	0	72577.33	0	0	1
641	48	3	147341.43	1	1	1	157458.61	0	0	0
527	39	4	0.0	2	1	0	167183.07	0	0	1
825	35	6	118336.95	1	1	0	26342.33	1	0	0
653	46	0	119556.1	1	1	0	78250.13	0	0	1
762	35	3	119349.69	3	1	1	47114.18	0	1	0
820	39	1	104614.29	1	1	0	61538.43	0	0	0
637	51	1	104682.83	1	1	0	55266.96	1	0	1
467	28	10	126315.26	1	1	0	32349.29	1	0	1
705	48	1	156848.13	2	1	1	99475.95	1	0	0
595	64	2	105736.32	1	1	1	89935.73	1	0	0
516	46	6	62212.29	1	0	1	171681.86	0	0	0
581	39	1	121523.51	1	0	0	161655.55	1	0	1
501	43	6	104533.24	1	0	0	81123.59	0	1	1
763	32	1	108465.65	2	1	0	60552.44	1	0	0
507	40	3	120105.43	1	1	0	92075.01	1	0	1
678	55	4	129646.91	1	1	1	184125.1	1	0	1
757	43	5	131433.33	2	1	1	3497.43	1	0	0
505	33	3	106506.77	3	1	0	45445.78	1	0	0
486	62	9	118356.89	2	1	0	168034.83	1	0	1
771	50	3	105229.72	1	1	1	16281.68	0	0	1
751	48	4	0.0	1	0	1	30165.06	0	0	0
684	56	3	127585.98	3	1	1	80593.49	1	0	0
589	38	4	0.0	1	1	0	95483.48	0	0	1
645	41	2	93925.3	1	1	0	123982.14	1	0	1
624	55	7	118793.6	1	1	1	95022.02	0	0	1
635	53	8	117005.55	1	0	1	123646.57	1	0	1
678	49	3	204510.94	1	0	1	738.88	0	0	0
632	50	5	107959.39	1	1	1	6985.34	1	0	0
692	43	10	118588.83	1	1	1	161241.65	1	0	0
615	34	1	83503.11	2	1	1	73124.53	0	0	1
520	46	10	85216.61	1	1	0	117369.52	0	0	0
795	33	9	104552.72	1	1	1	120853.83	1	0	0
702	44	9	0.0	1	0	0	59207.41	0	1	1
610	50	1	113957.01	2	1	0	196526.55	1	0	1
498	42	3	152039.7	1	1	1	53445.17	1	0	1
655	46	7	137145.12	1	1	0	115146.4	1	0	0
597	53	4	88381.21	1	1	0	69384.71	0	0	0
709	36	7	0.0	1	0	1	42085.58	0	0	0
772	42	3	75075.31	2	1	0	92888.52	1	0	1
