UNIQID	CreditScore	Age	Tenure	Balance	NumOfProducts	HasCrCard	IsActiveMember	EstimatedSalary	Geography_Germany	Geography_Spain	Gender_Male
r2292	812.0	25.0	5.0	54817.55	1.0	1.0	0.0	131660.31	1.0	0.0	1.0
r2322	695.0	46.0	7.0	49512.55	1.0	1.0	0.0	133007.34	0.0	0.0	1.0
r2994	691.0	31.0	5.0	40915.55	1.0	1.0	0.0	126213.84	0.0	0.0	0.0
r607	582.0	41.0	1.0	40488.76	1.0	1.0	0.0	128528.83	0.0	0.0	1.0
r4920	779.0	29.0	3.0	46388.16	3.0	1.0	0.0	127939.26	0.0	0.0	0.0
r274	584.0	32.0	8.0	40172.91	1.0	1.0	1.0	137439.34	1.0	0.0	1.0
r744	640.0	30.0	5.0	32197.64	1.0	0.0	1.0	141446.01	1.0	0.0	0.0
r829	671.0	34.0	6.0	37266.67	2.0	0.0	0.0	156917.12	1.0	0.0	0.0
r3890	670.0	40.0	3.0	47364.45	1.0	1.0	1.0	148579.43	0.0	0.0	0.0
r3348	527.0	29.0	2.0	27755.97	1.0	1.0	0.0	97468.44	0.0	1.0	0.0
r2455	810.0	69.0	3.0	27288.43	1.0	1.0	1.0	110509.9	1.0	0.0	1.0
r3896	657.0	42.0	5.0	41473.33	1.0	1.0	0.0	112979.6	0.0	1.0	1.0
r2054	671.0	31.0	7.0	41299.03	1.0	0.0	1.0	102681.32	0.0	0.0	0.0
r1478	651.0	41.0	4.0	38617.2	1.0	1.0	1.0	104876.8	0.0	0.0	0.0
r3392	658.0	31.0	2.0	36566.96	1.0	1.0	0.0	103644.98	0.0	1.0	0.0
r4390	569.0	66.0	2.0	0.0	1.0	1.0	0.0	130784.2	0.0	0.0	1.0
r3264	523.0	73.0	7.0	0.0	2.0	0.0	0.0	130883.9	0.0	0.0	0.0
r3606	734.0	54.0	3.0	0.0	1.0	1.0	0.0	130805.54	0.0	0.0	0.0
r1082	814.0	72.0	2.0	0.0	2.0	0.0	1.0	130853.03	0.0	1.0	0.0
r3112	499.0	57.0	1.0	0.0	1.0	0.0	0.0	131372.38	0.0	0.0	0.0
r4289	621.0	40.0	7.0	0.0	2.0	0.0	1.0	131283.6	0.0	1.0	0.0
r1052	550.0	34.0	3.0	0.0	2.0	0.0	0.0	131281.28	0.0	1.0	1.0
r4347	586.0	46.0	0.0	0.0	3.0	0.0	1.0	131553.82	0.0	0.0	0.0
r1638	695.0	31.0	8.0	0.0	2.0	0.0	1.0	131644.41	0.0	1.0	0.0
r1493	733.0	32.0	5.0	0.0	2.0	1.0	0.0	131625.14	0.0	1.0	0.0
r958	742.0	27.0	0.0	0.0	2.0	0.0	1.0	131534.96	0.0	0.0	1.0
r3169	444.0	45.0	6.0	0.0	1.0	1.0	0.0	130009.85	0.0	0.0	1.0
r3965	599.0	31.0	3.0	0.0	1.0	1.0	1.0	130086.47	0.0	1.0	0.0
r1348	651.0	53.0	7.0	0.0	2.0	1.0	1.0	130132.41	0.0	0.0	1.0
r1142	604.0	71.0	10.0	0.0	2.0	1.0	1.0	129984.2	0.0	1.0	0.0
r3323	584.0	59.0	1.0	0.0	1.0	0.0	1.0	130260.11	0.0	1.0	0.0
r735	608.0	33.0	4.0	0.0	1.0	0.0	1.0	130474.03	0.0	0.0	1.0
r2778	773.0	50.0	4.0	0.0	2.0	1.0	0.0	129372.94	0.0	0.0	0.0
r4451	697.0	62.0	7.0	0.0	1.0	1.0	0.0	129188.18	0.0	1.0	1.0
r2458	660.0	30.0	4.0	0.0	2.0	1.0	0.0	129149.06	0.0	1.0	1.0
r2005	674.0	31.0	1.0	0.0	1.0	1.0	0.0	128954.05	0.0	0.0	0.0
r4828	560.0	47.0	1.0	0.0	1.0	0.0	0.0	128882.66	0.0	1.0	1.0
r4905	559.0	52.0	2.0	0.0	1.0	1.0	0.0	129013.59	0.0	0.0	1.0
r2663	623.0	28.0	7.0	0.0	1.0	0.0	0.0	129526.57	0.0	0.0	1.0
r1951	705.0	32.0	3.0	0.0	2.0	0.0	0.0	129576.99	0.0	0.0	1.0
r266	743.0	25.0	6.0	0.0	2.0	1.0	0.0	129740.11	0.0	1.0	1.0
r2699	651.0	34.0	9.0	0.0	2.0	1.0	0.0	138113.71	0.0	0.0	0.0
r2426	690.0	33.0	5.0	0.0	2.0	1.0	0.0	138017.68	0.0	0.0	1.0
r2603	579.0	31.0	9.0	0.0	1.0	0.0	1.0	139048.0	0.0	0.0	1.0
r4466	627.0	41.0	6.0	0.0	3.0	1.0	1.0	138700.75	0.0	0.0	0.0
r717	692.0	29.0	4.0	0.0	2.0	0.0	0.0	138880.24	0.0	1.0	0.0
r238	725.0	32.0	0.0	0.0	2.0	1.0	1.0	138525.19	0.0	1.0	0.0
r2979	777.0	32.0	2.0	0.0	1.0	1.0	0.0	136458.19	0.0	0.0	0.0
r3940	689.0	57.0	4.0	0.0	2.0	1.0	0.0	136649.8	0.0	1.0	0.0
r2749	656.0	38.0	10.0	0.0	1.0	1.0	1.0	136521.82	0.0	0.0	1.0
r2370	488.0	36.0	0.0	0.0	2.0	1.0	0.0	136675.22	0.0	0.0	0.0
r2017	623.0	21.0	10.0	0.0	2.0	0.0	1.0	135851.3	0.0	0.0	1.0
r4284	524.0	64.0	5.0	0.0	1.0	1.0	0.0	136079.64	0.0	1.0	0.0
r2923	536.0	28.0	4.0	0.0	1.0	1.0	1.0	136197.65	0.0	1.0	0.0
r4509	721.0	32.0	10.0	0.0	1.0	1.0	0.0	136119.96	0.0	1.0	0.0
r604	662.0	38.0	4.0	0.0	2.0	1.0	0.0	136259.65	0.0	1.0	1.0
r4194	751.0	48.0	9.0	0.0	1.0	1.0	0.0	137508.42	0.0	0.0	0.0
r1946	616.0	46.0	2.0	0.0	2.0	1.0	0.0	137136.46	0.0	0.0	1.0
r4141	546.0	52.0	2.0	0.0	1.0	1.0	0.0	137332.37	0.0	0.0	0.0
r1771	633.0	59.0	5.0	0.0	1.0	1.0	1.0	137273.97	0.0	0.0	1.0
r3852	850.0	40.0	6.0	0.0	1.0	1.0	0.0	136985.08	0.0	0.0	1.0
r175	672.0	53.0	7.0	0.0	1.0	1.0	1.0	136910.18	0.0	0.0	0.0
r4092	682.0	41.0	6.0	0.0	2.0	0.0	1.0	134158.09	0.0	0.0	1.0
r2707	710.0	23.0	6.0	0.0	2.0	1.0	1.0	134188.11	0.0	1.0	1.0
r2912	668.0	69.0	9.0	0.0	1.0	0.0	1.0	134483.07	0.0	1.0	0.0
r2815	569.0	41.0	2.0	0.0	2.0	1.0	0.0	134272.57	0.0	1.0	1.0
r2355	569.0	44.0	4.0	0.0	2.0	0.0	0.0	134394.78	0.0	0.0	0.0
r3386	621.0	47.0	0.0	0.0	1.0	1.0	1.0	133831.37	0.0	0.0	1.0
r3870	705.0	35.0	5.0	0.0	1.0	1.0	0.0	133991.11	0.0	0.0	0.0
r2197	569.0	34.0	3.0	0.0	1.0	1.0	0.0	133997.53	0.0	1.0	0.0
r3154	512.0	36.0	1.0	0.0	1.0	0.0	1.0	135482.26	0.0	1.0	1.0
r1203	759.0	26.0	4.0	0.0	2.0	1.0	0.0	135394.62	0.0	0.0	1.0
r1580	512.0	39.0	3.0	0.0	1.0	1.0	0.0	134878.19	0.0	1.0	1.0
r2311	668.0	25.0	8.0	0.0	2.0	1.0	1.0	135112.09	0.0	1.0	1.0
r1521	707.0	44.0	3.0	0.0	2.0	1.0	1.0	135077.01	0.0	1.0	1.0
r4563	785.0	38.0	1.0	0.0	1.0	1.0	0.0	134964.85	0.0	0.0	0.0
r3741	724.0	31.0	5.0	0.0	1.0	1.0	0.0	134889.95	0.0	0.0	1.0
r459	764.0	41.0	7.0	0.0	2.0	0.0	0.0	134878.34	0.0	0.0	1.0
r2413	665.0	41.0	8.0	0.0	2.0	1.0	0.0	132152.32	0.0	1.0	1.0
r1883	511.0	33.0	3.0	0.0	2.0	1.0	0.0	132436.71	0.0	0.0	0.0
r697	624.0	23.0	5.0	0.0	2.0	0.0	0.0	132418.59	0.0	0.0	0.0
r1017	814.0	48.0	7.0	0.0	2.0	1.0	1.0	132870.15	0.0	0.0	0.0
r772	797.0	29.0	1.0	0.0	2.0	1.0	1.0	132975.39	0.0	0.0	0.0
r4682	524.0	32.0	6.0	0.0	1.0	1.0	1.0	132861.9	0.0	1.0	0.0
r1193	749.0	35.0	3.0	0.0	3.0	1.0	1.0	132649.85	0.0	0.0	0.0
r4471	607.0	39.0	10.0	0.0	3.0	1.0	0.0	132741.13	0.0	0.0	0.0
r201	627.0	41.0	3.0	0.0	2.0	1.0	0.0	132719.8	0.0	0.0	1.0
r4216	694.0	35.0	7.0	0.0	1.0	1.0	0.0	133570.43	0.0	1.0	0.0
r1773	739.0	36.0	0.0	0.0	2.0	0.0	0.0	133465.57	0.0	0.0	0.0
r2505	446.0	32.0	8.0	0.0	2.0	0.0	0.0	133292.94	0.0	0.0	1.0
r2352	630.0	28.0	1.0	0.0	2.0	1.0	1.0	133267.78	0.0	0.0	0.0
r89	547.0	35.0	4.0	0.0	1.0	1.0	1.0	133287.73	0.0	0.0	0.0
r1473	631.0	36.0	1.0	0.0	2.0	0.0	0.0	133141.34	0.0	0.0	1.0
r1163	572.0	38.0	7.0	0.0	2.0	1.0	1.0	133122.62	0.0	0.0	0.0
r77	686.0	41.0	10.0	0.0	1.0	1.0	0.0	133086.45	0.0	0.0	0.0
r780	671.0	27.0	5.0	0.0	2.0	0.0	0.0	120893.07	0.0	0.0	1.0
r4655	767.0	47.0	5.0	0.0	1.0	1.0	0.0	121964.46	0.0	1.0	1.0
r3237	789.0	37.0	3.0	0.0	1.0	1.0	0.0	121883.87	0.0	0.0	1.0
r4040	700.0	47.0	4.0	0.0	1.0	1.0	0.0	121798.52	0.0	1.0	1.0
r3092	727.0	31.0	0.0	0.0	1.0	1.0	0.0	121751.04	0.0	1.0	0.0
r4267	596.0	33.0	8.0	0.0	1.0	1.0	0.0	121189.3	0.0	0.0	1.0
r2757	712.0	24.0	2.0	0.0	1.0	0.0	1.0	121232.51	0.0	0.0	1.0
r4528	708.0	34.0	3.0	0.0	1.0	0.0	1.0	121457.88	0.0	0.0	1.0
r1839	600.0	31.0	8.0	0.0	2.0	1.0	1.0	121555.51	0.0	0.0	1.0
r1210	596.0	42.0	7.0	0.0	2.0	1.0	1.0	121568.37	0.0	0.0	1.0
r1235	530.0	29.0	5.0	0.0	2.0	0.0	0.0	121451.21	0.0	0.0	0.0
r396	427.0	37.0	5.0	0.0	2.0	1.0	1.0	121485.1	0.0	0.0	1.0
r3601	791.0	44.0	5.0	0.0	2.0	1.0	1.0	123977.86	0.0	0.0	0.0
r1049	748.0	39.0	3.0	0.0	2.0	1.0	1.0	123998.52	0.0	1.0	1.0
r2316	758.0	34.0	3.0	0.0	2.0	1.0	1.0	124226.16	0.0	0.0	0.0
r934	781.0	19.0	3.0	0.0	2.0	1.0	1.0	124297.32	0.0	0.0	0.0
r1076	777.0	29.0	2.0	0.0	2.0	1.0	0.0	124489.88	0.0	0.0	1.0
r2917	553.0	31.0	6.0	0.0	2.0	0.0	0.0	124596.63	0.0	0.0	1.0
r666	577.0	25.0	3.0	0.0	2.0	0.0	1.0	124508.29	0.0	0.0	1.0
r2546	721.0	40.0	7.0	0.0	2.0	1.0	1.0	122580.48	0.0	0.0	0.0
r2637	641.0	57.0	5.0	0.0	2.0	1.0	1.0	122449.18	0.0	0.0	1.0
r1588	575.0	40.0	5.0	0.0	2.0	1.0	1.0	122488.59	0.0	0.0	1.0
r508	706.0	38.0	1.0	0.0	2.0	1.0	0.0	122379.54	0.0	0.0	1.0
r1314	635.0	33.0	5.0	0.0	2.0	1.0	0.0	122949.71	0.0	0.0	0.0
r1175	648.0	35.0	7.0	0.0	2.0	0.0	0.0	122899.01	0.0	1.0	1.0
r3280	475.0	46.0	10.0	0.0	2.0	0.0	0.0	122953.0	0.0	0.0	0.0
r503	559.0	70.0	9.0	0.0	1.0	1.0	1.0	122996.76	0.0	0.0	0.0
r2715	842.0	29.0	8.0	0.0	2.0	1.0	1.0	123437.05	0.0	0.0	1.0
r4859	773.0	51.0	4.0	0.0	2.0	0.0	0.0	123587.83	0.0	1.0	1.0
r1526	512.0	75.0	2.0	0.0	1.0	1.0	0.0	123304.62	0.0	0.0	0.0
r207	449.0	52.0	6.0	0.0	2.0	0.0	1.0	123622.0	0.0	0.0	1.0
r4157	832.0	61.0	2.0	0.0	1.0	0.0	1.0	127804.66	0.0	0.0	1.0
r3170	724.0	40.0	10.0	0.0	1.0	1.0	0.0	127847.25	0.0	0.0	1.0
r2382	543.0	22.0	8.0	0.0	2.0	0.0	0.0	127587.22	0.0	0.0	1.0
r1221	506.0	37.0	5.0	0.0	2.0	1.0	1.0	127543.81	0.0	0.0	1.0
r3269	556.0	43.0	6.0	0.0	3.0	0.0	0.0	125154.57	0.0	0.0	0.0
r2400	468.0	42.0	5.0	0.0	2.0	1.0	0.0	125305.34	0.0	0.0	0.0
r2132	719.0	54.0	7.0	0.0	2.0	1.0	1.0	125041.52	0.0	0.0	0.0
r2634	678.0	35.0	4.0	0.0	1.0	1.0	0.0	125518.32	0.0	0.0	0.0
r4897	544.0	53.0	9.0	0.0	1.0	1.0	0.0	125692.07	0.0	1.0	0.0
r2640	535.0	45.0	2.0	0.0	2.0	1.0	0.0	125658.28	0.0	0.0	1.0
r1309	611.0	37.0	4.0	0.0	2.0	1.0	0.0	125696.26	0.0	1.0	0.0
r4767	350.0	51.0	10.0	0.0	1.0	1.0	1.0	125823.79	0.0	0.0	1.0
r3851	589.0	45.0	1.0	0.0	1.0	0.0	0.0	125939.22	0.0	1.0	0.0
r3242	568.0	43.0	9.0	0.0	1.0	1.0	0.0	125870.79	0.0	1.0	0.0
r2584	488.0	34.0	3.0	0.0	2.0	1.0	1.0	125979.36	0.0	0.0	1.0
r579	698.0	46.0	0.0	0.0	2.0	1.0	1.0	125962.02	0.0	0.0	0.0
r821	524.0	30.0	1.0	0.0	2.0	1.0	0.0	126812.85	0.0	0.0	1.0
r489	777.0	37.0	1.0	0.0	1.0	1.0	1.0	126837.72	0.0	0.0	1.0
r3810	589.0	59.0	2.0	0.0	2.0	1.0	1.0	126160.24	0.0	0.0	0.0
r4037	821.0	38.0	8.0	0.0	2.0	0.0	1.0	126241.4	0.0	1.0	0.0
r4726	696.0	42.0	4.0	0.0	1.0	0.0	0.0	126353.13	0.0	0.0	1.0
r3719	695.0	50.0	8.0	0.0	1.0	1.0	0.0	126381.6	0.0	0.0	0.0
r2375	713.0	39.0	10.0	0.0	2.0	1.0	1.0	126263.97	0.0	0.0	0.0
r4436	529.0	46.0	8.0	0.0	1.0	0.0	0.0	126511.94	0.0	0.0	1.0
r1545	613.0	32.0	0.0	0.0	2.0	0.0	1.0	126675.62	0.0	1.0	0.0
r1255	652.0	40.0	1.0	0.0	2.0	1.0	0.0	126554.96	0.0	0.0	0.0
r703	639.0	28.0	8.0	0.0	2.0	1.0	0.0	126561.07	0.0	1.0	1.0
r1576	749.0	30.0	1.0	0.0	2.0	0.0	1.0	126551.65	0.0	0.0	1.0
r60	707.0	32.0	9.0	0.0	2.0	1.0	0.0	126475.79	0.0	1.0	1.0
r3831	712.0	52.0	9.0	0.0	1.0	1.0	1.0	117977.45	0.0	1.0	1.0
r3738	750.0	37.0	6.0	0.0	1.0	1.0	1.0	117948.0	0.0	0.0	0.0
r2147	797.0	31.0	8.0	0.0	2.0	1.0	0.0	117916.63	0.0	1.0	0.0
r1918	543.0	23.0	5.0	0.0	2.0	1.0	0.0	117832.39	0.0	1.0	1.0
r2445	635.0	29.0	2.0	0.0	2.0	0.0	0.0	117173.8	0.0	1.0	1.0
r1511	786.0	34.0	9.0	0.0	2.0	1.0	0.0	117034.32	0.0	1.0	0.0
r2256	631.0	33.0	8.0	0.0	2.0	0.0	0.0	117374.22	0.0	0.0	0.0
r1665	736.0	28.0	2.0	0.0	2.0	1.0	1.0	117431.1	0.0	1.0	0.0
r4525	629.0	44.0	5.0	0.0	4.0	0.0	0.0	117572.59	0.0	0.0	1.0
r325	619.0	38.0	6.0	0.0	2.0	1.0	1.0	117616.29	0.0	1.0	0.0
r818	560.0	57.0	0.0	0.0	2.0	0.0	1.0	116781.71	0.0	0.0	1.0
r974	629.0	39.0	5.0	0.0	2.0	0.0	0.0	116748.14	0.0	1.0	1.0
r677	656.0	33.0	4.0	0.0	2.0	1.0	0.0	116706.0	0.0	1.0	1.0
r3064	570.0	58.0	8.0	0.0	1.0	0.0	1.0	116503.92	0.0	0.0	0.0
r323	619.0	38.0	3.0	0.0	2.0	0.0	1.0	116467.35	0.0	0.0	0.0
r2787	850.0	37.0	2.0	0.0	2.0	1.0	0.0	119969.99	0.0	1.0	1.0
r765	575.0	24.0	2.0	0.0	2.0	1.0	1.0	119927.81	0.0	0.0	1.0
r122	562.0	35.0	0.0	0.0	2.0	1.0	0.0	119899.52	0.0	1.0	0.0
r2968	510.0	38.0	4.0	0.0	1.0	1.0	0.0	118913.53	0.0	1.0	0.0
r2179	601.0	35.0	2.0	0.0	2.0	1.0	1.0	118983.18	0.0	0.0	1.0
r3422	798.0	58.0	9.0	0.0	2.0	0.0	0.0	119071.56	0.0	1.0	0.0
r2115	622.0	42.0	9.0	0.0	2.0	1.0	0.0	119127.06	0.0	1.0	1.0
r2748	782.0	35.0	4.0	0.0	1.0	1.0	1.0	119565.34	0.0	0.0	0.0
r2392	717.0	34.0	1.0	0.0	2.0	1.0	0.0	119313.74	0.0	1.0	0.0
r1515	572.0	26.0	5.0	0.0	2.0	1.0	0.0	119381.41	0.0	1.0	0.0
r1176	804.0	55.0	7.0	0.0	2.0	1.0	1.0	118752.6	0.0	0.0	1.0
r322	727.0	52.0	4.0	0.0	2.0	1.0	1.0	118429.02	0.0	0.0	1.0
r49	676.0	61.0	8.0	0.0	2.0	1.0	1.0	118522.73	0.0	0.0	0.0
r3562	513.0	48.0	2.0	0.0	1.0	1.0	1.0	114709.13	0.0	1.0	1.0
r4716	526.0	49.0	2.0	0.0	1.0	1.0	0.0	114539.67	0.0	1.0	1.0
r3576	651.0	56.0	2.0	0.0	1.0	1.0	0.0	114522.68	0.0	0.0	1.0
r2044	760.0	32.0	2.0	0.0	1.0	1.0	1.0	114565.35	0.0	1.0	0.0
r4776	350.0	60.0	3.0	0.0	1.0	0.0	0.0	113796.15	0.0	0.0	0.0
r2940	585.0	33.0	8.0	0.0	2.0	1.0	0.0	114182.07	0.0	1.0	0.0
r2794	607.0	35.0	2.0	0.0	2.0	1.0	1.0	114190.3	0.0	0.0	1.0
r3176	726.0	48.0	4.0	0.0	1.0	1.0	0.0	114020.06	0.0	0.0	0.0
r1778	663.0	34.0	10.0	0.0	1.0	1.0	1.0	114083.73	0.0	0.0	1.0
r435	630.0	34.0	9.0	0.0	2.0	1.0	1.0	114006.35	0.0	0.0	1.0
r2503	479.0	40.0	1.0	0.0	2.0	0.0	0.0	114996.43	0.0	0.0	1.0
r2282	532.0	66.0	3.0	0.0	1.0	1.0	1.0	115227.02	0.0	1.0	0.0
r453	510.0	63.0	8.0	0.0	2.0	1.0	1.0	115291.86	0.0	0.0	1.0
r3142	679.0	43.0	4.0	0.0	3.0	1.0	0.0	115136.51	0.0	0.0	0.0
r370	737.0	33.0	4.0	0.0	2.0	1.0	0.0	115115.32	0.0	0.0	0.0
r3637	659.0	49.0	1.0	0.0	1.0	1.0	0.0	116249.72	0.0	0.0	0.0
r3303	665.0	52.0	3.0	0.0	1.0	1.0	0.0	116137.01	0.0	0.0	1.0
r2635	741.0	29.0	8.0	0.0	2.0	1.0	1.0	115994.52	0.0	0.0	1.0
r4262	511.0	46.0	1.0	0.0	1.0	1.0	1.0	115779.48	0.0	0.0	0.0
r2886	506.0	34.0	7.0	0.0	2.0	0.0	0.0	115842.1	0.0	0.0	1.0
r1826	724.0	41.0	5.0	0.0	1.0	0.0	1.0	115753.94	0.0	1.0	1.0
r573	803.0	33.0	6.0	0.0	2.0	1.0	0.0	115676.61	0.0	0.0	1.0
r50	660.0	42.0	5.0	0.0	2.0	1.0	0.0	115509.59	0.0	1.0	1.0
r4891	567.0	47.0	2.0	0.0	1.0	0.0	0.0	110900.43	0.0	0.0	0.0
r3090	601.0	43.0	8.0	0.0	3.0	0.0	1.0	110916.15	0.0	0.0	0.0
r4357	618.0	42.0	2.0	0.0	4.0	0.0	0.0	111097.39	0.0	0.0	0.0
r2565	562.0	33.0	6.0	0.0	2.0	1.0	0.0	111590.35	0.0	0.0	1.0
r912	836.0	37.0	10.0	0.0	2.0	1.0	0.0	111324.41	0.0	1.0	0.0
r2665	639.0	32.0	9.0	0.0	2.0	1.0	0.0	111340.36	0.0	0.0	1.0
r671	698.0	27.0	7.0	0.0	2.0	1.0	0.0	111471.55	0.0	0.0	1.0
r4811	660.0	43.0	1.0	0.0	1.0	0.0	1.0	112026.1	0.0	0.0	0.0
r2804	673.0	72.0	1.0	0.0	2.0	0.0	1.0	111981.19	0.0	0.0	1.0
r1484	776.0	31.0	2.0	0.0	2.0	1.0	1.0	112349.51	0.0	0.0	0.0
r1548	685.0	23.0	8.0	0.0	2.0	1.0	1.0	112239.03	0.0	0.0	1.0
r2655	710.0	31.0	3.0	0.0	2.0	1.0	1.0	112289.06	0.0	0.0	0.0
r386	705.0	25.0	9.0	0.0	2.0	0.0	1.0	112331.19	0.0	0.0	1.0
r3954	619.0	38.0	1.0	0.0	1.0	1.0	0.0	112442.63	0.0	1.0	0.0
r4837	576.0	40.0	9.0	0.0	2.0	1.0	0.0	112465.19	0.0	0.0	1.0
r2390	575.0	26.0	7.0	0.0	2.0	1.0	0.0	112507.63	0.0	1.0	0.0
r3876	708.0	64.0	5.0	0.0	3.0	0.0	1.0	112520.07	0.0	1.0	0.0
r373	681.0	38.0	3.0	0.0	2.0	1.0	1.0	112491.96	0.0	0.0	1.0
r2449	521.0	41.0	2.0	0.0	2.0	1.0	1.0	113089.43	0.0	0.0	0.0
r4296	743.0	43.0	5.0	0.0	2.0	0.0	0.0	113079.19	0.0	0.0	1.0
r4014	672.0	40.0	3.0	0.0	1.0	1.0	0.0	113171.61	0.0	0.0	0.0
r2314	716.0	41.0	9.0	0.0	1.0	1.0	1.0	113267.48	0.0	0.0	1.0
r4286	692.0	33.0	9.0	0.0	1.0	1.0	0.0	113505.93	0.0	0.0	1.0
r20	627.0	30.0	6.0	0.0	1.0	1.0	1.0	113408.47	0.0	1.0	0.0
r2095	611.0	40.0	1.0	0.0	2.0	1.0	1.0	102547.56	0.0	0.0	1.0
r3833	651.0	44.0	2.0	0.0	3.0	1.0	0.0	102530.35	0.0	0.0	1.0
r1464	637.0	41.0	2.0	0.0	2.0	0.0	1.0	102515.42	0.0	0.0	1.0
r1457	422.0	33.0	2.0	0.0	2.0	1.0	0.0	102655.31	0.0	0.0	0.0
r2573	695.0	39.0	5.0	0.0	2.0	0.0	0.0	102763.69	0.0	1.0	0.0
r1249	571.0	33.0	1.0	0.0	2.0	1.0	0.0	102750.7	0.0	0.0	0.0
r3938	687.0	44.0	9.0	0.0	2.0	0.0	0.0	103042.2	0.0	0.0	0.0
r2000	586.0	42.0	2.0	0.0	1.0	1.0	0.0	102889.34	0.0	1.0	0.0
r1101	667.0	34.0	5.0	0.0	2.0	1.0	1.0	102908.63	0.0	0.0	1.0
r3926	534.0	52.0	1.0	0.0	3.0	1.0	1.0	104035.41	0.0	0.0	1.0
r3921	537.0	59.0	9.0	0.0	2.0	0.0	0.0	103799.77	0.0	0.0	1.0
r1869	558.0	47.0	9.0	0.0	2.0	1.0	0.0	103787.28	0.0	0.0	0.0
r1729	628.0	40.0	10.0	0.0	2.0	1.0	0.0	103832.58	0.0	1.0	1.0
r1347	806.0	67.0	1.0	0.0	2.0	0.0	1.0	103945.58	0.0	0.0	0.0
r2658	580.0	65.0	1.0	0.0	2.0	0.0	1.0	103182.46	0.0	1.0	0.0
r620	594.0	35.0	2.0	0.0	2.0	1.0	0.0	103480.69	0.0	0.0	1.0
r1219	850.0	36.0	10.0	0.0	2.0	1.0	1.0	100750.03	0.0	0.0	0.0
r4046	683.0	30.0	2.0	0.0	2.0	0.0	1.0	100496.84	0.0	0.0	0.0
r3565	603.0	48.0	5.0	0.0	1.0	1.0	0.0	100478.6	0.0	0.0	0.0
r2278	691.0	33.0	6.0	0.0	2.0	1.0	1.0	100408.31	0.0	0.0	0.0
r742	770.0	30.0	8.0	0.0	2.0	1.0	0.0	100557.03	0.0	0.0	0.0
r706	726.0	35.0	9.0	0.0	2.0	0.0	1.0	100556.98	0.0	1.0	0.0
r3911	634.0	45.0	2.0	0.0	4.0	1.0	0.0	101039.53	0.0	0.0	0.0
r2631	592.0	62.0	5.0	0.0	1.0	1.0	1.0	100941.57	0.0	0.0	0.0
r2222	539.0	29.0	4.0	0.0	2.0	1.0	1.0	100919.19	0.0	0.0	0.0
r1456	526.0	30.0	9.0	0.0	2.0	0.0	0.0	100995.68	0.0	0.0	1.0
r3238	598.0	43.0	5.0	0.0	3.0	1.0	1.0	100722.72	0.0	0.0	0.0
r1697	588.0	40.0	5.0	0.0	2.0	0.0	0.0	100727.68	0.0	0.0	1.0
r187	584.0	37.0	8.0	0.0	2.0	0.0	1.0	100835.19	0.0	1.0	0.0
r4858	544.0	26.0	6.0	0.0	1.0	1.0	0.0	100200.4	0.0	0.0	0.0
r1410	643.0	34.0	7.0	0.0	2.0	0.0	1.0	100304.13	0.0	0.0	1.0
r3319	595.0	35.0	8.0	0.0	1.0	1.0	0.0	100015.79	0.0	1.0	1.0
r4799	560.0	49.0	4.0	0.0	1.0	1.0	1.0	100075.1	0.0	0.0	1.0
r2190	668.0	34.0	0.0	0.0	1.0	0.0	0.0	99984.86	0.0	1.0	1.0
r1503	694.0	39.0	9.0	0.0	2.0	0.0	0.0	99924.04	0.0	1.0	0.0
r1114	679.0	39.0	5.0	0.0	2.0	1.0	1.0	100060.54	0.0	1.0	1.0
r1592	547.0	31.0	9.0	0.0	2.0	0.0	0.0	99294.22	0.0	1.0	0.0
r918	531.0	70.0	1.0	0.0	2.0	0.0	0.0	99503.19	0.0	1.0	1.0
r841	695.0	37.0	2.0	0.0	2.0	1.0	1.0	99692.65	0.0	0.0	1.0
r90	716.0	38.0	1.0	0.0	2.0	1.0	1.0	99661.46	0.0	0.0	0.0
r2468	760.0	41.0	6.0	0.0	2.0	0.0	0.0	101491.23	0.0	1.0	0.0
r2963	619.0	42.0	2.0	0.0	1.0	1.0	1.0	101348.88	0.0	0.0	0.0
r1977	663.0	30.0	4.0	0.0	3.0	1.0	0.0	101371.05	0.0	1.0	1.0
r1929	731.0	41.0	3.0	0.0	2.0	1.0	0.0	101371.72	0.0	1.0	1.0
r2474	519.0	42.0	8.0	0.0	2.0	1.0	1.0	101485.72	0.0	0.0	1.0
r1687	521.0	22.0	10.0	0.0	1.0	1.0	1.0	101311.95	0.0	1.0	0.0
r2575	585.0	44.0	4.0	0.0	2.0	0.0	1.0	101728.46	0.0	1.0	0.0
r2657	600.0	32.0	1.0	0.0	1.0	1.0	1.0	101986.16	0.0	0.0	1.0
r856	543.0	42.0	5.0	0.0	2.0	0.0	0.0	101905.34	0.0	0.0	0.0
r1501	642.0	25.0	7.0	0.0	2.0	1.0	0.0	102083.78	0.0	0.0	1.0
r74	671.0	30.0	2.0	0.0	1.0	0.0	1.0	102057.86	0.0	0.0	1.0
r4210	527.0	35.0	8.0	0.0	1.0	1.0	0.0	98031.53	0.0	1.0	0.0
r2895	642.0	36.0	6.0	0.0	2.0	1.0	1.0	97938.59	0.0	1.0	0.0
r2919	679.0	33.0	6.0	0.0	2.0	1.0	1.0	98015.85	0.0	0.0	0.0
r382	726.0	28.0	2.0	0.0	1.0	0.0	0.0	98060.51	0.0	0.0	1.0
r95	678.0	49.0	8.0	0.0	2.0	0.0	1.0	98090.69	0.0	1.0	0.0
r4732	585.0	35.0	2.0	0.0	2.0	1.0	0.0	98621.04	0.0	0.0	0.0
r1140	486.0	24.0	1.0	0.0	1.0	1.0	0.0	98802.76	0.0	1.0	1.0
r1731	773.0	33.0	10.0	0.0	1.0	1.0	1.0	98820.09	0.0	1.0	0.0
r431	707.0	36.0	6.0	0.0	1.0	0.0	0.0	98810.78	0.0	0.0	0.0
r1892	759.0	31.0	8.0	0.0	2.0	1.0	1.0	99086.74	0.0	1.0	1.0
r12	716.0	29.0	6.0	0.0	2.0	1.0	1.0	98998.61	0.0	0.0	0.0
r3899	736.0	24.0	0.0	0.0	2.0	1.0	0.0	109355.73	0.0	0.0	0.0
r1745	527.0	32.0	0.0	0.0	1.0	1.0	0.0	109523.88	0.0	0.0	1.0
r4773	707.0	52.0	7.0	0.0	1.0	1.0	0.0	109688.82	0.0	1.0	0.0
r889	783.0	40.0	6.0	0.0	2.0	1.0	0.0	109742.55	0.0	0.0	1.0
r1220	609.0	25.0	10.0	0.0	1.0	0.0	1.0	109895.16	0.0	0.0	1.0
r542	753.0	43.0	5.0	0.0	2.0	1.0	0.0	109881.71	0.0	0.0	0.0
r3866	538.0	68.0	9.0	0.0	2.0	1.0	0.0	110440.5	0.0	1.0	1.0
r3646	675.0	54.0	6.0	0.0	1.0	1.0	0.0	110273.84	0.0	0.0	1.0
r631	483.0	48.0	1.0	0.0	2.0	1.0	1.0	110059.38	0.0	0.0	1.0
r2842	513.0	37.0	6.0	0.0	2.0	1.0	0.0	110142.34	0.0	0.0	0.0
r130	588.0	21.0	8.0	0.0	2.0	1.0	1.0	110114.19	0.0	0.0	0.0
r1160	699.0	30.0	9.0	0.0	1.0	1.0	1.0	108162.13	0.0	0.0	1.0
r4144	667.0	42.0	7.0	0.0	1.0	0.0	1.0	108348.94	0.0	0.0	1.0
r3951	474.0	54.0	3.0	0.0	1.0	1.0	0.0	108409.17	0.0	0.0	1.0
r1201	540.0	39.0	1.0	0.0	1.0	0.0	1.0	108419.41	0.0	1.0	1.0
r642	569.0	38.0	7.0	0.0	1.0	1.0	1.0	108469.2	0.0	0.0	1.0
r2408	549.0	46.0	7.0	0.0	1.0	1.0	1.0	109057.56	0.0	0.0	0.0
r1614	614.0	43.0	6.0	0.0	2.0	1.0	1.0	109041.53	0.0	0.0	0.0
r1007	556.0	46.0	10.0	0.0	2.0	0.0	0.0	109184.24	0.0	0.0	0.0
r1361	624.0	71.0	7.0	0.0	2.0	1.0	1.0	108841.83	0.0	0.0	1.0
r2366	703.0	36.0	2.0	0.0	2.0	1.0	0.0	108790.95	0.0	0.0	1.0
r1300	673.0	47.0	1.0	0.0	2.0	0.0	0.0	108762.16	0.0	0.0	1.0
r22	784.0	40.0	8.0	0.0	2.0	1.0	0.0	108891.3	0.0	1.0	0.0
r3638	548.0	46.0	1.0	0.0	1.0	1.0	1.0	104469.06	0.0	0.0	0.0
r2243	622.0	36.0	9.0	0.0	2.0	1.0	1.0	104852.6	0.0	1.0	1.0
r1476	682.0	40.0	4.0	0.0	1.0	0.0	1.0	105352.55	0.0	0.0	1.0
r993	711.0	28.0	8.0	0.0	2.0	0.0	0.0	105159.89	0.0	0.0	0.0
r295	595.0	43.0	5.0	0.0	2.0	0.0	0.0	105149.8	0.0	1.0	0.0
r1513	692.0	46.0	2.0	0.0	2.0	1.0	1.0	105983.09	0.0	1.0	1.0
r2700	699.0	49.0	2.0	0.0	1.0	0.0	0.0	105760.01	0.0	0.0	0.0
r995	564.0	35.0	9.0	0.0	2.0	1.0	1.0	105837.38	0.0	1.0	0.0
r336	584.0	36.0	9.0	0.0	1.0	1.0	1.0	105818.51	0.0	0.0	1.0
r4831	630.0	55.0	2.0	0.0	1.0	1.0	1.0	106202.07	0.0	0.0	1.0
r3857	587.0	40.0	2.0	0.0	4.0	0.0	1.0	106174.7	0.0	0.0	1.0
r4399	595.0	52.0	9.0	0.0	1.0	1.0	1.0	106340.66	0.0	0.0	1.0
r2180	777.0	36.0	7.0	0.0	1.0	1.0	0.0	106472.34	0.0	0.0	1.0
r152	753.0	35.0	4.0	0.0	2.0	1.0	1.0	106303.4	0.0	0.0	1.0
r3199	606.0	35.0	7.0	0.0	1.0	1.0	0.0	106837.06	0.0	1.0	1.0
r2184	627.0	32.0	1.0	0.0	1.0	1.0	0.0	106851.7	0.0	0.0	0.0
r1819	643.0	46.0	6.0	0.0	2.0	0.0	0.0	106781.59	0.0	0.0	0.0
r4817	518.0	50.0	4.0	0.0	1.0	0.0	0.0	107112.25	0.0	1.0	1.0
r1915	485.0	30.0	7.0	0.0	1.0	1.0	0.0	107067.37	0.0	1.0	0.0
r3482	661.0	47.0	5.0	0.0	1.0	0.0	1.0	107243.31	0.0	0.0	1.0
r1539	669.0	33.0	9.0	0.0	2.0	0.0	1.0	107221.03	0.0	0.0	0.0
r3909	713.0	47.0	1.0	0.0	1.0	1.0	0.0	107825.08	0.0	1.0	0.0
r194	743.0	73.0	6.0	0.0	2.0	0.0	1.0	107867.38	0.0	0.0	0.0
r3650	611.0	58.0	8.0	0.0	2.0	0.0	1.0	107665.68	0.0	0.0	1.0
r5	627.0	57.0	9.0	0.0	2.0	1.0	1.0	107712.42	0.0	0.0	0.0
r4148	644.0	46.0	6.0	12459.19	1.0	0.0	0.0	156787.34	0.0	1.0	0.0
r3517	680.0	24.0	10.0	0.0	3.0	1.0	0.0	154971.63	0.0	0.0	0.0
r1599	688.0	29.0	1.0	0.0	2.0	1.0	0.0	154695.57	0.0	0.0	1.0
r2181	550.0	51.0	5.0	0.0	2.0	1.0	0.0	153917.41	0.0	1.0	1.0
r1921	763.0	23.0	2.0	0.0	2.0	1.0	0.0	153983.99	0.0	0.0	0.0
r2682	732.0	40.0	10.0	0.0	2.0	1.0	0.0	154189.08	0.0	0.0	0.0
r2304	658.0	21.0	7.0	0.0	2.0	0.0	1.0	154279.87	0.0	1.0	1.0
r1026	732.0	26.0	7.0	0.0	2.0	1.0	0.0	154364.66	0.0	0.0	1.0
r3027	687.0	44.0	7.0	0.0	3.0	1.0	0.0	155853.52	0.0	1.0	0.0
r862	690.0	21.0	8.0	0.0	2.0	1.0	1.0	155782.89	0.0	0.0	1.0
r2935	591.0	45.0	5.0	0.0	2.0	1.0	1.0	155492.87	0.0	0.0	1.0
r1250	661.0	35.0	5.0	0.0	1.0	1.0	0.0	155394.52	0.0	0.0	1.0
r680	644.0	33.0	8.0	0.0	2.0	1.0	1.0	155294.17	0.0	0.0	1.0
r4166	584.0	50.0	1.0	0.0	1.0	0.0	1.0	152567.75	0.0	1.0	0.0
r3390	539.0	38.0	6.0	0.0	1.0	1.0	1.0	152880.07	0.0	1.0	1.0
r2137	538.0	42.0	9.0	0.0	1.0	0.0	0.0	152855.96	0.0	1.0	0.0
r1919	602.0	35.0	8.0	0.0	2.0	1.0	1.0	152843.53	0.0	0.0	0.0
r3445	699.0	40.0	7.0	0.0	1.0	0.0	1.0	152876.13	0.0	0.0	1.0
r1181	643.0	33.0	4.0	0.0	2.0	1.0	1.0	152992.04	0.0	0.0	1.0
r1109	503.0	32.0	4.0	0.0	2.0	1.0	1.0	153036.97	0.0	0.0	1.0
r3846	682.0	55.0	9.0	0.0	1.0	1.0	0.0	153356.8	0.0	0.0	1.0
r1712	620.0	29.0	3.0	0.0	2.0	0.0	1.0	153392.28	0.0	0.0	0.0
r2225	622.0	26.0	9.0	0.0	2.0	1.0	1.0	153237.59	0.0	0.0	1.0
r455	598.0	23.0	6.0	0.0	2.0	1.0	0.0	153229.19	0.0	1.0	0.0
r799	572.0	24.0	1.0	0.0	2.0	1.0	1.0	151460.84	0.0	0.0	1.0
r2534	690.0	47.0	2.0	0.0	2.0	1.0	0.0	151375.73	0.0	0.0	1.0
r147	612.0	41.0	5.0	0.0	3.0	0.0	0.0	151256.22	0.0	0.0	1.0
r2255	447.0	32.0	10.0	0.0	1.0	1.0	1.0	151815.76	0.0	0.0	0.0
r3995	641.0	40.0	9.0	0.0	1.0	0.0	0.0	151648.66	0.0	0.0	0.0
r1684	729.0	44.0	6.0	0.0	2.0	1.0	0.0	151733.43	0.0	0.0	1.0
r2427	662.0	37.0	5.0	0.0	2.0	1.0	0.0	151871.84	0.0	0.0	0.0
r644	729.0	30.0	9.0	0.0	2.0	1.0	0.0	151869.35	0.0	0.0	1.0
r1363	850.0	31.0	4.0	0.0	2.0	0.0	0.0	152298.28	0.0	0.0	1.0
r1168	647.0	33.0	4.0	0.0	1.0	1.0	0.0	152323.04	0.0	0.0	0.0
r2760	793.0	41.0	9.0	0.0	2.0	1.0	0.0	152153.74	0.0	1.0	1.0
r3024	714.0	46.0	1.0	0.0	1.0	1.0	0.0	152167.79	0.0	0.0	1.0
r188	716.0	44.0	1.0	0.0	1.0	1.0	1.0	152108.47	0.0	0.0	0.0
r37	700.0	29.0	8.0	0.0	2.0	0.0	1.0	152097.02	0.0	1.0	1.0
r3220	706.0	23.0	5.0	0.0	1.0	0.0	0.0	164128.41	0.0	0.0	0.0
r880	452.0	35.0	7.0	0.0	2.0	1.0	0.0	164241.67	0.0	0.0	0.0
r2859	496.0	29.0	4.0	0.0	2.0	1.0	0.0	164806.89	0.0	0.0	0.0
r1608	530.0	37.0	4.0	0.0	2.0	1.0	1.0	164844.37	0.0	1.0	1.0
r4731	723.0	30.0	1.0	0.0	3.0	1.0	0.0	164647.72	0.0	1.0	1.0
r1056	689.0	40.0	2.0	0.0	2.0	1.0	1.0	164768.82	0.0	1.0	1.0
r566	757.0	49.0	2.0	0.0	2.0	0.0	0.0	164482.92	0.0	0.0	0.0
r2475	513.0	30.0	5.0	0.0	2.0	1.0	0.0	162523.66	0.0	0.0	1.0
r4816	664.0	54.0	8.0	0.0	1.0	1.0	1.0	162719.69	0.0	0.0	1.0
r4225	659.0	42.0	2.0	0.0	1.0	0.0	0.0	162734.31	0.0	1.0	0.0
r417	797.0	46.0	8.0	0.0	1.0	0.0	0.0	162668.33	0.0	0.0	0.0
r1913	429.0	60.0	7.0	0.0	2.0	1.0	1.0	163691.48	0.0	0.0	1.0
r2556	624.0	38.0	3.0	0.0	2.0	1.0	1.0	163666.85	0.0	0.0	0.0
r3881	743.0	41.0	7.0	0.0	1.0	1.0	0.0	163736.09	0.0	1.0	1.0
r978	679.0	40.0	7.0	0.0	2.0	1.0	1.0	163757.29	0.0	1.0	0.0
r2630	701.0	37.0	1.0	0.0	2.0	1.0	0.0	163457.55	0.0	0.0	1.0
r1234	673.0	37.0	4.0	0.0	2.0	0.0	0.0	163563.07	0.0	0.0	1.0
r3657	728.0	59.0	4.0	0.0	1.0	1.0	1.0	163365.85	0.0	0.0	0.0
r1910	748.0	66.0	8.0	0.0	1.0	1.0	1.0	163331.65	0.0	0.0	1.0
r624	777.0	23.0	6.0	0.0	2.0	1.0	1.0	163225.48	0.0	0.0	1.0
r745	583.0	27.0	4.0	0.0	3.0	1.0	0.0	163113.41	0.0	0.0	0.0
r1318	520.0	38.0	5.0	0.0	2.0	1.0	0.0	163185.76	0.0	0.0	1.0
r222	559.0	25.0	5.0	0.0	2.0	1.0	1.0	163221.22	0.0	1.0	1.0
r2526	515.0	66.0	6.0	0.0	2.0	1.0	1.0	160663.11	0.0	0.0	0.0
r4362	469.0	48.0	5.0	0.0	1.0	1.0	0.0	160529.71	0.0	0.0	0.0
r4542	405.0	39.0	10.0	0.0	1.0	1.0	0.0	160810.85	0.0	0.0	1.0
r4077	720.0	59.0	6.0	0.0	2.0	1.0	1.0	160849.43	0.0	1.0	0.0
r4753	809.0	48.0	2.0	0.0	1.0	1.0	0.0	160976.85	0.0	1.0	0.0
r500	544.0	40.0	7.0	0.0	1.0	0.0	1.0	161076.92	0.0	0.0	0.0
r3548	444.0	45.0	4.0	0.0	2.0	1.0	0.0	161653.5	0.0	0.0	0.0
r1418	645.0	49.0	8.0	0.0	2.0	1.0	0.0	162012.6	0.0	1.0	1.0
r1346	784.0	33.0	10.0	0.0	2.0	1.0	0.0	162022.47	0.0	1.0	1.0
r857	649.0	36.0	8.0	0.0	2.0	1.0	0.0	161668.15	0.0	1.0	1.0
r1344	672.0	34.0	9.0	0.0	2.0	1.0	0.0	161800.77	0.0	0.0	1.0
r694	665.0	40.0	6.0	0.0	1.0	1.0	1.0	161848.03	0.0	0.0	0.0
r419	725.0	46.0	6.0	0.0	2.0	1.0	0.0	161767.38	0.0	0.0	1.0
r3522	768.0	42.0	3.0	0.0	1.0	0.0	0.0	161242.99	0.0	1.0	0.0
r914	682.0	30.0	4.0	0.0	1.0	0.0	1.0	161465.31	0.0	0.0	1.0
r80	732.0	36.0	5.0	0.0	2.0	1.0	0.0	161428.25	0.0	0.0	1.0
r3156	376.0	46.0	6.0	0.0	1.0	1.0	0.0	157333.69	0.0	0.0	0.0
r2071	826.0	30.0	5.0	0.0	2.0	0.0	1.0	157397.57	0.0	0.0	0.0
r2776	573.0	27.0	4.0	0.0	2.0	1.0	1.0	157549.6	0.0	0.0	0.0
r1217	611.0	27.0	7.0	0.0	2.0	1.0	1.0	157474.1	0.0	0.0	1.0
r2144	674.0	37.0	3.0	0.0	1.0	1.0	0.0	158049.9	0.0	0.0	1.0
r1044	676.0	30.0	5.0	0.0	2.0	0.0	1.0	157888.5	0.0	1.0	0.0
r2649	849.0	27.0	0.0	0.0	2.0	0.0	1.0	157891.86	0.0	0.0	1.0
r430	814.0	49.0	8.0	0.0	2.0	0.0	0.0	157822.54	0.0	0.0	1.0
r3405	460.0	27.0	7.0	0.0	2.0	1.0	0.0	156150.08	0.0	0.0	0.0
r2039	823.0	38.0	1.0	0.0	2.0	1.0	0.0	156603.7	0.0	0.0	1.0
r4667	611.0	53.0	7.0	0.0	2.0	0.0	1.0	156495.39	0.0	0.0	0.0
r2900	693.0	41.0	4.0	0.0	2.0	0.0	0.0	156381.47	0.0	0.0	1.0
r1685	665.0	38.0	5.0	0.0	2.0	1.0	0.0	156439.56	0.0	0.0	0.0
r836	640.0	46.0	3.0	0.0	1.0	1.0	1.0	156260.08	0.0	1.0	0.0
r4873	435.0	54.0	3.0	0.0	1.0	1.0	0.0	156910.46	0.0	0.0	1.0
r1095	658.0	32.0	9.0	0.0	2.0	1.0	0.0	156774.75	0.0	0.0	0.0
r835	694.0	38.0	1.0	0.0	2.0	0.0	1.0	156858.2	0.0	0.0	1.0
r337	812.0	24.0	10.0	0.0	2.0	1.0	1.0	156906.15	0.0	0.0	1.0
r1320	708.0	41.0	5.0	0.0	1.0	0.0	1.0	157003.99	0.0	1.0	0.0
r217	675.0	69.0	1.0	0.0	2.0	1.0	0.0	157097.09	0.0	0.0	1.0
r2777	598.0	39.0	1.0	0.0	2.0	1.0	0.0	159130.32	0.0	1.0	1.0
r2397	444.0	43.0	3.0	0.0	2.0	1.0	1.0	159131.21	0.0	0.0	1.0
r2993	793.0	52.0	2.0	0.0	1.0	1.0	0.0	159123.82	0.0	1.0	1.0
r1180	798.0	36.0	1.0	0.0	2.0	1.0	1.0	159044.1	0.0	0.0	1.0
r2578	686.0	22.0	5.0	0.0	2.0	1.0	0.0	158974.45	0.0	1.0	1.0
r1065	692.0	44.0	8.0	0.0	1.0	0.0	1.0	159069.37	0.0	1.0	0.0
r3217	610.0	42.0	6.0	0.0	2.0	1.0	0.0	158302.59	0.0	1.0	1.0
r1490	631.0	33.0	2.0	0.0	2.0	1.0	1.0	158268.84	0.0	1.0	1.0
r2596	755.0	34.0	3.0	0.0	2.0	1.0	1.0	158816.03	0.0	0.0	1.0
r1570	577.0	46.0	1.0	0.0	1.0	1.0	1.0	158750.53	0.0	0.0	0.0
r2194	659.0	38.0	3.0	0.0	2.0	1.0	0.0	158553.1	0.0	0.0	0.0
r701	693.0	28.0	8.0	0.0	2.0	1.0	1.0	158545.25	0.0	0.0	0.0
r314	717.0	38.0	7.0	0.0	2.0	1.0	1.0	158580.05	0.0	0.0	1.0
r2008	655.0	34.0	3.0	0.0	2.0	1.0	0.0	159638.77	0.0	0.0	0.0
r731	803.0	28.0	3.0	0.0	2.0	1.0	0.0	159654.0	0.0	0.0	1.0
r3413	753.0	57.0	7.0	0.0	1.0	1.0	0.0	159475.08	0.0	0.0	1.0
r1080	709.0	37.0	7.0	0.0	1.0	1.0	0.0	159486.76	0.0	0.0	1.0
r133	605.0	28.0	6.0	0.0	2.0	0.0	0.0	159508.52	0.0	0.0	0.0
r2622	638.0	32.0	0.0	0.0	2.0	1.0	0.0	160129.99	0.0	0.0	0.0
r1625	678.0	61.0	8.0	0.0	2.0	1.0	1.0	159938.82	0.0	1.0	0.0
r174	615.0	19.0	5.0	0.0	2.0	1.0	0.0	159920.92	0.0	1.0	1.0
r3082	648.0	49.0	10.0	0.0	2.0	1.0	1.0	159835.78	0.0	1.0	0.0
r32	711.0	52.0	5.0	0.0	1.0	1.0	1.0	159808.95	0.0	0.0	1.0
r3060	615.0	61.0	9.0	0.0	2.0	1.0	0.0	150227.85	0.0	1.0	1.0
r2385	714.0	20.0	3.0	0.0	2.0	0.0	1.0	150465.93	0.0	1.0	1.0
r1505	649.0	51.0	4.0	0.0	1.0	1.0	1.0	150390.57	0.0	1.0	1.0
r2425	680.0	32.0	5.0	0.0	1.0	1.0	1.0	150684.23	0.0	0.0	0.0
r4934	692.0	47.0	3.0	0.0	2.0	1.0	0.0	150802.41	0.0	1.0	0.0
r2951	615.0	35.0	7.0	0.0	2.0	1.0	0.0	150784.29	0.0	0.0	1.0
r774	637.0	54.0	5.0	0.0	1.0	0.0	1.0	150836.98	0.0	1.0	0.0
r1485	705.0	48.0	0.0	0.0	2.0	0.0	0.0	149772.61	0.0	0.0	0.0
r2995	535.0	48.0	9.0	0.0	1.0	1.0	0.0	149892.79	0.0	0.0	0.0
r2301	797.0	29.0	1.0	0.0	1.0	0.0	1.0	149991.32	0.0	0.0	1.0
r4306	648.0	49.0	5.0	0.0	1.0	1.0	0.0	149946.43	0.0	1.0	1.0
r1243	715.0	31.0	7.0	0.0	1.0	1.0	1.0	149970.59	0.0	1.0	1.0
r3236	675.0	54.0	2.0	0.0	1.0	1.0	0.0	149583.67	0.0	0.0	1.0
r2450	729.0	42.0	1.0	0.0	2.0	1.0	1.0	149535.97	0.0	1.0	0.0
r3703	554.0	43.0	10.0	0.0	2.0	1.0	0.0	149629.13	0.0	0.0	0.0
r547	452.0	35.0	8.0	0.0	2.0	1.0	1.0	149614.81	0.0	0.0	0.0
r1706	525.0	30.0	5.0	0.0	2.0	0.0	1.0	149195.44	0.0	1.0	0.0
r1650	611.0	30.0	9.0	0.0	2.0	1.0	1.0	148887.69	0.0	0.0	1.0
r1525	590.0	38.0	9.0	0.0	2.0	1.0	1.0	148750.16	0.0	1.0	0.0
r4571	437.0	43.0	6.0	0.0	1.0	1.0	0.0	148330.97	0.0	0.0	0.0
r1620	543.0	64.0	4.0	0.0	2.0	1.0	1.0	148305.82	0.0	0.0	1.0
r1323	498.0	34.0	2.0	0.0	2.0	1.0	1.0	148528.24	0.0	0.0	1.0
r698	682.0	36.0	5.0	0.0	2.0	1.0	1.0	147758.51	0.0	1.0	1.0
r1305	804.0	71.0	8.0	0.0	2.0	0.0	1.0	147995.96	0.0	0.0	0.0
r4339	628.0	31.0	5.0	0.0	1.0	0.0	0.0	147963.07	0.0	0.0	0.0
r4479	600.0	49.0	6.0	0.0	1.0	0.0	1.0	148087.88	0.0	0.0	0.0
r390	678.0	32.0	9.0	0.0	1.0	1.0	1.0	148210.64	0.0	0.0	0.0
r3667	779.0	71.0	3.0	0.0	2.0	1.0	1.0	146895.36	0.0	0.0	1.0
r1717	753.0	48.0	4.0	0.0	2.0	0.0	1.0	146821.42	0.0	0.0	1.0
r484	718.0	28.0	6.0	0.0	2.0	1.0	0.0	146875.86	0.0	1.0	1.0
r3614	619.0	40.0	10.0	0.0	1.0	1.0	1.0	147093.84	0.0	0.0	0.0
r2368	766.0	45.0	6.0	0.0	2.0	0.0	0.0	147184.74	0.0	0.0	0.0
r1312	807.0	36.0	4.0	0.0	2.0	0.0	1.0	147007.33	0.0	0.0	0.0
r213	735.0	50.0	2.0	0.0	2.0	0.0	1.0	147075.69	0.0	0.0	1.0
r3669	529.0	38.0	2.0	0.0	1.0	1.0	0.0	146388.85	0.0	0.0	0.0
r2332	596.0	32.0	4.0	0.0	2.0	0.0	1.0	146504.35	0.0	1.0	1.0
r1651	660.0	38.0	7.0	0.0	2.0	0.0	1.0	146585.53	0.0	0.0	1.0
r3819	469.0	31.0	6.0	0.0	1.0	1.0	0.0	146213.75	0.0	1.0	0.0
r3004	516.0	50.0	5.0	0.0	1.0	0.0	1.0	146145.93	0.0	1.0	1.0
r2386	549.0	29.0	3.0	0.0	2.0	1.0	0.0	146090.38	0.0	0.0	1.0
r1804	620.0	36.0	8.0	0.0	2.0	1.0	1.0	145937.99	0.0	0.0	1.0
r1416	811.0	45.0	5.0	0.0	2.0	1.0	1.0	146123.19	0.0	0.0	0.0
r1635	481.0	28.0	10.0	0.0	2.0	1.0	0.0	145215.96	0.0	0.0	0.0
r1059	692.0	42.0	2.0	0.0	2.0	1.0	0.0	145222.93	0.0	0.0	0.0
r1290	637.0	41.0	9.0	0.0	2.0	1.0	0.0	145477.36	0.0	0.0	0.0
r1510	522.0	30.0	3.0	0.0	2.0	1.0	0.0	145490.85	0.0	1.0	1.0
r1147	519.0	36.0	9.0	0.0	2.0	0.0	1.0	145562.4	0.0	0.0	1.0
r2611	649.0	47.0	1.0	0.0	2.0	1.0	1.0	145593.85	0.0	0.0	1.0
r2543	691.0	40.0	1.0	0.0	2.0	1.0	1.0	145613.17	0.0	1.0	1.0
r1656	643.0	43.0	1.0	0.0	2.0	1.0	1.0	145764.4	0.0	1.0	1.0
r940	652.0	38.0	6.0	0.0	2.0	1.0	1.0	145700.22	0.0	0.0	1.0
r82	745.0	47.0	5.0	0.0	2.0	0.0	0.0	145789.71	0.0	0.0	1.0
r4349	752.0	41.0	8.0	0.0	2.0	1.0	0.0	139844.04	0.0	0.0	0.0
r2331	676.0	35.0	0.0	0.0	2.0	0.0	0.0	139911.58	0.0	1.0	1.0
r3619	664.0	48.0	10.0	0.0	1.0	1.0	0.0	140173.17	0.0	0.0	1.0
r2969	591.0	39.0	3.0	0.0	3.0	1.0	0.0	140469.38	0.0	1.0	0.0
r1177	723.0	20.0	4.0	0.0	2.0	1.0	1.0	140385.33	0.0	0.0	0.0
r1967	511.0	29.0	9.0	0.0	2.0	0.0	1.0	140676.98	0.0	1.0	0.0
r2507	685.0	30.0	2.0	0.0	2.0	1.0	1.0	140889.32	0.0	0.0	1.0
r4599	670.0	36.0	3.0	0.0	1.0	1.0	0.0	140754.19	0.0	0.0	1.0
r526	596.0	41.0	5.0	0.0	2.0	0.0	1.0	141053.85	0.0	1.0	1.0
r2422	809.0	33.0	3.0	0.0	2.0	0.0	1.0	141426.78	0.0	1.0	0.0
r1852	715.0	40.0	7.0	0.0	1.0	1.0	1.0	141359.11	0.0	0.0	1.0
r2857	833.0	30.0	1.0	0.0	2.0	1.0	0.0	141860.62	0.0	0.0	1.0
r2206	733.0	39.0	1.0	0.0	2.0	1.0	1.0	141841.31	0.0	0.0	1.0
r454	695.0	23.0	1.0	0.0	2.0	1.0	1.0	141756.32	0.0	0.0	0.0
r1324	540.0	37.0	6.0	0.0	2.0	1.0	0.0	141998.89	0.0	0.0	1.0
r1066	501.0	40.0	2.0	0.0	2.0	0.0	0.0	141946.92	0.0	0.0	0.0
r436	578.0	32.0	4.0	0.0	2.0	1.0	1.0	141822.8	0.0	0.0	1.0
r3371	612.0	33.0	9.0	0.0	1.0	0.0	0.0	142797.5	0.0	0.0	0.0
r3977	516.0	27.0	9.0	0.0	1.0	1.0	0.0	142680.64	0.0	0.0	1.0
r936	554.0	22.0	8.0	0.0	2.0	0.0	1.0	142670.61	0.0	0.0	0.0
r3007	643.0	45.0	5.0	0.0	1.0	1.0	0.0	142513.5	0.0	0.0	1.0
r3356	618.0	56.0	7.0	0.0	1.0	1.0	1.0	142400.27	0.0	0.0	1.0
r2765	693.0	39.0	4.0	0.0	2.0	0.0	1.0	142331.39	0.0	0.0	0.0
r384	686.0	22.0	8.0	0.0	2.0	0.0	0.0	142331.85	0.0	1.0	1.0
r2033	506.0	40.0	3.0	0.0	1.0	1.0	1.0	144345.58	0.0	0.0	0.0
r3585	686.0	41.0	10.0	0.0	1.0	1.0	1.0	144272.71	0.0	0.0	0.0
r4350	628.0	50.0	8.0	0.0	1.0	0.0	0.0	144366.83	0.0	1.0	1.0
r3609	678.0	28.0	4.0	0.0	2.0	1.0	1.0	144423.17	0.0	0.0	0.0
r2511	712.0	29.0	2.0	0.0	1.0	1.0	1.0	144375.0	0.0	0.0	0.0
r4910	791.0	33.0	3.0	0.0	1.0	1.0	1.0	144413.92	0.0	0.0	0.0
r4270	714.0	52.0	2.0	0.0	1.0	0.0	1.0	144045.08	0.0	0.0	0.0
r994	773.0	52.0	4.0	0.0	1.0	0.0	1.0	144113.42	0.0	0.0	1.0
r2497	511.0	30.0	5.0	0.0	2.0	1.0	0.0	143994.86	0.0	0.0	0.0
r1560	534.0	38.0	3.0	0.0	1.0	0.0	0.0	143938.27	0.0	0.0	1.0
r1877	634.0	36.0	1.0	0.0	1.0	1.0	1.0	143960.72	0.0	1.0	0.0
r548	583.0	42.0	7.0	0.0	2.0	1.0	0.0	144039.05	0.0	0.0	0.0
r343	741.0	32.0	8.0	0.0	2.0	1.0	0.0	143598.7	0.0	0.0	1.0
r615	783.0	39.0	9.0	0.0	2.0	1.0	0.0	143752.77	0.0	1.0	1.0
r310	802.0	33.0	8.0	0.0	2.0	1.0	0.0	143706.18	0.0	0.0	1.0
r2407	731.0	30.0	7.0	0.0	2.0	0.0	1.0	143086.09	0.0	0.0	1.0
r2038	784.0	31.0	7.0	0.0	2.0	1.0	1.0	143204.41	0.0	0.0	1.0
r1673	746.0	37.0	2.0	0.0	2.0	1.0	0.0	143194.05	0.0	0.0	1.0
r1036	850.0	39.0	10.0	0.0	2.0	1.0	1.0	143030.09	0.0	1.0	0.0
r2764	617.0	45.0	1.0	0.0	1.0	1.0	0.0	143298.06	0.0	1.0	0.0
r1480	577.0	28.0	7.0	0.0	1.0	1.0	0.0	143274.41	0.0	1.0	1.0
r4337	558.0	41.0	6.0	0.0	1.0	1.0	1.0	143585.29	0.0	0.0	0.0
r21	608.0	35.0	6.0	0.0	2.0	1.0	1.0	143463.28	0.0	1.0	0.0
r4707	753.0	40.0	0.0	3768.69	2.0	1.0	0.0	177065.24	0.0	0.0	0.0
r3783	645.0	45.0	4.0	0.0	1.0	0.0	1.0	174916.85	0.0	1.0	1.0
r3372	717.0	35.0	1.0	0.0	3.0	0.0	0.0	174770.14	0.0	1.0	1.0
r3471	556.0	52.0	9.0	0.0	1.0	1.0	0.0	175149.2	0.0	0.0	0.0
r1751	537.0	41.0	0.0	0.0	2.0	0.0	1.0	175262.49	0.0	0.0	0.0
r1670	599.0	51.0	0.0	0.0	1.0	1.0	1.0	175235.99	0.0	1.0	1.0
r3277	691.0	52.0	3.0	0.0	1.0	1.0	0.0	175843.68	0.0	0.0	1.0
r2398	449.0	21.0	7.0	0.0	2.0	0.0	0.0	175743.92	0.0	0.0	0.0
r1961	508.0	54.0	10.0	0.0	1.0	1.0	1.0	175749.36	0.0	1.0	1.0
r1815	529.0	31.0	7.0	0.0	2.0	1.0	1.0	175697.87	0.0	0.0	0.0
r981	510.0	44.0	6.0	0.0	2.0	1.0	1.0	175518.31	0.0	0.0	1.0
r852	793.0	33.0	0.0	0.0	1.0	0.0	0.0	175544.02	0.0	0.0	0.0
r3431	493.0	31.0	3.0	0.0	1.0	1.0	1.0	176570.28	0.0	0.0	0.0
r4056	645.0	68.0	9.0	0.0	4.0	1.0	1.0	176353.87	0.0	0.0	0.0
r3148	599.0	58.0	4.0	0.0	1.0	0.0	0.0	176407.15	0.0	0.0	1.0
r2496	687.0	35.0	3.0	0.0	2.0	1.0	1.0	176450.19	0.0	1.0	1.0
r1803	669.0	22.0	10.0	0.0	2.0	1.0	0.0	176163.74	0.0	1.0	1.0
r1849	634.0	52.0	1.0	0.0	2.0	1.0	1.0	176913.42	0.0	1.0	1.0
r1641	696.0	28.0	8.0	0.0	1.0	0.0	0.0	176713.47	0.0	1.0	1.0
r1123	628.0	28.0	4.0	0.0	2.0	1.0	1.0	176750.81	0.0	1.0	1.0
r602	522.0	41.0	7.0	0.0	2.0	0.0	1.0	176780.39	0.0	0.0	0.0
r344	850.0	42.0	3.0	0.0	2.0	1.0	1.0	176883.42	0.0	0.0	0.0
r4381	685.0	30.0	2.0	0.0	3.0	1.0	1.0	172576.43	0.0	1.0	0.0
r2239	717.0	42.0	5.0	0.0	2.0	1.0	0.0	172665.21	0.0	0.0	1.0
r4178	517.0	45.0	4.0	0.0	1.0	0.0	0.0	172674.36	0.0	0.0	0.0
r3805	626.0	44.0	2.0	0.0	1.0	0.0	1.0	173117.22	0.0	0.0	0.0
r4740	679.0	39.0	4.0	0.0	1.0	0.0	0.0	172939.3	0.0	0.0	0.0
r2651	628.0	42.0	7.0	0.0	2.0	0.0	1.0	172967.87	0.0	1.0	1.0
r660	739.0	40.0	4.0	0.0	2.0	0.0	0.0	173321.65	0.0	0.0	1.0
r514	841.0	31.0	2.0	0.0	2.0	1.0	0.0	173240.52	0.0	0.0	1.0
r930	616.0	71.0	4.0	0.0	2.0	1.0	1.0	173599.38	0.0	1.0	1.0
r4845	749.0	34.0	2.0	0.0	1.0	0.0	0.0	174189.04	0.0	1.0	1.0
r2982	647.0	44.0	5.0	0.0	3.0	1.0	1.0	174205.22	0.0	1.0	0.0
r2680	707.0	47.0	3.0	0.0	2.0	1.0	0.0	174303.29	0.0	0.0	1.0
r2447	603.0	46.0	2.0	0.0	2.0	1.0	0.0	174478.54	0.0	1.0	1.0
r3941	489.0	51.0	3.0	0.0	2.0	0.0	1.0	174098.28	0.0	0.0	0.0
r3219	745.0	54.0	8.0	0.0	1.0	1.0	0.0	173912.29	0.0	1.0	0.0
r4238	652.0	51.0	3.0	0.0	1.0	1.0	0.0	173989.47	0.0	0.0	0.0
r883	658.0	25.0	3.0	0.0	2.0	0.0	1.0	173948.4	0.0	0.0	1.0
r76	558.0	40.0	6.0	0.0	2.0	1.0	0.0	173844.89	0.0	0.0	1.0
r3493	655.0	50.0	10.0	0.0	4.0	1.0	0.0	179267.94	0.0	0.0	0.0
r2244	841.0	28.0	4.0	0.0	2.0	1.0	1.0	179436.6	0.0	1.0	1.0
r775	850.0	38.0	3.0	0.0	2.0	0.0	1.0	179360.76	0.0	1.0	0.0
r2594	722.0	46.0	5.0	0.0	2.0	1.0	0.0	179908.71	0.0	0.0	1.0
r3971	745.0	32.0	2.0	0.0	4.0	0.0	1.0	179705.13	0.0	0.0	0.0
r3963	708.0	59.0	2.0	0.0	1.0	1.0	0.0	179673.11	0.0	0.0	0.0
r2196	677.0	25.0	3.0	0.0	2.0	1.0	0.0	179608.96	0.0	0.0	0.0
r1974	612.0	26.0	4.0	0.0	2.0	1.0	1.0	179780.74	0.0	1.0	0.0
r4862	382.0	36.0	0.0	0.0	1.0	1.0	1.0	179540.73	0.0	1.0	1.0
r2467	661.0	39.0	5.0	0.0	2.0	0.0	0.0	181461.46	0.0	0.0	1.0
r2870	609.0	34.0	1.0	0.0	1.0	1.0	1.0	181177.9	0.0	0.0	1.0
r1010	488.0	34.0	2.0	0.0	2.0	1.0	1.0	181270.84	0.0	0.0	0.0
r2701	641.0	25.0	10.0	0.0	2.0	1.0	1.0	180808.39	0.0	1.0	1.0
r3479	566.0	42.0	6.0	0.0	1.0	1.0	0.0	180702.12	0.0	0.0	0.0
r1042	509.0	30.0	6.0	0.0	2.0	1.0	0.0	180598.86	0.0	0.0	1.0
r950	811.0	30.0	6.0	0.0	2.0	1.0	1.0	180591.32	0.0	0.0	1.0
r776	656.0	40.0	2.0	0.0	2.0	1.0	1.0	180553.48	0.0	0.0	1.0
r2858	614.0	66.0	2.0	0.0	2.0	0.0	1.0	180082.7	0.0	1.0	1.0
r490	451.0	36.0	2.0	0.0	2.0	1.0	1.0	180142.42	0.0	0.0	0.0
r192	584.0	37.0	1.0	0.0	2.0	1.0	1.0	180363.56	0.0	0.0	0.0
r4790	664.0	46.0	2.0	0.0	1.0	1.0	1.0	177423.02	0.0	0.0	1.0
r4637	659.0	60.0	2.0	0.0	1.0	1.0	0.0	177480.45	0.0	1.0	1.0
r4713	744.0	46.0	1.0	0.0	3.0	1.0	1.0	177431.59	0.0	1.0	0.0
r793	757.0	44.0	9.0	0.0	2.0	1.0	0.0	177528.92	0.0	1.0	0.0
r2983	670.0	65.0	1.0	0.0	1.0	1.0	1.0	177655.68	0.0	1.0	0.0
r714	687.0	47.0	7.0	0.0	2.0	1.0	1.0	177624.01	0.0	0.0	0.0
r288	732.0	67.0	1.0	0.0	2.0	1.0	1.0	177783.04	0.0	1.0	0.0
r4246	618.0	37.0	5.0	0.0	1.0	0.0	1.0	178705.45	0.0	0.0	1.0
r917	646.0	38.0	2.0	0.0	2.0	0.0	0.0	178752.73	0.0	0.0	0.0
r4432	826.0	49.0	0.0	0.0	1.0	0.0	0.0	178709.98	0.0	0.0	0.0
r564	850.0	31.0	8.0	0.0	2.0	1.0	0.0	178667.7	0.0	0.0	1.0
r1963	676.0	30.0	5.0	0.0	2.0	0.0	0.0	179066.58	0.0	1.0	0.0
r520	740.0	51.0	4.0	0.0	2.0	1.0	1.0	178929.84	0.0	0.0	0.0
r2625	794.0	33.0	0.0	0.0	2.0	0.0	0.0	178122.71	0.0	0.0	1.0
r4933	635.0	33.0	1.0	0.0	3.0	0.0	0.0	178067.33	0.0	0.0	1.0
r1660	606.0	42.0	10.0	0.0	2.0	1.0	0.0	177938.52	0.0	1.0	1.0
r1390	589.0	34.0	6.0	0.0	2.0	1.0	1.0	177896.92	0.0	0.0	1.0
r2891	829.0	50.0	7.0	0.0	2.0	0.0	1.0	178458.86	0.0	1.0	1.0
r4600	542.0	42.0	1.0	0.0	1.0	1.0	1.0	178256.58	0.0	0.0	0.0
r2343	573.0	52.0	8.0	0.0	2.0	0.0	1.0	178229.04	0.0	0.0	1.0
r2103	551.0	43.0	7.0	0.0	2.0	1.0	0.0	178393.68	0.0	0.0	1.0
r1925	608.0	42.0	5.0	0.0	2.0	1.0	0.0	178504.29	0.0	0.0	1.0
r1399	692.0	49.0	9.0	0.0	2.0	1.0	0.0	178342.63	0.0	1.0	0.0
r63	682.0	26.0	8.0	0.0	2.0	1.0	0.0	178373.43	0.0	0.0	1.0
r3859	536.0	35.0	8.0	0.0	1.0	1.0	0.0	171840.24	0.0	0.0	0.0
r4764	850.0	55.0	7.0	0.0	1.0	0.0	0.0	171762.87	0.0	1.0	0.0
r1073	683.0	39.0	4.0	0.0	2.0	1.0	0.0	171716.81	0.0	0.0	1.0
r2767	781.0	29.0	9.0	0.0	2.0	0.0	0.0	172097.4	0.0	0.0	1.0
r1825	600.0	27.0	6.0	0.0	2.0	1.0	1.0	172031.22	0.0	1.0	0.0
r972	769.0	29.0	8.0	0.0	2.0	1.0	1.0	172290.61	0.0	0.0	1.0
r4718	525.0	51.0	10.0	0.0	3.0	1.0	0.0	171045.35	0.0	0.0	1.0
r4385	490.0	39.0	1.0	0.0	3.0	1.0	0.0	171060.01	0.0	0.0	1.0
r1438	828.0	41.0	7.0	0.0	2.0	1.0	0.0	171378.77	0.0	0.0	0.0
r1471	602.0	72.0	3.0	0.0	2.0	1.0	1.0	171260.66	0.0	0.0	0.0
r1288	621.0	59.0	2.0	0.0	2.0	1.0	1.0	171364.18	0.0	1.0	0.0
r756	642.0	38.0	3.0	0.0	2.0	0.0	0.0	171463.83	0.0	0.0	1.0
r4941	480.0	40.0	7.0	0.0	1.0	1.0	0.0	170332.67	0.0	0.0	0.0
r991	485.0	37.0	5.0	0.0	2.0	0.0	1.0	170226.47	0.0	0.0	1.0
r3537	586.0	28.0	5.0	0.0	3.0	1.0	0.0	170487.4	0.0	0.0	0.0
r1992	654.0	47.0	10.0	0.0	2.0	1.0	0.0	170481.98	0.0	0.0	1.0
r1144	639.0	35.0	8.0	0.0	2.0	1.0	0.0	170483.9	0.0	0.0	1.0
r3931	653.0	51.0	3.0	0.0	1.0	1.0	0.0	170426.65	0.0	0.0	1.0
r1703	643.0	39.0	7.0	0.0	2.0	1.0	1.0	170392.59	0.0	0.0	1.0
r507	587.0	39.0	10.0	0.0	2.0	1.0	1.0	170409.45	0.0	0.0	1.0
r4041	646.0	31.0	2.0	0.0	1.0	1.0	1.0	170821.43	0.0	1.0	1.0
r2129	732.0	41.0	8.0	0.0	2.0	1.0	1.0	170886.17	0.0	0.0	1.0
r1681	589.0	46.0	9.0	0.0	2.0	1.0	0.0	170676.67	0.0	0.0	1.0
r1295	468.0	28.0	3.0	0.0	2.0	1.0	0.0	170661.02	0.0	1.0	1.0
r261	751.0	44.0	10.0	0.0	2.0	1.0	0.0	170634.49	0.0	0.0	0.0
r3028	731.0	43.0	2.0	0.0	1.0	1.0	1.0	170034.95	0.0	0.0	1.0
r1708	801.0	46.0	6.0	0.0	2.0	1.0	1.0	170008.74	0.0	1.0	0.0
r4162	602.0	42.0	10.0	0.0	2.0	0.0	0.0	169921.11	0.0	0.0	0.0
r3546	481.0	57.0	9.0	0.0	3.0	1.0	1.0	169719.35	0.0	0.0	0.0
r2628	606.0	71.0	8.0	0.0	2.0	1.0	1.0	169741.96	0.0	0.0	0.0
r885	630.0	31.0	1.0	0.0	2.0	1.0	1.0	169802.73	0.0	1.0	0.0
r4200	849.0	41.0	6.0	0.0	2.0	1.0	1.0	169203.51	0.0	0.0	0.0
r1838	775.0	31.0	9.0	0.0	2.0	1.0	0.0	169278.51	0.0	0.0	1.0
r4582	850.0	48.0	2.0	0.0	1.0	1.0	0.0	169425.3	0.0	1.0	1.0
r463	744.0	56.0	9.0	0.0	2.0	1.0	1.0	169498.61	0.0	0.0	1.0
r91	516.0	46.0	2.0	0.0	2.0	1.0	1.0	169122.54	0.0	0.0	1.0
r3620	756.0	60.0	2.0	0.0	1.0	1.0	1.0	166513.49	0.0	0.0	1.0
r4404	666.0	47.0	5.0	0.0	1.0	0.0	0.0	166650.9	0.0	1.0	0.0
r3284	735.0	50.0	9.0	0.0	1.0	0.0	0.0	166677.35	0.0	1.0	1.0
r4962	527.0	39.0	4.0	0.0	2.0	1.0	0.0	167183.07	0.0	0.0	1.0
r2898	616.0	29.0	9.0	0.0	1.0	1.0	1.0	166984.44	0.0	0.0	1.0
r1279	655.0	45.0	0.0	0.0	2.0	1.0	0.0	166830.71	0.0	0.0	0.0
r1091	638.0	35.0	1.0	0.0	2.0	1.0	0.0	165370.66	0.0	1.0	1.0
r2093	610.0	26.0	8.0	0.0	2.0	1.0	0.0	166031.08	0.0	0.0	1.0
r1823	786.0	62.0	8.0	0.0	1.0	1.0	1.0	165702.64	0.0	0.0	0.0
r854	831.0	34.0	2.0	0.0	2.0	0.0	0.0	165840.94	0.0	0.0	0.0
r4684	657.0	22.0	6.0	0.0	3.0	0.0	1.0	168412.07	0.0	1.0	0.0
r2883	721.0	41.0	2.0	0.0	2.0	1.0	0.0	168219.75	0.0	0.0	1.0
r2508	679.0	42.0	2.0	0.0	1.0	1.0	1.0	168294.27	0.0	1.0	1.0
r309	586.0	33.0	7.0	0.0	2.0	1.0	1.0	168261.4	0.0	1.0	0.0
r1832	677.0	58.0	9.0	0.0	1.0	0.0	1.0	168650.4	0.0	0.0	1.0
r1335	621.0	32.0	1.0	0.0	2.0	1.0	1.0	168779.47	0.0	0.0	1.0
r2897	555.0	32.0	10.0	0.0	2.0	0.0	1.0	168605.96	0.0	1.0	1.0
r1313	567.0	39.0	5.0	0.0	2.0	0.0	0.0	168521.72	0.0	0.0	1.0
r1709	526.0	42.0	1.0	0.0	1.0	0.0	1.0	168486.02	0.0	0.0	1.0
r488	512.0	31.0	6.0	0.0	2.0	1.0	0.0	168462.26	0.0	1.0	1.0
r298	509.0	38.0	2.0	0.0	1.0	0.0	0.0	168460.12	0.0	1.0	1.0
r2678	762.0	28.0	2.0	0.0	2.0	1.0	0.0	167909.52	0.0	0.0	1.0
r3299	709.0	43.0	8.0	0.0	2.0	0.0	0.0	168035.62	0.0	0.0	0.0
r590	812.0	29.0	6.0	0.0	2.0	0.0	0.0	168023.6	0.0	0.0	1.0
r781	603.0	34.0	9.0	0.0	2.0	1.0	0.0	167916.35	0.0	0.0	0.0
r522	525.0	60.0	7.0	0.0	2.0	0.0	1.0	168034.9	0.0	1.0	0.0
r2254	695.0	36.0	2.0	0.0	2.0	0.0	1.0	167749.54	0.0	0.0	0.0
r210	655.0	47.0	10.0	0.0	2.0	1.0	0.0	167778.62	0.0	0.0	0.0
r1422	716.0	40.0	3.0	0.0	2.0	0.0	1.0	167636.15	0.0	0.0	0.0
r56	717.0	35.0	4.0	0.0	1.0	1.0	1.0	167573.06	0.0	0.0	1.0
r2756	489.0	38.0	8.0	0.0	2.0	0.0	1.0	196990.79	0.0	0.0	1.0
r4809	678.0	55.0	5.0	0.0	1.0	0.0	1.0	196794.11	0.0	0.0	0.0
r2186	661.0	26.0	8.0	0.0	2.0	0.0	0.0	196875.87	0.0	0.0	1.0
r3186	803.0	42.0	5.0	0.0	1.0	1.0	0.0	196466.83	0.0	0.0	1.0
r2750	719.0	44.0	2.0	0.0	2.0	1.0	0.0	196582.19	0.0	1.0	1.0
r4588	623.0	45.0	0.0	0.0	1.0	1.0	0.0	196533.72	0.0	0.0	1.0
r2829	573.0	38.0	4.0	0.0	2.0	1.0	1.0	196517.43	0.0	1.0	1.0
r2162	615.0	23.0	4.0	0.0	2.0	1.0	0.0	196476.19	0.0	0.0	0.0
r3135	598.0	64.0	1.0	0.0	2.0	1.0	0.0	195635.3	0.0	0.0	1.0
r1549	689.0	39.0	4.0	0.0	2.0	1.0	0.0	196112.45	0.0	0.0	1.0
r1462	721.0	57.0	1.0	0.0	1.0	1.0	1.0	195940.96	0.0	1.0	1.0
r2813	850.0	29.0	10.0	0.0	2.0	1.0	1.0	199775.67	0.0	0.0	0.0
r1070	620.0	28.0	8.0	0.0	2.0	1.0	1.0	199909.32	0.0	0.0	1.0
r4027	740.0	43.0	9.0	0.0	1.0	1.0	0.0	199290.68	0.0	1.0	1.0
r979	761.0	26.0	1.0	0.0	2.0	1.0	1.0	199409.19	0.0	0.0	0.0
r2838	610.0	45.0	1.0	0.0	2.0	1.0	1.0	199657.46	0.0	0.0	0.0
r2874	640.0	68.0	9.0	0.0	2.0	1.0	1.0	199493.38	0.0	0.0	1.0
r471	581.0	30.0	1.0	0.0	2.0	1.0	0.0	199464.08	0.0	0.0	1.0
r3699	453.0	29.0	6.0	0.0	1.0	0.0	0.0	198376.02	0.0	0.0	1.0
r2481	646.0	33.0	2.0	0.0	2.0	0.0	0.0	198208.0	0.0	0.0	0.0
r1337	727.0	34.0	10.0	0.0	2.0	1.0	1.0	198637.34	0.0	0.0	1.0
r3508	727.0	71.0	8.0	0.0	1.0	1.0	1.0	198446.91	0.0	1.0	1.0
r1228	815.0	35.0	4.0	0.0	2.0	0.0	1.0	198490.33	0.0	0.0	1.0
r4736	603.0	24.0	3.0	0.0	1.0	1.0	1.0	198826.03	0.0	0.0	0.0
r1543	669.0	26.0	4.0	0.0	2.0	1.0	1.0	197594.34	0.0	0.0	1.0
r3887	546.0	45.0	2.0	0.0	1.0	0.0	0.0	197789.83	0.0	1.0	0.0
r4866	598.0	60.0	4.0	0.0	1.0	1.0	0.0	197727.14	0.0	0.0	1.0
r4656	603.0	32.0	7.0	0.0	1.0	1.0	0.0	198055.94	0.0	0.0	1.0
r1848	631.0	29.0	3.0	0.0	2.0	1.0	1.0	197963.46	0.0	1.0	1.0
r860	656.0	47.0	1.0	0.0	2.0	1.0	1.0	197961.93	0.0	1.0	1.0
r1843	530.0	39.0	2.0	0.0	2.0	1.0	0.0	197923.05	0.0	0.0	1.0
r449	478.0	43.0	1.0	0.0	2.0	1.0	1.0	197916.43	0.0	1.0	1.0
r4149	447.0	41.0	3.0	0.0	4.0	1.0	1.0	197490.39	0.0	0.0	1.0
r289	425.0	39.0	4.0	0.0	2.0	1.0	0.0	197226.32	0.0	0.0	1.0
r3336	818.0	49.0	2.0	0.0	1.0	0.0	1.0	192298.84	0.0	0.0	0.0
r726	554.0	31.0	1.0	0.0	2.0	0.0	1.0	192660.55	0.0	0.0	1.0
r2476	824.0	38.0	3.0	0.0	2.0	1.0	0.0	192800.25	0.0	1.0	0.0
r2788	627.0	35.0	7.0	0.0	2.0	0.0	1.0	193022.44	0.0	0.0	0.0
r655	714.0	34.0	5.0	0.0	2.0	1.0	0.0	193040.32	0.0	1.0	1.0
r3326	533.0	52.0	7.0	0.0	1.0	0.0	1.0	194113.99	0.0	1.0	0.0
r2379	466.0	30.0	3.0	0.0	1.0	1.0	0.0	193984.6	0.0	0.0	0.0
r2126	821.0	40.0	1.0	0.0	2.0	1.0	0.0	194273.12	0.0	0.0	0.0
r3724	506.0	57.0	6.0	0.0	2.0	0.0	1.0	194421.12	0.0	0.0	0.0
r2214	518.0	40.0	4.0	0.0	2.0	0.0	1.0	194416.58	0.0	0.0	1.0
r3157	599.0	39.0	4.0	0.0	1.0	1.0	0.0	194273.2	0.0	1.0	0.0
r1605	619.0	29.0	5.0	0.0	2.0	1.0	0.0	194310.1	0.0	0.0	1.0
r4213	775.0	30.0	5.0	0.0	1.0	1.0	0.0	193880.6	0.0	0.0	0.0
r4175	793.0	32.0	2.0	0.0	2.0	1.0	0.0	193817.63	0.0	0.0	1.0
r1551	711.0	41.0	3.0	0.0	2.0	1.0	1.0	193747.57	0.0	0.0	1.0
r26	554.0	45.0	4.0	0.0	2.0	1.0	1.0	193412.05	0.0	1.0	0.0
r3500	691.0	58.0	3.0	0.0	1.0	0.0	1.0	194930.3	0.0	0.0	1.0
r1178	627.0	40.0	10.0	0.0	2.0	1.0	1.0	194792.42	0.0	1.0	1.0
r3062	531.0	47.0	6.0	0.0	1.0	0.0	0.0	194998.34	0.0	0.0	0.0
r1084	543.0	41.0	4.0	0.0	1.0	0.0	0.0	194902.16	0.0	1.0	0.0
r3320	792.0	50.0	9.0	0.0	4.0	1.0	1.0	194700.81	0.0	0.0	1.0
r807	796.0	51.0	6.0	0.0	2.0	0.0	1.0	194733.28	0.0	0.0	1.0
r1364	556.0	26.0	4.0	0.0	1.0	1.0	0.0	195167.38	0.0	0.0	1.0
r2885	726.0	36.0	2.0	0.0	1.0	1.0	0.0	195192.4	0.0	1.0	1.0
r24	642.0	36.0	4.0	0.0	2.0	1.0	1.0	195224.91	0.0	0.0	1.0
r3228	474.0	33.0	5.0	0.0	2.0	1.0	0.0	181945.52	0.0	0.0	1.0
r1506	823.0	44.0	1.0	0.0	2.0	0.0	1.0	182495.7	0.0	0.0	0.0
r3782	780.0	37.0	3.0	0.0	2.0	0.0	0.0	182156.81	0.0	0.0	0.0
r2457	719.0	40.0	9.0	0.0	2.0	1.0	0.0	182224.14	0.0	1.0	0.0
r517	633.0	37.0	2.0	0.0	2.0	1.0	0.0	182258.17	0.0	0.0	1.0
r3388	492.0	49.0	8.0	0.0	1.0	1.0	1.0	182865.09	0.0	0.0	0.0
r4303	540.0	31.0	7.0	0.0	1.0	0.0	1.0	183051.6	0.0	0.0	0.0
r2770	672.0	33.0	2.0	0.0	2.0	1.0	1.0	182738.0	0.0	1.0	1.0
r3594	703.0	45.0	1.0	0.0	1.0	1.0	0.0	182784.11	0.0	1.0	0.0
r630	674.0	36.0	2.0	0.0	2.0	1.0	1.0	182787.17	0.0	1.0	1.0
r2109	506.0	32.0	8.0	0.0	2.0	0.0	1.0	182692.8	0.0	1.0	1.0
r647	630.0	26.0	5.0	0.0	2.0	1.0	0.0	182612.38	0.0	0.0	0.0
r608	476.0	40.0	4.0	0.0	2.0	0.0	0.0	182547.04	0.0	0.0	0.0
r3818	841.0	52.0	5.0	0.0	1.0	0.0	0.0	183239.71	0.0	0.0	0.0
r1829	730.0	23.0	8.0	0.0	2.0	1.0	0.0	183284.53	0.0	0.0	1.0
r4780	782.0	34.0	9.0	0.0	1.0	1.0	0.0	183021.06	0.0	0.0	1.0
r418	732.0	43.0	9.0	0.0	2.0	1.0	0.0	183147.17	0.0	0.0	0.0
r4652	659.0	50.0	3.0	0.0	1.0	1.0	0.0	183399.12	0.0	0.0	0.0
r214	551.0	36.0	5.0	0.0	1.0	1.0	0.0	183479.12	0.0	0.0	0.0
r4374	718.0	49.0	10.0	0.0	1.0	1.0	0.0	184474.72	0.0	0.0	0.0
r4165	625.0	45.0	3.0	0.0	1.0	1.0	1.0	184474.15	0.0	0.0	0.0
r1861	827.0	35.0	0.0	0.0	2.0	0.0	1.0	184514.01	0.0	1.0	0.0
r4129	617.0	50.0	7.0	0.0	1.0	1.0	0.0	184839.7	0.0	1.0	1.0
r718	752.0	36.0	7.0	0.0	2.0	1.0	0.0	184866.86	0.0	0.0	0.0
r1879	663.0	37.0	7.0	0.0	1.0	1.0	1.0	185210.63	0.0	0.0	0.0
r448	551.0	31.0	1.0	0.0	2.0	1.0	1.0	185105.44	0.0	0.0	1.0
r3395	654.0	40.0	6.0	0.0	1.0	0.0	0.0	183872.88	0.0	0.0	1.0
r387	606.0	46.0	8.0	0.0	2.0	1.0	1.0	183717.94	0.0	1.0	0.0
r2317	457.0	44.0	7.0	0.0	2.0	0.0	0.0	185992.36	0.0	1.0	1.0
r3475	540.0	22.0	4.0	0.0	3.0	1.0	1.0	186233.26	0.0	0.0	1.0
r567	650.0	39.0	4.0	0.0	2.0	0.0	0.0	186275.7	0.0	0.0	0.0
r342	598.0	47.0	2.0	0.0	2.0	1.0	1.0	186116.54	0.0	0.0	1.0
r1682	469.0	35.0	5.0	0.0	2.0	1.0	0.0	186490.37	0.0	1.0	1.0
r681	730.0	62.0	2.0	0.0	2.0	1.0	1.0	186489.95	0.0	1.0	1.0
r104	685.0	33.0	6.0	0.0	2.0	0.0	1.0	186785.01	0.0	0.0	0.0
r276	657.0	38.0	7.0	0.0	2.0	1.0	0.0	185827.74	0.0	0.0	1.0
r910	574.0	28.0	7.0	0.0	2.0	0.0	0.0	185660.3	0.0	1.0	0.0
r4480	692.0	36.0	4.0	0.0	1.0	1.0	0.0	185580.89	0.0	0.0	0.0
r3080	438.0	54.0	2.0	0.0	1.0	0.0	0.0	191763.07	0.0	1.0	0.0
r3488	739.0	37.0	8.0	0.0	2.0	1.0	0.0	191557.1	0.0	0.0	0.0
r4927	739.0	41.0	8.0	0.0	1.0	1.0	0.0	191694.77	0.0	1.0	0.0
r3505	660.0	50.0	1.0	0.0	3.0	1.0	1.0	191849.15	0.0	0.0	1.0
r4763	621.0	50.0	5.0	0.0	2.0	1.0	0.0	191756.54	0.0	0.0	0.0
r3580	688.0	54.0	9.0	0.0	1.0	1.0	0.0	191212.63	0.0	0.0	0.0
r2823	633.0	39.0	2.0	0.0	2.0	0.0	0.0	191207.03	0.0	1.0	0.0
r1965	765.0	41.0	2.0	0.0	2.0	0.0	1.0	191215.61	0.0	0.0	1.0
r401	696.0	31.0	8.0	0.0	2.0	0.0	0.0	191074.11	0.0	0.0	0.0
r1791	777.0	53.0	10.0	0.0	2.0	1.0	0.0	189992.97	0.0	0.0	0.0
r1667	595.0	31.0	4.0	0.0	2.0	1.0	0.0	189995.86	0.0	0.0	1.0
r1744	651.0	65.0	0.0	0.0	2.0	1.0	1.0	190454.04	0.0	0.0	0.0
r3209	552.0	49.0	4.0	0.0	1.0	1.0	1.0	190296.76	0.0	0.0	1.0
r1358	629.0	34.0	6.0	0.0	2.0	1.0	0.0	190347.72	0.0	1.0	1.0
r4950	530.0	45.0	1.0	0.0	1.0	0.0	1.0	190663.89	0.0	0.0	0.0
r4754	532.0	43.0	9.0	0.0	2.0	0.0	0.0	190573.91	0.0	0.0	1.0
r1604	725.0	29.0	6.0	0.0	2.0	1.0	1.0	190776.83	0.0	0.0	0.0
r1809	779.0	27.0	1.0	0.0	2.0	1.0	1.0	190623.02	0.0	0.0	1.0
r114	741.0	44.0	7.0	0.0	2.0	1.0	1.0	190534.76	0.0	0.0	0.0
r4065	850.0	47.0	6.0	0.0	1.0	1.0	0.0	187391.02	0.0	0.0	1.0
r1098	529.0	35.0	5.0	0.0	2.0	1.0	1.0	187288.5	0.0	1.0	1.0
r2364	850.0	46.0	3.0	0.0	2.0	1.0	1.0	187980.21	0.0	0.0	0.0
r1900	663.0	27.0	8.0	0.0	1.0	1.0	1.0	188007.99	0.0	1.0	1.0
r3041	687.0	39.0	2.0	0.0	3.0	0.0	0.0	188150.6	0.0	1.0	0.0
r1218	758.0	33.0	7.0	0.0	1.0	1.0	0.0	188156.34	0.0	0.0	0.0
r1909	658.0	20.0	7.0	0.0	2.0	0.0	0.0	187638.34	0.0	0.0	1.0
r4596	695.0	56.0	1.0	0.0	3.0	1.0	0.0	187734.49	0.0	1.0	1.0
r2909	677.0	38.0	4.0	0.0	2.0	1.0	0.0	187800.63	0.0	0.0	1.0
r842	570.0	37.0	6.0	0.0	1.0	1.0	1.0	187758.5	0.0	0.0	1.0
r3344	737.0	36.0	9.0	0.0	1.0	0.0	1.0	188670.9	0.0	0.0	1.0
r887	581.0	31.0	6.0	0.0	2.0	1.0	0.0	188377.21	0.0	1.0	0.0
r3153	555.0	51.0	5.0	0.0	3.0	1.0	0.0	189122.89	0.0	0.0	1.0
r4280	660.0	42.0	5.0	0.0	3.0	1.0	1.0	189016.24	0.0	1.0	0.0
r2	744.0	44.0	3.0	0.0	2.0	1.0	1.0	189016.14	0.0	0.0	0.0
r1124	742.0	24.0	8.0	0.0	2.0	1.0	0.0	4070.28	0.0	1.0	1.0
r2519	641.0	37.0	2.0	0.0	2.0	1.0	0.0	3939.87	0.0	0.0	0.0
r2080	638.0	34.0	7.0	0.0	2.0	0.0	0.0	3946.29	0.0	1.0	0.0
r1458	522.0	34.0	3.0	0.0	2.0	1.0	1.0	3894.34	0.0	0.0	0.0
r656	502.0	33.0	7.0	0.0	2.0	0.0	1.0	4082.52	0.0	0.0	1.0
r4630	732.0	36.0	9.0	0.0	1.0	0.0	0.0	3749.0	0.0	0.0	0.0
r2471	644.0	39.0	9.0	0.0	1.0	1.0	0.0	3740.93	0.0	0.0	0.0
r2234	600.0	34.0	0.0	0.0	2.0	0.0	1.0	3756.23	0.0	0.0	1.0
r575	611.0	33.0	7.0	0.0	2.0	1.0	1.0	3729.89	0.0	1.0	0.0
r251	566.0	21.0	3.0	0.0	2.0	1.0	1.0	3626.47	0.0	0.0	0.0
r3838	741.0	43.0	0.0	0.0	2.0	1.0	1.0	2920.63	0.0	1.0	1.0
r1397	640.0	29.0	3.0	0.0	2.0	1.0	0.0	2743.69	0.0	0.0	0.0
r305	466.0	29.0	6.0	0.0	2.0	1.0	1.0	2797.27	0.0	0.0	1.0
r3254	846.0	41.0	5.0	0.0	3.0	1.0	0.0	3440.47	0.0	0.0	0.0
r2878	615.0	30.0	8.0	0.0	2.0	0.0	0.0	3183.15	0.0	0.0	1.0
r787	711.0	29.0	9.0	0.0	2.0	0.0	1.0	3234.8	0.0	0.0	0.0
r2380	711.0	64.0	4.0	0.0	2.0	1.0	1.0	3185.67	0.0	0.0	1.0
r257	690.0	48.0	2.0	0.0	2.0	1.0	1.0	3149.1	0.0	1.0	0.0
r221	567.0	41.0	1.0	0.0	2.0	1.0	0.0	3414.72	0.0	1.0	0.0
r3710	662.0	35.0	6.0	0.0	2.0	0.0	0.0	2423.9	0.0	1.0	0.0
r2140	585.0	39.0	7.0	0.0	2.0	1.0	0.0	2401.26	0.0	0.0	0.0
r1738	798.0	28.0	3.0	0.0	2.0	1.0	0.0	2305.27	0.0	0.0	1.0
r1871	703.0	28.0	9.0	0.0	2.0	0.0	1.0	2151.17	0.0	0.0	1.0
r1590	649.0	33.0	2.0	0.0	2.0	1.0	0.0	2010.98	0.0	0.0	1.0
r2977	511.0	66.0	4.0	0.0	1.0	1.0	0.0	1643.11	0.0	1.0	0.0
r906	596.0	29.0	2.0	0.0	2.0	1.0	1.0	1591.19	0.0	1.0	1.0
r555	472.0	28.0	4.0	0.0	2.0	1.0	0.0	1801.77	0.0	1.0	0.0
r2928	730.0	33.0	0.0	0.0	2.0	1.0	0.0	1474.79	0.0	0.0	1.0
r4517	697.0	42.0	1.0	0.0	1.0	1.0	0.0	1262.83	0.0	0.0	0.0
r349	733.0	38.0	5.0	0.0	2.0	1.0	1.0	1271.51	0.0	1.0	0.0
r1529	811.0	35.0	7.0	0.0	1.0	1.0	1.0	178.19	0.0	0.0	0.0
r1763	629.0	40.0	9.0	0.0	1.0	1.0	0.0	106.67	0.0	0.0	1.0
r1445	625.0	31.0	5.0	0.0	2.0	0.0	1.0	90.07	0.0	0.0	1.0
r3043	556.0	38.0	8.0	0.0	2.0	0.0	0.0	417.41	0.0	1.0	1.0
r4639	624.0	34.0	6.0	0.0	1.0	1.0	0.0	582.59	0.0	1.0	0.0
r1194	521.0	39.0	7.0	0.0	2.0	0.0	1.0	653.58	0.0	0.0	1.0
r2102	850.0	70.0	5.0	0.0	1.0	1.0	1.0	705.18	0.0	1.0	0.0
r3827	850.0	55.0	6.0	0.0	1.0	1.0	0.0	944.41	0.0	0.0	1.0
r1953	763.0	37.0	8.0	0.0	2.0	1.0	1.0	933.38	0.0	1.0	1.0
r163	652.0	74.0	5.0	0.0	2.0	1.0	1.0	937.15	0.0	0.0	0.0
r296	651.0	28.0	7.0	0.0	2.0	1.0	0.0	823.96	0.0	0.0	1.0
r93	570.0	46.0	3.0	0.0	2.0	0.0	0.0	820.46	0.0	0.0	0.0
r2861	730.0	29.0	2.0	0.0	2.0	1.0	0.0	14174.09	0.0	1.0	1.0
r4909	707.0	40.0	1.0	0.0	2.0	1.0	0.0	14090.4	0.0	0.0	1.0
r4674	705.0	37.0	10.0	0.0	2.0	1.0	1.0	13935.53	0.0	0.0	0.0
r2523	695.0	31.0	5.0	0.0	2.0	0.0	1.0	13998.88	0.0	1.0	0.0
r2520	651.0	36.0	7.0	0.0	2.0	1.0	0.0	13898.31	0.0	0.0	1.0
r3832	618.0	48.0	7.0	0.0	1.0	1.0	0.0	13921.82	0.0	0.0	1.0
r2086	646.0	30.0	5.0	0.0	2.0	1.0	0.0	13935.32	0.0	0.0	0.0
r4073	534.0	49.0	7.0	0.0	1.0	1.0	0.0	13566.48	0.0	0.0	0.0
r4549	592.0	60.0	9.0	0.0	4.0	1.0	1.0	13614.01	0.0	0.0	1.0
r1561	645.0	37.0	7.0	0.0	2.0	1.0	0.0	13589.93	0.0	1.0	0.0
r2835	549.0	24.0	9.0	0.0	2.0	1.0	1.0	14406.41	0.0	1.0	0.0
r2799	617.0	41.0	7.0	0.0	2.0	0.0	1.0	14496.67	0.0	0.0	1.0
r2747	741.0	38.0	9.0	0.0	2.0	1.0	0.0	14379.01	0.0	0.0	1.0
r3126	790.0	46.0	9.0	0.0	1.0	0.0	0.0	14679.81	0.0	1.0	0.0
r812	601.0	28.0	6.0	0.0	2.0	1.0	0.0	14665.28	0.0	1.0	1.0
r2705	509.0	31.0	3.0	0.0	2.0	1.0	0.0	15360.91	0.0	0.0	1.0
r1025	629.0	32.0	3.0	0.0	2.0	1.0	1.0	15404.64	0.0	1.0	1.0
r686	649.0	31.0	2.0	0.0	2.0	1.0	0.0	15200.61	0.0	0.0	0.0
r1674	561.0	49.0	8.0	0.0	2.0	1.0	1.0	12513.07	0.0	0.0	0.0
r482	517.0	39.0	3.0	0.0	2.0	0.0	1.0	12465.51	0.0	1.0	1.0
r388	412.0	29.0	5.0	0.0	2.0	0.0	0.0	12510.53	0.0	0.0	1.0
r4367	637.0	43.0	8.0	0.0	1.0	1.0	0.0	12156.93	0.0	1.0	1.0
r3823	672.0	50.0	1.0	0.0	1.0	1.0	0.0	12106.82	0.0	0.0	0.0
r3507	645.0	36.0	8.0	0.0	2.0	1.0	1.0	12096.61	0.0	0.0	0.0
r4701	535.0	58.0	1.0	0.0	2.0	1.0	1.0	11779.98	0.0	1.0	1.0
r239	604.0	41.0	3.0	0.0	1.0	0.0	0.0	11819.84	0.0	1.0	1.0
r4757	765.0	56.0	1.0	0.0	1.0	1.0	0.0	13228.93	0.0	0.0	0.0
r3735	788.0	55.0	3.0	0.0	1.0	0.0	1.0	13288.46	0.0	0.0	1.0
r3533	598.0	64.0	9.0	0.0	1.0	0.0	1.0	13181.37	0.0	0.0	0.0
r2412	599.0	36.0	4.0	0.0	2.0	0.0	0.0	13210.56	0.0	1.0	1.0
r3745	742.0	60.0	4.0	0.0	1.0	1.0	1.0	13161.66	0.0	0.0	0.0
r1970	740.0	36.0	7.0	0.0	1.0	1.0	1.0	13177.4	0.0	0.0	1.0
r2793	678.0	41.0	9.0	0.0	1.0	0.0	0.0	13160.03	0.0	0.0	0.0
r1938	660.0	35.0	7.0	0.0	2.0	1.0	0.0	13218.6	0.0	0.0	1.0
r634	678.0	27.0	2.0	0.0	2.0	1.0	1.0	13221.25	0.0	1.0	1.0
r4616	592.0	38.0	3.0	0.0	1.0	1.0	1.0	12905.89	0.0	1.0	1.0
r4136	616.0	36.0	6.0	0.0	1.0	1.0	1.0	12916.32	0.0	1.0	0.0
r3656	690.0	54.0	5.0	0.0	1.0	1.0	0.0	12847.61	0.0	0.0	1.0
r1466	747.0	27.0	10.0	0.0	2.0	0.0	0.0	13007.89	0.0	0.0	1.0
r225	617.0	35.0	5.0	0.0	2.0	0.0	1.0	13066.3	0.0	0.0	0.0
r1661	422.0	54.0	4.0	0.0	2.0	1.0	1.0	7166.71	0.0	1.0	0.0
r4376	600.0	37.0	4.0	0.0	3.0	1.0	0.0	7312.25	0.0	0.0	0.0
r510	653.0	43.0	6.0	0.0	2.0	1.0	1.0	7330.59	0.0	0.0	0.0
r2775	508.0	64.0	2.0	0.0	1.0	1.0	1.0	6076.62	0.0	0.0	0.0
r4220	633.0	47.0	0.0	0.0	1.0	1.0	1.0	6342.84	0.0	0.0	0.0
r1527	704.0	39.0	5.0	0.0	1.0	1.0	0.0	6416.92	0.0	0.0	1.0
r1216	620.0	42.0	4.0	0.0	2.0	1.0	0.0	6232.31	0.0	0.0	1.0
r2936	578.0	28.0	4.0	0.0	2.0	0.0	0.0	6947.09	0.0	1.0	1.0
r2664	695.0	29.0	5.0	0.0	2.0	1.0	1.0	6770.44	0.0	0.0	1.0
r2814	784.0	23.0	2.0	0.0	1.0	1.0	1.0	6847.73	0.0	1.0	1.0
r1303	714.0	44.0	7.0	0.0	1.0	0.0	1.0	6923.11	0.0	1.0	1.0
r1762	523.0	39.0	3.0	0.0	2.0	1.0	0.0	6726.53	0.0	0.0	1.0
r4341	562.0	57.0	3.0	0.0	3.0	1.0	0.0	6554.97	0.0	0.0	0.0
r476	630.0	26.0	7.0	0.0	2.0	1.0	1.0	6656.64	0.0	1.0	1.0
r424	413.0	34.0	9.0	0.0	2.0	0.0	0.0	6534.18	0.0	0.0	1.0
r3011	850.0	33.0	10.0	0.0	1.0	1.0	0.0	4861.72	0.0	0.0	1.0
r2742	625.0	44.0	7.0	0.0	1.0	1.0	0.0	4791.8	0.0	0.0	0.0
r2562	755.0	29.0	3.0	0.0	3.0	1.0	0.0	4733.94	0.0	0.0	0.0
r1862	721.0	54.0	5.0	0.0	2.0	1.0	1.0	4493.12	0.0	0.0	1.0
r2011	593.0	40.0	2.0	0.0	1.0	1.0	1.0	5194.95	0.0	1.0	0.0
r2803	657.0	28.0	7.0	0.0	2.0	0.0	1.0	5177.62	0.0	0.0	0.0
r427	648.0	31.0	5.0	0.0	2.0	1.0	1.0	5199.02	0.0	1.0	0.0
r294	594.0	31.0	9.0	0.0	1.0	0.0	1.0	5719.11	0.0	0.0	0.0
r3847	792.0	47.0	0.0	0.0	1.0	1.0	1.0	5557.88	0.0	1.0	1.0
r4412	594.0	53.0	4.0	0.0	1.0	1.0	0.0	5408.74	0.0	0.0	0.0
r4062	547.0	44.0	5.0	0.0	3.0	0.0	0.0	5459.07	0.0	1.0	0.0
r4923	623.0	46.0	4.0	0.0	1.0	1.0	0.0	5549.11	0.0	1.0	1.0
r97	614.0	51.0	3.0	0.0	2.0	1.0	1.0	5552.37	0.0	0.0	1.0
r2371	670.0	68.0	4.0	0.0	2.0	1.0	1.0	11426.7	0.0	0.0	1.0
r2288	694.0	22.0	4.0	0.0	2.0	1.0	1.0	11525.72	0.0	0.0	0.0
r3023	756.0	62.0	3.0	0.0	1.0	1.0	1.0	11199.04	0.0	0.0	1.0
r895	850.0	33.0	3.0	0.0	2.0	1.0	1.0	11159.19	0.0	0.0	0.0
r2691	744.0	39.0	6.0	0.0	1.0	0.0	0.0	10662.58	0.0	0.0	0.0
r2446	719.0	50.0	2.0	0.0	2.0	0.0	0.0	10772.13	0.0	1.0	1.0
r2043	577.0	39.0	10.0	0.0	2.0	1.0	0.0	10553.31	0.0	0.0	0.0
r2925	529.0	31.0	6.0	0.0	1.0	1.0	0.0	10625.91	0.0	1.0	1.0
r1499	607.0	32.0	7.0	0.0	3.0	0.0	1.0	10674.62	0.0	1.0	0.0
r640	592.0	37.0	9.0	0.0	3.0	1.0	1.0	10656.89	0.0	1.0	1.0
r4533	608.0	28.0	4.0	0.0	2.0	1.0	0.0	10899.63	0.0	1.0	0.0
r3305	617.0	28.0	0.0	0.0	2.0	1.0	1.0	7597.83	0.0	0.0	0.0
r1986	657.0	37.0	2.0	0.0	2.0	1.0	1.0	7667.48	0.0	0.0	0.0
r2270	564.0	27.0	6.0	0.0	1.0	0.0	0.0	7819.76	0.0	0.0	0.0
r2869	677.0	36.0	4.0	0.0	2.0	1.0	0.0	7824.31	0.0	0.0	1.0
r1719	705.0	32.0	7.0	0.0	2.0	1.0	0.0	7921.57	0.0	0.0	1.0
r2047	678.0	50.0	6.0	0.0	1.0	1.0	0.0	8199.5	0.0	0.0	0.0
r1507	634.0	25.0	9.0	0.0	2.0	1.0	1.0	8227.91	0.0	1.0	1.0
r2337	838.0	31.0	2.0	0.0	2.0	1.0	0.0	8222.96	0.0	0.0	1.0
r2133	776.0	37.0	2.0	0.0	1.0	0.0	1.0	8065.0	0.0	0.0	1.0
r486	818.0	36.0	4.0	0.0	2.0	1.0	1.0	8037.03	0.0	0.0	1.0
r3002	804.0	50.0	4.0	0.0	1.0	1.0	1.0	8546.87	0.0	0.0	0.0
r760	669.0	46.0	3.0	0.0	2.0	0.0	1.0	8487.75	0.0	0.0	1.0
r2989	549.0	52.0	1.0	0.0	1.0	0.0	1.0	8636.05	0.0	0.0	0.0
r1550	574.0	36.0	3.0	0.0	2.0	1.0	1.0	8559.66	0.0	1.0	1.0
r657	567.0	36.0	1.0	0.0	2.0	0.0	0.0	8555.73	0.0	0.0	1.0
r2290	672.0	28.0	6.0	0.0	1.0	0.0	1.0	8814.69	0.0	0.0	0.0
r460	588.0	32.0	1.0	0.0	2.0	1.0	1.0	8763.87	0.0	0.0	1.0
r3448	545.0	55.0	5.0	0.0	1.0	0.0	0.0	10034.77	0.0	0.0	0.0
r813	612.0	38.0	1.0	0.0	2.0	1.0	1.0	9209.21	0.0	0.0	0.0
r286	703.0	43.0	8.0	0.0	2.0	1.0	0.0	9704.66	0.0	0.0	1.0
r86	754.0	35.0	4.0	0.0	2.0	1.0	1.0	9658.41	0.0	1.0	1.0
r1847	710.0	75.0	5.0	0.0	2.0	1.0	1.0	9376.89	0.0	1.0	0.0
r2563	589.0	32.0	2.0	0.0	2.0	0.0	1.0	9468.64	0.0	0.0	1.0
r2377	534.0	35.0	4.0	0.0	2.0	0.0	0.0	9541.15	0.0	1.0	1.0
r66	648.0	38.0	2.0	0.0	2.0	0.0	1.0	9551.49	0.0	0.0	0.0
r2158	579.0	37.0	4.0	0.0	2.0	1.0	1.0	32246.63	0.0	1.0	1.0
r4633	626.0	52.0	0.0	0.0	2.0	1.0	0.0	32159.46	0.0	0.0	0.0
r4839	686.0	47.0	6.0	0.0	1.0	1.0	0.0	32080.69	0.0	1.0	0.0
r4140	747.0	41.0	9.0	0.0	1.0	1.0	0.0	32430.94	0.0	1.0	1.0
r969	620.0	22.0	0.0	0.0	1.0	1.0	0.0	32589.45	0.0	0.0	1.0
r3733	845.0	52.0	0.0	0.0	1.0	1.0	0.0	31726.76	0.0	1.0	0.0
r4595	620.0	61.0	5.0	0.0	1.0	0.0	0.0	31641.52	0.0	0.0	1.0
r1050	586.0	32.0	1.0	0.0	2.0	0.0	0.0	31635.99	0.0	0.0	1.0
r3506	524.0	50.0	4.0	0.0	2.0	1.0	1.0	31840.59	0.0	0.0	1.0
r2441	548.0	33.0	6.0	0.0	1.0	1.0	1.0	31728.35	0.0	1.0	1.0
r908	506.0	41.0	1.0	0.0	2.0	1.0	0.0	31766.3	0.0	0.0	0.0
r4276	729.0	28.0	0.0	0.0	2.0	1.0	1.0	31165.06	0.0	1.0	0.0
r2119	850.0	20.0	7.0	0.0	2.0	1.0	0.0	31288.77	0.0	0.0	1.0
r610	763.0	35.0	9.0	0.0	1.0	1.0	1.0	31372.91	0.0	0.0	1.0
r3130	553.0	48.0	3.0	0.0	1.0	0.0	1.0	30730.95	0.0	1.0	0.0
r4775	634.0	63.0	10.0	0.0	2.0	1.0	0.0	30772.86	0.0	1.0	1.0
r1338	532.0	38.0	9.0	0.0	2.0	0.0	0.0	30583.95	0.0	0.0	1.0
r1867	599.0	27.0	5.0	0.0	2.0	1.0	0.0	30546.4	0.0	0.0	1.0
r164	601.0	44.0	3.0	0.0	2.0	1.0	0.0	30607.11	0.0	0.0	1.0
r2498	575.0	37.0	0.0	0.0	2.0	0.0	0.0	30114.32	0.0	1.0	0.0
r4981	751.0	48.0	4.0	0.0	1.0	0.0	1.0	30165.06	0.0	0.0	0.0
r2037	699.0	47.0	1.0	0.0	2.0	0.0	1.0	30117.44	0.0	1.0	1.0
r549	743.0	71.0	0.0	0.0	2.0	0.0	1.0	29837.65	0.0	0.0	1.0
r136	581.0	41.0	8.0	0.0	2.0	0.0	0.0	29737.14	0.0	0.0	1.0
r4124	771.0	56.0	2.0	0.0	1.0	1.0	1.0	25222.6	0.0	1.0	0.0
r2025	760.0	57.0	1.0	0.0	2.0	1.0	1.0	25101.17	0.0	1.0	0.0
r1933	805.0	26.0	2.0	0.0	2.0	1.0	1.0	25042.1	0.0	1.0	1.0
r3181	731.0	52.0	10.0	0.0	1.0	1.0	1.0	24998.75	0.0	0.0	0.0
r728	773.0	41.0	4.0	0.0	2.0	1.0	1.0	24924.92	0.0	0.0	1.0
r2107	704.0	37.0	4.0	0.0	2.0	0.0	0.0	25684.93	0.0	1.0	1.0
r1937	616.0	34.0	10.0	0.0	2.0	1.0	0.0	25662.27	0.0	0.0	1.0
r3923	688.0	35.0	6.0	0.0	1.0	1.0	0.0	25488.43	0.0	1.0	0.0
r946	611.0	28.0	2.0	0.0	2.0	0.0	0.0	25395.83	0.0	0.0	1.0
r2531	538.0	40.0	8.0	0.0	2.0	1.0	1.0	25554.4	0.0	1.0	1.0
r429	537.0	47.0	10.0	0.0	2.0	0.0	1.0	25482.62	0.0	0.0	1.0
r4672	770.0	33.0	4.0	0.0	1.0	1.0	0.0	26080.54	0.0	0.0	0.0
r3520	850.0	49.0	8.0	0.0	1.0	0.0	0.0	25867.67	0.0	1.0	1.0
r635	779.0	42.0	5.0	0.0	2.0	0.0	0.0	25951.91	0.0	0.0	0.0
r3791	567.0	59.0	3.0	0.0	2.0	1.0	0.0	25843.7	0.0	0.0	1.0
r149	543.0	36.0	3.0	0.0	2.0	0.0	0.0	26019.59	0.0	0.0	0.0
r1603	476.0	34.0	10.0	0.0	2.0	1.0	0.0	26260.98	0.0	0.0	0.0
r874	579.0	31.0	6.0	0.0	2.0	1.0	0.0	26149.25	0.0	0.0	1.0
r4181	594.0	56.0	7.0	0.0	1.0	1.0	0.0	26215.85	0.0	0.0	0.0
r335	550.0	44.0	9.0	0.0	2.0	1.0	0.0	26257.01	0.0	0.0	1.0
r96	701.0	21.0	9.0	0.0	2.0	1.0	1.0	26327.42	0.0	1.0	0.0
r3241	743.0	40.0	6.0	0.0	1.0	1.0	0.0	28280.8	0.0	0.0	0.0
r3132	773.0	41.0	5.0	0.0	1.0	1.0	0.0	28266.9	0.0	1.0	0.0
r3393	719.0	42.0	4.0	0.0	1.0	1.0	0.0	28465.86	0.0	0.0	0.0
r1950	816.0	31.0	8.0	0.0	2.0	1.0	1.0	28407.4	0.0	0.0	1.0
r2629	850.0	30.0	2.0	0.0	2.0	0.0	1.0	27937.12	0.0	1.0	1.0
r3834	637.0	63.0	5.0	0.0	1.0	1.0	0.0	28092.77	0.0	0.0	0.0
r1146	571.0	53.0	2.0	0.0	2.0	1.0	0.0	28045.77	0.0	0.0	0.0
r2521	645.0	21.0	1.0	0.0	2.0	0.0	0.0	28726.07	0.0	1.0	0.0
r2470	645.0	41.0	7.0	0.0	1.0	0.0	1.0	28667.56	0.0	0.0	1.0
r3010	592.0	54.0	8.0	0.0	1.0	1.0	1.0	28737.71	0.0	0.0	1.0
r1621	567.0	37.0	7.0	0.0	2.0	1.0	1.0	28690.9	0.0	0.0	0.0
r535	675.0	35.0	8.0	0.0	2.0	1.0	0.0	29062.25	0.0	1.0	1.0
r3978	663.0	22.0	9.0	0.0	1.0	1.0	0.0	29135.89	0.0	1.0	0.0
r426	618.0	31.0	4.0	0.0	2.0	1.0	0.0	29176.04	0.0	0.0	0.0
r1133	535.0	40.0	8.0	0.0	1.0	1.0	1.0	27689.77	0.0	0.0	0.0
r3653	688.0	33.0	2.0	0.0	1.0	0.0	0.0	27557.18	0.0	1.0	0.0
r4903	718.0	41.0	1.0	0.0	2.0	0.0	1.0	27509.52	0.0	0.0	0.0
r1595	740.0	37.0	5.0	0.0	2.0	1.0	1.0	27528.4	0.0	0.0	0.0
r2904	501.0	34.0	5.0	0.0	1.0	1.0	0.0	27380.99	0.0	0.0	0.0
r1256	670.0	29.0	9.0	0.0	2.0	1.0	0.0	27359.19	0.0	1.0	0.0
r876	616.0	18.0	6.0	0.0	2.0	1.0	1.0	27308.58	0.0	0.0	1.0
r1375	536.0	39.0	4.0	0.0	2.0	1.0	0.0	27150.35	0.0	0.0	1.0
r3902	615.0	36.0	6.0	0.0	1.0	1.0	1.0	27011.8	0.0	0.0	1.0
r855	694.0	30.0	9.0	0.0	2.0	1.0	1.0	26960.31	0.0	0.0	0.0
r2880	529.0	31.0	5.0	0.0	2.0	1.0	0.0	26817.23	0.0	0.0	0.0
r1971	552.0	45.0	9.0	0.0	2.0	1.0	0.0	26752.56	0.0	1.0	1.0
r1948	693.0	45.0	4.0	0.0	2.0	1.0	1.0	26589.56	0.0	1.0	0.0
r62	726.0	44.0	2.0	0.0	2.0	1.0	1.0	26733.86	0.0	0.0	0.0
r2827	790.0	26.0	5.0	0.0	1.0	1.0	0.0	20510.79	0.0	0.0	1.0
r3472	614.0	40.0	6.0	0.0	1.0	1.0	1.0	20339.79	0.0	0.0	1.0
r1720	546.0	20.0	6.0	0.0	1.0	0.0	1.0	20508.85	0.0	0.0	0.0
r2943	769.0	39.0	8.0	0.0	1.0	0.0	1.0	21016.0	0.0	0.0	0.0
r2805	744.0	38.0	9.0	0.0	2.0	0.0	0.0	20940.76	0.0	0.0	0.0
r4053	559.0	46.0	5.0	0.0	1.0	1.0	0.0	21006.1	0.0	0.0	0.0
r1225	534.0	51.0	3.0	0.0	2.0	0.0	1.0	20856.31	0.0	1.0	1.0
r3645	527.0	47.0	1.0	0.0	1.0	1.0	0.0	21312.16	0.0	0.0	1.0
r1224	503.0	31.0	4.0	0.0	2.0	1.0	1.0	21645.06	0.0	1.0	1.0
r1481	609.0	37.0	6.0	0.0	2.0	0.0	1.0	22030.72	0.0	0.0	1.0
r479	805.0	37.0	5.0	0.0	2.0	1.0	0.0	21928.81	0.0	1.0	1.0
r2554	794.0	30.0	8.0	0.0	2.0	1.0	1.0	24113.91	0.0	0.0	1.0
r2864	701.0	42.0	5.0	0.0	2.0	0.0	0.0	24210.56	0.0	1.0	0.0
r1047	641.0	32.0	7.0	0.0	2.0	1.0	1.0	24267.28	0.0	1.0	1.0
r3642	611.0	35.0	10.0	0.0	1.0	1.0	1.0	23598.23	0.0	0.0	1.0
r2779	679.0	48.0	8.0	0.0	2.0	1.0	0.0	23344.94	0.0	0.0	1.0
r2169	671.0	34.0	10.0	0.0	1.0	1.0	0.0	23235.38	0.0	1.0	0.0
r1190	636.0	35.0	2.0	0.0	2.0	1.0	1.0	23129.46	0.0	0.0	0.0
r2416	850.0	29.0	7.0	0.0	2.0	1.0	0.0	23237.25	0.0	1.0	0.0
r1000	808.0	25.0	7.0	0.0	2.0	0.0	1.0	23180.37	0.0	1.0	1.0
r3959	757.0	51.0	1.0	0.0	1.0	1.0	1.0	22835.13	0.0	0.0	0.0
r2632	672.0	34.0	6.0	0.0	1.0	0.0	0.0	22736.06	0.0	0.0	1.0
r1307	476.0	40.0	6.0	0.0	1.0	1.0	1.0	22735.45	0.0	0.0	1.0
r3152	609.0	61.0	1.0	0.0	1.0	1.0	0.0	22447.85	0.0	1.0	1.0
r1202	471.0	28.0	5.0	0.0	2.0	1.0	1.0	22356.97	0.0	1.0	0.0
r1182	494.0	27.0	2.0	0.0	2.0	1.0	0.0	22404.64	0.0	1.0	1.0
r443	731.0	41.0	4.0	0.0	2.0	1.0	0.0	22299.27	0.0	1.0	1.0
r2274	587.0	36.0	1.0	0.0	2.0	0.0	1.0	17135.6	0.0	0.0	1.0
r2217	751.0	31.0	8.0	0.0	2.0	0.0	0.0	17550.49	0.0	0.0	1.0
r3659	629.0	31.0	6.0	0.0	1.0	1.0	1.0	16447.6	0.0	0.0	0.0
r2094	746.0	36.0	2.0	0.0	2.0	1.0	1.0	16436.56	0.0	1.0	1.0
r3175	807.0	42.0	1.0	0.0	1.0	1.0	0.0	16500.66	0.0	1.0	0.0
r1737	850.0	38.0	5.0	0.0	2.0	1.0	0.0	16491.64	0.0	0.0	1.0
r2342	750.0	37.0	3.0	0.0	2.0	1.0	0.0	16870.2	0.0	0.0	1.0
r1267	709.0	37.0	9.0	0.0	2.0	1.0	0.0	16733.59	0.0	0.0	0.0
r1702	663.0	64.0	6.0	0.0	2.0	0.0	1.0	15876.52	0.0	1.0	1.0
r992	671.0	31.0	6.0	0.0	2.0	1.0	1.0	15846.42	0.0	0.0	0.0
r778	424.0	34.0	7.0	0.0	1.0	1.0	1.0	16250.61	0.0	1.0	1.0
r2768	479.0	26.0	1.0	0.0	2.0	1.0	1.0	19116.97	0.0	0.0	0.0
r4619	835.0	23.0	9.0	0.0	1.0	1.0	0.0	19793.73	0.0	0.0	1.0
r2618	563.0	32.0	6.0	0.0	2.0	1.0	1.0	19720.08	0.0	1.0	1.0
r1379	584.0	28.0	10.0	0.0	2.0	1.0	0.0	19834.32	0.0	0.0	1.0
r623	677.0	27.0	2.0	0.0	2.0	1.0	1.0	20092.89	0.0	0.0	1.0
r3903	635.0	32.0	8.0	0.0	2.0	1.0	1.0	19367.98	0.0	1.0	0.0
r3182	594.0	57.0	6.0	0.0	1.0	1.0	0.0	19376.56	0.0	0.0	1.0
r1083	648.0	42.0	4.0	0.0	2.0	1.0	0.0	19283.14	0.0	0.0	1.0
r1609	634.0	35.0	3.0	0.0	2.0	1.0	1.0	19515.48	0.0	1.0	1.0
r2648	710.0	30.0	10.0	0.0	2.0	1.0	0.0	19500.1	0.0	1.0	0.0
r893	763.0	39.0	7.0	0.0	2.0	1.0	0.0	19458.75	0.0	1.0	0.0
r3640	850.0	42.0	8.0	0.0	1.0	1.0	0.0	19632.64	0.0	0.0	0.0
r4351	745.0	36.0	9.0	0.0	1.0	1.0	0.0	19605.18	0.0	0.0	0.0
r300	727.0	28.0	5.0	0.0	2.0	0.0	1.0	19653.08	0.0	0.0	1.0
r3141	749.0	60.0	6.0	0.0	1.0	1.0	0.0	17978.68	0.0	0.0	0.0
r2996	706.0	57.0	7.0	0.0	1.0	1.0	0.0	17941.16	0.0	1.0	1.0
r2893	755.0	43.0	9.0	0.0	2.0	1.0	0.0	18066.69	0.0	0.0	0.0
r4493	619.0	48.0	4.0	0.0	1.0	0.0	0.0	18094.96	0.0	0.0	0.0
r1899	692.0	30.0	7.0	0.0	2.0	1.0	1.0	18826.34	0.0	0.0	0.0
r4889	561.0	43.0	4.0	0.0	4.0	0.0	0.0	18522.91	0.0	0.0	1.0
r541	585.0	42.0	2.0	0.0	2.0	1.0	1.0	18657.77	0.0	0.0	1.0
r516	645.0	55.0	7.0	0.0	2.0	1.0	1.0	18369.33	0.0	0.0	0.0
r2615	806.0	25.0	7.0	0.0	2.0	1.0	0.0	18461.9	0.0	1.0	1.0
r36	772.0	23.0	2.0	0.0	2.0	1.0	0.0	18364.19	0.0	0.0	1.0
r3383	655.0	59.0	7.0	0.0	1.0	1.0	0.0	88958.49	0.0	0.0	0.0
r3017	668.0	46.0	2.0	0.0	3.0	1.0	0.0	89048.46	0.0	0.0	0.0
r2541	640.0	46.0	8.0	0.0	2.0	1.0	0.0	89043.19	0.0	1.0	0.0
r1229	475.0	57.0	1.0	0.0	2.0	1.0	0.0	89248.99	0.0	0.0	0.0
r1204	550.0	30.0	4.0	0.0	2.0	1.0	0.0	89216.29	0.0	0.0	0.0
r4617	698.0	50.0	1.0	0.0	4.0	1.0	0.0	88566.9	0.0	1.0	0.0
r4539	706.0	53.0	3.0	0.0	3.0	0.0	0.0	88479.02	0.0	1.0	0.0
r2530	661.0	41.0	5.0	0.0	1.0	0.0	1.0	88279.6	0.0	0.0	1.0
r924	624.0	44.0	3.0	0.0	2.0	1.0	0.0	88407.51	0.0	0.0	1.0
r907	620.0	41.0	9.0	0.0	2.0	0.0	0.0	88852.47	0.0	0.0	0.0
r2176	746.0	25.0	9.0	0.0	2.0	0.0	1.0	88728.47	0.0	0.0	1.0
r1812	764.0	24.0	0.0	0.0	2.0	1.0	0.0	88724.49	0.0	0.0	0.0
r1533	642.0	32.0	3.0	0.0	2.0	1.0	1.0	88698.83	0.0	0.0	1.0
r770	666.0	27.0	4.0	0.0	2.0	0.0	0.0	88751.45	0.0	0.0	0.0
r1676	741.0	36.0	3.0	0.0	2.0	1.0	1.0	89804.83	0.0	0.0	0.0
r1905	565.0	49.0	7.0	0.0	2.0	1.0	1.0	89609.26	0.0	0.0	1.0
r712	754.0	32.0	7.0	0.0	2.0	1.0	0.0	89520.75	0.0	1.0	0.0
r1642	655.0	60.0	3.0	0.0	2.0	1.0	1.0	86981.45	0.0	0.0	0.0
r1542	557.0	42.0	4.0	0.0	2.0	0.0	1.0	86642.38	0.0	1.0	1.0
r2124	740.0	31.0	8.0	0.0	2.0	0.0	0.0	86657.48	0.0	1.0	0.0
r1022	714.0	72.0	3.0	0.0	1.0	1.0	1.0	86733.61	0.0	0.0	0.0
r3075	504.0	49.0	7.0	0.0	3.0	0.0	1.0	87822.14	0.0	0.0	0.0
r1920	697.0	25.0	1.0	0.0	2.0	0.0	0.0	87803.32	0.0	0.0	0.0
r1715	624.0	35.0	2.0	0.0	2.0	1.0	0.0	87310.59	0.0	1.0	1.0
r2759	672.0	39.0	2.0	0.0	2.0	1.0	0.0	87372.49	0.0	0.0	1.0
r2795	697.0	48.0	1.0	0.0	2.0	1.0	1.0	87400.53	0.0	0.0	0.0
r434	665.0	38.0	9.0	0.0	1.0	0.0	1.0	87412.74	0.0	1.0	1.0
r4664	478.0	50.0	2.0	0.0	1.0	0.0	1.0	93332.64	0.0	0.0	0.0
r2981	646.0	46.0	4.0	0.0	3.0	1.0	0.0	93251.42	0.0	0.0	0.0
r2881	659.0	32.0	9.0	0.0	2.0	1.0	1.0	93155.75	0.0	0.0	0.0
r1415	641.0	35.0	5.0	0.0	2.0	1.0	0.0	93148.93	0.0	0.0	1.0
r1395	555.0	26.0	7.0	0.0	2.0	1.0	0.0	93122.41	0.0	0.0	0.0
r2395	691.0	24.0	6.0	0.0	2.0	1.0	1.0	92811.2	0.0	0.0	1.0
r2807	716.0	33.0	2.0	0.0	2.0	1.0	1.0	92916.53	0.0	1.0	1.0
r1881	699.0	27.0	1.0	0.0	2.0	1.0	0.0	93003.21	0.0	0.0	1.0
r2789	786.0	35.0	3.0	0.0	2.0	1.0	0.0	92712.97	0.0	0.0	1.0
r2360	776.0	31.0	5.0	0.0	2.0	1.0	0.0	92647.94	0.0	0.0	0.0
r4467	588.0	36.0	2.0	0.0	2.0	1.0	0.0	92536.0	0.0	0.0	0.0
r400	617.0	30.0	8.0	0.0	1.0	1.0	1.0	92621.9	0.0	0.0	0.0
r3632	815.0	56.0	3.0	0.0	3.0	1.0	1.0	94248.16	0.0	0.0	0.0
r786	743.0	39.0	8.0	0.0	1.0	1.0	0.0	94263.44	0.0	0.0	0.0
r191	707.0	35.0	2.0	0.0	3.0	1.0	1.0	94148.3	0.0	0.0	1.0
r3725	608.0	50.0	6.0	0.0	1.0	1.0	0.0	93568.77	0.0	0.0	1.0
r2454	725.0	44.0	10.0	0.0	1.0	0.0	1.0	93777.61	0.0	0.0	0.0
r3756	722.0	46.0	6.0	0.0	1.0	1.0	1.0	93917.68	0.0	0.0	1.0
r3956	590.0	54.0	4.0	0.0	2.0	1.0	1.0	93820.49	0.0	0.0	0.0
r52	629.0	31.0	6.0	0.0	2.0	1.0	0.0	93881.75	0.0	0.0	1.0
r1984	663.0	33.0	9.0	0.0	2.0	0.0	0.0	91514.62	0.0	1.0	1.0
r3559	688.0	51.0	5.0	0.0	1.0	1.0	0.0	91624.11	0.0	0.0	0.0
r1600	672.0	47.0	1.0	0.0	1.0	0.0	0.0	91574.92	0.0	0.0	1.0
r4042	726.0	29.0	7.0	0.0	2.0	1.0	1.0	91844.14	0.0	0.0	1.0
r3869	692.0	31.0	2.0	0.0	2.0	1.0	0.0	91829.17	0.0	0.0	0.0
r4278	627.0	55.0	6.0	0.0	1.0	0.0	0.0	91943.94	0.0	1.0	0.0
r3695	682.0	42.0	0.0	0.0	1.0	0.0	1.0	91981.85	0.0	0.0	0.0
r3149	672.0	45.0	9.0	0.0	1.0	1.0	1.0	92027.69	0.0	0.0	0.0
r4097	735.0	38.0	1.0	0.0	3.0	0.0	0.0	92220.12	0.0	0.0	0.0
r3259	636.0	33.0	0.0	0.0	1.0	1.0	0.0	92277.47	0.0	1.0	0.0
r1870	647.0	40.0	9.0	0.0	2.0	0.0	1.0	92357.21	0.0	0.0	0.0
r2293	570.0	36.0	3.0	0.0	2.0	1.0	0.0	92118.75	0.0	0.0	0.0
r202	507.0	35.0	1.0	0.0	2.0	0.0	0.0	92131.54	0.0	0.0	0.0
r3860	753.0	46.0	8.0	0.0	3.0	1.0	0.0	90747.94	0.0	0.0	1.0
r2506	732.0	35.0	3.0	0.0	2.0	1.0	0.0	90876.95	0.0	0.0	0.0
r252	553.0	41.0	1.0	0.0	2.0	1.0	0.0	90607.31	0.0	0.0	1.0
r839	637.0	27.0	1.0	0.0	2.0	1.0	0.0	91291.2	0.0	0.0	1.0
r51	577.0	39.0	4.0	0.0	2.0	1.0	0.0	91366.42	0.0	1.0	0.0
r4083	649.0	32.0	1.0	0.0	1.0	0.0	1.0	91167.19	0.0	1.0	1.0
r2462	592.0	29.0	7.0	0.0	2.0	1.0	1.0	91196.67	0.0	0.0	1.0
r4807	641.0	52.0	4.0	0.0	1.0	1.0	0.0	90964.54	0.0	0.0	0.0
r1939	635.0	37.0	3.0	0.0	2.0	1.0	0.0	91086.73	0.0	1.0	0.0
r1876	647.0	28.0	8.0	0.0	2.0	1.0	1.0	91055.27	0.0	0.0	1.0
r47	597.0	19.0	2.0	0.0	2.0	1.0	1.0	91036.74	0.0	0.0	1.0
r4497	516.0	45.0	4.0	0.0	1.0	1.0	0.0	95273.73	0.0	0.0	0.0
r2916	448.0	25.0	2.0	0.0	2.0	0.0	0.0	95215.73	0.0	1.0	1.0
r1824	767.0	34.0	8.0	0.0	2.0	1.0	0.0	94767.77	0.0	0.0	0.0
r1726	850.0	29.0	10.0	0.0	2.0	1.0	1.0	94815.04	0.0	1.0	0.0
r3218	579.0	33.0	6.0	0.0	1.0	1.0	0.0	94993.04	0.0	1.0	1.0
r4900	593.0	27.0	10.0	0.0	3.0	0.0	0.0	94620.0	0.0	1.0	1.0
r2641	545.0	32.0	4.0	0.0	1.0	1.0	0.0	94739.2	0.0	1.0	0.0
r2607	507.0	29.0	6.0	0.0	2.0	0.0	1.0	94780.9	0.0	1.0	0.0
r1143	573.0	44.0	4.0	0.0	1.0	1.0	1.0	94862.93	0.0	1.0	0.0
r2491	599.0	41.0	1.0	0.0	2.0	1.0	0.0	96069.82	0.0	0.0	0.0
r2512	492.0	28.0	9.0	0.0	2.0	1.0	0.0	95957.09	0.0	0.0	0.0
r864	594.0	37.0	2.0	0.0	2.0	0.0	1.0	95864.5	0.0	0.0	1.0
r1097	801.0	42.0	6.0	0.0	2.0	1.0	1.0	95804.33	0.0	0.0	1.0
r4983	589.0	38.0	4.0	0.0	1.0	1.0	0.0	95483.48	0.0	0.0	1.0
r413	675.0	57.0	8.0	0.0	2.0	0.0	1.0	95463.29	0.0	0.0	0.0
r2198	680.0	34.0	9.0	0.0	2.0	1.0	1.0	95686.6	0.0	0.0	1.0
r2361	750.0	32.0	5.0	0.0	2.0	1.0	0.0	95611.47	0.0	0.0	0.0
r2089	694.0	39.0	3.0	0.0	1.0	1.0	1.0	95625.03	0.0	1.0	1.0
r297	575.0	31.0	6.0	0.0	2.0	1.0	1.0	95686.42	0.0	1.0	0.0
r1683	605.0	41.0	10.0	0.0	2.0	0.0	1.0	97213.09	0.0	0.0	1.0
r769	550.0	47.0	2.0	0.0	2.0	1.0	1.0	97057.28	0.0	0.0	1.0
r457	609.0	40.0	6.0	0.0	2.0	1.0	1.0	97416.34	0.0	0.0	1.0
r1954	628.0	45.0	9.0	0.0	2.0	1.0	1.0	96862.56	0.0	0.0	1.0
r212	738.0	36.0	5.0	0.0	2.0	1.0	1.0	96881.32	0.0	1.0	1.0
r4059	740.0	44.0	9.0	0.0	1.0	0.0	1.0	96528.0	0.0	0.0	1.0
r2676	653.0	27.0	9.0	0.0	2.0	1.0	0.0	96429.29	0.0	0.0	0.0
r1895	644.0	37.0	9.0	0.0	2.0	1.0	1.0	96442.86	0.0	1.0	1.0
r34	555.0	27.0	5.0	0.0	2.0	0.0	0.0	96398.51	0.0	1.0	1.0
r4705	719.0	44.0	4.0	0.0	1.0	0.0	0.0	84972.9	0.0	1.0	1.0
r4293	649.0	49.0	2.0	0.0	1.0	1.0	0.0	84863.85	0.0	1.0	0.0
r2183	561.0	32.0	5.0	0.0	2.0	1.0	0.0	84871.99	0.0	0.0	1.0
r4690	628.0	55.0	7.0	0.0	3.0	1.0	0.0	85890.75	0.0	1.0	0.0
r4892	771.0	57.0	4.0	0.0	1.0	0.0	0.0	85876.67	0.0	0.0	0.0
r2472	673.0	65.0	0.0	0.0	1.0	1.0	1.0	85733.33	0.0	0.0	1.0
r4581	703.0	56.0	9.0	0.0	1.0	0.0	0.0	85547.33	0.0	0.0	1.0
r3494	564.0	40.0	4.0	0.0	1.0	1.0	0.0	85455.62	0.0	0.0	1.0
r4361	656.0	48.0	9.0	0.0	2.0	1.0	1.0	85240.61	0.0	0.0	0.0
r4506	651.0	56.0	4.0	0.0	1.0	0.0	0.0	84383.22	0.0	0.0	0.0
r4792	500.0	50.0	5.0	0.0	4.0	1.0	1.0	83866.35	0.0	1.0	0.0
r2083	787.0	40.0	6.0	0.0	2.0	1.0	1.0	84151.98	0.0	0.0	0.0
r1208	790.0	31.0	9.0	0.0	2.0	1.0	0.0	84126.75	0.0	0.0	0.0
r3332	711.0	37.0	2.0	0.0	2.0	1.0	0.0	83978.86	0.0	1.0	1.0
r3842	625.0	57.0	7.0	0.0	1.0	0.0	0.0	84106.17	0.0	1.0	0.0
r1326	632.0	21.0	1.0	0.0	2.0	1.0	0.0	84008.66	0.0	0.0	0.0
r2653	582.0	29.0	0.0	0.0	1.0	1.0	1.0	84012.81	0.0	0.0	0.0
r641	577.0	34.0	2.0	0.0	2.0	1.0	1.0	84033.35	0.0	0.0	0.0
r2931	693.0	39.0	0.0	0.0	2.0	0.0	0.0	81901.6	0.0	1.0	0.0
r2488	709.0	62.0	3.0	0.0	2.0	1.0	1.0	82195.15	0.0	1.0	1.0
r2001	575.0	30.0	2.0	0.0	2.0	1.0	1.0	82222.86	0.0	1.0	1.0
r1975	634.0	35.0	10.0	0.0	1.0	1.0	0.0	82634.41	0.0	1.0	0.0
r2203	689.0	38.0	2.0	0.0	1.0	1.0	1.0	82709.8	0.0	1.0	1.0
r730	718.0	67.0	7.0	0.0	3.0	1.0	1.0	82782.08	0.0	0.0	0.0
r1840	744.0	29.0	1.0	0.0	1.0	0.0	0.0	82422.97	0.0	0.0	1.0
r2939	714.0	25.0	4.0	0.0	2.0	0.0	0.0	82500.84	0.0	0.0	0.0
r170	713.0	42.0	3.0	0.0	2.0	0.0	0.0	82565.01	0.0	0.0	0.0
r3979	737.0	54.0	9.0	0.0	1.0	1.0	0.0	83470.4	0.0	0.0	1.0
r3460	569.0	42.0	1.0	0.0	1.0	1.0	1.0	83629.6	0.0	1.0	0.0
r964	541.0	46.0	6.0	0.0	2.0	1.0	1.0	83456.67	0.0	0.0	1.0
r3704	453.0	42.0	5.0	0.0	3.0	1.0	0.0	83008.49	0.0	1.0	0.0
r817	427.0	40.0	8.0	0.0	2.0	1.0	1.0	82870.75	0.0	1.0	1.0
r3844	612.0	35.0	1.0	0.0	1.0	1.0	1.0	83256.26	0.0	1.0	1.0
r1991	626.0	39.0	0.0	0.0	2.0	1.0	1.0	83295.09	0.0	0.0	0.0
r2065	699.0	37.0	10.0	0.0	2.0	0.0	0.0	83263.04	0.0	0.0	1.0
r692	710.0	36.0	8.0	0.0	2.0	0.0	0.0	83206.19	0.0	1.0	0.0
r4235	627.0	44.0	5.0	0.0	2.0	1.0	0.0	82969.61	0.0	0.0	0.0
r3748	707.0	49.0	10.0	0.0	1.0	1.0	0.0	82967.97	0.0	0.0	0.0
r2040	758.0	33.0	7.0	0.0	2.0	0.0	0.0	82996.47	0.0	0.0	0.0
r1664	590.0	30.0	3.0	0.0	2.0	1.0	0.0	83090.35	0.0	1.0	1.0
r160	598.0	39.0	5.0	0.0	2.0	1.0	1.0	83103.46	0.0	1.0	0.0
r4177	676.0	49.0	1.0	0.0	1.0	1.0	0.0	79342.31	0.0	0.0	0.0
r3746	608.0	33.0	4.0	0.0	1.0	1.0	0.0	79304.38	0.0	0.0	0.0
r2415	671.0	31.0	4.0	0.0	2.0	0.0	1.0	79270.02	0.0	1.0	0.0
r1333	569.0	38.0	8.0	0.0	2.0	0.0	0.0	79618.79	0.0	1.0	1.0
r1167	697.0	23.0	10.0	0.0	2.0	1.0	1.0	79734.23	0.0	0.0	0.0
r4242	619.0	41.0	8.0	0.0	3.0	1.0	1.0	79866.73	0.0	1.0	0.0
r2524	644.0	38.0	3.0	0.0	2.0	1.0	1.0	79928.41	0.0	0.0	1.0
r985	589.0	38.0	2.0	0.0	1.0	1.0	0.0	79915.28	0.0	0.0	1.0
r568	850.0	38.0	1.0	0.0	2.0	1.0	1.0	80006.65	0.0	0.0	1.0
r2932	626.0	35.0	3.0	0.0	1.0	0.0	0.0	80190.36	0.0	0.0	0.0
r1688	618.0	40.0	8.0	0.0	2.0	1.0	0.0	80204.38	0.0	1.0	0.0
r3781	783.0	38.0	1.0	0.0	3.0	1.0	1.0	80178.54	0.0	1.0	1.0
r1392	749.0	36.0	7.0	0.0	2.0	0.0	0.0	80134.65	0.0	1.0	1.0
r838	714.0	34.0	10.0	0.0	2.0	1.0	1.0	80234.14	0.0	0.0	1.0
r4671	746.0	58.0	3.0	0.0	3.0	1.0	1.0	80344.96	0.0	0.0	1.0
r3630	675.0	49.0	0.0	0.0	1.0	1.0	1.0	80496.71	0.0	0.0	0.0
r1401	658.0	32.0	8.0	0.0	1.0	1.0	1.0	80410.68	0.0	0.0	1.0
r675	601.0	29.0	9.0	0.0	1.0	1.0	1.0	80393.27	0.0	0.0	1.0
r1372	506.0	32.0	3.0	0.0	1.0	1.0	1.0	80823.02	0.0	0.0	0.0
r1686	534.0	53.0	7.0	0.0	2.0	1.0	1.0	80619.17	0.0	0.0	0.0
r150	530.0	36.0	7.0	0.0	2.0	1.0	0.0	80619.09	0.0	1.0	0.0
r2547	850.0	35.0	5.0	0.0	1.0	1.0	1.0	80992.8	0.0	0.0	0.0
r2122	691.0	38.0	7.0	0.0	2.0	0.0	0.0	81617.4	0.0	0.0	1.0
r1296	751.0	42.0	4.0	0.0	2.0	1.0	1.0	81442.6	0.0	0.0	1.0
r446	709.0	38.0	5.0	0.0	2.0	1.0	1.0	81452.29	0.0	0.0	1.0
r4886	418.0	46.0	9.0	0.0	1.0	1.0	1.0	81014.5	0.0	0.0	0.0
r1756	499.0	39.0	6.0	0.0	2.0	1.0	1.0	81409.0	0.0	1.0	1.0
r3021	549.0	39.0	7.0	0.0	1.0	0.0	0.0	81259.25	0.0	1.0	0.0
r1958	597.0	61.0	5.0	0.0	2.0	1.0	1.0	81299.17	0.0	0.0	1.0
r161	581.0	34.0	1.0	0.0	2.0	0.0	1.0	81175.25	0.0	1.0	1.0
r83	455.0	43.0	6.0	0.0	1.0	1.0	1.0	81250.79	0.0	1.0	0.0
r3707	695.0	42.0	5.0	0.0	1.0	0.0	1.0	72172.13	0.0	0.0	0.0
r2130	711.0	81.0	6.0	0.0	2.0	1.0	1.0	72276.24	0.0	0.0	0.0
r2117	574.0	36.0	1.0	0.0	2.0	0.0	1.0	71709.12	0.0	1.0	1.0
r1728	709.0	37.0	8.0	0.0	3.0	1.0	0.0	71738.56	0.0	1.0	0.0
r1028	679.0	42.0	1.0	0.0	2.0	0.0	0.0	71823.15	0.0	0.0	1.0
r4833	685.0	33.0	1.0	0.0	3.0	0.0	1.0	70221.13	0.0	0.0	0.0
r1976	550.0	45.0	0.0	0.0	2.0	0.0	1.0	70399.71	0.0	1.0	1.0
r2960	597.0	66.0	3.0	0.0	1.0	1.0	1.0	70532.53	0.0	1.0	0.0
r3071	608.0	59.0	1.0	0.0	1.0	1.0	0.0	70649.64	0.0	0.0	1.0
r1882	635.0	24.0	4.0	0.0	2.0	1.0	1.0	70668.77	0.0	1.0	1.0
r2262	655.0	32.0	2.0	0.0	1.0	1.0	1.0	71047.51	0.0	0.0	0.0
r2157	668.0	72.0	2.0	0.0	2.0	1.0	1.0	70783.61	0.0	0.0	1.0
r2073	721.0	37.0	1.0	0.0	2.0	1.0	0.0	70810.8	0.0	0.0	0.0
r1170	606.0	40.0	5.0	0.0	2.0	1.0	1.0	70899.27	0.0	0.0	1.0
r3079	509.0	46.0	1.0	0.0	1.0	1.0	0.0	71244.59	0.0	0.0	0.0
r711	492.0	39.0	7.0	0.0	2.0	0.0	1.0	71323.23	0.0	0.0	1.0
r551	473.0	48.0	8.0	0.0	2.0	1.0	0.0	71139.8	0.0	1.0	1.0
r3803	685.0	40.0	7.0	0.0	1.0	1.0	0.0	72852.74	0.0	0.0	0.0
r2621	571.0	40.0	5.0	0.0	2.0	0.0	0.0	72849.29	0.0	0.0	1.0
r2483	710.0	33.0	2.0	0.0	2.0	1.0	0.0	72945.32	0.0	0.0	0.0
r2056	662.0	26.0	0.0	0.0	2.0	0.0	1.0	72929.96	0.0	0.0	1.0
r1853	704.0	33.0	3.0	0.0	2.0	1.0	0.0	73018.74	0.0	1.0	1.0
r1640	582.0	33.0	6.0	0.0	2.0	0.0	1.0	72970.93	0.0	1.0	1.0
r3582	533.0	39.0	2.0	0.0	1.0	0.0	1.0	73669.94	0.0	0.0	0.0
r4693	434.0	55.0	6.0	0.0	1.0	0.0	1.0	73562.05	0.0	1.0	1.0
r3248	611.0	52.0	7.0	0.0	1.0	0.0	1.0	73585.18	0.0	1.0	1.0
r2451	683.0	33.0	8.0	0.0	1.0	0.0	0.0	73564.44	0.0	0.0	1.0
r4328	595.0	46.0	10.0	0.0	1.0	1.0	0.0	73489.15	0.0	0.0	1.0
r1636	499.0	46.0	6.0	0.0	2.0	1.0	0.0	73457.55	0.0	0.0	0.0
r4130	597.0	35.0	9.0	0.0	3.0	0.0	1.0	73181.39	0.0	1.0	1.0
r491	696.0	33.0	4.0	0.0	2.0	1.0	1.0	73371.65	0.0	0.0	0.0
r4742	754.0	45.0	6.0	0.0	1.0	1.0	0.0	73881.68	0.0	0.0	0.0
r4171	636.0	36.0	1.0	0.0	3.0	1.0	1.0	74048.1	0.0	1.0	1.0
r847	577.0	42.0	9.0	0.0	1.0	1.0	0.0	74077.91	0.0	0.0	1.0
r3804	614.0	46.0	4.0	0.0	1.0	1.0	0.0	74379.57	0.0	0.0	1.0
r363	524.0	22.0	9.0	0.0	2.0	1.0	0.0	74405.34	0.0	0.0	1.0
r3261	693.0	38.0	3.0	0.0	2.0	0.0	0.0	78133.48	0.0	0.0	0.0
r1627	629.0	32.0	2.0	0.0	2.0	0.0	1.0	77965.44	0.0	0.0	1.0
r1046	716.0	29.0	8.0	0.0	2.0	0.0	0.0	78616.92	0.0	1.0	0.0
r4050	576.0	24.0	3.0	0.0	1.0	0.0	1.0	78498.04	0.0	0.0	1.0
r2042	699.0	35.0	5.0	0.0	2.0	1.0	1.0	78397.24	0.0	0.0	1.0
r865	648.0	35.0	7.0	0.0	2.0	1.0	1.0	78436.36	0.0	1.0	1.0
r3205	513.0	35.0	8.0	0.0	1.0	1.0	0.0	76640.29	0.0	0.0	1.0
r2148	411.0	54.0	9.0	0.0	1.0	0.0	1.0	76621.49	0.0	0.0	0.0
r2145	518.0	46.0	3.0	0.0	2.0	1.0	0.0	76515.79	0.0	0.0	1.0
r2433	593.0	43.0	9.0	0.0	2.0	1.0	1.0	76357.43	0.0	0.0	1.0
r942	624.0	33.0	6.0	0.0	2.0	0.0	0.0	76551.7	0.0	1.0	1.0
r803	699.0	34.0	8.0	0.0	1.0	1.0	1.0	76510.46	0.0	1.0	1.0
r3189	692.0	29.0	4.0	0.0	1.0	1.0	0.0	76755.99	0.0	0.0	1.0
r2308	663.0	39.0	4.0	0.0	1.0	1.0	0.0	76884.05	0.0	0.0	1.0
r378	642.0	39.0	4.0	0.0	1.0	1.0	1.0	76821.24	0.0	0.0	0.0
r1710	847.0	31.0	5.0	0.0	2.0	1.0	1.0	76326.67	0.0	1.0	1.0
r302	719.0	32.0	7.0	0.0	1.0	0.0	0.0	76264.27	0.0	1.0	0.0
r4694	763.0	53.0	4.0	0.0	1.0	1.0	0.0	77203.72	0.0	0.0	0.0
r3144	703.0	51.0	3.0	0.0	3.0	1.0	1.0	77294.56	0.0	0.0	0.0
r2944	683.0	31.0	2.0	0.0	2.0	0.0	1.0	77326.78	0.0	0.0	1.0
r2074	580.0	37.0	9.0	0.0	2.0	0.0	1.0	77108.66	0.0	0.0	1.0
r3535	414.0	38.0	8.0	0.0	1.0	0.0	1.0	77661.12	0.0	0.0	1.0
r4885	373.0	42.0	7.0	0.0	1.0	1.0	0.0	77786.37	0.0	0.0	1.0
r3314	611.0	46.0	5.0	0.0	1.0	1.0	0.0	77677.14	0.0	0.0	0.0
r743	602.0	34.0	5.0	0.0	2.0	1.0	1.0	77414.45	0.0	0.0	1.0
r2245	487.0	45.0	2.0	0.0	2.0	1.0	0.0	77475.73	0.0	0.0	1.0
r142	571.0	33.0	9.0	0.0	2.0	0.0	1.0	77519.62	0.0	0.0	0.0
r4411	569.0	51.0	3.0	0.0	3.0	1.0	0.0	75084.96	0.0	1.0	0.0
r715	731.0	33.0	4.0	0.0	2.0	1.0	1.0	74945.11	0.0	0.0	1.0
r4237	686.0	60.0	9.0	0.0	3.0	1.0	1.0	75246.21	0.0	0.0	1.0
r1420	733.0	64.0	3.0	0.0	2.0	1.0	1.0	75272.63	0.0	0.0	1.0
r410	452.0	32.0	5.0	0.0	2.0	0.0	1.0	75279.39	0.0	0.0	0.0
r1374	517.0	41.0	2.0	0.0	2.0	0.0	1.0	75937.47	0.0	0.0	1.0
r1966	683.0	40.0	1.0	0.0	2.0	0.0	0.0	75762.0	0.0	0.0	0.0
r723	604.0	30.0	5.0	0.0	2.0	1.0	0.0	75786.55	0.0	0.0	1.0
r2579	585.0	34.0	1.0	0.0	1.0	1.0	1.0	75503.6	0.0	0.0	0.0
r1277	676.0	32.0	5.0	0.0	2.0	1.0	1.0	75465.41	0.0	0.0	0.0
r2736	684.0	38.0	4.0	0.0	3.0	1.0	0.0	75609.84	0.0	0.0	1.0
r31	769.0	38.0	2.0	0.0	2.0	0.0	0.0	75578.67	0.0	0.0	0.0
r1213	702.0	35.0	8.0	14262.8	2.0	1.0	0.0	54689.16	0.0	1.0	0.0
r1858	679.0	33.0	1.0	0.0	2.0	0.0	0.0	69608.48	0.0	0.0	0.0
r843	430.0	33.0	8.0	0.0	1.0	1.0	1.0	69759.91	0.0	0.0	0.0
r1569	645.0	37.0	1.0	0.0	2.0	1.0	1.0	68987.55	0.0	0.0	0.0
r2228	652.0	37.0	7.0	0.0	2.0	1.0	0.0	68789.93	0.0	1.0	1.0
r840	563.0	33.0	8.0	0.0	2.0	0.0	1.0	68815.05	0.0	0.0	1.0
r792	576.0	39.0	1.0	0.0	2.0	1.0	1.0	68814.23	0.0	0.0	1.0
r2784	544.0	44.0	1.0	0.0	2.0	0.0	0.0	69244.24	0.0	0.0	1.0
r3771	839.0	51.0	3.0	0.0	1.0	1.0	1.0	69101.23	0.0	0.0	0.0
r920	773.0	40.0	10.0	0.0	2.0	0.0	1.0	69303.15	0.0	0.0	0.0
r546	738.0	38.0	7.0	0.0	2.0	0.0	0.0	69227.42	0.0	0.0	0.0
r4185	598.0	40.0	9.0	0.0	1.0	1.0	0.0	68462.59	0.0	0.0	0.0
r1479	442.0	34.0	4.0	0.0	2.0	1.0	0.0	68343.08	0.0	0.0	1.0
r3081	651.0	45.0	1.0	0.0	1.0	1.0	0.0	67740.08	0.0	0.0	1.0
r1704	703.0	31.0	6.0	0.0	2.0	1.0	1.0	67667.19	0.0	1.0	1.0
r3509	650.0	30.0	6.0	0.0	1.0	0.0	0.0	67997.13	0.0	1.0	0.0
r587	725.0	33.0	4.0	0.0	1.0	1.0	1.0	67879.8	0.0	0.0	0.0
r358	656.0	37.0	2.0	0.0	2.0	0.0	1.0	67840.81	0.0	0.0	1.0
r899	672.0	43.0	5.0	0.0	2.0	1.0	1.0	64515.5	0.0	1.0	1.0
r749	711.0	28.0	8.0	0.0	2.0	1.0	1.0	64286.39	0.0	0.0	1.0
r4937	547.0	49.0	2.0	0.0	1.0	0.0	0.0	65466.93	0.0	0.0	0.0
r3716	817.0	44.0	8.0	0.0	1.0	0.0	0.0	65501.91	0.0	0.0	1.0
r959	673.0	41.0	5.0	0.0	1.0	1.0	1.0	65657.29	0.0	0.0	1.0
r1906	780.0	34.0	1.0	0.0	1.0	1.0	1.0	64804.04	0.0	0.0	1.0
r1517	536.0	35.0	8.0	0.0	2.0	1.0	0.0	64833.28	0.0	0.0	1.0
r4520	738.0	49.0	3.0	0.0	3.0	1.0	1.0	65066.48	0.0	1.0	1.0
r687	662.0	32.0	9.0	0.0	2.0	0.0	0.0	65089.38	0.0	0.0	1.0
r1453	754.0	34.0	7.0	0.0	2.0	1.0	1.0	65219.85	0.0	0.0	1.0
r532	767.0	36.0	3.0	0.0	1.0	0.0	0.0	65147.27	0.0	0.0	1.0
r3999	546.0	47.0	8.0	0.0	1.0	1.0	1.0	66408.01	0.0	0.0	0.0
r2353	681.0	29.0	8.0	0.0	1.0	1.0	0.0	66367.33	0.0	0.0	1.0
r2166	626.0	21.0	1.0	0.0	2.0	1.0	0.0	66232.23	0.0	0.0	1.0
r2058	573.0	30.0	6.0	0.0	2.0	1.0	0.0	66190.21	0.0	0.0	0.0
r1196	502.0	30.0	4.0	0.0	2.0	1.0	1.0	66263.87	0.0	0.0	1.0
r2171	764.0	29.0	5.0	0.0	2.0	1.0	0.0	65868.28	0.0	1.0	1.0
r2702	623.0	40.0	6.0	0.0	2.0	1.0	1.0	66119.07	0.0	0.0	1.0
r1093	669.0	23.0	1.0	0.0	2.0	0.0	0.0	66088.83	0.0	0.0	1.0
r3560	592.0	38.0	0.0	0.0	1.0	1.0	0.0	65986.48	0.0	1.0	1.0
r1020	575.0	46.0	1.0	0.0	2.0	1.0	1.0	65998.26	0.0	0.0	1.0
r3317	812.0	44.0	8.0	0.0	3.0	1.0	0.0	66926.83	0.0	1.0	0.0
r2328	712.0	23.0	2.0	0.0	2.0	0.0	1.0	66795.78	0.0	0.0	1.0
r4783	651.0	38.0	2.0	0.0	3.0	1.0	0.0	67029.82	0.0	1.0	1.0
r1536	678.0	38.0	3.0	0.0	2.0	1.0	0.0	66561.6	0.0	0.0	1.0
r1495	649.0	46.0	2.0	0.0	2.0	1.0	1.0	66602.7	0.0	0.0	0.0
r4455	605.0	57.0	2.0	0.0	3.0	1.0	0.0	66652.75	0.0	1.0	0.0
r312	568.0	51.0	4.0	0.0	3.0	1.0	1.0	66586.56	0.0	0.0	1.0
r2673	773.0	52.0	2.0	0.0	2.0	1.0	0.0	57337.79	0.0	1.0	1.0
r3151	475.0	39.0	6.0	0.0	1.0	1.0	1.0	56999.9	0.0	0.0	1.0
r1429	474.0	37.0	3.0	0.0	2.0	0.0	0.0	57175.32	0.0	1.0	1.0
r3969	691.0	41.0	2.0	0.0	1.0	1.0	1.0	56850.92	0.0	0.0	1.0
r2786	573.0	36.0	1.0	0.0	1.0	1.0	1.0	56905.38	0.0	0.0	0.0
r2170	850.0	35.0	2.0	0.0	2.0	1.0	1.0	56991.66	0.0	0.0	1.0
r1099	694.0	60.0	9.0	0.0	1.0	1.0	1.0	57088.97	0.0	0.0	1.0
r2347	636.0	42.0	2.0	0.0	2.0	1.0	1.0	55470.78	0.0	0.0	1.0
r4895	575.0	36.0	7.0	0.0	1.0	1.0	1.0	55868.97	0.0	0.0	1.0
r2903	530.0	44.0	6.0	0.0	2.0	0.0	0.0	55893.37	0.0	1.0	1.0
r3800	476.0	37.0	4.0	0.0	1.0	1.0	1.0	55775.84	0.0	0.0	1.0
r2046	582.0	20.0	4.0	0.0	1.0	1.0	1.0	55763.66	0.0	0.0	1.0
r3374	738.0	54.0	4.0	0.0	1.0	0.0	1.0	55725.04	0.0	0.0	1.0
r2405	713.0	46.0	5.0	0.0	1.0	1.0	1.0	55701.62	0.0	0.0	1.0
r3411	674.0	18.0	7.0	0.0	2.0	1.0	1.0	55753.12	0.0	0.0	1.0
r1258	713.0	41.0	3.0	0.0	2.0	1.0	0.0	55772.04	0.0	0.0	1.0
r1104	690.0	36.0	10.0	0.0	2.0	1.0	0.0	55902.93	0.0	1.0	1.0
r1260	664.0	57.0	1.0	0.0	2.0	1.0	1.0	56562.57	0.0	0.0	1.0
r2722	520.0	38.0	4.0	0.0	2.0	1.0	0.0	56388.63	0.0	0.0	0.0
r1021	529.0	35.0	5.0	0.0	2.0	1.0	0.0	56518.0	0.0	1.0	0.0
r3427	720.0	38.0	10.0	0.0	2.0	1.0	1.0	56229.72	0.0	0.0	0.0
r2373	709.0	39.0	8.0	0.0	2.0	1.0	0.0	56214.09	0.0	0.0	1.0
r4515	610.0	41.0	6.0	0.0	3.0	0.0	0.0	56118.81	0.0	0.0	1.0
r3920	635.0	58.0	1.0	0.0	1.0	1.0	1.0	58907.08	0.0	0.0	0.0
r963	680.0	43.0	4.0	0.0	2.0	1.0	1.0	58761.33	0.0	0.0	0.0
r1311	739.0	31.0	1.0	0.0	2.0	1.0	1.0	58469.75	0.0	1.0	1.0
r2114	604.0	28.0	7.0	0.0	2.0	0.0	0.0	58595.64	0.0	0.0	1.0
r1619	601.0	44.0	4.0	0.0	2.0	1.0	0.0	58561.31	0.0	1.0	0.0
r3689	597.0	46.0	4.0	0.0	2.0	1.0	0.0	58667.16	0.0	1.0	0.0
r794	648.0	44.0	2.0	0.0	2.0	1.0	1.0	58652.23	0.0	0.0	0.0
r2224	594.0	38.0	10.0	0.0	2.0	1.0	0.0	58332.91	0.0	1.0	0.0
r4338	729.0	42.0	7.0	0.0	2.0	1.0	0.0	58268.2	0.0	1.0	0.0
r1444	667.0	42.0	9.0	0.0	2.0	0.0	1.0	58137.42	0.0	0.0	1.0
r4331	747.0	40.0	3.0	0.0	1.0	0.0	0.0	57817.84	0.0	0.0	0.0
r2522	769.0	27.0	2.0	0.0	1.0	1.0	1.0	57876.05	0.0	0.0	0.0
r896	772.0	43.0	6.0	0.0	2.0	1.0	1.0	57675.88	0.0	0.0	1.0
r3581	631.0	33.0	7.0	0.0	1.0	1.0	1.0	58043.02	0.0	0.0	1.0
r1628	577.0	33.0	6.0	0.0	2.0	1.0	0.0	57975.8	0.0	1.0	0.0
r70	632.0	50.0	2.0	0.0	2.0	0.0	0.0	57942.88	0.0	0.0	1.0
r4928	644.0	18.0	7.0	0.0	1.0	0.0	1.0	59645.24	0.0	1.0	1.0
r1089	725.0	31.0	8.0	0.0	2.0	1.0	1.0	59650.42	0.0	0.0	1.0
r665	603.0	46.0	2.0	0.0	2.0	1.0	1.0	59563.49	0.0	0.0	1.0
r2623	724.0	28.0	5.0	0.0	1.0	1.0	0.0	59351.68	0.0	0.0	0.0
r2570	629.0	33.0	6.0	0.0	2.0	1.0	1.0	59129.72	0.0	0.0	0.0
r92	584.0	33.0	3.0	0.0	2.0	0.0	1.0	59103.13	0.0	0.0	1.0
r4993	702.0	44.0	9.0	0.0	1.0	0.0	0.0	59207.41	0.0	1.0	1.0
r67	590.0	32.0	5.0	0.0	2.0	1.0	0.0	59249.83	0.0	0.0	1.0
r2797	590.0	40.0	8.0	0.0	2.0	1.0	0.0	62933.03	0.0	0.0	1.0
r3377	705.0	49.0	7.0	0.0	1.0	1.0	0.0	63405.2	0.0	0.0	0.0
r1538	761.0	27.0	8.0	0.0	2.0	1.0	0.0	63297.7	0.0	1.0	1.0
r1807	580.0	31.0	2.0	0.0	2.0	0.0	1.0	64014.24	0.0	0.0	1.0
r3970	551.0	52.0	1.0	0.0	1.0	0.0	0.0	63584.55	0.0	0.0	1.0
r1186	672.0	43.0	5.0	0.0	1.0	0.0	0.0	63833.09	0.0	0.0	1.0
r2681	610.0	31.0	5.0	0.0	2.0	0.0	0.0	63736.36	0.0	1.0	0.0
r1423	554.0	48.0	7.0	0.0	2.0	1.0	1.0	63708.07	0.0	0.0	0.0
r966	679.0	29.0	3.0	0.0	2.0	1.0	1.0	63687.06	0.0	0.0	1.0
r3679	777.0	58.0	4.0	0.0	1.0	1.0	1.0	62449.07	0.0	0.0	0.0
r3067	468.0	56.0	10.0	0.0	3.0	0.0	1.0	62256.87	0.0	0.0	0.0
r4368	568.0	44.0	7.0	0.0	2.0	0.0	0.0	62370.67	0.0	0.0	0.0
r987	610.0	40.0	0.0	0.0	2.0	1.0	0.0	62232.6	0.0	0.0	1.0
r3802	535.0	49.0	3.0	0.0	1.0	0.0	0.0	61820.41	0.0	0.0	0.0
r1757	523.0	34.0	7.0	0.0	2.0	1.0	0.0	62030.06	0.0	1.0	1.0
r2683	701.0	51.0	9.0	0.0	2.0	0.0	0.0	61961.57	0.0	0.0	1.0
r2675	634.0	34.0	1.0	0.0	2.0	1.0	0.0	61995.57	0.0	1.0	1.0
r588	635.0	41.0	10.0	0.0	2.0	1.0	1.0	61994.2	0.0	1.0	0.0
r933	748.0	40.0	0.0	0.0	1.0	0.0	0.0	60416.76	0.0	0.0	1.0
r960	739.0	34.0	9.0	0.0	1.0	1.0	0.0	60584.33	0.0	0.0	1.0
r404	768.0	42.0	5.0	0.0	3.0	0.0	0.0	60686.4	0.0	0.0	1.0
r3094	589.0	61.0	1.0	0.0	1.0	1.0	0.0	61108.56	0.0	0.0	0.0
r1837	413.0	35.0	2.0	0.0	2.0	1.0	1.0	60972.84	0.0	1.0	1.0
r1698	507.0	34.0	4.0	0.0	2.0	1.0	1.0	60688.38	0.0	1.0	0.0
r4353	619.0	55.0	0.0	0.0	3.0	0.0	0.0	60810.64	0.0	0.0	0.0
r1461	582.0	40.0	9.0	0.0	3.0	1.0	1.0	60954.45	0.0	0.0	0.0
r1357	598.0	34.0	4.0	0.0	2.0	0.0	0.0	60894.26	0.0	0.0	0.0
r2249	732.0	36.0	7.0	0.0	2.0	1.0	1.0	60830.24	0.0	0.0	1.0
r19	715.0	32.0	10.0	0.0	2.0	1.0	0.0	60907.49	0.0	0.0	0.0
r57	589.0	37.0	5.0	0.0	1.0	1.0	0.0	61324.87	0.0	0.0	1.0
r2758	796.0	24.0	8.0	0.0	2.0	1.0	0.0	61349.37	0.0	0.0	1.0
r1492	761.0	34.0	2.0	0.0	2.0	1.0	0.0	61251.25	0.0	1.0	0.0
r13	680.0	37.0	4.0	0.0	2.0	1.0	0.0	61240.87	0.0	0.0	1.0
r4510	654.0	32.0	2.0	0.0	1.0	1.0	1.0	51972.92	0.0	1.0	0.0
r4204	590.0	29.0	10.0	0.0	1.0	1.0	1.0	51907.72	0.0	1.0	1.0
r1556	545.0	32.0	6.0	0.0	2.0	1.0	1.0	52067.37	0.0	0.0	0.0
r2808	600.0	28.0	6.0	0.0	2.0	0.0	1.0	52193.23	0.0	0.0	0.0
r1240	718.0	39.0	2.0	0.0	1.0	1.0	1.0	52138.49	0.0	1.0	0.0
r3589	815.0	45.0	7.0	0.0	1.0	0.0	1.0	52885.23	0.0	0.0	1.0
r3497	782.0	52.0	4.0	0.0	1.0	1.0	1.0	52759.82	0.0	1.0	1.0
r4287	562.0	37.0	2.0	0.0	1.0	0.0	1.0	52525.15	0.0	0.0	1.0
r1439	724.0	36.0	1.0	0.0	2.0	1.0	0.0	52462.25	0.0	1.0	1.0
r4209	537.0	38.0	10.0	0.0	1.0	0.0	0.0	52337.97	0.0	0.0	0.0
r732	535.0	29.0	5.0	0.0	2.0	0.0	1.0	52709.55	0.0	0.0	0.0
r2656	527.0	53.0	8.0	0.0	1.0	1.0	1.0	51711.57	0.0	1.0	1.0
r1859	601.0	74.0	2.0	0.0	2.0	0.0	1.0	51554.58	0.0	0.0	1.0
r1034	674.0	28.0	3.0	0.0	1.0	1.0	0.0	51536.99	0.0	0.0	0.0
r1141	736.0	29.0	4.0	0.0	2.0	0.0	0.0	51705.01	0.0	0.0	1.0
r480	739.0	60.0	4.0	0.0	1.0	1.0	1.0	51637.67	0.0	1.0	1.0
r2952	583.0	27.0	7.0	0.0	2.0	1.0	0.0	51285.49	0.0	0.0	1.0
r2509	647.0	42.0	9.0	0.0	2.0	1.0	1.0	51362.82	0.0	0.0	0.0
r440	622.0	35.0	5.0	0.0	2.0	1.0	0.0	51112.8	0.0	0.0	0.0
r1387	428.0	31.0	2.0	0.0	2.0	1.0	0.0	54487.43	0.0	0.0	0.0
r1271	707.0	55.0	1.0	0.0	2.0	0.0	1.0	54409.48	0.0	0.0	0.0
r359	724.0	30.0	10.0	0.0	2.0	1.0	1.0	54265.55	0.0	0.0	1.0
r2050	417.0	34.0	7.0	0.0	2.0	1.0	0.0	55003.79	0.0	0.0	1.0
r3091	566.0	30.0	5.0	0.0	1.0	1.0	0.0	54926.51	0.0	0.0	1.0
r1765	696.0	51.0	5.0	0.0	2.0	1.0	0.0	55022.43	0.0	1.0	0.0
r1469	796.0	67.0	5.0	0.0	2.0	0.0	1.0	54871.02	0.0	1.0	1.0
r1598	726.0	24.0	6.0	0.0	2.0	1.0	1.0	54724.03	0.0	0.0	0.0
r256	652.0	32.0	2.0	0.0	2.0	1.0	0.0	54628.11	0.0	0.0	0.0
r303	639.0	54.0	2.0	0.0	2.0	1.0	1.0	53843.71	0.0	1.0	0.0
r4029	688.0	39.0	0.0	0.0	2.0	1.0	0.0	53222.15	0.0	0.0	0.0
r3763	850.0	61.0	1.0	0.0	1.0	1.0	0.0	53067.83	0.0	0.0	1.0
r2444	619.0	28.0	3.0	0.0	2.0	1.0	0.0	53394.12	0.0	0.0	0.0
r1647	665.0	51.0	2.0	0.0	1.0	0.0	0.0	53353.36	0.0	0.0	1.0
r2910	551.0	32.0	4.0	0.0	2.0	1.0	0.0	53420.53	0.0	1.0	1.0
r691	593.0	43.0	10.0	0.0	2.0	0.0	0.0	53478.02	0.0	1.0	1.0
r146	721.0	38.0	7.0	0.0	1.0	0.0	1.0	53534.8	0.0	1.0	1.0
r2602	510.0	65.0	2.0	0.0	2.0	1.0	1.0	48071.61	0.0	0.0	1.0
r2241	480.0	28.0	6.0	0.0	2.0	0.0	0.0	48131.92	0.0	0.0	0.0
r1601	451.0	23.0	9.0	0.0	2.0	0.0	1.0	48021.71	0.0	1.0	0.0
r2499	621.0	34.0	8.0	0.0	1.0	0.0	0.0	47972.65	0.0	1.0	1.0
r2128	583.0	38.0	8.0	0.0	1.0	1.0	0.0	47848.56	0.0	0.0	1.0
r279	501.0	57.0	10.0	0.0	2.0	1.0	1.0	47847.19	0.0	0.0	1.0
r2084	831.0	44.0	10.0	0.0	1.0	0.0	1.0	47729.33	0.0	1.0	0.0
r2359	701.0	41.0	2.0	0.0	1.0	1.0	0.0	47856.78	0.0	0.0	0.0
r129	738.0	18.0	4.0	0.0	2.0	1.0	1.0	47799.15	0.0	0.0	1.0
r2240	633.0	31.0	1.0	0.0	1.0	1.0	0.0	48606.71	0.0	0.0	1.0
r2333	752.0	36.0	3.0	0.0	2.0	1.0	1.0	48505.1	0.0	1.0	0.0
r1969	658.0	39.0	7.0	0.0	2.0	1.0	0.0	48378.4	0.0	0.0	1.0
r369	710.0	28.0	6.0	0.0	1.0	1.0	0.0	48426.98	0.0	1.0	0.0
r3854	767.0	47.0	2.0	0.0	1.0	1.0	0.0	48161.18	0.0	1.0	1.0
r2213	687.0	31.0	3.0	0.0	2.0	0.0	0.0	48228.1	0.0	1.0	1.0
r1148	711.0	34.0	8.0	0.0	2.0	0.0	0.0	48260.19	0.0	0.0	1.0
r85	472.0	37.0	1.0	0.0	2.0	1.0	1.0	48357.9	0.0	0.0	0.0
r69	576.0	36.0	6.0	0.0	2.0	1.0	1.0	48314.0	0.0	0.0	1.0
r2381	706.0	38.0	8.0	0.0	2.0	0.0	1.0	46635.11	0.0	1.0	1.0
r4319	697.0	45.0	1.0	0.0	2.0	1.0	0.0	46807.62	0.0	0.0	0.0
r412	709.0	36.0	0.0	0.0	2.0	1.0	0.0	46811.77	0.0	0.0	1.0
r290	837.0	38.0	2.0	0.0	2.0	1.0	1.0	46395.21	0.0	0.0	0.0
r2010	678.0	66.0	8.0	0.0	2.0	1.0	1.0	47117.03	0.0	0.0	1.0
r109	787.0	25.0	5.0	0.0	2.0	1.0	0.0	47307.9	0.0	0.0	1.0
r123	642.0	26.0	0.0	0.0	1.0	0.0	0.0	47472.68	0.0	0.0	1.0
r9	698.0	39.0	4.0	0.0	2.0	0.0	1.0	47455.82	0.0	0.0	0.0
r4443	653.0	47.0	6.0	0.0	1.0	1.0	0.0	50695.93	0.0	0.0	1.0
r4653	606.0	39.0	3.0	0.0	2.0	1.0	0.0	50560.45	0.0	0.0	0.0
r2233	551.0	37.0	3.0	0.0	2.0	1.0	1.0	50578.4	0.0	0.0	1.0
r3676	698.0	47.0	6.0	0.0	1.0	1.0	0.0	50213.81	0.0	1.0	0.0
r1718	763.0	31.0	4.0	0.0	2.0	0.0	0.0	50404.72	0.0	0.0	0.0
r3930	797.0	55.0	10.0	0.0	4.0	1.0	1.0	49418.87	0.0	0.0	0.0
r4529	490.0	40.0	1.0	0.0	1.0	1.0	1.0	49594.19	0.0	0.0	0.0
r3644	584.0	66.0	5.0	0.0	1.0	1.0	0.0	49553.38	0.0	0.0	0.0
r2667	492.0	31.0	7.0	0.0	2.0	1.0	1.0	49463.44	0.0	0.0	0.0
r3401	601.0	43.0	2.0	0.0	1.0	1.0	0.0	49713.87	0.0	0.0	0.0
r1747	691.0	30.0	9.0	0.0	1.0	1.0	0.0	49594.02	0.0	0.0	1.0
r2504	615.0	49.0	3.0	0.0	2.0	1.0	1.0	49872.33	0.0	0.0	1.0
r645	440.0	42.0	2.0	0.0	2.0	1.0	0.0	49826.68	0.0	0.0	1.0
r3989	407.0	37.0	1.0	0.0	1.0	1.0	1.0	49161.12	0.0	1.0	1.0
r2659	512.0	31.0	7.0	0.0	2.0	0.0	0.0	49326.07	0.0	0.0	0.0
r3200	669.0	35.0	7.0	0.0	1.0	1.0	1.0	49108.23	0.0	0.0	0.0
r190	628.0	38.0	3.0	0.0	2.0	1.0	1.0	48924.73	0.0	0.0	0.0
r4	562.0	35.0	7.0	0.0	1.0	0.0	0.0	48869.67	0.0	0.0	1.0
r2646	611.0	46.0	6.0	0.0	2.0	1.0	0.0	45886.33	0.0	1.0	1.0
r1388	653.0	35.0	9.0	0.0	2.0	1.0	1.0	45956.05	0.0	1.0	1.0
r1302	718.0	36.0	9.0	0.0	1.0	1.0	0.0	45909.87	0.0	0.0	1.0
r1145	821.0	28.0	2.0	0.0	2.0	1.0	0.0	46072.52	0.0	0.0	1.0
r2402	678.0	26.0	1.0	0.0	2.0	1.0	0.0	45443.68	0.0	0.0	0.0
r1790	752.0	36.0	2.0	0.0	2.0	1.0	1.0	45570.84	0.0	1.0	1.0
r4594	785.0	54.0	1.0	0.0	2.0	1.0	0.0	45113.92	0.0	1.0	0.0
r3443	644.0	48.0	8.0	0.0	2.0	0.0	1.0	44965.54	0.0	0.0	1.0
r639	636.0	38.0	1.0	0.0	1.0	1.0	0.0	45015.38	0.0	0.0	0.0
r593	561.0	33.0	6.0	0.0	2.0	1.0	0.0	45261.47	0.0	1.0	0.0
r2938	527.0	32.0	7.0	0.0	2.0	1.0	1.0	44099.75	0.0	0.0	0.0
r2156	633.0	27.0	3.0	0.0	2.0	1.0	0.0	44008.91	0.0	1.0	1.0
r4232	833.0	32.0	6.0	0.0	1.0	1.0	1.0	44323.22	0.0	1.0	1.0
r3973	752.0	35.0	2.0	0.0	1.0	1.0	0.0	44335.54	0.0	1.0	0.0
r4008	722.0	43.0	1.0	0.0	1.0	1.0	0.0	44560.17	0.0	1.0	1.0
r411	691.0	38.0	1.0	0.0	2.0	0.0	0.0	44653.5	0.0	0.0	1.0
r2238	489.0	34.0	5.0	0.0	1.0	0.0	0.0	43540.59	0.0	0.0	1.0
r3378	534.0	62.0	2.0	0.0	2.0	0.0	0.0	42763.12	0.0	0.0	1.0
r2016	640.0	67.0	3.0	0.0	1.0	0.0	1.0	42964.63	0.0	0.0	0.0
r846	639.0	38.0	3.0	0.0	1.0	1.0	0.0	42862.82	0.0	0.0	1.0
r4098	738.0	44.0	2.0	0.0	2.0	1.0	0.0	43018.82	0.0	1.0	1.0
r601	744.0	35.0	7.0	0.0	2.0	1.0	1.0	43036.6	0.0	1.0	1.0
r4863	629.0	39.0	10.0	0.0	2.0	1.0	1.0	43174.49	0.0	0.0	0.0
r492	607.0	31.0	8.0	0.0	2.0	1.0	1.0	43196.5	0.0	0.0	1.0
r2367	835.0	56.0	2.0	0.0	2.0	1.0	1.0	39820.13	0.0	0.0	0.0
r2320	621.0	33.0	4.0	0.0	2.0	1.0	1.0	40299.23	0.0	1.0	1.0
r1836	727.0	28.0	1.0	0.0	1.0	1.0	0.0	40357.39	0.0	1.0	1.0
r2118	541.0	32.0	8.0	0.0	2.0	0.0	0.0	40889.14	0.0	0.0	1.0
r2999	667.0	39.0	2.0	0.0	2.0	1.0	0.0	40721.24	0.0	1.0	0.0
r2452	668.0	32.0	2.0	0.0	2.0	1.0	1.0	40652.33	0.0	0.0	0.0
r2744	850.0	36.0	7.0	0.0	1.0	1.0	1.0	40812.9	0.0	0.0	1.0
r1725	802.0	51.0	7.0	0.0	1.0	0.0	1.0	40855.79	0.0	1.0	1.0
r59	775.0	27.0	4.0	0.0	1.0	1.0	1.0	40807.26	0.0	1.0	1.0
r2062	630.0	40.0	8.0	0.0	2.0	1.0	1.0	42495.81	0.0	0.0	1.0
r1649	591.0	39.0	8.0	0.0	2.0	0.0	0.0	42392.24	0.0	1.0	1.0
r3698	604.0	33.0	3.0	0.0	1.0	1.0	0.0	42171.13	0.0	0.0	1.0
r2399	781.0	35.0	1.0	0.0	2.0	0.0	0.0	42117.9	0.0	1.0	1.0
r4998	709.0	36.0	7.0	0.0	1.0	0.0	1.0	42085.58	0.0	0.0	0.0
r2697	623.0	28.0	4.0	0.0	2.0	1.0	0.0	41227.67	0.0	0.0	0.0
r4949	625.0	36.0	3.0	0.0	2.0	1.0	0.0	41295.1	0.0	0.0	0.0
r2492	629.0	43.0	0.0	0.0	2.0	1.0	1.0	41263.69	0.0	0.0	0.0
r4195	595.0	53.0	7.0	0.0	2.0	1.0	0.0	41371.68	0.0	0.0	0.0
r1350	595.0	33.0	9.0	0.0	2.0	1.0	1.0	41447.86	0.0	0.0	0.0
r2378	643.0	35.0	6.0	0.0	2.0	1.0	1.0	41549.64	0.0	1.0	0.0
r670	771.0	18.0	1.0	0.0	2.0	0.0	0.0	41542.95	0.0	1.0	1.0
r329	788.0	70.0	1.0	0.0	2.0	1.0	1.0	41610.62	0.0	1.0	0.0
r1460	655.0	56.0	5.0	0.0	2.0	1.0	1.0	41782.7	0.0	1.0	0.0
r38	613.0	34.0	3.0	0.0	1.0	1.0	1.0	41724.72	0.0	1.0	1.0
r3649	638.0	57.0	6.0	0.0	1.0	1.0	0.0	33676.48	0.0	0.0	1.0
r2363	850.0	50.0	10.0	0.0	2.0	1.0	1.0	33741.84	0.0	1.0	0.0
r3655	447.0	43.0	2.0	0.0	2.0	1.0	0.0	33879.26	0.0	0.0	1.0
r1693	630.0	43.0	9.0	0.0	2.0	1.0	1.0	34338.04	0.0	0.0	1.0
r1927	531.0	44.0	3.0	0.0	2.0	1.0	1.0	34416.79	0.0	0.0	1.0
r1031	520.0	42.0	6.0	0.0	2.0	1.0	1.0	34410.55	0.0	1.0	0.0
r1285	809.0	80.0	8.0	0.0	2.0	0.0	1.0	34164.05	0.0	1.0	1.0
r1383	675.0	33.0	6.0	0.0	2.0	1.0	0.0	34045.61	0.0	0.0	0.0
r927	576.0	26.0	8.0	0.0	2.0	0.0	1.0	34101.06	0.0	1.0	1.0
r3597	666.0	47.0	2.0	0.0	1.0	1.0	0.0	35046.97	0.0	0.0	1.0
r2072	774.0	46.0	9.0	0.0	2.0	1.0	1.0	34774.26	0.0	1.0	1.0
r627	507.0	42.0	6.0	0.0	2.0	1.0	0.0	34777.23	0.0	0.0	1.0
r2173	620.0	32.0	7.0	0.0	2.0	1.0	1.0	34665.79	0.0	0.0	1.0
r609	504.0	73.0	8.0	0.0	1.0	1.0	1.0	34595.58	0.0	0.0	0.0
r4586	730.0	47.0	7.0	0.0	1.0	1.0	0.0	33373.26	0.0	0.0	0.0
r2434	622.0	58.0	2.0	0.0	2.0	1.0	1.0	33277.31	0.0	1.0	0.0
r1023	516.0	40.0	9.0	0.0	2.0	0.0	1.0	33266.29	0.0	0.0	0.0
r4953	760.0	37.0	7.0	0.0	1.0	0.0	0.0	32863.24	0.0	0.0	1.0
r1351	687.0	26.0	6.0	0.0	2.0	1.0	1.0	32909.13	0.0	0.0	0.0
r462	850.0	31.0	4.0	0.0	2.0	1.0	1.0	33082.81	0.0	0.0	0.0
r2177	572.0	47.0	2.0	0.0	2.0	1.0	0.0	36099.7	0.0	0.0	0.0
r1617	661.0	42.0	3.0	0.0	2.0	1.0	0.0	35989.41	0.0	1.0	0.0
r1382	605.0	34.0	2.0	0.0	1.0	0.0	0.0	35982.42	0.0	0.0	0.0
r2393	710.0	45.0	1.0	0.0	2.0	1.0	1.0	36154.66	0.0	0.0	1.0
r2020	675.0	39.0	7.0	0.0	2.0	0.0	1.0	36267.21	0.0	0.0	1.0
r1155	666.0	40.0	2.0	0.0	2.0	0.0	0.0	36371.27	0.0	0.0	0.0
r2529	821.0	28.0	8.0	0.0	1.0	1.0	1.0	36754.13	0.0	0.0	0.0
r4906	608.0	45.0	4.0	0.0	2.0	0.0	0.0	36697.48	0.0	1.0	1.0
r1209	606.0	32.0	6.0	0.0	2.0	0.0	1.0	36540.63	0.0	0.0	1.0
r4907	655.0	41.0	5.0	0.0	1.0	0.0	0.0	36548.0	0.0	0.0	0.0
r3618	795.0	56.0	5.0	0.0	1.0	1.0	0.0	35418.69	0.0	1.0	0.0
r2153	592.0	38.0	4.0	0.0	2.0	1.0	0.0	35338.96	0.0	0.0	0.0
r1441	622.0	31.0	7.0	0.0	1.0	1.0	0.0	35408.77	0.0	0.0	1.0
r2421	653.0	40.0	0.0	0.0	2.0	1.0	0.0	35795.85	0.0	0.0	0.0
r2193	756.0	42.0	9.0	0.0	2.0	1.0	0.0	35673.42	0.0	0.0	0.0
r4449	704.0	24.0	2.0	0.0	1.0	1.0	0.0	35600.25	0.0	1.0	0.0
r2410	664.0	24.0	7.0	0.0	1.0	0.0	1.0	35611.35	0.0	0.0	1.0
r1088	676.0	38.0	1.0	0.0	2.0	0.0	1.0	35644.79	0.0	0.0	1.0
r143	605.0	36.0	9.0	0.0	2.0	0.0	1.0	35521.63	0.0	1.0	0.0
r2329	657.0	50.0	9.0	0.0	2.0	0.0	0.0	37171.46	0.0	0.0	1.0
r1437	723.0	45.0	4.0	0.0	2.0	1.0	0.0	37214.39	0.0	1.0	0.0
r2597	798.0	32.0	7.0	0.0	2.0	0.0	1.0	37731.95	0.0	0.0	1.0
r2113	757.0	46.0	0.0	0.0	2.0	1.0	0.0	37460.05	0.0	0.0	1.0
r316	706.0	34.0	8.0	0.0	2.0	1.0	1.0	37479.97	0.0	0.0	1.0
r3382	545.0	39.0	6.0	0.0	1.0	0.0	0.0	38410.74	0.0	1.0	0.0
r3216	711.0	51.0	7.0	0.0	3.0	1.0	0.0	38409.79	0.0	0.0	1.0
r3937	610.0	45.0	3.0	0.0	1.0	1.0	0.0	38276.84	0.0	1.0	0.0
r2542	677.0	37.0	3.0	0.0	2.0	1.0	1.0	38252.25	0.0	0.0	0.0
r967	718.0	38.0	7.0	0.0	2.0	1.0	0.0	38308.34	0.0	0.0	1.0
r545	742.0	33.0	6.0	0.0	2.0	0.0	0.0	38550.4	0.0	0.0	1.0
r1440	604.0	34.0	3.0	0.0	2.0	1.0	0.0	38587.7	0.0	1.0	0.0
r218	636.0	34.0	8.0	0.0	2.0	1.0	0.0	38570.13	0.0	0.0	1.0
r2918	563.0	57.0	6.0	0.0	2.0	1.0	1.0	39297.48	0.0	1.0	1.0
r1723	545.0	47.0	5.0	0.0	2.0	1.0	1.0	38970.14	0.0	1.0	0.0
r4561	665.0	51.0	8.0	0.0	1.0	1.0	1.0	38928.48	0.0	1.0	0.0
r4080	815.0	57.0	5.0	0.0	3.0	0.0	0.0	38941.44	0.0	1.0	0.0
r944	850.0	28.0	2.0	0.0	2.0	1.0	1.0	38773.74	0.0	0.0	0.0
r1	683.0	33.0	9.0	0.0	2.0	1.0	1.0	38784.42	0.0	0.0	0.0
r2991	584.0	48.0	2.0	213146.2	1.0	1.0	0.0	75161.25	0.0	1.0	0.0
r4348	663.0	58.0	5.0	216109.88	1.0	0.0	1.0	74176.71	0.0	1.0	0.0
r2501	736.0	43.0	4.0	202443.47	1.0	1.0	0.0	72375.03	0.0	0.0	1.0
r1810	716.0	30.0	2.0	205770.78	2.0	0.0	0.0	65464.66	1.0	0.0	0.0
r4184	479.0	33.0	2.0	208165.53	1.0	0.0	0.0	50774.81	0.0	0.0	0.0
r3916	850.0	39.0	6.0	206014.94	2.0	0.0	1.0	42774.84	0.0	1.0	1.0
r4393	564.0	36.0	7.0	206329.65	1.0	1.0	1.0	46632.87	0.0	0.0	0.0
r1822	561.0	22.0	6.0	186788.96	2.0	1.0	0.0	73286.8	0.0	0.0	0.0
r1447	701.0	23.0	5.0	186101.18	2.0	1.0	1.0	76611.33	1.0	0.0	1.0
r1332	703.0	33.0	8.0	190566.65	1.0	1.0	1.0	79997.14	0.0	0.0	0.0
r801	506.0	59.0	3.0	190353.08	1.0	1.0	0.0	78365.75	1.0	0.0	0.0
r115	665.0	28.0	8.0	191402.82	2.0	1.0	0.0	83238.4	0.0	0.0	1.0
r2431	694.0	38.0	5.0	195926.39	1.0	1.0	1.0	85522.84	0.0	0.0	0.0
r4507	682.0	28.0	10.0	200724.96	1.0	0.0	1.0	82872.64	0.0	0.0	1.0
r4418	624.0	71.0	4.0	170252.05	3.0	1.0	1.0	73679.59	0.0	0.0	0.0
r1281	578.0	34.0	4.0	175111.11	1.0	1.0	1.0	74858.3	0.0	0.0	1.0
r3616	760.0	39.0	6.0	178585.46	1.0	1.0	0.0	67131.3	0.0	0.0	1.0
r689	547.0	48.0	1.0	179380.74	2.0	0.0	1.0	69263.1	0.0	0.0	0.0
r2733	696.0	35.0	4.0	174902.26	1.0	1.0	0.0	69079.85	1.0	0.0	0.0
r3349	481.0	44.0	9.0	175303.06	1.0	1.0	0.0	65500.53	0.0	0.0	1.0
r3167	646.0	42.0	3.0	175159.9	2.0	0.0	0.0	67124.48	0.0	0.0	0.0
r4120	682.0	35.0	2.0	181166.44	1.0	1.0	1.0	63737.19	0.0	0.0	0.0
r3556	705.0	44.0	0.0	184552.12	1.0	1.0	0.0	68860.3	0.0	1.0	1.0
r3886	563.0	35.0	2.0	183572.84	1.0	1.0	1.0	66006.75	0.0	0.0	0.0
r258	686.0	29.0	3.0	185379.02	1.0	1.0	0.0	64679.07	1.0	0.0	1.0
r3415	693.0	36.0	8.0	178111.82	1.0	0.0	0.0	58719.63	0.0	0.0	1.0
r495	626.0	36.0	2.0	181671.16	2.0	1.0	1.0	57531.14	1.0	0.0	1.0
r472	681.0	38.0	6.0	181804.34	2.0	1.0	1.0	57517.71	1.0	0.0	1.0
r1834	773.0	41.0	7.0	190238.93	1.0	1.0	1.0	57549.65	0.0	0.0	0.0
r1136	456.0	33.0	1.0	188285.68	1.0	0.0	0.0	58363.94	0.0	0.0	0.0
r4444	711.0	25.0	5.0	190066.54	1.0	0.0	0.0	51345.39	0.0	0.0	0.0
r3986	803.0	32.0	9.0	192122.84	1.0	1.0	1.0	54277.45	0.0	0.0	0.0
r4463	581.0	44.0	7.0	189318.16	2.0	1.0	0.0	45026.23	0.0	1.0	0.0
r4592	638.0	36.0	6.0	188455.19	1.0	0.0	0.0	47031.4	0.0	0.0	1.0
r3192	713.0	52.0	0.0	185891.54	1.0	1.0	1.0	46369.57	0.0	0.0	0.0
r4245	775.0	48.0	4.0	178144.91	2.0	0.0	0.0	50168.41	0.0	1.0	1.0
r1179	714.0	42.0	2.0	177640.09	1.0	0.0	1.0	47166.55	1.0	0.0	1.0
r2309	697.0	38.0	1.0	182065.85	1.0	1.0	0.0	49503.5	0.0	0.0	0.0
r4408	646.0	25.0	5.0	182876.88	2.0	1.0	1.0	42537.59	0.0	1.0	1.0
r415	706.0	35.0	8.0	178032.53	1.0	0.0	1.0	42181.68	0.0	0.0	0.0
r2513	479.0	27.0	2.0	172463.45	1.0	1.0	1.0	40315.27	0.0	1.0	1.0
r679	779.0	26.0	4.0	174318.13	2.0	0.0	1.0	38296.21	0.0	1.0	0.0
r2717	660.0	31.0	6.0	172325.67	1.0	0.0	1.0	45438.38	0.0	0.0	0.0
r1573	569.0	25.0	9.0	173459.45	2.0	1.0	1.0	44381.06	1.0	0.0	1.0
r3103	661.0	42.0	2.0	178820.91	1.0	0.0	0.0	29358.57	0.0	1.0	1.0
r1294	673.0	47.0	1.0	183579.54	2.0	0.0	1.0	34047.54	1.0	0.0	1.0
r4384	651.0	35.0	0.0	181821.96	2.0	0.0	1.0	36923.67	0.0	0.0	1.0
r4796	668.0	42.0	8.0	187534.79	1.0	1.0	1.0	32900.41	0.0	0.0	1.0
r2689	608.0	23.0	8.0	197715.93	2.0	1.0	1.0	116124.28	1.0	0.0	1.0
r4137	717.0	42.0	5.0	190305.78	1.0	1.0	0.0	99347.8	0.0	1.0	0.0
r3136	667.0	43.0	8.0	190227.46	1.0	1.0	0.0	97508.04	0.0	0.0	1.0
r4803	603.0	51.0	8.0	186825.57	1.0	1.0	0.0	93739.71	0.0	0.0	1.0
r3529	742.0	28.0	2.0	191864.51	1.0	1.0	0.0	108457.99	0.0	0.0	0.0
r4326	662.0	54.0	1.0	187997.15	1.0	0.0	0.0	111442.71	0.0	1.0	0.0
r1864	726.0	34.0	0.0	185734.75	1.0	1.0	1.0	102036.82	0.0	0.0	0.0
r845	627.0	23.0	5.0	184244.86	1.0	1.0	0.0	103099.22	1.0	0.0	1.0
r2590	593.0	69.0	2.0	187013.13	2.0	0.0	1.0	105898.69	1.0	0.0	1.0
r2014	628.0	40.0	5.0	181768.32	2.0	1.0	1.0	129107.97	1.0	0.0	1.0
r2223	515.0	35.0	10.0	176273.95	1.0	0.0	1.0	121277.78	0.0	1.0	1.0
r1470	660.0	29.0	6.0	180520.29	1.0	1.0	1.0	123850.58	1.0	0.0	0.0
r156	577.0	26.0	1.0	180530.51	1.0	0.0	0.0	123454.62	0.0	0.0	0.0
r3034	485.0	29.0	7.0	182123.79	1.0	1.0	0.0	116828.51	0.0	0.0	1.0
r3547	698.0	31.0	8.0	185078.26	1.0	0.0	0.0	115337.74	0.0	1.0	0.0
r849	602.0	32.0	7.0	184715.86	2.0	1.0	0.0	113781.99	1.0	0.0	1.0
r648	708.0	32.0	8.0	187487.63	1.0	1.0	1.0	120115.5	0.0	1.0	0.0
r4526	697.0	32.0	7.0	175464.85	3.0	1.0	0.0	116442.42	0.0	0.0	1.0
r3684	628.0	31.0	6.0	175443.75	1.0	1.0	0.0	113167.17	0.0	0.0	0.0
r1646	731.0	29.0	5.0	179539.2	1.0	0.0	0.0	112010.02	0.0	0.0	1.0
r99	742.0	33.0	0.0	181656.51	1.0	1.0	1.0	107667.91	1.0	0.0	1.0
r3720	674.0	46.0	2.0	174701.05	1.0	1.0	0.0	90189.72	0.0	0.0	1.0
r827	754.0	39.0	6.0	170184.99	2.0	1.0	0.0	89593.26	0.0	1.0	1.0
r292	647.0	33.0	3.0	168560.46	2.0	0.0	0.0	90270.16	1.0	0.0	0.0
r4294	806.0	30.0	8.0	168078.83	1.0	1.0	0.0	85028.36	1.0	0.0	1.0
r3898	698.0	64.0	1.0	169362.43	1.0	1.0	0.0	84760.32	1.0	0.0	0.0
r663	598.0	27.0	10.0	171283.91	1.0	1.0	1.0	84136.12	1.0	0.0	0.0
r1565	715.0	37.0	9.0	165252.52	1.0	1.0	0.0	85286.3	0.0	0.0	1.0
r2549	717.0	36.0	2.0	164557.95	1.0	0.0	1.0	82336.73	0.0	1.0	0.0
r3808	639.0	60.0	5.0	162039.78	1.0	1.0	1.0	84361.72	0.0	0.0	0.0
r3286	710.0	47.0	5.0	158623.14	1.0	0.0	0.0	83499.89	0.0	0.0	1.0
r3462	620.0	39.0	9.0	159492.79	1.0	1.0	0.0	80582.34	1.0	0.0	1.0
r2703	607.0	36.0	8.0	158261.68	1.0	1.0	1.0	76744.72	0.0	1.0	1.0
r4145	757.0	30.0	6.0	161378.02	1.0	0.0	0.0	71926.28	1.0	0.0	0.0
r1857	633.0	32.0	5.0	163340.12	2.0	1.0	1.0	74415.2	0.0	1.0	1.0
r2258	801.0	43.0	4.0	158713.08	2.0	0.0	0.0	98586.14	0.0	0.0	1.0
r4969	705.0	48.0	1.0	156848.13	2.0	1.0	1.0	99475.95	1.0	0.0	0.0
r1995	689.0	67.0	9.0	157094.78	1.0	1.0	1.0	99490.01	1.0	0.0	1.0
r4373	581.0	24.0	10.0	159203.71	1.0	1.0	1.0	102517.83	0.0	1.0	0.0
r3257	627.0	55.0	2.0	159441.27	1.0	1.0	0.0	100686.11	0.0	0.0	0.0
r4601	532.0	42.0	1.0	159024.71	1.0	1.0	0.0	100982.93	0.0	0.0	1.0
r4537	517.0	59.0	8.0	154110.99	2.0	1.0	0.0	101240.08	1.0	0.0	0.0
r2986	721.0	28.0	9.0	154475.54	2.0	0.0	1.0	101300.94	1.0	0.0	1.0
r683	681.0	38.0	6.0	153722.47	1.0	1.0	0.0	101319.76	0.0	0.0	1.0
r1973	430.0	38.0	8.0	153058.64	1.0	1.0	0.0	99377.27	1.0	0.0	0.0
r148	845.0	43.0	3.0	152063.59	2.0	1.0	0.0	97910.06	1.0	0.0	0.0
r2423	799.0	52.0	4.0	161209.66	1.0	1.0	1.0	89081.41	0.0	0.0	0.0
r1760	645.0	49.0	4.0	160133.88	1.0	0.0	1.0	88391.97	1.0	0.0	1.0
r1602	525.0	35.0	7.0	165358.77	1.0	0.0	1.0	94738.54	0.0	0.0	1.0
r4944	617.0	51.0	10.0	167273.71	1.0	0.0	0.0	93439.75	1.0	0.0	0.0
r4552	612.0	46.0	9.0	161450.03	1.0	1.0	1.0	96961.0	1.0	0.0	1.0
r477	669.0	43.0	1.0	160474.59	1.0	1.0	1.0	95963.14	0.0	0.0	0.0
r543	707.0	34.0	9.0	162691.16	2.0	1.0	0.0	94912.78	1.0	0.0	1.0
r1497	759.0	33.0	9.0	160541.36	2.0	0.0	0.0	93541.14	0.0	0.0	0.0
r4263	743.0	43.0	2.0	161807.18	2.0	0.0	1.0	93228.86	0.0	1.0	1.0
r341	558.0	40.0	4.0	161766.87	1.0	0.0	0.0	92378.54	0.0	1.0	1.0
r4366	760.0	38.0	6.0	162888.73	1.0	1.0	0.0	91098.76	0.0	0.0	1.0
r4660	670.0	57.0	3.0	175575.95	2.0	1.0	0.0	99061.75	0.0	1.0	0.0
r4182	570.0	30.0	10.0	176173.52	1.0	1.0	0.0	97045.32	0.0	0.0	0.0
r1009	581.0	43.0	4.0	170172.9	1.0	0.0	1.0	100236.02	0.0	1.0	0.0
r505	819.0	28.0	8.0	168253.21	1.0	1.0	1.0	102799.14	0.0	1.0	0.0
r1491	691.0	38.0	9.0	163965.69	2.0	0.0	1.0	103511.26	1.0	0.0	1.0
r3385	668.0	24.0	7.0	173962.32	1.0	0.0	0.0	106457.11	0.0	1.0	0.0
r2167	637.0	43.0	3.0	172196.23	1.0	1.0	1.0	104769.96	0.0	1.0	1.0
r2856	806.0	36.0	8.0	167983.17	2.0	1.0	1.0	106714.28	1.0	0.0	1.0
r3074	721.0	51.0	0.0	169312.13	1.0	1.0	0.0	109078.35	0.0	1.0	1.0
r2324	578.0	30.0	4.0	169462.09	1.0	1.0	0.0	112187.11	0.0	0.0	1.0
r3138	636.0	48.0	1.0	170833.46	1.0	1.0	0.0	110510.28	0.0	0.0	0.0
r10	606.0	27.0	6.0	172310.33	1.0	0.0	1.0	111448.92	1.0	0.0	0.0
r3400	655.0	38.0	3.0	250898.09	3.0	0.0	1.0	81054.0	0.0	1.0	1.0
r4769	749.0	42.0	9.0	222267.63	1.0	0.0	0.0	101108.85	0.0	1.0	1.0
r2077	573.0	35.0	9.0	206868.78	2.0	0.0	1.0	102986.15	1.0	0.0	0.0
r830	597.0	60.0	0.0	78539.84	1.0	0.0	1.0	48502.88	1.0	0.0	0.0
r211	603.0	39.0	9.0	76769.68	1.0	0.0	0.0	48224.72	0.0	0.0	0.0
r2419	663.0	45.0	5.0	83195.12	1.0	1.0	1.0	48682.1	0.0	0.0	1.0
r4413	478.0	48.0	0.0	83287.05	2.0	0.0	1.0	44147.95	0.0	1.0	1.0
r167	674.0	38.0	10.0	83727.68	1.0	1.0	0.0	45418.12	1.0	0.0	0.0
r4119	737.0	43.0	0.0	80090.93	1.0	1.0	0.0	39920.0	0.0	0.0	1.0
r497	668.0	39.0	4.0	79896.0	1.0	1.0	0.0	38466.39	1.0	0.0	1.0
r3117	663.0	36.0	6.0	77253.5	1.0	0.0	0.0	35817.97	1.0	0.0	0.0
r469	673.0	69.0	3.0	78833.15	2.0	1.0	1.0	37196.15	1.0	0.0	0.0
r2899	717.0	28.0	9.0	82498.14	2.0	0.0	0.0	40437.67	1.0	0.0	0.0
r2345	622.0	39.0	9.0	83456.79	2.0	0.0	0.0	38882.34	0.0	0.0	0.0
r1721	652.0	42.0	3.0	83492.07	2.0	1.0	0.0	37914.12	0.0	1.0	0.0
r340	636.0	34.0	1.0	84055.43	1.0	0.0	0.0	37490.84	0.0	0.0	1.0
r2306	615.0	64.0	0.0	81564.1	2.0	0.0	1.0	35896.09	0.0	0.0	1.0
r1238	640.0	33.0	8.0	81677.22	2.0	0.0	0.0	34925.56	1.0	0.0	1.0
r4322	840.0	51.0	1.0	87779.83	1.0	0.0	1.0	36687.11	1.0	0.0	0.0
r2811	780.0	47.0	7.0	86006.21	1.0	1.0	1.0	37973.13	0.0	1.0	1.0
r2059	562.0	75.0	5.0	87140.85	1.0	1.0	1.0	39351.64	0.0	0.0	1.0
r3788	620.0	70.0	3.0	87926.24	2.0	1.0	0.0	33350.26	0.0	0.0	0.0
r4054	731.0	49.0	4.0	88826.07	1.0	1.0	1.0	33759.41	1.0	0.0	0.0
r2819	536.0	22.0	5.0	89492.62	1.0	0.0	0.0	42934.43	0.0	0.0	0.0
r1376	737.0	70.0	9.0	87542.89	2.0	1.0	1.0	42576.86	0.0	0.0	0.0
r1741	721.0	43.0	3.0	88798.34	1.0	0.0	0.0	45610.63	0.0	1.0	1.0
r1349	765.0	45.0	2.0	91549.78	1.0	1.0	1.0	47139.44	0.0	1.0	1.0
r600	621.0	34.0	2.0	91258.52	2.0	1.0	0.0	44857.4	1.0	0.0	0.0
r2976	601.0	42.0	1.0	98495.72	1.0	1.0	0.0	40014.76	1.0	0.0	1.0
r1322	602.0	34.0	8.0	98382.72	1.0	1.0	0.0	39542.0	0.0	1.0	1.0
r1197	642.0	32.0	7.0	100433.8	1.0	1.0	1.0	39768.59	0.0	1.0	1.0
r1247	662.0	64.0	0.0	98848.19	1.0	0.0	1.0	42730.12	0.0	0.0	1.0
r4721	802.0	60.0	3.0	92887.06	1.0	1.0	0.0	39473.63	0.0	0.0	0.0
r2284	647.0	64.0	1.0	91216.0	1.0	1.0	1.0	41800.18	0.0	1.0	0.0
r3334	647.0	44.0	4.0	93960.35	1.0	1.0	0.0	36579.53	1.0	0.0	1.0
r2351	850.0	53.0	2.0	94078.97	2.0	1.0	0.0	36980.54	1.0	0.0	1.0
r1908	850.0	40.0	6.0	94607.08	1.0	1.0	0.0	36690.49	1.0	0.0	1.0
r2847	693.0	37.0	6.0	95900.04	1.0	1.0	1.0	38196.24	1.0	0.0	0.0
r280	544.0	23.0	1.0	96471.2	1.0	1.0	0.0	35550.97	0.0	0.0	1.0
r3022	733.0	34.0	3.0	100337.96	3.0	1.0	0.0	48559.19	1.0	0.0	1.0
r1298	658.0	31.0	5.0	100082.14	1.0	0.0	1.0	49809.88	0.0	0.0	1.0
r1027	614.0	32.0	7.0	99462.8	2.0	1.0	1.0	51117.06	1.0	0.0	1.0
r571	486.0	37.0	1.0	101438.0	1.0	0.0	0.0	51364.56	1.0	0.0	1.0
r442	470.0	30.0	3.0	101140.76	1.0	1.0	1.0	50906.65	0.0	0.0	1.0
r1597	600.0	50.0	6.0	94684.27	1.0	1.0	1.0	50488.91	0.0	1.0	0.0
r3790	685.0	50.0	6.0	94238.75	2.0	1.0	1.0	50664.07	0.0	0.0	0.0
r4812	567.0	54.0	9.0	96402.96	1.0	0.0	0.0	52035.29	0.0	0.0	1.0
r2338	541.0	40.0	7.0	95710.11	2.0	1.0	0.0	49063.42	1.0	0.0	1.0
r633	833.0	29.0	1.0	96462.25	2.0	0.0	1.0	48986.18	1.0	0.0	1.0
r470	608.0	28.0	4.0	96679.71	1.0	1.0	1.0	49133.45	1.0	0.0	1.0
r307	622.0	33.0	3.0	96926.12	2.0	1.0	0.0	48553.77	1.0	0.0	1.0
r4295	602.0	53.0	5.0	98268.84	1.0	0.0	1.0	45038.29	1.0	0.0	0.0
r1740	607.0	36.0	4.0	98266.3	1.0	1.0	1.0	46416.36	0.0	1.0	0.0
r320	792.0	42.0	0.0	99045.93	2.0	1.0	0.0	47160.01	0.0	0.0	0.0
r262	429.0	24.0	4.0	95741.75	1.0	1.0	0.0	46170.75	0.0	0.0	1.0
r40	581.0	24.0	3.0	95508.2	1.0	1.0	1.0	45755.0	0.0	0.0	0.0
r3952	566.0	35.0	1.0	123042.0	1.0	1.0	0.0	66245.44	1.0	0.0	0.0
r1754	637.0	30.0	6.0	122641.56	2.0	1.0	0.0	65618.01	1.0	0.0	1.0
r3742	666.0	44.0	2.0	122314.5	1.0	0.0	0.0	68574.88	1.0	0.0	0.0
r1282	716.0	27.0	1.0	122552.34	2.0	1.0	0.0	67611.36	1.0	0.0	1.0
r1669	671.0	48.0	6.0	119769.77	1.0	0.0	1.0	66032.65	0.0	0.0	0.0
r3455	589.0	55.0	7.0	119961.48	1.0	1.0	0.0	65156.83	1.0	0.0	1.0
r1575	714.0	26.0	3.0	119545.48	2.0	1.0	0.0	65482.94	1.0	0.0	1.0
r3300	601.0	48.0	8.0	120782.7	1.0	1.0	0.0	63940.68	1.0	0.0	0.0
r3113	738.0	43.0	9.0	121152.05	2.0	1.0	0.0	64166.7	1.0	0.0	1.0
r2582	780.0	76.0	10.0	121313.88	1.0	0.0	1.0	64872.33	0.0	0.0	1.0
r3778	629.0	40.0	2.0	121647.54	2.0	1.0	1.0	64849.74	1.0	0.0	1.0
r1261	712.0	35.0	7.0	124616.23	1.0	1.0	1.0	69320.97	0.0	0.0	1.0
r3751	850.0	62.0	1.0	124678.35	1.0	1.0	0.0	70916.0	0.0	0.0	0.0
r1039	561.0	28.0	6.0	123692.0	1.0	1.0	1.0	70548.96	0.0	1.0	1.0
r894	775.0	40.0	9.0	126212.64	1.0	1.0	0.0	70196.57	0.0	0.0	1.0
r3164	614.0	35.0	6.0	128100.28	1.0	0.0	0.0	69454.24	1.0	0.0	0.0
r3816	632.0	48.0	6.0	126066.26	1.0	1.0	0.0	64345.61	1.0	0.0	1.0
r3991	562.0	51.0	1.0	124662.54	1.0	1.0	1.0	65390.46	0.0	0.0	0.0
r4645	410.0	33.0	6.0	125789.69	1.0	0.0	0.0	66333.56	0.0	0.0	1.0
r4333	850.0	49.0	6.0	128663.9	1.0	1.0	0.0	65769.3	0.0	0.0	1.0
r177	496.0	32.0	4.0	127845.83	1.0	1.0	0.0	66469.2	0.0	0.0	1.0
r4252	762.0	46.0	6.0	123571.77	3.0	0.0	1.0	57014.17	1.0	0.0	1.0
r4918	659.0	29.0	6.0	123192.12	1.0	1.0	1.0	56971.41	0.0	0.0	1.0
r913	590.0	24.0	7.0	126431.54	1.0	1.0	0.0	58781.11	0.0	0.0	1.0
r3647	580.0	50.0	0.0	125647.36	1.0	1.0	0.0	57541.08	0.0	0.0	1.0
r2160	618.0	21.0	2.0	125682.79	1.0	0.0	0.0	57762.0	0.0	0.0	0.0
r4679	642.0	36.0	2.0	124495.98	3.0	1.0	1.0	57904.22	1.0	0.0	0.0
r3723	677.0	56.0	5.0	123959.97	1.0	1.0	1.0	60590.72	0.0	1.0	1.0
r2349	633.0	26.0	8.0	124281.84	1.0	1.0	1.0	60116.57	0.0	0.0	0.0
r1269	555.0	37.0	9.0	124969.13	1.0	1.0	0.0	60194.05	0.0	0.0	1.0
r3204	434.0	58.0	9.0	125801.03	2.0	1.0	0.0	60891.8	1.0	0.0	0.0
r4538	535.0	30.0	5.0	122924.75	1.0	0.0	0.0	62390.59	0.0	1.0	0.0
r461	616.0	45.0	4.0	122793.96	1.0	1.0	1.0	62002.04	1.0	0.0	0.0
r4409	805.0	50.0	9.0	130023.38	1.0	1.0	0.0	62989.82	1.0	0.0	1.0
r4917	550.0	42.0	10.0	128707.31	1.0	1.0	0.0	63092.65	1.0	0.0	0.0
r1901	781.0	38.0	3.0	128345.69	2.0	1.0	0.0	63218.85	0.0	0.0	0.0
r4646	642.0	39.0	8.0	128264.03	1.0	1.0	0.0	61792.76	1.0	0.0	0.0
r1262	741.0	38.0	4.0	128015.83	1.0	1.0	0.0	58440.43	1.0	0.0	1.0
r1579	457.0	33.0	7.0	127837.54	1.0	0.0	1.0	60013.17	0.0	0.0	0.0
r3671	599.0	28.0	4.0	126833.79	2.0	1.0	0.0	60843.09	0.0	1.0	0.0
r4154	535.0	38.0	8.0	127475.24	1.0	0.0	0.0	60775.76	1.0	0.0	1.0
r4482	682.0	38.0	1.0	116520.28	1.0	1.0	1.0	49833.5	1.0	0.0	0.0
r1878	691.0	29.0	9.0	116536.43	1.0	1.0	0.0	51987.99	0.0	0.0	0.0
r4461	655.0	34.0	7.0	118028.35	1.0	1.0	0.0	51226.32	1.0	0.0	1.0
r2913	485.0	21.0	5.0	113157.22	1.0	1.0	1.0	54141.5	0.0	1.0	0.0
r1880	550.0	40.0	7.0	114354.95	1.0	1.0	0.0	54018.93	0.0	0.0	0.0
r1368	667.0	36.0	1.0	114391.62	1.0	1.0	1.0	53412.54	1.0	0.0	0.0
r4406	646.0	44.0	2.0	113063.83	1.0	0.0	0.0	53072.49	1.0	0.0	0.0
r955	615.0	39.0	5.0	113193.51	2.0	1.0	1.0	52166.25	1.0	0.0	1.0
r4922	769.0	34.0	7.0	115101.5	1.0	0.0	0.0	57841.89	1.0	0.0	1.0
r3095	583.0	54.0	6.0	115988.86	1.0	1.0	0.0	57553.98	1.0	0.0	0.0
r3168	521.0	52.0	5.0	116497.31	3.0	0.0	0.0	53793.1	1.0	0.0	1.0
r3016	539.0	43.0	3.0	116220.5	3.0	1.0	0.0	55803.96	1.0	0.0	0.0
r438	662.0	34.0	2.0	117731.79	2.0	0.0	1.0	55120.79	0.0	0.0	1.0
r3525	461.0	51.0	9.0	119889.84	1.0	0.0	0.0	56767.67	0.0	0.0	1.0
r3084	647.0	51.0	1.0	119741.77	2.0	0.0	0.0	54954.51	1.0	0.0	0.0
r1257	597.0	43.0	7.0	119127.46	2.0	1.0	0.0	55809.92	1.0	0.0	0.0
r4750	651.0	29.0	3.0	121890.06	1.0	1.0	0.0	54530.51	1.0	0.0	1.0
r3726	750.0	47.0	7.0	121376.15	2.0	1.0	0.0	54473.6	0.0	0.0	0.0
r2846	760.0	34.0	6.0	121303.77	2.0	1.0	1.0	59325.21	1.0	0.0	1.0
r4372	802.0	39.0	7.0	120145.96	2.0	0.0	1.0	59497.01	0.0	0.0	0.0
r3256	630.0	40.0	0.0	118633.08	1.0	0.0	1.0	60032.46	0.0	0.0	0.0
r3840	598.0	59.0	8.0	118210.42	2.0	0.0	0.0	60192.14	1.0	0.0	1.0
r473	572.0	26.0	4.0	118287.01	2.0	0.0	0.0	60427.3	1.0	0.0	1.0
r293	690.0	26.0	3.0	118097.87	1.0	1.0	0.0	61257.83	0.0	0.0	0.0
r3830	678.0	26.0	5.0	111128.04	1.0	1.0	0.0	60941.27	0.0	0.0	1.0
r779	649.0	39.0	3.0	113096.41	1.0	1.0	1.0	60335.24	0.0	0.0	1.0
r4227	519.0	38.0	1.0	114141.64	1.0	1.0	1.0	60988.21	1.0	0.0	1.0
r4841	781.0	38.0	2.0	117810.79	1.0	0.0	1.0	65632.33	0.0	0.0	1.0
r2135	643.0	34.0	8.0	117451.47	1.0	1.0	0.0	65374.86	0.0	1.0	0.0
r3373	719.0	47.0	9.0	116393.59	1.0	1.0	0.0	63051.32	0.0	1.0	0.0
r4049	740.0	57.0	3.0	113386.36	2.0	1.0	1.0	65121.63	1.0	0.0	0.0
r2295	676.0	40.0	8.0	114005.78	1.0	1.0	1.0	67998.45	0.0	0.0	1.0
r3612	546.0	74.0	8.0	114888.74	2.0	1.0	1.0	66732.63	1.0	0.0	0.0
r2069	508.0	44.0	3.0	115451.05	2.0	0.0	0.0	67234.33	0.0	0.0	1.0
r2679	568.0	27.0	1.0	116320.68	1.0	0.0	1.0	45563.94	0.0	1.0	0.0
r3018	659.0	67.0	6.0	117411.6	1.0	1.0	1.0	45071.09	1.0	0.0	1.0
r3296	651.0	42.0	1.0	116646.76	1.0	1.0	0.0	44731.8	1.0	0.0	0.0
r4441	736.0	42.0	7.0	117280.23	3.0	0.0	0.0	41921.06	0.0	0.0	0.0
r3944	443.0	50.0	3.0	117206.3	1.0	1.0	0.0	42840.18	1.0	0.0	1.0
r3036	716.0	39.0	10.0	115301.31	1.0	1.0	0.0	43527.4	1.0	0.0	0.0
r4604	634.0	56.0	3.0	116251.24	1.0	0.0	1.0	42429.88	1.0	0.0	0.0
r650	610.0	36.0	7.0	115462.02	1.0	0.0	1.0	42581.04	1.0	0.0	1.0
r4138	526.0	35.0	9.0	118536.4	1.0	1.0	0.0	40980.87	1.0	0.0	0.0
r3282	596.0	30.0	6.0	121345.88	4.0	1.0	0.0	41921.75	0.0	1.0	1.0
r3839	550.0	52.0	5.0	121016.23	1.0	1.0	1.0	41730.37	1.0	0.0	1.0
r2525	779.0	24.0	10.0	122200.31	2.0	1.0	0.0	43705.56	1.0	0.0	0.0
r3628	555.0	62.0	4.0	119817.33	1.0	0.0	1.0	43507.1	1.0	0.0	1.0
r3221	693.0	44.0	5.0	124601.58	2.0	1.0	1.0	46998.13	1.0	0.0	1.0
r3798	657.0	38.0	5.0	123770.46	1.0	0.0	0.0	47019.66	1.0	0.0	0.0
r2877	526.0	34.0	3.0	122726.56	1.0	1.0	1.0	46772.36	1.0	0.0	1.0
r4026	547.0	49.0	8.0	121537.71	2.0	1.0	0.0	46521.45	1.0	0.0	1.0
r4358	604.0	53.0	2.0	121389.78	1.0	1.0	1.0	48201.64	0.0	0.0	0.0
r4965	762.0	35.0	3.0	119349.69	3.0	1.0	1.0	47114.18	0.0	1.0	0.0
r1788	606.0	40.0	6.0	119501.88	2.0	1.0	0.0	46774.94	0.0	0.0	1.0
r4752	604.0	47.0	4.0	118907.6	1.0	0.0	1.0	47777.15	1.0	0.0	0.0
r4562	842.0	35.0	9.0	119948.09	1.0	1.0	0.0	48217.97	1.0	0.0	0.0
r3932	850.0	42.0	8.0	119839.69	1.0	0.0	1.0	51016.02	1.0	0.0	1.0
r2456	682.0	81.0	6.0	122029.15	1.0	1.0	1.0	50783.88	1.0	0.0	1.0
r1633	575.0	29.0	4.0	121823.4	2.0	1.0	1.0	50368.87	0.0	0.0	1.0
r3418	634.0	46.0	5.0	123642.36	1.0	1.0	1.0	49725.16	1.0	0.0	0.0
r2806	563.0	35.0	3.0	106250.72	1.0	0.0	0.0	39546.32	0.0	0.0	1.0
r4673	555.0	42.0	6.0	107104.5	1.0	1.0	1.0	41304.44	1.0	0.0	1.0
r1138	585.0	28.0	6.0	105795.9	1.0	1.0	1.0	41219.09	0.0	0.0	0.0
r2892	850.0	30.0	3.0	104911.35	2.0	1.0	1.0	42933.26	1.0	0.0	0.0
r1868	746.0	29.0	4.0	105599.67	1.0	1.0	1.0	43106.17	0.0	0.0	0.0
r4010	502.0	57.0	3.0	101465.31	1.0	1.0	0.0	43568.31	1.0	0.0	0.0
r1149	850.0	38.0	7.0	101985.81	2.0	0.0	0.0	43801.27	1.0	0.0	1.0
r524	733.0	35.0	8.0	102918.38	1.0	1.0	1.0	45959.86	0.0	1.0	1.0
r4830	768.0	47.0	5.0	104552.61	1.0	1.0	0.0	48137.08	1.0	0.0	0.0
r2064	662.0	42.0	6.0	105021.28	1.0	1.0	0.0	48242.38	0.0	1.0	0.0
r4452	580.0	45.0	8.0	103741.14	1.0	1.0	0.0	47428.73	1.0	0.0	1.0
r2344	601.0	26.0	7.0	105514.69	2.0	1.0	0.0	50070.59	1.0	0.0	0.0
r4247	835.0	47.0	5.0	108289.28	2.0	1.0	1.0	45859.55	1.0	0.0	0.0
r4734	680.0	30.0	4.0	108300.27	2.0	0.0	1.0	44384.57	1.0	0.0	1.0
r4978	505.0	33.0	3.0	106506.77	3.0	1.0	0.0	45445.78	1.0	0.0	0.0
r1430	726.0	56.0	2.0	105473.74	1.0	1.0	1.0	46044.7	0.0	1.0	0.0
r1801	706.0	29.0	5.0	112564.62	1.0	1.0	0.0	42334.38	0.0	0.0	0.0
r3439	491.0	57.0	4.0	112044.72	1.0	1.0	1.0	41229.73	1.0	0.0	0.0
r673	669.0	31.0	6.0	113000.66	1.0	1.0	0.0	40467.82	0.0	0.0	0.0
r4265	554.0	54.0	6.0	108755.0	1.0	1.0	0.0	40914.32	1.0	0.0	0.0
r4502	768.0	37.0	9.0	108308.11	1.0	1.0	0.0	41788.25	1.0	0.0	1.0
r3567	432.0	45.0	3.0	110219.14	1.0	1.0	0.0	43046.7	1.0	0.0	0.0
r667	759.0	31.0	1.0	109848.6	1.0	1.0	1.0	42012.55	0.0	0.0	0.0
r4400	572.0	39.0	4.0	112290.22	1.0	1.0	0.0	49373.97	1.0	0.0	1.0
r2696	630.0	36.0	2.0	110414.48	1.0	1.0	1.0	48984.95	0.0	0.0	0.0
r3270	697.0	56.0	5.0	110802.03	1.0	1.0	1.0	50230.31	0.0	1.0	1.0
r405	620.0	40.0	5.0	108197.11	2.0	1.0	0.0	49722.34	1.0	0.0	1.0
r3177	631.0	40.0	3.0	107949.45	1.0	1.0	0.0	52449.62	1.0	0.0	1.0
r2763	716.0	31.0	8.0	109578.04	2.0	1.0	1.0	51503.51	0.0	0.0	1.0
r3414	745.0	55.0	9.0	110123.59	1.0	0.0	1.0	51548.14	0.0	0.0	0.0
r360	679.0	38.0	7.0	110555.37	2.0	1.0	0.0	46522.68	1.0	0.0	1.0
r1115	549.0	37.0	2.0	112541.54	2.0	0.0	0.0	47432.43	0.0	0.0	1.0
r4003	628.0	38.0	10.0	113525.84	1.0	1.0	0.0	46044.48	1.0	0.0	1.0
r1199	497.0	24.0	6.0	111769.14	2.0	1.0	0.0	55859.27	1.0	0.0	1.0
r2104	520.0	32.0	5.0	110029.77	1.0	1.0	0.0	56246.69	1.0	0.0	1.0
r3301	571.0	42.0	4.0	108825.34	3.0	1.0	0.0	55558.51	0.0	0.0	0.0
r1761	836.0	32.0	4.0	109196.67	2.0	1.0	0.0	55218.02	1.0	0.0	0.0
r4201	517.0	53.0	0.0	109172.88	1.0	1.0	0.0	54676.1	1.0	0.0	1.0
r2070	434.0	41.0	4.0	108128.52	1.0	0.0	1.0	56784.11	0.0	0.0	1.0
r364	583.0	39.0	8.0	102945.01	1.0	0.0	0.0	52861.89	1.0	0.0	1.0
r1157	514.0	46.0	3.0	106511.85	1.0	1.0	0.0	55072.32	0.0	0.0	0.0
r4956	627.0	24.0	5.0	102773.2	2.0	1.0	0.0	56793.02	1.0	0.0	1.0
r4578	594.0	23.0	4.0	104753.84	2.0	1.0	0.0	56756.52	1.0	0.0	0.0
r962	559.0	36.0	1.0	104356.94	2.0	0.0	1.0	54184.06	1.0	0.0	0.0
r3267	504.0	56.0	9.0	104217.3	1.0	0.0	0.0	55857.48	1.0	0.0	1.0
r445	652.0	35.0	7.0	104015.54	2.0	1.0	1.0	55207.88	1.0	0.0	1.0
r4967	637.0	51.0	1.0	104682.83	1.0	1.0	0.0	55266.96	1.0	0.0	1.0
r4696	739.0	32.0	3.0	102128.27	1.0	1.0	0.0	63981.37	1.0	0.0	1.0
r2953	773.0	41.0	9.0	102827.44	1.0	0.0	1.0	64595.25	0.0	1.0	1.0
r2307	601.0	44.0	1.0	100486.18	2.0	1.0	1.0	62678.53	0.0	0.0	1.0
r4768	697.0	43.0	8.0	103409.16	1.0	1.0	0.0	66893.28	1.0	0.0	1.0
r4230	575.0	47.0	9.0	107915.94	2.0	1.0	1.0	63452.18	1.0	0.0	1.0
r4878	550.0	49.0	0.0	108806.96	3.0	1.0	0.0	61446.92	1.0	0.0	1.0
r3592	676.0	26.0	1.0	108348.66	1.0	0.0	0.0	60231.74	1.0	0.0	0.0
r4974	763.0	32.0	1.0	108465.65	2.0	1.0	0.0	60552.44	1.0	0.0	0.0
r1131	841.0	74.0	9.0	108131.53	1.0	0.0	1.0	60830.38	0.0	0.0	1.0
r4146	615.0	61.0	1.0	104267.7	1.0	1.0	0.0	62845.64	0.0	0.0	0.0
r1793	693.0	46.0	2.0	104763.41	1.0	1.0	1.0	62368.33	1.0	0.0	1.0
r4966	820.0	39.0	1.0	104614.29	1.0	1.0	0.0	61538.43	0.0	0.0	0.0
r1449	725.0	40.0	8.0	104149.66	1.0	1.0	0.0	62027.9	1.0	0.0	1.0
r3172	850.0	45.0	5.0	103909.86	1.0	1.0	0.0	60083.11	1.0	0.0	0.0
r2754	606.0	32.0	1.0	106301.85	2.0	0.0	1.0	59061.25	1.0	0.0	0.0
r4847	630.0	39.0	10.0	105473.74	1.0	0.0	0.0	58854.88	0.0	1.0	1.0
r4193	555.0	44.0	3.0	105770.7	3.0	1.0	0.0	60533.96	0.0	0.0	0.0
r1067	751.0	37.0	3.0	99773.85	2.0	1.0	0.0	54865.92	0.0	1.0	0.0
r767	625.0	41.0	6.0	97663.16	2.0	1.0	0.0	57128.78	0.0	0.0	1.0
r2061	670.0	54.0	2.0	95507.12	1.0	1.0	1.0	63213.31	0.0	0.0	0.0
r3677	742.0	43.0	6.0	97067.69	1.0	0.0	1.0	60920.03	1.0	0.0	0.0
r3904	850.0	70.0	1.0	96947.58	3.0	1.0	0.0	62282.99	1.0	0.0	0.0
r562	647.0	22.0	3.0	97975.82	2.0	0.0	1.0	62083.0	1.0	0.0	0.0
r2323	850.0	31.0	4.0	164672.66	1.0	0.0	1.0	61936.1	1.0	0.0	0.0
r2830	815.0	37.0	1.0	166115.42	1.0	1.0	0.0	67208.3	0.0	0.0	1.0
r4007	796.0	52.0	9.0	167194.36	1.0	1.0	1.0	62808.93	1.0	0.0	0.0
r101	619.0	33.0	2.0	167733.51	2.0	1.0	1.0	65222.48	0.0	0.0	0.0
r4020	478.0	38.0	4.0	171913.87	1.0	1.0	0.0	51820.87	0.0	0.0	0.0
r531	528.0	29.0	9.0	170214.23	2.0	1.0	0.0	49284.0	1.0	0.0	0.0
r3468	672.0	52.0	8.0	170008.84	1.0	0.0	0.0	56407.42	0.0	0.0	1.0
r2085	455.0	37.0	6.0	170057.62	1.0	0.0	1.0	54398.56	1.0	0.0	0.0
r1571	699.0	35.0	2.0	167455.66	2.0	1.0	1.0	55324.49	0.0	1.0	1.0
r540	730.0	25.0	5.0	167385.81	1.0	1.0	1.0	56307.51	0.0	1.0	1.0
r1727	612.0	39.0	5.0	170288.38	1.0	1.0	1.0	59601.15	0.0	1.0	1.0
r1750	850.0	40.0	4.0	166082.15	2.0	0.0	1.0	44406.17	1.0	0.0	1.0
r4291	601.0	48.0	9.0	163630.76	1.0	0.0	1.0	41816.49	1.0	0.0	1.0
r643	657.0	37.0	0.0	163607.18	1.0	0.0	1.0	44203.55	0.0	1.0	0.0
r1896	689.0	40.0	8.0	160272.27	1.0	1.0	0.0	49656.24	0.0	0.0	1.0
r1890	523.0	34.0	2.0	161588.89	1.0	1.0	1.0	51358.66	0.0	0.0	1.0
r4251	513.0	45.0	0.0	164649.52	3.0	1.0	0.0	49915.52	0.0	0.0	0.0
r925	701.0	41.0	9.0	164046.1	1.0	1.0	0.0	49405.93	1.0	0.0	1.0
r727	588.0	42.0	2.0	164307.77	1.0	1.0	0.0	48498.19	1.0	0.0	0.0
r2591	510.0	22.0	3.0	156834.34	1.0	0.0	0.0	44374.44	0.0	0.0	0.0
r235	553.0	35.0	2.0	158584.28	2.0	1.0	0.0	43640.16	1.0	0.0	1.0
r4995	498.0	42.0	3.0	152039.7	1.0	1.0	1.0	53445.17	1.0	0.0	1.0
r4481	568.0	36.0	10.0	153610.61	1.0	1.0	1.0	54083.8	0.0	1.0	0.0
r2159	730.0	35.0	0.0	155470.55	1.0	1.0	1.0	53718.28	0.0	0.0	0.0
r365	850.0	30.0	8.0	154870.28	1.0	1.0	1.0	54191.38	1.0	0.0	0.0
r4401	588.0	44.0	8.0	154409.74	1.0	1.0	0.0	49324.03	0.0	0.0	1.0
r1675	643.0	41.0	7.0	154902.66	1.0	1.0	1.0	49667.28	1.0	0.0	1.0
r2231	550.0	22.0	6.0	154377.3	1.0	1.0	1.0	51721.52	0.0	0.0	1.0
r3672	665.0	45.0	5.0	155447.65	2.0	1.0	0.0	51871.95	1.0	0.0	0.0
r2149	690.0	26.0	5.0	157624.84	1.0	1.0	1.0	49599.27	0.0	0.0	0.0
r108	633.0	61.0	3.0	157201.48	1.0	0.0	1.0	50368.63	0.0	0.0	1.0
r3239	635.0	50.0	7.0	159453.64	2.0	0.0	0.0	54560.79	0.0	1.0	1.0
r921	523.0	60.0	1.0	163894.35	1.0	0.0	1.0	57061.71	1.0	0.0	1.0
r999	790.0	25.0	5.0	152885.77	1.0	1.0	0.0	58214.79	1.0	0.0	0.0
r1949	604.0	25.0	5.0	157780.84	2.0	1.0	1.0	58426.81	1.0	0.0	0.0
r1004	613.0	33.0	3.0	155736.42	2.0	1.0	1.0	57751.21	1.0	0.0	1.0
r2007	567.0	45.0	1.0	157320.51	1.0	1.0	0.0	62193.92	0.0	1.0	0.0
r1679	755.0	30.0	6.0	154221.37	2.0	0.0	1.0	62688.55	1.0	0.0	0.0
r2774	445.0	64.0	2.0	136770.67	1.0	0.0	1.0	43678.06	0.0	0.0	1.0
r3260	487.0	46.0	4.0	135070.58	2.0	1.0	1.0	44244.49	1.0	0.0	0.0
r1037	711.0	34.0	4.0	133467.77	2.0	1.0	1.0	42976.64	1.0	0.0	1.0
r1353	807.0	40.0	1.0	134590.21	1.0	1.0	1.0	46253.65	1.0	0.0	0.0
r2723	751.0	28.0	10.0	132932.14	2.0	1.0	1.0	46630.47	1.0	0.0	0.0
r1266	552.0	38.0	10.0	132271.12	2.0	1.0	1.0	46562.02	1.0	0.0	1.0
r3511	612.0	47.0	6.0	130024.87	1.0	1.0	1.0	45750.21	1.0	0.0	0.0
r3341	663.0	32.0	8.0	130627.66	1.0	1.0	0.0	47161.25	1.0	0.0	1.0
r1808	759.0	74.0	6.0	128917.84	1.0	1.0	1.0	48244.64	0.0	1.0	0.0
r3121	742.0	36.0	2.0	129748.54	2.0	0.0	0.0	47271.61	1.0	0.0	0.0
r3442	630.0	50.0	3.0	129370.91	4.0	1.0	1.0	47775.34	1.0	0.0	1.0
r733	637.0	27.0	9.0	128940.24	1.0	1.0	0.0	46786.92	0.0	0.0	1.0
r572	555.0	29.0	4.0	128744.04	1.0	1.0	1.0	47454.93	0.0	0.0	1.0
r4786	753.0	36.0	7.0	128518.98	1.0	1.0	1.0	44567.83	0.0	0.0	0.0
r2321	498.0	29.0	8.0	127864.26	1.0	1.0	1.0	46677.9	0.0	1.0	1.0
r493	568.0	28.0	1.0	127289.28	1.0	0.0	0.0	45611.51	0.0	1.0	1.0
r2834	650.0	50.0	7.0	129667.77	1.0	0.0	0.0	42028.16	0.0	1.0	0.0
r2553	698.0	38.0	2.0	130015.24	1.0	1.0	1.0	41595.3	0.0	0.0	1.0
r1999	599.0	36.0	3.0	128960.21	2.0	1.0	1.0	40318.33	1.0	0.0	1.0
r3889	438.0	59.0	7.0	127197.14	1.0	1.0	0.0	51565.98	1.0	0.0	1.0
r3145	728.0	35.0	8.0	125884.95	2.0	1.0	0.0	54359.02	1.0	0.0	0.0
r3379	785.0	32.0	3.0	124493.03	2.0	0.0	1.0	52583.79	1.0	0.0	0.0
r4642	791.0	33.0	10.0	130229.71	2.0	0.0	0.0	54019.93	1.0	0.0	0.0
r595	512.0	36.0	0.0	129804.17	1.0	1.0	0.0	53020.9	0.0	0.0	1.0
r4484	737.0	39.0	7.0	130051.66	2.0	0.0	0.0	55356.39	0.0	1.0	0.0
r4360	638.0	33.0	5.0	129335.65	1.0	1.0	1.0	56585.2	1.0	0.0	0.0
r2745	676.0	30.0	1.0	128207.23	1.0	1.0	1.0	55400.17	0.0	0.0	1.0
r2302	690.0	31.0	2.0	137260.45	2.0	1.0	0.0	55387.28	1.0	0.0	1.0
r2273	707.0	33.0	8.0	136678.52	1.0	1.0	0.0	54290.62	0.0	0.0	1.0
r1811	679.0	52.0	9.0	135870.01	2.0	0.0	0.0	54038.62	1.0	0.0	1.0
r2997	683.0	29.0	0.0	133702.89	1.0	1.0	0.0	55582.54	0.0	1.0	1.0
r1535	587.0	33.0	6.0	132603.36	1.0	1.0	0.0	55775.72	1.0	0.0	1.0
r4640	704.0	31.0	5.0	132084.66	3.0	1.0	1.0	54474.48	0.0	0.0	1.0
r2453	618.0	40.0	1.0	133245.52	2.0	1.0	1.0	54495.82	1.0	0.0	0.0
r3232	593.0	32.0	9.0	134096.53	2.0	1.0	0.0	53931.05	1.0	0.0	0.0
r166	698.0	39.0	9.0	133191.19	2.0	0.0	1.0	53289.49	1.0	0.0	1.0
r3360	484.0	54.0	3.0	134388.11	1.0	0.0	0.0	49954.79	1.0	0.0	1.0
r2424	708.0	21.0	8.0	133974.36	2.0	1.0	0.0	50294.09	1.0	0.0	1.0
r1057	769.0	40.0	9.0	133871.05	1.0	1.0	1.0	50568.02	0.0	0.0	0.0
r3056	662.0	32.0	4.0	133950.37	1.0	1.0	1.0	48725.68	0.0	0.0	0.0
r3822	626.0	39.0	10.0	132287.92	3.0	1.0	1.0	51467.92	1.0	0.0	1.0
r721	745.0	40.0	6.0	131184.67	1.0	1.0	1.0	49815.62	0.0	0.0	0.0
r2612	643.0	36.0	0.0	148159.71	1.0	0.0	0.0	55835.66	0.0	0.0	1.0
r982	493.0	36.0	5.0	148667.81	2.0	1.0	0.0	56092.51	0.0	0.0	0.0
r4877	613.0	51.0	7.0	147262.11	1.0	1.0	1.0	53630.9	1.0	0.0	0.0
r2636	597.0	41.0	4.0	145809.53	2.0	1.0	1.0	52319.26	0.0	0.0	0.0
r1996	705.0	31.0	3.0	142905.51	1.0	1.0	1.0	58134.97	0.0	0.0	0.0
r3088	713.0	38.0	7.0	144606.22	1.0	1.0	1.0	56594.36	1.0	0.0	0.0
r4426	559.0	38.0	3.0	145874.35	1.0	1.0	0.0	56311.39	0.0	1.0	1.0
r4544	641.0	33.0	2.0	146193.6	2.0	1.0	1.0	55796.83	0.0	0.0	1.0
r4492	552.0	33.0	3.0	144962.74	1.0	1.0	0.0	58844.84	1.0	0.0	1.0
r1154	505.0	29.0	3.0	145541.56	2.0	1.0	1.0	58019.95	1.0	0.0	1.0
r4959	714.0	54.0	4.0	137986.58	2.0	0.0	1.0	51308.54	1.0	0.0	1.0
r4045	764.0	39.0	9.0	138341.51	1.0	1.0	0.0	50072.94	1.0	0.0	0.0
r3544	689.0	22.0	4.0	136444.25	1.0	1.0	0.0	51980.25	0.0	0.0	1.0
r1214	542.0	25.0	8.0	139330.1	1.0	0.0	0.0	54372.37	1.0	0.0	1.0
r394	678.0	28.0	5.0	138668.18	1.0	1.0	1.0	54144.01	0.0	1.0	1.0
r2875	762.0	29.0	6.0	141389.06	1.0	1.0	0.0	54122.89	0.0	0.0	1.0
r3897	626.0	38.0	7.0	141074.59	1.0	1.0	0.0	52795.56	0.0	0.0	1.0
r3025	479.0	35.0	4.0	138718.92	1.0	1.0	1.0	47251.79	1.0	0.0	1.0
r4197	656.0	46.0	7.0	141535.52	1.0	1.0	0.0	50595.15	1.0	0.0	0.0
r1137	666.0	41.0	10.0	141162.08	1.0	1.0	0.0	50908.48	0.0	0.0	0.0
r3764	595.0	46.0	5.0	142360.62	2.0	1.0	0.0	48421.4	1.0	0.0	1.0
r3615	680.0	51.0	5.0	143139.87	1.0	0.0	0.0	47795.43	1.0	0.0	0.0
r3752	772.0	51.0	9.0	143930.92	1.0	0.0	1.0	46675.51	1.0	0.0	0.0
r230	551.0	26.0	2.0	144258.52	1.0	1.0	0.0	49778.79	0.0	0.0	0.0
r2087	788.0	42.0	6.0	138650.49	2.0	1.0	0.0	64746.07	1.0	0.0	0.0
r2528	596.0	33.0	2.0	139451.67	1.0	0.0	0.0	63142.12	0.0	0.0	1.0
r2286	778.0	41.0	7.0	139706.31	1.0	1.0	0.0	63337.19	1.0	0.0	1.0
r1092	631.0	22.0	6.0	139129.92	1.0	1.0	1.0	63747.51	1.0	0.0	0.0
r4187	675.0	33.0	0.0	141816.25	1.0	1.0	0.0	64815.05	1.0	0.0	0.0
r2600	564.0	33.0	4.0	135946.26	1.0	1.0	0.0	63170.0	0.0	0.0	0.0
r1251	818.0	72.0	8.0	135290.42	2.0	1.0	1.0	63729.72	1.0	0.0	0.0
r2435	543.0	35.0	5.0	137482.19	1.0	0.0	0.0	62389.35	0.0	0.0	1.0
r1860	619.0	31.0	3.0	141751.82	1.0	0.0	1.0	61531.86	0.0	1.0	0.0
r1053	715.0	35.0	2.0	141005.47	1.0	1.0	1.0	60407.93	0.0	0.0	1.0
r777	826.0	26.0	5.0	142662.68	1.0	0.0	0.0	60285.3	0.0	0.0	1.0
r4239	477.0	47.0	9.0	144900.58	1.0	1.0	0.0	61315.37	0.0	0.0	1.0
r1959	563.0	36.0	4.0	143680.47	2.0	1.0	1.0	63531.19	0.0	1.0	0.0
r890	850.0	23.0	9.0	143054.85	1.0	0.0	1.0	62980.96	0.0	1.0	0.0
r48	646.0	43.0	8.0	143061.88	1.0	1.0	0.0	61937.6	0.0	0.0	0.0
r4205	748.0	39.0	9.0	132865.56	1.0	1.0	1.0	59636.43	0.0	0.0	0.0
r1360	756.0	37.0	3.0	132623.6	1.0	1.0	1.0	58974.0	0.0	0.0	1.0
r3247	535.0	48.0	5.0	134542.73	1.0	1.0	1.0	58203.67	1.0	0.0	1.0
r1085	552.0	38.0	9.0	134105.01	1.0	0.0	0.0	57850.1	0.0	0.0	0.0
r4068	386.0	53.0	1.0	131955.07	1.0	1.0	1.0	62514.65	0.0	1.0	0.0
r3626	692.0	41.0	8.0	130701.29	1.0	1.0	0.0	59354.24	1.0	0.0	0.0
r560	594.0	29.0	3.0	130830.22	1.0	1.0	0.0	61048.53	1.0	0.0	0.0
r1236	615.0	32.0	5.0	138521.83	1.0	1.0	1.0	56897.1	0.0	1.0	1.0
r4485	721.0	45.0	7.0	138523.2	1.0	0.0	0.0	59604.45	1.0	0.0	0.0
r4298	632.0	37.0	1.0	138207.08	1.0	1.0	0.0	60778.11	0.0	1.0	1.0
r4614	616.0	31.0	3.0	136789.14	1.0	1.0	0.0	59346.4	0.0	0.0	0.0
r33	850.0	41.0	3.0	136416.82	1.0	0.0	1.0	57844.26	0.0	0.0	1.0
r1724	589.0	50.0	5.0	144895.05	2.0	1.0	1.0	34941.23	1.0	0.0	0.0
r3059	621.0	46.0	6.0	141078.37	1.0	0.0	0.0	34580.8	1.0	0.0	1.0
r741	613.0	45.0	9.0	142765.24	2.0	1.0	0.0	34749.65	1.0	0.0	0.0
r474	625.0	37.0	4.0	142711.81	1.0	1.0	0.0	35625.41	1.0	0.0	0.0
r3528	729.0	62.0	4.0	140549.4	1.0	1.0	0.0	30990.16	0.0	0.0	0.0
r4680	703.0	39.0	1.0	141559.5	1.0	1.0	1.0	31257.1	1.0	0.0	1.0
r2279	728.0	28.0	4.0	142243.54	2.0	1.0	0.0	33074.51	0.0	0.0	0.0
r3715	650.0	64.0	7.0	142028.36	1.0	1.0	0.0	32275.09	0.0	0.0	0.0
r4115	588.0	48.0	1.0	143279.58	2.0	1.0	0.0	31580.8	1.0	0.0	0.0
r2907	559.0	40.0	5.0	139129.44	1.0	0.0	1.0	32635.54	0.0	1.0	0.0
r3539	569.0	42.0	9.0	146100.75	1.0	1.0	0.0	32574.01	1.0	0.0	0.0
r227	484.0	34.0	4.0	148249.54	1.0	0.0	1.0	33738.27	1.0	0.0	0.0
r4340	517.0	56.0	9.0	142147.32	1.0	0.0	0.0	39488.04	0.0	0.0	1.0
r1891	479.0	30.0	7.0	143964.36	2.0	1.0	0.0	41879.99	1.0	0.0	0.0
r1139	612.0	42.0	5.0	141927.1	1.0	1.0	1.0	43018.98	1.0	0.0	1.0
r1541	684.0	35.0	3.0	137179.39	1.0	1.0	1.0	37264.11	0.0	0.0	1.0
r2464	656.0	26.0	4.0	139584.57	1.0	1.0	0.0	36308.93	0.0	1.0	1.0
r2125	656.0	33.0	7.0	138705.02	2.0	1.0	0.0	37136.15	0.0	0.0	1.0
r3765	431.0	44.0	2.0	138843.7	1.0	1.0	0.0	37688.31	1.0	0.0	0.0
r1032	712.0	29.0	8.0	140170.61	1.0	1.0	1.0	38170.04	0.0	0.0	0.0
r3817	551.0	42.0	2.0	139561.46	1.0	1.0	0.0	43435.43	0.0	0.0	1.0
r4836	702.0	60.0	5.0	138597.54	2.0	1.0	1.0	41536.59	1.0	0.0	0.0
r4442	689.0	30.0	5.0	136650.89	1.0	1.0	1.0	41865.72	1.0	0.0	0.0
r3105	625.0	51.0	7.0	136294.97	1.0	1.0	0.0	38867.46	0.0	0.0	0.0
r2540	585.0	28.0	9.0	135337.49	2.0	1.0	1.0	40385.61	1.0	0.0	0.0
r2585	573.0	47.0	8.0	154543.98	1.0	1.0	0.0	29586.73	0.0	0.0	0.0
r1043	556.0	36.0	7.0	154872.08	2.0	1.0	1.0	32044.64	0.0	0.0	1.0
r518	663.0	40.0	6.0	156218.19	1.0	0.0	1.0	33607.72	0.0	0.0	1.0
r3835	627.0	44.0	6.0	153548.12	1.0	0.0	0.0	35300.08	0.0	0.0	1.0
r1924	665.0	25.0	5.0	153611.83	2.0	1.0	0.0	35321.65	1.0	0.0	1.0
r871	628.0	33.0	8.0	152143.89	1.0	1.0	1.0	32174.03	1.0	0.0	1.0
r2539	593.0	29.0	2.0	152265.43	1.0	1.0	0.0	34004.44	0.0	0.0	0.0
r4255	633.0	40.0	4.0	150578.0	1.0	0.0	1.0	34670.62	0.0	0.0	1.0
r254	816.0	25.0	2.0	150355.35	2.0	1.0	1.0	35770.84	1.0	0.0	0.0
r3180	512.0	36.0	4.0	152169.12	2.0	0.0	0.0	38629.3	0.0	0.0	1.0
r3070	572.0	48.0	3.0	152827.99	1.0	1.0	0.0	38411.79	1.0	0.0	0.0
r1454	511.0	41.0	8.0	153895.65	1.0	1.0	1.0	39087.42	1.0	0.0	0.0
r228	704.0	35.0	3.0	154206.07	2.0	1.0	1.0	40261.49	1.0	0.0	0.0
r3333	669.0	25.0	1.0	157848.53	1.0	0.0	0.0	37543.93	0.0	0.0	1.0
r892	659.0	78.0	2.0	151675.65	1.0	0.0	1.0	49978.67	0.0	1.0	1.0
r3895	756.0	41.0	6.0	149049.92	1.0	0.0	1.0	50422.36	1.0	0.0	1.0
r4421	805.0	56.0	6.0	151802.29	1.0	1.0	0.0	46791.09	1.0	0.0	1.0
r2121	750.0	38.0	5.0	151532.4	1.0	1.0	1.0	46555.15	0.0	0.0	1.0
r4110	577.0	44.0	1.0	152086.15	1.0	0.0	1.0	44719.5	1.0	0.0	0.0
r3953	683.0	42.0	4.0	148283.94	1.0	1.0	1.0	44692.63	0.0	0.0	0.0
r4647	606.0	25.0	3.0	147386.72	3.0	1.0	0.0	45482.04	0.0	1.0	0.0
r4883	710.0	62.0	9.0	148214.36	1.0	1.0	0.0	48571.14	1.0	0.0	0.0
r2990	625.0	56.0	0.0	148507.24	1.0	1.0	0.0	46824.08	1.0	0.0	1.0
r2785	582.0	52.0	2.0	151457.88	1.0	0.0	1.0	40893.61	0.0	0.0	1.0
r3767	710.0	41.0	9.0	149155.53	2.0	1.0	0.0	42131.26	1.0	0.0	0.0
r802	583.0	35.0	8.0	149995.72	2.0	1.0	0.0	42143.55	1.0	0.0	1.0
r4545	754.0	61.0	5.0	146622.35	1.0	1.0	1.0	41815.22	0.0	0.0	1.0
r2780	781.0	32.0	6.0	147107.91	1.0	1.0	1.0	40066.95	0.0	0.0	1.0
r3435	572.0	43.0	2.0	140431.98	1.0	1.0	0.0	26450.57	0.0	0.0	1.0
r3572	696.0	52.0	6.0	139781.06	1.0	1.0	0.0	27445.4	0.0	0.0	1.0
r2588	657.0	30.0	1.0	139762.13	2.0	1.0	1.0	23317.88	1.0	0.0	1.0
r785	706.0	24.0	2.0	141078.57	1.0	1.0	1.0	24402.87	0.0	1.0	1.0
r4665	750.0	36.0	7.0	136492.92	3.0	1.0	1.0	26500.29	0.0	0.0	1.0
r1898	580.0	35.0	10.0	136281.41	2.0	1.0	1.0	24799.47	1.0	0.0	1.0
r661	640.0	34.0	1.0	137523.02	1.0	0.0	0.0	24761.36	0.0	1.0	1.0
r1069	445.0	61.0	2.0	137655.31	1.0	0.0	1.0	29909.84	1.0	0.0	0.0
r3476	537.0	39.0	3.0	135309.36	1.0	1.0	0.0	31728.86	1.0	0.0	1.0
r975	606.0	39.0	8.0	136000.45	2.0	1.0	0.0	31708.53	1.0	0.0	1.0
r3193	833.0	59.0	1.0	130854.59	1.0	1.0	1.0	30722.52	1.0	0.0	1.0
r3473	798.0	49.0	5.0	132571.67	1.0	1.0	1.0	31686.33	1.0	0.0	0.0
r2978	738.0	58.0	2.0	133745.44	4.0	1.0	0.0	28373.86	1.0	0.0	1.0
r2970	475.0	45.0	0.0	134264.04	1.0	1.0	0.0	27822.99	0.0	0.0	0.0
r2564	655.0	20.0	7.0	134397.61	1.0	0.0	0.0	28029.54	0.0	0.0	0.0
r3611	850.0	47.0	10.0	134381.52	1.0	0.0	0.0	26812.89	1.0	0.0	0.0
r3099	819.0	39.0	9.0	133102.92	1.0	1.0	0.0	27046.46	0.0	0.0	0.0
r4700	767.0	45.0	7.0	132746.2	2.0	1.0	0.0	26628.88	1.0	0.0	0.0
r3674	671.0	34.0	5.0	130929.02	4.0	1.0	1.0	28238.25	0.0	1.0	0.0
r3861	502.0	42.0	0.0	132002.7	1.0	0.0	1.0	28204.98	1.0	0.0	0.0
r1884	734.0	34.0	6.0	133598.4	1.0	1.0	1.0	13107.24	0.0	0.0	1.0
r3061	542.0	39.0	3.0	135096.77	1.0	1.0	1.0	14353.43	0.0	0.0	1.0
r3101	459.0	48.0	4.0	133994.52	1.0	1.0	1.0	19287.06	1.0	0.0	1.0
r3996	580.0	24.0	1.0	133811.78	1.0	1.0	0.0	17185.95	1.0	0.0	1.0
r1488	645.0	55.0	1.0	133676.65	1.0	0.0	1.0	17095.49	0.0	1.0	0.0
r4661	787.0	43.0	0.0	132217.45	1.0	1.0	0.0	20955.03	1.0	0.0	1.0
r652	834.0	23.0	4.0	131254.81	1.0	1.0	0.0	20199.3	0.0	0.0	1.0
r4456	779.0	55.0	0.0	133295.98	1.0	1.0	0.0	22832.71	0.0	1.0	0.0
r464	820.0	33.0	2.0	132150.26	2.0	1.0	0.0	23067.97	0.0	0.0	1.0
r2152	556.0	40.0	9.0	129860.37	1.0	0.0	0.0	17992.94	0.0	0.0	0.0
r1800	603.0	43.0	5.0	127823.93	1.0	1.0	1.0	19483.35	0.0	0.0	1.0
r4468	793.0	54.0	2.0	128966.13	1.0	0.0	0.0	18633.4	1.0	0.0	1.0
r2362	768.0	43.0	2.0	129264.05	2.0	0.0	0.0	19150.14	1.0	0.0	0.0
r397	711.0	26.0	9.0	128793.63	1.0	1.0	0.0	19262.05	1.0	0.0	1.0
r3662	528.0	39.0	0.0	127631.62	1.0	0.0	1.0	22197.8	1.0	0.0	1.0
r2227	542.0	67.0	10.0	129431.36	1.0	0.0	1.0	21343.74	0.0	0.0	1.0
r1012	553.0	25.0	7.0	128524.19	2.0	1.0	0.0	20682.46	1.0	0.0	0.0
r270	608.0	37.0	2.0	130461.02	1.0	1.0	0.0	21967.15	0.0	1.0	1.0
r4122	677.0	34.0	3.0	126729.41	1.0	1.0	1.0	26106.39	1.0	0.0	1.0
r3484	660.0	41.0	1.0	129901.21	1.0	1.0	0.0	26025.6	1.0	0.0	1.0
r1120	629.0	37.0	6.0	129101.3	1.0	1.0	1.0	23971.33	0.0	0.0	0.0
r153	725.0	45.0	1.0	129855.32	1.0	0.0	0.0	24218.65	0.0	0.0	1.0
r3975	587.0	44.0	5.0	125584.17	2.0	1.0	1.0	41852.24	1.0	0.0	0.0
r1998	628.0	51.0	3.0	123981.31	2.0	1.0	1.0	40546.15	0.0	0.0	0.0
r4214	520.0	45.0	1.0	123086.39	1.0	1.0	1.0	41042.4	1.0	0.0	0.0
r2178	782.0	42.0	7.0	126428.38	1.0	1.0	0.0	39830.1	1.0	0.0	1.0
r4325	652.0	47.0	0.0	126597.89	2.0	1.0	1.0	38798.79	1.0	0.0	0.0
r4437	515.0	45.0	7.0	120961.5	3.0	1.0	1.0	39288.11	1.0	0.0	1.0
r4709	512.0	41.0	7.0	122403.24	1.0	0.0	1.0	37439.9	1.0	0.0	1.0
r267	633.0	34.0	3.0	123034.43	2.0	1.0	1.0	38315.04	0.0	0.0	0.0
r4746	710.0	43.0	9.0	128284.45	1.0	1.0	0.0	32996.89	0.0	0.0	1.0
r4082	496.0	55.0	4.0	125292.53	1.0	1.0	1.0	31532.96	1.0	0.0	0.0
r4968	467.0	28.0	10.0	126315.26	1.0	1.0	0.0	32349.29	1.0	0.0	1.0
r4688	684.0	37.0	1.0	126817.13	2.0	1.0	1.0	29995.83	1.0	0.0	1.0
r2933	850.0	33.0	0.0	124781.67	1.0	0.0	1.0	33700.52	0.0	0.0	1.0
r321	705.0	92.0	1.0	126076.24	2.0	1.0	1.0	34436.83	0.0	0.0	1.0
r4675	786.0	33.0	0.0	122325.58	1.0	0.0	0.0	34712.34	1.0	0.0	0.0
r3347	785.0	47.0	9.0	122031.55	1.0	1.0	1.0	33823.5	0.0	0.0	0.0
r4018	745.0	44.0	0.0	119638.21	1.0	1.0	1.0	34265.08	1.0	0.0	0.0
r1434	666.0	36.0	4.0	120165.4	2.0	1.0	0.0	33701.5	0.0	0.0	1.0
r3457	617.0	58.0	3.0	119024.75	2.0	1.0	0.0	35199.24	1.0	0.0	0.0
r2735	740.0	40.0	2.0	122295.17	2.0	1.0	1.0	30812.84	1.0	0.0	0.0
r3447	599.0	46.0	9.0	123444.72	1.0	1.0	1.0	31368.08	1.0	0.0	1.0
r4206	598.0	48.0	6.0	120682.53	1.0	1.0	0.0	30635.52	0.0	0.0	1.0
r771	850.0	31.0	3.0	121237.65	1.0	1.0	1.0	31022.56	0.0	1.0	0.0
r2310	519.0	57.0	2.0	119035.35	2.0	1.0	1.0	29871.79	0.0	1.0	0.0
r2860	599.0	28.0	7.0	119706.22	1.0	0.0	0.0	31190.42	0.0	0.0	1.0
r106	599.0	44.0	10.0	118577.24	1.0	1.0	1.0	31448.52	0.0	0.0	1.0
r1121	693.0	43.0	6.0	128760.32	1.0	1.0	0.0	36342.79	0.0	0.0	1.0
r3575	489.0	52.0	1.0	131441.51	1.0	1.0	0.0	37240.11	1.0	0.0	0.0
r1391	679.0	35.0	1.0	130463.55	2.0	1.0	1.0	37341.17	1.0	0.0	1.0
r248	828.0	34.0	8.0	129433.34	2.0	0.0	0.0	38131.77	0.0	0.0	1.0
r3664	632.0	44.0	3.0	133793.89	1.0	1.0	1.0	34607.14	0.0	0.0	0.0
r2802	726.0	37.0	2.0	132057.92	2.0	1.0	0.0	34743.98	0.0	0.0	1.0
r1100	641.0	42.0	9.0	132657.55	1.0	1.0	0.0	35367.19	0.0	1.0	1.0
r3287	606.0	48.0	4.0	132403.56	1.0	0.0	0.0	36091.91	1.0	0.0	1.0
r2298	586.0	29.0	2.0	132450.24	1.0	1.0	1.0	36176.63	0.0	1.0	1.0
r4429	588.0	49.0	6.0	132623.76	3.0	1.0	0.0	36292.94	1.0	0.0	1.0
r105	734.0	37.0	2.0	130404.92	1.0	0.0	0.0	34548.74	0.0	1.0	0.0
r965	626.0	27.0	4.0	115084.53	2.0	0.0	1.0	26907.43	1.0	0.0	1.0
r519	670.0	42.0	1.0	115961.58	2.0	0.0	1.0	29483.87	0.0	0.0	0.0
r3207	693.0	40.0	0.0	120711.73	1.0	0.0	0.0	27345.18	1.0	0.0	1.0
r2235	667.0	31.0	1.0	119266.69	1.0	1.0	1.0	28257.63	0.0	0.0	1.0
r4963	825.0	35.0	6.0	118336.95	1.0	1.0	0.0	26342.33	1.0	0.0	0.0
r3812	641.0	51.0	2.0	117306.69	4.0	1.0	1.0	26912.72	1.0	0.0	0.0
r3240	593.0	62.0	3.0	118233.81	1.0	0.0	1.0	24765.53	1.0	0.0	0.0
r1135	682.0	44.0	3.0	115282.3	1.0	0.0	0.0	23766.4	0.0	0.0	1.0
r3120	531.0	63.0	1.0	114715.71	1.0	0.0	1.0	24506.95	0.0	0.0	0.0
r4300	693.0	45.0	2.0	116546.59	2.0	0.0	0.0	23140.28	1.0	0.0	1.0
r1818	755.0	29.0	9.0	117035.89	1.0	1.0	1.0	21862.19	0.0	0.0	1.0
r2955	613.0	39.0	8.0	118201.41	1.0	1.0	0.0	23315.59	0.0	1.0	1.0
r4088	684.0	42.0	1.0	117691.0	1.0	1.0	1.0	23135.65	1.0	0.0	1.0
r1866	559.0	62.0	6.0	118756.62	1.0	1.0	1.0	20367.68	0.0	0.0	1.0
r2601	592.0	38.0	8.0	119278.01	2.0	0.0	1.0	19370.73	0.0	0.0	0.0
r1060	640.0	32.0	6.0	118879.35	2.0	1.0	1.0	19131.71	0.0	1.0	0.0
r4430	564.0	31.0	5.0	121461.87	1.0	1.0	1.0	20432.09	0.0	1.0	1.0
r3874	616.0	43.0	3.0	120867.18	1.0	1.0	0.0	18761.92	0.0	1.0	0.0
r2730	631.0	37.0	2.0	121801.72	2.0	0.0	1.0	23146.62	1.0	0.0	0.0
r3849	587.0	35.0	5.0	121863.61	1.0	1.0	1.0	23481.69	1.0	0.0	1.0
r4649	768.0	48.0	3.0	122831.58	1.0	1.0	1.0	24533.89	1.0	0.0	1.0
r4869	642.0	49.0	4.0	120688.61	1.0	1.0	0.0	24770.22	1.0	0.0	1.0
r352	599.0	25.0	6.0	120383.41	1.0	1.0	1.0	24903.09	0.0	0.0	1.0
r2469	705.0	38.0	3.0	123894.43	1.0	1.0	0.0	21177.1	0.0	0.0	0.0
r1705	510.0	50.0	7.0	123936.54	1.0	1.0	1.0	23768.01	1.0	0.0	0.0
r1663	619.0	52.0	8.0	124099.13	1.0	0.0	0.0	23904.52	1.0	0.0	0.0
r315	605.0	43.0	8.0	125338.8	2.0	1.0	0.0	23970.13	1.0	0.0	0.0
r2851	813.0	32.0	1.0	122889.88	1.0	1.0	1.0	26476.18	0.0	0.0	1.0
r4755	510.0	44.0	4.0	123070.89	1.0	1.0	0.0	28461.29	1.0	0.0	0.0
r1797	835.0	32.0	8.0	124993.29	2.0	1.0	1.0	27548.06	0.0	0.0	1.0
r2192	659.0	43.0	1.0	106086.42	2.0	1.0	0.0	26900.63	0.0	0.0	1.0
r3770	727.0	58.0	5.0	106913.43	1.0	1.0	0.0	25881.0	1.0	0.0	1.0
r1691	671.0	34.0	7.0	106603.74	2.0	1.0	1.0	26387.71	0.0	0.0	1.0
r3298	716.0	44.0	3.0	109528.28	1.0	1.0	0.0	27341.63	0.0	0.0	0.0
r4554	740.0	60.0	5.0	108028.08	2.0	0.0	0.0	25980.42	0.0	0.0	0.0
r1486	751.0	34.0	9.0	108513.25	2.0	1.0	1.0	27097.82	1.0	0.0	1.0
r1328	538.0	39.0	7.0	108055.1	2.0	1.0	0.0	27231.26	1.0	0.0	1.0
r2937	722.0	29.0	1.0	107233.85	2.0	1.0	0.0	24924.92	1.0	0.0	1.0
r4477	850.0	54.0	7.0	108185.81	2.0	0.0	0.0	24093.4	0.0	1.0	1.0
r4172	607.0	62.0	8.0	108004.64	1.0	1.0	1.0	23386.77	0.0	1.0	0.0
r2460	675.0	36.0	9.0	106190.55	1.0	0.0	1.0	22994.32	0.0	1.0	1.0
r4378	546.0	52.0	1.0	106074.89	1.0	1.0	1.0	23548.45	1.0	0.0	0.0
r2487	520.0	35.0	9.0	105387.89	1.0	1.0	1.0	25059.06	0.0	0.0	1.0
r4854	665.0	63.0	7.0	104469.58	1.0	1.0	1.0	25165.36	1.0	0.0	1.0
r458	543.0	71.0	1.0	104308.77	1.0	1.0	1.0	25650.04	0.0	0.0	0.0
r4513	699.0	64.0	9.0	113109.52	1.0	1.0	0.0	27980.8	0.0	0.0	1.0
r1922	488.0	43.0	10.0	112751.13	1.0	1.0	1.0	28332.0	0.0	0.0	1.0
r4099	831.0	44.0	3.0	111100.98	1.0	1.0	1.0	28144.07	1.0	0.0	1.0
r1274	631.0	35.0	9.0	112392.45	2.0	1.0	0.0	24472.23	0.0	0.0	1.0
r2348	683.0	30.0	8.0	110829.52	2.0	0.0	0.0	24938.84	0.0	0.0	1.0
r3338	770.0	45.0	4.0	110765.68	1.0	1.0	0.0	26163.74	1.0	0.0	1.0
r868	712.0	53.0	2.0	111061.01	2.0	0.0	0.0	26542.17	0.0	1.0	1.0
r2326	850.0	38.0	2.0	102741.15	2.0	0.0	1.0	23974.85	1.0	0.0	0.0
r1827	717.0	33.0	10.0	102185.42	2.0	1.0	0.0	23231.93	1.0	0.0	0.0
r984	687.0	35.0	8.0	100988.39	2.0	1.0	0.0	22247.27	0.0	1.0	1.0
r4872	675.0	38.0	1.0	104016.88	1.0	0.0	0.0	22068.83	0.0	0.0	0.0
r4094	813.0	36.0	6.0	98088.09	1.0	0.0	1.0	26687.22	1.0	0.0	0.0
r3888	719.0	37.0	9.0	101455.7	1.0	1.0	0.0	25803.59	0.0	0.0	0.0
r1780	632.0	43.0	2.0	100013.51	1.0	1.0	0.0	24275.32	0.0	0.0	1.0
r1370	681.0	38.0	2.0	99811.44	2.0	1.0	0.0	23531.5	0.0	1.0	1.0
r605	698.0	37.0	5.0	98400.61	2.0	0.0	0.0	25017.28	0.0	0.0	1.0
r4212	629.0	37.0	10.0	99546.25	3.0	0.0	1.0	25136.95	0.0	0.0	0.0
r4827	803.0	50.0	8.0	98173.02	1.0	0.0	0.0	22457.25	1.0	0.0	0.0
r158	647.0	32.0	5.0	97041.16	1.0	1.0	1.0	23132.73	0.0	0.0	1.0
r1110	705.0	36.0	1.0	111629.29	1.0	1.0	1.0	21807.16	0.0	1.0	1.0
r3736	770.0	70.0	9.0	110738.89	1.0	1.0	0.0	22666.77	0.0	0.0	0.0
r4861	682.0	52.0	5.0	112670.48	1.0	1.0	0.0	21085.17	0.0	0.0	0.0
r3294	694.0	31.0	6.0	109052.59	2.0	1.0	1.0	19448.93	1.0	0.0	1.0
r3424	728.0	46.0	2.0	109705.52	1.0	1.0	0.0	20276.87	0.0	0.0	0.0
r565	755.0	38.0	4.0	111096.91	1.0	1.0	1.0	19762.88	1.0	0.0	1.0
r3761	514.0	38.0	4.0	112230.38	1.0	1.0	0.0	16717.11	0.0	0.0	1.0
r4257	547.0	55.0	4.0	111362.76	3.0	1.0	0.0	16922.28	1.0	0.0	1.0
r4779	820.0	39.0	9.0	111336.89	1.0	1.0	0.0	16770.31	1.0	0.0	1.0
r3621	710.0	24.0	2.0	110407.44	2.0	0.0	0.0	15832.43	1.0	0.0	0.0
r1355	788.0	36.0	10.0	109632.85	1.0	1.0	1.0	16149.13	0.0	1.0	1.0
r3072	564.0	62.0	5.0	114931.35	3.0	0.0	1.0	18260.98	1.0	0.0	0.0
r2266	716.0	35.0	8.0	112808.18	1.0	0.0	1.0	17848.3	0.0	0.0	0.0
r3641	515.0	60.0	9.0	113715.36	1.0	1.0	0.0	18424.24	1.0	0.0	1.0
r151	678.0	40.0	4.0	113794.22	1.0	1.0	0.0	16618.76	0.0	1.0	0.0
r4826	653.0	41.0	1.0	104584.11	1.0	1.0	0.0	15126.32	1.0	0.0	1.0
r4256	395.0	34.0	5.0	106011.59	1.0	1.0	1.0	17376.57	1.0	0.0	0.0
r1407	646.0	29.0	4.0	105957.44	1.0	1.0	0.0	15470.91	1.0	0.0	0.0
r4980	771.0	50.0	3.0	105229.72	1.0	1.0	1.0	16281.68	0.0	0.0	1.0
r1662	787.0	35.0	1.0	106266.8	1.0	1.0	1.0	16607.15	0.0	0.0	0.0
r870	719.0	49.0	5.0	105918.1	1.0	1.0	1.0	16246.59	0.0	0.0	1.0
r3730	792.0	29.0	4.0	107601.79	1.0	1.0	0.0	18922.18	1.0	0.0	0.0
r2051	796.0	41.0	8.0	107525.07	1.0	1.0	0.0	18510.41	0.0	1.0	1.0
r1623	697.0	74.0	3.0	108071.36	2.0	1.0	1.0	16445.79	1.0	0.0	0.0
r4202	742.0	44.0	8.0	107926.02	1.0	0.0	1.0	17375.27	1.0	0.0	0.0
r3516	537.0	47.0	6.0	103163.35	1.0	1.0	0.0	16259.64	1.0	0.0	0.0
r4871	847.0	41.0	3.0	101543.51	4.0	1.0	0.0	16025.17	1.0	0.0	0.0
r1371	829.0	26.0	8.0	101440.36	2.0	1.0	1.0	19324.5	0.0	1.0	0.0
r4930	563.0	41.0	2.0	100520.92	1.0	1.0	1.0	19412.8	1.0	0.0	1.0
r28	660.0	35.0	6.0	100768.77	1.0	1.0	0.0	19199.61	0.0	0.0	0.0
r3972	636.0	52.0	4.0	111284.53	1.0	0.0	1.0	32936.44	0.0	1.0	1.0
r2516	646.0	39.0	9.0	111574.41	1.0	1.0	1.0	30838.51	1.0	0.0	1.0
r3183	844.0	40.0	7.0	113348.14	1.0	1.0	0.0	31904.31	0.0	0.0	1.0
r1498	517.0	37.0	5.0	113308.84	1.0	0.0	1.0	31517.16	0.0	0.0	1.0
r4066	510.0	31.0	0.0	113688.63	1.0	1.0	0.0	33099.41	1.0	0.0	1.0
r740	605.0	28.0	10.0	113690.83	1.0	1.0	0.0	33114.24	1.0	0.0	1.0
r4774	705.0	37.0	3.0	109974.22	1.0	1.0	1.0	36320.87	1.0	0.0	0.0
r4060	799.0	63.0	1.0	110314.21	2.0	1.0	0.0	37464.0	0.0	0.0	0.0
r1248	692.0	34.0	4.0	109699.08	1.0	1.0	1.0	37898.91	0.0	1.0	0.0
r4585	758.0	68.0	6.0	112595.85	1.0	1.0	0.0	35865.44	1.0	0.0	1.0
r2510	766.0	43.0	6.0	112088.04	2.0	1.0	1.0	36706.56	1.0	0.0	1.0
r2771	554.0	41.0	4.0	112152.89	1.0	0.0	1.0	36242.19	0.0	1.0	0.0
r1075	535.0	31.0	7.0	111855.04	2.0	1.0	1.0	36278.89	0.0	0.0	0.0
r229	675.0	40.0	7.0	113208.86	2.0	1.0	0.0	34577.36	0.0	0.0	1.0
r2920	728.0	30.0	10.0	114835.43	1.0	0.0	1.0	37662.49	0.0	0.0	1.0
r1275	670.0	22.0	2.0	114991.45	1.0	1.0	1.0	37392.56	0.0	0.0	1.0
r4501	665.0	43.0	2.0	116322.27	4.0	1.0	0.0	35640.12	1.0	0.0	0.0
r2796	640.0	74.0	2.0	116800.25	1.0	1.0	1.0	34130.43	1.0	0.0	0.0
r215	645.0	28.0	7.0	117466.03	2.0	1.0	1.0	34490.06	1.0	0.0	1.0
r44	778.0	33.0	5.0	116474.28	2.0	1.0	1.0	32757.55	0.0	1.0	1.0
r3009	807.0	43.0	1.0	105799.32	2.0	1.0	0.0	34888.04	0.0	0.0	1.0
r3410	643.0	51.0	2.0	105229.53	1.0	1.0	0.0	34967.75	0.0	0.0	0.0
r1474	653.0	27.0	6.0	107751.68	2.0	1.0	1.0	33389.42	0.0	1.0	0.0
r4843	698.0	52.0	10.0	107304.39	3.0	1.0	0.0	28806.32	1.0	0.0	1.0
r2984	622.0	46.0	4.0	107073.27	2.0	1.0	1.0	30984.59	0.0	1.0	0.0
r4440	616.0	28.0	10.0	105173.99	1.0	0.0	1.0	29835.37	1.0	0.0	0.0
r2800	603.0	40.0	4.0	102833.46	2.0	1.0	1.0	38829.11	0.0	0.0	1.0
r3387	720.0	45.0	1.0	102882.4	2.0	1.0	1.0	35633.15	0.0	0.0	0.0
r3412	836.0	57.0	4.0	101247.06	1.0	1.0	0.0	37141.62	0.0	1.0	1.0
r3729	798.0	60.0	6.0	96956.1	1.0	1.0	0.0	31907.44	0.0	0.0	0.0
r2740	832.0	27.0	10.0	98590.25	1.0	1.0	0.0	30912.89	0.0	0.0	0.0
r3917	727.0	37.0	9.0	101191.83	1.0	1.0	1.0	34551.35	1.0	0.0	1.0
r3824	808.0	37.0	2.0	100431.84	1.0	1.0	0.0	35140.49	1.0	0.0	0.0
r2049	690.0	44.0	9.0	100368.63	2.0	0.0	0.0	35342.33	1.0	0.0	1.0
r4751	601.0	46.0	2.0	99786.07	1.0	1.0	1.0	32683.88	0.0	0.0	1.0
r3015	763.0	42.0	6.0	100160.75	1.0	1.0	0.0	33462.94	1.0	0.0	1.0
r1129	587.0	33.0	5.0	100116.82	1.0	1.0	0.0	34215.58	0.0	0.0	1.0
r3354	543.0	48.0	1.0	100900.5	1.0	0.0	0.0	33310.72	1.0	0.0	1.0
r1286	850.0	34.0	6.0	101266.51	1.0	1.0	0.0	33501.98	0.0	0.0	0.0
r3773	682.0	29.0	6.0	101012.77	1.0	0.0	0.0	32589.89	1.0	0.0	0.0
r3534	667.0	43.0	1.0	103018.45	1.0	1.0	0.0	32462.39	1.0	0.0	1.0
r15	684.0	42.0	3.0	103210.27	1.0	1.0	0.0	31002.03	0.0	1.0	0.0
r2687	659.0	33.0	8.0	115409.6	1.0	0.0	1.0	1539.21	0.0	1.0	0.0
r2201	792.0	36.0	5.0	115725.24	2.0	0.0	0.0	1871.25	1.0	0.0	1.0
r4801	435.0	37.0	8.0	114346.3	1.0	0.0	1.0	980.93	1.0	0.0	1.0
r1096	679.0	44.0	3.0	118742.74	2.0	1.0	0.0	1568.91	0.0	0.0	0.0
r1768	430.0	35.0	1.0	118894.22	1.0	0.0	0.0	2923.61	0.0	0.0	1.0
r990	721.0	35.0	6.0	118273.83	1.0	0.0	1.0	3086.89	0.0	0.0	0.0
r4236	619.0	44.0	3.0	116967.68	1.0	1.0	0.0	5075.17	0.0	0.0	1.0
r3820	602.0	56.0	3.0	115895.22	3.0	1.0	0.0	4176.17	0.0	0.0	0.0
r4579	648.0	51.0	2.0	116574.84	1.0	1.0	0.0	4121.04	1.0	0.0	0.0
r3158	715.0	38.0	5.0	118590.41	1.0	1.0	1.0	5684.17	0.0	0.0	0.0
r4459	600.0	58.0	8.0	118723.11	1.0	0.0	0.0	6209.51	1.0	0.0	0.0
r3588	579.0	39.0	5.0	117833.3	3.0	0.0	0.0	5831.0	1.0	0.0	0.0
r4708	479.0	47.0	6.0	121797.09	1.0	0.0	1.0	5811.9	0.0	0.0	1.0
r3246	648.0	54.0	9.0	120633.42	1.0	0.0	0.0	5924.38	0.0	0.0	0.0
r2480	528.0	31.0	9.0	120962.59	1.0	1.0	0.0	5419.31	0.0	0.0	1.0
r3708	554.0	43.0	2.0	120847.11	1.0	1.0	0.0	7611.61	1.0	0.0	0.0
r4591	850.0	45.0	1.0	121874.89	1.0	0.0	0.0	6865.41	1.0	0.0	0.0
r897	648.0	41.0	5.0	123049.21	1.0	0.0	1.0	5066.76	1.0	0.0	1.0
r822	673.0	40.0	1.0	121629.22	1.0	1.0	1.0	3258.6	0.0	1.0	1.0
r4729	599.0	50.0	3.0	121159.65	1.0	0.0	0.0	4033.39	0.0	0.0	1.0
r695	589.0	20.0	2.0	121093.29	2.0	1.0	0.0	3529.72	1.0	0.0	0.0
r4756	542.0	35.0	9.0	127543.11	2.0	1.0	0.0	468.94	1.0	0.0	0.0
r1947	751.0	34.0	8.0	127095.14	2.0	0.0	0.0	479.54	0.0	1.0	0.0
r4365	623.0	50.0	7.0	126608.37	1.0	0.0	1.0	645.61	1.0	0.0	1.0
r3461	709.0	45.0	4.0	122917.71	1.0	1.0	1.0	11.58	1.0	0.0	1.0
r4822	645.0	59.0	8.0	121669.93	2.0	0.0	0.0	91.75	1.0	0.0	0.0
r2947	590.0	27.0	8.0	123599.49	2.0	1.0	0.0	1676.92	1.0	0.0	0.0
r3432	681.0	42.0	3.0	118199.97	2.0	1.0	0.0	9452.88	1.0	0.0	1.0
r598	590.0	47.0	0.0	117879.32	1.0	1.0	1.0	8214.46	0.0	0.0	1.0
r4607	716.0	50.0	2.0	119655.77	1.0	1.0	1.0	12944.17	1.0	0.0	1.0
r1166	689.0	38.0	6.0	121021.05	1.0	1.0	1.0	12182.15	0.0	1.0	0.0
r3795	716.0	66.0	5.0	121411.9	1.0	0.0	0.0	10070.4	1.0	0.0	1.0
r513	514.0	35.0	3.0	121030.9	1.0	1.0	0.0	10008.68	0.0	0.0	1.0
r3124	692.0	28.0	9.0	118945.09	1.0	0.0	0.0	16064.25	0.0	1.0	1.0
r834	554.0	33.0	3.0	117413.95	1.0	1.0	1.0	12766.74	0.0	0.0	1.0
r4500	550.0	33.0	4.0	118400.91	1.0	0.0	1.0	13999.64	1.0	0.0	1.0
r422	660.0	28.0	1.0	118402.25	2.0	1.0	0.0	14288.93	1.0	0.0	1.0
r4420	628.0	51.0	10.0	115280.49	2.0	0.0	0.0	12628.61	1.0	0.0	0.0
r502	582.0	26.0	6.0	114450.32	1.0	1.0	1.0	14081.64	1.0	0.0	1.0
r245	724.0	30.0	7.0	115315.04	1.0	1.0	0.0	15216.53	1.0	0.0	1.0
r2327	655.0	37.0	7.0	111852.84	2.0	1.0	0.0	10511.13	0.0	0.0	0.0
r3913	497.0	32.0	8.0	111537.23	4.0	1.0	1.0	9497.99	1.0	0.0	0.0
r3049	535.0	40.0	7.0	111756.5	1.0	1.0	0.0	8128.32	1.0	0.0	1.0
r2942	709.0	35.0	1.0	111827.27	2.0	1.0	0.0	12674.68	0.0	1.0	0.0
r3696	746.0	30.0	1.0	112666.67	1.0	0.0	0.0	11710.4	0.0	1.0	1.0
r3047	487.0	61.0	5.0	110368.03	1.0	0.0	0.0	11384.45	1.0	0.0	0.0
r3550	850.0	51.0	3.0	109799.55	2.0	1.0	1.0	12457.76	0.0	1.0	1.0
r3955	638.0	53.0	1.0	123916.67	1.0	1.0	0.0	16657.68	1.0	0.0	0.0
r4865	676.0	48.0	2.0	124442.38	1.0	1.0	0.0	15068.53	1.0	0.0	0.0
r3258	775.0	38.0	4.0	125212.65	2.0	1.0	1.0	15795.88	1.0	0.0	0.0
r1106	738.0	35.0	8.0	127290.61	1.0	1.0	0.0	16081.62	0.0	1.0	1.0
r3251	652.0	50.0	8.0	125437.64	1.0	1.0	1.0	17160.94	1.0	0.0	1.0
r3668	637.0	50.0	4.0	126345.55	1.0	0.0	1.0	17323.0	1.0	0.0	1.0
r2755	667.0	44.0	2.0	122806.95	1.0	0.0	0.0	15120.86	0.0	0.0	1.0
r3777	628.0	50.0	4.0	122227.71	1.0	0.0	1.0	14217.77	1.0	0.0	1.0
r4876	585.0	50.0	2.0	125845.66	1.0	1.0	0.0	9439.31	1.0	0.0	1.0
r4132	492.0	52.0	8.0	125396.24	1.0	1.0	0.0	10014.72	1.0	0.0	0.0
r2060	633.0	42.0	3.0	126041.02	1.0	0.0	1.0	11796.89	1.0	0.0	1.0
r2773	773.0	25.0	1.0	124532.78	2.0	0.0	1.0	11723.57	0.0	0.0	1.0
r2905	597.0	72.0	6.0	124978.19	2.0	1.0	1.0	7144.46	1.0	0.0	0.0
r1694	604.0	23.0	9.0	124577.33	1.0	1.0	1.0	7267.25	0.0	1.0	1.0
r1904	692.0	27.0	1.0	125547.53	1.0	0.0	0.0	7900.46	0.0	0.0	1.0
r3416	606.0	65.0	10.0	126306.64	3.0	0.0	0.0	7861.68	1.0	0.0	1.0
r4856	673.0	43.0	8.0	127132.96	1.0	0.0	1.0	6009.27	0.0	1.0	1.0
r4494	779.0	37.0	2.0	128389.63	1.0	1.0	1.0	6589.16	1.0	0.0	0.0
r2334	783.0	59.0	9.0	126224.87	1.0	1.0	1.0	4423.63	0.0	1.0	0.0
r1173	737.0	50.0	4.0	127552.85	2.0	1.0	0.0	4225.11	1.0	0.0	1.0
r2305	611.0	40.0	7.0	128486.91	2.0	1.0	0.0	10109.47	1.0	0.0	0.0
r4052	822.0	38.0	6.0	128289.7	3.0	1.0	0.0	9149.96	0.0	0.0	1.0
r3939	597.0	60.0	0.0	131778.08	1.0	0.0	0.0	10703.53	0.0	0.0	0.0
r3140	629.0	45.0	7.0	129818.39	3.0	1.0	0.0	9217.55	1.0	0.0	0.0
r2992	579.0	35.0	1.0	129490.36	2.0	0.0	1.0	8590.83	0.0	1.0	0.0
r3758	655.0	32.0	6.0	130935.56	1.0	1.0	0.0	9241.83	1.0	0.0	0.0
r4699	630.0	29.0	6.0	131354.39	1.0	0.0	1.0	9324.31	1.0	0.0	1.0
r4789	562.0	39.0	6.0	130565.02	1.0	1.0	0.0	9854.72	1.0	0.0	0.0
r1944	739.0	38.0	0.0	128366.44	1.0	1.0	0.0	12796.43	0.0	1.0	1.0
r1875	573.0	27.0	2.0	128243.03	1.0	1.0	1.0	11631.34	0.0	0.0	1.0
r4623	730.0	33.0	7.0	130367.87	1.0	1.0	0.0	15142.1	1.0	0.0	0.0
r2325	676.0	48.0	1.0	131659.59	2.0	0.0	1.0	14152.15	0.0	1.0	1.0
r3005	711.0	38.0	2.0	129022.06	2.0	1.0	1.0	14374.86	0.0	0.0	0.0
r117	605.0	64.0	2.0	129555.7	1.0	1.0	1.0	13601.79	0.0	0.0	0.0
r3403	722.0	48.0	10.0	138311.76	1.0	1.0	1.0	3472.63	1.0	0.0	0.0
r4186	732.0	55.0	9.0	136576.02	1.0	0.0	1.0	3268.17	0.0	0.0	1.0
r2545	833.0	28.0	4.0	136674.51	2.0	0.0	0.0	5278.78	0.0	0.0	0.0
r2437	563.0	22.0	3.0	137583.04	1.0	0.0	1.0	5791.85	0.0	0.0	1.0
r4560	777.0	30.0	4.0	137851.31	1.0	1.0	0.0	5008.23	0.0	0.0	0.0
r1156	850.0	33.0	7.0	140956.99	1.0	0.0	0.0	3510.18	0.0	0.0	1.0
r4938	648.0	40.0	5.0	139973.65	1.0	1.0	1.0	667.66	1.0	0.0	0.0
r4977	757.0	43.0	5.0	131433.33	2.0	1.0	1.0	3497.43	1.0	0.0	0.0
r1264	850.0	31.0	1.0	130089.56	2.0	1.0	1.0	4466.21	1.0	0.0	0.0
r3000	480.0	44.0	10.0	129608.57	1.0	1.0	0.0	5472.7	1.0	0.0	1.0
r3350	640.0	39.0	9.0	131607.28	4.0	0.0	1.0	6981.43	1.0	0.0	1.0
r3515	697.0	38.0	6.0	132591.36	1.0	1.0	1.0	7387.8	1.0	0.0	0.0
r4126	684.0	38.0	3.0	134168.5	3.0	1.0	0.0	3966.5	0.0	1.0	0.0
r4860	624.0	52.0	0.0	133723.43	1.0	0.0	0.0	4859.59	1.0	0.0	0.0
r1781	673.0	44.0	8.0	133444.97	1.0	0.0	1.0	5708.19	0.0	0.0	0.0
r2967	653.0	58.0	1.0	132602.88	1.0	1.0	0.0	5097.67	1.0	0.0	1.0
r2022	735.0	55.0	6.0	134140.68	1.0	1.0	0.0	2267.88	0.0	0.0	1.0
r236	700.0	38.0	8.0	134811.3	1.0	1.0	0.0	1299.75	0.0	0.0	1.0
r1532	642.0	30.0	5.0	129753.69	1.0	1.0	0.0	582.53	1.0	0.0	0.0
r708	640.0	55.0	10.0	132436.34	1.0	1.0	0.0	978.66	0.0	0.0	1.0
r4310	596.0	48.0	2.0	131326.47	1.0	0.0	0.0	1140.02	1.0	0.0	1.0
r14	766.0	38.0	7.0	130933.74	1.0	0.0	1.0	2035.94	1.0	0.0	0.0
r819	726.0	30.0	5.0	111375.32	2.0	1.0	0.0	2704.09	1.0	0.0	1.0
r3512	665.0	51.0	9.0	110610.41	2.0	0.0	1.0	1112.76	1.0	0.0	0.0
r668	655.0	37.0	6.0	109093.41	2.0	1.0	0.0	1775.52	0.0	0.0	1.0
r3538	459.0	46.0	7.0	110356.42	1.0	1.0	0.0	4969.13	1.0	0.0	1.0
r3697	588.0	30.0	0.0	110148.49	1.0	1.0	0.0	5790.9	1.0	0.0	0.0
r2855	681.0	46.0	0.0	105969.42	1.0	1.0	0.0	5771.56	0.0	0.0	1.0
r676	583.0	40.0	4.0	107041.3	1.0	1.0	1.0	5635.63	1.0	0.0	1.0
r4988	632.0	50.0	5.0	107959.39	1.0	1.0	1.0	6985.34	1.0	0.0	0.0
r253	626.0	37.0	6.0	108269.37	1.0	1.0	0.0	5597.94	0.0	1.0	0.0
r1329	714.0	36.0	1.0	101609.01	2.0	1.0	1.0	447.73	1.0	0.0	0.0
r3231	672.0	40.0	10.0	102980.44	1.0	1.0	0.0	1285.81	1.0	0.0	1.0
r2211	721.0	42.0	4.0	102936.72	1.0	0.0	0.0	1187.88	0.0	0.0	1.0
r3276	616.0	41.0	1.0	103560.57	1.0	1.0	0.0	236.45	1.0	0.0	0.0
r1854	490.0	35.0	7.0	107749.03	1.0	1.0	1.0	3937.37	0.0	0.0	0.0
r1887	740.0	30.0	8.0	105209.54	1.0	1.0	0.0	1852.58	0.0	0.0	0.0
r1786	622.0	31.0	5.0	106260.67	1.0	1.0	1.0	2578.43	0.0	0.0	1.0
r3076	674.0	47.0	6.0	106901.94	1.0	1.0	1.0	2079.2	1.0	0.0	1.0
r1524	667.0	27.0	3.0	106116.5	2.0	1.0	0.0	3674.71	1.0	0.0	0.0
r4523	708.0	52.0	10.0	105355.81	1.0	1.0	0.0	123.07	0.0	0.0	1.0
r247	777.0	46.0	0.0	107362.8	1.0	1.0	0.0	487.3	1.0	0.0	0.0
r1389	443.0	29.0	9.0	99027.61	2.0	1.0	0.0	10940.4	1.0	0.0	0.0
r879	646.0	30.0	5.0	98014.74	1.0	1.0	1.0	12757.14	0.0	0.0	1.0
r3453	714.0	49.0	4.0	93059.34	1.0	1.0	0.0	7571.51	1.0	0.0	0.0
r4902	689.0	28.0	5.0	95328.6	1.0	1.0	0.0	6129.61	0.0	1.0	0.0
r1365	696.0	27.0	2.0	96129.32	2.0	1.0	1.0	5983.7	1.0	0.0	0.0
r1942	724.0	36.0	6.0	94615.11	2.0	1.0	1.0	10627.21	1.0	0.0	1.0
r4800	686.0	38.0	2.0	93569.86	3.0	0.0	0.0	10137.34	1.0	0.0	0.0
r2822	487.0	34.0	2.0	96019.5	1.0	0.0	0.0	9085.0	0.0	0.0	0.0
r752	737.0	43.0	8.0	96353.8	1.0	0.0	0.0	10209.8	1.0	0.0	1.0
r3879	549.0	54.0	5.0	92877.33	1.0	1.0	0.0	2619.64	1.0	0.0	1.0
r3273	687.0	35.0	3.0	99587.43	1.0	1.0	1.0	1713.1	0.0	0.0	0.0
r1520	679.0	33.0	4.0	96110.22	1.0	1.0	0.0	1173.23	0.0	1.0	1.0
r2330	592.0	37.0	3.0	96651.03	1.0	1.0	1.0	3232.82	0.0	0.0	1.0
r1014	729.0	42.0	4.0	97495.8	2.0	0.0	0.0	2002.5	1.0	0.0	0.0
r3670	579.0	56.0	4.0	99340.83	1.0	0.0	0.0	4523.74	0.0	1.0	1.0
r1230	596.0	34.0	4.0	99441.21	2.0	0.0	1.0	4802.27	1.0	0.0	1.0
r4096	574.0	54.0	1.0	99774.5	1.0	0.0	0.0	4896.11	1.0	0.0	1.0
r4067	569.0	28.0	3.0	100032.52	1.0	1.0	0.0	5159.21	1.0	0.0	0.0
r282	645.0	38.0	5.0	101430.3	2.0	0.0	1.0	4400.32	0.0	0.0	0.0
r3675	581.0	40.0	0.0	101016.53	1.0	0.0	1.0	7926.35	1.0	0.0	1.0
r1134	607.0	27.0	5.0	100912.19	1.0	0.0	0.0	7631.27	0.0	1.0	0.0
r798	622.0	29.0	7.0	101486.96	1.0	1.0	1.0	8788.35	0.0	0.0	1.0
r2259	466.0	26.0	9.0	105522.06	1.0	1.0	0.0	10842.46	0.0	0.0	1.0
r3786	662.0	59.0	2.0	104568.41	1.0	1.0	0.0	8059.44	1.0	0.0	1.0
r131	823.0	34.0	3.0	105057.33	1.0	1.0	0.0	9217.92	0.0	0.0	1.0
r3957	702.0	40.0	1.0	103549.24	1.0	0.0	0.0	9712.52	0.0	0.0	0.0
r75	765.0	37.0	7.0	102708.77	1.0	1.0	0.0	9087.81	1.0	0.0	1.0
r4987	678.0	49.0	3.0	204510.94	1.0	0.0	1.0	738.88	0.0	0.0	0.0
r3566	487.0	53.0	4.0	199689.49	1.0	1.0	1.0	24207.86	0.0	0.0	1.0
r4261	747.0	49.0	6.0	202904.64	1.0	1.0	1.0	17298.72	0.0	0.0	1.0
r1310	656.0	69.0	6.0	163975.09	1.0	1.0	1.0	36108.5	0.0	1.0	1.0
r797	604.0	25.0	7.0	165413.43	1.0	1.0	1.0	35279.74	1.0	0.0	1.0
r3536	597.0	39.0	8.0	162532.14	3.0	1.0	0.0	36051.46	1.0	0.0	0.0
r328	520.0	63.0	5.0	162278.32	1.0	1.0	1.0	34765.33	0.0	1.0	0.0
r753	751.0	36.0	6.0	169831.46	2.0	1.0	1.0	27758.36	1.0	0.0	0.0
r3086	621.0	53.0	9.0	170491.84	1.0	1.0	0.0	35588.07	0.0	1.0	1.0
r4460	762.0	60.0	10.0	168920.75	1.0	1.0	0.0	31445.03	0.0	1.0	0.0
r2544	643.0	59.0	3.0	170331.37	1.0	1.0	1.0	32171.79	1.0	0.0	1.0
r2261	502.0	33.0	5.0	174673.65	2.0	1.0	0.0	33300.56	1.0	0.0	1.0
r2772	762.0	44.0	7.0	159316.64	1.0	0.0	0.0	24780.13	0.0	0.0	0.0
r4317	651.0	35.0	1.0	163700.78	3.0	1.0	1.0	29583.48	1.0	0.0	0.0
r3811	720.0	57.0	1.0	162082.31	4.0	0.0	0.0	27145.73	1.0	0.0	0.0
r2639	650.0	25.0	7.0	160599.06	2.0	1.0	1.0	28391.52	0.0	1.0	1.0
r4819	741.0	52.0	1.0	171236.3	2.0	0.0	0.0	21834.4	0.0	0.0	1.0
r3108	750.0	40.0	5.0	168286.81	3.0	1.0	0.0	20451.99	1.0	0.0	1.0
r1263	508.0	38.0	3.0	166328.65	2.0	0.0	1.0	22614.19	0.0	0.0	0.0
r3958	651.0	45.0	2.0	165901.59	2.0	1.0	0.0	23054.51	0.0	0.0	1.0
r4318	546.0	34.0	4.0	165363.31	2.0	1.0	1.0	25744.13	0.0	0.0	1.0
r102	650.0	35.0	3.0	165982.43	2.0	1.0	1.0	24482.16	1.0	0.0	0.0
r4543	645.0	31.0	7.0	161171.7	2.0	1.0	0.0	12599.94	0.0	0.0	1.0
r1038	540.0	44.0	3.0	164113.04	2.0	1.0	1.0	12120.79	1.0	0.0	1.0
r693	696.0	33.0	2.0	163139.27	1.0	1.0	1.0	7035.36	0.0	0.0	1.0
r3001	754.0	55.0	3.0	161608.81	1.0	1.0	0.0	8080.85	1.0	0.0	0.0
r3089	683.0	57.0	5.0	162448.69	1.0	0.0	0.0	9221.78	1.0	0.0	0.0
r403	811.0	28.0	4.0	167738.82	2.0	1.0	1.0	9903.42	1.0	0.0	0.0
r4323	445.0	48.0	7.0	168286.58	1.0	1.0	0.0	16645.77	1.0	0.0	0.0
r2202	669.0	43.0	1.0	163159.85	1.0	0.0	1.0	15602.8	0.0	0.0	1.0
r903	722.0	35.0	2.0	163943.89	2.0	1.0	1.0	15068.18	0.0	0.0	0.0
r4417	755.0	43.0	6.0	165048.5	3.0	1.0	0.0	16929.41	1.0	0.0	1.0
r3035	805.0	39.0	5.0	165272.13	1.0	1.0	0.0	14109.85	0.0	1.0	0.0
r347	838.0	39.0	5.0	166733.92	2.0	1.0	0.0	14279.44	0.0	1.0	0.0
r2712	579.0	26.0	10.0	162482.76	1.0	1.0	1.0	18458.2	0.0	0.0	0.0
r450	712.0	33.0	2.0	182888.08	1.0	1.0	0.0	3061.0	0.0	0.0	1.0
r4651	496.0	44.0	0.0	179356.28	2.0	1.0	0.0	2919.21	0.0	1.0	0.0
r2959	606.0	30.0	8.0	180307.73	2.0	1.0	1.0	1914.41	0.0	1.0	1.0
r3837	850.0	45.0	5.0	174088.3	4.0	1.0	0.0	5669.31	0.0	1.0	0.0
r169	613.0	37.0	3.0	171653.17	1.0	0.0	1.0	5353.12	0.0	1.0	1.0
r873	640.0	42.0	5.0	176099.13	1.0	1.0	1.0	8404.73	0.0	0.0	0.0
r233	770.0	46.0	9.0	190678.02	1.0	1.0	1.0	14725.36	0.0	1.0	1.0
r4851	578.0	59.0	10.0	185966.64	1.0	0.0	0.0	9445.42	0.0	0.0	1.0
r1562	594.0	28.0	5.0	185013.02	1.0	1.0	0.0	16481.12	1.0	0.0	1.0
r4815	711.0	42.0	3.0	177626.77	3.0	0.0	1.0	16392.72	0.0	1.0	1.0
r2674	827.0	46.0	1.0	183276.32	1.0	1.0	1.0	13460.27	0.0	1.0	1.0
r3465	614.0	41.0	7.0	179915.85	1.0	0.0	0.0	14666.35	0.0	1.0	0.0
r3813	811.0	46.0	9.0	180226.24	1.0	1.0	0.0	13464.64	0.0	0.0	1.0
r1707	738.0	38.0	5.0	177997.07	1.0	0.0	1.0	19233.41	0.0	1.0	1.0
r3987	673.0	59.0	0.0	178058.06	2.0	0.0	1.0	21063.71	0.0	0.0	1.0
r2075	735.0	21.0	1.0	178718.19	2.0	1.0	0.0	22388.0	0.0	0.0	0.0
r1494	671.0	58.0	1.0	178713.98	1.0	1.0	1.0	21768.21	0.0	1.0	1.0
r2354	542.0	35.0	2.0	174894.53	1.0	1.0	1.0	22314.55	0.0	1.0	1.0
r2817	580.0	67.0	3.0	153946.14	1.0	1.0	1.0	7418.92	0.0	1.0	1.0
r1805	515.0	29.0	4.0	151012.55	2.0	1.0	0.0	9770.97	0.0	1.0	1.0
r1931	693.0	43.0	4.0	152341.55	1.0	1.0	0.0	9241.78	0.0	0.0	0.0
r1103	797.0	32.0	1.0	151922.94	1.0	1.0	0.0	8877.06	1.0	0.0	1.0
r2418	696.0	31.0	3.0	150604.52	1.0	0.0	0.0	5566.6	1.0	0.0	1.0
r558	629.0	41.0	10.0	150148.51	1.0	0.0	0.0	6936.27	0.0	1.0	1.0
r512	803.0	65.0	2.0	151659.52	2.0	0.0	1.0	6930.17	0.0	0.0	0.0
r3039	643.0	45.0	2.0	150842.93	1.0	0.0	1.0	2319.96	1.0	0.0	0.0
r4921	782.0	72.0	5.0	148666.99	1.0	1.0	0.0	2605.65	1.0	0.0	0.0
r1427	745.0	36.0	8.0	145071.24	1.0	0.0	0.0	6078.46	1.0	0.0	1.0
r3862	766.0	62.0	7.0	142724.48	1.0	0.0	1.0	5893.23	1.0	0.0	0.0
r3947	536.0	53.0	2.0	143923.96	1.0	1.0	0.0	2019.78	0.0	1.0	1.0
r1764	520.0	30.0	3.0	143396.54	2.0	1.0	1.0	898.51	0.0	0.0	1.0
r1759	415.0	32.0	5.0	145807.59	1.0	1.0	1.0	3064.65	0.0	0.0	1.0
r209	677.0	41.0	8.0	146720.98	2.0	1.0	1.0	4195.84	1.0	0.0	0.0
r4904	524.0	29.0	3.0	159035.45	1.0	1.0	0.0	2705.31	0.0	1.0	1.0
r3848	789.0	53.0	1.0	158271.74	1.0	1.0	1.0	5036.39	0.0	0.0	0.0
r1523	661.0	38.0	7.0	143006.7	1.0	1.0	1.0	15650.89	0.0	1.0	1.0
r2826	849.0	37.0	7.0	143452.74	2.0	1.0	1.0	17294.12	1.0	0.0	1.0
r750	559.0	28.0	3.0	141099.43	1.0	1.0	1.0	15607.27	0.0	0.0	1.0
r2949	644.0	40.0	10.0	139180.97	1.0	1.0	1.0	19959.67	0.0	0.0	0.0
r1158	589.0	37.0	6.0	138497.84	1.0	0.0	1.0	18988.58	0.0	0.0	0.0
r618	734.0	29.0	0.0	139994.66	1.0	1.0	0.0	17744.72	0.0	0.0	0.0
r4290	753.0	44.0	3.0	138076.47	1.0	1.0	0.0	15523.09	1.0	0.0	1.0
r1806	724.0	31.0	9.0	138166.3	1.0	1.0	0.0	12920.43	1.0	0.0	1.0
r4887	645.0	43.0	9.0	140121.17	1.0	1.0	0.0	11302.7	1.0	0.0	1.0
r1291	488.0	39.0	9.0	140553.46	1.0	0.0	0.0	12440.44	0.0	1.0	0.0
r662	593.0	45.0	4.0	138825.19	1.0	0.0	0.0	10828.78	0.0	0.0	1.0
r2045	801.0	42.0	4.0	141947.67	1.0	1.0	1.0	10598.29	0.0	1.0	1.0
r3663	677.0	28.0	0.0	143988.0	2.0	1.0	0.0	8755.69	1.0	0.0	1.0
r3380	705.0	43.0	10.0	146547.78	1.0	0.0	1.0	10072.55	1.0	0.0	0.0
r3740	534.0	42.0	9.0	144801.97	1.0	0.0	1.0	12483.39	0.0	0.0	0.0
r4681	587.0	49.0	7.0	155393.98	2.0	1.0	0.0	13308.2	1.0	0.0	0.0
r437	753.0	39.0	7.0	155062.8	1.0	1.0	1.0	16460.77	0.0	0.0	0.0
r2372	850.0	46.0	2.0	157866.77	1.0	1.0	1.0	18986.12	0.0	0.0	0.0
r4632	850.0	36.0	6.0	143644.16	1.0	1.0	0.0	22102.25	1.0	0.0	0.0
r3268	558.0	39.0	10.0	144757.02	1.0	1.0	0.0	22878.16	1.0	0.0	1.0
r4207	579.0	42.0	0.0	144386.32	1.0	1.0	1.0	22497.1	1.0	0.0	1.0
r4075	743.0	45.0	10.0	144677.19	3.0	1.0	0.0	22512.44	1.0	0.0	1.0
r4875	824.0	26.0	7.0	146266.0	1.0	1.0	0.0	21903.62	0.0	0.0	1.0
r2761	433.0	34.0	9.0	152806.74	1.0	1.0	0.0	19687.99	0.0	1.0	1.0
r3058	703.0	37.0	1.0	149762.08	1.0	1.0	0.0	20629.4	0.0	0.0	1.0
r2685	709.0	34.0	4.0	148375.19	2.0	1.0	1.0	21521.38	1.0	0.0	1.0
r4569	792.0	50.0	4.0	146710.76	1.0	1.0	0.0	16528.4	1.0	0.0	0.0
r1195	678.0	41.0	2.0	148088.11	1.0	1.0	0.0	14083.12	0.0	0.0	1.0
r4476	499.0	42.0	0.0	147187.84	1.0	1.0	1.0	14868.94	0.0	1.0	0.0
r1584	656.0	27.0	3.0	150905.03	2.0	1.0	0.0	16998.72	1.0	0.0	0.0
r244	591.0	39.0	4.0	150500.64	1.0	1.0	0.0	14928.8	0.0	0.0	0.0
r4299	790.0	47.0	10.0	148636.21	1.0	0.0	1.0	16119.96	0.0	0.0	0.0
r157	628.0	32.0	9.0	149136.31	2.0	1.0	1.0	16402.11	0.0	0.0	1.0
r4677	520.0	43.0	3.0	150805.17	3.0	0.0	1.0	25333.03	1.0	0.0	1.0
r4160	593.0	39.0	8.0	151391.68	1.0	1.0	0.0	27274.6	1.0	0.0	0.0
r1730	512.0	40.0	8.0	153537.57	2.0	0.0	0.0	23101.13	1.0	0.0	0.0
r2021	653.0	31.0	2.0	154741.45	2.0	0.0	0.0	25183.01	1.0	0.0	1.0
r3451	640.0	33.0	7.0	154575.76	1.0	1.0	0.0	25722.28	0.0	0.0	1.0
r4629	850.0	58.0	8.0	156652.13	1.0	0.0	0.0	25899.21	0.0	0.0	1.0
r1112	688.0	46.0	8.0	155681.72	1.0	1.0	0.0	26287.21	0.0	1.0	0.0
r4669	598.0	50.0	5.0	88379.81	3.0	0.0	1.0	64157.24	1.0	0.0	0.0
r682	821.0	42.0	3.0	87807.29	2.0	1.0	1.0	64613.81	1.0	0.0	1.0
r4813	583.0	48.0	3.0	91246.53	1.0	1.0	0.0	60017.46	0.0	0.0	1.0
r2052	628.0	36.0	3.0	91286.51	1.0	1.0	0.0	63085.94	1.0	0.0	0.0
r613	685.0	30.0	3.0	90536.81	1.0	0.0	1.0	63082.88	1.0	0.0	1.0
r2023	592.0	45.0	8.0	84692.5	1.0	0.0	1.0	67214.02	0.0	1.0	1.0
r669	715.0	33.0	3.0	85227.84	1.0	1.0	1.0	68087.15	0.0	0.0	0.0
r2006	608.0	33.0	9.0	89968.69	1.0	1.0	0.0	68777.26	0.0	0.0	1.0
r4997	597.0	53.0	4.0	88381.21	1.0	1.0	0.0	69384.71	0.0	0.0	0.0
r3466	762.0	34.0	4.0	88815.56	2.0	1.0	0.0	68562.26	1.0	0.0	1.0
r389	670.0	33.0	6.0	88294.6	1.0	1.0	0.0	66979.06	0.0	0.0	1.0
r2339	550.0	62.0	7.0	80927.56	1.0	0.0	1.0	64490.67	0.0	1.0	1.0
r3285	630.0	50.0	1.0	81947.76	1.0	0.0	1.0	63606.22	0.0	0.0	1.0
r4315	521.0	49.0	4.0	82940.25	2.0	0.0	0.0	62413.01	0.0	1.0	0.0
r915	755.0	23.0	5.0	84284.48	2.0	1.0	1.0	62851.6	0.0	0.0	1.0
r4249	497.0	29.0	4.0	85646.81	1.0	0.0	0.0	63233.02	0.0	0.0	0.0
r1172	608.0	34.0	7.0	86656.13	1.0	0.0	1.0	59890.29	0.0	1.0	1.0
r2486	540.0	67.0	1.0	88382.01	1.0	0.0	1.0	59457.0	0.0	1.0	1.0
r1831	733.0	30.0	0.0	83319.28	1.0	0.0	0.0	57769.2	0.0	1.0	0.0
r4312	850.0	42.0	6.0	84445.68	3.0	0.0	1.0	60021.34	1.0	0.0	1.0
r487	660.0	30.0	1.0	84440.1	2.0	1.0	1.0	60485.98	1.0	0.0	1.0
r120	701.0	26.0	5.0	83600.24	1.0	0.0	1.0	59195.05	0.0	1.0	1.0
r103	727.0	31.0	3.0	82729.47	2.0	1.0	0.0	60212.51	1.0	0.0	0.0
r1678	591.0	35.0	2.0	90194.34	2.0	1.0	0.0	57064.57	1.0	0.0	0.0
r2844	705.0	39.0	3.0	92224.56	1.0	1.0	1.0	54517.25	0.0	0.0	0.0
r626	850.0	43.0	8.0	92244.83	2.0	1.0	0.0	54949.73	1.0	0.0	0.0
r1508	602.0	35.0	7.0	90602.42	2.0	1.0	1.0	51695.41	1.0	0.0	1.0
r3691	757.0	57.0	3.0	89079.41	1.0	1.0	1.0	53179.21	0.0	0.0	1.0
r1736	585.0	54.0	8.0	87105.32	1.0	1.0	1.0	55346.14	0.0	0.0	1.0
r2315	682.0	54.0	0.0	83102.72	2.0	1.0	1.0	54132.93	0.0	1.0	0.0
r84	696.0	32.0	4.0	84421.62	1.0	0.0	1.0	52314.71	1.0	0.0	1.0
r1482	587.0	47.0	6.0	71026.77	1.0	1.0	0.0	57962.41	0.0	0.0	1.0
r773	443.0	36.0	6.0	70438.01	2.0	0.0	1.0	56937.43	0.0	1.0	1.0
r612	741.0	64.0	2.0	69311.16	1.0	1.0	1.0	59237.72	0.0	0.0	0.0
r826	658.0	29.0	5.0	75395.53	2.0	0.0	1.0	54914.92	1.0	0.0	1.0
r1671	614.0	25.0	10.0	75212.28	1.0	1.0	0.0	58965.04	0.0	1.0	0.0
r2716	531.0	42.0	6.0	75302.85	2.0	0.0	0.0	57034.35	0.0	1.0	0.0
r1183	427.0	42.0	1.0	75681.52	1.0	1.0	1.0	57098.0	1.0	0.0	1.0
r4453	664.0	44.0	7.0	77526.66	3.0	0.0	0.0	57338.56	0.0	1.0	1.0
r144	668.0	34.0	5.0	80242.37	2.0	0.0	0.0	56780.97	1.0	0.0	1.0
r4621	605.0	56.0	1.0	74129.18	2.0	1.0	1.0	62199.78	1.0	0.0	0.0
r3883	686.0	45.0	3.0	74274.87	3.0	1.0	0.0	64907.48	0.0	1.0	1.0
r576	653.0	55.0	2.0	70263.83	1.0	0.0	1.0	62347.71	0.0	1.0	1.0
r2027	658.0	35.0	9.0	71829.34	1.0	1.0	1.0	68141.92	0.0	1.0	1.0
r1587	667.0	37.0	9.0	71786.9	2.0	1.0	1.0	67734.79	0.0	0.0	0.0
r755	785.0	34.0	9.0	70302.48	1.0	1.0	1.0	68600.36	0.0	0.0	0.0
r589	705.0	33.0	7.0	68423.89	1.0	1.0	1.0	64872.55	0.0	1.0	1.0
r2208	559.0	34.0	5.0	68999.66	2.0	1.0	1.0	66879.27	0.0	0.0	0.0
r4795	687.0	38.0	8.0	69434.4	2.0	1.0	1.0	66580.13	0.0	1.0	1.0
r3235	542.0	38.0	8.0	65942.26	1.0	1.0	1.0	68093.23	0.0	0.0	1.0
r916	749.0	41.0	5.0	57568.94	1.0	1.0	1.0	61128.29	0.0	0.0	1.0
r3345	590.0	37.0	0.0	64345.21	1.0	0.0	1.0	61759.33	0.0	1.0	0.0
r4022	536.0	61.0	8.0	65190.29	1.0	1.0	1.0	64308.49	0.0	0.0	0.0
r392	707.0	73.0	6.0	66573.17	1.0	1.0	1.0	62768.8	0.0	0.0	1.0
r35	539.0	39.0	6.0	62052.28	1.0	0.0	1.0	59755.14	0.0	1.0	0.0
r2436	789.0	27.0	8.0	66201.96	1.0	1.0	1.0	79458.12	0.0	0.0	0.0
r3179	613.0	38.0	9.0	67111.65	1.0	1.0	0.0	78566.64	1.0	0.0	1.0
r4191	749.0	46.0	9.0	66582.81	1.0	1.0	0.0	78753.12	0.0	1.0	0.0
r1794	673.0	30.0	1.0	64097.75	1.0	1.0	1.0	77783.35	0.0	0.0	1.0
r3106	445.0	62.0	1.0	64119.38	1.0	1.0	1.0	76569.64	0.0	1.0	1.0
r3686	578.0	40.0	6.0	63609.92	1.0	0.0	0.0	74965.61	0.0	1.0	1.0
r3483	576.0	63.0	9.0	70655.48	1.0	0.0	0.0	78955.8	0.0	0.0	1.0
r2155	593.0	36.0	2.0	70181.48	2.0	1.0	0.0	80608.12	0.0	0.0	1.0
r2341	547.0	30.0	9.0	72392.41	1.0	1.0	0.0	77077.14	1.0	0.0	0.0
r1537	614.0	38.0	4.0	72594.0	1.0	1.0	1.0	76042.48	0.0	0.0	0.0
r71	744.0	38.0	6.0	73023.17	2.0	1.0	0.0	78770.86	1.0	0.0	1.0
r4394	781.0	48.0	0.0	57098.96	1.0	1.0	0.0	85644.06	0.0	0.0	0.0
r4439	525.0	59.0	6.0	55328.4	1.0	1.0	0.0	83342.73	0.0	0.0	0.0
r2688	599.0	33.0	2.0	51949.95	2.0	1.0	0.0	85045.92	1.0	0.0	1.0
r1126	543.0	35.0	10.0	59408.63	1.0	1.0	0.0	76773.53	0.0	1.0	1.0
r2852	632.0	30.0	1.0	58668.02	1.0	1.0	1.0	78670.52	1.0	0.0	1.0
r55	472.0	31.0	4.0	58662.92	2.0	0.0	1.0	73322.0	0.0	0.0	1.0
r4916	651.0	45.0	6.0	86714.06	1.0	1.0	0.0	85869.89	1.0	0.0	0.0
r4766	589.0	37.0	7.0	85146.48	2.0	1.0	0.0	86490.09	0.0	0.0	1.0
r4176	669.0	51.0	3.0	88827.53	1.0	0.0	0.0	85250.77	0.0	1.0	1.0
r4028	543.0	42.0	4.0	89838.71	3.0	1.0	0.0	85983.54	0.0	0.0	1.0
r3688	722.0	47.0	2.0	88011.4	1.0	1.0	1.0	90655.94	0.0	0.0	0.0
r1304	660.0	52.0	4.0	86891.84	1.0	1.0	0.0	90877.76	1.0	0.0	0.0
r4550	677.0	29.0	3.0	86616.35	1.0	0.0	0.0	91903.9	0.0	0.0	0.0
r3750	817.0	46.0	0.0	89087.89	1.0	0.0	1.0	87941.85	1.0	0.0	0.0
r231	487.0	53.0	10.0	89550.85	1.0	0.0	1.0	90076.85	0.0	0.0	0.0
r1284	630.0	25.0	7.0	79656.81	1.0	1.0	0.0	93524.22	1.0	0.0	0.0
r2236	551.0	31.0	9.0	82293.82	2.0	1.0	1.0	91565.25	1.0	0.0	1.0
r4474	676.0	34.0	8.0	82909.14	1.0	1.0	0.0	91817.38	0.0	0.0	0.0
r2821	698.0	36.0	2.0	82275.35	2.0	1.0	1.0	93249.26	0.0	0.0	1.0
r4305	497.0	41.0	5.0	80542.81	1.0	0.0	0.0	88729.22	1.0	0.0	1.0
r1341	767.0	43.0	1.0	76408.85	2.0	1.0	0.0	77837.63	0.0	0.0	1.0
r869	743.0	42.0	7.0	77002.2	2.0	1.0	1.0	80428.42	0.0	0.0	1.0
r2927	594.0	31.0	0.0	79340.95	1.0	1.0	0.0	78255.86	0.0	0.0	0.0
r1666	758.0	41.0	10.0	79857.64	1.0	1.0	1.0	78088.17	1.0	0.0	1.0
r2299	584.0	36.0	4.0	82696.09	2.0	0.0	0.0	83058.14	0.0	1.0	1.0
r2136	659.0	29.0	9.0	82916.48	1.0	1.0	1.0	84133.48	1.0	0.0	1.0
r1398	584.0	40.0	4.0	82441.75	1.0	0.0	0.0	80852.11	0.0	0.0	0.0
r2729	654.0	43.0	9.0	84673.17	2.0	0.0	1.0	82081.35	1.0	0.0	1.0
r414	540.0	28.0	6.0	84121.04	1.0	0.0	1.0	80698.54	0.0	1.0	0.0
r1074	499.0	60.0	7.0	76961.6	2.0	1.0	1.0	83643.87	0.0	0.0	1.0
r2873	548.0	33.0	1.0	80107.83	2.0	0.0	1.0	82245.67	0.0	0.0	0.0
r208	625.0	52.0	2.0	79468.96	1.0	1.0	1.0	84606.03	0.0	0.0	0.0
r2139	749.0	46.0	10.0	78136.36	2.0	1.0	1.0	73470.98	1.0	0.0	1.0
r4086	592.0	35.0	6.0	80285.16	1.0	1.0	0.0	72678.75	0.0	1.0	1.0
r1165	525.0	36.0	3.0	77910.23	1.0	1.0	0.0	67238.01	0.0	1.0	1.0
r4846	753.0	51.0	4.0	79811.72	2.0	0.0	1.0	68260.27	0.0	1.0	1.0
r4576	684.0	63.0	3.0	81245.79	1.0	1.0	0.0	69643.31	1.0	0.0	0.0
r466	798.0	29.0	8.0	80204.11	2.0	1.0	0.0	70223.22	1.0	0.0	0.0
r4990	615.0	34.0	1.0	83503.11	2.0	1.0	1.0	73124.53	0.0	0.0	1.0
r1821	663.0	42.0	1.0	82228.67	2.0	1.0	0.0	71359.78	0.0	0.0	0.0
r1233	570.0	18.0	4.0	82767.42	1.0	1.0	0.0	71811.9	0.0	0.0	0.0
r3065	774.0	60.0	5.0	85891.55	1.0	1.0	0.0	74135.48	0.0	0.0	1.0
r162	758.0	32.0	2.0	84378.9	1.0	1.0	1.0	75396.43	0.0	0.0	0.0
r3702	661.0	41.0	5.0	28082.95	1.0	1.0	0.0	69586.27	0.0	1.0	0.0
r4868	618.0	49.0	9.0	44301.43	3.0	1.0	1.0	89729.3	0.0	0.0	0.0
r2555	493.0	32.0	8.0	46161.18	1.0	1.0	1.0	79577.4	0.0	1.0	1.0
r4834	720.0	64.0	3.0	45752.78	2.0	1.0	0.0	79623.28	0.0	1.0	1.0
r2671	695.0	45.0	9.0	43134.65	1.0	0.0	1.0	77330.35	0.0	0.0	1.0
r3143	643.0	45.0	4.0	45144.43	1.0	1.0	0.0	60917.24	0.0	0.0	0.0
r4785	586.0	60.0	3.0	47020.65	2.0	0.0	1.0	63241.21	0.0	0.0	0.0
r4398	576.0	55.0	6.0	44582.07	3.0	0.0	1.0	67539.85	0.0	0.0	0.0
r3397	721.0	55.0	3.0	44020.89	1.0	1.0	0.0	65864.4	0.0	0.0	0.0
r3856	768.0	26.0	5.0	51116.26	1.0	1.0	1.0	70454.79	0.0	0.0	0.0
r3225	628.0	46.0	1.0	46870.43	4.0	1.0	0.0	31272.14	0.0	0.0	0.0
r4116	641.0	65.0	6.0	38340.02	1.0	1.0	0.0	32607.77	0.0	0.0	1.0
r3100	673.0	34.0	8.0	42157.08	1.0	1.0	0.0	20598.59	0.0	0.0	0.0
r926	644.0	30.0	5.0	44928.88	1.0	1.0	1.0	10771.46	0.0	0.0	1.0
r2200	824.0	77.0	3.0	27517.15	2.0	0.0	1.0	2746.41	1.0	0.0	1.0
r3255	582.0	46.0	8.0	67563.31	1.0	1.0	0.0	44506.09	0.0	1.0	0.0
r2110	708.0	46.0	7.0	68799.72	1.0	1.0	1.0	39704.14	0.0	1.0	1.0
r4691	601.0	39.0	3.0	72647.64	1.0	1.0	0.0	41777.9	0.0	0.0	1.0
r4163	689.0	55.0	1.0	76296.81	1.0	1.0	0.0	42364.75	1.0	0.0	0.0
r2577	641.0	37.0	7.0	62974.64	2.0	0.0	1.0	39016.43	1.0	0.0	0.0
r2666	771.0	32.0	5.0	62321.62	1.0	1.0	1.0	40920.59	0.0	0.0	1.0
r1002	676.0	34.0	1.0	63095.01	1.0	1.0	1.0	40645.81	0.0	0.0	0.0
r2604	735.0	39.0	1.0	60374.98	1.0	1.0	0.0	40223.74	0.0	1.0	1.0
r1700	821.0	31.0	2.0	68927.57	1.0	1.0	1.0	25445.0	1.0	0.0	0.0
r4147	705.0	47.0	3.0	63488.7	1.0	0.0	1.0	28640.92	0.0	1.0	0.0
r1331	582.0	26.0	4.0	65848.36	2.0	1.0	0.0	30149.21	0.0	1.0	1.0
r2832	718.0	28.0	4.0	65643.3	1.0	1.0	0.0	28760.99	1.0	0.0	1.0
r1040	721.0	36.0	3.0	65253.07	2.0	1.0	0.0	28737.78	1.0	0.0	0.0
r557	665.0	34.0	5.0	67816.72	1.0	1.0	1.0	29641.58	0.0	0.0	0.0
r2957	667.0	42.0	10.0	64404.26	2.0	0.0	0.0	26022.37	1.0	0.0	0.0
r1652	628.0	29.0	9.0	71996.29	1.0	1.0	1.0	34857.46	0.0	0.0	0.0
r475	682.0	36.0	5.0	72373.62	2.0	1.0	0.0	36895.99	1.0	0.0	1.0
r2106	587.0	36.0	1.0	70784.27	1.0	1.0	0.0	30579.82	0.0	0.0	0.0
r685	677.0	36.0	10.0	68806.84	1.0	1.0	0.0	33075.24	1.0	0.0	0.0
r3096	850.0	31.0	6.0	67996.23	2.0	0.0	0.0	50129.87	0.0	0.0	1.0
r4259	513.0	44.0	1.0	63562.02	2.0	0.0	1.0	52629.73	0.0	0.0	1.0
r1585	432.0	27.0	6.0	62339.81	2.0	0.0	0.0	53874.67	0.0	0.0	0.0
r216	682.0	24.0	9.0	57929.81	2.0	0.0	0.0	53134.3	1.0	0.0	1.0
r139	411.0	29.0	0.0	59697.17	2.0	1.0	1.0	53483.21	0.0	0.0	1.0
r1192	617.0	44.0	9.0	49157.09	2.0	1.0	0.0	53294.17	1.0	0.0	1.0
r2661	670.0	45.0	5.0	47884.92	1.0	1.0	1.0	54340.24	0.0	0.0	0.0
r1783	655.0	45.0	7.0	57327.04	1.0	0.0	1.0	47349.0	0.0	0.0	0.0
r761	729.0	34.0	9.0	53299.96	2.0	1.0	1.0	42855.97	0.0	1.0	0.0
r611	720.0	26.0	10.0	51962.91	2.0	1.0	0.0	45507.24	0.0	0.0	1.0
r2889	714.0	33.0	3.0	35016.6	1.0	1.0	0.0	53667.08	1.0	0.0	1.0
r1753	636.0	34.0	2.0	40105.51	2.0	0.0	1.0	53512.16	1.0	0.0	1.0
r2175	614.0	51.0	4.0	40685.92	1.0	1.0	1.0	46775.28	0.0	0.0	1.0
r4641	564.0	53.0	2.0	45472.28	1.0	1.0	1.0	41055.71	0.0	0.0	0.0
r592	435.0	32.0	2.0	57017.06	2.0	1.0	1.0	5907.11	1.0	0.0	1.0
r2888	769.0	31.0	4.0	61297.05	2.0	1.0	1.0	7118.02	0.0	0.0	1.0
r3845	604.0	47.0	8.0	62094.71	3.0	0.0	0.0	9308.1	0.0	0.0	0.0
r3399	716.0	52.0	7.0	65971.61	2.0	1.0	0.0	14608.0	0.0	0.0	0.0
r1758	594.0	38.0	6.0	63176.44	2.0	1.0	1.0	14466.08	1.0	0.0	1.0
r4842	656.0	34.0	6.0	59877.33	1.0	1.0	0.0	14032.62	0.0	1.0	0.0
r1739	775.0	25.0	10.0	60205.2	2.0	1.0	0.0	14073.11	1.0	0.0	1.0
r3321	707.0	35.0	3.0	56674.48	1.0	1.0	0.0	17987.4	0.0	1.0	0.0
r199	700.0	44.0	2.0	58781.76	1.0	1.0	0.0	16874.92	0.0	0.0	0.0
r3905	612.0	33.0	5.0	69478.57	1.0	1.0	0.0	8973.67	0.0	1.0	1.0
r3441	542.0	59.0	2.0	68892.77	2.0	1.0	0.0	7905.06	0.0	0.0	0.0
r2781	634.0	41.0	8.0	68213.99	1.0	1.0	1.0	6382.46	0.0	0.0	0.0
r43	611.0	38.0	4.0	71018.6	2.0	1.0	0.0	2444.29	0.0	0.0	1.0
r308	557.0	33.0	3.0	54503.55	1.0	1.0	1.0	371.05	0.0	0.0	1.0
r1680	698.0	41.0	3.0	90605.29	1.0	1.0	1.0	14357.0	0.0	0.0	1.0
r4823	640.0	47.0	6.0	89799.46	2.0	0.0	1.0	13783.77	0.0	0.0	0.0
r4496	646.0	57.0	6.0	90212.0	1.0	1.0	0.0	13911.27	1.0	0.0	0.0
r1477	582.0	32.0	1.0	88938.62	1.0	1.0	1.0	10054.53	1.0	0.0	1.0
r3425	498.0	41.0	4.0	87541.06	2.0	1.0	1.0	12577.21	1.0	0.0	0.0
r3109	650.0	25.0	3.0	86605.5	3.0	1.0	0.0	16649.31	0.0	1.0	0.0
r1239	465.0	25.0	2.0	78247.31	2.0	1.0	1.0	10472.31	0.0	0.0	1.0
r2948	768.0	25.0	0.0	78396.08	1.0	1.0	1.0	8316.19	0.0	0.0	1.0
r428	752.0	49.0	2.0	78653.84	1.0	1.0	0.0	7698.6	0.0	0.0	1.0
r3631	850.0	35.0	2.0	80931.75	1.0	0.0	0.0	12639.67	1.0	0.0	0.0
r260	718.0	49.0	10.0	82321.88	1.0	0.0	1.0	11144.4	0.0	1.0	0.0
r2583	632.0	29.0	7.0	80922.75	1.0	1.0	0.0	7820.78	0.0	1.0	0.0
r4307	617.0	39.0	5.0	83348.89	3.0	1.0	0.0	7953.62	1.0	0.0	0.0
r1013	685.0	34.0	6.0	83264.28	1.0	0.0	0.0	9663.28	0.0	1.0	1.0
r232	578.0	38.0	7.0	82259.29	1.0	1.0	0.0	8996.97	0.0	0.0	1.0
r704	532.0	60.0	5.0	76705.87	2.0	0.0	1.0	13889.73	0.0	0.0	1.0
r2187	741.0	50.0	1.0	78737.61	1.0	1.0	1.0	13018.96	0.0	1.0	1.0
r3304	689.0	38.0	5.0	75075.14	1.0	1.0	1.0	8651.92	0.0	1.0	1.0
r2709	580.0	36.0	3.0	74974.89	1.0	1.0	1.0	12099.67	1.0	0.0	0.0
r3682	735.0	41.0	7.0	74135.85	1.0	1.0	1.0	11783.1	0.0	0.0	1.0
r2443	711.0	21.0	0.0	82844.33	2.0	0.0	1.0	1408.68	0.0	0.0	0.0
r763	666.0	31.0	2.0	79589.43	1.0	0.0	0.0	4050.57	0.0	0.0	0.0
r3687	731.0	43.0	9.0	79120.27	1.0	0.0	0.0	548.52	1.0	0.0	0.0
r1205	641.0	30.0	2.0	87505.47	2.0	0.0	1.0	7278.57	0.0	0.0	1.0
r2559	781.0	33.0	3.0	89276.48	1.0	1.0	0.0	6959.0	0.0	0.0	1.0
r3335	714.0	51.0	4.0	88308.87	3.0	0.0	0.0	5862.53	0.0	0.0	0.0
r4447	581.0	54.0	4.0	89299.81	1.0	0.0	0.0	5558.47	0.0	0.0	1.0
r2552	518.0	28.0	9.0	85146.36	1.0	0.0	0.0	2803.89	0.0	0.0	0.0
r4733	597.0	43.0	2.0	85162.26	1.0	0.0	1.0	5104.08	0.0	1.0	1.0
r1299	654.0	55.0	3.0	87485.67	1.0	1.0	1.0	3299.01	0.0	0.0	1.0
r81	621.0	35.0	7.0	87619.29	1.0	1.0	0.0	143.34	0.0	0.0	1.0
r4226	526.0	52.0	8.0	93590.47	1.0	0.0	1.0	21228.71	0.0	0.0	1.0
r4625	663.0	46.0	6.0	95439.4	1.0	1.0	1.0	21038.58	1.0	0.0	0.0
r530	744.0	39.0	4.0	95161.75	1.0	1.0	0.0	19409.77	0.0	1.0	1.0
r736	619.0	35.0	4.0	90413.12	1.0	1.0	1.0	20555.21	0.0	0.0	0.0
r4159	681.0	44.0	4.0	91115.76	2.0	0.0	0.0	24208.84	1.0	0.0	0.0
r2168	545.0	38.0	1.0	88293.13	2.0	1.0	1.0	24302.95	0.0	0.0	1.0
r4069	795.0	56.0	9.0	94348.94	1.0	1.0	0.0	29239.29	1.0	0.0	0.0
r1748	774.0	26.0	2.0	93844.69	1.0	1.0	0.0	28415.36	0.0	0.0	1.0
r3409	736.0	57.0	9.0	95295.39	1.0	1.0	0.0	28434.44	1.0	0.0	1.0
r3608	613.0	59.0	8.0	91415.76	1.0	0.0	0.0	27965.0	1.0	0.0	1.0
r1558	641.0	26.0	4.0	91547.84	2.0	0.0	1.0	28157.34	0.0	0.0	0.0
r1054	618.0	39.0	2.0	91068.56	1.0	1.0	0.0	26578.69	0.0	0.0	1.0
r3438	538.0	38.0	8.0	88758.95	2.0	0.0	0.0	28226.15	0.0	0.0	0.0
r554	682.0	33.0	8.0	74963.5	1.0	1.0	1.0	32770.56	0.0	0.0	0.0
r1189	581.0	43.0	9.0	78022.61	1.0	0.0	1.0	30662.91	0.0	1.0	1.0
r4527	718.0	52.0	8.0	79475.3	3.0	1.0	1.0	32421.32	0.0	0.0	1.0
r3523	661.0	42.0	9.0	75361.44	1.0	1.0	0.0	27608.12	0.0	1.0	0.0
r4013	480.0	47.0	8.0	75408.33	1.0	1.0	0.0	25887.89	0.0	1.0	1.0
r1784	611.0	29.0	4.0	78885.88	2.0	1.0	1.0	26927.69	1.0	0.0	0.0
r1695	694.0	39.0	5.0	77652.4	1.0	1.0	1.0	25407.59	0.0	0.0	1.0
r3223	626.0	44.0	10.0	81553.93	1.0	1.0	0.0	20063.63	0.0	0.0	0.0
r2161	643.0	34.0	3.0	83132.09	1.0	1.0	1.0	21360.88	0.0	1.0	1.0
r3234	823.0	46.0	3.0	81576.75	1.0	1.0	1.0	28370.95	0.0	1.0	0.0
r2409	653.0	32.0	4.0	83772.95	1.0	0.0	1.0	23920.65	0.0	0.0	0.0
r2724	575.0	53.0	1.0	84903.33	2.0	0.0	1.0	26015.8	0.0	1.0	1.0
r45	714.0	21.0	6.0	86402.52	2.0	0.0	0.0	27330.59	1.0	0.0	1.0
r4090	538.0	62.0	3.0	75051.49	1.0	0.0	0.0	17682.02	0.0	0.0	0.0
r2165	667.0	70.0	3.0	77356.92	2.0	1.0	1.0	20881.96	1.0	0.0	1.0
r3159	684.0	48.0	3.0	73309.38	1.0	0.0	0.0	21228.34	0.0	0.0	0.0
r1406	656.0	30.0	4.0	74323.2	1.0	1.0	1.0	22929.08	0.0	0.0	0.0
r3274	521.0	34.0	7.0	70731.07	1.0	1.0	1.0	20243.97	0.0	1.0	0.0
r4793	681.0	43.0	3.0	66338.68	1.0	1.0	1.0	18772.5	0.0	0.0	1.0
r1125	572.0	33.0	9.0	68193.72	1.0	1.0	0.0	19998.31	0.0	0.0	1.0
r3069	850.0	35.0	1.0	211774.31	1.0	1.0	0.0	188574.12	0.0	0.0	0.0
r4478	596.0	21.0	4.0	210433.08	2.0	0.0	1.0	197297.77	0.0	0.0	1.0
r4192	679.0	47.0	10.0	198546.1	2.0	1.0	0.0	191198.92	0.0	0.0	1.0
r956	592.0	37.0	4.0	212692.97	1.0	0.0	0.0	176395.02	0.0	0.0	1.0
r3208	705.0	40.0	5.0	203715.15	1.0	1.0	0.0	179978.68	0.0	1.0	0.0
r3693	657.0	36.0	8.0	188241.05	2.0	0.0	0.0	183058.51	0.0	1.0	1.0
r3968	664.0	53.0	7.0	187602.18	1.0	1.0	0.0	186392.99	0.0	1.0	0.0
r1968	778.0	31.0	9.0	182275.23	2.0	1.0	0.0	190631.23	1.0	0.0	1.0
r4034	678.0	60.0	8.0	185648.56	1.0	0.0	0.0	192156.54	0.0	0.0	1.0
r357	477.0	39.0	4.0	182491.57	1.0	1.0	0.0	185830.72	1.0	0.0	0.0
r3046	693.0	41.0	9.0	181461.48	3.0	1.0	1.0	187929.43	1.0	0.0	0.0
r375	461.0	74.0	1.0	186445.31	2.0	1.0	1.0	196767.83	1.0	0.0	0.0
r306	762.0	69.0	9.0	183744.98	1.0	1.0	1.0	196993.69	0.0	1.0	0.0
r73	493.0	35.0	8.0	178317.6	1.0	0.0	0.0	197428.64	1.0	0.0	0.0
r3389	850.0	63.0	8.0	169832.57	1.0	0.0	0.0	184107.26	0.0	0.0	1.0
r3137	548.0	32.0	2.0	172448.77	1.0	1.0	0.0	188083.77	0.0	0.0	0.0
r2199	715.0	32.0	8.0	175307.32	1.0	1.0	0.0	187051.23	0.0	0.0	1.0
r3998	640.0	43.0	9.0	172478.15	1.0	1.0	0.0	191084.4	0.0	1.0	1.0
r1722	799.0	22.0	8.0	174185.98	2.0	0.0	1.0	192633.85	0.0	0.0	0.0
r1078	471.0	42.0	3.0	164951.56	1.0	1.0	0.0	190531.77	0.0	0.0	1.0
r2941	746.0	21.0	8.0	166883.07	2.0	0.0	1.0	194563.65	0.0	0.0	0.0
r901	480.0	35.0	2.0	165692.91	1.0	1.0	1.0	197984.58	0.0	0.0	1.0
r368	733.0	44.0	6.0	168165.84	1.0	0.0	1.0	197193.49	0.0	0.0	0.0
r1467	672.0	21.0	3.0	165878.76	2.0	1.0	1.0	164537.17	1.0	0.0	0.0
r4853	504.0	46.0	2.0	163764.84	1.0	1.0	1.0	165122.55	0.0	1.0	0.0
r4821	475.0	40.0	7.0	160818.08	1.0	0.0	1.0	169642.13	0.0	0.0	1.0
r3487	351.0	57.0	4.0	163146.46	1.0	1.0	0.0	169621.69	1.0	0.0	0.0
r1487	672.0	28.0	4.0	167268.98	1.0	1.0	1.0	169469.3	0.0	0.0	1.0
r1828	646.0	48.0	8.0	169023.33	2.0	1.0	1.0	175657.55	1.0	0.0	1.0
r1902	704.0	48.0	8.0	167997.6	1.0	1.0	1.0	173498.45	0.0	1.0	1.0
r606	425.0	40.0	9.0	166776.6	2.0	0.0	1.0	172646.88	1.0	0.0	1.0
r3184	686.0	47.0	5.0	170935.94	1.0	1.0	0.0	173179.79	1.0	0.0	0.0
r3368	710.0	54.0	6.0	171137.62	1.0	1.0	1.0	167023.95	0.0	0.0	1.0
r1200	724.0	35.0	0.0	171982.95	2.0	0.0	1.0	167313.07	1.0	0.0	0.0
r3173	625.0	49.0	6.0	173434.9	1.0	1.0	0.0	165580.93	0.0	0.0	1.0
r2414	789.0	31.0	4.0	175477.15	1.0	1.0	1.0	172832.9	0.0	0.0	1.0
r4835	619.0	32.0	4.0	175406.13	2.0	1.0	1.0	172792.43	0.0	1.0	0.0
r4001	621.0	40.0	8.0	174126.75	3.0	1.0	0.0	172490.78	1.0	0.0	1.0
r3244	794.0	41.0	7.0	176845.41	3.0	1.0	0.0	166526.26	0.0	0.0	0.0
r204	580.0	45.0	2.0	179334.83	2.0	1.0	1.0	169303.65	1.0	0.0	1.0
r2356	680.0	33.0	10.0	183768.47	1.0	1.0	0.0	164119.35	0.0	0.0	1.0
r1336	624.0	35.0	0.0	180303.24	2.0	1.0	0.0	163587.9	1.0	0.0	0.0
r4634	770.0	68.0	2.0	183555.24	1.0	0.0	0.0	159557.28	0.0	0.0	0.0
r2015	629.0	35.0	4.0	174588.8	2.0	0.0	1.0	158420.14	0.0	1.0	1.0
r138	474.0	34.0	9.0	176311.36	1.0	1.0	0.0	160213.27	1.0	0.0	0.0
r3907	826.0	56.0	8.0	174506.1	2.0	0.0	1.0	161802.82	0.0	1.0	0.0
r4472	650.0	42.0	4.0	194532.66	1.0	1.0	0.0	171045.31	0.0	1.0	1.0
r2782	782.0	33.0	7.0	191523.09	1.0	1.0	1.0	167058.75	0.0	0.0	1.0
r764	769.0	27.0	7.0	188614.07	1.0	1.0	0.0	171344.09	1.0	0.0	1.0
r1775	818.0	31.0	1.0	186796.37	1.0	0.0	0.0	178252.63	0.0	0.0	0.0
r3754	781.0	27.0	7.0	186558.55	1.0	1.0	1.0	175071.29	0.0	0.0	0.0
r3660	583.0	57.0	3.0	238387.56	1.0	0.0	1.0	147964.99	0.0	0.0	0.0
r3110	672.0	56.0	2.0	209767.31	2.0	1.0	1.0	150694.42	0.0	1.0	0.0
r4309	669.0	50.0	9.0	201009.64	1.0	1.0	0.0	158032.5	0.0	0.0	1.0
r4615	684.0	39.0	4.0	207034.96	2.0	0.0	0.0	157694.76	0.0	1.0	1.0
r1531	632.0	40.0	3.0	193354.86	2.0	1.0	0.0	149188.41	0.0	0.0	1.0
r2843	594.0	27.0	0.0	197041.8	1.0	0.0	0.0	151912.49	0.0	0.0	1.0
r2063	613.0	45.0	1.0	187841.99	2.0	1.0	1.0	147224.27	0.0	0.0	0.0
r4782	706.0	29.0	1.0	209490.21	1.0	1.0	1.0	133267.69	0.0	1.0	0.0
r2690	650.0	26.0	4.0	214346.96	2.0	1.0	0.0	128815.33	1.0	0.0	1.0
r3249	625.0	43.0	8.0	201696.07	1.0	1.0	0.0	133020.9	0.0	0.0	1.0
r2866	463.0	20.0	8.0	204223.03	1.0	1.0	0.0	128268.39	0.0	1.0	1.0
r3230	790.0	46.0	8.0	182364.53	1.0	0.0	0.0	139266.48	0.0	1.0	1.0
r4784	510.0	52.0	6.0	191665.21	1.0	1.0	1.0	131312.56	0.0	0.0	0.0
r4761	697.0	49.0	7.0	195238.29	4.0	0.0	1.0	131083.56	0.0	0.0	0.0
r1572	616.0	44.0	7.0	193213.02	2.0	1.0	1.0	137392.77	0.0	1.0	0.0
r2391	744.0	41.0	7.0	190409.34	2.0	1.0	1.0	138361.48	1.0	0.0	1.0
r1907	791.0	35.0	7.0	52436.2	1.0	1.0	0.0	161051.75	1.0	0.0	0.0
r1813	727.0	31.0	2.0	52192.08	2.0	0.0	1.0	160383.47	0.0	0.0	0.0
r976	677.0	46.0	2.0	57037.74	1.0	1.0	1.0	158531.01	0.0	0.0	1.0
r3498	624.0	45.0	3.0	68639.57	1.0	1.0	0.0	168002.31	0.0	0.0	0.0
r348	645.0	38.0	1.0	68079.8	1.0	0.0	1.0	166264.89	0.0	1.0	1.0
r4199	588.0	22.0	9.0	67178.19	1.0	1.0	1.0	163534.75	0.0	1.0	0.0
r4971	516.0	46.0	6.0	62212.29	1.0	0.0	1.0	171681.86	0.0	0.0	0.0
r2101	717.0	35.0	7.0	58469.37	2.0	1.0	1.0	172459.39	1.0	0.0	1.0
r3557	646.0	52.0	8.0	59669.43	1.0	0.0	0.0	172495.81	0.0	0.0	1.0
r2195	664.0	39.0	7.0	60263.23	1.0	1.0	0.0	170835.32	1.0	0.0	1.0
r3291	652.0	48.0	4.0	59486.31	1.0	1.0	0.0	163944.18	0.0	0.0	1.0
r3711	675.0	61.0	5.0	62055.17	3.0	1.0	0.0	166305.16	0.0	0.0	0.0
r2626	461.0	34.0	5.0	63663.93	1.0	0.0	1.0	167784.28	1.0	0.0	0.0
r1072	632.0	42.0	6.0	59972.26	2.0	0.0	1.0	148172.94	1.0	0.0	1.0
r4179	596.0	40.0	5.0	62389.03	3.0	1.0	0.0	148623.43	1.0	0.0	1.0
r4849	838.0	40.0	6.0	61671.19	1.0	0.0	1.0	150659.35	0.0	1.0	0.0
r172	728.0	32.0	5.0	61825.5	1.0	1.0	1.0	156124.93	1.0	0.0	1.0
r3054	675.0	38.0	6.0	68065.8	1.0	0.0	0.0	138777.0	0.0	0.0	0.0
r127	473.0	35.0	6.0	69617.36	1.0	1.0	0.0	143345.69	0.0	0.0	0.0
r2210	763.0	61.0	1.0	66101.89	1.0	1.0	1.0	143981.27	1.0	0.0	0.0
r53	730.0	22.0	9.0	65763.57	1.0	1.0	1.0	145792.01	0.0	0.0	0.0
r3933	748.0	49.0	7.0	29602.08	1.0	0.0	0.0	163550.58	0.0	0.0	0.0
r3821	559.0	45.0	8.0	24043.45	1.0	0.0	1.0	169781.45	0.0	0.0	1.0
r4219	659.0	44.0	9.0	23503.31	1.0	0.0	1.0	169862.01	0.0	0.0	0.0
r4000	466.0	41.0	3.0	33563.95	2.0	1.0	0.0	178994.13	0.0	0.0	0.0
r4258	609.0	37.0	1.0	39344.83	1.0	1.0	1.0	178291.89	0.0	0.0	1.0
r788	711.0	43.0	2.0	39043.29	2.0	1.0	1.0	175423.69	1.0	0.0	1.0
r832	649.0	29.0	2.0	45022.23	1.0	1.0	1.0	173495.77	0.0	1.0	1.0
r616	555.0	40.0	10.0	43028.77	1.0	1.0	0.0	170514.21	0.0	0.0	1.0
r898	715.0	35.0	4.0	40169.88	2.0	1.0	1.0	199857.47	0.0	1.0	0.0
r1413	790.0	29.0	3.0	46057.96	2.0	1.0	1.0	189777.66	0.0	1.0	1.0
r4553	517.0	62.0	1.0	43772.66	3.0	1.0	0.0	187756.24	0.0	0.0	1.0
r3444	689.0	45.0	0.0	57784.22	1.0	1.0	0.0	197804.0	0.0	1.0	0.0
r4015	556.0	51.0	8.0	61354.14	1.0	1.0	0.0	198810.65	0.0	0.0	0.0
r278	603.0	38.0	8.0	59360.77	1.0	1.0	1.0	191457.06	0.0	0.0	1.0
r3434	625.0	58.0	10.0	53772.73	1.0	1.0	1.0	192072.1	0.0	0.0	0.0
r1997	581.0	30.0	0.0	53291.86	1.0	0.0	0.0	196582.28	0.0	1.0	1.0
r3351	770.0	55.0	9.0	63127.41	2.0	1.0	0.0	185211.28	0.0	1.0	1.0
r2791	605.0	75.0	2.0	61319.63	1.0	0.0	1.0	186655.11	1.0	0.0	1.0
r2232	669.0	47.0	0.0	63723.78	2.0	1.0	1.0	181928.25	1.0	0.0	1.0
r4164	809.0	42.0	6.0	64497.94	3.0	0.0	1.0	182436.81	1.0	0.0	0.0
r3967	850.0	53.0	7.0	65407.16	2.0	0.0	0.0	182633.63	0.0	1.0	0.0
r2550	768.0	44.0	6.0	60603.4	1.0	1.0	1.0	178045.97	0.0	1.0	0.0
r2698	555.0	33.0	1.0	56084.69	2.0	0.0	0.0	178798.13	0.0	1.0	1.0
r4044	670.0	31.0	2.0	57530.06	1.0	1.0	1.0	181893.31	0.0	0.0	0.0
r1327	725.0	39.0	1.0	50880.98	2.0	1.0	1.0	184023.54	1.0	0.0	1.0
r27	749.0	42.0	2.0	56726.83	2.0	0.0	1.0	185543.35	0.0	0.0	1.0
r2396	619.0	30.0	7.0	70729.17	1.0	1.0	1.0	160948.87	0.0	0.0	0.0
r1151	640.0	23.0	3.0	72012.76	1.0	1.0	0.0	161333.13	1.0	0.0	1.0
r4531	430.0	60.0	7.0	73937.02	1.0	1.0	0.0	161937.62	0.0	0.0	0.0
r2100	616.0	31.0	7.0	76665.71	2.0	1.0	1.0	163809.08	0.0	1.0	1.0
r1917	497.0	27.0	9.0	75263.16	1.0	1.0	1.0	164825.04	0.0	1.0	1.0
r1830	724.0	37.0	10.0	68598.56	1.0	1.0	0.0	157862.82	0.0	0.0	0.0
r3826	764.0	48.0	1.0	75990.97	1.0	1.0	0.0	158323.81	0.0	1.0	0.0
r4134	644.0	44.0	5.0	73348.56	1.0	1.0	0.0	157166.79	0.0	0.0	1.0
r1259	850.0	34.0	4.0	71379.53	2.0	1.0	1.0	154000.99	0.0	0.0	0.0
r141	664.0	38.0	4.0	74306.19	2.0	1.0	0.0	154395.56	0.0	0.0	0.0
r1512	615.0	51.0	6.0	81818.49	1.0	1.0	1.0	169149.38	0.0	1.0	1.0
r1586	747.0	21.0	4.0	81025.6	2.0	1.0	0.0	167682.57	0.0	0.0	0.0
r1412	539.0	40.0	7.0	81132.21	1.0	1.0	0.0	167289.82	0.0	0.0	0.0
r1276	571.0	25.0	6.0	82506.72	2.0	1.0	0.0	167705.07	1.0	0.0	1.0
r4524	574.0	36.0	4.0	77967.5	1.0	1.0	0.0	167066.95	0.0	1.0	1.0
r439	489.0	28.0	1.0	79460.98	2.0	1.0	1.0	167973.63	1.0	0.0	1.0
r407	593.0	26.0	9.0	76226.9	1.0	1.0	0.0	167564.82	0.0	1.0	1.0
r1504	597.0	52.0	8.0	83693.34	2.0	1.0	1.0	161083.53	1.0	0.0	1.0
r2090	703.0	28.0	2.0	81173.83	2.0	0.0	1.0	162812.16	0.0	0.0	1.0
r3982	783.0	44.0	3.0	81811.71	1.0	1.0	0.0	164213.53	0.0	1.0	0.0
r4332	477.0	22.0	5.0	82559.42	2.0	0.0	0.0	163112.9	0.0	0.0	1.0
r603	646.0	35.0	6.0	84026.86	1.0	0.0	1.0	164255.69	0.0	0.0	1.0
r4167	625.0	35.0	5.0	86147.46	2.0	1.0	0.0	163440.8	1.0	0.0	0.0
r100	464.0	42.0	3.0	85679.25	1.0	1.0	1.0	164104.74	1.0	0.0	0.0
r1369	601.0	35.0	8.0	71553.83	1.0	1.0	0.0	177384.45	1.0	0.0	1.0
r996	582.0	41.0	6.0	70349.48	2.0	0.0	1.0	178074.04	1.0	0.0	1.0
r1270	682.0	61.0	10.0	73688.2	1.0	1.0	1.0	172141.33	0.0	0.0	1.0
r1994	627.0	52.0	1.0	76101.81	2.0	0.0	1.0	177238.35	1.0	0.0	1.0
r790	714.0	28.0	7.0	77776.39	1.0	1.0	0.0	177737.07	1.0	0.0	1.0
r1928	679.0	37.0	8.0	77373.87	2.0	0.0	1.0	174873.09	1.0	0.0	0.0
r1552	700.0	37.0	3.0	77608.46	2.0	1.0	1.0	175373.46	0.0	0.0	1.0
r1516	715.0	21.0	6.0	76467.16	1.0	1.0	1.0	173511.72	0.0	0.0	1.0
r4618	606.0	37.0	6.0	82373.94	1.0	0.0	0.0	172526.9	0.0	0.0	1.0
r4334	505.0	36.0	2.0	79951.9	1.0	0.0	1.0	174123.16	0.0	0.0	0.0
r816	642.0	30.0	8.0	80964.57	2.0	1.0	0.0	174738.2	0.0	0.0	1.0
r848	748.0	26.0	1.0	77780.29	1.0	0.0	1.0	183049.41	0.0	0.0	0.0
r4009	590.0	43.0	7.0	81076.8	2.0	1.0	1.0	182627.25	0.0	0.0	1.0
r4908	782.0	53.0	1.0	81571.05	1.0	1.0	0.0	182960.46	1.0	0.0	0.0
r327	594.0	50.0	7.0	81310.34	1.0	1.0	1.0	183868.01	0.0	0.0	1.0
r1677	619.0	38.0	10.0	84651.79	1.0	1.0	1.0	184754.26	1.0	0.0	1.0
r1534	610.0	27.0	4.0	87262.4	2.0	1.0	0.0	182720.07	0.0	0.0	0.0
r2820	752.0	44.0	6.0	83870.33	1.0	1.0	0.0	178722.24	0.0	1.0	1.0
r1018	458.0	44.0	7.0	84386.57	1.0	1.0	0.0	178642.73	1.0	0.0	1.0
r4324	720.0	44.0	3.0	86102.27	1.0	1.0	0.0	180134.88	0.0	0.0	1.0
r180	660.0	36.0	0.0	84438.57	1.0	1.0	1.0	181449.51	0.0	1.0	0.0
r3639	547.0	50.0	3.0	81290.02	3.0	0.0	1.0	177747.03	1.0	0.0	1.0
r1171	627.0	21.0	7.0	98993.02	1.0	1.0	1.0	169156.64	0.0	0.0	0.0
r4915	850.0	40.0	9.0	99816.46	1.0	1.0	1.0	163989.66	0.0	0.0	0.0
r2850	682.0	27.0	1.0	97893.2	1.0	1.0	0.0	166144.98	0.0	0.0	0.0
r4072	605.0	51.0	9.0	104760.82	1.0	1.0	1.0	165574.54	0.0	0.0	0.0
r4321	638.0	50.0	1.0	102645.48	1.0	1.0	0.0	168359.98	1.0	0.0	1.0
r3841	626.0	47.0	2.0	103108.8	1.0	0.0	1.0	166475.44	1.0	0.0	0.0
r2824	653.0	38.0	8.0	102133.38	1.0	1.0	1.0	166520.96	0.0	0.0	0.0
r184	770.0	24.0	9.0	101827.07	1.0	1.0	0.0	167256.35	0.0	0.0	1.0
r3171	676.0	37.0	5.0	89634.69	1.0	1.0	1.0	169583.18	0.0	0.0	0.0
r374	584.0	32.0	9.0	85534.83	1.0	0.0	0.0	169137.24	0.0	1.0	1.0
r3532	524.0	52.0	2.0	87894.26	1.0	1.0	0.0	173899.42	0.0	0.0	1.0
r313	651.0	35.0	2.0	86911.8	1.0	1.0	0.0	174094.24	0.0	0.0	1.0
r3279	649.0	45.0	5.0	92786.66	1.0	1.0	0.0	173365.9	0.0	0.0	0.0
r911	807.0	31.0	1.0	93460.47	2.0	0.0	0.0	172782.69	1.0	0.0	0.0
r805	672.0	43.0	4.0	92599.55	2.0	1.0	1.0	167336.78	0.0	0.0	0.0
r4648	367.0	42.0	6.0	93608.28	1.0	1.0	0.0	168816.73	0.0	1.0	1.0
r791	616.0	31.0	3.0	94263.91	2.0	1.0	0.0	168895.06	0.0	0.0	1.0
r206	636.0	35.0	9.0	95478.17	1.0	0.0	0.0	169286.74	0.0	0.0	1.0
r1841	595.0	34.0	2.0	87967.42	2.0	0.0	1.0	156309.52	1.0	0.0	1.0
r2833	599.0	38.0	9.0	89111.63	1.0	0.0	0.0	157239.6	1.0	0.0	1.0
r3922	651.0	46.0	4.0	89743.05	1.0	1.0	0.0	156425.57	0.0	1.0	0.0
r4597	567.0	54.0	5.0	92316.31	2.0	1.0	0.0	158590.66	0.0	1.0	0.0
r4735	687.0	47.0	1.0	91219.29	1.0	0.0	0.0	158845.49	1.0	0.0	0.0
r3552	732.0	61.0	9.0	94867.18	2.0	1.0	1.0	157527.6	1.0	0.0	0.0
r3593	689.0	47.0	1.0	93871.95	3.0	1.0	0.0	156878.42	0.0	0.0	1.0
r4352	454.0	50.0	10.0	92895.56	1.0	1.0	0.0	154344.0	1.0	0.0	0.0
r3188	715.0	41.0	4.0	94267.9	1.0	0.0	1.0	152821.12	0.0	0.0	1.0
r2863	608.0	40.0	7.0	96202.32	1.0	0.0	0.0	161154.85	1.0	0.0	0.0
r4135	477.0	24.0	2.0	95675.62	2.0	0.0	0.0	162699.7	1.0	0.0	0.0
r2692	528.0	43.0	7.0	97473.87	2.0	1.0	1.0	159823.16	0.0	1.0	1.0
r3115	611.0	49.0	2.0	88915.37	3.0	0.0	0.0	161435.02	0.0	0.0	0.0
r2246	688.0	34.0	9.0	91025.58	2.0	0.0	1.0	163783.0	1.0	0.0	0.0
r4355	707.0	57.0	1.0	92053.0	1.0	1.0	1.0	164064.44	0.0	0.0	0.0
r3828	601.0	40.0	3.0	92055.36	1.0	0.0	1.0	164652.02	0.0	0.0	0.0
r3807	496.0	59.0	7.0	91680.1	2.0	1.0	0.0	163141.18	1.0	0.0	0.0
r1436	562.0	48.0	3.0	92347.96	1.0	1.0	1.0	163116.75	0.0	0.0	1.0
r2865	850.0	31.0	4.0	91292.7	1.0	1.0	1.0	162149.07	0.0	1.0	0.0
r4486	603.0	56.0	5.0	90778.76	2.0	1.0	0.0	162223.67	0.0	1.0	0.0
r1769	518.0	38.0	3.0	90957.81	1.0	0.0	1.0	162304.59	0.0	0.0	1.0
r134	745.0	35.0	9.0	92566.53	2.0	1.0	0.0	161519.77	0.0	0.0	1.0
r3185	688.0	36.0	0.0	89772.3	1.0	1.0	0.0	177383.68	0.0	1.0	1.0
r3384	667.0	37.0	5.0	92171.35	3.0	1.0	0.0	178106.34	1.0	0.0	0.0
r581	478.0	35.0	1.0	92474.05	1.0	1.0	0.0	178626.07	0.0	0.0	1.0
r330	541.0	51.0	7.0	90373.28	2.0	1.0	0.0	179861.79	1.0	0.0	1.0
r4272	565.0	52.0	5.0	97720.35	2.0	1.0	0.0	175070.94	1.0	0.0	1.0
r4033	671.0	51.0	3.0	96891.46	1.0	1.0	0.0	176403.33	1.0	0.0	1.0
r2029	850.0	28.0	9.0	97408.03	1.0	1.0	1.0	175853.64	0.0	1.0	1.0
r2404	595.0	20.0	4.0	95830.43	1.0	1.0	0.0	177738.98	0.0	0.0	1.0
r4638	640.0	43.0	9.0	94752.49	1.0	1.0	0.0	184006.36	1.0	0.0	0.0
r499	683.0	41.0	6.0	95696.52	2.0	1.0	1.0	184366.14	0.0	0.0	1.0
r3337	788.0	57.0	8.0	93716.72	1.0	1.0	1.0	180150.49	1.0	0.0	0.0
r1035	704.0	40.0	6.0	95452.89	1.0	0.0	1.0	179964.55	0.0	0.0	0.0
r3571	694.0	37.0	8.0	98218.04	2.0	1.0	0.0	182354.46	1.0	0.0	0.0
r980	636.0	36.0	6.0	96643.32	1.0	0.0	0.0	182059.28	1.0	0.0	1.0
r237	750.0	38.0	7.0	97257.41	2.0	0.0	1.0	179883.04	0.0	1.0	0.0
r2669	662.0	38.0	0.0	105271.56	1.0	0.0	1.0	179833.45	0.0	0.0	1.0
r3755	554.0	51.0	7.0	105701.91	1.0	0.0	1.0	179797.79	1.0	0.0	0.0
r4711	707.0	48.0	7.0	105086.74	1.0	1.0	1.0	180344.69	1.0	0.0	0.0
r4336	646.0	50.0	0.0	104129.24	2.0	1.0	0.0	181794.86	0.0	0.0	1.0
r3391	588.0	35.0	1.0	103060.63	1.0	1.0	0.0	179866.01	1.0	0.0	0.0
r2406	516.0	65.0	9.0	102541.1	1.0	1.0	0.0	181490.42	0.0	1.0	0.0
r1735	472.0	29.0	8.0	102490.27	1.0	0.0	1.0	181224.56	0.0	0.0	1.0
r1063	747.0	36.0	8.0	102603.3	2.0	1.0	1.0	180693.61	1.0	0.0	1.0
r3085	760.0	51.0	2.0	100946.71	1.0	0.0	0.0	179614.8	0.0	0.0	0.0
r3513	551.0	54.0	5.0	102994.04	1.0	1.0	0.0	176680.16	1.0	0.0	1.0
r2082	773.0	37.0	2.0	103195.2	2.0	1.0	0.0	178268.36	0.0	1.0	1.0
r372	761.0	32.0	4.0	103515.39	2.0	1.0	1.0	177622.38	0.0	1.0	0.0
r3068	698.0	48.0	4.0	101238.24	2.0	0.0	1.0	177815.87	0.0	0.0	1.0
r4534	691.0	60.0	6.0	101070.69	1.0	1.0	0.0	177355.8	0.0	0.0	0.0
r4505	616.0	44.0	5.0	102016.38	1.0	0.0	1.0	178235.37	0.0	0.0	1.0
r1489	807.0	33.0	10.0	101952.97	2.0	1.0	0.0	178153.65	0.0	0.0	1.0
r4081	715.0	34.0	9.0	102277.52	1.0	0.0	0.0	177852.57	1.0	0.0	0.0
r2608	796.0	40.0	1.0	99745.95	1.0	1.0	0.0	177524.19	1.0	0.0	0.0
r304	684.0	35.0	3.0	99967.76	1.0	1.0	1.0	176882.08	1.0	0.0	1.0
r1077	762.0	53.0	1.0	102520.37	1.0	1.0	1.0	170195.4	0.0	0.0	1.0
r961	710.0	24.0	7.0	103099.17	2.0	1.0	0.0	173276.62	1.0	0.0	0.0
r4108	704.0	39.0	10.0	102556.18	2.0	1.0	0.0	171971.25	1.0	0.0	0.0
r287	752.0	38.0	10.0	101648.5	2.0	1.0	0.0	172001.44	1.0	0.0	0.0
r2627	666.0	35.0	2.0	104832.49	1.0	1.0	0.0	175015.12	0.0	1.0	1.0
r952	595.0	25.0	7.0	106570.34	2.0	0.0	1.0	177025.79	1.0	0.0	0.0
r815	669.0	35.0	4.0	108269.2	2.0	1.0	0.0	174969.92	1.0	0.0	0.0
r1272	781.0	23.0	2.0	107433.48	1.0	1.0	0.0	173843.21	0.0	0.0	1.0
r179	704.0	38.0	6.0	106687.76	1.0	1.0	0.0	173776.5	0.0	1.0	1.0
r4057	655.0	40.0	0.0	81954.6	1.0	1.0	1.0	198798.44	1.0	0.0	0.0
r1431	845.0	41.0	2.0	81733.74	2.0	0.0	0.0	199761.29	1.0	0.0	0.0
r3739	699.0	43.0	3.0	80764.03	1.0	1.0	0.0	199378.58	0.0	0.0	0.0
r2394	450.0	25.0	9.0	74237.2	2.0	0.0	1.0	195463.35	0.0	1.0	1.0
r646	679.0	37.0	7.0	74260.03	1.0	1.0	0.0	194617.98	0.0	0.0	1.0
r4881	644.0	50.0	9.0	76817.0	4.0	1.0	0.0	196371.13	0.0	0.0	1.0
r939	757.0	28.0	3.0	75381.15	1.0	1.0	1.0	199727.72	0.0	0.0	1.0
r176	685.0	40.0	7.0	74896.92	1.0	1.0	0.0	198694.2	0.0	1.0	1.0
r4580	573.0	46.0	3.0	65269.23	1.0	0.0	1.0	189988.65	0.0	1.0	1.0
r3587	511.0	45.0	5.0	68375.27	1.0	1.0	0.0	193160.25	0.0	0.0	1.0
r1982	583.0	41.0	5.0	77647.6	1.0	1.0	0.0	190429.52	1.0	0.0	0.0
r4250	690.0	40.0	9.0	77641.99	1.0	0.0	0.0	189051.59	0.0	0.0	0.0
r1342	794.0	54.0	1.0	75900.84	1.0	1.0	1.0	192154.66	1.0	0.0	0.0
r4589	494.0	41.0	2.0	69974.66	2.0	1.0	0.0	188426.13	0.0	1.0	0.0
r1319	850.0	33.0	8.0	73059.38	1.0	1.0	1.0	186281.0	0.0	0.0	1.0
r3253	457.0	41.0	8.0	73700.12	3.0	1.0	1.0	185750.02	0.0	0.0	1.0
r1417	776.0	37.0	1.0	93124.04	2.0	1.0	1.0	196079.32	1.0	0.0	0.0
r1130	747.0	41.0	5.0	94521.17	2.0	1.0	0.0	194926.86	0.0	1.0	0.0
r3055	514.0	43.0	1.0	95556.31	1.0	0.0	1.0	199273.98	1.0	0.0	1.0
r2728	593.0	33.0	0.0	95927.04	1.0	1.0	0.0	199478.05	0.0	0.0	0.0
r3569	439.0	52.0	3.0	96196.24	4.0	1.0	0.0	198874.52	0.0	1.0	1.0
r3692	713.0	33.0	6.0	94598.48	1.0	0.0	0.0	197519.66	0.0	0.0	1.0
r3678	652.0	37.0	4.0	92208.54	1.0	0.0	1.0	197699.8	0.0	0.0	0.0
r420	501.0	34.0	7.0	93244.42	1.0	0.0	1.0	199805.63	1.0	0.0	0.0
r3006	608.0	41.0	3.0	89763.84	1.0	0.0	0.0	199304.74	0.0	1.0	0.0
r1409	696.0	60.0	8.0	88786.81	1.0	1.0	1.0	196858.4	0.0	1.0	1.0
r350	696.0	27.0	4.0	87637.26	2.0	0.0	0.0	196111.35	0.0	0.0	1.0
r119	790.0	42.0	1.0	85839.62	1.0	1.0	0.0	198182.73	1.0	0.0	1.0
r1033	635.0	48.0	4.0	81556.89	2.0	1.0	0.0	191914.37	1.0	0.0	0.0
r351	670.0	42.0	3.0	81589.04	1.0	1.0	0.0	188227.8	0.0	1.0	1.0
r929	590.0	51.0	10.0	84474.62	2.0	1.0	1.0	190937.09	0.0	1.0	0.0
r2053	736.0	26.0	0.0	84587.9	1.0	0.0	1.0	188037.76	1.0	0.0	0.0
r334	647.0	41.0	1.0	85906.65	3.0	1.0	0.0	189159.97	1.0	0.0	0.0
r1914	685.0	30.0	4.0	84958.6	2.0	0.0	1.0	194343.72	1.0	0.0	0.0
r4955	610.0	69.0	5.0	86038.21	3.0	0.0	0.0	192743.06	1.0	0.0	0.0
r2929	537.0	28.0	0.0	88963.31	2.0	1.0	1.0	189839.93	0.0	0.0	1.0
r4695	660.0	48.0	0.0	90044.32	2.0	0.0	1.0	187604.97	0.0	0.0	0.0
r3293	515.0	37.0	2.0	90432.92	1.0	1.0	1.0	188366.04	1.0	0.0	1.0
r3705	408.0	84.0	8.0	87873.39	1.0	0.0	0.0	188484.52	0.0	0.0	0.0
r4942	724.0	33.0	4.0	88046.88	1.0	0.0	1.0	186942.49	1.0	0.0	1.0
r3078	598.0	41.0	3.0	91536.93	1.0	1.0	0.0	191468.78	1.0	0.0	1.0
r2581	651.0	34.0	2.0	90355.12	2.0	0.0	0.0	193597.94	1.0	0.0	1.0
r1055	528.0	35.0	3.0	156687.1	1.0	1.0	0.0	199320.77	0.0	0.0	1.0
r1547	712.0	49.0	5.0	154776.42	2.0	0.0	0.0	196257.68	1.0	0.0	0.0
r2428	699.0	50.0	0.0	158633.61	1.0	1.0	0.0	193785.87	0.0	1.0	0.0
r3198	779.0	33.0	1.0	158456.76	1.0	1.0	1.0	197000.92	1.0	0.0	1.0
r273	715.0	28.0	7.0	160376.61	1.0	0.0	0.0	196853.11	0.0	0.0	1.0
r3308	350.0	54.0	1.0	152677.48	1.0	1.0	1.0	191973.49	0.0	1.0	1.0
r2490	490.0	40.0	6.0	156111.08	1.0	0.0	0.0	190889.13	0.0	1.0	1.0
r4118	648.0	32.0	8.0	157138.99	3.0	1.0	0.0	190994.48	1.0	0.0	0.0
r3077	590.0	51.0	3.0	154962.99	3.0	0.0	1.0	191932.27	0.0	1.0	0.0
r1610	798.0	34.0	9.0	154495.79	1.0	1.0	0.0	191395.88	0.0	0.0	1.0
r4806	606.0	36.0	1.0	155655.46	1.0	1.0	1.0	192387.51	0.0	0.0	1.0
r2706	490.0	48.0	8.0	155413.06	1.0	1.0	0.0	187921.3	0.0	1.0	0.0
r1596	656.0	68.0	7.0	153545.11	1.0	1.0	1.0	186574.68	1.0	0.0	1.0
r4248	581.0	54.0	2.0	152508.99	1.0	1.0	0.0	187597.98	1.0	0.0	0.0
r4055	678.0	41.0	1.0	143443.61	1.0	1.0	0.0	196622.28	0.0	0.0	0.0
r4575	579.0	43.0	2.0	145843.82	1.0	1.0	1.0	198402.37	0.0	1.0	1.0
r757	737.0	38.0	6.0	146282.79	2.0	1.0	0.0	198516.2	0.0	1.0	1.0
r2417	782.0	36.0	1.0	148795.17	2.0	1.0	1.0	195681.43	0.0	0.0	1.0
r361	757.0	31.0	8.0	149085.9	2.0	1.0	1.0	197077.36	1.0	0.0	1.0
r2710	693.0	29.0	2.0	151352.74	1.0	0.0	0.0	197145.89	0.0	0.0	1.0
r2693	487.0	36.0	1.0	140137.15	1.0	1.0	0.0	194073.33	0.0	1.0	0.0
r3093	612.0	62.0	8.0	140745.33	1.0	1.0	0.0	193437.89	1.0	0.0	0.0
r4330	576.0	71.0	6.0	140273.47	1.0	1.0	1.0	193135.25	1.0	0.0	0.0
r1408	518.0	35.0	8.0	141665.63	1.0	0.0	1.0	192776.64	1.0	0.0	0.0
r2376	519.0	21.0	1.0	146329.57	2.0	1.0	1.0	194867.27	0.0	0.0	0.0
r2112	679.0	39.0	2.0	146186.28	2.0	1.0	1.0	193974.47	1.0	0.0	1.0
r4557	638.0	42.0	8.0	145177.84	1.0	1.0	0.0	193471.74	1.0	0.0	1.0
r1340	831.0	32.0	2.0	146033.62	1.0	1.0	0.0	191260.74	0.0	0.0	0.0
r3365	604.0	53.0	8.0	144453.75	1.0	1.0	0.0	190998.96	0.0	0.0	1.0
r4559	543.0	41.0	6.0	143350.41	1.0	1.0	1.0	192070.16	1.0	0.0	1.0
r2134	634.0	37.0	7.0	143258.85	2.0	1.0	0.0	192721.98	1.0	0.0	0.0
r828	656.0	46.0	9.0	143267.14	2.0	0.0	0.0	193099.43	0.0	0.0	1.0
r4697	769.0	60.0	9.0	148846.39	1.0	1.0	0.0	192831.67	1.0	0.0	1.0
r2495	767.0	77.0	8.0	149083.7	1.0	1.0	1.0	190146.83	0.0	1.0	1.0
r3313	700.0	40.0	4.0	148571.07	1.0	1.0	0.0	189826.96	1.0	0.0	0.0
r4457	563.0	32.0	0.0	148326.09	1.0	1.0	0.0	191604.27	0.0	0.0	0.0
r2831	677.0	44.0	4.0	148770.61	2.0	1.0	1.0	191057.76	1.0	0.0	0.0
r1215	569.0	43.0	8.0	161546.68	2.0	0.0	1.0	178187.28	0.0	1.0	1.0
r754	652.0	41.0	9.0	159434.03	1.0	1.0	0.0	178373.93	1.0	0.0	1.0
r2566	665.0	37.0	5.0	160389.82	1.0	0.0	1.0	183542.08	0.0	0.0	0.0
r2150	738.0	35.0	5.0	161274.05	2.0	1.0	0.0	181429.87	0.0	0.0	1.0
r3527	670.0	40.0	2.0	164948.98	3.0	0.0	0.0	177028.0	1.0	0.0	1.0
r3596	602.0	33.0	5.0	164704.38	1.0	0.0	1.0	180716.1	0.0	0.0	1.0
r3324	674.0	34.0	2.0	152797.9	1.0	1.0	0.0	175709.4	1.0	0.0	1.0
r4416	602.0	39.0	6.0	154121.32	2.0	1.0	0.0	176614.86	0.0	0.0	0.0
r4084	547.0	41.0	3.0	151191.31	1.0	1.0	0.0	175295.89	1.0	0.0	1.0
r2463	703.0	39.0	6.0	152685.4	1.0	0.0	0.0	183656.12	0.0	1.0	1.0
r3784	778.0	33.0	9.0	151772.63	2.0	0.0	0.0	180249.94	0.0	0.0	0.0
r833	602.0	31.0	7.0	155271.83	1.0	1.0	1.0	179446.31	0.0	0.0	1.0
r4825	723.0	49.0	0.0	153855.52	1.0	1.0	1.0	180862.26	1.0	0.0	0.0
r467	511.0	58.0	0.0	149117.31	1.0	1.0	1.0	162599.51	0.0	0.0	1.0
r3290	573.0	47.0	4.0	152522.47	1.0	0.0	1.0	164038.07	1.0	0.0	0.0
r4514	586.0	58.0	7.0	151933.63	1.0	1.0	0.0	162960.05	0.0	0.0	1.0
r1979	668.0	37.0	10.0	152958.29	2.0	1.0	1.0	159585.61	1.0	0.0	1.0
r1755	728.0	39.0	6.0	152182.83	1.0	0.0	0.0	161203.6	1.0	0.0	1.0
r4112	580.0	36.0	6.0	145387.32	2.0	1.0	1.0	169963.2	1.0	0.0	0.0
r4121	688.0	38.0	7.0	148045.68	1.0	1.0	0.0	175479.92	0.0	0.0	1.0
r3202	765.0	43.0	4.0	148962.76	1.0	0.0	1.0	173878.87	1.0	0.0	1.0
r4446	679.0	41.0	8.0	147726.98	3.0	1.0	0.0	172749.4	0.0	0.0	1.0
r1564	679.0	36.0	6.0	147733.64	1.0	0.0	1.0	172501.38	0.0	0.0	1.0
r4608	519.0	21.0	1.0	151701.45	3.0	1.0	1.0	170138.68	1.0	0.0	0.0
r1567	733.0	42.0	9.0	150507.21	1.0	0.0	1.0	169964.12	0.0	0.0	1.0
r556	790.0	31.0	2.0	151290.16	1.0	1.0	1.0	172437.12	0.0	0.0	0.0
r2739	850.0	36.0	2.0	155180.56	2.0	0.0	0.0	169415.54	0.0	1.0	0.0
r1051	758.0	26.0	4.0	155739.76	1.0	1.0	0.0	171552.02	0.0	0.0	1.0
r872	646.0	39.0	0.0	154439.86	1.0	1.0	0.0	171519.06	1.0	0.0	1.0
r888	520.0	33.0	4.0	156297.58	2.0	1.0	1.0	166102.61	0.0	0.0	1.0
r527	449.0	32.0	0.0	155619.36	1.0	1.0	1.0	166692.03	0.0	1.0	1.0
r4728	550.0	40.0	8.0	150490.32	1.0	0.0	0.0	166468.21	0.0	0.0	0.0
r317	658.0	28.0	9.0	152812.58	1.0	1.0	0.0	166682.57	1.0	0.0	0.0
r2032	652.0	31.0	1.0	132862.59	1.0	0.0	0.0	158054.49	0.0	1.0	1.0
r4936	504.0	44.0	0.0	131873.07	2.0	1.0	1.0	158036.72	1.0	0.0	0.0
r1772	526.0	66.0	7.0	132044.6	2.0	1.0	1.0	158365.89	0.0	1.0	1.0
r2250	542.0	32.0	2.0	131945.94	1.0	0.0	1.0	159737.56	0.0	1.0	1.0
r4424	606.0	41.0	4.0	132670.53	1.0	1.0	0.0	156476.36	1.0	0.0	0.0
r2028	618.0	32.0	5.0	133476.09	1.0	0.0	1.0	154843.4	0.0	1.0	1.0
r700	710.0	30.0	10.0	133537.1	2.0	1.0	0.0	155593.74	1.0	0.0	0.0
r1833	703.0	73.0	5.0	137761.55	1.0	1.0	1.0	159677.46	0.0	1.0	1.0
r2593	658.0	45.0	9.0	134562.8	1.0	1.0	1.0	159268.67	1.0	0.0	0.0
r2538	700.0	37.0	1.0	135179.49	1.0	1.0	0.0	160670.37	0.0	0.0	1.0
r1001	510.0	26.0	6.0	136214.08	1.0	0.0	0.0	159742.33	0.0	0.0	0.0
r2609	746.0	36.0	9.0	127157.04	1.0	1.0	1.0	155700.15	0.0	0.0	1.0
r3357	658.0	35.0	5.0	126397.66	1.0	0.0	0.0	156361.58	0.0	0.0	0.0
r2247	652.0	33.0	7.0	128135.99	1.0	1.0	0.0	158437.73	1.0	0.0	1.0
r3855	526.0	50.0	5.0	124233.24	1.0	0.0	1.0	159456.87	1.0	0.0	1.0
r1041	598.0	38.0	0.0	125487.89	1.0	0.0	0.0	158111.71	0.0	0.0	1.0
r2677	688.0	38.0	7.0	123544.21	1.0	1.0	1.0	157664.02	0.0	0.0	0.0
r1955	559.0	31.0	3.0	127070.73	1.0	0.0	1.0	160941.78	0.0	0.0	0.0
r1242	635.0	27.0	3.0	127009.83	1.0	1.0	0.0	161909.95	0.0	0.0	1.0
r4402	518.0	29.0	9.0	125961.74	2.0	1.0	0.0	160303.08	1.0	0.0	1.0
r78	590.0	22.0	7.0	125265.61	1.0	1.0	1.0	161253.08	0.0	1.0	1.0
r2357	522.0	32.0	8.0	124450.36	2.0	1.0	1.0	165786.1	1.0	0.0	1.0
r2975	655.0	41.0	8.0	125561.97	1.0	0.0	0.0	164040.94	1.0	0.0	1.0
r4450	539.0	47.0	2.0	127286.04	2.0	1.0	1.0	166929.43	0.0	0.0	0.0
r3789	553.0	53.0	5.0	127997.83	1.0	1.0	0.0	165378.66	1.0	0.0	1.0
r3935	629.0	46.0	1.0	130666.2	1.0	1.0	1.0	161125.67	0.0	0.0	1.0
r2650	774.0	42.0	2.0	132193.94	2.0	1.0	1.0	162865.52	1.0	0.0	1.0
r4335	591.0	51.0	8.0	132508.3	1.0	1.0	1.0	161304.68	1.0	0.0	0.0
r189	824.0	30.0	0.0	133634.02	1.0	1.0	1.0	162053.92	0.0	0.0	1.0
r3964	785.0	39.0	1.0	130147.98	1.0	1.0	0.0	163798.41	0.0	0.0	0.0
r4551	777.0	29.0	9.0	131240.61	1.0	1.0	1.0	163746.09	0.0	0.0	0.0
r1428	548.0	39.0	7.0	131468.44	1.0	1.0	0.0	164975.82	0.0	1.0	1.0
r1696	591.0	46.0	4.0	129269.27	1.0	1.0	0.0	163504.33	1.0	0.0	1.0
r319	497.0	37.0	8.0	128650.11	2.0	1.0	1.0	163641.53	0.0	1.0	1.0
r65	469.0	33.0	1.0	127818.52	1.0	1.0	0.0	163477.22	0.0	0.0	1.0
r4231	532.0	52.0	9.0	137755.76	1.0	1.0	0.0	163191.99	1.0	0.0	1.0
r1289	681.0	48.0	8.0	139480.18	1.0	1.0	1.0	163581.67	1.0	0.0	0.0
r2801	803.0	41.0	9.0	137742.9	2.0	1.0	1.0	166957.82	1.0	0.0	1.0
r2141	530.0	23.0	1.0	137060.88	2.0	1.0	1.0	165227.23	1.0	0.0	1.0
r580	736.0	26.0	4.0	135889.13	1.0	1.0	1.0	165692.03	0.0	1.0	0.0
r3924	528.0	62.0	7.0	133201.17	1.0	0.0	0.0	168507.68	1.0	0.0	0.0
r3949	537.0	48.0	4.0	131834.8	1.0	1.0	0.0	166476.95	1.0	0.0	1.0
r1774	661.0	31.0	3.0	133964.3	1.0	1.0	1.0	166187.1	0.0	0.0	0.0
r3875	507.0	31.0	2.0	134237.07	1.0	1.0	1.0	166423.66	1.0	0.0	1.0
r2154	603.0	35.0	9.0	145623.36	1.0	1.0	0.0	163181.62	1.0	0.0	0.0
r1118	512.0	51.0	6.0	144953.31	1.0	1.0	1.0	165035.17	0.0	0.0	1.0
r684	579.0	64.0	6.0	145215.43	1.0	1.0	1.0	164083.72	1.0	0.0	0.0
r2283	635.0	42.0	1.0	146766.72	2.0	0.0	1.0	164357.1	0.0	0.0	1.0
r4078	637.0	46.0	2.0	143500.82	1.0	1.0	0.0	166996.46	1.0	0.0	0.0
r4802	599.0	49.0	10.0	143888.22	2.0	1.0	1.0	166236.38	1.0	0.0	0.0
r2854	770.0	46.0	5.0	141788.63	2.0	0.0	0.0	164967.21	1.0	0.0	0.0
r3806	644.0	32.0	8.0	141528.88	1.0	1.0	1.0	167087.34	1.0	0.0	0.0
r4814	565.0	47.0	10.0	139756.12	1.0	1.0	0.0	165849.49	1.0	0.0	0.0
r1223	687.0	26.0	2.0	142721.52	1.0	1.0	1.0	153605.75	1.0	0.0	1.0
r3997	616.0	37.0	5.0	144235.73	2.0	0.0	0.0	154957.66	0.0	0.0	1.0
r4039	698.0	51.0	6.0	144237.91	4.0	1.0	0.0	157143.61	0.0	0.0	0.0
r1198	757.0	44.0	5.0	140856.16	2.0	1.0	0.0	158735.1	0.0	1.0	1.0
r3118	710.0	43.0	2.0	140080.32	3.0	1.0	1.0	157908.19	1.0	0.0	1.0
r1086	543.0	30.0	4.0	140916.81	1.0	1.0	0.0	157711.18	0.0	0.0	1.0
r789	758.0	30.0	3.0	141581.08	1.0	1.0	0.0	156249.06	0.0	0.0	0.0
r4666	618.0	40.0	0.0	140306.38	1.0	1.0	0.0	160618.61	1.0	0.0	0.0
r2226	608.0	37.0	5.0	146093.39	2.0	0.0	0.0	160593.41	0.0	0.0	1.0
r29	652.0	37.0	9.0	145219.3	1.0	1.0	0.0	159132.83	1.0	0.0	0.0
r3031	749.0	40.0	1.0	139290.41	1.0	1.0	0.0	182855.42	0.0	0.0	1.0
r2828	575.0	40.0	1.0	139532.34	1.0	1.0	0.0	181294.39	0.0	0.0	0.0
r4030	650.0	55.0	2.0	140891.46	3.0	1.0	1.0	179834.45	1.0	0.0	0.0
r2031	561.0	24.0	8.0	143656.55	1.0	0.0	1.0	180932.46	0.0	1.0	1.0
r4577	581.0	50.0	2.0	143829.2	2.0	1.0	0.0	181224.24	1.0	0.0	1.0
r2281	826.0	41.0	5.0	146466.46	2.0	0.0	0.0	180934.67	0.0	1.0	1.0
r3359	717.0	36.0	2.0	148061.89	1.0	1.0	0.0	179128.69	0.0	0.0	1.0
r2766	562.0	35.0	3.0	142296.13	1.0	0.0	1.0	177112.7	1.0	0.0	1.0
r2312	625.0	40.0	7.0	141267.67	1.0	0.0	1.0	177397.49	0.0	0.0	0.0
r2792	607.0	32.0	9.0	144272.07	2.0	1.0	0.0	176580.63	1.0	0.0	1.0
r3195	608.0	62.0	8.0	144976.5	1.0	0.0	0.0	175836.03	0.0	0.0	0.0
r2738	688.0	26.0	8.0	146133.39	1.0	1.0	1.0	175296.76	1.0	0.0	1.0
r4511	674.0	44.0	4.0	131593.85	1.0	0.0	1.0	171345.02	1.0	0.0	0.0
r4676	849.0	49.0	9.0	132934.89	1.0	1.0	0.0	171056.65	1.0	0.0	0.0
r1766	697.0	42.0	9.0	132739.26	2.0	0.0	0.0	174667.65	0.0	0.0	1.0
r3499	651.0	40.0	1.0	134760.21	2.0	0.0	0.0	174434.06	1.0	0.0	1.0
r3098	660.0	39.0	5.0	135134.99	1.0	1.0	0.0	173683.0	1.0	0.0	0.0
r4433	430.0	66.0	6.0	135392.31	2.0	1.0	1.0	172852.06	1.0	0.0	0.0
r137	648.0	33.0	7.0	135310.41	2.0	0.0	1.0	171668.2	1.0	0.0	1.0
r4855	627.0	35.0	2.0	137852.96	1.0	1.0	1.0	172269.21	1.0	0.0	0.0
r2849	720.0	43.0	6.0	137824.03	2.0	1.0	0.0	172557.77	0.0	0.0	0.0
r1451	615.0	33.0	3.0	137657.25	2.0	1.0	1.0	171657.57	1.0	0.0	0.0
r3948	771.0	45.0	0.0	139825.56	1.0	0.0	0.0	170984.97	0.0	1.0	1.0
r3586	550.0	38.0	9.0	140278.99	3.0	1.0	1.0	171457.06	0.0	0.0	1.0
r4624	730.0	39.0	6.0	140094.59	1.0	1.0	0.0	172450.04	0.0	1.0	0.0
r1978	802.0	38.0	1.0	142557.11	1.0	1.0	1.0	172497.73	0.0	0.0	1.0
r3045	538.0	49.0	9.0	141434.04	1.0	0.0	0.0	173779.25	0.0	1.0	0.0
r220	596.0	47.0	5.0	140187.1	2.0	1.0	1.0	174311.3	1.0	0.0	1.0
r2686	746.0	24.0	3.0	137492.35	2.0	0.0	1.0	170142.09	0.0	0.0	1.0
r4004	667.0	23.0	6.0	136100.69	2.0	0.0	0.0	169669.33	0.0	1.0	0.0
r1566	785.0	33.0	5.0	136624.6	2.0	1.0	1.0	169117.74	1.0	0.0	0.0
r4087	839.0	47.0	2.0	136911.07	1.0	1.0	1.0	168184.62	1.0	0.0	1.0
r98	682.0	48.0	1.0	138778.15	1.0	0.0	1.0	168840.23	0.0	0.0	1.0
r3709	675.0	49.0	8.0	135133.39	1.0	0.0	1.0	179521.24	0.0	0.0	1.0
r3878	554.0	30.0	6.0	135370.12	1.0	1.0	1.0	179689.05	0.0	1.0	1.0
r3728	415.0	46.0	9.0	134950.19	3.0	0.0	0.0	178587.36	0.0	0.0	1.0
r3694	600.0	43.0	8.0	133379.41	1.0	1.0	0.0	177378.66	1.0	0.0	1.0
r2527	684.0	41.0	1.0	134177.06	1.0	0.0	0.0	177506.66	0.0	1.0	0.0
r511	556.0	36.0	2.0	134208.22	1.0	0.0	1.0	177670.57	0.0	0.0	0.0
r193	652.0	26.0	1.0	131908.35	1.0	1.0	1.0	179269.79	1.0	0.0	0.0
r4888	629.0	40.0	9.0	137409.19	1.0	1.0	0.0	175877.7	0.0	0.0	0.0
r1956	630.0	23.0	4.0	137964.51	1.0	0.0	1.0	174570.55	1.0	0.0	0.0
r2954	446.0	25.0	3.0	136202.78	1.0	1.0	0.0	176743.51	1.0	0.0	1.0
r2956	490.0	41.0	0.0	139659.04	1.0	1.0	1.0	176254.12	1.0	0.0	0.0
r3665	608.0	63.0	3.0	139529.93	2.0	1.0	1.0	175696.16	0.0	1.0	0.0
r16	773.0	43.0	7.0	138150.57	1.0	1.0	1.0	177357.16	0.0	1.0	1.0
r3470	708.0	43.0	0.0	118994.84	1.0	1.0	0.0	181499.77	1.0	0.0	0.0
r3610	597.0	30.0	2.0	119370.11	1.0	1.0	1.0	182726.22	0.0	1.0	0.0
r1005	705.0	31.0	3.0	119794.67	1.0	0.0	0.0	182528.44	0.0	0.0	0.0
r1111	793.0	63.0	9.0	116270.72	1.0	1.0	1.0	184243.25	0.0	0.0	0.0
r4946	812.0	39.0	5.0	115730.71	3.0	1.0	1.0	185599.34	1.0	0.0	1.0
r4233	736.0	50.0	9.0	116309.01	1.0	1.0	0.0	185360.4	1.0	0.0	1.0
r4282	743.0	48.0	5.0	118207.69	2.0	0.0	0.0	186489.14	0.0	1.0	0.0
r311	850.0	33.0	7.0	118004.26	1.0	1.0	0.0	183983.82	0.0	0.0	0.0
r226	636.0	39.0	3.0	118336.14	1.0	1.0	0.0	184691.77	0.0	0.0	0.0
r4698	607.0	48.0	4.0	112070.86	3.0	1.0	0.0	173568.3	0.0	0.0	0.0
r4935	350.0	40.0	0.0	111098.85	1.0	1.0	1.0	172321.21	0.0	0.0	0.0
r4260	705.0	48.0	9.0	114169.16	1.0	0.0	0.0	173273.2	1.0	0.0	1.0
r3436	617.0	37.0	4.0	116471.43	2.0	1.0	0.0	175324.74	1.0	0.0	0.0
r1653	584.0	38.0	1.0	115341.55	1.0	0.0	1.0	173632.92	0.0	0.0	1.0
r432	567.0	43.0	2.0	115643.58	2.0	0.0	0.0	174606.35	0.0	1.0	1.0
r1873	671.0	31.0	0.0	116234.61	1.0	1.0	0.0	172096.08	0.0	0.0	1.0
r4244	731.0	37.0	3.0	116880.53	1.0	0.0	0.0	172718.35	1.0	0.0	1.0
r3340	725.0	45.0	8.0	116917.07	1.0	0.0	0.0	173464.43	1.0	0.0	1.0
r3463	648.0	54.0	7.0	118241.02	1.0	1.0	0.0	172586.89	0.0	1.0	0.0
r2934	679.0	35.0	1.0	110245.13	1.0	1.0	1.0	178291.09	1.0	0.0	1.0
r4427	621.0	51.0	4.0	109978.83	1.0	0.0	0.0	177740.58	1.0	0.0	1.0
r3882	615.0	24.0	8.0	108528.07	2.0	0.0	0.0	179488.41	1.0	0.0	1.0
r3310	634.0	31.0	9.0	108632.48	1.0	1.0	1.0	179485.96	0.0	1.0	1.0
r919	527.0	31.0	1.0	112203.25	1.0	1.0	0.0	182266.01	0.0	0.0	0.0
r3809	545.0	53.0	5.0	114421.55	1.0	1.0	0.0	180598.28	1.0	0.0	1.0
r3578	578.0	38.0	4.0	113150.44	2.0	1.0	0.0	176712.59	1.0	0.0	0.0
r850	642.0	19.0	3.0	113905.48	1.0	1.0	1.0	176137.2	1.0	0.0	0.0
r1403	588.0	30.0	3.0	115007.08	1.0	0.0	0.0	176858.5	0.0	0.0	1.0
r4612	467.0	51.0	10.0	114514.71	2.0	1.0	0.0	177784.68	1.0	0.0	1.0
r536	719.0	22.0	7.0	114415.84	1.0	1.0	1.0	177497.4	0.0	0.0	0.0
r3033	584.0	30.0	8.0	112013.81	1.0	1.0	0.0	177772.03	1.0	0.0	0.0
r922	679.0	33.0	9.0	112528.65	2.0	1.0	0.0	177362.45	0.0	0.0	0.0
r4893	670.0	43.0	9.0	111677.88	1.0	1.0	0.0	178827.3	1.0	0.0	1.0
r72	679.0	30.0	1.0	112543.42	1.0	1.0	1.0	179435.21	0.0	0.0	0.0
r3583	835.0	20.0	4.0	124365.42	1.0	0.0	0.0	180197.74	1.0	0.0	1.0
r2230	778.0	29.0	7.0	123229.46	1.0	1.0	0.0	181221.09	1.0	0.0	0.0
r2971	465.0	51.0	8.0	122522.32	1.0	0.0	0.0	181297.65	0.0	0.0	0.0
r2068	819.0	38.0	9.0	122334.26	2.0	1.0	1.0	181507.44	0.0	0.0	1.0
r3178	581.0	47.0	1.0	122949.14	1.0	0.0	0.0	180251.68	0.0	0.0	0.0
r3551	758.0	61.0	8.0	125397.21	1.0	1.0	0.0	182184.09	1.0	0.0	0.0
r3271	555.0	46.0	4.0	120392.99	1.0	1.0	0.0	177719.88	1.0	0.0	0.0
r4663	790.0	50.0	8.0	121438.58	1.0	1.0	1.0	176471.78	1.0	0.0	1.0
r649	681.0	41.0	0.0	120549.29	2.0	1.0	0.0	175722.31	0.0	0.0	0.0
r1384	666.0	46.0	5.0	123873.19	1.0	1.0	1.0	177844.06	0.0	0.0	1.0
r4489	762.0	35.0	1.0	117458.51	1.0	0.0	1.0	178361.48	1.0	0.0	1.0
r3429	632.0	41.0	3.0	126550.7	1.0	0.0	0.0	177644.52	1.0	0.0	1.0
r4829	766.0	27.0	5.0	126285.73	1.0	1.0	0.0	177614.17	1.0	0.0	1.0
r4274	559.0	67.0	9.0	125919.35	1.0	1.0	0.0	175910.95	0.0	1.0	1.0
r951	637.0	21.0	10.0	125712.2	1.0	0.0	0.0	175072.47	0.0	0.0	0.0
r1354	812.0	38.0	3.0	127117.8	2.0	1.0	1.0	174822.74	0.0	1.0	1.0
r3038	522.0	34.0	9.0	126436.29	1.0	1.0	0.0	174248.52	0.0	1.0	1.0
r3545	401.0	48.0	8.0	128140.17	1.0	1.0	0.0	175753.55	1.0	0.0	1.0
r444	680.0	31.0	3.0	127331.46	3.0	1.0	1.0	176433.6	1.0	0.0	0.0
r3309	570.0	50.0	5.0	129293.74	1.0	1.0	0.0	177805.44	1.0	0.0	0.0
r3111	459.0	42.0	6.0	129634.25	2.0	1.0	1.0	177683.02	0.0	1.0	0.0
r1701	694.0	33.0	4.0	129731.64	2.0	1.0	0.0	178123.86	0.0	0.0	0.0
r3114	545.0	60.0	7.0	128981.07	1.0	0.0	1.0	176924.21	1.0	0.0	0.0
r2532	681.0	30.0	2.0	128393.29	1.0	1.0	1.0	180593.45	0.0	1.0	1.0
r2672	704.0	42.0	8.0	129735.3	2.0	1.0	1.0	179565.57	0.0	0.0	1.0
r132	500.0	47.0	8.0	128486.11	1.0	1.0	0.0	179227.12	0.0	1.0	0.0
r1770	643.0	41.0	2.0	127841.52	1.0	1.0	0.0	172363.41	1.0	0.0	1.0
r2962	554.0	39.0	2.0	129709.62	1.0	1.0	0.0	173197.12	0.0	0.0	1.0
r2204	678.0	40.0	8.0	128644.46	1.0	0.0	0.0	167673.37	1.0	0.0	0.0
r1472	678.0	40.0	3.0	128398.38	1.0	1.0	0.0	168658.3	0.0	1.0	0.0
r3213	785.0	61.0	4.0	129855.72	2.0	1.0	0.0	170214.82	0.0	1.0	0.0
r4662	766.0	47.0	9.0	129289.98	1.0	1.0	0.0	169935.46	1.0	0.0	1.0
r3561	758.0	52.0	7.0	125095.94	1.0	1.0	0.0	171189.83	0.0	0.0	0.0
r4590	731.0	38.0	10.0	123711.73	2.0	1.0	0.0	171340.68	0.0	0.0	0.0
r1514	808.0	39.0	3.0	124216.93	1.0	0.0	1.0	171442.36	1.0	0.0	1.0
r1502	811.0	47.0	3.0	123365.34	2.0	0.0	0.0	171995.34	0.0	0.0	0.0
r4183	735.0	53.0	8.0	123845.36	2.0	0.0	1.0	170454.93	0.0	0.0	0.0
r1405	717.0	48.0	7.0	123764.95	1.0	1.0	1.0	169952.82	0.0	0.0	1.0
r1105	762.0	26.0	7.0	123709.46	2.0	1.0	1.0	169654.57	0.0	1.0	0.0
r1817	808.0	24.0	4.0	122168.65	1.0	1.0	0.0	174107.04	0.0	0.0	1.0
r4006	794.0	62.0	9.0	123681.32	3.0	1.0	0.0	173586.63	0.0	0.0	0.0
r498	773.0	64.0	2.0	145578.28	1.0	0.0	1.0	186172.85	0.0	0.0	1.0
r4190	692.0	45.0	6.0	142084.04	4.0	1.0	0.0	188305.85	1.0	0.0	1.0
r4343	681.0	49.0	8.0	142946.18	1.0	0.0	0.0	187280.51	1.0	0.0	1.0
r3394	661.0	44.0	1.0	141136.62	1.0	1.0	0.0	189742.78	1.0	0.0	1.0
r4025	724.0	41.0	4.0	142880.28	3.0	0.0	0.0	185541.2	0.0	1.0	0.0
r823	686.0	33.0	9.0	141918.09	2.0	0.0	1.0	184036.47	1.0	0.0	1.0
r1934	523.0	35.0	8.0	138782.76	1.0	1.0	1.0	186118.93	1.0	0.0	1.0
r494	850.0	44.0	3.0	140393.65	2.0	0.0	1.0	186285.52	1.0	0.0	1.0
r1911	756.0	44.0	10.0	137452.09	1.0	1.0	0.0	189543.9	1.0	0.0	1.0
r705	631.0	31.0	8.0	137687.72	1.0	1.0	0.0	190067.12	0.0	0.0	0.0
r3604	483.0	44.0	5.0	136836.49	1.0	1.0	0.0	192359.9	0.0	0.0	0.0
r2643	487.0	40.0	6.0	136093.74	1.0	0.0	1.0	193408.43	0.0	1.0	0.0
r1463	604.0	31.0	6.0	134837.58	1.0	1.0	0.0	192029.19	0.0	0.0	1.0
r1795	785.0	36.0	4.0	135438.4	1.0	0.0	0.0	190627.01	0.0	0.0	0.0
r376	681.0	65.0	7.0	134714.7	2.0	0.0	1.0	190419.81	0.0	1.0	1.0
r4654	668.0	36.0	3.0	133686.52	1.0	1.0	0.0	190958.48	0.0	1.0	0.0
r4530	619.0	42.0	8.0	132796.04	3.0	1.0	1.0	191821.35	1.0	0.0	0.0
r4794	813.0	59.0	2.0	135078.41	1.0	1.0	0.0	187636.06	1.0	0.0	1.0
r2887	605.0	30.0	9.0	135422.31	1.0	0.0	1.0	186418.85	0.0	0.0	0.0
r3768	638.0	27.0	4.0	135096.05	1.0	1.0	1.0	186523.72	1.0	0.0	1.0
r362	814.0	48.0	9.0	136596.85	1.0	1.0	1.0	185791.9	0.0	0.0	1.0
r3044	616.0	66.0	1.0	135842.41	1.0	1.0	0.0	183840.51	0.0	0.0	0.0
r4271	788.0	49.0	4.0	137455.99	1.0	1.0	0.0	184178.29	1.0	0.0	0.0
r2741	672.0	68.0	0.0	126061.51	2.0	1.0	1.0	184936.77	1.0	0.0	1.0
r1345	470.0	25.0	8.0	127974.06	2.0	1.0	1.0	183259.35	0.0	0.0	0.0
r4643	729.0	39.0	6.0	127415.85	1.0	1.0	1.0	184977.2	1.0	0.0	1.0
r3407	704.0	32.0	7.0	127785.17	4.0	0.0	0.0	184464.7	0.0	0.0	1.0
r4759	791.0	35.0	5.0	129828.58	1.0	1.0	1.0	181918.26	1.0	0.0	1.0
r2439	731.0	31.0	1.0	132512.26	1.0	1.0	1.0	185466.85	0.0	0.0	1.0
r3685	598.0	46.0	7.0	131769.04	1.0	0.0	0.0	184980.23	1.0	0.0	0.0
r997	679.0	50.0	6.0	132598.38	2.0	1.0	1.0	184017.98	1.0	0.0	0.0
r4976	678.0	55.0	4.0	129646.91	1.0	1.0	1.0	184125.1	1.0	0.0	1.0
r4495	610.0	50.0	5.0	130554.51	3.0	1.0	0.0	184758.17	0.0	1.0	0.0
r2265	617.0	34.0	0.0	131244.65	2.0	1.0	0.0	183229.02	0.0	0.0	0.0
r1432	802.0	31.0	1.0	125013.72	1.0	1.0	1.0	187658.09	1.0	0.0	1.0
r1117	755.0	28.0	7.0	124540.28	1.0	0.0	1.0	188850.89	0.0	0.0	0.0
r954	699.0	31.0	10.0	125837.86	2.0	1.0	0.0	189392.66	1.0	0.0	0.0
r2174	498.0	35.0	2.0	121968.11	2.0	0.0	1.0	188343.05	1.0	0.0	1.0
r861	652.0	38.0	6.0	123081.84	2.0	1.0	1.0	188657.97	0.0	1.0	0.0
r2654	473.0	35.0	7.0	131504.73	1.0	1.0	0.0	189560.43	1.0	0.0	0.0
r2012	676.0	29.0	7.0	131959.86	1.0	0.0	0.0	189268.81	0.0	0.0	1.0
r4838	647.0	52.0	7.0	130013.12	1.0	1.0	1.0	190806.36	1.0	0.0	1.0
r2026	826.0	29.0	4.0	129938.07	1.0	0.0	1.0	190200.53	0.0	1.0	0.0
r2248	687.0	34.0	5.0	128270.56	1.0	1.0	0.0	191092.62	0.0	0.0	1.0
r4573	678.0	54.0	7.0	128914.97	1.0	0.0	0.0	191746.23	0.0	0.0	1.0
r4311	585.0	56.0	1.0	128472.8	1.0	1.0	0.0	186476.91	0.0	1.0	0.0
r1714	764.0	39.0	1.0	129068.54	2.0	1.0	1.0	187905.12	0.0	0.0	0.0
r3962	661.0	64.0	8.0	128751.65	2.0	1.0	0.0	189398.18	1.0	0.0	0.0
r332	697.0	43.0	10.0	128226.37	1.0	0.0	0.0	188486.94	0.0	1.0	1.0
r4777	727.0	61.0	0.0	128213.96	2.0	1.0	1.0	188729.08	0.0	0.0	1.0
r483	601.0	54.0	1.0	131039.97	2.0	1.0	1.0	199661.5	1.0	0.0	0.0
r2535	687.0	41.0	10.0	134318.21	2.0	1.0	1.0	198064.52	1.0	0.0	1.0
r2694	774.0	42.0	3.0	137781.65	1.0	0.0	0.0	199316.19	0.0	0.0	0.0
r4356	555.0	51.0	9.0	138214.5	1.0	1.0	0.0	198715.27	1.0	0.0	0.0
r2972	834.0	49.0	2.0	131394.56	1.0	0.0	0.0	194365.76	0.0	0.0	0.0
r1874	477.0	30.0	6.0	131286.46	1.0	1.0	0.0	194144.45	0.0	0.0	0.0
r3591	505.0	45.0	9.0	131355.3	3.0	1.0	0.0	195395.33	0.0	1.0	0.0
r3590	591.0	56.0	9.0	128882.49	1.0	1.0	1.0	196241.94	0.0	0.0	0.0
r4628	780.0	51.0	4.0	126725.25	1.0	1.0	0.0	195259.31	1.0	0.0	1.0
r3352	850.0	45.0	5.0	127258.79	1.0	1.0	1.0	192744.23	1.0	0.0	0.0
r421	606.0	38.0	7.0	128578.52	1.0	1.0	1.0	193878.51	0.0	1.0	1.0
r3919	850.0	37.0	9.0	122506.38	1.0	0.0	1.0	199693.84	1.0	0.0	1.0
r2670	850.0	37.0	4.0	126872.6	1.0	1.0	0.0	197266.58	0.0	0.0	1.0
r128	790.0	41.0	2.0	126619.27	1.0	1.0	0.0	198224.38	0.0	0.0	0.0
r3554	511.0	40.0	9.0	124401.6	1.0	1.0	0.0	198814.24	1.0	0.0	0.0
r1528	613.0	27.0	5.0	125167.74	1.0	1.0	0.0	199104.52	0.0	0.0	0.0
r88	687.0	34.0	9.0	125474.44	1.0	1.0	0.0	198929.84	0.0	0.0	0.0
r2479	613.0	40.0	7.0	124339.9	1.0	0.0	0.0	193309.58	0.0	0.0	1.0
r1634	663.0	33.0	8.0	122528.18	1.0	1.0	0.0	196260.3	0.0	1.0	0.0
r11	753.0	92.0	3.0	121513.31	1.0	0.0	1.0	195563.99	0.0	0.0	1.0
r2752	710.0	33.0	10.0	118327.17	2.0	1.0	1.0	192928.82	0.0	0.0	1.0
r4131	579.0	50.0	5.0	117721.02	1.0	0.0	1.0	192146.63	1.0	0.0	0.0
r4123	850.0	36.0	5.0	119984.07	1.0	1.0	0.0	191535.11	1.0	0.0	1.0
r4382	636.0	48.0	3.0	120568.41	1.0	1.0	0.0	190160.04	1.0	0.0	0.0
r3796	654.0	32.0	9.0	121455.65	1.0	1.0	0.0	190068.53	0.0	0.0	1.0
r1752	571.0	66.0	9.0	111577.01	1.0	0.0	1.0	189271.9	1.0	0.0	0.0
r3872	576.0	41.0	4.0	112609.91	1.0	0.0	0.0	191035.18	0.0	0.0	0.0
r3125	747.0	58.0	7.0	116313.57	1.0	1.0	1.0	190696.35	1.0	0.0	1.0
r3673	705.0	33.0	5.0	116765.7	1.0	0.0	0.0	190659.17	1.0	0.0	0.0
r4107	805.0	45.0	9.0	116585.97	1.0	1.0	0.0	189428.75	1.0	0.0	0.0
r3295	713.0	53.0	6.0	115029.4	1.0	0.0	0.0	191521.32	0.0	0.0	1.0
r3196	731.0	47.0	1.0	115414.19	3.0	0.0	0.0	191734.67	0.0	0.0	0.0
r4152	660.0	35.0	9.0	113948.58	1.0	1.0	0.0	188891.96	1.0	0.0	1.0
r3595	747.0	45.0	1.0	114959.12	1.0	1.0	0.0	189362.39	0.0	0.0	0.0
r2720	550.0	39.0	2.0	116120.19	2.0	1.0	1.0	195638.13	0.0	1.0	1.0
r3983	678.0	49.0	2.0	116933.11	1.0	1.0	0.0	195053.58	1.0	0.0	1.0
r171	502.0	40.0	7.0	117304.29	1.0	0.0	0.0	196278.32	1.0	0.0	0.0
r2411	593.0	39.0	0.0	117704.73	1.0	1.0	0.0	197933.5	0.0	0.0	0.0
r2461	724.0	33.0	9.0	119278.44	1.0	1.0	1.0	197148.24	1.0	0.0	0.0
r4363	535.0	38.0	2.0	119272.29	1.0	0.0	0.0	195896.59	0.0	0.0	1.0
r949	704.0	39.0	2.0	111525.02	1.0	1.0	0.0	199484.96	0.0	0.0	1.0
r4722	738.0	40.0	6.0	114940.67	2.0	1.0	1.0	194895.57	1.0	0.0	0.0
r155	696.0	30.0	4.0	114027.7	1.0	1.0	1.0	193716.56	1.0	0.0	1.0
r4818	602.0	26.0	8.0	113674.2	1.0	1.0	0.0	197861.16	1.0	0.0	0.0
r1637	479.0	35.0	2.0	113090.4	1.0	1.0	0.0	195649.79	0.0	0.0	0.0
r4388	610.0	49.0	6.0	113882.33	1.0	1.0	0.0	195813.81	1.0	0.0	1.0
r1297	705.0	25.0	3.0	113736.27	1.0	0.0	1.0	196864.61	0.0	0.0	1.0
r4994	610.0	50.0	1.0	113957.01	2.0	1.0	0.0	196526.55	1.0	0.0	1.0
r810	580.0	23.0	5.0	113923.81	2.0	0.0	0.0	196241.43	0.0	0.0	0.0
r909	468.0	29.0	1.0	111681.98	2.0	1.0	1.0	195711.16	1.0	0.0	1.0
r3491	466.0	56.0	2.0	111920.13	3.0	1.0	0.0	197634.11	1.0	0.0	0.0
r3865	476.0	34.0	8.0	111905.43	1.0	0.0	1.0	197221.81	1.0	0.0	0.0
r87	558.0	25.0	10.0	111363.1	2.0	1.0	0.0	197264.35	1.0	0.0	1.0
r2987	524.0	31.0	8.0	107818.63	1.0	1.0	0.0	199725.39	1.0	0.0	0.0
r2484	684.0	38.0	5.0	105069.98	2.0	1.0	1.0	198355.28	0.0	0.0	1.0
r2131	563.0	44.0	7.0	105007.31	2.0	1.0	1.0	197812.16	1.0	0.0	1.0
r338	588.0	41.0	6.0	106116.56	2.0	1.0	0.0	198766.61	1.0	0.0	1.0
r2252	685.0	43.0	9.0	108589.47	2.0	0.0	1.0	194808.51	1.0	0.0	1.0
r886	615.0	41.0	9.0	109013.23	1.0	1.0	0.0	196499.96	0.0	1.0	0.0
r561	622.0	30.0	4.0	107879.04	1.0	0.0	1.0	196894.62	0.0	0.0	0.0
r4879	741.0	42.0	6.0	106036.52	1.0	1.0	0.0	194686.78	0.0	0.0	1.0
r178	583.0	27.0	4.0	105907.42	2.0	1.0	1.0	195732.04	1.0	0.0	1.0
r4850	727.0	49.0	7.0	96296.78	1.0	1.0	0.0	190457.87	0.0	1.0	0.0
r1989	612.0	76.0	6.0	96166.88	1.0	1.0	1.0	191393.26	1.0	0.0	1.0
r1654	793.0	29.0	8.0	96674.55	2.0	0.0	0.0	192120.66	0.0	1.0	1.0
r3749	762.0	34.0	8.0	98592.88	1.0	0.0	1.0	191790.29	1.0	0.0	0.0
r4071	572.0	51.0	8.0	97750.07	3.0	1.0	1.0	193014.26	1.0	0.0	1.0
r1188	717.0	33.0	1.0	99106.73	1.0	0.0	0.0	194467.23	0.0	1.0	1.0
r2403	572.0	54.0	9.0	97382.53	1.0	1.0	1.0	195771.95	1.0	0.0	0.0
r2868	850.0	28.0	8.0	99986.98	1.0	1.0	0.0	196582.55	0.0	0.0	1.0
r4487	572.0	47.0	4.0	99353.42	1.0	1.0	0.0	196549.85	1.0	0.0	1.0
r509	542.0	34.0	8.0	101116.06	1.0	1.0	0.0	196395.05	0.0	0.0	1.0
r452	599.0	34.0	2.0	101506.66	1.0	0.0	0.0	198030.24	0.0	1.0	1.0
r4631	541.0	39.0	9.0	100116.67	1.0	1.0	1.0	199808.1	1.0	0.0	0.0
r2477	639.0	41.0	5.0	98635.77	1.0	1.0	0.0	199970.74	1.0	0.0	0.0
r4882	641.0	35.0	2.0	103711.56	1.0	0.0	1.0	192464.21	1.0	0.0	1.0
r1846	730.0	43.0	1.0	103960.38	1.0	1.0	1.0	193650.16	0.0	1.0	0.0
r4584	586.0	36.0	5.0	103700.69	1.0	1.0	0.0	194072.56	1.0	0.0	0.0
r224	776.0	37.0	2.0	103769.22	2.0	1.0	0.0	194099.12	1.0	0.0	0.0
r1936	678.0	48.0	2.0	101099.9	2.0	0.0	1.0	193476.04	1.0	0.0	1.0
r2291	485.0	32.0	6.0	102238.01	2.0	1.0	1.0	194010.12	0.0	1.0	1.0
r3283	504.0	43.0	7.0	102365.49	1.0	1.0	0.0	194690.77	1.0	0.0	0.0
r1356	581.0	27.0	5.0	102258.11	2.0	1.0	0.0	194681.6	0.0	0.0	0.0
r165	686.0	41.0	7.0	102749.72	1.0	0.0	1.0	194913.86	0.0	1.0	1.0
r4884	466.0	47.0	5.0	102085.72	1.0	1.0	1.0	183536.24	1.0	0.0	0.0
r3661	735.0	43.0	9.0	98807.45	1.0	0.0	0.0	184570.04	1.0	0.0	0.0
r2872	639.0	43.0	6.0	99610.92	2.0	1.0	0.0	187296.78	0.0	0.0	1.0
r383	683.0	24.0	8.0	98567.1	1.0	1.0	0.0	187987.01	0.0	1.0	0.0
r2318	667.0	31.0	3.0	99513.91	1.0	1.0	1.0	189657.26	0.0	0.0	1.0
r1983	460.0	35.0	8.0	102742.91	2.0	1.0	1.0	189339.6	1.0	0.0	0.0
r1443	712.0	29.0	3.0	102540.61	1.0	1.0	1.0	189680.79	0.0	0.0	1.0
r4428	552.0	42.0	8.0	103362.14	1.0	0.0	1.0	186869.58	1.0	0.0	0.0
r3496	498.0	61.0	7.0	102453.26	1.0	1.0	0.0	187247.56	1.0	0.0	1.0
r1711	757.0	34.0	9.0	101861.36	2.0	0.0	0.0	187011.96	1.0	0.0	0.0
r3942	578.0	31.0	5.0	102088.68	4.0	0.0	0.0	187866.21	1.0	0.0	0.0
r4344	436.0	45.0	3.0	104339.11	2.0	1.0	1.0	183540.22	1.0	0.0	1.0
r4234	581.0	26.0	3.0	105099.45	1.0	1.0	1.0	184520.0	1.0	0.0	0.0
r1589	625.0	69.0	1.0	107569.96	1.0	1.0	1.0	182336.45	0.0	1.0	0.0
r1935	660.0	34.0	8.0	106486.66	2.0	0.0	1.0	182262.66	0.0	0.0	1.0
r748	822.0	37.0	3.0	105563.0	1.0	1.0	0.0	182624.93	0.0	0.0	1.0
r4211	668.0	53.0	10.0	110240.04	1.0	0.0	0.0	183980.56	0.0	0.0	0.0
r2825	611.0	31.0	0.0	107884.81	2.0	1.0	1.0	183487.98	1.0	0.0	1.0
r3490	520.0	31.0	3.0	108914.17	1.0	1.0	1.0	183572.39	1.0	0.0	0.0
r4627	609.0	48.0	1.0	108019.27	3.0	1.0	1.0	184524.65	0.0	0.0	1.0
r3651	850.0	43.0	0.0	108508.82	3.0	1.0	0.0	184044.8	1.0	0.0	1.0
r3814	772.0	48.0	6.0	108736.52	1.0	1.0	0.0	184564.67	1.0	0.0	0.0
r4031	595.0	45.0	9.0	106000.12	1.0	0.0	0.0	191448.96	1.0	0.0	0.0
r1386	739.0	40.0	1.0	109681.61	1.0	1.0	1.0	193321.3	0.0	1.0	1.0
r2946	649.0	35.0	4.0	108306.44	1.0	1.0	1.0	192486.24	0.0	0.0	0.0
r4277	743.0	59.0	5.0	108585.35	1.0	1.0	1.0	192127.22	1.0	0.0	1.0
r4454	582.0	40.0	3.0	110150.43	1.0	1.0	1.0	191757.65	1.0	0.0	0.0
r4536	661.0	47.0	0.0	109493.62	1.0	0.0	0.0	188324.01	1.0	0.0	0.0
r3776	645.0	49.0	5.0	110132.55	3.0	0.0	1.0	187689.91	0.0	1.0	0.0
r2732	717.0	25.0	7.0	108664.85	2.0	1.0	0.0	190011.85	0.0	0.0	0.0
r272	707.0	40.0	3.0	109628.44	1.0	1.0	0.0	189366.03	1.0	0.0	0.0
r614	632.0	44.0	3.0	107764.75	1.0	1.0	0.0	185667.72	0.0	0.0	1.0
r3981	648.0	43.0	1.0	107963.38	1.0	0.0	0.0	186438.86	1.0	0.0	0.0
r4689	813.0	29.0	5.0	106059.4	1.0	0.0	0.0	187976.88	1.0	0.0	0.0
r1030	710.0	45.0	9.0	108231.37	1.0	1.0	1.0	188574.08	1.0	0.0	1.0
r1315	597.0	24.0	0.0	108058.07	2.0	1.0	1.0	187826.11	0.0	1.0	1.0
r6	640.0	30.0	6.0	107499.7	1.0	1.0	1.0	187632.22	0.0	0.0	0.0
r2958	804.0	25.0	7.0	108396.67	1.0	1.0	0.0	128276.95	0.0	0.0	1.0
r4765	443.0	35.0	9.0	108308.0	1.0	1.0	0.0	129031.19	0.0	0.0	0.0
r1325	710.0	35.0	1.0	106518.52	1.0	1.0	1.0	127951.81	0.0	1.0	1.0
r3518	546.0	58.0	3.0	106458.31	4.0	1.0	0.0	128881.87	1.0	0.0	0.0
r2164	570.0	42.0	0.0	107856.57	2.0	1.0	0.0	127528.84	1.0	0.0	1.0
r4208	548.0	49.0	9.0	108437.89	1.0	0.0	0.0	127022.87	1.0	0.0	1.0
r2009	576.0	29.0	5.0	108541.04	1.0	1.0	1.0	126469.09	0.0	0.0	0.0
r3570	750.0	52.0	6.0	107467.56	1.0	1.0	0.0	126233.18	1.0	0.0	0.0
r3307	657.0	57.0	8.0	107174.58	1.0	1.0	1.0	126369.55	1.0	0.0	1.0
r1563	607.0	24.0	2.0	109483.54	2.0	0.0	1.0	127560.77	1.0	0.0	0.0
r4644	651.0	35.0	8.0	110067.71	1.0	1.0	0.0	127678.95	1.0	0.0	1.0
r465	699.0	32.0	4.0	110559.46	1.0	1.0	1.0	127429.56	0.0	0.0	0.0
r3206	755.0	41.0	6.0	104817.41	1.0	1.0	0.0	126013.58	0.0	0.0	1.0
r863	535.0	30.0	6.0	103804.97	1.0	1.0	1.0	125710.53	0.0	0.0	1.0
r3146	523.0	40.0	2.0	102967.41	1.0	1.0	0.0	128702.1	0.0	0.0	0.0
r2251	571.0	33.0	9.0	102017.25	2.0	0.0	0.0	128600.49	0.0	0.0	0.0
r3524	712.0	40.0	3.0	109308.79	2.0	1.0	0.0	120158.72	1.0	0.0	0.0
r2973	829.0	27.0	9.0	112045.67	1.0	1.0	1.0	119708.21	1.0	0.0	0.0
r4488	453.0	40.0	1.0	111524.49	1.0	1.0	1.0	120373.84	1.0	0.0	0.0
r2901	680.0	31.0	10.0	113292.17	1.0	1.0	1.0	122639.73	0.0	0.0	1.0
r3343	350.0	39.0	0.0	109733.2	2.0	0.0	0.0	123602.11	1.0	0.0	1.0
r3297	717.0	49.0	1.0	110864.38	2.0	1.0	1.0	124532.9	0.0	1.0	0.0
r318	605.0	62.0	4.0	111065.93	2.0	0.0	1.0	125660.99	0.0	0.0	0.0
r4720	556.0	42.0	0.0	115915.53	2.0	0.0	1.0	125435.47	1.0	0.0	1.0
r1016	751.0	43.0	1.0	114974.24	1.0	1.0	0.0	125920.54	0.0	0.0	1.0
r1648	842.0	44.0	2.0	112652.08	2.0	1.0	0.0	126644.98	0.0	1.0	0.0
r2280	465.0	24.0	5.0	117154.9	1.0	1.0	1.0	127744.02	1.0	0.0	1.0
r3367	565.0	55.0	4.0	118803.35	2.0	1.0	1.0	128124.7	0.0	0.0	1.0
r2586	739.0	25.0	5.0	113113.12	1.0	1.0	0.0	129181.27	1.0	0.0	0.0
r3877	580.0	38.0	9.0	115442.19	2.0	1.0	0.0	128481.5	1.0	0.0	1.0
r4870	740.0	40.0	4.0	114318.78	2.0	1.0	0.0	129333.69	1.0	0.0	1.0
r3617	776.0	33.0	8.0	115130.34	1.0	0.0	0.0	129525.5	1.0	0.0	1.0
r1960	634.0	35.0	6.0	116269.01	1.0	1.0	0.0	129964.94	1.0	0.0	1.0
r4919	727.0	46.0	3.0	115248.11	4.0	1.0	0.0	130752.01	1.0	0.0	1.0
r1058	774.0	76.0	4.0	112510.89	1.0	1.0	1.0	143133.18	0.0	0.0	1.0
r4535	723.0	68.0	3.0	110357.0	1.0	0.0	0.0	141977.54	1.0	0.0	0.0
r4203	834.0	57.0	8.0	112281.6	3.0	1.0	0.0	140225.14	1.0	0.0	0.0
r664	562.0	30.0	3.0	111099.79	2.0	0.0	0.0	140650.19	0.0	0.0	1.0
r550	439.0	28.0	7.0	110976.23	2.0	1.0	0.0	138526.96	0.0	0.0	1.0
r3853	726.0	51.0	8.0	107494.86	2.0	1.0	0.0	140937.91	1.0	0.0	0.0
r1359	610.0	31.0	6.0	107784.65	1.0	1.0	1.0	141137.53	0.0	0.0	0.0
r4824	577.0	51.0	2.0	108867.0	1.0	0.0	0.0	140800.66	0.0	1.0	1.0
r2253	548.0	36.0	2.0	108913.84	2.0	1.0	1.0	140460.01	1.0	0.0	0.0
r3900	666.0	50.0	7.0	109062.28	1.0	1.0	1.0	140136.1	1.0	0.0	0.0
r4435	554.0	55.0	0.0	108477.27	1.0	0.0	1.0	140003.0	1.0	0.0	0.0
r3222	587.0	46.0	9.0	107850.82	1.0	1.0	0.0	139431.0	1.0	0.0	1.0
r4743	771.0	41.0	10.0	108309.0	4.0	1.0	1.0	137510.41	0.0	0.0	0.0
r3892	766.0	34.0	6.0	106434.94	1.0	0.0	1.0	137995.66	1.0	0.0	0.0
r4518	705.0	44.0	10.0	106731.58	1.0	1.0	0.0	137419.87	1.0	0.0	0.0
r3366	565.0	58.0	3.0	108888.24	3.0	0.0	1.0	135875.51	1.0	0.0	0.0
r3446	749.0	47.0	9.0	110022.74	1.0	0.0	1.0	135655.29	1.0	0.0	1.0
r3766	647.0	26.0	8.0	109958.15	1.0	1.0	1.0	136592.24	0.0	1.0	0.0
r3328	521.0	38.0	5.0	110641.18	1.0	0.0	1.0	136507.69	0.0	0.0	1.0
r3358	625.0	36.0	9.0	108546.16	3.0	1.0	0.0	133807.77	0.0	0.0	1.0
r4221	668.0	56.0	9.0	110993.79	1.0	1.0	0.0	134396.64	1.0	0.0	1.0
r255	639.0	46.0	10.0	110031.09	2.0	1.0	1.0	133995.59	1.0	0.0	0.0
r3052	545.0	37.0	8.0	114754.08	1.0	1.0	0.0	136050.44	1.0	0.0	0.0
r2836	535.0	44.0	2.0	114427.86	1.0	1.0	1.0	136330.26	0.0	0.0	0.0
r2568	604.0	36.0	10.0	113546.3	1.0	1.0	1.0	134875.37	1.0	0.0	1.0
r2002	678.0	37.0	2.0	113383.07	1.0	1.0	1.0	135123.96	1.0	0.0	0.0
r1932	613.0	34.0	8.0	117300.02	1.0	1.0	0.0	139410.08	0.0	1.0	1.0
r1211	656.0	46.0	5.0	113402.14	2.0	1.0	1.0	138849.06	0.0	0.0	0.0
r3918	791.0	42.0	10.0	113657.41	2.0	0.0	1.0	139946.68	1.0	0.0	0.0
r4788	611.0	49.0	9.0	115488.52	2.0	1.0	1.0	138656.81	1.0	0.0	0.0
r973	699.0	31.0	6.0	114493.68	1.0	0.0	0.0	138396.32	0.0	1.0	1.0
r3734	680.0	48.0	8.0	115115.38	1.0	1.0	0.0	139558.6	1.0	0.0	0.0
r64	826.0	55.0	4.0	115285.85	1.0	1.0	0.0	140126.17	0.0	0.0	1.0
r2066	684.0	27.0	9.0	122550.05	2.0	0.0	1.0	137835.82	0.0	0.0	0.0
r1578	757.0	44.0	4.0	123322.15	1.0	1.0	0.0	137136.29	0.0	0.0	0.0
r3780	653.0	60.0	2.0	120731.39	4.0	1.0	1.0	138160.11	0.0	0.0	0.0
r1611	419.0	27.0	2.0	121580.42	1.0	0.0	1.0	134720.51	0.0	1.0	0.0
r1246	680.0	33.0	1.0	123082.08	1.0	1.0	0.0	134960.98	0.0	0.0	1.0
r1452	775.0	51.0	2.0	123783.25	1.0	1.0	1.0	134901.57	1.0	0.0	1.0
r762	624.0	38.0	7.0	123906.55	1.0	1.0	0.0	135096.78	0.0	1.0	1.0
r4685	557.0	57.0	1.0	120043.13	1.0	1.0	0.0	132370.75	1.0	0.0	1.0
r1985	536.0	44.0	4.0	121898.82	1.0	0.0	0.0	131007.18	1.0	0.0	0.0
r2879	588.0	34.0	3.0	120777.88	1.0	1.0	1.0	131729.52	0.0	0.0	0.0
r1442	757.0	28.0	7.0	120911.75	2.0	1.0	1.0	131249.46	0.0	0.0	1.0
r3330	725.0	36.0	4.0	118520.26	1.0	0.0	0.0	131173.9	0.0	1.0	0.0
r4808	625.0	55.0	8.0	118772.71	4.0	0.0	0.0	135853.62	1.0	0.0	0.0
r3603	614.0	44.0	6.0	118715.86	1.0	1.0	0.0	133591.11	1.0	0.0	0.0
r3406	618.0	54.0	4.0	118449.21	1.0	1.0	1.0	133573.29	1.0	0.0	0.0
r1690	546.0	25.0	3.0	132837.7	1.0	1.0	0.0	131647.31	1.0	0.0	0.0
r3629	637.0	48.0	7.0	130806.99	2.0	1.0	1.0	132005.85	0.0	0.0	0.0
r2289	615.0	41.0	4.0	130385.82	1.0	0.0	1.0	130661.95	0.0	0.0	1.0
r622	646.0	34.0	3.0	131283.11	1.0	0.0	0.0	130500.65	0.0	0.0	0.0
r2708	756.0	19.0	4.0	130274.22	1.0	1.0	1.0	133535.29	0.0	1.0	1.0
r2448	543.0	67.0	0.0	128843.67	1.0	1.0	1.0	134612.48	0.0	0.0	0.0
r2384	477.0	27.0	1.0	128554.98	1.0	1.0	1.0	133173.19	0.0	0.0	1.0
r3020	739.0	54.0	8.0	126418.14	1.0	1.0	0.0	134420.75	1.0	0.0	1.0
r3762	653.0	37.0	3.0	125734.2	2.0	1.0	0.0	134625.09	1.0	0.0	0.0
r800	802.0	29.0	9.0	127414.55	1.0	1.0	1.0	134459.12	0.0	0.0	1.0
r4105	608.0	44.0	5.0	126147.84	1.0	0.0	1.0	132424.69	1.0	0.0	0.0
r3934	708.0	47.0	0.0	126589.12	2.0	0.0	1.0	132730.07	0.0	0.0	0.0
r367	732.0	36.0	7.0	126195.81	1.0	1.0	1.0	133172.48	0.0	0.0	1.0
r1367	573.0	32.0	9.0	125321.84	2.0	1.0	1.0	130234.63	0.0	0.0	0.0
r4016	823.0	53.0	4.0	124954.94	1.0	0.0	1.0	131259.6	1.0	0.0	0.0
r3540	726.0	56.0	8.0	123110.9	3.0	0.0	1.0	130113.78	0.0	1.0	0.0
r3019	635.0	40.0	10.0	123497.58	1.0	1.0	0.0	131953.23	0.0	0.0	0.0
r1851	678.0	38.0	3.0	124483.53	1.0	1.0	0.0	126253.31	0.0	1.0	1.0
r3574	699.0	32.0	1.0	123906.22	3.0	1.0	1.0	127443.82	1.0	0.0	1.0
r4686	446.0	45.0	10.0	125191.69	1.0	1.0	1.0	128260.86	0.0	1.0	0.0
r2610	631.0	34.0	6.0	125227.82	2.0	0.0	1.0	128247.03	1.0	0.0	0.0
r4548	614.0	39.0	8.0	125997.22	1.0	1.0	1.0	128049.34	1.0	0.0	0.0
r2387	748.0	58.0	9.0	122330.7	2.0	0.0	1.0	124429.19	0.0	1.0	1.0
r2067	523.0	22.0	8.0	123374.46	1.0	1.0	1.0	124906.59	0.0	0.0	1.0
r1081	757.0	26.0	8.0	121581.56	2.0	1.0	1.0	127059.04	1.0	0.0	1.0
r2980	750.0	22.0	3.0	121681.82	1.0	1.0	0.0	128643.35	0.0	1.0	1.0
r4947	710.0	62.0	3.0	131078.42	2.0	1.0	0.0	119348.76	0.0	1.0	1.0
r1226	850.0	56.0	7.0	131317.48	1.0	1.0	1.0	119175.45	0.0	0.0	1.0
r796	701.0	37.0	8.0	130091.5	1.0	1.0	1.0	120031.29	0.0	0.0	1.0
r3363	734.0	22.0	5.0	130056.23	1.0	0.0	0.0	121894.31	0.0	0.0	1.0
r1888	685.0	25.0	10.0	128509.63	1.0	1.0	0.0	121562.33	0.0	1.0	0.0
r4434	612.0	63.0	2.0	131629.17	2.0	1.0	0.0	122109.58	0.0	1.0	0.0
r3104	769.0	45.0	5.0	126674.81	1.0	1.0	0.0	124118.71	1.0	0.0	0.0
r881	789.0	39.0	7.0	124828.46	2.0	1.0	1.0	124411.08	1.0	0.0	1.0
r2034	555.0	33.0	5.0	127343.4	1.0	0.0	1.0	121789.3	0.0	1.0	1.0
r672	696.0	25.0	8.0	126442.59	1.0	1.0	0.0	121904.44	0.0	0.0	0.0
r3224	588.0	40.0	10.0	125534.51	1.0	1.0	0.0	121504.18	1.0	0.0	0.0
r552	664.0	40.0	7.0	125608.72	1.0	1.0	0.0	122073.48	0.0	0.0	1.0
r3549	580.0	38.0	1.0	128218.47	1.0	1.0	0.0	125953.83	1.0	0.0	0.0
r4150	625.0	49.0	4.0	128504.76	1.0	1.0	0.0	126812.63	1.0	0.0	0.0
r4196	577.0	43.0	3.0	127940.47	1.0	0.0	0.0	125140.72	1.0	0.0	0.0
r2926	556.0	31.0	1.0	128663.81	2.0	1.0	0.0	125083.29	1.0	0.0	0.0
r135	457.0	42.0	4.0	126772.57	1.0	0.0	1.0	126106.4	1.0	0.0	1.0
r2389	684.0	38.0	5.0	133189.4	1.0	0.0	0.0	127388.06	0.0	0.0	0.0
r2867	722.0	50.0	4.0	132088.59	1.0	1.0	1.0	128262.14	0.0	1.0	0.0
r2271	568.0	38.0	3.0	132951.92	1.0	0.0	1.0	124486.28	0.0	0.0	0.0
r2726	571.0	32.0	5.0	131354.25	1.0	1.0	0.0	125256.53	0.0	0.0	1.0
r3162	683.0	43.0	4.0	115888.04	1.0	1.0	1.0	117349.19	1.0	0.0	0.0
r3717	495.0	34.0	9.0	117160.32	1.0	1.0	1.0	116069.24	1.0	0.0	0.0
r4852	507.0	36.0	9.0	118214.32	3.0	1.0	0.0	119110.03	1.0	0.0	1.0
r3362	531.0	31.0	7.0	117052.82	1.0	1.0	0.0	118508.09	1.0	0.0	0.0
r3123	622.0	58.0	7.0	116922.25	1.0	1.0	0.0	120415.61	1.0	0.0	0.0
r4168	684.0	60.0	2.0	116563.58	1.0	1.0	0.0	120257.7	0.0	0.0	1.0
r2966	376.0	29.0	4.0	115046.74	4.0	1.0	0.0	119346.88	1.0	0.0	0.0
r528	802.0	37.0	9.0	115569.21	1.0	0.0	1.0	119782.89	1.0	0.0	1.0
r3452	523.0	41.0	0.0	119276.31	1.0	0.0	0.0	122284.38	1.0	0.0	1.0
r4079	530.0	55.0	4.0	120905.03	1.0	0.0	1.0	123475.88	0.0	0.0	0.0
r3227	534.0	55.0	8.0	116973.26	3.0	1.0	0.0	122066.5	0.0	0.0	0.0
r3040	745.0	45.0	10.0	117231.63	3.0	1.0	1.0	122381.02	1.0	0.0	1.0
r4425	753.0	38.0	1.0	117314.92	1.0	1.0	0.0	122021.33	1.0	0.0	0.0
r4986	635.0	53.0	8.0	117005.55	1.0	0.0	1.0	123646.57	1.0	0.0	1.0
r4512	576.0	44.0	9.0	119530.52	1.0	1.0	0.0	119056.68	1.0	0.0	1.0
r1162	684.0	41.0	2.0	119782.72	2.0	0.0	0.0	120284.67	0.0	1.0	1.0
r533	629.0	34.0	1.0	121151.05	1.0	0.0	0.0	119357.93	0.0	1.0	1.0
r2485	558.0	56.0	7.0	121235.05	2.0	1.0	1.0	116253.1	0.0	0.0	0.0
r3652	552.0	50.0	4.0	121175.56	1.0	1.0	0.0	117505.07	1.0	0.0	1.0
r2346	431.0	37.0	0.0	120764.08	1.0	1.0	1.0	117023.08	0.0	0.0	1.0
r468	745.0	46.0	2.0	122220.19	1.0	1.0	1.0	118024.1	0.0	0.0	1.0
r4346	850.0	66.0	0.0	127120.62	1.0	0.0	1.0	118929.64	1.0	0.0	0.0
r3721	704.0	39.0	1.0	124640.51	1.0	1.0	0.0	116511.12	1.0	0.0	0.0
r1957	724.0	37.0	6.0	125489.4	1.0	1.0	0.0	118570.53	1.0	0.0	1.0
r3772	850.0	51.0	4.0	124425.99	1.0	0.0	0.0	118545.49	1.0	0.0	1.0
r425	730.0	37.0	5.0	124053.03	1.0	1.0	0.0	118591.67	1.0	0.0	0.0
r331	661.0	41.0	5.0	122552.48	2.0	0.0	1.0	120646.4	1.0	0.0	1.0
r4901	596.0	54.0	1.0	123544.0	1.0	1.0	1.0	120314.75	1.0	0.0	1.0
r39	850.0	39.0	3.0	124548.99	2.0	1.0	1.0	120380.12	1.0	0.0	1.0
r3757	738.0	29.0	9.0	139106.19	1.0	1.0	0.0	141872.05	1.0	0.0	0.0
r4714	567.0	41.0	9.0	137891.35	1.0	1.0	0.0	142009.46	0.0	0.0	0.0
r3420	700.0	59.0	5.0	137648.41	1.0	1.0	0.0	142977.05	1.0	0.0	0.0
r1161	648.0	43.0	7.0	139972.18	1.0	1.0	0.0	143668.58	0.0	0.0	0.0
r983	637.0	41.0	2.0	138014.4	2.0	1.0	0.0	140298.24	1.0	0.0	1.0
r690	602.0	42.0	1.0	138912.17	1.0	1.0	1.0	139494.75	0.0	1.0	0.0
r1923	762.0	43.0	5.0	134204.67	1.0	1.0	1.0	139971.01	0.0	1.0	0.0
r3174	630.0	39.0	7.0	135483.17	1.0	1.0	0.0	140881.2	0.0	1.0	0.0
r4283	663.0	52.0	0.0	136298.65	1.0	1.0	0.0	144593.3	0.0	1.0	1.0
r3203	755.0	45.0	7.0	135643.0	1.0	0.0	0.0	143619.52	1.0	0.0	0.0
r937	727.0	35.0	5.0	136364.46	1.0	0.0	0.0	142754.71	0.0	0.0	1.0
r1280	518.0	27.0	1.0	133801.49	1.0	1.0	1.0	143315.57	0.0	0.0	0.0
r3312	704.0	54.0	6.0	133656.91	3.0	1.0	0.0	145071.33	1.0	0.0	0.0
r299	682.0	47.0	10.0	134032.01	1.0	1.0	0.0	144290.97	0.0	1.0	0.0
r3469	631.0	37.0	8.0	138292.64	2.0	0.0	0.0	152422.91	1.0	0.0	1.0
r4375	469.0	52.0	8.0	139493.25	3.0	0.0	0.0	150093.32	1.0	0.0	0.0
r2401	595.0	39.0	9.0	136422.41	1.0	1.0	1.0	151757.81	0.0	0.0	0.0
r3376	824.0	60.0	8.0	134250.17	3.0	0.0	0.0	153046.16	1.0	0.0	1.0
r4089	771.0	51.0	5.0	135506.58	3.0	1.0	1.0	152479.64	0.0	1.0	1.0
r4229	561.0	27.0	9.0	135637.0	1.0	1.0	0.0	153080.4	0.0	0.0	0.0
r1212	533.0	38.0	1.0	135289.33	2.0	0.0	1.0	152956.33	0.0	1.0	1.0
r3191	420.0	34.0	1.0	135549.9	1.0	0.0	0.0	149471.13	1.0	0.0	0.0
r3456	719.0	42.0	5.0	137227.04	3.0	1.0	0.0	149097.38	1.0	0.0	0.0
r4626	430.0	49.0	3.0	137115.16	1.0	1.0	0.0	146516.86	1.0	0.0	1.0
r243	832.0	34.0	6.0	138190.13	2.0	0.0	1.0	146511.2	0.0	1.0	0.0
r4173	635.0	27.0	8.0	127471.56	1.0	1.0	1.0	152916.05	0.0	0.0	0.0
r696	850.0	39.0	4.0	127771.35	2.0	0.0	1.0	151738.54	0.0	0.0	1.0
r3624	648.0	39.0	6.0	130694.89	2.0	1.0	1.0	153955.38	0.0	0.0	0.0
r271	593.0	38.0	4.0	129499.42	1.0	1.0	1.0	154071.27	1.0	0.0	0.0
r223	774.0	36.0	9.0	130809.77	1.0	1.0	0.0	152290.28	1.0	0.0	1.0
r3864	706.0	46.0	2.0	127660.46	2.0	1.0	0.0	150156.82	0.0	1.0	0.0
r4948	516.0	47.0	9.0	128298.74	1.0	0.0	0.0	149614.17	1.0	0.0	0.0
r3361	573.0	26.0	4.0	129109.02	1.0	0.0	0.0	149814.68	0.0	0.0	0.0
r653	639.0	38.0	5.0	130170.82	1.0	1.0	1.0	149599.62	1.0	0.0	1.0
r4913	515.0	48.0	5.0	129387.94	1.0	0.0	1.0	147955.91	0.0	0.0	1.0
r1835	606.0	27.0	2.0	130274.26	2.0	1.0	0.0	147533.09	1.0	0.0	1.0
r4491	570.0	38.0	1.0	127201.58	1.0	1.0	0.0	147168.28	1.0	0.0	1.0
r4719	633.0	58.0	2.0	128137.42	2.0	1.0	0.0	147635.33	1.0	0.0	1.0
r3263	359.0	44.0	6.0	128747.69	1.0	1.0	0.0	146955.71	0.0	0.0	0.0
r3600	658.0	31.0	3.0	133003.03	1.0	0.0	1.0	146339.27	1.0	0.0	0.0
r1964	654.0	29.0	4.0	132954.64	1.0	1.0	1.0	146715.07	0.0	0.0	1.0
r586	814.0	29.0	1.0	131968.57	2.0	1.0	1.0	147693.92	1.0	0.0	1.0
r1743	649.0	41.0	3.0	130931.83	1.0	1.0	1.0	144808.37	0.0	0.0	0.0
r4371	608.0	56.0	10.0	129255.2	2.0	1.0	0.0	142492.04	0.0	0.0	0.0
r3974	531.0	53.0	5.0	127642.44	1.0	1.0	0.0	141501.45	0.0	0.0	0.0
r1716	661.0	35.0	5.0	128415.45	1.0	1.0	0.0	142626.49	0.0	1.0	0.0
r1316	755.0	62.0	1.0	127706.33	2.0	0.0	1.0	142377.69	0.0	0.0	1.0
r3945	616.0	45.0	6.0	128352.59	3.0	1.0	1.0	144000.59	1.0	0.0	0.0
r1435	743.0	30.0	1.0	127023.39	1.0	1.0	1.0	138780.89	0.0	0.0	0.0
r3215	399.0	46.0	2.0	127655.22	1.0	1.0	0.0	139994.68	1.0	0.0	1.0
r4574	603.0	55.0	7.0	127723.25	2.0	1.0	0.0	139469.11	1.0	0.0	0.0
r720	728.0	43.0	8.0	128412.61	1.0	0.0	1.0	139024.31	0.0	1.0	0.0
r3464	737.0	43.0	1.0	125537.38	1.0	1.0	0.0	138510.01	1.0	0.0	0.0
r112	740.0	33.0	2.0	126524.11	1.0	1.0	0.0	136869.31	1.0	0.0	1.0
r3914	652.0	46.0	10.0	121063.8	3.0	1.0	0.0	151481.86	1.0	0.0	1.0
r4288	603.0	35.0	1.0	123407.69	1.0	1.0	0.0	152541.89	1.0	0.0	1.0
r4715	650.0	28.0	5.0	122034.4	3.0	0.0	1.0	146663.43	1.0	0.0	0.0
r4613	632.0	23.0	3.0	122478.51	1.0	1.0	0.0	147230.77	1.0	0.0	1.0
r1894	531.0	37.0	7.0	121854.45	1.0	1.0	0.0	147521.35	0.0	0.0	1.0
r1639	681.0	37.0	6.0	121231.39	1.0	1.0	1.0	146366.08	0.0	1.0	0.0
r1624	784.0	38.0	10.0	122267.85	1.0	0.0	0.0	145759.93	0.0	1.0	1.0
r1613	492.0	39.0	10.0	124576.65	2.0	1.0	0.0	148584.61	1.0	0.0	1.0
r2576	454.0	40.0	2.0	123177.01	1.0	1.0	0.0	148309.98	0.0	1.0	1.0
r2711	611.0	51.0	1.0	122874.74	1.0	1.0	1.0	149648.45	0.0	1.0	1.0
r768	735.0	49.0	5.0	121973.28	1.0	1.0	0.0	148804.36	0.0	0.0	1.0
r1618	569.0	31.0	1.0	115406.97	1.0	0.0	0.0	145528.22	0.0	1.0	1.0
r3053	553.0	47.0	3.0	116528.15	1.0	0.0	0.0	145704.19	0.0	1.0	1.0
r4912	789.0	43.0	8.0	119654.44	2.0	0.0	1.0	148412.24	1.0	0.0	1.0
r585	767.0	20.0	3.0	119714.25	2.0	0.0	1.0	150135.38	1.0	0.0	1.0
r4470	713.0	32.0	1.0	117094.02	1.0	0.0	0.0	149558.83	0.0	0.0	0.0
r3759	647.0	37.0	3.0	116509.99	1.0	1.0	1.0	149517.71	1.0	0.0	1.0
r2660	808.0	45.0	7.0	118626.55	2.0	1.0	0.0	147132.46	0.0	0.0	1.0
r3634	678.0	60.0	10.0	117738.81	1.0	1.0	0.0	147489.76	0.0	0.0	0.0
r377	769.0	31.0	6.0	117852.26	2.0	1.0	0.0	147668.64	0.0	0.0	0.0
r3423	773.0	47.0	2.0	118079.47	4.0	1.0	1.0	143007.49	1.0	0.0	1.0
r1814	700.0	26.0	4.0	119009.57	1.0	1.0	0.0	141926.43	0.0	0.0	1.0
r1015	623.0	27.0	4.0	120509.81	1.0	0.0	0.0	142170.44	0.0	0.0	1.0
r570	706.0	47.0	6.0	120621.89	1.0	1.0	1.0	140803.7	1.0	0.0	0.0
r4567	685.0	44.0	2.0	119657.53	1.0	1.0	0.0	145387.05	1.0	0.0	0.0
r583	632.0	28.0	5.0	118890.81	1.0	0.0	1.0	145157.97	0.0	0.0	0.0
r4899	701.0	63.0	3.0	120916.52	3.0	0.0	0.0	144727.45	1.0	0.0	1.0
r249	577.0	36.0	3.0	121092.47	2.0	0.0	1.0	143783.46	0.0	0.0	1.0
r4143	636.0	60.0	7.0	124447.73	1.0	1.0	1.0	141364.62	0.0	1.0	1.0
r2727	711.0	38.0	4.0	123345.85	1.0	1.0	0.0	141827.83	0.0	0.0	1.0
r1352	744.0	29.0	6.0	123737.04	2.0	1.0	0.0	141558.04	1.0	0.0	1.0
r638	681.0	59.0	4.0	122781.51	1.0	0.0	1.0	140166.95	0.0	0.0	1.0
r702	778.0	44.0	8.0	123863.64	1.0	1.0	0.0	144494.94	0.0	0.0	1.0
r4810	713.0	26.0	4.0	122857.46	2.0	1.0	0.0	144682.17	0.0	1.0	0.0
r30	755.0	30.0	4.0	123217.66	2.0	0.0	1.0	144183.1	0.0	0.0	1.0
r1113	611.0	41.0	2.0	114206.84	1.0	1.0	0.0	164061.6	1.0	0.0	0.0
r4316	669.0	50.0	4.0	112650.89	1.0	0.0	0.0	166386.22	1.0	0.0	0.0
r3760	688.0	35.0	5.0	111578.18	1.0	0.0	0.0	166165.93	1.0	0.0	1.0
r1062	525.0	36.0	2.0	114628.4	1.0	0.0	1.0	168290.06	0.0	0.0	1.0
r2478	689.0	73.0	1.0	108555.07	1.0	0.0	1.0	167969.15	0.0	1.0	1.0
r4606	637.0	49.0	2.0	108204.52	1.0	1.0	0.0	169037.84	1.0	0.0	1.0
r4572	698.0	52.0	1.0	107906.75	1.0	1.0	0.0	168886.39	1.0	0.0	0.0
r4566	764.0	34.0	6.0	108760.27	2.0	1.0	0.0	166324.79	1.0	0.0	1.0
r1792	665.0	35.0	8.0	110934.54	1.0	1.0	0.0	169287.99	0.0	0.0	1.0
r264	784.0	28.0	2.0	109960.06	2.0	1.0	1.0	170829.87	1.0	0.0	1.0
r3375	563.0	46.0	8.0	106171.68	1.0	1.0	0.0	163145.5	0.0	1.0	0.0
r4043	591.0	27.0	5.0	107812.67	1.0	0.0	1.0	162501.83	0.0	1.0	0.0
r1128	687.0	24.0	3.0	110495.27	1.0	1.0	0.0	158615.41	0.0	0.0	0.0
r4023	753.0	46.0	3.0	111512.75	3.0	1.0	0.0	159576.75	1.0	0.0	0.0
r3779	739.0	58.0	1.0	110597.76	1.0	0.0	1.0	160122.66	1.0	0.0	1.0
r782	641.0	40.0	2.0	110086.69	1.0	1.0	0.0	159773.14	1.0	0.0	0.0
r4952	700.0	32.0	8.0	110923.15	2.0	1.0	1.0	161845.81	0.0	0.0	0.0
r3792	622.0	52.0	9.0	111973.97	1.0	1.0	1.0	162756.29	1.0	0.0	0.0
r2998	704.0	24.0	7.0	113034.22	1.0	1.0	0.0	162503.48	1.0	0.0	0.0
r195	666.0	30.0	7.0	109805.3	1.0	0.0	1.0	163625.56	0.0	0.0	1.0
r4972	581.0	39.0	1.0	121523.51	1.0	0.0	0.0	161655.55	1.0	0.0	1.0
r1863	729.0	39.0	4.0	121404.64	1.0	1.0	1.0	159618.17	0.0	0.0	1.0
r1090	653.0	74.0	0.0	121276.32	1.0	1.0	1.0	160348.31	0.0	0.0	0.0
r2369	544.0	29.0	1.0	118560.55	1.0	1.0	1.0	164137.36	0.0	0.0	0.0
r3555	805.0	46.0	6.0	118022.06	3.0	1.0	0.0	162643.15	0.0	0.0	1.0
r3794	483.0	41.0	1.0	118334.44	1.0	0.0	0.0	163147.99	1.0	0.0	1.0
r4405	521.0	27.0	4.0	121325.84	1.0	1.0	1.0	164223.7	0.0	0.0	1.0
r837	612.0	32.0	3.0	121394.42	1.0	1.0	0.0	164081.42	0.0	0.0	1.0
r4198	569.0	41.0	4.0	120243.49	1.0	1.0	0.0	163150.03	0.0	0.0	1.0
r2845	798.0	39.0	6.0	119787.76	1.0	1.0	1.0	164248.33	1.0	0.0	0.0
r4012	575.0	49.0	7.0	121205.15	4.0	1.0	1.0	168080.53	1.0	0.0	1.0
r3278	819.0	49.0	1.0	120656.86	4.0	0.0	0.0	166164.3	1.0	0.0	0.0
r3893	710.0	46.0	10.0	120530.34	1.0	1.0	0.0	166586.99	1.0	0.0	0.0
r4832	765.0	46.0	8.0	119492.88	2.0	0.0	1.0	166896.01	1.0	0.0	0.0
r4979	486.0	62.0	9.0	118356.89	2.0	1.0	0.0	168034.83	1.0	0.0	1.0
r3433	756.0	38.0	6.0	119208.85	1.0	1.0	0.0	169763.89	0.0	1.0	1.0
r4407	635.0	65.0	5.0	117325.54	1.0	1.0	0.0	155799.86	1.0	0.0	0.0
r2088	621.0	36.0	7.0	116338.68	1.0	1.0	1.0	155743.48	0.0	1.0	0.0
r3097	752.0	48.0	5.0	116060.08	1.0	1.0	0.0	156618.38	0.0	1.0	1.0
r3119	720.0	60.0	9.0	115920.62	2.0	0.0	0.0	157552.08	1.0	0.0	1.0
r1402	560.0	26.0	3.0	116576.45	1.0	1.0	0.0	157567.37	0.0	1.0	0.0
r4504	677.0	56.0	0.0	119963.45	1.0	0.0	0.0	158325.87	0.0	0.0	0.0
r2268	744.0	31.0	0.0	117551.23	1.0	1.0	0.0	158958.9	0.0	1.0	1.0
r3623	548.0	28.0	8.0	116755.5	2.0	1.0	1.0	158585.17	0.0	0.0	0.0
r1802	623.0	48.0	5.0	118469.38	1.0	1.0	1.0	158590.25	0.0	0.0	1.0
r2862	721.0	40.0	9.0	118129.87	1.0	1.0	1.0	160277.65	0.0	0.0	1.0
r4989	692.0	43.0	10.0	118588.83	1.0	1.0	1.0	161241.65	1.0	0.0	0.0
r1518	696.0	43.0	4.0	114091.38	1.0	0.0	1.0	159888.1	1.0	0.0	1.0
r3122	636.0	49.0	6.0	113599.74	2.0	1.0	0.0	158887.09	1.0	0.0	1.0
r4329	794.0	55.0	6.0	115796.7	1.0	1.0	0.0	160526.36	1.0	0.0	0.0
r173	850.0	38.0	7.0	115378.94	1.0	0.0	1.0	162087.82	0.0	1.0	1.0
r1645	776.0	35.0	8.0	106365.29	1.0	1.0	1.0	148527.56	0.0	1.0	1.0
r4253	631.0	48.0	1.0	106396.48	1.0	1.0	1.0	150661.42	1.0	0.0	1.0
r2048	748.0	35.0	5.0	105492.53	1.0	1.0	1.0	150057.2	0.0	1.0	1.0
r1594	741.0	37.0	9.0	105261.76	2.0	1.0	1.0	149503.54	0.0	0.0	1.0
r563	609.0	31.0	9.0	103837.75	1.0	1.0	1.0	150218.11	1.0	0.0	1.0
r3102	739.0	45.0	7.0	102703.62	1.0	0.0	1.0	147802.94	1.0	0.0	1.0
r456	617.0	35.0	2.0	104508.1	1.0	1.0	1.0	147636.46	0.0	0.0	0.0
r619	671.0	31.0	6.0	105864.6	2.0	1.0	0.0	145567.34	1.0	0.0	0.0
r1393	746.0	33.0	2.0	107868.14	2.0	1.0	1.0	146192.4	1.0	0.0	0.0
r2644	542.0	34.0	8.0	108653.93	1.0	0.0	1.0	144725.14	0.0	1.0	1.0
r3785	642.0	56.0	6.0	103244.86	2.0	1.0	0.0	143049.72	1.0	0.0	0.0
r2287	605.0	41.0	5.0	103154.66	1.0	0.0	0.0	143203.78	0.0	1.0	1.0
r4036	542.0	54.0	8.0	105770.14	1.0	0.0	1.0	140929.98	0.0	1.0	1.0
r4128	715.0	37.0	9.0	105489.31	1.0	0.0	0.0	143096.49	1.0	0.0	0.0
r1377	650.0	34.0	4.0	106005.54	1.0	0.0	1.0	142995.32	0.0	0.0	1.0
r2624	655.0	39.0	6.0	94631.26	2.0	1.0	1.0	148948.52	0.0	0.0	0.0
r1855	508.0	28.0	0.0	96213.82	2.0	1.0	0.0	147913.56	1.0	0.0	1.0
r1411	648.0	34.0	3.0	95039.73	2.0	1.0	1.0	147055.87	1.0	0.0	1.0
r4153	696.0	49.0	5.0	97036.22	2.0	1.0	0.0	152450.84	1.0	0.0	1.0
r3478	628.0	61.0	1.0	97361.66	1.0	1.0	1.0	149922.38	1.0	0.0	0.0
r2374	673.0	41.0	9.0	98612.1	1.0	1.0	0.0	151349.35	1.0	0.0	0.0
r416	677.0	26.0	6.0	98723.67	1.0	0.0	1.0	151146.67	1.0	0.0	0.0
r1850	611.0	40.0	8.0	100812.33	2.0	1.0	0.0	147358.27	0.0	0.0	0.0
r986	766.0	37.0	2.0	99660.13	2.0	0.0	1.0	147700.78	1.0	0.0	1.0
r2890	564.0	37.0	9.0	100252.18	1.0	1.0	1.0	146033.52	0.0	1.0	1.0
r758	700.0	28.0	3.0	99705.69	2.0	0.0	0.0	146723.72	1.0	0.0	0.0
r3266	792.0	59.0	9.0	101609.77	1.0	0.0	0.0	161479.19	1.0	0.0	0.0
r2580	611.0	36.0	10.0	103294.56	1.0	1.0	0.0	160548.12	1.0	0.0	0.0
r2335	611.0	30.0	2.0	104145.65	1.0	0.0	0.0	159629.64	0.0	0.0	1.0
r2205	668.0	45.0	4.0	102486.21	2.0	1.0	1.0	158379.25	0.0	1.0	1.0
r534	648.0	28.0	9.0	102282.61	1.0	1.0	1.0	157891.11	0.0	1.0	0.0
r3950	844.0	56.0	5.0	99529.7	1.0	0.0	1.0	157230.06	0.0	1.0	1.0
r1241	503.0	32.0	9.0	100262.88	2.0	1.0	1.0	157921.25	0.0	1.0	1.0
r4038	850.0	55.0	10.0	98488.08	1.0	1.0	0.0	155879.57	0.0	0.0	0.0
r4564	563.0	42.0	6.0	99056.22	2.0	1.0	0.0	154347.95	0.0	1.0	0.0
r2950	684.0	46.0	3.0	102955.14	2.0	1.0	0.0	154137.33	1.0	0.0	0.0
r4758	529.0	67.0	8.0	103101.56	2.0	1.0	1.0	154002.02	0.0	0.0	1.0
r4620	652.0	31.0	3.0	103696.97	3.0	0.0	0.0	155221.05	0.0	0.0	0.0
r2515	685.0	58.0	1.0	104796.54	1.0	1.0	1.0	154181.41	0.0	0.0	1.0
r4215	535.0	48.0	9.0	109472.47	1.0	1.0	0.0	157358.43	0.0	1.0	1.0
r3008	668.0	47.0	7.0	106854.21	1.0	0.0	1.0	157959.02	1.0	0.0	1.0
r1396	549.0	38.0	8.0	107283.4	1.0	0.0	0.0	157442.75	0.0	0.0	0.0
r1159	721.0	37.0	3.0	107720.64	1.0	1.0	1.0	158591.12	1.0	0.0	1.0
r3946	706.0	48.0	10.0	104478.12	3.0	0.0	1.0	158248.71	1.0	0.0	0.0
r2229	516.0	29.0	2.0	104982.57	1.0	1.0	0.0	157378.5	0.0	0.0	0.0
r1787	647.0	47.0	5.0	105603.21	2.0	1.0	1.0	157360.9	0.0	1.0	1.0
r3891	670.0	45.0	9.0	104930.38	1.0	1.0	0.0	155921.81	0.0	0.0	0.0
r1630	693.0	34.0	10.0	107556.06	2.0	0.0	0.0	154631.35	0.0	1.0	0.0
r1268	602.0	37.0	3.0	107592.89	2.0	0.0	1.0	153122.73	0.0	1.0	1.0
r1343	456.0	29.0	5.0	107000.49	1.0	1.0	1.0	153419.62	0.0	0.0	1.0
r1071	657.0	34.0	3.0	107136.6	1.0	1.0	0.0	153895.46	0.0	0.0	1.0
r3636	652.0	45.0	9.0	110827.49	1.0	1.0	1.0	153383.54	1.0	0.0	0.0
r4419	699.0	54.0	3.0	111009.32	1.0	1.0	1.0	155905.79	1.0	0.0	0.0
r3648	514.0	45.0	3.0	109032.23	1.0	0.0	1.0	155407.21	1.0	0.0	0.0
r281	660.0	38.0	6.0	109869.32	1.0	1.0	1.0	154641.91	0.0	1.0	1.0
r2965	645.0	44.0	8.0	113755.78	2.0	1.0	0.0	149756.71	0.0	1.0	1.0
r3026	750.0	34.0	9.0	112822.26	1.0	0.0	0.0	150401.53	0.0	1.0	0.0
r2924	712.0	27.0	8.0	113174.21	2.0	1.0	0.0	147261.58	1.0	0.0	1.0
r2146	643.0	25.0	4.0	115142.9	1.0	1.0	1.0	148098.95	1.0	0.0	1.0
r3984	691.0	41.0	8.0	109153.96	3.0	1.0	1.0	148848.76	1.0	0.0	0.0
r2188	677.0	39.0	0.0	111213.64	2.0	1.0	1.0	147578.26	1.0	0.0	0.0
r4264	532.0	52.0	3.0	110791.97	1.0	1.0	0.0	148704.77	1.0	0.0	1.0
r1011	589.0	31.0	10.0	110635.32	1.0	1.0	0.0	148218.86	0.0	0.0	0.0
r4583	706.0	46.0	7.0	111288.18	1.0	1.0	1.0	149170.25	1.0	0.0	0.0
r447	687.0	34.0	7.0	111388.18	2.0	1.0	0.0	148564.76	1.0	0.0	0.0
r3558	774.0	53.0	4.0	113709.28	1.0	1.0	1.0	153887.93	0.0	0.0	1.0
r4169	671.0	47.0	7.0	114603.76	2.0	1.0	0.0	153194.32	1.0	0.0	0.0
r578	783.0	38.0	9.0	114135.17	1.0	1.0	0.0	153269.98	0.0	0.0	1.0
r1926	709.0	22.0	0.0	112949.71	1.0	0.0	0.0	155231.55	1.0	0.0	1.0
r3912	666.0	51.0	2.0	148222.65	1.0	0.0	0.0	156953.54	0.0	0.0	1.0
r4961	641.0	48.0	3.0	147341.43	1.0	1.0	1.0	157458.61	0.0	0.0	0.0
r2592	643.0	45.0	9.0	150840.03	2.0	1.0	0.0	155516.35	0.0	1.0	0.0
r4422	556.0	54.0	4.0	150005.38	1.0	1.0	0.0	157015.5	0.0	0.0	0.0
r831	639.0	34.0	7.0	149940.04	2.0	0.0	0.0	156648.81	0.0	1.0	1.0
r2751	564.0	24.0	6.0	149592.14	1.0	1.0	1.0	153771.8	0.0	1.0	0.0
r4275	738.0	57.0	9.0	148384.64	1.0	0.0	0.0	155047.11	1.0	0.0	0.0
r4156	829.0	22.0	7.0	150126.44	1.0	1.0	0.0	152107.93	0.0	0.0	0.0
r4465	663.0	53.0	6.0	150200.23	1.0	0.0	1.0	151317.27	0.0	1.0	0.0
r1206	714.0	37.0	9.0	148466.93	2.0	0.0	1.0	151280.96	0.0	0.0	1.0
r107	754.0	50.0	7.0	146777.44	2.0	0.0	1.0	150685.52	0.0	1.0	0.0
r1094	636.0	37.0	9.0	157098.52	1.0	1.0	1.0	153535.27	1.0	0.0	0.0
r859	659.0	32.0	2.0	155584.21	1.0	0.0	1.0	153662.88	0.0	0.0	0.0
r3713	528.0	36.0	1.0	156948.41	1.0	1.0	1.0	149912.28	0.0	0.0	0.0
r339	850.0	32.0	4.0	156001.68	2.0	1.0	1.0	151677.31	0.0	0.0	1.0
r4281	650.0	45.0	9.0	152367.21	3.0	1.0	0.0	150835.21	1.0	0.0	0.0
r1607	850.0	37.0	7.0	153147.75	1.0	1.0	1.0	152235.3	0.0	0.0	0.0
r285	503.0	42.0	9.0	153279.39	1.0	1.0	1.0	151336.96	1.0	0.0	1.0
r2619	794.0	30.0	1.0	154970.54	1.0	0.0	1.0	156768.45	0.0	1.0	0.0
r3160	665.0	42.0	2.0	156371.61	2.0	0.0	1.0	156774.94	0.0	1.0	0.0
r3885	573.0	50.0	0.0	159304.07	1.0	0.0	1.0	155915.24	0.0	1.0	1.0
r2721	485.0	30.0	5.0	156771.68	1.0	1.0	1.0	141148.21	1.0	0.0	0.0
r3428	648.0	56.0	6.0	157559.59	2.0	1.0	0.0	140991.23	0.0	1.0	0.0
r2242	691.0	27.0	3.0	160358.68	2.0	1.0	0.0	142367.72	1.0	0.0	1.0
r3430	622.0	30.0	2.0	158584.82	3.0	1.0	0.0	142342.55	0.0	0.0	0.0
r3925	705.0	64.0	3.0	153469.26	3.0	0.0	0.0	146573.66	1.0	0.0	0.0
r3459	637.0	45.0	2.0	157929.45	1.0	1.0	1.0	145134.49	0.0	1.0	0.0
r2533	747.0	61.0	7.0	155973.13	1.0	0.0	1.0	147554.26	0.0	0.0	1.0
r3087	519.0	47.0	6.0	157296.02	2.0	0.0	0.0	147278.43	0.0	1.0	0.0
r54	681.0	23.0	7.0	157761.56	1.0	0.0	0.0	147759.84	0.0	0.0	1.0
r61	535.0	47.0	0.0	160729.1	1.0	0.0	1.0	145986.35	0.0	0.0	1.0
r900	737.0	40.0	2.0	162485.8	2.0	1.0	0.0	149381.32	1.0	0.0	0.0
r4370	559.0	50.0	5.0	162702.35	1.0	0.0	0.0	150548.5	0.0	0.0	1.0
r25	584.0	35.0	6.0	161613.94	2.0	1.0	1.0	148238.16	0.0	0.0	1.0
r478	585.0	40.0	3.0	162261.01	2.0	1.0	0.0	137028.51	1.0	0.0	0.0
r3329	662.0	36.0	4.0	166909.2	2.0	1.0	0.0	138871.12	0.0	0.0	0.0
r3166	722.0	49.0	3.0	168197.66	1.0	1.0	0.0	140765.57	0.0	0.0	0.0
r3910	698.0	45.0	5.0	164450.94	1.0	1.0	0.0	141970.02	0.0	1.0	1.0
r3700	456.0	63.0	1.0	165350.61	2.0	0.0	0.0	140758.07	0.0	0.0	0.0
r1941	681.0	57.0	2.0	173306.13	1.0	0.0	1.0	131964.66	0.0	1.0	0.0
r3339	425.0	22.0	7.0	169649.73	2.0	0.0	1.0	136365.0	0.0	1.0	0.0
r3063	673.0	38.0	2.0	170061.92	2.0	0.0	0.0	134901.34	0.0	0.0	0.0
r2003	724.0	54.0	8.0	172192.49	1.0	1.0	1.0	136902.01	1.0	0.0	1.0
r4717	598.0	40.0	2.0	171178.25	1.0	1.0	0.0	137980.58	0.0	0.0	0.0
r4678	807.0	28.0	7.0	165969.26	3.0	1.0	0.0	156122.13	0.0	1.0	0.0
r4061	713.0	48.0	1.0	163760.82	1.0	0.0	0.0	157381.14	0.0	1.0	0.0
r4396	750.0	33.0	3.0	161801.47	1.0	0.0	1.0	153288.97	0.0	1.0	0.0
r4724	746.0	48.0	5.0	165282.42	1.0	1.0	0.0	153786.46	0.0	0.0	1.0
r2816	835.0	28.0	2.0	163569.61	2.0	1.0	1.0	154559.28	0.0	0.0	1.0
r4747	551.0	59.0	2.0	166968.28	1.0	1.0	0.0	159483.76	0.0	0.0	0.0
r1546	547.0	38.0	5.0	167539.97	1.0	0.0	1.0	159207.34	0.0	0.0	0.0
r4844	731.0	40.0	5.0	171325.98	1.0	1.0	1.0	159718.27	0.0	1.0	0.0
r3212	701.0	40.0	5.0	169742.64	1.0	1.0	1.0	153537.55	0.0	0.0	1.0
r4473	850.0	56.0	1.0	169743.83	1.0	0.0	0.0	155850.4	1.0	0.0	1.0
r4410	493.0	54.0	3.0	167831.88	2.0	1.0	0.0	150159.95	0.0	0.0	1.0
r2809	652.0	27.0	2.0	166527.88	2.0	0.0	1.0	146007.7	1.0	0.0	1.0
r2004	640.0	33.0	1.0	167298.42	1.0	0.0	1.0	145381.65	0.0	0.0	0.0
r3744	576.0	52.0	9.0	170228.59	2.0	0.0	0.0	148477.57	0.0	0.0	0.0
r3485	672.0	53.0	9.0	169406.33	4.0	1.0	1.0	147311.47	0.0	0.0	0.0
r3210	673.0	43.0	5.0	168069.73	1.0	1.0	1.0	146992.24	0.0	0.0	0.0
r2848	499.0	21.0	3.0	176511.08	1.0	1.0	1.0	153920.22	0.0	0.0	0.0
r716	652.0	30.0	2.0	176166.56	2.0	1.0	1.0	152210.81	0.0	0.0	1.0
r2466	622.0	32.0	5.0	179305.09	1.0	1.0	1.0	149043.78	0.0	0.0	1.0
r4658	557.0	42.0	6.0	177822.03	1.0	1.0	0.0	150944.31	0.0	0.0	1.0
r977	545.0	33.0	7.0	173331.52	1.0	1.0	0.0	150452.88	0.0	1.0	0.0
r1903	595.0	41.0	2.0	138878.81	1.0	0.0	1.0	112269.67	1.0	0.0	0.0
r3486	727.0	36.0	6.0	140418.81	1.0	1.0	1.0	113033.73	1.0	0.0	1.0
r4996	655.0	46.0	7.0	137145.12	1.0	1.0	0.0	115146.4	1.0	0.0	0.0
r2896	630.0	53.0	5.0	138053.67	1.0	0.0	1.0	114110.97	0.0	0.0	1.0
r738	685.0	35.0	4.0	137948.51	1.0	1.0	0.0	113639.64	0.0	1.0	1.0
r3129	732.0	69.0	9.0	137453.43	1.0	0.0	1.0	110932.24	0.0	1.0	0.0
r4857	529.0	29.0	4.0	135759.4	1.0	0.0	0.0	112813.79	1.0	0.0	1.0
r1733	788.0	39.0	3.0	135139.33	1.0	0.0	1.0	113086.08	0.0	0.0	0.0
r935	850.0	33.0	7.0	134678.13	1.0	1.0	0.0	113177.95	1.0	0.0	0.0
r4117	678.0	43.0	1.0	133237.21	1.0	1.0	0.0	111032.79	0.0	0.0	1.0
r2915	575.0	37.0	9.0	133292.45	1.0	1.0	0.0	111175.09	0.0	1.0	0.0
r371	572.0	37.0	1.0	133043.66	1.0	0.0	0.0	111243.09	0.0	0.0	1.0
r1746	780.0	71.0	9.0	142550.25	2.0	1.0	1.0	122506.78	1.0	0.0	1.0
r2092	619.0	41.0	8.0	142015.76	2.0	1.0	0.0	114323.66	1.0	0.0	0.0
r3915	664.0	44.0	8.0	142989.69	1.0	1.0	1.0	115452.51	0.0	0.0	0.0
r3327	523.0	39.0	1.0	143903.11	1.0	1.0	1.0	118711.75	1.0	0.0	0.0
r246	835.0	18.0	2.0	142872.36	1.0	1.0	1.0	117632.63	1.0	0.0	1.0
r1782	684.0	39.0	4.0	139723.9	1.0	1.0	1.0	120612.11	0.0	1.0	0.0
r2638	470.0	48.0	6.0	140576.11	1.0	1.0	1.0	116971.05	0.0	1.0	0.0
r4302	678.0	32.0	4.0	139626.01	1.0	1.0	1.0	118235.52	1.0	0.0	1.0
r2974	637.0	39.0	9.0	137843.8	1.0	1.0	1.0	117622.8	1.0	0.0	0.0
r4565	549.0	55.0	1.0	137592.31	2.0	0.0	1.0	116548.02	1.0	0.0	0.0
r3602	666.0	43.0	7.0	137780.74	2.0	1.0	1.0	119100.05	0.0	0.0	1.0
r4024	587.0	45.0	8.0	134980.74	1.0	1.0	1.0	123309.57	1.0	0.0	0.0
r947	584.0	62.0	9.0	137727.34	2.0	0.0	1.0	121102.9	1.0	0.0	0.0
r4741	754.0	65.0	1.0	136186.44	1.0	1.0	1.0	121529.59	1.0	0.0	1.0
r1798	777.0	28.0	2.0	134571.5	1.0	0.0	1.0	118313.38	0.0	0.0	0.0
r1187	535.0	20.0	9.0	134874.4	1.0	1.0	1.0	118825.56	1.0	0.0	1.0
r1278	573.0	35.0	9.0	134498.54	2.0	1.0	1.0	119924.8	1.0	0.0	1.0
r451	711.0	35.0	2.0	133607.75	1.0	1.0	1.0	120586.32	1.0	0.0	0.0
r2459	647.0	28.0	6.0	149594.02	2.0	1.0	0.0	102325.19	0.0	1.0	1.0
r3165	569.0	34.0	0.0	151839.26	1.0	1.0	0.0	102299.81	0.0	1.0	1.0
r2684	603.0	40.0	8.0	148897.02	1.0	0.0	0.0	105052.9	1.0	0.0	0.0
r3573	626.0	26.0	8.0	148610.41	3.0	0.0	1.0	104502.02	0.0	1.0	0.0
r385	624.0	40.0	3.0	149961.99	2.0	1.0	0.0	104610.86	1.0	0.0	0.0
r2272	623.0	24.0	7.0	148167.83	2.0	1.0	1.0	109470.34	0.0	0.0	0.0
r1980	759.0	35.0	7.0	147936.42	1.0	1.0	1.0	106785.7	0.0	1.0	0.0
r3966	613.0	40.0	1.0	147856.82	3.0	0.0	0.0	107961.11	1.0	0.0	1.0
r4002	638.0	55.0	2.0	155828.22	1.0	0.0	1.0	108987.25	0.0	1.0	0.0
r3519	692.0	45.0	6.0	152296.83	4.0	0.0	1.0	108040.86	1.0	0.0	1.0
r747	751.0	37.0	0.0	151218.98	1.0	1.0	1.0	109309.29	1.0	0.0	0.0
r2988	432.0	42.0	9.0	152603.45	1.0	1.0	0.0	110265.24	0.0	0.0	1.0
r597	452.0	33.0	7.0	153663.27	1.0	1.0	0.0	111868.23	1.0	0.0	1.0
r4704	612.0	52.0	5.0	144772.69	1.0	0.0	0.0	98302.57	0.0	1.0	0.0
r3214	363.0	28.0	6.0	146098.43	3.0	1.0	0.0	100615.14	0.0	1.0	0.0
r1132	600.0	35.0	4.0	143744.77	2.0	1.0	0.0	104076.51	0.0	0.0	1.0
r3531	612.0	30.0	9.0	142910.15	1.0	1.0	0.0	105890.55	1.0	0.0	1.0
r4805	657.0	48.0	5.0	143595.87	1.0	0.0	0.0	101314.65	1.0	0.0	0.0
r4558	694.0	58.0	1.0	143212.22	1.0	0.0	0.0	102628.56	1.0	0.0	0.0
r569	793.0	41.0	3.0	141806.46	1.0	1.0	0.0	102921.17	0.0	0.0	0.0
r4155	674.0	45.0	7.0	144889.18	1.0	1.0	1.0	102591.9	0.0	0.0	1.0
r1943	559.0	32.0	9.0	145303.52	1.0	1.0	0.0	103560.98	0.0	0.0	1.0
r553	850.0	38.0	1.0	146343.98	1.0	0.0	1.0	103902.11	0.0	1.0	1.0
r269	584.0	35.0	3.0	146311.58	1.0	1.0	1.0	105443.47	0.0	0.0	1.0
r1749	655.0	72.0	5.0	138089.97	2.0	1.0	1.0	99920.41	1.0	0.0	0.0
r4611	647.0	41.0	4.0	138937.35	1.0	1.0	1.0	101617.64	0.0	0.0	1.0
r1006	502.0	64.0	3.0	139663.37	1.0	0.0	1.0	100995.11	0.0	0.0	0.0
r2013	714.0	34.0	5.0	141173.03	1.0	0.0	1.0	98896.06	0.0	0.0	1.0
r658	636.0	45.0	7.0	139859.23	1.0	1.0	1.0	108402.54	0.0	0.0	0.0
r4051	571.0	37.0	9.0	139592.98	3.0	1.0	0.0	104152.65	1.0	0.0	1.0
r1554	555.0	40.0	10.0	139930.18	1.0	1.0	1.0	105720.09	0.0	0.0	1.0
r200	513.0	40.0	3.0	141004.46	1.0	1.0	0.0	105028.46	0.0	0.0	1.0
r1483	444.0	34.0	2.0	144318.97	1.0	1.0	0.0	112668.06	0.0	0.0	1.0
r1184	543.0	32.0	7.0	147256.86	1.0	1.0	0.0	112771.95	0.0	0.0	0.0
r3481	678.0	51.0	1.0	145751.03	1.0	0.0	0.0	109718.44	1.0	0.0	0.0
r4730	690.0	54.0	1.0	144027.8	1.0	1.0	1.0	108731.02	1.0	0.0	0.0
r2276	601.0	43.0	3.0	141859.12	2.0	1.0	1.0	111249.62	1.0	0.0	1.0
r2269	474.0	37.0	5.0	142688.57	2.0	1.0	1.0	110953.33	1.0	0.0	0.0
r1433	636.0	30.0	8.0	141787.31	2.0	1.0	1.0	109685.61	1.0	0.0	1.0
r4314	628.0	50.0	4.0	143054.56	1.0	0.0	1.0	109608.81	0.0	0.0	0.0
r2614	652.0	45.0	2.0	151421.44	1.0	0.0	1.0	115333.43	1.0	0.0	1.0
r2350	689.0	40.0	5.0	154251.67	1.0	0.0	1.0	118319.5	0.0	1.0	0.0
r1530	681.0	43.0	8.0	154100.3	1.0	0.0	0.0	114659.81	0.0	0.0	0.0
r3868	573.0	56.0	3.0	154669.77	1.0	0.0	1.0	115462.27	0.0	1.0	1.0
r582	751.0	54.0	9.0	156367.6	2.0	0.0	1.0	116179.92	1.0	0.0	1.0
r3906	516.0	53.0	1.0	156674.2	1.0	1.0	0.0	118502.34	1.0	0.0	0.0
r3961	537.0	37.0	7.0	158411.95	4.0	1.0	1.0	117690.58	1.0	0.0	0.0
r998	670.0	67.0	6.0	158719.57	1.0	1.0	1.0	118607.4	0.0	1.0	1.0
r4532	537.0	45.0	7.0	158621.04	1.0	1.0	0.0	120892.96	0.0	0.0	0.0
r2964	502.0	42.0	8.0	159660.8	3.0	1.0	0.0	113931.57	0.0	0.0	0.0
r4737	697.0	63.0	7.0	148368.02	1.0	0.0	0.0	118862.08	0.0	0.0	1.0
r2599	540.0	48.0	0.0	148116.48	1.0	0.0	0.0	116973.48	0.0	0.0	1.0
r3030	559.0	49.0	2.0	147069.78	1.0	1.0	0.0	120540.83	0.0	0.0	1.0
r3980	669.0	50.0	4.0	149713.61	3.0	1.0	1.0	124872.42	0.0	0.0	1.0
r1930	713.0	61.0	4.0	149525.34	2.0	1.0	0.0	123663.63	1.0	0.0	0.0
r882	631.0	26.0	1.0	149144.61	1.0	0.0	1.0	123697.95	0.0	0.0	1.0
r4798	645.0	47.0	9.0	152076.93	1.0	1.0	0.0	121840.2	1.0	0.0	1.0
r4914	618.0	46.0	6.0	150213.71	1.0	1.0	0.0	120668.46	0.0	0.0	0.0
r1003	579.0	37.0	5.0	152212.88	2.0	0.0	0.0	120219.14	0.0	1.0	1.0
r931	518.0	42.0	7.0	151027.05	2.0	1.0	0.0	119377.36	0.0	0.0	1.0
r4762	637.0	40.0	9.0	154309.67	1.0	1.0	1.0	125334.16	1.0	0.0	1.0
r2647	656.0	18.0	10.0	151762.74	1.0	0.0	1.0	127014.32	0.0	0.0	1.0
r3990	748.0	60.0	0.0	152335.7	1.0	1.0	0.0	126743.33	0.0	0.0	1.0
r2108	841.0	36.0	5.0	156021.31	1.0	0.0	0.0	122662.98	0.0	0.0	0.0
r4048	742.0	55.0	5.0	155196.17	1.0	0.0	1.0	121207.66	1.0	0.0	1.0
r2296	628.0	34.0	4.0	158741.43	2.0	1.0	1.0	126192.54	0.0	0.0	1.0
r2388	546.0	24.0	8.0	156325.38	1.0	1.0	1.0	125381.02	0.0	0.0	1.0
r1593	669.0	25.0	7.0	157228.61	2.0	1.0	0.0	124382.9	0.0	1.0	1.0
r3797	807.0	47.0	9.0	167664.83	1.0	0.0	0.0	125440.11	0.0	0.0	0.0
r1169	579.0	49.0	4.0	169377.31	1.0	1.0	1.0	123535.05	1.0	0.0	1.0
r884	590.0	37.0	6.0	169902.92	1.0	1.0	1.0	128256.18	0.0	1.0	1.0
r4103	690.0	43.0	2.0	166522.78	1.0	0.0	0.0	119644.59	1.0	0.0	1.0
r4503	704.0	50.0	4.0	165438.26	1.0	1.0	0.0	120770.75	0.0	0.0	1.0
r3633	586.0	35.0	7.0	164769.02	3.0	1.0	0.0	119814.25	0.0	0.0	0.0
r902	696.0	42.0	7.0	162318.61	1.0	1.0	0.0	121061.89	1.0	0.0	1.0
r1629	687.0	38.0	0.0	144450.58	1.0	0.0	1.0	137276.83	0.0	0.0	1.0
r596	752.0	38.0	0.0	145974.79	2.0	1.0	1.0	137694.23	0.0	0.0	1.0
r3584	763.0	31.0	7.0	143966.3	2.0	1.0	1.0	140262.96	1.0	0.0	1.0
r4770	706.0	47.0	10.0	144090.42	1.0	1.0	0.0	140938.95	1.0	0.0	0.0
r3369	358.0	52.0	8.0	143542.36	3.0	1.0	0.0	141959.11	0.0	1.0	0.0
r4218	646.0	50.0	5.0	142644.64	2.0	1.0	1.0	142208.5	0.0	1.0	0.0
r4710	638.0	43.0	3.0	145860.98	1.0	1.0	1.0	142763.51	0.0	0.0	0.0
r574	688.0	29.0	9.0	144553.5	2.0	1.0	0.0	143454.95	1.0	0.0	1.0
r1779	651.0	26.0	5.0	147037.32	1.0	0.0	0.0	141763.26	1.0	0.0	1.0
r1245	609.0	35.0	2.0	147900.43	1.0	1.0	0.0	140000.29	0.0	0.0	0.0
r4738	578.0	45.0	1.0	148600.91	1.0	1.0	0.0	143397.14	0.0	0.0	1.0
r441	659.0	37.0	1.0	151105.68	1.0	1.0	1.0	140934.57	0.0	0.0	0.0
r2430	551.0	30.0	2.0	143340.44	1.0	1.0	0.0	145796.49	1.0	0.0	0.0
r4102	580.0	44.0	9.0	143391.07	1.0	0.0	0.0	146891.07	1.0	0.0	1.0
r324	544.0	39.0	4.0	142406.43	2.0	1.0	0.0	146637.45	1.0	0.0	1.0
r4170	751.0	51.0	7.0	148074.79	1.0	1.0	0.0	146411.41	1.0	0.0	0.0
r333	834.0	49.0	8.0	160602.25	2.0	1.0	0.0	129273.94	0.0	0.0	0.0
r2518	621.0	50.0	3.0	163085.79	1.0	0.0	1.0	131048.36	0.0	1.0	1.0
r1419	765.0	43.0	9.0	157960.49	2.0	0.0	0.0	136602.8	0.0	0.0	1.0
r1283	695.0	49.0	9.0	159458.53	1.0	1.0	0.0	135841.35	0.0	0.0	1.0
r4222	754.0	39.0	7.0	157691.98	2.0	1.0	0.0	133600.89	0.0	1.0	1.0
r1767	595.0	37.0	2.0	157084.99	1.0	1.0	0.0	134767.13	0.0	1.0	1.0
r2551	716.0	44.0	6.0	155114.9	1.0	0.0	0.0	133871.83	0.0	0.0	0.0
r4241	756.0	26.0	5.0	155143.52	1.0	0.0	1.0	135034.57	1.0	0.0	0.0
r811	704.0	37.0	9.0	155619.58	1.0	1.0	1.0	135088.58	0.0	1.0	0.0
r326	594.0	36.0	6.0	153880.15	1.0	0.0	0.0	135431.72	0.0	0.0	1.0
r4499	778.0	35.0	1.0	151958.19	3.0	1.0	1.0	131238.37	1.0	0.0	0.0
r4189	570.0	29.0	4.0	153040.03	1.0	1.0	1.0	131363.57	0.0	0.0	0.0
r3342	561.0	56.0	7.0	152759.0	2.0	1.0	0.0	133167.11	0.0	0.0	1.0
r1616	686.0	41.0	7.0	152105.57	2.0	0.0	1.0	132374.41	0.0	0.0	0.0
r3635	667.0	55.0	9.0	154393.43	1.0	1.0	1.0	137674.96	1.0	0.0	1.0
r2257	696.0	40.0	3.0	153639.11	1.0	1.0	1.0	138351.68	0.0	1.0	1.0
r1886	732.0	29.0	1.0	154333.82	1.0	1.0	1.0	138527.56	1.0	0.0	0.0
r4445	484.0	55.0	8.0	149349.58	3.0	0.0	0.0	137519.92	1.0	0.0	0.0
r1087	767.0	44.0	2.0	152509.25	1.0	1.0	1.0	136915.15	0.0	0.0	0.0
r159	551.0	49.0	1.0	150777.72	2.0	1.0	1.0	135757.27	0.0	1.0	1.0
r41	833.0	37.0	8.0	151226.18	2.0	1.0	1.0	136129.49	0.0	0.0	1.0
r3858	667.0	56.0	8.0	137464.04	1.0	1.0	0.0	130846.79	1.0	0.0	0.0
r4133	626.0	43.0	4.0	137638.69	1.0	1.0	0.0	130442.08	0.0	0.0	1.0
r4458	747.0	47.0	5.0	139914.6	4.0	0.0	1.0	129964.56	0.0	0.0	0.0
r3643	645.0	41.0	2.0	138881.04	1.0	1.0	0.0	129936.53	1.0	0.0	0.0
r1446	518.0	59.0	5.0	138772.15	1.0	0.0	1.0	123872.0	0.0	0.0	1.0
r1820	516.0	33.0	10.0	138847.9	1.0	1.0	1.0	127256.7	1.0	0.0	0.0
r3029	614.0	50.0	4.0	137104.47	1.0	1.0	0.0	127166.49	0.0	0.0	1.0
r234	527.0	58.0	3.0	137318.42	1.0	1.0	1.0	126144.96	1.0	0.0	1.0
r3292	658.0	40.0	7.0	140596.95	1.0	0.0	1.0	135459.02	0.0	0.0	0.0
r1713	504.0	42.0	3.0	134936.97	2.0	0.0	0.0	135178.91	0.0	0.0	1.0
r1334	815.0	25.0	8.0	135161.67	1.0	1.0	1.0	136071.05	1.0	0.0	0.0
r825	576.0	45.0	5.0	133618.01	1.0	0.0	0.0	135244.87	0.0	1.0	1.0
r1292	656.0	32.0	5.0	136963.12	1.0	1.0	0.0	133814.28	0.0	1.0	1.0
r3252	528.0	46.0	9.0	135555.66	1.0	1.0	0.0	133146.03	1.0	0.0	0.0
r18	821.0	45.0	0.0	135827.33	2.0	1.0	1.0	131778.58	1.0	0.0	1.0
r2662	792.0	25.0	8.0	142862.21	1.0	1.0	1.0	130639.01	0.0	1.0	1.0
r795	508.0	60.0	7.0	143262.04	1.0	1.0	1.0	129562.74	0.0	0.0	0.0
r751	656.0	44.0	10.0	143571.52	1.0	0.0	0.0	127444.14	0.0	0.0	1.0
r186	615.0	29.0	7.0	143330.56	2.0	1.0	1.0	126396.01	0.0	1.0	0.0
r4555	842.0	44.0	3.0	141252.18	4.0	0.0	1.0	128521.16	0.0	0.0	1.0
r140	580.0	32.0	9.0	142188.2	2.0	0.0	1.0	128028.6	0.0	1.0	1.0
r4475	708.0	54.0	8.0	145151.4	1.0	0.0	1.0	125311.17	1.0	0.0	0.0
r4139	695.0	63.0	1.0	146202.93	1.0	1.0	1.0	126688.83	0.0	1.0	1.0
r8	778.0	38.0	3.0	145018.49	2.0	1.0	1.0	126702.41	0.0	0.0	1.0
r2561	627.0	37.0	7.0	147361.57	1.0	1.0	1.0	133031.96	1.0	0.0	0.0
r1394	654.0	24.0	8.0	145081.73	1.0	1.0	1.0	130075.07	0.0	0.0	0.0
r1207	659.0	67.0	4.0	145981.87	1.0	1.0	1.0	131043.2	0.0	0.0	1.0
r2035	526.0	31.0	5.0	145537.21	1.0	1.0	0.0	132404.64	1.0	0.0	1.0
r196	767.0	33.0	1.0	144753.21	1.0	1.0	1.0	132480.75	1.0	0.0	0.0
r2358	658.0	44.0	6.0	148481.09	1.0	1.0	0.0	130529.13	0.0	0.0	0.0
r7	648.0	36.0	8.0	146943.38	2.0	1.0	1.0	130041.45	0.0	1.0	1.0
r2189	703.0	42.0	9.0	63227.0	1.0	0.0	1.0	137316.32	1.0	0.0	1.0
r4313	619.0	46.0	8.0	62400.48	1.0	1.0	1.0	132498.39	0.0	1.0	1.0
r3666	666.0	53.0	5.0	64646.7	1.0	1.0	0.0	128019.48	0.0	0.0	1.0
r1475	513.0	34.0	7.0	60515.13	1.0	0.0	0.0	124571.09	1.0	0.0	1.0
r2695	775.0	33.0	3.0	83501.66	2.0	1.0	0.0	128841.31	1.0	0.0	1.0
r1893	697.0	25.0	5.0	82931.85	2.0	1.0	1.0	128373.88	0.0	1.0	0.0
r1450	627.0	30.0	4.0	79871.02	2.0	1.0	0.0	129826.89	1.0	0.0	0.0
r4657	687.0	61.0	7.0	80538.56	1.0	1.0	0.0	131305.37	0.0	0.0	0.0
r3884	781.0	48.0	9.0	82794.18	1.0	1.0	0.0	124720.68	1.0	0.0	0.0
r1293	529.0	39.0	2.0	82766.43	1.0	1.0	1.0	122925.44	0.0	1.0	0.0
r423	607.0	39.0	2.0	84468.67	2.0	1.0	1.0	121945.42	1.0	0.0	1.0
r2151	593.0	38.0	5.0	85626.6	1.0	1.0	1.0	125079.65	1.0	0.0	0.0
r2219	602.0	48.0	7.0	76595.08	2.0	0.0	0.0	127095.14	1.0	0.0	0.0
r1265	608.0	48.0	7.0	75801.74	1.0	1.0	0.0	125762.95	0.0	1.0	1.0
r2798	676.0	31.0	3.0	78990.15	1.0	1.0	1.0	124777.14	0.0	0.0	1.0
r3353	687.0	29.0	4.0	78939.15	1.0	1.0	0.0	122134.56	1.0	0.0	0.0
r2079	558.0	32.0	5.0	73494.21	1.0	0.0	0.0	136301.1	0.0	0.0	1.0
r3322	584.0	54.0	1.0	77354.37	1.0	0.0	0.0	138192.98	1.0	0.0	0.0
r4273	844.0	41.0	10.0	76319.64	1.0	1.0	1.0	141175.18	0.0	0.0	0.0
r3458	651.0	35.0	7.0	74623.5	3.0	1.0	0.0	129451.29	0.0	0.0	1.0
r3492	614.0	37.0	8.0	75150.34	4.0	0.0	1.0	131766.67	0.0	0.0	0.0
r814	627.0	28.0	5.0	71097.23	1.0	1.0	1.0	130504.49	1.0	0.0	1.0
r2961	508.0	31.0	8.0	72541.48	1.0	1.0	0.0	129803.08	0.0	0.0	1.0
r853	627.0	43.0	8.0	71240.3	1.0	0.0	1.0	127734.16	0.0	0.0	1.0
r113	676.0	28.0	1.0	69459.05	2.0	1.0	1.0	128461.29	1.0	0.0	1.0
r617	748.0	34.0	5.0	84009.47	1.0	1.0	1.0	137001.1	0.0	0.0	1.0
r3722	577.0	43.0	8.0	79757.21	1.0	1.0	0.0	135650.72	0.0	1.0	1.0
r2336	736.0	25.0	9.0	81732.88	2.0	1.0	0.0	136497.28	1.0	0.0	0.0
r1174	630.0	21.0	1.0	85818.18	1.0	1.0	1.0	133102.3	0.0	1.0	0.0
r406	748.0	23.0	8.0	85600.08	1.0	0.0	0.0	134077.71	0.0	1.0	0.0
r3787	591.0	40.0	1.0	86376.29	1.0	0.0	1.0	136767.16	0.0	1.0	0.0
r722	709.0	32.0	2.0	87814.89	1.0	1.0	0.0	138578.37	0.0	0.0	0.0
r4519	706.0	30.0	6.0	87609.68	2.0	0.0	0.0	137674.55	0.0	1.0	1.0
r3598	495.0	45.0	3.0	89158.94	3.0	1.0	0.0	135169.76	0.0	1.0	0.0
r124	577.0	41.0	4.0	89015.61	1.0	0.0	1.0	135227.23	0.0	1.0	1.0
r1540	690.0	36.0	10.0	91760.11	1.0	1.0	1.0	135784.94	0.0	1.0	0.0
r1119	539.0	34.0	4.0	91622.42	1.0	1.0	1.0	136603.42	1.0	0.0	0.0
r4005	606.0	47.0	3.0	93578.68	2.0	0.0	1.0	137720.56	0.0	0.0	1.0
r539	734.0	47.0	10.0	91522.04	2.0	1.0	1.0	138835.91	1.0	0.0	0.0
r3605	466.0	40.0	4.0	91592.06	1.0	1.0	0.0	141210.18	0.0	0.0	1.0
r1644	527.0	37.0	5.0	93722.73	2.0	1.0	1.0	139093.73	0.0	1.0	1.0
r1785	744.0	54.0	6.0	93806.31	2.0	0.0	1.0	140068.77	0.0	0.0	1.0
r659	681.0	58.0	8.0	93173.88	1.0	1.0	1.0	139761.25	0.0	0.0	0.0
r3281	710.0	51.0	4.0	93656.95	1.0	0.0	1.0	141400.51	0.0	1.0	0.0
r4635	581.0	43.0	5.0	93259.57	3.0	1.0	0.0	141035.65	1.0	0.0	0.0
r4113	383.0	48.0	8.0	95808.19	1.0	0.0	0.0	137702.01	0.0	1.0	0.0
r2019	793.0	32.0	1.0	96408.98	1.0	1.0	1.0	138191.81	1.0	0.0	0.0
r4692	614.0	37.0	6.0	96340.81	2.0	1.0	1.0	139377.24	1.0	0.0	0.0
r2076	615.0	35.0	2.0	97440.02	2.0	1.0	1.0	139816.1	0.0	0.0	0.0
r4064	721.0	40.0	6.0	100275.88	1.0	1.0	0.0	138564.48	1.0	0.0	1.0
r4687	622.0	34.0	7.0	98675.74	1.0	1.0	0.0	138906.85	1.0	0.0	0.0
r3480	537.0	46.0	5.0	100727.5	1.0	0.0	1.0	140857.76	1.0	0.0	0.0
r3718	847.0	51.0	5.0	97565.74	1.0	0.0	0.0	144184.06	0.0	0.0	1.0
r1789	806.0	34.0	2.0	96152.68	2.0	1.0	0.0	143711.02	1.0	0.0	1.0
r4308	595.0	44.0	4.0	96553.52	2.0	1.0	0.0	143952.24	1.0	0.0	0.0
r1459	782.0	23.0	10.0	98052.66	1.0	1.0	1.0	142587.32	0.0	1.0	1.0
r197	654.0	29.0	4.0	96974.97	1.0	0.0	1.0	141404.07	0.0	0.0	0.0
r3731	489.0	46.0	8.0	92060.06	1.0	1.0	0.0	147222.95	1.0	0.0	0.0
r3683	420.0	55.0	4.0	91893.32	1.0	1.0	0.0	144870.28	0.0	1.0	0.0
r3265	603.0	42.0	8.0	91611.12	1.0	0.0	0.0	144675.3	0.0	1.0	0.0
r3712	741.0	40.0	4.0	104784.23	1.0	1.0	0.0	135163.76	0.0	1.0	1.0
r3706	778.0	37.0	0.0	105617.73	2.0	1.0	1.0	133699.82	1.0	0.0	0.0
r2922	850.0	33.0	3.0	100476.46	2.0	1.0	1.0	136539.13	0.0	1.0	1.0
r3050	568.0	40.0	1.0	99282.63	1.0	0.0	0.0	134600.94	1.0	0.0	1.0
r2945	564.0	30.0	0.0	100954.88	2.0	0.0	0.0	134175.15	1.0	0.0	0.0
r2120	593.0	29.0	5.0	101713.84	3.0	1.0	0.0	134594.99	1.0	0.0	0.0
r4568	561.0	49.0	1.0	102025.32	1.0	1.0	0.0	133051.64	1.0	0.0	0.0
r2810	670.0	32.0	4.0	102954.68	2.0	0.0	1.0	134942.45	1.0	0.0	0.0
r3563	599.0	45.0	10.0	103583.05	1.0	1.0	0.0	132127.69	1.0	0.0	1.0
r2876	766.0	45.0	6.0	97652.96	1.0	1.0	0.0	127332.33	1.0	0.0	0.0
r594	590.0	29.0	10.0	99250.08	1.0	1.0	1.0	129629.41	0.0	1.0	0.0
r3504	549.0	41.0	9.0	95020.8	3.0	1.0	1.0	131710.59	1.0	0.0	1.0
r1606	501.0	27.0	4.0	95331.83	2.0	1.0	0.0	132104.76	1.0	0.0	1.0
r4712	508.0	49.0	1.0	93817.41	2.0	1.0	1.0	132468.76	0.0	0.0	1.0
r3880	720.0	46.0	3.0	97042.6	1.0	1.0	1.0	133516.51	1.0	0.0	1.0
r3530	669.0	44.0	8.0	96418.09	1.0	0.0	0.0	131609.48	0.0	0.0	0.0
r2143	636.0	29.0	3.0	97325.15	1.0	0.0	1.0	131924.38	1.0	0.0	0.0
r2105	522.0	37.0	3.0	95022.57	1.0	1.0	1.0	129107.59	1.0	0.0	0.0
r2482	766.0	36.0	5.0	78381.13	1.0	0.0	1.0	153831.6	0.0	1.0	1.0
r3769	596.0	54.0	0.0	78126.28	1.0	1.0	1.0	153482.91	0.0	1.0	0.0
r1378	725.0	35.0	7.0	75915.75	1.0	1.0	0.0	150507.43	0.0	0.0	1.0
r678	690.0	32.0	2.0	76087.98	1.0	0.0	1.0	151822.66	0.0	1.0	1.0
r2127	699.0	26.0	6.0	79932.41	1.0	0.0	0.0	150242.44	0.0	1.0	1.0
r4958	648.0	43.0	7.0	81153.82	1.0	1.0	1.0	144532.85	0.0	1.0	0.0
r4683	675.0	40.0	8.0	79035.95	1.0	1.0	0.0	142783.98	0.0	1.0	0.0
r3233	811.0	52.0	10.0	76915.4	1.0	0.0	0.0	146359.81	1.0	0.0	1.0
r1734	492.0	30.0	10.0	77168.87	2.0	0.0	1.0	146700.22	1.0	0.0	0.0
r4898	499.0	53.0	1.0	75225.53	2.0	0.0	0.0	144849.1	0.0	1.0	0.0
r2473	539.0	20.0	0.0	83459.86	1.0	1.0	1.0	146752.67	0.0	0.0	1.0
r1385	611.0	68.0	5.0	82547.11	2.0	1.0	1.0	146448.01	0.0	0.0	1.0
r2111	850.0	31.0	6.0	82613.56	2.0	1.0	0.0	149170.92	0.0	1.0	1.0
r2783	725.0	66.0	4.0	86459.8	1.0	1.0	1.0	141476.56	0.0	0.0	1.0
r875	608.0	30.0	8.0	85859.76	1.0	0.0	0.0	142730.27	0.0	0.0	0.0
r1655	444.0	40.0	5.0	84350.07	1.0	1.0	0.0	143835.76	0.0	0.0	0.0
r3850	589.0	19.0	9.0	83495.11	1.0	1.0	1.0	143022.31	1.0	0.0	0.0
r68	571.0	30.0	4.0	85755.86	1.0	1.0	0.0	145115.95	0.0	0.0	0.0
r4217	786.0	33.0	0.0	83036.05	1.0	0.0	1.0	154990.58	0.0	0.0	0.0
r198	701.0	42.0	6.0	86167.82	1.0	1.0	0.0	153342.38	0.0	0.0	0.0
r118	615.0	43.0	3.0	86920.86	1.0	1.0	1.0	150048.37	1.0	0.0	1.0
r23	622.0	31.0	1.0	89688.94	1.0	1.0	1.0	152305.47	0.0	0.0	0.0
r4397	658.0	42.0	8.0	102870.93	1.0	0.0	1.0	103764.55	0.0	0.0	1.0
r2668	561.0	37.0	1.0	100443.36	2.0	0.0	1.0	101693.73	0.0	0.0	1.0
r905	633.0	29.0	8.0	104944.1	1.0	1.0	1.0	97684.46	1.0	0.0	0.0
r4223	544.0	47.0	5.0	105245.21	1.0	0.0	0.0	99922.08	1.0	0.0	1.0
r1122	695.0	31.0	5.0	106089.2	1.0	0.0	0.0	99537.68	0.0	0.0	0.0
r867	458.0	43.0	1.0	106870.12	2.0	1.0	0.0	100564.37	1.0	0.0	0.0
r3521	634.0	48.0	2.0	107247.69	1.0	1.0	1.0	103712.05	1.0	0.0	1.0
r2514	537.0	26.0	7.0	106397.75	1.0	0.0	0.0	103563.23	0.0	0.0	1.0
r1185	694.0	39.0	0.0	107042.74	1.0	1.0	1.0	102284.2	0.0	1.0	1.0
r4345	607.0	39.0	8.0	105103.33	1.0	1.0	0.0	104721.5	1.0	0.0	0.0
r2142	622.0	38.0	4.0	98640.74	1.0	1.0	1.0	110457.99	0.0	0.0	0.0
r1872	706.0	30.0	3.0	98415.37	1.0	1.0	1.0	110520.48	0.0	0.0	1.0
r3012	671.0	45.0	6.0	99564.22	1.0	1.0	1.0	108872.45	1.0	0.0	1.0
r2884	702.0	34.0	4.0	100054.77	1.0	1.0	0.0	109496.45	0.0	0.0	1.0
r1912	581.0	34.0	1.0	101633.04	1.0	1.0	0.0	110431.51	1.0	0.0	0.0
r4840	736.0	36.0	8.0	103914.17	1.0	1.0	1.0	110035.88	1.0	0.0	0.0
r2036	782.0	33.0	2.0	94493.03	1.0	0.0	1.0	101866.39	0.0	0.0	0.0
r941	661.0	28.0	7.0	95357.49	1.0	0.0	0.0	102297.15	0.0	1.0	0.0
r2572	537.0	38.0	1.0	96939.06	1.0	1.0	1.0	102606.92	0.0	1.0	0.0
r2746	652.0	34.0	6.0	97435.85	2.0	1.0	1.0	104331.76	0.0	0.0	0.0
r2267	646.0	73.0	6.0	97259.25	1.0	0.0	1.0	104719.66	0.0	0.0	0.0
r2319	584.0	44.0	5.0	95671.75	2.0	1.0	1.0	106564.88	0.0	0.0	0.0
r891	814.0	44.0	8.0	95488.82	2.0	0.0	0.0	107013.59	1.0	0.0	1.0
r2731	698.0	38.0	10.0	95010.92	1.0	1.0	1.0	105227.86	0.0	1.0	1.0
r1496	651.0	33.0	1.0	96834.78	1.0	1.0	0.0	108764.69	0.0	0.0	0.0
r3161	529.0	63.0	4.0	96134.11	3.0	1.0	0.0	108732.96	0.0	1.0	1.0
r3032	644.0	46.0	9.0	95441.27	1.0	1.0	0.0	108761.05	0.0	0.0	0.0
r737	850.0	40.0	4.0	97990.49	2.0	0.0	0.0	106691.02	1.0	0.0	0.0
r3243	727.0	43.0	2.0	97403.18	1.0	1.0	1.0	107415.02	0.0	1.0	1.0
r1127	674.0	32.0	7.0	85757.93	1.0	1.0	1.0	95481.0	0.0	0.0	0.0
r4011	554.0	46.0	7.0	87603.35	3.0	0.0	1.0	96929.24	0.0	1.0	0.0
r1668	653.0	30.0	2.0	88243.29	2.0	1.0	1.0	96658.26	0.0	1.0	0.0
r538	632.0	38.0	6.0	86569.76	2.0	1.0	0.0	98090.91	1.0	0.0	0.0
r2220	540.0	64.0	1.0	91869.69	1.0	0.0	1.0	95421.0	1.0	0.0	1.0
r393	556.0	39.0	9.0	89588.35	1.0	1.0	1.0	94898.1	0.0	0.0	0.0
r1244	529.0	43.0	6.0	93616.35	2.0	0.0	0.0	98348.66	0.0	0.0	1.0
r2985	479.0	35.0	9.0	92833.89	1.0	1.0	0.0	99449.86	1.0	0.0	1.0
r3370	800.0	40.0	5.0	97764.41	1.0	1.0	0.0	98640.15	0.0	0.0	0.0
r1362	606.0	40.0	9.0	95293.86	2.0	0.0	1.0	96985.58	1.0	0.0	1.0
r4932	634.0	59.0	3.0	95727.05	1.0	0.0	0.0	97939.4	1.0	0.0	0.0
r4285	700.0	46.0	5.0	95872.86	1.0	1.0	0.0	98273.01	0.0	0.0	1.0
r3201	618.0	37.0	5.0	96652.86	1.0	1.0	0.0	98686.4	0.0	0.0	0.0
r525	619.0	38.0	3.0	96143.47	1.0	0.0	0.0	98994.92	0.0	1.0	1.0
r4243	568.0	43.0	5.0	87612.64	4.0	1.0	1.0	107155.4	1.0	0.0	1.0
r1153	570.0	57.0	5.0	86568.75	1.0	0.0	1.0	103660.31	1.0	0.0	0.0
r145	765.0	34.0	5.0	86055.17	2.0	1.0	1.0	104220.5	1.0	0.0	1.0
r4180	498.0	46.0	1.0	91857.66	1.0	1.0	0.0	101954.78	0.0	0.0	1.0
r3873	850.0	44.0	7.0	89118.26	1.0	1.0	0.0	104240.77	0.0	1.0	1.0
r4547	723.0	47.0	10.0	90450.0	2.0	0.0	0.0	103379.31	1.0	0.0	0.0
r2493	770.0	36.0	2.0	89800.14	1.0	1.0	1.0	105922.69	0.0	0.0	1.0
r4490	796.0	56.0	6.0	94231.13	1.0	0.0	0.0	121164.6	0.0	1.0	1.0
r804	723.0	37.0	3.0	94661.53	2.0	1.0	0.0	121239.65	1.0	0.0	1.0
r4984	645.0	41.0	2.0	93925.3	1.0	1.0	0.0	123982.14	1.0	0.0	1.0
r3658	560.0	43.0	4.0	95140.44	2.0	1.0	0.0	123181.44	0.0	1.0	0.0
r4058	780.0	37.0	10.0	95196.26	1.0	1.0	0.0	126310.39	1.0	0.0	0.0
r1237	727.0	18.0	2.0	93816.7	2.0	1.0	0.0	126172.11	1.0	0.0	0.0
r1048	577.0	30.0	8.0	92472.1	2.0	0.0	1.0	126434.61	0.0	0.0	0.0
r391	554.0	44.0	6.0	92436.86	1.0	1.0	0.0	126033.9	0.0	0.0	0.0
r1544	717.0	50.0	9.0	90305.76	1.0	1.0	1.0	124626.57	0.0	0.0	1.0
r345	563.0	30.0	7.0	90727.79	1.0	1.0	0.0	122268.75	0.0	0.0	1.0
r1301	748.0	27.0	2.0	90971.85	1.0	1.0	1.0	131662.47	1.0	0.0	0.0
r2096	631.0	31.0	2.0	88161.85	2.0	1.0	0.0	127630.88	0.0	1.0	0.0
r4991	520.0	46.0	10.0	85216.61	1.0	1.0	0.0	117369.52	0.0	0.0	0.0
r3501	584.0	46.0	6.0	87361.02	2.0	1.0	0.0	120376.87	1.0	0.0	0.0
r4431	707.0	48.0	8.0	88441.64	1.0	1.0	1.0	119903.2	0.0	1.0	1.0
r3302	760.0	49.0	9.0	91502.99	1.0	1.0	0.0	117232.9	1.0	0.0	0.0
r182	565.0	32.0	4.0	90322.99	2.0	0.0	1.0	118740.37	1.0	0.0	0.0
r2099	631.0	55.0	9.0	99685.06	1.0	1.0	0.0	114474.98	0.0	1.0	1.0
r2057	685.0	57.0	7.0	101868.51	1.0	0.0	1.0	113483.96	1.0	0.0	1.0
r2595	696.0	32.0	8.0	101160.99	1.0	1.0	1.0	115916.55	1.0	0.0	1.0
r2191	555.0	27.0	8.0	102000.17	1.0	1.0	1.0	116757.0	0.0	0.0	0.0
r699	733.0	31.0	9.0	102289.85	1.0	1.0	1.0	115441.66	0.0	1.0	0.0
r1559	796.0	32.0	5.0	102773.15	2.0	0.0	1.0	117832.88	0.0	1.0	1.0
r559	718.0	33.0	7.0	102874.28	1.0	0.0	0.0	117841.06	0.0	0.0	1.0
r544	778.0	40.0	8.0	104291.41	2.0	1.0	1.0	117507.11	0.0	1.0	1.0
r3150	516.0	46.0	1.0	104947.72	1.0	1.0	0.0	115789.25	0.0	0.0	0.0
r2914	808.0	33.0	2.0	103516.87	1.0	1.0	0.0	113907.8	0.0	0.0	0.0
r355	501.0	25.0	6.0	104013.79	1.0	1.0	0.0	114774.35	1.0	0.0	1.0
r4992	795.0	33.0	9.0	104552.72	1.0	1.0	1.0	120853.83	1.0	0.0	0.0
r2078	637.0	38.0	3.0	104339.56	1.0	0.0	0.0	119882.86	0.0	0.0	0.0
r1816	516.0	35.0	10.0	104088.59	2.0	0.0	0.0	119666.0	0.0	0.0	1.0
r4911	732.0	48.0	4.0	102962.62	1.0	1.0	0.0	120852.85	1.0	0.0	0.0
r2097	599.0	30.0	9.0	105443.68	1.0	1.0	1.0	121124.53	0.0	0.0	1.0
r3107	543.0	57.0	1.0	106138.33	2.0	1.0	1.0	120657.32	1.0	0.0	0.0
r1952	620.0	42.0	4.0	106920.91	1.0	0.0	1.0	119747.08	0.0	1.0	1.0
r1008	611.0	26.0	2.0	107508.93	2.0	1.0	1.0	120801.65	0.0	0.0	0.0
r1626	738.0	49.0	6.0	106770.82	1.0	1.0	0.0	123499.27	0.0	0.0	1.0
r4364	585.0	55.0	10.0	106415.57	3.0	1.0	1.0	122960.98	0.0	0.0	1.0
r1102	610.0	33.0	4.0	111582.11	1.0	0.0	0.0	113943.17	0.0	0.0	1.0
r4342	661.0	37.0	7.0	109908.06	2.0	1.0	0.0	115037.67	1.0	0.0	1.0
r1897	516.0	45.0	8.0	109044.3	1.0	0.0	1.0	115818.16	0.0	1.0	0.0
r928	703.0	41.0	6.0	109941.51	1.0	1.0	0.0	116267.28	0.0	0.0	0.0
r1916	491.0	68.0	3.0	107571.61	1.0	0.0	1.0	113695.99	0.0	0.0	0.0
r3701	735.0	46.0	2.0	106344.95	1.0	1.0	0.0	114371.33	1.0	0.0	1.0
r1987	676.0	23.0	1.0	107787.47	1.0	0.0	1.0	116378.82	0.0	0.0	1.0
r1404	628.0	39.0	8.0	107553.33	1.0	1.0	0.0	117523.41	0.0	1.0	0.0
r1373	484.0	40.0	7.0	106901.42	2.0	0.0	0.0	118045.98	1.0	0.0	1.0
r3542	623.0	48.0	1.0	108076.33	1.0	1.0	0.0	118855.26	1.0	0.0	0.0
r3398	423.0	36.0	5.0	97665.61	1.0	1.0	0.0	118372.55	0.0	0.0	0.0
r3936	850.0	49.0	8.0	98649.55	1.0	1.0	0.0	119174.88	1.0	0.0	1.0
r4749	657.0	40.0	7.0	99165.84	1.0	0.0	1.0	119333.95	1.0	0.0	1.0
r1582	572.0	31.0	5.0	98108.79	1.0	0.0	1.0	119996.95	0.0	1.0	1.0
r1321	670.0	43.0	1.0	97792.21	1.0	0.0	0.0	120225.62	0.0	1.0	1.0
r3311	500.0	56.0	1.0	100374.58	1.0	1.0	0.0	118490.8	0.0	0.0	1.0
r1940	609.0	32.0	4.0	99883.16	1.0	1.0	1.0	120594.85	0.0	1.0	1.0
r1164	811.0	40.0	1.0	101514.89	1.0	1.0	1.0	121765.0	0.0	0.0	1.0
r625	418.0	28.0	7.0	98738.92	1.0	1.0	0.0	122190.22	0.0	0.0	1.0
r301	637.0	22.0	5.0	98800.0	1.0	1.0	0.0	122865.55	0.0	1.0	0.0
r79	617.0	37.0	9.0	101707.8	1.0	1.0	0.0	123866.28	0.0	1.0	0.0
r4017	491.0	68.0	1.0	95039.12	1.0	0.0	1.0	116471.14	1.0	0.0	0.0
r4804	683.0	40.0	4.0	95053.1	1.0	1.0	1.0	116816.54	0.0	1.0	1.0
r2769	756.0	40.0	1.0	94773.11	1.0	1.0	0.0	114279.63	0.0	0.0	1.0
r4951	616.0	43.0	7.0	95984.21	1.0	0.0	1.0	115262.54	1.0	0.0	0.0
r3133	667.0	48.0	1.0	97133.92	2.0	0.0	0.0	113316.77	1.0	0.0	0.0
r521	529.0	35.0	5.0	95772.97	1.0	1.0	1.0	112781.5	0.0	1.0	1.0
r17	665.0	25.0	7.0	90920.75	1.0	0.0	1.0	112256.57	0.0	0.0	1.0
r4070	619.0	44.0	6.0	52831.13	1.0	1.0	1.0	112649.22	0.0	1.0	0.0
r4464	599.0	33.0	4.0	51690.89	1.0	1.0	0.0	111622.76	0.0	1.0	1.0
r4114	583.0	40.0	3.0	54428.37	1.0	1.0	0.0	109638.78	0.0	1.0	0.0
r1421	659.0	39.0	8.0	52106.33	2.0	1.0	1.0	107964.36	1.0	0.0	1.0
r3477	774.0	52.0	2.0	56580.93	1.0	1.0	0.0	113266.28	0.0	0.0	0.0
r4403	557.0	39.0	7.0	49572.73	1.0	1.0	0.0	115287.99	0.0	0.0	0.0
r3994	702.0	26.0	5.0	56738.47	2.0	1.0	1.0	100442.22	0.0	0.0	1.0
r485	516.0	35.0	10.0	57369.61	1.0	1.0	1.0	101699.77	0.0	0.0	1.0
r2429	543.0	49.0	6.0	59532.18	1.0	1.0	0.0	104253.56	1.0	0.0	1.0
r2365	739.0	29.0	3.0	59385.98	2.0	1.0	1.0	105533.96	1.0	0.0	1.0
r2098	468.0	36.0	3.0	61636.97	1.0	0.0	0.0	107787.42	0.0	0.0	1.0
r2502	553.0	32.0	7.0	64082.09	1.0	0.0	1.0	109159.58	0.0	0.0	1.0
r154	605.0	52.0	1.0	63349.75	1.0	1.0	0.0	108887.44	0.0	0.0	1.0
r3003	715.0	41.0	8.0	56214.85	2.0	0.0	0.0	92982.61	0.0	0.0	0.0
r3607	734.0	43.0	3.0	55853.33	2.0	0.0	1.0	94811.85	0.0	1.0	0.0
r3976	683.0	56.0	7.0	50911.21	3.0	0.0	0.0	97629.31	0.0	1.0	1.0
r651	670.0	42.0	5.0	49508.79	3.0	1.0	1.0	100324.01	1.0	0.0	0.0
r2432	708.0	40.0	8.0	83015.71	1.0	1.0	0.0	101089.76	0.0	1.0	1.0
r4392	544.0	48.0	10.0	78314.63	3.0	1.0	1.0	103713.93	0.0	0.0	1.0
r433	530.0	33.0	9.0	75242.28	1.0	0.0	1.0	101694.67	1.0	0.0	1.0
r971	657.0	39.0	4.0	80293.81	1.0	1.0	0.0	97192.76	0.0	0.0	0.0
r851	684.0	56.0	8.0	78707.16	1.0	1.0	1.0	99398.36	0.0	1.0	1.0
r2263	804.0	33.0	7.0	76548.6	1.0	0.0	1.0	98453.45	0.0	1.0	1.0
r2616	751.0	36.0	5.0	73194.99	1.0	1.0	1.0	89222.66	1.0	0.0	1.0
r3568	545.0	36.0	8.0	73211.12	2.0	1.0	0.0	89587.34	0.0	1.0	1.0
r3013	547.0	39.0	6.0	74596.15	3.0	1.0	1.0	85746.52	1.0	0.0	0.0
r4670	615.0	58.0	3.0	72309.3	1.0	1.0	1.0	85687.09	1.0	0.0	1.0
r4999	772.0	42.0	3.0	75075.31	2.0	1.0	0.0	92888.52	1.0	0.0	1.0
r4957	708.0	51.0	8.0	70754.18	1.0	1.0	1.0	92920.04	0.0	0.0	0.0
r2300	743.0	40.0	8.0	68155.59	1.0	1.0	0.0	94876.65	0.0	0.0	1.0
r3901	812.0	49.0	8.0	66079.45	2.0	0.0	0.0	91556.57	0.0	1.0	0.0
r1612	606.0	45.0	5.0	63832.43	1.0	1.0	1.0	93707.8	1.0	0.0	1.0
r268	700.0	38.0	9.0	65962.63	1.0	1.0	1.0	100950.48	0.0	0.0	1.0
r4940	850.0	71.0	10.0	69608.14	1.0	1.0	0.0	97893.4	0.0	1.0	1.0
r42	667.0	40.0	8.0	72945.29	2.0	1.0	0.0	98931.5	0.0	0.0	1.0
r3774	553.0	46.0	3.0	82291.1	1.0	1.0	0.0	112549.99	1.0	0.0	1.0
r1591	608.0	41.0	1.0	83807.86	1.0	0.0	1.0	112542.58	0.0	1.0	0.0
r3408	609.0	43.0	6.0	86053.52	2.0	1.0	1.0	113276.46	0.0	1.0	0.0
r957	635.0	44.0	2.0	79064.85	2.0	0.0	1.0	113291.75	1.0	0.0	0.0
r3680	644.0	40.0	4.0	77270.08	2.0	1.0	1.0	115800.1	1.0	0.0	0.0
r2030	657.0	37.0	4.0	82500.28	1.0	1.0	1.0	115260.72	0.0	0.0	1.0
r1632	534.0	35.0	2.0	81951.74	2.0	1.0	0.0	115668.53	0.0	0.0	1.0
r4760	747.0	42.0	4.0	80214.36	1.0	1.0	0.0	115241.96	0.0	0.0	1.0
r4896	689.0	40.0	4.0	78119.59	4.0	1.0	0.0	119259.34	1.0	0.0	0.0
r2853	538.0	42.0	4.0	80380.24	1.0	1.0	0.0	119216.46	1.0	0.0	0.0
r111	639.0	38.0	4.0	81550.94	2.0	0.0	1.0	118974.77	0.0	0.0	0.0
r2442	499.0	44.0	6.0	77627.33	2.0	1.0	0.0	108222.68	1.0	0.0	0.0
r2704	764.0	39.0	5.0	81042.42	1.0	0.0	1.0	109805.17	0.0	0.0	0.0
r366	652.0	40.0	8.0	84390.8	2.0	0.0	1.0	107876.2	0.0	0.0	0.0
r4880	563.0	61.0	1.0	82182.1	1.0	1.0	0.0	106826.92	0.0	1.0	1.0
r3622	482.0	48.0	2.0	69329.47	1.0	0.0	0.0	102640.52	1.0	0.0	0.0
r4723	592.0	70.0	5.0	71816.74	2.0	1.0	0.0	105096.82	1.0	0.0	0.0
r2297	533.0	38.0	4.0	70362.52	2.0	1.0	1.0	104189.46	1.0	0.0	1.0
r725	708.0	23.0	4.0	71433.08	1.0	1.0	0.0	103697.57	1.0	0.0	0.0
r2182	743.0	37.0	8.0	69143.91	2.0	0.0	1.0	105780.18	0.0	0.0	1.0
r1425	809.0	36.0	9.0	68881.59	2.0	0.0	1.0	109135.11	0.0	0.0	1.0
r1689	478.0	32.0	6.0	71187.24	1.0	1.0	1.0	110593.62	0.0	0.0	0.0
r4706	702.0	26.0	2.0	71281.29	1.0	1.0	1.0	108747.12	0.0	0.0	1.0
r4602	520.0	39.0	1.0	73493.17	1.0	0.0	1.0	109626.13	0.0	0.0	0.0
r3396	640.0	63.0	2.0	68432.45	2.0	1.0	1.0	112503.24	0.0	0.0	1.0
r904	683.0	30.0	4.0	66190.33	1.0	1.0	1.0	115186.97	0.0	0.0	1.0
r4161	684.0	40.0	2.0	70291.02	1.0	1.0	1.0	115468.84	0.0	1.0	1.0
r1024	634.0	36.0	1.0	69518.95	1.0	1.0	0.0	116238.39	0.0	0.0	0.0
r4383	610.0	57.0	7.0	72092.95	4.0	0.0	1.0	113228.82	0.0	0.0	0.0
r2620	617.0	42.0	0.0	70105.87	1.0	1.0	1.0	120830.73	0.0	1.0	1.0
r1972	629.0	44.0	6.0	125512.98	2.0	0.0	0.0	79082.76	0.0	1.0	0.0
r1692	777.0	44.0	3.0	124655.59	2.0	0.0	1.0	79792.3	1.0	0.0	1.0
r4076	529.0	43.0	0.0	123815.86	1.0	1.0	1.0	78463.99	0.0	0.0	0.0
r2642	663.0	42.0	5.0	124626.07	1.0	1.0	1.0	78004.5	0.0	0.0	0.0
r878	694.0	33.0	4.0	124067.32	1.0	1.0	1.0	77906.87	1.0	0.0	1.0
r3514	365.0	30.0	0.0	127760.07	1.0	1.0	0.0	81537.85	1.0	0.0	1.0
r4982	684.0	56.0	3.0	127585.98	3.0	1.0	1.0	80593.49	1.0	0.0	0.0
r4945	533.0	51.0	6.0	127545.56	2.0	0.0	0.0	79559.02	1.0	0.0	1.0
r3211	765.0	50.0	9.0	126547.8	1.0	1.0	1.0	79579.94	0.0	0.0	0.0
r709	837.0	38.0	2.0	126732.85	1.0	1.0	1.0	79577.38	1.0	0.0	1.0
r1732	850.0	26.0	8.0	123126.29	1.0	1.0	0.0	74425.41	1.0	0.0	0.0
r2812	777.0	35.0	7.0	122917.69	1.0	1.0	1.0	76169.68	1.0	0.0	1.0
r809	508.0	49.0	7.0	122451.46	2.0	1.0	1.0	75808.1	0.0	0.0	1.0
r707	629.0	38.0	9.0	123948.85	1.0	1.0	0.0	76053.07	1.0	0.0	0.0
r4111	748.0	45.0	2.0	119852.01	1.0	0.0	0.0	73853.94	1.0	0.0	1.0
r4960	520.0	49.0	5.0	121197.64	1.0	1.0	0.0	72577.33	0.0	0.0	1.0
r4095	642.0	48.0	9.0	118317.27	4.0	0.0	0.0	78702.98	0.0	0.0	1.0
r4964	653.0	46.0	0.0	119556.1	1.0	1.0	0.0	78250.13	0.0	0.0	1.0
r877	466.0	36.0	5.0	119540.15	1.0	0.0	1.0	80603.99	0.0	0.0	0.0
r1865	786.0	32.0	2.0	120452.4	2.0	0.0	0.0	79602.86	0.0	0.0	1.0
r1583	437.0	26.0	1.0	120923.52	1.0	0.0	1.0	78854.57	0.0	0.0	0.0
r537	810.0	32.0	9.0	120879.73	2.0	0.0	1.0	78896.59	0.0	0.0	1.0
r2719	640.0	50.0	9.0	117565.03	2.0	0.0	0.0	82559.77	0.0	0.0	0.0
r3421	525.0	47.0	6.0	118560.0	1.0	1.0	0.0	82522.61	0.0	1.0	0.0
r1842	744.0	44.0	5.0	120654.68	1.0	1.0	0.0	82290.81	0.0	1.0	1.0
r1468	785.0	31.0	2.0	121691.54	2.0	0.0	0.0	81778.72	0.0	1.0	0.0
r1019	703.0	29.0	3.0	122084.63	1.0	0.0	1.0	82824.08	1.0	0.0	0.0
r2264	512.0	33.0	6.0	121685.31	2.0	1.0	1.0	83681.97	0.0	0.0	0.0
r4279	551.0	50.0	1.0	121399.98	1.0	0.0	1.0	84508.44	1.0	0.0	1.0
r2606	682.0	59.0	0.0	122661.39	1.0	0.0	1.0	84803.76	0.0	1.0	0.0
r4890	659.0	48.0	4.0	123593.22	2.0	1.0	0.0	82469.06	1.0	0.0	1.0
r3402	637.0	55.0	1.0	123378.2	1.0	1.0	0.0	81431.99	1.0	0.0	0.0
r3364	680.0	37.0	10.0	123806.28	1.0	1.0	0.0	81776.84	0.0	0.0	0.0
r3037	642.0	40.0	6.0	129502.49	2.0	0.0	1.0	86099.23	1.0	0.0	0.0
r953	547.0	62.0	10.0	127738.75	2.0	1.0	1.0	85153.0	0.0	0.0	1.0
r766	489.0	38.0	2.0	126444.08	2.0	1.0	1.0	82662.73	1.0	0.0	1.0
r3404	404.0	54.0	4.0	125456.07	1.0	1.0	0.0	83715.66	1.0	0.0	0.0
r346	627.0	37.0	2.0	125190.86	1.0	0.0	1.0	84584.69	0.0	0.0	1.0
r2172	592.0	31.0	7.0	124593.23	1.0	1.0	0.0	86079.67	1.0	0.0	1.0
r2837	679.0	58.0	8.0	125850.53	2.0	1.0	1.0	87008.17	1.0	0.0	1.0
r1222	526.0	32.0	7.0	125540.05	1.0	0.0	0.0	86786.41	0.0	0.0	1.0
r1424	588.0	34.0	6.0	121132.26	2.0	1.0	0.0	86460.28	0.0	1.0	1.0
r4593	706.0	67.0	1.0	123276.69	2.0	1.0	1.0	86507.88	1.0	0.0	1.0
r356	647.0	43.0	3.0	122717.53	2.0	1.0	1.0	87000.39	1.0	0.0	0.0
r4848	693.0	43.0	1.0	121927.92	1.0	1.0	0.0	87994.95	1.0	0.0	0.0
r3127	421.0	28.0	8.0	122384.22	3.0	1.0	1.0	89017.38	1.0	0.0	1.0
r241	663.0	28.0	8.0	123674.28	2.0	1.0	1.0	87985.2	1.0	0.0	1.0
r3116	693.0	35.0	5.0	124151.09	1.0	1.0	0.0	88705.14	0.0	0.0	0.0
r121	646.0	36.0	6.0	124445.52	1.0	1.0	0.0	88481.32	0.0	0.0	1.0
r1844	638.0	39.0	0.0	122501.28	2.0	1.0	1.0	95007.8	1.0	0.0	0.0
r4104	613.0	43.0	10.0	120481.69	1.0	0.0	0.0	94875.03	1.0	0.0	0.0
r3437	659.0	56.0	9.0	123785.24	1.0	1.0	0.0	99504.03	0.0	0.0	0.0
r2185	416.0	41.0	10.0	122189.66	2.0	1.0	0.0	98301.61	1.0	0.0	0.0
r4224	691.0	37.0	7.0	123067.63	1.0	1.0	1.0	98162.44	1.0	0.0	0.0
r713	498.0	44.0	2.0	120702.67	2.0	1.0	1.0	98175.74	1.0	0.0	0.0
r4650	599.0	61.0	1.0	124737.96	1.0	0.0	1.0	90389.61	1.0	0.0	1.0
r2605	678.0	83.0	6.0	123356.63	1.0	0.0	1.0	92934.41	1.0	0.0	1.0
r4605	625.0	51.0	4.0	124620.01	2.0	1.0	0.0	92243.94	0.0	0.0	0.0
r2494	680.0	37.0	6.0	124140.57	2.0	1.0	0.0	92826.35	0.0	1.0	0.0
r4297	627.0	39.0	5.0	124586.93	1.0	1.0	0.0	93132.61	1.0	0.0	0.0
r1672	541.0	46.0	4.0	124547.13	2.0	1.0	0.0	94499.06	0.0	0.0	1.0
r4389	492.0	48.0	6.0	127253.98	1.0	1.0	1.0	92144.09	0.0	0.0	0.0
r710	618.0	38.0	5.0	126473.99	1.0	1.0	0.0	91972.49	0.0	1.0	1.0
r4240	632.0	41.0	8.0	127205.32	4.0	1.0	0.0	93874.87	1.0	0.0	1.0
r275	611.0	40.0	2.0	125879.29	1.0	1.0	0.0	93203.43	0.0	0.0	0.0
r4032	783.0	58.0	3.0	127539.3	1.0	1.0	1.0	96590.39	1.0	0.0	0.0
r395	627.0	31.0	8.0	128131.73	1.0	1.0	0.0	96131.47	0.0	0.0	1.0
r4391	705.0	54.0	3.0	125889.3	3.0	1.0	0.0	96013.5	1.0	0.0	0.0
r4359	473.0	39.0	9.0	117103.26	2.0	1.0	1.0	85937.52	0.0	0.0	0.0
r4622	525.0	47.0	1.0	118087.68	1.0	1.0	0.0	88120.78	1.0	0.0	0.0
r1776	687.0	38.0	4.0	117633.28	1.0	0.0	1.0	88396.6	1.0	0.0	1.0
r637	754.0	27.0	7.0	117578.35	2.0	0.0	1.0	87908.01	1.0	0.0	1.0
r2340	542.0	43.0	6.0	113567.94	1.0	1.0	0.0	89543.25	0.0	1.0	1.0
r2277	713.0	40.0	3.0	114446.84	2.0	1.0	1.0	87308.18	1.0	0.0	1.0
r2841	750.0	37.0	2.0	113817.06	1.0	0.0	0.0	88333.74	0.0	1.0	0.0
r2548	671.0	48.0	8.0	115713.84	2.0	0.0	0.0	83210.84	0.0	0.0	0.0
r3799	663.0	49.0	7.0	116150.65	3.0	1.0	1.0	84358.71	1.0	0.0	1.0
r3801	551.0	27.0	2.0	113873.22	1.0	1.0	1.0	85129.77	0.0	1.0	1.0
r529	660.0	32.0	0.0	114668.89	1.0	1.0	0.0	84605.0	0.0	0.0	0.0
r399	602.0	23.0	7.0	113758.48	2.0	0.0	0.0	84077.6	0.0	0.0	1.0
r3315	559.0	24.0	3.0	114739.92	1.0	1.0	0.0	85891.02	0.0	1.0	1.0
r2024	736.0	54.0	7.0	111729.47	2.0	0.0	1.0	84920.49	0.0	0.0	1.0
r4929	841.0	52.0	3.0	112383.03	1.0	1.0	0.0	85516.37	1.0	0.0	0.0
r2617	635.0	35.0	2.0	113635.16	1.0	1.0	0.0	90883.12	0.0	1.0	1.0
r1615	501.0	42.0	9.0	114631.23	1.0	0.0	1.0	91429.74	0.0	0.0	1.0
r3454	518.0	46.0	4.0	113625.93	1.0	0.0	0.0	92727.42	1.0	0.0	1.0
r2260	712.0	34.0	8.0	114088.32	1.0	1.0	0.0	92794.61	0.0	0.0	1.0
r4725	753.0	46.0	9.0	113909.69	3.0	1.0	0.0	92320.37	1.0	0.0	0.0
r2906	648.0	44.0	9.0	111369.79	2.0	1.0	1.0	91947.74	1.0	0.0	1.0
r3197	698.0	56.0	1.0	112414.81	2.0	0.0	0.0	93982.02	1.0	0.0	1.0
r746	717.0	22.0	5.0	112465.06	1.0	1.0	1.0	92977.75	0.0	0.0	0.0
r4975	507.0	40.0	3.0	120105.43	1.0	1.0	0.0	92075.01	1.0	0.0	1.0
r3245	460.0	40.0	6.0	119507.58	2.0	1.0	0.0	91560.63	1.0	0.0	0.0
r2743	676.0	64.0	4.0	116954.32	1.0	1.0	1.0	91149.48	0.0	1.0	0.0
r2018	505.0	35.0	8.0	116932.59	1.0	1.0	0.0	91092.84	0.0	1.0	1.0
r481	590.0	40.0	2.0	117641.43	2.0	0.0	0.0	92198.05	1.0	0.0	0.0
r168	520.0	35.0	4.0	115680.81	1.0	1.0	1.0	90280.7	0.0	1.0	0.0
r3331	554.0	35.0	6.0	117707.18	2.0	0.0	0.0	95277.15	0.0	0.0	0.0
r3275	817.0	55.0	10.0	117561.49	1.0	1.0	0.0	95941.55	0.0	0.0	0.0
r4985	624.0	55.0	7.0	118793.6	1.0	1.0	1.0	95022.02	0.0	0.0	1.0
r3048	756.0	60.0	3.0	115924.89	1.0	1.0	0.0	93524.19	1.0	0.0	0.0
r1845	664.0	26.0	7.0	116244.14	2.0	1.0	1.0	95145.14	1.0	0.0	1.0
r3775	794.0	57.0	3.0	117056.46	1.0	1.0	0.0	93336.93	1.0	0.0	1.0
r2138	569.0	35.0	3.0	116969.35	1.0	0.0	0.0	94488.82	0.0	1.0	1.0
r4266	757.0	55.0	9.0	117294.12	4.0	1.0	0.0	94187.47	0.0	1.0	0.0
r380	556.0	61.0	2.0	117419.35	1.0	1.0	1.0	94153.83	0.0	0.0	0.0
r125	553.0	33.0	4.0	118082.89	1.0	0.0	0.0	94440.45	0.0	0.0	1.0
r4438	434.0	55.0	8.0	109339.17	2.0	1.0	0.0	96405.88	1.0	0.0	1.0
r3155	775.0	52.0	8.0	109922.61	1.0	1.0	1.0	96823.32	0.0	0.0	1.0
r3346	740.0	36.0	4.0	109044.6	1.0	0.0	0.0	94554.74	1.0	0.0	0.0
r1339	715.0	31.0	3.0	110581.29	1.0	1.0	1.0	94715.24	0.0	0.0	0.0
r242	743.0	23.0	3.0	110203.77	1.0	1.0	0.0	95583.45	0.0	0.0	1.0
r1993	557.0	36.0	1.0	113110.26	1.0	1.0	0.0	98413.1	0.0	1.0	1.0
r3502	550.0	45.0	8.0	111257.59	1.0	0.0	0.0	97623.42	1.0	0.0	0.0
r945	519.0	39.0	4.0	111900.14	1.0	1.0	1.0	97577.17	0.0	1.0	1.0
r3229	635.0	37.0	5.0	113488.68	1.0	1.0	0.0	95611.74	1.0	0.0	1.0
r1252	684.0	26.0	2.0	114035.39	1.0	0.0	0.0	96885.19	1.0	0.0	0.0
r4100	779.0	48.0	2.0	115290.27	1.0	0.0	0.0	98912.69	0.0	0.0	0.0
r4540	612.0	44.0	2.0	115163.38	1.0	1.0	1.0	97677.52	1.0	0.0	1.0
r1287	726.0	31.0	9.0	114722.05	2.0	1.0	1.0	98178.57	0.0	0.0	0.0
r46	638.0	34.0	6.0	114543.27	1.0	1.0	1.0	97755.29	0.0	0.0	1.0
r1064	727.0	28.0	2.0	110997.76	1.0	1.0	0.0	101433.76	0.0	0.0	0.0
r3541	564.0	44.0	3.0	111760.4	3.0	1.0	1.0	104722.47	1.0	0.0	0.0
r4379	727.0	45.0	6.0	114422.85	2.0	1.0	1.0	104678.78	1.0	0.0	1.0
r621	602.0	30.0	9.0	113672.18	2.0	0.0	0.0	102135.92	0.0	1.0	1.0
r3929	706.0	46.0	4.0	105214.58	1.0	1.0	0.0	108699.59	1.0	0.0	0.0
r3613	698.0	40.0	7.0	105061.74	3.0	1.0	0.0	107815.31	0.0	0.0	0.0
r3440	580.0	65.0	9.0	106804.26	3.0	1.0	0.0	107890.69	0.0	0.0	0.0
r4603	530.0	52.0	1.0	106723.28	1.0	0.0	0.0	109960.4	0.0	0.0	1.0
r4521	622.0	36.0	0.0	108960.0	2.0	1.0	0.0	111180.3	0.0	1.0	0.0
r1273	577.0	35.0	5.0	110080.3	1.0	1.0	1.0	109794.31	0.0	1.0	1.0
r3139	603.0	44.0	6.0	108122.39	2.0	1.0	0.0	108488.33	1.0	0.0	1.0
r4125	569.0	35.0	2.0	109196.66	3.0	1.0	0.0	109393.19	1.0	0.0	1.0
r3083	607.0	33.0	2.0	108431.87	2.0	0.0	1.0	109291.39	0.0	1.0	0.0
r4791	558.0	33.0	0.0	108477.49	1.0	1.0	1.0	109096.71	0.0	0.0	1.0
r4301	564.0	33.0	2.0	115761.51	1.0	0.0	1.0	112350.21	1.0	0.0	0.0
r3318	613.0	20.0	0.0	117356.19	1.0	0.0	0.0	113557.7	1.0	0.0	0.0
r3894	602.0	43.0	2.0	113641.49	4.0	1.0	0.0	115116.35	1.0	0.0	0.0
r4462	629.0	59.0	9.0	113657.83	1.0	1.0	1.0	116848.79	0.0	0.0	1.0
r2633	476.0	32.0	6.0	111871.93	1.0	0.0	0.0	112132.86	0.0	0.0	0.0
r2537	652.0	36.0	6.0	112518.71	2.0	0.0	1.0	110421.31	0.0	0.0	0.0
r3681	665.0	37.0	3.0	111911.63	1.0	1.0	1.0	110359.68	1.0	0.0	0.0
r1227	850.0	27.0	8.0	111837.78	2.0	1.0	1.0	110805.79	1.0	0.0	0.0
r3993	526.0	33.0	8.0	114634.63	2.0	1.0	0.0	110114.38	0.0	1.0	0.0
r3829	624.0	54.0	3.0	116726.22	1.0	1.0	0.0	110498.1	1.0	0.0	1.0
r496	562.0	31.0	9.0	117153.0	1.0	1.0	1.0	108675.01	1.0	0.0	0.0
r4508	609.0	71.0	6.0	113317.1	1.0	1.0	0.0	108258.22	1.0	0.0	0.0
r3627	649.0	37.0	8.0	114737.26	1.0	1.0	1.0	106655.88	1.0	0.0	0.0
r4745	634.0	53.0	3.0	113781.5	2.0	1.0	1.0	106345.05	1.0	0.0	0.0
r4395	628.0	39.0	1.0	115341.19	1.0	1.0	1.0	107674.3	1.0	0.0	1.0
r2041	794.0	22.0	4.0	114440.24	1.0	1.0	1.0	107753.07	0.0	1.0	0.0
r259	691.0	38.0	5.0	114753.76	1.0	1.0	0.0	107665.02	1.0	0.0	0.0
r4787	637.0	43.0	1.0	135645.29	2.0	0.0	1.0	101382.86	1.0	0.0	1.0
r3753	749.0	29.0	7.0	137059.05	3.0	1.0	0.0	102975.72	1.0	0.0	0.0
r2753	601.0	42.0	9.0	133636.16	1.0	0.0	1.0	103315.74	1.0	0.0	0.0
r3960	768.0	49.0	1.0	133384.66	1.0	1.0	0.0	102397.22	1.0	0.0	1.0
r3325	552.0	42.0	9.0	133701.07	2.0	1.0	0.0	101069.71	0.0	0.0	1.0
r2081	527.0	33.0	9.0	132168.28	1.0	0.0	0.0	98734.15	0.0	1.0	1.0
r1945	639.0	29.0	4.0	133434.57	2.0	1.0	0.0	97983.44	0.0	1.0	1.0
r1658	487.0	24.0	7.0	133628.09	2.0	1.0	1.0	98570.01	0.0	0.0	1.0
r3928	743.0	65.0	2.0	131935.51	1.0	1.0	1.0	96399.67	1.0	0.0	1.0
r2713	677.0	43.0	3.0	133214.88	2.0	1.0	1.0	95936.84	0.0	1.0	0.0
r4609	829.0	28.0	3.0	132405.52	3.0	1.0	0.0	104889.2	1.0	0.0	1.0
r4327	581.0	38.0	1.0	133105.47	1.0	1.0	0.0	105732.9	1.0	0.0	1.0
r1659	835.0	29.0	10.0	130420.2	2.0	0.0	0.0	106276.55	1.0	0.0	0.0
r3727	580.0	56.0	1.0	131368.3	1.0	1.0	0.0	106918.67	0.0	0.0	0.0
r3194	731.0	21.0	8.0	132312.06	1.0	1.0	0.0	106663.46	1.0	0.0	0.0
r4797	556.0	46.0	3.0	131764.96	1.0	1.0	1.0	108500.66	0.0	1.0	1.0
r265	615.0	39.0	4.0	133707.09	1.0	1.0	1.0	108152.75	0.0	0.0	1.0
r2574	632.0	42.0	4.0	126115.6	1.0	1.0	0.0	100998.5	0.0	0.0	1.0
r4377	622.0	41.0	2.0	127087.06	1.0	1.0	0.0	102402.91	0.0	0.0	1.0
r2911	774.0	41.0	5.0	126670.37	1.0	1.0	0.0	102426.06	0.0	0.0	0.0
r185	694.0	34.0	5.0	127900.03	1.0	1.0	0.0	101737.8	0.0	0.0	1.0
r4748	747.0	43.0	1.0	130788.71	1.0	0.0	1.0	101495.0	0.0	0.0	1.0
r2840	686.0	39.0	3.0	129626.19	2.0	1.0	1.0	103220.56	1.0	0.0	1.0
r724	645.0	40.0	3.0	129596.77	1.0	1.0	1.0	103232.6	0.0	0.0	0.0
r126	610.0	36.0	4.0	129440.3	2.0	1.0	0.0	102638.35	0.0	0.0	1.0
r4771	664.0	49.0	5.0	127421.78	2.0	1.0	0.0	108876.75	1.0	0.0	0.0
r2645	521.0	61.0	0.0	125193.96	1.0	1.0	1.0	109356.53	1.0	0.0	0.0
r2209	567.0	38.0	1.0	125877.65	2.0	1.0	1.0	107841.77	0.0	0.0	0.0
r2930	812.0	33.0	2.0	127154.14	2.0	0.0	1.0	105383.49	1.0	0.0	1.0
r4924	686.0	41.0	5.0	128876.71	3.0	1.0	1.0	106939.34	0.0	0.0	1.0
r759	714.0	54.0	7.0	126113.28	1.0	1.0	0.0	112777.38	0.0	0.0	1.0
r599	619.0	43.0	1.0	125211.92	1.0	1.0	1.0	113410.49	0.0	0.0	1.0
r2489	666.0	31.0	3.0	123212.08	2.0	1.0	1.0	112157.31	1.0	0.0	1.0
r2055	607.0	45.0	7.0	123859.6	1.0	0.0	1.0	113051.57	0.0	0.0	1.0
r3579	668.0	39.0	0.0	122104.79	1.0	1.0	0.0	112946.67	1.0	0.0	0.0
r2921	583.0	27.0	1.0	125406.58	1.0	1.0	1.0	110784.42	0.0	0.0	0.0
r1306	500.0	37.0	9.0	125822.21	1.0	1.0	0.0	111698.0	0.0	1.0	1.0
r2587	669.0	45.0	1.0	123949.75	1.0	0.0	0.0	110881.56	1.0	0.0	1.0
r4091	575.0	52.0	8.0	123925.23	1.0	0.0	0.0	111342.66	0.0	1.0	1.0
r3288	544.0	64.0	3.0	124043.8	1.0	1.0	1.0	111402.97	0.0	0.0	0.0
r240	558.0	41.0	2.0	124227.14	1.0	1.0	1.0	111184.67	1.0	0.0	1.0
r3543	650.0	41.0	3.0	128808.65	3.0	0.0	0.0	113677.53	0.0	1.0	1.0
r820	691.0	33.0	1.0	128306.83	1.0	1.0	1.0	113580.79	0.0	0.0	0.0
r3426	767.0	35.0	6.0	132253.22	1.0	1.0	0.0	115566.57	1.0	0.0	0.0
r4541	809.0	50.0	10.0	118098.62	1.0	1.0	1.0	100720.02	1.0	0.0	1.0
r1889	572.0	30.0	6.0	117696.67	1.0	1.0	0.0	100843.82	0.0	0.0	1.0
r2725	704.0	36.0	7.0	120026.98	2.0	0.0	1.0	100601.73	0.0	0.0	1.0
r1152	674.0	39.0	6.0	120193.42	1.0	0.0	0.0	100130.95	0.0	1.0	1.0
r2718	607.0	49.0	9.0	119960.29	2.0	1.0	0.0	103068.22	0.0	0.0	0.0
r4926	644.0	37.0	6.0	117271.8	2.0	1.0	0.0	104217.96	0.0	0.0	1.0
r3381	729.0	46.0	5.0	117837.43	1.0	1.0	0.0	104016.61	1.0	0.0	1.0
r1799	725.0	36.0	1.0	118851.05	1.0	1.0	1.0	102747.02	0.0	0.0	0.0
r734	718.0	31.0	0.0	118100.59	2.0	1.0	0.0	103165.15	0.0	0.0	0.0
r4598	637.0	30.0	1.0	122185.53	1.0	1.0	0.0	102566.46	1.0	0.0	1.0
r4744	758.0	23.0	5.0	122739.1	1.0	1.0	0.0	102460.84	1.0	0.0	0.0
r3128	580.0	42.0	2.0	123331.36	1.0	0.0	0.0	103516.08	1.0	0.0	0.0
r989	678.0	54.0	1.0	123699.28	2.0	0.0	1.0	105221.76	1.0	0.0	0.0
r988	631.0	34.0	4.0	124379.14	1.0	1.0	0.0	106892.91	0.0	0.0	0.0
r4019	728.0	37.0	3.0	122689.51	2.0	0.0	0.0	106977.53	0.0	0.0	1.0
r4939	744.0	50.0	1.0	121498.11	2.0	0.0	1.0	106061.47	1.0	0.0	0.0
r1990	783.0	72.0	5.0	121215.9	2.0	1.0	1.0	105206.48	0.0	0.0	0.0
r4127	566.0	65.0	4.0	120100.41	1.0	1.0	0.0	107563.16	1.0	0.0	1.0
r2285	593.0	41.0	4.0	119703.1	2.0	1.0	1.0	109783.29	1.0	0.0	0.0
r2557	772.0	42.0	0.0	101979.16	1.0	1.0	0.0	90928.48	1.0	0.0	0.0
r2714	583.0	47.0	5.0	102562.23	1.0	1.0	0.0	92708.1	0.0	1.0	1.0
r4778	761.0	62.0	5.0	98854.34	1.0	0.0	0.0	86920.97	1.0	0.0	1.0
r2465	648.0	42.0	2.0	98795.61	2.0	1.0	0.0	89123.99	0.0	1.0	1.0
r1555	647.0	47.0	10.0	99835.17	1.0	0.0	1.0	89103.05	0.0	1.0	1.0
r3564	529.0	38.0	7.0	99842.5	2.0	1.0	0.0	90256.06	0.0	1.0	1.0
r784	670.0	39.0	8.0	101928.51	1.0	0.0	0.0	89205.54	0.0	0.0	0.0
r3599	817.0	45.0	9.0	101207.75	1.0	0.0	0.0	88211.12	1.0	0.0	1.0
r1574	573.0	72.0	8.0	98765.84	1.0	1.0	1.0	96015.53	0.0	1.0	0.0
r1330	530.0	42.0	0.0	99948.45	1.0	0.0	1.0	97338.62	1.0	0.0	0.0
r3992	717.0	36.0	2.0	99472.76	2.0	1.0	0.0	94274.72	0.0	0.0	0.0
r970	632.0	39.0	5.0	97854.37	2.0	1.0	0.0	93536.38	0.0	1.0	0.0
r2871	720.0	33.0	6.0	97188.62	1.0	0.0	0.0	91881.29	0.0	1.0	1.0
r2882	721.0	37.0	4.0	98459.6	1.0	0.0	0.0	90821.66	1.0	0.0	1.0
r2908	790.0	41.0	7.0	109508.68	1.0	0.0	0.0	86776.38	0.0	1.0	0.0
r4636	479.0	51.0	1.0	107714.74	3.0	1.0	0.0	86128.21	1.0	0.0	1.0
r1045	518.0	41.0	5.0	110624.99	1.0	1.0	0.0	89327.67	1.0	0.0	0.0
r4516	630.0	51.0	0.0	108449.23	3.0	0.0	0.0	88372.69	1.0	0.0	0.0
r4320	637.0	39.0	3.0	109698.41	1.0	1.0	1.0	88391.29	1.0	0.0	0.0
r3988	540.0	48.0	2.0	109349.29	1.0	1.0	0.0	88703.04	0.0	0.0	1.0
r1519	521.0	37.0	5.0	105843.26	2.0	1.0	1.0	84908.2	0.0	0.0	1.0
r4610	603.0	57.0	6.0	105000.85	2.0	1.0	1.0	87412.24	0.0	1.0	1.0
r4254	725.0	47.0	1.0	104887.43	1.0	0.0	0.0	86622.56	1.0	0.0	0.0
r4423	600.0	53.0	7.0	106261.63	1.0	1.0	0.0	93629.66	1.0	0.0	1.0
r2215	753.0	31.0	6.0	106596.29	1.0	0.0	0.0	91305.77	0.0	0.0	0.0
r4970	595.0	64.0	2.0	105736.32	1.0	1.0	1.0	89935.73	1.0	0.0	0.0
r3316	680.0	42.0	7.0	105722.69	1.0	1.0	1.0	90558.24	1.0	0.0	0.0
r4954	586.0	46.0	8.0	106968.96	1.0	1.0	1.0	79366.98	1.0	0.0	1.0
r2613	816.0	40.0	9.0	109003.26	1.0	1.0	1.0	79580.56	1.0	0.0	0.0
r4867	655.0	37.0	4.0	108862.76	1.0	1.0	0.0	79555.08	1.0	0.0	0.0
r3450	724.0	48.0	6.0	110463.25	2.0	1.0	1.0	80552.11	1.0	0.0	0.0
r943	672.0	23.0	10.0	110741.56	1.0	1.0	0.0	80778.5	1.0	0.0	0.0
r1455	600.0	26.0	6.0	108909.12	1.0	1.0	0.0	82547.01	0.0	0.0	0.0
r4109	828.0	47.0	1.0	109876.82	2.0	1.0	0.0	83611.45	0.0	1.0	1.0
r3793	728.0	45.0	3.0	108924.33	2.0	1.0	0.0	84300.4	1.0	0.0	1.0
r577	564.0	40.0	7.0	108407.34	1.0	1.0	1.0	83681.2	1.0	0.0	1.0
r3908	539.0	38.0	8.0	105435.74	1.0	0.0	0.0	80575.44	1.0	0.0	0.0
r4973	501.0	43.0	6.0	104533.24	1.0	0.0	0.0	81123.59	0.0	1.0	1.0
r2294	776.0	39.0	2.0	104349.45	1.0	0.0	0.0	79503.05	0.0	1.0	1.0
r3690	646.0	32.0	8.0	105397.8	1.0	1.0	0.0	78111.84	1.0	0.0	1.0
r110	838.0	67.0	4.0	103267.8	1.0	1.0	1.0	78310.04	0.0	1.0	0.0
r1414	518.0	45.0	9.0	105525.65	2.0	1.0	1.0	73418.29	0.0	0.0	0.0
r354	701.0	34.0	3.0	105588.66	1.0	0.0	1.0	74694.41	0.0	0.0	0.0
r968	680.0	44.0	7.0	108724.98	1.0	0.0	1.0	72330.46	0.0	0.0	1.0
r3073	745.0	28.0	1.0	111071.36	1.0	1.0	0.0	73275.96	1.0	0.0	0.0
r4659	443.0	59.0	4.0	110939.3	1.0	1.0	0.0	72846.58	1.0	0.0	1.0
r3732	789.0	37.0	6.0	110689.07	1.0	1.0	1.0	71121.04	1.0	0.0	0.0
r1581	606.0	53.0	1.0	109330.06	1.0	1.0	1.0	75860.01	0.0	1.0	0.0
r1522	638.0	62.0	4.0	108716.59	2.0	1.0	1.0	74241.09	1.0	0.0	1.0
r1988	681.0	30.0	2.0	111093.01	1.0	1.0	0.0	68985.99	0.0	1.0	1.0
r3867	544.0	44.0	2.0	108895.93	1.0	0.0	0.0	69228.2	1.0	0.0	1.0
r844	657.0	41.0	8.0	109402.13	1.0	1.0	1.0	66463.62	0.0	1.0	1.0
r4874	720.0	29.0	7.0	106230.92	1.0	1.0	1.0	69903.93	1.0	0.0	0.0
r1962	446.0	51.0	4.0	105056.13	1.0	0.0	0.0	70613.52	0.0	0.0	0.0
r3737	545.0	47.0	8.0	105792.49	1.0	0.0	1.0	67830.2	0.0	0.0	1.0
r3250	608.0	44.0	7.0	114203.47	1.0	1.0	1.0	77830.36	1.0	0.0	1.0
r1699	711.0	37.0	8.0	113899.92	1.0	0.0	0.0	80215.2	0.0	0.0	0.0
r409	664.0	31.0	9.0	114519.57	2.0	0.0	1.0	79222.02	0.0	0.0	0.0
r2734	750.0	43.0	6.0	113882.31	1.0	1.0	1.0	74564.41	0.0	0.0	1.0
r4268	633.0	63.0	4.0	114552.6	1.0	1.0	0.0	73856.28	0.0	1.0	1.0
r4085	477.0	57.0	9.0	114023.64	2.0	1.0	1.0	71167.17	0.0	0.0	0.0
r628	748.0	38.0	4.0	115221.36	1.0	0.0	1.0	70956.75	0.0	0.0	1.0
r4074	622.0	42.0	9.0	115766.26	1.0	0.0	0.0	72155.85	1.0	0.0	1.0
r2313	477.0	36.0	3.0	117700.86	1.0	0.0	0.0	74042.0	1.0	0.0	0.0
r4414	465.0	53.0	1.0	117438.17	1.0	0.0	0.0	74898.8	1.0	0.0	1.0
r205	529.0	30.0	2.0	116295.29	1.0	1.0	0.0	75285.47	0.0	0.0	1.0
r4894	705.0	46.0	4.0	115518.07	1.0	0.0	0.0	76544.9	1.0	0.0	0.0
r94	553.0	32.0	3.0	116324.53	1.0	1.0	0.0	77304.49	0.0	0.0	1.0
r783	703.0	38.0	9.0	99167.54	1.0	1.0	0.0	65720.92	1.0	0.0	0.0
r2571	684.0	32.0	9.0	100249.41	2.0	0.0	1.0	67599.69	0.0	0.0	1.0
r4703	699.0	22.0	9.0	99339.0	1.0	1.0	0.0	68297.61	0.0	0.0	1.0
r379	654.0	42.0	7.0	99263.09	1.0	1.0	1.0	67607.9	0.0	0.0	1.0
r3190	756.0	39.0	3.0	100717.85	3.0	1.0	1.0	73406.04	1.0	0.0	0.0
r3863	714.0	53.0	1.0	99141.86	1.0	1.0	1.0	72496.05	1.0	0.0	1.0
r3985	707.0	51.0	10.0	98438.23	1.0	0.0	0.0	70778.63	1.0	0.0	0.0
r3187	712.0	36.0	2.0	100749.5	3.0	0.0	0.0	70758.37	0.0	0.0	1.0
r4047	597.0	22.0	6.0	101528.61	1.0	1.0	0.0	70529.0	1.0	0.0	0.0
r636	850.0	41.0	3.0	99945.93	2.0	1.0	0.0	71179.31	0.0	1.0	0.0
r4035	533.0	49.0	1.0	102286.6	3.0	1.0	0.0	69409.37	1.0	0.0	0.0
r263	608.0	33.0	1.0	102772.67	2.0	1.0	0.0	70705.58	1.0	0.0	1.0
r1622	792.0	36.0	5.0	92140.15	1.0	0.0	1.0	67468.67	0.0	1.0	1.0
r858	655.0	37.0	5.0	93147.0	2.0	1.0	0.0	66214.13	0.0	0.0	1.0
r3495	758.0	50.0	2.0	95813.76	3.0	1.0	1.0	67944.09	0.0	0.0	0.0
r1631	657.0	41.0	5.0	95858.37	1.0	1.0	1.0	68255.88	0.0	0.0	0.0
r1643	650.0	23.0	4.0	93911.3	2.0	1.0	0.0	69055.45	1.0	0.0	1.0
r3836	695.0	53.0	8.0	95231.91	1.0	0.0	0.0	70140.8	1.0	0.0	0.0
r3474	742.0	41.0	4.0	92805.72	1.0	0.0	1.0	73743.95	1.0	0.0	0.0
r1108	690.0	42.0	3.0	92578.14	2.0	0.0	0.0	70810.6	0.0	0.0	0.0
r3147	727.0	40.0	1.0	93051.64	2.0	1.0	0.0	71865.31	1.0	0.0	1.0
r4668	644.0	51.0	4.0	95560.04	1.0	0.0	0.0	72628.84	1.0	0.0	0.0
r2275	758.0	47.0	9.0	95523.16	1.0	1.0	0.0	73294.48	1.0	0.0	0.0
r584	768.0	29.0	2.0	95984.69	2.0	1.0	1.0	73686.75	0.0	0.0	1.0
r948	745.0	48.0	10.0	96048.55	1.0	1.0	0.0	74510.65	1.0	0.0	1.0
r4174	656.0	49.0	9.0	97092.87	1.0	1.0	0.0	74771.22	1.0	0.0	0.0
r3262	662.0	41.0	4.0	90350.77	1.0	1.0	0.0	75884.65	0.0	1.0	0.0
r2839	717.0	28.0	1.0	90537.16	1.0	0.0	1.0	74800.99	0.0	0.0	0.0
r2517	531.0	42.0	6.0	88324.31	2.0	1.0	0.0	75248.75	1.0	0.0	0.0
r1577	520.0	31.0	4.0	93249.4	1.0	1.0	0.0	77335.75	0.0	0.0	1.0
r1232	663.0	42.0	5.0	90248.79	1.0	1.0	1.0	79169.73	1.0	0.0	1.0
r2894	547.0	43.0	1.0	92350.36	1.0	0.0	1.0	80262.91	0.0	0.0	1.0
r2212	486.0	63.0	9.0	97009.15	1.0	1.0	1.0	85101.0	0.0	0.0	1.0
r806	840.0	39.0	1.0	94968.97	1.0	1.0	0.0	84487.62	0.0	0.0	0.0
r4587	651.0	45.0	8.0	95922.9	1.0	1.0	0.0	84782.42	0.0	1.0	0.0
r4151	732.0	45.0	6.0	98792.4	1.0	1.0	0.0	81491.7	1.0	0.0	0.0
r1308	513.0	72.0	3.0	98903.06	1.0	1.0	1.0	81251.24	0.0	1.0	1.0
r4101	740.0	56.0	4.0	99097.33	1.0	1.0	1.0	85016.64	0.0	1.0	0.0
r4292	850.0	55.0	0.0	98710.89	1.0	1.0	1.0	83617.17	1.0	0.0	1.0
r938	661.0	35.0	9.0	100107.99	1.0	1.0	0.0	83949.68	0.0	0.0	1.0
r283	738.0	35.0	6.0	101744.84	1.0	0.0	0.0	85185.44	1.0	0.0	1.0
r3815	762.0	56.0	10.0	100260.88	3.0	1.0	1.0	77142.42	1.0	0.0	1.0
r4522	598.0	38.0	1.0	101487.18	1.0	1.0	1.0	75959.1	1.0	0.0	1.0
r1568	744.0	32.0	4.0	96106.83	1.0	1.0	1.0	79812.77	1.0	0.0	1.0
r3014	751.0	50.0	2.0	96888.39	1.0	1.0	0.0	77206.25	1.0	0.0	1.0
r381	482.0	55.0	5.0	97318.25	1.0	0.0	1.0	78416.14	0.0	0.0	1.0
r58	601.0	40.0	10.0	98627.13	2.0	0.0	0.0	77977.69	0.0	0.0	1.0
r2440	555.0	48.0	3.0	142055.41	2.0	0.0	1.0	79134.78	1.0	0.0	1.0
r402	542.0	33.0	8.0	142871.27	2.0	0.0	0.0	77737.86	1.0	0.0	1.0
r4483	620.0	25.0	8.0	141825.88	1.0	1.0	1.0	73857.94	1.0	0.0	0.0
r1068	535.0	53.0	5.0	141616.55	2.0	1.0	1.0	75888.65	1.0	0.0	0.0
r398	808.0	47.0	8.0	139196.0	1.0	0.0	1.0	74028.36	0.0	1.0	1.0
r2652	473.0	32.0	5.0	146602.25	2.0	1.0	1.0	72946.95	1.0	0.0	0.0
r1366	727.0	34.0	2.0	146407.11	1.0	1.0	1.0	72073.72	1.0	0.0	1.0
r4727	624.0	42.0	3.0	145155.37	1.0	1.0	0.0	72169.95	0.0	0.0	1.0
r3510	667.0	38.0	6.0	144432.04	1.0	1.0	1.0	73963.17	0.0	0.0	0.0
r4781	638.0	41.0	9.0	144326.09	1.0	1.0	0.0	73979.85	1.0	0.0	0.0
r3526	532.0	44.0	3.0	148595.55	1.0	1.0	0.0	74838.64	0.0	0.0	1.0
r181	592.0	66.0	5.0	149950.19	1.0	1.0	1.0	76267.59	0.0	0.0	0.0
r1742	607.0	47.0	4.0	148826.32	1.0	1.0	1.0	79450.61	1.0	0.0	1.0
r291	787.0	42.0	10.0	145988.65	2.0	1.0	1.0	79510.37	0.0	0.0	0.0
r2558	693.0	28.0	1.0	145118.83	1.0	0.0	1.0	77742.38	0.0	1.0	1.0
r719	719.0	32.0	9.0	146605.27	1.0	1.0	1.0	77119.45	0.0	0.0	1.0
r116	613.0	47.0	6.0	146034.74	1.0	1.0	1.0	77146.14	0.0	0.0	1.0
r1885	692.0	69.0	10.0	154953.94	1.0	1.0	1.0	70849.47	0.0	0.0	1.0
r1981	628.0	51.0	9.0	155903.82	2.0	1.0	1.0	71159.84	1.0	0.0	0.0
r1657	455.0	27.0	5.0	155879.09	2.0	0.0	0.0	70774.97	0.0	0.0	0.0
r2420	633.0	37.0	9.0	156091.97	1.0	1.0	0.0	72008.61	0.0	0.0	0.0
r4228	482.0	45.0	7.0	156353.46	1.0	1.0	0.0	72643.95	1.0	0.0	1.0
r2438	816.0	67.0	6.0	151858.98	1.0	1.0	1.0	72814.31	0.0	1.0	1.0
r4469	727.0	59.0	5.0	152581.06	1.0	1.0	0.0	71830.1	1.0	0.0	1.0
r1254	637.0	36.0	2.0	152606.82	1.0	1.0	1.0	71692.8	0.0	0.0	1.0
r506	624.0	45.0	5.0	151855.33	1.0	1.0	0.0	68794.15	1.0	0.0	0.0
r1500	642.0	41.0	4.0	157777.58	1.0	1.0	0.0	67484.6	1.0	0.0	1.0
r3467	850.0	28.0	4.0	147972.19	1.0	1.0	0.0	60708.72	1.0	0.0	1.0
r3747	739.0	40.0	5.0	149131.03	3.0	1.0	1.0	60036.99	1.0	0.0	1.0
r3825	778.0	29.0	6.0	150358.97	1.0	1.0	0.0	62454.01	1.0	0.0	0.0
r629	668.0	38.0	1.0	147904.31	1.0	1.0	1.0	69370.05	0.0	1.0	1.0
r4369	576.0	63.0	3.0	148843.56	1.0	1.0	0.0	69414.13	1.0	0.0	1.0
r4304	651.0	34.0	10.0	148962.46	1.0	1.0	0.0	66389.43	1.0	0.0	0.0
r1029	588.0	33.0	9.0	150186.22	2.0	1.0	1.0	65611.01	1.0	0.0	1.0
r4415	568.0	46.0	8.0	150836.92	1.0	0.0	0.0	64516.8	1.0	0.0	1.0
r219	632.0	35.0	2.0	150561.03	2.0	0.0	0.0	64722.61	1.0	0.0	0.0
r4063	680.0	34.0	6.0	146422.22	1.0	1.0	0.0	67142.97	1.0	0.0	1.0
r3489	512.0	41.0	8.0	145150.28	1.0	1.0	0.0	64869.32	0.0	0.0	0.0
r4772	655.0	44.0	6.0	146498.76	1.0	1.0	0.0	64853.51	1.0	0.0	0.0
r2207	525.0	57.0	2.0	145965.33	1.0	1.0	1.0	64448.36	0.0	1.0	0.0
r3226	704.0	27.0	5.0	147004.34	1.0	1.0	0.0	64381.33	1.0	0.0	1.0
r3163	586.0	43.0	8.0	132558.26	1.0	1.0	0.0	67046.83	0.0	0.0	0.0
r3503	611.0	61.0	3.0	131583.59	4.0	0.0	1.0	66238.23	0.0	0.0	0.0
r688	594.0	35.0	2.0	133853.27	1.0	1.0	1.0	65361.66	0.0	0.0	1.0
r4943	846.0	34.0	10.0	142388.61	2.0	0.0	1.0	68393.64	0.0	0.0	0.0
r1465	600.0	40.0	1.0	141136.79	1.0	1.0	1.0	67803.83	0.0	0.0	1.0
r4188	443.0	54.0	3.0	138547.97	1.0	1.0	1.0	70196.23	0.0	0.0	0.0
r4269	535.0	50.0	1.0	140292.58	3.0	0.0	0.0	69531.22	0.0	1.0	0.0
r2091	765.0	40.0	6.0	138033.55	1.0	1.0	1.0	67972.45	0.0	0.0	1.0
r1381	721.0	46.0	7.0	137933.39	1.0	1.0	1.0	67976.57	0.0	1.0	0.0
r3066	605.0	51.0	3.0	136188.78	1.0	1.0	1.0	67110.59	0.0	0.0	0.0
r4570	636.0	67.0	7.0	136709.35	1.0	0.0	1.0	66753.1	1.0	0.0	1.0
r3625	644.0	40.0	9.0	137285.26	4.0	1.0	0.0	77063.63	0.0	0.0	0.0
r4925	582.0	38.0	9.0	135979.01	4.0	1.0	1.0	76582.95	0.0	0.0	0.0
r3553	640.0	43.0	7.0	132412.38	1.0	0.0	0.0	69584.3	0.0	0.0	1.0
r1400	573.0	31.0	0.0	134644.19	1.0	1.0	1.0	70381.49	1.0	0.0	1.0
r4864	584.0	37.0	10.0	134171.8	4.0	1.0	1.0	70927.11	1.0	0.0	0.0
r1557	773.0	25.0	2.0	135903.33	1.0	1.0	0.0	73656.38	0.0	0.0	1.0
r3577	698.0	57.0	6.0	136325.48	2.0	1.0	1.0	72549.27	0.0	0.0	1.0
r277	432.0	38.0	2.0	135559.8	2.0	1.0	1.0	71856.3	1.0	0.0	1.0
r3051	619.0	57.0	3.0	137946.39	1.0	1.0	1.0	72467.99	1.0	0.0	1.0
r739	771.0	38.0	5.0	137657.71	2.0	1.0	0.0	72985.61	1.0	0.0	0.0
r4021	769.0	34.0	7.0	137239.17	1.0	1.0	1.0	71379.92	1.0	0.0	0.0
r4931	621.0	55.0	7.0	131033.76	1.0	0.0	1.0	75685.59	1.0	0.0	0.0
r4498	691.0	36.0	7.0	129934.64	1.0	0.0	0.0	75664.56	0.0	1.0	1.0
r1231	671.0	38.0	6.0	132129.72	1.0	0.0	1.0	76068.95	0.0	0.0	0.0
r1448	637.0	33.0	0.0	132255.99	2.0	0.0	1.0	74588.41	0.0	0.0	1.0
r866	628.0	30.0	9.0	132351.29	2.0	1.0	1.0	74169.13	1.0	0.0	0.0
r4546	713.0	45.0	4.0	131038.14	1.0	1.0	0.0	74005.04	1.0	0.0	1.0
r3057	816.0	38.0	5.0	130878.75	3.0	1.0	0.0	71905.77	1.0	0.0	0.0
r3355	428.0	40.0	3.0	129248.11	2.0	1.0	0.0	72876.43	1.0	0.0	0.0
r591	735.0	43.0	9.0	127806.91	1.0	1.0	1.0	73069.59	0.0	0.0	1.0
r4556	850.0	35.0	2.0	128548.49	4.0	1.0	0.0	75478.95	0.0	0.0	0.0
r3042	648.0	46.0	9.0	127209.0	2.0	1.0	0.0	77405.95	0.0	1.0	1.0
r2569	673.0	34.0	1.0	127122.79	3.0	0.0	1.0	76703.1	1.0	0.0	0.0
r1426	631.0	35.0	8.0	129205.49	1.0	1.0	1.0	79146.36	0.0	0.0	1.0
r3306	736.0	46.0	5.0	130812.91	1.0	1.0	1.0	77981.54	1.0	0.0	1.0
r1079	612.0	36.0	2.0	130700.92	2.0	0.0	0.0	77592.8	1.0	0.0	0.0
r515	757.0	29.0	8.0	130306.49	1.0	1.0	0.0	77469.38	0.0	0.0	1.0
r1380	828.0	28.0	8.0	134766.85	1.0	1.0	0.0	79355.87	0.0	1.0	1.0
r1553	627.0	48.0	1.0	132759.8	1.0	1.0	0.0	78899.22	0.0	1.0	1.0
r2536	580.0	33.0	7.0	131647.01	2.0	0.0	0.0	79775.19	1.0	0.0	0.0
r1191	724.0	34.0	3.0	132352.69	1.0	1.0	0.0	80320.3	0.0	0.0	0.0
r808	482.0	35.0	2.0	133111.73	1.0	0.0	1.0	79957.95	0.0	0.0	0.0
r2598	639.0	38.0	9.0	130233.14	1.0	1.0	1.0	81861.1	0.0	1.0	1.0
r3843	515.0	58.0	2.0	131852.81	1.0	1.0	0.0	81436.68	0.0	0.0	0.0
r3272	632.0	31.0	3.0	136556.44	1.0	1.0	0.0	82152.83	0.0	1.0	1.0
r1777	699.0	43.0	2.0	136487.86	2.0	1.0	0.0	82815.93	0.0	1.0	1.0
r2790	661.0	37.0	5.0	136425.18	1.0	1.0	0.0	81102.81	0.0	0.0	0.0
r501	546.0	42.0	7.0	139070.51	1.0	1.0	1.0	86945.0	0.0	1.0	1.0
r4702	549.0	36.0	6.0	139422.37	1.0	0.0	0.0	83983.39	1.0	0.0	1.0
r2216	596.0	33.0	1.0	138162.81	1.0	1.0	0.0	85412.54	0.0	0.0	0.0
r824	579.0	42.0	3.0	137560.38	2.0	1.0	1.0	85424.34	1.0	0.0	0.0
r1856	742.0	35.0	5.0	136857.0	1.0	0.0	0.0	84509.57	1.0	0.0	1.0
r923	793.0	39.0	3.0	137817.52	1.0	0.0	0.0	83997.79	0.0	0.0	1.0
r203	575.0	57.0	8.0	137936.94	1.0	1.0	1.0	84475.13	0.0	0.0	0.0
r4354	842.0	37.0	4.0	132446.08	2.0	1.0	0.0	87071.18	0.0	0.0	0.0
r4380	593.0	48.0	3.0	133903.12	2.0	1.0	1.0	85902.39	1.0	0.0	0.0
r4158	747.0	37.0	9.0	135776.36	3.0	1.0	0.0	85470.45	1.0	0.0	1.0
r1317	655.0	36.0	1.0	135515.76	1.0	1.0	0.0	86013.96	0.0	1.0	0.0
r2589	635.0	34.0	3.0	134692.4	2.0	1.0	1.0	83773.02	0.0	0.0	1.0
r2383	659.0	36.0	4.0	132578.92	2.0	1.0	0.0	84320.94	1.0	0.0	1.0
r2123	812.0	32.0	5.0	133050.97	2.0	1.0	0.0	89385.92	0.0	0.0	1.0
r1150	691.0	34.0	8.0	133936.04	2.0	1.0	0.0	91359.79	0.0	0.0	1.0
r729	520.0	61.0	8.0	133802.29	2.0	1.0	1.0	90304.01	1.0	0.0	1.0
r2500	686.0	39.0	10.0	136258.06	1.0	0.0	0.0	89199.51	0.0	1.0	1.0
r284	583.0	24.0	9.0	135125.28	1.0	0.0	0.0	89801.9	0.0	0.0	1.0
r2218	668.0	37.0	7.0	128645.67	1.0	1.0	0.0	92149.64	0.0	0.0	0.0
r2221	834.0	68.0	9.0	130169.27	2.0	0.0	1.0	93112.2	1.0	0.0	0.0
r2163	576.0	30.0	7.0	132174.41	2.0	0.0	0.0	93767.03	1.0	0.0	1.0
r3289	723.0	52.0	5.0	131694.97	1.0	0.0	1.0	92873.5	1.0	0.0	1.0
r2762	637.0	40.0	2.0	133463.1	1.0	0.0	1.0	93165.34	0.0	0.0	1.0
r2567	505.0	37.0	0.0	134006.39	1.0	1.0	1.0	93736.69	0.0	1.0	1.0
r3134	567.0	49.0	5.0	134956.02	1.0	1.0	0.0	93953.84	1.0	0.0	0.0
r4142	667.0	71.0	4.0	137260.78	1.0	0.0	1.0	94433.08	0.0	1.0	1.0
r2116	665.0	55.0	8.0	136354.16	1.0	1.0	1.0	93769.89	0.0	0.0	0.0
r1061	586.0	51.0	2.0	138553.57	1.0	1.0	1.0	92406.22	0.0	0.0	1.0
r674	617.0	24.0	4.0	137295.19	2.0	1.0	1.0	91195.12	0.0	0.0	0.0
r2237	712.0	47.0	1.0	139887.01	1.0	1.0	1.0	95719.73	0.0	1.0	1.0
r523	644.0	33.0	9.0	141234.98	1.0	1.0	0.0	95673.05	0.0	0.0	1.0
r4739	632.0	40.0	9.0	139625.34	1.0	1.0	0.0	93702.96	0.0	0.0	0.0
r1253	623.0	37.0	4.0	140211.88	1.0	1.0	1.0	93832.33	0.0	0.0	0.0
r2560	639.0	39.0	1.0	141789.15	1.0	1.0	0.0	92455.96	0.0	1.0	0.0
r4386	754.0	48.0	7.0	141819.02	1.0	1.0	0.0	93550.53	1.0	0.0	0.0
r3743	676.0	40.0	2.0	147803.48	1.0	1.0	0.0	95181.06	0.0	0.0	0.0
r2737	751.0	29.0	10.0	147737.63	1.0	0.0	1.0	94951.27	0.0	0.0	1.0
r183	705.0	39.0	5.0	149379.66	2.0	1.0	0.0	96075.55	0.0	0.0	0.0
r250	637.0	35.0	8.0	147127.81	2.0	1.0	1.0	84760.7	1.0	0.0	1.0
r1796	850.0	31.0	4.0	146587.3	1.0	1.0	1.0	89874.82	1.0	0.0	1.0
r1509	794.0	24.0	10.0	146126.75	1.0	1.0	1.0	88992.05	0.0	0.0	1.0
r3714	590.0	60.0	6.0	147751.75	1.0	1.0	0.0	88206.04	0.0	0.0	0.0
r3654	511.0	48.0	6.0	149726.08	1.0	0.0	0.0	88307.87	1.0	0.0	1.0
r3943	749.0	54.0	3.0	144768.94	1.0	1.0	0.0	93336.3	1.0	0.0	1.0
r3419	556.0	37.0	9.0	145018.64	2.0	1.0	0.0	90928.02	1.0	0.0	1.0
r3131	732.0	50.0	6.0	145338.76	1.0	0.0	0.0	91936.1	1.0	0.0	1.0
r3417	705.0	56.0	2.0	143249.67	1.0	1.0	0.0	88428.41	1.0	0.0	0.0
r408	651.0	32.0	8.0	144581.96	1.0	1.0	1.0	87609.5	0.0	0.0	0.0
r632	749.0	40.0	8.0	141782.57	2.0	0.0	0.0	86333.63	1.0	0.0	0.0
r4820	547.0	42.0	1.0	142703.4	1.0	1.0	0.0	86207.49	1.0	0.0	0.0
r3927	834.0	36.0	8.0	142882.49	1.0	1.0	0.0	89983.02	0.0	0.0	1.0
r3	697.0	27.0	8.0	141223.68	2.0	1.0	0.0	90591.15	0.0	0.0	1.0
r4093	712.0	33.0	3.0	153819.58	1.0	1.0	0.0	79176.09	0.0	0.0	1.0
r3871	727.0	52.0	1.0	154733.97	1.0	1.0	0.0	80259.67	0.0	1.0	0.0
r2902	594.0	40.0	0.0	152092.44	2.0	1.0	1.0	83508.93	1.0	0.0	1.0
r932	644.0	26.0	4.0	153455.72	2.0	1.0	1.0	82696.84	0.0	1.0	0.0
r654	650.0	61.0	1.0	152968.73	1.0	0.0	1.0	82970.69	0.0	1.0	1.0
r2818	639.0	27.0	3.0	150795.81	1.0	0.0	1.0	85208.93	1.0	0.0	1.0
r353	619.0	58.0	5.0	152199.33	1.0	1.0	1.0	86022.09	0.0	0.0	1.0
r2303	597.0	41.0	4.0	153198.23	1.0	1.0	1.0	92090.36	0.0	0.0	1.0
r4106	558.0	45.0	1.0	153697.53	2.0	0.0	0.0	89891.4	0.0	0.0	0.0
r1107	711.0	39.0	3.0	152462.79	1.0	1.0	0.0	90305.97	0.0	0.0	0.0
r504	731.0	41.0	9.0	152243.57	1.0	1.0	1.0	88783.59	0.0	0.0	0.0
r4387	649.0	56.0	8.0	156974.26	1.0	1.0	0.0	89405.26	0.0	0.0	0.0
r1116	744.0	36.0	2.0	153804.44	1.0	1.0	1.0	87213.33	0.0	1.0	1.0
r3449	649.0	50.0	5.0	155393.32	1.0	1.0	1.0	87351.42	1.0	0.0	0.0
r4448	799.0	31.0	9.0	154586.92	1.0	0.0	1.0	88604.89	1.0	0.0	1.0
r0	606.0	37.0	8.0	154712.58	2.0	1.0	0.0	89099.18	0.0	1.0	1.0
