PName,POS,Team,Age,GP,W,L,Min,PTS,FGM,FGA,FG%,3PM,3PA,3P%,FTM,FTA,FT%,OREB,DREB,REB,AST,TOV,STL,BLK,PF,FP,DD2,TD3,Plus/Minus,PPG,RPG,APG,TOPG,SPG,BPG,FPG,TS%,AT,Avg_PM,Avg_FP,Salary
Jayson Tatum,SF,BOS,25,74,52,22,2732.2,2225,727,1559,46.6,240,686,35,531,622,85.4,78,571,649,342,213,78,51,160,3691,31,1,470,30.06756757,8.77027027,4.621621622,2.878378378,1.054054054,0.689189189,2.162162162,60.70345068,1.605633803,6.351351351,49.87837838,32600060
Joel Embiid,C,PHI,29,66,43,23,2284.1,2183,728,1328,54.8,66,200,33,661,771,85.7,113,557,670,274,226,66,112,205,3706,39,1,424,33.07575758,10.15151515,4.151515152,3.424242424,1,1.696969697,3.106060606,65.46747919,1.212389381,6.424242424,56.15151515,53320232
Luka Doncic,PG,DAL,24,66,33,33,2390.5,2138,719,1449,49.6,185,541,34.2,515,694,74.2,54,515,569,529,236,90,33,166,3747,36,10,128,32.39393939,8.621212121,8.015151515,3.575757576,1.363636364,0.5,2.515151515,60.93390182,2.241525424,1.939393939,56.77272727,43031940
Shai Gilgeous-Alexander,PG,OKC,24,68,33,35,2416,2135,704,1381,51,58,168,34.5,669,739,90.5,59,270,329,371,192,112,65,192,3425,3,0,149,31.39705882,4.838235294,5.455882353,2.823529412,1.647058824,0.955882353,2.823529412,62.56740282,1.932291667,2.191176471,50.36764706,35859950
Giannis Antetokounmpo,PF,MIL,28,63,47,16,2023.6,1959,707,1278,55.3,47,171,27.5,498,772,64.5,137,605,742,359,246,52,51,197,3451,46,6,341,31.0952381,11.77777778,5.698412698,3.904761905,0.825396825,0.80952381,3.126984127,60.54967608,1.459349593,5.412698413,54.77777778,45640084
Anthony Edwards,SG,MIN,21,79,40,39,2841.5,1946,707,1541,45.9,213,578,36.9,319,422,75.6,47,411,458,350,259,125,58,186,3311,9,0,97,24.63291139,5.797468354,4.430379747,3.278481013,1.582278481,0.734177215,2.35443038,56.35091621,1.351351351,1.227848101,41.91139241,11067784
Julius Randle,PF,NYK,28,77,44,33,2737.3,1936,658,1432,45.9,218,636,34.3,402,531,75.7,141,626,767,316,216,49,21,233,3324,40,0,170,25.14285714,9.961038961,4.103896104,2.805194805,0.636363636,0.272727273,3.025974026,58.11579933,1.462962963,2.207792208,43.16883117,29272320
Donovan Mitchell,SG,CLE,26,68,44,24,2432.4,1922,679,1402,48.4,245,635,38.6,319,368,86.7,63,226,289,301,180,99,27,168,2918,5,0,338,28.26470588,4.25,4.426470588,2.647058824,1.455882353,0.397058824,2.470588235,61.44815592,1.672222222,4.970588235,42.91176471,32600060
Trae Young,PG,ATL,24,73,38,35,2540.7,1914,597,1390,42.9,154,460,33.5,566,639,88.6,56,161,217,741,300,80,9,104,3253,40,0,100,26.21917808,2.97260274,10.15068493,4.109589041,1.095890411,0.123287671,1.424657534,57.26561191,2.47,1.369863014,44.56164384,43031940
Zach LaVine,SG,CHI,28,77,38,39,2767.9,1913,673,1388,48.5,204,544,37.5,363,428,84.8,42,303,345,327,194,69,18,159,2885,2,0,18,24.84415584,4.480519481,4.246753247,2.519480519,0.896103896,0.233766234,2.064935065,60.67930369,1.68556701,0.233766234,37.46753247,43031940
Damian Lillard,PG,POR,32,58,27,31,2106.6,1866,556,1202,46.3,244,658,37.1,510,558,91.4,44,233,277,425,191,50,18,109,2849,16,2,105,32.17241379,4.775862069,7.327586207,3.293103448,0.862068966,0.310344828,1.879310345,64.45506798,2.22513089,1.810344828,49.12068966,44066288
De'Aaron Fox,PG,SAC,25,73,44,29,2435.2,1826,682,1331,51.2,119,367,32.4,343,440,78,40,266,306,447,181,83,23,172,3001,11,0,176,25.01369863,4.191780822,6.123287671,2.479452055,1.136986301,0.315068493,2.356164384,59.88455988,2.46961326,2.410958904,41.10958904,32600060
DeMar DeRozan,SF,CHI,33,74,37,37,2681.6,1816,657,1303,50.4,46,142,32.4,456,523,87.2,34,309,343,377,153,83,36,186,2997,6,0,67,24.54054054,4.635135135,5.094594595,2.067567568,1.121621622,0.486486486,2.513513514,59.22563139,2.464052288,0.905405405,40.5,27300000
Jaylen Brown,SG,BOS,26,67,46,21,2404.9,1784,679,1383,49.1,163,487,33.5,263,344,76.5,78,381,459,232,197,75,26,172,2789,13,0,256,26.62686567,6.850746269,3.462686567,2.940298507,1.119402985,0.388059701,2.567164179,58.13498788,1.177664975,3.820895522,41.62686567,26583334
Pascal Siakam,PF,TOR,29,71,35,36,2652,1720,630,1313,48,93,287,32.4,367,474,77.4,131,425,556,415,169,65,36,228,3144,24,2,123,24.22535211,7.830985915,5.845070423,2.38028169,0.915492958,0.507042254,3.211267606,56.52093904,2.455621302,1.732394366,44.28169014,34226304
Lauri Markkanen,PF,UTA,25,66,32,34,2272.5,1691,571,1144,49.9,200,510,39.2,349,399,87.5,130,440,570,123,127,42,38,137,2673,28,0,163,25.62121212,8.636363636,1.863636364,1.924242424,0.636363636,0.575757576,2.075757576,64.07438843,0.968503937,2.46969697,40.5,16867727
Nikola Jokic,C,DEN,28,69,48,21,2323,1690,646,1022,63.2,57,149,38.3,341,415,82.2,167,650,817,678,247,87,47,174,3842,58,29,640,24.49275362,11.84057971,9.826086957,3.579710145,1.260869565,0.68115942,2.52173913,70.14776689,2.744939271,9.275362319,55.68115942,55224526
Jalen Green,SG,HOU,21,76,20,56,2602.2,1683,566,1359,41.6,187,554,33.8,364,463,78.6,43,241,284,281,200,59,18,131,2476,0,0,-447,22.14473684,3.736842105,3.697368421,2.631578947,0.776315789,0.236842105,1.723684211,53.84841814,1.405,-5.881578947,32.57894737,10202112
Jordan Poole,SG,GSW,23,82,44,38,2458.1,1675,550,1278,43,214,637,33.6,361,415,87,32,193,225,369,252,63,21,214,2499,1,0,-11,20.42682927,2.743902439,4.5,3.073170732,0.768292683,0.256097561,2.609756098,57.33944954,1.464285714,-0.134146341,30.47560976,32000000
Mikal Bridges,SF,BKN,26,83,42,41,2963.2,1671,593,1267,46.8,169,442,38.2,316,353,89.5,79,285,364,273,127,91,61,159,2846,2,0,36,20.13253012,4.385542169,3.289156627,1.530120482,1.096385542,0.734939759,1.915662651,58.74205523,2.149606299,0.43373494,34.28915663,22725000
Stephen Curry,PG,GSW,35,56,30,26,1941.2,1648,559,1133,49.3,273,639,42.7,257,281,91.5,39,302,341,352,179,52,20,117,2622,12,1,268,29.42857143,6.089285714,6.285714286,3.196428571,0.928571429,0.357142857,2.089285714,65.57168322,1.966480447,4.785714286,46.82142857,53838416
Jalen Brunson,PG,NYK,26,68,40,28,2378.7,1633,587,1195,49.1,134,322,41.6,325,392,82.9,40,201,241,421,142,61,15,152,2640,5,0,152,24.01470588,3.544117647,6.191176471,2.088235294,0.897058824,0.220588235,2.235294118,59.70836868,2.964788732,2.235294118,38.82352941,26000000
Kyrie Irving,PG,DAL,31,60,32,28,2240.6,1623,594,1203,49.4,188,496,37.9,247,273,90.5,59,245,304,331,128,66,45,165,2689,5,0,222,27.05,5.066666667,5.516666667,2.133333333,1.1,0.75,2.75,61.33230546,2.5859375,3.7,44.81666667,40000000
Ja Morant,PG,MEM,23,61,40,21,1948.3,1596,566,1214,46.6,92,300,30.7,372,497,74.8,61,296,357,493,206,66,16,100,2804,20,7,302,26.16393443,5.852459016,8.081967213,3.37704918,1.081967213,0.262295082,1.639344262,55.69980735,2.393203883,4.950819672,45.96721311,39446090
LeBron James,SF,LAL,38,55,30,25,1953.9,1590,609,1219,50,121,377,32.1,251,327,76.8,65,392,457,375,178,50,32,88,2769,18,2,214,28.90909091,8.309090909,6.818181818,3.236363636,0.909090909,0.581818182,1.6,58.33235501,2.106741573,3.890909091,50.34545455,49511644
CJ McCollum,SG,NOP,31,75,38,37,2649.2,1568,587,1344,43.7,211,543,38.9,183,238,76.9,55,273,328,429,183,70,38,153,2746,6,0,59,20.90666667,4.373333333,5.72,2.44,0.933333333,0.506666667,2.04,54.11673753,2.344262295,0.786666667,36.61333333,33333333
Bam Adebayo,C,MIA,25,75,40,35,2598,1529,602,1114,54,1,12,8.3,324,402,80.6,184,504,688,240,187,88,61,208,2975,31,0,117,20.38666667,9.173333333,3.2,2.493333333,1.173333333,0.813333333,2.773333333,59.22316559,1.28342246,1.56,39.66666667,32600060
Dejounte Murray,SG,ATL,26,74,38,36,2693.4,1515,612,1319,46.4,133,387,34.4,158,190,83.2,53,336,389,448,160,112,19,106,2887,8,1,-62,20.47297297,5.256756757,6.054054054,2.162162162,1.513513514,0.256756757,1.432432432,54.00684443,2.8,-0.837837838,39.01351351,16000000
Domantas Sabonis,PF,SAC,26,79,47,32,2735.6,1510,577,938,61.5,31,83,37.3,325,438,74.2,251,722,973,573,230,65,39,279,3619,65,14,212,19.11392405,12.3164557,7.253164557,2.911392405,0.82278481,0.493670886,3.53164557,66.77161455,2.491304348,2.683544304,45.81012658,18725000
Klay Thompson,SG,GSW,33,69,38,31,2278.9,1509,546,1252,43.6,301,731,41.2,116,132,87.9,39,247,286,163,123,49,29,130,2208,2,0,163,21.86956522,4.144927536,2.362318841,1.782608696,0.710144928,0.420289855,1.884057971,57.59190278,1.325203252,2.362318841,32,37980720
Kristaps Porzingis,C,WAS,27,65,27,38,2119.5,1505,507,1018,49.8,137,356,38.5,354,416,85.1,114,432,546,174,137,58,100,196,2758,20,0,80,23.15384615,8.4,2.676923077,2.107692308,0.892307692,1.538461538,3.015384615,62.65403317,1.270072993,1.230769231,42.43076923,31650600
Darius Garland,PG,CLE,23,69,40,29,2447.2,1490,522,1129,46.2,169,412,41,277,321,86.3,28,157,185,538,199,85,9,148,2602,18,0,438,21.5942029,2.68115942,7.797101449,2.884057971,1.231884058,0.130434783,2.144927536,58.6503338,2.703517588,6.347826087,37.71014493,39446090
Franz Wagner,SF,ORL,21,80,33,47,2608.7,1485,542,1118,48.5,130,360,36.1,271,322,84.2,70,259,329,283,167,77,17,183,2419,2,0,50,18.5625,4.1125,3.5375,2.0875,0.9625,0.2125,2.2875,58.94354122,1.694610778,0.625,30.2375,5695483
Devin Booker,SG,PHX,26,53,34,19,1835.4,1471,527,1067,49.4,111,316,35.1,306,358,85.5,46,194,240,293,145,51,18,159,2261,5,0,247,27.75471698,4.528301887,5.528301887,2.735849057,0.962264151,0.339622642,3,60.06435175,2.020689655,4.660377358,42.66037736,31650600
Jimmy Butler,SF,MIA,33,64,35,29,2138,1466,479,888,53.9,36,103,35,472,555,85,141,234,375,340,101,117,21,80,2739,11,0,47,22.90625,5.859375,5.3125,1.578125,1.828125,0.328125,1.25,64.7412118,3.366336634,0.734375,42.796875,48798677
Anthony Davis,PF,LAL,30,56,31,25,1904.5,1451,542,962,56.3,19,74,25.7,348,444,78.4,195,507,702,148,122,59,114,146,2912,40,0,205,25.91071429,12.53571429,2.642857143,2.178571429,1.053571429,2.035714286,2.607142857,62.68576761,1.213114754,3.660714286,52,37980720
Nikola Vucevic,C,CHI,32,82,40,42,2746.4,1447,597,1148,52,121,347,34.9,132,158,83.5,159,744,903,265,139,60,57,179,3140,51,1,-20,17.64634146,11.01219512,3.231707317,1.695121951,0.731707317,0.695121951,2.182926829,59.42407517,1.90647482,-0.243902439,38.29268293,20000000
Paolo Banchero,PF,ORL,20,72,31,41,2429.7,1437,479,1122,42.7,85,285,29.8,394,534,73.8,84,413,497,269,200,60,39,160,2534,14,0,-215,19.95833333,6.902777778,3.736111111,2.777777778,0.833333333,0.541666667,2.222222222,52.94923948,1.345,-2.986111111,35.19444444,12539692
RJ Barrett,SG,NYK,22,73,40,33,2475.5,1431,510,1176,43.4,121,390,31,290,392,74,60,308,368,201,164,31,15,179,2148,3,0,-62,19.60273973,5.04109589,2.753424658,2.246575342,0.424657534,0.205479452,2.452054795,53.05974134,1.225609756,-0.849315068,29.42465753,10900635
Keldon Johnson,SF,SAS,23,63,17,46,2063.3,1385,503,1113,45.2,134,407,32.9,245,327,74.9,56,262,318,183,134,46,11,125,2078,5,0,-491,21.98412698,5.047619048,2.904761905,2.126984127,0.73015873,0.174603175,1.984126984,55.0967475,1.365671642,-7.793650794,32.98412698,18500000
Spencer Dinwiddie,PG,BKN,30,79,41,38,2725.3,1369,460,1050,43.8,181,490,36.9,268,330,81.2,28,242,270,515,145,67,24,187,2594,9,0,-8,17.32911392,3.417721519,6.518987342,1.835443038,0.848101266,0.303797468,2.367088608,57.27074967,3.551724138,-0.101265823,32.83544304,1554664
Kevin Durant,PF,PHX,34,47,34,13,1671.8,1366,483,862,56,93,230,40.4,307,334,91.9,17,296,313,235,156,34,67,99,2241,5,1,258,29.06382979,6.659574468,5,3.319148936,0.723404255,1.425531915,2.106382979,67.69346654,1.506410256,5.489361702,47.68085106,48554830
Kyle Kuzma,SF,WAS,27,64,29,35,2238.9,1357,512,1142,44.8,160,481,33.3,173,237,73,55,408,463,239,190,36,29,145,2276,14,1,10,21.203125,7.234375,3.734375,2.96875,0.5625,0.453125,2.265625,54.44201945,1.257894737,0.15625,35.5625,22500000
Tyler Herro,PG,MIA,23,67,37,30,2335.4,1347,487,1109,43.9,203,537,37.8,170,182,93.4,27,333,360,280,158,51,16,101,2242,6,1,170,20.10447761,5.373134328,4.179104478,2.358208955,0.76119403,0.23880597,1.507462687,56.64042789,1.772151899,2.537313433,33.46268657,30000000
Buddy Hield,SG,IND,30,80,35,45,2481.9,1344,475,1038,45.8,288,677,42.5,106,129,82.2,67,333,400,225,139,92,26,156,2377,3,0,-84,16.8,5,2.8125,1.7375,1.15,0.325,1.95,61.38331689,1.618705036,-1.05,29.7125,23500000
Fred VanVleet,SG,TOR,29,69,34,35,2535,1335,437,1112,39.3,207,606,34.2,254,283,89.8,30,250,280,495,140,123,38,193,2757,10,1,195,19.34782609,4.057971014,7.173913043,2.028985507,1.782608696,0.550724638,2.797101449,53.98214343,3.535714286,2.826086957,39.95652174,42846615
Paul George,F,LAC,33,56,32,24,1938.9,1332,459,1004,45.7,158,426,37.1,256,294,87.1,45,297,342,288,176,83,20,159,2307,8,1,157,23.78571429,6.107142857,5.142857143,3.142857143,1.482142857,0.357142857,2.839285714,58.76332322,1.636363636,2.803571429,41.19642857,44066367
Terry Rozier,SG,CHA,29,63,19,44,2220.9,1329,493,1188,41.5,165,505,32.7,178,220,80.9,51,208,259,319,134,74,16,119,2254,1,0,-288,21.0952381,4.111111111,5.063492063,2.126984127,1.174603175,0.253968254,1.888888889,51.72011208,2.380597015,-4.571428571,35.77777778,24064674
Anfernee Simons,SG,POR,23,62,27,35,2170.7,1306,467,1045,44.7,212,562,37.7,160,179,89.4,18,143,161,253,128,42,14,142,1919,0,0,-75,21.06451613,2.596774194,4.080645161,2.064516129,0.677419355,0.225806452,2.290322581,58.10849292,1.9765625,-1.209677419,30.9516129,25000000
Bennedict Mathurin,SG,IND,20,78,33,45,2222.4,1302,413,951,43.4,100,310,32.3,376,454,82.8,87,231,318,116,152,48,13,162,1889,0,0,-179,16.69230769,4.076923077,1.487179487,1.948717949,0.615384615,0.166666667,2.076923077,56.5713094,0.763157895,-2.294871795,24.21794872,7484043
Jamal Murray,PG,DEN,26,65,43,22,2133.4,1298,473,1041,45.4,172,432,39.8,180,216,83.3,48,209,257,400,145,66,16,103,2307,5,1,300,19.96923077,3.953846154,6.153846154,2.230769231,1.015384615,0.246153846,1.584615385,57.12827013,2.75862069,4.615384615,35.49230769,31650600
Jerami Grant,SF,POR,29,63,28,35,2245.5,1290,434,913,47.5,144,359,40.1,278,342,81.3,53,230,283,150,116,51,53,152,2051,2,0,-35,20.47619048,4.492063492,2.380952381,1.841269841,0.80952381,0.841269841,2.412698413,60.6499417,1.293103448,-0.555555556,32.55555556,32000000
Jrue Holiday,PG,MIL,32,67,50,17,2182.5,1290,490,1023,47.9,158,411,38.4,152,177,85.9,79,262,341,495,197,79,25,116,2557,16,0,481,19.25373134,5.089552239,7.388059701,2.940298507,1.179104478,0.373134328,1.731343284,58.58949204,2.512690355,7.179104478,38.1641791,33749333
Evan Mobley,PF,CLE,21,79,48,31,2715.3,1277,525,947,55.4,22,102,21.6,205,304,67.4,187,524,711,224,146,60,119,218,2857,24,0,339,16.16455696,9,2.835443038,1.848101266,0.759493671,1.506329114,2.759493671,59.0787964,1.534246575,4.291139241,36.16455696,9166044
Bojan Bogdanovic,SF,DET,34,59,15,44,1892.9,1273,430,882,48.8,145,353,41.1,268,303,88.4,36,187,223,152,135,34,8,113,1760,0,0,-330,21.57627119,3.779661017,2.576271186,2.288135593,0.576271186,0.13559322,1.915254237,62.6895954,1.125925926,-5.593220339,29.83050847,19516425
Jordan Clarkson,PG,UTA,30,61,30,31,1988.3,1271,458,1031,44.4,155,459,33.8,200,245,81.6,72,174,246,270,186,33,13,120,1923,3,0,35,20.83606557,4.032786885,4.426229508,3.049180328,0.540983607,0.213114754,1.967213115,55.80435546,1.451612903,0.573770492,31.52459016,12880000
D'Angelo Russell,PG,LAL,27,71,39,32,2304.1,1263,445,948,46.9,194,490,39.6,179,216,82.9,35,180,215,437,186,70,29,140,2288,9,0,85,17.78873239,3.028169014,6.154929577,2.61971831,0.985915493,0.408450704,1.971830986,60.54417855,2.349462366,1.197183099,32.22535211,18000000
Josh Giddey,SG,OKC,20,76,34,42,2367.3,1260,539,1118,48.2,76,234,32.5,106,145,73.1,148,451,599,469,211,57,31,143,2735,28,4,-105,16.57894737,7.881578947,6.171052632,2.776315789,0.75,0.407894737,1.881578947,53.30851244,2.222748815,-1.381578947,35.98684211,6803702
Desmond Bane,SG,MEM,24,58,38,20,1841.5,1247,450,939,47.9,166,407,40.8,181,205,88.3,43,248,291,254,126,56,22,150,2085,1,0,356,21.5,5.017241379,4.379310345,2.172413793,0.965517241,0.379310345,2.586206897,60.58103381,2.015873016,6.137931034,35.94827586,2486231
Brook Lopez,C,MIL,35,78,57,21,2372.5,1239,477,899,53.1,136,364,37.4,149,190,78.4,157,363,520,99,107,37,193,203,2595,11,0,398,15.88461538,6.666666667,1.269230769,1.371794872,0.474358974,2.474358974,2.602564103,63.04701812,0.925233645,5.102564103,33.26923077,24000000
Kawhi Leonard,SF,LAC,31,52,33,19,1747.5,1239,446,871,51.2,104,250,41.6,243,279,87.1,57,281,338,204,88,72,28,84,2163,4,0,220,23.82692308,6.5,3.923076923,1.692307692,1.384615385,0.538461538,1.615384615,62.33899533,2.318181818,4.230769231,41.59615385,44066288
Harrison Barnes,SF,SAC,30,82,48,34,2662,1230,374,791,47.3,132,353,37.4,350,413,84.7,87,279,366,128,86,57,10,103,1976,0,0,255,15,4.463414634,1.56097561,1.048780488,0.695121951,0.12195122,1.256097561,63.22477177,1.488372093,3.109756098,24.09756098,18000000
Tyrese Maxey,PG,PHI,22,60,39,21,2015.8,1218,439,913,48.1,160,369,43.4,180,213,84.5,23,153,176,212,80,49,8,132,1838,0,0,241,20.3,2.933333333,3.533333333,1.333333333,0.816666667,0.133333333,2.2,60.49348379,2.65,4.016666667,30.63333333,3038140
James Harden,SG,PHI,33,58,39,19,2135,1216,371,842,44.1,161,418,38.5,313,361,86.7,40,314,354,618,195,71,31,112,2679,36,5,277,20.96551724,6.103448276,10.65517241,3.362068966,1.224137931,0.534482759,1.931034483,60.74897086,3.169230769,4.775862069,46.18965517,34320000
Immanuel Quickley,SG,NYK,23,81,47,34,2344.1,1209,419,936,44.8,168,454,37,203,248,81.9,58,279,337,279,100,80,14,166,2214,4,0,318,14.92592593,4.160493827,3.444444444,1.234567901,0.987654321,0.172839506,2.049382716,57.84024801,2.79,3.925925926,27.33333333,2700987
Jaden Ivey,PG,DET,21,74,16,58,2304.3,1204,409,983,41.6,120,350,34.3,266,356,74.7,73,215,288,387,237,61,17,242,2127,8,0,-642,16.27027027,3.891891892,5.22972973,3.202702703,0.824324324,0.22972973,3.27027027,52.82369871,1.632911392,-8.675675676,28.74324324,8237771
Deandre Ayton,C,PHX,24,67,36,31,2035.3,1203,522,887,58.9,7,24,29.2,152,200,76,172,495,667,115,120,37,53,190,2326,36,0,-7,17.95522388,9.955223881,1.71641791,1.791044776,0.552238806,0.791044776,2.835820896,61.69230769,0.958333333,-0.104477612,34.71641791,33232282
Scottie Barnes,SF,TOR,21,77,38,39,2677.6,1179,463,1016,45.6,63,224,28.1,190,246,77.2,179,333,512,371,154,83,61,170,2628,15,1,175,15.31168831,6.649350649,4.818181818,2,1.077922078,0.792207792,2.207792208,52.43542304,2.409090909,2.272727273,34.12987013,8266165
Jaren Jackson Jr.,PF,MEM,23,63,41,22,1787.5,1173,416,822,50.6,100,282,35.5,241,306,78.8,108,318,426,60,107,65,189,227,2429,7,0,366,18.61904762,6.761904762,0.952380952,1.698412698,1.031746032,3,3.603174603,61.30832915,0.560747664,5.80952381,38.55555556,26180000
Bradley Beal,SG,WAS,29,50,24,26,1672.9,1160,444,878,50.6,80,219,36.5,192,228,84.2,41,155,196,271,145,45,33,107,1891,2,0,42,23.2,3.92,5.42,2.9,0.9,0.66,2.14,59.28530542,1.868965517,0.84,37.82,50203930
Tyrese Haliburton,PG,IND,23,56,28,28,1882.9,1160,412,841,49,161,402,40,175,201,87.1,33,172,205,585,141,91,25,69,2491,32,0,-35,20.71428571,3.660714286,10.44642857,2.517857143,1.625,0.446428571,1.232142857,62.4031675,4.14893617,-0.625,44.48214286,4469749
Russell Westbrook,PG,LAC,34,73,36,37,2125.8,1159,432,991,43.6,89,286,31.1,206,314,65.6,89,334,423,551,255,76,33,162,2565,24,4,-21,15.87671233,5.794520548,7.547945205,3.493150685,1.04109589,0.452054795,2.219178082,51.32133621,2.160784314,-0.287671233,35.1369863,3931632
Gary Trent Jr.,SG,TOR,24,66,31,35,2118,1148,405,935,43.3,166,450,36.9,172,205,83.9,30,143,173,106,55,104,14,102,1814,0,0,-52,17.39393939,2.621212121,1.606060606,0.833333333,1.575757576,0.212121212,1.545454545,55.9890753,1.927272727,-0.787878788,27.48484848,17280000
Trey Murphy III,SG,NOP,22,79,39,40,2448,1148,387,800,48.4,202,497,40.6,172,190,90.5,59,222,281,112,61,89,43,155,1988,1,0,38,14.53164557,3.556962025,1.417721519,0.772151899,1.126582278,0.544303797,1.962025316,64.96152105,1.836065574,0.481012658,25.16455696,3694854
P.J. Washington,PF,CHA,24,73,24,49,2379.6,1144,434,978,44.4,149,428,34.8,127,174,73,73,285,358,175,110,66,79,193,2161,3,0,-375,15.67123288,4.904109589,2.397260274,1.506849315,0.904109589,1.082191781,2.643835616,54.24063116,1.590909091,-5.136986301,29.60273973,5808435
Kevin Huerter,SG,SAC,24,75,44,31,2202.8,1140,420,866,48.5,205,510,40.2,95,131,72.5,42,209,251,221,97,80,24,181,1988,0,0,222,15.2,3.346666667,2.946666667,1.293333333,1.066666667,0.32,2.413333333,61.71235546,2.278350515,2.96,26.50666667,16250000
Kevin Porter Jr.,SG,HOU,22,59,18,41,2023.9,1130,391,884,44.2,141,385,36.6,207,264,78.4,76,238,314,338,188,82,17,156,2123,9,1,-343,19.15254237,5.322033898,5.728813559,3.186440678,1.389830508,0.288135593,2.644067797,56.49096145,1.79787234,-5.813559322,35.98305085,3217631
O.G. Anunoby,SF,TOR,25,67,33,34,2385.7,1124,421,885,47.6,142,367,38.7,140,167,83.8,95,237,332,131,132,128,50,200,2121,2,0,132,16.7761194,4.955223881,1.955223881,1.970149254,1.910447761,0.746268657,2.985074627,58.63450463,0.992424242,1.970149254,31.65671642,17357143
Jonas Valanciunas,C,NOP,30,79,40,39,1968.2,1115,446,816,54.7,38,109,34.9,185,224,82.6,225,579,804,140,159,20,52,245,2347,43,0,-10,14.11392405,10.17721519,1.772151899,2.012658228,0.253164557,0.658227848,3.101265823,60.95827502,0.880503145,-0.126582278,29.70886076,15067500
Christian Wood,F,DAL,27,67,33,34,1738.4,1114,396,769,51.5,105,279,37.6,217,281,77.2,87,404,491,121,121,30,72,169,2070,12,0,-46,16.62686567,7.328358209,1.805970149,1.805970149,0.447761194,1.074626866,2.52238806,62.39917548,1,-0.686567164,30.89552239,2872945
Myles Turner,C,IND,27,62,29,33,1825.2,1113,402,733,54.8,93,249,37.3,216,276,78.3,88,378,466,89,103,36,140,215,2231,18,0,-47,17.9516129,7.516129032,1.435483871,1.661290323,0.580645161,2.258064516,3.467741935,65.13037779,0.86407767,-0.758064516,35.98387097,20451750
Brandon Ingram,SF,NOP,25,45,23,22,1538.1,1112,404,835,48.4,64,164,39,240,272,88.2,23,223,246,262,148,32,19,116,1805,6,2,96,24.71111111,5.466666667,5.822222222,3.288888889,0.711111111,0.422222222,2.577777778,58.23941006,1.77027027,2.133333333,40.11111111,31650600
Aaron Gordon,PF,DEN,27,68,45,23,2055.1,1109,429,761,56.4,60,173,34.7,191,314,60.8,164,282,446,203,98,54,51,129,2166,11,0,518,16.30882353,6.558823529,2.985294118,1.441176471,0.794117647,0.75,1.897058824,61.66866854,2.071428571,7.617647059,31.85294118,21660000
Alperen Sengun,C,HOU,20,75,18,57,2170.7,1109,442,799,55.3,19,57,33.3,206,288,71.5,242,436,678,291,193,70,70,258,2586,29,2,-283,14.78666667,9.04,3.88,2.573333333,0.933333333,0.933333333,3.44,59.89932161,1.507772021,-3.773333333,34.48,3887744
Tobias Harris,PF,PHI,30,74,47,27,2435.9,1085,423,845,50.1,126,324,38.9,113,129,87.6,67,357,424,186,89,68,40,149,2108,7,0,296,14.66216216,5.72972973,2.513513514,1.202702703,0.918918919,0.540540541,2.013513514,60.1601313,2.08988764,4,28.48648649,36000000
Michael Porter Jr.,SF,DEN,24,62,41,21,1797.9,1080,398,817,48.7,188,454,41.4,96,120,80,64,277,341,65,68,37,29,119,1717,3,0,418,17.41935484,5.5,1.048387097,1.096774194,0.596774194,0.467741935,1.919354839,62.08323753,0.955882353,6.741935484,27.69354839,35859950
Saddiq Bey,SF,ATL,24,77,24,53,2128.7,1062,353,836,42.2,151,418,36.1,205,238,86.1,98,264,362,118,71,70,13,123,1851,4,0,-147,13.79220779,4.701298701,1.532467532,0.922077922,0.909090909,0.168831169,1.597402597,56.44612637,1.661971831,-1.909090909,24.03896104,3257576
Jalen Williams,F,OKC,22,75,36,39,2275.6,1056,414,794,52.1,73,205,35.6,155,191,81.2,84,253,337,248,123,103,35,191,2123,3,0,-53,14.08,4.493333333,3.306666667,1.64,1.373333333,0.466666667,2.546666667,60.13393467,2.016260163,-0.706666667,28.30666667,5064229
Dillon Brooks,SF,MEM,27,73,46,27,2214.3,1047,392,991,39.6,143,439,32.6,120,154,77.9,45,199,244,189,104,65,16,240,1762,0,0,205,14.34246575,3.342465753,2.589041096,1.424657534,0.890410959,0.219178082,3.287671233,49.44463334,1.817307692,2.808219178,24.1369863,21500000
Malik Monk,SG,SAC,25,77,47,30,1719.2,1041,357,796,44.8,143,398,35.9,184,207,88.9,32,171,203,298,146,49,20,125,1793,0,0,68,13.51948052,2.636363636,3.87012987,1.896103896,0.636363636,0.25974026,1.623376623,58.67565496,2.04109589,0.883116883,23.28571429,9709025
Kenyon Martin Jr.,F,HOU,22,82,22,60,2292.2,1039,410,720,56.9,68,216,31.5,151,222,68,126,326,452,123,91,41,30,147,1888,5,0,-368,12.67073171,5.512195122,1.5,1.109756098,0.5,0.365853659,1.792682927,63.5334116,1.351648352,-4.487804878,23.02439024,1532398
De'Andre Hunter,SF,ATL,25,67,35,32,2125.6,1029,379,822,46.1,100,286,35,171,207,82.6,46,238,284,94,82,35,17,199,1585,1,0,-18,15.35820896,4.23880597,1.402985075,1.223880597,0.52238806,0.253731343,2.970149254,56.34774609,1.146341463,-0.268656716,23.65671642,22500000
Malik Beasley,SG,LAL,26,81,45,36,2093.1,1025,370,937,39.5,235,658,35.7,50,65,76.9,35,248,283,124,90,65,9,107,1683,1,0,-87,12.65432099,3.49382716,1.530864198,1.111111111,0.802469136,0.111111111,1.320987654,53.07580779,1.377777778,-1.074074074,20.77777778,2709849
Norman Powell,G,LAC,29,60,31,29,1567.1,1019,340,710,47.9,114,287,39.7,225,277,81.2,24,151,175,109,101,50,18,125,1496,0,0,-124,16.98333333,2.916666667,1.816666667,1.683333333,0.833333333,0.3,2.083333333,61.24681444,1.079207921,-2.066666667,24.93333333,18000000
Tim Hardaway Jr.,SF,DAL,31,71,37,34,2152.2,1019,340,847,40.1,212,550,38.5,127,165,77,21,230,251,129,60,49,12,120,1637,0,0,160,14.35211268,3.535211268,1.816901408,0.845070423,0.690140845,0.169014085,1.690140845,55.40452371,2.15,2.253521127,23.05633803,18750000
Derrick White,PG,BOS,28,82,57,25,2319.3,1017,350,758,46.2,149,391,38.1,168,192,87.5,52,241,293,321,95,54,76,177,2145,7,0,488,12.40243902,3.573170732,3.914634146,1.158536585,0.658536585,0.926829268,2.158536585,60.35751591,3.378947368,5.951219512,26.15853659,17500000
Luguentz Dort,G,OKC,24,74,36,38,2272.4,1013,339,873,38.8,135,409,33,200,259,77.2,128,216,344,154,92,75,23,243,1859,5,0,34,13.68918919,4.648648649,2.081081081,1.243243243,1.013513514,0.310810811,3.283783784,51.3192024,1.673913043,0.459459459,25.12162162,16500000
Jabari Smith Jr.,PF,HOU,19,79,21,58,2450.5,1010,364,892,40.8,120,391,30.7,162,206,78.6,122,447,569,101,104,43,74,227,2091,16,0,-555,12.78481013,7.202531646,1.278481013,1.316455696,0.544303797,0.936708861,2.873417722,51.39216804,0.971153846,-7.025316456,26.46835443,10082608
Malcolm Brogdon,PG,BOS,30,67,46,21,1743.8,1000,354,732,48.4,132,297,44.4,160,184,87,42,238,280,248,98,45,18,109,1799,0,0,182,14.92537313,4.179104478,3.701492537,1.462686567,0.671641791,0.268656716,1.626865672,61.50364102,2.530612245,2.71641791,26.85074627,22500000
Bobby Portis,F,MIL,28,70,47,23,1818.4,987,398,803,49.6,95,257,37,96,125,76.8,154,518,672,105,81,29,16,115,2005,38,0,17,14.1,9.6,1.5,1.157142857,0.414285714,0.228571429,1.642857143,57.51748252,1.296296296,0.242857143,28.64285714,12144552
Keegan Murray,SF,SAC,22,80,47,33,2381.7,976,354,782,45.3,206,501,41.1,62,81,76.5,89,282,371,98,60,61,42,162,1817,4,0,99,12.2,4.6375,1.225,0.75,0.7625,0.525,2.025,59.68396849,1.633333333,1.2375,22.7125,9092773
Kelly Oubre Jr.,SG,CHA,27,48,16,32,1547.5,972,353,819,43.1,108,339,31.9,158,208,76,65,184,249,54,64,68,18,141,1546,3,0,-278,20.25,5.1875,1.125,1.333333333,1.416666667,0.375,2.9375,53.37609278,0.84375,-5.791666667,32.20833333,2891467
Jarrett Allen,C,CLE,25,68,44,24,2220.1,969,403,626,64.4,1,10,10,162,221,73.3,221,445,666,113,93,54,84,153,2259,32,0,345,14.25,9.794117647,1.661764706,1.367647059,0.794117647,1.235294118,2.25,66.99021072,1.215053763,5.073529412,33.22058824,20000000
Nic Claxton,C,BKN,24,76,41,35,2270.7,961,414,587,70.5,0,2,0,133,246,54.1,184,518,702,144,96,65,189,212,2685,28,0,119,12.64473684,9.236842105,1.894736842,1.263157895,0.855263158,2.486842105,2.789473684,69.11282435,1.5,1.565789474,35.32894737,8500000
Jaden McDaniels,PF,MIN,22,79,41,38,2416.5,953,370,716,51.7,107,269,39.8,106,144,73.6,92,215,307,148,112,74,76,272,1881,0,0,70,12.06329114,3.886075949,1.873417722,1.417721519,0.936708861,0.962025316,3.443037975,61.13990967,1.321428571,0.886075949,23.81012658,2522720
Rudy Gobert,C,MIN,30,70,34,36,2148.5,939,360,546,65.9,0,3,0,219,340,64.4,231,583,814,87,122,56,95,210,2377,35,0,-7,13.41428571,11.62857143,1.242857143,1.742857143,0.8,1.357142857,3,67.49568718,0.713114754,-0.1,33.95714286,41000000
John Collins,PF,ATL,25,71,37,34,2129.6,931,359,707,50.8,70,240,29.2,143,178,80.3,77,385,462,85,79,42,73,220,1879,11,0,-21,13.11267606,6.507042254,1.197183099,1.112676056,0.591549296,1.028169014,3.098591549,59.27519992,1.075949367,-0.295774648,26.46478873,25000000
Bruce Brown,SF,DEN,26,80,53,27,2279.5,923,358,741,48.3,91,254,35.8,116,153,75.8,63,265,328,268,123,87,51,190,2010,3,1,31,11.5375,4.1,3.35,1.5375,1.0875,0.6375,2.375,57.09372526,2.178861789,0.3875,25.125,6479000
Max Strus,SG,MIA,27,80,42,38,2272,923,324,790,41,197,563,35,78,89,87.6,49,209,258,171,69,42,12,166,1582,2,0,-145,11.5375,3.225,2.1375,0.8625,0.525,0.15,2.075,55.65873896,2.47826087,-1.8125,19.775,15574260
Caris LeVert,SG,CLE,28,74,45,29,2237.3,897,320,742,43.1,127,324,39.2,130,180,72.2,53,229,282,287,116,72,24,170,1838,1,0,194,12.12162162,3.810810811,3.878378378,1.567567568,0.972972973,0.324324324,2.297297297,54.61519727,2.474137931,2.621621622,24.83783784,16000000
Jakob Poeltl,C,TOR,27,72,26,46,1906.1,897,389,618,62.9,0,1,0,119,201,59.2,236,417,653,197,125,66,86,195,2307,19,0,-146,12.45833333,9.069444444,2.736111111,1.736111111,0.916666667,1.194444444,2.708333333,63.487345,1.576,-2.027777778,32.04166667,19500000
Tre Jones,PG,SAS,23,68,20,48,1983.7,875,341,743,45.9,45,158,28.5,148,172,86,56,189,245,448,110,89,9,98,2025,6,2,-325,12.86764706,3.602941176,6.588235294,1.617647059,1.308823529,0.132352941,1.441176471,53.43968339,4.072727273,-4.779411765,29.77941176,9500000
Wendell Carter Jr.,C,ORL,24,57,26,31,1689.5,868,322,613,52.5,80,225,35.6,144,195,73.8,120,377,497,132,106,30,33,159,1745,21,0,-41,15.22807018,8.719298246,2.315789474,1.859649123,0.526315789,0.578947368,2.789473684,62.10646823,1.245283019,-0.719298246,30.61403509,12500000
Mason Plumlee,C,LAC,33,79,28,51,2052.9,857,329,484,68,0,0,0,199,313,63.6,229,471,700,245,117,46,47,217,2227,23,0,-269,10.84810127,8.860759494,3.101265823,1.481012658,0.582278481,0.594936709,2.746835443,68.92170109,2.094017094,-3.405063291,28.18987342,5000000
Eric Gordon,SG,LAC,34,69,25,44,1965.5,856,291,653,44.6,132,356,37.1,142,173,82.1,16,118,134,183,104,43,25,78,1391,0,0,-210,12.4057971,1.942028986,2.652173913,1.507246377,0.623188406,0.362318841,1.130434783,58.70089971,1.759615385,-3.043478261,20.15942029,3276360
Kelly Olynyk,PF,UTA,32,68,28,40,1941.6,847,278,557,49.9,93,236,39.4,198,232,85.3,82,338,420,252,168,60,37,232,1852,9,0,14,12.45588235,6.176470588,3.705882353,2.470588235,0.882352941,0.544117647,3.411764706,64.25623597,1.5,0.205882353,27.23529412,12398374
LaMelo Ball,PG,CHA,21,36,13,23,1267.8,838,296,721,41.1,144,383,37.6,102,121,84.3,42,189,231,304,129,46,11,118,1613,17,3,-150,23.27777778,6.416666667,8.444444444,3.583333333,1.277777778,0.305555556,3.277777778,54.11758628,2.356589147,-4.166666667,44.80555556,8899069
Markelle Fultz,PG,ORL,24,60,29,31,1777.9,837,349,679,51.4,27,87,31,112,143,78.3,69,165,234,341,139,87,26,131,1829,3,0,-130,13.95,3.9,5.683333333,2.316666667,1.45,0.433333333,2.183333333,56.40769894,2.45323741,-2.166666667,30.48333333,16666667
Austin Reaves,SG,LAL,24,64,35,29,1843.2,833,259,490,52.9,86,216,39.8,229,265,86.4,33,160,193,215,99,33,19,108,1444,1,0,214,13.015625,3.015625,3.359375,1.546875,0.515625,0.296875,1.6875,68.66139136,2.171717172,3.34375,22.5625,13456968
Patrick Williams,PF,CHI,21,82,40,42,2322.8,833,314,677,46.4,115,277,41.5,90,105,85.7,78,249,327,100,101,72,70,147,1700,1,0,-142,10.15853659,3.987804878,1.219512195,1.231707317,0.87804878,0.853658537,1.792682927,57.59126106,0.99009901,-1.731707317,20.73170732,8025410
Dennis Schroder,PG,LAL,29,66,37,29,1985.9,830,270,650,41.5,74,225,32.9,216,252,85.7,21,144,165,298,112,50,10,145,1543,2,0,125,12.57575758,2.5,4.515151515,1.696969697,0.757575758,0.151515152,2.196969697,54.54210914,2.660714286,1.893939394,23.37878788,1836090
Kentavious Caldwell-Pope,SG,DEN,30,76,51,25,2381.2,822,292,632,46.2,135,319,42.3,103,125,82.4,35,173,208,183,86,112,35,145,1701,0,0,493,10.81578947,2.736842105,2.407894737,1.131578947,1.473684211,0.460526316,1.907894737,59.82532751,2.127906977,6.486842105,22.38157895,15072562
Tyus Jones,PG,MEM,26,80,51,29,1939.4,822,311,710,43.8,121,326,37.1,79,98,80.6,28,172,200,417,74,83,6,32,1881,9,1,95,10.275,2.5,5.2125,0.925,1.0375,0.075,0.4,54.57297642,5.635135135,1.1875,23.5125,14500000
Corey Kispert,SF,WAS,24,74,31,43,2093.3,820,291,585,49.7,163,384,42.4,75,88,85.2,33,174,207,87,55,32,9,97,1267,0,0,-124,11.08108108,2.797297297,1.175675676,0.743243243,0.432432432,0.121621622,1.310810811,65.73462451,1.581818182,-1.675675676,17.12162162,4091102
Chris Paul,PG,PHX,37,59,33,26,1888.6,819,294,668,44,98,261,37.5,133,160,83.1,27,224,251,524,114,91,22,126,2131,17,0,84,13.88135593,4.254237288,8.881355932,1.93220339,1.542372881,0.372881356,2.13559322,55.45774648,4.596491228,1.423728814,36.11864407,30000000
Ivica Zubac,C,LAC,26,76,43,33,2169.4,818,326,514,63.4,0,2,0,166,238,69.7,236,520,756,77,117,29,98,219,2105,27,0,-33,10.76315789,9.947368421,1.013157895,1.539473684,0.381578947,1.289473684,2.881578947,66.10421515,0.658119658,-0.434210526,27.69736842,10933333
Quentin Grimes,SG,NYK,22,71,41,30,2120.9,799,282,602,46.8,157,407,38.6,78,98,79.6,49,180,229,150,69,47,26,177,1449,0,0,186,11.25352113,3.225352113,2.112676056,0.971830986,0.661971831,0.366197183,2.492957746,61.92646329,2.173913043,2.61971831,20.4084507,2782011
Mike Conley,PG,MIN,35,67,34,33,2028.1,798,261,610,42.8,135,351,38.5,141,169,83.4,33,149,182,450,103,73,14,139,1849,6,0,60,11.91044776,2.71641791,6.71641791,1.537313433,1.089552239,0.208955224,2.074626866,58.30264773,4.368932039,0.895522388,27.59701493,22680000
Onyeka Okongwu,PF,ATL,22,80,41,39,1848.6,791,317,497,63.8,4,13,30.8,153,196,78.1,217,359,576,81,81,56,107,251,2012,12,0,63,9.8875,7.2,1.0125,1.0125,0.7,1.3375,3.1375,67.81084974,1,0.7875,25.15,6605536
Shaedon Sharpe,SG,POR,19,80,32,48,1778.6,789,306,648,47.2,102,283,36,75,105,71.4,63,173,236,94,83,38,24,136,1316,0,0,-297,9.8625,2.95,1.175,1.0375,0.475,0.3,1.7,56.82800346,1.13253012,-3.7125,16.45,6835226
Killian Hayes,PG,DET,21,76,16,60,2153.6,786,307,815,37.7,80,286,28,92,112,82.1,28,193,221,470,173,104,28,219,1979,6,0,-500,10.34210526,2.907894737,6.184210526,2.276315789,1.368421053,0.368421053,2.881578947,45.47137502,2.716763006,-6.578947368,26.03947368,5837760
Cole Anthony,PG,ORL,22,60,28,32,1551.8,781,277,610,45.4,75,206,36.4,152,170,89.4,47,241,288,235,91,37,31,158,1592,1,0,-26,13.01666667,4.8,3.916666667,1.516666667,0.616666667,0.516666667,2.633333333,57.0239486,2.582417582,-0.433333333,26.53333333,3971993
Naz Reid,C,MIN,23,68,32,36,1250.9,781,310,577,53.7,75,217,34.6,86,127,67.7,73,260,333,77,92,42,53,176,1489,4,0,-128,11.48529412,4.897058824,1.132352941,1.352941176,0.617647059,0.779411765,2.588235294,61.70206042,0.836956522,-1.882352941,21.89705882,13986432
De'Anthony Melton,SG,PHI,24,77,50,27,2149.8,780,277,651,42.5,157,403,39,69,87,79.3,69,243,312,197,102,126,41,191,1849,0,0,102,10.12987013,4.051948052,2.558441558,1.324675325,1.636363636,0.532467532,2.480519481,56.58077994,1.931372549,1.324675325,24.01298701,8656922
Clint Capela,C,ATL,28,65,35,30,1730.1,779,350,536,65.3,0,1,0,79,131,60.3,258,459,717,58,54,45,79,139,2044,35,0,-30,11.98461538,11.03076923,0.892307692,0.830769231,0.692307692,1.215384615,2.138461538,65.61215552,1.074074074,-0.461538462,31.44615385,22940640
Tari Eason,F,HOU,21,82,22,60,1767.2,760,296,660,44.8,59,172,34.3,109,145,75.2,195,301,496,88,101,96,47,189,1815,7,0,-157,9.268292683,6.048780488,1.073170732,1.231707317,1.170731707,0.573170732,2.304878049,52.5006908,0.871287129,-1.914634146,22.13414634,4064312
Bogdan Bogdanovic,SG,ATL,30,54,27,27,1508.6,756,273,611,44.7,146,360,40.6,64,77,83.1,23,142,165,150,65,43,18,86,1297,0,0,64,14,3.055555556,2.777777778,1.203703704,0.796296296,0.333333333,1.592592593,58.61555638,2.307692308,1.185185185,24.01851852,17000000
Jalen McDaniels,PF,PHI,25,80,31,49,1912.9,755,281,617,45.5,77,232,33.2,116,138,84.1,63,283,346,130,93,83,34,209,1623,3,0,-149,9.4375,4.325,1.625,1.1625,1.0375,0.425,2.6125,55.70146963,1.397849462,-1.8625,20.2875,4628900
Zion Williamson,PF,NOP,22,29,17,12,956.1,754,285,469,60.8,7,19,36.8,177,248,71.4,58,144,202,133,99,32,16,65,1241,5,0,149,26,6.965517241,4.586206897,3.413793103,1.103448276,0.551724138,2.24137931,65.2113748,1.343434343,5.137931034,42.79310345,39446090
Grayson Allen,SG,MIL,27,72,53,19,1972.1,750,245,557,44,146,366,39.9,114,126,90.5,61,176,237,163,72,62,14,117,1435,0,0,227,10.41666667,3.291666667,2.263888889,1,0.861111111,0.194444444,1.625,61.23048788,2.263888889,3.152777778,19.93055556,9350000
Josh Hart,SG,NYK,28,76,42,34,2454,743,275,520,52.9,61,164,37.2,132,176,75,142,451,593,290,117,88,21,195,2100,10,0,315,9.776315789,7.802631579,3.815789474,1.539473684,1.157894737,0.276315789,2.565789474,62.18197643,2.478632479,4.144736842,27.63157895,12640000
Aaron Nesmith,SF,IND,23,73,30,43,1816.4,738,252,590,42.7,115,314,36.6,119,142,83.8,62,215,277,98,75,55,34,235,1409,1,0,-211,10.10958904,3.794520548,1.342465753,1.02739726,0.753424658,0.465753425,3.219178082,56.55345758,1.306666667,-2.890410959,19.30136986,4132054
Gordon Hayward,SF,CHA,33,50,20,30,1576.9,733,276,581,47.5,52,160,32.5,129,159,81.1,33,182,215,206,99,42,12,70,1363,2,0,-108,14.66,4.3,4.12,1.98,0.84,0.24,1.4,56.30146246,2.080808081,-2.16,27.26,30000000
Zach Collins,PF,SAS,25,63,20,43,1440.6,731,284,548,51.8,55,147,37.4,108,142,76.1,116,286,402,180,129,37,49,199,1612,9,0,-239,11.6031746,6.380952381,2.857142857,2.047619048,0.587301587,0.777777778,3.158730159,59.87092124,1.395348837,-3.793650794,25.58730159,7350000
Marcus Morris Sr.,SF,LAC,33,65,35,30,1825.1,728,274,643,42.6,112,307,36.5,68,87,78.2,29,229,258,114,56,42,21,136,1342,2,0,-16,11.2,3.969230769,1.753846154,0.861538462,0.646153846,0.323076923,2.092307692,53.42883983,2.035714286,-0.246153846,20.64615385,312297
Coby White,PG,CHI,23,74,37,37,1730.2,715,263,594,44.3,128,344,37.2,61,70,87.1,16,196,212,204,74,54,6,122,1381,1,0,143,9.662162162,2.864864865,2.756756757,1,0.72972973,0.081081081,1.648648649,57.21830986,2.756756757,1.932432432,18.66216216,12000000
Terance Mann,SG,LAC,26,81,44,37,1872.2,713,272,524,51.9,77,198,38.9,92,118,78,77,199,276,184,80,42,22,149,1432,1,0,2,8.802469136,3.407407407,2.271604938,0.987654321,0.518518519,0.271604938,1.839506173,61.90095847,2.3,0.024691358,17.67901235,11000000
Chris Boucher,PF,TOR,30,76,39,37,1523.5,712,261,529,49.3,62,189,32.8,128,168,76.2,157,264,421,29,41,47,64,143,1553,9,0,-18,9.368421053,5.539473684,0.381578947,0.539473684,0.618421053,0.842105263,1.881578947,59.04597625,0.707317073,-0.236842105,20.43421053,11750000
Andrew Nembhard,PG,IND,23,75,32,43,2073.5,709,284,644,44.1,92,263,35,49,62,79,35,164,199,341,126,70,13,179,1582,5,0,-263,9.453333333,2.653333333,4.546666667,1.68,0.933333333,0.173333333,2.386666667,52.80955786,2.706349206,-3.506666667,21.09333333,2145792
Rui Hachimura,PF,LAL,25,63,38,25,1466,707,284,584,48.6,51,160,31.9,88,119,73.9,53,230,283,58,53,19,26,72,1216,2,0,-28,11.22222222,4.492063492,0.920634921,0.841269841,0.301587302,0.412698413,1.142857143,55.55031743,1.094339623,-0.444444444,19.3015873,17000000
Daniel Gafford,C,WAS,24,78,32,46,1604.2,705,289,395,73.2,0,0,0,127,187,67.9,163,270,433,84,85,33,99,187,1662,10,0,-89,9.038461538,5.551282051,1.076923077,1.08974359,0.423076923,1.269230769,2.397435897,73.85601743,0.988235294,-1.141025641,21.30769231,13394160
Jaylen Nowell,SG,MIN,23,65,34,31,1251.7,704,280,625,44.8,67,232,28.9,77,99,77.8,36,134,170,132,65,42,5,101,1182,0,0,-8,10.83076923,2.615384615,2.030769231,1,0.646153846,0.076923077,1.553846154,52.65047266,2.030769231,-0.123076923,18.18461538,1930681
Devin Vassell,SG,SAS,22,38,12,26,1178.1,703,261,595,43.9,103,266,38.7,78,100,78,8,140,148,136,57,43,17,57,1208,0,0,-295,18.5,3.894736842,3.578947368,1.5,1.131578947,0.447368421,1.5,55.00782473,2.385964912,-7.763157895,31.78947368,4648375
Marcus Smart,PG,BOS,29,61,43,18,1956.8,703,250,602,41.5,115,342,33.6,88,118,74.6,46,145,191,382,143,93,23,172,1710,6,0,240,11.52459016,3.131147541,6.262295082,2.344262295,1.524590164,0.37704918,2.819672131,53.75275263,2.671328671,3.93442623,28.03278689,19121999
Naji Marshall,SF,NOP,25,77,40,37,1792,698,247,571,43.3,66,218,30.3,138,175,78.9,48,231,279,189,97,54,14,113,1423,0,0,6,9.064935065,3.623376623,2.454545455,1.25974026,0.701298701,0.181818182,1.467532468,53.85802469,1.948453608,0.077922078,18.48051948,1337821
Talen Horton-Tucker,SG,UTA,22,65,30,35,1313.2,698,257,613,41.9,58,203,28.6,126,168,75,41,169,210,246,126,41,29,108,1403,2,0,-8,10.73846154,3.230769231,3.784615385,1.938461538,0.630769231,0.446153846,1.661538462,50.80649857,1.952380952,-0.123076923,21.58461538,10260000
Deni Avdija,SF,WAS,22,76,33,43,2020.4,697,253,579,43.7,69,232,29.7,122,165,73.9,74,413,487,211,123,65,29,209,1757,11,0,-51,9.171052632,6.407894737,2.776315789,1.618421053,0.855263158,0.381578947,2.75,53.48373235,1.715447154,-0.671052632,23.11842105,5085337
Santi Aldama,PF,MEM,22,77,47,30,1681.7,696,247,525,47,94,266,35.3,108,144,75,85,286,371,97,60,45,48,143,1506,4,0,91,9.038961039,4.818181818,1.25974026,0.779220779,0.584415584,0.623376623,1.857142857,59.14746074,1.616666667,1.181818182,19.55844156,2560843
Jusuf Nurkic,C,POR,28,52,24,28,1391.4,694,262,505,51.9,43,119,36.1,127,192,66.1,114,357,471,149,119,43,44,185,1625,18,0,9,13.34615385,9.057692308,2.865384615,2.288461538,0.826923077,0.846153846,3.557692308,58.86544073,1.25210084,0.173076923,31.25,17500000
Reggie Jackson,PG,DEN,33,68,36,32,1656.9,693,263,640,41.1,96,288,33.3,71,78,91,25,119,144,233,115,47,6,114,1259,1,0,-79,10.19117647,2.117647059,3.426470588,1.691176471,0.691176471,0.088235294,1.676470588,51.38509906,2.026086957,-1.161764706,18.51470588,5125000
Isaiah Joe,SG,OKC,23,73,36,37,1395.3,691,224,508,44.1,161,394,40.9,82,100,82,27,148,175,88,39,48,8,105,1162,0,0,213,9.465753425,2.397260274,1.205479452,0.534246575,0.657534247,0.109589041,1.438356164,62.59057971,2.256410256,2.917808219,15.91780822,1999440
Ayo Dosunmu,SG,CHI,23,80,40,40,2097.6,687,281,570,49.3,59,189,31.2,66,82,80.5,45,175,220,206,99,62,26,182,1425,0,0,-77,8.5875,2.75,2.575,1.2375,0.775,0.325,2.275,56.67568638,2.080808081,-0.9625,17.8125,7000000
Collin Sexton,PG,UTA,24,48,24,24,1145.2,685,237,468,50.6,48,122,39.3,163,199,81.9,37,68,105,138,85,27,6,112,1032,1,0,-28,14.27083333,2.1875,2.875,1.770833333,0.5625,0.125,2.333333333,61.6495068,1.623529412,-0.583333333,21.5,17737500
Caleb Martin,SF,MIA,27,71,38,33,2077.7,683,254,548,46.4,84,236,35.6,91,113,80.5,88,256,344,117,79,71,31,145,1498,2,0,-9,9.61971831,4.845070423,1.647887324,1.112676056,1,0.436619718,2.042253521,57.13377501,1.481012658,-0.126760563,21.09859155,6802950
Walker Kessler,C,UTA,21,74,34,40,1703.2,679,298,414,72,1,3,33.3,82,159,51.6,231,389,620,69,58,26,173,169,2066,20,0,72,9.175675676,8.378378378,0.932432432,0.783783784,0.351351351,2.337837838,2.283783784,70.15042566,1.189655172,0.972972973,27.91891892,3343105
Donte DiVincenzo,SG,GSW,26,72,42,30,1894.4,678,235,540,43.5,150,378,39.7,58,71,81.7,80,245,325,252,112,97,10,133,1655,4,0,124,9.416666667,4.513888889,3.5,1.555555556,1.347222222,0.138888889,1.847222222,59.34458371,2.25,1.722222222,22.98611111,11717500
Malaki Branham,G,SAS,19,66,15,51,1549.6,673,269,611,44,77,255,30.2,58,70,82.9,28,153,181,127,76,33,7,115,1125,0,0,-364,10.1969697,2.742424242,1.924242424,1.151515152,0.5,0.106060606,1.742424242,52.43066376,1.671052632,-5.515151515,17.04545455,3544358
Royce O'Neale,PF,BKN,29,76,42,34,2409.2,671,229,593,38.6,163,419,38.9,50,69,72.5,55,329,384,283,114,65,49,239,1784,4,1,78,8.828947368,5.052631579,3.723684211,1.5,0.855263158,0.644736842,3.144736842,53.8212269,2.48245614,1.026315789,23.47368421,9000000
Cedi Osman,SF,CLE,28,77,48,29,1548.3,669,239,530,45.1,116,312,37.2,75,108,69.4,25,151,176,115,52,35,11,122,1139,1,0,228,8.688311688,2.285714286,1.493506494,0.675324675,0.454545455,0.142857143,1.584415584,57.92007203,2.211538462,2.961038961,14.79220779,7779711
Jonathan Kuminga,PF,GSW,20,67,38,29,1394.4,666,261,497,52.5,54,146,37,90,138,65.2,70,161,231,125,95,41,31,157,1252,1,0,-53,9.940298507,3.447761194,1.865671642,1.417910448,0.611940299,0.462686567,2.343283582,59.70738005,1.315789474,-0.791044776,18.68656716,6213837
Bones Hyland,PG,LAC,22,56,36,20,1085.5,659,228,571,39.9,117,315,37.1,86,102,84.3,20,115,135,172,82,39,15,96,1159,1,0,-129,11.76785714,2.410714286,3.071428571,1.464285714,0.696428571,0.267857143,1.714285714,53.50068195,2.097560976,-2.303571429,20.69642857,2201520
Doug McDermott,SF,SAS,31,64,19,45,1314.2,654,239,523,45.7,123,298,41.3,53,70,75.7,23,115,138,91,58,13,6,118,955,0,0,-237,10.21875,2.15625,1.421875,0.90625,0.203125,0.09375,1.84375,59.04658722,1.568965517,-3.703125,14.921875,13750000
Josh Richardson,SG,NOP,29,65,24,41,1529.6,654,239,554,43.1,107,293,36.5,69,81,85.2,41,134,175,174,86,69,20,117,1306,1,0,-161,10.06153846,2.692307692,2.676923077,1.323076923,1.061538462,0.307692308,1.8,55.45756733,2.023255814,-2.476923077,20.09230769,2971310
Lonnie Walker IV,G,LAL,24,56,27,29,1297,654,236,527,44.8,91,249,36.5,91,106,85.8,14,95,109,64,46,30,17,71,976,0,0,-207,11.67857143,1.946428571,1.142857143,0.821428571,0.535714286,0.303571429,1.267857143,57.004393,1.391304348,-3.696428571,17.42857143,2346614
Alec Burks,SG,DET,31,51,12,39,1122.4,652,200,459,43.6,99,239,41.4,153,188,81.4,19,139,158,114,58,38,8,98,1093,0,0,-7,12.78431373,3.098039216,2.235294118,1.137254902,0.745098039,0.156862745,1.921568627,60.1786901,1.965517241,-0.137254902,21.43137255,10012800
Jevon Carter,PG,MIL,27,81,57,24,1811.8,651,239,565,42.3,142,337,42.1,31,38,81.6,35,167,202,197,78,66,29,158,1396,1,0,63,8.037037037,2.49382716,2.432098765,0.962962963,0.814814815,0.358024691,1.950617284,55.95475486,2.525641026,0.777777778,17.2345679,6500000
Cameron Johnson,SF,BKN,27,42,25,17,1199.8,650,223,474,47,103,255,40.4,101,120,84.2,34,151,185,78,37,50,14,83,1144,1,0,155,15.47619048,4.404761905,1.857142857,0.880952381,1.19047619,0.333333333,1.976190476,61.69324222,2.108108108,3.69047619,27.23809524,23625000
T.J. McConnell,PG,IND,31,75,31,44,1526.4,650,283,521,54.3,26,59,44.1,58,68,85.3,45,189,234,397,143,81,10,105,1656,6,1,-62,8.666666667,3.12,5.293333333,1.906666667,1.08,0.133333333,1.4,58.99223118,2.776223776,-0.826666667,22.08,8400000
Herbert Jones,SF,NOP,24,66,31,35,1950.5,649,235,501,46.9,56,167,33.5,123,161,76.4,97,172,269,162,88,103,42,208,1562,0,0,150,9.833333333,4.075757576,2.454545455,1.333333333,1.560606061,0.636363636,3.151515152,56.74664242,1.840909091,2.272727273,23.66666667,1785000
Keita Bates-Diop,SF,SAS,27,67,18,49,1452.6,647,236,465,50.8,56,142,39.4,119,150,79.3,65,182,247,103,56,46,20,63,1240,0,0,-266,9.656716418,3.686567164,1.537313433,0.835820896,0.686567164,0.298507463,0.940298507,60.92278719,1.839285714,-3.970149254,18.50746269,2500629
Kyle Anderson,SF,MIN,29,69,36,33,1956.6,647,252,495,50.9,43,105,41,100,136,73.5,66,302,368,335,103,78,63,146,1911,10,3,91,9.376811594,5.333333333,4.855072464,1.492753623,1.130434783,0.913043478,2.115942029,58.30509696,3.252427184,1.31884058,27.69565217,9000000
Jalen Smith,PF,IND,23,68,31,37,1278.8,642,242,508,47.6,54,191,28.3,104,137,75.9,129,265,394,66,72,21,60,153,1385,7,0,-95,9.441176471,5.794117647,0.970588235,1.058823529,0.308823529,0.882352941,2.25,56.48623918,0.916666667,-1.397058824,20.36764706,5043773
Gabe Vincent,PG,MIA,26,68,37,31,1758.7,641,228,567,40.2,117,350,33.4,68,78,87.2,27,118,145,167,92,62,5,154,1175,0,0,-28,9.426470588,2.132352941,2.455882353,1.352941176,0.911764706,0.073529412,2.264705882,53.29940797,1.815217391,-0.411764706,17.27941176,11000000
Grant Williams,PF,BOS,24,79,55,24,2044.8,641,216,476,45.4,115,291,39.5,94,122,77,87,276,363,131,82,41,31,192,1407,3,0,206,8.113924051,4.594936709,1.658227848,1.037974684,0.518987342,0.392405063,2.430379747,60.50823138,1.597560976,2.607594937,17.81012658,13335375
AJ Griffin,F,ATL,19,72,34,38,1401.4,639,248,533,46.5,101,259,39,42,47,89.4,37,116,153,73,42,42,12,87,1052,0,0,63,8.875,2.125,1.013888889,0.583333333,0.583333333,0.166666667,1.208333333,57.70481144,1.738095238,0.875,14.61111111,3536160
Georges Niang,SF,PHI,29,78,51,27,1511.8,637,222,502,44.2,154,384,40.1,39,45,86.7,19,166,185,77,54,31,14,145,1056,0,0,75,8.166666667,2.371794872,0.987179487,0.692307692,0.397435897,0.179487179,1.858974359,61.03871215,1.425925926,0.961538462,13.53846154,8500000
Shake Milton,SG,PHI,26,76,52,24,1567.4,637,241,503,47.9,56,148,37.8,99,116,85.3,39,152,191,240,94,25,13,123,1246,3,0,144,8.381578947,2.513157895,3.157894737,1.236842105,0.328947368,0.171052632,1.618421053,57.48682406,2.553191489,1.894736842,16.39473684,552938
Monte Morris,PG,WAS,27,62,28,34,1696.1,636,247,515,48,78,204,38.2,64,77,83.1,26,184,210,326,60,43,13,75,1485,2,0,6,10.25806452,3.387096774,5.258064516,0.967741935,0.693548387,0.209677419,1.209677419,57.93616091,5.433333333,0.096774194,23.9516129,9258332
Bol Bol,C,ORL,23,70,26,44,1505.4,634,261,478,54.6,30,113,26.5,82,108,75.9,69,336,405,69,112,30,85,92,1457,6,0,-146,9.057142857,5.785714286,0.985714286,1.6,0.428571429,1.214285714,1.314285714,60.32120566,0.616071429,-2.085714286,20.81428571,2165000
Andrew Wiggins,SF,GSW,28,37,19,18,1190.3,633,250,529,47.3,89,225,39.6,44,72,61.1,61,125,186,85,48,45,28,107,1155,3,0,118,17.10810811,5.027027027,2.297297297,1.297297297,1.216216216,0.756756757,2.891891892,56.44931155,1.770833333,3.189189189,31.21621622,27250001
Jarred Vanderbilt,PF,LAL,24,78,43,35,1879.7,619,247,451,54.8,29,90,32.2,96,139,69.1,170,412,582,184,97,83,21,190,1808,10,0,-101,7.935897436,7.461538462,2.358974359,1.243589744,1.064102564,0.269230769,2.435897436,60.43033427,1.896907216,-1.294871795,23.17948718,4374000
Draymond Green,PF,GSW,33,73,41,32,2297.6,617,250,474,52.7,40,131,30.5,77,108,71.3,66,459,525,500,204,74,61,229,2198,11,0,346,8.452054795,7.191780822,6.849315068,2.794520548,1.01369863,0.835616438,3.136986301,59.15401135,2.450980392,4.739726027,30.10958904,25000000
Al Horford,C,BOS,36,63,44,19,1921.4,616,228,479,47.6,145,325,44.6,15,21,71.4,73,317,390,189,37,30,61,121,1604,7,0,309,9.777777778,6.19047619,3,0.587301587,0.476190476,0.968253968,1.920634921,63.08372931,5.108108108,4.904761905,25.46031746,9750000
Kyle Lowry,PG,MIA,37,55,30,25,1717.7,615,196,485,40.4,107,310,34.5,116,135,85.9,43,182,225,281,103,57,21,143,1438,2,1,55,11.18181818,4.090909091,5.109090909,1.872727273,1.036363636,0.381818182,2.6,56.48420279,2.72815534,1,26.14545455,2795839
Jeremy Sochan,F,SAS,19,56,15,41,1457.7,614,250,552,45.3,33,134,24.6,81,116,69.8,95,200,295,142,97,43,23,138,1282,2,0,-235,10.96428571,5.267857143,2.535714286,1.732142857,0.767857143,0.410714286,2.464285714,50.90872911,1.463917526,-4.196428571,22.89285714,5761688
Jalen Duren,C,DET,19,67,16,51,1670.1,612,258,398,64.8,0,2,0,96,157,61.1,229,366,595,75,92,44,59,182,1656,19,0,-279,9.134328358,8.880597015,1.119402985,1.373134328,0.656716418,0.880597015,2.71641791,65.51340242,0.815217391,-4.164179104,24.71641791,4868736
Cam Thomas,SG,BKN,21,57,30,27,947.6,604,201,456,44.1,51,133,38.3,151,174,86.8,8,87,95,78,63,20,7,55,853,0,0,-4,10.59649123,1.666666667,1.368421053,1.105263158,0.350877193,0.122807018,0.964912281,56.70722548,1.238095238,-0.070175439,14.96491228,2138160
Damion Lee,SG,PHX,30,74,40,34,1506.3,604,200,452,44.2,110,247,44.5,94,104,90.4,39,186,225,99,78,30,7,118,1056,0,0,79,8.162162162,3.040540541,1.337837838,1.054054054,0.405405405,0.094594595,1.594594595,60.67180971,1.269230769,1.067567568,14.27027027,2686788
Karl-Anthony Towns,C,MIN,27,29,15,14,957,602,212,428,49.5,60,164,36.6,118,135,87.4,48,188,236,140,86,20,17,111,1120,9,0,39,20.75862069,8.137931034,4.827586207,2.965517241,0.689655172,0.586206897,3.827586207,61.75625769,1.627906977,1.344827586,38.62068966,31650600
Moritz Wagner,C,ORL,26,57,27,30,1109.5,600,198,396,50,51,163,31.3,153,182,84.1,69,190,259,84,68,37,13,136,1119,3,0,-27,10.52631579,4.543859649,1.473684211,1.192982456,0.649122807,0.228070175,2.385964912,63.01461939,1.235294118,-0.473684211,19.63157895,8000000
Torrey Craig,SF,PHX,32,79,44,35,1947.8,588,228,500,45.6,100,253,39.5,32,45,71.1,145,281,426,117,73,50,62,179,1538,4,0,-177,7.443037975,5.392405063,1.481012658,0.924050633,0.632911392,0.784810127,2.265822785,56.56021547,1.602739726,-2.240506329,19.46835443,2686788
Thomas Bryant,C,DEN,25,59,33,26,1081.5,579,230,369,62.3,26,59,44.1,93,126,73.8,86,253,339,31,38,16,30,102,1132,9,0,-93,9.813559322,5.745762712,0.525423729,0.644067797,0.271186441,0.508474576,1.728813559,68.2075205,0.815789474,-1.576271186,19.18644068,2686788
Kevon Looney,F,GSW,27,82,44,38,1957.6,578,242,384,63,0,1,0,94,155,60.6,274,486,760,207,45,52,50,224,2062,14,0,157,7.048780488,9.268292683,2.524390244,0.548780488,0.634146341,0.609756098,2.731707317,63.90977444,4.6,1.914634146,25.14634146,7500000
Isaiah Stewart,C,DET,21,50,12,38,1414.1,567,195,441,44.2,67,205,32.7,110,149,73.8,115,288,403,70,68,20,34,133,1250,13,0,-226,11.34,8.06,1.4,1.36,0.4,0.68,2.66,55.96572963,1.029411765,-4.52,25,3774548
Joe Harris,SF,BKN,31,74,40,34,1527.2,562,201,440,45.7,142,333,42.6,18,28,64.3,23,141,164,101,41,34,13,140,1010,0,0,-24,7.594594595,2.216216216,1.364864865,0.554054054,0.459459459,0.175675676,1.891891892,62.12415989,2.463414634,-0.324324324,13.64864865,18642857
Trey Lyles,PF,SAC,27,74,43,31,1247.2,562,187,408,45.8,87,240,36.3,101,124,81.5,68,232,300,66,64,27,31,97,1131,1,0,105,7.594594595,4.054054054,0.891891892,0.864864865,0.364864865,0.418918919,1.310810811,60.74887582,1.03125,1.418918919,15.28378378,8000000
Reggie Bullock,SF,DAL,32,78,37,41,2364.5,561,192,470,40.9,151,397,38,26,37,70.3,32,251,283,108,36,54,13,166,1228,1,0,-87,7.192307692,3.628205128,1.384615385,0.461538462,0.692307692,0.166666667,2.128205128,57.68281648,3,-1.115384615,15.74358974,3196448
Seth Curry,SG,BKN,32,61,37,24,1210.7,561,208,449,46.3,94,232,40.5,51,55,92.7,13,87,100,99,51,36,7,96,908,0,0,-69,9.196721311,1.639344262,1.62295082,0.836065574,0.590163934,0.114754098,1.573770492,59.2772612,1.941176471,-1.131147541,14.8852459,4000000
Brandon Clarke,PF,MEM,26,56,32,24,1090.1,559,229,349,65.6,1,6,16.7,100,139,71.9,92,218,310,72,55,34,37,131,1197,6,0,-14,9.982142857,5.535714286,1.285714286,0.982142857,0.607142857,0.660714286,2.339285714,68.14413887,1.309090909,-0.25,21.375,12500000
Dorian Finney-Smith,PF,BKN,29,66,31,35,2008.8,551,196,501,39.1,114,338,33.7,45,59,76.3,114,202,316,100,62,55,36,144,1291,2,0,-8,8.348484848,4.787878788,1.515151515,0.939393939,0.833333333,0.545454545,2.181818182,52.28100805,1.612903226,-0.121212121,19.56060606,13890240
Jose Alvarado,PG,NOP,25,61,30,31,1310,550,201,489,41.1,83,247,33.6,65,80,81.3,28,113,141,186,81,67,10,125,1148,0,0,103,9.016393443,2.31147541,3.049180328,1.327868852,1.098360656,0.163934426,2.049180328,52.46089279,2.296296296,1.68852459,18.81967213,1722053
Josh Green,SG,DAL,22,60,27,33,1539.2,546,205,382,53.7,68,169,40.2,68,94,72.3,55,127,182,103,72,42,5,156,988,1,0,77,9.1,3.033333333,1.716666667,1.2,0.7,0.083333333,2.6,64.48412698,1.430555556,1.283333333,16.46666667,3409505
Luke Kennard,SG,MEM,26,59,37,22,1315.1,546,188,382,49.2,133,269,49.4,37,39,94.9,15,143,158,91,46,32,5,82,937,0,0,211,9.254237288,2.677966102,1.542372881,0.779661017,0.542372881,0.084745763,1.389830508,68.39362662,1.97826087,3.576271186,15.88135593,14000000
Jordan Nwora,SF,IND,24,62,36,26,1188.1,542,194,445,43.6,86,211,40.8,68,86,79.1,51,178,229,88,66,24,14,74,997,1,0,-252,8.741935484,3.693548387,1.419354839,1.064516129,0.387096774,0.225806452,1.193548387,56.126253,1.333333333,-4.064516129,16.08064516,2900000
Troy Brown Jr.,SF,LAL,23,76,40,36,1859.8,541,200,465,43,107,281,38.1,34,39,87.2,62,246,308,95,49,59,16,120,1229,2,0,-15,7.118421053,4.052631579,1.25,0.644736842,0.776315789,0.210526316,1.578947368,56.10170898,1.93877551,-0.197368421,16.17105263,4000000
Devonte' Graham,PG,SAS,28,73,31,42,1338.4,539,161,431,37.4,119,338,35.2,98,131,74.8,19,103,122,196,53,45,16,79,1109,0,0,-159,7.383561644,1.671232877,2.684931507,0.726027397,0.616438356,0.219178082,1.082191781,55.15307793,3.698113208,-2.178082192,15.19178082,11825000
Nick Richards,C,CHA,25,65,21,44,1217.7,532,197,313,62.9,1,1,100,137,183,74.9,147,269,416,38,59,11,71,154,1275,14,0,-113,8.184615385,6.4,0.584615385,0.907692308,0.169230769,1.092307692,2.369230769,67.59503964,0.644067797,-1.738461538,19.61538462,5000000
Josh Okogie,SF,PHX,24,72,38,34,1350.6,529,162,414,39.1,66,197,33.5,139,192,72.4,109,142,251,105,63,56,34,114,1195,2,0,106,7.347222222,3.486111111,1.458333333,0.875,0.777777778,0.472222222,1.583333333,53.06130637,1.666666667,1.472222222,16.59722222,2886336
Jalen Suggs,SG,ORL,21,53,20,33,1245.9,524,186,444,41.9,66,202,32.7,86,119,72.3,55,106,161,155,94,67,27,120,1138,0,0,-40,9.886792453,3.037735849,2.924528302,1.773584906,1.264150943,0.509433962,2.264150943,52.78426948,1.64893617,-0.754716981,21.47169811,7488926
Hamidou Diallo,SG,DET,24,56,12,44,995.9,522,215,375,57.3,5,21,23.8,87,148,58.8,57,137,194,55,71,53,16,124,973,0,0,-16,9.321428571,3.464285714,0.982142857,1.267857143,0.946428571,0.285714286,2.214285714,59.30200854,0.774647887,-0.285714286,17.375,5200000
Terrence Ross,G,PHX,32,63,27,36,1330.5,522,200,465,43,95,258,36.8,27,34,79.4,22,132,154,95,43,35,10,97,941,0,0,-76,8.285714286,2.444444444,1.507936508,0.682539683,0.555555556,0.158730159,1.53968254,54.37953163,2.209302326,-1.206349206,14.93650794,10581484
Drew Eubanks,PF,POR,26,78,31,47,1583.7,518,214,334,64.1,7,18,38.9,83,125,66.4,132,286,418,103,67,40,102,169,1533,3,0,-131,6.641025641,5.358974359,1.320512821,0.858974359,0.512820513,1.307692308,2.166666667,66.58097686,1.537313433,-1.679487179,19.65384615,2500629
Tre Mann,PG,OKC,22,67,31,36,1183.4,517,197,501,39.3,81,257,31.5,42,55,76.4,27,128,155,120,62,40,11,99,974,1,1,57,7.71641791,2.313432836,1.791044776,0.925373134,0.597014925,0.164179104,1.47761194,49.21934501,1.935483871,0.850746269,14.53731343,3511803
Sam Hauser,SF,BOS,25,80,55,25,1289.9,512,180,396,45.5,140,335,41.8,12,17,70.6,35,169,204,71,30,29,21,99,983,0,0,219,6.4,2.55,0.8875,0.375,0.3625,0.2625,1.2375,63.44800238,2.366666667,2.7375,12.2875,1886069
Kevin Love,PF,MIA,34,62,35,27,1239.5,509,165,424,38.9,99,296,33.4,80,91,87.9,59,340,399,116,70,16,12,97,1176,6,0,109,8.209677419,6.435483871,1.870967742,1.129032258,0.258064516,0.193548387,1.564516129,54.84440996,1.657142857,1.758064516,18.96774194,3931632
Precious Achiuwa,PF,TOR,23,55,30,25,1140.5,508,196,404,48.5,29,108,26.9,87,124,70.2,100,228,328,50,59,31,30,102,1101,10,0,-37,9.236363636,5.963636364,0.909090909,1.072727273,0.563636364,0.545454545,1.854545455,55.39078856,0.847457627,-0.672727273,20.01818182,3128282
Dwight Powell,C,DAL,31,76,37,39,1457.9,506,197,269,73.2,0,5,0,112,168,66.7,149,165,314,69,65,48,26,209,1143,1,0,166,6.657894737,4.131578947,0.907894737,0.855263158,0.631578947,0.342105263,2.75,73.77814067,1.061538462,2.184210526,15.03947368,4000000
Marvin Bagley III,PF,DET,24,42,7,35,990.5,504,202,382,52.9,19,66,28.8,81,108,75,94,175,269,36,46,19,30,81,982,8,0,-229,12,6.404761905,0.857142857,1.095238095,0.452380952,0.714285714,1.928571429,58.67014342,0.782608696,-5.452380952,23.38095238,12500000
Khris Middleton,SF,MIL,31,33,25,8,800.8,497,177,406,43.6,51,162,31.5,92,102,90.2,28,112,140,163,71,23,5,68,923,4,0,132,15.06060606,4.242424242,4.939393939,2.151515152,0.696969697,0.151515152,2.060606061,55.11444287,2.295774648,4,27.96969697,31000000
Obi Toppin,PF,NYK,25,67,37,30,1050.5,497,187,419,44.6,85,247,34.4,38,47,80.9,29,158,187,66,38,23,12,68,887,0,0,57,7.417910448,2.791044776,0.985074627,0.567164179,0.343283582,0.179104478,1.014925373,56.518377,1.736842105,0.850746269,13.23880597,5529623
Kendrick Nunn,G,WAS,27,70,30,40,963.4,496,191,450,42.4,79,223,35.4,35,41,85.4,15,94,109,90,66,28,7,66,801,0,0,-54,7.085714286,1.557142857,1.285714286,0.942857143,0.4,0.1,0.942857143,52.98692419,1.363636364,-0.771428571,11.44285714,5250000
Cameron Payne,PG,PHX,28,48,27,21,968.3,493,188,453,41.5,68,185,36.8,49,64,76.6,12,94,106,214,81,33,8,88,983,3,0,77,10.27083333,2.208333333,4.458333333,1.6875,0.6875,0.166666667,1.833333333,51.23035996,2.641975309,1.604166667,20.47916667,2891467
Taurean Prince,PF,MIN,29,54,31,23,1192.5,493,177,379,46.7,74,194,38.1,65,77,84.4,15,117,132,84,69,28,15,123,837,0,0,0,9.12962963,2.444444444,1.555555556,1.277777778,0.518518519,0.277777778,2.277777778,59.70257702,1.217391304,0,15.5,4516000
Isaac Okoro,SF,CLE,22,76,48,28,1652.6,490,175,354,49.4,62,171,36.3,78,103,75.7,52,135,187,87,42,56,30,158,1061,0,0,126,6.447368421,2.460526316,1.144736842,0.552631579,0.736842105,0.394736842,2.078947368,61.35430231,2.071428571,1.657894737,13.96052632,7270829
Aaron Wiggins,SG,OKC,24,70,37,33,1297.4,479,186,363,51.2,48,122,39.3,59,71,83.1,68,143,211,80,56,39,15,110,958,1,0,9,6.842857143,3.014285714,1.142857143,0.8,0.557142857,0.214285714,1.571428571,60.74979708,1.428571429,0.128571429,13.68571429,1597053
Nicolas Batum,PF,LAC,34,78,44,34,1709.6,478,160,381,42,124,317,39.1,34,48,70.8,62,237,299,121,50,54,44,149,1262,0,0,165,6.128205128,3.833333333,1.551282051,0.641025641,0.692307692,0.564102564,1.91025641,59.43499453,2.42,2.115384615,16.17948718,11277084
Dennis Smith Jr.,PG,CHA,25,54,19,35,1389.8,474,186,452,41.2,24,111,21.6,78,106,73.6,27,140,167,261,82,75,25,122,1284,1,0,-70,8.777777778,3.092592593,4.833333333,1.518518519,1.388888889,0.462962963,2.259259259,47.52927964,3.182926829,-1.296296296,23.77777778,2528233
Ochai Agbaji,G,UTA,23,59,29,30,1209.2,467,165,386,42.7,81,228,35.5,56,69,81.2,43,78,121,67,41,16,15,99,765,0,0,-19,7.915254237,2.050847458,1.13559322,0.694915254,0.271186441,0.254237288,1.677966102,56.08127582,1.634146341,-0.322033898,12.96610169,4681591
David Roddy,F,MEM,22,70,44,26,1258.5,466,180,420,42.9,65,212,30.7,41,65,63.1,50,143,193,59,57,29,19,107,873,0,0,-61,6.657142857,2.757142857,0.842857143,0.814285714,0.414285714,0.271428571,1.528571429,51.93936692,1.035087719,-0.871428571,12.47142857,3246472
Pat Connaughton,SG,MIL,30,61,43,18,1442.7,466,165,421,39.2,109,322,33.9,27,41,65.9,50,233,283,77,33,37,11,69,1032,2,0,134,7.639344262,4.639344262,1.262295082,0.540983607,0.606557377,0.180327869,1.131147541,53.07033528,2.333333333,2.196721311,16.91803279,9423869
Trendon Watford,PF,POR,22,62,26,36,1181.6,459,181,323,56,25,64,39.1,72,100,72,42,196,238,130,71,32,12,118,1001,3,0,-181,7.403225806,3.838709677,2.096774194,1.14516129,0.516129032,0.193548387,1.903225806,62.53405995,1.830985915,-2.919354839,16.14516129,2019706
Jock Landale,C,PHX,27,69,35,34,978.5,456,178,337,52.8,21,84,25,79,105,75.2,119,161,280,68,59,16,30,126,973,3,0,141,6.608695652,4.057971014,0.985507246,0.855072464,0.231884058,0.434782609,1.826086957,59.49895616,1.152542373,2.043478261,14.10144928,8000000
Isaiah Jackson,SF,IND,21,63,24,39,1042.3,455,179,318,56.3,2,14,14.3,95,146,65.1,113,169,282,51,51,31,93,154,1191,5,0,-124,7.222222222,4.476190476,0.80952381,0.80952381,0.492063492,1.476190476,2.444444444,59.51758058,1,-1.968253968,18.9047619,3039165
Davion Mitchell,PG,SAC,24,80,47,33,1447,450,181,399,45.4,63,197,32,25,31,80.6,16,89,105,185,62,44,15,112,969,0,0,1,5.625,1.3125,2.3125,0.775,0.55,0.1875,1.4,54.52694843,2.983870968,0.0125,12.1125,5237879
James Wiseman,C,DET,22,45,11,34,867.2,450,189,339,55.8,4,20,20,68,97,70.1,73,194,267,30,51,7,27,108,866,8,0,-327,10,5.933333333,0.666666667,1.133333333,0.155555556,0.6,2.4,58.94990568,0.588235294,-7.266666667,19.24444444,9904960
Victor Oladipo,SG,MIA,30,42,23,19,1105.6,449,160,403,39.7,70,212,33,59,79,74.7,16,112,128,146,87,57,12,99,942,0,0,-35,10.69047619,3.047619048,3.476190476,2.071428571,1.357142857,0.285714286,2.357142857,51.28380848,1.67816092,-0.833333333,22.42857143,8750000
Larry Nance Jr.,PF,NOP,30,65,34,31,1380.8,441,186,305,61,14,42,33.3,55,79,69.6,106,248,354,119,42,56,37,133,1281,3,0,185,6.784615385,5.446153846,1.830769231,0.646153846,0.861538462,0.569230769,2.046153846,64.89875206,2.833333333,2.846153846,19.70769231,10790000
Jeff Green,PF,DEN,36,56,33,23,1091.1,437,160,328,48.8,30,104,28.8,87,117,74.4,38,106,144,69,46,18,17,99,772,0,0,-193,7.803571429,2.571428571,1.232142857,0.821428571,0.321428571,0.303571429,1.767857143,57.57879203,1.5,-3.446428571,13.78571429,8000000
Mitchell Robinson,C,NYK,25,59,35,24,1588.8,435,188,280,67.1,0,0,0,59,122,48.4,267,288,555,53,41,56,109,160,1635,13,0,185,7.372881356,9.406779661,0.898305085,0.694915254,0.949152542,1.847457627,2.711864407,65.1822105,1.292682927,3.13559322,27.71186441,15000000
Terence Davis,SG,SAC,25,64,38,26,841,431,154,364,42.3,89,243,36.6,34,43,79.1,20,119,139,67,53,43,12,104,810,0,0,47,6.734375,2.171875,1.046875,0.828125,0.671875,0.1875,1.625,56.27807375,1.264150943,0.734375,12.65625,4000000
Xavier Tillman,F,MEM,24,61,40,21,1180.1,429,188,306,61.4,4,15,26.7,49,89,55.1,121,186,307,96,44,58,29,97,1158,4,0,-1,7.032786885,5.032786885,1.573770492,0.721311475,0.950819672,0.475409836,1.590163934,62.14509213,2.181818182,-0.016393443,18.98360656,1632821
Cory Joseph,PG,DET,31,62,12,50,1227.4,427,150,351,42.7,70,180,38.9,57,72,79.2,21,85,106,217,56,34,9,88,953,0,0,-110,6.887096774,1.709677419,3.5,0.903225806,0.548387097,0.14516129,1.419354839,55.790739,3.875,-1.774193548,15.37096774,5155500
Kenrich Williams,SF,OKC,28,53,26,27,1206,425,179,346,51.7,50,134,37.3,17,39,43.6,97,164,261,105,32,45,14,112,1041,2,0,75,8.018867925,4.924528302,1.981132075,0.603773585,0.849056604,0.264150943,2.113207547,58.51415354,3.28125,1.41509434,19.64150943,6792500
Jaden Hardy,G,DAL,20,48,20,28,708.4,420,146,333,43.8,63,156,40.4,65,79,82.3,11,78,89,65,46,17,7,64,650,0,0,-32,8.75,1.854166667,1.354166667,0.958333333,0.354166667,0.145833333,1.333333333,57.10245812,1.413043478,-0.666666667,13.54166667,1585781
Anthony Lamb,F,GSW,25,62,36,26,1195,415,148,314,47.1,73,199,36.7,46,60,76.7,56,159,215,96,54,28,20,134,907,0,0,32,6.693548387,3.467741935,1.548387097,0.870967742,0.451612903,0.322580645,2.161290323,60.95769683,1.777777778,0.516129032,14.62903226,253254
Kevin Knox II,SF,POR,23,63,12,51,951.7,415,152,332,45.8,65,186,34.9,46,60,76.7,34,143,177,33,50,24,12,95,735,2,0,-226,6.587301587,2.80952381,0.523809524,0.793650794,0.380952381,0.19047619,1.507936508,57.89620536,0.66,-3.587301587,11.66666667,3000000
Patrick Beverley,PG,CHI,34,67,34,33,1816.5,415,144,360,40,80,239,33.5,47,65,72.3,44,203,247,194,60,63,41,187,1254,2,0,-80,6.194029851,3.686567164,2.895522388,0.895522388,0.940298507,0.611940299,2.791044776,53.39680906,3.233333333,-1.194029851,18.71641791,3196448
Jordan Goodwin,G,WAS,24,62,22,40,1105.4,407,158,353,44.8,38,118,32.2,53,69,76.8,57,148,205,168,57,58,26,95,1100,0,0,-117,6.564516129,3.306451613,2.709677419,0.919354839,0.935483871,0.419354839,1.532258065,53.08326377,2.947368421,-1.887096774,17.74193548,900000
Isaiah Hartenstein,C,NYK,24,82,47,35,1628.2,406,175,327,53.5,8,37,21.6,48,71,67.6,209,327,536,102,66,53,64,213,1487,2,0,151,4.951219512,6.536585366,1.243902439,0.804878049,0.646341463,0.780487805,2.597560976,56.66592229,1.545454545,1.841463415,18.13414634,8000000
Andre Drummond,C,CHI,29,67,32,35,849.1,399,166,274,60.6,0,3,0,67,125,53.6,138,306,444,33,75,45,27,117,1122,8,0,25,5.955223881,6.626865672,0.492537313,1.119402985,0.671641791,0.402985075,1.746268657,60.63829787,0.44,0.373134328,16.74626866,3280000
Oshae Brissett,SF,IND,24,65,27,38,1083.2,398,123,319,38.6,48,155,31,104,145,71.7,62,156,218,44,34,33,13,79,830,1,0,22,6.123076923,3.353846154,0.676923077,0.523076923,0.507692308,0.2,1.215384615,51.98537095,1.294117647,0.338461538,12.76923077,2314473
Gary Harris,SG,ORL,28,48,22,26,1184.4,397,138,307,45,94,218,43.1,27,30,90,21,77,98,59,28,45,12,93,746,0,0,-84,8.270833333,2.041666667,1.229166667,0.583333333,0.9375,0.25,1.9375,61.99250468,2.107142857,-1.75,15.54166667,13000000
Jalen Johnson,SF,ATL,21,70,35,35,1041.6,395,158,322,49.1,30,104,28.8,49,78,62.8,51,231,282,83,41,38,34,113,1033,1,0,-10,5.642857143,4.028571429,1.185714286,0.585714286,0.542857143,0.485714286,1.614285714,55.42770543,2.024390244,-0.142857143,14.75714286,3222146
Cam Reddish,SF,POR,23,40,14,26,989.6,387,139,312,44.6,45,144,31.3,64,75,85.3,18,70,88,57,47,39,14,72,690,0,0,-193,9.675,2.2,1.425,1.175,0.975,0.35,1.8,56.08695652,1.212765957,-4.825,17.25,2314473
Mark Williams,C,CHA,21,43,18,25,828,387,160,251,63.7,0,0,0,67,97,69.1,93,211,304,18,40,28,45,94,958,11,0,-79,9,7.069767442,0.418604651,0.930232558,0.651162791,1.046511628,2.186046512,65.88804141,0.45,-1.837209302,22.27906977,4500253
John Wall,PG,LAC,32,34,15,19,754.7,386,138,339,40.7,33,109,30.3,77,113,68.1,14,78,92,178,80,27,12,59,800,1,0,-106,11.35294118,2.705882353,5.235294118,2.352941176,0.794117647,0.352941176,1.735294118,49.65013377,2.225,-3.117647059,23.52941176,40866760
Mike Muscala,C,BOS,31,63,32,31,945.1,383,131,292,44.9,81,207,39.1,40,52,76.9,37,166,203,50,23,15,24,98,796,0,0,204,6.079365079,3.222222222,0.793650794,0.365079365,0.238095238,0.380952381,1.555555556,60.81681911,2.173913043,3.238095238,12.63492063,808297
Will Barton,G,TOR,32,56,27,29,993,379,138,364,37.9,66,180,36.7,37,47,78.7,15,122,137,112,48,28,13,56,786,0,0,-168,6.767857143,2.446428571,2,0.857142857,0.5,0.232142857,1,49.26172403,2.333333333,-3,14.03571429,14375000
Edmond Sumner,PG,BKN,27,53,33,20,736.2,378,124,269,46.1,31,87,35.6,99,108,91.7,13,66,79,68,50,31,10,83,648,0,0,25,7.132075472,1.490566038,1.283018868,0.943396226,0.58490566,0.188679245,1.566037736,59.71186655,1.36,0.471698113,12.22641509,1968175
Alex Caruso,SG,CHI,29,67,33,34,1575.4,374,130,286,45.5,55,151,36.4,59,73,80.8,42,154,196,193,77,98,46,159,1254,1,0,199,5.582089552,2.925373134,2.880597015,1.149253731,1.462686567,0.686567164,2.373134328,58.78284924,2.506493506,2.970149254,18.71641791,9245000
Josh Christopher,SG,HOU,21,64,16,48,786.2,372,153,329,46.5,21,89,23.6,45,60,75,20,51,71,73,60,33,15,59,651,0,0,-225,5.8125,1.109375,1.140625,0.9375,0.515625,0.234375,0.921875,52.33539674,1.216666667,-3.515625,10.171875,2372160
Wenyen Gabriel,F,LAL,26,68,37,31,1023.8,372,155,260,59.6,10,36,27.8,52,84,61.9,116,170,286,36,46,26,35,144,906,0,0,-32,5.470588235,4.205882353,0.529411765,0.676470588,0.382352941,0.514705882,2.117647059,62.63469828,0.782608696,-0.470588235,13.32352941,1878120
Delon Wright,SG,WAS,31,50,26,24,1221.2,369,138,291,47.4,41,119,34.5,52,60,86.7,58,122,180,194,44,92,17,59,1159,0,0,69,7.38,3.6,3.88,0.88,1.84,0.34,1.18,58.12854442,4.409090909,1.38,23.18,947205
JaMychal Green,F,GSW,32,57,30,27,796.7,366,136,252,54,42,111,37.8,52,67,77.6,72,133,205,51,52,25,23,105,781,0,0,-156,6.421052632,3.596491228,0.894736842,0.912280702,0.438596491,0.403508772,1.842105263,65.01350007,0.980769231,-2.736842105,13.70175439,5571403
Goran Dragic,PG,MIL,36,58,27,31,870,365,141,335,42.1,52,145,35.9,31,45,68.9,16,65,81,151,63,13,4,65,677,0,0,5,6.293103448,1.396551724,2.603448276,1.086206897,0.224137931,0.068965517,1.120689655,51.43742954,2.396825397,0.086206897,11.67241379,1836090
John Konchar,SG,MEM,27,72,45,27,1493.8,364,138,320,43.1,60,177,33.9,28,36,77.8,64,246,310,100,37,77,25,112,1155,2,0,209,5.055555556,4.305555556,1.388888889,0.513888889,1.069444444,0.347222222,1.555555556,54.19247261,2.702702703,2.902777778,16.04166667,2250000
Nickeil Alexander-Walker,SG,MIN,24,59,29,30,883.9,363,131,295,44.4,61,159,38.4,40,60,66.7,15,86,101,108,55,32,21,88,750,0,0,-51,6.152542373,1.711864407,1.830508475,0.93220339,0.542372881,0.355932203,1.491525424,56.47168637,1.963636364,-0.86440678,12.71186441,4500000
Chris Duarte,SG,IND,25,46,19,27,897.2,362,123,333,36.9,55,174,31.6,61,72,84.7,19,96,115,64,41,25,9,65,657,0,0,-114,7.869565217,2.5,1.391304348,0.891304348,0.543478261,0.195652174,1.413043478,49.63255457,1.56097561,-2.47826087,14.2826087,4426132
Dario Saric,PF,OKC,29,57,26,31,806,362,127,277,45.8,45,115,39.1,63,76,82.9,53,154,207,74,55,20,7,99,747,2,0,37,6.350877193,3.631578947,1.298245614,0.964912281,0.350877193,0.122807018,1.736842105,58.30434222,1.345454545,0.649122807,13.10526316,2709849
Steven Adams,C,MEM,29,42,28,14,1133.3,361,157,263,59.7,0,1,0,47,129,36.4,214,271,485,97,79,36,46,98,1256,15,0,243,8.595238095,11.54761905,2.30952381,1.880952381,0.857142857,1.095238095,2.333333333,56.44858644,1.227848101,5.785714286,29.9047619,12600000
Christian Braun,G,DEN,22,76,49,27,1181.1,360,143,289,49.5,34,96,35.4,40,64,62.5,48,133,181,59,35,41,17,101,805,0,0,-114,4.736842105,2.381578947,0.776315789,0.460526316,0.539473684,0.223684211,1.328947368,56.75368899,1.685714286,-1.5,10.59210526,3442289
Nassir Little,SF,POR,23,54,22,32,976.1,359,134,303,44.2,58,158,36.7,33,46,71.7,27,114,141,50,36,20,20,66,687,0,0,-190,6.648148148,2.611111111,0.925925926,0.666666667,0.37037037,0.37037037,1.222222222,55.53149363,1.388888889,-3.518518519,12.72222222,7000000
Isaiah Livers,PF,DET,24,52,10,42,1198.7,346,120,288,41.7,74,203,36.5,32,39,82.1,28,115,143,41,30,28,28,103,717,1,0,-202,6.653846154,2.75,0.788461538,0.576923077,0.538461538,0.538461538,1.980769231,56.69157163,1.366666667,-3.884615385,13.78846154,1563518
Landry Shamet,SG,PHX,26,40,19,21,806.9,346,113,300,37.7,75,199,37.7,45,51,88.2,11,56,67,93,36,26,5,61,623,0,0,38,8.65,1.675,2.325,0.9,0.65,0.125,1.525,53.65339288,2.583333333,0.95,15.575,10625000
Lamar Stevens,F,CLE,25,62,39,23,1120.5,328,129,288,44.8,30,95,31.6,40,57,70.2,48,159,207,33,27,27,19,79,737,1,0,6,5.290322581,3.338709677,0.532258065,0.435483871,0.435483871,0.306451613,1.274193548,52.38277756,1.222222222,0.096774194,11.88709677,2092354
Simone Fontecchio,F,UTA,27,52,25,27,765.8,328,115,312,36.9,63,191,33,35,44,79.5,31,55,86,42,39,15,8,62,524,0,0,-205,6.307692308,1.653846154,0.807692308,0.75,0.288461538,0.153846154,1.192307692,49.49299855,1.076923077,-3.942307692,10.07692308,3125000
Mo Bamba,C,LAL,24,49,25,24,768.4,323,117,241,48.5,48,124,38.7,41,62,66.1,58,167,225,46,30,13,43,105,800,2,0,8,6.591836735,4.591836735,0.93877551,0.612244898,0.265306122,0.87755102,2.142857143,60.19830028,1.533333333,0.163265306,16.32653061,10300000
Yuta Watanabe,SF,BKN,28,58,30,28,927.8,322,114,232,49.1,60,135,44.4,34,47,72.3,30,111,141,48,22,25,17,80,667,0,0,-7,5.551724138,2.431034483,0.827586207,0.379310345,0.431034483,0.293103448,1.379310345,63.71695425,2.181818182,-0.120689655,11.5,2500629
Chimezie Metu,PF,SAC,26,66,41,25,689,321,129,219,58.9,9,38,23.7,54,73,74,47,151,198,40,32,22,21,81,716,0,0,88,4.863636364,3,0.606060606,0.484848485,0.333333333,0.318181818,1.227272727,63.91366677,1.25,1.333333333,10.84848485,1435213
Montrezl Harrell,C,PHI,29,57,35,22,681.1,320,125,209,59.8,0,6,0,70,101,69.3,67,92,159,33,35,17,25,75,651,1,0,19,5.614035088,2.789473684,0.578947368,0.614035088,0.298245614,0.438596491,1.315789474,63.13131313,0.942857143,0.333333333,11.42105263,2463490
Derrick Jones Jr.,SF,CHI,26,64,29,35,893.4,319,115,230,50,27,80,33.8,62,84,73.8,60,93,153,34,25,29,37,86,727,0,0,122,4.984375,2.390625,0.53125,0.390625,0.453125,0.578125,1.34375,59.74677854,1.36,1.90625,11.359375,2709849
Joe Ingles,SG,MIL,35,46,32,14,1043.5,317,108,248,43.5,83,203,40.9,18,21,85.7,13,115,128,150,55,33,6,74,758,1,0,80,6.891304348,2.782608696,3.260869565,1.195652174,0.717391304,0.130434783,1.608695652,61.61561188,2.727272727,1.739130435,16.47826087,11000000
T.J. Warren,SF,PHX,29,42,26,16,686.7,314,132,270,48.9,22,67,32.8,28,35,80,26,95,121,40,20,22,12,65,601,0,0,55,7.476190476,2.880952381,0.952380952,0.476190476,0.523809524,0.285714286,1.547619048,55.01051156,2,1.30952381,14.30952381,317307
Ty Jerome,SG,GSW,25,45,22,23,815.6,309,118,242,48.8,35,90,38.9,38,41,92.7,7,71,78,135,30,23,5,64,659,0,0,-92,6.866666667,1.733333333,3,0.666666667,0.511111111,0.111111111,1.422222222,59.41393632,4.5,-2.044444444,14.64444444,2500000
Moses Moody,SG,GSW,20,63,37,26,817.1,302,108,227,47.6,49,135,36.3,37,53,69.8,28,77,105,51,34,18,7,54,546,0,0,-7,4.793650794,1.666666667,0.80952381,0.53968254,0.285714286,0.111111111,0.857142857,60.32278683,1.5,-0.111111111,8.666666667,4256027
R.J. Hampton,PG,DET,22,47,9,38,749.6,302,102,237,43,41,116,35.3,57,76,75,18,69,87,54,42,27,9,51,553,0,0,-140,6.425531915,1.85106383,1.14893617,0.893617021,0.574468085,0.191489362,1.085106383,55.83493566,1.285714286,-2.978723404,11.76595745,2412840
Romeo Langford,SG,SAS,23,43,14,29,844.3,297,121,259,46.7,16,61,26.2,39,56,69.6,57,57,114,50,30,24,13,67,590,0,0,-180,6.906976744,2.651162791,1.162790698,0.697674419,0.558139535,0.302325581,1.558139535,52.35509801,1.666666667,-4.186046512,13.72093023,5634257
Vlatko Cancar,SF,DEN,26,60,38,22,889,297,108,227,47.6,43,115,37.4,38,41,92.7,24,104,128,80,37,22,14,84,642,1,0,-66,4.95,2.133333333,1.333333333,0.616666667,0.366666667,0.233333333,1.4,60.60235064,2.162162162,-1.1,10.7,2271775
Theo Maledon,PG,CHA,21,44,14,30,853.7,295,102,254,40.2,28,95,29.5,63,74,85.1,14,109,123,152,59,37,12,61,759,1,0,-147,6.704545455,2.795454545,3.454545455,1.340909091,0.840909091,0.272727273,1.386363636,51.47264098,2.576271186,-3.340909091,17.25,1900000
Matisse Thybulle,SG,POR,26,71,38,33,1200.4,293,110,253,43.5,54,148,36.5,19,28,67.9,40,100,140,53,24,83,32,113,862,0,0,-14,4.126760563,1.971830986,0.746478873,0.338028169,1.169014085,0.450704225,1.591549296,55.21634253,2.208333333,-0.197183099,12.14084507,11025000
Rudy Gay,SF,UTA,36,56,29,27,815.6,293,109,288,37.8,33,131,25.2,42,49,85.7,33,130,163,57,37,19,18,68,648,0,0,57,5.232142857,2.910714286,1.017857143,0.660714286,0.339285714,0.321428571,1.214285714,47.32523582,1.540540541,1.017857143,11.57142857,6184500
Jeremiah Robinson-Earl,PF,OKC,22,43,16,27,813.7,292,110,248,44.4,37,111,33.3,35,42,83.3,71,109,180,43,19,24,11,71,659,1,0,-10,6.790697674,4.186046512,1,0.441860465,0.558139535,0.255813953,1.651162791,54.78835185,2.263157895,-0.23255814,15.3255814,1422907
Ben Simmons,PG,BKN,26,42,24,18,1105,291,133,235,56.6,0,2,0,25,57,43.9,40,223,263,256,97,54,24,139,1128,4,1,40,6.928571429,6.261904762,6.095238095,2.30952381,1.285714286,0.571428571,3.30952381,55.94432482,2.639175258,0.952380952,26.85714286,35448672
Kris Dunn,G,UTA,29,22,8,14,567.5,290,116,216,53.7,17,36,47.2,41,53,77.4,9,91,100,124,35,25,10,58,666,3,0,-62,13.18181818,4.545454545,5.636363636,1.590909091,1.136363636,0.454545455,2.636363636,60.58833361,3.542857143,-2.818181818,30.27272727,1661242
Jaylin Williams,F,OKC,20,49,23,26,914.2,288,102,234,43.6,46,113,40.7,38,54,70.4,44,197,241,76,37,28,12,111,774,0,0,-90,5.87755102,4.918367347,1.551020408,0.755102041,0.571428571,0.244897959,2.265306122,55.86592179,2.054054054,-1.836734694,15.79591837,2051850
Robert Covington,PF,LAC,32,48,20,28,778.6,288,102,229,44.5,54,136,39.7,30,40,75,31,135,166,57,32,38,33,86,754,0,0,-7,6,3.458333333,1.1875,0.666666667,0.791666667,0.6875,1.791666667,58.39416058,1.78125,-0.145833333,15.70833333,12000000
Paul Reed,SF,PHI,23,69,44,25,755.2,287,124,209,59.3,1,6,16.7,38,51,74.5,112,150,262,27,45,45,51,123,885,5,0,-17,4.15942029,3.797101449,0.391304348,0.652173913,0.652173913,0.739130435,1.782608696,62.00311096,0.6,-0.246376812,12.82608696,7851717
Jae'Sean Tate,SF,HOU,27,31,7,24,677.5,283,110,229,48,13,46,28.3,50,69,72.5,41,77,118,84,47,21,7,106,588,0,0,-94,9.129032258,3.806451613,2.709677419,1.516129032,0.677419355,0.225806452,3.419354839,54.55737199,1.787234043,-3.032258065,18.96774194,7065217
Robert Williams III,C,BOS,25,35,24,11,823.5,279,127,170,74.7,0,1,0,25,41,61,104,188,292,50,34,22,48,68,880,6,0,173,7.971428571,8.342857143,1.428571429,0.971428571,0.628571429,1.371428571,1.942857143,74.18634333,1.470588235,4.942857143,25.14285714,12000000
Eugene Omoruyi,F,DET,26,40,10,30,645.3,278,101,228,44.3,25,89,28.1,51,75,68,43,68,111,28,34,28,3,91,512,0,0,-41,6.95,2.775,0.7,0.85,0.7,0.075,2.275,53.25670498,0.823529412,-1.025,12.8,1548485
Zeke Nnaji,PF,DEN,22,53,34,19,727.8,277,110,196,56.1,17,65,26.2,40,62,64.5,65,73,138,18,31,17,23,105,559,1,0,-97,5.226415094,2.603773585,0.339622642,0.58490566,0.320754717,0.433962264,1.981132075,62.02973845,0.580645161,-1.830188679,10.54716981,2950670
Aleksej Pokusevski,F,OKC,21,34,16,18,701.3,276,108,249,43.4,38,104,36.5,22,35,62.9,45,114,159,64,43,20,43,58,709,3,0,-196,8.117647059,4.676470588,1.882352941,1.264705882,0.588235294,1.264705882,1.705882353,52.19364599,1.488372093,-5.764705882,20.85294118,1419214
Payton Pritchard,PG,BOS,25,48,32,16,642.8,270,101,245,41.2,56,154,36.4,12,16,75,25,63,88,64,40,14,1,37,477,1,1,12,5.625,1.833333333,1.333333333,0.833333333,0.291666667,0.020833333,0.770833333,53.56292652,1.6,0.25,9.9375,2612430
Danuel House Jr.,SF,PHI,29,56,38,18,807,268,93,197,47.2,37,110,33.6,45,60,75,9,85,94,44,26,14,9,69,490,0,0,-16,4.785714286,1.678571429,0.785714286,0.464285714,0.25,0.160714286,1.232142857,59.9820949,1.692307692,-0.285714286,8.75,4105000
Duncan Robinson,F,MIA,29,42,19,23,690.5,268,88,237,37.1,63,192,32.8,29,32,90.6,8,61,69,46,28,14,0,77,434,0,0,-56,6.380952381,1.642857143,1.095238095,0.666666667,0.333333333,0,1.833333333,53.369444,1.642857143,-1.333333333,10.33333333,18000000
MarJon Beauchamp,F,MIL,22,52,34,18,701.4,266,96,243,39.5,47,142,33.1,27,37,73,38,77,115,35,45,21,7,70,496,0,0,-99,5.115384615,2.211538462,0.673076923,0.865384615,0.403846154,0.134615385,1.346153846,51.29589633,0.777777778,-1.903846154,9.538461538,3152399
P.J. Tucker,PF,PHI,37,75,48,27,1920.1,266,96,225,42.7,55,140,39.3,19,23,82.6,95,200,295,60,44,39,15,180,828,0,0,135,3.546666667,3.933333333,0.8,0.586666667,0.52,0.2,2.4,56.56685948,1.363636364,1.8,11.04,11014500
Bismack Biyombo,C,PHX,30,61,33,28,874.1,263,119,206,57.8,0,0,0,25,70,35.7,89,171,260,56,51,18,88,114,926,3,0,48,4.31147541,4.262295082,0.918032787,0.836065574,0.295081967,1.442622951,1.868852459,55.53209459,1.098039216,0.786885246,15.18032787,1194075
Sandro Mamukelashvili,PF,SAS,23,43,23,20,659.7,263,97,230,42.2,30,99,30.3,39,57,68.4,70,115,185,62,35,14,12,52,621,2,0,-114,6.11627907,4.302325581,1.441860465,0.813953488,0.325581395,0.279069767,1.209302326,51.55245413,1.771428571,-2.651162791,14.44186047,2019706
JT Thor,F,CHA,20,69,22,47,968.8,262,95,238,39.9,39,123,31.7,33,47,70.2,36,116,152,36,44,22,23,66,589,0,0,-163,3.797101449,2.202898551,0.52173913,0.637681159,0.31884058,0.333333333,0.956521739,50.6417195,0.818181818,-2.362318841,8.536231884,1659553
Willy Hernangomez,C,NOP,28,38,23,15,457.7,262,89,169,52.7,3,11,27.3,81,104,77.9,58,122,180,33,39,17,13,64,579,2,0,19,6.894736842,4.736842105,0.868421053,1.026315789,0.447368421,0.342105263,1.684210526,60.99832371,0.846153846,0.5,15.23684211,2443581
Luke Kornet,C,BOS,27,69,45,24,804.1,261,113,170,66.5,3,13,23.1,32,39,82.1,86,111,197,53,25,11,46,81,723,0,0,61,3.782608696,2.855072464,0.768115942,0.362318841,0.15942029,0.666666667,1.173913043,69.72643727,2.12,0.884057971,10.47826087,2273291
Garrison Mathews,SG,ATL,26,54,16,38,686.3,257,73,201,36.3,63,180,35,48,53,90.6,11,62,73,26,19,24,5,62,452,0,0,-87,4.759259259,1.351851852,0.481481481,0.351851852,0.444444444,0.092592593,1.148148148,57.2842368,1.368421053,-1.611111111,8.37037037,2057563
Austin Rivers,SG,MIN,30,52,25,27,1016.3,255,91,209,43.5,43,123,35,30,39,76.9,5,78,83,75,23,28,4,80,540,0,0,-142,4.903846154,1.596153846,1.442307692,0.442307692,0.538461538,0.076923077,1.538461538,56.37601698,3.260869565,-2.730769231,10.38461538,1836090
Ish Wainright,F,PHX,28,60,33,27,915.1,251,84,227,37,57,173,32.9,26,31,83.9,45,94,139,53,22,38,22,117,655,0,0,92,4.183333333,2.316666667,0.883333333,0.366666667,0.633333333,0.366666667,1.95,52.15259309,2.409090909,1.533333333,10.91666667,474851
Aaron Holiday,G,ATL,26,63,32,31,845.3,247,92,220,41.8,36,88,40.9,27,32,84.4,25,49,74,89,36,37,12,79,580,0,0,17,3.920634921,1.174603175,1.412698413,0.571428571,0.587301587,0.19047619,1.253968254,52.75974026,2.472222222,0.26984127,9.206349206,2346614
Bryce McGowens,G,CHA,20,46,16,30,787,246,80,202,39.6,26,80,32.5,60,80,75,20,73,93,54,43,15,6,48,459,0,0,-150,5.347826087,2.02173913,1.173913043,0.934782609,0.326086957,0.130434783,1.043478261,51.8549747,1.255813953,-3.260869565,9.97826087,1750504
Malachi Flynn,PG,TOR,24,53,29,24,690.8,246,87,242,36,47,133,35.3,25,33,75.8,15,61,76,70,25,21,4,65,492,0,0,-40,4.641509434,1.433962264,1.320754717,0.471698113,0.396226415,0.075471698,1.226415094,47.94947762,2.8,-0.754716981,9.283018868,2504346
Patty Mills,PG,BKN,34,40,18,22,566.6,246,86,209,41.1,49,134,36.6,25,30,83.3,8,36,44,56,30,15,3,32,407,0,0,-66,6.15,1.1,1.4,0.75,0.375,0.075,0.8,55.35553555,1.866666667,-1.65,10.175,734816
Duane Washington Jr.,PG,NYK,23,31,17,14,393.8,244,94,256,36.7,40,111,36,16,24,66.7,2,34,36,63,34,6,4,23,378,0,0,-6,7.870967742,1.161290323,2.032258065,1.096774194,0.193548387,0.129032258,0.741935484,45.76830732,1.852941176,-0.193548387,12.19354839,950000
Thaddeus Young,PF,TOR,34,54,23,31,795.5,240,108,198,54.5,6,34,17.6,18,26,69.2,71,95,166,75,42,54,5,88,687,0,0,-92,4.444444444,3.074074074,1.388888889,0.777777778,1,0.092592593,1.62962963,57.29564553,1.785714286,-1.703703704,12.72222222,1010371
Cade Cunningham,PG,DET,21,12,3,9,400.2,239,93,224,41.5,17,61,27.9,36,43,83.7,12,62,74,72,39,10,7,34,448,3,0,-60,19.91666667,6.166666667,6,3.25,0.833333333,0.583333333,2.833333333,49.19315001,1.846153846,-5,37.33333333,11399772
Haywood Highsmith,F,MIA,26,54,28,26,969.4,236,93,216,43.1,37,109,33.9,13,28,46.4,57,131,188,43,45,36,17,82,640,2,0,-103,4.37037037,3.481481481,0.796296296,0.833333333,0.666666667,0.314814815,1.518518519,51.68185004,0.955555556,-1.907407407,11.85185185,1315247
Jaxson Hayes,C,NOP,22,47,22,25,610.1,233,86,156,55.1,3,29,10.3,58,83,69.9,39,93,132,34,31,20,19,67,528,0,0,-70,4.957446809,2.808510638,0.723404255,0.659574468,0.425531915,0.404255319,1.425531915,60.51319343,1.096774194,-1.489361702,11.23404255,2314473
George Hill,PG,IND,36,46,27,19,833.3,232,78,166,47,34,95,35.8,42,55,76.4,15,70,85,110,34,26,6,55,561,0,0,41,5.043478261,1.847826087,2.391304348,0.739130435,0.565217391,0.130434783,1.195652174,60.98843323,3.235294118,0.891304348,12.19565217,4000000
Day'Ron Sharpe,C,BKN,21,48,22,26,552.5,227,93,171,54.4,6,11,54.5,35,55,63.6,99,101,200,37,42,15,32,89,622,2,0,-101,4.729166667,4.166666667,0.770833333,0.875,0.3125,0.666666667,1.854166667,58.1454918,0.880952381,-2.104166667,12.95833333,2579451
Dyson Daniels,G,NOP,20,59,33,26,1042.1,227,87,208,41.8,27,86,31.4,26,40,65,36,152,188,134,57,43,11,99,759,0,0,-7,3.847457627,3.186440678,2.271186441,0.966101695,0.728813559,0.186440678,1.677966102,50.31028369,2.350877193,-0.118644068,12.86440678,6264987
Daishen Nix,SG,HOU,21,57,15,42,914.4,226,81,237,34.2,40,140,28.6,24,36,66.7,18,80,98,132,86,31,7,59,570,0,0,-151,3.964912281,1.719298246,2.315789474,1.50877193,0.543859649,0.122807018,1.035087719,44.69229552,1.534883721,-2.649122807,10,1563518
Usman Garuba,PF,HOU,21,75,21,54,970.2,225,86,177,48.6,24,59,40.7,29,47,61.7,120,187,307,64,47,44,29,135,861,0,0,-253,3,4.093333333,0.853333333,0.626666667,0.586666667,0.386666667,1.8,56.91015783,1.361702128,-3.373333333,11.48,11608
Darius Bazley,PF,PHX,22,43,19,24,616.2,224,83,183,45.4,20,53,37.7,38,70,54.3,34,104,138,38,27,22,34,44,588,0,0,-70,5.209302326,3.209302326,0.88372093,0.627906977,0.511627907,0.790697674,1.023255814,52.38540692,1.407407407,-1.627906977,13.6744186,1915000
Miles McBride,PG,NYK,22,64,36,28,760.2,222,77,215,35.8,40,134,29.9,28,42,66.7,13,37,50,72,25,37,8,60,500,0,0,53,3.46875,0.78125,1.125,0.390625,0.578125,0.125,0.9375,47.54154531,2.88,0.828125,7.8125,1441624
Svi Mykhailiuk,SG,CHA,25,32,16,16,467.9,222,77,173,44.5,42,99,42.4,26,39,66.7,15,38,53,53,24,15,4,23,398,0,0,20,6.9375,1.65625,1.65625,0.75,0.46875,0.125,0.71875,58.37189735,2.208333333,0.625,12.4375,1878720
Maxi Kleber,PF,DAL,31,37,18,19,929.8,220,77,169,45.6,39,112,34.8,27,38,71.1,30,105,135,52,27,12,30,85,559,0,0,-43,5.945945946,3.648648649,1.405405405,0.72972973,0.324324324,0.810810811,2.297297297,59.2289468,1.925925926,-1.162162162,15.10810811,11000000
Jabari Walker,F,POR,20,56,21,35,619.2,216,83,198,41.9,16,56,28.6,34,45,75.6,48,83,131,34,29,10,13,69,464,0,0,-115,3.857142857,2.339285714,0.607142857,0.517857143,0.178571429,0.232142857,1.232142857,49.58677686,1.172413793,-2.053571429,8.285714286,1585781
Lindy Waters III,F,OKC,25,41,20,21,530.8,214,70,178,39.3,58,162,35.8,16,20,80,16,59,75,28,10,14,11,42,411,0,0,136,5.219512195,1.829268293,0.682926829,0.243902439,0.341463415,0.268292683,1.024390244,57.28051392,2.8,3.317073171,10.02439024,1481533
Ziaire Williams,F,MEM,21,37,21,16,560.8,210,84,196,42.9,25,97,25.8,17,22,77.3,16,63,79,35,37,14,6,58,380,0,0,-76,5.675675676,2.135135135,0.945945946,1,0.378378378,0.162162162,1.567567568,51.05017503,0.945945946,-2.054054054,10.27027027,4976981
Davis Bertans,SF,DAL,30,45,20,25,491.8,206,69,160,43.1,55,141,39,13,15,86.7,10,43,53,21,10,11,8,53,348,0,0,-37,4.577777778,1.177777778,0.466666667,0.222222222,0.244444444,0.177777778,1.177777778,61.82472989,2.1,-0.822222222,7.733333333,16000000
Dean Wade,PF,CLE,26,44,30,14,891.6,206,73,177,41.2,45,127,35.4,15,23,65.2,20,130,150,37,17,28,21,89,572,0,0,108,4.681818182,3.409090909,0.840909091,0.386363636,0.636363636,0.477272727,2.022727273,55.04489098,2.176470588,2.454545455,13,6166667
Justin Holiday,SF,DAL,34,46,18,28,706.1,205,77,204,37.7,46,143,32.2,5,8,62.5,5,50,55,41,22,19,19,68,425,0,0,-129,4.456521739,1.195652174,0.891304348,0.47826087,0.413043478,0.413043478,1.47826087,49.39282961,1.863636364,-2.804347826,9.239130435,3196448
Charles Bassey,C,SAS,22,35,9,26,507.9,199,87,135,64.4,3,8,37.5,22,37,59.5,75,118,193,48,41,16,33,74,609,0,0,-32,5.685714286,5.514285714,1.371428571,1.171428571,0.457142857,0.942857143,2.114285714,65.77207827,1.170731707,-0.914285714,17.4,2550000
DeAndre Jordan,C,DEN,34,39,23,16,585.9,199,88,115,76.5,1,1,100,22,48,45.8,52,150,202,34,48,12,23,71,549,2,0,-119,5.102564103,5.179487179,0.871794872,1.230769231,0.307692308,0.58974359,1.820512821,73.09726712,0.708333333,-3.051282051,14.07692308,3196448
Dewayne Dedmon,C,PHI,33,38,23,15,426.2,199,77,151,51,12,39,30.8,33,49,67.3,34,100,134,26,25,9,19,75,458,0,0,-124,5.236842105,3.526315789,0.684210526,0.657894737,0.236842105,0.5,1.973684211,57.66110338,1.04,-3.263157895,12.05263158,4700000
Justise Winslow,PF,POR,27,29,15,14,775.8,196,81,198,40.9,14,45,31.1,20,28,71.4,49,96,145,98,43,30,11,89,597,1,0,-38,6.75862069,5,3.379310345,1.482758621,1.034482759,0.379310345,3.068965517,46.59566375,2.279069767,-1.310344828,20.5862069,4097561
Anthony Gill,PF,WAS,30,59,21,38,624.6,195,71,132,53.8,4,29,13.8,49,67,73.1,37,62,99,34,15,7,12,70,407,0,0,-12,3.305084746,1.677966102,0.576271186,0.254237288,0.118644068,0.203389831,1.186440678,60.3789943,2.266666667,-0.203389831,6.898305085,1916664
Caleb Houstan,G,ORL,20,51,20,31,812.2,193,66,182,36.3,46,136,33.8,15,18,83.3,34,65,99,30,18,12,7,63,396,0,0,-84,3.784313725,1.941176471,0.588235294,0.352941176,0.235294118,0.137254902,1.235294118,50.81086773,1.666666667,-1.647058824,7.764705882,2051850
Ousmane Dieng,F,OKC,19,39,20,19,568.7,193,76,181,42,26,98,26.5,15,23,65.2,19,86,105,46,26,14,7,42,425,0,0,39,4.948717949,2.692307692,1.179487179,0.666666667,0.358974359,0.179487179,1.076923077,50.49183759,1.769230769,1,10.8974359,5266551
James Bouknight,SG,CHA,22,34,9,25,515.5,191,69,193,35.8,33,109,30.3,20,30,66.7,8,64,72,41,32,14,5,49,364,0,0,-97,5.617647059,2.117647059,1.205882353,0.941176471,0.411764706,0.147058824,1.441176471,46.314258,1.28125,-2.852941176,10.70588235,4362240
Keon Johnson,SG,POR,21,40,13,27,416.4,189,67,178,37.6,28,81,34.6,27,41,65.9,11,33,44,59,43,19,6,43,362,0,0,-153,4.725,1.1,1.475,1.075,0.475,0.15,1.075,48.20444807,1.372093023,-3.825,9.05,2681040
JaVale McGee,C,DAL,35,42,20,22,354.5,186,80,125,64,2,5,40,24,41,58.5,30,77,107,11,36,4,26,54,385,0,0,-57,4.428571429,2.547619048,0.261904762,0.857142857,0.095238095,0.619047619,1.285714286,65.01677852,0.305555556,-1.357142857,9.166666667,3196448
Blake Wesley,G,SAS,20,37,9,28,669.1,184,69,215,32.1,20,52,38.5,26,44,59.1,12,70,82,98,65,25,5,67,454,0,0,-198,4.972972973,2.216216216,2.648648649,1.756756757,0.675675676,0.135135135,1.810810811,39.25584571,1.507692308,-5.351351351,12.27027027,3060182
Rodney McGruder,G,DET,31,32,4,28,523.9,183,62,152,40.8,41,97,42.3,18,22,81.8,20,54,74,28,11,16,1,39,354,0,0,-44,5.71875,2.3125,0.875,0.34375,0.5,0.03125,1.21875,56.59327066,2.545454545,-1.375,11.0625,
Christian Koloko,C,TOR,22,58,29,29,801.8,182,72,150,48,1,12,8.3,37,59,62.7,84,87,171,31,20,21,57,128,648,0,0,156,3.137931034,2.948275862,0.534482759,0.344827586,0.362068966,0.982758621,2.206896552,51.71629916,1.55,2.689655172,11.17241379,
Luka Garza,C,MIN,24,28,15,13,243.4,181,63,116,54.3,14,39,35.9,41,52,78.8,33,30,63,18,14,3,2,43,285,0,0,18,6.464285714,2.25,0.642857143,0.5,0.107142857,0.071428571,1.535714286,65.16417051,1.285714286,0.642857143,10.17857143,127683
Wesley Matthews,SG,MIL,36,52,37,15,820.4,179,58,160,36.3,39,124,31.5,24,28,85.7,34,79,113,34,18,20,13,71,447,0,0,53,3.442307692,2.173076923,0.653846154,0.346153846,0.384615385,0.25,1.365384615,51.93825441,1.888888889,1.019230769,8.596153846,3196448
Jericho Sims,C,NYK,24,52,31,21,812.4,178,83,107,77.6,0,1,0,12,16,75,99,143,242,25,27,15,28,96,608,2,0,-113,3.423076923,4.653846154,0.480769231,0.519230769,0.288461538,0.538461538,1.846153846,78.042792,0.925925926,-2.173076923,11.69230769,1886069
Stanley Johnson,SF,SAS,26,30,5,25,469.5,174,65,122,53.3,18,40,45,26,39,66.7,22,73,95,67,33,16,6,48,422,0,0,-92,5.8,3.166666667,2.233333333,1.1,0.533333333,0.2,1.6,62.51796493,2.03030303,-3.066666667,14.06666667,
Amir Coffey,SG,LAC,25,50,26,24,625.3,172,56,145,38.6,11,40,27.5,49,63,77.8,17,36,53,53,21,7,5,50,330,0,0,-114,3.44,1.06,1.06,0.42,0.14,0.1,1,49.79157017,2.523809524,-2.28,6.6,3666667
Isaiah Roby,F,NYK,25,42,9,33,473.6,172,67,155,43.2,18,60,30,20,41,48.8,21,87,108,38,31,18,7,53,403,0,0,-110,4.095238095,2.571428571,0.904761905,0.738095238,0.428571429,0.166666667,1.261904762,49.69949145,1.225806452,-2.619047619,9.595238095,
Ricky Rubio,PG,CLE,32,33,23,10,566,171,61,178,34.3,21,82,25.6,28,35,80,9,61,70,115,31,26,6,51,493,0,0,45,5.181818182,2.121212121,3.484848485,0.939393939,0.787878788,0.181818182,1.545454545,44.20889349,3.709677419,1.363636364,14.93939394,
Blake Griffin,PF,BOS,34,41,27,14,568.9,170,63,130,48.5,23,66,34.8,21,32,65.6,47,108,155,61,22,14,9,75,495,0,0,105,4.146341463,3.780487805,1.487804878,0.536585366,0.341463415,0.219512195,1.829268293,58.99500278,2.772727273,2.56097561,12.07317073,
Taj Gibson,F,WAS,37,49,21,28,480.4,168,65,125,52,8,24,33.3,30,42,71.4,32,61,93,34,26,15,12,84,386,0,0,-4,3.428571429,1.897959184,0.693877551,0.530612245,0.306122449,0.244897959,1.714285714,58.54474491,1.307692308,-0.081632653,7.87755102,551112
Goga Bitadze,C,ORL,23,38,13,25,456.8,167,69,125,55.2,6,26,23.1,23,42,54.8,61,76,137,39,22,16,26,64,494,2,0,26,4.394736842,3.605263158,1.026315789,0.578947368,0.421052632,0.684210526,1.684210526,58.19626429,1.772727273,0.684210526,13,1339383
Evan Fournier,SG,NYK,30,27,15,12,458.7,165,56,166,33.7,35,114,30.7,18,21,85.7,4,45,49,36,22,16,3,46,313,0,0,-54,6.111111111,1.814814815,1.333333333,0.814814815,0.592592593,0.111111111,1.703703704,47.07829263,1.636363636,-2,11.59259259,18250000
Javonte Green,SF,CHI,29,32,13,19,480.3,165,61,108,56.5,13,35,37.1,30,45,66.7,27,61,88,23,20,24,21,52,420,0,0,48,5.15625,2.75,0.71875,0.625,0.75,0.65625,1.625,64.55399061,1.15,1.5,13.125,136868
Julian Champagnie,F,SAS,21,17,7,10,320.1,165,59,130,45.4,33,82,40.2,14,17,82.4,10,50,60,10,11,6,5,26,274,1,0,-74,9.705882353,3.529411765,0.588235294,0.647058824,0.352941176,0.294117647,1.529411765,60.00872854,0.909090909,-4.352941176,16.11764706,3000000
Johnny Davis,G,WAS,21,28,10,18,422.6,163,66,171,38.6,17,70,24.3,14,27,51.9,10,55,65,28,17,10,8,48,320,0,0,-54,5.821428571,2.321428571,1,0.607142857,0.357142857,0.285714286,1.714285714,44.56474191,1.647058824,-1.928571429,11.42857143,5474627
Jordan McLaughlin,PG,MIN,27,43,22,21,678.5,161,61,145,42.1,24,78,30.8,15,18,83.3,15,47,62,148,33,32,4,28,532,0,0,84,3.744186047,1.441860465,3.441860465,0.76744186,0.744186047,0.093023256,0.651162791,52.64190426,4.484848485,1.953488372,12.37209302,2160000
Kai Jones,PF,CHA,22,46,13,33,549.6,157,67,120,55.8,4,19,21.1,19,26,73.1,37,86,123,15,31,17,30,65,437,1,0,-32,3.413043478,2.673913043,0.326086957,0.673913043,0.369565217,0.652173913,1.413043478,59.72306756,0.483870968,-0.695652174,9.5,1104289
Raul Neto,PG,CLE,30,48,31,17,505.2,157,57,110,51.8,12,42,28.6,31,34,91.2,10,36,46,79,24,17,4,49,370,0,0,11,3.270833333,0.958333333,1.645833333,0.5,0.354166667,0.083333333,1.020833333,62.82010243,3.291666667,0.229166667,7.708333333,
Admiral Schofield,SF,ORL,26,37,14,23,451.3,155,55,122,45.1,24,74,32.4,21,23,91.3,23,39,62,31,16,8,5,61,299,0,0,-79,4.189189189,1.675675676,0.837837838,0.432432432,0.216216216,0.135135135,1.648648649,58.65879503,1.9375,-2.135135135,8.081081081,
Juan Toscano-Anderson,SF,UTA,30,52,19,33,700.1,155,64,143,44.8,8,43,18.6,19,24,79.2,28,96,124,65,34,16,10,80,445,0,0,-147,2.980769231,2.384615385,1.25,0.653846154,0.307692308,0.192307692,1.538461538,50.4688721,1.911764706,-2.826923077,8.557692308,
Moses Brown,C,BKN,23,36,17,19,294.1,155,61,96,63.5,0,0,0,33,72,45.8,57,82,139,4,15,4,14,39,367,3,0,27,4.305555556,3.861111111,0.111111111,0.416666667,0.111111111,0.388888889,1.083333333,60.69862155,0.266666667,0.75,10.19444444,2165000
AJ Green,G,MIL,23,35,27,8,344.9,154,53,125,42.4,44,105,41.9,4,4,100,6,39,45,22,9,6,0,31,250,0,0,-26,4.4,1.285714286,0.628571429,0.257142857,0.171428571,0,0.885714286,60.74471442,2.444444444,-0.742857143,7.142857143,2108016
Bruno Fernando,PF,ATL,24,39,13,26,405.1,153,59,112,52.7,0,4,0,35,50,70,54,83,137,31,25,6,34,74,459,1,0,-75,3.923076923,3.512820513,0.794871795,0.641025641,0.153846154,0.871794872,1.897435897,57.08955224,1.24,-1.923076923,11.76923077,2717391
Derrick Rose,PG,NYK,34,27,12,15,337.9,152,61,159,38.4,19,63,30.2,11,12,91.7,8,32,40,46,22,7,5,18,283,0,0,-29,5.62962963,1.481481481,1.703703704,0.814814815,0.259259259,0.185185185,0.666666667,46.26247869,2.090909091,-1.074074074,10.48148148,3276360
Saben Lee,G,PHX,23,25,15,10,373.5,151,49,121,40.5,11,30,36.7,42,57,73.7,13,32,45,67,24,19,1,32,342,1,0,-30,6.04,1.8,2.68,0.96,0.76,0.04,1.28,51.68400876,2.791666667,-1.2,13.68,
TyTy Washington Jr.,G,HOU,21,31,6,25,432.7,145,58,160,36.3,19,80,23.8,10,18,55.6,2,43,45,47,14,15,2,29,307,0,0,-47,4.677419355,1.451612903,1.516129032,0.451612903,0.483870968,0.064516129,0.935483871,43.17532158,3.357142857,-1.516129032,9.903225806,
Brandon Boston Jr.,SG,LAC,21,22,9,13,248.3,143,51,122,41.8,12,29,41.4,29,38,76.3,7,23,30,20,12,9,0,21,224,0,0,-44,6.5,1.363636364,0.909090909,0.545454545,0.409090909,0,0.954545455,51.54267589,1.666666667,-2,10.18181818,
Dalano Banton,PG,TOR,23,31,17,14,278.5,142,55,130,42.3,15,51,29.4,17,24,70.8,11,34,45,36,18,13,13,34,310,0,0,-34,4.580645161,1.451612903,1.161290323,0.580645161,0.419354839,0.419354839,1.096774194,50.51223677,2,-1.096774194,10,2108338
Damian Jones,C,UTA,27,41,12,29,477.4,142,55,86,64,10,17,58.8,22,29,75.9,42,80,122,15,23,8,21,55,375,1,0,-83,3.463414634,2.975609756,0.365853659,0.56097561,0.195121951,0.512195122,1.341463415,71.89145403,0.652173913,-2.024390244,9.146341463,2442525
Kevon Harris,G,ORL,25,34,12,22,457,141,47,107,43.9,16,43,37.2,31,41,75.6,28,42,70,16,21,17,5,53,294,0,0,0,4.147058824,2.058823529,0.470588235,0.617647059,0.5,0.147058824,1.558823529,56.38195777,0.761904762,0,8.647058824,
Furkan Korkmaz,SG,PHI,25,37,24,13,353.5,140,48,111,43.2,18,46,39.1,26,36,72.2,6,36,42,22,24,10,3,18,238,0,0,2,3.783783784,1.135135135,0.594594595,0.648648649,0.27027027,0.081081081,0.486486486,55.18763797,0.916666667,0.054054054,6.432432432,
Nathan Knight,F,MIN,25,38,19,19,290.7,139,46,81,56.8,8,22,36.4,39,57,68.4,22,34,56,13,21,10,6,41,253,0,0,-9,3.657894737,1.473684211,0.342105263,0.552631579,0.263157895,0.157894737,1.078947368,65.51659125,0.619047619,-0.236842105,6.657894737,
Frank Ntilikina,PG,DAL,24,47,20,27,607.6,135,48,132,36.4,17,67,25.4,22,33,66.7,7,55,62,58,29,16,7,65,336,0,0,35,2.872340426,1.319148936,1.234042553,0.617021277,0.340425532,0.14893617,1.382978723,46.06879607,2,0.744680851,7.14893617,
Markieff Morris,PF,DAL,33,35,17,18,355.1,132,47,115,40.9,28,71,39.4,10,10,100,13,58,71,31,18,9,5,48,288,1,0,10,3.771428571,2.028571429,0.885714286,0.514285714,0.257142857,0.142857143,1.371428571,55.27638191,1.722222222,0.285714286,8.228571429,3196448
Richaun Holmes,F,SAC,29,42,22,20,347.6,130,55,89,61.8,5,8,62.5,15,19,78.9,29,51,80,9,14,3,11,50,268,1,0,-69,3.095238095,1.904761905,0.214285714,0.333333333,0.071428571,0.261904762,1.19047619,66.76253081,0.642857143,-1.642857143,6.380952381,11630640
Chuma Okeke,PF,ORL,24,27,8,19,518,128,43,122,35.2,26,86,30.2,16,21,76.2,26,70,96,37,17,19,11,40,372,0,0,-118,4.740740741,3.555555556,1.37037037,0.62962963,0.703703704,0.407407407,1.481481481,48.76562024,2.176470588,-4.37037037,13.77777778,3774548
Max Christie,G,LAL,20,41,19,22,512.4,128,44,106,41.5,26,62,41.9,14,16,87.5,7,68,75,21,13,9,7,33,285,0,0,-77,3.12195122,1.829268293,0.512195122,0.317073171,0.219512195,0.170731707,0.804878049,56.61712668,1.615384615,-1.87804878,6.951219512,1368823
Udoka Azubuike,C,UTA,23,36,17,19,358.5,125,59,72,81.9,0,0,0,7,20,35,31,88,119,11,18,6,15,34,329,0,0,-83,3.472222222,3.305555556,0.305555556,0.5,0.166666667,0.416666667,0.944444444,77.35148515,0.611111111,-2.305555556,9.138888889,
Jae Crowder,PF,MIL,32,18,13,5,339.7,124,45,94,47.9,24,55,43.6,10,12,83.3,17,52,69,27,7,12,6,27,294,0,0,0,6.888888889,3.833333333,1.5,0.388888889,0.666666667,0.333333333,1.5,62.44963739,3.857142857,0,16.33333333,3196448
Juancho Hernangomez,PF,TOR,27,42,20,22,613.5,122,48,114,42.1,17,67,25.4,9,16,56.3,27,96,123,25,15,16,6,43,358,1,0,13,2.904761905,2.928571429,0.595238095,0.357142857,0.380952381,0.142857143,1.023809524,50.39656312,1.666666667,0.30952381,8.523809524,
Matt Ryan,F,MIN,26,34,15,19,310.2,122,40,108,37,32,84,38.1,10,12,83.3,4,22,26,16,7,5,1,27,188,0,0,21,3.588235294,0.764705882,0.470588235,0.205882353,0.147058824,0.029411765,0.794117647,53.84887006,2.285714286,0.617647059,5.529411765,2026157
Patrick Baldwin Jr.,F,GSW,20,31,15,16,225.8,122,43,109,39.4,32,84,38.1,4,6,66.7,1,39,40,11,11,6,4,14,206,0,0,-51,3.935483871,1.290322581,0.35483871,0.35483871,0.193548387,0.129032258,0.451612903,54.63991401,1,-1.64516129,6.64516129,3498319
Gorgui Dieng,C,SAS,33,31,3,28,358.1,121,45,117,38.5,21,75,28,10,13,76.9,27,80,107,53,32,4,14,57,351,2,0,-152,3.903225806,3.451612903,1.709677419,1.032258065,0.129032258,0.451612903,1.838709677,49.29921773,1.65625,-4.903225806,11.32258065,
Kenneth Lofton Jr.,F,MEM,20,24,15,9,176,120,49,93,52.7,6,17,35.3,16,27,59.3,19,32,51,20,12,5,2,28,220,1,0,-48,5,2.125,0.833333333,0.5,0.208333333,0.083333333,1.166666667,57.20823799,1.666666667,-2,9.166666667,1640760
Orlando Robinson,C,MIA,22,31,18,13,425.1,116,47,89,52.8,0,6,0,22,31,71,48,78,126,25,16,12,12,53,361,0,0,27,3.741935484,4.064516129,0.806451613,0.516129032,0.387096774,0.387096774,1.709677419,56.50818394,1.5625,0.870967742,11.64516129,1961231
Kira Lewis Jr.,PG,NOP,22,25,11,14,234.8,114,40,88,45.5,15,34,44.1,19,22,86.4,5,28,33,23,10,10,2,24,214,0,0,62,4.56,1.32,0.92,0.4,0.4,0.08,0.96,58.35380835,2.3,2.48,8.56,4297209
McKinley Wright IV,PG,DAL,24,27,14,13,335,114,46,98,46.9,9,28,32.1,13,19,68.4,9,38,47,58,19,8,5,24,277,0,0,-110,4.222222222,1.740740741,2.148148148,0.703703704,0.296296296,0.185185185,0.888888889,53.59157578,3.052631579,-4.074074074,10.25925926,
Robin Lopez,C,CLE,35,37,25,12,298.5,112,48,75,64,2,4,50,14,18,77.8,23,28,51,19,25,2,8,43,207,0,0,-58,3.027027027,1.378378378,0.513513514,0.675675676,0.054054054,0.216216216,1.162162162,67.53497347,0.76,-1.567567568,5.594594595,
Dominick Barlow,F,SAS,19,28,5,23,407.6,110,46,86,53.5,0,4,0,18,25,72,46,56,102,24,15,10,19,56,340,2,0,-108,3.928571429,3.642857143,0.857142857,0.535714286,0.357142857,0.678571429,2,56.70103093,1.6,-3.857142857,12.14285714,455620
Ish Smith,PG,DEN,34,43,25,18,397.9,108,52,131,39.7,2,12,16.7,2,4,50,5,49,54,100,44,8,7,33,324,0,0,-36,2.511627907,1.255813953,2.325581395,1.023255814,0.186046512,0.162790698,0.76744186,40.67490208,2.272727273,-0.837209302,7.534883721,
Jake LaRavia,F,MEM,21,35,22,13,414.3,105,37,95,38.9,24,71,33.8,7,9,77.8,19,44,63,21,18,12,4,49,242,0,0,-78,3,1.8,0.6,0.514285714,0.342857143,0.114285714,1.4,53.05173808,1.166666667,-2.228571429,6.914285714,3690842
Boban Marjanovic,C,HOU,34,31,7,24,171.1,102,41,60,68.3,0,1,0,20,27,74.1,20,40,60,9,14,5,2,10,195,0,0,66,3.290322581,1.935483871,0.290322581,0.451612903,0.161290323,0.064516129,0.322580645,70.95158598,0.642857143,2.129032258,6.290322581,2891467
Gary Payton II,SG,GSW,30,22,13,9,367.6,101,41,69,59.4,13,26,50,6,7,85.7,24,45,69,30,16,22,5,43,294,0,0,39,4.590909091,3.136363636,1.363636364,0.727272727,1,0.227272727,1.954545455,70.06104329,1.875,1.772727273,13.36363636,8715000
Kessler Edwards,SF,SAC,22,36,17,19,385.8,100,36,93,38.7,17,55,30.9,11,15,73.3,23,38,61,23,13,14,6,40,255,0,0,5,2.777777778,1.694444444,0.638888889,0.361111111,0.388888889,0.166666667,1.111111111,50.20080321,1.769230769,0.138888889,7.083333333,1782931
Cody Zeller,C,MIA,30,15,6,9,216.6,98,37,59,62.7,0,2,0,24,35,68.6,25,39,64,10,14,3,4,33,197,0,0,-48,6.533333333,4.266666667,0.666666667,0.933333333,0.2,0.266666667,2.2,65.86021505,0.714285714,-3.2,13.13333333,3196448
Jamal Cain,F,MIA,24,18,10,8,240,98,37,66,56.1,7,20,35,17,22,77.3,15,37,52,12,6,11,1,21,208,0,0,22,5.444444444,2.888888889,0.666666667,0.333333333,0.611111111,0.055555556,1.166666667,64.74630021,2,1.222222222,11.55555556,
Theo Pinson,G,DAL,27,40,19,21,323,95,31,87,35.6,22,62,35.5,11,13,84.6,10,53,63,46,12,6,1,34,249,1,1,-50,2.375,1.575,1.15,0.3,0.15,0.025,0.85,51.2295082,3.833333333,-1.25,6.225,
Skylar Mays,SG,POR,25,6,1,5,188.8,92,34,68,50,12,26,46.2,12,13,92.3,2,17,19,50,10,6,1,11,201,1,0,-74,15.33333333,3.166666667,8.333333333,1.666666667,1,0.166666667,1.833333333,62.3982637,5,-12.33333333,33.5,
Bryn Forbes,SG,MIN,29,25,9,16,267.7,89,30,83,36.1,14,46,30.4,15,15,100,4,11,15,17,12,7,2,22,148,0,0,-48,3.56,0.6,0.68,0.48,0.28,0.08,0.88,49.66517857,1.416666667,-1.92,5.92,
Davon Reed,SG,LAL,27,43,29,14,342.5,89,28,84,33.3,17,46,37,16,24,66.7,10,49,59,23,20,15,4,39,231,0,0,-99,2.069767442,1.372093023,0.534883721,0.465116279,0.348837209,0.093023256,0.906976744,47.06006768,1.15,-2.302325581,5.372093023,
Frank Kaminsky,PF,HOU,30,36,13,23,234.9,89,31,63,49.2,13,33,39.4,14,16,87.5,7,45,52,32,9,6,4,22,220,0,0,-4,2.472222222,1.444444444,0.888888889,0.25,0.166666667,0.111111111,0.611111111,63.53512279,3.555555556,-0.111111111,6.111111111,
Terry Taylor,F,CHI,23,31,13,18,263.4,89,39,75,52,5,19,26.3,6,11,54.5,27,20,47,10,9,3,6,26,178,0,0,18,2.870967742,1.516129032,0.322580645,0.290322581,0.096774194,0.193548387,0.838709677,55.73647295,1.111111111,0.580645161,5.741935484,
Johnny Juzang,G,UTA,22,18,6,12,232.3,87,35,104,33.7,15,63,23.8,2,4,50,8,31,39,8,3,4,3,13,164,0,0,-87,4.833333333,2.166666667,0.444444444,0.166666667,0.222222222,0.166666667,0.722222222,41.13086233,2.666666667,-4.833333333,9.111111111,
Dalen Terry,F,CHI,20,38,19,19,213.9,85,32,72,44.4,7,27,25.9,14,21,66.7,12,25,37,22,8,11,5,24,202,0,0,12,2.236842105,0.973684211,0.578947368,0.210526316,0.289473684,0.131578947,0.631578947,52.31413097,2.75,0.315789474,5.315789474,3862940
David Duke Jr.,G,BKN,23,23,10,13,228,85,36,78,46.2,1,12,8.3,12,17,70.6,11,18,29,21,18,10,1,31,166,0,0,-35,3.695652174,1.260869565,0.913043478,0.782608696,0.434782609,0.043478261,1.347826087,49.71923257,1.166666667,-1.52173913,7.217391304,
Nikola Jovic,F,MIA,19,15,7,8,204.5,82,28,69,40.6,8,35,22.9,18,19,94.7,9,22,31,10,10,7,2,19,151,0,0,-16,5.466666667,2.066666667,0.666666667,0.666666667,0.466666667,0.133333333,1.266666667,52.99896587,1,-1.066666667,10.06666667,2875384
Kennedy Chandler,G,MEM,20,36,22,14,281.5,78,35,83,42.2,2,15,13.3,6,13,46.2,9,29,38,58,18,12,5,15,244,0,0,-41,2.166666667,1.055555556,1.611111111,0.5,0.333333333,0.138888889,0.416666667,43.95852119,3.222222222,-1.138888889,6.777777778,
Peyton Watson,F,DEN,20,23,13,10,186.1,75,29,59,49.2,6,14,42.9,11,20,55,8,29,37,11,8,2,11,14,167,0,0,-47,3.260869565,1.608695652,0.47826087,0.347826087,0.086956522,0.47826087,0.608695652,55.30973451,1.375,-2.043478261,7.260869565,2816879
Kemba Walker,PG,DAL,32,9,5,4,143.9,72,24,57,42.1,7,28,25,17,21,81,3,13,16,19,4,2,2,11,128,0,0,-1,8,1.777777778,2.111111111,0.444444444,0.222222222,0.222222222,1.222222222,54.34782609,4.75,-0.111111111,14.22222222,
Luka Samanic,F,UTA,23,7,2,5,160.8,69,26,57,45.6,8,31,25.8,9,13,69.2,0,30,30,15,10,6,2,17,142,0,0,-6,9.857142857,4.285714286,2.142857143,1.428571429,0.857142857,0.285714286,2.428571429,55.00637755,1.5,-0.857142857,20.28571429,1249690
Serge Ibaka,F,MIL,33,16,11,5,185.4,66,26,54,48.1,6,18,33.3,8,13,61.5,15,29,44,4,11,2,7,23,141,0,0,-25,4.125,2.75,0.25,0.6875,0.125,0.4375,1.4375,55.25787006,0.363636364,-1.5625,8.8125,
Danny Green,F,CLE,35,11,6,5,138.7,61,22,49,44.9,16,37,43.2,1,1,100,3,11,14,6,10,6,3,16,104,0,0,-17,5.545454545,1.272727273,0.545454545,0.909090909,0.545454545,0.272727273,1.454545455,61.69093851,0.6,-1.545454545,9.454545455,
Jeff Dowtin Jr.,PG,TOR,25,25,17,8,258.7,61,25,57,43.9,5,16,31.3,6,9,66.7,6,17,23,31,5,9,3,13,166,0,0,-9,2.44,0.92,1.24,0.2,0.36,0.12,0.52,50.0328084,6.2,-0.36,6.64,
Moussa Diabate,F,LAC,21,22,10,12,195.5,59,24,47,51.1,1,2,50,10,16,62.5,31,19,50,4,9,7,8,15,161,0,0,-22,2.681818182,2.272727273,0.181818182,0.409090909,0.318181818,0.363636364,0.681818182,54.58919319,0.444444444,-1,7.318181818,
Mamadi Diakite,F,CLE,26,22,15,7,175.9,57,24,50,48,7,21,33.3,2,2,100,8,22,30,8,12,4,9,26,132,0,0,-9,2.590909091,1.363636364,0.363636364,0.545454545,0.181818182,0.409090909,1.181818182,56.01415094,0.666666667,-0.409090909,6,1262889
A.J. Lawson,G,DAL,22,15,5,10,108.3,56,22,44,50,10,25,40,2,8,25,6,15,21,2,3,2,0,11,87,0,0,-46,3.733333333,1.4,0.133333333,0.2,0.133333333,0,0.733333333,58.92255892,0.666666667,-3.066666667,5.8,1978006
Quenton Jackson,G,WAS,24,9,3,6,134.6,56,19,42,45.2,1,12,8.3,17,22,77.3,2,6,8,15,4,4,1,10,99,0,0,-17,6.222222222,0.888888889,1.666666667,0.444444444,0.444444444,0.111111111,1.111111111,54.17956656,3.75,-1.888888889,11,
Jonathan Isaac,PF,ORL,25,11,8,3,124,55,22,53,41.5,6,15,40,5,9,55.6,15,29,44,6,4,14,4,5,167,0,0,-19,5,4,0.545454545,0.363636364,1.272727273,0.363636364,0.454545455,48.27949438,1.5,-1.727272727,15.18181818,17400000
Jeenathan Williams,G,POR,24,5,1,4,126.6,53,24,39,61.5,3,8,37.5,2,3,66.7,10,5,15,10,4,3,2,13,97,0,0,-38,10.6,3,2,0.8,0.6,0.4,2.6,65.72420635,2.5,-7.6,19.4,
Trent Forrest,G,ATL,24,23,9,14,277,52,25,60,41.7,0,2,0,2,3,66.7,5,32,37,38,15,7,2,17,165,0,0,-58,2.260869565,1.608695652,1.652173913,0.652173913,0.304347826,0.086956522,0.739130435,42.40052185,2.533333333,-2.52173913,7.173913043,553151
James Johnson,PF,IND,36,18,7,11,162.4,51,22,49,44.9,3,15,20,4,8,50,4,26,30,15,8,7,6,32,141,0,0,-7,2.833333333,1.666666667,0.833333333,0.444444444,0.388888889,0.333333333,1.777777778,48.55293222,1.875,-0.388888889,7.833333333,1230816
Jay Huff,C,WAS,25,7,2,5,94.9,51,15,25,60,6,12,50,15,16,93.8,6,15,21,10,5,3,4,15,107,0,0,-7,7.285714286,3,1.428571429,0.714285714,0.428571429,0.571428571,2.142857143,79.58801498,2,-1,15.28571429,
Thanasis Antetokounmpo,SF,MIL,30,37,25,12,206.2,51,20,46,43.5,0,8,0,11,22,50,15,29,44,15,12,3,3,22,132,0,0,-114,1.378378378,1.189189189,0.405405405,0.324324324,0.081081081,0.081081081,0.594594595,45.79741379,1.25,-3.081081081,3.567567568,2346614
Garrett Temple,SF,NOP,36,25,16,9,161.8,50,18,45,40,11,26,42.3,3,4,75,5,12,17,13,4,9,2,15,119,0,0,-17,2,0.68,0.52,0.16,0.36,0.08,0.6,53.46449957,3.25,-0.68,4.76,3196448
Lindell Wigginton,G,MIL,25,7,4,3,86.7,50,18,37,48.6,6,18,33.3,8,9,88.9,0,7,7,14,12,0,2,7,73,1,0,-39,7.142857143,1,2,1.714285714,0,0.285714286,1,61.03515625,1.166666667,-5.571428571,10.42857143,
Daniel Theis,C,IND,31,7,1,6,108.8,49,21,44,47.7,2,11,18.2,5,12,41.7,7,15,22,9,3,2,6,7,110,0,0,-19,7,3.142857143,1.285714286,0.428571429,0.285714286,0.857142857,1,49.71590909,3,-2.714285714,15.71428571,2179511
Matthew Dellavedova,PG,SAC,32,32,19,13,212.8,47,17,50,34,9,27,33.3,4,7,57.1,1,12,13,41,10,7,0,20,135,0,0,-51,1.46875,0.40625,1.28125,0.3125,0.21875,0,0.625,44.27279578,4.1,-1.59375,4.21875,
Josh Minott,F,MIN,20,15,7,8,96.2,46,18,36,50,2,6,33.3,8,8,100,5,20,25,5,3,4,6,10,111,1,0,24,3.066666667,1.666666667,0.333333333,0.2,0.266666667,0.4,0.666666667,58.19838057,1.666666667,1.6,7.4,1736199
KZ Okpala,SF,SAC,24,35,19,16,248,46,16,38,42.1,7,21,33.3,7,8,87.5,7,27,34,13,7,7,7,39,141,0,0,-11,1.314285714,0.971428571,0.371428571,0.2,0.2,0.2,1.114285714,55.39499037,1.857142857,-0.314285714,4.028571429,
Jared Rhoden,G,DET,23,14,2,12,197.9,45,17,44,38.6,5,20,25,6,6,100,11,26,37,4,3,4,1,23,107,0,0,21,3.214285714,2.642857143,0.285714286,0.214285714,0.285714286,0.071428571,1.642857143,48.24185249,1.333333333,1.5,7.642857143,
John Butler Jr.,F,POR,20,19,4,15,221.1,45,17,53,32.1,8,35,22.9,3,4,75,3,14,17,11,1,7,9,22,129,0,0,-70,2.368421053,0.894736842,0.578947368,0.052631579,0.368421053,0.473684211,1.157894737,41.08838568,11,-3.684210526,6.789473684,
Dru Smith,G,BKN,25,15,7,8,158.4,44,18,45,40,5,19,26.3,3,3,100,2,22,24,22,3,10,4,23,145,0,0,-28,2.933333333,1.6,1.466666667,0.2,0.666666667,0.266666667,1.533333333,47.49568221,7.333333333,-1.866666667,9.666666667,
Jarrett Culver,G,ATL,24,10,5,5,136.9,44,17,43,39.5,1,12,8.3,9,13,69.2,10,28,38,6,7,6,2,14,116,0,0,-19,4.4,3.8,0.6,0.7,0.6,0.2,1.4,45.15599343,0.857142857,-1.9,11.6,
Otto Porter Jr.,SF,TOR,29,8,4,4,146.3,44,15,30,50,6,17,35.3,8,8,100,6,13,19,8,4,11,0,7,108,0,0,-21,5.5,2.375,1,0.5,1.375,0,0.875,65.63245823,2,-2.625,13.5,
Shaquille Harrison,G,LAL,29,5,1,4,119.9,44,15,36,41.7,3,10,30,11,15,73.3,1,21,22,30,6,11,2,12,148,1,0,-1,8.8,4.4,6,1.2,2.2,0.4,2.4,51.64319249,5,-0.2,29.6,
Alex Len,C,SAC,29,26,15,11,161.2,43,16,30,53.3,0,2,0,11,16,68.8,24,36,60,12,16,4,11,28,162,0,0,19,1.653846154,2.307692308,0.461538462,0.615384615,0.153846154,0.423076923,1.076923077,58.04535637,0.75,0.730769231,6.230769231,3196448
Khem Birch,C,SAS,30,20,9,11,161.8,43,19,32,59.4,1,2,50,4,5,80,8,17,25,7,8,5,5,24,106,0,0,6,2.15,1.25,0.35,0.4,0.25,0.25,1.2,62.86549708,0.875,0.3,5.3,
Meyers Leonard,C,MIL,31,9,6,3,113.7,43,14,29,48.3,7,18,38.9,8,9,88.9,12,22,34,1,6,2,0,16,85,1,0,-27,4.777777778,3.777777778,0.111111111,0.666666667,0.222222222,0,1.777777778,65.23058252,0.166666667,-3,9.444444444,
Jaden Springer,G,PHI,20,16,13,3,89.3,42,17,35,48.6,2,5,40,6,8,75,6,8,14,8,3,7,3,15,98,0,0,-3,2.625,0.875,0.5,0.1875,0.4375,0.1875,0.9375,54.51713396,2.666666667,-0.1875,6.125,2598371
Wendell Moore Jr.,G,MIN,21,29,16,13,152.7,42,18,43,41.9,2,17,11.8,4,5,80,4,14,18,18,8,8,5,13,122,0,0,-53,1.448275862,0.620689655,0.620689655,0.275862069,0.275862069,0.172413793,0.448275862,46.46017699,2.25,-1.827586207,4.206896552,2959891
Jason Preston,PG,LAC,23,14,4,10,123.8,41,18,41,43.9,5,18,27.8,0,2,0,2,20,22,27,10,2,0,7,104,0,0,-11,2.928571429,1.571428571,1.928571429,0.714285714,0.142857143,0,0.5,48.94937918,2.7,-0.785714286,7.428571429,
Omer Yurtseven,C,MIA,24,9,5,4,83.2,40,16,27,59.3,3,7,42.9,5,6,83.3,8,15,23,2,4,2,2,16,79,0,0,10,4.444444444,2.555555556,0.222222222,0.444444444,0.222222222,0.222222222,1.777777778,67.47638327,0.5,1.111111111,8.777777778,2730000
Xavier Cooks,G,WAS,27,10,2,8,125.8,38,17,28,60.7,0,1,0,4,10,40,16,22,38,6,8,6,4,13,115,1,0,19,3.8,3.8,0.6,0.8,0.6,0.4,1.3,58.64197531,0.75,1.9,11.5,
Jared Butler,SG,OKC,22,6,3,3,76.5,37,15,32,46.9,7,14,50,0,0,0,1,3,4,8,5,5,0,5,64,0,0,-1,6.166666667,0.666666667,1.333333333,0.833333333,0.833333333,0,0.833333333,57.8125,1.6,-0.166666667,10.66666667,1942824
Olivier Sarr,C,OKC,24,9,5,4,113.6,36,15,30,50,1,8,12.5,5,7,71.4,12,19,31,4,4,1,5,17,93,1,0,14,4,3.444444444,0.444444444,0.444444444,0.111111111,0.555555556,1.888888889,54.41354293,1,1.555555556,10.33333333,
Vit Krejci,G,ATL,22,29,15,14,165.4,36,15,37,40.5,5,21,23.8,1,2,50,6,20,26,17,5,5,1,17,106,0,0,-3,1.24137931,0.896551724,0.586206897,0.172413793,0.172413793,0.034482759,0.586206897,47.51847941,3.4,-0.103448276,3.655172414,
Cody Martin,SF,CHA,27,7,2,5,133.7,35,14,36,38.9,3,14,21.4,4,7,57.1,8,16,24,11,2,4,1,13,93,0,0,-26,5,3.428571429,1.571428571,0.285714286,0.571428571,0.142857143,1.857142857,44.77993859,5.5,-3.714285714,13.28571429,7840000
Nerlens Noel,C,BKN,29,17,4,13,194.7,35,13,36,36.1,1,2,50,8,12,66.7,10,36,46,10,13,16,10,32,170,0,0,-75,2.058823529,2.705882353,0.588235294,0.764705882,0.941176471,0.588235294,1.882352941,42.39341085,0.769230769,-4.411764706,10,
Isaiah Mobley,F,CLE,23,12,8,4,84.2,31,12,28,42.9,3,8,37.5,4,4,100,4,16,20,3,1,4,3,8,80,0,0,31,2.583333333,1.666666667,0.25,0.083333333,0.333333333,0.25,0.666666667,52.08333333,3,2.583333333,6.666666667,
Vince Williams Jr.,G,MEM,22,15,7,8,104.6,30,12,40,30,4,28,14.3,2,2,100,4,11,15,4,5,6,2,12,73,0,0,-34,2,1,0.266666667,0.333333333,0.4,0.133333333,0.8,36.6927593,0.8,-2.266666667,4.866666667,
Greg Brown III,PF,POR,21,16,10,6,93.1,28,11,28,39.3,1,7,14.3,5,12,41.7,2,17,19,3,6,4,5,13,76,0,0,-5,1.75,1.1875,0.1875,0.375,0.25,0.3125,0.8125,42.06730769,0.5,-0.3125,4.75,
Jordan Hall,G,SAS,21,9,1,8,82.7,28,9,28,32.1,3,15,20,7,9,77.8,3,9,12,11,7,1,0,6,55,0,0,-24,3.111111111,1.333333333,1.222222222,0.777777778,0.111111111,0,0.666666667,43.80475594,1.571428571,-2.666666667,6.111111111,
Joshua Primo,SG,SAS,20,4,3,1,93.4,28,9,26,34.6,3,12,25,7,9,77.8,2,11,13,18,11,1,2,8,69,0,0,-2,7,3.25,4.5,2.75,0.25,0.5,2,46.72897196,1.636363636,-0.5,17.25,
Udonis Haslem,PF,MIA,42,7,4,3,72.1,27,10,29,34.5,3,9,33.3,4,5,80,4,7,11,0,1,1,2,11,48,0,0,-25,3.857142857,1.571428571,0,0.142857143,0.142857143,0.285714286,1.571428571,43.26923077,0,-3.571428571,6.857142857,
Ryan Arcidiacono,G,POR,29,20,9,11,172.4,26,9,37,24.3,8,23,34.8,0,0,0,0,15,15,23,7,5,0,17,87,0,0,-40,1.3,0.75,1.15,0.35,0.25,0,0.85,35.13513514,3.285714286,-2,4.35,
Mac McClung,SG,PHI,24,2,2,0,41.1,25,9,20,45,4,11,36.4,3,5,60,3,7,10,9,3,0,0,3,48,0,0,18,12.5,5,4.5,1.5,0,0,1.5,56.30630631,3,9,24,
Noah Vonleh,PF,BOS,27,23,17,6,171.6,25,11,24,45.8,1,4,25,2,2,100,18,30,48,7,11,2,8,35,112,0,0,-13,1.086956522,2.086956522,0.304347826,0.47826087,0.086956522,0.347826087,1.52173913,50.24115756,0.636363636,-0.565217391,4.869565217,
Sam Merrill,SG,CLE,26,5,4,1,58.5,25,9,22,40.9,5,18,27.8,2,2,100,0,9,9,5,0,4,0,3,55,0,0,-5,5,1.8,1,0,0.8,0,0.6,54.63286713,,-1,11,1670744
Gabe York,G,IND,29,3,1,2,55.8,24,8,21,38.1,6,18,33.3,2,2,100,0,6,6,5,0,2,0,5,45,0,0,24,8,2,1.666666667,0,0.666666667,0,1.666666667,54.84460695,,8,15,
Keon Ellis,G,SAC,23,16,7,9,70.9,24,7,16,43.8,6,12,50,4,7,57.1,4,4,8,6,1,5,1,10,60,0,0,-21,1.5,0.5,0.375,0.0625,0.3125,0.0625,0.625,62.89308176,6,-1.3125,3.75,1701903
Micah Potter,C,UTA,25,7,4,3,52.4,24,10,15,66.7,4,7,57.1,0,0,0,3,13,16,4,2,1,0,5,50,1,0,-3,3.428571429,2.285714286,0.571428571,0.285714286,0.142857143,0,0.714285714,80,2,-0.428571429,7.142857143,
Ryan Rollins,G,GSW,20,12,5,7,62.1,23,7,20,35,3,9,33.3,6,6,100,3,9,12,6,16,1,1,10,36,0,0,-47,1.916666667,1,0.5,1.333333333,0.083333333,0.083333333,0.833333333,50.795053,0.375,-3.916666667,3,
Jarrell Brantley,PF,UTA,26,4,0,4,39,22,8,14,57.1,4,9,44.4,2,2,100,1,5,6,3,2,0,2,3,38,0,0,15,5.5,1.5,0.75,0.5,0,0.5,0.75,73.92473118,1.5,3.75,9.5,
PJ Dozier,G,SAC,26,16,11,5,79.3,22,10,33,30.3,2,16,12.5,0,0,0,1,13,14,10,5,6,1,7,70,0,0,-23,1.375,0.875,0.625,0.3125,0.375,0.0625,0.4375,33.33333333,2,-1.4375,4.375,
Jack White,F,DEN,25,17,13,4,66,21,8,19,42.1,3,9,33.3,2,3,66.7,6,11,17,4,2,3,2,9,60,0,0,-17,1.235294118,1,0.235294118,0.117647059,0.176470588,0.117647059,0.529411765,51.67322835,2,-1,3.529411765,
Trevelin Queen,SG,IND,26,7,2,5,70,21,7,29,24.1,2,15,13.3,5,5,100,8,9,17,6,7,2,5,4,64,0,0,14,3,2.428571429,0.857142857,1,0.285714286,0.714285714,0.571428571,33.65384615,0.857142857,2,9.142857143,
Tyrese Martin,G,ATL,24,16,10,6,65.5,21,9,23,39.1,1,7,14.3,2,2,100,5,7,12,2,2,1,0,2,39,0,0,1,1.3125,0.75,0.125,0.125,0.0625,0,0.125,43.96984925,1,0.0625,2.4375,
Carlik Jones,G,CHI,25,7,4,3,56,20,6,15,40,3,6,50,5,8,62.5,1,4,5,6,2,2,0,2,39,0,0,26,2.857142857,0.714285714,0.857142857,0.285714286,0.285714286,0,0.285714286,53.99568035,3,3.714285714,5.571428571,
Justin Jackson,SF,BOS,28,23,15,8,107.4,20,7,27,25.9,5,20,25,1,2,50,2,15,17,9,2,4,4,7,76,0,0,-71,0.869565217,0.739130435,0.391304348,0.086956522,0.173913043,0.173913043,0.304347826,35.86800574,4.5,-3.086956522,3.304347826,
Louis King,SF,PHI,24,1,1,0,28.8,20,8,13,61.5,4,8,50,0,1,0,2,2,4,2,2,1,0,4,29,0,0,2,20,4,2,2,1,0,4,74.4047619,1,2,29,
Ron Harper Jr.,F,TOR,23,9,6,3,47.5,20,8,16,50,3,9,33.3,1,1,100,3,4,7,4,0,0,1,3,37,0,0,19,2.222222222,0.777777778,0.444444444,0,0,0.111111111,0.333333333,60.82725061,,2.111111111,4.111111111,
JD Davison,SG,BOS,20,12,11,1,65.7,19,8,19,42.1,2,7,28.6,1,2,50,2,7,9,11,4,2,2,5,54,0,0,-6,1.583333333,0.75,0.916666667,0.333333333,0.166666667,0.166666667,0.416666667,47.78672032,2.75,-0.5,4.5,
Tony Bradley,C,CHI,25,12,5,7,33.4,19,6,12,50,3,5,60,4,4,100,1,10,11,1,1,1,1,2,39,0,0,11,1.583333333,0.916666667,0.083333333,0.083333333,0.083333333,0.083333333,0.166666667,69.04069767,1,0.916666667,3.25,
Andre Iguodala,F,GSW,39,8,3,5,112.6,17,7,15,46.7,1,9,11.1,2,3,66.7,3,14,17,19,9,4,3,11,78,0,0,35,2.125,2.125,2.375,1.125,0.5,0.375,1.375,52.08333333,2.111111111,4.375,9.75,
Justin Minaya,F,POR,24,4,0,4,88.8,17,7,23,30.4,3,12,25,0,1,0,3,12,15,4,4,2,5,9,58,0,0,-20,4.25,3.75,1,1,0.5,1.25,2.25,36.26279863,1,-5,14.5,
Michael Carter-Williams,G,ORL,31,4,1,3,44.5,17,6,14,42.9,1,3,33.3,4,7,57.1,1,4,5,7,4,1,1,5,36,0,0,-26,4.25,1.25,1.75,1,0.25,0.25,1.25,49.76580796,1.75,-6.5,9,
Xavier Sneed,F,CHA,25,4,0,4,48.2,17,5,10,50,3,6,50,4,4,100,0,5,5,5,3,0,1,7,31,0,0,-28,4.25,1.25,1.25,0.75,0,0.25,1.75,72.27891156,1.666666667,-7,7.75,
Buddy Boeheim,F,DET,23,10,2,8,90.1,16,5,27,18.5,4,25,16,2,2,100,2,4,6,4,0,2,0,6,35,0,0,3,1.6,0.6,0.4,0,0.2,0,0.6,28.69440459,,0.3,3.5,
RaiQuan Gray,F,BKN,23,1,0,1,35.1,16,6,12,50,2,5,40,2,2,100,3,6,9,7,4,0,1,5,36,0,0,-14,16,9,7,4,0,1,5,62.11180124,1.75,-14,36,
Darius Days,F,HOU,23,4,0,4,25,15,5,12,41.7,3,10,30,2,2,100,1,5,6,1,0,0,1,2,27,0,0,1,3.75,1.5,0.25,0,0,0.25,0.5,58.22981366,,0.25,6.75,
Jamaree Bouyea,G,WAS,23,5,2,3,70.5,15,6,14,42.9,2,6,33.3,1,2,50,1,5,6,4,4,4,2,6,42,0,0,-17,3,1.2,0.8,0.8,0.8,0.4,1.2,50.40322581,1,-3.4,8.4,
Scotty Pippen Jr.,G,LAL,22,6,1,5,31.5,14,4,12,33.3,1,3,33.3,5,9,55.6,2,2,4,2,2,2,1,3,29,0,0,-1,2.333333333,0.666666667,0.333333333,0.333333333,0.333333333,0.166666667,0.5,43.85964912,1,-0.166666667,4.833333333,
Jay Scrubb,G,ORL,22,2,1,1,30.1,13,5,7,71.4,2,2,100,1,2,50,0,6,6,1,3,2,0,2,25,0,0,-16,6.5,3,0.5,1.5,1,0,1,82.48730964,0.333333333,-8,12.5,
Neemias Queta,C,SAC,23,5,1,4,28.7,12,6,9,66.7,0,0,0,0,2,0,5,6,11,1,1,0,2,7,32,0,0,-30,2.4,2.2,0.2,0.2,0,0.4,1.4,60.72874494,1,-6,6.4,1139112
Justin Champagnie,SF,BOS,21,5,4,1,34.3,11,5,15,33.3,1,5,20,0,0,0,3,5,8,4,0,1,0,2,30,0,0,-4,2.2,1.6,0.8,0,0.2,0,0.4,36.66666667,,-0.8,6,
Facundo Campazzo,G,DAL,32,8,2,6,52.2,10,3,13,23.1,3,11,27.3,1,2,50,0,2,2,9,3,6,0,3,41,0,0,11,1.25,0.25,1.125,0.375,0.75,0,0.375,36.02305476,3,1.375,5.125,
Lester Quinones,G,GSW,22,4,4,0,18.1,10,2,5,40,2,4,50,4,6,66.7,1,2,3,2,5,1,0,0,15,0,0,6,2.5,0.75,0.5,1.25,0.25,0,0,65.44502618,0.4,1.5,3.75,548815
Cole Swider,F,LAL,23,7,2,5,41.1,9,3,9,33.3,3,8,37.5,0,0,0,1,6,7,4,0,0,0,3,23,0,0,3,1.285714286,1,0.571428571,0,0,0,0.428571429,50,,0.428571429,3.285714286,
Isaiah Todd,PF,WAS,21,6,2,4,61.4,9,3,19,15.8,1,10,10,2,2,100,2,10,12,4,2,1,0,4,30,0,0,-7,1.5,2,0.666666667,0.333333333,0.166666667,0,0.666666667,22.63581489,2,-1.166666667,5,
Joe Wieskamp,SF,TOR,23,9,6,3,49.7,9,3,14,21.4,3,12,25,0,0,0,0,4,4,3,1,0,0,3,17,0,0,2,1,0.444444444,0.333333333,0.111111111,0,0,0.333333333,32.14285714,3,0.222222222,1.888888889,
Kendall Brown,SG,IND,19,6,1,5,40.3,9,4,7,57.1,0,1,0,1,2,50,2,4,6,3,2,4,0,9,31,0,0,4,1.5,1,0.5,0.333333333,0.666666667,0,1.5,57.10659898,1.5,0.666666667,5.166666667,1840760
Trevor Hudgins,G,HOU,24,5,0,5,28.3,9,2,9,22.2,2,8,25,3,3,100,0,0,0,3,1,0,0,1,13,0,0,3,1.8,0,0.6,0.2,0,0,0.2,43.60465116,3,0.6,2.6,
Tyler Dorsey,G,DAL,27,3,2,1,8.3,9,4,5,80,1,2,50,0,0,0,1,1,2,0,0,0,0,0,11,0,0,2,3,0.666666667,0,0,0,0,0,90,,0.666666667,3.666666667,
Alize Johnson,F,SAS,27,4,1,3,29.5,7,3,6,50,0,2,0,1,2,50,2,8,10,1,4,1,0,3,20,0,0,12,1.75,2.5,0.25,1,0.25,0,0.75,50.87209302,0.25,3,5,
Chance Comanche,C,POR,27,1,0,1,20.8,7,3,5,60,0,0,0,1,4,25,2,1,3,0,0,0,1,0,14,0,0,-29,7,3,0,0,0,1,0,51.77514793,,-29,14,
Xavier Moon,PG,LAC,28,4,2,2,19.6,7,3,9,33.3,1,3,33.3,0,0,0,0,3,3,5,1,0,0,2,17,0,0,3,1.75,0.75,1.25,0.25,0,0,0.5,38.88888889,5,0.75,4.25,
Leandro Bolmaro,F,UTA,22,14,8,6,68.5,6,3,20,15,0,4,0,0,0,0,4,3,7,7,7,3,1,10,30,0,0,2,0.428571429,0.5,0.5,0.5,0.214285714,0.071428571,0.714285714,15,1,0.142857143,2.142857143,
Marko Simonovic,C,CHI,23,7,3,4,19.6,6,2,7,28.6,1,4,25,1,2,50,1,1,2,0,0,0,0,5,8,0,0,15,0.857142857,0.285714286,0,0,0,0,0.714285714,38.07106599,,2.142857143,1.142857143,
Mfiondu Kabengele,C,BOS,25,4,3,1,36.4,6,2,7,28.6,0,3,0,2,2,100,5,5,10,0,1,2,0,3,23,0,0,-5,1.5,2.5,0,0.25,0.5,0,0.75,38.07106599,0,-1.25,5.75,
Vernon Carey Jr.,C,UTA,22,11,8,3,28.5,6,2,8,25,0,0,0,2,2,100,3,8,11,3,2,2,2,5,34,0,0,-10,0.545454545,1,0.272727273,0.181818182,0.181818182,0.181818182,0.454545455,33.78378378,1.5,-0.909090909,3.090909091,
Dylan Windler,SG,CLE,26,3,3,0,10.4,5,2,3,66.7,1,2,50,0,0,0,0,0,0,1,1,1,0,0,9,0,0,-1,1.666666667,0,0.333333333,0.333333333,0.333333333,0,0,83.33333333,1,-0.333333333,3,
Kobi Simmons,G,CHA,25,5,1,4,27.8,5,1,6,16.7,1,5,20,2,2,100,1,3,4,5,1,0,2,0,22,0,0,-19,1,0.8,1,0.2,0,0.4,0,36.3372093,5,-3.8,4.4,
Malcolm Hill,F,CHI,27,5,4,1,9.2,5,2,4,50,1,3,33.3,0,0,0,0,3,3,0,0,0,0,1,9,0,0,9,1,0.6,0,0,0,0,0.2,62.5,,1.8,1.8,
Braxton Key,G,DET,26,3,0,3,9.1,4,1,1,100,0,0,0,2,2,100,0,1,1,0,0,0,0,0,5,0,0,-3,1.333333333,0.333333333,0,0,0,0,0,106.3829787,,-1,1.666666667,
Dereon Seabron,G,NOP,22,5,2,3,11.6,4,2,5,40,0,0,0,0,0,0,1,0,1,0,0,0,0,1,5,0,0,10,0.8,0.2,0,0,0,0,0.2,40,,2,1,
Donovan Williams,G,ATL,21,2,1,1,4.3,4,2,5,40,0,2,0,0,0,0,0,2,2,0,0,0,0,0,6,0,0,6,2,1,0,0,0,0,0,40,,3,3,
Devon Dotson,G,WAS,23,6,1,5,53.1,3,1,10,10,1,4,25,0,0,0,6,4,10,8,3,5,0,9,39,0,0,-3,0.5,1.666666667,1.333333333,0.5,0.833333333,0,1.5,15,2.666666667,-0.5,6.5,
Jacob Gilyard,G,MEM,24,1,0,1,40.8,3,1,3,33.3,1,3,33.3,0,0,0,0,4,4,7,2,3,0,3,25,0,0,-13,3,4,7,2,3,0,3,50,3.5,-13,25,
Jordan Schakel,F,WAS,24,2,0,2,6.2,3,1,2,50,1,1,100,0,0,0,0,0,0,1,0,1,0,1,8,0,0,6,1.5,0,0.5,0,0.5,0,0.5,75,,3,4,
Trevor Keels,G,NYK,19,3,3,0,8,3,1,4,25,1,4,25,0,0,0,0,2,2,0,0,0,0,0,5,0,0,-18,1,0.666666667,0,0,0,0,0,37.5,,-6,1.666666667,
Chima Moneke,F,SAC,27,2,1,1,7.9,2,1,2,50,0,0,0,0,2,0,2,0,2,1,2,0,0,2,4,0,0,-9,1,1,0.5,1,0,0,1,34.72222222,0.5,-4.5,2,
Chris Silva,F,DAL,26,1,1,0,3,2,1,1,100,0,0,0,0,0,0,0,0,0,0,1,0,0,2,1,0,0,1,2,0,0,1,0,0,2,100,0,1,1,
Stanley Umude,G,DET,24,1,0,1,2.1,2,0,1,0,0,1,0,2,2,100,0,0,0,0,0,1,1,0,8,0,0,3,2,0,0,0,1,1,0,53.19148936,,3,8,1329577
Alondes Williams,SG,BKN,23,1,1,0,5.3,0,0,0,0,0,0,0,0,0,0,0,1,1,0,2,0,0,1,-1,0,0,-5,0,1,0,2,0,0,1,,0,-5,-1,
Deonte Burton,F,SAC,29,2,1,1,6.5,0,0,2,0,0,1,0,0,0,0,0,0,0,0,0,0,0,0,0,0,0,5,0,0,0,0,0,0,0,0,,2.5,0,
Frank Jackson,G,UTA,24,1,0,1,5,0,0,3,0,0,1,0,0,0,0,1,1,2,1,0,0,0,0,4,0,0,-2,0,2,1,0,0,0,0,0,,-2,4,
Michael Foster Jr.,PF,PHI,20,1,1,0,1,0,0,0,0,0,0,0,0,0,0,0,0,0,0,0,0,0,0,0,0,0,-2,0,0,0,0,0,0,0,,,-2,0,
Sterling Brown,G,LAL,28,4,2,2,24.4,0,0,4,0,0,2,0,0,0,0,3,5,8,2,0,3,0,4,22,0,0,-4,0,2,0.5,0,0.75,0,1,0,,-1,5.5,
