Link,Title,Context,PublishTime
https://news.ltn.com.tw/news/life/breakingnews/5076759,豪雨地震後蘇花公路土石鬆動 落石砸中轎車2車受損,"〔記者江志雄／宜蘭報導〕蘇花公路山區近來受豪雨及地震影響，多處路段土石鬆動，台9線116公里昨天下午發生落石砸中路過轎車引擎蓋，落石彈到路面後，被另1輛車輾過，造成車輪爆胎，所幸無人受傷。警方呼籲用路人近期行駛蘇花務必減速慢行注意安全。
交通部公路局東區養護工程分局今天（16日）發布新聞稿指出，南澳工務段啟動上邊坡UAV（無人航空載具）空拍作業，依照空拍畫面落石分析，儘速辦理邊坡保護工程，確保用路通行安全。
案發當時，42歲林姓男子駕車沿著蘇花公路往南行駛，昨天下午1點多，行經東澳到南澳段的台9線116公里時，突如其來的落石，砸中林男轎車引擎蓋，導致引擎蓋凹陷。
落石砸車後彈飛到路面，69歲男子駕駛的轎車煞車不及輾過石塊，車輪割破爆胎。警方獲報到場交管，排隊車輛一度大排長龍，半個小時後排除狀況，恢復正常通行。
蘇澳警分局表示，近期蘇花公路山區天候不穩定，易有落石或路樹倒塌，用路人開上蘇花請開啟車輛大燈並減速慢行，以利因應各種突破狀況，確保行車安全。",2025/06/16 16:04
https://news.ltn.com.tw/news/life/breakingnews/5072962,中橫台8線豁然亭路段坍方預計13日中午搶通 蘇花不排除今晚預警性封閉,"首次上稿：15:11更新時間：15:25
〔記者王錦義／花蓮報導〕昨日東部發生規模6.4地震及受熱帶低壓降雨影響，中橫公路台8線157.7k豁然亭路段，今（12）日下午2點多，上邊坡持續坍方落石阻斷交通，公路局東區養護工程分局指出，待落石稍緩隨即進行搶修，預計明（13）日中午12時搶通，台8線關原至天祥（114.6k~167.4k）路段暫時封閉，下午14時30分起只出不進。
公路局東區養護工程分局指出，發生落石後，太魯閣工務段立即派員前往現場搶修，同時於災點遠、近端管制交通，並於聯外道路沿線電子資訊看板（CMS）公布阻斷訊息，避免用路人持續進入災害路段；搶修現場因邊坡仍持續發生坍方落石，且雨、霧天候視線欠佳，搶修人員、機械於現場持續警戒守視，待落石稍緩隨即進行搶修。
另外，蘇花路廊午後至晚間可能有短時大雨情形發生，預估累積雨量達100到130毫米，公路局東區養護工程分局指出，南澳工務已成立緊急應變小組，並於蘇花路廊沿線進駐搶災機具及警戒人員加強巡查及待命。
因0403強震後蘇花公路高位邊坡仍屬不穩定狀態，為維護用路人安全，台9線154.7k~165.7k（和仁~崇德）及台9丁線60.3K~63K.600（和中~和仁路段）夜間不排除今天晚上起實施預警性封閉。
公路局籲請用路人，山區道路地震、颱風過後及豪雨（或連續降雨）期間易坍方、落石，路況難以掌握，非必要請避免進入山區道路，並應隨時注意氣象資訊及道路通阻訊息，事先規劃行程預作應變準備。請充分利用公路局智慧化省道即時資訊服務網（https://168.thb.gov.tw）或手機下載「幸福公路APP」及收聽路況廣播訊息，掌握最新道路資訊。",2025/06/12 15:25
https://news.ltn.com.tw/news/society/breakingnews/5068513,花蓮大雨溪水暴漲 砂婆礑溪戲水受困7人獲救,"〔記者王錦義／花蓮報導〕花蓮縣消防局第一大隊於今（8）日16時24分接獲報案，指出秀林鄉砂婆噹溪有一行遊客在戲水返程途中，因溪水突暴漲受困溪畔，急需救援。消防局獲報後，立即啟動救援行動，派遣16輛車、21名救難人員火速前往現場展開救援，利用繩索將七人陸續帶到對岸，全員沒有大礙；另外，氣象署今（8）日午後，發布大雷雨即時訊息，持續時間到晚間八點，蘇花公路等山區道路須注意落石。
消防局表示，今日午後山區天氣變化劇烈，砂婆噹溪水位瞬間上升，造成多名戲水學生一度無法順利脫困。救援人員到達現場後，迅速評估地形與水流狀況，展開繩索架設與分批接駁作業，安全協助所有受困民眾脫離險境。經過緊急搶救行動，受困人員全數平安獲救，無人受傷，救援行動於晚間順利完成，圓滿落幕。
花蓮縣消防局呼籲，近期進入夏季戲水旺季，民眾前往溪流、山區戲水時，務必隨時留意天候變化及溪流水位，切勿於天氣不穩時進入溪谷活動，以避免突發危險情況。同時提醒，若發現溪水異常混濁、流速加快，應立即撤離至安全地點，確保自身安全。若接獲氣象署山區暴雨之溪水暴漲警示，或是看到山邊烏雲密布，請盡速離開水域。
氣象署發布警報，對流雲系發展旺盛，易有短延時強降雨，今（8）日花蓮縣山區有局部大雨或豪雨，花蓮、屏東地區及各地山區有局部大雨發生的機率，請注意雷擊及強陣風，山區請慎防坍方及落石，低窪地區請慎防積水。",2025/06/08 18:58
https://news.ltn.com.tw/news/life/breakingnews/5067946,宜花慎防雨彈 走蘇花公路注意安全,"吳裕堯／核稿編輯
〔即時新聞／綜合報導〕中央氣象署發布大雨特報提醒，對流雲系發展旺盛，易有短延時強降雨，宜蘭及花蓮（蘇花公路一帶）夜間到今天有局部大雨發生機率，請注意雷擊及強陣風，山區慎防坍方及落石，低窪地區慎防積水。
另外，週日高溫炎熱，花蓮縣玉里鎮中午前後有36°C以上氣溫發生機率。而其他各地高溫普遍為31到34度，感受悶熱，戶外活動請注意防曬，多補充水分。",2025/06/08 00:07
https://news.ltn.com.tw/news/life/paper/1709174,端午連假 蘇花路廊今湧南下車潮,"〔記者江志雄／宜蘭報導〕今天是端午節連假首日，蘇花路廊清晨起湧現南下車潮，估計中午後才能紓解，蘇澳到崇德段開放大客車行駛蘇花改路肩。
端午節連假第一天，蘇花路廊以南下車潮為主，交通部公路局提醒用路人，若是長途旅次，請行駛蘇花改台九線，避免行駛台九丁線（舊蘇花公路），以節省旅行時間。
三天連假期間，蘇花路廊蘇澳及崇德路段在尖峰時段啟動大客車優先通行措施，同步開放蘇花改路肩供大客車行駛，但禁止二十一噸以上大貨車通行，禁行時段如下：今天上午五點到下午五點、明天上午七點到十一點、六月一日中午十二點到晚間六點。
另外，六月一日起蘇花路廊改以北返車潮為主，當天北返車潮預估在上午十一點湧現，持續到下午四點。由於蘇花路廊常受豪雨及地震影響發生坍方落石，用路人行前請先留意氣象及道路行車訊息，確認通行無阻再上路。
交通部公路局呼籲大家多利用非尖峰時段避開車潮，並做好車輛安全檢查，切勿疲勞駕駛，蘇花路廊路況查詢電話：03-9962683。",2025/05/30 05:30
https://news.ltn.com.tw/news/life/breakingnews/5058655,端午連假首日 蘇花路廊估清晨5點湧現南下車潮午後才能紓解,"〔記者江志雄／宜蘭報導〕明天（30日）是端午節連假首日，交通部公路局預估蘇花路廊清晨5點起就會湧現南下車潮，中午過後才能紓解，蘇澳到崇德段開放大客車行駛蘇花改路肩。
端午節連假第一天，蘇花路廊以南下車潮為主，交通部公路局提醒用路人，若是長途旅次，請行駛蘇花改台9線，避免行駛台9丁線（舊蘇花公路），以節省旅行時間。
3天連假期間，蘇花路廊蘇澳及崇德路段在尖峰時段啟動大客車優先通行措施，同步開放蘇花改路肩供大客車行駛，但禁止21噸以上大貨車通行，禁行時段如下：30日上午5點到下午5點、31日上午7點到11點、6月1日中午12點到晚間6點。
另外，6月1日起蘇花路廊改以北返車潮為主，當天北返車潮預估在上午11點湧現，持續到下午4點。由於蘇花路廊常受豪雨及地震影響發生坍方落石，用路人行前請先留意氣象及道路行車訊息，確認通行無阻再上路。
交通部公路局呼籲大家多利用非尖峰時段避開車潮，並做好車輛安全檢查，切勿疲勞駕駛，蘇花路廊路況查詢電話：03-9962683。",2025/05/29 16:31
https://news.ltn.com.tw/news/life/paper/1708550,北花線客運假日復駛 延至6月中,"〔記者王錦義／花蓮報導〕台北往返花蓮的客運路線「北花線」行經台九線，原本經營的三家業者今年初因為運量太低、不堪虧損，將由葛瑪蘭客運接手營運，原預計六月一日開通「一九一八」假日路線，近日因部分路段屢因大雨中斷暫緩。業者指出，可能要等到六月中旬才會上路運行。
蘇花公路近日屢因雨中斷 安全有疑慮
葛瑪蘭客運總經理李俊仁指出，蘇花公路目前雖已恢復通行，大客車運行標準較高，一九一八路線必須在主管機關確認安全無虞的前提下才能開通，公司下週會再與公路局工程單位聯繫，若工程單位認為路況可供大客車安全運行，一九一八路線可能延到六月中旬提供服務，實際上路日期仍待公告。
蘇花改二○二○年通車後，公路局開通台北直達花蓮的客運路線「北花線」，包括首都客運一五八○線（板橋─花蓮）、台北客運一○七一線（南港─花蓮）和統聯客運一六六三線（南港─花蓮），營運期間遭遇武漢肺炎疫情，以及台鐵大量投入新式列車，提升東部幹線運能等因素影響，衝擊客運載運量，有時還會出現空車窘境，業者不堪虧損，今年初決定不接續營運。
原3路線整合 1918由葛瑪蘭營運
公路局避免「北花線」成為絕響，把原本的三條路線併成一條，改為「板橋、南港、國道五號、花蓮」路線，由一家業者經營且放寬班次，平日不行駛，僅假日上路，經營許可五年，公告開放業者申請後，今年三月確定由葛瑪蘭客運接手營運。
李俊仁表示，一九一八路線考量假日旅遊及民眾需求，主要提供假日服務，平日因火車票都能訂到，交通疏運沒有太大問題，不過連假或年節期間有運行需求，公司會盡力加開班次。他說，葛瑪蘭客運身為東部在地業者，決定扛起「北花線」的營運責任，在可以承受的壓力下，提供民眾一條回家的路線選擇。",2025/05/26 05:30
https://news.ltn.com.tw/news/politics/breakingnews/5050873,蘇花路斷傅崐萁怪交通部 議員胡仁順：不要只會檢討別人,"郭顏慧／核稿編輯
〔即時新聞／綜合報導〕花蓮連日豪雨不斷，蘇花公路土石流持續發生，台鐵和仁至崇德間也再度因土石泥流影響雙向中斷，立法院國民黨團總召傅崐萁則是在立院質詢時怒批「安全回家的路一再跳票」，民進黨9年來到底為花東人民做了什麼，並要求交通部1個月提改善，花蓮縣議員胡仁順對此提出10點分析，怒批傅崐萁、徐榛蔚又在拉仇恨。
針對花蓮鐵公路中斷，花蓮縣長徐榛蔚昨也開記者會，稱花蓮迫切需要一條安全回家的路，呼籲中央重視東部民眾交通權益，她也邀請總統賴清德，親自搭火車或開車走一趟蘇花，感受花蓮人對聯外交通的不便與辛苦。
花蓮縣議員胡仁順在臉書發文指出，昨日傅崐萁、徐榛蔚又在拉仇恨，同時他也對「蘇花路斷」提出10點評論。首先他指出，10年前的舊蘇花，都是斷在蘇花北端宜蘭境內，特別多落石坍方阻路，並不是崇德這段。
胡仁順也附上圖片說明，指出「雙向阻斷與管制天數最高的是南澳-和仁段，再來是東澳-南澳、蘇澳-東澳，崇德段不算多」、「2010年馬英九政府 選擇三段做蘇花改，當時的環境影響說明書提到：和平-崇德段主要事故是車禍，不是落石，不納入改善計劃」。他藉此強調「是國民黨政府時的事、是國民黨政府時的事、是國民黨政府時的事」。
胡仁順表示，以長年開蘇花的經驗來說，這也是真的，當年崇德真的沒有什麼落石問題。之後便開始在落石路段做蘇花改了，並於2020年全線完工通車。
胡仁順指出，蘇花安因為和中-崇德段還是有路型問題及落石風險，2019年起交通部已啟動蘇花安作業，期間依原基法規定，必須取得沿線部落同意。
胡仁順提到，沿線有宜蘭境內3個部落，非常迅速就同意，花蓮境內的4個部落中，也有2個隨即同意，但其餘兩個部落多次流會，延宕了近4年，期間縣府沒有協助協調，任由其無法通過。
胡仁順說，在0403地震後，部落有感於路段安全的重要性，終於通過了部落會議，蘇花改工程處也開始設計規劃，預計在2032年完工通車。對此他也直言「如果縣府早點跳出來協調，讓部落會議一次通過，就可以提早3年開始，現在搞不好已經動工了。可是，沒有如果」。
胡仁順也提出，崇德段的土石流問題是在0403地震後開始的。只要在花蓮抬頭就可以看到山林的傷痕有多大，太管處也說過，初步恢復至少要7年。從海上看，崇德這段的山脈更是傷痕累累。這樣的山，要如何能不土石流？
自0403至今已1年多，鐵路研議改線、蘇花安設計規劃如火如荼進行中。但這不是打電動，點一點就可以完成改線工作或是開山鑿壁完成。更別說花蓮的災後復健都沒做完，他直呼「不要只會檢討別人吧！」
胡仁順也質疑，傅崐萁不用交通部說明花蓮的交通對策，蘇花安本來就是按照規劃期程進行中，鐵路改線也在評估中。一定會有一段陣痛期，但中央能次次調整精進，迅速加開船運與班機運輸，不是努力在解決問題嗎？
此外，胡仁順也批評徐榛蔚，「有對秀林老師遇害事件與早午餐店遭衝撞事件出來道歉、說明、補上政策漏洞嗎？你有對大坌坑的活人與古人爭議出來協調嗎？你有出來說明過查水表事件嗎？你有出來詳細講解災後重建問題嗎？你有出來說明事涉兩億預算的礦石稅爭議嗎？」對於這些問題，胡仁順也直言「都沒有。只有美美跑活動與會勘，還有遇到可以攻擊中央的時候，你才會醒來」。
胡仁順在文末也提到，「我們的觀光業，真的辛苦了。除了盡力打造安全的路，也希望縣內可以打造更吸引遊客、甚至本地人也喜歡的旅遊環境」。",2025/05/22 10:13
https://news.ltn.com.tw/news/life/paper/1707946,蘇花路斷怪中央 民進黨團批花縣府,"〔記者花孟璟／花蓮報導〕連日來北花蓮的午後雷陣雨，鐵公路遭落石土石崩塌埋沒的畫面嚇壞不少遊客，觀光業者統計，端午三天連假訂房率只剩三成，縣長徐榛蔚率觀光業者抗議「盼賴政府給花蓮人安全回家的路」。
花蓮縣議會民進黨團則抨擊，○四○三地震後花蓮縣政府自己的重建工作都還沒搞定，蘇花公路鑿山挖洞的大型工程怎可能一年馬上好？要求中央前應該先想自己。
蘇花改通車 危險路段有改善
議會民進黨團總召張美慧說，傅崐萁從當縣長到立委，最會拿「安全回家的路」當口號，基本上蘇花改五年前通車後，最容易落石的危險路段包括蘇澳九宮里路段、東澳到南澳、和平至和中段都已經在蘇花改完工後改善。
張美慧說，去年到今年遇雨道路就中斷主要發生在崇德段，原因是○四○三地震後造成，交通部已在研議鐵路改線，然而這些需要鑿山挖洞的大型工程需要時間，不可能一年完成，中央亦持續推出備援交通方案，縣府卻全然不提，縣府份內的災後重建都做不好，還好意思先怪中央？
端節訂房已退掉3成 業者叫苦
蘇花公路及台鐵北迴線三天以來不斷傳出土石流災情，公路前天已搶通，鐵路目前維持單線雙向，觀光業者叫苦連連，率隊抗議的縣長徐榛蔚說，花蓮陷入路斷、搶修、路斷、搶修的輪迴，無法徹底改善，強調「花蓮人的交通平權在哪」、花蓮人要安全回家的路。
花蓮縣觀光協會理事長陳義豐說，媒體不斷放送的蘇花公路崩塌畫面讓旅客充滿恐懼，三天以來已接到許多訂房取消，端午節至六月中的訂房已退掉三成，目前陸續退訂中，暑假訂房也受到影響，「花蓮的觀光業在過去一年來，承受全台有史以來最低的住房率」，希望中央能幫助觀光業者，讓遊客能維持最基本的安全感。",2025/05/22 05:30
https://news.ltn.com.tw/news/life/paper/1707947,蘇花斷備援海運 天王星21號試泊花蓮港,"〔記者王錦義／花蓮報導〕蘇花公路崇德至和仁路段因地震後山區土石鬆軟逢雨就坍，雖已陸續搶通仍影響花蓮交通。航港局因應海運備援需求，昨出動「天王星二一號」客輪從台東航行到花蓮試泊，熟悉花蓮海域也測試停泊碼頭高度，未來將視中央指示支援花蓮到宜蘭蘇澳的緊急疏運工作。
去年○四○三花蓮大地震後，蘇花崇德至和仁路段鐵公路邊坡土石鬆動，遇大雨常發生土石流使交通受阻，近日又因午後雷陣雨造成公路三天中斷二次，台鐵則因軌道遭土石泥流淹蓋、電車線受損，東正線昨凌晨搶通，西正線預估最快廿四日修復完成。
新「天王星二一號」是全新打造的客輪，全長卅七．五一公尺、船寬十公尺、總噸位四八八噸，載客量高達三五二人，三月底啟用，主要服務台東富岡漁港到綠島的航線，昨因應交通部海運備援疏運措施，上午從台東航行到花蓮港靠泊十四號碼頭測試。
航港局指出，天王星二一號客輪從未停靠過花蓮港，昨天趁輪休之際，從富岡漁港航行到花蓮港靠泊，熟悉花蓮海域的洋流，透過停靠調整船隻與碼頭間最合適高度。",2025/05/22 05:30
https://news.ltn.com.tw/news/politics/breakingnews/5049763,蘇花三天斷兩次、花蓮端午訂房僅3成 徐榛蔚喊「請賴總統到花蓮看看」,,
https://news.ltn.com.tw/news/life/paper/1707784,花蓮強降雨土石崩 鐵公路又斷,,
https://news.ltn.com.tw/news/politics/breakingnews/5049472,花蓮崇德鐵公路雙斷！秀林鄉和平村明上午停班停課,,
https://news.ltn.com.tw/news/life/breakingnews/5049300,蘇花公路大清水路段中斷 晚間8點40分搶通,,
https://news.ltn.com.tw/news/life/breakingnews/5049429,蘇花公路和仁至崇德路段 交通阻斷4小時後搶通,,
https://news.ltn.com.tw/news/life/breakingnews/5049359,蘇花鐵公路雙斷 交部啟動海陸空聯防疏運,,
https://news.ltn.com.tw/news/life/breakingnews/5049123,蘇花公路大清水路段大雨 土石溢流路面暫時封閉,,
https://news.ltn.com.tw/news/society/breakingnews/5048945,蘇花公路2車擦撞1人受傷送醫 奧迪轎車駕駛涉肇逃被送辦,,
https://news.ltn.com.tw/news/life/breakingnews/5047414,端午連假國道客運6折 公路管制及地雷路段一次看,,
https://news.ltn.com.tw/news/life/breakingnews/5047073,大雨轟炸花蓮影響鐵公路！蘇花改中仁隧道緊急開放南下,,
https://news.ltn.com.tw/news/life/breakingnews/5046934,大雨轟炸！ 北迴鐵路中斷今無法修復 蘇花公路不排除封路,,
https://news.ltn.com.tw/news/life/paper/1706992,護蘇花通行 石公溪疏濬近5成 預計8月完工,,
https://news.ltn.com.tw/news/life/breakingnews/5038192,雨彈轟炸！舊蘇花和中到和仁路段預警性封閉 改走蘇花改,,
https://news.ltn.com.tw/news/life/breakingnews/5036103,宜蘭交通長期被漠視！爭取高鐵延伸 年輕人發起支持聲浪,,
https://news.ltn.com.tw/news/society/paper/1702757,毒死整排芒果樹判6月 護樹團體批太輕,,
https://news.ltn.com.tw/news/society/breakingnews/5017677,不滿馬路拓寬遷就樹？傅崐萁前主任毒死242棵芒果判刑6個月,,
https://news.ltn.com.tw/news/life/paper/1702523,蘇花改中仁隧道 普通重機4/30 起通行,,
https://news.ltn.com.tw/news/life/breakingnews/5016093,蘇花改長隧道首次 中仁隧道4/30試辦開放普通重機,,
https://news.ltn.com.tw/news/life/breakingnews/5001406,清明連假第2天這些觀光景點聯外道恐塞爆  公路局建議改道,,
https://news.ltn.com.tw/news/life/paper/1699955,0403地震週年／太魯閣重建 上半年開放局部景區,,
https://ent.ltn.com.tw/news/paper/1699919,花蓮強震滿週年 麥覺明走訪災區記錄重建,,
https://ent.ltn.com.tw/news/breakingnews/5001112,（獨）花蓮強震滿週年！麥覺明挺災區「見一幕」驚呼：太魯閣下雪了,,
https://news.ltn.com.tw/news/life/breakingnews/5000902,清明連假首日蘇花路廊湧車潮  南下每小時上千輛車次,,
https://news.ltn.com.tw/news/life/breakingnews/5000619,0403地震滿週年持續重建太魯閣 天祥遊憩區估上半年局部開放,,
https://news.ltn.com.tw/news/life/paper/1699441,防落石避難 崇德遊憩區增鋼構亭,,
https://news.ltn.com.tw/news/life/breakingnews/4996502,蘇花公路台9丁線南方澳路段坍方搶通 採管制引導方式通行,,
https://news.ltn.com.tw/news/life/breakingnews/4989583,清明連假90條國道客運6折 各公路地雷時段懶人包一次看,,
https://news.ltn.com.tw/news/life/paper/1695852,花東快評估分段可行性 公路局建議優先推動崇德-新城,,
https://news.ltn.com.tw/news/life/breakingnews/4975432,花東快報告「補強內容中」 擬優先開闢崇德－新城路段,,
https://news.ltn.com.tw/news/life/paper/1695536,台鐵崇德–和仁段 先蓋明隧道、排砂道,,
https://news.ltn.com.tw/news/life/breakingnews/4964794,蘇花改白米高架橋檢修 3/3蘇澳到東澳段輪流封閉,,
https://news.ltn.com.tw/news/life/breakingnews/4938687,初五收假！公路15地雷路段一次看 中橫翠峰至大禹嶺預警封閉,,
https://news.ltn.com.tw/news/life/breakingnews/4938131,大年初四將湧現北返車潮 公路局統整14地雷路段,,
https://news.ltn.com.tw/news/life/breakingnews/4937977,年初三提前北返   蘇花崇德段中午出現車潮,,
https://news.ltn.com.tw/news/life/breakingnews/4937512,金蛇會反轉成龍！ 花蓮天上王母娘娘勝安宮抽中上國運籤,,
https://news.ltn.com.tw/news/life/breakingnews/4936722,蘇花路廊南下車潮估明天初一最高峰 恐早上5點塞到下午5點,,
https://news.ltn.com.tw/news/life/breakingnews/4934683,春節連假首日 蘇花路廊南下花蓮路段車流順暢,,
https://news.ltn.com.tw/news/life/breakingnews/4931117,嘉義大埔規模6.4地震近阿里山 旅遊住宿未受影響,,
https://news.ltn.com.tw/news/society/breakingnews/4925777,妙齡女車手花蓮面交取款350萬 得手5分鐘遭黑吃黑攔車搶走,,
https://news.ltn.com.tw/news/life/paper/1687250,蘇花匯德隧道南口整修 今明交管,,
https://news.ltn.com.tw/news/life/paper/1686542,春節疏運 蘇花路廊南下初一最塞,,
https://news.ltn.com.tw/news/life/paper/1684106,林姿妙就職６週年 涉貪案12月31日宣判,,
https://news.ltn.com.tw/news/politics/breakingnews/4903827,涉貪官司12/31宣判  林姿妙：相信司法會還清白,,
https://news.ltn.com.tw/news/life/breakingnews/4898905,花蓮台9線下清水橋修復   今晚恢復雙向通行,,
https://news.ltn.com.tw/news/life/breakingnews/4889536,蘇花下清水橋臨時便橋拆除 12/11~12/20單線雙向管制,,
https://news.ltn.com.tw/news/politics/breakingnews/4887230,為水電穩定供給提解方   政院第3次經發會聚焦「6大區域治理計畫」,,
https://news.ltn.com.tw/news/society/breakingnews/4881206,宜蘭舊蘇花公路小客車起火燃燒  姊弟及時逃出,,
https://news.ltn.com.tw/news/life/breakingnews/4876032,蘇花改蘇澳到東澳南下線  11/27起連2天白天施工封閉,,
https://news.ltn.com.tw/news/life/breakingnews/4874825,蘇花改南澳到和平段北上線施工 11/26-12/1全天封閉,,
https://news.ltn.com.tw/news/life/breakingnews/4868097,台鐵北迴線小清水溪橋改建進度超前 估12/21通車,,
https://news.ltn.com.tw/news/life/breakingnews/4862733,天兔颱風來襲 6公路恐預警性管制、台鐵北迴線警戒,,
https://news.ltn.com.tw/news/life/breakingnews/4861120,明天氣短暫好轉高溫30度 「天兔」接近明晚東半部轉風雨,,
https://news.ltn.com.tw/news/life/paper/1676377,國五接蘇花改工程 370億最快明批示,,
https://news.ltn.com.tw/news/life/paper/1675162,蘇花匯德隧道北口大坍方 提前搶通,,
https://news.ltn.com.tw/news/life/breakingnews/4850143,蘇花路廊匯德隧道11:00搶通 和仁至崇德段今放行2時段,,
https://news.ltn.com.tw/news/life/breakingnews/4849127,蘇花公路又被土石流淹沒！凱旋3號海運備援啟動,,
https://news.ltn.com.tw/news/life/breakingnews/4849086,花蓮人哭哭！火車「北只能到北埔、往南卡在木瓜溪」台鐵啟動類火車接駁,,
https://news.ltn.com.tw/news/life/paper/1674708,蘇花、中橫、北橫 預警性封閉,,
https://news.ltn.com.tw/news/life/breakingnews/4847321,蘇花路廊今夜21時起「只出不進」 23時起封閉,,
https://news.ltn.com.tw/news/life/breakingnews/4846181,康芮颱風撲台！8省道警戒 注意預警性封閉,,
https://news.ltn.com.tw/news/life/paper/1674477,鐵公路加強預警 龜山島封島3天,,
https://news.ltn.com.tw/news/life/breakingnews/4845394,康芮颱風週四籠罩全台 交部長揭3大防颱應變作為,,
https://news.ltn.com.tw/news/life/breakingnews/4842052,視察淡江大橋未通知地方挨批 陳世凱「勘災」缺席改陳彥伯代打,,
https://news.ltn.com.tw/news/life/paper/1672813,強化預警 氣象署將設宜花雨量觀測站,,
https://art.ltn.com.tw/article/paper/1671792,【自由副刊】 黃信恩／蘇花公路上的乳攝車,,
https://news.ltn.com.tw/news/life/paper/1671851,蘇花改觀音谷風隧道 南下今晚封閉,,
https://news.ltn.com.tw/news/life/breakingnews/4829113,蘇花改南澳到大清水路段施工  10/14起啟動夜間交管,,
https://news.ltn.com.tw/news/life/paper/1671264,蘇花公路和仁至崇德段 雙十假期暫停管制,,
https://news.ltn.com.tw/news/life/breakingnews/4824949,蘇花公路崇德段雙十節暫停管制 方便民眾順暢通行,,
https://news.ltn.com.tw/news/life/paper/1670390,花蓮旅客等了4天 台鐵北迴線復通,,
https://news.ltn.com.tw/news/life/breakingnews/4820104,紓解客貨運輸需求  蘇花公路「和仁–崇德段」今晚5點起到7日早上8點不管制,,
https://news.ltn.com.tw/news/life/paper/1670229,中央山脈庇護 中橫東段災害未擴大,,
https://news.ltn.com.tw/news/life/breakingnews/4814825,山陀兒颱風》全國交通、活動異動、景點關閉一次看（不斷更新）,,
https://news.ltn.com.tw/news/life/breakingnews/4819070,蘇花土石流、明霸克露橋便道遭沖毀 全台公路12處道路封閉,,
https://news.ltn.com.tw/news/life/breakingnews/4819057,提前2小時搶通！ 蘇花崇德段下午放行3時段,,
https://news.ltn.com.tw/news/life/breakingnews/4818922,蘇花崇德段又見土石流 預計15:00全線放行,,
https://news.ltn.com.tw/news/life/breakingnews/4818822,山陀兒來襲！蘇花、南橫等公路14路段預警性封閉,,
https://news.ltn.com.tw/news/life/paper/1670154,花蓮3便道沖毀 1老翁落水失蹤,,
https://news.ltn.com.tw/news/life/breakingnews/4818459,蘇花公路3路段 晚間9點後預警性封閉,,
https://news.ltn.com.tw/news/life/breakingnews/4818139,蘇花「午後開放2次通行」18:00後封閉 全台10處預警封閉,,
https://news.ltn.com.tw/news/life/breakingnews/4818012,山陀兒停滯！ 蘇花公路下午開放2時段通行  晚間6點後預警性封閉,,
https://news.ltn.com.tw/news/life/breakingnews/4817859,蘇花公路「今午開放1小時」13時關閉 全台13處公路預警封閉,,
https://news.ltn.com.tw/news/life/paper/1670001,南迴公路封閉 台東對外交通中斷,,
https://news.ltn.com.tw/news/life/paper/1669899,全國消防楷模鳳凰獎》救人、救災先鋒 葉明欽、許偉凱表現優異,,
https://news.ltn.com.tw/news/life/paper/1669882,海巡馳援19外籍船員 花蓮撤離3000人,,
https://news.ltn.com.tw/news/society/breakingnews/4817660,風災、地震、空難無役不與 許偉凱當選「鳳凰獎」消防楷模,,
https://news.ltn.com.tw/news/life/breakingnews/4816832,蘇花公路持續發生土石泥流 公路封閉路段一次看,,
https://news.ltn.com.tw/news/life/breakingnews/4816924,蘇花公路崇德坍塌15:00搶通 放行至17:00後預警性封閉,,
https://news.ltn.com.tw/news/life/breakingnews/4816440,山陀兒颱風》蘇花公路崇德段持續坍方 蘇澳南下僅能到和平,,
https://news.ltn.com.tw/news/life/paper/1669698,花蓮鐵公路中斷 僅剩南迴公路可通行,,
https://news.ltn.com.tw/news/life/paper/1669730,助民防淹水 台東公所備6千沙包,,
https://news.ltn.com.tw/news/life/paper/1669697,高鐵今正常營運 海空運部分停航,,
https://news.ltn.com.tw/news/life/breakingnews/4815808,蘇花公路預警性封閉、台23線今晚8點後也封 不排除封閉另6路段,,
https://news.ltn.com.tw/news/life/breakingnews/4815530,花蓮崇德段陸路中斷 立榮航空加開台北-花蓮班機,,
https://news.ltn.com.tw/news/life/breakingnews/4815183,山陀兒逼近！蘇花匯德隧道8車14人脫困 北上鐵公路交通都中斷,,
https://news.ltn.com.tw/news/life/breakingnews/4815168,蘇花公路爆土石流！崇德-和仁「只出不進」 台鐵也停駛,,
https://news.ltn.com.tw/news/life/paper/1669653,山陀兒颱風逼近 宜蘭龜山島、太平山預警封閉,,
https://news.ltn.com.tw/news/life/breakingnews/4814502,山陀兒颱風外圍影響 蘇花公路不排除預警性封路,,
https://news.ltn.com.tw/news/life/breakingnews/4811546,國慶沒連假！海陸空仍加開疏運 交通部：視同四天連假,,
https://news.ltn.com.tw/news/life/paper/1668791,蘇花改南澳到和平段北上 封閉2週,,
https://news.ltn.com.tw/news/life/breakingnews/4809120,蘇花改和平溪河川橋施工 南澳到和平段北上9/25起交管2週,,
https://news.ltn.com.tw/news/life/breakingnews/4807553,花蓮北區恐有強降雨 蘇花公路不排除預警性封路,,
https://news.ltn.com.tw/news/life/paper/1668258,企業相挺 花蓮重機械救援隊成軍,,
https://news.ltn.com.tw/news/life/breakingnews/4806899,董仔最多的特搜隊！花蓮重機械防災協會成軍 2600萬吊車曝光,,
https://news.ltn.com.tw/news/life/paper/1667614,蘇花和仁至崇德 恢復施工管制,,
https://news.ltn.com.tw/news/life/paper/1667480,花蓮拚觀光 議員︰開拓南台灣客源,,
https://news.ltn.com.tw/news/life/breakingnews/4800017,蘇花公路一遇雨就可能坍方 公路局今晨緊急搶通恢復通行,,
https://news.ltn.com.tw/news/life/breakingnews/4799790,蘇花和仁至崇德段土石流淹路一度封閉 網嘆：回家都要賭命,,
https://news.ltn.com.tw/news/life/paper/1666695,蘇花和仁至崇德段 明下午５點停工,,
https://news.ltn.com.tw/news/life/breakingnews/4796119,視察蘇花災情 交通部長陳世凱：最短時間建立邊坡告警系統,,
https://news.ltn.com.tw/news/life/breakingnews/4795556,花蓮土石流斷鐵公路 陳世凱：建立3小時疏運SOP,,
https://news.ltn.com.tw/news/life/paper/1666305,災點加碼機具 蘇花164.5K土石流搶通,,
https://news.ltn.com.tw/news/life/breakingnews/4794842,公路局搶通超前部署 蘇花公路搶災預置機具因應,,
https://news.ltn.com.tw/news/life/breakingnews/4794499,蘇花崇德段預估明天下午5點雙向通行,,
https://news.ltn.com.tw/news/life/paper/1666101,土石掩埋 北迴崇德-和仁又斷線／遊花蓮野溪溫泉 1車遭沖走父亡子失聯、7車19人困山區,,
https://news.ltn.com.tw/news/life/breakingnews/4794099,蘇花公路、鐵路雙斷 秀林鄉和平村明停班停課,,
https://news.ltn.com.tw/news/life/breakingnews/4794066,土石流阻東部交通 陳世凱：陸海空啟動疏運準備,,
https://news.ltn.com.tw/news/life/breakingnews/4794048,東部北上鐵公路中斷！台東火車站人潮塞爆 3女租車走南迴繞回台北,,
https://news.ltn.com.tw/news/life/breakingnews/4794018,蘇花公路單線搶通！19時30分放行2小時 夜間預防性封閉,,
https://news.ltn.com.tw/news/life/breakingnews/4793955,蘇花公路、北迴鐵路都中斷！台鐵花蓮站爆人潮 立榮加班機時間曝,,
https://news.ltn.com.tw/news/life/breakingnews/4793754,東部大雨特報 蘇花公路、鐵路預警性封閉,,
https://news.ltn.com.tw/news/society/breakingnews/4790989,辯「我不知道」避罰掛假牌 蘇花公路科技執法揪出偽造文書罪移送,,
https://news.ltn.com.tw/news/life/paper/1664259,蘇花改中仁隧道南下 9/2起封2個月,,
https://news.ltn.com.tw/news/life/breakingnews/4782813,開挖排水道  蘇花改中仁隧道南向9/2起至10月底封閉,,
https://news.ltn.com.tw/news/life/paper/1664040,《眺望日本與那國島》石牌縣界公園 增設望遠鏡,,
https://news.ltn.com.tw/news/life/breakingnews/4781561,宜蘭眺望日本與那國島 石牌縣界公園明年增設望遠鏡,,
https://news.ltn.com.tw/news/life/breakingnews/4771885,履行震後「搭火車到花蓮」承諾  卓榮泰今到部落豐年祭作客,,
https://news.ltn.com.tw/news/life/paper/1662223,官我什麼事》台鐵擬漲價 李孟諺：距離越長、調幅遞減,,
https://news.ltn.com.tw/news/life/breakingnews/4770557,台鐵票價調整原則出爐！李孟諺曝：距離越長、調幅遞減,,
https://news.ltn.com.tw/news/life/paper/1662046,蘇花和仁、崇德段 今解除夜間管制,,
https://news.ltn.com.tw/news/life/breakingnews/4770124,畫面曝光！宜蘭5.7地震東北部超有感 蘇花台9丁線傳災情,,
https://news.ltn.com.tw/news/life/breakingnews/4769664,蘇花公路明解除夜間管制 白天仍維持3時段管制放行,,
https://news.ltn.com.tw/news/life/breakingnews/4766554,花蓮站假日人次恢復至震前9成 上月住房率成長至24％,,
https://news.ltn.com.tw/news/life/breakingnews/4761929,凱米風災最後一處災阻「達卡努瓦路段」通了！ 受災路段全搶通,,
https://news.ltn.com.tw/news/life/breakingnews/4761657,蘇花安採橋樑、長隧道設計 公路局：大幅減少極端氣候預警封路機率,,
https://news.ltn.com.tw/news/life/paper/1660496,蘇花安、國5銜接蘇花改 通過環評,,
https://news.ltn.com.tw/news/life/breakingnews/4761008,國5接蘇花改、蘇花安環評通過 陳金德：落實總統均衡台灣目標,,
https://news.ltn.com.tw/news/life/breakingnews/4760904,國5銜接蘇花、蘇花安環評雙雙過關 宜縣府：感謝中央支持,,
https://news.ltn.com.tw/news/life/breakingnews/4760637,國5接蘇花改計畫通過環評 高公局：與蘇花安同在2032年完工,,
https://news.ltn.com.tw/news/life/breakingnews/4760605,國道5號銜接蘇花改計畫   環評審查通過,,
https://news.ltn.com.tw/news/life/breakingnews/4760521,蘇花安計畫環評過關 盼提升蘇花公路用路安全,,
https://news.ltn.com.tw/news/life/paper/1659842,北迴搶通 民眾謝天謝地免轉車,,
https://news.ltn.com.tw/news/life/breakingnews/4756544,中斷8天台鐵北迴線提前一天搶通   旅客直呼「太好了」,,
https://news.ltn.com.tw/news/life/breakingnews/4756462,台鐵北迴線恢復通車 民眾感謝搶修人員,,
https://news.ltn.com.tw/news/life/paper/1659727,相關部落全同意 蘇花安路線定案,,
https://sports.ltn.com.tw/news/breakingnews/4755887,中職》樂天明搭台鐵去花蓮 古久保盼聯盟學到經驗,,
https://news.ltn.com.tw/news/life/breakingnews/4755569,蘇花安部落諮商全部通過 和平－和中段截彎取直高架化,,
https://news.ltn.com.tw/news/life/breakingnews/4755537,凱米颱風重創台灣！ 全台11人死亡、高雄376棟建物地下室淹水,,
https://sports.ltn.com.tw/news/paper/1659459,龍猿花蓮3連戰 如常舉行,,
https://sports.ltn.com.tw/news/breakingnews/4754928,中職》樂天不解花蓮賽事為何沒有移動日 聯盟提出說明,,
https://news.ltn.com.tw/news/life/breakingnews/4754820,凱米颱風重創花蓮交通！ 陸海空最新疏運方式、時間一次看,,
https://news.ltn.com.tw/news/politics/breakingnews/4754748,凱米颱風重創南台灣非突發事件 官員：應做好預防性撤離,,
https://sports.ltn.com.tw/news/breakingnews/4754676,中職》無法理解前往花蓮卻沒有移動日 古久保無奈明天先派車試開,,
https://news.ltn.com.tw/news/society/breakingnews/4754206,宜縣舊蘇花公路預拌混凝土車翻覆  駕駛受傷送醫,,
https://news.ltn.com.tw/news/life/paper/1659304,花蓮自由行補助 延長,,
https://news.ltn.com.tw/news/life/breakingnews/4753478,蘇花通車了！下午5點開放通行 有人「早上10點就來排隊」,,
https://news.ltn.com.tw/news/life/breakingnews/4753084,蘇花和平到崇德段今傍晚5點通車  明起3時段放行時間看這裡,,
https://news.ltn.com.tw/news/life/breakingnews/4752760,交長李孟諺：蘇花公路今晚局部開放2小時 明起一天3時段開放,,
https://news.ltn.com.tw/news/life/breakingnews/4752640,蘇花海運明起改搭澎湖輪、凱旋一號 今起受理登記,,
https://news.ltn.com.tw/news/life/paper/1658917,蘇花公路、北迴鐵路中斷 新臺馬輪投入疏運,,
https://talk.ltn.com.tw/article/paper/1658954,自由廣場》兼顧工程與環境平衡 花東鐵公路建設的安全策略,,
https://news.ltn.com.tw/news/life/paper/1658905,北迴和仁至崇德段評估改線 尋找合適路廊、場站恐是難題,,
https://news.ltn.com.tw/news/life/paper/1659013,新臺馬輪宜花接駁 首日919人搭乘,,
https://sports.ltn.com.tw/news/breakingnews/4751274,中職》花蓮賽事因應措施與方案  聯盟詳細說明,,
https://news.ltn.com.tw/news/society/breakingnews/4750186,開車擅闖？ 蘇花封閉路段墜邊坡4傷 公路局：最高可罰25萬,,
https://sports.ltn.com.tw/news/breakingnews/4751179,中職》火車、公路全面中斷 台鋼雄鷹差點搭船遠征花蓮,,
https://news.ltn.com.tw/news/society/breakingnews/4749805,蘇花管制路段1車4人掉落50米深邊坡獲救 當事人：當時柵門開啟未擅闖,,
https://news.ltn.com.tw/news/life/breakingnews/4751112,0403地震致地質脆弱  台鐵北迴線規畫改線評估,,
https://news.ltn.com.tw/news/life/breakingnews/4751065,花蓮賞鯨船願投入協運接駁遊客   航港局：再研議,,
https://news.ltn.com.tw/news/life/breakingnews/4751035,「新台馬輪」投入疏運  滯留花蓮遊客直喊幸運,,
https://news.ltn.com.tw/news/life/breakingnews/4750847,花蓮北上鐵公路中斷 首班次新台馬輪載386人走海路返鄉,,
https://news.ltn.com.tw/news/life/paper/1658827,卓揆︰花蓮需要安全的路,,
https://news.ltn.com.tw/news/life/breakingnews/4750640,花蓮秀林鄉和平村、大天祥地區28日停班課,,
https://news.ltn.com.tw/news/life/breakingnews/4750351,北迴線崇德段又土石流！台鐵原定7/29單線雙向通車延後,,
https://news.ltn.com.tw/news/life/breakingnews/4750286,花蓮鐵路搶通延後 卓榮泰致歉：欠東部安全回家路,,
https://news.ltn.com.tw/news/life/paper/1658701,驚險！ 搶修蘇花突山崩 急倒車躲過,,
https://news.ltn.com.tw/news/society/breakingnews/4749913,"封閉時段擅闖蘇花公路 轎車墜落邊坡4女受傷",,
https://news.ltn.com.tw/news/life/breakingnews/4749830,花蓮縣秀林鄉大天祥、和平村27日停班課,,
https://news.ltn.com.tw/news/life/breakingnews/4749204,驚險畫面曝！冒雨搶修蘇花崇德段突遇山崩  工程車急倒車逃過一劫,,
https://news.ltn.com.tw/news/life/breakingnews/4749218,花蓮北上鐵、公路全斷！新臺馬輪28日起投入疏運免收費,,
https://news.ltn.com.tw/news/life/paper/1658499,全台農損逾3.6億 屏東2.4億最慘重,,
https://news.ltn.com.tw/news/life/paper/1658507,土石流搶通 蘇花路廊今開放蘇澳到和仁,,
https://news.ltn.com.tw/news/life/breakingnews/4747578,凱米襲台快閃！交通及活動異動、景點關閉一次看（不斷更新）,,
https://news.ltn.com.tw/news/life/breakingnews/4748478,凱米重創蔬菜主要產地 農糧署滾動釋出儲備高麗菜、大白菜,,
https://news.ltn.com.tw/news/life/breakingnews/4748416,台9線、台20線、台29線受災嚴重 交通部：確保安全下盡速搶通,,
https://news.ltn.com.tw/news/life/breakingnews/4748325,蘇花路廊蘇澳到和仁7/26開放通行 新澳隧道1天放行3時段,,
https://news.ltn.com.tw/news/life/breakingnews/4748130,蘇花公路崇德段崩坍嚴重 通車暫無時間表,,
https://news.ltn.com.tw/news/life/breakingnews/4746478,凱米襲台！交通及活動異動、景點關閉一次看（不斷更新）,,
https://news.ltn.com.tw/news/life/breakingnews/4747343,凱米可能「轉一圈」後登陸！發生1情況恐對蘇花二次重擊,,
https://news.ltn.com.tw/news/life/breakingnews/4746631,凱米恐宜花間登陸 中橫大禹嶺到太魯閣11點封閉,,
https://news.ltn.com.tw/news/life/breakingnews/4746458,凱米襲台！ 蘇花路廊清晨6點只出不進 8點禁止進入,,
https://news.ltn.com.tw/news/life/paper/1658242,防颱備戰 宜蘭南澳、花蓮秀林啟動撤村,,
https://news.ltn.com.tw/news/life/paper/1658136,台鐵對號上午停駛 國內航班取消259架次,,
https://news.ltn.com.tw/news/life/breakingnews/4746363,凱米颱風來襲「陸海空運交通狀況」 3圖卡秒懂,,
https://news.ltn.com.tw/news/life/breakingnews/4745109,中颱凱米襲台！交通及活動異動、景點關閉一次看（不斷更新）,,
https://news.ltn.com.tw/news/life/breakingnews/4746119,蘇花「和仁到崇德段」21:00封路 不排除明晨全線封閉,,
https://news.ltn.com.tw/news/life/breakingnews/4746082,強震後逢大雨就土石流！凱米颱風來襲 花蓮秀林居民急撤離,,
https://news.ltn.com.tw/news/life/paper/1657990,離島海運停航 東部鐵路全天候監看,,
https://news.ltn.com.tw/news/life/breakingnews/4744816,「凱米」來襲 活動及交通異動、景區關閉資訊一次看（不斷更新）,,
https://news.ltn.com.tw/news/life/breakingnews/4744738,颱風來襲！鐵公路上緊發條 6路段列首波警戒,,
https://news.ltn.com.tw/news/life/breakingnews/4744240,竹縣民曾建維、翁佩琪夫妻日騎機車2、300公里 攜2子環島認識台灣,,
https://news.ltn.com.tw/news/politics/breakingnews/4738309,傅崐萁：花東快12年完成 續推環島高鐵讓台灣成2小時生活圈,,
https://news.ltn.com.tw/news/life/paper/1654959,公路局：花蓮的邊坡 恐有7、8年不穩定,,
https://news.ltn.com.tw/news/life/breakingnews/4726068,花蓮邊坡恐7、8年不穩定 公路局：不能再用舊思維管理,,
https://news.ltn.com.tw/news/life/breakingnews/4725682,蘇花改中仁隧道南下還不能走！公路局：預計7/6恢復通行,,
https://news.ltn.com.tw/news/life/paper/1654751,農產運費補助 花縣爭取至年底,,
https://news.ltn.com.tw/news/life/breakingnews/4724286,蘇花公路50噸巨石移除了 漢本段恢復正常通行,,
https://news.ltn.com.tw/news/life/breakingnews/4724832,蘇花公路和仁至崇德路段搶通 每日暫開放3時段通行,,
https://news.ltn.com.tw/news/life/breakingnews/4723829,蘇花公路土石流近百人一度受困  傳花蓮災防單位未及時通報！,,
https://news.ltn.com.tw/news/life/paper/1654552,蘇花崇德段泥流阻斷 今下午搶通,,
https://news.ltn.com.tw/news/life/paper/1654551,震後花蓮路難行 議員籲空運享補貼,,
https://news.ltn.com.tw/news/life/breakingnews/4724093,台鐵和仁=崇德恢復雙向通車！交長李孟諺：蘇花明天14:00搶通,,
https://news.ltn.com.tw/news/life/breakingnews/4724074,花蓮東大門夜市晚上冷清清 蘇花公路坍方遊客出不去、進不來,,
https://news.ltn.com.tw/news/life/breakingnews/4723649,搶修又降大雨 蘇花公路崇德段延至明下午搶通,,
https://news.ltn.com.tw/news/politics/breakingnews/4723370,震後蘇花路易斷 花蓮縣議員籲增航空班次、加速推蘇花安,,
https://news.ltn.com.tw/news/life/breakingnews/4723396,蘇花公路崇德路段大雨泥流阻斷 搶修困難預估延至傍晚搶通,,
https://news.ltn.com.tw/news/life/breakingnews/4723061,大雨土石泥流成災！花蓮秀林和平村停班課 蘇花公路估今午搶通,,
https://news.ltn.com.tw/news/life/paper/1654412,蘇花改中仁隧道南下不封了 7/4復通,,
https://news.ltn.com.tw/news/life/breakingnews/4722927,大雨釀土石流影響崇德-和仁鐵公路 蘇花公路只出不進 台鐵雙向不通,,
https://news.ltn.com.tw/news/life/breakingnews/4722041,施工封閉引反彈 蘇花改中仁隧道南下7/4恢復通行,,
https://news.ltn.com.tw/news/life/breakingnews/4721524,國5銜接蘇花改 高公局：7/31前修正完環說書送審,,
https://news.ltn.com.tw/news/life/breakingnews/4721107,蘇花公路又坍方！「和中至崇德」路段深夜搶通,,
https://news.ltn.com.tw/news/life/paper/1653946,花蓮消防廳舍、避難所 紅十字會援建,,
https://news.ltn.com.tw/news/life/breakingnews/4717617,考生怨花蓮鐵公路「不是落石就是土石流」 私醫轉學考不增設西部考場,,
https://news.ltn.com.tw/news/life/breakingnews/4713876,06/23各報重點新聞一覽,,
https://news.ltn.com.tw/news/life/paper/1652731,豐濱芭崎休息區、蕃薯寮步道 重新開放,,
https://news.ltn.com.tw/news/life/breakingnews/4712457,東管處芭崎休息區、蕃薯寮步道   今天重新開放,,
https://news.ltn.com.tw/news/life/paper/1651800,花蓮農產宅配運費 農糧署補助1千多萬,,
https://news.ltn.com.tw/news/life/paper/1651481,國旅貴 交長要求公布平價旅館,,
https://news.ltn.com.tw/news/life/breakingnews/4704095,花蓮住宿慘是否擴大補助？ 交通部：再觀察,,
https://news.ltn.com.tw/news/life/paper/1650870,太魯閣分期分區復建 震損較輕景點拚年底開放,,
https://talk.ltn.com.tw/article/paper/1650753,自由廣場》新道開通 舊路蕭條／花東錢坑三法為帶來錢財或災難?,,
https://news.ltn.com.tw/news/life/paper/1650597,端午連假蘇花路廊車流 僅去年3成,,
https://news.ltn.com.tw/news/life/breakingnews/4699217,端午連假首日蘇花路廊沿線順暢 交通量較去年減少7成,,
https://news.ltn.com.tw/news/life/paper/1650334,連續降雨 蘇花崇德段兩度土石流,,
https://news.ltn.com.tw/news/life/breakingnews/4698748,大雨釀災！蘇花公路崇德段「1天坍2次」 恢復通行了,,
https://news.ltn.com.tw/news/society/breakingnews/4698012,蘇花公路今凌晨又坍方3點搶通  箱型車一度受困土石中夫妻幸運獲救,,
https://ec.ltn.com.tw/article/breakingnews/4694181,花蓮官員告訴外媒：太魯閣完全復甦 恐需5至10年,,
https://news.ltn.com.tw/news/life/paper/1649754,富里垃圾山逾百噸 盼2年內消除,,
https://news.ltn.com.tw/news/life/paper/1649608,蘇花崇德隧道北端坍方搶通 施工段維持管制,,
https://news.ltn.com.tw/news/life/breakingnews/4693828,台9線蘇花公路崇德段坍崩 搶通遇巨岩拚6/4早上6點通車,,
https://news.ltn.com.tw/news/life/breakingnews/4691561,花蓮「騎」時很美麗！喔熊組長陪騎  世界自行車日主場活動花蓮舉行,,
https://news.ltn.com.tw/news/life/paper/1648672,花蓮台9線下清水橋便橋 開放大車通行,,
https://news.ltn.com.tw/news/society/breakingnews/4688310,奪命31天！ 應徵工作遭陣頭成員虐死棄屍蘇花 10嫌起訴,,
https://news.ltn.com.tw/news/life/breakingnews/4688026,蘇花公路明早6至8點開放各型車輛通行 白天三時段管制,,
https://news.ltn.com.tw/news/life/breakingnews/4687109,交通部推端午連假鐵道轉客運免費 東部旅遊加碼2大優惠,,
https://news.ltn.com.tw/news/life/paper/1648358,硬闖蘇花還恐嚇管制員 遭警逮捕,,
https://news.ltn.com.tw/news/life/breakingnews/4685997,蘇花公路164.4K大雨發生泥流 公路局清除後通行,,
https://news.ltn.com.tw/news/society/breakingnews/4685744,拿電擊器恐嚇管制人員硬闖蘇花 男子被警攔截逮捕,,
https://news.ltn.com.tw/news/life/breakingnews/4684331,新竹巨城挺花蓮農民 打造友善展售平台,,
https://news.ltn.com.tw/news/life/paper/1647532,蘇花、中橫12處災點 年底修復,,
https://news.ltn.com.tw/news/politics/breakingnews/4681053,關心0403震後重建 卓榮泰：政府就是花蓮的後盾,,
https://news.ltn.com.tw/news/life/paper/1647118,蘇花公路下清水橋便橋 月底開放大型車,,
https://news.ltn.com.tw/news/life/breakingnews/4678058,蘇花公路台9線下清水橋便橋拓寬 預計5月底前開放大型車通行,,
https://news.ltn.com.tw/news/life/paper/1646977,台14線大觀橋 日治時期服役至今,,
https://news.ltn.com.tw/news/life/breakingnews/4677624,日治舊橋仍在服役 台14線埔霧公路人止關大觀橋「老當益壯」,,
https://news.ltn.com.tw/news/society/breakingnews/4676916,逃學600公里！高雄16歲高職生花蓮找網友 沒付車錢GG了,,
https://news.ltn.com.tw/news/life/paper/1646310,震後花蓮市場攤位費 減租3至5成,,
https://news.ltn.com.tw/news/society/breakingnews/4673048,蘇花公路大清水明隧道頂部持續悶燒 鋼板移除繼續灑水降溫,,
https://news.ltn.com.tw/news/life/paper/1646086,蘇花路廊易坍3路段 納入蘇花安／公路局長：震災受損嚴重地段未納蘇花改 推動計畫有迫切性,,
https://news.ltn.com.tw/news/life/paper/1646042,蘇花安環評初審通過 拚2032完工,,
https://news.ltn.com.tw/news/society/breakingnews/4672616,蘇花明隧道頂燒7小時終於獲控 管制路段開放通行後夜間封閉,,
https://news.ltn.com.tw/news/life/breakingnews/4672368,國5銜接蘇花改環評初審過關 紓解蘇澳假日塞車問題,,
https://news.ltn.com.tw/news/life/breakingnews/4672133,「蘇花安」環評初審通過  最快2032完工,,
https://news.ltn.com.tw/news/society/breakingnews/4672030,蘇花大清水明隧道冒火！上方緩衝輪胎燃燒 暫停通行,,
https://news.ltn.com.tw/news/life/breakingnews/4671296,台62線延伸等重大工程 宜縣議員憂畫大餅、鐵路高架30年都沒法完成,,
https://news.ltn.com.tw/news/life/paper/1645419,蘇花管制 垃圾無法去化累積逾4800噸,,
https://news.ltn.com.tw/news/life/breakingnews/4668335,0403地震蘇花無法通大型車 花蓮垃圾1個月堆置近五千噸,,
https://news.ltn.com.tw/news/life/breakingnews/4664020,花蓮自由行補助6/1上路 周永暉：台東另案討論,,
https://news.ltn.com.tw/news/life/breakingnews/4660006,震後振興觀光！花東自由行住宿最高補助1000元、團客2萬7/1上路,,
https://news.ltn.com.tw/news/politics/breakingnews/4659846,立法院不是老人院 傅崐萁︰柯建銘講養老浪費時間 議事要有效率,,
https://news.ltn.com.tw/news/life/breakingnews/4658975,台東觀光受震災波及 觀光署研議納振興方案,,
https://news.ltn.com.tw/news/life/paper/1643533,震後住房率慘 台東旅宿業盼協助,,
https://news.ltn.com.tw/news/life/breakingnews/4656490,花東跌倒墾丁吃到飽？台東旅宿業盼中央「讚聲」協助,,
https://news.ltn.com.tw/news/life/breakingnews/4652560,擋災？藥師佛頭斷 花蓮和南寺宣布封山,,
https://news.ltn.com.tw/news/life/paper/1642473,國五增設冬山北向匝道 高公局審查通過,,
https://news.ltn.com.tw/news/life/breakingnews/4650313,國5將增設冬山交流道北向匝道  預定2031年前完工,,
https://news.ltn.com.tw/news/life/paper/1642314,土石流淹鐵軌 告警響起 自強號通過 緊急躲隧道,,
https://news.ltn.com.tw/news/life/paper/1642313,花蓮暴雨土石崩 鐵公路全斷 地牛頻翻身 昨接連逾10起規模五以上地震,,
https://news.ltn.com.tw/news/life/breakingnews/4649459,蘇花公路晚間搶通 明視邊坡狀況管制通行,,
https://news.ltn.com.tw/news/life/breakingnews/4649088,花蓮震後大雨土石崩落 台鐵北迴線、蘇花公路交通中斷,,
https://news.ltn.com.tw/news/life/breakingnews/4649055,對流直接命中蘇花公路！宜花交界大雷雨警示 花蓮升級豪雨特報,,
https://news.ltn.com.tw/news/life/breakingnews/4648993,農糧署攜手全聯 北部227間門市推花蓮當季農產品,,
https://news.ltn.com.tw/news/politics/breakingnews/4648706,黃建賓籲關注花東觀光交通 政院：蘇花安環評通過就可動工,,
https://playing.ltn.com.tw/article/29354,全聯賑災送暖 提供急難救助金 4/21起花東蔬果優惠 4/28前小時達送20%回饋,,
https://ent.ltn.com.tw/news/breakingnews/4645832,悲！林秀琴84歲母收病危通知  盼加護病房中有奇蹟發生,,
https://news.ltn.com.tw/news/life/breakingnews/4645552,強震後不敢北上探視植物人女兒 花蓮清寒媽媽盼就近安養,,
https://news.ltn.com.tw/news/life/breakingnews/4645403,蘇花改通車監測環境有隧道揚塵問題 待說明空污減輕措施才解編,,
https://ent.ltn.com.tw/news/breakingnews/4644769,秀琴陳致遠出事了！蘇花公路遇意外 「落石砸車」驚險爆胎,,
https://news.ltn.com.tw/news/life/paper/1641420,震後交通不便 蔬跑盃路跑延至6/30,,
https://news.ltn.com.tw/news/life/breakingnews/4644305,0403強震影響 蔬跑盃森林路跑延至6月底,,
https://news.ltn.com.tw/news/life/breakingnews/4642643,花蓮強震》農業部設花蓮農特產品專區 買5百送1百折價券,,
https://news.ltn.com.tw/news/life/paper/1641030,蘇花安環評補件月底送審 目標2032完工,,
https://news.ltn.com.tw/news/life/breakingnews/4641837,沒放棄蘇花安2032年完工！ 公路局：本月底3路段環評再報環境部,,
https://news.ltn.com.tw/news/life/paper/1640951,強震重創觀光 花蓮業者盼減稅、補助,,
https://news.ltn.com.tw/news/life/breakingnews/4640893,花蓮強震傷觀光 業者盼減稅、補助及開放中客,,
https://news.ltn.com.tw/news/life/paper/1640555,蔬果外運增成本 災後內銷價慘跌,,
https://news.ltn.com.tw/news/life/breakingnews/4639146,震後蘇花公路安全提升計畫受關注 王國材：預計2032完工,,
https://news.ltn.com.tw/news/life/paper/1640348,落石損害路段未納蘇花改／最急工程 蘇花安拚2032完工,,
https://news.ltn.com.tw/news/life/paper/1640347,普悠瑪號和平站撞落石出軌／邊坡告警系統 王國材︰請台鐵重評,,
https://news.ltn.com.tw/news/world/breakingnews/4638537,花蓮強震》觀光署率團訪日本 發表「台灣安心旅遊宣言」,,
https://news.ltn.com.tw/news/life/breakingnews/4637945,台鐵稱出軌處「非落石高風險路段」 公路局調查打臉：剛好在落石區,,
https://news.ltn.com.tw/news/life/breakingnews/4637913,蘇花安拚2032完工 王國材：當前最急的工程,,
https://news.ltn.com.tw/news/life/paper/1640225,白衣天使繞遠路 急返花蓮救援,,
https://health.ltn.com.tw/article/breakingnews/4636748,花蓮強震》不只護嬰！ 花蓮白衣天使繞遠路、急出院投入救援,,
https://news.ltn.com.tw/news/life/breakingnews/4635369,又一強震驚悚大山崩畫面！ 女騎士消失在落石煙塵中 下落曝光,,
https://news.ltn.com.tw/news/life/breakingnews/4634366,花蓮強震》王國材：台8線4/10搶通、蘇花將另鋪設便橋供大型車行駛,,
https://news.ltn.com.tw/news/life/breakingnews/4633807,花蓮強震》蘇花管制一天放行3次  藍色公路使用率高今只剩7名額,,
https://news.ltn.com.tw/news/life/breakingnews/4633719,04/08 各報重點新聞一覽,,
https://talk.ltn.com.tw/article/paper/1639673,自由廣場》日治舊橋屹立未損的啟示,,
https://news.ltn.com.tw/news/life/breakingnews/4633625,東大門夜市不見人潮 攤商嘆「花蓮觀光黑暗期已經到來」,,
https://news.ltn.com.tw/news/life/breakingnews/4633137,花蓮強震》台8線、台9線仍有3處不通,,
https://news.ltn.com.tw/news/life/breakingnews/4633045,老前輩上場了！棄置多年日本蘇花舊橋緊急救援 鄭明典讚勵志,,
https://news.ltn.com.tw/news/life/paper/1639530,花蓮0403強震》日治舊橋加固整建成便橋 疏運蘇花重任,,
https://news.ltn.com.tw/news/life/paper/1639529,花蓮0403強震》中橫今搶通 每天開放3時段,,
https://news.ltn.com.tw/news/life/breakingnews/4632565,花蓮強震》蘇花鋼便橋開放通行了 明起每天放行3時段,,
https://news.ltn.com.tw/news/life/breakingnews/4632547,花蓮強震》台9線下清水橋鋼便橋搶修完成 蘇花公路今傍晚6點開放小客車通行,,
https://news.ltn.com.tw/news/life/breakingnews/4632517,花蓮強震》蘇花海運備援明暫停1天 8日提供最後一輪需求,,
https://ec.ltn.com.tw/article/breakingnews/4632506,全台剩花蓮富世村高地160戶無水 台水：路通即進駐搶修,,
https://news.ltn.com.tw/news/life/breakingnews/4632376,花蓮強震》中橫、蘇花持續搶修 蘇澳、崇德、太魯閣等路段預警性封閉,,
https://news.ltn.com.tw/news/life/paper/1639374,花蓮0403強震》不再是孤島 中橫天祥往西搶通,,
https://news.ltn.com.tw/news/life/breakingnews/4631909,自由爆新聞》鏡頭直擊花蓮搜救現場！台灣「這2點」登國際熱搜！,,
https://news.ltn.com.tw/news/society/breakingnews/4631923,花蓮強震》在地名產店老闆發送千份點心 感慨街上已看不到觀光客,,
https://news.ltn.com.tw/news/life/breakingnews/4631663,花蓮強震》蘇花公路震後現況曝光！崇德段多處落石坍方道路柔腸寸斷（圖輯）,,
https://news.ltn.com.tw/news/life/breakingnews/4631564,傅崐萁po影片「家中一片狼籍」  網友畫重點：收禮收到手軟？,,
https://news.ltn.com.tw/news/life/breakingnews/4631581,花蓮強震》蘇花公路大規模走山  大量土石崩落工程人員全力搶修（圖輯）,,
https://news.ltn.com.tw/news/life/breakingnews/4631406,花蓮強震》282車503人登記蘇花海運 台鐵啟動蔬果北運,,
https://ec.ltn.com.tw/article/paper/1639279,斷網不斷訊 首輛中軌衛星車馳援花蓮,,
https://news.ltn.com.tw/news/life/paper/1639242,花蓮縣劃為震災災區／陳揆勘災 中央撥3億應急,,
https://news.ltn.com.tw/news/society/breakingnews/4631098,花蓮強震》蘇花公路下清水橋震垮 一旁日治舊橋無恙⋯⋯網熱議耐用度,,
https://news.ltn.com.tw/news/life/breakingnews/4630933,自由爆新聞》國際怎麼看台灣強震？「這細節」讓他們狂讚！,,
https://news.ltn.com.tw/news/life/breakingnews/4630885,花蓮強震》崇德隧道大面積走山 蘇花柔腸寸斷空拍畫面曝,,
https://news.ltn.com.tw/news/life/breakingnews/4630527,花蓮強震》蘇花路廊蘇澳到和平交管開放3類用路人通行,,
https://news.ltn.com.tw/news/life/breakingnews/4630437,陳建仁前進崇德第一線勘災 責令提高警覺即將到來的鋒面雨量,,
https://ec.ltn.com.tw/article/breakingnews/4630413,首輛中軌衛星行動車馳援花蓮 網友湧入數位部臉書大讚,,
https://news.ltn.com.tw/news/life/breakingnews/4630031,花蓮強震》公路局搶修蘇花公路 目前預警封閉3處、災阻7處,,
https://news.ltn.com.tw/news/life/breakingnews/4630258,昨強震仍有3架共機擾台 鄭文燦：對岸須衡量台灣人民感受,,
https://news.ltn.com.tw/news/life/breakingnews/4630042,花蓮強震》餘震震不停 網友被晃暈：根本不敢睡,,
https://news.ltn.com.tw/news/life/breakingnews/4630051,花蓮人下班遇蘇花中斷 回家變「一日環島」、14小時後到家,,
https://news.ltn.com.tw/news/life/breakingnews/4630198,蔡英文視察三鐵及公路修復 感謝第一線搶通讓國人安心,,
https://news.ltn.com.tw/news/life/breakingnews/4630096,蘇花巨石砸車驚險畫面曝 駕駛倒車神速躲過一劫,,
https://news.ltn.com.tw/news/life/breakingnews/4630115,花蓮強震 警署調度花蓮港警、保五警力協助搶救,,
https://news.ltn.com.tw/news/life/breakingnews/4630039,04/04 各報重點新聞一覽,,
https://news.ltn.com.tw/news/life/paper/1639030,花蓮鐵公路中斷 台鐵拚中午雙線通車／43棟房屋損傷 賴清德勘災強調全力協助地方政府,,
https://news.ltn.com.tw/news/life/paper/1639143,男環島澳花隧道北口被落石擊中 接力救援,,
https://news.ltn.com.tw/news/life/paper/1639146,花蓮強震177傷 建物傾倒18件,,
https://news.ltn.com.tw/news/life/breakingnews/4628222,花蓮強震》7.2強震撼全台 各地災情一覽,,
https://news.ltn.com.tw/news/life/breakingnews/4628369,花蓮強震》交通、停班停課異動資訊一次看（不斷更新）,,
https://news.ltn.com.tw/news/life/breakingnews/4629867,花蓮強震》蘇花、中橫中斷 基隆特搜隊花11小時繞南迴馳援,,
https://news.ltn.com.tw/news/life/breakingnews/4629701,自由爆新聞》403強震對比921他曝差異！若發生「這效應」對台北影響大？,,
https://news.ltn.com.tw/news/life/breakingnews/4629578,花蓮強震》陸路交通斷 鄭文燦：台鐵4日早上單線通車,,
https://news.ltn.com.tw/news/life/breakingnews/4629204,花蓮強震》太魯閣、蘇花遊憩區70多名遊客受困陸續疏散中,,
https://news.ltn.com.tw/news/life/breakingnews/4628613,花蓮強震》落石砸死7人   匯德隧道停車場、欣欣水泥和仁礦區也奪命,,
https://news.ltn.com.tw/news/life/breakingnews/4629017,驚悚影片曝！ 崇德大規模走山飛砂蔽日 1車油門踩死破塵衝出,,
https://news.ltn.com.tw/news/life/breakingnews/4629019,花蓮強震》東部鐵公路中斷  台北快輪將支援疏運,,
https://news.ltn.com.tw/news/life/breakingnews/4628841,花蓮地震》花蓮聯外陸路搶修難 王國材：已安排海運接駁,,
https://news.ltn.com.tw/news/life/breakingnews/4628811,花蓮強震》花東鐵公路全中斷 王國材：搶修時程不樂觀,,
https://news.ltn.com.tw/news/life/breakingnews/4628761,花蓮地震》花蓮縣48建物受損4傾斜 1死3命危98傷,,
https://news.ltn.com.tw/news/life/breakingnews/4628717,花蓮強震》彰化特搜隊啟程搭專機救災,,
https://news.ltn.com.tw/news/life/breakingnews/4628734,花蓮強震》國台辦稱願提供救災協助 陸委會：沒有需要,,
https://news.ltn.com.tw/news/life/breakingnews/4628643,花蓮強震》多條路斷 農業部啟動花東區農產品運銷運費補貼,,
https://news.ltn.com.tw/news/life/breakingnews/4628627,花蓮強震》蔡總統視察中央災害應變中心 務必將災害衝擊降至最低,,
https://news.ltn.com.tw/news/society/breakingnews/4628606,花蓮強震》首起死亡案件 蘇花貨車司機遭落石砸中不幸死亡,,
https://news.ltn.com.tw/news/life/breakingnews/4628318,花蓮強震》花蓮交通柔腸寸斷！蘇花、中橫落石 台鐵停駛巡查,,
https://news.ltn.com.tw/news/life/breakingnews/4628283,花蓮強震》花蓮市區2大樓倒塌多處房屋傾斜  全縣停班課,,
https://news.ltn.com.tw/news/life/breakingnews/4628458,花蓮強震》蘇花、中橫全中斷 修復時間未定,,
https://news.ltn.com.tw/news/life/breakingnews/4628441,花蓮強震》 蘇花路廊、中橫公路「只出不進」全線封閉,,
https://news.ltn.com.tw/news/life/breakingnews/4628324,花蓮強震》影片曝光！蘇花公路崇德段走山 大清水隧道出口道路坍塌,,
https://art.ltn.com.tw/article/paper/1638181,【藝術文化】北美館是誰躲在風景裡？登場 找尋風景畫裡隱藏的祕密,,
https://news.ltn.com.tw/news/politics/breakingnews/4624058,宜蘭縣政府小內閣異動 黃志良回鍋交通處長,,
https://news.ltn.com.tw/news/life/paper/1638113,男遭虐死棄屍蘇花公路 共收押九人,,
https://news.ltn.com.tw/news/society/breakingnews/4622294,私刑痛毆逼吃貓大便！男遭虐死棄屍蘇花邊坡 9嫌羈押禁見,,
https://news.ltn.com.tw/news/society/breakingnews/4618307,男腐屍卡蘇花公路岩壁！身著海陸黑色短袖上衣,,
https://news.ltn.com.tw/news/life/breakingnews/4616319,清明連假蘇花路廊南下恐塞20小時 公路局3大易壅塞圖必收,,
https://news.ltn.com.tw/news/life/breakingnews/4615806,清明連假首日 蘇花路廊南下估連塞20小時,,
https://news.ltn.com.tw/news/life/breakingnews/4613995,蘇花改救災演練 南澳到和平段3/25、26上午10:00~12:00封閉,,
https://news.ltn.com.tw/news/society/breakingnews/4608784,蘇花公路砂石車自撞明隧道  和仁段壅塞逾1小時,,
https://art.ltn.com.tw/article/breakingnews/4607799,虛擬網紅阿Q「雲環島」下一站花蓮  白色情人節見證台九線羅曼史,,
https://news.ltn.com.tw/news/life/paper/1634155,東北角風管處轄管南延 啟動評估,,
https://news.ltn.com.tw/news/life/breakingnews/4598235,東北角風管處轄管延伸宜蘭和平溪？ 全案啟動評估,,
https://news.ltn.com.tw/news/society/breakingnews/4596662,男入陣頭遭打死棄屍 花蓮警民捐棺與骨灰罐助家屬圓滿後事,,
https://news.ltn.com.tw/news/life/paper/1633757,蘇花改中仁隧道施工 北上封閉至月底,,
https://news.ltn.com.tw/news/politics/paper/1633167,花蓮228紀念會 徐榛蔚、傅崐萁缺席,,
https://news.ltn.com.tw/news/politics/breakingnews/4592053,花蓮228追思音樂會 傅崐萁、徐榛蔚首度同時缺席,,
https://news.ltn.com.tw/news/society/paper/1632304,應徵人力派遣 竟得出幫派任務,,
https://news.ltn.com.tw/news/society/paper/1632303,竹聯信堂霸凌老實男 扣工資逼吃屎活活打死,,
https://news.ltn.com.tw/news/society/breakingnews/4587747,宜蘭無名屍案重大進展！疑遭桃園竹聯幫信堂、宮廟陣頭虐死丟包,,
https://news.ltn.com.tw/news/society/breakingnews/4587395,宜蘭蘇花公路無名男屍疑遭虐死 5嫌收押禁見,,
https://news.ltn.com.tw/news/politics/paper/1631975,蘇花安延宕 民進黨議員要傅崐萁先道歉,,
https://ec.ltn.com.tw/article/breakingnews/4585448,蘇花安環評卡關遭批 陳揆：請交通部儘速補正,,
https://news.ltn.com.tw/news/life/breakingnews/4584300,國5銜接蘇花改環評初審卡關 環委要求強化土石流防範,,
https://news.ltn.com.tw/news/life/breakingnews/4583836,路線多行經環境敏感區 「蘇花安」環評初審再審,,
https://news.ltn.com.tw/news/society/breakingnews/4581258,蘇花改東澳隧道3車追撞3人送醫  北上車道一度封閉,,
https://news.ltn.com.tw/news/life/breakingnews/4576648,初一走春部分省道已開始塞  這3間廟宇周邊估湧現大量車潮,,
https://news.ltn.com.tw/news/society/paper/1629357,宜蘭驚見棄屍 不排除撞死丟山坡,,
https://news.ltn.com.tw/news/life/paper/1629340,蘇花路廊車潮 估南下初一 北上初四最塞,,
https://news.ltn.com.tw/news/society/breakingnews/4564514,宜蘭蘇花公路男屍面部腐爛 警公布特徵追身分,,
https://news.ltn.com.tw/news/society/breakingnews/4564236,舊蘇花公路20米邊坡發現無名男屍 將解剖釐清死因,,
https://news.ltn.com.tw/news/society/breakingnews/4539511,疑疲勞駕駛自撞護欄 騎士摔落蘇花公路懸崖亡,,
https://talk.ltn.com.tw/article/breakingnews/4527957,檔案瑰寶》北迴鐵路—串聯臺灣東部交通的動脈,,
https://news.ltn.com.tw/news/politics/breakingnews/4527524,賴清德環島拼圖啟動首站宜蘭出發  鄉親不畏寒流冒雨相挺,,
https://news.ltn.com.tw/news/life/paper/1621564,蘇花改中仁隧道 北上夜間封閉施工,,
https://news.ltn.com.tw/news/life/breakingnews/4517373,蘇花改蘇澳到東澳段及南澳到和平段 12/13施工封閉,,
https://news.ltn.com.tw/news/politics/paper/1620078,萬人造勢 侯打交通牌 花蓮大發展,,
https://news.ltn.com.tw/news/society/breakingnews/4508492,驚險！台9線工程警示車不明原因下滑 與遊覽車「頭對頭撞」,,
https://news.ltn.com.tw/news/life/paper/1617828,蘇花改中仁隧道施工 北上日間封至年底,,
https://news.ltn.com.tw/news/society/breakingnews/4495116,探索舊鈔「秘境」舊蘇花象鼻隧道 7旬翁體力不支卡峭壁獲救,,
https://news.ltn.com.tw/news/society/paper/1614985,蘇花巨石破窗壓雙腿 駕駛驚險保命,,
https://news.ltn.com.tw/news/society/breakingnews/4486708,石頭從天而降！蘇花公路落石砸進小客車 駕駛雙腿骨折,,
https://news.ltn.com.tw/news/life/paper/1613937,蘇花改施工交管 改道舊蘇花,,
https://news.ltn.com.tw/news/life/breakingnews/4480401,蘇花改蘇澳-和平段施工 明起至10日改走舊蘇花,,
https://news.ltn.com.tw/news/life/breakingnews/4470032,雨彈夜炸蘇花路廊！蘇澳到南澳不排除預警性封路,,
https://news.ltn.com.tw/news/society/breakingnews/4469741,宜蘭新澳隧道肇事砂石車司機宜檢複訊  20萬交保,,
https://news.ltn.com.tw/news/society/breakingnews/4469599,沒踩剎車嗎？蘇花路廊車禍1死11傷  肇事砂石車駕駛不發一語,,
https://news.ltn.com.tw/news/society/breakingnews/4469326,宜蘭車禍76歲翁見不到病危妻最後一面 女兒淚崩：2人一起走......,,
https://news.ltn.com.tw/news/life/paper/1611838,東北角風景區 宜蘭建議南延至縣界,,
https://news.ltn.com.tw/news/society/breakingnews/4468910,新澳隧道17車追撞 公路局：砂石車GPS紀錄「隧道內未超速」,,
https://news.ltn.com.tw/news/life/breakingnews/4468655,宜蘭縣提建議書 盼東北角風景區延伸至南澳鄉和平溪縣界,,
https://news.ltn.com.tw/news/society/paper/1611578,墜蘇花50公尺深崖 騎士敲擊山壁救己一命,,
https://news.ltn.com.tw/news/society/breakingnews/4467509,騎士跌落蘇花公路50公尺深懸崖 拿石塊敲山壁救自己一命,,
https://news.ltn.com.tw/news/society/breakingnews/4467103,宜縣舊蘇花公路騎士摔車掉進下坡邊 多處挫傷獲救送醫,,
https://talk.ltn.com.tw/article/breakingnews/4466905,檔案瑰寶》從開發到保育：走過臺灣的建設時代,,
https://news.ltn.com.tw/news/life/breakingnews/4463374,花東快明年2月完成可行性評估 蘇花安拚2032年完工通車,,
https://news.ltn.com.tw/news/life/paper/1610193,蘇花大清水隧道重建 工程近尾聲,,
https://news.ltn.com.tw/news/life/breakingnews/4454519,大雨夜炸蘇花路廊！台9丁武塔到漢本段漏夜搶通,,
https://news.ltn.com.tw/news/life/paper/1607981,台九線大清水明隧道施工 日間交管,,
https://news.ltn.com.tw/news/society/breakingnews/4446030,錢白花了！車禍調解成立付6萬6未獲撤告 檢代求情建請免刑,,
https://news.ltn.com.tw/news/life/paper/1606619,花蓮》蘇花路廊、大清水隧道 今晚起交管,,
https://news.ltn.com.tw/news/life/breakingnews/4437939,蘇花改蘇澳到東澳段道路安全設施整修 明、後天施工封閉,,
https://news.ltn.com.tw/news/life/paper/1604565,蘇花改中仁隧道 明起施工交管,,
https://news.ltn.com.tw/news/life/breakingnews/4414406,海葵颱風影響  交通、活動異動資訊看這裡（不斷更新）,,
https://news.ltn.com.tw/news/life/paper/1602958,碧候溫泉今休園 花蓮青年住宅積水,,
https://news.ltn.com.tw/news/life/breakingnews/4416629,花蓮玉里大橋不排除晚間封橋 22處達土石流紅色警戒,,
https://news.ltn.com.tw/news/life/breakingnews/4416454,舊蘇花公路晚上7點起預警性封路 南澳至和仁改走蘇花改,,
https://news.ltn.com.tw/news/life/breakingnews/4415381,海葵颱風逼近 台7線北橫公路實施預警性封閉,,
https://news.ltn.com.tw/news/life/paper/1602573,海葵恐穿台 4年來首登陸颱風,,
https://news.ltn.com.tw/news/life/breakingnews/4414953,海葵颱風來襲！走省道注意 16路段可能管制,,
https://news.ltn.com.tw/news/life/breakingnews/4406964,400噸吊車零件故障倒退嚕！台9線南澳段一度單線雙向通行,,
https://news.ltn.com.tw/news/life/breakingnews/4402525,王國材︰明年100億經費補助地方 改善600處易肇事路口,,
https://news.ltn.com.tw/news/life/paper/1599942,救災演練 蘇花改南澳至和平段雙向管制,,
https://news.ltn.com.tw/news/society/breakingnews/4396621,蘇花改東澳隧道5車追撞4傷 15:40通車了,,
https://news.ltn.com.tw/news/life/paper/1599422,重啟花東快評估 民代盼儘速推動,,
https://news.ltn.com.tw/news/life/paper/1598823,2部落諮商投票流會 蘇花安卡關,,
https://news.ltn.com.tw/news/life/breakingnews/4391966,部落投票流會！ 蘇花安卡花蓮地方逾2年 蘇改處：持續溝通,,
https://news.ltn.com.tw/news/life/breakingnews/4387659,馳援南投！ 20人2隻搜救犬 中市特搜隊搶救人命,,
https://news.ltn.com.tw/news/life/breakingnews/4387574,南投重創 盧秀燕啟動中台灣治理平台派特搜大隊前進災區,,
https://news.ltn.com.tw/news/life/breakingnews/4374366,「杜蘇芮」來勢洶洶 9處省道可能管制,,
https://news.ltn.com.tw/news/life/paper/1595394,花蓮》蘇花安外環高架 崇德投票同意,,
https://news.ltn.com.tw/news/life/breakingnews/4372131,得吉利部落投票同意 蘇花安崇德服務區、高架橋路段定案,,
https://news.ltn.com.tw/news/life/paper/1593384,蘇花安高架經過 花蓮部落辦同意權投票,,
https://news.ltn.com.tw/news/life/breakingnews/4360463,蘇花安路線和平、崇德部落月底投票 工程處稱持續加強地方溝通,,
https://news.ltn.com.tw/news/life/paper/1593064,蘇花安高架外環 花蓮無共識,,
https://news.ltn.com.tw/news/life/paper/1593065,玉里大橋高溫斷裂？ 總局公路：去年震災舊照,,
https://news.ltn.com.tw/news/life/breakingnews/4358502,蘇花安路線花蓮端卡5年 21場座談無共識將辦諮商同意權投票,,
https://news.ltn.com.tw/news/life/breakingnews/4358406,花蓮玉里大橋熱到隆起？ 公路總局：去年震災影片勿以訛傳訛,,
https://news.ltn.com.tw/news/politics/breakingnews/4349051,蘇澳可眺望與那國島？誤打誤撞一張照片解開謎底,,
https://news.ltn.com.tw/news/life/paper/1590726,拚直航日本與那國島 增頭城眺望平台,,
https://news.ltn.com.tw/news/politics/breakingnews/4344926,從宜蘭眺望日本與那國島 蘇澳、頭城將設置3處眺望點,,
https://news.ltn.com.tw/news/life/breakingnews/4341691,蘇花路廊清晨5點湧現南下車潮！估中午過後才能紓解,,
https://news.ltn.com.tw/news/life/breakingnews/4333029,蘇花公路大清水明隧道工程 16日起離峰時間整點放行管制,,
https://news.ltn.com.tw/news/life/paper/1588215,宜蘭》蘇澳船舶直航 鎮長倡議加碼石垣市,,
https://news.ltn.com.tw/news/politics/breakingnews/4331538,游錫堃7/4蘇澳搭船到與那國島 蘇澳鎮長盼另推石垣市直航,,
https://news.ltn.com.tw/news/life/breakingnews/4328872,舊蘇花公路土石坍方 公路總局派機具搶修中,,
https://news.ltn.com.tw/news/society/breakingnews/4328691,蘇花公路被超車怒攔對方持獵槍對空鳴槍 男子送辦,,
https://news.ltn.com.tw/news/life/breakingnews/4327689,端午連假蘇花路廊交通恐爆大量 估首日凌晨3點湧現南下車潮,,
https://news.ltn.com.tw/news/life/breakingnews/4324442,蘇花公路東澳路段深夜坍方一度阻斷交通 留意零星落石,,
https://news.ltn.com.tw/news/life/paper/1586793,遊客烏岩角沙灘滑倒 救難員馳援,,
https://news.ltn.com.tw/news/life/breakingnews/4323367,宜蘭南澳強降雨落石清除 蘇花公路武塔到漢本恢復正常通行,,
https://news.ltn.com.tw/news/society/breakingnews/4323140,蘇澳烏岩角無人沙灘遊客滑倒骨折 救難人員搭漁船驚險救援,,
https://news.ltn.com.tw/news/life/breakingnews/4317090,瑪娃海警發布！全台8處重點省道留意管制,,
https://news.ltn.com.tw/news/life/breakingnews/4311556,台鐵「兩鐵旅遊列車」環島遊暑假遊程出爐  主打輕鬆環島,,
https://playing.ltn.com.tw/article/27726,福隆沙雕季看迪士尼、一日遊499元！「兩鐵旅遊列車」新推環島鮮蚵吃到飽,,
https://news.ltn.com.tw/news/society/paper/1583787,法部：30年前函釋 實務已不援用,,
https://news.ltn.com.tw/news/society/breakingnews/4304909,砂石車「騎上」蘇花改護欄！觀音谷風隧道南側驚悚畫面曝,,
https://news.ltn.com.tw/news/life/paper/1582960,蘇花安挖隧道 剩餘土方填海護岸,,
https://news.ltn.com.tw/news/society/breakingnews/4296856,軍人育嬰留停兼職開砂石車酒駕撞山壁 不服懲處提告吞敗,,
https://news.ltn.com.tw/news/society/breakingnews/4289558,蘇花公路行車糾紛 火爆連襟組「棒球隊」持鐵棍狂砸聯結車,,
https://news.ltn.com.tw/news/society/breakingnews/4273234,加入國際人道救援國家隊 中市消防特搜大隊通過認證,,
https://news.ltn.com.tw/news/life/paper/1577928,中橫關原段災修 新增下午5點放行,,
https://news.ltn.com.tw/news/life/breakingnews/4271891,蘇花公路大清水段災修 18日起單線管制通行,,
https://news.ltn.com.tw/news/life/paper/1575707,明收假 蘇花路廊北返恐塞到深夜,,
https://news.ltn.com.tw/news/life/breakingnews/4258458,清明連第2天走省道注意 這「12路段」易塞車,,
https://news.ltn.com.tw/news/life/breakingnews/4258322,清明連假首日蘇花改清晨2點開始塞  估恐塞到晚間9點,,
https://news.ltn.com.tw/news/life/breakingnews/4254893,蘇花公路大清水段緊急防護3月底完工 清明連假正常雙向通行,,
https://news.ltn.com.tw/news/life/paper/1574548,花蓮慈濟精舍前 砍黑板樹改植楓香,,
https://news.ltn.com.tw/news/life/breakingnews/4250788,清明連假20路段易壅塞 87條客運推優惠吸引民眾搭乘大眾運輸,,
https://news.ltn.com.tw/news/society/breakingnews/4246514,蘇花公路砂石車追撞遊覽車遭包夾 雙向一度回堵,,
https://news.ltn.com.tw/news/life/breakingnews/4245347,蘇花改南澳到和平段救災演練 3/22、3/23上午10至12時封閉,,
https://news.ltn.com.tw/news/life/breakingnews/4238242,關心獨老餐食 不老騎士騎車環島為愛千里,,
https://news.ltn.com.tw/news/life/paper/1571293,不老騎士環島 99歲爺爺4度參加,,
https://news.ltn.com.tw/news/life/breakingnews/4234670,3/10封路取消！蘇花大清水路段擇期再施工,,
https://news.ltn.com.tw/news/life/breakingnews/4232082,蘇花公路大清水路段10日9至11時 全面停止人車通行,,
https://news.ltn.com.tw/news/life/breakingnews/4231322,遊覽車評鑑出爐17家業者不列等、優等僅5家 騰龍提升至甲等,,
https://news.ltn.com.tw/news/life/breakingnews/4225378,228連假結束 中橫、蘇花災害路段恢復管制,,
https://news.ltn.com.tw/news/life/paper/1569517,花蓮》匯德隧道出撞況 蘇花公路更塞,,
https://news.ltn.com.tw/news/life/breakingnews/4223846,雪上加霜！花蓮匯德隧道5車追撞 蘇花公路北上回堵8公里,,
https://news.ltn.com.tw/news/life/breakingnews/4223817,台9線蘇花公路匯德隧道5車追撞 雙向阻斷,,
https://news.ltn.com.tw/news/life/paper/1568096,228蘇花車流 預估單日最多1.7萬輛次,,
https://news.ltn.com.tw/news/society/breakingnews/4216224,蘇花公路火燒車！假日車流一度大排長龍,,
https://news.ltn.com.tw/news/life/paper/1567396,蘇花安和平段 居民爭取進入市區,,
https://news.ltn.com.tw/news/life/breakingnews/4211622,蘇花安路線花蓮地方有異音 工程單位：將再多開幾場說明會凝聚共識,,
https://news.ltn.com.tw/news/life/paper/1566834,蘇花安東澳到南澳段 地方促先發包,,
https://news.ltn.com.tw/news/life/breakingnews/4209265,蘇花安要等花蓮段路線協商 宜蘭南澳鄉盼東澳-南澳段先做,,
https://news.ltn.com.tw/news/life/breakingnews/4208716,從宜蘭遠眺日本國土 舊蘇花公路將闢建與那國島眺望處,,
https://news.ltn.com.tw/news/life/paper/1566633,宜蘭》遠眺與那國島 蘇花公路設2景點,,
https://news.ltn.com.tw/news/society/paper/1566201,遊覽車蘇花撞山壁釀6死／司機連續凸槌 自首輕判,,
https://news.ltn.com.tw/news/life/paper/1566311,蘇花改仁水隧道 提高速限至60公里,,
https://news.ltn.com.tw/news/life/breakingnews/4206386,別再龜速！蘇花改仁水隧道速限提高到60 2/18上路,,
https://news.ltn.com.tw/news/society/breakingnews/4205906,遊覽車蘇花撞山壁釀6死39傷  司機輕判1年半定讞,,
https://news.ltn.com.tw/news/life/paper/1566117,宜蘭百年老店 鳳鳴蘇澳羊羹熄燈,,
https://news.ltn.com.tw/news/life/breakingnews/4205304,曾入選台灣百大伴手禮 宜縣百年老店鳳鳴蘇澳羊羹黯然熄燈,,
https://news.ltn.com.tw/news/society/breakingnews/4203507,舊蘇花公路落石「大如籃球」 重機騎士擦撞慘摔,,
https://news.ltn.com.tw/news/life/breakingnews/4201359,傅崐萁喊蘇花安「國民黨明年執政就動工」 網友：國六2年完工了嗎？,,
https://news.ltn.com.tw/news/politics/breakingnews/4197243,被徵詢留任未猶豫  王國材：盼表現最好、被人稱讚時再離開,,
https://news.ltn.com.tw/news/life/paper/1564453,蘇花大清水隧道重啟補強 2月1日至24日管制通行,,
https://news.ltn.com.tw/news/life/breakingnews/4196063,春節疏運結束 蘇花大清水隧道2/1重啟管制整點放行,,
https://ent.ltn.com.tw/news/breakingnews/4195871,無尊開車塞到「出山」 連開7小時釣出大批苦主,,
https://news.ltn.com.tw/news/life/breakingnews/4194471,春節連假尾聲 公總估中午起各地湧現北返車潮,,
https://news.ltn.com.tw/news/life/breakingnews/4194248,大年初六蘇花「比昨天更塞」 空中畫面曝光,,
https://news.ltn.com.tw/news/life/breakingnews/4193937,把握假期尾聲出遊 公總公開易壅塞路段,,
https://news.ltn.com.tw/news/life/paper/1564075,國道13路段易壅塞 今北向最好上午出發 南向下午啟程,,
https://news.ltn.com.tw/news/life/breakingnews/4193540,蘇花公路往崇德、宜蘭塞車走走停停 北返車潮今估超過1.6萬輛次,,
https://news.ltn.com.tw/news/life/breakingnews/4192757,國5、蘇花路廊車潮「反轉」 北上車流增多、雪隧回堵,,
https://news.ltn.com.tw/news/life/breakingnews/4192493,國5、蘇花路廊今天午後將有首波北返車潮 國5恐塞到晚上,,
https://news.ltn.com.tw/news/life/breakingnews/4192453,初三重點壅塞道路一次看 這3處易壅塞,,
https://news.ltn.com.tw/news/life/breakingnews/4191943,大年初二湧回娘家出遊車潮 蘇花公路清晨5時開始塞,,
https://news.ltn.com.tw/news/life/breakingnews/4191524,出門前先查路況！全台9處省道路段恐壅塞,,
https://news.ltn.com.tw/news/life/breakingnews/4191309,初一走春！幾處知名宮廟人潮湧 周邊預估全天車多,,
https://news.ltn.com.tw/news/politics/breakingnews/4190574,陪同總統視察北車被問留任機率   王國材：內閣人事安排隨緣,,
https://news.ltn.com.tw/news/politics/paper/1563638,細數四年政績 蘇揆：殫心竭慮 感謝國人支持,,
https://news.ltn.com.tw/news/politics/breakingnews/4190150,內閣總辭》細數4年政績 蘇貞昌：台灣更有應對寒冬的韌性與能力,,
https://news.ltn.com.tw/news/life/breakingnews/4189778,春節連假明展開  蘇花路廊估20日凌晨4時湧南下車潮,,
https://news.ltn.com.tw/news/life/paper/1563509,南方澳第一魚市場2/1開幕 摸彩攬客,,
https://news.ltn.com.tw/news/life/breakingnews/4188895,南方澳第一拍賣魚市場2/1開幕  豪撒50萬摸彩品,,
https://news.ltn.com.tw/news/life/paper/1563389,國五、蘇花路廊 初五雙向車潮達高峰,,
https://news.ltn.com.tw/news/life/breakingnews/4187374,春節10天連假蘇花路廊交通量估超過25萬輛次 比去年多2成,,
https://news.ltn.com.tw/news/politics/breakingnews/4186434,「忍住辛苦頂住責罵」 蘇貞昌：國家能不能向前最重要,,
https://news.ltn.com.tw/news/life/breakingnews/4186165,01/16 各報重點新聞一覽,,
https://news.ltn.com.tw/news/life/paper/1562883,蘇花公路通了 3時段開放行車,,
https://news.ltn.com.tw/news/life/paper/1562974,民船軍艦總動員4天12航次 助蘇花人車疏運,,
https://news.ltn.com.tw/news/life/breakingnews/4185950,蘇花公路崩坍搶通  「3時段」開放通行 春節疏運連13天不管制,,
https://news.ltn.com.tw/news/life/breakingnews/4185883,蘇花大清水隧道坍方嚴重 刷坡「蜘蛛人」超有感,,
https://news.ltn.com.tw/news/life/breakingnews/4185859,春節疏運還有票！ 台鐵尖峰班次已賣7成,,
https://news.ltn.com.tw/news/life/breakingnews/4185748,蘇花大清水隧道崩塌搶修！ 預計17:00搶通開放通行2小時,,
https://news.ltn.com.tw/news/politics/breakingnews/4185638,蘇揆赴蘇花大清水隧道勘災 下午通車進駐瞭望警戒員戒護,,
https://news.ltn.com.tw/news/life/paper/1562842,蘇花大清水隧道搶通 春節正常通行,,
https://news.ltn.com.tw/news/life/paper/1562847,大清水隧道今下午5點搶通 每日3時段放行,,
https://news.ltn.com.tw/news/life/breakingnews/4185162,蘇花公路中斷搶修  預計15日下午5時起分時段通車,,
https://news.ltn.com.tw/news/life/breakingnews/4185026,蘇花雙向阻斷公總趕辦蘇花安計畫環評  力拚121年完工,,
https://news.ltn.com.tw/news/life/breakingnews/4185030,蘇花公路明下午5點搶通  海象不佳明海運只載車不載人,,
https://news.ltn.com.tw/news/life/breakingnews/4184961,明日海象不佳蘇花海運停航  航港局：安排鐵路專列疏運,,
https://news.ltn.com.tw/news/life/breakingnews/4184909,蘇花中斷持續搶修！巨石移除 隧道初步打通,,
https://news.ltn.com.tw/news/life/paper/1562640,蘇花中斷／搭船花時間 交長︰請大家體諒,,
https://news.ltn.com.tw/news/life/breakingnews/4184673,花蓮深夜連震！規模4.9、3.0地震連發 最大震度2級,,
https://news.ltn.com.tw/news/society/breakingnews/4184613,蘇澳烏岩角男腳抽筋卡峭壁 消防救援脫困,,
https://news.ltn.com.tw/news/life/breakingnews/4184224,蘇花中斷 花蓮農漁產貨車搭鐵路平車北送,,
https://news.ltn.com.tw/news/life/breakingnews/4183897,蘇花中斷航港局調動快輪疏運軍艦也支援  花蓮港擠滿排隊車輛,,
https://news.ltn.com.tw/news/life/breakingnews/4183815,蘇花雙向阻斷  王國材：目標1/15下午5點恢復通車,,
https://news.ltn.com.tw/news/life/breakingnews/4183637,1/13 各報重點新聞一覽,,
https://news.ltn.com.tw/news/life/paper/1562395,大清水隧道坍方 蘇花路斷 拚15日搶通,,
https://news.ltn.com.tw/news/life/paper/1562435,蘇花公路中斷 陸海空齊疏運,,
https://news.ltn.com.tw/news/life/paper/1562439,旅宿業者憂衝擊春節觀光,,
https://news.ltn.com.tw/news/life/paper/1562438,大雨加地震 岩石塊崩落壓壞明隧道…幸無傷亡 兩端同步搶修昨晚初步打通,,
https://news.ltn.com.tw/news/life/paper/1562437,3階段改善 事故路段改做長隧道,,
https://news.ltn.com.tw/news/life/paper/1562436,貨車繞路走／花東農漁產品環島北運 耗時又傷財,,
https://ent.ltn.com.tw/news/paper/1562369,馬修連恩明天開唱   遇坍方繞道屏東到台東,,
https://news.ltn.com.tw/news/life/paper/1562522,蘇花坍方路斷》綠營籲勿讓政治口水 嚇跑觀光客,,
https://news.ltn.com.tw/news/life/breakingnews/4183376,蘇花路斷出動軍艦！人車可免費改搭海運 即起領號碼牌,,
https://news.ltn.com.tw/news/life/breakingnews/4183158,蘇花路廊坍方道路中斷  公總：去年就發生5件,,
https://news.ltn.com.tw/news/life/breakingnews/4183186,蘇花中斷 立院民眾黨團籲盡快啟動「蘇花安計畫」,,
https://news.ltn.com.tw/news/life/breakingnews/4183142,蘇花坍衝擊觀光！週末花蓮住宿約1成退訂 春節檔期仍在觀望,,
https://news.ltn.com.tw/news/life/breakingnews/4183075,蘇花中斷  陳宗彥前往現場了解應變作為,,
https://ent.ltn.com.tw/news/breakingnews/4183024,馬修連恩遇蘇花大清水隧道坍方  音樂會繞道開唱,,
https://news.ltn.com.tw/news/life/breakingnews/4183062,蘇花公路搶通戒護通行春節恐塞爆 公總：軟性戒護維持正常通行,,
https://news.ltn.com.tw/news/politics/breakingnews/4182882,蘇花中斷傅崐萁批沒有安全的路 綠營：勿讓政治口水嚇跑觀光客,,
https://news.ltn.com.tw/news/life/breakingnews/4182880,蘇花中斷！花蓮-台北航班量能未滿  視需求調度航班疏運,,
https://news.ltn.com.tw/news/life/breakingnews/4182848,蘇花中斷！花東農產品運費補助啟動 每公斤最高補助1.3元,,
https://news.ltn.com.tw/news/life/breakingnews/4182738,蘇花公路大清水隧道坍方 未來蘇花安擬改用長隧道最快2032年通車,,
https://news.ltn.com.tw/news/life/breakingnews/4182722,蘇花公路坍方中斷   蘇揆：預計15日下午5點恢復通車,,
https://news.ltn.com.tw/news/life/breakingnews/4182644,蘇花中斷陸海空4計畫因應 中橫公路「白天開放」花蓮到台北最快4小時,,
https://news.ltn.com.tw/news/life/breakingnews/4182607,蘇花坍方最快1/15下午5點搶通 初期將採戒護通行供民眾行駛,,
https://news.ltn.com.tw/news/life/breakingnews/4182547,蘇花坍方衝擊台東鮮貨輸入  星巴克台東分店今全日停供糕點,,
https://news.ltn.com.tw/news/life/breakingnews/4182535,土石崩塌空拍畫面曝光！蘇花公路中斷  蔬果啟動鐵路疏運,,
https://news.ltn.com.tw/news/life/breakingnews/4182567,大清水隧道塌雙向中斷海運啟動 3艘快輪往返宜花免費載人車,,
https://news.ltn.com.tw/news/life/breakingnews/4182531,大清水隧道南口坍方蘇花中斷 台鐵今起至15日增開42列次區間快車,,
https://news.ltn.com.tw/news/life/breakingnews/4182470,土石崩塌壓毀蘇花路廊明隧道 公路總局籲：改搭台鐵或走南迴,,
https://news.ltn.com.tw/news/life/breakingnews/4182413,蘇花公路雙向阻斷！大清水隧道南口坍方 預估15日搶通,,
https://news.ltn.com.tw/news/life/breakingnews/4182414,大清水隧道坍方 蘇花公路雙向中斷,,
https://news.ltn.com.tw/news/society/breakingnews/4174142,砂石車與貨櫃聯結車相撞1駕駛送醫  蘇花公路恢復通行,,
https://news.ltn.com.tw/news/society/paper/1560772,宜縣新科「測速王」 抓5680件違規創新高,,
https://news.ltn.com.tw/news/life/paper/1560496,元旦連假 宜蘭再現國旅人潮,,
https://news.ltn.com.tw/news/life/breakingnews/4171865,連假第2天國5湧現北上車潮 雪隧回堵3.5公里恐塞到深夜,,
https://news.ltn.com.tw/news/life/paper/1559430,元旦連假 蘇花路廊估31日南下最塞,,
https://news.ltn.com.tw/news/life/breakingnews/4166044,元旦連假蘇花路廊將湧出遊車潮 預估這個時間南下最塞,,
https://news.ltn.com.tw/news/politics/breakingnews/4165588,獨家》論文涉抄襲淡大撤銷碩士學位 江聰淵：尊重審查結果,,
https://news.ltn.com.tw/news/life/paper/1558744,雲林身障、年長者 騎車環島19天達陣,,
https://news.ltn.com.tw/news/life/paper/1558010,拚建蘇花安 最快2024年動工,,
https://news.ltn.com.tw/news/life/breakingnews/4159558,力拚蘇花安2024年動工 公路總局東部最強施工團隊新目標,,
https://news.ltn.com.tw/news/life/paper/1557531,南方澳跨港大橋 18日下午3點通車,,
https://news.ltn.com.tw/news/life/breakingnews/4157041,南方澳跨港大橋重生 12/18下午3點開放通車,,
https://news.ltn.com.tw/news/life/breakingnews/4148467,元旦連假23處省道、快速公路易塞 公總推公共運輸優惠鼓勵搭乘,,
https://news.ltn.com.tw/news/life/paper/1555603,花蓮》太魯閣馬拉松週六鳴槍 四點半起人車管制,,
https://news.ltn.com.tw/news/society/breakingnews/4128144,蘇花公路轎車衝對向 釀3車連環撞1人傷,,
https://news.ltn.com.tw/news/life/paper/1551988,公共工程與生態永續並存 蘇花改野生動植物 回復原狀,,
https://news.ltn.com.tw/news/life/breakingnews/4125555,農委會特生中心監測蘇花改 1年路殺41筆遠低一般道路,,
https://news.ltn.com.tw/news/politics/paper/1550502,宜蘭》大南澳聯外道 江聰淵力主打通,,
https://news.ltn.com.tw/news/politics/breakingnews/4116428,江聰淵大南澳拜票 盼打通聯外交通任督二脈,,
https://news.ltn.com.tw/news/life/breakingnews/4109212,蘇花公路邊坡坍方巨石如瀑布狂瀉 畫面曝光網喊「夭壽」,,
https://news.ltn.com.tw/news/life/breakingnews/4108565,蘇花公路台9丁線觀音段坍方阻斷交通  下午4點半恢復通行,,
https://news.ltn.com.tw/news/life/breakingnews/4108025,東部豪大雨 蘇花改中仁隧道機房湧水 無照明搶修中,,
https://news.ltn.com.tw/news/life/paper/1548992,雨炸宜蘭 大同英士部落逾250人撤離,,
https://news.ltn.com.tw/news/life/breakingnews/4107627,蘇花路廊超大豪雨 蘇花公路東澳至南澳不排除預警性封路,,
https://news.ltn.com.tw/news/life/breakingnews/4107059,宜蘭連日豪大雨 蘇花公路坍方交通中斷、工程車遭埋幸無傷亡,,
https://news.ltn.com.tw/news/life/breakingnews/4106104,蘇花路廊恐有超大豪雨不排除預警性封路 請用路人提前北返,,
https://news.ltn.com.tw/news/life/breakingnews/4099049,蘇花改蘇澳到東澳段北上 10/25、26上午9點起施工封閉,,
https://news.ltn.com.tw/news/politics/paper/1544888,日華懇議員 赴宜蘭眺望與那國島,,
https://news.ltn.com.tw/news/politics/breakingnews/4083994,赴宜蘭眺望與那國島 古屋圭司：驗證安倍「台灣有事日本有事」,,
https://news.ltn.com.tw/news/life/paper/1544674,南澳2天雨量破千毫米 蘇花落石傷2人,,
https://news.ltn.com.tw/news/society/breakingnews/4083286,大雨不斷蘇花公路天降落石砸中小客車 一家四口送醫,,
https://news.ltn.com.tw/news/life/paper/1544492,舊蘇花傳坍方 武塔至漢本段封閉,,
https://news.ltn.com.tw/news/life/paper/1544600,國慶連假北部雨相隨 防塞車 防積水,,
https://news.ltn.com.tw/news/life/breakingnews/4082499,雨炸宜蘭！ 舊蘇花公路土石流 武塔至漢本路段封閉,,
https://news.ltn.com.tw/news/life/breakingnews/4082114,國慶連假明開始  公路總局估蘇花路廊將湧8萬輛車次,,
https://news.ltn.com.tw/news/life/breakingnews/4081960,百天徒步環島  香港女孩體驗台灣又多又美人情味,,
https://news.ltn.com.tw/news/life/breakingnews/4081022,國慶連假蘇花路廊易有較大雨勢 這個時間點南下最塞,,
https://news.ltn.com.tw/news/life/breakingnews/4067354,蘇花改工程再獲國際肯定！拿下亞洲土木工程聯盟大獎,,
https://news.ltn.com.tw/news/politics/breakingnews/4067255,論文遭爆抄襲 江聰淵：虛心接受檢驗,,
https://news.ltn.com.tw/news/politics/paper/1541672,江聰淵談建設蘇澳 催生石垣航線,,
https://news.ltn.com.tw/news/politics/breakingnews/4066618,江聰淵前進蘇澳開競選支票 盼開辦蘇澳港到石垣航線,,
https://news.ltn.com.tw/news/life/paper/1541329,9/25蘇花馬拉松 蘇澳到東澳交管,,
https://news.ltn.com.tw/news/life/breakingnews/4064296,南方澳跨港大橋延遲完工蘇花馬照跑 9/25蘇花公路交管,,
https://news.ltn.com.tw/news/life/paper/1540936,宜蘭》婦人疑攀烏岩角 墜落石縫不治,,
https://news.ltn.com.tw/news/society/breakingnews/4061768,宜縣烏岩角婦人受困石縫 直升機吊掛救援送醫不治,,
https://news.ltn.com.tw/news/life/breakingnews/4054331,收假日台61、蘇花、南迴湧北返車流 「種樹百里」調撥車道,,
https://news.ltn.com.tw/news/life/paper/1539465,花蓮》提早上路！蘇花路廊今湧北返車潮,,
https://news.ltn.com.tw/news/life/breakingnews/4052320,中秋連假蘇花路廊恐車多壅塞 明天南下最塞可能落在這時段,,
https://news.ltn.com.tw/news/life/paper/1538143,國內海運今停航約40航次 飛馬祖多有異動,,
https://news.ltn.com.tw/news/life/breakingnews/4046589,軒嵐諾打亂交通！國內海空運多航班取消 省道9路段擬管制,,
https://news.ltn.com.tw/news/life/paper/1537936,航空取消31架次 9省道路段恐封閉,,
https://news.ltn.com.tw/news/life/breakingnews/4045599,舊蘇花公路改造設計獲國際肯定 拿到IFLA優質獎,,
https://news.ltn.com.tw/news/life/breakingnews/4045426,軒嵐諾颱風逼近 公總：9處省道路段可能實施預警性封閉,,
https://news.ltn.com.tw/news/life/breakingnews/4037842,搶修蘇花遭猴丟石阻止... 公路研討會盼減少衝擊生態與路殺,,
https://talk.ltn.com.tw/article/paper/1536251,自由廣場》只有司機該負責嗎？,,
https://art.ltn.com.tw/article/paper/1535862,【自由副刊】 黃信恩／預卜,,
https://news.ltn.com.tw/news/life/paper/1534946,最新路線出爐 蘇花安拚2024年動工,,
https://news.ltn.com.tw/news/life/breakingnews/4028804,「蘇花安」最新路線出爐 預計2031完工,,
https://news.ltn.com.tw/news/society/paper/1534853,超速打錯檔 司機拗煞車失靈被打臉／遊覽車蘇花撞山六死 二審仍判一年半,,
https://news.ltn.com.tw/news/society/breakingnews/4026626,蘇花公路遊覽車撞山壁釀6死39傷 高院判莽撞司機1年6月徒刑,,
https://news.ltn.com.tw/news/life/paper/1534321,宜蘭肉眼看到日本》上舊蘇花公路 拍到與那國島,,
https://news.ltn.com.tw/news/politics/breakingnews/4024587,左營艦「1對1」盯共軍南京艦影片曝光 台日中艦同框超震撼,,
https://news.ltn.com.tw/news/life/breakingnews/4024308,罕見！宜蘭肉眼可見日本國土  軍事迷蘇澳拍到與那國島,,
https://news.ltn.com.tw/news/society/breakingnews/4018142,童玩節也反賄選...年底選舉將至 宜縣政風處辦理宣導,,
https://art.ltn.com.tw/article/paper/1532180,【家庭plus．親子共遊】小鐵人環島 好樣的,,
https://ec.ltn.com.tw/article/breakingnews/4003196,凌群以5G結合物聯網 推動蘇花路廊智慧化,,
https://news.ltn.com.tw/news/society/breakingnews/3996806,粉專「消防發爾麵」幕後推手  曾天柔接任新北特搜大隊長,,
https://news.ltn.com.tw/news/society/breakingnews/3988575,蘇花公路火燒車  2人緊急跳車逃命,,
https://talk.ltn.com.tw/article/breakingnews/3985327,檔案瑰寶》由直轉橫：新臺幣鈔券的發行與演變,,
https://news.ltn.com.tw/news/life/paper/1526918,南方澳大橋通車延期 9/25馬拉松照辦,,
https://news.ltn.com.tw/news/life/breakingnews/3982227,南方澳跨港大橋完工延後 慶祝通車馬拉松9/25照常舉辦,,
https://news.ltn.com.tw/news/life/paper/1526820,60歲大叔 路跑23天環台1100公里,,
https://news.ltn.com.tw/news/life/breakingnews/3981217,「不老跑者」環台1100公里 征服本島東西南北四大極點,,
https://playing.ltn.com.tw/article/26331,2022水上酷炫新玩法》必追！全台10大立槳SUP熱點,,
https://playing.ltn.com.tw/article/26259,開箱花蓮最新「海景豪華露營區」！一泊二食玩沙灘車、SUP賞清水斷崖,,
https://ec.ltn.com.tw/article/breakingnews/3961232,大陸工程首度取得港口標案 承包國防部專案,,
https://news.ltn.com.tw/news/life/breakingnews/3959564,重型機車常態通行蘇花改 王國材：同意開放,,
https://news.ltn.com.tw/news/society/breakingnews/3953938,大貨車翻覆波及對向轎車 蘇花公路南澳段單線雙向通行,,
https://news.ltn.com.tw/news/life/breakingnews/3952236,蘇花安傳要縮減規模省經費 公總：方案仍在檢討,,
https://news.ltn.com.tw/news/life/breakingnews/3942881,找無防疫計程車 他台南花蓮一日來回狂飆相助完成超級任務,,
https://news.ltn.com.tw/news/life/paper/1519607,公路總局同意》蘇花安南澳匝道南移 增朝陽匝道,,
https://news.ltn.com.tw/news/life/breakingnews/3940432,蘇花安南澳匝道南移、新增朝陽匝道有譜,,
https://news.ltn.com.tw/news/life/breakingnews/3930391,端午連假省道22路段易壅塞 87條國道客運可享85折,,
https://news.ltn.com.tw/news/life/breakingnews/3911137,宜蘭高中80年 12名傑出校友齊聚一堂,,
https://news.ltn.com.tw/news/life/paper/1511010,大重機通行蘇花改 六月底前完成評估,,
https://news.ltn.com.tw/news/life/breakingnews/3888702,大型重機試行蘇花改6個月 違規率占通行車輛千分之4,,
https://news.ltn.com.tw/news/life/paper/1510486,蘇花改開放白牌機車 公路總局評估,,
https://news.ltn.com.tw/news/life/breakingnews/3885430,宜蘭新增2確診 曾至超商、搭客運往返雙北─羅東,,
https://news.ltn.com.tw/news/life/breakingnews/3884966,蘇花改有望開放白牌機車行駛 王國材：已請公總評估,,
https://news.ltn.com.tw/news/life/paper/1509870,花蓮市區到雪隧開6小時 今恐更塞,,
https://news.ltn.com.tw/news/life/breakingnews/3882236,蘇花路廊北上壅塞 花蓮市區到雪隧口花6小時,,
https://news.ltn.com.tw/news/life/breakingnews/3881732,清明連假第3天》留意國道13處地雷路段！國5估連塞14小時,,
https://news.ltn.com.tw/news/life/breakingnews/3881572,宜、花大塞車！台9線、台7丙、台9丙線公路都塞 明車流恐更多,,
https://news.ltn.com.tw/news/life/breakingnews/3881246,省道湧出遊車潮 天祥太魯閣停車場已滿、蘭陽博物館將滿,,
https://news.ltn.com.tw/news/life/paper/1509476,蘇花路廊南下車潮 逾2.1萬輛次破紀錄,,
https://news.ltn.com.tw/news/life/breakingnews/3872338,台鐵復興號將走入歷史 神秘藍色特快車隨著消失,,
https://news.ltn.com.tw/news/life/breakingnews/3868518,畫面曝光！花蓮凌晨地震 台9線玉里鎮玉興橋成斷橋,,
https://news.ltn.com.tw/news/life/breakingnews/3866261,交通部加碼3年6億 促台鐵等陸海空運5G轉型,,
https://news.ltn.com.tw/news/life/paper/1506908,10天1145公里 不老騎士完成環島,,
https://news.ltn.com.tw/news/life/breakingnews/3864933,完成了！ 弘道「2022不老騎士為愛千里」10天環島返回台中,,
https://news.ltn.com.tw/news/life/breakingnews/3863713,公總優化「幸福公路App」 提供旅行時間、地圖動態轉向功能,,
https://news.ltn.com.tw/news/life/paper/1505677,宜蘭》不老騎士環島 為弱勢長輩募餐費,,
https://news.ltn.com.tw/news/life/breakingnews/3858191,98歲不老騎士領軍騎上蘇花公路 挑戰1145公里環島旅程,,
https://news.ltn.com.tw/news/life/paper/1505234,不老騎士環島 98歲郭深森領軍,,
https://news.ltn.com.tw/news/life/breakingnews/3854991,98歲不老騎士郭深森領軍環島 公益大使盧廣仲陪騎一程,,
https://news.ltn.com.tw/news/life/breakingnews/3848269,清明連假19處墓園周邊道路易壅塞 公總：3月提早掃墓可避塞車,,
https://news.ltn.com.tw/news/life/breakingnews/3843339,收假日仍有短途出遊車潮 省道、快速道路估12處易壅塞,,
https://news.ltn.com.tw/news/society/paper/1503063,賊團偷蘇花改高價電纜 撞柵欄演「玩命關頭」,,
https://news.ltn.com.tw/news/society/breakingnews/3843089,偷蘇花改隧道500米電纜線 竊嫌逆向飆逃衝破柵欄拒捕,,
https://news.ltn.com.tw/news/life/breakingnews/3842872,蘭陽博物館、天祥及太魯閣停車場將滿 蘇花午後北返壅塞,,
https://news.ltn.com.tw/news/society/breakingnews/3842273,酒駕丟駕照…婦酒後騎車回家 舊蘇花和仁隧道內自摔亡,,
https://news.ltn.com.tw/news/life/breakingnews/3842135,烏來、天祥、太魯閣、鯉魚潭停車場7成滿 公總：下午9路段易塞車,,
https://news.ltn.com.tw/news/society/breakingnews/3840507,蘇花公路落石砸車 車輛失控撞山壁駕駛不治,,
https://news.ltn.com.tw/news/life/paper/1501527,花蓮》蘇花改中仁仁水隧道 26日啟用區間測速,,
https://news.ltn.com.tw/news/life/breakingnews/3835001,走蘇花改中仁、仁水隧道注意！區間測速2/26啟用 不只抓超速,,
https://news.ltn.com.tw/news/life/breakingnews/3831962,228連假省道21路段易壅塞 公路總局：預估車流以觀光旅遊為主,,
https://news.ltn.com.tw/news/life/breakingnews/3830307,蘇花改南澳到和平段 明、後天9點到12點救災演練封閉交通,,
https://news.ltn.com.tw/news/life/breakingnews/3823469,蘇花路廊春節車流較往年少10％ 接續備戰二二八連假車潮,,
https://news.ltn.com.tw/news/life/breakingnews/3821047,明天就要上班上課 省道將湧返回工作地車潮,,
https://news.ltn.com.tw/news/life/paper/1499095,收假日交通量估不高 留意5處易塞路段,,
https://news.ltn.com.tw/news/life/breakingnews/3820705,省道收假+短途旅遊車潮匯集午後 清境、天祥、太魯閣停車已滿,,
https://news.ltn.com.tw/news/life/breakingnews/3820666,國5湧北返車潮 雪隧預估塞到深夜,,
https://news.ltn.com.tw/news/life/breakingnews/3820119,省道湧北返+短途出遊車流 蘇花路廊多處壅塞、天祥太魯閣停車場已滿,,
https://news.ltn.com.tw/news/life/breakingnews/3819745,北上高峰期 國5明、後天上午9點就會湧現車潮恐塞到深夜,,
https://news.ltn.com.tw/news/life/breakingnews/3819247,國5、蘇花路廊明將湧現北上車流 儘早出發避開車潮,,
https://news.ltn.com.tw/news/life/breakingnews/3819015,蘇花路廊湧現南下車潮 蘇澳警方在易壅塞路段加強交通疏導,,
https://news.ltn.com.tw/news/life/breakingnews/3818988,初二出遊返鄉車潮一起上路  廟宇、風景區周邊道路恐塞爆 ,,
https://news.ltn.com.tw/news/life/breakingnews/3818548,初一走春 公總：預判省道有9處易壅塞路段 多個廟宇周邊道路恐塞車,,
https://news.ltn.com.tw/news/life/breakingnews/3818497,年初一出遊 蘇花改清晨5時湧車潮 預計午後紓緩,,
https://news.ltn.com.tw/news/life/breakingnews/3818097,省道、快速公路8路段今易塞 公總籲耐心行駛,,
https://news.ltn.com.tw/news/life/breakingnews/3817584,春節連假第2天 省道、快速公路8路段易塞,,
https://news.ltn.com.tw/news/life/breakingnews/3817553,春節連假第2天 國5、蘇花改車流上午順暢,,
https://news.ltn.com.tw/news/life/paper/1498636,高公局估南下車流 是平日1.4倍 小年夜避車潮 國五宜下午出發,,
https://news.ltn.com.tw/news/life/breakingnews/3816960,春節連假首日 公總：返鄉車潮陸續湧現 5處路段易有車多壅塞情況,,
https://news.ltn.com.tw/news/life/breakingnews/3816934,連假首日 蘇花路廊上午未見車潮 車流順暢,,
https://news.ltn.com.tw/news/life/paper/1498465,蘇花路廊清晨湧南下車潮 檢查車況再上路,,
https://news.ltn.com.tw/news/life/breakingnews/3816389,放假過年囉！蘇花路廊估明晨5點起湧南下車潮 午後逐漸紓解,,
https://news.ltn.com.tw/news/life/paper/1498263,舊蘇花公路區間測速 明天啟用,,
https://news.ltn.com.tw/news/life/breakingnews/3815571,年節返鄉注意！舊蘇花和中到和仁 區間測速1/29啟用,,
https://news.ltn.com.tw/news/life/paper/1497907,宜蘭》春節出遊 宜縣除夕至初四路邊停車不收費,,
https://news.ltn.com.tw/news/life/breakingnews/3812278,春節宜蘭交通看過來 國5單日車流量預估7萬餘輛次,,
https://news.ltn.com.tw/news/life/breakingnews/3808385,宜蘭連日豪雨 蘇南公路坍方、蘇花公路暫不封閉,,
https://news.ltn.com.tw/news/society/paper/1495592,走蘇花遇死劫 騎士自撞 人墜150米清水斷崖亡,,
https://news.ltn.com.tw/news/society/breakingnews/3798353,騎車走蘇花返家遇死劫 疑自撞隧道摔落150公尺深清水斷崖身亡,,
https://news.ltn.com.tw/news/society/breakingnews/3798200,蘇花和平隧道南口1男墜崖 頭部重創身亡,,
https://news.ltn.com.tw/news/life/paper/1495310,宜蘭》春節蘇花路廊 估2/1-2/3南下最塞,,
https://news.ltn.com.tw/news/life/breakingnews/3797563,蘇花路廊初一到初三南下最塞 蘇澳到崇德至少3小時,,
https://news.ltn.com.tw/news/life/paper/1493758,雙北、宜蘭4級 驚聲尖叫30秒,,
https://news.ltn.com.tw/news/society/breakingnews/3788790,東部6.0地震 蘇花公路傳出車輛底盤捲入落石動彈不得,,
https://news.ltn.com.tw/news/life/paper/1493260,連假首日車流量1.6萬輛 蘇花路廊交通順暢,,
https://news.ltn.com.tw/news/life/paper/1493224,迎曙光要保暖 空曠處探10度,,
https://news.ltn.com.tw/news/life/breakingnews/3786212,元旦連假首日 花蓮海洋公園中午前遊客逾3千、旅宿訂房趨近滿房,,
https://news.ltn.com.tw/news/life/breakingnews/3786040,元旦連假首日蘇花路廊南下車流估比去年增22％ 蘇澳到崇德要開115分,,
https://news.ltn.com.tw/news/life/breakingnews/3785890,元旦連假首日蘇花路廊清晨湧現南下車潮 估中午過後紓緩,,
https://news.ltn.com.tw/news/life/paper/1493061,元旦連假國5、蘇花路廊湧車潮 避壅塞時段,,
https://news.ltn.com.tw/news/life/breakingnews/3785218,蘇花路廊明清晨4點湧南下車潮  蘇澳到崇德3小時起跳,,
https://news.ltn.com.tw/news/life/breakingnews/3782703,媽祖「託夢」促成？ 南方澳進安宮石雕珊瑚媽祖開光點睛,,
https://news.ltn.com.tw/news/life/paper/1492289,元旦連假首日 蘇澳到崇德估花3小時,,
https://news.ltn.com.tw/news/life/breakingnews/3780842,元旦連假蘇花路廊車流爆量？ 首日南下估3小時車程加倍,,
https://news.ltn.com.tw/news/society/breakingnews/3772814,台9線蘇花公路曳引車翻覆撞山壁 幸駕駛未受傷,,
https://news.ltn.com.tw/news/politics/breakingnews/3768566,表揚傑出貢獻公務人員 蔡英文：軍公教加薪4％期許精益求精,,
https://news.ltn.com.tw/news/life/breakingnews/3768480,蘇花改南澳到和平段救災演練  23日10到12點管制封閉,,
https://news.ltn.com.tw/news/life/paper/1489528,大客車審驗制度2.0 交通部趕年底推出,,
https://news.ltn.com.tw/news/life/paper/1489343,國五銜接蘇花改 2032完工,,
https://news.ltn.com.tw/news/life/breakingnews/3764139,行政院核定國五銜接蘇花改計畫 宜蘭縣府盼2030完工,,
https://news.ltn.com.tw/news/life/paper/1488277,蘇花安工程》崇德段設高架橋 部落憂毀生態,,
https://news.ltn.com.tw/news/life/breakingnews/3757783,蘇花安崇德段高架擬設服務區 部落居民不領情憂破壞生態廊道,,
https://auto.ltn.com.tw/news/19088,元旦連假省道及快速公路有車潮 20路段易壅塞,,
https://news.ltn.com.tw/news/life/paper/1488092,蘇花撞壁釀死傷 遊覽車司機判一年半,,
https://news.ltn.com.tw/news/life/breakingnews/3757064,元旦連假省道及快速公路有車潮 20路段易壅塞,,
https://news.ltn.com.tw/news/society/breakingnews/3756650,蘇花遊覽車撞山壁釀6死39傷 肇事司機判刑1年半,,
https://news.ltn.com.tw/news/life/paper/1487494,立院三讀》4歲以上坐大型車 強制繫安全帶,,
https://auto.ltn.com.tw/news/19065,立院三讀 大型車須裝防捲入裝置 違者最高罰 2.4 萬,,
https://news.ltn.com.tw/news/politics/breakingnews/3752608,立院三讀 大型車須裝防捲入裝置 違者最高罰2.4萬,,
https://news.ltn.com.tw/news/life/paper/1485137,宜蘭／蘇花安長30公里 現路線截彎取直,,
https://news.ltn.com.tw/news/life/breakingnews/3739620,蘇花安12月完成綜合規劃期末報告 爭取2023年核定,,
https://news.ltn.com.tw/news/life/breakingnews/3737472,蘇花改蘇澳到東澳段 11/24-25晚間封路防災演練,,
https://news.ltn.com.tw/news/society/breakingnews/3729630,蘇花公路東澳段3砂石車相撞 交通一度阻斷無法通行,,
https://news.ltn.com.tw/news/life/breakingnews/3726342,「下雪」了！甜根子草首度大爆花 宜花交界和平溪超美,,
https://news.ltn.com.tw/news/life/breakingnews/3720724,運安會開始檢驗車輛 蘇花公路遊覽車撞山壁事故報告最快明年1月完成,,
https://news.ltn.com.tw/news/life/breakingnews/3718434,自行車登山王挑戰29日登場 中橫、台14甲部分路段交管,,
https://news.ltn.com.tw/news/life/breakingnews/3716710,蘇花公路東澳到南澳段 10/27-29每日8-20施工交管,,
https://news.ltn.com.tw/news/life/breakingnews/3716481,全國899家遊覽車業者評鑑 27家安全未達標不列等,,
https://news.ltn.com.tw/news/life/breakingnews/3715266,蘇花改蘇澳到東澳路段明晚9點起施工 實施夜間封閉管制,,
https://news.ltn.com.tw/news/life/paper/1480566,南澳強震 超市貨架物品掉滿地,,
https://news.ltn.com.tw/news/life/paper/1480534,錐麓古道落石傷人 北市災情通報30起,,
https://news.ltn.com.tw/news/life/breakingnews/3714156,南澳6.5地震 蘇花公路落石擊中轎車車門幸無人傷,,
https://news.ltn.com.tw/news/life/breakingnews/3707710,花蓮規模5.2地震震央近蘇花公路 氣象局：未來2天留意餘震,,
https://news.ltn.com.tw/news/life/breakingnews/3706508,10/17 各報重點新聞一覽,,
https://news.ltn.com.tw/news/life/paper/1478957,慘! 6月只載163人 創北花線客運最低運量,,
https://news.ltn.com.tw/news/life/paper/1478960,只要完成驗證 區間測速可望重啟,,
https://news.ltn.com.tw/news/life/breakingnews/3700879,省道6處持續預警性封閉 2路段落石坍方阻斷,,
https://news.ltn.com.tw/news/life/breakingnews/3700857,10/12 各報重點新聞一覽,,
https://news.ltn.com.tw/news/society/paper/1477984,南澳16遊客 受困神秘沙灘海蝕洞 空勤直升機出動 二梯次驚險救人,,
https://news.ltn.com.tw/news/life/breakingnews/3700632,圓規外圍環流挾帶風雨 北橫、南橫等7路段預警性封閉,,
https://news.ltn.com.tw/news/life/breakingnews/3700180,花蓮風雨漸大出現北返車流 蘇花、中橫山區道路不排除預警封路,,
https://news.ltn.com.tw/news/society/breakingnews/3700014,宜縣海蝕洞受困16遊客全數獲救 2人送醫,,
https://news.ltn.com.tw/news/life/breakingnews/3699991,圓規颱風暴風圈稍擴大 今豪大雨恐日灌宜蘭490毫米,,
https://news.ltn.com.tw/news/society/breakingnews/3699994,16名遊客受困宜蘭海蝕洞 空勤直升機清晨馳援,,
https://news.ltn.com.tw/news/life/paper/1477807,「圓規」來勢洶洶 防強風豪雨,,
https://news.ltn.com.tw/news/life/breakingnews/3699901,圓規海警發布 北部東部留意強降雨、全台強陣風,,
https://news.ltn.com.tw/news/life/breakingnews/3699782,圓規環流來襲！蘇花路廊若明午後強降雨 不排除預警性封路,,
https://news.ltn.com.tw/news/life/breakingnews/3699662,輕颱圓規結構重整增強中 氣象局：東半部、北部山區做好防颱,,
https://news.ltn.com.tw/news/society/breakingnews/3695617,未讓調查事故騰龍遊覽車？ 宜檢：運安會有協同上車2次,,
https://news.ltn.com.tw/news/politics/breakingnews/3694832,騰龍遊覽車事實資料報告拖遲 運安會：宜檢未讓調查事故車輛,,
https://news.ltn.com.tw/news/society/breakingnews/3692913,花蓮海景太美  遊客冒險攀岩下蘇花體力不支求救,,
https://news.ltn.com.tw/news/life/paper/1476049,雙十連假 估18路段易壅塞,,
https://news.ltn.com.tw/news/life/breakingnews/3689728,國慶連假估18路段易塞 10/9至10/10上午各大風景區將湧車潮,,
https://news.ltn.com.tw/news/life/paper/1475861,大型重機上蘇花改 首日破千車次瘋見證,,
https://news.ltn.com.tw/news/life/breakingnews/3689377,3年半前騎車闖蘇花改被開單 車友帶「獎狀」舊地重遊,,
https://news.ltn.com.tw/news/life/breakingnews/3688969,蘇花改大型重機通行首日 3小時湧入500多輛見證歷史性一刻,,
https://art.ltn.com.tw/article/paper/1475256,【吃遊聯盟】愛戀海洋，寓教於樂,,
https://news.ltn.com.tw/news/life/paper/1474159,連假收假》蘇花路廊順暢 國5塞到傍晚,,
https://news.ltn.com.tw/news/life/paper/1474158,連假收假》蘇花路廊順暢 國5塞到傍晚,,
https://news.ltn.com.tw/news/life/breakingnews/3678802,中秋連假收假日 蘇花路廊湧現北返車潮,,
https://news.ltn.com.tw/news/life/breakingnews/3678676,國5北上入口排隊1公里 高公局︰估今年中秋車流較去年少,,
https://news.ltn.com.tw/news/life/breakingnews/3678409,中秋收假日》避開國道9大壅塞路段 國5塞到晚上,,
https://news.ltn.com.tw/news/life/paper/1473947,今晚 越夜月越明,,
https://news.ltn.com.tw/news/life/breakingnews/3677918,蘭陽博物館、合歡山停車場已滿 蘇花公路北上車流量大,,
https://news.ltn.com.tw/news/life/breakingnews/3677775,今湧出遊與收假車潮 合歡山武嶺停車場已滿,,
https://news.ltn.com.tw/news/life/paper/1473603,連假第一天 花蓮車流秩序良好,,
https://news.ltn.com.tw/news/life/breakingnews/3676282,蘇花路廊南下車流不斷 花蓮各景點車多順暢,,
https://news.ltn.com.tw/news/life/breakingnews/3673062,台9線南迴改安朔草埔段工程 獲亞澳道路協會Mino最佳工程獎項第一名,,
https://news.ltn.com.tw/news/life/paper/1472436,颱風掠過花蓮 合歡山區最強5級風,,
https://news.ltn.com.tw/news/life/breakingnews/3669255,璨樹逐漸遠離 蘇花路廊預計14：00解除封閉,,
https://news.ltn.com.tw/news/life/breakingnews/3669131,中橫、蘇花、南橫部份路段預警封閉 不排除封北宜等山區公路,,
https://news.ltn.com.tw/news/life/paper/1472255,防颱宜縣撤500人 國軍兩棲車進駐蘇澳,,
https://news.ltn.com.tw/news/life/paper/1472217,「璨樹」亂交通 陸海空都影響,,
https://news.ltn.com.tw/news/life/breakingnews/3668535,璨樹來襲風雨漸強  台7線等8路段預警性封閉,,
https://news.ltn.com.tw/news/life/breakingnews/3668932,防颱繃緊神經 宜蘭縣宣布明天停班課,,
https://news.ltn.com.tw/news/life/breakingnews/3668753,蘇花路廊22:00預警性封路車輛只出不進 24:00全線封閉,,
https://news.ltn.com.tw/news/life/breakingnews/3668479,颱風來襲 蘇花路廊擬今晚7點後預警性封路,,
https://news.ltn.com.tw/news/life/paper/1472044,《璨樹來勢洶洶》南方澳600漁船進港 冬山搶收文旦,,
https://news.ltn.com.tw/news/life/breakingnews/3667610,璨樹襲台！蘇花路廊風雨若危及行車安全 不排除預警性封路,,
https://news.ltn.com.tw/news/life/breakingnews/3667057,璨樹颱風來襲 蘇花、南迴等11路段可能預警性封閉,,
https://news.ltn.com.tw/news/politics/breakingnews/3666241,視導南方澳跨港大橋重建 蔡英文︰盼早日讓地方經濟產業更熱絡,,
https://playing.ltn.com.tw/article/25361,會長高的自行車道、慢速賞黃金稻浪！全台最美 8 條親子單車路線好騎又好玩,,
https://news.ltn.com.tw/news/life/paper/1470681,中秋連假 蘇花路廊大客車優先通行,,
https://news.ltn.com.tw/news/life/breakingnews/3659855,中秋連假可能有報復性出遊車潮 蘇花路廊因應措施最多省1小時,,
https://art.ltn.com.tw/article/paper/1470213,【吃遊聯盟】〈單騎樂遊四方〉全台最美 8條親子單車路線,,
https://news.ltn.com.tw/news/society/breakingnews/3653874,蘇花公路火燒車瞬間成火球 消防人員驚險搶救,,
https://news.ltn.com.tw/news/life/paper/1468738,南方澳第一魚市場 拚年底啟用,,
https://news.ltn.com.tw/news/life/breakingnews/3648946,大船入港！南方澳第一魚市場力拚年底前啟用,,
https://news.ltn.com.tw/news/life/paper/1467733,疫情趨緩 中秋連假恐爆出遊車潮,,
https://news.ltn.com.tw/news/life/breakingnews/3643232,中秋連假前一天將爆返鄉車潮 估29處路段易壅塞,,
https://art.ltn.com.tw/article/paper/1467512,【吃遊聯盟】〈實現我的旅遊夢〉踩踏992公里圓夢─單車環島8日紀行,,
https://news.ltn.com.tw/news/society/paper/1467077,無照騎車夜衝 18歲男摔落30米山谷,,
https://news.ltn.com.tw/news/life/breakingnews/3639135,大南澳地區美景遭電塔「開腸剖肚」 地方爭取地下化,,
https://news.ltn.com.tw/news/society/breakingnews/3639064,少年無照夜衝合歡山摔山谷 救援直升機吊掛送醫,,
https://news.ltn.com.tw/news/life/paper/1466248,宜蘭凱旋里橋墩彩繪 踩鐵馬好吸睛,,
https://news.ltn.com.tw/news/life/breakingnews/3634816,橋墩成「宜蘭旅遊懶人包」 橋下踩鐵馬、散步賞風光,,
https://news.ltn.com.tw/news/society/breakingnews/3632678,勇！怕染疫騎機車400K奔喪 71歲阿公累壞跌入水溝,,
https://sports.ltn.com.tw/news/breakingnews/3624889,搭上東奧熱潮 宜蘭東澳車站成另類朝聖景點一天超過500人,,
https://news.ltn.com.tw/news/society/breakingnews/3615443,蘇花公路自撞護欄駕駛甩到10米深邊坡 消防人員驚險救援,,
https://news.ltn.com.tw/news/life/breakingnews/3611691,烟花颱風逼近 公總預警：省道「這7路段」可能管制,,
https://news.ltn.com.tw/news/life/breakingnews/3600430,蘇花改南澳到和平段7/21、7/22救災演練封閉道路,,
https://art.ltn.com.tw/article/paper/1459656,【自由副刊．交換週記】言叔夏／大海的蓋子,,
https://news.ltn.com.tw/news/life/breakingnews/3594556,07/07 各報重點新聞一覽,,
https://news.ltn.com.tw/news/society/paper/1459054,遊覽車蘇花撞山壁釀6死 彎道高速檔行進 司機過失致死起訴,,
https://news.ltn.com.tw/news/society/breakingnews/3593669,蘇花遊覽車6死事故司機過失致死起訴 騰龍通運：尊重司法調查,,
https://news.ltn.com.tw/news/society/breakingnews/3593456,蘇花遊覽車撞山壁釀6死 游姓司機「過失致死」起訴,,
https://news.ltn.com.tw/news/life/breakingnews/3592747,國5交流道擬設體溫量測站 林姿妙說重話：宜蘭不是後花園,,
https://news.ltn.com.tw/news/society/breakingnews/3586977,批半年重大交通事故檢討牛步 邱臣遠要求政府面對問題,,
https://news.ltn.com.tw/news/life/paper/1457724,國五銜接蘇花改 拚2032年底完工,,
https://news.ltn.com.tw/news/life/breakingnews/3585778,國發會昨審議通過國5接蘇花改計畫 交通部：預估121年完工,,
https://news.ltn.com.tw/news/life/paper/1457136,未符營運安全水準 27家遊覽車 1年未改善將廢照,,
https://news.ltn.com.tw/news/life/breakingnews/3578618,滯留鋒面影響蘇花公路零星落石 公路總局機具進駐隨坍隨清,,
https://news.ltn.com.tw/news/life/paper/1455972,蘇花公路東澳段 落石砸車無人傷,,
https://news.ltn.com.tw/news/society/breakingnews/3575955,蘇花公路近百公斤落石從天而降 擊中2輛車讓人捏把冷汗,,
https://news.ltn.com.tw/news/life/breakingnews/3574717,騰龍遊覽車撞山後召回1189輛車體檢  789輛座椅固定不符規格,,
https://news.ltn.com.tw/news/life/breakingnews/3569386,蘇澳東澳里封路防疫被批搞戒嚴 鎮長︰自發性封路待疫情趨緩,,
https://news.ltn.com.tw/news/life/paper/1454606,《端午連假防疫不出門》蘇花公路車流少7成 風景區空蕩蕩,,
https://news.ltn.com.tw/news/life/paper/1454603,端午連假首日 國5車流量較前年少5成,,
https://news.ltn.com.tw/news/life/breakingnews/3568339,端午連假蘇花公路南下車少7成！觀光區空蕩蕩,,
https://news.ltn.com.tw/news/society/breakingnews/3564917,驚險！蘇花公路匯德隧道電線垂落 連勾3輛貨車釀車損,,
https://news.ltn.com.tw/news/life/paper/1452859,端節連假 蘇花路廊管制大貨車,,
https://news.ltn.com.tw/news/life/breakingnews/3558401,疫情腰斬蘇花路廊車流 端午連假蘇澳到崇德估90分鐘,,
https://news.ltn.com.tw/news/society/breakingnews/3526097,蘇花公路隧道車禍！ 自小客自撞邊角 重機煞車打滑自摔,,
https://news.ltn.com.tw/news/life/paper/1447456,宜蘭漢本車站 3千朵鐵砲百合綻放,,
https://news.ltn.com.tw/news/life/breakingnews/3524690,北迴線「寂寞小站」鐵砲百合大爆發 白色花海驚艷,,
https://news.ltn.com.tw/news/society/paper/1447328,蘇花改首起死亡車禍／砂石車撞維修工 2死3傷,,
https://news.ltn.com.tw/news/society/breakingnews/3523506,蘇花改首起死亡車禍釀2死 莊姓工人妻接獲噩耗崩潰,,
https://news.ltn.com.tw/news/life/breakingnews/3515441,4歲以上乘客搭大客車未繫安全帶  立委提案罰乘客6000元,,
https://news.ltn.com.tw/news/life/breakingnews/3513794,自行車友善旅宿年底前將飆破千家 五星飯店主打單車管家搶商機,,
https://news.ltn.com.tw/news/life/paper/1444578,《台東》台9線瑞豐永安段 拓寬動土,,
https://news.ltn.com.tw/news/life/breakingnews/3508145,活絡台東觀光及產業發展 台9線瑞豐永安段動工拓寬,,
https://news.ltn.com.tw/news/life/breakingnews/3505362,王國材上任提8政策 強調台鐵改革創造三贏,,
https://news.ltn.com.tw/news/life/paper/1443413,召回1189輛遊覽車檢視 逾10輛與送驗型式不同,,
https://news.ltn.com.tw/news/society/breakingnews/3500842,台9線蘇花公路一大貨車翻車 1人受傷,,
https://news.ltn.com.tw/news/life/breakingnews/3496181,新北浴佛節大會 侯友宜浴沸誦心經祈福,,
https://news.ltn.com.tw/news/life/paper/1441939,台鐵出軌》頭七法會 林佳龍：千億強化東部交通建設,,
https://news.ltn.com.tw/news/life/breakingnews/3494170,宜花東3縣發聯合聲明  交部：從未忘記建設東部,,
https://news.ltn.com.tw/news/life/breakingnews/3493416,國道客運安全 首都客運：有防偏移、防翻車系統,,
https://news.ltn.com.tw/news/life/breakingnews/3492802,捕獲「地震魚」！ 多災多難東海岸居民怕爆…,,
https://news.ltn.com.tw/news/society/paper/1441609,資深消防員╱太魯閣號搜救比3年前普悠瑪難10倍,,
https://news.ltn.com.tw/news/life/breakingnews/3491033,台鐵出軌》資深消防員：太魯閣比普悠瑪難救10倍,,
https://news.ltn.com.tw/news/focus/paper/1441285,林佳龍請辭 搶修完成後承擔責任,,
https://news.ltn.com.tw/news/life/paper/1441177,今收假 國五14至21點高乘載管制,,
https://news.ltn.com.tw/news/society/breakingnews/3489622,台鐵出軌》4歲罹難者陳小妹回家了！雪隧內車輛靠邊如「摩西分海」,,
https://news.ltn.com.tw/news/life/breakingnews/3489477,清明連假收假估車潮湧現 週一省道公路多段交管,,
https://news.ltn.com.tw/news/life/breakingnews/3489378,國5、蘇花路廊湧現北返車潮 雪隧回堵5公里恐塞到深夜,,
https://news.ltn.com.tw/news/life/paper/1441022,蘇花罹難者呂淑楨遺愛 家屬捐復康巴士,,
https://news.ltn.com.tw/news/life/paper/1441021,《台鐵出軌》新北78人傷亡 市府設救助專戶,,
https://news.ltn.com.tw/news/life/breakingnews/3488326,蘇花車禍罹難者呂淑楨家屬捐「天使號」復康巴士 侯友宜出席告別式,,
https://news.ltn.com.tw/news/life/paper/1440788,救援煉獄 破車廂卡死隧道,,
https://news.ltn.com.tw/news/society/breakingnews/3487285,台鐵出軌》太魯閣號清水隧道出軌  釀50死162輕重傷,,
https://news.ltn.com.tw/news/society/breakingnews/3487435,台鐵出軌》仁水隧道北上機車道封閉  搜救結束就結束管制,,
https://news.ltn.com.tw/news/life/breakingnews/3487738,「蜘蛛人」修護邊坡如履薄冰  「至少5次和死神擦身」,,
https://news.ltn.com.tw/news/society/breakingnews/3487605,台鐵出軌》新北特搜隊已趕至現場  搶救嚴重變形4車廂,,
https://news.ltn.com.tw/news/society/breakingnews/3487361,台鐵出軌》明隧道廠商工程車溜逸撞列車 駕駛失聯,,
https://news.ltn.com.tw/news/life/paper/1440438,交部推「蘇花安」 地方盼崇德段採長隧道,,
https://news.ltn.com.tw/news/life/breakingnews/3484749,清明連假國5單日預估7.1萬輛車流 4/4北返恐塞到凌晨,,
https://news.ltn.com.tw/news/life/breakingnews/3483318,遊覽車召回檢查 林佳龍：不影響清明連假,,
https://news.ltn.com.tw/news/life/paper/1440038,遊覽車座椅裝設訂規範 取消末排中間位,,
https://news.ltn.com.tw/news/life/breakingnews/3482307,交委會通過提案禁設大客車末排中間座位 交通部允半年內修法改善,,
https://news.ltn.com.tw/news/life/breakingnews/3482233,立委追問遊覽車座椅用幾個螺絲？ 交通部：只要通過拉力測試就算合格,,
https://news.ltn.com.tw/news/life/breakingnews/3482183,擴大召回遊覽車》已召回565輛 交通部：不影響清明車輛調度,,
https://news.ltn.com.tw/news/society/paper/1439848,壹圓舊鈔「秘境」象鼻隧道攀岩 男墜崖亡,,
https://news.ltn.com.tw/news/society/breakingnews/3481594,攀爬蘇花古路象鼻隧道 6旬男墜崖命危,,
https://news.ltn.com.tw/news/life/paper/1439678,座椅固定方法 列遊覽車體抽驗項目,,
https://news.ltn.com.tw/news/life/breakingnews/3480904,讓遊覽車更安全 林佳龍：定檢項目修正、車體打造加強動態檢測,,
https://news.ltn.com.tw/news/life/paper/1439471,擴大召回客運車 業者：不影響清明疏運,,
https://news.ltn.com.tw/news/life/breakingnews/3480227,蘇花撞山壁遊覽車座椅拋飛原因 車安中心、運安會爆爭執,,
https://news.ltn.com.tw/news/life/breakingnews/3479878,交通部擴大召回遊覽車、客運衝擊清明疏運？業者︰影響不大,,
https://news.ltn.com.tw/news/life/breakingnews/3479457,03/26 各報重點新聞一覽,,
https://news.ltn.com.tw/news/life/paper/1439271,蘇花6死事故// 少兩顆螺絲 座椅甩飛奪命,,
https://news.ltn.com.tw/news/life/breakingnews/3478911,召回遊覽車檢查產生營業損失  林佳龍：會給予業者保障及協助,,
https://news.ltn.com.tw/news/life/breakingnews/3478819,蘇花公路遊覽車撞山釀6死  運安會：靠窗座位少2顆螺絲固定,,
https://news.ltn.com.tw/news/life/breakingnews/3478347,騰龍遊覽車事故調查 王國材：2個月內公布初步結果,,
https://news.ltn.com.tw/news/life/breakingnews/3478293,蘇花車禍交部召回718輛遊覽車檢測 王國材：清明連假前完成,,
https://news.ltn.com.tw/news/society/paper/1439164,自由日日shoot》蘇花6死車禍／檢：有人為因素 騰龍司機百萬交保,,
https://news.ltn.com.tw/news/society/paper/1439163,自由日日shoot》多數遊覽車 安全門側無鋼樑,,
https://news.ltn.com.tw/news/life/breakingnews/3477881,林佳龍下令召回名盛打造718輛遊覽車 檢核前暫停營運,,
https://news.ltn.com.tw/news/society/breakingnews/3477819,遊覽車蘇花撞山壁釀6死39傷 司機百萬交保原因曝光,,
https://news.ltn.com.tw/news/society/breakingnews/3477653,蘇花遊覽車撞山壁釀6死 肇事駕駛100萬交保,,
https://news.ltn.com.tw/news/life/breakingnews/3477493,運安會指騰龍遊覽車座椅安裝有結構性問題 交通部：已赴車廠實核,,
https://news.ltn.com.tw/news/politics/breakingnews/3477430,蘇花車禍罹難者家屬捐復康巴士 侯友宜：感謝造福更多人,,
https://news.ltn.com.tw/news/life/breakingnews/3477380,28位不老騎士環島 將挑戰心形公路完成「愛心」軌跡,,
https://news.ltn.com.tw/news/life/breakingnews/3477104,蘇花6死車禍 運安會：肇事騰龍遊覽車發現車體結構系統性問題,,
https://news.ltn.com.tw/news/society/breakingnews/3477085,蘇花遊覽車撞山壁釀6死  肇事司機今出院赴宜蘭地檢署複訊,,
https://news.ltn.com.tw/news/society/breakingnews/3476988,騰龍遊覽車釀6死 游姓司機今出院到地檢署複訊,,
https://news.ltn.com.tw/news/life/paper/1438929,清明連假交通疏導 宜警動員3千人,,
https://news.ltn.com.tw/news/life/breakingnews/3476135,清明連假將至 國5單日預估7.1萬輛車流,,
https://news.ltn.com.tw/news/life/paper/1438585,遊覽車事故 遺愛人間 21歲女罹難 家屬捐復康巴士,,
https://news.ltn.com.tw/news/life/breakingnews/3474250,21歲女蘇花斷魂理賠金 家屬將捐復康巴士遺愛人間,,
https://news.ltn.com.tw/news/politics/paper/1438441,一週大事》3月14日至20日,,
https://news.ltn.com.tw/news/life/breakingnews/3472510,20輛遊覽車檢驗通過 騰龍通運：明起營運 已有進香團預約,,
https://news.ltn.com.tw/news/society/breakingnews/3472141,蘇花車禍釀6死、39傷 騰龍20輛車最快今天復工,,
https://news.ltn.com.tw/news/life/breakingnews/3472094,清明連假省道19地雷路段出爐 搭公共運輸優惠多,,
https://news.ltn.com.tw/news/life/paper/1437927,騰龍遊覽車車禍肇因 檢方調查釐清,,
https://news.ltn.com.tw/news/society/breakingnews/3471337,騰龍公司車輛全緊急召回送檢   台北監理所：查核完成前不能營運,,
https://news.ltn.com.tw/news/society/breakingnews/3471278,蘇花遊覽車車禍 檢：人為、機械因素都不排除,,
https://news.ltn.com.tw/news/society/breakingnews/3471018,騰龍遊覽車司機暫不出院複訊 檢：身體狀況不允許,,
https://news.ltn.com.tw/news/life/breakingnews/3471026,新版遊覽車評鑑6月公布 公總：騰龍公司確定「不列等」,,
https://news.ltn.com.tw/news/society/breakingnews/3470860,蘇花車禍》侯友宜：協助求償、和家屬共同面對,,
https://news.ltn.com.tw/news/society/breakingnews/3470718,指蘇花遊覽車事故公總有三大疏失 立委要求林佳龍究責,,
https://news.ltn.com.tw/news/society/breakingnews/3470669,蘇花遊覽車車禍 立委爆：肇事公司「未結違規數」達627次,,
https://news.ltn.com.tw/news/society/breakingnews/3470627,蘇花遊覽車肇事司機將照X光 今有望出院,,
https://news.ltn.com.tw/news/society/breakingnews/3470511,蘇花撞山遊覽車停在「N檔」 與司機說法矛盾,,
https://news.ltn.com.tw/news/society/paper/1437769,加速蘇花安改善 精進大客車定檢機制,,
https://news.ltn.com.tw/news/society/paper/1437767,女大生繫安全帶 連人帶椅噴飛亡,,
https://news.ltn.com.tw/news/society/paper/1437766,蘇花 6 死車禍／過度煞車 急彎甩尾撞壁 專家疑駕駛3大肇因,,
https://news.ltn.com.tw/news/society/breakingnews/3469938,蘇花車禍肇事遊覽車公司 今照常出車畢業旅行,,
https://news.ltn.com.tw/news/society/breakingnews/3470327,新聞360》奪命彎道釀6死 蘇花公路「兩大致命危機」曝光,,
https://news.ltn.com.tw/news/society/breakingnews/3470289,蘇花車禍》檢察官勘驗撞山遊覽車 鎖定剎車系統追查,,
https://news.ltn.com.tw/news/society/breakingnews/3470162,蘇花車禍》復興里長二殯慰問  劉洪珠：希望陪家屬一起面對,,
https://news.ltn.com.tw/news/society/breakingnews/3470152,蘇花公路轎車翻覆四輪朝天 距遊覽車撞山壁地點僅1公里,,
https://news.ltn.com.tw/news/society/breakingnews/3469941,騰龍公司蘇花事故同型車   台北區監理所緊急召回檢驗,,
https://ec.ltn.com.tw/article/breakingnews/3469996,蘇花車禍6死意外 4壽險第一時間關懷、身故理賠金共2429萬,,
https://news.ltn.com.tw/news/society/breakingnews/3469928,遊覽車公司負責人赴醫院關心蘇花車禍傷者  強調駕駛、車輛沒問題,,
https://news.ltn.com.tw/news/society/breakingnews/3469925,蘇花車禍》檢勘驗遊覽車 朝司機過失致死偵辦,,
https://news.ltn.com.tw/news/life/breakingnews/3469888,蘇花車禍6死意外 林佳龍：加速「蘇花安」2030完工,,
https://news.ltn.com.tw/news/society/breakingnews/3469817,蘇花車禍重傷男控司機追車 籲大車加裝水桶避免煞車過熱,,
https://news.ltn.com.tw/news/society/breakingnews/3469698,21歲女蘇花斷魂弟持牌位痛哭 78歲翁女兒︰父睡夢中安詳離去,,
https://news.ltn.com.tw/news/society/breakingnews/3469675,蘇花車禍 新北交通局籲公總召回同公司遊覽車檢驗,,
https://news.ltn.com.tw/news/society/breakingnews/3469605,蘇花車禍》里長再赴宜蘭 協助就醫傷患,,
https://news.ltn.com.tw/news/society/breakingnews/3469572,蘇花公路車禍6死 疑遊覽車下坡突加速撞山壁,,
https://news.ltn.com.tw/news/society/breakingnews/3469565,蘇花6死車禍駕駛「踩不到煞車」卻留煞車痕 專家解釋原因,,
https://news.ltn.com.tw/news/society/breakingnews/3469544,蘇花遊覽車撞山釀6死》華寶星夫婦經營麻辣鍋 傳來噩耗鄰里不敢相信,,
https://news.ltn.com.tw/news/society/breakingnews/3469507,上騰龍遊覽車賣鴨賞不到10分鐘 婦人遇劫重傷,,
https://news.ltn.com.tw/news/society/breakingnews/3469510,蘇花車禍》里長劉洪珠花蓮餐廳身影曝光 見里民入座才安心坐下,,
https://news.ltn.com.tw/news/society/breakingnews/3469512,參與蘇花2次遊覽車重大事故救援 宜縣消防小隊長心情沈重,,
https://news.ltn.com.tw/news/society/breakingnews/3469452,蘇花公路遊覽車事故 運安會：屬重大事故已立案調查,,
https://news.ltn.com.tw/news/life/breakingnews/3469380,交通部爭取修法4歲以上搭大客車未繫安全帶開罰「蘇花安」拚119年完工,,
https://news.ltn.com.tw/news/society/breakingnews/3469423,騰龍遊覽車蘇花撞山 侯友宜籲：避免使用肇事公司車輛,,
https://news.ltn.com.tw/news/society/breakingnews/3469413,復興里長半夜返家 上午10點步出家門趕赴醫院陪伴,,
https://news.ltn.com.tw/news/society/breakingnews/3469389,蘇花車禍孫女連人帶椅飛出車外 阿嬤痛哭：她有繫安全帶,,
https://news.ltn.com.tw/news/society/breakingnews/3469367,出遊遇劫斷3根肋骨 70歲老婦見朋友「眼珠掉出來」整夜睡不著,,
https://news.ltn.com.tw/news/society/breakingnews/3469349,蘇花車禍》里長劉洪珠非常自責 傷患：沒有人怪她,,
https://news.ltn.com.tw/news/society/breakingnews/3469330,蘇花車禍夫妻重傷住同醫院 妻昏迷斷腿夫不顧傷勢急尋,,
https://news.ltn.com.tw/news/society/breakingnews/3469323,蘇花車禍》「我一直唸阿彌陀佛！」 78歲嬤轉院台北慈濟談驚魂,,
https://news.ltn.com.tw/news/politics/breakingnews/3469294,蘇花遊覽車撞山釀6死 侯友宜允諾協助民事求償,,
https://news.ltn.com.tw/news/society/breakingnews/3469283,遊覽車蘇花公路撞山 原廠技師將會同勘驗調查事故原因,,
https://news.ltn.com.tw/news/society/breakingnews/3469250,蘇花遊覽車撞山釀6死 肇事駕駛住院仍情緒不穩,,
https://news.ltn.com.tw/news/life/breakingnews/3469178,03/17 各報重點新聞一覽,,
https://news.ltn.com.tw/news/society/breakingnews/3469154,家屬赴蘇花車禍現場招魂 6遺體凌晨回家了,,
https://news.ltn.com.tw/news/society/paper/1437453,蘇花公路遊覽車撞山壁 6死39傷,,
https://news.ltn.com.tw/news/society/paper/1437563,恩愛夫妻共赴黃泉 兒哭捶醫院大門,,
https://news.ltn.com.tw/news/society/paper/1437561,借摩托車趕到事故現場／揪團女里長急哭下跪道歉,,
https://news.ltn.com.tw/news/society/paper/1437560,蘇花車禍／司機︰煞車失靈撞山壁 車撞出大洞人彈飛,,
https://news.ltn.com.tw/news/society/breakingnews/3469133,恐怖巧合？蘇花遊覽車撞山與11年前創意遊覽車墜海其實相差7公里,,
https://news.ltn.com.tw/news/society/breakingnews/3468859,蘇花遊覽車撞山壁釀6死！ 11年前離7公里曾翻車致26死,,
https://news.ltn.com.tw/news/society/breakingnews/3469122,蘇花車禍6死》林佳龍：遊覽車有定檢、司機未超時,,
https://news.ltn.com.tw/news/society/breakingnews/3468843,遊覽車蘇花撞山壁釀6死 騰龍通運：新車、3年前才出廠,,
https://news.ltn.com.tw/news/society/breakingnews/3469111,蘇花事故遊覽車最後時速僅45公里 死者多坐在5到7排,,
https://news.ltn.com.tw/news/society/breakingnews/3469064,蘇花遊覽車撞山壁6死》好友相揪出遊遇死劫 夫妻同車共赴黃泉,,
https://news.ltn.com.tw/news/society/breakingnews/3468951,蘇花遊覽車事故現場完成勘驗 21:03恢復雙線通行,,
https://ec.ltn.com.tw/article/breakingnews/3469047,蘇花公路重大車禍意外  金管會：均由華南產險承保,,
https://news.ltn.com.tw/news/society/breakingnews/3468660,蘇花公路遊覽車撞山壁  已知6死、39輕重傷,,
https://news.ltn.com.tw/news/society/breakingnews/3469020,蘇花車禍6死》新店復興里長自己揪團 快樂之旅變傷心回憶,,
https://news.ltn.com.tw/news/society/breakingnews/3469027,新北里民旅遊蘇花車禍6死39傷 里長自責下跪,,
https://news.ltn.com.tw/news/society/breakingnews/3469012,蘇花撞山壁釀6死39傷 遊覽車司機：出隧道口時速僅40,,
https://news.ltn.com.tw/news/society/breakingnews/3468988,蘇花遊覽車事故6死39傷 侯友宜：會與新北市民站在一起,,
https://news.ltn.com.tw/news/life/breakingnews/3468883,蘇花車禍6名死者 最小21歲、最大78歲 消防局開放專線查詢,,
https://news.ltn.com.tw/news/society/breakingnews/3468943,蘇花遊覽車撞山壁 父母悲痛21歲同車亡女,,
https://news.ltn.com.tw/news/society/breakingnews/3468908,新店里民旅行團蘇花車禍6死 死亡之旅行程曝光！,,
https://news.ltn.com.tw/news/society/breakingnews/3468959,蘇花遊覽車撞山壁再增1死 釀6死39傷,,
https://news.ltn.com.tw/news/life/breakingnews/3468826,蘇花遊覽車事故 公總：駕駛、車輛均合格 今早發車無超時,,
https://news.ltn.com.tw/news/society/breakingnews/3468911,蘇花撞山壁釀6死39傷 遊覽車司機：很自責很擔心,,
https://news.ltn.com.tw/news/society/breakingnews/3468860,侯友宜趕往宜蘭醫院探視新店旅行團傷者 市府將先發給慰問金,,
https://news.ltn.com.tw/news/life/breakingnews/3468866,蘇花遊覽車5死事故 130人花蓮2日遊 每人團費近4千入住理想大地,,
https://news.ltn.com.tw/news/society/breakingnews/3468847,自強活動蘇花出車禍釀死傷 新店復興里民焦慮等消息,,
https://news.ltn.com.tw/news/society/breakingnews/3468804,新店里民旅行團蘇花公路重大車禍 侯友宜將趕往宜蘭醫院關切,,
https://news.ltn.com.tw/news/society/breakingnews/3468813,蘇花遊覽車撞山壁釀5死  受傷乘客：車子連續過彎速度很急,,
https://news.ltn.com.tw/news/society/breakingnews/3468794,疑煞車失靈釀禍 蘇花遊覽車撞山壁5人死亡,,
https://news.ltn.com.tw/news/society/breakingnews/3463640,蘇花公路東澳路段砂石車翻覆 5點恢復雙線通車,,
https://news.ltn.com.tw/news/society/breakingnews/3459053,蘇花公路小山貓司機施工墜20公尺山谷 救難人員架繩索救援,,
https://news.ltn.com.tw/news/novelty/breakingnews/3453561,遭蘇花公路落石擊中  車主分享愛車傷勢笑「牙結石的概念」,,
https://news.ltn.com.tw/news/society/paper/1434272,蘇花公路火燒車 北上一度回堵,,
https://news.ltn.com.tw/news/life/breakingnews/3452930,收假車潮雪上加霜！蘇花公路火燒車釀回堵 晚間7點多雙線通車,,
https://news.ltn.com.tw/news/life/paper/1434066,收假車潮 國5今下午高乘載管制,,
https://news.ltn.com.tw/news/life/paper/1433680,蘇花路廊南下 今恐塞到午後,,
https://news.ltn.com.tw/news/life/breakingnews/3450177,228連假首日 蘇花路廊估明晨6點湧現南下車流塞到午後,,
https://news.ltn.com.tw/news/life/breakingnews/3448393,228連假出遊 蘇花、西濱快、南迴這些時段易塞車,,
https://news.ltn.com.tw/news/life/paper/1432789,舊蘇花和中至和仁段 將區間測速,,
https://news.ltn.com.tw/news/life/breakingnews/3445668,舊蘇花防飆車 和中、和仁實施區間測速限40公里,,
https://news.ltn.com.tw/news/life/breakingnews/3442571,好消息！228連假客運85折 北花線來回400元,,
https://news.ltn.com.tw/news/life/paper/1431242,年初一走春 國一湖口竹北塞8小時,,
https://news.ltn.com.tw/news/life/breakingnews/3438653,初一省道、快速公路也好塞！全台多景點停車場爆滿,,
https://news.ltn.com.tw/news/society/paper/1431179,宜蘭警回花蓮 眼尖認車牌逮鴛鴦大盜,,
https://news.ltn.com.tw/news/society/breakingnews/3437997,橫行宜花東風景區 夫妻檔通緝犯偷機車財物被逮,,
https://news.ltn.com.tw/news/life/breakingnews/3437544,蘇花路廊南下車流大 部分路段實施分流交管,,
https://news.ltn.com.tw/news/life/breakingnews/3436874,蘇花路廊明天清晨6點湧現南下車潮  晚上8點後紓解,,
https://news.ltn.com.tw/news/life/breakingnews/3436515,蘇花路廊春節交通大年初一南下最塞 可能從早塞到晚,,
https://news.ltn.com.tw/news/life/paper/1430096,蘇花錦文隧道照明 公路總局允改善,,
https://news.ltn.com.tw/news/life/paper/1429663,「蘇花安」路廊計劃 蘇花改工程處：拚2023年施工,,
https://news.ltn.com.tw/news/life/breakingnews/3430103,蘇花安崇德路廊 地方盼採用長隧道方案,,
https://news.ltn.com.tw/news/life/paper/1429232,蘇花改接舊蘇花 增大型指示標誌,,
https://news.ltn.com.tw/news/life/breakingnews/3427674,蘇花改加強南下花蓮導引線 避免駕駛誤駛入水泥廠,,
https://news.ltn.com.tw/news/life/paper/1426832,屏南快速公路 可行性研究啟動,,
https://news.ltn.com.tw/news/life/breakingnews/3416862,恆春半島居民看過來！屏南快速公路可行性研究啟動啦...,,
https://news.ltn.com.tw/news/life/paper/1424842,蘇花改19日9時起 全線開放大貨車通行,,
https://news.ltn.com.tw/news/life/breakingnews/3407785,台9線蘇花改南澳至大清水 1/19上午9點開放大貨車通行,,
https://news.ltn.com.tw/news/life/paper/1423007,《花蓮》蘇花崇德、和平段 大客車走優先道,,
https://news.ltn.com.tw/news/life/paper/1422824,車牌辨識系統監測 連假首日蘇花車流順暢,,
https://news.ltn.com.tw/news/life/breakingnews/3398940,元旦連假首日蘇花交通順  估2日中午湧北返車潮,,
https://news.ltn.com.tw/news/life/breakingnews/3398498,蘇花路廊湧現南下車潮 估計午後才能紓解,,
https://news.ltn.com.tw/news/life/breakingnews/3393390,元旦蘇花南下車流估破萬輛次 這34處熱點要小心了！,,
https://news.ltn.com.tw/news/life/paper/1420489,送夕陽 迎曙光 要碰運氣,,
https://news.ltn.com.tw/news/life/breakingnews/3387708,元旦連假台9線將塞爆 公路總局估跨年夜蘇澳至花蓮恐要4小時,,
https://news.ltn.com.tw/news/life/paper/1419488,趕工刨鋪 蘇花公路新氣象迎新年,,
https://news.ltn.com.tw/news/life/breakingnews/3382814,因應跨年、春節返鄉旅遊潮 花蓮門面重鋪32公里長柏油,,
https://news.ltn.com.tw/news/society/breakingnews/3381993,蘇花公路砂石車翻覆 車體龐大通知吊車扶正,,
https://news.ltn.com.tw/news/life/paper/1416989,元旦連假 北花客運優惠來回400元,,
https://news.ltn.com.tw/news/life/breakingnews/3370450,蘇花公路台9丁線「天坑」搶修 現場交管輪流放行,,
https://news.ltn.com.tw/news/life/breakingnews/3369901,駭人！蘇花公路、南澳山區紛傳落石 最大重達數噸,,
https://news.ltn.com.tw/news/life/breakingnews/3368656,宜蘭雨不停！舊蘇花公路落石坍塌 公路總局連夜搶通,,
https://news.ltn.com.tw/news/life/paper/1416271,宜蘭雨不停 「比颱風還恐怖」,,
https://news.ltn.com.tw/news/life/breakingnews/3368311,「竹風蘭雨」名不虛傳！氣象局雨量前10名 宜蘭幾乎全包,,
https://news.ltn.com.tw/news/life/breakingnews/3367883,蘇花公路落石交通中斷 公路總局派員搶修,,
https://news.ltn.com.tw/news/life/breakingnews/3367978,驚悚畫面曝光！雨勢不斷 蘇花公路台9丁線武塔路段路面破大洞,,
https://art.ltn.com.tw/article/paper/1414761,【藝術文化】日本時代修學旅行開箱 少男少女走讀台灣歷史,,
https://news.ltn.com.tw/news/life/paper/1414150,全球道路成就獎 蘇花改獲工程設計類首獎,,
https://news.ltn.com.tw/news/life/breakingnews/3358232,國際道路協會「全球道路成就獎」 蘇花改獲工程設計類首獎,,
https://news.ltn.com.tw/news/life/breakingnews/3358108,3縣市豪大雨特報！北、東迎連續雨天僅明放晴,,
https://news.ltn.com.tw/news/life/breakingnews/3357910,週六北東略轉濕涼！東北部慎防大雨 週日短暫轉晴,,
https://news.ltn.com.tw/news/life/paper/1413792,空軍贈除役機 花蓮上騰工商為失聯上校集氣,,
https://news.ltn.com.tw/news/life/breakingnews/3356833,陽光沒了！北東明起降溫有雨 1張圖秒懂週末假期天氣,,
https://news.ltn.com.tw/news/life/paper/1413108,兌現承諾 築路英雄回蘇花改植樹,,
https://news.ltn.com.tw/news/life/breakingnews/3350937,蘇花公路大清水隧道內汽車、遊覽車擦撞  雙向車流受阻,,
https://news.ltn.com.tw/news/life/paper/1407575,坍方不斷 蘇花公路不排除封路,,
https://news.ltn.com.tw/news/life/breakingnews/3328253,蘇花公路降雨加劇！ 若危及行車安全不排除封路,,
https://news.ltn.com.tw/news/life/breakingnews/3328054,大雨下不停！蘇花坍方不斷 沿線7處機具駐點監控,,
https://news.ltn.com.tw/news/life/breakingnews/3327593,蘇花公路觀音路段坍方 恢復雙向通車,,
https://art.ltn.com.tw/article/paper/1407292,【自由副刊】 阿尼默／成為一棵樹,,
https://news.ltn.com.tw/news/life/breakingnews/3327005,蘇花公路蘇澳到東澳段路跑賽 10/25清晨4點到下午2點交管,,
https://art.ltn.com.tw/article/paper/1406844,【吃遊聯盟】旅途‧發現─品嘗旅遊的滋味,,
https://auto.ltn.com.tw/news/16331,雨勢不斷 蘇花公路凌晨一度封閉,,
https://news.ltn.com.tw/news/life/breakingnews/3323934,雨勢不斷 蘇花公路凌晨一度封閉,,
https://news.ltn.com.tw/news/life/breakingnews/3323064,連日大雨 蘇花公路凌晨坍方一度封閉,,
https://news.ltn.com.tw/news/life/paper/1406302,蘇花改南澳到和平 下週演練封閉,,
https://news.ltn.com.tw/news/life/paper/1406301,觀音隧道南下測桿 宜蘭新科測速王,,
https://news.ltn.com.tw/news/life/breakingnews/3322299,蘇花改南澳到和平路段20、21日救災演練 各封閉2小時,,
https://news.ltn.com.tw/news/life/breakingnews/3320680,蘇花路廊因雨兩度坍方 清晨恢復雙向通行,,
https://news.ltn.com.tw/news/society/paper/1405619,蘇花公路2砂石車擦撞 1人傷,,
https://news.ltn.com.tw/news/society/breakingnews/3318640,蘇花公路2輛砂石車擦撞 一名駕駛受傷送醫,,
https://art.ltn.com.tw/article/paper/1404523,【吃遊聯盟】〈單騎樂遊四方〉太平洋划獨木舟，蘇花漫騎玩透透,,
https://news.ltn.com.tw/news/life/paper/1404364,蘇花路廊雙十恐塞 公路總局估南下2萬輛次,,
https://news.ltn.com.tw/news/life/breakingnews/3313340,雙十連假 蘇花路廊南下10/9可能從早塞到晚,,
https://news.ltn.com.tw/news/life/paper/1403910,茄苳、鳳凰木聯姻 宜縣熱鬧辦婚禮,,
https://news.ltn.com.tw/news/life/breakingnews/3311339,鼓勵年輕人生子！ 宜蘭300年茄苳與鳳凰木聯姻,,
https://news.ltn.com.tw/news/life/paper/1403730,蘇花改客運優先路權 「北花線」連假翻紅,,
https://news.ltn.com.tw/news/life/breakingnews/3308866,蘇花路廊10點過後湧車潮  南下車流輛達萬輛,,
https://news.ltn.com.tw/news/life/breakingnews/3308654,蘇花改南下車流回堵 估下午4點才能紓緩,,
https://news.ltn.com.tw/news/life/paper/1403128,蘇花公路車禍 車流一度回堵5公里,,
https://news.ltn.com.tw/news/life/breakingnews/3308215,懶人包片》連假不想上路塞！避開3條易壅塞路段、高乘載管制,,
https://news.ltn.com.tw/news/life/breakingnews/3307884,蘇花公路卡車、小貨車對撞2人受傷 預計3點後恢復通行,,
https://news.ltn.com.tw/news/life/paper/1402250,秋節疏運挑戰大 國道車潮恐如年初一,,
https://news.ltn.com.tw/news/life/breakingnews/3303944,中秋連假首日蘇花改估塞10小時 公總列3路段尖峰時段,,
https://news.ltn.com.tw/news/life/breakingnews/3301748,中秋連假估高速公路運輸尖峰在10/1 台鐵加開班次 ,,
https://news.ltn.com.tw/news/life/paper/1400604,10月超優惠 北花客運來回400元,,
https://art.ltn.com.tw/article/paper/1398404,【吃遊聯盟】獨木舟、健行、野餐─沉醉花蓮山海饗宴,,
https://news.ltn.com.tw/news/society/breakingnews/3285343,蘇花公路2騎士夜騎摔傷 路面上細石釀禍,,
https://news.ltn.com.tw/news/society/breakingnews/3284520,蘇花公路曳引車自撞護欄側翻 駕駛受傷、車上柏油傾瀉路面,,
https://news.ltn.com.tw/news/politics/breakingnews/3282496,民眾黨插旗花蓮 立委邱臣遠成立服務處、柯文哲揭牌,,
https://news.ltn.com.tw/news/life/paper/1397616,宜蘭蘇花公路車禍受傷 通緝犯身分露餡,,
https://news.ltn.com.tw/news/society/breakingnews/3281465,舊蘇花逆向對撞砂石車 男子受重傷還被查出身揹4通緝案,,
https://news.ltn.com.tw/news/politics/breakingnews/3280166,黑鷹失事》殉職正駕駛葉建儀、機工長許鴻彬  入祀嘉市忠烈祠,,
https://news.ltn.com.tw/news/life/breakingnews/3279010,測試火警設備 蘇花改觀音谷風隧道9/8晚上8到12點封閉,,
https://news.ltn.com.tw/news/life/breakingnews/3268605,7學生挑戰客運24H環島 驚嘆台東金崙日出太美,,
https://news.ltn.com.tw/news/life/paper/1394816,24小時客運環島 準高中生成就解鎖,,
https://news.ltn.com.tw/news/life/paper/1392229,蘇花公路科技抓跨線 10月底前上路,,
https://news.ltn.com.tw/news/life/breakingnews/3255734,蘇花路廊全面採用科技執法 新設跨線取締設備10月底前上路,,
https://news.ltn.com.tw/news/life/breakingnews/3255444,蘇花改觀音及谷風隧道系統測試 13日22:00起封閉7小時,,
https://news.ltn.com.tw/news/life/breakingnews/3238626,蘇花改通車後國5更塞 高公局統計雪隧平假日車流量都增加,,
https://news.ltn.com.tw/news/life/paper/1388368,單親媽騎電動單車 陪腦麻兒環島,,
https://news.ltn.com.tw/news/life/breakingnews/3237925,單親媽載腦麻兒單車環島 沿路最美的風景是人,,
https://news.ltn.com.tw/news/life/breakingnews/3237356,「花東快」啟動可行性研究 公總：7月底至8月初將上網招標,,
https://news.ltn.com.tw/news/life/paper/1388084,蘇花改運量暴增 將評估建花東快,,
https://news.ltn.com.tw/news/life/breakingnews/3228133,蘇花改15日消防演習 南澳至和平段11:00到13:00封閉三小時,,
https://news.ltn.com.tw/news/life/paper/1383493,蘇花改取締龜速車 首日掛零,,
https://auto.ltn.com.tw/news/15636,爭取機車上南迴改、蘇花改 近千機車族包圍公路總局怒吼,,
https://news.ltn.com.tw/news/life/breakingnews/3214634,爭取機車上南迴改、蘇花改   近千機車族包圍公路總局怒吼,,
https://news.ltn.com.tw/news/society/breakingnews/3214368,又是蘇花砂石車！23日逆向撞死騎士 昨疑超速過彎險翻覆,,
https://news.ltn.com.tw/news/life/paper/1382669,北返車潮出現 花蓮端車流順暢,,
https://news.ltn.com.tw/news/life/paper/1382479,國5今北返車流大 建議改走台2、台9,,
https://news.ltn.com.tw/news/life/paper/1382445,風景區塞爆了 小琉球2天擠進2萬人次,,
https://news.ltn.com.tw/news/life/breakingnews/3209479,蘇花路廊昨南下車流2萬400輛 估明午後湧北返車潮,,
https://news.ltn.com.tw/news/life/paper/1382265,端節連假首日塞爆 國五 連塞逾32小時,,
https://news.ltn.com.tw/news/life/breakingnews/3209336,端午連假》蘇花路廊南下車流突破2萬輛次 快追上清明紀錄,,
https://auto.ltn.com.tw/news/15591,蘇花路廊南下車潮爆大量 下午 4 點才能紓解,,
https://news.ltn.com.tw/news/life/breakingnews/3208564,蘇花路廊南下車潮爆大量 下午4點才能紓解,,
https://news.ltn.com.tw/news/life/breakingnews/3207771,端午連假出遊潮  蘇花路廊恐明天凌晨3點起開始塞,,
https://news.ltn.com.tw/news/society/breakingnews/3206728,端午連假首日蘇花改預估從早塞到晚  陳家欽赴宜蘭慰問員警,,
https://news.ltn.com.tw/news/society/breakingnews/3206404,畫面曝光！蘇花公路砂石車逆向超車 對撞機車致騎士重傷送醫,,
https://news.ltn.com.tw/news/society/breakingnews/3206142,舊蘇花公路車禍！機車對撞砂石車 騎士重傷送醫,,
https://ent.ltn.com.tw/news/breakingnews/3205243,陳為民自爆 第4次騎重機上蘇花改被開紅單,,
https://news.ltn.com.tw/news/society/breakingnews/3204769,宜蘭烏岩角釣客中暑暈倒 消防員攀繩登上峭壁送醫,,
https://news.ltn.com.tw/news/life/paper/1381161,蘇花改最低速限上路 首日未見「龜速車」,,
https://news.ltn.com.tw/news/life/paper/1381125,南迴改安朔-草埔段 30日起試行重機,,
https://news.ltn.com.tw/news/life/breakingnews/3203974,南迴改安朔－草埔段試辦重機行駛6個月  試辦重機通行長隧道,,
https://news.ltn.com.tw/news/life/breakingnews/3203970,省道首例！蘇花改最低速限今起上路 時速低於50就開罰,,
https://auto.ltn.com.tw/news/15556,省道也有最低速限！ 蘇花改 6/20 起車速不到 50 要罰,,
https://news.ltn.com.tw/news/life/paper/1380736,蘇花改速限 明起提高到70公里,,
https://news.ltn.com.tw/news/life/breakingnews/3202124,省道也有最低速限！ 蘇花改6/20起車速不到50要罰,,
https://news.ltn.com.tw/news/life/breakingnews/3201519,解封後大考驗 端午連假首日蘇花路廊南下恐從早塞到晚,,
https://art.ltn.com.tw/article/paper/1380187,【旅遊】山林消暑尋台灣黑熊─瓦拉米步道,,
https://news.ltn.com.tw/news/life/breakingnews/3195868,端午連假 觀光熱點塞車地雷路段曝光,,
https://news.ltn.com.tw/news/life/breakingnews/3195833,國5接蘇花改年底完成可行性研究 初估經費近200億,,
https://news.ltn.com.tw/news/life/breakingnews/3194906,好消息！蘇花改、南迴改6/20起提高速限 路段看這裡,,
https://news.ltn.com.tw/news/life/paper/1377323,台九線大禹玉里段拓寬 下半年動工,,
https://news.ltn.com.tw/news/life/breakingnews/3169424,蘇花改南澳—和平段 5/20、5/21上午10到12點封路演練,,
https://playing.ltn.com.tw/article/19404,比七星潭更美！花蓮３個「私房秘境」賞漸層海岸線、泡戶外溫泉,,
https://news.ltn.com.tw/news/life/paper/1371396,北迴線漢本站 3千株鐵砲百合盛開,,
https://news.ltn.com.tw/news/life/breakingnews/3159593,3000株鐵砲百合大爆發！北迴線賞花秘境首曝光,,
https://art.ltn.com.tw/article/paper/1369304,【旅遊】遊山玩水 探訪花蓮3祕境,,
https://news.ltn.com.tw/news/life/breakingnews/3148308,蘇花改五一連假不辦提速 端午節前後可望全段實施,,
https://news.ltn.com.tw/news/life/breakingnews/3132253,蘇花改救災演練 明、後天上午10～12點南澳到和平段封閉,,
https://art.ltn.com.tw/article/paper/1364255,【自由副刊】吳豐秋／ 楊牧有個小名叫Oken,,
https://news.ltn.com.tw/news/life/paper/1363467,蘇花路廊前日南下2.1萬輛次 創新高,,
https://news.ltn.com.tw/news/life/breakingnews/3121852,民眾多改自行開車 蘇花改昨運量創新高,,
https://news.ltn.com.tw/news/life/paper/1363249,清明連假景區現人潮 蘇花改塞爆,,
https://news.ltn.com.tw/news/life/breakingnews/3121350,蘇花改今塞爆 估明天清晨5點出現另一波南下車潮,,
https://news.ltn.com.tw/news/life/breakingnews/3118589,清明連假蘇花改南澳至和平提速至70公里 警方將加強取締,,
https://news.ltn.com.tw/news/life/paper/1361151,全台首座 宜縣打造長隧道救援中心,,
https://news.ltn.com.tw/news/society/breakingnews/3110723,全台前2長的隧道都在宜蘭 消防局要蓋長隧道救災中心,,
https://news.ltn.com.tw/news/society/breakingnews/3099786,蘇花公路觀音路段2砂石車相撞 一駕駛受傷送醫,,
https://news.ltn.com.tw/news/society/paper/1356306,計程車之狼破壞電子腳鐐 逃亡躲賭債18小時落網,,
https://news.ltn.com.tw/news/life/paper/1355940,228連假 蘇花路廊交通量創新高,,
https://news.ltn.com.tw/news/life/paper/1355927,關山隧道口施工 南橫通車至向陽,,
https://news.ltn.com.tw/news/life/breakingnews/3086006,備戰清明4天連假交通 蘇花路廊將祭「一條龍」策略,,
https://news.ltn.com.tw/news/life/breakingnews/3085912,蘇花路廊228連假車流驚人 3天連假交通量史上新高,,
https://news.ltn.com.tw/news/life/breakingnews/3085580,注意別白跑！南橫台20線東段僅通車到向陽,,
https://news.ltn.com.tw/news/life/paper/1355690,避群聚改自駕 北宜高、蘇花路廊連假車流爆量,,
https://news.ltn.com.tw/news/life/breakingnews/3084940,228收假日湧現返家車潮 觀光景點路段午後車多 ,,
https://news.ltn.com.tw/news/life/breakingnews/3083649,蘇花改打通商機 路過遊客湧入粉鳥林搶購現撈仔,,
https://news.ltn.com.tw/news/life/breakingnews/3083570,武漢肺炎》防疫優先 蘇花公路馬拉松確定延期,,
https://news.ltn.com.tw/news/life/paper/1354822,居家檢疫亂跑 蘇花改車牌辨識系統抓得到,,
https://news.ltn.com.tw/news/life/breakingnews/3080832,檢疫者開車趴趴走 蘇花改這套系統抓得到,,
https://news.ltn.com.tw/news/life/paper/1353229,蘇花安路線 崇德村盼避開部落,,
https://news.ltn.com.tw/news/life/breakingnews/3073108,蘇花安預計119年通車 花蓮端居民盼路廊避開部落,,
https://news.ltn.com.tw/news/life/breakingnews/3071510,228連假14家國道客運票價85折優惠 39條台灣好行享半價,,
https://talk.ltn.com.tw/article/paper/1352019,文化週報》名醫講古：對不起，謝謝你—2月13日原漢悲歌紀念日 ◎陳耀昌,,
https://news.ltn.com.tw/news/society/paper/1350212,蘇花公路統聯客運、小貨車相撞 4人送醫,,
https://news.ltn.com.tw/news/society/breakingnews/3059414,蘇花公路統聯客運與小貨車相撞  4人受傷送醫,,
https://news.ltn.com.tw/news/life/paper/1349953,蘇花安說明會 18、19日舉行,,
https://news.ltn.com.tw/news/life/breakingnews/3058657,蘇花改大功告成 南澳鄉長盼「蘇花安」採高架防塞車,,
https://playing.ltn.com.tw/article/19064,「林口最美星巴克」三色櫻花樹滿開！賞夜櫻喝咖啡比特色門市還夯,,
https://news.ltn.com.tw/news/life/breakingnews/3055259,「開得好累」蘇花改速限60有寬限？警曝開罰基準,,
https://news.ltn.com.tw/news/life/paper/1348833,《花蓮》崇德步道第二景觀平台 3日起封閉,,
https://news.ltn.com.tw/news/life/paper/1348354,國道北上昨爆最大車流量 今續壅塞,,
https://news.ltn.com.tw/news/life/breakingnews/3051151,初五收假日北返車潮將持續 蘇花改、台61竹北段恐壅塞,,
https://news.ltn.com.tw/news/life/breakingnews/3050817,初四返工車潮湧現 雪隧回堵6公里、花蓮還有3萬輛車待北返,,
https://news.ltn.com.tw/news/life/breakingnews/3050725,01/28 各報重點新聞一覽,,
https://news.ltn.com.tw/news/life/paper/1348275,蘇花改 初四恐再爆量,,
https://news.ltn.com.tw/news/life/breakingnews/3050507,今明湧現北返車潮 公路總局：多利用替代路線,,
https://news.ltn.com.tw/news/life/breakingnews/3050395,花蓮現北返車潮 部份路段壅塞,,
https://news.ltn.com.tw/news/life/breakingnews/3050129,走蘇花當心落石！ 統聯客運擋風玻璃遭砸裂,,
https://news.ltn.com.tw/news/life/paper/1348128,回娘家加出遊潮 今南下恐大塞車,,
https://news.ltn.com.tw/news/life/breakingnews/3048643,春節連假首日車流量 蘇花改花蓮端順暢,,
https://news.ltn.com.tw/news/life/breakingnews/3048155,春節初次走蘇花改別擔心走錯 「行車攻略」帶你熟悉路況,,
https://news.ltn.com.tw/news/life/breakingnews/3047698,春節出遊停車最惱人 花蓮縣府闢4千格免費停車位,,
https://ec.ltn.com.tw/article/breakingnews/3044336,全台最創意電塔在蘇花改！台電超敢玩 民眾設計成真,,
https://ec.ltn.com.tw/article/breakingnews/3042774,比Google Maps還快！  台灣圖霸率先推出蘇花改圖資,,
https://news.ltn.com.tw/news/life/breakingnews/3040366,蘇花改投票日交通順暢 春節疏運準備已完成,,
https://news.ltn.com.tw/news/life/paper/1345792,春節疏運 蘇花路廊估初一、四最塞,,
https://news.ltn.com.tw/news/life/breakingnews/3039408,春節蘇花改哪天最塞？ 公路總局：南下初一、北上初四,,
https://playing.ltn.com.tw/article/18981,網封「蘇花公路最美星巴克」！３間新特色門市喝咖啡也要拍照打卡,,
https://news.ltn.com.tw/news/life/paper/1344908,春節連假 蘇花改預估初一最塞,,
https://news.ltn.com.tw/news/life/breakingnews/3035085,蘇花改春節面臨長假考驗 預估大年初一最塞,,
https://playing.ltn.com.tw/article/18964,111投票後接著玩！隱藏版茶花隧道、年貨大街週末登場,,
https://news.ltn.com.tw/news/life/paper/1344373,蘇花改通車一天 飆出74張紅單,,
https://news.ltn.com.tw/news/life/breakingnews/3032645,3公路建設通車選舉考量？林佳龍：便利民眾春節返鄉為何不做,,
https://news.ltn.com.tw/news/life/breakingnews/3032302,不熟悉？蘇花改通車 24小時內開出56張超速罰單,,
https://news.ltn.com.tw/news/life/paper/1344118,蘇花改全線通 蘇揆：持續推動蘇花安／歷經3228天施工 用路人鳴喇叭向交管人員致敬,,
https://news.ltn.com.tw/news/life/paper/1344113,蘇花改全線通車 蘇澳到花蓮省60分鐘,,
https://news.ltn.com.tw/news/life/paper/1344155,宜蘭東澳至南澳 蘇花改最大瓶頸,,
https://news.ltn.com.tw/news/politics/paper/1344255,完成蘇花改 蕭美琴續推蘇花安,,
https://news.ltn.com.tw/news/life/paper/1344157,蘭博展出「蘇花紀行」 貫通石助陣,,
https://news.ltn.com.tw/news/politics/paper/1344254,蘇貞昌挺蕭美琴 續留國會衝衝衝,,
https://news.ltn.com.tw/news/life/paper/1344159,春節訂房率近9成 花蓮拚滿房,,
https://estate.ltn.com.tw/article/8883,等了9年！蘇花改今日通車 台北花蓮縮短1小時,,
https://news.ltn.com.tw/news/life/breakingnews/3031665,蘇花改通車》東澳-南澳還是走舊路...最大瓶頸在這裡 ,,
https://news.ltn.com.tw/news/life/breakingnews/3031630,蘇花改全線通車 首批北上駕駛長鳴喇叭向施工人員致敬,,
https://news.ltn.com.tw/news/life/breakingnews/3031588,學者預警蘇花改假日出現漏斗效應 林佳龍：戒慎恐懼,,
https://news.ltn.com.tw/news/life/breakingnews/3031477,這個也能扭 蘇花改貫通石變身扭蛋,,
https://news.ltn.com.tw/news/life/breakingnews/3031419,蘇花改、南迴改接續通車 花蓮春節訂房率近9成,,
https://news.ltn.com.tw/news/politics/breakingnews/3031366,蘇貞昌巡禮蘇花改 助選蕭美琴續留國會,,
https://news.ltn.com.tw/news/life/breakingnews/3031224,歷經3228天完成最後一哩路 蘇揆宣布蘇花改全線通車,,
https://news.ltn.com.tw/news/life/breakingnews/3030738,蘇花改今通車 長隧道多通過至少得花13分,,
https://news.ltn.com.tw/news/life/paper/1343892,蘇花改今通車 慎防漏斗效應,,
https://news.ltn.com.tw/news/life/breakingnews/3030801,蘇花改明全線通車 沿線高架橋、隧道最新畫面曝光,,
https://auto.ltn.com.tw/news/14410,蘇花改通車恐現「棄搭效應」？台鐵估轉搭客運數量最多2％,,
https://news.ltn.com.tw/news/life/breakingnews/3030275,蘇花改通車恐現「棄搭效應」？台鐵估轉搭客運數量最多2％,,
https://news.ltn.com.tw/news/life/breakingnews/3029920,蘇花改通車搶客！北花客運半價 花蓮─羅東公車免費,,
https://auto.ltn.com.tw/news/14403,花東民眾利多 蘇貞昌 6 日主持蘇花改通車,,
https://news.ltn.com.tw/news/life/breakingnews/3029600,花東民眾利多 蘇貞昌6日主持蘇花改通車,,
https://news.ltn.com.tw/news/life/paper/1343546,中仁、仁水隧道 區間測速,,
https://news.ltn.com.tw/news/life/breakingnews/3027794,蘇花改通車估東部春節車潮增 尖峰時段北上恐塞到隔日凌晨,,
https://ec.ltn.com.tw/article/breakingnews/3025869,中興工程：蘇花改和中大清水段通車倒數 1/6全線開放,,
https://news.ltn.com.tw/news/life/breakingnews/3022535,蘇花改將全線通車 蘇澳服務區12/30正式營運,,
https://news.ltn.com.tw/news/life/breakingnews/3021217,「一直在與大海奮戰」 南迴改影片催人熱淚,,
https://news.ltn.com.tw/news/life/breakingnews/3020815,北花客運來了！ 統聯下午1點開放訂票 首都、北客12/31開放,,
https://news.ltn.com.tw/news/life/paper/1341492,蘇花改1/6日通車 長隧道科技執法／未保持安全車距、違規變換車道、車輛誤闖 明年4月起取締,,
https://news.ltn.com.tw/news/life/paper/1341495,蘇花改、蘇花安小檔案,,
https://news.ltn.com.tw/news/life/paper/1341494,蘇花改通車幕後功臣／建中畢業生、補習班小開 上前線磨練,,
https://news.ltn.com.tw/news/life/paper/1341493,交部再推蘇花安計畫 投入359億改善3路段,,
https://news.ltn.com.tw/news/life/paper/1341488,正妹高材生 投身蘇花改,,
https://news.ltn.com.tw/news/life/breakingnews/3020485,「蘇花安」可行性已獲核定 未來11年將投入359億,,
https://news.ltn.com.tw/news/life/breakingnews/3020355,蘇花改》年輕大功臣！台大正妹下工地 建中畢業不升學  ,,
https://news.ltn.com.tw/news/life/breakingnews/3020013,蘇花改4長隧道加裝科技執法設備 可取締未保持車距,,
https://news.ltn.com.tw/news/life/breakingnews/3018919,花蓮批中央漠視交通建設 公路總局澄清,,
https://news.ltn.com.tw/news/focus/breakingnews/3017284,《TAIPEI TIMES》 South Link Highway to open today,,
https://news.ltn.com.tw/news/life/breakingnews/3015776,12/21 各報重點新聞一覽,,
https://news.ltn.com.tw/news/politics/paper/1340408,呂國華批假民調 陳歐珀陣營:韓落後是事實,,
https://news.ltn.com.tw/news/life/paper/1340372,北花200分鐘可達 全票320元,,
https://news.ltn.com.tw/news/life/paper/1340366,蘇花改1/6全線通車,,
https://news.ltn.com.tw/news/politics/breakingnews/3015234,國民黨宜蘭縣黨部攜手呂國華 批綠營用假民調帶風向,,
https://news.ltn.com.tw/news/life/breakingnews/3015295,蘇花改1/6通車 首都、台北客運公布票價,,
https://news.ltn.com.tw/news/politics/breakingnews/3015224,蘇花改晚1天通車挨批 卓榮泰：信任專業,,
https://auto.ltn.com.tw/news/14281,蘇花改 1/6 通車 宜花間可省逾1小時、長隧道裝區間測速,,
https://news.ltn.com.tw/news/life/breakingnews/3014996,蘇花改1/6通車 宜花間可省逾1小時、長隧道裝區間測速,,
https://news.ltn.com.tw/news/life/breakingnews/3014968,確定了！蘇花改預定明年1/6全線通車,,
https://news.ltn.com.tw/news/life/paper/1339470,擴充消防戰力 花蓮引進52米雲梯車,,
https://news.ltn.com.tw/news/life/paper/1339044,蘇花改馬拉松 選手一生跑一次,,
https://news.ltn.com.tw/news/life/breakingnews/3009180,一輩子只跑這一次！ 蘇花改馬拉松6000人參與,,
https://news.ltn.com.tw/news/life/breakingnews/3008251,蘇花改通車日近了...警用BMW進駐蓄勢待發,,
https://news.ltn.com.tw/news/society/breakingnews/3007941,蘇花142.7公里砂石車翻覆已排除  恢復正常通行,,
https://news.ltn.com.tw/news/politics/breakingnews/3007331,賴清德花蓮助選：蕭美琴當選，立院過半,,
https://news.ltn.com.tw/news/life/breakingnews/3004897,機車通行長隧道？ 林佳龍邀民間代表加入評估,,
https://news.ltn.com.tw/news/life/breakingnews/3004472,87年來首次封路辦路跑  蘇花公路馬拉松明年322登場,,
https://news.ltn.com.tw/news/politics/breakingnews/3002391,有夢最美？傅崐萁：台灣零出資 2年貫通中央山脈,,
https://news.ltn.com.tw/news/society/paper/1337442,國5、舊蘇花公路 2車禍3傷,,
https://news.ltn.com.tw/news/society/breakingnews/3001652,舊蘇花公路大貨車撞山壁  2女受傷送醫,,
https://news.ltn.com.tw/news/politics/paper/1337239,呂國華、陳歐珀 同促蘇花改開放機車,,
https://news.ltn.com.tw/news/life/breakingnews/3000508,立委選將籲蘇花改開放機車 公路總局：未開放就已有車禍,,
https://news.ltn.com.tw/news/politics/breakingnews/3000463,呂國華爭「道路平權」 促蘇花改開放機車通行,,
https://news.ltn.com.tw/news/life/breakingnews/2997587,蘇花改1月全線通車 南港─花蓮、板橋─花蓮客運票價出爐,,
https://news.ltn.com.tw/news/life/paper/1333764,蘇花公路「最美路段」 明年首辦路跑,,
https://news.ltn.com.tw/news/life/breakingnews/2984843,跑在山崖賞蔚藍太平洋！蘇花公路「最美路段」明年首辦路跑,,
https://news.ltn.com.tw/news/life/paper/1333262,蘇花改工程便道 成獼猴往返「捷徑」,,
https://news.ltn.com.tw/news/life/breakingnews/2983127,猴塞雷！蘇花改維修便道 變猴子穿越溪谷捷徑,,
https://news.ltn.com.tw/news/life/paper/1333012,蘇花改明年1月5日通車 議員促交通、產業因應,,
https://news.ltn.com.tw/news/life/paper/1332328,最美公路票選 宜縣白米景觀橋衝第四,,
https://news.ltn.com.tw/news/life/breakingnews/2978692,哪條是心裡最美道路？宜蘭這4條道路入選「最美公路」票選,,
https://news.ltn.com.tw/news/life/paper/1332109,蘇花安計畫 蕭美琴促保障行的安全,,
https://news.ltn.com.tw/news/life/paper/1331798,國五銜接蘇花改 啟動可行性評估／規劃在白米高架橋、東澳隧道間 評選可行路廊及銜接區,,
https://news.ltn.com.tw/news/life/paper/1331838,《交通部端出多項重大建設》林佳龍：過去中央失職 現在「補課」,,
https://news.ltn.com.tw/news/life/breakingnews/2976391,交通部選前放利多？林佳龍稱過去中央失職 他現在「補課」,,
https://news.ltn.com.tw/news/life/breakingnews/2976327,國5銜接蘇花改啟動可行性研究 原國5銜接台9線案將暫停,,
https://news.ltn.com.tw/news/life/breakingnews/2968938,30條公路任你選  台灣10大最美景觀道路票選開跑,,
https://news.ltn.com.tw/news/politics/breakingnews/2965828,蘇花改通車被批政策買票 蘇揆：執政有效率、明年才能通車,,
https://news.ltn.com.tw/news/life/breakingnews/2964910,11/02 各報重點新聞一覽,,
https://news.ltn.com.tw/news/life/paper/1329006,交部再推蘇花安計畫 盼119年完成,,
https://news.ltn.com.tw/news/life/paper/1329005,最後一哩路 蘇花改進度逾9成,,
https://news.ltn.com.tw/news/life/breakingnews/2964520,蘇花改明年1/5全線通車 交通部再推蘇花安計畫,,
https://news.ltn.com.tw/news/life/breakingnews/2964236,蘇花改進度逾9成 蔡英文：明年春節前一定給東部民眾好消息,,
https://news.ltn.com.tw/news/life/breakingnews/2963724,蘇花170K土石坍落 「和仁至崇德段」封閉,,
https://news.ltn.com.tw/news/life/breakingnews/2963238,蘇花公路下起間歇性大雨 搶災機具、人員進駐待命,,
https://news.ltn.com.tw/news/life/paper/1327184,太魯閣峽谷音樂節 週六登場,,
https://news.ltn.com.tw/news/life/breakingnews/2956371,太魯閣峽谷音樂節本週六登場 免費接駁車接送民眾,,
https://news.ltn.com.tw/news/life/breakingnews/2955913,蘇花公路砂石車撞山壁 駕駛左腳斷肢、無呼吸心跳,,
https://news.ltn.com.tw/news/society/breakingnews/2953705,蘇花公路114.7K貨車翻覆釀3傷 恢復雙線通行,,
https://news.ltn.com.tw/news/life/paper/1326180,30年前把妹神車 「名流」花蓮大會師,,
https://news.ltn.com.tw/news/life/breakingnews/2952030,時代的回憶！名流機車 花蓮大會師,,
https://news.ltn.com.tw/news/life/paper/1325980,蘇花改將通車 加開羅東往花蓮公車,,
https://news.ltn.com.tw/news/life/paper/1324805,長春祠段今起施工 部份時段封閉管制,,
https://news.ltn.com.tw/news/life/breakingnews/2944730,國慶收假日 蘇花改、蘇花公路估午後湧車潮,,
https://news.ltn.com.tw/news/life/paper/1323988,人潮比中秋多 花蓮旅宿訂房爆滿,,
https://news.ltn.com.tw/news/life/paper/1323720,花蓮包機 下月直飛日本宮古島,,
https://news.ltn.com.tw/news/life/breakingnews/2941378,蕭美琴推花東包機再發威  下月日本宮古島盼成行,,
https://news.ltn.com.tw/news/society/breakingnews/2939790,疑閃避來車與對向車對撞 蘇花145K事故恢復通行,,
https://news.ltn.com.tw/news/life/paper/1322964,不老騎士9天環島 募得606萬善款,,
https://news.ltn.com.tw/news/life/breakingnews/2938219,不老騎士環島千里 完成夢想及公益募款,,
https://news.ltn.com.tw/news/life/breakingnews/2936570,蘇花公路149.7K落石坍方 晚間8點恢復雙向交通,,
https://news.ltn.com.tw/news/society/breakingnews/2934966,慟！救災英雄殞落 中市消防局官網變黑白哀悼,,
https://news.ltn.com.tw/news/life/paper/1321870,國慶日連假 蘇花、花蓮市區交管,,
https://news.ltn.com.tw/news/society/breakingnews/2932355,總統表揚114名 108年度績優交通警察及交通義勇警察,,
https://news.ltn.com.tw/news/life/paper/1321630,「米塔」雨炸宜蘭 偏鄉300多人撤村,,
https://news.ltn.com.tw/news/life/paper/1321634,花蓮台8線、瑞港公路 預警封路,,
https://news.ltn.com.tw/news/life/breakingnews/2931189,米塔颱風強勢來襲！陸海空今日交通異動懶人包看這,,
https://news.ltn.com.tw/news/life/breakingnews/2931509,台8線中橫公路預警性封閉 公路總局公布7大警戒路段,,
https://news.ltn.com.tw/news/life/breakingnews/2931442,宜蘭山區風雨增強 北横明池至棲蘭段下午3點只出不進,,
https://news.ltn.com.tw/news/life/breakingnews/2930852,米塔颱風來襲！ 30日交通、活動異動一覽,,
https://news.ltn.com.tw/news/life/breakingnews/2931032,米塔颱風陸警發布 公路總局公布警戒路段,,
https://news.ltn.com.tw/news/society/paper/1321181,天外飛來輪胎 砸破遊覽車擋風玻璃,,
https://news.ltn.com.tw/news/life/paper/1321141,94歲翁領軍 不老騎士挑戰9天環島,,
https://news.ltn.com.tw/news/life/breakingnews/2930129,1903歲的挑戰！不老騎士再出發 千里環島募獨弱老餐食,,
https://news.ltn.com.tw/news/society/breakingnews/2929700,蘇花公路天外飛來巨輪 砸破遊覽車擋風玻璃,,
https://news.ltn.com.tw/news/life/breakingnews/2928910,降雨達警戒等級！公路總局籲民眾避免進入舊蘇花公路,,
https://news.ltn.com.tw/news/life/breakingnews/2928535,蘇花公路強降雨  公路總局籲用路人注意安全,,
https://news.ltn.com.tw/news/life/paper/1319937,蘇花改「絕版」貫通石 「蘭博」扭蛋轉得到,,
https://news.ltn.com.tw/news/society/breakingnews/2923768,7歲童過蘇花遭重機撞飛身亡 父親悲痛發文,,
https://news.ltn.com.tw/news/focus/breakingnews/2923722,《TAIPEI TIMES》 Riding high around Taiwan,,
https://news.ltn.com.tw/news/society/breakingnews/2922441,小一男童過蘇花公路 慘遭黃牌重機命危,,
https://news.ltn.com.tw/news/life/breakingnews/2916430,中秋連假尾聲雪隧回堵6.5公里 預估塞到晚間,,
https://news.ltn.com.tw/news/life/breakingnews/2898211,提升自行車騎乘安全 舊蘇花、南迴等路段將裝偵測系統,,
https://news.ltn.com.tw/news/life/breakingnews/2896053,蘇花公路凌晨落石 一度阻斷交通,,
https://news.ltn.com.tw/news/life/breakingnews/2893032,靈異~~蘇花隧道見2人招手 BMW加速超車後墜谷慘死...,,
https://news.ltn.com.tw/news/life/breakingnews/2888895,找人氣演員加持 公路總局形象微電影《心的公路》今首播,,
https://news.ltn.com.tw/news/society/breakingnews/2888816,蘇花公路路樹倒塌擊中跑車 車內2人驚險逃過一劫,,
https://news.ltn.com.tw/news/life/paper/1309742,蘇花改仁水隧道南口施工 明起交管,,
https://news.ltn.com.tw/news/life/paper/1309263,想到九二一／強震驚醒宜蘭人 直呼太可怕,,
https://news.ltn.com.tw/news/life/breakingnews/2877915,強颱利奇馬來襲 9日捷運、班機、航船異動,,
https://news.ltn.com.tw/news/life/breakingnews/2878737,強颱利奇馬來襲！北橫羅浮─西村預警封閉 台2線等7公路警戒,,
https://news.ltn.com.tw/news/life/breakingnews/2878017,地震加颱風 山區道路易落石、航空海運多航班取消,,
https://news.ltn.com.tw/news/life/breakingnews/2877903,88宜蘭強震》空勤總隊直升機出動 沿蘇花公路空勘,,
https://news.ltn.com.tw/news/life/breakingnews/2877855,88宜蘭強震》蘇花公路東澳段落石 緊急清除恢復雙向通行,,
https://news.ltn.com.tw/news/life/breakingnews/2877429,利奇馬颱風來襲！明捷運、班機、航船狀況一覽,,
https://news.ltn.com.tw/news/life/breakingnews/2877442,利奇馬颱風進逼 5山區路段恐預警性封閉,,
https://news.ltn.com.tw/news/society/breakingnews/2877337,重機騎士蘇花超車遇過彎 命喪曳引車輪下,,
https://news.ltn.com.tw/news/life/breakingnews/2875788,蘇花改掀警備競賽？花蓮擁「瑞典戰車」 宜蘭派「德國寶馬」應戰,,
https://news.ltn.com.tw/news/life/breakingnews/2869166,蘇花改路跑紀念衫竟印「Chinese Taipei」 主辦單位：網站放錯圖,,
https://news.ltn.com.tw/news/lifeweekly/paper/1306128,【一個人抱團玩耍趣】同舟越浪訪海蝕美景 宜蘭南澳‧露境東岳,,
https://playing.ltn.com.tw/article/18001,【一個人抱團玩耍趣】同舟越浪訪海蝕美景 宜蘭南澳‧露境東岳,,
https://news.ltn.com.tw/news/life/breakingnews/2860596,蘇花公路武塔路段落石 恢復雙向通行,,
https://news.ltn.com.tw/news/life/paper/1304936,蘇花公路設落石告警系統 展開測試,,
https://news.ltn.com.tw/news/life/breakingnews/2859476,提早預警 蘇花引進落石告警系統,,
https://news.ltn.com.tw/news/life/breakingnews/2857622,徒步環島掛「歡迎搭訕」 大學畢業生：怕走路無聊,,
https://news.ltn.com.tw/news/life/breakingnews/2856406,強對流胞命中蘭嶼 鄭明典：季風低壓就在門邊,,
https://news.ltn.com.tw/news/life/paper/1303955,丹娜絲陸警解除 海空今部分停航,,
https://news.ltn.com.tw/news/life/breakingnews/2855237,丹娜絲颱風來襲 交通、活動異動一覽（不斷更新）,,
https://news.ltn.com.tw/news/life/breakingnews/2856033,上任後首遇颱風 林佳龍赴公路總局應變中心視察,,
https://news.ltn.com.tw/news/life/breakingnews/2855508,丹娜絲颱風逼近 公路總局：6省道、7路段需警戒,,
https://news.ltn.com.tw/news/society/paper/1302575,僵持18小時 「攀崖」外籍女學生被救起,,
https://news.ltn.com.tw/news/society/breakingnews/2849295,外籍女學生攀懸崖邊僵持 警消烈日陪站整整1天,,
https://news.ltn.com.tw/news/society/breakingnews/2848151,外籍女子攀蘇花懸崖 警消設法勸退,,
https://news.ltn.com.tw/news/life/breakingnews/2839606,奇！ 太平洋升起2道彩虹 末端巧射大輪船,,
https://news.ltn.com.tw/news/life/breakingnews/2814452,端午連假強碰韓國瑜8日花蓮造勢 易塞地雷時段看這裡,,
https://news.ltn.com.tw/news/life/breakingnews/2804781,蘇花140.6公里落石傷人 空拍機勘查 籲用路人快速通過,,
https://news.ltn.com.tw/news/life/breakingnews/2803552,差點沒命！蘇花公路落石砸車1傷 雙向已恢復通行,,
https://auto.ltn.com.tw/news/12708,有國道、蘇花及水牛坑路段！普利司通休旅新胎真實試胎全體驗,,
https://news.ltn.com.tw/news/life/breakingnews/2801225,蘇花公路晚間落石砸車 170公里處交通阻斷,,
https://news.ltn.com.tw/news/life/breakingnews/2792581,絕美藍色秘境！齊柏林眼中的美麗陸連島 蘇澳鎮長帶團探索,,
https://news.ltn.com.tw/news/life/breakingnews/2790486,蘇花公路觀音路段邊坡工程 今起實施1個月交管,,
https://news.ltn.com.tw/news/focus/paper/1286138,山壁滾落 20噸巨石砸鐵軌,,
https://news.ltn.com.tw/news/life/breakingnews/2778368,驚！花蓮飛天巨石滾鐵軌 砸破台鐵柵欄,,
https://news.ltn.com.tw/news/life/paper/1285789,大台北-花蓮直達客運 蘇花改全線通車後上路,,
https://news.ltn.com.tw/news/life/breakingnews/2777190,蘇花改大台北往返花蓮客運路線核定 未來凌晨也有車可往返,,
https://news.ltn.com.tw/news/life/breakingnews/2772794,今放晴高溫上看32度 午後留意較大雨勢,,
https://news.ltn.com.tw/news/society/breakingnews/2770596,畫面驚悚！蘇花公路砂石車與機車對撞 女騎士重摔倒地,,
https://news.ltn.com.tw/news/life/breakingnews/2768295,全台43處列管高風險邊坡 蘇花公路最危險,,
https://news.ltn.com.tw/news/local/paper/1282481,弘道招募不老騎士 捐款助獨老,,
https://news.ltn.com.tw/news/local/paper/1282500,三星千戶停電 龜山島土石崩塌,,
https://news.ltn.com.tw/news/local/paper/1282499,《強震來襲》蘇花落石 中橫預警性封路,,
https://news.ltn.com.tw/news/life/breakingnews/2763149,花蓮6.1強震  落石砸中1大馬遊客重傷,,
https://news.ltn.com.tw/news/life/breakingnews/2763051,花蓮7級強震 崇德山壁傳土石傾瀉揚塵超駭人,,
https://news.ltn.com.tw/news/life/breakingnews/2762899,花蓮6.1強震撼全台 各地災情初步彙整,,
https://news.ltn.com.tw/news/life/breakingnews/2762944,花蓮強震》台8線全線封閉,,
https://news.ltn.com.tw/news/life/breakingnews/2762896,花蓮規模6.1地震  蘇花沿線落石不斷,,
https://news.ltn.com.tw/news/life/breakingnews/2762870,花蓮規模6.1強震撼動全台 最大震度7級,,
https://news.ltn.com.tw/news/life/paper/1282273,玉長隧道、蘇花公路年底設單車偵測系統,,
https://news.ltn.com.tw/news/local/paper/1282243,台九丁線禁大貨車 7.17起開罰,,
https://news.ltn.com.tw/news/life/breakingnews/2762398,公路隧道設自行車偵測系統 教練：確實較安全,,
https://news.ltn.com.tw/news/life/breakingnews/2762397,保護騎士安全 公總建置隧道自行車偵測系統,,
https://news.ltn.com.tw/news/life/breakingnews/2761700,舊蘇花公路禁行大貨車勸導期再延3個月 7/17起開罰,,
https://news.ltn.com.tw/news/society/breakingnews/2760708,板模工出車禍住院身無分文 暖警這麼做讓他淚崩…,,
https://news.ltn.com.tw/news/society/paper/1281347,重機環島 擦撞貨車 騎士彈進「火」車燒死,,
https://news.ltn.com.tw/news/society/breakingnews/2757833,新北重機騎士魂斷蘇花成焦屍 同行車友悲痛,,
https://news.ltn.com.tw/news/life/breakingnews/2750755,大車注意！行駛台9丁須通行證、載運危險品 違者4/17起開罰,,
https://news.ltn.com.tw/news/local/paper/1278699,清明連假國5、蘇花改避塞 管制時段報你知,,
https://sports.ltn.com.tw/news/breakingnews/2746791,高球》會稽國中蔡宜儒74桿 抓下生平第一隻老鷹,,
https://news.ltn.com.tw/news/life/breakingnews/2745855,飛行傘誤降蘇花公路上 車輛急停、民眾驚閃,,
https://sports.ltn.com.tw/news/breakingnews/2739972,鐵騎環台》送暖第七日 企業菁英致贈2縣6所學校共60名學童獎學金,,
https://sports.ltn.com.tw/news/breakingnews/2738736,縱橫花東縱谷 菁英環台鐵騎用意志力送愛心（影音）,,
https://sports.ltn.com.tw/news/breakingnews/2733761,騎車環島送愛心  63名台灣企業菁英聯手關懷弱勢,,
https://news.ltn.com.tw/news/local/paper/1274352,《花蓮》蘇花巨石從天降 駕駛：差一秒就中,,
https://news.ltn.com.tw/news/society/breakingnews/2727718,蘇花巨石夜從天降 目擊駕駛：差一秒就中,,
https://news.ltn.com.tw/news/local/paper/1273877,蘇花和平崇德段 改善可行性研究啟動,,
https://news.ltn.com.tw/news/life/breakingnews/2725533,蘇花和平－崇德段可行性研究 明年10月出爐,,
https://news.ltn.com.tw/news/life/breakingnews/2725139,03/13 各報重點新聞一覽,,
https://news.ltn.com.tw/news/focus/paper/1273771,北─花客運新路線 業者搶著要,,
https://news.ltn.com.tw/news/life/breakingnews/2724570,蘇花公路明上午9點半防災演練 封閉2.5小時,,
https://news.ltn.com.tw/news/life/breakingnews/2724250,蘇花改通車台北－花蓮客運新路線業者搶著要 至少4家申請,,
https://news.ltn.com.tw/news/society/breakingnews/2718467,宜蘭「暖心所長」出手相助 環島日本版畫家揪感心,,
https://news.ltn.com.tw/news/life/breakingnews/2714977,228連假收假日遇大雨 這7條省道恐塞爆,,
https://news.ltn.com.tw/news/local/paper/1271226,《花蓮》中橫隧道裝監視器 連假交通獲紓解,,
https://news.ltn.com.tw/news/local/paper/1271024,連假湧現「人潮搖滾區」花蓮人狂避,,
https://news.ltn.com.tw/news/life/breakingnews/2713268,花蓮228連假首2日 在地人狂避這些「人潮搖滾區」,,
https://news.ltn.com.tw/news/local/paper/1270791,林佳龍視察蘇花改 盼明年一月如期通車,,
https://news.ltn.com.tw/news/life/breakingnews/2712509,228連假首日 交長林佳龍到蘇花改慰問施工團隊,,
https://news.ltn.com.tw/news/life/breakingnews/2712397,228連假國5紫爆 蘇花改也回堵,,
https://news.ltn.com.tw/news/local/paper/1270564,二二八頭城事件紀念碑 盼移回事發地媽祖廟廣場,,
https://news.ltn.com.tw/news/life/breakingnews/2712011,228頭城事件紀念碑未立事發地 受難家屬無法接受,,
https://news.ltn.com.tw/news/life/breakingnews/2710350,228連假首日蘇花改估清晨5點開始塞 「交通快打」嚴陣以待,,
https://news.ltn.com.tw/news/life/breakingnews/2710072,蘇花改、南迴拓寬、西濱快 公總明年春節前3大工程完工通車,,
https://art.ltn.com.tw/article/paper/1269785,【旅遊】春遊花蓮，瑞穗好風光,,
https://news.ltn.com.tw/news/local/paper/1269131,228連假 蘇花改禁大貨車時段延長,,
https://news.ltn.com.tw/news/life/breakingnews/2705441,228連假 蘇花改大貨車管制時段延長,,
https://estate.ltn.com.tw/article/6928,2019重大建設 聚焦交通利多,,
https://news.ltn.com.tw/news/society/breakingnews/2697494,蘇花公路武塔路段大貨車自撞山壁 單線雙向通行,,
https://news.ltn.com.tw/news/life/breakingnews/2695614,蘇花公路明起到2/27施工交管 每半小時放行一次,,
https://news.ltn.com.tw/news/life/paper/1266409,收假囉 估今國道仍有5地雷路段,,
https://news.ltn.com.tw/news/life/breakingnews/2694371,明天不想塞車塞出火氣？ 公路總局點名這3個路段要迴避,,
https://news.ltn.com.tw/news/life/paper/1266349,今國道車潮仍多 建議中午前出發,,
https://news.ltn.com.tw/news/life/breakingnews/2693715,蘇花路廊湧現北返車潮 塞車路段傍晚才能紓解,,
https://news.ltn.com.tw/news/life/paper/1266269,初四北返 國道估下午最塞,,
https://news.ltn.com.tw/news/life/paper/1266155,初二回娘家 車潮壅塞天氣回暖,,
https://news.ltn.com.tw/news/focus/paper/1266113,注意！ 國5南下今高乘載,,
https://news.ltn.com.tw/news/life/breakingnews/2690056,蘇花改明年初通車 大台北往返花蓮開放3國道客運路線,,
https://news.ltn.com.tw/news/life/breakingnews/2682846,舊蘇花公路氫氧化鈉外洩事故 溪水酸鹼值恢復正常,,
https://news.ltn.com.tw/news/local/paper/1263750,春節不施工 蘇花路廊雙向、雙線通車,,
https://news.ltn.com.tw/news/local/paper/1263751,蘇花東澳段車禍交管 機車暫行蘇花改,,
https://news.ltn.com.tw/news/society/breakingnews/2681650,化學槽車翻覆 舊蘇花公路蘇澳-東澳段16:30恢復雙線通車,,
https://auto.ltn.com.tw/news/11784,春節9天連假繃緊神經！公路總局：有信心蘇花改尖峰維持40公里時速,,
https://news.ltn.com.tw/news/life/breakingnews/2682078,春節連假到宜蘭 搭客運便宜又快速,,
https://news.ltn.com.tw/news/life/breakingnews/2682023,春節9天連假繃緊神經！公路總局：有信心蘇花改尖峰維持40公里時速,,
https://news.ltn.com.tw/news/life/breakingnews/2681985,舊蘇花公路事故封閉 蘇花改15:00起兩時段開放機車通行,,
https://news.ltn.com.tw/news/local/paper/1263510,剩29公里 蘇花改拚明年1.10通車,,
https://news.ltn.com.tw/news/life/breakingnews/2680815,蘇花改倒數352天！ 明年元月10日正式全線通車,,
https://news.ltn.com.tw/news/life/paper/1263014,考慮民眾感受 林佳龍宣布包裹、快捷緩漲,,
https://news.ltn.com.tw/news/life/breakingnews/2678262,交通部宣布今年施政重點 南迴、西濱工程年底通車,,
https://news.ltn.com.tw/news/local/paper/1262054,省20分鐘 蘇花改開放大貨車通行,,
https://news.ltn.com.tw/news/life/breakingnews/2675330,蘇花改何時開放機車上路？ 公路總局這麼說…,,
https://news.ltn.com.tw/news/life/breakingnews/2674911,蘇花改開放大貨車首日 違規率36％,,
https://news.ltn.com.tw/news/life/breakingnews/2674331,等了11個多月 蘇花改蘇澳到東澳段今開放大貨車通行,,
https://news.ltn.com.tw/news/local/paper/1261826,蘇花改蘇澳到東澳段 今起大貨車通行,,
https://news.ltn.com.tw/news/life/breakingnews/2673482,21噸以上大貨車通行蘇花路廊 春節有管制時段,,
https://news.ltn.com.tw/news/life/paper/1261340,重症男嬰 警車開路從花蓮直達台大,,
https://news.ltn.com.tw/news/life/paper/1261341,花蓮醫界︰強化醫病關係 讓大家更信醫師,,
https://news.ltn.com.tw/news/society/breakingnews/2671097,護送花蓮命危男嬰 警接力開道畫面曝光,,
https://news.ltn.com.tw/news/society/breakingnews/2670969,花蓮媽媽午夜臉書求救 宜警、國道警待命護送命危男嬰,,
https://news.ltn.com.tw/news/life/paper/1260180,蘇花改蘇澳-東澳 17日通行大貨車,,
https://news.ltn.com.tw/news/life/breakingnews/2666626,舊蘇花將轉型「太平洋景觀大道」 九宮里段極具觀光潛力,,
https://news.ltn.com.tw/news/life/breakingnews/2666533,配合蘇花改開放大貨車 舊蘇花將祭科技執法抓違規車,,
https://news.ltn.com.tw/news/life/breakingnews/2666237,交通部核定 蘇花改1/17開放大貨車通行,,
https://news.ltn.com.tw/news/life/breakingnews/2666183,久等了！1/17上午9點 大貨車將可開上蘇花改,,
https://news.ltn.com.tw/news/society/breakingnews/2664262,遊覽車蘇花違規超車 險撞上對向小貨車挨批玩命,,
https://news.ltn.com.tw/news/local/paper/1259391,蘇花、中橫宜蘭支線 施工交管,,
https://news.ltn.com.tw/news/life/breakingnews/2663592,蘇花、中橫宜蘭支線明起施工交管 每半點放行5分鐘,,
https://news.ltn.com.tw/news/local/paper/1258744,大貨車走蘇花改 拚春節前開放,,
https://news.ltn.com.tw/news/life/breakingnews/2660855,搬走最大石頭！蘇花改行駛大貨車箭在弦上,,
https://news.ltn.com.tw/news/life/breakingnews/2658649,收假了！蘇花改、蘇花公路午後恐湧北返車潮,,
https://news.ltn.com.tw/news/life/breakingnews/2658020,蘇花大清水路段施工塞爆 公總致歉：春節前恢復,,
https://news.ltn.com.tw/news/life/breakingnews/2657979,高乘載前壅塞提前紓解 國5交通可望較預期好,,
https://news.ltn.com.tw/news/life/paper/1257878,今湧北返車潮 國五恐塞至深夜,,
https://news.ltn.com.tw/news/life/breakingnews/2657318,連假第二天 蘇花改、蘇花公路今天行車較順了,,
https://news.ltn.com.tw/news/life/breakingnews/2657206,12/30 各報重點新聞一覽,,
https://news.ltn.com.tw/news/local/paper/1257635,元旦連假首日 蘇花湧入車潮,,
https://news.ltn.com.tw/news/life/breakingnews/2656801,連假首日蘇花南下湧車流 花蓮市區午後現車潮,,
https://news.ltn.com.tw/news/life/breakingnews/2656615,元旦連假第一天 蘇花改南下塞爆,,
https://news.ltn.com.tw/news/life/breakingnews/2655511,12/28 各報重點新聞一覽,,
https://news.ltn.com.tw/news/local/paper/1257168,母求讓路獲回響 警護花蓮重症兒轉院台大,,
https://news.ltn.com.tw/news/life/breakingnews/2654967,只花165分鐘！紅斑馬開道 花蓮早產嬰北上台大急救,,
https://news.ltn.com.tw/news/life/paper/1256718,花東包機加碼 獎助金提高、不限定期航班,,
https://news.ltn.com.tw/news/life/breakingnews/2652448,觀光局加碼花東境外包機獎助 日本不限定期包機最高補助35萬元,,
https://news.ltn.com.tw/news/local/paper/1254262,蘇花改開放大貨車通行 環評卡關,,
https://news.ltn.com.tw/news/life/breakingnews/2643595,蘇花改通行大貨車 公路總局：最快春節前開放,,
https://news.ltn.com.tw/news/life/breakingnews/2638716,蘇花公路122.9K東澳路段今起施工管制 30分放行一次,,
https://news.ltn.com.tw/news/politics/breakingnews/2630089,王國材暫代交通部長：努力做出民眾期待、有感的政績,,
https://news.ltn.com.tw/news/life/breakingnews/2618448,蘇花仁清隧道北口落石阻斷雙向交通 已於下午1時搶通,,
https://news.ltn.com.tw/news/life/breakingnews/2611296,逾2800天克難施工 蘇花改最後隧道「仁水」今貫通,,
https://news.ltn.com.tw/news/local/paper/1246080,蘇花改 仁水隧道13日貫通 全段啟動評估,,
https://news.ltn.com.tw/news/life/breakingnews/2608865,蘇花改「仁水隧道」13日貫通 瓶頸段接續啟動可行性評估,,
https://news.ltn.com.tw/news/life/breakingnews/2607950,蘇花公路豪雨落石暫封閉 上午9點20分全線開放,,
https://news.ltn.com.tw/news/life/breakingnews/2607914,蘇花公路150k落石 雙向交通阻斷,,
https://news.ltn.com.tw/news/life/breakingnews/2607678,蘇花公路台9丁線7.2K路樹倒塌 雙向封閉搶修中,,
https://news.ltn.com.tw/news/local/paper/1245161,蘇花改今救災演練 大貨車上路…快了,,
https://news.ltn.com.tw/news/life/breakingnews/2605294,蘇花改開放大貨車通行不遠了？ 公路總局這麼說,,
https://news.ltn.com.tw/news/life/breakingnews/2604700,明天上午10點救災演練   蘇花改將封路模擬救災,,
https://news.ltn.com.tw/news/life/breakingnews/2601561,蘇花公路落石擊中自小客車 駕駛輕傷,,
https://news.ltn.com.tw/news/society/breakingnews/2601494,蘇花公路澳花段落石 砸傷1名駕駛3車受損,,
https://news.ltn.com.tw/news/life/paper/1244034,APP監控遊覽車 掌握孩子戶外教學安全,,
https://news.ltn.com.tw/news/life/breakingnews/2599802,公總推遊覽車管理系統 家長可用APP查詢戶外教學車輛現況,,
https://news.ltn.com.tw/news/life/breakingnews/2599588,蘇花公路122.9k落石 單線雙向通車,,
https://ec.ltn.com.tw/article/breakingnews/2599154,「檔案‧有憶事」 台灣首屆檔案月開跑,,
https://news.ltn.com.tw/news/life/breakingnews/2598519,普悠瑪新馬翻車釀18死 宜縣3日現場法會祈福,,
https://talk.ltn.com.tw/article/paper/1242554,自由廣場》「公」路的「公」益性質,,
https://news.ltn.com.tw/news/life/paper/1241856,和平-和中、大清水-崇德段 交部允諾研究納入蘇花改,,
https://news.ltn.com.tw/news/local/paper/1241281,劉曉玫促花蓮聯外陸海空交通 多元選擇,,
https://news.ltn.com.tw/news/local/paper/1241299,8年前同日26人墜海 蘇澳公所要辦法會,,
https://news.ltn.com.tw/news/life/breakingnews/2588584,恐怖1021 ！普悠瑪昨出軌翻覆 8年前同一天蘇花翻車26亡,,
https://news.ltn.com.tw/news/local/paper/1239140,大貨車撞山壁 駕駛困逾4小時驚險獲救,,
https://news.ltn.com.tw/news/society/breakingnews/2579857,救出來了！撞山壁大貨車駕駛 卡車內4個多小時脫困,,
https://news.ltn.com.tw/news/society/breakingnews/2579794,蘇花撞山壁大貨車駕駛受困近4小時 醫師評估是否現場截肢,,
https://news.ltn.com.tw/news/society/breakingnews/2579591,蘇花公路大貨車自撞山壁 駕駛受困車內,,
https://news.ltn.com.tw/news/politics/breakingnews/2576431,總統國慶演說：負責任大國 不該是衝突的來源,,
https://news.ltn.com.tw/news/life/breakingnews/2576333,國慶日天氣東西部迥異 東部轉濕涼、西部防空汙,,
https://news.ltn.com.tw/news/politics/breakingnews/2572807,「花蓮－吉安」鐵路高架化 2縣長參選人交鋒,,
https://news.ltn.com.tw/news/society/breakingnews/2572201,蘇花盲彎「強碰」！重機慘遭砂石車撞飛 驚悚影片曝光,,
https://news.ltn.com.tw/news/society/breakingnews/2571828,重機跨越雙黃線超砂石車 慘遭對向砂石車撞飛,,
https://news.ltn.com.tw/news/life/breakingnews/2569146,蘇花改最大規模抽坍已修復 仍定後年春節前全線通車,,
https://news.ltn.com.tw/news/life/breakingnews/2569051,塑膠袋禁入校園 花蓮搶先實施無緩衝引發反彈,,
https://news.ltn.com.tw/news/local/paper/1233144,秋節搭國道客運 轉乘宜蘭市區公車一段票免費,,
https://news.ltn.com.tw/news/life/breakingnews/2554309,搭國道客運中秋來宜蘭 市區公車1段票免費,,
https://news.ltn.com.tw/news/life/breakingnews/2553675,蘇花改防災演練   19日上午10~12點管制通行,,
https://news.ltn.com.tw/news/life/paper/1231727,東澳—南澳納蘇花改 年底評估可行性,,
https://news.ltn.com.tw/news/life/breakingnews/2549116,「東澳－南澳」擬納蘇花改 預計今年底可行性研究,,
https://news.ltn.com.tw/news/local/paper/1229957,南澳神秘海灘危險 封閉10天,,
https://news.ltn.com.tw/news/society/breakingnews/2541586,封了！南澳神秘海灘今起封閉10天 禁止民眾進入,,
https://news.ltn.com.tw/news/life/paper/1229029,大貨車走蘇花改 最快月中開放,,
https://news.ltn.com.tw/news/life/breakingnews/2537947,蘇花公路164.5K坍方管制 預計中午搶通,,
https://news.ltn.com.tw/news/focus/paper/1227614,男女消防員違規搏浪 女命危,,
https://news.ltn.com.tw/news/society/breakingnews/2531836,台大研究生澳花瀑布溺水 送醫搶救仍告不治,,
https://auto.ltn.com.tw/news/10706,東部進度超前！Gogoro 花蓮門市開幕時間確定,,
https://news.ltn.com.tw/news/society/paper/1225839,巡蘇花工地水塔 領班轉眼墜崖氣絕,,
https://news.ltn.com.tw/news/society/breakingnews/2524065,巡視蘇花工地墜百米斷崖   領班遺體尋獲,,
https://news.ltn.com.tw/news/life/breakingnews/2522565,南北兩側工程人員可互視！蘇花改谷風隧道貫通剩22公尺待克服,,
https://news.ltn.com.tw/news/society/breakingnews/2513478,男大生違規超車自摔慘被輾過爆頭     砂石車司機不起訴,,
https://news.ltn.com.tw/news/local/paper/1222408,大貨車父親節前上蘇花改？四工處：本週機率不高,,
https://news.ltn.com.tw/news/local/paper/1218652,蘇花改工程 藍綠花蓮縣長參選人互槓,,
https://news.ltn.com.tw/news/politics/breakingnews/2496033,蘇花改東澳到南澳可行性評估 劉曉玫：受益者都是花蓮人,,
https://news.ltn.com.tw/news/life/paper/1218462,東澳-南澳納蘇花改評估 賴揆拍板,,
https://news.ltn.com.tw/news/politics/paper/1218519,賴清德批新北政績小確幸 市府：謝謝肯定,,
https://news.ltn.com.tw/news/life/breakingnews/2495039,賴揆拍板  蘇花公路東澳-南澳段納蘇花改可行性評估,,
https://news.ltn.com.tw/news/society/breakingnews/2486519,交通隊小隊長衝辦公室怒摔交通錐 網友譏：測試耐摔度,,
https://news.ltn.com.tw/news/society/paper/1215927,撿皮夾困清水斷崖 颱風夜驚濤駭浪,,
https://news.ltn.com.tw/news/focus/paper/1216027,颱風夜摔落清水斷崖 婦受困15小時,,
https://news.ltn.com.tw/news/local/paper/1215844,童玩節今重新開放 太平山遊樂區明開園,,
https://news.ltn.com.tw/news/society/breakingnews/2484738,數公尺下驚濤大浪！她受困清水斷崖 渡過颱風夜,,
https://news.ltn.com.tw/news/life/breakingnews/2484612,風雨趨緩 蘇花公路 北宜公路台7線 台7甲線 恢復車輛通行,,
https://news.ltn.com.tw/news/life/breakingnews/2483321,瑪莉亞颱風來襲 交通、活動異動一覽（不斷更新）,,
https://news.ltn.com.tw/news/life/breakingnews/2484453,蘇花改首度開放機車、大貨車通行 卻「等嘸車」…,,
https://news.ltn.com.tw/news/life/breakingnews/2484262,颱風來襲！ 全台13處路段 晚間6點起預警性封閉,,
https://news.ltn.com.tw/news/life/breakingnews/2484140,明上午8點至8點半 機車、大貨車有機會走蘇花改,,
https://news.ltn.com.tw/news/life/breakingnews/2484003,蘇花公路、台7線、台7甲線部分路段 今晚6時起封閉,,
https://news.ltn.com.tw/news/life/breakingnews/2483772,強颱瑪莉亞侵台   花蓮夏戀嘉年華照常舉行,,
https://auto.ltn.com.tw/news/10413,颱風期間汽機車開放紅黃線停車不是無禁忌，這些地方還是不能停！,,
https://news.ltn.com.tw/news/life/breakingnews/2482920,強颱瑪莉亞來襲 交通、活動異動一覽（不斷更新）,,
https://ec.ltn.com.tw/article/breakingnews/2482921,強颱瑪莉亞襲台 台電預先進駐易受災區,,
https://news.ltn.com.tw/news/life/breakingnews/2482760,強颱瑪莉亞逼近 蘇花公路等7路段警戒,,
https://news.ltn.com.tw/news/life/breakingnews/2482312,今、明10點到下午1點    蘇花改演練封閉,,
https://news.ltn.com.tw/news/local/paper/1211646,60歲台鐵宿舍夷平 蘇澳人心疼,,
https://news.ltn.com.tw/news/society/breakingnews/2468358,不法獲利逾百萬元  「清水斷崖」棄置廢輪胎元凶找到了！,,
https://news.ltn.com.tw/news/life/breakingnews/2465459,蘇花公路南下140.4K落石 目前單線雙向通行,,
https://news.ltn.com.tw/news/life/breakingnews/2464391,台9丁線蘇花公路12.5公里落石 小心駕駛,,
https://news.ltn.com.tw/news/society/breakingnews/2463760,蘇花改東澳端傳火燒車 一度單線雙向通行,,
https://news.ltn.com.tw/news/life/breakingnews/2461869,蘇花公路雨勢大預警性封路 今晚9點恢復正常通行,,
https://news.ltn.com.tw/news/life/breakingnews/2460217,蘇花公路澳花隧道2車對撞1人傷  雙向禁行大塞車,,
https://news.ltn.com.tw/news/life/breakingnews/2460027,蘇花改今天一路順暢 端午節下午恐出現北返車潮,,
https://art.ltn.com.tw/article/paper/1208669,【旅遊】〈實現我的旅遊夢〉漫遊東澳3城─布里斯本、雪梨、墨爾本,,
https://news.ltn.com.tw/news/politics/breakingnews/2450879,龍崎掩埋場如何解決？ 高思博︰啟動區域計畫,,
https://auto.ltn.com.tw/news/10198,機車、大貨車「可」上蘇花改 但前提是…,,
https://news.ltn.com.tw/news/life/breakingnews/2448634,機車、大貨車「可」上蘇花改 但前提是…,,
https://news.ltn.com.tw/news/life/breakingnews/2444828,蘇花公路大清水段車禍4傷 雙向交通恢復,,
https://news.ltn.com.tw/news/society/breakingnews/2441183,逼真！花蓮海路備援機制 海巡演練交通船海難事故,,
https://news.ltn.com.tw/news/local/paper/1203611,蘇花改仁水隧道 10月底主隧可貫通,,
https://news.ltn.com.tw/news/life/paper/1203648,12萬人次拚1067天 蘇花改中仁隧道貫通,,
https://news.ltn.com.tw/news/life/breakingnews/2437437,蘇花改「仁水隧道」 10月下旬可望貫通,,
https://news.ltn.com.tw/news/life/breakingnews/2437240,1067天克難施工 蘇花改中仁隧道全線貫通,,
https://news.ltn.com.tw/news/society/breakingnews/2435547,蘇花公路142.5K聯結車自撞山壁 下午恢復通車,,
https://ent.ltn.com.tw/news/breakingnews/2431620,（獨家）羅時豐50大壽這樣過   自爆曾連操12小時腿軟,,
https://ent.ltn.com.tw/news/paper/1201901,羅時豐7月盛大辦50壽宴    挑戰1個人單車流浪,,
https://art.ltn.com.tw/article/paper/1200588,【自由副刊】林文義／轉彎四十五度,,
https://news.ltn.com.tw/news/society/paper/1199015,救難毛孩Bailey長眠 14特搜隊弟兄送別,,
https://news.ltn.com.tw/news/society/breakingnews/2419150,救難英雄長眠 榮譽市犬Bailey功成身退,,
https://news.ltn.com.tw/news/local/paper/1198624,開放大客車首日 129輛上蘇花改,,
https://news.ltn.com.tw/news/life/breakingnews/2417633,蘇花改今開放大客車通行 公車暌違36年上路了,,
https://news.ltn.com.tw/news/life/breakingnews/2417607,05/07 各報重點新聞一覽,,
https://news.ltn.com.tw/news/local/paper/1198393,停駛36年 蘇花2客運路線今上路,,
https://news.ltn.com.tw/news/local/paper/1198397,全長4.7KM 蘇花改中仁隧道北上線貫通,,
https://news.ltn.com.tw/news/life/breakingnews/2417483,蘇花改新闢兩線公車 到南澳、東澳連7天免費,,
https://news.ltn.com.tw/news/life/paper/1197366,暌違36年 蘇花公路將有公車上路啦,,
https://news.ltn.com.tw/news/life/breakingnews/2413310,等了36年   蘇花公路最快5/5日將再度行駛公車,,
https://news.ltn.com.tw/news/society/breakingnews/2411158,日客車禍受蘇澳警幫忙   返國致函：從沒遇過這麼好的警察！,,
https://news.ltn.com.tw/news/politics/breakingnews/2405901,立院考察宜蘭交通刻意避開陳歐珀？陳金德：不曉得他在場,,
https://news.ltn.com.tw/news/life/breakingnews/2404460,豪雨釀災 蘇花公路全線最快明0時恢復通車,,
https://news.ltn.com.tw/news/life/breakingnews/2404257,豪雨太急 蘇花公路部分路段封閉 南澳高中進修部停課,,
https://news.ltn.com.tw/news/life/breakingnews/2403612,注意！蘇花改消防演習 今明10至12點封閉2小時,,
https://news.ltn.com.tw/news/society/breakingnews/2400389,砂石車撞山壁    台九丁九宮里路段恢復雙向通車,,
https://news.ltn.com.tw/news/local/paper/1193559,蘇花改限制車種 立委批不合時宜,,
https://news.ltn.com.tw/news/local/paper/1192710,蘇花公路搶通 恢復雙向通車,,
https://news.ltn.com.tw/news/life/breakingnews/2395908,蘇花和仁段坍方中斷   今早搶通！,,
https://news.ltn.com.tw/news/life/breakingnews/2395896,蘇花坍方路段連夜搶修  今早7時恢復通車,,
https://news.ltn.com.tw/news/local/paper/1192445,蘇花公路落石 26車一度受困仁清隧道,,
https://news.ltn.com.tw/news/local/paper/1192441,蘇花改放行機車? 公路總局：不宜冒進,,
https://news.ltn.com.tw/news/life/breakingnews/2395603,蘇花公路大坍方明早10點才能搶通 多車受困仁清隧道,,
https://news.ltn.com.tw/news/life/breakingnews/2395775,驚魂4小時！ 大雨癱蘇花 109人受困平安撤出,,
https://news.ltn.com.tw/news/society/breakingnews/2395767,走蘇花遇坍方 「花蓮正當冰」老闆：離死掉最近的一次,,
https://news.ltn.com.tw/news/life/breakingnews/2395224,蘇花改機車解禁？ 陳金德：沒什麼不可以,,
https://auto.ltn.com.tw/news/9829,蘇花改 5/5 開放大客車通行？ 公路總局：已做好準備,,
https://news.ltn.com.tw/news/life/paper/1192252,蘇花改蘇澳-東澳段5/5開放大客車上路？公路總局：已做好準備,,
https://news.ltn.com.tw/news/life/breakingnews/2394784,蘇花改5/5開放大客車通行？ 公路總局：已做好準備,,
https://news.ltn.com.tw/news/local/paper/1191328,解蘇花改塞車 陳金德籲開放二線道,,
https://news.ltn.com.tw/news/local/paper/1191329,蘇澳到東澳花7小時 遭譏「蘇花牛」,,
https://news.ltn.com.tw/news/society/breakingnews/2391046,兩車相撞中斷舊蘇花公路交通 4:40開放單線雙向通車,,
https://news.ltn.com.tw/news/life/breakingnews/2390944,蘇花改塞車話題延燒 網友諷變「蘇花牛」,,
https://news.ltn.com.tw/news/life/breakingnews/2390600,清明連假蘇花改塞爆   陳金德籲賀陳旦體民所苦,,
https://news.ltn.com.tw/news/local/paper/1191042,增建東澳至南澳隧道 陳金德力推,,
https://news.ltn.com.tw/news/local/paper/1190788,有車潮沒人潮 粉鳥林攤商嘆難賺,,
https://news.ltn.com.tw/news/local/paper/1190791,蘇花改塞爆惹怨 公路總局：車流量去年2倍,,
https://news.ltn.com.tw/news/life/breakingnews/2389434,塞車東澳市區爽賺 粉鳥林攤商嘆：看得到吃不到,,
https://news.ltn.com.tw/news/life/breakingnews/2389326,連假大塞車 意外讓東澳商機倍增,,
https://news.ltn.com.tw/news/local/paper/1190556,花蓮市區天天塞 店家：總比蕭條好,,
https://news.ltn.com.tw/news/local/paper/1190555,〈連假收假日〉國5估近午會塞 注意北上高乘載管制,,
https://news.ltn.com.tw/news/life/breakingnews/2388559,東部北返車流湧現 公路總局籲勿任意超車,,
https://news.ltn.com.tw/news/life/breakingnews/2388426,蘇花改湧現北返車潮 蘇澳下午恐大塞,,
https://news.ltn.com.tw/news/society/breakingnews/2388414,小黃開蘇花公路失控 自撞翻車2傷,,
https://news.ltn.com.tw/news/local/paper/1190317,蘇花改、蘇花公路北返車潮 預估今天下午最塞,,
https://news.ltn.com.tw/news/life/breakingnews/2387898,蘇花湧現北返車流 預估明天下午北上最塞,,
https://news.ltn.com.tw/news/local/paper/1190118,蘇花改順暢 明恐有返鄉車潮,,
https://news.ltn.com.tw/news/life/breakingnews/2387028,蘇花改遇塞車救護車卡卡 議員批動線規劃不良,,
https://news.ltn.com.tw/news/life/breakingnews/2386854,蘇花改昨車流量破表 今交通順暢,,
https://news.ltn.com.tw/news/local/paper/1189910,觀光回溫 遊客紮營七星潭賞日出,,
https://news.ltn.com.tw/news/life/paper/1189929,蘇澳鎮變停車場 民怨回不了家,,
https://news.ltn.com.tw/news/life/paper/1189927,連假首日國道塞爆 今天車更多,,
https://news.ltn.com.tw/news/life/breakingnews/2386474,每小時湧入超過900輛 「蘇花改停車場」惡夢成真,,
https://news.ltn.com.tw/news/life/breakingnews/2386461,塞車塞到被腳踏車超車 網友：桃園到花蓮要開10小時,,
https://news.ltn.com.tw/news/society/breakingnews/2386339,蘇澳台2線小貨車自撞橋墩 駕駛送醫急救不治,,
https://news.ltn.com.tw/news/life/breakingnews/2386305,清明連假比往年更塞 西部國道比春節多3成,,
https://news.ltn.com.tw/news/life/breakingnews/2386167,連假第1天9條省道壅塞   公路總局籲：下午再走蘇花改,,
https://news.ltn.com.tw/news/life/breakingnews/2385917,連假首日   遊客搭帳棚賞花蓮七星潭日出,,
https://news.ltn.com.tw/news/society/paper/1189693,大車行駛有氣旋 機車靠近易被捲入,,
https://news.ltn.com.tw/news/society/paper/1189692,陽光型男相約環島 蘇花超車爆頭 麻吉嚇傻,,
https://news.ltn.com.tw/news/society/breakingnews/2385437,男大生與好友環島  最後一天自摔命喪砂石車輪下,,
https://news.ltn.com.tw/news/society/breakingnews/2385086,機車在蘇花公路自摔 騎士遭大貨車輾斃,,
https://news.ltn.com.tw/news/society/breakingnews/2385062,騎士蘇花武塔段自摔   慘遭貨車輾過當場死亡,,
https://news.ltn.com.tw/news/life/breakingnews/2383931,國慶煙火在花蓮！花蓮網民2/3反對,,
https://news.ltn.com.tw/news/life/breakingnews/2383231,防止蘇花塞爆！   蘇澳鎮長：清明連假行車請分流,,
https://news.ltn.com.tw/news/local/paper/1188790,清明連假訂房增 花蓮加強車流疏導,,
https://news.ltn.com.tw/news/society/paper/1188599,載運鮮乳曳引車翻覆 2人不治,,
https://news.ltn.com.tw/news/society/breakingnews/2381942,宜蘭孕婦救護車上急產 2未婚消防員順利接生,,
https://news.ltn.com.tw/news/society/breakingnews/2381130,蘇花公路載鮮奶大貨車翻覆 2人送醫不治,,
https://news.ltn.com.tw/news/society/paper/1187115,封蘇花隧道 調砂石車圍堵 警甕中捉鱉 智逮毒蟲,,
https://news.ltn.com.tw/news/society/breakingnews/2375956,警封蘇花隧道攔毒蟲 調用砂石車擋道,,
https://news.ltn.com.tw/news/lifeweekly/paper/1186824,【台灣好好玩】宜蘭南澳農耕換宿趣,,
https://playing.ltn.com.tw/article/15714,【台灣好好玩】宜蘭南澳農耕換宿趣,,
https://playing.ltn.com.tw/article/9299,打工換宿當農夫！宜蘭南澳貼近自然新玩法,,
https://news.ltn.com.tw/news/life/breakingnews/2363642,蘇花公路防救災演練 和中至崇德明10點至12點封閉管制,,
https://news.ltn.com.tw/news/life/breakingnews/2362526,交通死亡高出他國2倍   賀陳旦：交通安全仍是首要目標,,
https://news.ltn.com.tw/news/life/paper/1181017,管制車輛硬闖蘇花改 不僅挨罰還要記點,,
https://news.ltn.com.tw/news/society/breakingnews/2352281,蘇花路邊看海墜崖死亡？ 目擊者：他扶欄杆重心不穩,,
https://news.ltn.com.tw/news/society/breakingnews/2351888,騎機車上蘇花公路 疑失足墜崖送醫不治,,
https://news.ltn.com.tw/news/society/breakingnews/2351785,疑路旁看風景失足 蘇花公路驚傳騎士墜崖,,
https://news.ltn.com.tw/news/life/breakingnews/2347460,在蘇花公路停了16年 行動咖啡車「撤哨」另謀出路,,
https://news.ltn.com.tw/news/local/paper/1178088,30層樓高滾下巨石 差1秒沒命,,
https://news.ltn.com.tw/news/society/breakingnews/2345672,走蘇花差點被落石擊落 網友驚呼：駕駛福大命大,,
https://news.ltn.com.tw/news/life/breakingnews/2344217,花蓮強震影響出遊意願？ 蘇花南下車流減逾14％,,
https://news.ltn.com.tw/news/life/breakingnews/2343768,回娘家、出遊車多 下午4點國道將湧北返車潮,,
https://news.ltn.com.tw/news/society/breakingnews/2343680,謝謝你們！「戴頭盔開蘇花」支援花蓮 宜蘭消防挺到最後,,
https://news.ltn.com.tw/news/life/breakingnews/2343353,助花蓮震後重建   賀陳旦邀民眾走蘇花改遊花蓮,,
https://news.ltn.com.tw/news/life/breakingnews/2343030,今年車流量少？蘇花改首遇連假很順暢 午後車速55以上,,
https://news.ltn.com.tw/news/life/breakingnews/2342853,返鄉狀況不斷！ 國道3號1貨車翻覆、4客車追撞（不斷更新）,,
https://news.ltn.com.tw/news/life/breakingnews/2343008,花蓮震災影響蘇花改上午沒塞  6台車走路肩被罰,,
https://news.ltn.com.tw/news/focus/paper/1177394,蘇花改今南下車流量 估爆1.2萬輛次上限,,
https://news.ltn.com.tw/news/life/breakingnews/2342162,蘇花改明天南下車潮估1萬2000輛次 上午最塞,,
https://news.ltn.com.tw/news/local/paper/1176810,花蓮救災76小時 宜蘭消防局出動52人次,,
https://news.ltn.com.tw/news/life/breakingnews/2340711,搶救雲門翠堤201先鋒 宜蘭消防從4樓打通到2樓,,
https://news.ltn.com.tw/news/life/breakingnews/2340064,乾冷寒流發威！ 明晨最冷下探7度,,
https://news.ltn.com.tw/news/focus/paper/1176718,強震搜救 無懼危樓 穿牆開路 阿公級打石師 只想送中客回家,,
https://news.ltn.com.tw/news/life/breakingnews/2339953,越晚越冷 台南以北低溫9度 週二開始回溫,,
https://news.ltn.com.tw/news/life/breakingnews/2338575,震災搜救回顧》樓塌路毀、驚惶逃生 一夕間天人永隔,,
https://talk.ltn.com.tw/article/breakingnews/2339439,自由開講》誰才是「德不配位」？,,
https://news.ltn.com.tw/news/life/breakingnews/2339356,寒流報到！今水氣逐漸減少 低溫下探9度,,
https://news.ltn.com.tw/news/local/paper/1176343,蘇花改「過頭關」公路總局：挑戰在春節,,
https://news.ltn.com.tw/news/life/breakingnews/2338971,蘇花改通車後第一個假日不塞  春節連假剉咧等,,
https://news.ltn.com.tw/news/life/breakingnews/2338613,各地有雨寒流今晚來襲 明起至下週二下探7度,,
https://news.ltn.com.tw/news/life/paper/1176158,蘇花改通車5天 27車輛誤闖挨罰,,
https://news.ltn.com.tw/news/life/breakingnews/2338531,明天鋒面過境有雨  週日寒流又要報到！,,
https://news.ltn.com.tw/news/life/breakingnews/2338165,蘇花改已通車路段有2支測速照相 續採購抓違規行駛路肩,,
https://news.ltn.com.tw/news/society/breakingnews/2337529,花蓮地震無名英雄 救難急先鋒有你真好,,
https://news.ltn.com.tw/news/life/breakingnews/2337365,明各地回暖 北、東部仍有降雨 週六溫度再下滑,,
https://news.ltn.com.tw/news/life/breakingnews/2337173,花蓮震後助重振觀光 賀陳旦：會提特別救濟方案,,
https://ent.ltn.com.tw/news/breakingnews/2336638,憂心店會垮！張震嶽花蓮酒館宣布停業,,
https://news.ltn.com.tw/news/life/breakingnews/2336315,3縣市大雨特報！ 各地濕冷明回暖 週六又有寒流,,
https://news.ltn.com.tw/news/focus/paper/1175662,中橫封路,,
https://ent.ltn.com.tw/news/paper/1175410,張震嶽小酒館杯盤碎 廖人帥老家家具散落,,
https://news.ltn.com.tw/news/local/paper/1175591,強震蘇花受創 南迴公路客運增班,,
https://news.ltn.com.tw/news/focus/paper/1175668,花蓮強震4棟樓傾倒 7罹難260傷,,
https://news.ltn.com.tw/news/life/breakingnews/2336104,明寒流減弱仍濕冷 除夕、初一將是好天氣,,
https://news.ltn.com.tw/news/life/breakingnews/2336006,花蓮強震 中華電信行動用戶受災戶3個月免月租,,
https://3c.ltn.com.tw/news/32930,（更新）花蓮強震電信業者啟動災區援助行動！提供月租費減免、備用機與物資,,
https://news.ltn.com.tw/news/life/breakingnews/2335122,花蓮強震 江啟臣暫停選舉活動、盧秀燕捐1月薪,,
https://news.ltn.com.tw/news/life/breakingnews/2335114,公路、鐵路今日已正常通行   花蓮聯外交通正常,,
https://news.ltn.com.tw/news/life/breakingnews/2334977,火速馳援花蓮 高市特搜18人2隻搜救犬、榮總醫療團出發,,
https://news.ltn.com.tw/news/life/breakingnews/2334939,02/07 各報重點新聞一覽,,
https://news.ltn.com.tw/news/life/breakingnews/2334940,今白天略回溫 週六晚起寒流又報到！,,
https://news.ltn.com.tw/news/life/breakingnews/2334945,地震落石一度封閉 蘇花公路凌晨3：55全線搶通,,
https://news.ltn.com.tw/news/life/breakingnews/2334810,2死219傷173失聯 花蓮強震災情總整理,,
https://news.ltn.com.tw/news/focus/paper/1175370,花蓮昨23：50強震 大樓倒塌,,
https://news.ltn.com.tw/news/life/paper/1175235,花蓮深夜強震 多棟樓倒 傷亡不明,,
https://news.ltn.com.tw/news/life/breakingnews/2334925,支援花蓮救災 高雄連夜派出22人2搜救犬,,
https://news.ltn.com.tw/news/life/breakingnews/2334923,蘇花公路連夜巡修 03:55全線搶通,,
https://news.ltn.com.tw/news/life/breakingnews/2334891,花蓮市區多處路面破損 聯外蘇花、中橫封閉,,
https://news.ltn.com.tw/news/society/breakingnews/2334894,花蓮地震 賴清德：全力支援救災,,
https://news.ltn.com.tw/news/society/breakingnews/2334888,花蓮強震 搶救受困員工 機具破壞結構體,,
https://news.ltn.com.tw/news/society/breakingnews/2334875,花蓮規模6地震 消防署：7建物傾斜,,
https://news.ltn.com.tw/news/life/breakingnews/2334855,花蓮成孤島 快搜救災人力空運馳援災區,,
https://news.ltn.com.tw/news/society/breakingnews/2334852,花蓮地震 統帥飯店3人受困,,
https://news.ltn.com.tw/news/life/breakingnews/2334841,台鐵花蓮車站售票電腦故障 地下道破管淹水,,
https://news.ltn.com.tw/news/society/breakingnews/2334843,花蓮地震  蘇花中橫公路與花蓮大橋封閉,,
https://news.ltn.com.tw/news/society/breakingnews/2334844,花蓮強震 統帥飯店疑29人受困,,
https://news.ltn.com.tw/news/life/breakingnews/2334814,花蓮強震 花蓮大橋龜裂隆起 七星潭橋橋墩變形,,
https://news.ltn.com.tw/news/society/breakingnews/2334830,花蓮強震 七星潭大橋墩裂,,
https://news.ltn.com.tw/news/life/breakingnews/2334824,花蓮強震 花東鐵路停駛蘇花封路,,
https://news.ltn.com.tw/news/life/breakingnews/2334806,蘇花公路震後多處落石 全線暫時封閉,,
https://news.ltn.com.tw/news/life/breakingnews/2334805,花蓮強震樓塌路崩 中央災害應變中心一級開設,,
https://news.ltn.com.tw/news/life/breakingnews/2334668,明寒流減弱小幅回溫  南方水氣移入 各地有機會降雨,,
https://news.ltn.com.tw/news/life/breakingnews/2334446,蘇花落石熱區險又砸車 這段蘇花改108年底完工,,
https://news.ltn.com.tw/news/life/breakingnews/2334168,花蓮地牛又翻身  蘇花公路2路段落石擋道,,
https://news.ltn.com.tw/news/life/breakingnews/2334134,花蓮稍早規模4.7地震   蘇花公路2處岩石崩落佔車道,,
https://news.ltn.com.tw/news/life/breakingnews/2333662,寒流持續！北台灣清晨下探6度 明白天起漸回溫,,
https://news.ltn.com.tw/news/life/paper/1174941,蘇花改通車 7機車硬闖挨罰,,
https://news.ltn.com.tw/news/local/paper/1174875,蘇花改平穩、舒適 民眾：等了20年,,
https://news.ltn.com.tw/news/life/breakingnews/2333329,明天天氣還是冷  各地降雪、降雨將逐減,,
https://auto.ltn.com.tw/news/9388,機車不甩警方管制 組隊硬闖蘇花改 抓到罰 900,,
https://news.ltn.com.tw/news/society/breakingnews/2333297,機車不甩警方管制 組隊硬闖蘇花改 抓到罰900,,
https://news.ltn.com.tw/news/society/breakingnews/2333156,騎士硬闖蘇花改 警方全面追查中,,
https://news.ltn.com.tw/news/life/breakingnews/2333034,驚險影片曝光！蘇花公路地震天降巨石 險直擊行經車輛,,
https://news.ltn.com.tw/news/life/breakingnews/2332898,這條路等了5年 蘇花改蘇澳到東澳下午4點通車了,,
https://news.ltn.com.tw/news/life/breakingnews/2332714,蘇花改今通車  機車族不滿糾眾「路過」抗議,,
https://news.ltn.com.tw/news/life/breakingnews/2332571,一夜50多起地震 全台上下左右晃不停 最大規模6.1,,
https://news.ltn.com.tw/news/life/breakingnews/2332634,嚴寒持續到週三 今晨新竹剩6.3度、新屋6.4度！,,
https://news.ltn.com.tw/news/focus/paper/1174767,蘇花改「截彎取直」 台9線讓出「最長」省道寶座,,
https://news.ltn.com.tw/news/life/paper/1174664,今年最大 花蓮發生規模5.8地震,,
https://news.ltn.com.tw/news/life/breakingnews/2332618,蘇花公路163.9K（和中段） 落石清除完畢,,
https://news.ltn.com.tw/news/life/breakingnews/2332600,花蓮寒夜地震 蘇花公路164公里落石管制,,
https://news.ltn.com.tw/news/life/breakingnews/2332586,花東連震 蘇花163.9K處大量落石崩落,,
https://news.ltn.com.tw/news/life/paper/1174183,等5年…蘇花改蘇澳到東澳段5日通車,,
https://news.ltn.com.tw/news/life/breakingnews/2329106,國道5號蘇澳服務區   今日上午10點啟用,,
https://news.ltn.com.tw/news/local/paper/1173508,蘇花改二期 策略評估月底出爐,,
https://news.ltn.com.tw/news/life/breakingnews/2328233,蘇花改2期計畫 策略評估預計2月底出爐,,
https://news.ltn.com.tw/news/life/breakingnews/2327092,爭取機車行駛蘇花改 上千重機網友洗版蕭美琴臉書,,
https://news.ltn.com.tw/news/local/paper/1172915,春節疏運 蘇花改低速20km就管制,,
https://news.ltn.com.tw/news/local/paper/1172916,春節搭國五客運 公路總局：候車20分鐘內,,
https://news.ltn.com.tw/news/life/breakingnews/2326386,春節遊宜蘭 搭客運、鐵路優惠最高可享85折,,
https://news.ltn.com.tw/news/life/breakingnews/2326371,春節車潮挑戰蘇花改極限 公路總局祭出兩項措施,,
https://news.ltn.com.tw/news/life/breakingnews/2326160,遇山開山 遇水築橋 蘇花改空拍影片超震撼,,
https://news.ltn.com.tw/news/focus/paper/1172563,蘇花改蘇澳–東澳段 預定2月5日通車,,
https://news.ltn.com.tw/news/focus/paper/1172567,還有兩段未完工 蘇花改全線通車預約明年底,,
https://news.ltn.com.tw/news/life/breakingnews/2324659,不離不棄！ 參與醃頭案搜救犬退休 控犬員認養,,
https://news.ltn.com.tw/news/local/paper/1172140,蘇澳←→東澳省20分鐘 鄉親走蘇花改喊讚,,
https://news.ltn.com.tw/news/life/breakingnews/2323469,蘇花改蘇澳東澳段下月將通車 宜蘭鄉親今率先體驗,,
https://news.ltn.com.tw/news/focus/paper/1170789,搶先體驗蘇花改 近7000人雨中開跑,,
https://news.ltn.com.tw/news/life/breakingnews/2315264,01/18 各報重點新聞一覽,,
https://news.ltn.com.tw/news/focus/paper/1169729,蘇花改蘇澳－東澳段 農曆年前通車,,
https://news.ltn.com.tw/news/local/paper/1169559,蘇花改蘇澳東澳將通車 陳金德：東澳南澳應蓋隧道,,
https://news.ltn.com.tw/news/life/paper/1169588,蘇花改拚明年底竣工 最大挑戰是長隧道,,
https://news.ltn.com.tw/news/life/breakingnews/2314786,蘇花改第一段過年前通車  行車可省20分鐘,,
https://news.ltn.com.tw/news/life/breakingnews/2314726,蘇花改蘇澳－東澳段春節前通車 地方擔心蘇澳大塞車,,
https://news.ltn.com.tw/news/local/paper/1168929,蘇花改東澳至南澳段 評估改善,,
https://news.ltn.com.tw/news/life/paper/1168234,國五蘇澳服務區月底啟用,,
https://news.ltn.com.tw/news/life/breakingnews/2310449,提早開張！國5蘇澳服務區 預計月底啟用,,
https://news.ltn.com.tw/news/local/paper/1167567,打造觀光特色 立委推海上藍色公路,,
https://news.ltn.com.tw/news/society/breakingnews/2305466,轎車蘇花逆向撞拖車   2車受損、1傷送醫,,
https://news.ltn.com.tw/news/life/breakingnews/2305073,大雨不斷 蘇花122.7K土石坍方,,
https://news.ltn.com.tw/news/local/paper/1166206,南港商三特公辦都更案 啟動招商,,
https://news.ltn.com.tw/news/life/breakingnews/2302637,因應蘇花改通車 台9線2重要路口避車道完工,,
https://news.ltn.com.tw/news/society/breakingnews/2301179,轎車過彎撞上砂石車 車頭毀、油料灑滿蘇花公路,,
https://news.ltn.com.tw/news/life/breakingnews/2301146,台9線蘇花公路114.37K施工 最快週五恢復雙線通車,,
https://news.ltn.com.tw/news/life/paper/1165105,國五北上塞爆 雪隧堵6公里,,
https://news.ltn.com.tw/news/life/paper/1164868,收假日 西部國道上午實施高乘載,,
https://news.ltn.com.tw/news/life/paper/1164622,蘇花落石 車陣回堵「蘇澳大災難」,,
https://news.ltn.com.tw/news/life/breakingnews/2298056,蘇花公路落石坍方 蘇澳市區車流回堵「大災難」,,
https://news.ltn.com.tw/news/local/paper/1164325,花蓮連假交管 蘇花禁行大型貨車,,
https://news.ltn.com.tw/news/life/breakingnews/2296428,台9線114.37K坍方搶通 元旦連假管制放行,,
https://news.ltn.com.tw/news/life/breakingnews/2295960,蘇花公路114.37K坍方路段 恢復單線雙向通行,,
https://news.ltn.com.tw/news/life/breakingnews/2295885,台9線114.37K又坍方 蘇花公路雙向交通阻斷,,
https://news.ltn.com.tw/news/life/breakingnews/2295540,元旦連假 省道9大塞車「地雷」路段看這裡,,
https://news.ltn.com.tw/news/focus/paper/1163367,不要命！8小時飆車環島,,
https://news.ltn.com.tw/news/life/breakingnews/2289986,蘇花公路114.37公里施工需求 改採新的管制措施,,
https://news.ltn.com.tw/news/world/breakingnews/2287096,遊歷太魯閣國家公園 美記者讚︰台版優勝美地,,
https://news.ltn.com.tw/news/life/breakingnews/2285246,蘇花九宮里路段今晚起夜間不管制 白天施工交管,,
https://news.ltn.com.tw/news/life/breakingnews/2281830,蘇花公路蘇澳至東澳 今起放寬通行時間,,
https://news.ltn.com.tw/news/local/paper/1159101,中客回溫？ 蘇澳新站進出人次上升,,
https://news.ltn.com.tw/news/life/breakingnews/2279290,中國團客回溫？ 蘇澳新站旅客數重回4千大關,,
https://news.ltn.com.tw/news/local/paper/1158585,蘇花改隧道安全 立委促專案調查,,
https://news.ltn.com.tw/news/life/breakingnews/2277223,蘇花改抽坍近2月才揭露 立委會勘促專案調查,,
https://news.ltn.com.tw/news/life/paper/1158072,蘇花改谷風隧道坍方搶修 108年完工目標不變,,
https://news.ltn.com.tw/news/life/breakingnews/2275228,途經地質破碎帶 湧水、抽坍成蘇花改長隧道最大難題,,
https://news.ltn.com.tw/news/life/breakingnews/2274643,12/06 各報重點新聞一覽,,
https://news.ltn.com.tw/news/local/paper/1157721,蘇花改東澳隧道 設首座水霧自動設備,,
https://news.ltn.com.tw/news/life/breakingnews/2274620,蘇花改最大坍方 公路總局：通車時程不變,,
https://news.ltn.com.tw/news/life/breakingnews/2274174,紓解回堵車流 蘇花公路坍方處調整放行時間,,
https://news.ltn.com.tw/news/life/breakingnews/2273735,連雪隧都沒有 蘇花改東澳隧道水霧設備曝光,,
https://news.ltn.com.tw/news/society/breakingnews/2273121,蘇花武塔段車禍   預計傍晚五點半恢復通行,,
https://news.ltn.com.tw/news/life/breakingnews/2273049,才剛搶通... 蘇花又傳拖板車車禍 全線封閉中,,
https://news.ltn.com.tw/news/life/breakingnews/2272881,蘇花通車後車流湧現 車龍現仍綿延超過6公里,,
https://news.ltn.com.tw/news/life/breakingnews/2272530,終於通了！蘇花蘇澳至東澳段 上午7時通車,,
https://news.ltn.com.tw/news/life/breakingnews/2272432,返家路受阻人車塞爆東澳 南澳鄉公所開放遊客盥洗、休憩,,
https://news.ltn.com.tw/news/life/breakingnews/2272394,蘇花114.37K土石坍方阻斷 人車塞爆東澳,,
https://news.ltn.com.tw/news/life/breakingnews/2272341,蘇花114.37K又傳土石坍方 蘇澳至東澳段提早3小時封閉,,
https://news.ltn.com.tw/news/life/breakingnews/2272184,通行多延3小時   蘇花蘇澳-東澳段今晚9點至明早封路,,
https://news.ltn.com.tw/news/life/breakingnews/2271894,蘇花公路114.4K坍方災情擴大 預計下午3時恢復通行,,
https://news.ltn.com.tw/news/life/breakingnews/2271865,蘇花公路落石坍方不斷 蘇澳至東澳實施預警性封閉,,
https://news.ltn.com.tw/news/life/breakingnews/2271748,蘇花公路114.3公里再坍方 北上恢復雙向通行,,
https://news.ltn.com.tw/news/society/breakingnews/2271689,蘇花114.3公里落石擊中休旅車 單線雙向通行,,
https://news.ltn.com.tw/news/society/paper/1156441,揪團去爬嘉明湖 廂型車逆向撞貨車8傷,,
https://news.ltn.com.tw/news/life/breakingnews/2269400,埔里縣道131線牛洞路段落石害命 規劃設防護網,,
https://news.ltn.com.tw/news/society/breakingnews/2269364,嘉明湖登山隊廂車撞大貨車    8人輕重傷,,
https://news.ltn.com.tw/news/society/breakingnews/2269108,蘇花公路休旅車對撞大貨車 車頭全毀8人受傷,,
https://talk.ltn.com.tw/article/breakingnews/2268411,自由開講》這才是正確的文史地教育,,
https://sports.ltn.com.tw/news/paper/1154895,徐生明盃》「曾公」環島行腳 義賣球具挺師母,,
https://news.ltn.com.tw/news/local/paper/1153491,花蓮憂蘇花改通車塞 工程處老神在在,,
https://news.ltn.com.tw/news/life/breakingnews/2259058,蘇花改明年春節通車   傅崐萁：執政黨會被罵翻,,
https://news.ltn.com.tw/news/life/breakingnews/2258929,趕在明年春節通車 蘇花改東澳隧道工程車呈「趕工隊形」,,
https://news.ltn.com.tw/news/life/paper/1151141,11天長征 不老騎士環島達陣,,
https://news.ltn.com.tw/news/life/breakingnews/2250724,2081歲霸氣長征！25名不老騎士 千里環台達陣,,
https://news.ltn.com.tw/news/society/breakingnews/2249779,涉偷車交保 開贓車拿私人物品又被逮,,
https://news.ltn.com.tw/news/society/breakingnews/2248141,毒嫌違規超車員警前 被逮哭喊：對不起我錯了！,,
https://news.ltn.com.tw/news/life/breakingnews/2240944,超艱鉅東澳隧道土建完工 蘇花改通車日期更近了,,
https://news.ltn.com.tw/news/politics/breakingnews/2237499,交通違規越來越多... 罰款收入連年增加,,
https://news.ltn.com.tw/news/local/paper/1145828,搶蘇花改商機 蘇澳釋鎮有地招商,,
https://news.ltn.com.tw/news/life/breakingnews/2231083,搶蘇花改通車後錢潮！蘇澳鎮公所首度釋出公有地上權招商,,
https://news.ltn.com.tw/news/society/breakingnews/2229392,砂石車操作不慎翻覆 蘇花公路124.1K單線雙向通行,,
https://news.ltn.com.tw/news/local/paper/1143681,漂流木堆蘭陽溪口 暫勿撿拾,,
https://news.ltn.com.tw/news/life/breakingnews/2223145,搶修南澳段後...   蘇花已雙向通車,,
https://news.ltn.com.tw/news/life/breakingnews/2222956,台七線牛鬥橋路段 預計今下午5時搶通,,
https://news.ltn.com.tw/news/life/breakingnews/2222916,台9線武塔至崇德解除封路 蘇花公路全線恢復通車,,
https://news.ltn.com.tw/news/life/breakingnews/2222882,10/15 各報重點新聞一覽,,
https://news.ltn.com.tw/news/local/paper/1143418,宜蘭雨災多處封路 一度停電700戶,,
https://news.ltn.com.tw/news/life/breakingnews/2222256,各地大雨紛傳災情 翡翠水庫下午5點洩洪（不斷更新）,,
https://news.ltn.com.tw/news/life/breakingnews/2222602,蘇花公路南下3處坍方 雙向交通阻斷,,
https://news.ltn.com.tw/news/life/breakingnews/2222533,蘇花公路南澳至漢本段19:00預警封閉,,
https://news.ltn.com.tw/news/life/breakingnews/2222525,豪雨影響 17時起南橫、蘇花特定路段 陸續預警性封閉,,
https://news.ltn.com.tw/news/life/breakingnews/2222472,蘇花公路搶通 全線恢復正常通行,,
https://news.ltn.com.tw/news/life/breakingnews/2222192,受卡努颱風豪雨影響 全台8處省道路段封閉,,
https://news.ltn.com.tw/news/life/breakingnews/2222158,雨炸宜蘭多處封路 近700戶停電,,
https://news.ltn.com.tw/news/life/breakingnews/2222126,蘇花公路10多處坍方土石流 延至下午3點再開放,,
https://news.ltn.com.tw/news/local/paper/1143150,落石溪漲 羅東林管處社區型步道暫封,,
https://news.ltn.com.tw/news/life/paper/1143213,共伴效應常釀災／未登陸 易輕忽雨勢,,
https://news.ltn.com.tw/news/life/breakingnews/2222081,豪大雨威脅全台 中央災害應變中心緊急開設,,
https://news.ltn.com.tw/news/life/breakingnews/2222076,雨量突破警戒值 蘇花公路全線封閉到14日上午7點,,
https://news.ltn.com.tw/news/life/breakingnews/2222068,蘇花公路142.5及149.7K處坍方 公路總局派員搶修,,
https://news.ltn.com.tw/news/life/breakingnews/2222007,花蓮雨量破百毫米 災情陸續傳出,,
https://news.ltn.com.tw/news/life/breakingnews/2221918,「共伴效應」易釀雨災強似颱 氣象專家解釋原因,,
https://news.ltn.com.tw/news/life/breakingnews/2220512,蘇花大清水路段落石   單線雙向通行,,
https://news.ltn.com.tw/news/life/breakingnews/2220216,蘇花公路雨勢不斷  公路總局不排除預警性封路,,
https://news.ltn.com.tw/news/life/breakingnews/2219977,雨勢緩和 蘇花蘇澳至南澳段恢復通行,,
https://news.ltn.com.tw/news/life/breakingnews/2219966,豪雨特報 蘇花蘇澳至南澳段預警性封閉,,
https://news.ltn.com.tw/news/life/breakingnews/2219936,雨量突破警戒值 蘇花公路蘇澳至南澳段預警性封閉,,
https://news.ltn.com.tw/news/life/paper/1142417,國道優惠奏效？ 離峰車流增近1成,,
https://news.ltn.com.tw/news/life/breakingnews/2218563,雪隧傍晚解除壅塞 高公局：今晚8點後還有一波車流,,
https://news.ltn.com.tw/news/life/breakingnews/2216900,國慶連假第2天   蘇澳、台東地區車多,,
https://news.ltn.com.tw/news/life/breakingnews/2216777,連假第2天 蘇花部分路段小塞、蘇澳市區車流順,,
https://news.ltn.com.tw/news/life/breakingnews/2216652,連假第二天 國5南下一早壅塞 6國道路段也易塞,,
https://news.ltn.com.tw/news/life/paper/1141727,國慶連假首日 國五、蘇花塞爆,,
https://news.ltn.com.tw/news/local/paper/1141672,連假首日行車順 蘇花中午湧車潮,,
https://news.ltn.com.tw/news/life/breakingnews/2216104,蘇花公路入口擠爆 蘇澳市區宛如大型停車場,,
https://news.ltn.com.tw/news/local/paper/1140070,蘇花改單線道 花蓮人唱衰塞到爆,,
https://news.ltn.com.tw/news/local/paper/1140067,大南澳陸橋通車 免卡南澳平交道,,
https://news.ltn.com.tw/news/local/paper/1140068,回家要繞路 部落進出受阻抗議,,
https://news.ltn.com.tw/news/society/breakingnews/2210449,砂石車逆向超車網友卻酸前車 3秒影片PO出全被打臉,,
https://news.ltn.com.tw/news/life/breakingnews/2210441,大南澳陸橋今通車 禁行機車、重機 最高可罰1800,,
https://news.ltn.com.tw/news/life/breakingnews/2210313,蘇花改只單線道、禁行機車    花蓮人罵翻,,
https://news.ltn.com.tw/news/life/breakingnews/2210180,南澳立體平交道下午通車   暫先開放汽車通行,,
https://news.ltn.com.tw/news/local/paper/1139251,輪胎行老闆 廢輪胎亂丟清水斷崖,,
https://news.ltn.com.tw/news/life/breakingnews/2207427,惡劣！清水斷崖美景 竟遭人丟棄400條廢輪胎,,
https://news.ltn.com.tw/news/life/breakingnews/2207230,蘇花改「蘇澳東澳段」農曆春節前通車 行車時間節省20分鐘,,
https://news.ltn.com.tw/news/life/paper/1139015,蘇花改鼓音橋順利推進 預計年底前完成,,
https://news.ltn.com.tw/news/life/breakingnews/2206140,漢本遺址考古完成 蘇花改可望108年底完工,,
https://news.ltn.com.tw/news/life/breakingnews/2206028,僅次12.9K雪隧！蘇花改鼓音橋串聯兩隧道長12.6K,,
https://news.ltn.com.tw/news/society/breakingnews/2198693,蘇花公路東澳段貨車翻覆、米糠散落 雙向單線通行,,
https://news.ltn.com.tw/news/society/breakingnews/2198655,蘇花公路東澳段大貨車翻覆 雙向僅剩單線通行,,
https://art.ltn.com.tw/article/paper/1136081,【家庭親子】〈徵文大拼盤〉夫妻同心協力 更恩愛,,
https://news.ltn.com.tw/news/life/breakingnews/2192440,網友私訊問蘇花會不會封路 小編神回這句引熱議！,,
https://news.ltn.com.tw/news/life/breakingnews/2187996,蘇花改蘇澳東澳段 預計明年春節前通車,,
https://news.ltn.com.tw/news/life/breakingnews/2186822,全台觀光旅館1到7月營收下滑 平均房價3775元,,
https://playing.ltn.com.tw/article/6830,划SUP立槳全台生態探索2：宜蘭蘇澳內埤海灣,,
https://news.ltn.com.tw/news/local/paper/1133039,《連2起死亡車禍》蘇花和平段 增設警示設施,,
https://news.ltn.com.tw/news/local/paper/1132717,蘇花147K處坍方 單線雙向通車,,
https://news.ltn.com.tw/news/society/breakingnews/2183144,吊車爆胎自撞山壁 蘇花公路121.2k管制通行,,
https://news.ltn.com.tw/news/life/breakingnews/2183075,蘇花公路147.1K路基崩坍 採單線雙向通行,,
https://news.ltn.com.tw/news/local/paper/1132208,放下對立 獨木舟業者、漁民達7協議,,
https://news.ltn.com.tw/news/life/breakingnews/2181996,蘇花公路142.1公里處坍方 單線雙向通行,,
https://news.ltn.com.tw/news/life/breakingnews/2181613,花蓮獨木舟業者與定置漁場大和解 暫定達成7大協議,,
https://news.ltn.com.tw/news/society/breakingnews/2177765,毒販黑吃黑打死人重判 有掩埋屍體即不構成「遺棄屍體罪」 ,,
https://news.ltn.com.tw/news/local/paper/1129839,「太魯閣」進花蓮站 210米牆搶先看,,
https://news.ltn.com.tw/news/life/breakingnews/2173188,「走進太魯閣」  花蓮火車站地下道打造主題館,,
https://news.ltn.com.tw/news/society/breakingnews/2171473,蘇花公路天雨路滑  子載母撞路燈1人送醫不治,,
https://art.ltn.com.tw/article/paper/1128530,【家庭親子】〈徵文大拼盤〉農曆7月 化為喜悅,,
https://news.ltn.com.tw/news/local/paper/1126440,蘇花改仁水隧道 明年8月底貫通,,
https://news.ltn.com.tw/news/life/breakingnews/2160096,蘇花改仁水隧道只差1公里 明年8月底可望貫通,,
https://news.ltn.com.tw/news/life/breakingnews/2156309,只有這次機會 蘇花改馬拉松再釋出2000名額,,
https://news.ltn.com.tw/news/society/breakingnews/2151651,颱風離境蘇花公路解禁 逼出一群毒蟲遭圍捕,,
https://news.ltn.com.tw/news/society/breakingnews/2150726,南方澳漁船失火  火勢已撲滅,,
https://news.ltn.com.tw/news/society/breakingnews/2148018,轎車墜50米蘇花公路深谷 消防奮力將人拉起,,
https://news.ltn.com.tw/news/society/breakingnews/2147961,小客車蘇花公路墜崖 消防局搶救受傷駕駛,,
https://news.ltn.com.tw/news/life/breakingnews/2147667,尼莎離台   蘇花公路今午12點通車,,
https://news.ltn.com.tw/news/life/breakingnews/2147635,蘇花、中橫陸續恢復通車 花蓮對外交通正常,,
https://news.ltn.com.tw/news/life/breakingnews/2147528,因尼莎颱風影響 全台省道仍有8處斷路持續封閉,,
https://news.ltn.com.tw/news/local/paper/1122967,蘇花、中橫封路 農產運費有補助,,
https://news.ltn.com.tw/news/focus/paper/1122921,蘇澳出現16級強風 路樹、電桿倒塌 3人受傷,,
https://news.ltn.com.tw/news/life/paper/1122877,強風首封路 2貨車硬闖國五平原段翻車,,
https://news.ltn.com.tw/news/life/breakingnews/2144990,尼莎颱風撲台 交通、活動異動一覽（不斷更新）,,
https://news.ltn.com.tw/news/life/breakingnews/2147238,尼莎登陸蘇澳 宜蘭下午狂風驟雨、逾5000戶停電,,
https://news.ltn.com.tw/news/life/breakingnews/2147131,尼莎侵台 公路總局發布最新路況,,
https://news.ltn.com.tw/news/society/breakingnews/2147071,趕蘇花封路前北上 花蓮台9線車禍1死5傷,,
https://news.ltn.com.tw/news/life/breakingnews/2146828,中橫、蘇花全面封閉 花蓮再成「孤島」,,
https://news.ltn.com.tw/news/politics/breakingnews/2146817,視察中央災害應變中心 蔡英文：原民部落要特別注意,,
https://news.ltn.com.tw/news/life/breakingnews/2146687,尼莎颱風來襲 台9線蘇花公路等8條實施預警性封路,,
https://news.ltn.com.tw/news/life/breakingnews/2146596,尼莎來襲 蘇花公路蘇澳至崇德段下午3點封閉,,
https://news.ltn.com.tw/news/life/breakingnews/2143583,單騎千里環島 育幼院童自立圓夢,,
https://art.ltn.com.tw/article/paper/1121929,【自由副刊】徐惠隆／東澳漁港粉鳥飛,,
https://news.ltn.com.tw/news/local/paper/1120860,台九線大清水崇德段 增2座明隧道,,
https://news.ltn.com.tw/news/politics/breakingnews/2130284,前瞻計畫 環團呼籲加速花東軌道建設,,
https://news.ltn.com.tw/news/society/breakingnews/2128141,職業軍人命喪蘇花公路 友人：父子都為國家效力,,
https://news.ltn.com.tw/news/life/breakingnews/2124509,蘇花122.9K10日起3天施工交管 每整點放行10分鐘,,
https://news.ltn.com.tw/news/society/breakingnews/2119275,只為貓尿潑妻強鹼 士官長被收押,,
https://news.ltn.com.tw/news/life/breakingnews/2119253,貨車礦泉水散落路面   蘇花115.8K交通受阻,,
https://news.ltn.com.tw/news/society/paper/1115662,不滿貓尿在衣服上 士官長強鹼潑妻毀容,,
https://news.ltn.com.tw/news/society/breakingnews/2118741,潑妻強鹼士官長 親情攻勢軟化就逮,,
https://news.ltn.com.tw/news/life/breakingnews/2116829,3隻搜救犬退休寄養簽約 今歡喜搬新家,,
https://news.ltn.com.tw/news/local/paper/1114993,〈安全回家的路〉蘇花改全新路廊 明年初通車,,
https://news.ltn.com.tw/news/local/paper/1114994,東澳到南澳未納入 鄉長︰出門像賭命,,
https://news.ltn.com.tw/news/local/paper/1114683,花蓮暑假訂房率少4成 削價戰上場,,
https://news.ltn.com.tw/news/life/breakingnews/2112980,台灣國際熱氣球嘉年華來了！6/30晚間台東升空,,
https://news.ltn.com.tw/news/focus/paper/1113776,房價砍到見骨 飯店業嘆回不去,,
https://news.ltn.com.tw/news/society/paper/1113281,無良老闆逼死人？ 3男砸30車報仇,,
https://news.ltn.com.tw/news/society/breakingnews/2109375,面具人砸30輛車洩憤 供稱替自殺友人出氣,,
https://news.ltn.com.tw/news/life/breakingnews/2107506,蘇花公路通了！ 下午4點恢復雙向正常通行,,
https://news.ltn.com.tw/news/life/paper/1112347,蘇澳到東澳 今解除交管,,
https://news.ltn.com.tw/news/life/breakingnews/2106034,交通管制25天 蘇花公路預計明下午4點正常通行,,
https://news.ltn.com.tw/news/life/breakingnews/2106016,蘇花公路112.6K搶修完成 預計明下午4點解除管制,,
https://news.ltn.com.tw/news/local/paper/1112172,貨櫃藍色公路 花蓮港暑假推出,,
https://news.ltn.com.tw/news/society/breakingnews/2102303,蘇花曳引車酒駕翻覆  啟動單線雙向管制,,
https://news.ltn.com.tw/news/life/breakingnews/2098456,蘇花112.6K災害路段 6/14起上午5點半提前放行,,
https://news.ltn.com.tw/news/life/breakingnews/2096743,齊柏林等3人遺體 明早C-130專機運回台北,,
https://news.ltn.com.tw/news/life/breakingnews/2094451,蘇花112.6K災害路段假日白天不管制 下午延至6點半,,
https://news.ltn.com.tw/news/life/breakingnews/2093445,蘇花公路112.6公里災害路段 下午開放時段延長半小時,,
https://news.ltn.com.tw/news/life/paper/1108250,蘇花公路搶修 週末假日白天放行,,
https://news.ltn.com.tw/news/local/paper/1108292,蘇花改長隧道 首見複合型點排式通風系統,,
https://news.ltn.com.tw/news/life/breakingnews/2090220,蘇花本周起假日白天全線放行 不實施封路管制,,
https://news.ltn.com.tw/news/politics/breakingnews/2090086,吳敦義花蓮謝票 表態盼失聯黨員回娘家,,
https://news.ltn.com.tw/news/local/paper/1108024,蘇花車流量尖峰 全年僅25天,,
https://news.ltn.com.tw/news/local/paper/1108027,泡水無法採收 菜價漲3成,,
https://news.ltn.com.tw/news/local/paper/1108025,為花蓮找出路 城市規劃跨界對談,,
https://news.ltn.com.tw/news/life/breakingnews/2089276,蘇花如何改？ 跨界探討永續發展可行性,,
https://news.ltn.com.tw/news/local/paper/1107780,蘇花坍7天後現身 賀：分層負責,,
https://news.ltn.com.tw/news/local/paper/1107779,蘇花改沿線 賀陳旦：會持續改善,,
https://news.ltn.com.tw/news/life/paper/1107662,暴雨淹軌 台鐵一度雙線中斷,,
https://news.ltn.com.tw/news/local/paper/1107826,國道六號、花東快速路 台東議員爭列前瞻,,
https://news.ltn.com.tw/news/life/breakingnews/2088165,視察蘇花公路  賀陳旦：沿線持續改善中,,
https://news.ltn.com.tw/news/politics/breakingnews/2087943,傅崐萁酸層級不夠 綠搬出政績看花蓮改變,,
https://news.ltn.com.tw/news/life/breakingnews/2087796,花東快速道路 台東縣副議長爭取列入前瞻,,
https://news.ltn.com.tw/news/life/breakingnews/2087767,路斷挨批「失蹤 」  賀陳旦今到蘇花公路勘災,,
https://news.ltn.com.tw/news/life/breakingnews/2087670,因應蘇花中斷 台鐵加開普悠瑪往返樹林、花蓮,,
https://news.ltn.com.tw/news/politics/paper/1107441,吳敦義：洪秀柱按黨章辦事 就絕對尊重,,
https://news.ltn.com.tw/news/politics/breakingnews/2087131,傅崐萁登報問總統 府：口水對災情沒幫助,,
https://news.ltn.com.tw/news/politics/breakingnews/2087099,花縣府LINE替傅崐萁拉民調票 縣府人員自請記大過,,
https://news.ltn.com.tw/news/life/breakingnews/2087126,高公局：國5北上本週日暫停實施高乘載管制,,
https://estate.ltn.com.tw/article/3163,台開邱復生：應發展陸海空運輸 建設花蓮交通,,
https://news.ltn.com.tw/news/life/breakingnews/2086759,蘇花路斷點在舊礦區？環團籲政府修改礦業法,,
https://news.ltn.com.tw/news/life/breakingnews/2086743,擔心蘇花再斷家長受困  花蓮慈濟大學畢業典禮首開直播,,
https://news.ltn.com.tw/news/life/breakingnews/2086513,水淹軌道  台北往返基隆、宜花東鐵路暫時中斷,,
https://news.ltn.com.tw/news/politics/breakingnews/2086411,扯！坍方期間 花蓮縣政府line民眾支持傅崐萁北市長民調,,
https://news.ltn.com.tw/news/life/breakingnews/2086320,蘇花公路112.6K增闢為雙線道 加速車輛通行,,
https://news.ltn.com.tw/news/life/breakingnews/2086174,06/02 各報重點新聞一覽,,
https://news.ltn.com.tw/news/focus/paper/1107144,改善蘇花 政院年底提方案,,
https://news.ltn.com.tw/news/focus/paper/1107142,爬山壁搶修蘇花 5蜘蛛人57樓高賣命,,
https://news.ltn.com.tw/news/focus/paper/1107145,汽車上火車 單趟載4輛往返宜花,,
https://news.ltn.com.tw/news/focus/paper/1107143,蘇花上午延長通行1小時,,
https://talk.ltn.com.tw/article/paper/1107291,自由廣場》東部不能老是靠運氣,,
https://news.ltn.com.tw/news/local/paper/1107246,落石扯上蘇花改二期 吳澤成：失焦,,
https://news.ltn.com.tw/news/local/paper/1107245,花蓮對外交通 行政院東辦：評估新計劃,,
https://news.ltn.com.tw/news/politics/breakingnews/2086073,綠爆料傅崐萁在蘇花路斷時 傳參選北市長LINE訊息,,
https://news.ltn.com.tw/news/life/breakingnews/2086074,獨家》5蜘蛛人攀170米山壁 搶修蘇花無名英雄,,
https://news.ltn.com.tw/news/politics/breakingnews/2085749,回擊傅崐萁  蔡英文臉書po文：改善東部交通不靠口水,,
https://news.ltn.com.tw/news/life/breakingnews/2085735,花蓮要求蘇花改二期工程 吳澤成：有點失焦,,
https://news.ltn.com.tw/news/politics/breakingnews/2085687,蘇花坍方挨批 蔡英文：應放下黨派成見支持前瞻,,
https://talk.ltn.com.tw/article/breakingnews/2085496,自由開講》後山皇帝搶台北皇帝 市民買帳嗎？,,
https://news.ltn.com.tw/news/life/breakingnews/2085369,蘇花斷4天 網友激烈論戰,,
https://news.ltn.com.tw/news/politics/breakingnews/2085353,回應批評 林全指示：蘇花公路年底前提改善方案,,
https://news.ltn.com.tw/news/life/breakingnews/2085317,壽豐西瓜翻山越嶺16小時 板橋甜美見客,,
https://news.ltn.com.tw/news/life/breakingnews/2085241,蘇花明天起上午開放6-9點  6/4白天不管制,,
https://news.ltn.com.tw/news/life/breakingnews/2085119,蘇花斷 他反串貼文引公憤,,
https://news.ltn.com.tw/news/life/breakingnews/2084991,06/01 各報重點新聞一覽,,
https://news.ltn.com.tw/news/life/paper/1106875,蘇花改沒二期 交長籲別混淆,,
https://news.ltn.com.tw/news/life/paper/1106876,蘇花單線搶通 兩小時通過1475車,,
https://news.ltn.com.tw/news/life/paper/1106874,政院反擊傅崐萁 別把天災無限上綱,,
https://talk.ltn.com.tw/article/paper/1107001,自由廣場》炒完股票炒新聞？,,
https://news.ltn.com.tw/news/life/paper/1106877,海運2天6航次 紓解千人560車,,
https://news.ltn.com.tw/news/local/paper/1106951,蘇花斷4天 5個鄉鎮無法輸運 垃圾累積400噸,,
https://news.ltn.com.tw/news/life/breakingnews/2084901,連假爆車潮！ 恆春觀光鐵道納前瞻 地方促加速動工,,
https://news.ltn.com.tw/news/life/breakingnews/2084893,蘇花112.6K搶通放行2小時 1475輛車通過,,
https://news.ltn.com.tw/news/politics/breakingnews/2084639,傅崐萁批蘇花改二期 綠正妹發言人：他是記憶不清楚嗎？,,
https://news.ltn.com.tw/news/society/breakingnews/2084596,蘇花公路剛放行 就傳逆向車禍引發塞車…,,
https://news.ltn.com.tw/news/life/breakingnews/2084495,蘇花公路下午4點放行 北上車輛大排長龍,,
https://news.ltn.com.tw/news/politics/breakingnews/2084443,蘇花斷遭轟不給路走  賀陳旦：惡性指責別人要負法律責任,,
https://news.ltn.com.tw/news/politics/breakingnews/2084368,賀陳旦：「蘇花改二期」不要流於喊話,,
https://news.ltn.com.tw/news/politics/breakingnews/2084304,急難時你做了什麼？  傅崐萁挨批「只會跑台北」,,
https://news.ltn.com.tw/news/life/breakingnews/2084292,今年端午國道較順暢？ 高公局公布北高及國5行車時間,,
https://news.ltn.com.tw/news/life/breakingnews/2084244,蘇花中斷掀戰火 蕭美琴：做個解決問題的人,,
https://news.ltn.com.tw/news/life/breakingnews/2084236,蘇花中斷 麗娜輪2天成功疏運1587人、526輛車,,
https://news.ltn.com.tw/news/life/breakingnews/2084235,蘇花路斷 輪船救援6航班 兩天共疏運1701人,,
https://news.ltn.com.tw/news/politics/breakingnews/2084090,蘇花公路坍方被罵 政院反擊：勿把天災無限上綱,,
https://news.ltn.com.tw/news/politics/breakingnews/2084100,蘇花公路又斷腸 藍委點名「神隱部長」下台,,
https://news.ltn.com.tw/news/politics/breakingnews/2084006,蘇花重創 綠營籲傅崐萁勿噴政治口水,,
https://news.ltn.com.tw/news/life/breakingnews/2083973,蘇花搶修 下午4點到6點開放單線雙向,,
https://news.ltn.com.tw/news/life/breakingnews/2083964,藍色公救援蘇花公 麗娜輪再加開船班助疏運,,
https://news.ltn.com.tw/news/life/breakingnews/2083879,麗娜輪海運紓解 一句「愛台灣」讓網友感動,,
https://news.ltn.com.tw/news/life/breakingnews/2083850,麗娜輪疏運旅客 網友：它有支援軍事作戰能量,,
https://news.ltn.com.tw/news/life/breakingnews/2083825,05/31 各報重點新聞一覽,,
https://sports.ltn.com.tw/news/paper/1106594,蘇花交管 中職花蓮賽事「頭大」,,
https://news.ltn.com.tw/news/focus/paper/1106661,黨政人士：新政府很重視東部交通,,
https://news.ltn.com.tw/news/focus/paper/1106660,蘇花改要二期? 交部：事故路段年底改善,,
https://ec.ltn.com.tw/article/paper/1106616,智慧機器人 下棋不忘倒咖啡,,
https://news.ltn.com.tw/news/focus/paper/1106650,蘇花要修5個月 今開放2小時,,
https://news.ltn.com.tw/news/focus/paper/1106662,花東農產繞道北上 新增運費全額補貼,,
https://news.ltn.com.tw/news/local/paper/1106744,蘇花塞車潮舒緩 南迴收假順暢,,
https://news.ltn.com.tw/news/focus/paper/1106663,北高行車不到5小時 國五少5萬輛,,
https://news.ltn.com.tw/news/focus/breakingnews/2083786,"《TAIPEI TIMES 焦點》Suhua Highway to reopen, with limits",,
https://news.ltn.com.tw/news/life/breakingnews/2083816,疏運花蓮受困旅客 合富快輪凌晨安抵基隆港,,
https://news.ltn.com.tw/news/life/breakingnews/2083728,擔心潮差無法停靠蘇澳港 合富快輪改航基隆港,,
https://news.ltn.com.tw/news/life/breakingnews/2083722,蘇花公路斷 藍色公路今輸運1151人342車,,
https://news.ltn.com.tw/news/life/breakingnews/2083534,端午連假收假日  清境天空步道人潮減,,
https://news.ltn.com.tw/news/life/breakingnews/2083517,跳板高度難銜接 合富輪疏運時間大delay,,
https://news.ltn.com.tw/news/life/breakingnews/2083506,蘇花崩塌斷上班路  勞動部：若為必經之路 雇主不得懲處,,
https://news.ltn.com.tw/news/politics/breakingnews/2083493,駁傅崐萁  黨政人士：蔡是歷年來最重視東部交通的政府,,
https://news.ltn.com.tw/news/life/breakingnews/2083484,蘇花中斷走南迴  網友：史上最多人同步環島,,
https://news.ltn.com.tw/news/politics/breakingnews/2083474,傅崐萁批中央未關心花蓮  黨政人士:傅忙到北市跑攤,,
https://news.ltn.com.tw/news/life/breakingnews/2083490,端午連假最終日 南迴公路車流順暢,,
https://news.ltn.com.tw/news/life/breakingnews/2083482,蘇花坍方搭麗娜輪 環島民眾直呼不可思議,,
https://news.ltn.com.tw/news/life/breakingnews/2083419,傅崐萁質問何時做蘇花改2期  交通部：從未有2期計畫,,
https://news.ltn.com.tw/news/life/breakingnews/2083429,花蓮海運接駁爆量 明中午再加開1班麗娜輪,,
https://news.ltn.com.tw/news/life/breakingnews/2083301,蘇花坍方趕不及上班怎麼辦？勞動部：個案認定,,
https://news.ltn.com.tw/news/life/breakingnews/2083332,大學校長受困蘇花 痛批政府「東部交通政策交白卷」,,
https://news.ltn.com.tw/news/life/breakingnews/2083288,蘇花明16-18時暫通 6/1起每天開放3時段,,
https://news.ltn.com.tw/news/life/breakingnews/2083291,中橫車潮昨晚增多 居民：未塞車但擾人清夢,,
https://news.ltn.com.tw/news/life/breakingnews/2083275,國5今下午北上高乘載 持船票車輛可不受管制,,
https://news.ltn.com.tw/news/life/breakingnews/2083266,蘇花公路明天暫時開通 下午4點開放2小時,,
https://news.ltn.com.tw/news/life/breakingnews/2083250,花蓮港海運接駁爆滿 18:00加開1班,,
https://news.ltn.com.tw/news/life/breakingnews/2083217,蘇花頻斷 傅崐萁怒：總統與交通部長都沒出面,,
https://news.ltn.com.tw/news/life/breakingnews/2083082,蘇花坍方 公路總局搶修往海側改線工程,,
https://news.ltn.com.tw/news/life/breakingnews/2083047,蘇花斷海運紓解旅客 北返車輛排隊等候,,
https://news.ltn.com.tw/news/life/breakingnews/2082978,05/30 各報重點新聞一覽,,
https://news.ltn.com.tw/news/life/paper/1106376,端節不平靜 連假國道事故每日約百起,,
https://news.ltn.com.tw/news/focus/paper/1106396,蘇花路斷 車湧中橫南迴像逃難,,
https://news.ltn.com.tw/news/life/breakingnews/2082969,不讓花蓮坐困愁城 啟動海運救援,,
https://news.ltn.com.tw/news/life/breakingnews/2082961,蘇花中斷備援啟動 麗娜輪、合富快輪將抵花蓮疏運,,
https://news.ltn.com.tw/news/life/breakingnews/2082920,蘇花公路封閉 台鐵明再加開4班次宜花區間車,,
https://news.ltn.com.tw/news/life/breakingnews/2082882,墾丁北上車潮不斷  楓港至枋寮車仍多,,
https://news.ltn.com.tw/news/life/breakingnews/2082791,蘇花公路坍方 台鐵晚間再加開宜花區間快車,,
https://news.ltn.com.tw/news/life/breakingnews/2082781,蘇花公路不通 台鐵晚間再加開兩列班次疏運旅客,,
https://news.ltn.com.tw/news/life/breakingnews/2082656,蘇花公路不通  公路總局公布3條替代路線,,
https://news.ltn.com.tw/news/life/breakingnews/2082640,蘇花公路中斷 南迴公路湧車潮,,
https://news.ltn.com.tw/news/life/breakingnews/2082613,蘇花公路落石不斷 不排除延後搶通時間,,
https://news.ltn.com.tw/news/life/breakingnews/2082515,蘇花公路坍方 空拍照：如一刀兩斷切開,,
https://news.ltn.com.tw/news/life/breakingnews/2082483,蘇花公路落石不斷 今天確定不開通,,
https://news.ltn.com.tw/news/life/breakingnews/2082463,蘇花公路坍方 台鐵加開2列區間車疏運,,
https://news.ltn.com.tw/news/life/breakingnews/2082423,回家路好難！蘇花路不通 改走中橫公路仍有風險,,
https://news.ltn.com.tw/news/life/breakingnews/2082371,蘇花封路、花蓮成孤島   北返駕駛苦笑：環島中...,,
https://news.ltn.com.tw/news/life/breakingnews/2082339,蘇花公路中斷 花蓮回北部建議走南迴,,
https://news.ltn.com.tw/news/life/breakingnews/2082232,蘇花公路持續落石 延至下午3點搶通,,
https://news.ltn.com.tw/news/life/paper/1106114,明又轉雨 恐影響收假交通,,
https://news.ltn.com.tw/news/life/breakingnews/2082009,蘇花落石坍方 宜花雙向封閉 預計明早9點搶通,,
https://news.ltn.com.tw/news/local/paper/1105993,連假首日 蘇花公路湧入上萬車潮,,
https://news.ltn.com.tw/news/life/paper/1105882,連假首日 國道8起事故更塞,,
https://news.ltn.com.tw/news/life/breakingnews/2081258,端午連假首日 國5南下、蘇澳市區白天塞爆,,
https://news.ltn.com.tw/news/life/breakingnews/2080952,端午連假首日 蘇花公路湧現車潮,,
https://auto.ltn.com.tw/news/7694,明明有了日行燈，為何山路還是規定開頭燈？,,
https://news.ltn.com.tw/news/society/breakingnews/2069803,蘇花新澳隧道貨車翻覆 駕駛受困、單線通行,,
https://news.ltn.com.tw/news/society/breakingnews/2069030,蘇花公路墜崖男子被打撈上岸 家屬指認確認身分,,
https://news.ltn.com.tw/news/society/paper/1102628,開380萬賓士 男墜蘇花懸崖亡,,
https://news.ltn.com.tw/news/society/breakingnews/2068172,開賓士跑車到蘇花公路   駕駛不見疑跳崖,,
https://news.ltn.com.tw/news/life/paper/1100215,國5接蘇花改 高公局：恐有安全性問題,,
https://news.ltn.com.tw/news/life/breakingnews/2058955,國5直接銜接蘇花改  高公局：可能有安全性問題,,
https://news.ltn.com.tw/news/life/breakingnews/2058563,05/06 各報重點新聞一覽,,
https://news.ltn.com.tw/news/focus/paper/1099949,不要再塞車了 蘇澳人卑微的請求,,
https://news.ltn.com.tw/news/focus/paper/1099948,蘇花改小檔案,,
https://news.ltn.com.tw/news/focus/paper/1100001,蘇花改未接國5 蘇澳恐塞爆// 宜代縣長 轟交部沒整合,,
https://news.ltn.com.tw/news/focus/paper/1099950,蘇花改大家談,,
https://news.ltn.com.tw/news/local/paper/1098690,環台訪54廟 150尊國姓爺齊聚花蓮,,
https://news.ltn.com.tw/news/society/breakingnews/2045850,花蓮砂石車擦撞遊覽車 37日客受驚嚇幸無礙,,
https://news.ltn.com.tw/news/local/paper/1095170,蘇花、中橫飆重機 去年迄今21事故17死傷,,
https://news.ltn.com.tw/news/society/breakingnews/2038757,重機飆速蘇花、中橫 去年迄今釀17死傷,,
https://news.ltn.com.tw/news/society/breakingnews/2038144,蘇花公路111公里處 救護車與曳引車對撞,,
https://news.ltn.com.tw/news/society/breakingnews/2034029,蘇花公路落石砸中轎車 車內2人逃過一劫,,
https://news.ltn.com.tw/news/local/paper/1093287,花蓮193縣道拓寬8度退回 環委：浪費時間,,
https://news.ltn.com.tw/news/society/breakingnews/2032016,蘇花公路工人從15公尺高處摔落 送醫急救中,,
https://news.ltn.com.tw/news/life/breakingnews/2031644,193縣道拓寬八度退件   環委：浪費大家時間,,
https://news.ltn.com.tw/news/society/breakingnews/2029840,騎蘇花自撞隧道護欄 哈雷騎士身亡,,
https://news.ltn.com.tw/news/local/paper/1091975,清明蘇花塞爆／蘇花改二期 花縣長籲速落實,,
https://news.ltn.com.tw/news/local/paper/1091974,蘇花改通車交通瓶頸 交長：專案處理,,
https://news.ltn.com.tw/news/politics/breakingnews/2027037,傅崐萁批來不及準備前瞻計畫 東服許傳盛這樣回,,
https://news.ltn.com.tw/news/life/breakingnews/2026895,蘇花改交通瓶頸 交部、宜縣府成立專案小組改善,,
https://news.ltn.com.tw/news/local/paper/1091736,南澳平交道回堵 改善工程10月完工,,
https://news.ltn.com.tw/news/local/paper/1091738,連假蘇澳大塞車 東服關心蘇花改,,
https://news.ltn.com.tw/news/life/paper/1091170,英勇駕駛遺孀 薑母茶磚撐家計,,
https://news.ltn.com.tw/news/life/breakingnews/2024504,擦乾淚水的薑母茶 追憶丈夫捨己救人,,
https://news.ltn.com.tw/news/life/breakingnews/2022643,清明連假掃墓、出遊 車潮尖峰在前2日,,
https://news.ltn.com.tw/news/local/paper/1090552,衝浪板禁上火車捷運 玩家不平,,
https://news.ltn.com.tw/news/society/breakingnews/2015924,蘇花公路遊覽車與混凝土車對撞 僅小客車通行,,
https://news.ltn.com.tw/news/society/breakingnews/2015888,蘇花公路車禍 111公里處交通中斷,,
https://news.ltn.com.tw/news/local/paper/1088557,前瞻提案花東鐵路全面雙軌 改善交通,,
https://news.ltn.com.tw/news/local/paper/1088270,電費有著落 太魯閣大橋年中放光,,
https://news.ltn.com.tw/news/life/breakingnews/2013109,太魯閣大橋夜間光雕有譜 躍升花蓮浪漫新景點,,
https://talk.ltn.com.tw/article/paper/1088024,自由廣場》許我們一條幸福安全環島腳踏車道,,
https://news.ltn.com.tw/news/society/breakingnews/1997533,小客車疑未注意車況  撞傷蘇花公路管制人員,,
https://news.ltn.com.tw/news/society/breakingnews/1996441,機車自撞護欄   蘇花崇德段1死1傷,,
https://news.ltn.com.tw/news/politics/breakingnews/1993511,用腳愛台灣！賴坤成、蕭美琴安通古道大會師,,
https://news.ltn.com.tw/news/local/paper/1082168,《追思228》追求正義 吳澤成：不能只做一半,,
https://news.ltn.com.tw/news/politics/breakingnews/1988619,宜縣用「一半」追思228 盼找回全部的正義,,
https://news.ltn.com.tw/news/life/breakingnews/1988134,228連假花蓮市區塞爆 在地人直呼「不敢出門！」,,
https://auto.ltn.com.tw/news/7217,228 連假塞爆了嗎？交通部告訴你哪裡車最多,,
https://news.ltn.com.tw/news/life/breakingnews/1986887,大貨車過彎打滑自撞 蘇花公路交通暫中斷,,
https://news.ltn.com.tw/news/local/paper/1080343,宜花6立委 新會期緊盯在地建設,,
https://news.ltn.com.tw/news/life/breakingnews/1979744,大客車事故10年360件 共計427人死亡,,
https://news.ltn.com.tw/news/life/breakingnews/1979637,遊覽車事故失言惹議 李奇嶽：好心幫忙變豬頭,,
https://news.ltn.com.tw/news/society/breakingnews/1979082,身障小黃司機被搭霸王車 員警、民眾集資送暖,,
https://news.ltn.com.tw/news/society/paper/1078867,司機姊控訴︰弟生病 蝶戀花拒准假,,
https://news.ltn.com.tw/news/society/breakingnews/1977445,失言惹議遭網友起底  李奇嶽認「不用牽拖」,,
https://news.ltn.com.tw/news/life/paper/1077987,難忘的寒假作業…這對姊妹單車環島成功,,
https://news.ltn.com.tw/news/life/breakingnews/1974123,賞櫻團翻車 30年來最嚴重公路事故,,
https://news.ltn.com.tw/news/society/breakingnews/1974067,遊覽車國道翻覆32死 歷年遊覽車重大事故回顧,,
https://news.ltn.com.tw/news/life/breakingnews/1973700,防堵禽流感疫情 宜縣設檢疫站監控,,
https://news.ltn.com.tw/news/life/breakingnews/1973506,雙胞胎早產姊妹騎車環島 完成難忘的寒假作業,,
https://news.ltn.com.tw/news/life/breakingnews/1970320,02/10 各報重點新聞一覽,,
https://news.ltn.com.tw/news/life/paper/1076949,H5N6首例疑指鴨為鵝 防檢局挨轟,,
https://news.ltn.com.tw/news/life/breakingnews/1969847,禽流感防疫 林聰賢串連宜花東區域聯防,,
https://art.ltn.com.tw/article/paper/1076771,【旅遊】〈實現我的旅遊夢〉山水盟─紐西蘭蜜月行,,
https://playing.ltn.com.tw/article/6615,〈實現我的旅遊夢〉山水盟─紐西蘭蜜月行,,
https://news.ltn.com.tw/news/local/paper/1075216,春節僅6天 花蓮人︰比較不塞車,,
https://news.ltn.com.tw/news/society/breakingnews/1962570,蘇花公路落石交通中斷 預計上午9點前搶通,,
https://news.ltn.com.tw/news/society/breakingnews/1962055,蘇花南下114k砂石車翻覆 駕駛受傷送醫,,
https://news.ltn.com.tw/news/life/paper/1074840,北返車潮湧 國五塞爆、國一高雄飆速,,
https://news.ltn.com.tw/news/life/breakingnews/1961799,初四下午 省道多處路段車多壅塞,,
https://news.ltn.com.tw/news/life/breakingnews/1961768,初四蘇花公路北上沒塞！車速維持30～40公里,,
https://news.ltn.com.tw/news/life/breakingnews/1961655,初四開工前 上午已有部分省道現車潮,,
https://news.ltn.com.tw/news/life/breakingnews/1960365,省道僅部分路段車流較多 上午大致順暢,,
https://news.ltn.com.tw/news/focus/paper/1074426,趕回家團圓…國道清晨就塞,,
https://news.ltn.com.tw/news/life/breakingnews/1959988,春節返鄉 金門航線加開軍機 公路車流順暢,,
https://news.ltn.com.tw/news/society/paper/1074191,盜一銀8327萬 3車手輕判5年,,
https://news.ltn.com.tw/news/society/breakingnews/1955266,轎車越線撞貨車    蘇花4車擦撞3傷,,
https://news.ltn.com.tw/news/local/paper/1072433,蘇花改蘇澳到東澳段 年底前完工,,
https://news.ltn.com.tw/news/life/breakingnews/1951817,蘇花改工程處：蘇花改全線108年通車,,
https://news.ltn.com.tw/news/life/breakingnews/1949405,箕山橋N形路口險象環生 改善工程預計5月完工,,
https://news.ltn.com.tw/news/local/paper/1070822,蘇花改未銜接國5 宜縣憂蘇澳塞爆,,
https://news.ltn.com.tw/news/life/breakingnews/1945131,蘇花改、國5不連貫 宜縣憂車流匯蘇澳成停車場,,
https://news.ltn.com.tw/news/local/paper/1069968,漢本段去年11起落石 列蘇花最危險路段,,
https://news.ltn.com.tw/news/life/breakingnews/1941806,華信接手興航虧千萬   北花航線恐有「斷線」危機,,
https://news.ltn.com.tw/news/society/breakingnews/1941517,蘇花公路落石砸車 駕駛驚險躲一命,,
https://news.ltn.com.tw/news/life/breakingnews/1931583,元旦假期出遊 公路總局預估58處路段車多,,
https://ent.ltn.com.tw/news/paper/1063718,八三夭宣傳服遭竊 求協尋自嘲災難系,,
https://news.ltn.com.tw/news/society/breakingnews/1922950,蘇花公路清水斷崖 驚傳釣客落海,,
https://news.ltn.com.tw/news/society/paper/1063417,通緝犯台南被逮 16小時環島解送花蓮 警抱怨：還在史前時代嗎？,,
https://news.ltn.com.tw/news/life/paper/1062026,12年颱風天不在家 公路總局課長獲傑出公務員,,
https://news.ltn.com.tw/news/local/paper/1061600,蘇花公路守護者林文雄 獲公務人員傑出貢獻獎,,
https://news.ltn.com.tw/news/life/breakingnews/1916359,蘇花公路守護者 林文雄獲公務人員傑出貢獻獎,,
https://news.ltn.com.tw/news/life/breakingnews/1913773,蘇花公路落石 116.6K單線雙向通車,,
https://news.ltn.com.tw/news/local/paper/1058956,砲台山風景區美 三澳三港看透透,,
https://news.ltn.com.tw/news/life/breakingnews/1908088,蘇澳砲台山歷史景點蛻變 「三澳三港」一覽無遺,,
https://news.ltn.com.tw/news/local/paper/1056652,促參案成功要件 宜縣府：嚴選廠商,,
https://news.ltn.com.tw/news/local/paper/1056077,消防宋賢治 獲頒模範公務人員,,
https://news.ltn.com.tw/news/life/breakingnews/1898652,救災救難搶第一 復興消防分隊長宋賢治獲模範公務人員,,
https://news.ltn.com.tw/news/local/paper/1055805,花蓮港 將獲生態港國際認證,,
https://ent.ltn.com.tw/news/breakingnews/1897257,惟毅揪陳澤耀、范峻銘 攔便車環島好瘋狂,,
https://news.ltn.com.tw/news/local/paper/1055118,蘇花公路一日兩意外 釀1死2傷,,
https://news.ltn.com.tw/news/life/breakingnews/1895600,蘇花公路113.2公里搶通 單線雙向通行,,
https://news.ltn.com.tw/news/society/breakingnews/1895529,蘇花公路落石砸車1人受傷 交通暫阻斷,,
https://news.ltn.com.tw/news/society/breakingnews/1895392,蘇花公路車禍 1女無生命徵象送醫,,
https://news.ltn.com.tw/news/society/breakingnews/1889273,蘇花公路117.3k車禍  已恢復雙向通行,,
https://news.ltn.com.tw/news/local/paper/1052101,路口號誌不明 機車二段左轉惹怨,,
https://news.ltn.com.tw/news/local/paper/1050537,汽車、重機蘇花對撞 騎士不治,,
https://news.ltn.com.tw/news/society/breakingnews/1881332,蘇花公路轎車與機車發生車禍 騎士送醫不治,,
https://news.ltn.com.tw/news/local/paper/1047790,蘇花東澳、漢本路段 施工交管,,
https://news.ltn.com.tw/news/life/breakingnews/1873124,蘇花東澳及漢本段施工   明起到30日交管,,
https://news.ltn.com.tw/news/society/breakingnews/1872118,落石擊頭成癱 國賠瓷器商1274萬元,,
https://talk.ltn.com.tw/article/paper/1046323,自由廣場》礦業改革試金石,,
https://news.ltn.com.tw/news/society/breakingnews/1863465,砂石車隧道內疑自撞 蘇花公路164.8K一度雙向阻斷,,
https://news.ltn.com.tw/news/life/paper/1040984,東北季風增強 北宜今明有大雨,,
https://news.ltn.com.tw/news/life/breakingnews/1852487,東北風今晚再增強 明北部、東北部降雨恐又加大,,
https://news.ltn.com.tw/news/local/paper/1040146,《觀察筆記》急流中的沉思,,
https://news.ltn.com.tw/news/life/paper/1039788,暴雨狂炸 花東「紫」爆了,,
https://news.ltn.com.tw/news/life/breakingnews/1848803,花蓮豪大雨 部分道路落石、積水封閉,,
https://news.ltn.com.tw/news/politics/breakingnews/1846397,接受《華爾街日報》專訪 蔡英文：不會屈服中國壓力,,
https://news.ltn.com.tw/news/politics/breakingnews/1846345,向中喊話！ 蔡英文：別以為用壓力可讓台灣屈服,,
https://sports.ltn.com.tw/news/breakingnews/1844802,辜仲諒與富源國小棒球隊接跑 小球員：希望以後去兄弟打球,,
https://sports.ltn.com.tw/news/breakingnews/1844888,路跑》「野球孩子」富源國小少棒熱血應援 風雨中奮力向前,,
https://news.ltn.com.tw/news/society/breakingnews/1844242,蘇花公路吊車起火 新澳隧道南下段一度單線通行,,
https://news.ltn.com.tw/news/society/breakingnews/1843753,4男女下烏岩角露營   1女不適尋求協助,,
https://news.ltn.com.tw/news/local/paper/1036722,中橫天祥至太魯閣有雨瀑 延今午通車,,
https://sports.ltn.com.tw/news/paper/1036638,Home Run Taiwan》魔鬼營操5週 週六「不斷電」開跑,,
https://news.ltn.com.tw/news/local/paper/1036721,宜蘭4.5萬戶仍沒電 農損初估1.5億,,
https://news.ltn.com.tw/news/life/breakingnews/1839845,蘇花公路下午5點搶通 恢復正常通行,,
https://news.ltn.com.tw/news/society/breakingnews/1839775,梅姬過後想發颱風財 男撿拾漂流木被查獲,,
https://news.ltn.com.tw/news/life/breakingnews/1839759,梅姬肆虐 宜蘭農損初估達上億,,
https://news.ltn.com.tw/news/life/breakingnews/1839619,梅姬遠離 12條公路封閉,,
https://news.ltn.com.tw/news/life/breakingnews/1839588,梅姬肆虐！中橫、蘇花持續封閉,,
https://news.ltn.com.tw/news/life/breakingnews/1839288,不辱「梅姬」之名！ 這次颱風讓全台有感,,
https://news.ltn.com.tw/news/local/paper/1036461,蘇澳掀10米巨浪 南澳一度全鄉停電,,
https://news.ltn.com.tw/news/life/breakingnews/1839218,中颱梅姬來襲 全台交通資訊一覽（持續更新）,,
https://news.ltn.com.tw/news/life/breakingnews/1838686,首度清晰直擊！中央山脈「摧毀」颱風眼 ,,
https://news.ltn.com.tw/news/life/breakingnews/1838319,花蓮強風 夜市帳篷倒一片,,
https://news.ltn.com.tw/news/life/breakingnews/1838087,中颱梅姬來襲 全台交通資訊一覽（持續更新）,,
https://news.ltn.com.tw/news/local/paper/1036176,防颱大作戰 南澳、大同撤離409人,,
https://news.ltn.com.tw/news/local/paper/1036183,梅姬來襲 鐵路停駛中橫封路,,
https://news.ltn.com.tw/news/life/breakingnews/1838070,颱風梅姬撲台 蘇花上午8時禁止進入,,
https://news.ltn.com.tw/news/life/breakingnews/1838067,蘇花公路8點起禁止進入 10點封路,,
https://news.ltn.com.tw/news/life/breakingnews/1837631,中颱梅姬來襲 全台交通資訊一覽（持續更新）,,
https://news.ltn.com.tw/news/life/breakingnews/1837914,梅姬來襲 台20線等14條公路將預警性封閉,,
https://news.ltn.com.tw/news/life/breakingnews/1837677,梅姬颱風來襲 宜蘭各地上緊發條整備,,
https://news.ltn.com.tw/news/local/paper/1035842,梅姬颱風又來 宜蘭鄉親人心惶惶,,
https://news.ltn.com.tw/news/life/breakingnews/1836886,胖梅姬朝台直衝 專家：全台將會「很有感」,,
https://news.ltn.com.tw/news/life/breakingnews/1836449,梅姬颱風又來 宜蘭人心惶惶,,
https://news.ltn.com.tw/news/life/paper/1035320,中秋沒玩到！ 交部憂國慶連假爆車潮,,
https://news.ltn.com.tw/news/life/breakingnews/1835153,中秋連假2颱干擾沒出遊 交部憂國慶連假爆車潮,,
https://news.ltn.com.tw/news/life/paper/1034996,梅姬颱風今形成 下週二逼近台灣,,
https://news.ltn.com.tw/news/local/paper/1033490,擠爆啦 台鐵花蓮站旅客創〈秋節單日〉紀錄,,
https://news.ltn.com.tw/news/life/breakingnews/1828404,蘇花公路7：05暫解除預警性封閉 後續可能再封,,
https://news.ltn.com.tw/news/focus/paper/1033048,一個連假兩個颱風…台鐵今中午前 停駛北迴與宜蘭線,,
https://news.ltn.com.tw/news/life/breakingnews/1828378,蘇花公路凌晨2點起禁止進入 4點封閉,,
https://news.ltn.com.tw/news/life/breakingnews/1828183,馬勒卡來襲 花蓮秀林、萬榮鄉撤村宣導,,
https://news.ltn.com.tw/news/life/breakingnews/1827719,因應颱風 公路總局：6條公路下午恐預警性封路,,
https://news.ltn.com.tw/news/local/paper/1032661,車潮未爆量》雪隧小塞 蘇花算順暢,,
https://auto.ltn.com.tw/news/6284,別再狂按喇叭！5 種汽車燈號使用習慣你知道嗎？,,
https://news.ltn.com.tw/news/life/breakingnews/1827125,雪隧下午現車潮 蘇花公路行車順暢,,
https://news.ltn.com.tw/news/local/paper/1032397,雨瀑帶泥流 蘇花一度全線封閉,,
https://news.ltn.com.tw/news/local/paper/1032404,溪水暴漲 花蓮大橋預警性封閉,,
https://news.ltn.com.tw/news/life/breakingnews/1826317,韓國大媽逛太魯閣 傘開花了淡定拍照,,
https://news.ltn.com.tw/news/life/breakingnews/1826070,蘇花公路暫開放 視風雨可能再封閉,,
https://news.ltn.com.tw/news/life/breakingnews/1825966,蘇花公路下午1時起只出不進 2時全線封閉,,
https://news.ltn.com.tw/news/life/breakingnews/1825875,蘇花公路和平至崇德段 實施預警性封路,,
https://news.ltn.com.tw/news/life/breakingnews/1825549,莫蘭蒂颱風來襲  陸海空交通影響一覽,,
https://news.ltn.com.tw/news/local/paper/1032037,防颱備戰 國軍兩棲突擊車進駐蘇澳,,
https://news.ltn.com.tw/news/life/breakingnews/1825124,防颱 AAV7兩棲突擊車、千餘名兵力宜蘭待命,,
https://auto.ltn.com.tw/news/6256,高雄拍攝機車兩段式左轉廣告，卻被網友打臉...（內有影片）,,
https://news.ltn.com.tw/news/local/paper/1031054,林揆視察花東 承諾改善交通,,
https://news.ltn.com.tw/news/politics/breakingnews/1822108,林揆視察花東交通 掀蘇花改爭議,,
https://news.ltn.com.tw/news/life/breakingnews/1820436,雨勢趨緩 蘇花公路22:30恢復通車,,
https://news.ltn.com.tw/news/life/breakingnews/1820334,蘇花公路晚間強降雨 東澳蘇澳段封閉,,
https://news.ltn.com.tw/news/life/breakingnews/1820321,蘇澳、南澳淹水二級警戒 地勢低窪及山區民眾注意,,
https://auto.ltn.com.tw/news/6214,蘇花公路的違規超車錄影舉發告示牌，果然是真的！,,
https://news.ltn.com.tw/news/local/paper/1029254,太魯閣客運增資 全新電動巴士上路,,
https://news.ltn.com.tw/news/local/paper/1029250,2米高米香元寶 幫土地公暖壽,,
https://news.ltn.com.tw/news/life/breakingnews/1816761,米香堆成大元寶 為蘇澳鎮民求平安和財運,,
https://news.ltn.com.tw/news/life/breakingnews/1816450,老柴油車掰掰！太魯閣客運全新電動車上路,,
https://news.ltn.com.tw/news/local/paper/1028429,台九線拓寬 月眉段居民憂徵收,,
https://news.ltn.com.tw/news/life/breakingnews/1814062,台9線花東路段拓寛 關山月眉居民擔心被徵收,,
https://news.ltn.com.tw/news/local/paper/1027190,「惡行變全民公敵！」宜縣建議檢舉酒駕給獎金,,
https://news.ltn.com.tw/news/life/breakingnews/1810890,讓惡行變全民公敵  宜縣：建議檢舉酒駕發獎金 ,,
https://news.ltn.com.tw/news/life/breakingnews/1810051,蘇花臍帶繞頸新生兒滿月 消防局登門祝賀,,
https://news.ltn.com.tw/news/local/paper/1026458,中秋連假車多 國五高乘載管制,,
https://news.ltn.com.tw/news/local/paper/1025892,販毒黑吃黑打死人 主嫌輕判10年,,
https://news.ltn.com.tw/news/society/breakingnews/1807624,毒品大盤商黑吃黑打死人 主嫌遭判10年,,
https://news.ltn.com.tw/news/society/breakingnews/1807311,蘇花公路兩自小客車車禍 雙向封鎖回堵3公里,,
https://news.ltn.com.tw/news/local/paper/1025449,南華教授環島 鼓勵年輕人走出去,,
https://art.ltn.com.tw/article/paper/1024471,【自由副刊】陳宗暉／少年節快樂,,
https://news.ltn.com.tw/news/local/paper/1023181,宣導交安 國風師生上街頭,,
https://news.ltn.com.tw/news/local/paper/1022778,挺魏嘉賢 國民黨中常會移師花蓮火力全開,,
https://news.ltn.com.tw/news/politics/breakingnews/1798697,洪秀柱花蓮參拜 誓言輔選「火力全開」,,
https://news.ltn.com.tw/news/politics/breakingnews/1798325,花蓮市長補選之戰 洪秀柱：指標性選舉,,
https://ec.ltn.com.tw/article/breakingnews/1798219,台電環島光纖「最後一哩」完工,,
https://news.ltn.com.tw/news/politics/breakingnews/1798171,花蓮市長補選 洪秀柱：民進黨才有輸不得的壓力,,
https://news.ltn.com.tw/news/local/paper/1022397,宜蘭縣長︰危險駕駛 應加重罰責,,
https://news.ltn.com.tw/news/society/breakingnews/1796785,宜縣死亡車禍頻傳 縣長：建議中央修法,,
https://news.ltn.com.tw/news/society/paper/1022122,蘇花4死車禍 兒曾叫爸別酒駕,,
https://news.ltn.com.tw/news/local/paper/1022032,蘇花公路路祭 祈求平安,,
https://news.ltn.com.tw/news/society/breakingnews/1795903,還原蘇花4死車禍 酒駕、超速、超載又沒繫安全帶,,
https://news.ltn.com.tw/news/life/breakingnews/1795715,感謝13名英雄！公路總局祭蘇花「開路先鋒爺」,,
https://news.ltn.com.tw/news/life/breakingnews/1795428,08/15 各報重點新聞一覽,,
https://news.ltn.com.tw/news/society/paper/1021778,蘇花鬼月恐怖巧合 2年前同天同地 1死1傷,,
https://news.ltn.com.tw/news/focus/paper/1021833,酒駕又超載 蘇花公路翻車 4死3傷,,
https://news.ltn.com.tw/news/society/breakingnews/1795318,回家幫媽媽慶生 蘇花公路酒駕釀禍4死3傷,,
https://news.ltn.com.tw/news/society/breakingnews/1795265,蘇花公路轎車翻覆 2人受困4人無生命徵象,,
https://news.ltn.com.tw/news/local/paper/1021436,中客轉運湧人潮 台鐵蘇澳新站沒錢潮,,
https://news.ltn.com.tw/news/local/paper/1020378,新興路拓寬配合款 縣府出一半,,
https://news.ltn.com.tw/news/society/breakingnews/1786741,蘇花公路海邊紮營回程遇山崩 5人脫困,,
https://news.ltn.com.tw/news/local/paper/1018338,「蘇花改」未交管害撞車 居民嗆封路,,
https://news.ltn.com.tw/news/society/breakingnews/1784811,不滿蘇花改工程污染影響交通安全 居民集結抗議,,
https://art.ltn.com.tw/article/paper/1016894,【旅遊】〈旅遊的滋味〉北義迷人五漁村,,
https://news.ltn.com.tw/news/life/breakingnews/1780287,救護員急駛30公里 孕婦救護車上生產,,
https://news.ltn.com.tw/news/society/paper/1016660,在蘇花公路酒駕 小黃打橫撞死2單車客,,
https://news.ltn.com.tw/news/society/breakingnews/1779768,蘇花酒駕》撞2騎士還試圖逃跑 司機謊稱是傷者朋友,,
https://news.ltn.com.tw/news/society/breakingnews/1779451,蘇花計程車酒駕撞死2騎士 目擊者：司機笑著跑給警追,,
https://news.ltn.com.tw/news/society/breakingnews/1779399,酒駕殺人！計程車逆向衝撞 蘇花公路2騎士枉死,,
https://news.ltn.com.tw/news/society/breakingnews/1779296,計程車撞自行車 2騎士魂斷蘇花公路,,
https://news.ltn.com.tw/news/local/paper/1015189,童玩節假日管制北宜、濱海大貨車 喊停,,
https://news.ltn.com.tw/news/life/breakingnews/1775608,政策髮夾彎？ 童玩節假日管制大貨車喊卡,,
https://news.ltn.com.tw/news/life/breakingnews/1770135,洗腎教授烈日環島 替高教、醫療請命,,
https://news.ltn.com.tw/news/focus/paper/1013343,中客一條龍低價團充斥 觀光局擬修法規範,,
https://news.ltn.com.tw/news/world/breakingnews/1768544,中客團抵台旅遊   美聯社：出事多為低價團,,
https://news.ltn.com.tw/news/society/breakingnews/1768508,歷年來中客團重大事故 8年逾80死、上百傷,,
https://news.ltn.com.tw/news/life/breakingnews/1768236,火燒車事故恐影響中客來台 觀光局：有待觀察,,
https://news.ltn.com.tw/news/society/breakingnews/1767751,中客團遊覽車26人罹難 過去已多起火燒車造成嚴重傷亡,,
https://news.ltn.com.tw/news/society/breakingnews/1767761,國道2號火燒車26死 交通史上死亡人數最高記錄,,
https://news.ltn.com.tw/news/society/breakingnews/1766661,老闆娘害怕盜領集團報復 東興食堂暫時歇業,,
https://news.ltn.com.tw/news/society/breakingnews/1766498,北市休假員警逮ATM盜領犯 柯文哲：太厲害！,,
https://news.ltn.com.tw/news/society/breakingnews/1766369,安卓斯曾在羅東租單車 車行老闆這樣說...,,
https://news.ltn.com.tw/news/society/breakingnews/1766193,網友便車載可憐老外 竟是穿開襠褲的安卓斯！,,
https://news.ltn.com.tw/news/focus/paper/1012200,《一銀案》騎單車逃粉鳥林偷渡？安卓斯蘇花公路落網,,
https://news.ltn.com.tw/news/focus/paper/1012207,主嫌安卓斯東澳啖海鮮 休假警宋俊良一眼認出,,
https://news.ltn.com.tw/news/society/breakingnews/1766017,害怕員警開槍 安德魯乖乖配合就逮,,
https://news.ltn.com.tw/news/society/breakingnews/1766040,安德魯落網時 身上只剩台幣3000元,,
https://news.ltn.com.tw/news/society/breakingnews/1765911,一銀盜領案主嫌安德魯 在這家食堂被盯上,,
https://news.ltn.com.tw/news/local/paper/1011129,北宜、濱海公路北上 例假15至20時禁行大貨車,,
https://sports.ltn.com.tw/news/breakingnews/1763325,又一金星殞落 台灣最年長亞運金牌得主蔡成福逝世,,
https://news.ltn.com.tw/news/politics/breakingnews/1763311,不當黨產吵不停 洪秀柱：這是追殺、追殺、再追殺,,
https://news.ltn.com.tw/news/life/breakingnews/1763119,北宜、濱海公路 擬童玩節例假日管制大貨車北上,,
https://news.ltn.com.tw/news/local/paper/1010366,東服中心：蘇花改不延期、改線 與遺址共存,,
https://news.ltn.com.tw/news/local/paper/1009981,蘇花、中橫崩不停 機動交管,,
https://news.ltn.com.tw/news/life/paper/1010059,蘇花武塔至漢本段施工 白天交管,,
https://sports.ltn.com.tw/news/paper/1009810,9天8夜環台接力 招募800壯士,,
https://news.ltn.com.tw/news/life/breakingnews/1759002,明起晚間、假日不管制   蘇花公路白天2小時放行一次,,
https://news.ltn.com.tw/news/life/breakingnews/1758539,蘇花公路上下午各開放2小時放行車輛通過,,
https://news.ltn.com.tw/news/focus/paper/1009761,蘇花武塔到漢本 兩時段開放通行,,
https://news.ltn.com.tw/news/local/paper/1009648,新北救災搶先 柯：勿喧賓奪主,,
https://news.ltn.com.tw/news/life/breakingnews/1757974,桃市府派救災人員與車輛前往台東支援,,
https://news.ltn.com.tw/news/life/breakingnews/1757697,蘇花公路149.7k坍方處 單線雙向通車2小時,,
https://news.ltn.com.tw/news/life/breakingnews/1757655,蘇花公路164.3K巨石滾落 漏夜搶通,,
https://news.ltn.com.tw/news/life/paper/1009270,蘇花又坍方 漢本路段今通車2小時,,
https://news.ltn.com.tw/news/society/breakingnews/1757613,蘇花公路和中段巨石砸落 公路總局深夜搶災,,
https://news.ltn.com.tw/news/life/breakingnews/1757549,台東加油！ 新北出動救援部隊馳援,,
https://news.ltn.com.tw/news/life/breakingnews/1757297,蘇花公路坍方 明早9到11時通車2小時再封路,,
https://news.ltn.com.tw/news/life/breakingnews/1756896,戴立綱預測路況 吸引小編大讚：您真準啊！,,
https://news.ltn.com.tw/news/life/breakingnews/1756758,蘇花公路又坍方！明中午前雙向封閉,,
https://news.ltn.com.tw/news/local/paper/1009102,童玩節安度風災 今重新開園,,
https://news.ltn.com.tw/news/life/breakingnews/1756394,蘇花公路 下午5點全線恢復正常通行,,
https://news.ltn.com.tw/news/life/breakingnews/1756334,蘇花公路何時全線通車？下午5點再作決定,,
https://news.ltn.com.tw/news/life/breakingnews/1756054,尼伯特帶來強風豪雨  19條公路預警性封閉,,
https://news.ltn.com.tw/news/life/breakingnews/1755835,中颱尼伯特襲台 陸海空交通影響一覽（不斷更新）,,
https://news.ltn.com.tw/news/life/breakingnews/1755843,全台16公路封閉 預計午後陸續評估恢復,,
https://news.ltn.com.tw/news/life/breakingnews/1755812,蘇花公路蘇澳到武塔段10點恢復通行,,
https://news.ltn.com.tw/news/focus/paper/1008745,蘇花封路火車傍晚停駛 遊客塞爆花蓮站,,
https://news.ltn.com.tw/news/local/paper/1008827,蘇花》飼料車翻覆 輸送管刺穿貨車1死,,
https://news.ltn.com.tw/news/local/paper/1008820,強颱來襲 宜蘭大同、南澳撤4百多人,,
https://news.ltn.com.tw/news/life/breakingnews/1754297,強颱尼伯特襲台 陸海空交通影響一覽（不斷更新）,,
https://news.ltn.com.tw/news/life/breakingnews/1755337,開車族小心 部分省道公路晚間陸續封路,,
https://news.ltn.com.tw/news/life/breakingnews/1754774,颱風強   13條重要公路預警封閉,,
https://news.ltn.com.tw/news/society/breakingnews/1754811,蘇花公路南澳段2貨車相撞 2駕駛送醫,,
https://news.ltn.com.tw/news/life/breakingnews/1754590,山區7條重要公路   下午1點陸續封路,,
https://news.ltn.com.tw/news/society/breakingnews/1754547,輸送管插擋風玻璃  貨車司機手臂截斷身亡,,
https://news.ltn.com.tw/news/life/breakingnews/1754521,注意！7條山區公路 午後預警性封閉,,
https://news.ltn.com.tw/news/life/breakingnews/1754515,蘇花公路湧現車潮 下午3時起全面封路,,
https://news.ltn.com.tw/news/life/breakingnews/1754426,蘇花公路下午1點起預警性封路 只出不進,,
https://news.ltn.com.tw/news/society/breakingnews/1754270,蘇花公路東澳段車禍1人命危 交通中斷,,
https://news.ltn.com.tw/news/local/paper/1008456,颱風來勢洶 國軍整備進駐宜蘭海線,,
https://news.ltn.com.tw/news/life/breakingnews/1753694,尼伯特進逼 蘇花、中橫7日下午可能預警封路,,
https://news.ltn.com.tw/news/society/breakingnews/1753584,砂石車翻覆蘇花公路  不影響雙向交通,,
https://news.ltn.com.tw/news/life/breakingnews/1749333,熱血青年環島走唱 募資義助單親媽媽,,
https://news.ltn.com.tw/news/politics/breakingnews/1748723,漢本成國定遺址 文化部：不容許蘇花改工程破壞,,
https://news.ltn.com.tw/news/life/breakingnews/1746860,視察台鐵出軌現場 賀陳旦要求加強安全,,
https://news.ltn.com.tw/news/life/breakingnews/1742197,考量宜蘭恐降雨 蘇花公路今晚預警性封路,,
https://news.ltn.com.tw/news/life/breakingnews/1741201,搶修6天 蘇花公路今早通、晚上還要封路,,
https://news.ltn.com.tw/news/society/breakingnews/1740708,夜闖蘇花封路   男子遭法辦求償,,
https://news.ltn.com.tw/news/local/paper/1004036,好人幫為愛籃賽 助震災戶募物資,,
https://news.ltn.com.tw/news/life/breakingnews/1739328,蘇花公路搶通 單線雙向管制通行,,
https://news.ltn.com.tw/news/life/breakingnews/1739066,蘇花公路排除落石 預計下午4點通車,,
https://news.ltn.com.tw/news/local/paper/1003508,蘇花斷3天 95汽油缺半天,,
https://news.ltn.com.tw/news/local/paper/1003502,蘇花斷逾4天 最快今搶通,,
https://news.ltn.com.tw/news/life/breakingnews/1738168,蘇花公路炸除巨岩 最快明天下午4點通車,,
https://news.ltn.com.tw/news/life/breakingnews/1737536,蘇花斷3天 台塑花蓮和平站中午前缺95油,,
https://news.ltn.com.tw/news/society/breakingnews/1737462,清除鬆動岩塊防落石 蘇花通車再延至明中午,,
https://news.ltn.com.tw/news/society/breakingnews/1736386,消防公務車蘇花右側超車 網友批：不要命,,
https://news.ltn.com.tw/news/society/breakingnews/1736363,持續坍方 蘇花公路封路延至明天上午10點,,
https://news.ltn.com.tw/news/life/paper/1002772,蘇花公路斷 蔬果北運成本增3成,,
https://news.ltn.com.tw/news/life/breakingnews/1735972,蘇花斷！蔬果北運成本增3成 農民怨聲載道,,
https://news.ltn.com.tw/news/life/breakingnews/1735406,開放後又落石 蘇花公路封閉至明中午,,
https://news.ltn.com.tw/news/local/paper/1002373,中小學生單車環島 最小僅8歲,,
https://news.ltn.com.tw/news/life/breakingnews/1735105,落石不斷 蘇花公路中斷,,
https://news.ltn.com.tw/news/society/breakingnews/1735100,蘇花公路落石坍崩 目前雙向不通,,
https://news.ltn.com.tw/news/life/breakingnews/1734461,蘇花公路漢本段落石 雙向車道一度中斷,,
https://news.ltn.com.tw/news/focus/paper/1001863,把脈雪隧通車10週年／年湧950萬輛次...中央地方開藥方 無速效藥,,
https://talk.ltn.com.tw/article/paper/1001079,自由廣場》第三者環評 確實不是好政策,,
https://news.ltn.com.tw/news/life/breakingnews/1726443,端午連假第3天 宜蘭北上交流道回堵超過2公里,,
https://news.ltn.com.tw/news/life/breakingnews/1726337,豪雨侵襲南部省道 用路人請小心駕駛,,
https://news.ltn.com.tw/news/local/paper/999375,維持蘇花順暢 大型貨車禁入,,
https://news.ltn.com.tw/news/life/paper/999407,連假盼天晴…無奈墾丁雨不停,,
https://news.ltn.com.tw/news/local/paper/999355,全國模範公務人員選拔 宋賢治、邱鵬豪獲選,,
https://news.ltn.com.tw/news/local/paper/999063,南方澳慶端午 推全台最大鯖魚粽,,
https://news.ltn.com.tw/news/local/paper/998502,中秋購票實名制 納戶籍地居民,,
https://news.ltn.com.tw/news/local/paper/998400,實名制買火車票 將納花東居民,,
https://news.ltn.com.tw/news/local/paper/997957,檢討出軌 立委促花東鐵路雙軌化,,
https://news.ltn.com.tw/news/life/breakingnews/1721037,土石鬆軟坍方 蘇花公路單線雙向通行,,
https://news.ltn.com.tw/news/local/paper/997619,蘇花土石流 南下一度受阻,,
https://news.ltn.com.tw/news/life/breakingnews/1719993,蘇花和中至崇德預警性封路 預計下午5時解除,,
https://news.ltn.com.tw/news/life/breakingnews/1719938,暴雨突襲 蘇花和中至崇德路段預警性封路,,
https://news.ltn.com.tw/news/life/breakingnews/1719893,蘇花公路土石流 單線雙向通行,,
https://news.ltn.com.tw/news/life/breakingnews/1716464,蘇花公路武塔段落石坍方 雙向封閉,,
https://news.ltn.com.tw/news/local/paper/995802,蘇府千歲「好神」 預言蘇花坍方,,
https://news.ltn.com.tw/news/life/breakingnews/1714195,嘉義神明降駕給指示…謎底揭曉,,
https://news.ltn.com.tw/news/life/breakingnews/1713428,蘇花公路落石已排除 雙向恢復正常通行,,
https://news.ltn.com.tw/news/life/breakingnews/1713314,蘇花公路141.6k再傳坍方 雙向道路遭阻斷,,
https://news.ltn.com.tw/news/life/breakingnews/1712936,蘇花公路發生落石坍方 阻斷雙向道路,,
https://news.ltn.com.tw/news/local/paper/994850,蘇花公路坍方搶通 用路人注意落石,,
https://news.ltn.com.tw/news/local/paper/994162,3日以上連假 蘇花將禁行大貨車,,
https://news.ltn.com.tw/news/society/breakingnews/1707806,蘇花公路崇德隧道口連環撞 車輛回堵3公里,,
https://news.ltn.com.tw/news/local/paper/993430,中客近百遊覽車橫行 2村促取締,,
https://news.ltn.com.tw/news/local/paper/993432,慈母橋東端落石砸車 幸無人傷,,
https://news.ltn.com.tw/news/life/breakingnews/1706610,連日下雨加地震 太魯閣數百顆落石砸車,,
https://news.ltn.com.tw/news/society/breakingnews/1705409,蘇花公路 傳機車騎士摔落山谷亡,,
https://news.ltn.com.tw/news/politics/breakingnews/1704480,張善政卸任後要務農 卻搶不到花蓮火車票,,
https://news.ltn.com.tw/news/local/paper/992115,《小檔案》蘇澳新站 中客訪花蓮轉運站,,
https://news.ltn.com.tw/news/society/breakingnews/1698245,蘇花公路小貨車、遊覽車擦撞 1人受傷送醫,,
https://news.ltn.com.tw/news/local/paper/990149,地震又下大雨 蘇花公路落石阻路,,
https://news.ltn.com.tw/news/society/breakingnews/1697513,路面積水失控自撞 男子痛失80歲老母,,
https://news.ltn.com.tw/news/society/breakingnews/1697486,連續地震加大雨 蘇花巨大落石如小汽車,,
https://news.ltn.com.tw/news/life/breakingnews/1695945,蘇花公路落石已排除 全線恢復正常通車,,
https://news.ltn.com.tw/news/life/breakingnews/1695915,地震加豪雨 蘇花公路落石坍方,,
https://news.ltn.com.tw/news/life/breakingnews/1695661,地震加大雨 公路總局：民眾避走蘇花、中橫,,
https://news.ltn.com.tw/news/focus/paper/989382,芮氏規模5.8震撼／宜蘭震不停 像坐碰碰車,,
https://news.ltn.com.tw/news/life/breakingnews/1694140,地牛再翻身  蘇花公路路況正常,,
https://news.ltn.com.tw/news/society/paper/987279,破車探女242公里 兒也從花蓮騎來接她,,
https://news.ltn.com.tw/news/society/breakingnews/1688372,媽媽機車迷途騎了223公里 兒子也騎200多公里來接她,,
https://news.ltn.com.tw/news/society/breakingnews/1687407,蘇花公路車禍 2名女子受傷送醫,,
https://news.ltn.com.tw/news/local/paper/986804,學者挺賀陳旦 倡蘇花安全駕駛,,
https://news.ltn.com.tw/news/society/paper/986642,黑澀會美眉除疤 判施暴男友買單,,
https://news.ltn.com.tw/news/society/paper/986666,74歲老媽探女 騎破車逾223公里,,
https://news.ltn.com.tw/news/life/breakingnews/1687183,74歲老婦「騎機」長征223公里 只為見愛女一面,,
https://news.ltn.com.tw/news/society/breakingnews/1686699,黑澀會薔薔被男友痛毆求償 法官：整形去疤合理,,
https://news.ltn.com.tw/news/local/paper/986403,搶救蘇花改、花東快 議會再熱吵,,
https://news.ltn.com.tw/news/local/paper/986031,朝聖碧海電廠 張揆︰工程生態可相容,,
https://news.ltn.com.tw/news/politics/breakingnews/1684120,「朝聖」碧海電廠  張善政：工程及生態可相容,,
https://news.ltn.com.tw/news/politics/breakingnews/1683743,見證觀音隧道貫通 馬英九：希望新政府完成最後一哩路,,
https://news.ltn.com.tw/news/politics/breakingnews/1682706,抗議未上台內閣 傅崐萁：不排除包圍總統府抗議,,
https://news.ltn.com.tw/news/local/paper/985284,花十六股大道 騎士遭撞死,,
https://news.ltn.com.tw/news/life/breakingnews/1680921,4/30 各報重點新聞一覽,,
https://news.ltn.com.tw/news/life/breakingnews/1680545,盼釋花東交通利多 賀陳旦：要先優惠花東民眾,,
https://news.ltn.com.tw/news/life/breakingnews/1678582,花蓮深夜地震 蘇花公路零星落石,,
https://news.ltn.com.tw/news/life/paper/983294,最霸氣台鐵站務員 中客聞吼整隊,,
https://talk.ltn.com.tw/article/paper/980835,自由廣場》花東火車票，淘寶買才有？,,
https://news.ltn.com.tw/news/society/breakingnews/1661904,蘇花公路聯結車撞山壁 單線雙向通行中,,
https://news.ltn.com.tw/news/society/breakingnews/1661742,蘇花公路和平隧道火燒車 雙向交通中斷,,
https://news.ltn.com.tw/news/life/paper/976965,蘇花改最後貫通石 5月發放,,
https://news.ltn.com.tw/news/life/breakingnews/1657189,最後一次！蘇花改觀音隧道貫通石 提前至五月中旬發放,,
https://news.ltn.com.tw/news/life/paper/975934,今收假北返 國五恐從早塞到晚,,
https://news.ltn.com.tw/news/life/breakingnews/1654035,提前北返車潮湧現 國5羅東交流道回堵逾2公里,,
https://news.ltn.com.tw/news/society/breakingnews/1654021,清水斷崖傳1人溺水 送醫前無呼吸心跳,,
https://news.ltn.com.tw/news/local/paper/975559,單日入園2萬人次 今年綠博新高,,
https://news.ltn.com.tw/news/life/breakingnews/1653308,東部旅遊旺  連假國五南下湧車潮,,
https://news.ltn.com.tw/news/local/paper/975337,蘇花大塞車 一度回堵市區兩公里,,
https://news.ltn.com.tw/news/life/breakingnews/1652449,蘇澳市區塞爆！蘇花公路車速一度僅10公里,,
https://news.ltn.com.tw/news/local/paper/975067,新秀五公墓 今起管制大車,,
https://news.ltn.com.tw/news/local/paper/974226,落石兩個月未修 中橫便道開車如溯溪,,
https://sports.ltn.com.tw/news/paper/972462,8天900公里長征 獅雨中奔波,,
https://news.ltn.com.tw/news/life/breakingnews/1642437,漢本遺址加入新團隊 蘇花改拚如期完工,,
https://news.ltn.com.tw/news/society/breakingnews/1641419,驚險！蘇花公路再傳事故 砂石車撞遊覽車,,
https://news.ltn.com.tw/news/local/paper/970124,蘇花改半套 蕭美琴促瓶頸路段盡早評估,,
https://news.ltn.com.tw/news/politics/breakingnews/1636942,蘇花改做半套 蕭美琴要求大清水路段列評估,,
https://art.ltn.com.tw/article/paper/967757,【自由副刊】跟小白說再見,,
https://news.ltn.com.tw/news/society/breakingnews/1629579,墜海直升機正駕駛受長官青睞 原要赴美受教官訓,,
https://news.ltn.com.tw/news/local/paper/965954,蘇花改經14斷層 耐規模7強震,,
https://news.ltn.com.tw/news/local/paper/965962,冒險搶拍清水斷崖 中客不怕死,,
https://art.ltn.com.tw/article/paper/965824,【旅遊】〈旅遊的滋味〉沐浴在波西塔諾豔陽下,,
https://news.ltn.com.tw/news/society/breakingnews/1624295,閃避對向違規超車 蘇花公路拖板車自撞山壁,,
https://news.ltn.com.tw/news/focus/paper/965560,搶救漢本 宜蘭列縣定遺址,,
https://news.ltn.com.tw/news/society/breakingnews/1622356,要帶他出去玩！拐童累犯舒男騎機車450K作案,,
https://news.ltn.com.tw/news/local/paper/964637,〈蘇花車禍2死〉司機母親淚崩：早勸兒別做了,,
https://news.ltn.com.tw/news/society/breakingnews/1620061,蘇花車禍驚魂  受傷乘客：整車哀鴻遍野,,
https://news.ltn.com.tw/news/life/breakingnews/1619606,03/03 各報重點新聞一覽,,
https://news.ltn.com.tw/news/society/paper/964220,拖板車蘇花過彎翻滾 對撞遊覽車2死,,
https://news.ltn.com.tw/news/society/breakingnews/1619404,蘇花公路2死28傷車禍 驚險一瞬間影片曝光,,
https://news.ltn.com.tw/news/life/breakingnews/1619420,蘇花車禍旅行社否認出團 遊客投保狀況不明,,
https://news.ltn.com.tw/news/society/breakingnews/1619389,蘇花公路遊覽車車禍2死28傷 完整傷亡名單,,
https://news.ltn.com.tw/news/society/breakingnews/1619289,蘇花車禍乘客驚魂未定 回憶現場眼眶泛紅,,
https://news.ltn.com.tw/news/society/breakingnews/1619108,蘇花公路重大車禍 遊覽車、拖板車相撞2死28傷,,
https://news.ltn.com.tw/news/local/paper/963755,太魯閣大橋風飛沙 行車霧茫茫,,
https://news.ltn.com.tw/news/society/breakingnews/1617494,蘇花公路砂石車追撞釀禍 1人卡車中待援,,
https://news.ltn.com.tw/news/local/paper/962996,隧道內3車逆向逼讓路 宜蘭警籲檢舉,,
https://news.ltn.com.tw/news/society/breakingnews/1615987,宜蘭蘭陽隧道 3車囂張逆向行駛,,
https://news.ltn.com.tw/news/life/breakingnews/1615074,228連假 花蓮湧旅遊人潮,,
https://news.ltn.com.tw/news/local/paper/962513,228連假將湧人潮 交通疏運今啟動,,
https://news.ltn.com.tw/news/politics/breakingnews/1610793,實現承諾！蕭美琴入交通委員會,,
https://news.ltn.com.tw/news/society/paper/960611,甩尾撞爛車害1死 拖板車說沒看到逃了,,
https://news.ltn.com.tw/news/society/breakingnews/1609208,拖板車疑肇事逃逸 蘇花公路車禍1死3傷,,
https://news.ltn.com.tw/news/society/breakingnews/1609133,蘇花公路車禍 駕駛無生命跡象 3人輕傷,,
https://news.ltn.com.tw/news/local/paper/959294,林承翰徒步環島 用空拍機記錄台灣,,
https://news.ltn.com.tw/news/life/breakingnews/1600307,蘇花北返車潮湧現  花蓮崇德回堵2K,,
https://news.ltn.com.tw/news/society/paper/957528,貫通石送子 好孕連連,,
https://news.ltn.com.tw/news/life/breakingnews/1599812,大年初三車多 省道也回堵了,,
https://news.ltn.com.tw/news/life/breakingnews/1599581,車潮湧現 公路總局：趕快APP 查詢省道即時交通資訊,,
https://news.ltn.com.tw/news/life/breakingnews/1599115,大年初二宜蘭縣車潮湧現 蘇花公路卡卡,,
https://news.ltn.com.tw/news/life/breakingnews/1599017,花蓮地牛翻身 錐麓隧道未出現落石,,
https://news.ltn.com.tw/news/local/paper/956504,春節疏運 花蓮縣警局啟動替代道路,,
https://news.ltn.com.tw/news/politics/breakingnews/1595359,壟斷回鄉車票？ 前台東縣長吳俊立被罵慘了,,
https://news.ltn.com.tw/news/local/paper/955797,引導春節蘇花公路車流 蘇澳設指示牌,,
https://news.ltn.com.tw/news/local/paper/955796,蘇花改東澳隧道趕工 百人春節僅休3天,,
https://news.ltn.com.tw/news/society/breakingnews/1591421,蘇花公路大卡車和轎車相撞 4人受傷,,
https://news.ltn.com.tw/news/society/breakingnews/1591297,頭身分離！砂石車身不見只留後方貨斗,,
https://news.ltn.com.tw/news/local/paper/952691,漢本遺址挖掘增人手 年底可完成,,
https://news.ltn.com.tw/news/local/paper/951553,宜縣春節疏運禁挖路 28校開放停車,,
https://news.ltn.com.tw/news/local/paper/951109,春節連假瘋露營 崇德校園夯,,
https://news.ltn.com.tw/news/local/paper/950489,選前中客少一半 台鐵不擠了,,
https://news.ltn.com.tw/news/life/breakingnews/1564954,宜縣消防局長徐松奕上任 面臨人力、設備挑戰,,
https://playing.ltn.com.tw/article/967,宜蘭南方澳／漁港鮮體驗,,
https://playing.ltn.com.tw/article/1001,花蓮太魯閣／步道慢慢走,,
https://talk.ltn.com.tw/article/breakingnews/1559106,故事》花蓮縣長也不懂的事：蘇花改路線上的漢本遺址，如何改寫我們對臺灣歷史的認識？,,
https://news.ltn.com.tw/news/society/breakingnews/1558576,元旦又逢紀念日！寶寶報到 教練爸喊「最棒的禮物」,,
https://news.ltn.com.tw/news/life/breakingnews/1558460,元旦連假第一天小塞 國道下午將湧現車潮,,
https://news.ltn.com.tw/news/local/paper/945415,清水斷崖今起連3天 禁停遊覽車,,
https://news.ltn.com.tw/news/local/paper/945414,元旦連假出遊 警籲勿疲勞駕駛,,
https://news.ltn.com.tw/news/life/paper/944977,環島一號線啟用 一人也能騎透透,,
https://news.ltn.com.tw/news/life/breakingnews/1556688,自行車環島1號線啟用 一個人也能環島,,
https://news.ltn.com.tw/news/local/paper/944796,APP查路況 連假出遊不塞,,
https://news.ltn.com.tw/news/local/paper/944797,環台慈善路跑 港人譚志強抵花,,
https://sports.ltn.com.tw/news/breakingnews/1555266,退休港人來台跑千里 為乳癌病友籌款,,
https://news.ltn.com.tw/news/local/paper/944489,王廷升蕭美琴拚選舉 胖卡吸睛比一比,,
https://news.ltn.com.tw/news/society/breakingnews/1553120,蘇花公路車輛追撞 一人輕傷,,
https://news.ltn.com.tw/news/society/breakingnews/1549903,休旅車蘇花公路逆向 遭貨車狂叭嚇得自撞山壁,,
https://news.ltn.com.tw/news/local/paper/942608,砂卡礑隧道 春節前改單行道,,
https://news.ltn.com.tw/news/politics/paper/941908,「桃機跑道到現在沒做好」 宋批馬交通政策效率低,,
https://news.ltn.com.tw/news/life/breakingnews/1541360,不山不市偏鄉學校  教育部建置資源平台,,
https://news.ltn.com.tw/news/life/breakingnews/1539849,大雨路坍方 蘇花公路預計晚上11點搶通,,
https://news.ltn.com.tw/news/life/paper/938621,蘇花公路年底前 全日機動管制,,
https://news.ltn.com.tw/news/local/paper/936809,海山西路 將配合拓寬成25米,,
https://news.ltn.com.tw/news/local/paper/936808,蘇花改蘇澳至東澳 106年如期通車,,
https://news.ltn.com.tw/news/life/paper/936677,真假難辨! 網拍貫通石 喊價1888元,,
https://news.ltn.com.tw/news/local/paper/936065,蘇花改延宕 傅崐萁：重考古更要重人命,,
https://news.ltn.com.tw/news/life/breakingnews/1521877,蘇花改通車又跳票 中研院槓上公路總局,,
https://news.ltn.com.tw/news/society/breakingnews/1518379,1200顆觀音貫通石 1小時發光,,
https://news.ltn.com.tw/news/local/paper/934880,小檔案︰吳錦文紀念碑,,
https://news.ltn.com.tw/news/local/paper/934879,卡到蘇花改 殉職碑暫遷大清水,,
https://news.ltn.com.tw/news/local/paper/934877,蘇花改貫通石 今再發1200顆,,
https://news.ltn.com.tw/news/life/breakingnews/1517911,蘇花改貫通石明發放1200顆 已有民眾漏夜排隊,,
https://news.ltn.com.tw/news/life/breakingnews/1516993,落石阻斷 蘇花公路武塔、漢本段只出不進,,
https://news.ltn.com.tw/news/life/breakingnews/1517001,大雨不斷 蘇花公路坍方中斷,,
https://news.ltn.com.tw/news/local/paper/934353,可行性評估通過 北迴三軌有譜,,
https://news.ltn.com.tw/news/local/paper/934122,觀音隧道貫通石 24日再送1200顆,,
https://news.ltn.com.tw/news/society/breakingnews/1515367,大雨坍方一度中斷 蘇花公路深夜搶通,,
https://news.ltn.com.tw/news/life/breakingnews/1515143,觀音隧道貫通石能助孕？ 婦產科醫師：有安撫效果,,
https://news.ltn.com.tw/news/society/breakingnews/1514644,蘇花公路重機擦撞 一人輕傷送醫,,
https://news.ltn.com.tw/news/society/breakingnews/1514643,蘇花公路休旅車翻車 老夫婦受傷,,
https://news.ltn.com.tw/news/society/paper/932914,會女友嘿咻4天 男累倒蘇花公路打呼,,
https://news.ltn.com.tw/news/society/breakingnews/1510468,「跟女友恩愛太累了！」 男子累倒蘇花公路呼呼大睡,,
https://news.ltn.com.tw/news/politics/breakingnews/1507135,監委關切蘇花改 縣議長：花蓮人要一條安全回家的路,,
https://news.ltn.com.tw/news/life/breakingnews/1504826,落石擊毀5百公斤重護欄 蘇花公路夜間封閉延續至13日,,
https://news.ltn.com.tw/news/life/breakingnews/1503190,蘇花落石搶修 武塔至漢本段上午6點半提前開放通行,,
https://news.ltn.com.tw/news/life/breakingnews/1502332,蘇花公路開放單線雙向警戒管制通行,,
https://news.ltn.com.tw/news/life/breakingnews/1501740,蘇花公路夜間封路  續延至11日,,
https://news.ltn.com.tw/news/local/paper/930533,還好沒落石 太魯閣馬拉松開跑,,
https://news.ltn.com.tw/news/life/breakingnews/1501007,蘇花公路141.4K落石不斷 延至晚上7點搶通,,
https://news.ltn.com.tw/news/society/breakingnews/1500896,蘇花公路141.4K再度坍方 預計晚上6點搶通,,
https://news.ltn.com.tw/news/life/breakingnews/1500359,蘇花公路武塔至漢本路段 恢復雙向通行,,
https://news.ltn.com.tw/news/life/paper/930172,蘇花公路 今明夜間預警性封路,,
https://news.ltn.com.tw/news/local/paper/930025,太魯閣馬拉松 人派站崗盯落石,,
https://news.ltn.com.tw/news/society/breakingnews/1499200,落石砸毀護欄 蘇花公路雙向中斷,,
https://news.ltn.com.tw/news/society/breakingnews/1498713,太魯閣馬拉松週六開跑 50人加強駐點易落石區,,
https://news.ltn.com.tw/news/life/breakingnews/1498629,今晚起連4天  蘇花公路夜間預警性封路,,
https://news.ltn.com.tw/news/life/breakingnews/1498299,蘇花公路進行人工刷坡 大落石崩落,,
https://news.ltn.com.tw/news/local/paper/929719,（宜蘭）大雨像颱風 低漥淹水馬路成河,,
https://news.ltn.com.tw/news/local/paper/929725,雨後清水斷崖 遊客搶拍,,
https://news.ltn.com.tw/news/life/paper/929595,大雨襲宜蘭釀災 淹軌路斷、 落石奪命,,
https://news.ltn.com.tw/news/society/breakingnews/1497592,蘇花放晴 清水斷崖湧入遊客觀景,,
https://news.ltn.com.tw/news/society/breakingnews/1497337,蘇花公路落石砸BMW  駕駛搶救無效慘死,,
https://news.ltn.com.tw/news/life/breakingnews/1496874,蘇花公路今早落石砸中一車  駕駛重傷送醫,,
https://news.ltn.com.tw/news/society/breakingnews/1496683,蘇花公路落石砸中轎車 駕駛重傷昏迷,,
https://news.ltn.com.tw/news/life/breakingnews/1496524,5天逾700毫米 蘇花公路降雨量破紀錄,,
https://news.ltn.com.tw/news/life/breakingnews/1496511,單日雨量超過200毫米 宜蘭多處淹水,,
https://news.ltn.com.tw/news/life/breakingnews/1496222,土石崩坍 蘇花公路又斷,,
https://news.ltn.com.tw/news/life/breakingnews/1495985,蘇花公路土石流 一度封路後搶通,,
https://news.ltn.com.tw/news/life/breakingnews/1495156,明後天天氣偏涼、東部降雨  週四天氣轉好,,
https://news.ltn.com.tw/news/life/breakingnews/1494332,蘇花公路坍方雙向阻斷 不排除夜間封路,,
https://news.ltn.com.tw/news/society/breakingnews/1493232,蘇花公路土石流坍方 預計1點搶通,,
https://news.ltn.com.tw/news/local/paper/928062,蘇花改添利器 引進「紅螞蟻」鑽堡機,,
https://news.ltn.com.tw/news/society/breakingnews/1490566,蘇花公路2大車對撞1人傷 目前單線雙向通行,,
https://news.ltn.com.tw/news/local/paper/927095,蘇花改再延宕 縣長︰絕不會蘇花停,,
https://news.ltn.com.tw/news/local/paper/927093,蘇澳箕山橋拓寬 聖愛路預留寬度增,,
https://news.ltn.com.tw/news/life/breakingnews/1487598,因應蘇花改通車 蘇澳鎮箕山橋拓寬五倍,,
https://news.ltn.com.tw/news/life/breakingnews/1486581,蘇花公路傳出坍方中斷 工務段派人了解,,
https://news.ltn.com.tw/news/local/paper/926083,大貨車撞山壁翻覆 一死二傷,,
https://news.ltn.com.tw/news/local/paper/925776,東澳奇景？ 無牌轎車趴趴走,,
https://news.ltn.com.tw/news/society/breakingnews/1483274,蘇花公路大貨車撞山壁 1死2重傷,,
https://news.ltn.com.tw/news/society/breakingnews/1482353,東澳開車不用掛車牌？ 蘇澳警方將取締,,
https://news.ltn.com.tw/news/life/paper/925343,雷達資料同化 協助預警封路,,
https://news.ltn.com.tw/news/life/breakingnews/1481607,雷達資料同化技術  6小時前預警封路,,
https://news.ltn.com.tw/news/life/breakingnews/1481556,國研院引新技術 可準確預估豪雨防災害,,
https://news.ltn.com.tw/news/life/paper/925022,宜蘭5.2地震 北台很有感,,
https://news.ltn.com.tw/news/life/breakingnews/1477244,宜蘭連4起規模4以上有感地震 蘇花公路暢通,,
https://news.ltn.com.tw/news/local/paper/922921,南澳農場 宜縣府擬打造成「武陵農場」,,
https://news.ltn.com.tw/news/local/paper/922708,國慶連假北返潮提早 雪隧往南回堵,,
https://news.ltn.com.tw/news/life/paper/922597,收假日不想塞 北返趁「早」上國道,,
https://news.ltn.com.tw/news/society/breakingnews/1471234,連假第二天車輛增多 進入國五前曾出現回堵,,
https://news.ltn.com.tw/news/life/paper/922381,車流量沒爆 往國五小塞雪隧順暢,,
https://news.ltn.com.tw/news/life/breakingnews/1470428,連假首日交通不打結！蘇花公路一度回堵 雪隧暢通,,
https://news.ltn.com.tw/news/life/paper/922081,蘇花改又延 花蓮縣長要中央補償,,
https://news.ltn.com.tw/news/life/breakingnews/1469858,台鐵擬建蘇花第3軌  年前送交通部核定,,
https://news.ltn.com.tw/news/life/breakingnews/1469109,蘇花改再延 傅崐萁遺憾：中央降稅、開返鄉專車,,
https://news.ltn.com.tw/news/life/paper/921782,蘇花改全線通 再延到108年底,,
https://news.ltn.com.tw/news/life/breakingnews/1467754,公路總局長：蘇花改再改108年底全線通車,,
https://news.ltn.com.tw/news/life/paper/920408,結婚10週年環島 幫阿爸圓夢找同袍,,
https://news.ltn.com.tw/news/society/breakingnews/1461529,蘇花公路116.7公里掉40噸巨石 耗4小時搶通,,
https://news.ltn.com.tw/news/life/breakingnews/1461266,蘇花公路116.7K 又坍方阻斷交通,,
https://news.ltn.com.tw/news/life/breakingnews/1461009,蘇花公路149.8公里處坍方落石 已恢復雙向通車,,
https://news.ltn.com.tw/news/life/paper/919581,烏來成孤島 台九甲線又斷了,,
https://news.ltn.com.tw/news/local/paper/919669,蘇花搶通 自然步道封閉,,
https://news.ltn.com.tw/news/life/breakingnews/1459915,蘇花公路預計下午六點開通,,
https://news.ltn.com.tw/news/life/breakingnews/1459747,公路總局統計 受災12公路路況,,
https://news.ltn.com.tw/news/society/breakingnews/1459746,台9線蘇花公路 今晚18時前陸續搶通,,
https://news.ltn.com.tw/news/life/breakingnews/1459674,宜縣過半停電 林聰賢：全天停班停課主因,,
https://news.ltn.com.tw/news/life/breakingnews/1459522,杜鵑肆虐 全台18公路仍封閉,,
https://news.ltn.com.tw/news/life/breakingnews/1459505,蘇花公路多坍方  搶通時間未定,,
https://news.ltn.com.tw/news/life/paper/919308,東部漁產繞道南迴 運費有補助,,
https://news.ltn.com.tw/news/local/paper/919412,花蓮車站人潮擠爆 民批像逃難,,
https://news.ltn.com.tw/news/life/breakingnews/1458721,蘇花封路  花東漁產品運輸補助每公斤最多4元,,
https://news.ltn.com.tw/news/life/breakingnews/1458714,杜鵑來襲 公路總局公布全台封閉路段,,
https://news.ltn.com.tw/news/life/breakingnews/1458635,杜鵑 ┼ 超級月亮 全台各地警戒,,
https://news.ltn.com.tw/news/society/breakingnews/1458615,警：「前面封路，不能再走了！」蘇花12時預警封路有人硬闖,,
https://news.ltn.com.tw/news/life/breakingnews/1458563,「肉包鐵」遊客不怕落石 照衝台8線,,
https://news.ltn.com.tw/news/life/breakingnews/1458350,杜鵑颱風來襲 蘇花公路12時預警性封路,,
https://news.ltn.com.tw/news/local/paper/919170,杜鵑撲台 林聰賢憂淹水恐勝蘇迪勒,,
https://news.ltn.com.tw/news/life/breakingnews/1458063,杜鵑影響 交通異動、停辦活動一覽表（持續更新）,,
https://news.ltn.com.tw/news/society/breakingnews/1458079,遊覽車不慎撞山壁1傷 蘇花公路回堵5公里,,
https://news.ltn.com.tw/news/life/breakingnews/1457919,杜鵑襲台  國5提前湧現北返車潮,,
https://news.ltn.com.tw/news/society/breakingnews/1456644,蘇花公路自小客對撞2人輕傷 目前單線雙向通車,,
https://news.ltn.com.tw/news/life/paper/918571,中秋返鄉人潮 昨晚提前湧現,,
https://news.ltn.com.tw/news/society/breakingnews/1456457,蘇花公路自撞車禍駕駛不治 車潮回堵1小時,,
https://news.ltn.com.tw/news/life/breakingnews/1456344,獨家畫面》蘇花公路車禍 嚴重回堵近10公里,,
https://news.ltn.com.tw/news/society/breakingnews/1455801,蘇花公路和平隧道處 今早火燒山,,
https://news.ltn.com.tw/news/focus/paper/916180,震得心慌慌！ 地牛一天翻身29次,,
https://news.ltn.com.tw/news/life/breakingnews/1447052,1日地震32起 花蓮人嘸驚、其他民眾心驚驚,,
https://news.ltn.com.tw/news/society/breakingnews/1446940,蘇花122.8K落石砸小客車 已於21：10分搶通,,
https://news.ltn.com.tw/news/local/paper/915208,中客湧入 花蓮新城站旅客10年增28倍,,
https://news.ltn.com.tw/news/society/breakingnews/1443265,砂石車自撞山壁翻覆 蘇花公路單線雙向通行,,
https://talk.ltn.com.tw/article/breakingnews/1441237,自由開講》蘇花公路延宕無期 漠視花蓮人的聲音,,
https://news.ltn.com.tw/news/life/breakingnews/1439511,徒步環島27天 大學生看見「台灣最美的風景」,,
https://news.ltn.com.tw/news/life/breakingnews/1436218,蘇花改大缺工 疑受宜縣農舍趕建影響,,
https://news.ltn.com.tw/news/local/paper/912817,消防人力少3成 蘇花改救災隱憂,,
https://news.ltn.com.tw/news/life/paper/912678,創意團蘇花墜崖 司機罹難免國賠定讞,,
https://news.ltn.com.tw/news/society/breakingnews/1433994,創意旅行團蘇花墜崖 司機罹難判免國賠確定,,
https://news.ltn.com.tw/news/local/paper/912533,蘇花2路段施工 交管至18日,,
https://news.ltn.com.tw/news/society/breakingnews/1432104,疑似搶快超車不慎   BMW撞上遊覽車,,
https://art.ltn.com.tw/article/paper/912013,【旅遊】〈旅遊的滋味〉海洋之國──義大利阿瑪菲,,
https://news.ltn.com.tw/news/life/breakingnews/1429105,大雨不斷 蘇花公路坍方封閉搶修中,,
https://news.ltn.com.tw/news/life/paper/910985,蘇花改通車後 北花直達客運可望復駛,,
https://news.ltn.com.tw/news/life/breakingnews/1421146,台9甲14.5k至19.88k路段  預警性封閉,,
https://news.ltn.com.tw/news/local/paper/908800,天鵝掀巨浪 宜蘭山區道路視風雨封路,,
https://news.ltn.com.tw/news/politics/breakingnews/1413528,為國操勞略顯憔悴？馬英九：有那麼嚴重嗎？,,
https://news.ltn.com.tw/news/society/breakingnews/1410845,台鐵員工下班被撞身亡 警擴大追查肇事車輛,,
https://news.ltn.com.tw/news/focus/paper/906302,環島反課綱 許冠澤拜訪花縣教育處遭拒,,
https://news.ltn.com.tw/news/life/breakingnews/1406675,封閉2天 蘇花公路終於開放通行（影音）,,
https://news.ltn.com.tw/news/focus/paper/905135,「地在搖、房在晃」暴雨灌宜蘭 淹成水世界,,
https://news.ltn.com.tw/news/life/breakingnews/1405845,蘇花公路多處坍塌 明傍晚將可搶通,,
https://news.ltn.com.tw/news/life/breakingnews/1405180,花蓮強風 撤離3千多人、逾萬戶停電,,
https://news.ltn.com.tw/news/local/paper/904857,宜蘭3鄉鎮 昨晚500多戶停電,,
https://news.ltn.com.tw/news/life/paper/904733,颱風來襲 國內線班機離島船班 今全停,,
https://news.ltn.com.tw/news/local/paper/904843,鐵公路全封閉 花蓮成孤島,,
https://news.ltn.com.tw/news/life/breakingnews/1404935,蘇迪勒直撲而來 宜蘭撤離500多人,,
https://news.ltn.com.tw/news/life/breakingnews/1404870,蘇花、北宜公路封閉 國5客運今晚陸續停駛,,
https://news.ltn.com.tw/news/life/breakingnews/1404580,公路總局：全台16線公路陸續預警式封閉,,
https://news.ltn.com.tw/news/life/breakingnews/1404304,蘇迪勒挾豪雨強風 公路總局勸導旅客儘速下山,,
https://news.ltn.com.tw/news/life/breakingnews/1404310,蘇花公路下午4點預警性封路 車輛只出不進,,
https://news.ltn.com.tw/news/life/breakingnews/1404017,蘇迪勒颱風進逼 農友釋迦忙裝箱,,
https://news.ltn.com.tw/news/focus/paper/904615,蘇迪勒來襲 暴風圈籠罩全台,,
https://news.ltn.com.tw/news/life/breakingnews/1402964,蘇迪勒颱風來襲 活動、交通異動全覽（持續更新）,,
https://ent.ltn.com.tw/news/paper/904315,【流行消費】鐵男OG桑賀曾利隆 騎SUZUKI機車征戰寶島,,
https://auto.ltn.com.tw/news/3296,140 萬公里歐吉桑三度訪台！為 V-Strom1000 上市暖身,,
https://news.ltn.com.tw/news/local/paper/903600,交長︰有信心蘇花改106年底完工,,
https://news.ltn.com.tw/news/life/breakingnews/1399451,觀音菩薩得道日 蘇花改觀音隧道貫通,,
https://news.ltn.com.tw/news/life/breakingnews/1396950,第一座公路博物館開張 8/3開放參觀,,
https://news.ltn.com.tw/news/local/paper/901632,蘇花取締逆駛 1日17違規,,
https://news.ltn.com.tw/news/life/paper/900474,漢本遺址新文物出土 蘇花改通車恐延半年,,
https://news.ltn.com.tw/news/society/breakingnews/1388656,蘇花公路超車不慎 2車相撞3人傷 ,,
https://news.ltn.com.tw/news/society/breakingnews/1387467,灑水車閃警示燈 誤認可超車 結果...,,
https://auto.ltn.com.tw/news/3180,福特贊助「台灣，你好」環島紀錄片今啟程,,
https://ec.ltn.com.tw/article/breakingnews/1378481,國發會通過 明年重大公共建設公務預算1772億元,,
https://auto.ltn.com.tw/news/3104,福特贊助「台灣，你好」慢活紀錄片,,
https://news.ltn.com.tw/news/local/paper/897004,《基隆到都蘭》部落成年禮 8人接力跑300公里,,
https://news.ltn.com.tw/news/life/breakingnews/1375199,成年禮！8青少年5天接力300公里 從基隆跑回台東都蘭,,
https://news.ltn.com.tw/news/society/paper/896372,砂石車對撞機車 一屍兩命,,
https://sports.ltn.com.tw/news/breakingnews/1373209,單車》單車成年禮大集結 環島體驗台灣美,,
https://news.ltn.com.tw/news/society/breakingnews/1369860,閃避蘇花公路碎石 大型重機騎士犁田斷手,,
https://news.ltn.com.tw/news/life/breakingnews/1368848,另類機車環台 神明欽點3女俠超渡亡靈,,
https://news.ltn.com.tw/news/politics/breakingnews/1365371,7/1各報重點新聞一覽,,
https://news.ltn.com.tw/news/society/paper/894053,蘇花超車連環撞 轎車遭「活埋」2死4傷,,
https://news.ltn.com.tw/news/politics/breakingnews/1364745,6/30晚安新聞,,
https://news.ltn.com.tw/news/society/breakingnews/1364344,蘇花公路重大車禍 釀2死2命危2傷,,
https://news.ltn.com.tw/news/society/breakingnews/1364093,蘇花公路發生重大車禍 2死4輕重傷,,
https://news.ltn.com.tw/news/society/breakingnews/1363992,蘇花公路傳車禍 3傷2命危,,
https://news.ltn.com.tw/news/society/breakingnews/1357708,蘇花公路110.6K處車禍 單向雙線通行,,
https://news.ltn.com.tw/news/local/paper/888930,南安國中畢業體驗 划獨木舟最夯,,
https://news.ltn.com.tw/news/life/paper/886782,蘇花路基掏空？ 5年前舊照啦,,
https://news.ltn.com.tw/news/life/breakingnews/1334844,鋒面影響天氣不穩 蘇花路段防瞬間大雨,,
https://news.ltn.com.tw/news/life/paper/885223,中客遊覽車 今起需加裝GPS,,
https://news.ltn.com.tw/news/life/paper/885227,宜花今防大雨 明轉高溫炎熱,,
https://news.ltn.com.tw/news/life/breakingnews/1330960,連日豪雨 蘇花、中橫落石不斷,,
https://news.ltn.com.tw/news/local/paper/883557,解塞車苦 花蓮市郊將設2停車場,,
https://news.ltn.com.tw/news/life/paper/883179,僅中客遊覽車納GPS平台「國人不值錢」,,
https://news.ltn.com.tw/news/life/breakingnews/1300859,中央山脈群 油桐花白雪紛飛,,
https://news.ltn.com.tw/news/life/paper/875097,推動保理念 母女拉菜籃車環島,,
https://news.ltn.com.tw/news/local/paper/873821,行程太集中 中客塞爆火車站,,
https://news.ltn.com.tw/news/local/paper/873500,一日四震 高樓搖晃住戶尖叫,,
https://news.ltn.com.tw/news/local/paper/873508,強震＋豪雨 蘇花公路坍方,,
https://news.ltn.com.tw/news/focus/paper/873579,大台北「震」動最嚴重 學者：盆地效應,,
https://news.ltn.com.tw/news/life/breakingnews/1293036,今年最大6.3強震後 共有16起餘震,,
https://news.ltn.com.tw/news/politics/breakingnews/1292995,4/20晚安新聞,,
https://news.ltn.com.tw/news/life/breakingnews/1292999,全台整日4次有感地震 晚間40分鐘連3搖,,
https://news.ltn.com.tw/news/life/breakingnews/1292950,一晚連3震 宜蘭目前無災情,,
https://news.ltn.com.tw/news/life/breakingnews/1292550,6.3強震 各地傳零星災情 釀1死1傷,,
https://news.ltn.com.tw/news/life/breakingnews/1292556,地牛翻身好「震」撼！蘇花公路落石坍方,,
https://news.ltn.com.tw/news/life/breakingnews/1292289,國搜空勤直升機出動！空勘危險路段,,
https://news.ltn.com.tw/news/life/breakingnews/1292254,今年最強震！台鐵8000多名旅客受影響,,
https://news.ltn.com.tw/news/life/breakingnews/1292194,地牛翻身！6.3強震 宜蘭市天搖地動,,
https://news.ltn.com.tw/news/local/paper/871846,蘇花改遇斷層 通車再延一年,,
https://news.ltn.com.tw/news/politics/breakingnews/1284558,4/12各報重點新聞一覽,,
https://news.ltn.com.tw/news/life/paper/870858,不用炸藥改以機械挖掘/蘇花改武塔隧道 貫通,,
https://news.ltn.com.tw/news/life/breakingnews/1281898,蘇花公路武塔隧道 11日貫通,,
https://news.ltn.com.tw/news/life/paper/869983,蘇花改遇斷層帶 後年恐難完工,,
https://news.ltn.com.tw/news/life/breakingnews/1280803,蘇花改東澳段遇斷層帶 2017年完工添變數,,
https://news.ltn.com.tw/news/life/paper/869408,折翼天使郭韋齊 鐵馬長征花東,,
https://news.ltn.com.tw/news/life/breakingnews/1278965,沒有四肢又如何？「折翼天使」郭韋齊環島今抵宜蘭,,
https://news.ltn.com.tw/news/life/breakingnews/1278640,「再會啦！花蓮」 折翼天使今啟程北上礁溪,,
https://news.ltn.com.tw/news/local/paper/869269,連假到南方澳 遊客：車比魚多,,
https://art.ltn.com.tw/article/paper/868988,心靈花草茶》到山裡去,,
https://news.ltn.com.tw/news/society/paper/869046,瘋狗浪襲東海岸 2天5起溺水3死1危,,
https://news.ltn.com.tw/news/life/paper/868928,連假好天氣 出遊車輛卡卡卡,,
https://news.ltn.com.tw/news/society/breakingnews/1277470,中國籍北藝大女學生 花蓮戲水落海 送醫宣告不治,,
https://news.ltn.com.tw/news/life/breakingnews/1277364,連假次日國道多路段續塞 遊樂區周邊排長龍,,
https://news.ltn.com.tw/news/life/breakingnews/1277127,4/4各報重點新聞一覽,,
https://news.ltn.com.tw/news/life/paper/868687,清明連假首日 國道塞塞塞,,
https://news.ltn.com.tw/news/local/paper/868815,一九三縣道北埔公墓段 連假交管,,
https://news.ltn.com.tw/news/life/breakingnews/1276478,蘇花公路、國5南下卡卡 比過年還塞,,
https://ent.ltn.com.tw/news/breakingnews/1272730,《今日壽星》 張睿家30而立   被傳未婚生子絕口不談,,
https://talk.ltn.com.tw/article/breakingnews/1268448,開放民進黨》真假議題的迷思：南澳青年反高階核廢存置行動的迴響,,
https://news.ltn.com.tw/news/life/paper/865417,東部規模6地震 今年第2起,,
https://ent.ltn.com.tw/news/paper/864638,交通建設大邁進 東部土地交易熱,,
https://news.ltn.com.tw/news/local/paper/864741,疫禽趨緩 月底前解除境管,,
https://news.ltn.com.tw/news/society/paper/863482,休假警找老友 在蘇花遭輾斃,,
https://news.ltn.com.tw/news/society/breakingnews/1258891,蘇花公路車禍 休假警慘遭撞死,,
https://news.ltn.com.tw/news/society/breakingnews/1246175,廉政署微電影代言人 有請眉頭一皺李組長,,
https://news.ltn.com.tw/news/local/paper/857740,勇敢追夢 70歲黃竹南騎單車環島,,
https://news.ltn.com.tw/news/local/paper/857543,收假日國5還是塞 蘇花車流順,,
https://news.ltn.com.tw/news/society/breakingnews/1239528,收假了！蘇花公路花蓮端順暢,,
https://news.ltn.com.tw/news/focus/paper/857427,連塞2天 國道北上今預估還會塞,,
https://news.ltn.com.tw/news/society/breakingnews/1238929,蘇花返北大塞車 崇德段回堵3公里,,
https://news.ltn.com.tw/news/society/breakingnews/1238850,把握假期尾巴 年初四風景區附近路段壅塞 ,,
https://news.ltn.com.tw/news/focus/paper/857231,國道昨塞整天 今恐更塞,,
https://news.ltn.com.tw/news/local/paper/856858,宜蘭春節疏運 LINE群組緊盯,,
https://news.ltn.com.tw/news/local/paper/855359,麗娜輪春節輸運 藍色公路啟動,,
https://news.ltn.com.tw/news/local/paper/854464,境管鬆綁？ 宜蘭今起專案輸入活禽,,
https://news.ltn.com.tw/news/local/paper/853397,春節、二二八連假 國道客運停駛全程車,,
https://news.ltn.com.tw/news/society/breakingnews/1223510,蘇花公路落石擋道中斷50分鐘 23：20搶通,,
https://news.ltn.com.tw/news/life/breakingnews/1223509,蘇花127K落石坍方 雙線雙向停駛,,
https://news.ltn.com.tw/news/local/paper/852813,疫「禽」攻陷台東 宜縣持續境管,,
https://news.ltn.com.tw/news/local/paper/852048,國五春節疏運 礁溪將分流交管,,
https://news.ltn.com.tw/news/life/breakingnews/1220222,週休假期北部、東部雨勢趨緩 中南部好天氣,,
https://news.ltn.com.tw/news/local/paper/851767,包商倒閉 工程延後 蘇花改最快108年通車,,
https://news.ltn.com.tw/news/local/paper/851768,蘇花春節疏運 繞過市區避車潮,,
https://news.ltn.com.tw/news/local/paper/851462,蘇花、中橫、市區 春節交管,,
https://news.ltn.com.tw/news/local/paper/850877,蘇花公路2車對撞 4阿兵哥傷,,
https://news.ltn.com.tw/news/society/breakingnews/1216112,疑超車不慎 蘇花武塔路段車禍4人送醫,,
https://news.ltn.com.tw/news/society/breakingnews/1216063,蘇花公路傳車禍 4人受傷送醫,,
https://news.ltn.com.tw/news/local/paper/850385,載活禽闖宜蘭 北宜路攔車退運,,
https://playing.ltn.com.tw/article/1176,宜蘭／樂在宜蘭優閒之旅,,
https://news.ltn.com.tw/news/local/paper/849511,大南澳拒核廢料 揪團北上抗議,,
https://news.ltn.com.tw/news/life/breakingnews/1211678,拒核廢料進駐大南澳 宜蘭鄉親組織北上抗議,,
https://news.ltn.com.tw/news/local/paper/849201,花東除外 活禽、生雞糞明起境管,,
https://news.ltn.com.tw/news/life/breakingnews/1210762,防止禽流感疫禽擴大 宜縣採邊境管理,,
https://news.ltn.com.tw/news/society/paper/848893,車墜蘇花90米深谷 夫妻命大輕傷,,
https://news.ltn.com.tw/news/society/breakingnews/1209693,大批郵件被丟清水斷崖 中華郵政開除郵差,,
https://news.ltn.com.tw/news/society/breakingnews/1209519,休旅車墜山谷 肇事吊車駕駛垂降救傷者,,
https://news.ltn.com.tw/news/society/breakingnews/1209470,蘇花公路車禍 休旅車墜崖2人受傷獲救,,
https://news.ltn.com.tw/news/local/paper/848584,花現「阿嘉」？縣長農民曆整捆丟斷崖,,
https://news.ltn.com.tw/news/politics/breakingnews/1209198,1/19各報重點新聞一覽,,
https://news.ltn.com.tw/news/life/breakingnews/1208792,傅崐萁、王廷升印製的農民曆 被丟包清水斷崖,,
https://news.ltn.com.tw/news/local/paper/848145,活禽禁入境 花東聯合防堵,,
https://news.ltn.com.tw/news/local/paper/847870,禽流感延燒 花蓮境管活禽一週,,
https://news.ltn.com.tw/news/local/paper/847275,陸運中斷期間 交部啟動海運備援,,
https://news.ltn.com.tw/news/local/paper/844698,提早北返 蘇花公路好順,,
https://news.ltn.com.tw/news/focus/paper/844768,連假收假日 僅雪隧出現回堵車龍,,
https://news.ltn.com.tw/news/life/breakingnews/1196905,收假了！蘇花公路一路暢通,,
https://news.ltn.com.tw/news/life/paper/844391,轉眼又要收假了 早早上路避塞車,,
https://news.ltn.com.tw/news/local/paper/844068,連假首日 國五、蘇花公路南下塞爆,,
https://news.ltn.com.tw/news/local/paper/843790,國五連假凌晨不收費 估今早湧車潮,,
https://news.ltn.com.tw/news/local/paper/841852,清水斷崖清垃圾 竟用水柱沖下海,,
https://news.ltn.com.tw/news/local/paper/840762,假日施工 台九省道南澳市區塞爆,,
https://news.ltn.com.tw/news/local/paper/839965,清水斷崖壁上掛垃圾 清除高難度,,
https://news.ltn.com.tw/news/local/paper/837476,拓寬台9線 交通部補助16.6億,,
https://news.ltn.com.tw/news/life/paper/837110,千顆蘇花改貫通石 半小時秒殺,,
https://news.ltn.com.tw/news/life/breakingnews/1175831,蘇花改貫通石 千顆發放半小時秒殺,,
https://news.ltn.com.tw/news/focus/paper/836180,毛治國 爭議多照升官,,
https://news.ltn.com.tw/news/local/paper/833962,歐進義誓言 找回蘇澳榮景,,
https://news.ltn.com.tw/news/politics/breakingnews/1166954,歐進義巧扮金馬號司機 誓帶回蘇澳早年繁榮,,
https://news.ltn.com.tw/news/life/breakingnews/1160046,蘇花公路中午12時搶通,,
https://news.ltn.com.tw/news/life/breakingnews/1159925,蘇花公路落石不斷 上路前先查詢,,
https://news.ltn.com.tw/news/life/breakingnews/1159833,蘇花公路115.7k土石流 預計明日再搶通,,
https://news.ltn.com.tw/news/local/paper/829126,台鐵撤優惠 葉匡時挨批欺負花蓮人,,
https://news.ltn.com.tw/news/local/paper/825882,峽谷馬拉松續辦 預計湧入1.5萬人,,
https://news.ltn.com.tw/news/life/paper/825761,蘇花改首座主隧道 東岳隧道貫通,,
https://news.ltn.com.tw/news/life/breakingnews/1143533,蘇花改貫通首座隧道 東澳到蘇澳106年通車,,
https://news.ltn.com.tw/news/life/paper/824353,公路總局出書 感謝原民英雄,,
https://news.ltn.com.tw/news/life/paper/820485,預測失準 國慶車潮比中秋還塞,,
https://news.ltn.com.tw/news/local/paper/820350,雙十連假 蘇花南澳段疏導管制,,
https://ec.ltn.com.tw/article/breakingnews/1121856,房產》政府管控房市 資金往東部跑,,
https://news.ltn.com.tw/news/local/paper/818150,迎蘇花改通車 傅崐萁：積極拓寬聯外道,,
https://ent.ltn.com.tw/news/paper/817755,王菲普悠瑪初體驗 網友疑特權,,
https://news.ltn.com.tw/news/local/paper/816794,蘇花改通車前 193縣道先拓寬,,
https://news.ltn.com.tw/news/local/paper/815541,道路搶通 中橫、蘇花公路開放,,
https://news.ltn.com.tw/news/local/paper/815536,鳳凰輕掠農損小 太平山今開園,,
https://news.ltn.com.tw/news/life/breakingnews/1112199,蘇花公路落石清除 上午7點恢復開放,,
https://news.ltn.com.tw/news/local/paper/815253,鳳凰掃過 蘇花、中橫、台7封路,,
https://news.ltn.com.tw/news/life/breakingnews/1112076,鳳凰明早離台 海陸空交通持續受影響,,
https://news.ltn.com.tw/news/life/breakingnews/1111934,防颱危險 蘇花預警封路,,
https://news.ltn.com.tw/news/life/breakingnews/1111272,鳳凰影響 交通異動、停辦活動一覽表,,
https://art.ltn.com.tw/article/paper/813620,【家庭親子】〈植物大觀園〉沙岸植物 生存高手,,
https://news.ltn.com.tw/news/life/paper/813158,蘇花公路施工 交管5天,,
https://news.ltn.com.tw/news/society/breakingnews/1099543,退休所長步行環台祈福 5天走200公里,,
https://news.ltn.com.tw/news/society/breakingnews/1096541,男子清水斷崖落海 吊掛上岸已身亡,,
https://news.ltn.com.tw/news/life/breakingnews/1094959,單車環台國道 預計明年底完成,,
https://news.ltn.com.tw/news/life/paper/808532,中客自由行害慘 600導遊上街怒吼,,
https://news.ltn.com.tw/news/politics/breakingnews/1092288,中國客脫序罰台導遊 600人喊葉匡時下台,,
https://news.ltn.com.tw/news/local/paper/808072,蘇花8隧道裝監視設備 即起交管,,
https://news.ltn.com.tw/news/local/paper/804736,逆向誤闖隧道 對撞1死1重傷,,
https://news.ltn.com.tw/news/society/breakingnews/1081400,蘇花公路小客車大貨車對撞 一死一重傷,,
https://news.ltn.com.tw/news/society/breakingnews/1081247,蘇花公路貨車、小客車對撞 1重傷1無呼吸心跳,,
https://news.ltn.com.tw/news/local/paper/804105,和平溪大橋 橋面月底接合,,
https://art.ltn.com.tw/article/paper/801950,【旅遊】〈旅遊的滋味〉陽光飛舞的大洋路,,
https://news.ltn.com.tw/news/society/paper/801577,粉鳥林海灘撿石頭 男子溺斃,,
https://news.ltn.com.tw/news/local/paper/800462,扛三太子環台順利完賽 13歲許儹興：盡力就會成功,,
https://news.ltn.com.tw/news/life/breakingnews/1063785,蘇花公路恢復通車 車陣逾2公里,,
https://news.ltn.com.tw/news/local/paper/798572,宜蘭2萬8千多戶停電 農損4700萬,,
https://news.ltn.com.tw/news/life/breakingnews/1062970,7/24各報重點新聞一覽,,
https://news.ltn.com.tw/news/local/paper/798573,中橫白沙橋路段 路基淘空,,
https://news.ltn.com.tw/news/life/breakingnews/1062734,蘇花公路土石掩路面 明傍晚5點可望搶通,,
https://news.ltn.com.tw/news/life/breakingnews/1062675,麥德姆颱風遠離 活動、交通恢復狀況全覽,,
https://news.ltn.com.tw/news/life/breakingnews/1062237,水位暴漲封閉 花蓮大橋解除管制,,
https://news.ltn.com.tw/news/life/breakingnews/1062159,麥德姆狂掃花蓮南區 花東線仍停駛,,
https://news.ltn.com.tw/news/focus/paper/798366,暴風圈籠罩 海陸空交通全亂了,,
https://news.ltn.com.tw/news/local/paper/798294,宜縣》三村撤離 蘇花封路、台鐵停駛,,
https://news.ltn.com.tw/news/life/breakingnews/1061625,麥德姆來襲 海陸空交通大亂,,
https://news.ltn.com.tw/news/life/breakingnews/1061046,麥德姆颱風逼近 活動、交通異動全覽,,
https://news.ltn.com.tw/news/focus/paper/798026,麥德姆來勢洶洶 傍晚接觸陸地,,
https://news.ltn.com.tw/news/life/breakingnews/1060746,雙鐵面臨颱風來襲 風速過強皆將停駛,,
https://news.ltn.com.tw/news/society/breakingnews/1059688,蘇花和仁隧道砂石車擦撞車禍 大塞車,,
https://news.ltn.com.tw/news/local/paper/796656,平均67歲 16不老水手挑戰獨木舟,,
https://news.ltn.com.tw/news/life/breakingnews/1056244,不老水手划獨木舟 飽覽清水斷崖之美,,
https://news.ltn.com.tw/news/local/paper/796030,蘇花崇德步道下海階梯毀損 暫封閉,,
https://news.ltn.com.tw/news/society/paper/795053,尿急？負氣？婦墜崖30米卡樹救命,,
https://news.ltn.com.tw/news/society/breakingnews/1051588,疑尿急跌落蘇花山崖 女子獲救送醫,,
https://news.ltn.com.tw/news/society/breakingnews/1051510,路邊上廁所？！ 婦人墜落蘇花山崖,,
https://news.ltn.com.tw/news/life/breakingnews/1044027,28天走1005公里 九天三太子極限環台啟程,,
https://news.ltn.com.tw/news/politics/breakingnews/1042155,花東普悠瑪初體驗 馬英九讚「大確幸」,,
https://news.ltn.com.tw/news/local/paper/791077,改善南澳平交道 地方盼高架化,,
https://news.ltn.com.tw/news/life/breakingnews/1040520,南澳平交道改善 地方盼鐵路高架,,
https://news.ltn.com.tw/news/society/paper/789386,搶完警槍搶警車 內褲男飆蘇花,,
https://news.ltn.com.tw/news/society/breakingnews/1036014,自殺男搶警槍 警逮人,,
https://news.ltn.com.tw/news/local/paper/782360,蘇花東澳段施工 單線雙向通車,,
https://news.ltn.com.tw/news/life/breakingnews/1016971,蘇花東澳段施工 單線雙向通車,,
https://news.ltn.com.tw/news/local/paper/781939,《想像台灣》郭子乾關心政治 自認可當交通部長,,
https://news.ltn.com.tw/news/local/paper/781332,家扶志工媽 完成機車環台夢,,
https://news.ltn.com.tw/news/society/paper/781073,攜2子尋短? 小1童打卡洩母蹤,,
https://news.ltn.com.tw/news/society/breakingnews/1012711,震撼！光復鄉公所天花板塌了 女員工嚇哭,,
https://news.ltn.com.tw/news/local/paper/780437,因應蘇花改通車 規劃交通紓導,,
https://news.ltn.com.tw/news/local/paper/779093,因應蘇花改車潮 蘇澳箕山橋將拓寬,,
https://news.ltn.com.tw/news/local/paper/778793,首批綠能公車 下月初啟動,,
https://news.ltn.com.tw/news/local/paper/777134,紓解蘇花改車潮 2-18道路進度超前,,
https://news.ltn.com.tw/news/local/paper/777133,疏導蘇花改車流 規劃東西分流,,
https://news.ltn.com.tw/news/society/paper/776813,落石貫穿遊覽車 婦坐車內砸破頭,,
https://news.ltn.com.tw/news/society/breakingnews/1001606,蘇花落石砸遊覽車一女受傷,,
https://news.ltn.com.tw/news/society/breakingnews/999683,創意旅行團蘇花墜崖案 國賠案逆轉 公路局免賠,,
https://news.ltn.com.tw/news/local/paper/768110,蘇花改配套 拓寬花蓮民有街惹議,,
https://news.ltn.com.tw/news/society/paper/767851,疲勞駕駛墜橋 大學生1死4傷,,
https://art.ltn.com.tw/article/paper/766365,【自由副刊】在行經宜蘭的火車思想起,,
https://news.ltn.com.tw/news/local/paper/766151,強降雨邊坡不穩 最好別走蘇花,,
https://news.ltn.com.tw/news/local/paper/766157,當心豪雨 蘇花公路視情況封閉,,
https://news.ltn.com.tw/news/life/breakingnews/977212,對流雲系旺盛 東部豪雨特報,,
https://news.ltn.com.tw/news/life/breakingnews/977054,西半部高溫注意防曬 宜、花慎防豪雨,,
https://news.ltn.com.tw/news/local/paper/763896,蘇花暫封路 反服貿包車改搭火車,,
https://news.ltn.com.tw/news/local/paper/762255,太魯閣國家公園迎禁菸令 怕中國客難管,,
https://news.ltn.com.tw/news/local/paper/761976,白沙橋路段坍太大 才列危險道路,,
https://news.ltn.com.tw/news/local/paper/760630,3壯青騎中古機車 「凸」全台4次,,
https://news.ltn.com.tw/news/local/paper/758289,花東首條快速路評估 年底出爐,,
https://news.ltn.com.tw/news/local/paper/756849,山頭崩坍 曾重創佳民部落,,
https://news.ltn.com.tw/news/local/paper/756112,南澳平交道 蘇花瓶頸改善有譜,,
https://news.ltn.com.tw/news/local/paper/756115,蘇花改徵才 招募在地百名鄉親,,
https://ec.ltn.com.tw/article/paper/755930,遠雄來 今年EPS上看2元,,
https://news.ltn.com.tw/news/local/paper/755202,職業駕駛扮解說員 太管處開課,,
https://news.ltn.com.tw/news/local/paper/753795,騎獨輪車環島 南崁4勇腳圓夢,,
https://news.ltn.com.tw/news/local/paper/753519,〈送子招好孕？〉觀音隧道貫通石 民眾搶領,,
https://news.ltn.com.tw/news/life/breakingnews/948251,蘇花142K單線通車 台鐵視情況增停靠站,,
https://news.ltn.com.tw/news/local/paper/752189,蘇花2施工處 今起單線雙向通行,,
https://news.ltn.com.tw/news/focus/paper/751520,匝道儀控變嚴 民怨國道周圍打結,,
https://news.ltn.com.tw/news/focus/paper/751439,蘇花落石砸車 「變形金剛」照駛,,
https://news.ltn.com.tw/news/society/breakingnews/945731,新車走蘇花遇落石 駕駛命大駝石塊求援,,
https://news.ltn.com.tw/news/life/breakingnews/945683,下午瞬間大雨 國道傳多起追撞事故,,
https://news.ltn.com.tw/news/focus/paper/751342,騎獨輪車環島 學童新春挑戰自我,,
https://news.ltn.com.tw/news/life/paper/751168,初一現車潮 國道今明會更塞,,
https://news.ltn.com.tw/news/life/paper/751070,初一走春車潮 國道估湧250萬輛次,,
https://news.ltn.com.tw/news/society/breakingnews/944075,蘇花改包商 行賄不成反被判刑,,
https://news.ltn.com.tw/news/life/paper/750095,蘇花公路午後恢復雙線通行,,
https://news.ltn.com.tw/news/life/paper/750099,單車九天環島 「奇歷兒少」體悟美好,,
https://news.ltn.com.tw/news/life/breakingnews/941402,施工需要 蘇花142K明早9時封閉至11時,,
https://news.ltn.com.tw/news/society/paper/749172,3噸礦石砸死工人 母癌末6兒女待援,,
https://news.ltn.com.tw/news/local/paper/748559,蘇花公路春節停工 雙向通行,,
https://news.ltn.com.tw/news/society/paper/748271,悔嫁消防員：天天提心弔膽,,
https://news.ltn.com.tw/news/local/paper/747815,2月招末標 蘇花改將全面施工,,
https://news.ltn.com.tw/news/life/breakingnews/934502,花蓮縣府免費返鄉車票 13日再發餘票,,
https://auto.ltn.com.tw/news/427,OUTLANDER 台灣小歐俱樂部  168台熱血環島創紀錄,,
https://news.ltn.com.tw/news/local/paper/744677,發展基金補助麗娜輪?交部︰樂觀其成,,
https://news.ltn.com.tw/news/local/paper/744522,《為部落童募玩具》熱血延平青年 送愛心積木返鄉,,
https://news.ltn.com.tw/news/life/breakingnews/930379,金馬號小姐話當年 看長相還得會珠算,,
https://news.ltn.com.tw/news/society/paper/743665,16小時騎500公里 成大生衝跨年撞死,,
https://news.ltn.com.tw/news/society/breakingnews/928882,瘋跨年騎500公里 男大生撞柱身亡,,
https://news.ltn.com.tw/news/life/breakingnews/928244,因應元旦車流 蘇花施工交管暫停,,
https://news.ltn.com.tw/news/life/paper/741493,寒流來了 週五中部以北下探9 度,,
https://news.ltn.com.tw/news/life/breakingnews/924742,落石不斷 蘇花公路晚間緊急封閉,,
https://news.ltn.com.tw/news/life/breakingnews/924247,北部、東北部濕冷 明又有冷氣團報到,,
https://news.ltn.com.tw/news/life/breakingnews/924193,明白天略回溫 後天又有冷氣團來襲,,
https://news.ltn.com.tw/news/life/breakingnews/922912,蘇花公路開放夜間通行 明起日間仍交管,,
https://news.ltn.com.tw/news/local/paper/740016,落石不斷 蘇花武塔到漢本夜間封路,,
https://news.ltn.com.tw/news/local/paper/740017,路線變更 蘇花改將分段通,,
https://news.ltn.com.tw/news/life/breakingnews/921239,蘇花武塔至漢本 今晚至明晨預警性封閉,,
https://news.ltn.com.tw/news/life/breakingnews/920900,蘇花公路坍方 今中午12時單線雙向通車,,
https://news.ltn.com.tw/news/local/paper/739738,花蓮車站升為特等站 編制增41人,,
https://news.ltn.com.tw/news/life/breakingnews/920842,蘇花142K落石封路 預計明上午搶通,,
https://news.ltn.com.tw/news/local/paper/738428,蘇花改展示館開幕 參訪先預約,,
https://news.ltn.com.tw/news/local/paper/735413,台9及台11線 全面設自行車道,,
https://news.ltn.com.tw/news/local/paper/735137,日骨董車環台 搭麗娜輪北上,,
https://news.ltn.com.tw/news/local/paper/732953,綠癌肆虐 佳山基地、北埔油庫淪陷,,
https://news.ltn.com.tw/news/local/paper/731844,首批綠能公車 明年底啟用,,
https://news.ltn.com.tw/news/local/paper/730269,蘇花坍方 公路局緊急搶通,,
https://news.ltn.com.tw/news/local/paper/727091,零星落石已清 中橫蘇花小心走,,
https://news.ltn.com.tw/news/local/paper/723469,沈世宏視察蘇花改 要求保護遺址,,
https://news.ltn.com.tw/news/local/paper/722610,警隧道口開7槍 逮槍毒犯,,
https://news.ltn.com.tw/news/local/paper/720826,廂型車載藝品販賣 中客搶購,,
https://news.ltn.com.tw/news/life/breakingnews/879679,菲特進逼 全台明日上班課資訊,,
https://news.ltn.com.tw/news/local/paper/719225,〈蘇花改工程〉強風殺人 工人7樓高墜死,,
https://news.ltn.com.tw/news/local/paper/715816,中橫封路 今早八時視狀況解除,,
https://news.ltn.com.tw/news/local/paper/715588,宜縣山區大雨 台七、台七甲封路,,
https://news.ltn.com.tw/news/society/paper/714813,《卡樹叢救命》女中客拍照墜崖 險成遺照,,
https://news.ltn.com.tw/news/local/paper/713440,測速照相王 台11線44.6k奪冠,,
https://news.ltn.com.tw/news/local/paper/713441,自強國中玩科學 獲教學卓越銀獎,,
https://news.ltn.com.tw/news/local/paper/713125,峽谷音樂節 28日清水斷崖登場,,
https://news.ltn.com.tw/news/local/paper/713124,吉安中正路拓寬 打通知卡宣大道,,
https://news.ltn.com.tw/news/local/paper/711184,峽谷音樂節 斷崖、溪谷揚樂聲,,
https://news.ltn.com.tw/news/local/paper/710873,蘇花公路2車撞山壁 4傷,,
https://news.ltn.com.tw/news/focus/paper/710085,大雨搞軌 基北鐵路不平靜/暖暖土石淹軌 平溪列車遭石砸,,
https://news.ltn.com.tw/news/life/breakingnews/862698,蘇花時雨量逾百毫米 蘇澳至南澳封路,,
https://news.ltn.com.tw/news/life/breakingnews/862648,快訊】蘇花公路蘇澳至東澳段緊急封路,,
https://news.ltn.com.tw/news/local/paper/709457,蘇花昨晨撤封／颱風輕掠 太平山雨量僅35毫米,,
https://news.ltn.com.tw/news/life/breakingnews/861095,海豚沖上花蓮七星潭海灘 死因待查,,
https://news.ltn.com.tw/news/local/paper/709154,颱風來襲 未見三星蔥搶收,,
https://news.ltn.com.tw/news/local/paper/709156,易受災4鄉 國軍進駐,,
https://news.ltn.com.tw/news/life/paper/709030,蘇花公路 封路,,
https://news.ltn.com.tw/news/life/breakingnews/860762,康芮》輕颱挾大雨 蘇花6點後暫封閉,,
https://news.ltn.com.tw/news/local/paper/708548,3青年自我挑戰 徒步環島28天,,
https://news.ltn.com.tw/news/society/paper/708067,會車墜山谷 夫亡妻女傷,,
https://news.ltn.com.tw/news/society/breakingnews/858902,快訊】蘇花公路傳墜谷 救起一對母子,,
https://news.ltn.com.tw/news/local/paper/707237,宜蘭童玩節 今繼續休園,,
https://news.ltn.com.tw/news/life/breakingnews/857268,潭美》雨勢驚人 各地道路陸續封閉,,
https://news.ltn.com.tw/news/life/breakingnews/857174,潭美》南投信義鄉部分路段下午5時預警性封閉,,
https://news.ltn.com.tw/news/life/breakingnews/857125,潭美》颱風影響加劇 蘇花下午3時封閉,,
https://news.ltn.com.tw/news/local/paper/706976,防颱搶收 三星蔥拍賣價飆,,
https://news.ltn.com.tw/news/life/breakingnews/856487,蘇花等宜花山區道路 依雨量預警性封閉,,
https://news.ltn.com.tw/news/local/paper/706527,滑板15天 4青年凸全台灣,,
https://news.ltn.com.tw/news/local/paper/703398,麗娜輪備援或定期航線？ 充滿變數,,
https://news.ltn.com.tw/news/local/paper/703397,麗娜輪啟航 蘇花藍色公路開通,,
https://news.ltn.com.tw/news/local/paper/703396,麗娜輪抵蘇澳 遊客讚安穩,,
https://news.ltn.com.tw/news/local/paper/701754,蘇花岩盤掏空 網友PO照喊恐怖,,
https://news.ltn.com.tw/news/local/paper/700487,扛三太子環島 摔斷牙也甘願,,
https://news.ltn.com.tw/news/local/paper/696463,蘇花中橫 昨解除封路,,
https://news.ltn.com.tw/news/life/breakingnews/837115,菜價今跌2成 後市視災情而定,,
https://news.ltn.com.tw/news/focus/paper/696301,五楊高架封閉 國內外航班多異動,,
https://news.ltn.com.tw/news/life/breakingnews/836987,蘇力》公路總局預警性封閉17處路段,,
https://news.ltn.com.tw/news/life/breakingnews/836917,蘇力》公路總局預警性封閉15處路段,,
https://news.ltn.com.tw/news/life/breakingnews/836846,蘇力》公路總局更新預警性封閉道路路段,,
https://news.ltn.com.tw/news/life/breakingnews/836769,蘇力》台鐵東幹線停駛 五楊高架23時封閉,,
https://news.ltn.com.tw/news/life/breakingnews/836762,蘇力》今入夜前 12條公路預警性封閉,,
https://news.ltn.com.tw/news/local/paper/695993,遊客觀望 花蓮未見退房潮,,
https://news.ltn.com.tw/news/local/paper/695992,蘇花中橫 不排除預警性封路,,
https://news.ltn.com.tw/news/focus/paper/696048,颱風動態資訊看板,,
https://news.ltn.com.tw/news/local/paper/695356,原童搶入蓬萊國小附幼 宜縣議員促增班,,
https://news.ltn.com.tw/news/society/breakingnews/824013,鐵鉤砸破擋風玻璃 男險遭殃,,
https://news.ltn.com.tw/news/life/breakingnews/815581,搶修近半年 蘇花公路明正常通行,,
https://news.ltn.com.tw/news/society/breakingnews/814770,快訊】水泥車蘇花公路翻覆 1傷,,
https://news.ltn.com.tw/news/local/paper/683138,蘇花115.8公里 月底雙線雙向通車,,
https://news.ltn.com.tw/news/local/paper/681403,緊急醫療站開張 澳花在地有夜診,,
https://news.ltn.com.tw/news/life/paper/680389,蘇花公路為何常下雨 英特爾科展 建中生抱大獎,,
https://news.ltn.com.tw/news/local/paper/680241,蘭陽隧道口易滑 公路單位將改善,,
https://news.ltn.com.tw/news/local/paper/679958,藍色公路試航 麗娜輪抵花 盼常態營運,,
https://news.ltn.com.tw/news/local/paper/679341,蘇花藍色公路 麗娜輪明試航,,
https://news.ltn.com.tw/news/local/paper/678684,花蓮郵局 多繞300公里送信,,
https://news.ltn.com.tw/news/local/paper/677903,台鐵人車同行 申請增加,,
https://news.ltn.com.tw/news/local/paper/677902,中橫坍方土石 清除需100天,,
https://sports.ltn.com.tw/news/paper/677782,蘇花公路及時搶通 象大巴不用700公里長征,,
https://news.ltn.com.tw/news/life/breakingnews/805053,中橫仍不通 公路總局：7日內搶通,,
https://sports.ltn.com.tw/news/paper/677483,蘇花若不通 象大巴啟動「700公里長征」,,
https://news.ltn.com.tw/news/local/paper/677251,《新聞分析》定期vs.備援 「錢」途不明,,
https://news.ltn.com.tw/news/local/paper/677250,《交通備援機制》蘇花藍色公路 14日試航,,
https://news.ltn.com.tw/news/life/breakingnews/803796,蘇花中斷 台鐵視情況機動加開列車,,
https://news.ltn.com.tw/news/local/paper/676919,蘇花中斷 蔬果運費補助啟動,,
https://news.ltn.com.tw/news/life/paper/676799,蘇花、中橫公路又斷了,,
https://news.ltn.com.tw/news/life/breakingnews/803283,對流雲系旺盛 氣象局發豪雨特報,,
https://news.ltn.com.tw/news/society/breakingnews/803042,蘇花落石砸隧道坍方 最快9日搶通,,
https://news.ltn.com.tw/news/society/paper/676414,旁邊就是海…2人蘇花公路墜崖,,
https://news.ltn.com.tw/news/local/paper/675846,視察蘇花改 花縣長：以雪隧為鑑,,
https://news.ltn.com.tw/news/local/paper/675273,〈同禮部落小檔案〉 僅存20餘戶 保有太魯閣原始生活,,
https://news.ltn.com.tw/news/local/paper/675121,《搭訕檳榔西施 夢想實現》AIT高雄分處長 單車環島,,
https://news.ltn.com.tw/news/local/paper/672175,象鼻隧道岩壁被打洞 網友心疼,,
https://news.ltn.com.tw/news/local/paper/670152,軍陣醫療大樓啟用 完善2鄉照護,,
https://news.ltn.com.tw/news/local/paper/669863,賞峽谷更安全 太管處擬斥資45億,,
https://news.ltn.com.tw/news/local/paper/668616,《60尊關公同車》全台82宮廟神明 駐駕桃市,,
https://news.ltn.com.tw/news/local/paper/668394,貨車「橫躺」蘇花 交通一度全斷,,
https://news.ltn.com.tw/news/life/breakingnews/788527,大貨車橫躺蘇花公路斷 搶通後單線雙向通行,,
https://news.ltn.com.tw/news/local/paper/668154,《大雨掃遊興》花蓮掃墓車多 遊客下滑,,
https://news.ltn.com.tw/news/local/paper/667039,《駕駛當心》 大客車注意路段 花蓮增17條,,
https://news.ltn.com.tw/news/local/paper/664510,疑酒駕撞路樹 釀1死3傷,,
https://talk.ltn.com.tw/article/paper/664549,自強號應訂定不同票價,,
https://news.ltn.com.tw/news/focus/paper/664031,搭火車變貴 太魯閣普悠瑪喊漲,,
https://news.ltn.com.tw/news/life/paper/663561,獨輪車9天環台 陳創新夠創新,,
https://news.ltn.com.tw/news/local/paper/661944,吉安光華垃圾轉運站飄臭 民怨連連,,
https://news.ltn.com.tw/news/local/paper/661307,垃圾無處去╱利澤焚化廠歲修 4500噸難清運,,
https://news.ltn.com.tw/news/local/paper/661013,蘇花火燒車案 初步認定夫妻雙亡,,
https://news.ltn.com.tw/news/society/paper/660726,〈殺人焚屍？〉車外澆汽油 蘇花驚見兩焦屍,,
https://news.ltn.com.tw/news/society/breakingnews/775839,快訊】蘇花公路火燒車 車內2焦屍,,
https://news.ltn.com.tw/news/local/paper/658690,長隧道趕工 蘇花改關鍵 拚106年通車,,
https://news.ltn.com.tw/news/local/paper/655891,觀光業榮衰 影響花蓮稅收甚鉅,,
https://news.ltn.com.tw/news/local/paper/655890,《觀光復甦》去年稅收增10億 旅遊業貢獻大,,
https://news.ltn.com.tw/news/life/breakingnews/766359,蘇花115.8公里再搶修　5月底完工,,
https://news.ltn.com.tw/news/local/paper/654914,開市供應量足 本地蔬菜物美價廉,,
https://news.ltn.com.tw/news/local/paper/654614,收假-蘇花公路暢通 車潮像「平日」,,
https://news.ltn.com.tw/news/focus/paper/654219,景點人潮塞爆 名產店人龍綿延,,
https://news.ltn.com.tw/news/focus/paper/654021,初三出遊潮 國道上看300萬車次,,
https://news.ltn.com.tw/news/focus/paper/653848,初一出遊熱 國道恐擠230萬輛車,,
https://news.ltn.com.tw/news/life/paper/653569,下大雨 蘇花不排除封路,,
https://news.ltn.com.tw/news/local/paper/653419,觀光復甦╱去年遊客890萬人次 歷年第2高,,
https://news.ltn.com.tw/news/local/paper/653420,蘇花改緩衝期 先提升品質,,
https://news.ltn.com.tw/news/local/paper/653422,吉安首班返鄉專車 坐不到一半,,
https://news.ltn.com.tw/news/focus/paper/653455,花東火車一票難求 藝品店壟斷15萬張,,
https://news.ltn.com.tw/news/local/paper/653109,《春節返鄉》初四、初五 國5高承載,,
https://news.ltn.com.tw/news/local/paper/653113,一天800人次 鐵公路聯運不叫座,,
https://news.ltn.com.tw/news/life/breakingnews/760976,蘇花公路降雨多　路況不佳須留意,,
https://news.ltn.com.tw/news/focus/paper/652031,一紙新聞稿就要下台？ 陳揆：事前已與府方協調好,,
https://news.ltn.com.tw/news/local/paper/651970,《列優先施工》蘇花改東澳段 地方聲聲催,,
https://news.ltn.com.tw/news/focus/paper/652030,準閣揆江宜樺 閉門喬人事,,
https://news.ltn.com.tw/news/life/breakingnews/760640,快訊】蘇花公路清水段車禍　遊覽車自撞山壁,,
https://news.ltn.com.tw/news/local/paper/651430,蘇花通車！4500噸垃圾運宜蘭 要耗30天,,
https://news.ltn.com.tw/news/focus/paper/651490,毛治國點子王 更上層樓,,
https://news.ltn.com.tw/news/local/paper/651431,春節中橫交通疏導 採機動管制,,
https://news.ltn.com.tw/news/local/paper/651106,蘇澳─大坑橋段／防積水毀路基 蘇花設透空性護欄,,
https://news.ltn.com.tw/news/local/paper/651109,農產運費補助╱縣府︰過年前應可發放,,
https://news.ltn.com.tw/news/local/paper/651105,《春節運輸》紓解國5壅塞 3客運增班次,,
https://news.ltn.com.tw/news/local/paper/650814,《乾旱警訊》無降雨日 50年來增加50天,,
https://news.ltn.com.tw/news/life/breakingnews/758698,蘇花明通車　段長最想和家人團聚,,
https://talk.ltn.com.tw/article/paper/650242,「人間愉快」作文,,
https://talk.ltn.com.tw/article/paper/650004,總統，花蓮人的車票呢？,,
https://news.ltn.com.tw/news/life/paper/649256,蘇花公路 30日恢復雙向通行,,
https://news.ltn.com.tw/news/life/paper/649254,春節返鄉訂無火車票 花蓮再槓中央,,
https://news.ltn.com.tw/news/society/breakingnews/756419,蘇花坍方搶救成功　30日起雙向通車,,
https://news.ltn.com.tw/news/life/breakingnews/755460,搶修進度超前　蘇花月底通車有望,,
https://news.ltn.com.tw/news/politics/breakingnews/755174,1/22各報重點新聞一覽,,
https://news.ltn.com.tw/news/local/paper/648503,秀林返鄉專車 今年停辦,,
https://news.ltn.com.tw/news/politics/paper/648532,東澳嶺雷達站恐坍塌 空軍︰基地安全無虞,,
https://news.ltn.com.tw/news/life/breakingnews/754235,蘇花搶修超前　月底放行20噸以下車輛,,
https://news.ltn.com.tw/news/local/paper/647777,春節訂房夯╱初一到初四 飯店民宿多客滿,,
https://news.ltn.com.tw/news/local/paper/647778,來花蓮圍爐 漸受遊客歡迎,,
https://news.ltn.com.tw/news/local/paper/647181,蘇花斷生意慘 罹病菜農借貸過活,,
https://news.ltn.com.tw/news/local/paper/646870,《搶拍賣時間》蔬果專車 提前1小時出發,,
https://news.ltn.com.tw/news/life/breakingnews/752141,蘇花封路　砂石車堵入口抗議,,
https://news.ltn.com.tw/news/local/paper/646570,返鄉專車秒殺╱2分鐘額滿 民怨四起,,
https://news.ltn.com.tw/news/local/paper/646255,返鄉專車搶票 設籍花蓮 限購二張,,
https://news.ltn.com.tw/news/life/breakingnews/751033,蘇花公路管制　今上午恢復4小時通行,,
https://news.ltn.com.tw/news/local/paper/646014,蘇花大坑橋段又坍 近日少走,,
https://news.ltn.com.tw/news/life/breakingnews/750673,快訊】蘇花又坍　車輛禁止通行,,
https://news.ltn.com.tw/news/local/paper/645765,蘇花路斷 人車同行沒增加,,
https://news.ltn.com.tw/news/focus/paper/645826,火大麵包火大帽 嗆馬飆創意,,
https://news.ltn.com.tw/news/local/paper/645769,蘇花蘇澳-東澳通行管制 原則上照常,,
https://news.ltn.com.tw/news/life/breakingnews/750300,蘇花土石坍方動彈不得　公路局即時簡訊滅火,,
https://news.ltn.com.tw/news/local/paper/645461,蘇花路況險 單車族轉戰中橫,,
https://news.ltn.com.tw/news/local/paper/645460,路斷新商機 包小黃遊花蓮正夯,,
https://news.ltn.com.tw/news/local/paper/645162,無人飛機勘災╱自強國中航空社 教長肯定,,
https://news.ltn.com.tw/news/local/paper/644838,扛「三太子」跑步環島 法國作家抵宜,,
https://news.ltn.com.tw/news/society/paper/643729,中橫便道落石殺人 救護車拒載屍,,
https://news.ltn.com.tw/news/local/paper/643437,拚春節前搶通／蘇花延長開放？ 工務段難配合,,
https://news.ltn.com.tw/news/life/breakingnews/746323,蘇花公路搶修　觀光業憂春節假期慘澹,,
https://news.ltn.com.tw/news/life/breakingnews/746088,蘇花封路搶修　估農曆年前搶通,,
https://news.ltn.com.tw/news/local/paper/642819,《元旦豎中指》台西橋還不修 居民罵翻,,
https://news.ltn.com.tw/news/life/paper/642780,高鐵搭乘人次 創單日新高,,
https://news.ltn.com.tw/news/life/breakingnews/745854,蘇花明午後再搶修　後日起僅開放4小時,,
https://news.ltn.com.tw/news/life/paper/642540,收假了！ 國道今北上易塞,,
https://news.ltn.com.tw/news/local/paper/642409,路斷拚生機 花蓮住飯店 滿千元抽汽車,,
https://news.ltn.com.tw/news/life/breakingnews/744890,國道塞車加劇　休息站停車場也塞滿,,
https://news.ltn.com.tw/news/local/paper/642207,假日車潮未現 蘇花公路昨暢通,,
https://news.ltn.com.tw/news/local/paper/642205,南澳花海迎賓╱綿延70公頃 連假來樂活,,
https://news.ltn.com.tw/news/local/paper/642206,花東花海季 花漾便當搶鮮嘗,,
https://news.ltn.com.tw/news/life/paper/642115,元旦連假首日國道塞爆,,
https://news.ltn.com.tw/news/life/paper/641841,蘇花放行5天 用路人：真好,,
https://news.ltn.com.tw/news/life/breakingnews/744412,蘇花公路今放行　小型車一早排隊,,
https://3c.ltn.com.tw/news/8151,中華電信提供高品質可靠網路守護蘇花公路用路人安全,,
https://news.ltn.com.tw/news/life/paper/641570,提前搶通 蘇花公路今開放小型車通行,,
https://news.ltn.com.tw/news/life/breakingnews/743596,蘇花公路明午1時通車　限開放小客車通行,,
https://news.ltn.com.tw/news/life/paper/641029,蘇花提前搶通 週五開放小客車,,
https://news.ltn.com.tw/news/politics/breakingnews/742485,12/25各報重點新聞一覽,,
https://news.ltn.com.tw/news/life/paper/640764,交部明年將評估花東快速路可行性／蘇花路搶修 最快29日通行小客車,,
https://news.ltn.com.tw/news/local/paper/640853,17種甘藷排排站 新品種叫有夠鬆,,
https://news.ltn.com.tw/news/focus/paper/640654,蘇花路斷 馬搭專機到花蓮跑黨務／綠：無感總統 為何不搭火車,,
https://news.ltn.com.tw/news/politics/paper/640417,馬今搭空軍一號訪花 國民黨防在地嗆聲,,
https://news.ltn.com.tw/news/life/breakingnews/741492,元旦假期疏運人潮　雙鐵加開班次,,
https://talk.ltn.com.tw/article/paper/640190,台上恩主公 台下夢周公,,
https://news.ltn.com.tw/news/local/paper/639881,交通陷困境 綠號召1.13北上抗議,,
https://news.ltn.com.tw/news/local/paper/639880,北迴線一票難求╱毛治國︰明年解決,,
https://news.ltn.com.tw/news/life/paper/639765,搭台鐵訪花 交長被嗆/火車票難買 立委縣長互槓,,
https://news.ltn.com.tw/news/local/paper/640023,《跨年缺房》市府擬徵調香客大樓,,
https://news.ltn.com.tw/news/life/breakingnews/740762,蘇花中斷交通　台鐵加開班次因應,,
https://news.ltn.com.tw/news/life/paper/639275,元旦4天連假 國道0~7時免收費,,
https://news.ltn.com.tw/news/life/breakingnews/739417,蘇花斷　綠委籲開放藍色公路,,
https://news.ltn.com.tw/news/local/paper/639092,【看問題】路斷…非第一次 應變…仍無機制,,
https://news.ltn.com.tw/news/local/paper/639091,退房逾5成…花蓮業者4訴求 向中央呼救,,
https://news.ltn.com.tw/news/local/paper/639093,蘇花路斷改搭機 限時、限掛反而早到,,
https://news.ltn.com.tw/news/local/paper/639057,元旦連假 鐵公路、飛機運輸多客滿,,
https://news.ltn.com.tw/news/local/paper/638631,《蘇花公路搶修》花蓮、蘇澳新站現人潮,,
https://news.ltn.com.tw/news/politics/breakingnews/738007,12/15各報重點新聞一覽,,
https://news.ltn.com.tw/news/life/paper/638301,連續降雨33// 蘇花路基流失 拚元旦前搶通,,
https://news.ltn.com.tw/news/local/paper/638419,蘇花路斷╱元旦退房率 恐逾5成,,
https://news.ltn.com.tw/news/local/paper/638420,台鐵加開班次 疏運花蓮旅客,,
https://news.ltn.com.tw/news/life/breakingnews/737884,蘇花公路交通中斷　鐵路、航空增加班次疏運,,
https://news.ltn.com.tw/news/life/breakingnews/737587,蘇花路基嚴重淘空　搶通至少1個月　,,
https://news.ltn.com.tw/news/local/paper/638158,憂廢棄物無處暫存 旅館業陳情,,
https://news.ltn.com.tw/news/society/breakingnews/735258,近年遊覽車事故　2006年梅嶺最嚴重,,
https://news.ltn.com.tw/news/society/breakingnews/731934,騎機車環島　騎士慘遭砂石車輾斃,,
https://news.ltn.com.tw/news/life/breakingnews/718161,稚兒喊話「想要健康爸爸」　癌友單車環島拚健康,,
https://news.ltn.com.tw/news/life/paper/626781,蘇花改生態停工機制 花蓮議員批,,
https://talk.ltn.com.tw/article/paper/626379,蕭美琴「藍色蘇花」有創意,,
https://news.ltn.com.tw/news/local/paper/626322,航程1小時 立委推動海上蘇花高,,
https://news.ltn.com.tw/news/local/paper/626100,車禍遺愛》兄亡，捐眼角膜 弟傷，受贈腿骨,,
https://news.ltn.com.tw/news/life/paper/624683,「最好搭火車」 公路總局建議 鐵馬勿上蘇花,,
https://news.ltn.com.tw/news/life/paper/624200,峽谷音樂節 移師清水斷崖,,
https://news.ltn.com.tw/news/politics/breakingnews/710872,10/19各報重點新聞一覽,,
https://news.ltn.com.tw/news/local/paper/623003,1天推進2公尺 蘇花改 隧道工程順利,,
https://news.ltn.com.tw/news/local/paper/622163,考量醫療、農產運銷//副議長 爭取東花快速道路,,
https://news.ltn.com.tw/news/local/paper/621255,《蘇花改和中大清水段》可望提前半年通車,,
https://news.ltn.com.tw/news/local/paper/620956,北埔火車站》頭頂國旗飄 中客拍入鏡,,
https://news.ltn.com.tw/news/local/paper/620964,1年多無進展 中橫消防分隊恐難產,,
https://news.ltn.com.tw/news/local/paper/620524,中國旅遊團食物中毒 15人送醫,,
https://news.ltn.com.tw/news/life/breakingnews/704871,食物遭污染？　美觀園暫停供餐,,
https://news.ltn.com.tw/news/society/breakingnews/704614,快訊】中國團集體食物中毒　15人送醫,,
https://news.ltn.com.tw/news/local/paper/619215,教學遇瘋狗浪 社大學員1死,,
https://news.ltn.com.tw/news/society/paper/618268,黑澀會薔薔反控男友／分手跟蹤侵住所 藏衣櫃遞出紙條,,
https://news.ltn.com.tw/news/local/paper/617705,安居隱憂 蘇花改經土石流區,,
https://news.ltn.com.tw/news/local/paper/617001,《閱讀延伸》蘇花改和平溪橋 進度超前逾10％,,
https://news.ltn.com.tw/news/local/paper/617000,《砂石車禁行蘇花改》運礦砂 鐵路、海運為主,,
https://news.ltn.com.tw/news/local/paper/616476,《海灘聽音樂》峽谷音樂節 首次移師清水斷崖,,
https://news.ltn.com.tw/news/society/paper/615455,兩釣客兄弟 弟落海失蹤,,
https://news.ltn.com.tw/news/society/breakingnews/695709,男釣客蘇花落海失蹤　明早將持續搜救,,
https://news.ltn.com.tw/news/local/paper/615061,小鐵人探險隊 用行動愛台灣,,
https://news.ltn.com.tw/news/politics/breakingnews/694373,陳雲林訪花　法輪功學員抗議如影隨行,,
https://news.ltn.com.tw/news/society/paper/613459,違家暴法 夫追妻不起訴,,
https://news.ltn.com.tw/news/society/breakingnews/687426,快訊》遊覽車撞山壁　司機受傷送醫,,
https://news.ltn.com.tw/news/life/breakingnews/686785,天秤》阿里山公路　晚間6點30分封閉,,
https://news.ltn.com.tw/news/life/paper/610210,8月颱風接力來//打趴生意 風景區飯店哀鴻遍野,,
https://news.ltn.com.tw/news/life/breakingnews/685227,天秤》天秤緩步　遊樂園區休園損失上百萬,,
https://news.ltn.com.tw/news/life/breakingnews/685097,國5頭城收費站暫停收費　台鐵北迴、花東、南迴線停駛,,
https://news.ltn.com.tw/news/life/breakingnews/684848,菜比水果貴！　短期葉菜續漲,,
https://news.ltn.com.tw/news/focus/paper/609489,部分航班停飛 蘇花預警封路,,
https://news.ltn.com.tw/news/life/breakingnews/684584,天秤》航空、航運明（23）日營運狀況一覽,,
https://news.ltn.com.tw/news/life/breakingnews/684582,天秤》颱風來襲　多路段今晚預警性封閉,,
https://news.ltn.com.tw/news/life/breakingnews/684402,天秤來勢洶洶　花蓮秀林今晚將強制撤離,,
https://news.ltn.com.tw/news/life/paper/607273,台東往返蘭嶼綠島客輪今停駛,,
https://news.ltn.com.tw/news/life/breakingnews/680961,啟德進逼　蘇花公路明晚預警性封閉,,
https://news.ltn.com.tw/news/life/paper/606302,蘇花、台7甲 全線搶通,,
https://news.ltn.com.tw/news/local/paper/605859,《擬徵觀光稅》業者開罵 活在「天龍國」,,
https://news.ltn.com.tw/news/life/paper/605494,蘇花搶通前 台鐵每天加開7班列車,,
https://news.ltn.com.tw/news/life/paper/605493,5個步島翁 男大生40天徒步環島,,
https://news.ltn.com.tw/news/local/paper/605577,土石流隱憂 民享部落山坡像貓抓痕,,
https://news.ltn.com.tw/news/local/paper/605037,三星紅龍果無果可採 農民盼救助,,
https://news.ltn.com.tw/news/local/paper/605036,災後搶修 中橫今起交管 台7甲週五通車,,
https://news.ltn.com.tw/news/life/paper/604746,公路崩壞觀光斷//蘇花公路中斷 阿里山公路坍方,,
https://news.ltn.com.tw/news/politics/paper/604841,〈一週國際大事〉2012年7月29日至8月4日,,
https://news.ltn.com.tw/news/local/paper/604883,《地產地銷》248市集在地化 邀大台北農友,,
https://news.ltn.com.tw/news/life/breakingnews/676205,民眾自費請秀林災區喝果汁　網友盛讚,,
https://news.ltn.com.tw/news/politics/breakingnews/676008,8/4各報重點新聞一覽,,
https://news.ltn.com.tw/news/life/paper/604487,19處道路仍封閉 北迴線南澳－崇德段搶通,,
https://news.ltn.com.tw/news/local/paper/604592,《送物資到秀林》 鐵路搶通 孤島危機解除,,
https://news.ltn.com.tw/news/life/breakingnews/675855,公路總局解除部分封路　推出道路通阻APP,,
https://news.ltn.com.tw/news/society/breakingnews/675511,秀林成孤島　直升機急送物資病患,,
https://news.ltn.com.tw/news/focus/paper/604410,土石流重創鐵公路,,
https://news.ltn.com.tw/news/focus/paper/604378,蘇拉2度登陸 5死2失蹤// 雨量驚人 63測站單日破500毫米,,
https://news.ltn.com.tw/news/local/paper/604348,山崩路塌橋斷／宜蘭2死15傷 9千戶停電,,
https://news.ltn.com.tw/news/focus/paper/604399,阿嬤被毒蛇咬 火車維修車送醫,,
https://news.ltn.com.tw/news/focus/paper/604398,「颱風就在我們家門口！」防災連線漏花蓮 縣長轟馬,,
https://news.ltn.com.tw/news/life/breakingnews/675390,蘇拉》最新路況　50處路段封閉阻斷,,
https://news.ltn.com.tw/news/life/breakingnews/675321,蘇拉》宜、花省道災情重　蘇花4日搶通,,
https://news.ltn.com.tw/news/life/breakingnews/675033,蘇拉》颱風襲台　海陸空交通大停擺,,
https://news.ltn.com.tw/news/local/paper/604251,蘇花再封 逾三天將啟動運費補助,,
https://news.ltn.com.tw/news/life/paper/604038,狂風浪吞噬泊港抽砂船,,
https://news.ltn.com.tw/news/life/breakingnews/674783,快訊】公路總局預警性封閉蘇花公路等8路段,,
https://news.ltn.com.tw/news/local/paper/603843,「落石坍方不斷」中橫、蘇花公路 預警性封路,,
https://news.ltn.com.tw/news/life/breakingnews/674076,40條土石流黃色警戒線　都在宜蘭縣,,
https://auto.ltn.com.tw/news/50,LUXGEN5 Sedan 7天24小時史上最強嚴測活動  完美達成任務,,
https://news.ltn.com.tw/news/local/paper/599352,繞蘇澳一圈 「復刻金馬號」今明上路,,
https://news.ltn.com.tw/news/local/paper/599111,暑假租車夯／公務單位出差 租不到車,,
https://news.ltn.com.tw/news/local/paper/598852,〈蘇花公路〉隧道口超車連環撞 3傷,,
https://news.ltn.com.tw/news/society/paper/597819,中國團近3年在台重大車禍表,,
https://news.ltn.com.tw/news/society/paper/594002,〈抓姦爆料〉害營長被拔官 人夫賠20萬,,
https://news.ltn.com.tw/news/local/paper/593435,防颱總動員／地震湊熱鬧 連5起有感,,
https://news.ltn.com.tw/news/focus/paper/593213,氣象專家談泰利／穿越台海西南颱 威力如猛龍,,
https://news.ltn.com.tw/news/life/paper/592770,森林遊樂區休園,,
https://news.ltn.com.tw/news/politics/breakingnews/655320,防颱　中央災害應變中心提前二級開設,,
https://news.ltn.com.tw/news/life/paper/590733,震前宜蘭狗吠示警 震後花蓮人很淡定,,
https://news.ltn.com.tw/news/local/paper/589308,蘇花蘇澳─崇德段 恢復通車,,
https://news.ltn.com.tw/news/life/breakingnews/649158,瑪娃東走　北海岸小心瘋狗浪,,
https://news.ltn.com.tw/news/life/paper/588956,颱風外圍環流掃過／東澳嶺1天降283毫米 蘇花封路,,
https://news.ltn.com.tw/news/life/breakingnews/648674,東部嚴防大雨　瑪娃週三遠離,,
https://news.ltn.com.tw/news/life/breakingnews/648650,雨量達警戒值　蘇花公路晚間7點封路,,
https://news.ltn.com.tw/news/local/paper/588331,農糧署新措施／蘇花中斷逾3日 蔬果運費補助,,
https://news.ltn.com.tw/news/life/paper/585313,提前3天 蘇花全線搶通,,
https://news.ltn.com.tw/news/society/paper/585411,婦思兒欲跳樓 消防猛男拉回,,
https://news.ltn.com.tw/news/local/paper/585389,頂著風雨嗆馬 民怒喊三反 齊聲三要,,
https://news.ltn.com.tw/news/life/paper/585109,蘇花提早搶通 今午全線通行,,
https://news.ltn.com.tw/news/life/paper/585108,助農運菜 花蓮人嗆馬 代運千斤南瓜,,
https://news.ltn.com.tw/news/life/breakingnews/642347,蘇花提前搶通　20日午後全線通行,,
https://news.ltn.com.tw/news/life/breakingnews/642280,挺花蓮農民　北上遊行嗆馬助運南瓜,,
https://news.ltn.com.tw/news/society/paper/584988,險擦撞要理論 妻在車上反觸保護令,,
https://news.ltn.com.tw/news/life/breakingnews/642005,1人1菜坐火車　運菜到台北,,
https://news.ltn.com.tw/news/local/paper/584736,《蘇花中斷 學子發起》 坐火車「帶菜」助農民,,
https://news.ltn.com.tw/news/local/paper/584475,西瓜「環島」／蘇花公路坍方 苦了瓜農,,
https://news.ltn.com.tw/news/life/paper/583530,大雨掏空 蘇花公路中斷,,
https://news.ltn.com.tw/news/life/breakingnews/639565,搶修蘇花南澳至和平　至少需10天,,
https://news.ltn.com.tw/news/life/breakingnews/639425,蘇花路基塌陷　目前東澳至南澳雙向通車,,
https://news.ltn.com.tw/news/life/paper/583320,宜蘭暴雨成河 蘇花全線封路,,
https://news.ltn.com.tw/news/life/paper/583321,目擊駕駛︰蘇花像瀑布 還有落石掉下,,
https://news.ltn.com.tw/news/life/breakingnews/639341,豪雨不止　台9線蘇澳至崇德擴大封路,,
https://news.ltn.com.tw/news/life/breakingnews/639269,豪雨特報　蘇花下午4點起封路,,
https://news.ltn.com.tw/news/local/paper/583187,蘇花改穿祖墳？ 隧道口距墓34公尺,,
https://news.ltn.com.tw/news/local/paper/583192,蘇花改救災體制 直升機納入,,
https://news.ltn.com.tw/news/society/paper/582645,韓國團翻車／中客團排擠 遊覽車爆司機荒,,
https://news.ltn.com.tw/news/life/paper/582255,「蘇花改」穿祖墳 泰雅人盼改道,,
https://news.ltn.com.tw/news/life/breakingnews/631716,明日上午災演　蘇花公路封路,,
https://news.ltn.com.tw/news/life/breakingnews/631644,建仔外遇　廠商代言恐難續,,
https://news.ltn.com.tw/news/society/paper/578427,鎚死小吃店老闆棄屍 兇手維持無期徒刑,,
https://news.ltn.com.tw/news/life/paper/576790,中客排擠 花蓮蘇澳火車票難求,,
https://news.ltn.com.tw/news/local/paper/575879,《小中橫計畫》太魯閣規劃 遊客分流,,
https://news.ltn.com.tw/news/society/breakingnews/615865,機車、貨車疑對撞　1男死亡,,
https://news.ltn.com.tw/news/life/paper/567926,百台遊覽車日日摧殘 阿里山快喘不過氣來,,
https://news.ltn.com.tw/news/society/paper/565483,大學生34天徒步環島,,
https://news.ltn.com.tw/news/life/paper/565107,「陸客專車、不賣站票」台鐵南澳站挨轟,,
https://news.ltn.com.tw/news/local/paper/564715,連日大雨坍方 蘇花管制通行,,
https://news.ltn.com.tw/news/life/breakingnews/609093,蘇花坍方中斷　預計傍晚搶通,,
https://news.ltn.com.tw/news/politics/paper/563991,感恩茶會 馬︰加強花東建設,,
https://news.ltn.com.tw/news/local/paper/562278,20癌友環島 生命騎士傳愛,,
https://news.ltn.com.tw/news/society/paper/558340,欠錢還鎚爆債主頭 情侶重判,,
https://news.ltn.com.tw/news/society/breakingnews/599236,鐵鎚K爆債主頭　狠毒情侶重判,,
https://news.ltn.com.tw/news/focus/paper/556612,花東北返車潮 保持順暢,,
https://news.ltn.com.tw/news/focus/paper/556310,初三出遊潮 國道上看300萬輛次,,
https://news.ltn.com.tw/news/focus/paper/556144,天雨落石不斷／蘇花一度封閉 車流回堵10公里,,
https://news.ltn.com.tw/news/life/breakingnews/595618,初一南下預期車多　部分路肩開放,,
https://news.ltn.com.tw/news/life/breakingnews/595570,蘇花恢復雙向通車　戒護通行,,
https://news.ltn.com.tw/news/local/paper/555563,蘇花公路115.6公里 解除管制,,
https://news.ltn.com.tw/news/life/paper/555446,春節5處交通瓶頸地點,,
https://news.ltn.com.tw/news/life/paper/555445,春節疏運登場/首波返鄉人潮 今傍晚湧現,,
https://news.ltn.com.tw/news/life/paper/554676,強烈冷氣團初一抵台 北部低溫探11度,,
https://news.ltn.com.tw/news/local/paper/554769,紓解觀光人潮 太管處推小中橫計畫,,
https://news.ltn.com.tw/news/local/paper/554081,蘇花公路蘇澳到東澳路段 17日起搶修3天,,
https://news.ltn.com.tw/news/local/paper/553480,賴坤成宣傳車 台東街頭衝花蓮選票,,
https://news.ltn.com.tw/news/life/breakingnews/591039,春節9天長假　15處路段易塞,,
https://news.ltn.com.tw/news/local/paper/553075,蘇花連2坍 封路搶通了,,
https://news.ltn.com.tw/news/life/breakingnews/590443,土質鬆動再坍方　蘇花東澳段暫封閉,,
https://news.ltn.com.tw/news/local/paper/552784,蘇花又坍 今可望搶通,,
https://news.ltn.com.tw/news/politics/paper/552816,宋攻後山藍票倉 籲「把我宋進總統府」,,
https://news.ltn.com.tw/news/life/breakingnews/590290,蘇花公路115.6公里坍方　預計明搶通,,
https://news.ltn.com.tw/news/life/breakingnews/590215,蘇花公路傳坍方　預計今晚8時搶通,,
https://news.ltn.com.tw/news/local/paper/552080,〈蘇花公路〉蘇澳至東澳段 春節前雙向通車,,
https://news.ltn.com.tw/news/local/paper/551824,取消自強號站票? 民團怒：返鄉比出國難,,
https://news.ltn.com.tw/news/local/paper/550846,轉動台灣向前行 森巴女、海馬男 變裝上街不畏寒,,
https://news.ltn.com.tw/news/society/paper/550645,通姦無證 救災營長不起訴,,
https://news.ltn.com.tw/news/life/paper/550268,蘇花公路 元月二日起夜間封三天,,
https://news.ltn.com.tw/news/local/paper/550375,圓了青春夢 夜店老闆徒步環島50天,,
https://news.ltn.com.tw/news/life/paper/549055,蘇花公路危險 台鐵宜花線推「人車同行」服務,,
https://news.ltn.com.tw/news/society/paper/549155,消防員 三度挑戰24小時機車環島,,
https://talk.ltn.com.tw/article/paper/548683,看呀，馬及馬友友們！,,
https://news.ltn.com.tw/news/local/paper/547233,蘇花公路又坍了 急搶通,,
https://news.ltn.com.tw/news/local/paper/546577,60年老鐵馬 陳焜榮環島就靠它,,
https://news.ltn.com.tw/news/life/paper/544684,不老騎士單車版～9銀髮族單車環島 8天圓夢,,
https://news.ltn.com.tw/news/local/paper/544230,大佛車今通過雪隧 北上基隆,,
https://news.ltn.com.tw/news/life/paper/543695,首例！ 11噸佛陀車獲准走雪隧,,
https://news.ltn.com.tw/news/local/paper/542065,立委4搶1 藍營鬩牆 綠爭出線,,
https://news.ltn.com.tw/news/life/breakingnews/570354,蘇花公路遭砸苦主　論壇PO文談驚險過程,,
https://news.ltn.com.tw/news/life/paper/540462,視障鐵馬環台 挑戰1100公里,,
https://news.ltn.com.tw/news/life/breakingnews/569657,視障鐵馬環台出發　11天挑戰1100公里,,
https://news.ltn.com.tw/news/local/paper/540323,台7甲棲蘭段 單線限時通行,,
https://3c.ltn.com.tw/news/3778,第 32 屆台北國際音響大展 11/24-27 登場,,
https://news.ltn.com.tw/news/life/paper/539985,台東長濱累積雨量362毫米 破設站紀錄／豪雨灌花東！1人溺斃 稻損逾700公頃,,
https://news.ltn.com.tw/news/local/paper/540084,部落電影院 週末放映,,
https://news.ltn.com.tw/news/life/breakingnews/568930,豪雨多坍方　台七甲線、蘇花公路封閉,,
https://news.ltn.com.tw/news/life/breakingnews/568669,豪大雨　蘇花、中橫落石不斷,,
https://news.ltn.com.tw/news/life/paper/539758,蘇花封路 中橫夜間交管,,
https://news.ltn.com.tw/news/life/breakingnews/568416,連日豪雨　蘇花公路封路,,
https://news.ltn.com.tw/news/life/paper/539471,蘇澳溪水暴漲 3工人夜驚魂,,
https://news.ltn.com.tw/news/life/paper/538755,台七甲便道搶通/太平山 今仍休園,,
https://news.ltn.com.tw/news/life/paper/538521,抗癌13勇士 完成單車環島,,
https://news.ltn.com.tw/news/local/paper/538619,峽谷音樂節 百號齊鳴 邀萬人共賞,,
https://news.ltn.com.tw/news/local/paper/538375,山豬跑 猴子跳 蘇花沿線變「動物園」,,
https://news.ltn.com.tw/news/local/paper/538374,蘇花切山搶修 限時通行 一等數小時,,
https://news.ltn.com.tw/news/life/breakingnews/565958,蘇花今分段通車　民眾怨聲連天,,
https://art.ltn.com.tw/article/paper/537817,【自由副刊】美麗更美麗,,
https://news.ltn.com.tw/news/local/paper/537574,蘇花東澳段 下月底擬取消限重,,
https://news.ltn.com.tw/news/local/paper/537325,蘇花小天使 臉書報路況 林紀良粉絲跟隨,,
https://news.ltn.com.tw/news/local/paper/536904,挺過險惡蘇花 抗癌騎士 前進台東,,
https://news.ltn.com.tw/news/life/paper/535478,限重反覆～蘇花公路搶通 單線通行,,
https://news.ltn.com.tw/news/local/paper/535364,蘇花115.8K坍方 今下午搶通,,
https://news.ltn.com.tw/news/local/paper/535137,蘇花路斷 火車加開疏運,,
https://news.ltn.com.tw/news/life/paper/534783,蘇花公路東澳段 路基塌陷封閉,,
https://news.ltn.com.tw/news/local/paper/534438,手搖環台圓夢 鐵馬身障勇士 抵輔大,,
https://news.ltn.com.tw/news/local/paper/530807,蘇花坍方段 單線雙向通車,,
https://news.ltn.com.tw/news/life/paper/530711,搶修4天 中橫崩坍段通了,,
https://news.ltn.com.tw/news/local/paper/530811,鐵馬環台 7歐吉桑圓青春夢,,
https://news.ltn.com.tw/news/local/paper/530809,《燕子口崩塌路斷》憂學童安全 西寶校長冒險提前上山,,
https://sports.ltn.com.tw/news/paper/530473,48小時環台 千人締「騎」蹟,,
https://sports.ltn.com.tw/news/paper/530273,抗濕冷、搬落石…48小時環台今圓夢,,
https://news.ltn.com.tw/news/life/breakingnews/552598,蘇花公路地基坍塌　僅能單向通車,,
https://news.ltn.com.tw/news/life/paper/530035,蘇花觀音路段 巨石砸4車1死,,
https://news.ltn.com.tw/news/society/breakingnews/552405,蘇花公路落石砸車　3傷1命危,,
https://sports.ltn.com.tw/news/breakingnews/552385,中職》「銳」完封勝　助猿下半季封王,,
https://news.ltn.com.tw/news/local/paper/529918,國慶連假 蘇花公路暫停施工,,
https://news.ltn.com.tw/news/local/paper/529408,砂石車翻覆 石塊活埋轎車駕駛,,
https://news.ltn.com.tw/news/society/breakingnews/550793,駕駛尿急下車　遭砂石車壓住1小時,,
https://news.ltn.com.tw/news/local/paper/528835,蘇花公路續封 福山植物園路斷,,
https://news.ltn.com.tw/news/focus/paper/528907,豪雨狂襲猛下 水淹蘇澳冬山羅東,,
https://news.ltn.com.tw/news/life/breakingnews/550194,宜蘭幾全陷超大豪雨　從山區灌到平地,,
https://news.ltn.com.tw/news/life/breakingnews/549913,共伴發威　宜蘭、花蓮停班停課,,
https://news.ltn.com.tw/news/life/breakingnews/549875,蘇花全線封閉　花蓮對外航空中斷,,
https://news.ltn.com.tw/news/life/paper/528482,共伴效應發威 宜蘭大同2天雨量破千,,
https://news.ltn.com.tw/news/local/paper/527901,蘇花改谷風隧道 工信得標,,
https://news.ltn.com.tw/news/local/paper/526659,清水斷崖 生物「楚河漢界」,,
https://news.ltn.com.tw/news/politics/breakingnews/542724,軍機撞山　國防部排除機械問題,,
https://news.ltn.com.tw/news/focus/paper/524305,2軍機撞山 3飛官罹難 大體尋獲,,
https://news.ltn.com.tw/news/politics/breakingnews/542213,監視器10秒閃光　疑為軍機撞山瞬間,,
https://news.ltn.com.tw/news/society/breakingnews/542098,已尋獲飛官遺體　身分待確認,,
https://news.ltn.com.tw/news/politics/breakingnews/542086,今日各報重點新聞一覽,,
https://news.ltn.com.tw/news/focus/paper/524049,撞山位置 緊鄰創意遊覽車墜崖處,,
https://news.ltn.com.tw/news/society/breakingnews/542035,36年摔32架F5戰機　殉職或失蹤飛官36人,,
https://news.ltn.com.tw/news/society/breakingnews/542019,高度不足　軍機連續撞山有前例,,
https://news.ltn.com.tw/news/society/breakingnews/541991,軍機墜宜蘭山區　目擊者：整個山都燒起來,,
https://news.ltn.com.tw/news/society/breakingnews/541986,國防部證實　蘇花公路兩軍機撞山,,
https://news.ltn.com.tw/news/society/breakingnews/541979,蘇花傳軍機撞山　國防部：追查確認中,,
https://news.ltn.com.tw/news/local/paper/520391,南迴預警性封閉 新香蘭車排長龍,,
https://news.ltn.com.tw/news/life/paper/520159,颱風天退房 賠償金不得逾5%,,
https://news.ltn.com.tw/news/life/breakingnews/535650,南瑪都颱風登陸　最新停班停課訊息,,
https://news.ltn.com.tw/news/local/paper/519987,宜、花土石流危險區 撤離近3000人,,
https://news.ltn.com.tw/news/life/paper/519903,南橫、中橫、南迴部分路段封閉／蘇花封路 花東線航班鐵路停開,,
https://news.ltn.com.tw/news/life/breakingnews/535637,南瑪都》颱風凌晨登陸　最新停班課及交通訊息,,
https://news.ltn.com.tw/news/life/breakingnews/535625,南瑪都》最新明日停班課及交通訊息,,
https://news.ltn.com.tw/news/life/breakingnews/535613,南瑪都》最新明日停班課及交通訊息,,
https://news.ltn.com.tw/news/life/breakingnews/535595,南瑪都》最新明日停班停課訊息,,
https://news.ltn.com.tw/news/life/breakingnews/535563,南瑪都》最新明日停班停課訊息,,
https://news.ltn.com.tw/news/life/breakingnews/535541,南瑪都》明日停班停課訊息,,
https://news.ltn.com.tw/news/life/breakingnews/535508,南瑪都》蘇花公路及中橫部分路段　今晚6時封閉,,
https://news.ltn.com.tw/news/life/breakingnews/535501,南瑪都》南迴、花東、北迴線部份列車停駛,,
https://news.ltn.com.tw/news/life/paper/519705,離島海空運喊停 遊客急撤,,
https://news.ltn.com.tw/news/life/paper/519700,南瑪都發布陸警 宜花東總雨量恐破千,,
https://news.ltn.com.tw/news/life/breakingnews/535243,南瑪都》發布陸警　今晚至明天嚴防豪雨,,
https://talk.ltn.com.tw/article/paper/519125,中國人命較值錢？,,
https://news.ltn.com.tw/news/life/paper/517711,雄獅團回來了/定調單純車禍 沒超速沒打手機,,
https://news.ltn.com.tw/news/life/paper/517450,環團批 蘇花改分標起跑 太魯閣國家公園恐破相,,
https://news.ltn.com.tw/news/local/paper/516438,《原民禁地》清水斷崖海蝕洞解秘,,
https://news.ltn.com.tw/news/local/paper/516439,出海欣賞 漁民之子驚豔清水斷崖,,
https://news.ltn.com.tw/news/society/paper/513806,老婦獨居公墓 冬山公所溫馨送水,,
https://news.ltn.com.tw/news/life/paper/511082,【現場直擊】消波塊如海上長城 寶島淪堡島,,
https://news.ltn.com.tw/news/local/paper/510241,蘇花改將闢建直升機平台,,
https://news.ltn.com.tw/news/local/paper/507825,東岳湧泉透心涼 打開名氣,,
https://news.ltn.com.tw/news/life/paper/507722,海端鄉現熊蹤 黑熊媽媽不意外,,
https://news.ltn.com.tw/news/life/paper/507201,9天53起有感地震 花蓮45起,,
https://news.ltn.com.tw/news/life/paper/505818,觀光局要求 中客團搭台鐵應安排對號列車,,
https://ent.ltn.com.tw/news/paper/503013,張震嶽騎太累 受訪大聲吼,,
https://news.ltn.com.tw/news/society/paper/501319,山崩預警系統 奧國捐贈花縣,,
https://news.ltn.com.tw/news/life/paper/500639,蘇花公路坍方釀重災 監院糾正公路總局,,
https://news.ltn.com.tw/news/local/paper/498109,中橫便道 廂型車疑偷渡載客,,
https://news.ltn.com.tw/news/local/paper/497060,《中橫預警封路》避免落石崩坍擊中遊客,,
https://news.ltn.com.tw/news/local/paper/497061,中橫封路 難度更甚蘇花,,
https://news.ltn.com.tw/news/life/paper/496159,桑達遠颺轉中颱 未來一週高溫飆30度,,
https://news.ltn.com.tw/news/life/breakingnews/501234,東、北部防大雨　蘇花公路今晨恢復通車,,
https://news.ltn.com.tw/news/life/paper/495923,北台今豪雨 蘇花封路,,
https://news.ltn.com.tw/news/life/breakingnews/501190,桑達雨勢驚人　蘇花封路,,
https://news.ltn.com.tw/news/life/breakingnews/501127,桑達雨量大　蘇花晚間八時半全線封閉,,
https://news.ltn.com.tw/news/life/breakingnews/501060,入夜雨勢加大　蘇花不排除封路,,
https://news.ltn.com.tw/news/local/paper/495484,蘇花封路演練 行禮如儀,,
https://news.ltn.com.tw/news/local/paper/493873,兩鐵共乘超夯 人車同行樂逍遙,,
https://news.ltn.com.tw/news/society/paper/493888,暴力圍標廢鐵 過磅還動手腳,,
https://news.ltn.com.tw/news/local/paper/493879,刺死同居人 求處無期刑,,
https://news.ltn.com.tw/news/life/paper/491253,蘇花坍人車墜崖／創意遊覽車體 卡在南方澳海底？,,
https://news.ltn.com.tw/news/life/paper/491254,10分鐘雨量逾12毫米 蘇花就預警,,
https://news.ltn.com.tw/news/society/breakingnews/491743,陸客不認天災釀禍　小火車翻覆協調會未果,,
https://news.ltn.com.tw/news/local/paper/488755,兆豐農場 規劃五星級旅館,,
https://talk.ltn.com.tw/article/paper/488587,拿觀光客的命開玩笑,,
https://news.ltn.com.tw/news/local/paper/488544,蘇澳新站 設伴手禮中心,,
https://news.ltn.com.tw/news/life/paper/487888,天啊!出事陸客團 又是創意,,
https://news.ltn.com.tw/news/society/breakingnews/490112,阿里山火車翻覆5死61輕重傷　林務局：阿里山森鐵即日停駛,,
https://news.ltn.com.tw/news/local/paper/487690,9天單車環台 84歲郭長容圓夢,,
https://news.ltn.com.tw/news/life/paper/487060,花博拚觀光？學者:人潮仍以國人為主,,
https://news.ltn.com.tw/news/local/paper/486452,臨海道路闢建 費時近14載,,
https://news.ltn.com.tw/news/local/paper/486451,推懷舊之旅 盼日遊客回流,,
https://news.ltn.com.tw/news/local/paper/485547,南澳古道 週六啟用,,
https://news.ltn.com.tw/news/focus/paper/485118,《公民提問四／留在地人才》 許︰發展觀光業 自然留人才,,
https://news.ltn.com.tw/news/local/paper/484844,84歲「銀寶善存」阿公 10天單車環島,,
https://news.ltn.com.tw/news/local/paper/482097,轉運設賣場 蘇澳、冬山站 伴手禮將進駐,,
https://news.ltn.com.tw/news/local/paper/480331,路又坍了…蘇花防災演練啦,,
https://news.ltn.com.tw/news/local/paper/480053,萬安防災演練 蘇花機動封閉,,
https://news.ltn.com.tw/news/society/paper/479588,強風殺人! 隧道邊拆板模 墜50公尺深谷,,
https://news.ltn.com.tw/news/society/breakingnews/478304,蘇花公路工人墜落卡懸崖　送醫不治,,
https://news.ltn.com.tw/news/society/breakingnews/478252,蘇花公路工人不慎墜崖　搶救中,,
https://news.ltn.com.tw/news/life/paper/479233,今明凌晨零到七時 國道免收費,,
https://news.ltn.com.tw/news/local/paper/479328,省道禁行大貨車 宜蘭恐無路可走,,
https://news.ltn.com.tw/news/local/paper/477662,迎外僑出「花」招 觀光導覽 房價享優惠,,
https://news.ltn.com.tw/news/local/paper/477167,《觀光震損》退房率4成 業界淌血,,
https://news.ltn.com.tw/news/local/paper/476010,綠色旅遊趣 fun心慢遊中橫布洛灣,,
https://news.ltn.com.tw/news/local/paper/474648,《蘇花改重車減量》鐵路接港埠 複式運礦石,,
https://news.ltn.com.tw/news/local/paper/472699,觀光業復甦 蓮花航站貨運大補,,
https://news.ltn.com.tw/news/focus/paper/471992,馬吳視察蘇花 副手話題發燒,,
https://news.ltn.com.tw/news/life/paper/471843,馬視察蘇花 要求汛期前每月演習,,
https://news.ltn.com.tw/news/local/paper/471933,蘇花改還早／遊客直直落 花蓮人請命,,
https://news.ltn.com.tw/news/life/paper/471844,去年遭蘇花落石砸傷／癱男聲請國賠遭拒 家屬陳情被拖離,,
https://news.ltn.com.tw/news/politics/breakingnews/467527,蘇花改　傅崐萁向馬爭5年完工通車,,
https://news.ltn.com.tw/news/local/paper/471677,花蓮拚觀光 蘇花公路健行,,
https://news.ltn.com.tw/news/life/breakingnews/466987,蘇花健行活動開跑　傅崐萁領隊,,
https://news.ltn.com.tw/news/local/paper/470212,親近蘇花公路 花縣發起健行,,
https://news.ltn.com.tw/news/local/paper/470213,砂業萎縮 蘇花砂石車少了,,
https://news.ltn.com.tw/news/local/paper/470001,蘇花路況差 「人車同行」爆增,,
https://news.ltn.com.tw/news/life/paper/468816,蘇花公路坍方 1人救4團旅客／遊覽車司機陰影仍在 不敢再載客,,
https://ec.ltn.com.tw/article/paper/468734,砂石自給 北部擬設開採專區,,
https://news.ltn.com.tw/news/local/paper/466695,遊客少四成 台東春節有些冷清,,
https://news.ltn.com.tw/news/local/paper/466533,春節觀光冷 蘇花陰影 來客率降,,
https://news.ltn.com.tw/news/life/paper/466435,初一到初五 900萬人次湧進觀光遊樂園,,
https://news.ltn.com.tw/news/focus/paper/466185,蘇花順暢 花蓮回台北有人只花3小時,,
https://news.ltn.com.tw/news/life/breakingnews/460322,花東遊客不如往年　業者：花博影響大,,
https://news.ltn.com.tw/news/life/paper/465997,看花博捨花蓮 太魯閣旅客減半,,
https://news.ltn.com.tw/news/focus/paper/465913,除夕疏運 鐵公路一路順啦,,
https://news.ltn.com.tw/news/focus/paper/465799,高速公路小年夜湧180萬輛車次／今實施高乘載 怕塞 深夜再上,,
https://news.ltn.com.tw/news/focus/paper/464176,蘇花改動工 預計106年通車,,
https://news.ltn.com.tw/news/life/paper/463537,【社會解題】圖表不少 地理5年最難,,
https://news.ltn.com.tw/news/life/breakingnews/458160,學測社會科公民及地理簡單　五都選舉、蘇花坍方入題,,
https://news.ltn.com.tw/news/local/paper/462764,春節遊後山 訂一房後年送一房,,
https://news.ltn.com.tw/news/local/paper/461818,列車加掛 人車同行啟動,,
https://news.ltn.com.tw/news/society/paper/460494,新北搜救隊 4犬報到,,
https://news.ltn.com.tw/news/focus/paper/460530,拿催生蘇花改魄力 改善用路安全！,,
https://news.ltn.com.tw/news/local/paper/460253,衛星盲點 有請空軍偵照機,,
https://news.ltn.com.tw/news/local/paper/460252,監控崩坍地 地貌變化衛星抓得住,,
https://news.ltn.com.tw/news/local/paper/458480,花蓮返鄉專車 即起預訂,,
https://news.ltn.com.tw/news/life/paper/458368,春節保留房開賣 要搶要快,,
https://news.ltn.com.tw/news/local/paper/456625,鐵馬凸東北角 108騎士鮮體驗,,
https://news.ltn.com.tw/news/local/paper/455832,陽蘭第一道曙光 出現在蘇澳,,
https://news.ltn.com.tw/news/local/paper/455246,行澳橋 何明德行善團搞定,,
https://news.ltn.com.tw/news/local/paper/454547,七星潭跨年 民間放煙火,,
https://news.ltn.com.tw/news/local/paper/453648,就職周年施政報告／傅崐萁：建設永續發展,,
https://news.ltn.com.tw/news/local/paper/453382,錢花在刀口上 節流做社福,,
https://news.ltn.com.tw/news/local/paper/453175,瑞穗泡湯 觀光客銳減 換鄉親捧場,,
https://news.ltn.com.tw/news/local/paper/452939,花蓮民宿等無客人 耶誕元旦假期冷清清,,
https://news.ltn.com.tw/news/politics/paper/452972,岸置雄二陣地 模擬卸彈箱作業,,
https://news.ltn.com.tw/news/local/paper/452940,上百家民宿 取消登記,,
https://news.ltn.com.tw/news/life/paper/452323,蘇花公路 增建六座明隧道,,
https://news.ltn.com.tw/news/local/paper/452423,蘇花又坍了  東澳段預計今午搶通,,
https://news.ltn.com.tw/news/local/paper/451849,水災後 宜蘭餅生意掉五成,,
https://news.ltn.com.tw/news/local/paper/451365,﹝蘇花公路災後路況差﹞行動咖啡車 生意剩兩成,,
https://news.ltn.com.tw/news/society/paper/451377,躲過蘇花坍 走不過情關? 遊覽車司機 殺乾女兒再自殺,,
https://news.ltn.com.tw/news/society/paper/451393,亮泰捐6輛救護車,,
https://ec.ltn.com.tw/article/paper/450457,蘇花改啟動  東鋼明年獲利豐,,
https://news.ltn.com.tw/news/life/breakingnews/438927,十大爆紅關鍵字、新聞　楊淑君名列前矛,,
https://news.ltn.com.tw/news/society/paper/448561,蘇花棄屍案車上討債遭槌死,,
https://news.ltn.com.tw/news/society/breakingnews/438413,司機慘遭兇嫌爆頭　蘇花棄屍案今偵破,,
https://news.ltn.com.tw/news/society/paper/448250,頭被打爆 棄屍蘇花公路,,
https://news.ltn.com.tw/news/focus/paper/448299,民進黨團：吳內閣應全面改組,,
https://news.ltn.com.tw/news/society/breakingnews/438099,蘇花公路驚傳棄屍　卡車司機遇害,,
https://news.ltn.com.tw/news/life/paper/446833,隧道改雙孔 蘇花改經費增30億,,
https://news.ltn.com.tw/news/local/paper/446655,轉運效應 新城火車站運量增4倍,,
https://ent.ltn.com.tw/news/breakingnews/435515,柯賜海今將登記結婚　拍婚紗照不忘舉牌抗議,,
https://talk.ltn.com.tw/article/paper/446122,裝模作樣打國際官司?!,,
https://news.ltn.com.tw/news/local/paper/445766,冷清近月 業者盼得遊客回籠,,
https://news.ltn.com.tw/news/life/breakingnews/435121,花東公路有落石　暫時單線通車,,
https://news.ltn.com.tw/news/society/breakingnews/434642,梅姬》蔡智明遺眷陷困頓　世展會盼民眾協助,,
https://talk.ltn.com.tw/article/paper/445360,龜仔子縮到哪去了？,,
https://news.ltn.com.tw/news/local/paper/444460,蘇花砂石車呼嘯過 觀光界罵,,
https://news.ltn.com.tw/news/life/paper/443805,蘇花公路提前搶通 昨天下午開放通行,,
https://news.ltn.com.tw/news/life/paper/443806,路通了觀光有展望…花蓮送福袋搶客,,
https://news.ltn.com.tw/news/local/paper/443890,曼波魚龍腸 網購嘗鮮,,
https://news.ltn.com.tw/news/life/paper/443814,宜花東 將擴大建立有機樂活廊道,,
https://news.ltn.com.tw/news/local/paper/443885,1021災後 澳仔角住戶驚覺走山,,
https://news.ltn.com.tw/news/life/breakingnews/432423,梅姬》蘇花公路今搶通　恢復雙向通車,,
https://news.ltn.com.tw/news/life/breakingnews/432372,梅姬》蘇花搶通　恢復雙向通車,,
https://news.ltn.com.tw/news/life/paper/443609,蘇花公路 明雙線雙向通車,,
https://news.ltn.com.tw/news/society/paper/443715,消防員截趾 同事集氣祝福,,
https://news.ltn.com.tw/news/society/paper/442756,廢隧道搭帳篷修行 一待4個月,,
https://talk.ltn.com.tw/article/paper/442788,蘇花高代價更高,,
https://news.ltn.com.tw/news/politics/paper/442769,綠委：中國媒體來台觀摩 每月補助12萬,,
https://news.ltn.com.tw/news/life/paper/442649,反國光石化 環團邀總統遊行,,
https://news.ltn.com.tw/news/life/paper/442322,蘇花改有條件過關／環團︰環評史上最黑暗的一天,,
https://news.ltn.com.tw/news/local/paper/442595,引客計畫 議員批沒效果,,
https://news.ltn.com.tw/news/politics/breakingnews/430672,蘇花改環評過關　立委：飆車式環評,,
https://news.ltn.com.tw/news/life/breakingnews/430624,蘇花改通過環評　各界意見不一,,
https://news.ltn.com.tw/news/local/paper/442123,撤離切結自負傷害 挖土機業者拒簽,,
https://news.ltn.com.tw/news/local/paper/442127,北花火車配位 民眾疑不均,,
https://news.ltn.com.tw/news/life/paper/441580,免裝機體驗ＥＴＣ   首日逾2000人申辦,,
https://news.ltn.com.tw/news/local/paper/441661,《太魯閣峽谷馬拉松開跑 海洋神話郵輪抵達》花蓮熱鬧街景 回來了,,
https://talk.ltn.com.tw/article/paper/441708,小孩驚喜 大人憂心,,
https://news.ltn.com.tw/news/life/breakingnews/429564,馬拉松路跑加郵輪抵達　花蓮現人潮,,
https://news.ltn.com.tw/news/local/paper/441418,垂降體驗 學生誇救難隊員真英雄,,
https://news.ltn.com.tw/news/local/paper/441426,蘇花中斷     帳單寄「花蓮國」,,
https://news.ltn.com.tw/news/life/breakingnews/429029,梅姬》創意團至今無人生還　陸客家屬悲悽離台,,
https://news.ltn.com.tw/news/local/paper/441139,蘇花中斷 世展會改火車運物資,,
https://news.ltn.com.tw/news/society/paper/441174,救災受傷消防員 今開刀決定截趾,,
https://news.ltn.com.tw/news/local/paper/441146,太魯閣峽谷馬拉松 週六萬人開跑,,
https://news.ltn.com.tw/news/life/paper/441028,蘇花改 新永春隧道安全存疑,,
https://news.ltn.com.tw/news/life/paper/441029,蘇花近海尋獲一殘肢 等待鑑定,,
https://news.ltn.com.tw/news/life/breakingnews/428650,梅姬》中國旅客提國賠　法務部長：相關法規未禁止,,
https://news.ltn.com.tw/news/life/paper/440770,失蹤陸客團家屬 領取死亡證明,,
https://talk.ltn.com.tw/article/paper/440902,哪個國家的賠償法,,
https://news.ltn.com.tw/news/local/paper/440849,《蘇花改工期5～7年》交通黑暗期 府會要中央救觀光,,
https://news.ltn.com.tw/news/life/paper/440769,鄭明典臉書爭議/立委有褒有貶 學者認應審慎,,
https://news.ltn.com.tw/news/life/breakingnews/428360,梅姬》曾慶華家屬痛哭　撒冥紙辦告別式,,
https://news.ltn.com.tw/news/life/breakingnews/428325,助梅姬陸客家屬　富邦產險提供保險諮詢,,
https://news.ltn.com.tw/news/life/breakingnews/428282,梅姬》112公里處坍方　新聞局人員傳受困,,
https://news.ltn.com.tw/news/life/breakingnews/428249,梅姬》112.8公里處尋獲肋骨　為蔡智明所有,,
https://news.ltn.com.tw/news/local/paper/440545,蘇花搜救人員 縣長慰問叮嚀,,
https://news.ltn.com.tw/news/life/paper/440450,失聯陸客明公祭 家屬週五離台,,
https://news.ltn.com.tw/news/local/paper/440551,蘇花改有譜 縣議會復會有望,,
https://news.ltn.com.tw/news/life/breakingnews/428061,陸客家屬　明申辦罹難者死亡證明,,
https://news.ltn.com.tw/news/life/breakingnews/427949,搜索無重大進展　創意家屬簽死亡認定書,,
https://news.ltn.com.tw/news/life/breakingnews/427944,疑創意團墜崖處　將地毯式搜索,,
https://news.ltn.com.tw/news/life/breakingnews/427853,梅姬》114.5公里處　尋獲疑創意遊覽車輪,,
https://news.ltn.com.tw/news/local/paper/440251,《蘇花公路新城秀林段》砂石車狂飆 民眾心驚,,
https://news.ltn.com.tw/news/focus/paper/440321,大家談,,
https://news.ltn.com.tw/news/focus/paper/440320,有譜啦 花蓮人開心回家,,
https://news.ltn.com.tw/news/focus/paper/440301,蘇花改環評初審 有條件過關,,
https://talk.ltn.com.tw/article/paper/440315,想起千島湖事件的台灣人,,
https://news.ltn.com.tw/news/local/paper/440245,﹝蘇花中斷﹞ 羅東火車站 成重要轉運站,,
https://news.ltn.com.tw/news/life/paper/440175,蘇花搜救 挖到骸骨,,
https://talk.ltn.com.tw/article/paper/440363,中國旅客絕不適用台灣的國家賠償法,,
https://news.ltn.com.tw/news/focus/paper/440324,蘇花高誰拖延 藍綠互批對方,,
https://news.ltn.com.tw/news/politics/paper/440297,小英會安倍：釣魚台問題 不與中合作,,
https://news.ltn.com.tw/news/politics/breakingnews/427581,蘇花改環評初審　有條件過關,,
https://news.ltn.com.tw/news/life/breakingnews/427528,吳揆承諾　12月蘇花改「雲開見月」,,
https://news.ltn.com.tw/news/life/breakingnews/427342,花蓮萬人北上陳情　環團徹夜靜坐,,
https://news.ltn.com.tw/news/local/paper/439987,花蓮人喚蘇花高 吳揆只談蘇花改,,
https://news.ltn.com.tw/news/local/paper/440148,推引客計劃 台東祭重賞,,
https://news.ltn.com.tw/news/life/paper/439915,「環評應審慎」環團憂草率放行,,
https://news.ltn.com.tw/news/life/paper/439913,《星期專訪》陳宏宇：建蘇花改 政府準備好了嗎？,,
https://talk.ltn.com.tw/article/paper/440051,二度羞辱台灣人民,,
https://news.ltn.com.tw/news/life/paper/439914,花蓮人繞南迴 北上爭活路,,
https://news.ltn.com.tw/news/local/paper/439988,北迴鐵路座位 吳揆諾機動調整,,
https://news.ltn.com.tw/news/life/paper/439919,蘇花搜救 地底疑有車輛,,
https://news.ltn.com.tw/news/life/breakingnews/427191,梅姬》蘇花114.5K測金屬反應　明開挖,,
https://news.ltn.com.tw/news/politics/breakingnews/427152,花蓮人要蘇花高　吳敦義猛談蘇花改,,
https://news.ltn.com.tw/news/life/breakingnews/427140,蘇花搜救人員受傷　憂家人擔心一度拒訪,,
https://news.ltn.com.tw/news/life/breakingnews/427077,梅姬》中國旅客獲國賠？　鄉民反對聲浪大,,
https://news.ltn.com.tw/news/life/paper/439687,蘇花搜救第10天 /116K邊坡裂縫 暫無危險,,
https://news.ltn.com.tw/news/focus/paper/439810,目擊者：養雞夫妻搭上創意遊覽車,,
https://news.ltn.com.tw/news/life/paper/439688,依兩岸人民關係條例   李永然：陸客適用國賠,,
https://news.ltn.com.tw/news/life/paper/439686,祈福法會 悼念風災罹難者,,
https://news.ltn.com.tw/news/life/breakingnews/427033,利用假期登山　民眾受困蘇花,,
https://news.ltn.com.tw/news/life/breakingnews/427005,梅姬》國賠與否　陸委會：身分不是問題,,
https://news.ltn.com.tw/news/life/breakingnews/426981,梅姬》災情慘重　宜蘭辦法會祈福,,
https://news.ltn.com.tw/news/life/breakingnews/426957,梅姬》北縣消防員周祐慶　右腳恐將截趾,,
https://news.ltn.com.tw/news/life/breakingnews/426863,梅姬》養雞夫婦　疑上了創意團的車,,
https://news.ltn.com.tw/news/life/paper/439440,海陸搜索 人車疑已北漂,,
https://news.ltn.com.tw/news/life/paper/439441,頂著九級陣風 海軍破浪搜尋,,
https://news.ltn.com.tw/news/politics/paper/439582,立委巡釣魚台 臨時喊卡,,
https://news.ltn.com.tw/news/life/paper/439443,爭建蘇花高 臉書連署達1.6萬人,,
https://news.ltn.com.tw/news/local/paper/439540,國軍小山貓進駐災區 向亂流挑戰,,
https://news.ltn.com.tw/news/local/paper/439623,隧道安全 才重要,,
https://news.ltn.com.tw/news/life/paper/439448,4加國7旬騎士 完成單車環台,,
https://news.ltn.com.tw/news/life/paper/439442,家屬暫不領回屍塊 盼尋回「完整」親人,,
https://news.ltn.com.tw/news/life/breakingnews/426783,梅姬》阿里山名產　確定為弘泰所有,,
https://news.ltn.com.tw/news/life/breakingnews/426768,百年難得一見　「陸龍捲」現蹤台東,,
https://news.ltn.com.tw/news/life/breakingnews/426718,梅姬》蘇花救災　大有進展,,
https://news.ltn.com.tw/news/life/breakingnews/426650,蘇花坍方原因？　檢察官今勘驗,,
https://news.ltn.com.tw/news/life/breakingnews/426558,速建蘇花高？　立委建議網友連署,,
https://news.ltn.com.tw/news/life/breakingnews/426543,梅姬》蔡智明確定罹難　妻認遺物,,
https://news.ltn.com.tw/news/life/breakingnews/426492,梅姬》海協會副秘書長探視田園家屬,,
https://news.ltn.com.tw/news/life/breakingnews/426487,梅姬》龔艷罹難　家屬領死亡證明哭斷腸,,
https://news.ltn.com.tw/news/life/breakingnews/426484,梅姬》蘇花112.8公里處　尋獲男性吊帶褲,,
https://news.ltn.com.tw/news/life/breakingnews/426464,梅姬》蘇花114.5公里　尋獲疑似創意遊覽車皮椅,,
https://talk.ltn.com.tw/article/paper/439340,蘇花 要改不要炒,,
https://news.ltn.com.tw/news/life/paper/439182,創意團龔艷 DNA比對證實罹難,,
https://news.ltn.com.tw/news/local/paper/439278,失蹤者托夢 要她傳話給親人,,
https://talk.ltn.com.tw/article/paper/439432,冷笑話變成真的？,,
https://news.ltn.com.tw/news/life/paper/439186,220照拼出大場景 小傻瓜很聰明,,
https://news.ltn.com.tw/news/local/paper/439281,搶救退房潮 飯店祭優惠,,
https://news.ltn.com.tw/news/politics/breakingnews/426267,政院安撫蘇花改動工　地方不接受,,
https://news.ltn.com.tw/news/life/breakingnews/426245,梅姬》壯圍外海屍體身分　證實為陸客龔艷,,
https://news.ltn.com.tw/news/life/breakingnews/426142,梅姬》蘇花114.5K　發現大型遊覽車底盤,,
https://news.ltn.com.tw/news/life/breakingnews/426071,海旅會秘書長慰問創意團失蹤者家屬,,
https://news.ltn.com.tw/news/life/breakingnews/426059,憲兵放行　新華社3記者進蘇花管制區採訪,,
https://news.ltn.com.tw/news/life/paper/438883,南迴公路車暴增 重建路段慢行,,
https://news.ltn.com.tw/news/local/paper/438984,火車運農產 運費半價,,
https://news.ltn.com.tw/news/local/paper/438958,蘇花之痛 縣府促建北橫預警機制,,
https://news.ltn.com.tw/news/local/paper/438983,南澳垃圾無處倒 秀林伸援,,
https://news.ltn.com.tw/news/local/paper/438985,繞道南迴也有補助 農友安心,,
https://news.ltn.com.tw/news/local/paper/439137,災後搶救觀光 台東府會出招,,
https://news.ltn.com.tw/news/life/paper/438879,廣東團家屬招魂 悲痛暈厥,,
https://news.ltn.com.tw/news/life/paper/438884,右腳第2趾傷勢重 救難猛男恐截趾,,
https://news.ltn.com.tw/news/life/paper/438880,3路開挖 22處金屬反應,,
https://news.ltn.com.tw/news/life/paper/438881,要安全的路 台東宜蘭紛聲援,,
https://news.ltn.com.tw/news/life/paper/438878,11點雨量近50毫米 公總12點後才封路/蘇花封路 慢半拍?,,
https://news.ltn.com.tw/news/life/paper/438882,陸客仍失聯 國台辦籲繼續搜救,,
https://news.ltn.com.tw/news/life/breakingnews/425842,梅姬》蘇花救援行動暫告段落　找到9件物品,,
https://news.ltn.com.tw/news/life/breakingnews/425737,梅姬》失蹤陸客至今無下落　家屬痛哭昏厥送醫,,
https://news.ltn.com.tw/news/life/breakingnews/425675,梅姬》天候持續不佳　江宜樺：人力開挖,,
https://news.ltn.com.tw/news/life/breakingnews/425595,梅姬》獵雷艇搜救？　高華柱：海象差無法出動,,
https://news.ltn.com.tw/news/life/paper/438576,蘇花公路114.5公里 下方海岸疑埋人車,,
https://news.ltn.com.tw/news/local/paper/438686,漁獲運不出 魚價跌谷底,,
https://news.ltn.com.tw/news/life/paper/438578,山區封路參考 擬加10分鐘雨量,,
https://news.ltn.com.tw/news/life/paper/438577,失聯陸客家屬悲喚：「回來吧！」,,
https://news.ltn.com.tw/news/life/paper/438579,農漁產繞道運費 花東都有補助,,
https://talk.ltn.com.tw/article/paper/438743,如果花博的錢用在蘇花,,
https://news.ltn.com.tw/news/local/paper/438683,蘇花路斷1週 觀光業績掉8成,,
https://talk.ltn.com.tw/article/paper/438744,道德教育的「深層崩壞」,,
https://news.ltn.com.tw/news/local/paper/438684,畢士大教師 劉芸均回家了,,
https://news.ltn.com.tw/news/local/paper/438675,台鐵專車 蘇花罹難劉芸均回家了,,
https://news.ltn.com.tw/news/local/paper/438676,直升機吊挖土機 國軍大搜救,,
https://news.ltn.com.tw/news/life/breakingnews/425561,梅姬》雨擾搜救速度慢　家屬飽受煎熬,,
https://news.ltn.com.tw/news/politics/breakingnews/425520,蘇花交通成重點　謝長廷憂環評遭干涉,,
https://news.ltn.com.tw/news/life/breakingnews/425502,梅姬》國賠問題爭議多　吳敦義：對等尊重為原則,,
https://news.ltn.com.tw/news/politics/breakingnews/425480,馬曾提「花東幸福工程」　綠批跳票,,
https://news.ltn.com.tw/news/life/breakingnews/425445,梅姬》晚間為頭七　養雞夫婦家屬今招魂,,
https://news.ltn.com.tw/news/life/breakingnews/425406,梅姬》創意團家屬赴蘇花　籲加快搶救,,
https://news.ltn.com.tw/news/politics/breakingnews/425384,山區封路標準將參考「十分鐘雨量」,,
https://news.ltn.com.tw/news/life/breakingnews/425346,梅姬》檢方證實弘泰司機蔡智明罹難,,
https://news.ltn.com.tw/news/life/breakingnews/425234,梅姬》特教老師劉芸均遺體　今將移靈花蓮,,
https://news.ltn.com.tw/news/life/breakingnews/425233,梅姬》消防員遭落石砸傷　骨折送醫,,
https://news.ltn.com.tw/news/life/breakingnews/425203,梅姬》蔡智明妻小北上　悲採DNA比對,,
https://news.ltn.com.tw/news/focus/paper/438460,蘇澳小淹水 蘇花公路又坍方,,
https://news.ltn.com.tw/news/focus/paper/438455,蘇花公路深谷、壯圍外海尋獲3殘缺大體,,
https://news.ltn.com.tw/news/focus/paper/438452,蘇花奪命…花蓮爭建「全新省道」,,
https://news.ltn.com.tw/news/focus/paper/438453,蘇花崩坍／鐵路接駁應急 花東觀光剉咧等,,
https://news.ltn.com.tw/news/focus/paper/438457,創意團家屬抵台 今赴蘇花,,
https://news.ltn.com.tw/news/focus/paper/438454,環保人士︰蘇花改環評 絕不能草率,,
https://news.ltn.com.tw/news/focus/paper/438458,罹難者百萬慰問金 陸客不適用,,
https://news.ltn.com.tw/news/local/paper/438330,阿里山遇雨即坍 張花冠促建纜車,,
https://news.ltn.com.tw/news/focus/paper/438456,學者研判 創意人車可能向北流,,
https://talk.ltn.com.tw/article/paper/438443,準備13億張身分證吧！,,
https://news.ltn.com.tw/news/life/paper/438293,畢士大不捨／老師上天國 院生拭淚祈禱,,
https://news.ltn.com.tw/news/local/paper/438543,旅客不來 台東觀光掃到颱風尾,,
https://news.ltn.com.tw/news/local/paper/438371,【中橫危機】順向坡走山 大禹嶺最受威脅,,
https://news.ltn.com.tw/news/politics/breakingnews/425129,梅姬》中國旅客適用國賠？　台聯斥荒謬,,
https://news.ltn.com.tw/news/life/breakingnews/425106,梅姬》失聯創意團　40多名家屬晚間抵台,,
https://news.ltn.com.tw/news/life/breakingnews/425081,梅姬》養雞夫婦失聯　家屬批：只顧中國遊客,,
https://news.ltn.com.tw/news/politics/breakingnews/425052,接獲馬致電　嗆馬女：心急才語氣重,,
https://news.ltn.com.tw/news/politics/breakingnews/425041,梅姬》催生蘇花改　花蓮縣府會同聲一氣,,
https://news.ltn.com.tw/news/life/breakingnews/425035,梅姬》蘇花救災　三屍身分待確認,,
https://news.ltn.com.tw/news/life/breakingnews/424960,梅姬》112.8公里尋獲遺體　僅剩部分屍塊,,
https://news.ltn.com.tw/news/life/breakingnews/424936,梅姬》112.8公里處發現罹難者遺體,,
https://news.ltn.com.tw/news/life/breakingnews/424908,梅姬》112.8公里處　搜救單位吊離弘泰遊覽車車體,,
https://news.ltn.com.tw/news/life/breakingnews/424900,蘇花傷亡毛治國遭告涉廢弛職務釀災,,
https://news.ltn.com.tw/news/life/breakingnews/424898,東北季風增強　北台灣嚴防大雨,,
https://news.ltn.com.tw/news/life/breakingnews/424884,梅姬》失蹤陸客恐落海　海軍出動蛙人部隊,,
https://news.ltn.com.tw/news/life/breakingnews/424823,梅姬》金門排雷探測器登場　尋獲部分車體殘骸,,
https://news.ltn.com.tw/news/life/breakingnews/424800,梅姬》蘇花公路發現手臂和浮屍　擴大搜救,,
https://news.ltn.com.tw/news/life/breakingnews/424798,梅姬》失聯陸客家屬　最快今晚抵台,,
https://news.ltn.com.tw/news/life/breakingnews/424794,梅姬》蘇花公路驚見男屍　疑為弘泰旅行社司機,,
https://news.ltn.com.tw/news/politics/breakingnews/424789,梅姬》盼2016年蘇花改通車　交通部：未因意外趕進度,,
https://news.ltn.com.tw/news/life/breakingnews/424779,梅姬》梅姬重創東台灣觀光　東澳以南宛如空城,,
https://news.ltn.com.tw/news/life/breakingnews/424774,梅姬》蘇花公路107公里處　目前已搶通,,
https://news.ltn.com.tw/news/focus/paper/438174,蘇花公路11月中旬全線搶通,,
https://news.ltn.com.tw/news/focus/paper/438170,蘇花改趕環評 最快下月初過關,,
https://news.ltn.com.tw/news/focus/paper/438153,蘇花慘劇  亡羊補牢  山區道路 將設監測預警系統,,
https://news.ltn.com.tw/news/focus/paper/438173,蘇花改小檔案,,
https://news.ltn.com.tw/news/focus/paper/438175,尋獲女師遺體 海陸空搜救不放棄,,
https://talk.ltn.com.tw/article/paper/438162,用國賠法第十五條才對,,
https://news.ltn.com.tw/news/focus/paper/438178,廣東團家屬要求 生見人死見屍,,
https://talk.ltn.com.tw/article/paper/438163,毒奶粉求償呢？,,
https://news.ltn.com.tw/news/focus/paper/438176,劉芸均 終生未嫁獻特教,,
https://news.ltn.com.tw/news/life/paper/438037,遇急難事故 可善用智慧型手機GPS功能,,
https://news.ltn.com.tw/news/life/paper/438034,輕颱佳芭生成 是否影響台灣看週三,,
https://news.ltn.com.tw/news/local/paper/438075,當志工養生 94歲鄧有才獲耆壽獎,,
https://news.ltn.com.tw/news/local/paper/438101,南安國中、2幼稚園 今續停課,,
https://talk.ltn.com.tw/article/paper/438171,從速召開全國氣象、水利、工程、救難會議,,
https://news.ltn.com.tw/news/life/breakingnews/424700,梅姬》又失言！　吳敦義誤報死者身分,,
https://news.ltn.com.tw/news/life/breakingnews/424695,梅姬》蘇花意外不符國賠？　吳揆要求再研議,,
https://news.ltn.com.tw/news/life/breakingnews/424690,梅姬》1人救4團　勇司機不居功,,
https://news.ltn.com.tw/news/society/breakingnews/424677,民眾報案　蘇花110公里海岸疑見遺體,,
https://news.ltn.com.tw/news/life/breakingnews/424663,梅姬》搜救無進展　家屬情緒激動批政府,,
https://news.ltn.com.tw/news/life/breakingnews/424648,梅姬》宜蘭農損高達9468萬元　恐創紀錄,,
https://news.ltn.com.tw/news/life/breakingnews/424643,梅姬》宜蘭蘇澳3校明仍停課,,
https://news.ltn.com.tw/news/life/breakingnews/424598,梅姬》蘇花112至114公里路段搶通　車主忙領車,,
https://news.ltn.com.tw/news/life/breakingnews/424596,梅姬》搜救新發現　112.8公里處見弘泰殘骸,,
https://news.ltn.com.tw/news/life/breakingnews/424585,梅姬》生要見人死要見屍　失聯司機太太焦急,,
https://news.ltn.com.tw/news/politics/breakingnews/424568,蘇嘉全籲救災勿用黨的意識型態,,
https://news.ltn.com.tw/news/life/breakingnews/424556,梅姬》因應蘇花災情　台鐵明起2小時加開1班次,,
https://news.ltn.com.tw/news/life/breakingnews/424535,梅姬》陸海空動起來　爆破中隊徒步支援,,
https://news.ltn.com.tw/news/life/breakingnews/424531,梅姬》蘇花發現遺體　確為特教老師劉芸均,,
https://news.ltn.com.tw/news/life/breakingnews/424505,梅姬》蘇花搜救　陸空全面支援,,
https://news.ltn.com.tw/news/life/breakingnews/424504,梅姬》蘇花114.5公里處　發現大客車油箱、鑰匙,,
https://news.ltn.com.tw/news/focus/paper/437973,蘇花公路罹難者 可請求國賠,,
https://news.ltn.com.tw/news/focus/paper/437972,毛治國：蘇花改105年完工,,
https://talk.ltn.com.tw/article/paper/437961,不要封路 要安全的路,,
https://news.ltn.com.tw/news/focus/paper/437975,花蓮飯店住房率暴跌 哀鴻遍野,,
https://talk.ltn.com.tw/article/paper/438027,水災惡夢何時休！,,
https://talk.ltn.com.tw/article/paper/437958,別作秀插花,,
https://talk.ltn.com.tw/article/paper/437901,中國大潮即將淹沒台灣,,
https://talk.ltn.com.tw/article/paper/437956,為何不先救老弱婦孺？,,
https://news.ltn.com.tw/news/focus/paper/437966,災民怒嗆馬 勘災妨礙救災,,
https://news.ltn.com.tw/news/local/paper/437873,中縣市救災隊伍 前進蘇花,,
https://news.ltn.com.tw/news/politics/paper/437945,宋︰北縣升格是行政災難,,
https://news.ltn.com.tw/news/local/paper/438013,《觀察筆記》徹查責任,,
https://news.ltn.com.tw/news/focus/paper/437974,養雞夫婦、教養院女老師失聯,,
https://news.ltn.com.tw/news/life/breakingnews/424480,梅姬》創意團仍失聯　最後身影曝光,,
https://news.ltn.com.tw/news/life/breakingnews/424430,梅姬》蘇花高115.6公里處　發現小客車殘骸,,
https://news.ltn.com.tw/news/life/breakingnews/424429,梅姬》蘇花中斷車改道　南迴大塞車,,
https://news.ltn.com.tw/news/life/breakingnews/424414,梅姬》尋獲保險桿　修車廠證實為創意車,,
https://news.ltn.com.tw/news/life/breakingnews/424357,梅姬》蘇花公3人失聯3天　家屬希望外界趕快搶救,,
https://news.ltn.com.tw/news/life/breakingnews/424342,梅姬》中國組團社下午抵台　直奔宜蘭災區察視,,
https://news.ltn.com.tw/news/life/breakingnews/424234,梅姬》受難家屬激動痛批救災單位動作慢,,
https://news.ltn.com.tw/news/life/breakingnews/424231,梅姬》蘇花114.5k發現疑似失聯遊覽車保險桿,,
https://news.ltn.com.tw/news/focus/paper/437728,蘇花再斷魂 花蓮砲轟中央,,
https://news.ltn.com.tw/news/focus/paper/437724,躲明隧道裡 土石還不斷滾過來,,
https://news.ltn.com.tw/news/focus/paper/437729,宜縣批公路總局「隱瞞地方、只給中央」,,
https://news.ltn.com.tw/news/focus/paper/437730,路基流失嚴重 搶修蘇花恐逾2個月,,
https://news.ltn.com.tw/news/focus/paper/437709,梅姬釀災 至少11死24失蹤,,
https://news.ltn.com.tw/news/focus/paper/437722,墜崖前一刻 司機、領隊還在救人,,
https://news.ltn.com.tw/news/focus/paper/437723,《蘇花崩坍》國軍挺進搶通 還有53人待援,,
https://news.ltn.com.tw/news/life/paper/437558,土石流重創 南方澳最嚴重,,
https://news.ltn.com.tw/news/life/paper/437563,北迴已復駛 每日增4班,,
https://news.ltn.com.tw/news/life/paper/437562,導遊︰遊覽車應裝ＧＰＳ,,
https://news.ltn.com.tw/news/local/paper/437782,《台南述記》災難學,,
https://news.ltn.com.tw/news/life/paper/437559,南安國中操場淹3公尺,,
https://news.ltn.com.tw/news/life/breakingnews/424137,梅姬》天黑明早再挖　蘇花高仍有53人受困,,
https://news.ltn.com.tw/news/life/breakingnews/424077,梅姬》創意21人仍失聯　觀光局公布名單,,
https://news.ltn.com.tw/news/life/breakingnews/424051,梅姬》遊客多數脫困　23人仍失聯,,
https://news.ltn.com.tw/news/life/breakingnews/424039,梅姬》遊覽車至今下落不明　21人生死未卜,,
https://news.ltn.com.tw/news/life/breakingnews/424031,梅姬》花蓮救出48人　中國旅客晚間搭機離台,,
https://news.ltn.com.tw/news/life/breakingnews/423997,梅姬》搶通蘇花高　今晚400旅客可脫困,,
https://news.ltn.com.tw/news/life/breakingnews/423987,梅姬》弘泰旅行社團員證實　領隊駕駛墜崖,,
https://news.ltn.com.tw/news/life/breakingnews/423984,梅姬》日籍神職人員幸運脫困　心有餘悸,,
https://news.ltn.com.tw/news/life/breakingnews/423962,梅姬》陽明山中湖公路土石坍方　全線封閉,,
https://news.ltn.com.tw/news/life/breakingnews/423950,梅姬》尋獲弘泰遊覽車　未發現領隊及駕駛,,
https://news.ltn.com.tw/news/politics/breakingnews/423922,中央地方資訊不一致　宜蘭縣長批中央漠視人命,,
https://news.ltn.com.tw/news/life/breakingnews/423899,梅姬》蘇花坍方路段便道搶通　直昇機救出33人,,
https://news.ltn.com.tw/news/life/breakingnews/423894,梅姬》堤防管制門看守責任　水利處丟給里長,,
https://news.ltn.com.tw/news/life/breakingnews/423889,梅姬》蘇澳白雲寺多人失聯　1人罹難,,
https://news.ltn.com.tw/news/life/breakingnews/423822,梅姬》創意旅行社遊覽車疑遭埋　導遊司機仍失聯,,
https://news.ltn.com.tw/news/life/breakingnews/423796,梅姬》19校傳出災情　災損初估417萬元,,
https://news.ltn.com.tw/news/life/breakingnews/423752,梅姬》蘇花公路路基嚴重流失　修復恐要1個月,,
https://news.ltn.com.tw/news/life/breakingnews/423737,梅姬》北迴今晨恢復通車　蘇花公路400人受困待援,,
https://news.ltn.com.tw/news/focus/paper/437467,蘇花公路 受損10公里 至少一週修復,,
https://news.ltn.com.tw/news/focus/paper/437466,《蘇花公路驚險直擊》土石狂洩 遊覽車瞬間被吞噬,,
https://news.ltn.com.tw/news/focus/paper/437468,受困者罵「求救無門」通知媒體 政府才有反應,,
https://news.ltn.com.tw/news/focus/paper/437451,梅姬灌雨 蘇花坍方 1車21人疑墜崖,,
https://news.ltn.com.tw/news/life/breakingnews/423683,梅姬》毛治國證實　蘇花113k遊覽車墜谷,,
https://news.ltn.com.tw/news/society/breakingnews/423554,梅姬》陸客困蘇花　司機、陸領隊罹難,,
https://news.ltn.com.tw/news/society/breakingnews/423528,梅姬》陸客團困蘇花　縣府：去找超商,,
https://news.ltn.com.tw/news/life/breakingnews/423367,梅姬》豪雨成災　蘇花鐵公路交通中斷,,
https://news.ltn.com.tw/news/local/paper/433450,蘇花古道大南澳越嶺段 明啟用,,
https://news.ltn.com.tw/news/society/paper/432184,老母走失 盼民協尋,,
https://news.ltn.com.tw/news/local/paper/430353,砂卡礑步道 開放至五間屋段,,
https://news.ltn.com.tw/news/local/paper/429002,凡那比狂風暴雨／宜蘭農損逾千萬,,
https://news.ltn.com.tw/news/local/paper/418745,500張老照片 尋花蓮記憶,,
https://art.ltn.com.tw/article/paper/418235,【旅遊】旅遊的滋味----風雨無阻單車環島,,
https://news.ltn.com.tw/news/life/paper/415738,26小時環島巴士團 超殺行程秒殺賣光,,
https://news.ltn.com.tw/news/local/paper/413460,花蓮文學獎 花蓮紀念照徵文揭曉,,
https://news.ltn.com.tw/news/local/paper/413455,水質清涼 遊客︰不輸蘇澳冷泉,,
https://news.ltn.com.tw/news/local/paper/407900,蘇花清水斷崖 物種差異重要分界,,
https://news.ltn.com.tw/news/local/paper/400237,混凝土車墜50米深崖 駕駛命大  僅割傷臉,,
https://news.ltn.com.tw/news/local/paper/399022,若12月通過／蘇花改 明年初可望動工,,
https://news.ltn.com.tw/news/politics/paper/397305,就職兩週年  檢視馬政見 空頭支票一堆,,
https://news.ltn.com.tw/news/local/paper/397000,挑戰高難度 中橫行程夯,,
https://news.ltn.com.tw/news/local/paper/395799,花蓮便利通,,
https://news.ltn.com.tw/news/local/paper/390442,為生命跑千里  超馬黃衍齡完成環島,,
https://news.ltn.com.tw/news/life/paper/389160,心事說出來 超馬黃衍齡跑出憂鬱,,
https://news.ltn.com.tw/news/local/paper/387007,南澳門面注入「原」氣 打造「騎跡」,,
https://news.ltn.com.tw/news/life/paper/385442,年底前動工 105年通車／蘇花改山區路段 擬禁行大型砂石車,,
https://news.ltn.com.tw/news/local/paper/382739,花蓮便利通,,
https://news.ltn.com.tw/news/local/paper/377374,花蓮便利通,,
https://news.ltn.com.tw/news/local/paper/376536,鄉鎮市長就職 擘畫新願景,,
https://news.ltn.com.tw/news/focus/paper/375917,花蓮/雙英大不同  蔡 笑談理念 馬 一路開罵,,
https://news.ltn.com.tw/news/local/paper/375037,海上看清水斷崖 體驗震撼之旅,,
https://news.ltn.com.tw/news/focus/paper/374288,馬批蕭搶功 蕭籲藍挺東部發展條例,,
https://news.ltn.com.tw/news/politics/paper/374031,花蓮縣立委補選/綠籲淨選風 藍打鄉親牌,,
https://news.ltn.com.tw/news/life/paper/372559,趕年底動工？ 蘇花改環評先跑,,
https://news.ltn.com.tw/news/local/paper/371740,蘇花改年底動工 海洋公園要擴園,,
https://news.ltn.com.tw/news/politics/paper/371234,《立委補選／花蓮》分區拜票 3選將各自衝刺,,
https://news.ltn.com.tw/news/local/paper/370913,北迴線通車大事紀,,
https://news.ltn.com.tw/news/politics/paper/370514,花蓮立委補選 博交通牌  蘇王朱跨刀拚場,,
https://news.ltn.com.tw/news/politics/paper/369775,輔選蕭美琴 小英將至花蓮圍爐,,
https://art.ltn.com.tw/article/paper/369575,【旅遊】能登半島單車騎遇記----日本石川縣,,
https://news.ltn.com.tw/news/politics/paper/369232,返鄉更容易  蕭美琴喊出 花蓮人搭火車半價,,
https://news.ltn.com.tw/news/politics/paper/369233,吳揆：蘇花快年底發包,,
https://news.ltn.com.tw/news/politics/paper/368976,馬批非在地  蕭美琴：跟證嚴一樣愛花蓮,,
https://news.ltn.com.tw/news/local/paper/368013,鳥瞰南方澳 賞景平台月底完工,,
https://news.ltn.com.tw/news/local/paper/368014,小檔案,,
https://news.ltn.com.tw/news/local/paper/367456,王廷升要求蘇花改提升標準,,
https://news.ltn.com.tw/news/local/paper/367429,春節路暢通 28日起禁挖路,,
https://news.ltn.com.tw/news/local/paper/366000,搬遷花蓮 蕭美琴忙拜碼頭,,
https://art.ltn.com.tw/article/paper/363829,【自由副刊】東海岸,,
https://news.ltn.com.tw/news/local/paper/362675,再見2009 花蓮年度10大新聞 夠驚奇,,
https://news.ltn.com.tw/news/local/paper/362138,中央不建蘇花高 傅崐萁揚言公投,,
https://news.ltn.com.tw/news/life/paper/361160,蘇花改定案 車程快了半小時,,
https://news.ltn.com.tw/news/life/paper/361161,在地心聲》不符期待 觀光業傷最大,,
https://news.ltn.com.tw/news/life/breakingnews/311585,蘇花高不蓋 400億元蘇花公路改善定案,,
https://news.ltn.com.tw/news/life/paper/360633,東部運輸改善案 不見蘇花高,,
https://news.ltn.com.tw/news/local/paper/354340,杜：傅炒蘇花高與中央唱反調,,
https://news.ltn.com.tw/news/local/paper/352174,林有志廣告片 被當歷史教材,,
https://news.ltn.com.tw/news/local/paper/351117,蘇花公路蘇澳端 闢成3線道,,
https://news.ltn.com.tw/news/life/paper/348726,信望愛師生單車環島 10天凱歸,,
https://news.ltn.com.tw/news/local/paper/346926,《蘇花公路驚魂》遊覽車尾冒火 40餘人均安,,
https://talk.ltn.com.tw/article/paper/346709,蘇花「馬」路？,,
https://news.ltn.com.tw/news/politics/paper/350370,縣市長選舉紙上辯論系列／花選情詭譎 杜麗華傅崐萁張志明不相讓,,
https://news.ltn.com.tw/news/local/paper/343399,9成蔥爛 吉安農損慘,,
https://news.ltn.com.tw/news/local/paper/343084,蘇花公路 最快今晚8點全線通車,,
https://news.ltn.com.tw/news/local/paper/343083,催生蘇花高 促建聯盟成立,,
https://news.ltn.com.tw/news/local/paper/342811,人車同行 馬上有生意,,
https://news.ltn.com.tw/news/local/paper/342809,台鐵複合運輸 菜車意願不高,,
https://news.ltn.com.tw/news/local/paper/342828,交通又中斷…蘇花替成議員質詢焦點,,
https://news.ltn.com.tw/news/life/breakingnews/280241,蘇花斷 貨車運農產品上火車沒人捧場,,
https://news.ltn.com.tw/news/life/paper/342402,蘇花、中橫都不通 火車運菜北上,,
https://news.ltn.com.tw/news/local/paper/342523,花蓮連日降雨 生活秩序大亂,,
https://news.ltn.com.tw/news/life/breakingnews/279739,蘇花公路斷 最快14日傍晚才能搶通,,
https://news.ltn.com.tw/news/life/paper/342164,豪雨又來 宜蘭一週2度淹水,,
https://news.ltn.com.tw/news/life/paper/341970,中橫坍方西寶國小58學生受困,,
https://news.ltn.com.tw/news/life/paper/341177,蘇花公路搶通 宜蘭積水消退,,
https://news.ltn.com.tw/news/life/breakingnews/277830,蘇花公路全線搶通 部分路段單線雙向,,
https://news.ltn.com.tw/news/local/paper/340977,蘇花今天傍晚才能搶通,,
https://news.ltn.com.tw/news/local/paper/340979,國軍採前進部署 成效佳受肯定,,
https://news.ltn.com.tw/news/life/paper/340869,宜蘭積水不退 選舉口水還在下,,
https://news.ltn.com.tw/news/life/breakingnews/277074,蘇花公路170K坍方 崇德隧道口水柱宣洩,,
https://news.ltn.com.tw/news/life/breakingnews/277010,蔥價飆 一台斤高達140元,,
https://news.ltn.com.tw/news/focus/paper/340737,花蓮北上交通中斷,,
https://news.ltn.com.tw/news/focus/paper/340736,宜蘭雨量 上修至1800毫米,,
https://news.ltn.com.tw/news/local/paper/340670,宜蘭～花蓮 鐵公路都中斷,,
https://news.ltn.com.tw/news/local/paper/340674,北迴、蘇花、中橫中斷 旅客受阻,,
https://news.ltn.com.tw/news/life/breakingnews/276744,超大豪雨 北迴與蘇花都中斷,,
https://news.ltn.com.tw/news/local/paper/339171,爭取蘇花替動工 縣長選戰主軸,,
https://news.ltn.com.tw/news/politics/breakingnews/274165,傅崐萁立院質詢 籲吳揆多關愛花蓮,,
https://news.ltn.com.tw/news/local/paper/338891,「票」亮創紀錄》「鈔」級景點 躍上郵票,,
https://news.ltn.com.tw/news/local/paper/338890,重現蘇花古道 「舊」這麼美,,
https://news.ltn.com.tw/news/society/paper/337410,油罐車墜蘇花斷崖 駕駛倖存,,
https://news.ltn.com.tw/news/society/breakingnews/271443,蘇花公路崇德段 化學原料車翻落山谷,,
https://news.ltn.com.tw/news/local/paper/334820,﹝交大怪咖﹞4天單車環島 挑戰體能極限,,
https://news.ltn.com.tw/news/local/paper/334038,台鐵人車同行 載運車輛恐再降,,
https://news.ltn.com.tw/news/society/paper/330428,醉婦躺馬路 被醫師輾過,,
https://news.ltn.com.tw/news/local/paper/330391,扯！花東沒半根戰備橋材,,
https://news.ltn.com.tw/news/local/paper/323891,19歲東華女生 直排輪環島成功,,
https://news.ltn.com.tw/news/local/paper/319308,地牛又翻身 震央萬榮規模5,,
https://news.ltn.com.tw/news/local/paper/318117,蘭雨節登場，疏導路線請多利用 ,,
https://news.ltn.com.tw/news/local/paper/317984,育幼院童單車環台 奔馳東海岸 樂在「騎」中,,
https://news.ltn.com.tw/news/local/paper/316531,東岳湧泉 親子同歡涼快一夏,,
https://news.ltn.com.tw/news/life/breakingnews/234417,14次地震同日發生 民眾宜小心落石,,
https://news.ltn.com.tw/news/local/paper/313120,行政劃分奇 南澳車站屬蘇澳鎮,,
https://sports.ltn.com.tw/news/paper/310793,快遞暴力熊 象遭完封,,
https://news.ltn.com.tw/news/politics/paper/307316,中國客偷拍案 軍方加強反滲透,,
https://news.ltn.com.tw/news/local/paper/304997,花蓮重大事件年表,,
https://news.ltn.com.tw/news/society/breakingnews/216090,剷土機清落石 駕駛翻落山谷重傷送醫,,
https://news.ltn.com.tw/news/local/paper/302904,解決端節一票難求 花蓮縣府提供免費返鄉專車,,
https://news.ltn.com.tw/news/local/paper/302603,售立霧溪砂石 籌資防治沙塵暴,,
https://news.ltn.com.tw/news/local/paper/301346,賞鯨生態之旅 將增加新行程,,
https://news.ltn.com.tw/news/local/paper/289873,台北縣境台二、台九線假日擬禁行大貨車 業者︰貨運與觀光可同時進行,,
https://news.ltn.com.tw/news/local/paper/287816,蘇花明隧道樑柱毀損 怵目驚心,,
https://news.ltn.com.tw/news/local/paper/287441,《躺著騎單車》斜躺車上路引目光,,
https://news.ltn.com.tw/news/local/paper/287077,蘇花高歸零 年底才會提計劃,,
https://news.ltn.com.tw/news/local/paper/286167,原生蘭台灣白及 培育技術突破,,
https://news.ltn.com.tw/news/local/paper/286139,布洛灣連絡道 砌石護欄贏掌聲,,
https://news.ltn.com.tw/news/local/paper/284260,《攔停告發阻歪風》大型重機狂飆 警方擬出擊,,
https://talk.ltn.com.tw/article/paper/282551,請別唬弄、污名化228,,
https://news.ltn.com.tw/news/local/paper/281811,協商多年 禁採補償解決,,
https://news.ltn.com.tw/news/local/paper/281519,釣客落海抱冰桶 直升機救起不治,,
https://news.ltn.com.tw/news/local/paper/281210,廚師單車環台 騎千里募2千張發票,,
https://news.ltn.com.tw/news/politics/breakingnews/180234,立委傅崐萁 宣布參加花蓮縣長國民黨內初選,,
https://news.ltn.com.tw/news/local/paper/279627,抓冬季盜獵 捕獸夾居多,,
https://news.ltn.com.tw/news/life/paper/276608,為台灣祈福而跑 環台圓滿成功,,
https://news.ltn.com.tw/news/life/paper/276337,春節北返潮 國道車流遞減,,
https://news.ltn.com.tw/news/society/breakingnews/174633,蘇花宜蘭入口 車輛回堵7公里,,
https://news.ltn.com.tw/news/local/paper/275237,頭城交流道 春節管制不變,,
https://news.ltn.com.tw/news/local/paper/271113,北迴線一票難求 鐵路局難辭其咎,,
https://news.ltn.com.tw/news/local/paper/271112,返花過年 縣府專車免費啦,,
https://news.ltn.com.tw/news/local/paper/267348,宜蘭交管，行車避開尖峰,,
https://news.ltn.com.tw/news/life/paper/263799,10省道66處危路 將斥20.75億修繕,,
https://news.ltn.com.tw/news/society/breakingnews/155537,水泥車撞遊覽車 9人受傷,,
https://news.ltn.com.tw/news/local/paper/260644,鐵腿幫／下蘇花深崖 釣魚兼練身體,,
https://news.ltn.com.tw/news/local/paper/260142,自小客撞機車 老夫妻不治,,
https://news.ltn.com.tw/news/local/paper/255011,折翼天使騎鐵馬 誓言環島要成功,,
https://news.ltn.com.tw/news/local/paper/250847,彩虹橋名不符實 地方爭取綠美化,,
https://news.ltn.com.tw/news/life/paper/249585,台大ＥＭＢＡ單車環台 啟程,,
https://news.ltn.com.tw/news/life/breakingnews/137576,台大EMBA創全台人數最多高階經理人環島自行車隊,,
https://news.ltn.com.tw/news/society/breakingnews/133937,颱風》蘇花公路可望18:00前恢復通行,,
https://news.ltn.com.tw/news/life/breakingnews/133903,颱風》蘇花公路中午搶通單線通車,,
https://news.ltn.com.tw/news/focus/paper/246623,巨風狂搖…遊覽車轟隆倒下,,
https://news.ltn.com.tw/news/focus/paper/246602,薔蜜挾17級強風  吹翻遊覽車38傷,,
https://news.ltn.com.tw/news/local/paper/246564,薔蜜風強雨密 花蓮多個社區一度撤離,,
https://news.ltn.com.tw/news/focus/paper/246625,全台交通大亂／強風擾電 高鐵北→高龜行5小時,,
https://news.ltn.com.tw/news/life/breakingnews/133704,颱風》交通多處中斷 出門先查詢,,
https://news.ltn.com.tw/news/life/breakingnews/133640,颱風》交通狀況多 高鐵、國道、省道先確認,,
https://news.ltn.com.tw/news/society/breakingnews/133478,颱風》蘇花和平 - 崇德坍方 目前單向通車,,
https://news.ltn.com.tw/news/local/paper/244546,【蘇花宜蘭段】明隧道 最長逾百公尺 ,,
https://news.ltn.com.tw/news/local/paper/244544,中橫蘇花30座明隧道  半數重創,,
https://news.ltn.com.tw/news/life/paper/242882,豪雨肆虐 28處省道待搶通,,
https://news.ltn.com.tw/news/life/breakingnews/128062,颱風》搶修不及 蘇花公路封閉,,
https://news.ltn.com.tw/news/politics/breakingnews/121406,經建會:預估明年一月立院通過離島博弈除罪,,
https://news.ltn.com.tw/news/local/paper/235524,全家單車環島 松鼠作伴,,
https://news.ltn.com.tw/news/life/paper/231867,舊鐵道擬改建 串連環島自行車道,,
https://news.ltn.com.tw/news/local/paper/230645,堤防露缺口 花市復興新村成澤國,,
https://news.ltn.com.tw/news/local/paper/230646,太平山雨冠全國 宜蘭山區路斷,,
https://news.ltn.com.tw/news/life/paper/230659,母子3人單車環島 暑假留「騎」蹟,,
https://news.ltn.com.tw/news/society/breakingnews/109161,花蓮仍有五千停電戶 蘇花公路兩處坍方,,
https://news.ltn.com.tw/news/local/paper/230304,府城做十六歲 少年兄單車環台,,
https://news.ltn.com.tw/news/life/paper/229950,蘇花替定為省道 將設紅綠燈,,
https://news.ltn.com.tw/news/local/paper/229145,蘇花公路火燒車,,
https://news.ltn.com.tw/news/life/paper/228921,信義院童環島21天 7歲小琦騎1200公里 ,,
https://news.ltn.com.tw/news/life/breakingnews/106741,育幼院童單車環島成功 體驗台灣真善美,,
https://news.ltn.com.tw/news/local/paper/228304,中橫落石不斷 已搶通暫勿進入,,
https://news.ltn.com.tw/news/life/breakingnews/106000,全台交通、災情,,
https://news.ltn.com.tw/news/life/breakingnews/105738,全台交通、災情快報,,
https://news.ltn.com.tw/news/local/paper/227208,外木山攤販霸「道」   遊客氣結 ,,
https://news.ltn.com.tw/news/focus/paper/225844,藍綠委呼應改組 劉揆不考慮,,
https://news.ltn.com.tw/news/life/paper/225671,立委嗆慈濟不守諾 環團不公正,,
https://news.ltn.com.tw/news/life/breakingnews/102517,蘇花替代路 交部:要編進98年度預算不容易,,
https://news.ltn.com.tw/news/politics/breakingnews/102318,謝深山︰平安回家的路是花蓮人最卑微的需求,,
https://news.ltn.com.tw/news/politics/breakingnews/102192,蘇花高政院變變變 傻傻分不清楚,,
https://news.ltn.com.tw/news/life/paper/225389,謝深山：花蓮人爭取安全的路 有錯嗎？,,
https://news.ltn.com.tw/news/life/paper/225387,有了「蘇花替」  一年仍得斷路半個月,,
https://ec.ltn.com.tw/article/paper/225623,蘇花道路工程效應 水泥大漲,,
https://news.ltn.com.tw/news/life/paper/225388,環團遞陳情書 落地沒人理,,
https://news.ltn.com.tw/news/politics/breakingnews/102005,蘇花高爭議 毛治國：回應東部民眾需求,,
https://news.ltn.com.tw/news/politics/breakingnews/101867,蘇花高引爭議 藍綠立委不同調,,
https://news.ltn.com.tw/news/focus/paper/225291,馬上決策急轉彎／「建蘇花高」 變蘇花公路替代道路 ,,
https://news.ltn.com.tw/news/focus/paper/225294,這廂狂喜／花蓮人樂「盼來平安回家路」,,
https://news.ltn.com.tw/news/focus/paper/225293,口誤？巧立名目？ 為蘇花高解套,,
https://talk.ltn.com.tw/article/paper/225281,蘇花高「馬上」跳票,,
https://news.ltn.com.tw/news/focus/paper/225296,綠委批取巧 規避環評,,
https://news.ltn.com.tw/news/focus/paper/225292,一日數變／上午…劉揆要建蘇花高 下午…交部改口,,
https://news.ltn.com.tw/news/focus/paper/225295,那廂狂罵／證嚴震驚 環團嗆劉揆：來辯論,,
https://news.ltn.com.tw/news/politics/paper/225092,中國首發團第二天 叼菸到處走 上船不穿救生衣,,
https://news.ltn.com.tw/news/local/paper/223250,單車遊東台 暑假上路去,,
https://art.ltn.com.tw/article/paper/222408,【自由副刊】    一旦開始，就不能停止 專訪伍軒宏（第一屆林榮三文學獎短篇小說首獎、第二屆散文佳作）,,
https://news.ltn.com.tw/news/life/paper/221706,數學543：2016傷痛的福爾摩沙,,
https://news.ltn.com.tw/news/society/paper/218760,行經彎路站著 摔出車外 司機無罪,,
https://news.ltn.com.tw/news/local/paper/218412,【看問題】平息疑惑 應該公布配座情況,,
https://news.ltn.com.tw/news/life/paper/217806,國工局評估：蘇花高變身蘇花公路改善案 分段修建,,
https://news.ltn.com.tw/news/local/paper/216591,【小常識】何謂明隧道？,,
https://news.ltn.com.tw/news/life/paper/216303,觀音牽友誼 共築環台夢,,
https://news.ltn.com.tw/news/local/paper/209107,小花蔓澤蘭 朝高海拔入侵,,
https://news.ltn.com.tw/news/local/paper/208907,南方澳陸連島  筆架山出文官,,
https://news.ltn.com.tw/news/local/paper/208464,【看問題】颱風與運輸 兩大變數,,
https://news.ltn.com.tw/news/local/paper/207984,險路廿處 走蘇花公路驚又怕,,
https://news.ltn.com.tw/news/local/paper/207985,【看問題】修這邊坍那邊 整治沒盡期,,
https://news.ltn.com.tw/news/local/paper/207420,救護車被卡住 蘇花公路釀悲劇,,
https://news.ltn.com.tw/news/local/paper/207421,和仁隧道內兩機車對撞 騎士雙告不治,,
https://news.ltn.com.tw/news/local/paper/204740,遊花東 雙鐵自由行正夯,,
https://news.ltn.com.tw/news/life/paper/202301,嚴長壽：迎接中國客 台灣還沒準備好,,
https://news.ltn.com.tw/news/local/paper/199696,人車同行不叫座 台鐵不喊停,,
https://news.ltn.com.tw/news/local/paper/199670,單車環島壯舉  兩義消達陣,,
https://news.ltn.com.tw/news/local/paper/197029,隔20年 大南澳有廣播聽啦,,
https://news.ltn.com.tw/news/life/paper/193555,環署長：蘇花高開發否 新政府決定,,
https://news.ltn.com.tw/news/life/paper/193243,環團抨擊：政策不定 搶通過很可疑,,
https://news.ltn.com.tw/news/local/paper/192589,人多又髒 海岸磯釣場超載,,
https://news.ltn.com.tw/news/local/paper/192384,怎麼去蘇澳冷泉,,
https://news.ltn.com.tw/news/local/paper/192181,避寒 台灣獼猴下山,,
https://news.ltn.com.tw/news/focus/paper/191067,逆風行腳出海 見證台灣之美,,
https://news.ltn.com.tw/news/local/paper/189750,【逆風前進】行腳台灣 宜蘭將走6天,,
https://news.ltn.com.tw/news/local/paper/186392,春節交通疏導 蘇澳列重點,,
https://news.ltn.com.tw/news/local/paper/183440,七星潭種蒲葵 營造南國風情,,
https://news.ltn.com.tw/news/local/paper/181013,老闆捨生意 咖啡車變理念戰車,,
https://news.ltn.com.tw/news/local/paper/179887,蘇花高民意普查 逾九成支持興建,,
https://news.ltn.com.tw/news/local/paper/179661,醫師畫家徐慧興 辦個展,,
https://news.ltn.com.tw/news/local/paper/178374,小花蔓澤蘭 攻上太魯閣海拔六百公尺,,
https://news.ltn.com.tw/news/local/paper/175154,國際拍賣會 後山畫家不缺席,,
https://news.ltn.com.tw/news/local/paper/173499,落海警員 機警自救上岸,,
https://news.ltn.com.tw/news/local/paper/173201,渭水高到南澳 交通部願研議,,
https://news.ltn.com.tw/news/life/paper/171198,蘇花公路又坍 單向通車,,
https://news.ltn.com.tw/news/local/paper/171169,大同四校昨停課 北迴大誤點,,
https://news.ltn.com.tw/news/local/paper/170470,長征千里/不老騎士 終站抵苗,,
https://news.ltn.com.tw/news/society/paper/170334,東竹國小 蘇花車禍18傷,,
https://news.ltn.com.tw/news/local/paper/169206,不老騎士隊環台 挑戰蘇花公路,,
https://news.ltn.com.tw/news/life/paper/167945,不老騎士環台 二度蜜月,,
https://news.ltn.com.tw/news/local/paper/165201,雪隧通樂 風景區不樂,,
https://news.ltn.com.tw/news/local/paper/163346,盧博基發起一人一信 遊說建蘇花高,,
https://news.ltn.com.tw/news/focus/paper/159455,避開爭議  蘇花高擬分段闢建,,
https://news.ltn.com.tw/news/local/paper/159464,板新水濁 快！儲水備用,,
https://news.ltn.com.tw/news/life/paper/159473,風雨毀交通 20多處路斷,,
https://talk.ltn.com.tw/article/paper/159316,颱風天再催生蘇花高,,
https://news.ltn.com.tw/news/focus/paper/159411,全台癱瘓 陸海空動彈不得,,
https://news.ltn.com.tw/news/local/paper/159116,柯羅莎進逼 台鐵列車停駛,,
https://news.ltn.com.tw/news/life/paper/159143,國道九收費站 暫停收費,,
https://news.ltn.com.tw/news/local/paper/159114,強颱襲台 南方澳浪滔天,,
https://news.ltn.com.tw/news/local/paper/158912,蘇花搶通 路況仍不穩,,
https://news.ltn.com.tw/news/local/paper/158919,9月份車禍5死 全是行人,,
https://news.ltn.com.tw/news/society/paper/156754,＜蘇花破大洞 滾落百公尺＞車墜谷卡枯木 母子死裡逃生,,
https://news.ltn.com.tw/news/life/paper/156352,塞！想快點返鄉 下午再出門,,
https://news.ltn.com.tw/news/local/paper/155487,颱風假，人潮擠進百貨公司,,
https://news.ltn.com.tw/news/local/paper/154278,彎道多視線差 夜行蘇花要小心,,
https://news.ltn.com.tw/news/local/paper/154277,山崖當公路 2騎士飛落蘇花,,
https://news.ltn.com.tw/news/life/paper/151661,單程一趟2359起跳 費用高 捧場少,,
https://news.ltn.com.tw/news/life/paper/151660,6小時樹林到花蓮！台鐵人車同行 比開車更累,,
https://news.ltn.com.tw/news/life/paper/150540,蘇花最快今傍晚全面放行,,
https://news.ltn.com.tw/news/life/paper/150184,蘇花明開放15噸以下大貨車,,
https://news.ltn.com.tw/news/life/paper/149560,蘇花通小車 蔬果運送仍受阻,,
https://news.ltn.com.tw/news/focus/paper/149297,高效率  蘇花今搶通,,
https://news.ltn.com.tw/news/local/paper/149153,蘇花公路斷 週四前搶通,,
https://news.ltn.com.tw/news/life/paper/148874,蘇花公路中斷 最快26日搶通,,
https://news.ltn.com.tw/news/life/paper/148875,石土應聲而下「像世界末日」,,
https://news.ltn.com.tw/news/life/paper/148713,台鐵購貨車 助東砂西運,,
https://news.ltn.com.tw/news/society/paper/148599,3人計畫逃 7人搭便車,,
https://news.ltn.com.tw/news/local/paper/142829,走花蓮台11線  跳浪在眼前,,
https://news.ltn.com.tw/news/life/paper/142003,自行車擬列為運具 享路權,,
https://news.ltn.com.tw/news/local/paper/141858,5萬元配備 鐵馬逍遙環島,,
https://news.ltn.com.tw/news/local/paper/141854,追風少年環島 滿載人情味,,
https://news.ltn.com.tw/news/life/paper/141147,趕80公里路送麵線 謝警救遺體,,
https://news.ltn.com.tw/news/local/paper/139950,活動登場，疏導路線避壅塞,,
https://news.ltn.com.tw/news/local/paper/134257,落難神像，王公指示縣府安置,,
https://art.ltn.com.tw/article/paper/131452,【藝術文化】環島彩繪 林弘行油畫展,,
https://talk.ltn.com.tw/article/paper/130253,把BuBu開上蘇花火車 可行,,
https://news.ltn.com.tw/news/life/paper/130180,八旬翁騎鐵馬 「繞地球四圈」,,
https://talk.ltn.com.tw/article/paper/128978,寫給林懷民嚴長壽童子賢,,
https://talk.ltn.com.tw/article/paper/128901,開車上船遊花東,,
https://news.ltn.com.tw/news/life/paper/128747,莒光號脫鉤，追究人為疏失,,
https://news.ltn.com.tw/news/life/paper/128180,遊覽車禁用再生胎 才執行恐鬆綁,,
https://news.ltn.com.tw/news/focus/paper/127852,遊覽車煞車失靈 急轉撞山壁  救了45師生,,
https://news.ltn.com.tw/news/life/paper/126561,環評若過扁支持建蘇花高,,
https://ec.ltn.com.tw/article/paper/126074,外商壽險加碼 CEO高呼台灣好,,
https://news.ltn.com.tw/news/local/paper/124941,砲台山規劃纜車，擬採ＢＯＴ,,
https://news.ltn.com.tw/news/focus/paper/124587,暖化脫序／台灣生態急劇變遷：溼地原生植物   30年來北遷70公里,,
https://news.ltn.com.tw/news/local/paper/124155,看 單車上路影迷蘇花過影,,
https://news.ltn.com.tw/news/society/paper/124038,父攜子單車環台共築   查甫人的青春夢,,
https://news.ltn.com.tw/news/politics/paper/122318,翔昇戰機 扁今命名雄鷹,,
https://news.ltn.com.tw/news/society/paper/119231,未婚婦打工 苦養3災童,,
https://news.ltn.com.tw/news/local/paper/118189,計程車隊壟斷客源 消保官調查,,
https://news.ltn.com.tw/news/society/paper/118061,搶救女兒 父落海失蹤,,
https://news.ltn.com.tw/news/focus/paper/117515,扁：民進黨只有台灣主體一條路線,,
https://news.ltn.com.tw/news/society/paper/117305,22小時環台 送遺體返鄉,,
https://news.ltn.com.tw/news/life/paper/117185,台北到花蓮 他開了7小時,,
https://news.ltn.com.tw/news/life/paper/116848,六項惡性違規 假期持續取締,,
https://art.ltn.com.tw/article/paper/116362,【旅遊】今天，就來這裡過情人節吧！-----宜蘭海灣祕境尋浪漫,,
https://news.ltn.com.tw/news/life/paper/112136,嚴長壽侯孝賢 反建蘇花高,,
https://news.ltn.com.tw/news/local/paper/111833,有線電視收費 議員痛批太貴,,
https://news.ltn.com.tw/news/life/paper/108009,興建蘇花高 爭議未解,,
https://news.ltn.com.tw/news/life/paper/103384,環評評分負面 環團反蘇花高,,
https://art.ltn.com.tw/article/paper/101201,【自由副刊】在文字與影像之間  作家李志薔新戲上路,,
https://ent.ltn.com.tw/news/paper/100972,激情玩瘋 亂成一團 品冠撲倒梁靜茹 強辯搞斷背共浴,,
https://playing.ltn.com.tw/article/14594,岩洞體驗行 風光任你遊,,
https://news.ltn.com.tw/news/society/paper/99382,勒斃棄屍雜木林 組頭變白骨,,
https://playing.ltn.com.tw/article/14508,黃金花浪 純白馥郁同台競艷,,
https://news.ltn.com.tw/news/local/paper/97826,《社會傳真》４嫌結夥網鴿勒贖 ３人收押,,
https://playing.ltn.com.tw/article/14471,東海岸小站 偷閒推薦,,
https://art.ltn.com.tw/article/paper/96663,【旅遊】騎樂無比 親子同騎腳踏車出遊,,
https://news.ltn.com.tw/news/politics/paper/95749,環台倒扁 施︰濁水溪神話破滅,,
https://news.ltn.com.tw/news/politics/paper/95608,紅軍台東席開40桌 大啖海鮮,,
https://news.ltn.com.tw/news/society/paper/95159,司機喊煞車失靈 車就衝入谷,,
https://playing.ltn.com.tw/article/14411,山海花蓮輕鬆GO西寶國小製陶趣,,
https://news.ltn.com.tw/news/society/paper/93189,火燒連環船 濃煙蔽日 3艘全毀,,
https://news.ltn.com.tw/news/local/paper/89806,砂石車墜崖 駕駛掛樹上,,
https://playing.ltn.com.tw/article/14183,輕鬆上手 操舟路線大公開,,
https://art.ltn.com.tw/article/paper/83432,【自由副刊】月見花-下,,
https://playing.ltn.com.tw/article/14052,深入金洋部落 體驗傳統原味,,
https://playing.ltn.com.tw/article/13962,逗陣趴趴走 消暑樂宜夏冬山河公園夏 日親水High到瘋,,
https://playing.ltn.com.tw/article/13963,宜蘭童玩節雙園戲,,
https://news.ltn.com.tw/news/politics/paper/77497,共軍若入侵 我擬炸雪隧口,,
https://news.ltn.com.tw/news/life/paper/72119,豪雨釀災 溪暴漲吞噬姊妹,,
https://talk.ltn.com.tw/article/paper/69502,不要讓窮人補貼富人,,
https://news.ltn.com.tw/news/local/paper/66950,社會傳真／持刀逼母脫衣性侵 男判12年,,
https://playing.ltn.com.tw/article/13525,到花蓮 感受薰衣草紫色魔力,,
https://news.ltn.com.tw/news/politics/paper/63609,預算凍結 政院將摸黑上班,,
https://news.ltn.com.tw/news/society/paper/58507,落石砸名車 判准國賠,,
https://art.ltn.com.tw/article/paper/56752,【自由副刊】去台東,,
https://news.ltn.com.tw/news/life/paper/56176,民眾提早走 國道北上一路通,,
https://talk.ltn.com.tw/article/paper/56100,為台灣 拚觀光,,
https://news.ltn.com.tw/news/society/paper/55617,蘇花落石 砸破貨櫃,,
https://news.ltn.com.tw/news/local/paper/55391,遊花蓮免塞車 請跟綠標走,,
https://news.ltn.com.tw/news/local/paper/45747,花蓮10大肇事路段 台9線佔8個,,
https://news.ltn.com.tw/news/society/paper/37812,蘇花落石劫 1車3傷 孕婦重創,,
https://news.ltn.com.tw/news/local/paper/37252,混凝土車墜崖 駕駛喪命,,
https://news.ltn.com.tw/news/focus/paper/30846,蘇澳軍艦 中國漁工看光光,,
https://news.ltn.com.tw/news/focus/paper/29511,綠島近千旅客受困,,
https://news.ltn.com.tw/news/society/paper/26584,快樂車行 悲傷行╱手煞車失靈 卡車墜溪2死,,
https://news.ltn.com.tw/news/life/paper/26060,谷關懸孤  週二可望通車,,
https://news.ltn.com.tw/news/focus/paper/25905,頭一遭  台東荖葉坐飛機,,
https://news.ltn.com.tw/news/focus/paper/25746,遊客困墾丁  今包機接人,,
https://news.ltn.com.tw/news/focus/paper/25647,三條橫貫公路  統統斷,,
https://news.ltn.com.tw/news/society/paper/24887,保警弒母案 透地雷達尋屍,,
https://news.ltn.com.tw/news/society/paper/22649,子殺母棄屍  再掏空財產,,
https://news.ltn.com.tw/news/life/paper/20701,26歲計程車  虎虎生風,,
https://news.ltn.com.tw/news/life/paper/16295,台北府天后宮  罰款蓋成的,,
https://news.ltn.com.tw/news/society/paper/2893,砂石車越線 撞爛遊覽車,,
https://news.ltn.com.tw/news/life/paper/4323,交通 初二比初一好多了,,
https://news.ltn.com.tw/news/focus/paper/3978,花蓮對外公路  條條暢通,,
https://news.ltn.com.tw/news/life/paper/3281,開車返鄉 轉個彎路更寬,,
https://news.ltn.com.tw/news/focus/paper/15315,蘇花高 美軍援台要道,,
https://news.ltn.com.tw/news/life/paper/12150,颱風橫切  中橫多處落石坍方,,
