Link,Title,Context,PublishTime
https://news.tvbs.com.tw/life/2868397,駕駛注意！蘇花中仁隧道南下線施工　5／13起「封閉17天」,"用路人注意！為進行排水改善並復原路面施工，台9線蘇花改「中仁隧道南下線」自今（13）日上午起到5月29日下午6時，一連17天，將實施全天24小時封閉管制，提醒南下用路人可改走台9丁線（舊蘇花公路），民眾也可上公路局官網留意最新動態。
更多新聞：
台日韓「國定假日、特休假」大PK　1數據曝光網淚：台灣人最奴
交通部公路局東區養護工程分局說明，為了維護用路人安全，將針對台9線蘇花改中仁隧道南下線的排水改善與路面復原施工，自今天上午8時到5月29日下午6時，南下隧道實施「全時段24小時道路封閉管制」。
更多新聞：
黃仁勳還沒來！太太家人先抵台　拎10萬精品包超狂行頭曝
此外，分局說明，北端管制點為台9線和中地磅站前紅綠燈交通號誌（台9線148k+860）。管制期間，提醒南下用路人可以改走「台9丁線（舊蘇花公路）」通行。若民眾想了解管制訊息，可運用
公路局省道即時路況系統
或下載「幸福公路APP」，並收聽廣播以獲取即時訊息。",2025/05/13 11:56
https://news.tvbs.com.tw/life/2752125,新年返鄉交通部公布疏運規劃　高鐵、台鐵加開超過300班次,"農曆新年將至，民眾也準備返鄉過年。交通部今（16）日公布疏運規劃，在國道部分，循例辦理匝道儀控、高乘載管制、匝道封閉、開放路肩及於連假期間，採單一收費；在蘇花路廊蘇澳、蘇花改、崇德等路段實施大客車優先措施。而在大眾運輸部分，高鐵共加開380班次、台鐵全線加開全線加開326班列車，並加開東線實名制列車與花蓮縣返鄉專車，並且90條國道客運路線享平日優惠或原票價6折等措施。並且航空共計提供3210架次、24萬8132座位，其中離島管制航線計22萬9852座位；海運則規劃本島與離島8航線、28萬9414人次運能。
今年春節連假從25日開始至2月2日止，共計9天。為因應民眾返鄉、出遊，交通部今天表示，各疏運單位已規劃相關交通疏導管制措施，並全力加開班次疏運，交通部再針對今年春節連假疏運已擬定疏運整體策略，並採運具聯防備援，也再要求各單位於連假前務必落實相關運具設備之安檢與保養，並指示各單位於連假期間停止工程施作，派員巡檢，維護工地安全，確保疏運順暢及安全。另交通部也公布春節連假各項交通疏運規劃：
國道、省道疏運
在國道部分，循例辦理匝道儀控、高乘載管制、匝道封閉、開放路肩及於連假期間，採單一收費，再於1月29日(初一)至2月2日(初五)每日0至5時全線暫停收費等措施。在西部國道，於初一~初三南向民眾，建議早上6時前或中午12時以後出發；於初三~初五北返民眾建議在南部地區民眾於9時前出發、在中部地區於12時前出發。在國道5號於初一~初三南向民眾，建議早上5時前或下午5時以後出發；於初三~初五北返民眾：建議早上9時前出發。
在省道部分，在台9線蘇花路廊蘇澳、蘇花改、崇德等路段實施大客車優先措施，並時段性管制載運危險物品車輛及21噸以上大貨車通行台61線西濱快速公路封閉竹北新港三街一段與西濱路一段路口、以及管制台68線西行南寮匝道禁止左轉台15線南下、並於1月31日(初三)至2月2日(初五)每日12~24時，封閉台61線銜接國3西濱交流道北上匝道及竹南路段6處平面路口，提升西濱快速公路行車效率。
大眾運輸疏運
高鐵：疏運期間共加開380班次(南下205班、北上175班)，總計提供2258班次。
台鐵：疏運期間全線加開全線加開326班列車(西線145列次、東線153列次、南迴線28列次)，並加開東線實名制列車、花蓮縣返鄉(工)專車、西線直達、半直達對號列車、全車自由座列車，以及區間快車等。
國道客運：為鼓勵民眾搭乘國道客運，本次連假提供有史以來最高優惠措施，90條國道客運路線享平日優惠或原票價6折、10小時內轉乘在地客運享一段票或基本里程免費)；另搭乘國道客運前往東部再加碼票價(在指定日期4人同行1人免費，返程再抵200元)或租車優惠(持國道客運購票證明租車再享優惠)。
航空：疏運期間共計提供3210架次、24萬8132座位，其中離島管制航線計2774架次，22萬9852座位，航空公司將視旅客需求情形適時加開班機以疏運旅客。
海運：疏運期間臺灣本島與離島間8條航線，規劃1,429航次，提供28萬9414人次運能；另金馬小三通於疏運期間規劃396航次，提供105,712人次運能。",2025/01/16 14:23
https://news.tvbs.com.tw/life/2680782,疑不明物體撞擊！台鐵列車凌晨「車邊突冒火光」　6車窗破裂,"台鐵今（10）日凌晨0時許傳出事故，台鐵駛向花蓮256次列車，行經蘇花改隧道時，車邊突冒超大火光，多面車窗破損，疑似遭不明物體撞擊，列車緊急停駛，乘客也在社群PO出畫面。台鐵獲報後，已安排接駁措施協助旅客返家，詳細事故原因待進一步釐清。
更多新聞：
騎車注意！深夜大攔查11月啟動　「1違規秒噴6000元」
根據乘客在社群平台「Threads」上描述，花蓮256車次太魯閣號列車，行駛中車邊突冒超大火光，共6車車窗破掉。所幸並無人員傷亡，該乘客也大讚「台鐵的工作人員也很快地排除困難，效率很好！」
更多新聞：
外送取餐要衝「桃機二航廈」還要搭機捷！工會批：根本不該出現
根據《ETtoday新聞雲》報導，台鐵獲報後已開始著手調查這起事故的原因，並已安排接駁措施協助旅客安全返家，詳細情況仍待相關單位進一步說明。",2024/11/10 07:36
https://news.tvbs.com.tw/local/2597979,沒在看路？觀音隧道白車追撞工程車,"宜蘭縣蘇花改觀音隧道，今天下午2點半發生一起驚悚車禍，外包工程防撞車開到隧道，準備進行照明工程，才剛抵達定點，就遭白色汽車高速撞上。
工程防撞車開到隧道裡，剛到指定地點，準備施作照明維護工程，不到30秒，後方一輛白色汽車，高速衝撞工程車左車尾，撞擊力道之大，工程車左右晃動好幾下才停下，工程人員嚇壞，先查看車上駕駛情況。
白車這猛烈一撞，車頭全毀，擋風玻璃碎光，車門扭曲變形，車上兩人都有受傷，29歲的黃姓駕駛頭部嚴重撞擊，有明顯外傷，坐在副駕駛座的謝姓女子，則是多處擦傷，沒有酒駕，送往醫院檢查。
驚悚車禍發生在宜蘭縣蘇花改的觀音隧道，由南澳工務段外包的廠商，要在下午2點半左右進行維護工程，才剛抵達，防撞車裝置都還沒放下，就遭沒有注意號誌的白車撞上。
東區養護分局路況中心主任陳國正：「那當時我們是第一個步驟就是，我們當時已經把超車車道管制燈已經關掉，也就是這個車道已經是禁止通行，改到外面這個車道，那這時候我們防撞車，剛到位那準備要來施工。」
夫妻開車南下，工程車就停在隧道裡，卻沒看見，高速撞上兩人都掛彩，所幸事故沒影響交通，警方後續也將釐清，確切車禍原因。",2024/08/26 20:17
https://news.tvbs.com.tw/local/2597829,有片／追撞防撞車！蘇花改觀音隧道轎車「直插卡死」　駕駛急送醫,"今（26）日下午2時許，宜蘭南澳鄉蘇花改觀音隧道發生一起車禍，當時南澳工務段外包廠商，在隧道內準備施作照明維護工程時，遭到一輛小客車撞上，由於撞擊力道過猛，小客車車頭直接插進廠商防撞車車尾，小客車車頭幾乎全毀，場面相當危險，小客車上駕駛29歲黃姓男子頭部外傷、副駕28歲謝姓女子輕傷身體不適，雙雙送往醫院救治；詳細原因警方正調查中。
今日下午2時30分，南澳工務段外包廠商，準備在觀音隧道南下136公里處施作照明維護工程，一輛白色小客車突然從後方撞上；據了解，撞擊當下，防撞車後方的防撞裝置並沒有放下，所以小客車直接撞擊到防撞車後左方，2車完全卡死在一起，小客車車頭幾乎全毀，後將兩車分離時，防撞車部分零件還卡在小客車引擎蓋中；事件也同時造成小客車駕駛黃男頭部受到外傷，副駕謝女則是輕傷。
警消獲報抵達現場，立即先將黃男頭部做緊急處理、包紮，後將2人送往醫院救治、檢查。警方對雙方駕駛實施酒測，酒測值為0；另外，因為發生事故，南澳工務段於下午2時40分開始管制南下車道，改走台九丁，在4時10分開放通行，後續警方將持續釐清事發詳細原因。",2024/08/26 18:03
https://news.tvbs.com.tw/life/2523104,年底前試辦！蘇花改開放「白牌機車通行」　將擴建專用道,"蘇花改將開放將開放白牌機車通行！公路局原先計畫今（113年）七月開放白牌機車試辦行駛中人隧道，孰料，4月3日花蓮大地震後，該工程被迫停工長達兩個月，如今也確定該計畫將延後至年底前。對此，公路局交通管理組主任工程司林天祿也承諾，將試辦半年，若情況良好將進一步爭取正式通車。
公路局原計畫在今年7月開放白牌機車試辦行駛中仁隧道，讓機車騎士能從花蓮一路騎到和平，不料4月3日花蓮大地震後，導致中仁隧道改善工程被迫停工長達2個月之久，雖然5月底終於重新復工，但也確定試辦白牌機車行駛蘇花改的時程將延後。
更多新聞：
廢存掀論戰！北捷盼博愛座勿淪「道德綁架」　侯友宜這麼說
公路局交通管理組主任工程司林天祿指出，4月3日花蓮大地震發生後，公路局立即調度所有工程機具前往受災區進行搶修，導致原本進行中的中仁隧道改善工程也被迫暫停。不過他強調「現在工程已經重新啟動，預估今年底前可以完成，到時候就能試辦開放白牌機車通行中仁隧道。」
林天祿表示，目前白牌機車能通行的最南端是仁水隧道，屆時將可往北延伸到中仁隧道。據了解，蘇花改中仁隧道兩側設有路肩，原先是規劃給緊急救護車輛使用，未來將改建成機慢車專用道，讓白牌機車通行。他強調，即便開放機車通行，也不會影響緊急救護工作。
更多新聞：
台中17件行人死亡車禍「10人違規」　兩大肇因分析曝光
對於蘇花改試辦白牌機車通行，林天祿直言這已是大勢所趨，「今年底中仁隧道開放白牌機車試辦通行後，會先觀察半年，蒐集駕駛行為、交通秩序和安全等相關數據，如果一切狀況良好，就會向交通部提報，爭取正式通車。」至於未來是否進一步開放其他路段，仍須視試辦情況再做評估。",2024/06/20 08:11
https://news.tvbs.com.tw/politics/2510188,黨內爆雜音！「2兆花東三法」挨轟錢坑　趙少康：花錢也得做,"國民黨立院黨團總召傅崐萁，日前提出預算高達2兆元的「花東交通三法案」，力拚7月16日會期結束前三讀通過，連黨內都雜音不斷，而他也反駁民進黨指控，稱離岸風電才是錢坑建設。對此，中廣前董事長趙少康表示，台灣投資長期以來虧待花東，國家建設務必趁早，同時中央政府每年用6千億建設，「我認為太少！」
更多新聞：
TVBS民調／在吵啥？國會改革修法內容「6成4民眾不清楚」　挺藍白數據曝
針對「花東交通三法案」被指錢坑，資深媒體人陳鳳馨昨（6）日現身節目《少康戰情室》，提到安全為首要優先、再來才是便利，接著從此次地震分析蘇花改，因路段斷斷續續，她發現曾改過的隧道或棧道都安全，沒改的瞬間嚴重坍塌，「不改就是不安全！這次完全證明」。陳鳳馨表示說，所幸0403花蓮地震為清明連假前，否則後果不堪設想，如果以安全角度來看，本來就應該儘快建，國際上是否會來投標則是另一回事。
陳鳳馨表示，立法院最困難的地方，是沒有行政執行權，問題在於土地徵收、土地規劃等皆牽涉行政權，行政院如果不肯做，一點辦法也沒有。陳鳳馨指出，不只花東，包括離島建設也存在各式各樣的建設條例，30幾年來希望能夠幫助偏鄉，不過宣誓性卻大於實質可運作性，少了公權力就無法執行，「我認為，可以再大幅度的修改」、「宣誓性的目的是要喚起大家對於花東建設的重視，而不應該成為指導行政部門應該如何建設花東」。
更多新聞：
葉元之恐被罷免？黃暐瀚曝「成功機率」　建議做2事保烏紗帽
主持人趙少康也談及，整個台灣的投資長期虧待中南部，重點都放在台北市，過去台北市與台北縣（新北市）就有很大的差別。其次，趙少康認為，花東是台灣觀光最重要的地方，交通不好難以發展旅遊業，回想過去任職環保署長時，他前往法國與當地各部長討論衛生下水道，只見對方回應，「我們拿破崙時代就做了」。
趙少康進一步舉例，台北市凱達格蘭大道日本時代即建設，簡單來說，各種國家建設需要廣大、長遠的眼光，加上現在公共建設越來越貴，包括工人薪資、材料等，民間抗議也讓建設更難做。趙少康最後強調，如果不現在做，未來難上加難，尤其價錢會翻倍飆漲，「就算花錢也得做，否則將來會來不及」。此外，因被說成2兆錢坑，立委吳春城建議，新的交通部長上任後可再做報告、評估可能性，讓社會意見等方面更圓融。",2024/06/07 09:23
https://news.tvbs.com.tw/local/2505911,快訊／台9線車禍！大貨車猛撞緩衝車　蘇花改蘇澳至東澳封閉,宜蘭縣蘇澳鎮台9線105.9K處，今（3）日中午12時20分驚傳一起車禍，一輛大貨車在蘇花改白米高架橋北上線撞到另一台緩衝車，造成一人受傷，事故也導致蘇花改東澳至蘇澳雙向管制封閉，公路局人員已前往進行交通管制，正持續排除路障，至於何時能完成仍待確認，替代道路則為台9丁東澳-蘇澳路段。,2024/06/03 13:48
https://news.tvbs.com.tw/life/2445616,花蓮地震／花蓮多處坍方受阻！蘇花及中橫3路段預警封閉,"花蓮昨天強震後，多處省道公路因坍方而阻斷。公路局今天說，目前預警性封閉台9線蘇花公路及台8線中橫公路共3處路段，僅供救災人員通行及民生用品運送，視情況開放通行。
公路局清晨發布新聞稿，預警性封閉3路段位於蘇花改、舊蘇花公路及中橫公路，包括：宜蘭蘇澳鎮至花蓮縣秀林鄉台9線104K至168K（蘇澳-崇德路段）、台9丁線2K至69K（蘇澳-崇德路段）、花蓮縣秀林鄉台8線110K+200至187K+800（大禹嶺-太魯閣路段）。
公路局統計，花蓮強震造成7處路段坍方落石受阻斷，有6處在花蓮秀鄉，1處在台中和平區；其中台8線九曲洞路段預計上午10時搶通、天祥隧道西口預計下午2時搶通。
另有3路段預計6日傍晚6時搶通，包括：台8線中橫便道、台8線華祿溪路段、台9線下清水橋。
而受阻最嚴重的台8線豁然亭路段，雙向阻斷，搶修勘災困難，公路局還無法預估搶通時間。（中央社）",2024/04/04 09:15
https://news.tvbs.com.tw/local/2398738,曳引車煞車不及釀3車連撞　蘇花改隧道急開導坑紓解車潮,"17日週六的補班日，宜蘭的蘇花改東澳隧道，仍一度塞車，原來就在上午接近11點前，一輛曳引車煞車不及，波及到前方一輛小客車及大貨車，釀成三車連撞，還好肇事的宋姓駕駛，跟小客車上兩人送醫後，都沒有生命危險，而管制中心也趕緊開放橫向的導坑，紓解後方車流。
隧道內車流開始回堵，駕駛才剛放慢速度，依序停車，沒想到後方一輛曳引車，疾駛而來，似乎到了最後一刻，才想要煞車。
承辦員警：「前面這輛黑色自小客車的前輪，有先往右邊打，它輪子的部分有切出來，前面那輛也有看到了喔，往前面閃。」
放大畫面，可以看到小客車雖然轉了輪胎，但來不及起步，就被撞上，雖然整輛車往前彈飛，但仍嚴重扭曲變形，而前方車輛見狀，也顧不得是否違規，急忙往前移動，而肇事的曳引車，則是又撞上前方的大貨車，雙方黏在一起。
宜蘭蘇澳警分局警備隊長陳裔欣：「經過了解現場是由一名，宋姓營業貨運曳引車駕駛，行經事故地點時，不慎追撞前方，自小客車及營業大貨車，發生交通事故。」
這起追撞車禍，17日上午接近十一點時，就發生在宜蘭蘇花改東澳隧道的北上路段，好宋姓曳引車駕駛，以及小客車上兩人，送醫後都沒有生命危險，不過補班日，就算少了遊客，仍造成後方車流一度回堵，還好管制中心見狀，急忙開啟橫向的導坑，來紓解後方車流。
交通部公路局東區養護工程分局主任陳國正：「第一個時間，我們大概就把這個車流量，從東澳端，把它導引到我們的舊線，台九線去。」
整起意外，直到下午一點左右，總算全線排除，恢復通車，雖然沒有鬧出人命，也沒人酒駕，但肇事的宋姓駕駛釀成三車連撞意外，後續的修繕及賠償，讓他才剛開工不久，恐怕就得要荷包大失血。",2024/02/17 20:18
https://news.tvbs.com.tw/life/2393551,國道湧走春車潮！宮廟、景點、機場　湧人潮,"民眾從大年初一開始外出走春，宜蘭蘇花改南下路段，從清晨5點多，湧入車潮，預估中午後逐漸紓緩，除了國五外，高公局公布10大易壅塞路段，提醒要走西部國道的民眾，中午12點過後在出門，預計初二會是返鄉高峰。另外，桃機出境人次來到5萬多人次。
大年初一，一早路上出現走春車潮，尤其蘇花改蘇澳端南下，從清晨5點開始，車一輛接一輛。
防止交通大亂，員警不畏低溫馬不停蹄指揮，也希望，民眾春節出遊，要開心也要一路平安。
而宜蘭各大宮廟、景點，為了因應人潮，提供平安粥給進香民眾，還有喜氣洋洋的舞龍舞獅，人人都愛的財神爺登場。
但出門走春，最害怕遇到塞在車陣裡。
高公局公布，國道十大地雷路段，國1南向楊梅至新竹、彰化系統至埔鹽系統，以及北向圓山到大華。
而國三部分，是南向的土城到關西、快官至霧峰，北向為草屯至霧峰。
國五南向南港到頭城，北向宜蘭到坪林。
國10東向鼎金系統至燕巢，西向仁武到左營。
高公局預報員許文瑜：「今天是大年初一，也是南向的尖峰日，再次建議西部國道的民眾，在中午12點以後再往南向行駛，國道五號部分，建議五點以後再出發。」
高公局建議，國1國3替代道路改走台61線，霧峰往返台中以北改為國4或台74，宜蘭往台北不走國五往台9線前近，也預估初二會是返鄉最高峰，國道車潮會是平日的1.5倍。
春節期間，桃機出入境人數來到高峰，大廳擠得水洩不通，報到櫃台排隊人潮幾乎沒有斷過。
桃機公司預估，大年初一總出境，來到5萬6千多人次以上，初二將會更多至少5萬2千人次，以同期相比超越去年。",2024/02/10 14:17
https://news.tvbs.com.tw/local/2352168,大貨車過高0.05米　在蘇花改內擊落「它」慘賠80萬,"蘇花改107年2月通車，幾天前頭一遭發生隧道內風機被撞毀，闖禍的是一輛大貨車，因為車身高4.65公尺，超過蘇花改隧道限高4.6公尺，多了5公分高度，把隧道頂部的噴流風機給擊落，駕駛卻沒主動通報，警方在下個地磅站攔截，而粗估修理費用80萬，將向肇事業者求償，預估1個月內可以修復完成。
工作人員：「這邊有2台風機。」
這是東澳隧道，車輛呼嘯而過，下一輛大貨車疾駛而來，毫無預警的，撞上頂端的設備，風機當場被擊落，瞬間揚起灰塵，碎片掉滿地，這麼大的撞擊力，大貨車駕駛不可能沒感受到，但駕駛稍微放慢，又繼續往前開，後方兩部貨櫃車，轎車紛紛閃避掉在車道上的巨大圓形風機。
警報器響，警方和公路局派人查看，是隧道頂部，用來排煙通風的噴流風機，被大貨車擊落，兩顆一組，被擊落左邊這座，而肇事駕駛，以車追人，成功在下個地磅站攔截。
東區養護工程金岳工務段長張芯瑋：「(有再跟我們報案或者是主動通報嗎？)，並沒有那這部分，我們是用以車追人，後面是在我們一個南澳地磅站這邊，把他做一個攔停的動作。」
事發在12月27日深夜11點多，東澳隧道南下108.5公里處，隧道內限高4.6公尺，而一輛載運濾水槽的大貨車，高度是4.65公尺，也就是多了5公分，微小差距，擦撞擊落上方風機，這一座噴流風機，要價80萬，公路局將向駕駛求償。
東區養護工程金岳工務段長張芯瑋：「整個隧道它是限高4.6公尺，那根據警方調查該輛肇事車輛，它的高度是4米65，東澳隧道總共有48台的噴流風機，我們有相當充足的備援機制。」
而蘇澳地塝站，設有「超尺度雷達偵測」系統，但0.05公尺，也就是5公分，差距太微小，而沒被偵測到，運輸公司和駕駛，出發前也沒注意到高度問題。
東區養護工程金岳工務段長張芯瑋：「那後續工務段這邊，也會邀集我們一些專家學者，來召開一個會議去研商，是不是要在隧道口這邊，來去增加我們一個限高門架。」
蘇花改在規劃初期，針對限高的部分，曾規劃要裝設限高架，但當時專家表示，對於景觀上有所疑慮，這次意外，也是自107年2月，蘇花改通車以來，首次發生車輛過高擊落設備的事件。",2023/12/30 19:56
https://news.tvbs.com.tw/life/2351869,怕塞車先出發！　國五雪隧口8車追撞釀5傷,"跨年元旦連假第一天，民眾想到花東跨年、迎接2024第一道曙光，一早出門，蘇澳地區蘇花改蘇澳端，南下車潮今天早上6點已經開始塞車了，為了避開車潮，有民眾趁著前一晚提早出門，結果發生意外，在國道5號南下15.1公里處雪隧口，29日晚上10點多，發生8車追撞事故導致5個人受傷，一度造成單向通行，將近40分鐘才排除狀況。
救護車趕到現場，車輛沿路停在馬路上，閃起警示燈，因為前方車輛撞成了一團。
週五一下班就趕快出發，就怕隔天連假首日會塞車，沒想到發生意外。
國道5號南下15.1公里處雪隧口，29日晚上10點多發生8車追撞事故導致5個人受傷，有人頭部撕裂傷、腹部、肢體疼痛，還好都意識清醒緊急送醫搶救。
這連環撞甚至有車尾已經翹起，車頭更是全毀安全氣囊爆開，轎車瞬間變成夾心餅乾。
而這起事故一度只能單向通行，將近40分鐘才排除狀況。
連假出遊人潮相當多，一大早就已經湧現車潮車輛排排站，沿路擺上三角錐走走停停，駕駛以最緩慢的速度前進。
民眾想出去玩，到花東跨年迎接第一道曙光，因此住宿幾乎滿房，很多人一大早就出門。
蘇澳分局第四組組長盛業本：「蘇花改蘇澳端南下車潮，於今日(30日)上午6時已經開始大量湧現，車流停等尾端目前至，蘇澳新站前約有3公里，預估中午過後車潮才會逐漸紓緩。」
國一湖口也是不好走塞個不停，想避免有辦法(台語)可以走替代道路，高公局提到國5頭城往坪林改走台9，國1國3新竹往返台南，則是建議改台61等等。
國道路況預報達人蘇家婷：「今天(30日)截至上午9點為止，國道全線交通量大概是25百萬車公里，那我們預估今天全日交通量，會來到116百萬車公里。」
民眾行駛在路上要特別留意車況，尤其塞車得慢慢開，雖然卡在車潮中，但至少平平安安抵達目的地。",2023/12/30 14:56
https://news.tvbs.com.tw/local/2282849,宜蘭新澳隧道連環撞！機車騎士卡大車底　痛喊「救命啊」,"今（1）日下午1時許，宜蘭縣南澳鄉台9線蘇花改新澳隧道北上路段，發生一起嚴重車禍，現場一共16輛車追撞，包含大貨車、自小客車、機車全都擠壓變形，受傷人數眾多，其中有一名重型機車騎士被壓在大車底下，頻喊「救命」，一旁的民眾聽見後，也相當著急，趕緊請人來協助救援。
更多新聞：
毒蟲闖紅燈左轉還意圖衝撞逃逸　遭警逮悲喊「我中風」
事發在今日下午1時許，10多輛大、小車、機車在蘇花改新澳隧道內撞得一團亂，許多汽車車體嚴重毀損變形，板金凹陷，擋風玻璃破損。隧道內部四處都是被撞爛的零件，其中還有不少駕駛、乘客受到輕重傷，甚至受困車內，救護人員到場緊急展開救援。
更多新聞：
機車推倒地「後照鏡狂扭毀損」　松山酒醉男躲死角警找嘸人
其中有一名機車騎士，疑似連人帶車噴飛捲進車底，騎士動彈不得，用手撐著身體，痛苦喊著「救命啊」，一旁民眾見狀，著急地說著「有人被壓在車底下，趕快來幫忙！」，有熱心民眾一聽見就趕緊上前查看，希望可以盡力幫助。
更多新聞：
「刺針飛彈發射筒」驚傳盜賣外流！　桃園地檢聲押4被告
後續經宜蘭縣消防局統計，10輛自小客車、5輛大型車輛、1重機追撞，傷亡人數為1人現場失去生命跡象、1人重傷、1人中傷、9人輕傷，受困人員已全數脫困，送醫治療中。
《TVBS》新聞提醒您：
◎未經判決確定，應推定為無罪。",2023/10/24 15:41
https://news.tvbs.com.tw/life/2265979,國慶連假首日！蘇花改湧現南下車潮　車流回堵3公里,"今（7）日迎來國慶連假第1天，不少民眾趁假期開車出遊，宜蘭蘇花改蘇澳端自清晨5時開始湧現南下車潮，車龍長達約3公里，預計下午16時過後車流才會逐漸紓緩。
國慶連續假期首日清晨5時起，蘇澳地區蘇花改蘇澳端湧現南下車潮，車流停等尾端至蘇澳新站前，車龍長達約3公里。蘇澳分局預計下午16時過後車流才會逐漸紓緩，並已加派警力及義交人員加強蘇花改沿線路段交通疏導管制。
警方提醒民眾注意連假的管制措施及通行時段，蘇花路廊禁止21公噸以上大貨車通行（同時開放蘇花改大客車行駛路肩）時段為10月7日5至17時（雙向）、10月8日7至11時（雙向）、10月9日及10日14至18時（雙向）。",2023/10/07 09:50
https://news.tvbs.com.tw/local/2263145,沒注意！遊覽車隧道口追撞　釀19人受傷送醫,"沒有注意前車路況，直接追撞！今天(4日)下午，在蘇花改蘇澳隧道發生遊覽車追撞意外，疑似後方的駕駛沒有注意到，前車已經剎車，直接衝撞，造成車上19名乘客受到擦挫傷，甚至有一名婦人顱內出血，還住進加護病房觀察中，兩車遊客都是從花蓮北上，一團要準備回程，一團還要繼續到宜蘭玩，結果半途卻發生意外。
隧道內只看到白色遊覽車已經減速，但後方的紅色遊覽車速度還是有點快，幾乎沒有剎車似的，直直撞上去。
這一撞擋風玻璃整片碎裂，保險桿也破了，車頭嚴重毀損，其中一支後照鏡脫落，情況慘烈。
但這一撞車上的乘客嚇了一大跳，因為撞擊力道相當大，不少乘客往前衝，受到擦挫傷，甚至有一名78歲的婦人，顱內出血緊急送醫後，進到加護病房觀察中。
記者vs.乘客：「開太快緊急剎車，撞前面就是太快了(有受傷嗎？)有啊(嘴吧)裂掉了。」
乘客車上唱歌唱到一半，突然發生車禍，地點就在宜蘭縣蘇澳隧道北端104公里處，4日下午3點多，遊覽車駕駛沒有注意前方路況，煞車不及造成追撞事故，警消人員接獲通報，緊急前往現場救援。
公路局東分局交控中心主任陳國正：「北上還有一個車道可以通行，因為有人受傷，可能還有一些現場的調查動作，我們預估應該要到5點以後。」
原來2輛遊覽車，前方的是3天2夜的宜花商圈交流團，後方是2天1夜的國小旅行團，都是來自桃園的遊客。
其中一團已經要回程，另一團才剛到第二天，要夜宿宜蘭，這一撞一共造成19人送醫治療。
颱風來襲，全台各地都下起間歇性陣雨，駕駛得要放慢速度行駛，但更重要的是，得要注意路況，尤其像這樣一時沒注意前方已經減速了，還沒減速，結果本來應該平平安安回家的旅行，卻在中途發生意外。",2023/10/04 18:47
https://news.tvbs.com.tw/local/2262955,快訊／蘇花改「2遊覽車追撞」擋風玻璃碎　19人傷送醫,"宜蘭縣蘇花改今（4）日下午3時許，在蘇澳隧道北端104K處，發生2輛遊覽車疑似是煞車不及造成追撞事故，總計釀成10男9女肢體擦挫傷，無人受困，意識皆清楚，多數傷者多為長者，警消獲報已到場處理，目前已陸續將傷者送醫，博愛醫院救治9人，送蘇榮6人、送聖母醫院4人。至於詳細事發原因調查中。
經初步了解，前車白色塗裝遊覽車的是由「桃園市健行商圈」進行3天2夜的宜花商圈交流，車上共32人，；後車則是「桃園龍潭國小」進行2天1夜的旅行，當時兩輛車都已結束行程，準備返回。
公路局東分局表示，隧道口為3線車道，發生事故後占用隧道內1線與隧道外2線車道，上留有1線車道可供通行；2車皆無大損，但事故現場仍須調查、清理，估計下午5時後狀況才會全部排除，請用路人經過時注意。",2023/10/04 16:38
https://news.tvbs.com.tw/life/2257742,中秋連假首日！蘇花改清晨5時湧現車潮　車龍長達3公里,"今（29）日迎來中秋連假第1天，不少民眾趁假期開車出遊，宜蘭蘇花改蘇澳端自清晨5時開始湧現南下車潮，車龍長達3公里，預計中午過後車流才會紓緩。
中秋連假首日清晨5時開始，蘇澳地區蘇花改蘇澳端湧現南下車潮，車流停等尾端至蘇澳新站前，車龍長達約3公里。蘇澳分局預估中午過後車流才會逐漸紓緩，並已加派人力及義交人員加強蘇花改沿線路段交通疏導管制。
警方提醒民眾注意連假的管制措施及通行時段，蘇花路廊禁止21公噸以上大貨車通行（同時開放蘇花改大客車行駛路肩）時段為9月29日5至17時（雙向）、9月30日7至13時（雙向）、10月1日12至18時（雙向）。",2023/09/29 11:53
https://news.tvbs.com.tw/life/2159820,連假國五塞爆！他卡「車上6小時」崩潰：全台都去宜蘭？,"昨（22）日迎來端午連假第一天，不少民眾都深陷「塞車地獄」中。除了蘇花改從清晨5時就開始出現回堵，車潮超過2公里，連國道五號南港系統路段，車速竟也不到40公里，讓網友不禁崩潰：「大家怎麼能夠忍受在車上6小時，是全台灣都要去宜蘭？」
更多新聞：
端午連假第二天「17壅塞路段」看這　國道好走時間曝光
這位網友在
PTT
透露，昨日下午國3的道路都塞爆，傻眼直呼「是全台灣都要去宜蘭、花蓮、台東嗎？誇張，是不是該請馬斯克來蓋一條不塞車隧道，為什麼都要開車？」
更多新聞：
高速公路屎在滾！女友突喊「寶貝對不起」解放　他笑：非娶不可
不少人都紛紛表示，「昨天晚上11點經過，國5南北雙向都塞爆，排到木柵去」、「連假完全不會想排行程到東部」、「宜蘭、花蓮、台東都走同一條，會塞也是正常啦」、「全天都在開車(X)塞車(O)」、「宜蘭人表示你們這些人可不可以不要放假就往東部跑」。
交通部高公局今（23）日則建議，西部國道南向用路人儘量於12時後出發，中部地區北向用路人儘量於12時前出發；國5南向用路人建議於17時後出發，另國5北向用路人建議於9時前出發
。",2023/06/23 10:48
https://news.tvbs.com.tw/life/2159200,連假塞爆湧車潮　國5南下時速不到40公里,"端午連假第一天，一大早國道上湧入大量車潮，是平日1.4倍多，其中堪稱塞車地雷路段，蘇花改從22日清晨5點開始出現車龍回堵超過2公里。另外，高公局表示，國道五號南港系統路段，車速不到40公里，預計南下車流下午四點後，才會逐漸緩解。
國道上滿滿車潮，特別是南下車道，一路上塞塞塞，北上車道行駛上相對順暢些，可就是悶了一段時間。
民眾：「當然得把握出遊玩好時光。」
堪稱塞車地雷路段，蘇花路廊，道路上設立三角錐，防止交通大亂，從22日清晨5點開始陸續出現車龍，回堵超過2公里，預計中午過後，車流才會陸續疏通。
其實不少人前一天下班後，立刻返鄉或是出門玩，而國道三號汐止往南環東大道，直接塞爆，所有車輛卡在上面動彈不得。
高公局預報員蘇家婷：「國五目前就是比較壅塞地方，就是南港系統接到石碇的這些路段，那車速大概也是20-40公里之間，預計往國五南下車流，是在今天下午4點過後，會比較紓解。」
往花蓮走蘇花公路，每小時平均車速落20至30公里間，尖峰時段車輛約每小時1千1百輛，相較去年端午增加百分之70。
民眾：「光要從國三轉國五，上那個匝道塞了1個小時。」
民眾：「在雪隧那邊，塞了一個小時吧。」
出遊返鄉車潮多，民眾有感，建議大家出門前，要先提前規劃替代道路，才不會因為塞車，壞了興致。",2023/06/22 14:09
https://news.tvbs.com.tw/life/2159014,連假南北湧車潮！蘇花改大清早就塞　1小時2千輛車次衝墾丁,"端午4天連假開跑，各觀光景點湧入大量車潮，蘇花改上午5點南下車潮開始湧現，車龍拉了近2.5公里，警方預計中午過後車潮才會舒緩；另外，不少遊客也想趁連假到南台灣度假，上午7點多，前往墾丁的必經的屏東水底寮，車流就突破2200輛次，枋寮警方局開放調撥車道，疏導南下車流。
疫情解封第2年，外加國門開放，國旅人潮相對雖然沒有去年來得多，國道和重要省道仍出現塞車狀況。往返宜蘭花蓮的蘇花改公路，清晨5點就湧入大量車潮，警方指出，車龍長約2.5公里，停等尾端至軍人公墓前，車道上的時速平均只有30公里，預計要到中午過後才會紓緩。
蘇澳警分局除加派警力、義交共232人次，加強國道5號蘇澳交流道、蘇花改等重要道路，以及熱門觀光景點的周邊交通管制，6月22日5-17時、6月23日7-11時、6月24日14-18時，以及6月25日12-20時，蘇花改雙向開放大客車行駛路肩，同時段蘇花路廊雙向皆禁止21公噸以上大貨車通行。
另一頭，不少車流也湧入南台灣，往返墾丁必經的屏東水底寮，也是台17終點與台1線的匯流處，該五岔路口今日上午7-8時，交控中心就測到超過2200輛次的車流，當地枋寮分局也於8點10分，開始實施南下調撥車道，調撥台1線436.5－445.5K處北上內側車道供南下車輛使用。
枋寮分局表示，車流雖大，未出現壅塞情形，也請自小客用路人不要違規行駛於機慢車道，以免受罰。",2023/06/22 10:04
https://news.tvbs.com.tw/life/2156263,端午連假怕塞爆？一圖看蘇花改行車攻略　這時間最塞,"為因應22日至25日端午連假恐有大批民眾回鄉或外出遊玩，公路總局第四區養護工程處預估蘇花路廊湧現大量車潮，南下返鄉車流將於假期22日達到高峰，一天交通量約18000輛，當日首波車潮將自凌晨3時起湧現，尖峰時段最高車流量達每小時1030輛，車多時段平均車流量約每小時850至950輛壅塞情形預計將持續至下午2時以後緩解。
第四區養護工程處也預估24日至25日則以北返車流為主，預估24日將出現北上車流高峰，北上全日交通量約達15100輛，車潮將自上午10時起陸續湧現，車多壅塞情況將持續至晚間6時後緩解。
另外，第四區養護工程處規劃於蘇澳地區及崇德地區尖峰時段設置大客車優先通行措施，同時於蘇澳至東澳、南澳至和平、和中至和仁路段實施時段性開放一般遊覽車及公路（市區）客運行駛蘇花改路肩。
連假期間台9線及台9丁線蘇花路廊(蘇澳至崇德)路段，禁止21公噸以上大貨車通行時段如下：
6月22日：5時至17時(雙向)。
6月23日：7時至11時(雙向)。
6月24日：14時至18時(雙向)。
6月25日：12時至20時(雙向)。
公路總局最後提醒用路人行駛途中留意資訊可變標誌顯示內容，於蘇花路廊隧道內收聽警廣，以掌握即時播報之路況訊息，也請用路人多利用本局「幸福公路」App，可透過行動裝置接收最新省道即時路況及語音播報，請多加下載利用。",2023/06/22 07:06
https://news.tvbs.com.tw/local/2147122,開太久「直線」隧道？　駕駛疑精神不濟撞路樹,"長時間開「筆直」隧道，精神不濟？一名葉姓男子在6日往花蓮行駛，才剛出蘇花改隧道過彎處，疑似精神不濟，衝撞路邊一排路樹及電線杆。另一起車禍，同樣發生在台九線上，工程車司機，為避免闖紅燈，緊急煞停，衝撞分隔島翻越，波及對向無辜車輛，由於撞擊力道猛烈，工程車司機一度受困車內。
客運、轎車陸續過彎道，卻有名駕駛一路向左偏移往人行道上開，疑似來不及踩煞車，朝路邊一排路樹、電線杆撞下，整輛車瞬間傾斜四腳朝天。
駕駛自行脫困，而救護車警車以及拖吊車，來到現場協助處理後續。
車禍地點就在花蓮台九線146公里處，6日早上11點多，這名43歲葉姓男子剛過蘇花改隧道，疑似長時間開在筆直的隧道裡精神不濟，才會一出隧道過彎發生碰撞，幸好當天車流不大沒造成回堵，半小時內完成清運。
另一起車禍同樣發生在花蓮，台九線224.1公里處鳳林路段，7日下午3點多，當時下大雨地面濕滑。
對向駕駛工程車的46歲林姓男子，似乎為了避免闖紅燈緊急煞停，不慎衝撞分隔島後導致整輛車翻越到對向車道，２９歲張姓男子遭到波及。
這一撞，林姓男子一度受困車內，救護人員到現場，出動破壞器材將人救出送醫。
鳳林派出所副所長繞俊生：「警方迅速派出警力交管，指揮南北向車輛，依序行駛並排除，據調查雙方駕駛均有合格駕照，及無酒精情事。」
林姓男子送醫檢查，發現他雙腳骨折、胸部也有挫傷，無辜被撞的張姓男子受到驚嚇，還好人沒事，車損也不嚴重，而最近天氣不穩定，路面濕滑駕駛上路要多留意。",2023/06/09 12:38
https://news.tvbs.com.tw/life/2087526,塞塞塞！明收假注意北返車潮　公路總局提醒9路段注意,"連假第4天，車潮湧現，公路總局指出，今（4）日截至下午3時，部分省道路段有車多壅塞情況；另外像是台2線淡水竹圍-坪頂路路段東向、台2線新翡翠灣-萬里路段西向、台9線谷風隧道南口-鼓音橋北向、台9線中仁隧道北口-和平端北向、台9線蘇花改中仁隧道北向等也出現壅塞。
更多新聞：
全台灣都在這！樂華夜市「擠爆畫面曝」在地人驚：被嚇傻
公路總局指出，明(5)日為清明節連續假期第5天，預估省道主要幹道、銜接國道路段及觀光風景區周邊路段仍有出遊北返車潮，包含台2線關渡~淡水、台2線萬里~大武崙、台2線福隆、台3線大溪武嶺橋、台9線蘇花路廊、台61線香山~鳳鼻、台61線中彰大橋、台74線霧峰路段、台86歸仁交流道等。
公路總局表示，今截至中午12時，西部國道客運共計行駛2,155班次，疏運33,974人；東部國道客運路線共計行駛481班次，疏運8010人。
更多新聞：
口袋名單又少一間！高雄浮誇「巨型佛頭」火鍋店無預警熄燈
明日為清明連續假期第5日，依據目前預售情形，西部國道客運尚有52.86%空位，東部國道客運尚有76.36%空位，提醒用路人出發前多查詢即時路況，避開尖峰時段；目前已協調客運業者籌措足夠運能並視人潮機動增班，並督導各客運業者落實車輛安全整備及定期辦理場站及車輛消毒作業。",2023/04/04 16:53
https://news.tvbs.com.tw/life/2085227,連假首日！蘇花改南下塞爆　車速不到5公里,"今天是清明連假第一天，民眾把握機會出遊玩或是返鄉掃墓！凌晨3點多，蘇花改南下已經出現車潮，早上6點，車流回堵了9公里。高公局也公布，國道7大地雷路段，不少路段一早也是紫爆，建議民眾出門前，要先了解一下路況。
天色都還沒亮，已經出現長長車龍，員警在現場指揮交通。
清明連假第一天，民眾返鄉掃墓加上出遊，儘管提早出門，但還是塞在車陣中。
蘇花改南下從1日凌晨3點開始塞車，一度平均車速不到5公里。
民眾vs.記者：「塞啊，(塞了多久)，塞很久。
駕駛：「我們早上4點(新竹)就出門，現在(10點)才在這裡。」
但不只路上塞，想到附近超商借廁所，也是大排隊。
國道部分不只國五，多路段也出現紫爆，高公局公布國道7大壅塞路段，包含國1南向楊梅至新竹、彰化系統至埔鹽、國3南向土城到關西以及國五南向南港系統到頭城，同時針對塞車祭出交通疏導，像是封閉匝道口高乘載管制採單一費率，建議走替代道路。
除了國道一路塞，到了屏東墾丁水底寮，整條大馬路上也有如大型停車場，放置一整排的角錐防止交通大亂，截至早上9點南下車流已經破萬。
枋寮分局交通組組長謝漢忠：「在7點到8點的時候，已經來到每小時兩千八百餘輛，我們在8點07分的時候，已經來實施調撥車道來因應。」
今年清明連假長達5天，民眾想出門透透氣，最好先了解路況，還有做好塞車的準備。",2023/04/01 13:26
https://news.tvbs.com.tw/life/2038739,太慢？蘇花仁水隧道提速　2/18起變60km/h,"速限太低，每到連假就塞車！蘇花改仁水隧道，開放汽機車通行，速限卻訂在時速50公里，比起其他隧道可以到70公里，不少民眾都說真的太慢了，公路總局評估後，決定從2/18開始，將仁水隧道速限提升到60公里，隧道兩端則維持原本規定，未來視狀況，也不排除再提速。
從隧道裡頭一直到外面，車子一輛接一輛。
蘇花公路每到連續假期，都會出現車潮，其中蘇花改的仁水隧道，連接和仁跟大清水路段，單孔雙向通車，也同時開放汽機車通行，但比起其他路段，像是中仁隧道，速限是訂在時速70公里，仁水隧道，目前卻只有50公里。
民眾：「多種不同的車種混在一起並行，就可能大型車小型車混在一起的話，那它的法規速限我認為是可以拉高。」
只是蘇花改都已經開通那麼久了，現在才決定要提升速度，連假必塞，公路總局也強調，主要得經過實際的車況評估後，才能決定是否要提速。
公路總局金岳段長張芯瑋：「為了增進蘇花改行車效率，那我們在符合設計速率，以及相關的法規規範之下，那蘇花改的仁水隧道，預計在2月18日，會提高隧道內約2.7公里的路段，速限會提升到60公里。」
2/18開始提升速限，但要注意隧道兩端250公尺路段，維持原本速限50公里，未來也不排除再放寬拉高速度，不過因為先前坍方，蘇花公路邊坡工程持續進行，仁水隧道、崇德管制站，還是會有交通管制，每個整點只放行15分鐘，民眾走蘇花還是要注意。
全新娛樂品牌升級進化，《TVBS娛樂頭條》給你更多八卦和獨家
準備好迎接二次新人生了嗎？填問卷審視自己的現狀
◤旅遊優惠搶先看◢
👉
跟團玩日韓2萬有找，加贈王品餐券！
👉
台東熱氣球繫留行程，保留席搶先預約
👉
歌詩達郵輪，3人同行2人免費！
◤啟動夏日換季保養◢
👉
夏季養髮妙招  精油SPA洗潤護3部曲
👉
告別頸椎富貴包  滾珠精油舒緩緊繃
👉
夏日萬人迷  別讓擾人味嚇跑桃花運",2023/02/10 13:54
https://news.tvbs.com.tw/local/2038688,18日蘇花改仁水隧道 將提高限速60公里,"蘇花改沿線路段速限每小時都是七十公里，只有仁水隧道限速五十公里，加上區間測速讓很多駕駛擔心超速而龜速通過，讓許多用路人抱怨連連。公路總局第四區養護工程處表示，2月18日起，仁水隧道將提高速限至六十公里。
蘇花改仁水隧道原速限50公里，供小型車、非管制大貨車、大客車、機慢車通行，為持續提升蘇花改整體車流運行效率，在符合原設計速率及法規規範下，公路總局第四區養護工程處持續觀察隧道車流車速狀況謹慎評估，並考慮與機慢車之速差不宜過大，2月18日起，仁水隧道內約2.5公里路段提高速限至60公里(提速路段155k+340～157k+788)，但考量隧道兩端銜接受道路線形條件及銜接舊蘇花公路路口等因素，為利用路人行車安全，隧道兩端洞口路段250公尺，仍維持原速限50公里，並於速限變換上游處設有「前方速限降低」標誌提醒用路人。
公路總局提醒，行經仁水隧道時，請留意路側速限標誌，並請依速限行駛，切勿超速。
全新娛樂品牌升級進化，《TVBS娛樂頭條》給你更多八卦和獨家
準備好迎接二次新人生了嗎？填問卷審視自己的現狀
◤旅遊優惠搶先看◢
👉
跟團玩日韓2萬有找，加贈王品餐券！
👉
台東熱氣球繫留行程，保留席搶先預約
👉
歌詩達郵輪，3人同行2人免費！
◤啟動夏日換季保養◢
👉
夏季養髮妙招  精油SPA洗潤護3部曲
👉
告別頸椎富貴包  滾珠精油舒緩緊繃
👉
夏日萬人迷  別讓擾人味嚇跑桃花運",2023/02/10 12:00
https://news.tvbs.com.tw/life/2036968,蘇花改塞車憋不住　2女竟路邊「解放洩黃水」恐吃罰單,"塞車塞太久，憋不住了！有民眾6日上午行經蘇花改仁水隧道時，因為車流太多導致隧道塞車動彈不得，沒想到正無奈時，竟看見前方車輛下來2名女子，直接在路邊避車道「解放」，其中一人還拿衣物把風，讓其他車主看了作嘔。畫面曝光後，該違規行為恐被開罰，為了一時方便吃罰單。
6日上午9點多蘇花改仁水隧道南下塞車，現場宛如大型停車場，結果2名女乘客尿意一來實在憋不住，竟下車就地解放，畫面中一名女子手上拿著一大件黑色衣物，把蹲在路邊上廁所的女子給包住遮擋，時不時向四周查看，幫忙對方把風，過程約2分鐘，上完後便一派輕鬆地緩緩走上車。
對此公路總局四工處交管中心證實，當天蘇花改交控中心監視器確實有拍到該影像，全程被人員目睹，因此當時立即派員前往現場，查看是否有狀況，不過人員到場時2名女子早已離開，留下地上一灘黃水，人員立即清潔；由於隧道內禁止隨意大小便，交管中心將請警方處理，並轉交環保局開罰。
警方表示，該違規行為恐觸犯《道路交通安全規則》第111條，橋樑、隧道、圓環、障礙物對面、鐵路平交道、人行道、行人穿越道、快車道等處，不得臨時停車；和《道路交通管理處罰條例》第56條，可處汽車駕駛人600元以上、1200以下罰鍰。
宜蘭縣政府環保局則指出，隨地大小便將依違反《廢棄物清理法》第27條隨地便溺，和相關款第50條，可處1200元以上、6000元以下罰鍰；屆時全案依據人事時地物相關資料佐證，依法通知影片中2名女子來說明，看是否觸法。",2023/02/08 16:51
https://news.tvbs.com.tw/local/2036559,憋不住了！蘇花改交管塞車　2女路邊解放,"人都有內急，但塞車塞在蘇花改的隧道內，這該怎麼辦，有民眾昨天(7日)目擊，一輛小轎車的乘客，兩人突然下車後，就到一旁的避車道，一人幫忙擋，一人直接在路邊解放，大家看到都傻眼了，怎麼會這樣誇張，其實公路總局也說，真的憋不住了，可以打電話給交控中心，請他們協助，在路邊直接上廁所，恐怕違反衛生法條將開罰。
隧道裡，車輛大排長龍，一動也不動，正當所有人塞車塞到，眼神死的時候，突然。
有人下車，還以為車發生什麼狀況要逃，才剛要拿起手機準備幫忙報案，但所有人再定住神一看，她們在幹嘛！
一個人拿外套擋，一個人脫了褲子就蹲下，怎麼就這樣大剌剌的在隧道的避車道解放！
7日早上就在蘇花改南下的仁水隧道內，不少民眾都直擊到這一幕，因為受到大清水隧道之前坍方的影響，一直到23日，每天8點開始進行施工管制，每個整點放行15分鐘，所以不管南下北上，來到這個路段就得先等等等。
雖然人都會有內急，可是小姐...這樣好嗎？明明有很多方法可以解決，而且很多人不知道，有這個方法。
公路總局四工處交管中心主任陳國正：「萬一他是在長隧道裡面，停在那個地方，可能有事故或是怎麼樣子，可以打行控的電話，我們會有事故處理小組，會過去載他去我們有廁所的地方。」
或是有人車上會備有寶特瓶，塑膠袋，應急一下，但其實...上路前，記得查詢一下路況，或是先跑一趟廁所，畢竟路況千變萬化，總是可能遇上比較窘的情況，只是下回別再這樣解放啦。
因為不僅可能會被警方，開一張亂臨時停車罰單，這也已經違反隨相關衛生法條最重可開罰6000元罰鍰。",2023/02/08 12:24
https://news.tvbs.com.tw/life/2022679,春節10天連假開跑！蘇花改天沒亮就現車龍　大車管制看這,"春節10天連假開跑，往返北宜之間的蘇花公路今（20）日天還沒亮，就湧現南下車潮，車流綿延3.5公里，北部地區陰雨連綿，加上前段時間蘇花公路坍方，警方也盼用路人，在不違規的狀況下，適時提高車速。此外，春節期間蘇花路廊也對大噸位的車輛進行相關管制，也請駕駛詳閱後再上路，以免違規受罰。
今天是小年夜，不少人趕著返鄉過年，一早天都還沒亮，蘇花改南下路段就出現車龍，蘇澳分局四組組長李立平指出，清晨5點半左右，蘇花改蘇澳端就湧現車流，尾端在蘇澳新站約3.5公里，預計到中午車流才會趨緩。李立平也提醒用路人，在安全不違規的狀況下，適時提高車速、跟緊前車、全程開啟大燈，小心落石。
另外，春節期間
蘇花路廊部分路段和時段，禁止21公噸以上的大貨車通行，同時開放大客車行駛蘇花改路肩
，用路人須注意管制時段和路段，以免違規受罰。
20日至21日凌晨5點至下午1點（南向）
22日至24日凌晨4點到下午5點（雙向）
25日至26日上午11點至晚上8點（北向）
27日中午12點至晚間6點（北向）
警方提醒，近期天候不穩，行駛蘇花路廊山區路段時，容易導致天雨路滑、零星落石或路樹倒塌等情形發生，請駕駛務必開啟車燈，保持適當安全距離，確保行車安全。
快加TVBS娛樂頭條好友！沖繩機票在等你了
唐綺陽解析上半年12星座運勢  「這星座」財運超旺 ！
◤旅遊優惠搶先看◢
👉
跟團玩日韓2萬有找，加贈王品餐券！
👉
台東熱氣球繫留行程，保留席搶先預約
👉
歌詩達郵輪，3人同行2人免費！
◤啟動夏日換季保養◢
👉
夏季養髮妙招  精油SPA洗潤護3部曲
👉
告別頸椎富貴包  滾珠精油舒緩緊繃
👉
夏日萬人迷  別讓擾人味嚇跑桃花運",2023/01/20 10:44
https://news.tvbs.com.tw/life/2021097,春節交通大補帖 目標宜縣交通不打結,"春節
10
天連假即將到來，宜蘭縣局特別製作「金兔報喜報平安
-112
年春節行車用路大補帖」，讓民眾輕鬆掌握交通資訊；背面貼心設計成臨時停車牌，民眾可以在空白處填寫電話號碼，增加使用的便利性，大補帖將由各分局利用各項宣導活動發送給民眾，或可直接至各分局索取，數量有限。
此次連假預估投入
8,700
人次警民力，加強國道
5
號、蘇花改、重要道路、熱門景點、年貨市場、各大廟宇、名店小吃及夜市周邊交通疏導管制，並預置交通快打警力，即時應處突發狀況，全力維持交通安全與順暢。春節期間交通執法無假期，警方將持續針對酒駕、闖紅燈及嚴重超速等重大交通違規嚴格取締，維護民眾交通安全，親友歡聚飲酒時，切勿心存僥倖酒駕以身試法；提醒民眾，如發生
A3
類道路交通事故
(
車能動、人沒事
)
，經雙方當事人拍照確認無誤後，應儘速將車輛移置至不妨礙交通之安全地點，避免造成車流回堵與壅塞。
快加TVBS娛樂頭條好友！沖繩機票在等你了
唐綺陽解析上半年12星座運勢  「這星座」財運超旺 ！
另外國道
5
號
1
月
22
日至
24
日
5-12
時封閉石碇及坪林南向入口匝道，
1
月
24
日至
29
日
15-20
時蘇澳至頭城北向入口實施高乘載管制；另蘇花路廊
1
月
20
日至
21
日
5-13
時
(
南向
)
、
1
月
22
日至
24
日
4-17
時
(
雙向
)
、
1
月
25
日至
26
日
11-20
時
(
北向
)
及
1
月
27
日
12-18
時
(
北向
)
禁止
21
公噸以上大貨車通行，並同步開放大客車行駛蘇花改路肩，請用路人善用資訊，安心上路小心回家。
◤旅遊優惠搶先看◢
👉
跟團玩日韓2萬有找，加贈王品餐券！
👉
台東熱氣球繫留行程，保留席搶先預約
👉
歌詩達郵輪，3人同行2人免費！
◤啟動夏日換季保養◢
👉
夏季養髮妙招  精油SPA洗潤護3部曲
👉
告別頸椎富貴包  滾珠精油舒緩緊繃
👉
夏日萬人迷  別讓擾人味嚇跑桃花運",2023/01/18 17:28
https://news.tvbs.com.tw/life/2017581,紓解10至15%車潮「離峰時段」上路　抽福袋,"十天連假要到了，返鄉出遊你決定好要搭什麼了嗎？公路總局預估今年的車潮會超越前兩年，尤其大年初一，蘇花改南下將會出現最大車潮。公路總局推出「離峰時段上路就能抽福袋」的方案，預估可以紓解百分之10到15的車流量。另外，有13家客運業者，也在春節期間提供優惠。
車子一輛接一輛，只能慢慢慢慢的開時速不到30公里，每到連假塞車幾乎成了民眾惡夢。
塞車狀況在今年春節連假恐怕會更嚴重，因為疫情趨緩再加上連假長達10天，所以針對蘇花改，特別推出「抽福袋活動」。
也就是從20日小年夜開始，到大年初八總共十天，只要在非尖峰時段行駛蘇花改就可以上網登錄抽獎，而公路總局會在連假結束後透過偵測設備做車牌比對，符合資格的就有機會抽到獎項。
四工處交控中心主任陳國正：「為了進行交通管理上所謂的需求轉移，我們也預估透過這樣的活動參獎，約可以轉移大概10至15%的交通需求。」
民眾：「有福利當然可以啊，有分流的話就會避免塞車啊，當然是比較好一點的。」
不只如此，民眾如果搭乘大眾運輸工具也有優惠，從19日開始到29日，總共有13家業者配合提供優惠。
各種方案齊發因為公路總局預估，今年的過年車潮將會超越前兩年，尤其大年初一，將會出現蘇花改南下的最大車潮，一天的車流量大約會有18700輛次初二到初四則是會出現，大量的出遊車潮，而26日初五預估是北上的車潮高峰，可能達到21700輛次左右。
選擇離峰時段或是不開車輕鬆一點，塞車時間縮短了旅遊時間也比較充足。
快加TVBS娛樂頭條好友！沖繩機票在等你了
跟著TVBS一同回顧2022國內外10大新聞，哪個議題你最有感？
2022年度TOP10 全台美拍景點!
◤旅遊優惠搶先看◢
👉
跟團玩日韓2萬有找，加贈王品餐券！
👉
台東熱氣球繫留行程，保留席搶先預約
👉
歌詩達郵輪，3人同行2人免費！
◤啟動夏日換季保養◢
👉
夏季養髮妙招  精油SPA洗潤護3部曲
👉
告別頸椎富貴包  滾珠精油舒緩緊繃
👉
夏日萬人迷  別讓擾人味嚇跑桃花運",2023/01/14 13:10
https://news.tvbs.com.tw/life/2016772,馬維拉？傅崑萁批沒臉見花連人　交長：馬英九只做蘇花改,"蘇花公路11日因為地震加上降雨導致大清水隧道坍方雙向不通，台鐵、航港局分別加開區間車、船舶因應，不過國民黨立委傅崑萁昨（13）批評蔡政府上任這麼久「蘇花安」卻遲不動工，交通部長王國材和公路總局長陳文瑞今（13）日視察事故路段，王國材說，馬政府時期只有動工蘇花改，蘇花安是108年才提出，因為經過太魯閣國家公園，還在進行環境評估。
王國材表示，公路總局已經成立前進指揮所，從2端同時作業日夜趕工，盼在1月15日下午5時通車，目前先就大石塊做碎解動作，把土石清除，並進行上邊坡土石刷坡、明隧道上方土石處理，預計15日通車後，繼續在邊坡和路權範圍外施作邊坡和明隧道補強。
至於國民黨花蓮縣立委傅崐萁批評蔡政府2016年就執政「蘇花安」卻遲遲不動工「沒臉見花連人」，王國材說明，長期來說這段是從和仁到崇德，邊波比較不穩，初步規劃為9.7公里長隧道，這短徹底避開，在蔡政府上台以後，除了蘇花改正式通車，也同時啟動蘇花安，過去馬政府時代只有要做蘇花改，沒有要做蘇花安，只要任何一段有安全疑慮，政府都要負起責任站出來做，所以在108年蘇花安就通過可行性評估，因為會經過太魯閣國家公園，因此環境評估會做到年底。
這段時間對民眾造成的不便，他指出，往來東部除了中橫、台7甲和台14甲替代路線以外，今天全面啟動海運的疏運，現在有4艘船已陸續到達花蓮港，包括台北快輪、合富輪、軍艦以及凱旋8號，昨天早上就集結到花蓮港，其中台北快輪還在平潭，特別情商它快回來，其他的船都在基隆港，也船員立刻就位，今天都會趕到花蓮港，航港局局長也在花蓮港指揮，用領號碼牌方式等於像是先訂位，不會讓大家等太久，另外台鐵也加開區間車，宜蘭到花蓮每天總共12列次，花東往台北每天運蔬果，是用貨卡也可上台鐵平台車往北送。
快加TVBS娛樂頭條好友！沖繩機票在等你了
跟著TVBS一同回顧2022國內外10大新聞，哪個議題你最有感？
2022年度TOP10 全台美拍景點!
◤旅遊優惠搶先看◢
👉
跟團玩日韓2萬有找，加贈王品餐券！
👉
台東熱氣球繫留行程，保留席搶先預約
👉
歌詩達郵輪，3人同行2人免費！
◤啟動夏日換季保養◢
👉
夏季養髮妙招  精油SPA洗潤護3部曲
👉
告別頸椎富貴包  滾珠精油舒緩緊繃
👉
夏日萬人迷  別讓擾人味嚇跑桃花運",2023/01/13 12:35
https://news.tvbs.com.tw/life/2016247,「安全回家路」好難　傅崐萁怒蘇花安0進度,"持續追蹤花蓮這起坍方事故，災害地點正巧位於蘇花改二期，也就是「蘇花安」的路段範圍內。不過國民黨花蓮縣立委傅崐萁質疑，民進黨執政至今將近7年，蘇花安工程卻遲遲沒動工。但公路總局也澄清，整體時間軸上有所誤會。
記者張蕙纖：「現在我們就在大清水隧道這邊，其實往裡頭走就是這一次的坍方路段，而其實這邊也是，未來『蘇花安改善路段』9.5KM處的路段之一。」
山壁嚴重坍方，隧道內大量碎石，粉塵瀰漫、破裂漏水，交通阻斷慘狀，不禁讓居民感嘆，這改善工程如果早點開始，這一切是不是就不會發生。
花蓮居民：「真的很不方便，要往南往北要去哪裡都很不方便，難道一條安全回家的路，要做很困難嗎？」
浩大工程，要做確實不容易，全長25.4公里的蘇花安改善範圍，包含宜蘭的東澳至南澳，花蓮和平-和中，以及包含這次坍方地點在內的和仁至崇德段，14.3公里長度中，將來規劃建置9.7公里的長隧道，防止坍方災害重演。
花蓮縣長徐榛蔚：「請中央務必要重視，這條路不只是花蓮人用，這一條是全國所有人都在用，更是所有國際來到台灣旅遊的國際旅遊人士在用。」
立委(國)傅崐萁：「蘇花改的一期，國民黨政府短短2年8個月動工，請問一下中央政府到底什麼時候，蘇花改二期的『蘇花安』才能動工。」
國民黨花蓮縣立委傅崐萁，痛批綠營從2016年執政至今，已經6年8個月了，蘇花安工程卻一動也不動，呼籲中央加速腳步，給花蓮人一條安全回家的路。
交通部公路總局規劃組長蘇先知：「蘇花安的計畫，它是原來行政院核定可研了以後，我們公路總局就在109年，來推動所謂的環境影響評估，在這段期間，也召開了4次的地方說明會。」
公路總局澄清，並非拖了將近7年沒動工，而是在2019年蘇花改全線通車之後，才提出蘇花安計畫，至於整體工程進度，預計今年底會提報環保署審查，2026年進行發包作業，整個工期大約6年半時間，初估2032年底完工通車，耗資至少700億元。
不過按照行程來看，也要等將近10年，這期間的人車安危，是眼下的當務之急。
快加TVBS娛樂頭條好友！沖繩機票在等你了
跟著TVBS一同回顧2022國內外10大新聞，哪個議題你最有感？
2022年度TOP10 全台美拍景點!
◤旅遊優惠搶先看◢
👉
跟團玩日韓2萬有找，加贈王品餐券！
👉
台東熱氣球繫留行程，保留席搶先預約
👉
歌詩達郵輪，3人同行2人免費！
◤啟動夏日換季保養◢
👉
夏季養髮妙招  精油SPA洗潤護3部曲
👉
告別頸椎富貴包  滾珠精油舒緩緊繃
👉
夏日萬人迷  別讓擾人味嚇跑桃花運",2023/01/12 18:41
https://news.tvbs.com.tw/life/2015870,蘇花路斷難自駕遊！花蓮福容持「台鐵車票」折500,"台9線蘇花公路159.3公里處大清水路段昨（11）日明隧道約25公尺毀損雙向無法通行，公路總局預估15日下午17時才能通車，也本周末有計畫自駕至花蓮遊玩的民眾假期泡湯，福容大飯店花蓮店今（12）表示，由於台鐵啟動加強疏運，持台鐵票旅客入住可再折500元。
福容大飯店花蓮店表示，目前收到 4 筆取消訂單，損失金額在萬元以內，其餘客人均以保留訂金，延後入住為主。另外，台鐵啟動區間車加強疏運，福容花蓮店為了鼓勵客人入住，即日起至2023年01月20日，以官網、電話及享福卡APP訂房之旅客，持台鐵車票、加油發票入住，房價現折500，再享延後退房至13:00，同步享有享福卡會員分級折扣。
除此之外，持有福容大飯店連鎖住宿券的旅客，1月13日及1月15日入住，免付假日加價費用，1月14日入住，加價也僅需400元。
快加TVBS娛樂頭條好友！沖繩機票在等你了
跟著TVBS一同回顧2022國內外10大新聞，哪個議題你最有感？
2022年度TOP10 全台美拍景點!
◤旅遊優惠搶先看◢
👉
跟團玩日韓2萬有找，加贈王品餐券！
👉
台東熱氣球繫留行程，保留席搶先預約
👉
歌詩達郵輪，3人同行2人免費！
◤啟動夏日換季保養◢
👉
夏季養髮妙招  精油SPA洗潤護3部曲
👉
告別頸椎富貴包  滾珠精油舒緩緊繃
👉
夏日萬人迷  別讓擾人味嚇跑桃花運",2023/01/12 13:40
https://news.tvbs.com.tw/life/2015625,蘇花路斷開「中橫」緩解！大車到台北恐要8小時　最壞下場曝,"台9線蘇花公路159.3公里處大清水路段昨（11）日明隧道約25公尺毀損雙向無法通行，也讓花蓮－宜蘭的通行路斷！公路總局養路組組長李順成今（12）說明，已在白天開放中橫讓小車通行，不過由於中橫是災害路段，大車無法行駛，得走南迴到台北就需8小時。至於是否能在15日順利搶修完全，他回應，無法做太樂觀的估算，但會盡速搶修，否則會影響連續假日交通。
養路組組長李順成表示，由於中橫仍是災害路段，這段時間在白天（07:00~17:00）開放中橫公路讓小車通行，估算自己開車若要到台中大概要4個多小時，不過大車無法行駛中橫，就需要往台東方向繞一圈走南迴公路到台北，就要8個小時，自花蓮經中橫台北要3個多小時
他說，另台鐵還有1200座位，建議民眾使用火車，還有和航港局研議看民眾需求提供快輪運輸，1班可以載440人、40台車子，空運則是由立榮航空，還會再看否可以增加班次。
李順成說明，該地方岩質是大理岩，受到雨水侵蝕會產生裂隙，初步判斷花東有地震，且昨日有一個很長的降雨，時雨量達到60，讓裂隙發展，大的岩質掉下來，雖然這裡不是蘇花改第一修先路段，其實整個蘇花路廊都是這樣，之後蘇花安計畫於此路段會規劃9.5公里長隧道。
他指出，花蓮到宜蘭平常日車流不多大車小車加起來單向3000左右，假日約6~7000，最多則是連續假期，所以會盡快在15日搶通，否則就要面對連續假期的疏運問題。
他說明，因為該地是明隧道，空間很小，石頭掉下來後滾到隧道裡面，且破碎面很難管控，是希望盡快搶通，不過時間也不敢做太樂觀的估算。
快加TVBS娛樂頭條好友！沖繩機票在等你了
跟著TVBS一同回顧2022國內外10大新聞，哪個議題你最有感？
2022年度TOP10 全台美拍景點!
◤旅遊優惠搶先看◢
👉
跟團玩日韓2萬有找，加贈王品餐券！
👉
台東熱氣球繫留行程，保留席搶先預約
👉
歌詩達郵輪，3人同行2人免費！
◤啟動夏日換季保養◢
👉
夏季養髮妙招  精油SPA洗潤護3部曲
👉
告別頸椎富貴包  滾珠精油舒緩緊繃
👉
夏日萬人迷  別讓擾人味嚇跑桃花運",2023/01/12 10:41
https://news.tvbs.com.tw/local/2012653,別想躲！罰單、稅金攏嘸繳　遭科技執法揪出,"有民眾罰單、勞健保、稅金長期積欠沒繳，執行署為了追討大量欠款，跟警方合作，利用科技執法「車牌辨識系統」，欠費民眾只要開自己名下的車經過蘇花改，被系統拍到，警方就會出動逮人，這一回共追回28萬元；還有人遇到執行官親自登門追查，嚇得趕快領現金繳清。
公路上就在進隧道前，一輛黑色休旅車，被幾名員警給攔下。
員警：「執行啦你的證件我看一下，有沒有證件有沒有帶證件，身分證沒有駕照什麼都沒有？車子麻煩熄火一下好嗎。」
駕駛似乎拿不出證件，面對員警質問，也說不出話來，原來他有很多費用罰單都沒繳，執行署花蓮分署，為了要追討大量欠款，跟警局交通隊合作，利用科技執法的「車牌辨識系統」，追查這些沒繳錢的民眾，要是他們開著自己名下的車，經過蘇花改，被系統給拍下來，警方就會出動逮人。
執行署花蓮分署執行官賴怡君：「經過我們近日的統計目前專案的成果，大概是28萬元左右，那主要查封是一個手段，還是希望敦促民眾用比較積極的態度，來處理國家的欠款。」
這一回追回的款項不少，其中有父子檔，牌照稅、交通罰鍰、健保費，通通沒繳共5萬多元，還有男子欠營業稅，加上勞健保將近14萬，甚至有人名下沒有任何不動產，執行官得親自到豐濱鄉去追查，他當場提領現金繳清，千萬不要以為可以躲一輩子，運用新科技，通通都無所遁形逃不掉。
跟著TVBS一同回顧2022國內外10大新聞，哪個議題你最有感？
快加TVBS娛樂頭條好友！沖繩機票在等你了
2022年度TOP10 全台美拍景點!
◤旅遊優惠搶先看◢
👉
跟團玩日韓2萬有找，加贈王品餐券！
👉
台東熱氣球繫留行程，保留席搶先預約
👉
歌詩達郵輪，3人同行2人免費！
◤啟動夏日換季保養◢
👉
夏季養髮妙招  精油SPA洗潤護3部曲
👉
告別頸椎富貴包  滾珠精油舒緩緊繃
👉
夏日萬人迷  別讓擾人味嚇跑桃花運",2023/01/09 13:06
https://news.tvbs.com.tw/life/2011385,返鄉前先看！春節「國道疏導」懶人包　大眾運輸祭優惠再抽獎,"2023年度的春節連假長達10天，相信不少民眾會把握連假時間跟親朋好友一同出遊，針對連假期間各地道路可能會出現人潮湧現的堵塞現象，高速公路局跟公路總局在過年前也紛紛公佈了壅塞路段以及各個時段的交通管制措施，而為了舒緩連假龐大出遊返鄉車潮，公路總局還有特別推出離峰時間走蘇花改的抽獎活動以及大眾運輸優惠，方便民眾多多利用。
在國道方面，高公局表示1月25日（初四）的13至18時，國1下營系統至頭份、國3官田系統至竹南，以及各交流道之北向入口匝道會進行高乘載管制；而1月24日至1月29日（初三~初八），每日15至20時，國5蘇澳、羅東、宜蘭及頭城交流道之北向入口匝道（管制結束時間視交通狀況），同樣也會進行高乘載管制，如果這些時段會前往這些地點的民眾，可要多多注意。
另外高公局也揭露了不少離峰時段，讓不想塞車浪費時間的用路人可以多多參考利用。像是西部國道方面，1月22日至1月24日（初一到初三），南向用路人建議早上6時前或中午12時後出發，1月24日至1月26日（初三至初五），中部地區北向用路人建議上午12時前出發，南部地區北向用路人建議上午9時前出發，或可延後至初七至初八再出發；國5部分，初一至初三南向用路人建議上午5時前或下午5時後出發，初三到初八後北向用路人建議上午9時前出發。高公局預測1月24日（初三）跟1月25日（初四）會是北返尖峰日，中午過後會出現腸時段壅塞，用路人可以提早／延後出發，或是改利用快速道路疏運。
在省道方面，公路總局認為連假第1天（1月20日）及初一至初三 （1月22至1月24日）是南下返鄉尖峰車流出現時，北返車潮可能集中在初三跟初七之間，屆時蘇花路廊、國5各交流道、台9線礁溪北上路段將會有嚴重堵塞情形，公路總局也會在重點路段實施交通管制，像是台9線蘇花路廊會實施管制載運危險物品車輛及21噸（含）以上大貨車通行，並實施大客車優先措施；南迴公路將於尖峰時段實施車道管制措施，以紓解車潮；台61線西濱快速公路針對瓶頸路段如鳳鼻~香山及竹南地區等，已規劃封閉部分橫向路口、優化時制加強綠燈秒數等措施。
為了鼓勵民眾使用大眾運輸，87條國道客運路線可享平日優惠價或票價85折優惠，持電子票證搭乘48條台灣好行路線可享半價優惠，臺鐵、高鐵、國道客運轉乘市區公車，也有一段票或是基本里程的優惠。另外公路總局也祭出鼓勵離峰時段鼓勵措施，只要上網登錄基本資料、車牌、開車時段及路段就可參加抽獎，在指定時段上路就可以抽GoPro、行車記錄器以及藍牙耳機等禮物。
延伸閱讀：
車神倒車走蘇花？　原來是隧道逆向超車遇管制只好乖乖退回去
改善「交通地獄」從違規停車與不禮讓行人著手　「人行道違停」檢舉將重啟！
警車未禮讓2孩童挨轟「帶頭製造行人地獄」　新北海山警出面回應了！
台灣成為「行人地獄」代名詞？　他揭關鍵原因曝「日本素質沒比較好」
正妹駕駛國道遇事總能「逢胸化吉」？　網：本斥但大還不抱緊處理！
◎最新、最有趣的試車片都在《黃金試車組》！
◎車壇動態不漏接，按讚追蹤《地球黃金線》粉絲團！
◎錯過電視首播免驚！《地球黃金線》頻道完整看！",2023/01/07 14:22
https://news.tvbs.com.tw/life/2010370,春節走春「蘇花改」登錄車牌可抽獎！　春節放10天恐到處塞,"再2個禮拜就要放春節10天連假！各地車潮預估都將比去年疫情期間多1到2成，開車出遊的民眾會變多，公路總局還特別針對「蘇花改」推抽獎，只要民眾選離峰時段上路就能參加，觀光區像武陵農場，恐怕從春節一路到2月櫻花季，人潮車潮都很多。
絕美櫻花景，這是你再來連假想去的地方嗎，台中武陵農場預估，從春節10天連假一路到2月初開始的櫻花季，車流量都會很大，因此將針對開花期，設總量管制每天只能進6000人，也預估再來的連假，因為正式疫情解封，車流量比去年多2成。
公路總局副總工程司李忠璋：「會比以往多，因為疫情比較緩和，那目前預估起來，大概(比)疫情期間的交通量，多個1到2成。」
不光觀光景點要注意，光你返鄉，這次連假可能各地都得塞塞塞，就怕往花東的，國5雪隧塞完還要堵蘇花改，公路總局今年推「抽獎活動」，蘇花改預估南下車潮尖峰從小年夜到初三，北上初三到初七尤其「初五」最多，民眾只要選「離峰時段開」，就能上蘇花改網站，登錄時段車牌抽獎。
記者林旼叡：「尤其是在台北到花蓮這段，公路總局統計，相關的客運疏運業者，他們到1/5為止，售出的票數，其實才佔了可賣的票，裡頭的5.5%，因此預估今年，開車出遊的民眾，恐怕會比較多。」
雙鐵方面，高鐵原本針對春節加開442列次，周四宣布再加開12列次，沒訂到票的民眾，記得7日0點搶票，台鐵方面共加開287列次，當中加掛拉長車廂144列次，疏運難度較高的東部幹線，有8班車實名制提供給花東民眾，不論如何，春節10天假，想走春透透氣，去到哪都得要有塞車的心理準備。
跟著TVBS一同回顧2022國內外10大新聞，哪個議題你最有感？
TVBS娛樂頭條全新上線！加我好友給你娛樂最大條
事業財運超強運勢！2023十二生肖運勢全預測
◤旅遊優惠搶先看◢
👉
跟團玩日韓2萬有找，加贈王品餐券！
👉
台東熱氣球繫留行程，保留席搶先預約
👉
歌詩達郵輪，3人同行2人免費！
◤啟動夏日換季保養◢
👉
夏季養髮妙招  精油SPA洗潤護3部曲
👉
告別頸椎富貴包  滾珠精油舒緩緊繃
👉
夏日萬人迷  別讓擾人味嚇跑桃花運",2023/01/06 13:53
https://news.tvbs.com.tw/life/2005207,元旦連假首日　蘇花改南下清晨湧現車潮,"宜蘭縣政府警察局蘇澳分局表示，元旦連假第一天，蘇花公路改善路段於今天清晨6時起湧現南下車潮，蘇澳端一度回堵約2.5公里，預估中午過後才會紓解。
警方指出，已在蘇花改沿線規劃警力及義交人員加強交通疏導，行車時請開啟頭燈、保持適當車距，並在安全不違規的情況下，適時提高車速，維持行車順暢。（中央社）",2022/12/31 11:22
https://news.tvbs.com.tw/life/1964236,見證蘇花改生態恢復　特生中心發現逾20萬筆生物,"農委會特生中心今天表示，蘇花改施工到通車後的生態永續監測迄今10年多，共發現13類物種，共逾20萬筆生物資料，且多數生物族群數量逐漸恢復，路殺也遠低於一般道路。
農業委員會特有生物研究保育中心今天召開「蘇花改工程的生態永續之路」記者會，公布自101年起受委託辦理「台9線蘇花公路山區改善計畫施工中暨營運階段指標生物研究計畫」結果。
特生中心統計，截至110年止，蘇花改全線已發現哺乳動物44種（蝙蝠類24種）、鳥類220種（含環頸雉與猛禽）、爬蟲類38種、兩棲類22種、淡水魚類39種、蝦類19種、蟹類10種，鱗翅目蛾類1401種、維管束植物917種等，共13類物種名錄，各類研究資料累計超過20萬筆，顯示當地涵養著多樣、豐富的野生動植物。
當中台灣珍稀保育類或特有物種包含台灣野山羊、林鵰、環頸雉等動物，叢花百日青等植物，當地新紀錄種有黃喉貂、玄彩蝠、台北樹蛙等。台灣野山羊、環頸雉曾受施工影響，完工後活動頻度逐漸恢復。
特生中心主秘鄭錫奇說，蘇花改工程沒有大量破壞棲地，完工後也盡量回復原棲地樣貌，並參考生物特性設置道路防護網、鳥網圍籬、動物爬坡道、生態廊道等生態友善措施，也種植了原生樹種。
鄭錫奇指出，蘇花改通車後，多數生物族群數量逐漸恢復，路殺現象也遠低於一般道路，110年有41件；但未來若有路殺熱點產生，會提出方案持續改善生態。
特生中心陸續將研究成果發表在學術期刊研討會等，並舉辦專題演講、教育訓練，分享野生動植物與生態保育知識，資料提供交通部公路總局蘇花公路改善工程處網頁製作、展示館展示，並協助拍攝宣導影片。
上述計畫分成施工階段及營運期間兩階段的指標生物研究及生態監測，時間至111年底，總計11項子計畫12項工作項目的研究計畫，執行時依據動物習性、棲地特徵設置樣區，並選擇適合的調查方法按季節進行。
特生中心補充，蘇花改工程全路段已在109年1月6日順利通車營運，主要由隧道（63％）和橋梁（22％）為主體，其餘由平面道路（15％）銜接，當初規劃之初即以迴避、縮小、減輕、補償的友善環境策略進行相關工程設計與施作。（中央社）
九合一選舉誰勝出，就看TVBS新聞網！
TVBS金馬人氣投票 快來支持你最愛的演員
黃金線達人公開車露4密技、這些地雷禁區絕對不要踩！
TVBS九合一大選報票人員召募中　徵求2500人見證民主
◤旅遊優惠搶先看◢
👉
跟團玩日韓2萬有找，加贈王品餐券！
👉
台東熱氣球繫留行程，保留席搶先預約
👉
歌詩達郵輪，3人同行2人免費！
◤啟動夏日換季保養◢
👉
夏季養髮妙招  精油SPA洗潤護3部曲
👉
告別頸椎富貴包  滾珠精油舒緩緊繃
👉
夏日萬人迷  別讓擾人味嚇跑桃花運",2022/11/16 20:21
https://news.tvbs.com.tw/local/1951102,車開在水上？！中仁隧道積水太多　急斷電,"車輛行經這個隧道，像開在溪流上。最近下雨不斷，蘇花改中仁隧道嚴重積水，為了避免機電設備受影響，目前緊急斷電。而號稱最美休息站的，台東「大武之心南迴驛」，停車場因為是礫石鋪面，遇到雨坑洞就積水，旅客抱怨根本是在開越野賽。另外，南橫公路189公里處，今天早上岩石崩塌，目前已經搶修，可以通車。
這漆黑隧道有如一條溪流，只要車一經過，水花四濺。
駕駛：「積水很嚴重，(積多深)大概這樣子，車速要很慢，(那燈呢)都沒有燈。」
不只裡面，隧道口外將近一百公尺前，每輛車開過，都像長出一對白色翅膀。
東部已經好幾天雨下不停，許多路段湧水狀況陸續出現，蘇花改中仁隧道側溝，來不及排水嚴重積水，就怕隧道裡的機電設備會進水，工程人員趕快先手動切離。
公路局金岳工務段長張芯瑋：「當這個湧水量小一點的時候，我們也會把電力系統，就是我們看到的照明系統投入。」
除了花蓮接連的豪雨，也讓台東這個號稱最美的休息站，變的不怎麼美麗。
滿地碎石碰上下雨，小小坑洞都會積水，旅客要停車怎麼閃都閃不了。
民眾：「下雨天的話可能會整個是泥濘，現在這樣看起來不太(好)，覺得有改善的空間。」
位在台東大武鄉的大武之心南迴驛，空間設計漂亮但停車場讓民眾抱怨連連，為了環境永續考量停車場設計礫石地面，卻讓民眾停車像在挑戰越野賽，縣府表示目前已經開始找經費，要改善停車場鋪面問題。
還好雨勢稍緩，各地好來搶修，南橫公路台東端189公里處，原本因為邊坡有岩石崩塌阻斷交通，過了半天左右已經可以通車。
不能阻止雨下個不停，但開車騎車的速度能自己控制，真的得要小心慢行。",2022/11/02 18:14
https://news.tvbs.com.tw/life/1910345,六十石山坍塌「逾20小時搶通」　400名民眾排隊下山,"台東18日強震，花蓮六十石山道路多處落石坍方，400名民眾受困山區，富里鄉公所及蘇花改工程處接力，歷經逾20個小時搶通道路，今天中午民眾陸續排隊下山。
18日下午2時44分台東縣池上鄉發生芮氏規模6.8強震，造成花蓮富里六十石山聯外道路嚴重坍方，正值金針花季又是週末假日，約400名民眾上山賞花，卻遇地震受困山區，當地熱心業者提供免費餐食及住宿，旅客安然度過一夜。
為讓山上民眾能順利下山，富里鄉公所與蘇花改工程處接力，藉由大型機具協助清挖坍方處的土石，但因地震造成路面有高低落差，怪手用土石盡可能填滿縫隙，讓車輛能通行，終於歷經逾20個小時後順利搶通。
富里鄉公所秘書許仰鍇告訴中央社記者，11時45分搶通，引導山區約400名民眾、車輛約100多台，陸續下山。
另外，玉里鎮赤科山也因主要聯外道路坍方，約94名遊客受困一夜，今天有業者引導改道下山；花蓮縣府指出，赤科山主要聯外道路7公里處坍方面積較大，目前仍在搶通中。（中央社）
不論晴天、雨天掌握最新資訊，TVBS帶你看天氣！
九合一選舉誰勝出，就看TVBS新聞網！
◤旅遊優惠搶先看◢
👉
跟團玩日韓2萬有找，加贈王品餐券！
👉
台東熱氣球繫留行程，保留席搶先預約
👉
歌詩達郵輪，3人同行2人免費！
◤啟動夏日換季保養◢
👉
夏季養髮妙招  精油SPA洗潤護3部曲
👉
告別頸椎富貴包  滾珠精油舒緩緊繃
👉
夏日萬人迷  別讓擾人味嚇跑桃花運",2022/09/19 14:23
https://news.tvbs.com.tw/life/1879013,改常態開放！9月1日起大型重機可通行蘇花改,"台9線蘇花公路山區路段改善計畫（蘇花改）試辦大型重型機車通行至今已10個月，經專家學者討論過後，建議公路總局可常態性開放，也獲交通部核定，將從9月1日起實施。
蘇花改全線於109年1月全線通車後，去年9月30日起試辦251C.C.以上大型重型機車通行蘇花改路段，試辦期間為期6個月，將委託評估單位以抽樣方式觀測與檢核隧道內的秩序、行為、安全及環境等指標，並據以分析評估開放大型重型機車通行的適宜性。
公路總局第4區養護工程處交通管理及控制中心主任陳國正今天向中央社記者表示，經專家學者開會討論，主要針對大型重機在尖峰時段是否影響交通和違規情形後，認為假日車多時段，大型重機很少行經蘇花改，對交通幾乎沒有影響。
至於違規部分，大致可分為超速和行駛路肩，大型重機違規比例也很低，因此建議公路總局朝開放方向規劃，經報請交通部核定，預定從9月1日常態性開放大型重機通行蘇花改。
至於外界關心何時試辦普通重機通行蘇花改，陳國正指出，公路總局正評估在花蓮縣中仁隧道試辦，主要考量此隧道雖是長隧道，但長度適中約4.7公里，且附近是和平、和仁較大型聚落，居民有地區性通行需求，不過現階段仍在評估中，尚未底定。（中央社）
加《地球黃金線》好友！車圈話題不漏接、車款剖析最全面讓你秒變懂車達人！
九合一選舉誰勝出，就看TVBS新聞網！
◤旅遊優惠搶先看◢
👉
跟團玩日韓2萬有找，加贈王品餐券！
👉
台東熱氣球繫留行程，保留席搶先預約
👉
歌詩達郵輪，3人同行2人免費！
◤啟動夏日換季保養◢
👉
夏季養髮妙招  精油SPA洗潤護3部曲
👉
告別頸椎富貴包  滾珠精油舒緩緊繃
👉
夏日萬人迷  別讓擾人味嚇跑桃花運",2022/08/16 17:49
https://news.tvbs.com.tw/life/1861967,交通部擬開放機車可行內側車道　王國材：安全考量,"交通部長王國材今天說，以機車族的安全考量，可以解除不必要的限制，像是機車在外側車道常有干擾等狀況，因此可以考慮放寬機車行駛內側車道。
台灣機車路權促進會上午到交通部前抗議，重申5大訴求，包含蘇花改之外，南迴改等多條省道須還給機車行駛權益；禁錮改革的道路交通安全規則99條須處理：廢除區間測速；道路工程亟需改善；讓人民參與交通決策等。
台灣機車路權促進會公關主任劉成謙批評，交通部和內政部的宣導記者會只是作秀，缺乏真正保障機車、自行車和行人等弱勢用路人的安全及用路權益的作用，希望兩個部會檢討現行不合理的規定。
王國材出席交通安全英熊聯盟111年四季交通安全宣導案第三季安全駕駛宣導記者會，會後接受媒體聯訪時表示，機車路權已經爭取很多年，像是蘇花改是安全回家的路，因此他同意機車上蘇花改。
王國材表示，重機上國道方面，經過3年研究加上有6成民眾反對，因此多次評估下認為重機上國道的秩序及行為尚未達到標準，將會持續觀察。他強調，在安全上希望車種單純化，經過多次評估目前還不宜開放。
除此之外，王國材說，過去內側車道禁行機車，但是外側車道常有公車停靠等，機車在外側車道上會有干擾等狀況，因此他認為內側車道可以放寬讓機車通行。
王國材說，以機車族的安全為考量，可以放寬些不必要的限制。（中央社）
加《TVBS新聞》LINE好友！讓專屬小助理替你找新聞
高溫熱到受不了！即時溫度點這裡~ TVBS帶你看天氣！
◤旅遊優惠搶先看◢
👉
跟團玩日韓2萬有找，加贈王品餐券！
👉
台東熱氣球繫留行程，保留席搶先預約
👉
歌詩達郵輪，3人同行2人免費！
◤啟動夏日換季保養◢
👉
夏季養髮妙招  精油SPA洗潤護3部曲
👉
告別頸椎富貴包  滾珠精油舒緩緊繃
👉
夏日萬人迷  別讓擾人味嚇跑桃花運",2022/07/29 13:20
https://news.tvbs.com.tw/life/1861114,奪回路權！蘇花改最快8月開放大型重機　9月試辦白牌機車,"蘇花公路因為容易發生山崩等事故因此建立蘇花改做為東部重要的運輸管道，交通部今（28）日舉行道安說明會，路政司長林福山表示，去年公路總局進行蘇花改大型重機試辦通行，現在評估結果出爐，認為大型重機通行無安全疑慮，由於公總已經呈報，交通部已在簽核程序當中，認為8月確認完細節應該沒有問題，至於試辦白牌機車通行，還需要時間來確認試辦策略，原則上目標時程在9月。
交通部王國材說今年前五個月機車事故死亡，在今年比去年增加36人，機車仍是現在面對最大的課題，增加最多的是新竹縣，機車事故防制是交通部很大的重點，很多機車是被大型車輛撞擊所致，所以也做了路口安全改善和駕訓補助，過去駕訓補助可降事故率3成，另外就是外送員安全要繼續加強，推動公車進校園是很重要的目標，因為18~24歲是考上駕照剛上路的時期，希望用公車進校園增加他們搭乘意願。
王表示，路權是對機車族安全保護的措施，但是有些人會覺得是路權被限制，像是兩段式左轉或上國道，他認為，路權該開放就開放，過去在限制機車路權，如果路權會使你更安全，路權該開放就開放，過去在限制機車路權是基於希望機車族不要受傷害，交通部和地方交通局也做了很多討論，如果限制路權會更危險那當然路權就要開放，如果有些路本身就很危險，就該有安全的路讓他走。
路政司長林福山說明，在去年9月30日公總正式試辦大型重機通行蘇花改，經過6個月試辦後委託中華民國運輸協會檢核，在其間行車秩序、安全等指標，初步結論是通行大型重機無明顯安全疑慮，蘇花改防災應變部分公路總局也針對重機納入評估，試辦結果為建議可以正式開放大型重機通行，目前公總已經正式函報到交通部，路政司依程序做承辦，後續會函覆公總，確認未來正式通行的規範，時間也遊公總宣布。
另外普通重型機車部分，公路總局也函報試辦普通重機策略意見，原則上分成四分案，因蘇花改車道配置為單一車道加上緊急車道，四方案分成兩類，一為維持現行車道，開放主線路段給普通重機混合通行或開放緊急車道做為通行，另外就是調整車道配置也有兩個，把現行路線變更快車道加機車道，或快車道+混合車道，公總評估以開放路肩(緊急空間)試辦是風險就容易控管的方式。
他說，試辦計畫以和中-和仁段為試辦區間，車道為開放路肩供普通重機通行，原則上交通部會請公總來開會確認，無論是試辦還是開放都必須以安全為前提。
加《TVBS新聞》LINE好友！讓專屬小助理替你找新聞
高溫熱到受不了！即時溫度點這裡~ TVBS帶你看天氣！
◤旅遊優惠搶先看◢
👉
跟團玩日韓2萬有找，加贈王品餐券！
👉
台東熱氣球繫留行程，保留席搶先預約
👉
歌詩達郵輪，3人同行2人免費！
◤啟動夏日換季保養◢
👉
夏季養髮妙招  精油SPA洗潤護3部曲
👉
告別頸椎富貴包  滾珠精油舒緩緊繃
👉
夏日萬人迷  別讓擾人味嚇跑桃花運",2022/07/28 14:58
https://news.tvbs.com.tw/life/1860354,蘇花改將開放白牌機車上路！　公總提4方案、試辦6個月,"蘇花改有機會開放白牌機車，公路總局今天證實，已經提出4種方案包括開放路肩或機慢車道等，等交通部核定後，將會試辦6個月，作為未來是否開放的參考依據。
交通部長王國材日前表示，經半年試辦，將同意蘇花改開放黃牌及紅牌大型重型機車通行，白牌機車也列評估研擬，如果可行也傾向開放。
公路總局今天證實，針對白牌機車行駛蘇花改，已擬妥4個建議試辦方案，方案一是採現行快車道混合車流行駛，路肩仍保留做為緊急救護救災使用；方案二則開放路肩讓白牌機車行駛，保持救護車輛通行彈性，汽車仍須行駛快車道；方案三則將路肩規劃為機慢車道；方案四則是取消路肩、規劃兩車道混合車流。
公路總局說，目前4項建議方案皆已提報交通部審查，待交通部核定後，將擇日開始試辦，試辦期間同步進行評估檢核，以做未來是否能正式開放的參考依據。
另外，250C.C.以上黃牌及紅牌大型重型機車試辦通行蘇花改的部分，公路總局說，檢核期已在3月31日結束，目前檢核報告已經提報交通部建議正式開放大型重型機車通行蘇花改，開放時間則仍待交通部核定，目前仍屬試辦期，大型重型機車仍可行駛蘇花改。（中央社）
加《TVBS新聞》LINE好友！讓專屬小助理替你找新聞
高溫熱到受不了！即時溫度點這裡~ TVBS帶你看天氣！
◤旅遊優惠搶先看◢
👉
跟團玩日韓2萬有找，加贈王品餐券！
👉
台東熱氣球繫留行程，保留席搶先預約
👉
歌詩達郵輪，3人同行2人免費！
◤啟動夏日換季保養◢
👉
夏季養髮妙招  精油SPA洗潤護3部曲
👉
告別頸椎富貴包  滾珠精油舒緩緊繃
👉
夏日萬人迷  別讓擾人味嚇跑桃花運",2022/07/27 20:51
https://news.tvbs.com.tw/life/1843329,怒吼「交通解嚴」！　3千騎士圍城遊行提5訴求,"為了要爭取路權，台灣機車路權促進會號召3千位騎士，發起交通解嚴遊行，提5大訴求，像是廢除強制待轉、開放重機騎高速公路等等，從花博公園出發，行經忠孝西路，最後抵達凱道，值得注意的是，這也是在44年後，禁行機車的忠孝西路，在有申請路權的形況下，再次合法開放機車行駛。
白牌機車黃牌紅牌重機，甚至連腳踏車也加入應援，超過3千名騎士，7/9下午兩點鐘，在台北花博公園集合整裝出發，台灣機車路權促進會，發起交通解嚴大遊行，高喊要拒絕排斥正視騎士。
參與遊行騎士：「不應該使用這些，所謂的車種歧視，並沒有想像中，鐵包肉還是肉包鐵這麼危險，因為其實所有問題都是出自於，駕駛人的(道路教育)問題。」
騎士認為希望從交通管理3E下手，包含道路工程教育再來才是執法，機促會提出5大訴求，省道全面開放機車行駛，包含蘇花改及南迴改，廢除禁行機車跟強制待轉，還有開放重機行駛高速公路，以及廢除區間測速，開放人民參與交通決策，最後則是道路工程改善要因地制宜。
機促會發言人黃柏岳：「之前在林佳龍擔任部長時候，一直有跟交通部，跟相關部會反應相關訴求，之後也不斷努力，跟(現任交通部長)王國材接洽。」
車隊一路行經，中山北路最後抵達凱道，其中值得注意的是，目前台北市5條禁行機車道路中，包含南京東路堤頂大道，環河北路大直橋往明水路段，以及忠孝西路，但遊行這一天，白牌機車闊別超過40年，在合法申請下，再次有歐兜賣騎上去，也成了歷史一刻，而進到會場後應援人數號稱已經不只3千。
記者林莉：「3千多位機車騎士遊行上凱道，但反觀台北市基隆路地下道，汽機車共用的北向路段，原先內線禁行機車，但(北市)交工處預計，8月中後開放通行。」
規定超過16年讓車流天天堵塞，北市交工處表示未來就算開放，地下道還是會畫設雙白線，禁止變換車道。
機車騎士：「汽車很喜歡走，機車專門騎的那裡，如果多一個方向(車道)的話，就比較方便。」
騎士樂見其成，北市機車族用路又往前一哩路，雖然說路上還是有馬路三寶，但民間團體還是繼續跟政府溝通，期待有天能暢行無阻。",2022/07/09 20:33
https://news.tvbs.com.tw/life/1838689,超級萌！　雪隧、蘇花改隧道啟用「娃娃音廣播」,"過去行經宜蘭雪隧以及蘇花改隧道，常常會聽到制式化廣播，而從昨天(7/4)開始將聽到全新的廣播，因為這路段正式啟用「娃娃音隧道廣播」，宣導交通安全，由當地幼兒園小朋友獻聲錄製，各會播放3種版本，聲音清晰又可愛，令人心情更放鬆。
小朋友廣播：「專心開車很重要，低頭族超危險，開車滑手機NONONO。」
耳邊響起廣播的聲音，但好像跟以往不太一樣充滿了童音。
幼兒園學童：「雪山隧道廣播雪山隧道廣播您即將進入宜蘭目前車流量大，請保持車距耐心駕駛。」
不斷的提醒用路人超萌的聲音，可讓大家開車不枯燥，這是宜蘭縣政府高公局公路總局與幼兒園合作特別找來小朋友獻聲錄製娃娃版廣播，手拿著講稿完全不緊張超有架式。
幼兒園學童：「我是跟老師有練習，我媽媽有幫我畫圖案還有我在家裡練習的，我是本來就看得懂字的。」
大人廣播：「雪山隧道廣播，雪山隧道速限為90公里。」
兩者同樣口齒清晰，但小朋友語調可愛令人聽了心情更放鬆。
記者vs.民眾：「還滿讓人耳目一新的啦，應該跟就是聽到的聲音跟制式的比較不一樣，應該會稍微精神集中，注意聽一下他在講什麼。」
「娃娃音隧道廣播」一共有6種版本，雪隧以及蘇花改隧道往宜蘭路段各會播放3種版本，平日每小時穿插播2至3次，一到假日雪山隧道會增加到4至6次萌音提醒用路人。",2022/07/05 12:14
https://news.tvbs.com.tw/cars/1835529,蘇花改開放大型重機有得等　民間團體開嗆：還我路權！,"儘管法規上大型重型機車路權比照小型車，但截至目前為止，僅有國道3號甲線開放大型重型機車行駛，甚至蘇花改也才剛在6月份完成試辦，獲得交通部長允諾將開放大型重機行駛。為爭取行駛高速公路的「基本權利」，國內數個重機路權團體發起「94高速公路上的乖寶寶」活動，於7月1日至7月4日3天以「依法」行駛高速公路的方式，爭取大型重型機車行駛高速公路權利。
由CMA、TMA、希望之火車友會、中華民國大型重型機車經營同業全國促進會、台灣機車路權促進會與台灣交通安全協會等機車與路權相關團體發起的「94高速公路上的乖寶寶」活動，主要因為2007年1月12日立法院通過的《道路交通管理處罰條例》第92條修法，新增排氣量550c.c.以上大型重型機車可行駛路權除交通部另有公告之外應比照小型車條文，也就是為大型重型機車行駛國道高速公路提供法源依據。
但，2011年11月的修法卻把「除交通部另有公告之外」文字改為「得依交通部公告規定之路段及時段行駛高速公路」，雖然同樣是大型重機行駛高速公路的法源，卻從原則全面開放改為正面表列開放，等於限縮了行駛範圍。
而且，自2011年11月修法完成、2012年7月公告施行之後，目前除了大多數的省道快速道路開放大型重機行駛，高速公路截至目前為止僅有國道3號甲線台北連絡道開放大型重機行駛，甚至部分省道還以「安全」為由限制大型重機上路。舉例來說，原先以「安全回家的路」為理由規劃、興建的蘇花改，2020年落成啟用後主管機關卻因為長隧道數量較多而禁止各類機車行駛，包含大型重機也不例外，一直到2021年9月才全面試辦，並在2022年6月獲得交通部長首肯，確定將全面開放大型重機行駛。
然而，國道高速公路除國道3號甲線之外卻遲遲未見其他開放路段。為此，高公局表示：「大型重機上國道的依循數據還未達標準，考量因素包括幾個道路的實際檢核、民調、地方政府意見等等，認為大型重機相關表現雖有進步但還是未優於小型車，因此不足以開放。」且表示每年民調都顯示有多達6成民眾反對重機上國道，於是傾向於保守看待，並預計於今年再次進行調查，再依調查結果決定是否要重新檢核。
針對這樣的質疑，各重機路權團體認為，經過2017年、2020年兩度「類高速公路」年度檢核，加上2021年南迴改、蘇花改開放大型重機行駛的試辦計畫，大型重型機車都寫下零A1類事故的出色成績，顯示大型重型機車並非不適合行使以高架與長隧道路段，等於是變相限縮大型重型機車路權。也因次決定在《道路交通管理處罰條例》第92條修法滿10年之際，以「依法」行駛高速公路的方式，表達對於大型重機無法行駛高速公路的不滿。
而且，就算高公局早已表示，如果7月1日至4日期間只要又大型重機騎上國道，國道公路警察局依舊會依照《道路交通管理處罰條例》規定，以大型重機未在開放路段、時段行駛國道開罰3,000元至6,000元不等罰鍰，「94高速公路上的乖寶寶」活動也並未取消。由此可見，大型重機騎士面對路權限縮已經接近「忍無可忍」，就算將面臨罰鍰也勢在必行！
延伸閱讀：
高速公路服務區電動車充電站使用數據曝光　車次最多與用電量最高都在這！
大型重機規劃7月1日上國道爭取路權！　高公局針對此事回應了
交通部長同意開放重機走蘇花改　白牌機車擬下階段開放
前車刻意煞停屬惡意行為　害重機出車禍的竟然是警車！
大型重機規劃7月1日上國道爭取路權！　高公局針對此事回應了
◎最新、最有趣的試車片都在《黃金試車組》！
◎車壇動態不漏接，按讚追蹤《地球黃金線》粉絲團！
◎錯過電視首播免驚！《地球黃金線》頻道完整看！
《疫後・重生前行》，TVBS帶您一探疫情下人生百態
高溫熱到受不了！即時溫度點這裡~ TVBS帶你看天氣！
◤旅遊優惠搶先看◢
👉
跟團玩日韓2萬有找，加贈王品餐券！
👉
台東熱氣球繫留行程，保留席搶先預約
👉
歌詩達郵輪，3人同行2人免費！
◤啟動夏日換季保養◢
👉
夏季養髮妙招  精油SPA洗潤護3部曲
👉
告別頸椎富貴包  滾珠精油舒緩緊繃
👉
夏日萬人迷  別讓擾人味嚇跑桃花運",2022/07/01 13:17
https://news.tvbs.com.tw/life/1829949,「烏岩角」新秘境　寶藍漸層海瘋玩SUP、遊艇,"位在南方澳與東澳之間的「烏岩角」，是中央山脈的起點，被導演齊柏林譽為台灣最美海灘，獨特的海岬地形，吸引不少人來玩獨木舟、SUP，從北部出發不用2小時，就能抵達，也成了水上愛好者的新秘境。
海浪輕輕拍打上岸，寶藍色的漸層海水超清澈，這裡是位在南方澳和東澳兩大海灣之間的烏岩角，天然海岬地形成為水上運動新秘境。
旅遊業者雷震洲：「那邊就是中央山脈主軸的起點叫做烏岩角，被齊柏林譽為台灣最美麗的沙灘。」
遊客；「健康啊太陽耶，不用打燈呢自然光。」
站在船頭拍美照，享受仰光灑在身上被海風吹拂的感覺，還可以來個高台跳水投入大海的懷抱。
SUP業者vs.遊客：「好這邊抓著了腳繩拉著。」
從船上搬下SUP板，準備在海上划行在海面上一字排開。
繞著海岬地形探險近距離欣賞，烏岩角的險峻岩石玩不夠還可以，沿著南澳南溪往上走。
在清涼的溪水裡，光滑的石壁就是天然溜滑梯，穿上安全裝備大人小孩都可以在炎炎夏日沁涼一下。
蘇花改開通後為花東帶來更多旅遊人潮業者摩拳擦掌抓住後疫情時代，大家渴望走進大自然，讓烏岩角成為新的探索樂園。",2022/06/25 19:42
https://news.tvbs.com.tw/politics/1829585,南方澳大橋2019斷裂釀6死　重建預計９月完工通車,"宜蘭縣南方澳跨港大橋2019年橋體斷裂坍塌釀6死，總統蔡英文承諾3年內完成橋梁重建。行政院政務委員吳澤成昨天視察南方澳大橋工程，公路總局蘇花改工程處長李宗仁提及，歷經疫情、大雨，工程一度延遲，工班努力施作，預計將如期在9月18日完工通車。
更多新聞：
23年物價變動　《採購法》公告金額擬調高為150萬
2019年10月1日上午9時30分，南方澳大橋橋面斷裂崩塌，導致橋面板、橋拱等向下掉落到南方澳漁港航道內，當時有輛油罐車正在橋上，因橋面斷裂墜落並起火燃燒，而橋下的3艘漁船也遭壓毀，導致6名船員罹難。
更多新聞：
最新民調曝！陳時中北市滿意度過半　吳子嘉：真會當選
李宗仁說，新南方澳大橋在原址重建，全長796.53公尺、橋梁595公尺，採懸臂工法不影響漁船進出，工程經費耗資8.6億元，2020年7月16日開工。他提及，施工過程面臨不少困難，當時為急著啟動重建工程，設計、調查時間緊迫，施工過程也遇到阻礙。
此外，這兩年新冠肺炎疫情嚴峻，李宗仁說，當地廠商、現場工班都從外縣市來，工作、睡覺都在一起，再加上去年10月到今年2月，下雨天數就占了110天，遇到雨勢不斷，導致出工率下降，因此在好天氣時以增加工班、延長工時方式解決，現場也提供薑茶、熱食避免施工人員身體受影響。
李宗仁形容，工人一天要換三套乾的衣服，早上、下午、晚上加班都換衣服，努力施作。由於施作時間短，若引進移工，申請時間趕不上施工時程，此工程全數採用本籍勞工；至於近期工程缺料，李宗仁表示，這兩年原物料單價確實較高，但都以符合市場行情採購。
更多新聞：
海報被貼政大校門　苗博雅追查喊遭栽贓
另外，工程進行期間，地方對於重建橋址意見不一，恐延宕重建期程，吳澤成當時蒐集地方各界意見，達成大橋原址重建之共識，也解決橋址未定問題。港務公司則定期召開會議，宜蘭縣政府、蘇澳鎮公所、蘇澳區漁會及當地居民之全力協助，使工程得以順利推動。
工程會表示，南方澳跨港大橋重建工程交通部台灣港務公司委託交通部公路總局代辦，台灣世曦股份有限公司負責設計及監造，新亞建設開發股份有限公司施工。重建橋梁採用鯖魚意象造型設計，夜間搭配景觀藝術光雕系統，並設置人行觀景平台，配合周邊道路形成一環狀道路系統，完工後將提升南方澳地區民眾之生活便利性及地區觀光發展。
高溫熱到受不了！即時溫度點這裡~ TVBS帶你看天氣！
最HOT話題在這！想跟上時事，快點我加入TVBS新聞LINE好友！
◤旅遊優惠搶先看◢
👉
跟團玩日韓2萬有找，加贈王品餐券！
👉
台東熱氣球繫留行程，保留席搶先預約
👉
歌詩達郵輪，3人同行2人免費！
◤啟動夏日換季保養◢
👉
夏季養髮妙招  精油SPA洗潤護3部曲
👉
告別頸椎富貴包  滾珠精油舒緩緊繃
👉
夏日萬人迷  別讓擾人味嚇跑桃花運",2022/06/25 11:30
https://news.tvbs.com.tw/life/1818538,重機走蘇花改王國材點頭了　白牌機車擬下階段開放,"蘇花改從2020年初通車，成為連結蘇澳和花蓮的重要路段，去年9月30日試辦開放大型重型機車行駛，普通重型白牌機車仍然只能走蘇花公路，不過蘇花公路常有落石，因此先前交通部長王國材就說過，要研擬開放一般白牌機車也能走，而今（14）日王國材鬆口，將同意開放重機走蘇花改，白牌機車也請公路總局研擬中。
蘇花公路常有落石，每當遇上連日下雨，更是危險，先前公路總局表示，當初蘇花改未規畫開放白牌機車，是因屬長隧道，且單向只有一個車道，另一個是避難車道只有在疏運期間開放大客車，不過王國材坦言舊蘇花會有落石問題，機車如果走台9丁很危險，今（14）日王國材視察汐科車站建設表示，重型機車走蘇花改至今(2022)年3月底，已經試辦了半年，行車秩序、安全部分評估都沒問題，公路總局建議直接開放重機走蘇花改，他也同意。
至於白牌機車，王國材則說，蘇花改當時的精神就是要安全，舊的蘇花公路的確對機車而言比較危險，如果白牌機車適合走在隧道，就會支持開放白牌車也走蘇花改，因此重機以外機車已經請公路總局進行下一階段研擬，可行將會開放。
最HOT話題在這！想跟上時事，快點我加入TVBS新聞LINE好友！
◤旅遊優惠搶先看◢
👉
跟團玩日韓2萬有找，加贈王品餐券！
👉
台東熱氣球繫留行程，保留席搶先預約
👉
歌詩達郵輪，3人同行2人免費！
◤啟動夏日換季保養◢
👉
夏季養髮妙招  精油SPA洗潤護3部曲
👉
告別頸椎富貴包  滾珠精油舒緩緊繃
👉
夏日萬人迷  別讓擾人味嚇跑桃花運",2022/06/14 11:57
https://news.tvbs.com.tw/life/1760165,機車族苦盼！王國材首鬆口：蘇花改研議開放大重機、白牌機車,"連結宜蘭跟花蓮重要的道路過去為蘇花公路，不過因為彎曲以及落石頻傳，後來建設蘇花改截彎取直，但卻沒有開放重型機車、普通機車通行，也就是「肉包鐵」反而要騎危險的路，交通部長王國材今（6）在交通委員會受質詢時，鬆口表示自己是贊同的，將請公路總局研議。
葉毓蘭質詢，去年9月30日試辦蘇花改大型重機騎乘已經滿三個月，對於行車安全秩序等各項指標正不正常？王回應，目前沒有聽到公總反應不正常。
葉指出自己常去蘇花改附近，開車或達成大重機，道路品質非常好，許多相親向她反應有沒有可能開放白牌重機，因為在當地來往是滿需要的，且跟原本老蘇花比更安全。
王表示，目前250c.c叫黃牌，550叫紅牌，白牌是就是一班125以上的機車，這部分要請公總研究一下，蘇花改感覺比較是一般的公路系統。
葉毓蘭強調，如果沒有在行為秩序安全上有問題的話，資源應該考慮讓全民共享交通安全建設成果。
另外八卦山隧道為何研議讓大型重機試辦通行，為何研議這麼久？王回應，這部分可能還在看蘇花改的狀況，不過自己覺得，機車如果不走蘇花改就要走台9線，本身是危險的，讓他移到安全的路自己是同意的。
至於高速公路能否開放重機的部分，王則表示「還沒準備好」，因為從國三甲評估指標來看會影響國道。
→一手掌握全球新聞脈動　歡迎下載【TVBS國際+APP】
最HOT話題在這！想跟上時事，快點我加入TVBS新聞LINE好友！
◤旅遊優惠搶先看◢
👉
跟團玩日韓2萬有找，加贈王品餐券！
👉
台東熱氣球繫留行程，保留席搶先預約
👉
歌詩達郵輪，3人同行2人免費！
◤啟動夏日換季保養◢
👉
夏季養髮妙招  精油SPA洗潤護3部曲
👉
告別頸椎富貴包  滾珠精油舒緩緊繃
👉
夏日萬人迷  別讓擾人味嚇跑桃花運",2022/04/07 11:35
https://news.tvbs.com.tw/life/1756589,你塞了嗎？中山高中部路段　均速60ｋｍ以下,"連續假期第一天，高公局預估，國道車流是年平均的1.4倍，南下更是1.6倍。彰化王田路段，早上路況曾亮紅燈，時速20公里。估計平均是60公里以下。蘇花改則是天還沒亮，清晨4點多，車流就湧現了。
清明節連續假期，車流湧上高公路，中山高中部路段，南下方向所有車道都排滿車輛，一輛接著一輛，看不到車頭車尾的火車。
八點多的即時路況，南下路況不是40公里以下的黃燈，就是紅燈，尤其王田路段還慢到20公里。
國道三隊交通組長張弘杰：「(平均)時速的話，估的話應該60公里以下，預計的話可能到達中午過後，稍微獲得一個緩解。」
國道三隊表示，不到七點就因為返鄉掃墓或出遊人潮，車多塞車，平均時數不到60公里。有小事故，但是迅速排除，車多是塞車主因。
連假第一天，交通大考驗。蘇澳地區，蘇花改，蘇澳端南下車潮，天還沒亮，就已經湧現。
起得比雞早，就是怕晚了塞車。車流清晨四點湧現，停等尾端於國五蘇澳交流道，這樣的情況，何時才能舒緩？
蘇澳分局交通組長李立平：「預估下午四點車潮才會舒緩。」
從即時影像也能看到，蘇澳服務區有綿延不絕的車隊，看不到盡頭。
高公局預估，連假首日，國道交通量為年平均的1.4倍，南下方向是1.6倍，呼籲可選擇快速道路替代，短程不要上高速公路，讓給長途使用。",2022/04/02 14:33
https://news.tvbs.com.tw/life/1750378,區間測速又出包！　定速70km收到飆138km罰單,"有民眾開車經過宜蘭蘇花改東澳隧道，幾天後卻收到「區間測速」拍到的超速罰單，說他在速限70公里的路段，飆到138公里，他向警方申訴說自己定速開70公里，沒有超速，質疑區間測速儀器是不是壞了，事後警方調出隧道前後監視器，比對時間，發現是區間測速相機出包，還給駕駛一個清白！
宜蘭蘇花改區間測速照相，限速70公里，但有民眾收到罰單，說他在東澳隧道南下，開到138公里，不只超速要開罰，還要扣牌！
PO文者重車日誌教士：「因為他說他每個禮拜都會固定行經一次，到那邊的習慣就是他都會開『定速70』，後來他昨天接到罰單，居然通知他超速到138公里，然後被扣牌。」
提出申訴，但自己沒有行車紀錄器，反遭警方回嗆。
當事人陳先生：「我沒有任何證據能力，可以去質疑他，但能夠證明的只有監視器，但是員警說調監視器，好像手續很繁雜，員警跟我講說，因為就是你要被吊扣牌照，所以你才會這麼積極。」
事後詢問臉書重車日誌粉專，PO文提醒，可能還有其他駕駛也被誤開罰單！警方證實，是區間測速儀器出問題。
宜蘭縣警局交通隊長黃文泰：「經過本隊的一個了解　很有可能是在3月9日，設備廠商更換時造成的誤觸，可能會導致儀器研判的誤差。」
交通隊比對隧道前後監視器，從時間推算車速，確定申訴駕駛當天的確沒超速，再比對當天開出的罰單，一共有六輛車被錯誤舉發！將主動撤銷罰單。
宜蘭縣警局交通隊長黃文泰：「該路段區間測速設備設置有自動除錯功能，如果時間有異常，系統會進行相關修正，維修後造成的異常，只有短暫的時間有異常。」
警方強調，當天儀器短暫出包，自動校正除錯，已經恢復正常。表明駕駛定速70公里，卻被開出138公里的罰單，純屬個案。但對駕駛來說，要不是因為經常走這段路，習慣定速經過，就不明不白的被吊扣汽車牌照六個月。",2022/03/26 13:40
https://news.tvbs.com.tw/life/1747523,空拍畫面曝光！花蓮強震　玉興橋坍塌,"花蓮強震，花蓮玉里震度達5級，受損最嚴重的就是正在進行拓寬工程的玉興橋，上週六剛完成吊梁作業，最近開始施作間隔梁工作中，受地震影響，新做完成的I型梁發生側翻及斷裂情形，而且現場確認32支預力梁，傾倒斷裂28根，也影響既有玉興橋通行，目前採改道措施，另外還有玉里的砂石場以及碾米廠都受損。
從空拍畫面看好幾處橋墩，從中間斷裂直接脫落掉到地面上，經工程段人員及廠商到現場確認，總共32支預力梁中就有28根斷裂，由於玉興橋日前正在拓寬工程，才剛剛做完成的I型橋梁就斷掉，造成玉興橋南下線側機慢車道空間受阻，目前已經啟動臨時改道措施。
蘇花改工程處副處長馬錫鈞：「不僅是我們已經損壞的新的大樑，包括舊的玉興橋我們現在暫時是封閉的，然後檢查它舊的結構有沒有受到損傷，如果沒有受到損傷那我們把損壞的這些樑，處理掉之後我們預估大概一天的時間，把它處理完，處理完這條就可以開放通車。」
大橋斷了花蓮玉里的店家和民宅也災情嚴重，雜貨店倉庫地板又濕又滑，好幾箱飲料被震得東倒西歪，玻璃瓶摔破飲料全部流出來，店內放桌上的杯子也都摔碎，老闆只能拿掃把不斷清掃，凌晨的強震嚇壞花蓮地區的居民，連瓦斯桶都倒在路邊整條街散發濃濃瓦斯味，幸好消防人員及時抵達排除危機。
花蓮居民：「我從12樓跑下來，地震2次，超害怕超害怕。」
另外砂石場也損失慘重，場內放置砂石的儲存槽以及輸送帶都已經震垮，發電機和配電箱設備被壓壞，業者初步估計得花1500萬元才能修復。
砂石場經理呂復漢：「這個儲料桶當時沙子存了差不多400噸，兩邊兩桶的話就是800噸，它壓到電線桿，那邊電線桿剛好是在那個桶子後面那邊。」
位在花蓮玉里碾米廠，鐵皮倉庫受地震影響，屋頂嚴重變形，廠內大約一千多噸的稻米衝破鐵捲門全部灑出來，工作人員只能開挖土機清除，儘管沒有人受傷但這場強震讓花蓮的夜晚很不平靜。",2022/03/23 14:14
https://news.tvbs.com.tw/local/1744885,怎跑了！蘇花改砂石車翻覆　阻交通3小時,"花蓮一名砂石車駕駛，在昨天(19)中午行經蘇花公路附近，轉彎時疑似車速過快當場翻車，駕駛竟然當場落跑，警方獲報到場封閉車道，花了3小時才排除路障，恢復通車，目前已經掌握到肇事駕駛身份，是一名30歲的男子，懷疑可能是酒駕才會心虛逃跑。
砂石車左轉準備上蘇花改，車速過快當場大甩尾，一個重心不穩翻覆在道路中間，掀起好大一陣白色煙霧，只見一名男子從駕駛座走出來，看起來毫髮無傷但他好像發現，自己忘了拿東西又折返回到車上，接著一路往前衝，穿越分隔島到對向車道，頭也不回的逃離現場。
車禍地點就在蘇花公路和平段轉彎處，砂石車橫躺佔據兩線車道，車上載的砂石全都散落一地，車輛無法通行交通受阻，警方獲報到場指揮交通，同時出動拖吊車排除路障。
試了好幾次終於將砂石車吊起來，只是滿地的砂礫和碎石頭，讓工作人員花了3小時才清除乾淨。
警方調查肇事的砂石車駕駛，19日中午從花蓮運送砂石回宜蘭，半路發生翻覆意外，造成北上車道封閉3小時才恢復通行，只是警方到場時，駕駛早就不見人影，懷疑可能酒駕才會心虛逃跑。
交通隊和仁分隊小隊長張俊龍：「警方到場立即在附近搜尋，經同仁現場搜尋仍找不到駕駛，那目前吊車及推土機現場清理，至於駕駛人身份及肇事原因，尚待警方調查釐清中。」
警方以車追人目前已經鎖定，一名30歲男子，只是不管原因造成車禍，都得先吃上肇事逃逸的罰單。",2022/03/20 13:50
https://news.tvbs.com.tw/local/1744813,疑入彎車速快！砂石車蘇花改翻　駕駛竟留爛攤落跑,"蘇花改昨（19）日中午發生大車翻覆意外，一輛砂石車由舊台9線轉彎要上蘇花改，疑似因為入彎車速過快，整台車重心不穩，左右搖晃後翻覆路中央，大量砂石頓時鋪蓋在馬路上，肇事司機自行逃出，卻並沒在第一時間報案，而是一路狂奔逃逸無蹤，警方獲報到場，先調派吊車、推土機排除現場，後續也將追查這名砂石車司機。
事發於昨日12點45分左右，該輛砂石車沿著舊台9線北往南，於145K處要左轉上蘇花改的北上車道，但疑似因為過彎車速太快，翻覆路中央。路口監視器畫面拍下，砂石車入彎後，後車斗嚴重右傾，砂石大量掉落，過不到一秒，車斗又因慣性甩了回來，把整台車往左側拉，砂石車當場翻覆在路中央，車斗內的砂石全都撒在路面，揚起大量粉塵。
翻覆沒多久，有一個人影從車內緩緩爬出，跑到安全島上查看狀況，隨後又折回車頭，疑似拿忘在駕駛座的物品，接著一路狂奔，跨過安全島和草地，消失在畫面中。警消獲報到場，苦苦找不到肇事司機，但整個馬路上都是沙土，車輛也因翻車漏油，消防隊只能先灑水以防油污起火，並加派其他吊車、砂石車到場清理路面，花了將近3小時才清理完畢。
警方也將調閱相關資料，將這名闖禍還落跑的駕駛到案說明，並釐清後續的責任歸屬以及罰則。
→烏俄戰情最前線，與你討論全球大小事！點我追蹤【TVBS國際+】
最HOT話題在這！想跟上時事，快點我加入TVBS新聞LINE好友！
◤旅遊優惠搶先看◢
👉
跟團玩日韓2萬有找，加贈王品餐券！
👉
台東熱氣球繫留行程，保留席搶先預約
👉
歌詩達郵輪，3人同行2人免費！
◤啟動夏日換季保養◢
👉
夏季養髮妙招  精油SPA洗潤護3部曲
👉
告別頸椎富貴包  滾珠精油舒緩緊繃
👉
夏日萬人迷  別讓擾人味嚇跑桃花運",2022/03/20 10:25
https://news.tvbs.com.tw/local/1726722,還跑！趁連假「偷電纜」　蘇花改撒警網逮捕,"又有人偷電纜線！花蓮員警今天(27)上午獲報，有人在仁水隧道南端偷電纜線，立刻兵分三路，在蘇花改南北端部屬大批警網，先是在匯德隧道附近逮到主嫌，沿路再逮到共四車六人，原來他們專偷大型工程的電纜，而且這些纜線是隧道內排風設備主要電線。
警方獲報立刻趕往蘇花改一路追追追。
員警：「他們要往仁水北口了，他們走舊路，一台小貨車它沒有前後車牌。」
一輛貨車及黑色轎車，不顧花蓮仁水隧道前有工程人員擋住，先是衝出安全通道(從安全通道衝撞逃逸，接著貨車為了躲避追捕在隧道中還一度逆向，最後駕駛自知逃不了棄車跑給員警追但還是被逮，不過還沒完。
員警：「下來！」
接著員警又在另一頭觀音隧道及澳花管制站逮到共犯，嫌犯幾乎逃竄在蘇花改南北端，員警這麼大陣仗部屬警網，原來就是有這幫竊盜集團盯上電纜線。
花蓮縣警局長戴崇賢vs.刑大隊長郭有志：「查扣到這些公路總局行控中心發現，多名遭竊的電纜線，這些上百公斤有喔。」
遭竊的電纜線都可以捆成好幾捲！就在27日上午快九點，竊盜集團趁連假期間人潮擁擠，前往花蓮仁水隧道南端偷電纜，警方獲報後立刻兵分三路，在蘇花改南北端部屬警網，主嫌劉姓男子先是開著貨車逃往花蓮方向，最後棄車在匯德隧道停車場，剩下的共犯則往北逃，員警最後共逮四車6人。
新城分局偵查隊長駱貞輝：「大約是五百米左右，市值是大概新台幣10多萬，但是復工的費用則無可估計，本案依竊盜罪移送花蓮地檢署偵辦。」
偷竊地點不是一般行車道路，而是隧道裡的安全通道因為最近烏俄大戰金價隨之飆漲，這幫人偷的也是較貴的紅銅線！專門用於火災時排風設備供電用。
而且車上不只有電線還有毒品，警方懷疑他們以大型工程為目標，為了維護用路人安全，將擴大偵辦向上溯源。",2022/02/27 20:28
https://news.tvbs.com.tw/life/1725903,全台連假好天氣！　北市動物園熱鬧、爸媽遛小孩,"3天連假您有安排去哪走走嗎？出門上路前「路況」是個大問題！蘇花改清晨5點半，車就很多，國道光在假期第一天上午就有5個路段紫爆，車速不到20公里，各地這麼塞，是因為連假3天都是好天氣，北部久違的陽光，很多爸媽也起了大早出門「遛小孩」。
民眾vs.記者：「(你今天開心嗎)，開心，(哇你正在看什麼)，紅鶴，(你還想要看什麼小動物)，我喜歡大象，(大象那企鵝呢)，企鵝我也喜歡。」
這個周末迎接大家的是3天連假，還有好久不見的陽光，台北市立動物園一早熱鬧到不行。
民眾vs.記者：「(下雨好多天了喔)，就是啊都發霉了。」
阿公阿嬤開心帶孫子來動物園，還有很多爸媽今天也趁好天氣遛小孩。
民眾vs.記者：「(是因為天氣好特別出來走走嗎)，是的帶2個。」
久違豔陽晴天，連貓熊館2隻貓熊，都大方坐戶外邊啃竹子邊見客，3天228連假別急，大致上都是好天氣，第一天連基隆太陽都露臉，全台降雨機率低，頂多東半部因為偏東風，偶爾有些小雨，禮拜日北部受到弱東北季風影響，低溫大約14度，中南部變化不大，到了晚上迎接連假第三天，全台明顯回溫，北部白天能到26度，中部25度，南部甚至28度，東半部也在24至26度，西半部要多注意清晨輻射冷卻的低溫，還有濃霧！
機場廣播：「搭乘立榮航空9102班次。」
一早氣象局發布濃霧低雲特報，澎湖機場光在8點45之前，就有3個航班因為低雲幕取消，影響205名旅客，還有開車上路也要注意車況。
清晨5點的蘇花改，員警已經出動指揮，南下往花東車潮已經有長長一排，上午7至8點甚至車流就已經回堵2.5公里，往東部走，除了塞車，國道五號26至27日上午6點至中午12點，南港系統南下實施高乘載管制，北上則從27日到28日的下午2點到晚間9點開始，還有國1和國3也因為天氣好，一早各地出現出遊車潮，上午不到10點就至少5個路段紫爆，國1南下南屯到王田、湖口到新竹，國3大溪到高原、鶯歌到大溪、中投到霧峰，時速都一度低於20公里，出門盡量避開。",2022/02/26 14:01
https://news.tvbs.com.tw/cars/1725795,蘇花改用路人注意！　花蓮2隧道將開始「區間測速」,"【記者高志宏報導】台9線蘇花公路山區路段改善計畫，簡稱「蘇花改」，其中位於花蓮縣境內的「中仁隧道」及「仁水隧道」建置區間平均速率執法設備，前些陣子通過資安檢測作業，已經符合交通部資安規範，將於2022年2月26日8時起恢復執法。
蘇花改在2020年1月6日全線通車正式全線通車，全線分為三段，蘇澳-東澳、南澳-和平、和中-大清水。 近年來，進入花蓮縣境內車流量逐年增加，為了車輛行駛於隧道內的安全，避免超速行駛導致發生交通事故，花蓮縣警察局於轄內蘇花改中仁隧道及仁水隧道建置區間測速設備，將於2月26日8點起開始執法。
花蓮縣警察局表示，該執法設備已經通過經濟部標準檢驗局檢驗合格，為符合資訊安全需求，委由（TAF）認證第三方資安實驗室檢定，於2月18日通過資安檢測作業，符合交通部資安規範，並經過花蓮縣政府核定恢復執法。花蓮縣警察局提醒，蘇花改中仁隧道速限70km/h，蘇花改仁水隧道速限50km/h，用路人應依速限行駛。
花蓮縣於台9丁線，舊蘇花路段59.5K至64K處，位於花蓮秀林鄉和平村的和中部落，近5公里路段區間平均限速40km/h。區間測速已於1月29日上午8時開始執法，啟用執法後統計至2月18日,共取締超速違規計429件。該路段2022年1月1日起至1月28日啟用前，共發生1件A1事故及2件A2事故，1月28日開始執法後至2月18日未發生交通事故，顯見區間測速出現成效。 花蓮縣警察局並表示，科技執法是以影像分析違規態樣，客觀公正執法，有效維護道路順暢及通行安全，減少警力浪費並降低交通事故。
延伸閱讀：
交通部拍板區間測速「資安」檢驗辦法　全台區間測速通過檢測即有望全面回歸
車牌塗反光液檢舉成功！ 網友分享：「測速照相防不了 還可能被開罰單」
又一雲豹裝甲車擦撞小客車事故！　1個月內發生3起會不會太頻繁了？
◎
最新、最有趣的試車片都在《黃金試車組》！
◎車壇動態不漏接，按讚追蹤《地球黃金線》粉絲團！
◎錯過電視首播免驚！《地球黃金線》頻道完整看！
最HOT話題在這！想跟上時事，快點我加入TVBS新聞LINE好友！
掌握即時路況！閃過國道塞車地雷路段
◤旅遊優惠搶先看◢
👉
跟團玩日韓2萬有找，加贈王品餐券！
👉
台東熱氣球繫留行程，保留席搶先預約
👉
歌詩達郵輪，3人同行2人免費！
◤啟動夏日換季保養◢
👉
夏季養髮妙招  精油SPA洗潤護3部曲
👉
告別頸椎富貴包  滾珠精油舒緩緊繃
👉
夏日萬人迷  別讓擾人味嚇跑桃花運",2022/02/26 11:39
https://news.tvbs.com.tw/life/1722707,快訊／開車族注意！北宜、蘇花改區間測速3/1啟用,宜蘭縣府警察局公告，台9線北宜公路、蘇花改東澳隧道、觀音隧道及谷風隧道等4處，已設置區間測速設備，將在3月1日起正式啟用。台9線北宜公路26.2到32.2公里路段，限速為60公里；蘇花改東澳隧道、觀音隧道及谷風隧道線速70公里。請民眾行經路段時，注意遵守交通規則。,2022/02/23 08:54
https://news.tvbs.com.tw/life/1722532,228連假國5高乘載時間出爐　宜花加開列車資訊一次看,"二二八連假即將到來，宜蘭縣政府交通處今天預估，3天連假期間將有大量返鄉及出遊人潮，國道5號車流量介於6萬6000至7萬輛次，蘇花改則為1萬8000至2萬輛次。
根據交通處資料顯示，去年二二八連假國道5號交通量為7萬100輛次，預估今年26日至28日3天連假車流量為6萬6000至7萬輛次，而蘇花公路山區路段改善計畫（蘇花改），去年二二八連假為1萬8927輛次，今年預估介於1萬8000至2萬輛次。
交通處指出，國5南下於26日和27日清晨6時至中午12時實施高乘載管制，北上則在27日和28日下午2時至晚間9時實施高乘載管制；26日至28日每天凌晨0時至清晨5時全線雙向暫停收費，凌晨0時至中午12時，封閉國5石碇及坪林南向入口，宜蘭至頭城北上路段機動開放路肩。
此外，蘇花改壅塞時，將在海山西路增加往花蓮的次要疏導路線；至於蘇花路廊21噸以上大貨車通行管制部分，26日清晨5時至下午3時、27日上午7時至11時、28日中午12時至晚間6時，禁止雙向通行，以維持連假期間車流順暢。
有關大眾運輸部分，台鐵26日至28日加開樹林－花蓮優惠復興號6班，台北到宜蘭票價新台幣100元，台北到花蓮票價200元，縣府並安排景點接駁公車「紅綠線」串聯宜蘭各大旅遊景點，「紅綠線」尖峰時段班距30分鐘，離峰班距40至60分鐘。（中央社）
最HOT話題在這！想跟上時事，快點我加入TVBS新聞LINE好友！
掌握即時路況！閃過國道塞車地雷路段
◤旅遊優惠搶先看◢
👉
跟團玩日韓2萬有找，加贈王品餐券！
👉
台東熱氣球繫留行程，保留席搶先預約
👉
歌詩達郵輪，3人同行2人免費！
◤啟動夏日換季保養◢
👉
夏季養髮妙招  精油SPA洗潤護3部曲
👉
告別頸椎富貴包  滾珠精油舒緩緊繃
👉
夏日萬人迷  別讓擾人味嚇跑桃花運",2022/02/22 21:05
https://news.tvbs.com.tw/cars/1720896,用路人注意！蘇花改兩隧道區間測速設備26日啟用,"台9線蘇花公路山區路段改善計畫，簡稱「蘇花改」，其中位於花蓮縣境內的「中仁隧道」及「仁水隧道」建置區間平均速率執法設備，前些陣子通過資安檢測作業，已經符合交通部資安規範，將於2022年2月26日8時起恢復執法。
蘇花改在2020年1月6日全線通車正式全線通車，全線分為三段，蘇澳-東澳、南澳-和平、和中-大清水。 近年來，進入花蓮縣境內車流量逐年增加，為了車輛行駛於隧道內的安全，避免超速行駛導致發生交通事故，花蓮縣警察局於轄內蘇花改中仁隧道及仁水隧道建置區間測速設備，將於2月26日8點起開始執法。
花蓮縣警察局表示，該執法設備已經通過經濟部標準檢驗局檢驗合格，為符合資訊安全需求，委由（TAF）認證第三方資安實驗室檢定，於2月18日通過資安檢測作業，符合交通部資安規範，並經過花蓮縣政府核定恢復執法。花蓮縣警察局提醒，蘇花改中仁隧道速限70km／h，蘇花改仁水隧道速限50km／h，用路人應依速限行駛。
花蓮縣於台9丁線，舊蘇花路段59.5K至64K處，位於花蓮秀林鄉和平村的和中部落，近5公里路段區間平均限速40km/h。區間測速已於1月29日上午8時開始執法，啟用執法後統計至2月18日,共取締超速違規計429件。該路段2022年1月1日起至1月28日啟用前，共發生1件A1事故及2件A2事故，1月28日開始執法後至2月18日未發生交通事故，顯見區間測速出現成效。 花蓮縣警察局並表示，科技執法是以影像分析違規態樣，客觀公正執法，有效維護道路順暢及通行安全，減少警力浪費並降低交通事故。
◎
最新、最有趣的試車片都在《黃金試車組》！
◎車壇動態不漏接，按讚追蹤《地球黃金線》粉絲團！
◎錯過電視首播免驚！《地球黃金線》頻道完整看！
最HOT話題在這！想跟上時事，快點我加入TVBS新聞LINE好友！
掌握即時路況！閃過國道塞車地雷路段
◤旅遊優惠搶先看◢
👉
跟團玩日韓2萬有找，加贈王品餐券！
👉
台東熱氣球繫留行程，保留席搶先預約
👉
歌詩達郵輪，3人同行2人免費！
◤啟動夏日換季保養◢
👉
夏季養髮妙招  精油SPA洗潤護3部曲
👉
告別頸椎富貴包  滾珠精油舒緩緊繃
👉
夏日萬人迷  別讓擾人味嚇跑桃花運",2022/02/21 11:07
https://news.tvbs.com.tw/local/1719882,花蓮蘇花改隧道區間測速  2月26日正式啟用,"花蓮縣境內蘇花改中仁隧道及仁水隧道建置區間平均速率執法設備，通過資安檢測作業，已經符合交通部資安規範，將於2月26日8時起恢復執法。
蘇花改在2020年1月6日全線通車正式全線通車，其全名為蘇花公路山區路段改善計畫。全線分為三段，蘇澳-東澳、南澳-和平、和中-大清水。
近年來，進入花蓮縣境內車流量逐年增加，為了車輛行駛於隧道內的安全，避免超速行駛導致發生交通事故，花蓮縣警察局於轄內蘇花改中仁隧道及仁水隧道建置區間測速設備，將於2月26日8點起開始執法。
花蓮縣警察局表示，該執法設備已經通過經濟部標準檢驗局檢驗合格，為符合資訊安全需求，委由（TAF）認證第三方資安實驗室檢定，於2月18日通過資安檢測作業，符合交通部資安規範，並經過花蓮縣政府核定恢復執法。花蓮縣警察局提醒，蘇花改中仁隧道速限70公里/小時，蘇花改仁水隧道速限50公里/小時，用路人應依速限行駛。
花蓮縣於臺9丁線即舊蘇花路段59.5K至64K處，位於花蓮秀林鄉和平村的和中部落，近5公里路段區間平均限速每小時40公里。區間測速已於1月29日上午8時開始執法，啟用執法後統計至2月18日,共取締超速違規計429件。該路段111年1月1日起至1月28日啟用前,共發生1件A1事故及2件A2事故，1月28日開始執法後至2月18日未發生交通事故，顯見區間測速出現成效。
花蓮縣警察局並表示，科技執法是以影像分析違規態樣，客觀公正執法，有效維護道路順暢及通行安全，減少警力浪費並降低交通事故。.
最HOT話題在這！想跟上時事，快點我加入TVBS新聞LINE好友！
掌握即時路況！閃過國道塞車地雷路段
◤旅遊優惠搶先看◢
👉
跟團玩日韓2萬有找，加贈王品餐券！
👉
台東熱氣球繫留行程，保留席搶先預約
👉
歌詩達郵輪，3人同行2人免費！
◤啟動夏日換季保養◢
👉
夏季養髮妙招  精油SPA洗潤護3部曲
👉
告別頸椎富貴包  滾珠精油舒緩緊繃
👉
夏日萬人迷  別讓擾人味嚇跑桃花運",2022/02/19 15:52
https://news.tvbs.com.tw/life/1708782,花蓮警不畏天寒風雨疏導交通　鄉代深夜暖送熱咖啡,"春節連假大批人潮湧入花東，自駕車取道蘇花改造成壅塞，新城警分局員警疏導交通不畏天寒風雨，秀林鄉和平村長及鄉代深夜送上熱咖啡到員警站崗處表達感謝，也溫暖人心。
農曆正月初三至初五蘇花公路出現北返車潮，花蓮縣警察局新城分局在崇德地區設置管制站，主要在崇德地區路幅由4線道縮減為單線車道；另台9線145公里和平段也是一瓶頸處，均派出警力分流車輛，維持交通順暢。
由於壅塞情形持續到深夜，員警不論下雨或寒風中依然堅守崗位，直至深夜車輛較少時才返回派出所休息。
秀林鄉和平村代理村長林嘉文及秀林鄉民代表王則元昨晚特別帶著熱咖啡來到台9線145公里處，讓執勤員警溫暖身心，同時表達謝意。
二人都表示，和平所員警春節連續假期間，不管風雨或寒冷天候，現場堅守崗位指揮交通，提供民眾一個安全且順暢道路環境，因此特別來慰勞員警辛勞。（中央社）
最HOT話題在這！想跟上時事，快點我加入TVBS新聞LINE好友！
掌握即時路況！閃過國道塞車地雷路段
◤旅遊優惠搶先看◢
👉
跟團玩日韓2萬有找，加贈王品餐券！
👉
台東熱氣球繫留行程，保留席搶先預約
👉
歌詩達郵輪，3人同行2人免費！
◤啟動夏日換季保養◢
👉
夏季養髮妙招  精油SPA洗潤護3部曲
👉
告別頸椎富貴包  滾珠精油舒緩緊繃
👉
夏日萬人迷  別讓擾人味嚇跑桃花運",2022/02/06 17:23
https://news.tvbs.com.tw/local/1699946,在挑釁？中仁隧道行車糾紛　超車又急煞　敲窗理論被噴辣水,"因為覺得對方超車又急煞是在挑釁，雙方駕駛氣到下車理論！事發在蘇花改中仁隧道，日前一名許姓駕駛，疑似看到一輛砂石車要準備出地磅站，趕緊超車切進隧道、還急踩煞車。結果被後方駕駛看到，認為對方在挑釁，就與其他兩名乘客下車找他理論，結果卻被噴辣椒水。
員警vs.駕駛：「我開進來，他就不減速，好好講，好好講，那是他的說詞，我紅燈起步，他馬上給我剪過來，剪過來以後就把我踩煞車。」
雙方火氣好大，站在隧道內，你一言我一語，互不相讓。
講到一半，年輕男子氣不過，伸手就往婦人身上推。
員警vs.駕駛：「你不要把警察當塑膠我跟你講，在場你在那邊給我大聲，還要動手。」
員警看到趕緊制止，最怕會有更大衝突。
事發在12日下午五點多，一名林姓駕駛，在蘇花改中仁隧道外，疑似突然看到前方地磅站的，一輛砂石車準備出站，趕緊切進隧道急踩煞車。
而後方許姓駕駛認為對方超車又煞車，感覺很挑釁，連同車上兩名女子，下車敲窗要跟對方理論，結果卻被噴辣椒水，氣到報警處理。
員警到場，眼看兩人火氣越來越大，馬上隔開兩人。
駕駛：「拍謝，拍謝。」
經過員警勸說，雙方終於冷靜下來，握手言和，也互不提告，各自離開。
因為開車只看到車前狀況，容易產生誤會，兩人直接在隧道內大聲互嗆，還一度互相推擠，幸好冷靜過後，和解離開，結束這場行車糾紛。
《TVBS》提醒您：
◎拒絕暴力 請撥打110
◎反霸凌專線：0800-200-885
◎法律扶助基金會：(02)412-8518",2022/01/25 12:50
https://news.tvbs.com.tw/life/1679789,收假了！返家車潮湧現　蘇花改、南迴、西濱4處省道易塞,"今天是元旦連假最後一天，交通部公路總局預估各地上午10時將出現返家車潮，蘇花改、南迴及西濱等多處省道路段易塞車。
公路總局發布新聞稿，預估今天較壅塞的省道路段，包括：台1線縱貫公路屏東水底寮路段、台9線蘇花路廊路段、台9線南迴公路（尤其是屏東麻里巴橋路段）、台61線西濱公路鳳鼻至香山路段，提醒用路人提早出發。
公路總局表示，已規劃省道路段替代道路，用路人可遵循沿線指示標誌行駛，多加利用幸福公路App、CMS及警廣，獲得壅塞路況與旅行時間資訊。（中央社）
最HOT話題在這！想跟上時事，快點我加入TVBS新聞LINE好友！
即時路況！點我閃過國道塞車地雷路段
◤旅遊優惠搶先看◢
👉
跟團玩日韓2萬有找，加贈王品餐券！
👉
台東熱氣球繫留行程，保留席搶先預約
👉
歌詩達郵輪，3人同行2人免費！
◤啟動夏日換季保養◢
👉
夏季養髮妙招  精油SPA洗潤護3部曲
👉
告別頸椎富貴包  滾珠精油舒緩緊繃
👉
夏日萬人迷  別讓擾人味嚇跑桃花運",2022/01/02 10:55
https://news.tvbs.com.tw/local/1679520,環島路況不熟！3自行車騎士誤闖蘇花改　警依法開罰,"宜蘭警方表示，3名自行車環島騎士今天因路況不熟，誤闖蘇花公路改善路段，員警已依道路交通管理處罰條例開罰，可處新台幣300元以上、600元以下罰鍰。
警方表示，蘇花改沿線禁止騎乘自行車，但上午9時獲報，蘇花改觀音與谷風隧道內，有3名騎士由南往北騎乘，東澳派出所員警隨後前往攔查。
這3名騎士向警方供稱，因外出環島路況不熟，因此誤闖蘇花改。
宜蘭縣政府警察局蘇澳分局表示，這3名騎士違反道路交通管理處罰條例，已依法開罰。（中央社）
最HOT話題在這！想跟上時事，快點我加入TVBS新聞LINE好友！
即時路況！點我閃過國道塞車地雷路段
◤旅遊優惠搶先看◢
👉
跟團玩日韓2萬有找，加贈王品餐券！
👉
台東熱氣球繫留行程，保留席搶先預約
👉
歌詩達郵輪，3人同行2人免費！
◤啟動夏日換季保養◢
👉
夏季養髮妙招  精油SPA洗潤護3部曲
👉
告別頸椎富貴包  滾珠精油舒緩緊繃
👉
夏日萬人迷  別讓擾人味嚇跑桃花運",2022/01/01 18:43
https://news.tvbs.com.tw/life/1678625,連假首日！國道交通量增5%　王國材：比去年順暢很多,"今天是元旦連假首日，交通部長王國材上午視察高公局交控中心後表示，國道交通大致順暢。路況預報員說，交通量較去年同期增加5%，其中國道5號壅塞情形預計持續到下午4時。
王國材上午到交通部高速公路局北區交通控制中心視察後接受媒體聯訪時表示，國道從昨天到今天有2起車禍，新竹系統、彰化、國道5號有短暫壅塞，但今年比去年同期順暢很多。
他並指出，國道今年有幾項重要建設，包括國道1號彰化至員林段雙向增加各1車道、國1五楊高架道路增加楊梅休息區等，幾個瓶頸路段今年看起來狀況都不錯。
此外，王國材表示，高公局、交通部公路總局在蘇花改及西濱的交通資訊聯繫也做得不錯。
高公局路況預報員游衣芸接受媒體聯訪表示，今天交通量較去年同期增加5%，下午南向將出現壅塞情形，連假第1、2天南下建議下午出發，第2、3天北上建議上午出發。
游衣芸說，國5今天壅塞情形預計從清晨5時持續到下午4時，南下民眾建議使用大眾運輸工具、避開壅塞路段及時段，或使用台9線替代道路。（中央社）
最HOT話題在這！想跟上時事，快點我加入TVBS新聞LINE好友！
即時路況！點我閃過國道塞車地雷路段
◤旅遊優惠搶先看◢
👉
跟團玩日韓2萬有找，加贈王品餐券！
👉
台東熱氣球繫留行程，保留席搶先預約
👉
歌詩達郵輪，3人同行2人免費！
◤啟動夏日換季保養◢
👉
夏季養髮妙招  精油SPA洗潤護3部曲
👉
告別頸椎富貴包  滾珠精油舒緩緊繃
👉
夏日萬人迷  別讓擾人味嚇跑桃花運",2021/12/31 14:17
https://news.tvbs.com.tw/life/1678612,連假首日！國五、國一恐塞到下午4點　桃園以南迎曙光機率高,"元旦連假第一天，很多民眾早起出遊！不過得要多留意路況，因為蘇花改清晨五點多，就湧入車潮塞了快4公里。另外國五從清晨五、六點，國一從早上七點開始，也出現出現車多壅塞情形，預計下午四點之後，才會逐漸舒緩。而想要迎接曙光的民眾，最早可以在6點32分離島蘭嶼，就可以看到，但是大台北、花東和三仙台等地，因為受到東北季風影響，看到曙光機率比較小。
轎車依序排隊，準備進入蘇澳隧道，元旦連假第一天，蘇花路廊從清晨5點多就湧入車潮，還塞了快4公里，員警一早就定位擺放角錐，指揮交通希望能紓解車流，10點之後才會逐漸趨緩。
公路總局第四區金岳工務段段長張芯瑋：「目前車多的路段，是集中在台9線的箕山橋，到我們蘇花改的蘇澳端，平均車速是在40公里左右，其他路段屬於順暢，平均時速50到60公里。」
而不只有蘇花改湧入大量車潮，國五南下南港系統至頭城路段，從早上五、六點就開始出現車多壅塞情形，時速不到40公里，預估到下午四點後才會逐漸舒緩，而國一北向員山至大華系統，以及國一南下楊梅至新竹路段，從早上七點之後也是車多，顯示紅通通，恐怕也得到下午四點之後，才不會塞塞塞。
高公局預報員游衣芸：「如果是第一二日需要南下的民眾，可以多使用下午時段出發，如果是第二三日需要北返的民眾，可以多利用上午時段出發，並且可利用台61來替代國1國3，以及台9替代國5。」
民眾一早趕出門，除了準備跨年狂歡，也想迎接新年曙光。
這是30日拍攝到的龜山島日出美景，2021倒數，而如果想要迎接2022曙光，氣象局表示，最早時間是在離島蘭嶼，早上6點32分就可以看到，另外本島部分則是在，屏東恆春龍坑早上6點35分。
但就怕天氣不好有日出也看不到，根據氣象局公布的曙光機率顯示，桃園以南看到機率最高，尤其是在中南部阿里山，另外在金門澎湖見到曙光的機率也是非常高，不過在大台北花東三仙台等地方，因為受到東北季風影響，看到曙光的機會較小，而跨年夜到元旦清晨氣溫偏涼，北部低溫14至15度左右，新竹以南11至12度，民眾外出注意保暖。",2021/12/31 13:07
https://news.tvbs.com.tw/life/1678435,連假首日遊客多！蘇花改湧南下車潮　預估午後紓解,"元旦連假第一天，蘇花公路改善路段從清晨5時30分起湧現南下車潮，蘇澳端一度回堵約3.5公里到蘇澳市區，預估中午過後才會紓解。
元旦連假前往花東旅遊的遊客多，蘇澳警方今天清晨5時天色未亮時，就在蘇花改蘇澳入口處執行交通疏導勤務。
警方表示，蘇花改蘇澳端南下車潮於清晨5時30分開始湧現，已在蘇花改沿線路段規劃警力及義交人員，加強交通疏導，並編排交通快打警力，即時事故排除，呼籲用路人行經蘇花改路段時，在安全不違規情況下，適時提高車速，勿刻意拉長車距，以維持行車順暢。
宜蘭縣政府表示，人氣景點清水地熱遊憩區上午8時50分250個停車位就已停滿，立即啟動停車場總量管制，採車輛一出一進，呼籲遊客耐心等候。（中央社）
最HOT話題在這！想跟上時事，快點我加入TVBS新聞LINE好友！
即時路況！點我閃過國道塞車地雷路段
◤旅遊優惠搶先看◢
👉
跟團玩日韓2萬有找，加贈王品餐券！
👉
台東熱氣球繫留行程，保留席搶先預約
👉
歌詩達郵輪，3人同行2人免費！
◤啟動夏日換季保養◢
👉
夏季養髮妙招  精油SPA洗潤護3部曲
👉
告別頸椎富貴包  滾珠精油舒緩緊繃
👉
夏日萬人迷  別讓擾人味嚇跑桃花運",2021/12/31 11:04
https://news.tvbs.com.tw/life/1678116,超萌蘇花改廣播！奶音念台語　融化駕駛心,"超萌廣播上線啦！蘇花改推出「童聲版」隧道廣播，濃濃奶音摻雜著台語，讓不少民眾直呼「好萌！」，因為塞車煩悶的心情一掃而空！其實也是要讓駕駛打起精神，因為三天連假，預估國道會湧現大量車潮。像今天(12/30)下午國道五號石碇到坪林路段，時速只有32公里，恐怕會塞到半夜。明天跨年夜，南向南港系統到頭城路段，則可能從凌晨塞到下午！
蘇花改廣播：「各位叔叔阿姨您好，歡迎進入蘇花改隧道，提醒您收聽FM101.3，行車輕輕鬆鬆，公路總局第四區養護工程處，祝您行車平安。」
超萌奶音還撂台語，蘇花改推出的童聲版廣播，每10分鐘播1次，就是要讓塞在車陣的駕駛不杜辜。
民眾：「塞車很煩躁的時候，聽到這麼可愛的聲音，其實是會心情比較愉悅一點。」
民眾：「會特別想要注意聽，因為那個不是一般，我們聽到的廣播的人講。」
真的得打起精神因為連假車潮沒在開玩笑，假期都還沒開始國五石碇到坪林紅通通一片，時速只有32公里越晚越塞。
高公局預報員高公局預報員許文瑜：「在國五南向南港系統到頭城路段，預計在明天(12/31)早上五點，到下午四點都會有車多壅塞的情形。」
若是宜蘭到坪林路段，高公局預估1日元旦下午1點開始，就要做好也會塞到半夜的準備，不過除了車況也要注意隨身行李。
在台鐵池上站30日下午兩點多，發生返鄉小插曲，旅客背包行動電源突然起火把包包都燒破一個洞，還好馬上就用滅火器撲滅，沒有人受傷但也造成列車延誤2分鐘。
民眾把握3天假期出遊，可以參考行駛替代道路才不會假期都塞在路中央。",2021/12/30 19:18
https://news.tvbs.com.tw/local/1669577,蘇花改追撞事故5車6人傷　午後恢復通行,"1輛休旅車今天中午行經蘇花公路改善路段蘇澳隧道北上出口時，疑因路滑，追撞前方4輛汽車，造成6人輕傷。蘇花改東澳端北上車道一度封閉，下午1時40分恢復正常通行。
警方表示，中午12時18分獲報，蘇花改蘇澳隧道北上出口發生5部車輛追撞交通事故。經初步了解，27歲陳姓男駕駛當時準備駛出蘇澳隧道北上路段時，疑因隧道內雨水路滑，不慎追撞前方4輛停等紅燈的自小客車。
警方指出，這起事故共造成6人輕傷（2名駕駛、4名乘客），送往羅東博愛醫院就醫，駕駛酒測值均為零，事故現場拖吊與清除作業於下午1時32分完畢。
公路總局第4區養護工程處交通管理及控制中心主任陳國正向中央社記者表示，事發後，蘇花改蘇澳到東澳段北上車道一度全線封閉，回堵約3.5公里，約下午1時40分恢復正常通車。（中央社）
最HOT話題在這！想跟上時事，快點我加入TVBS新聞LINE好友！
TVBS新聞網2021年度10大新聞
◤旅遊優惠搶先看◢
👉
跟團玩日韓2萬有找，加贈王品餐券！
👉
台東熱氣球繫留行程，保留席搶先預約
👉
歌詩達郵輪，3人同行2人免費！
◤啟動夏日換季保養◢
👉
夏季養髮妙招  精油SPA洗潤護3部曲
👉
告別頸椎富貴包  滾珠精油舒緩緊繃
👉
夏日萬人迷  別讓擾人味嚇跑桃花運",2021/12/25 17:11
https://news.tvbs.com.tw/local/1669446,疑天雨路滑釀禍！蘇花改5車連撞　後方車流一度回堵4K,"宜蘭台9線蘇花改往蘇澳方向今（25）日中午12點16分發生連環車禍，現場5台汽車於往蘇花改蘇澳路段的隧道出口撞成一團，導致該路段全線封閉，後方車流塞在隧道內動彈不得，甚至一度回堵4公里，而這起連環車禍也一共造成6人輕傷送醫，至於詳細肇事原因和責任歸屬目前仍在釐清，而該路段也在事發後一個多小時恢復通車。
事發於台9線蘇花改蘇澳隧道的北上車道，今日中午12點16分，一名27歲的陳姓男子開的灰色休旅車疑似因為路面潮濕，在隧道內打滑失控，撞上前方停等紅燈的多輛轎車，最後再衝撞隧道口外側的護欄才完全停下，而這一撞也導致其他4輛轎車無辜遭受波及，首當其衝的白色轎車更慘，車尾被撞得體無完膚，車燈、後擋風玻璃嚴重破損。整起事故也造成該路段全線封閉，導致後方車流嚴重回堵在隧道內，車陣長達4公里，警方緊急調派拖吊車輛進行排除，並於下午1點半左右恢復通車。
整起事故一共造成2名駕駛以及4名乘客受傷，還好傷勢皆屬輕微，1名乘客和肇事的陳男做完筆錄後自行前往醫院就醫，其他3名乘客和另1名駕駛則被送往羅東博愛醫院救治，皆無生命危險。警方對肇事的陳男以及在場的駕駛進行酒測，並無發現酒駕情勢，初步判定為天雨路滑所致，至於是否有機械故障或是其他原因，還有待調查釐清。
最HOT話題在這！想跟上時事，快點我加入TVBS新聞LINE好友！
TVBS新聞網2021年度10大新聞
◤旅遊優惠搶先看◢
👉
跟團玩日韓2萬有找，加贈王品餐券！
👉
台東熱氣球繫留行程，保留席搶先預約
👉
歌詩達郵輪，3人同行2人免費！
◤啟動夏日換季保養◢
👉
夏季養髮妙招  精油SPA洗潤護3部曲
👉
告別頸椎富貴包  滾珠精油舒緩緊繃
👉
夏日萬人迷  別讓擾人味嚇跑桃花運",2021/12/25 13:17
https://news.tvbs.com.tw/local/1669444,快訊／五車連撞！蘇花改往蘇澳出口　全線暫時封閉,宜蘭蘇花改往蘇澳出口，在12點多發生了五車車禍，有四人輕傷送醫，目前全線暫時封閉，請用路人注意。,2021/12/25 13:15
https://news.tvbs.com.tw/life/1660792,逃不了！科技執法車牌辨識　抓欠罰鍰車主,"別以為積欠國家稅務、罰鍰，不繳錢也沒事！因為行政執行署聯合警方，12月開始在蘇花改試辦，車牌辨識系統的科技執法，如果有未繳納國家稅務或罰鍰的車牌，就會在系統上發出警示聲，接著員警和執行官會上前攔查，駕駛現場如果沒錢繳納就會被查扣車輛。
員警vs.駕駛：「在做一個欠費執行的攔查，麻煩你先熄火。」
被攔下駕駛嚇到一開始還不知道發生什麼事，原來他是積欠罰鍰。
法務部執行署花蓮分署執行官邱俊諭：「一但發現這些被鎖定車輛，本分署執行人員會立即會同警方查扣，督促義務人繳清案款。」
這個科技執法，是行政執行署聯合警方，12月開始在蘇花改進行車牌辨識系統，只要經過車輛，有未繳納國家稅務或罰鍰，就會發出警示聲，接著警方和執行官會上前攔查，現場如果沒錢繳納，就會被查扣車輛，也是全國試辦第一次。
同一天就有兩個人被逮正著，一名陳姓男子因為超速被罰，還欠了健保費一共7萬8000元，10日下午2點多開著休旅車準備出遊，沒想到經過蘇花改公路時，被透過車牌辨識系統掌握行蹤，遭到執行官和員警攔查，只好摸摸鼻子一次繳清。
另一名簡姓男子也因超速欠了6萬多元，現場只好先繳交1萬2300元，其餘5萬多元罰單再分期繳納。
花蓮縣交通警察隊副隊長黃英田：「因為這套系統原則上是以蘇花改的系統，目前也是在屬於試辦階段，事後看執行成效，再由交通部看是推廣全國，如果開車車主，無法執行現場繳納罰鍰的部分，由行政執行署，派民間拖吊業者執行查扣拖吊。」
原以為擺爛不繳納違規交通罰鍰，也沒人能怎樣依然照常開車上路，結果逃不過科技執法，最後還是得乖乖繳錢。",2021/12/15 12:42
https://news.tvbs.com.tw/local/1658574,有錢就任性！超跑臨停隧道　當舞池熱舞,"止不住想跳舞的慾望，但是不是選錯地方？宜蘭蘇花改觀音隧道昨天(11日)半夜兩輛進口休旅車、法拉利超跑，不只在裡頭並行，違規行駛路肩，甚至直接在避車彎停車，下車熱舞，把隧道當成自己舞池！警方將用科技執法追查是誰「有錢耍任性」，也要釐清這兩輛車、三個人，當晚到底在幹嘛。
進口休旅車停放避車彎，一名全身黑的男子站在路中間，手腳並用，扭動全身忘情跳舞，連太空漫步都來了，一旁還有朋友幫忙記錄，只是好像少了點什麼？
欸等等，不對不對，這裡不是夜店也不是舞廳，而是蘇花改的隧道裡頭，就算想要跳舞，但是不是挑錯地方了。
會不會太high了先生，跳到一半往右看一下，唉唷，似乎是看到有車要來了，想要趕快閃人，卻差點跌個半死，最後與「攝影師」一同上車。
民眾：「我覺得很扯，在馬路上跳舞。」
民眾：「就覺得有錢就很任性啊，一次可以罰900嘛，我們要工作一天可以賺。」
民眾：「我覺得太瞎了，尤其在那個蘇花改的隧道，那麼危險。」
看到這畫面大家真的超傻眼，就在11日半夜12點多，台9線蘇花改觀音隧道130.4公里處，員警獲報有兩車三人在裡頭逗留，一停就是三分鐘，一輛BMW X6一輛法拉利458敞篷版，行駛過程還並排違規走路肩，到底口袋多深才能這麼任性。
蘇澳分局南澳交通小隊小隊長陳志達：「警方抵達現場，惟當時現場兩部違規自小客車已駛離，警方會去積極調閱監視器，並配合科技執法(處理)。」
現在真的只能乖乖把錢包拿出來，因為根據道路交通管理處罰條例，不遵守標線行駛路肩可處最高1800元罰鍰，至於在道路任意嬉戲則能開罰300元，畢竟道路是人走不是你的舞池，詳細原因有待警方追查，不過不在意自己人身安全就算了，若發生意外，就不是只能繳罰單了事。",2021/12/12 21:01
https://news.tvbs.com.tw/local/1658470,多想跳？法拉利、BMW違停蘇花改隧道　2男下車狂熱舞,"到底有多想跳？台9線蘇花改觀音隧道昨（11）日凌晨0時許，有一輛法拉利與一輛BMW違停路肩，2名男駕駛下車，在主線車道逗留跳舞，另名女子還拿手機拍攝錄影，警方到場時，2輛跑車都已駛離，後續將調閱監視器依法開罰，最高可處1800元的罰鍰。
蘇澳分局南澳交通小隊11日凌晨0時42分接獲通報，台9線蘇花改觀音隧道北上第4橫坑（130.4K處)有民眾下車在主線車道逗留。警方獲報後立即趕赴現場，惟當時兩部違規自小客車已駛離，後續經調閱監視器發現該兩輛部自小客車，不但違規停駛路肩，且下車至隧道內主線道逗留嬉戲。
更多新聞：
出遊疑不熟路況！轎車高速撞飲料店　車內3人2傷1命危
從監視器畫面可看到，法拉利與BMW跑車，一前一後的停在隧道路肩，2名男駕駛下車，簡直把隧道當成舞廳，在主線車道手舞足蹈，還有一名女子在旁錄影，整個過程大約3分鐘，隨後又駕車離開。
警方表示，違規行駛路肩，將依《道路交通管理處罰條例》第60條第2項第3款，處以新台幣900元以上1800元以下罰鍰。另外，關於跳舞的部分，將依《道路交通管理處罰條例》第78條第1項第4款，於交通頻繁之道路或鐵路平交道附近任意奔跑、追逐、嬉遊或坐、臥、蹲、立，足以阻礙交通，可處新台幣300元罰鍰。
蘇澳分局提醒用路人，隧道內車流往返眾多，切勿任意於隧道內逗留嬉戲，以免違規受罰。警方將持續加強隧道內巡守及違規執法取締，以維護用路人行車安全。
最HOT話題在這！想跟上時事，快點我加入TVBS新聞LINE好友！
→緊抓話題熱點，與你討論全球大小事！點我追蹤【
TVBS Twitter
】
◤旅遊優惠搶先看◢
👉
跟團玩日韓2萬有找，加贈王品餐券！
👉
台東熱氣球繫留行程，保留席搶先預約
👉
歌詩達郵輪，3人同行2人免費！
◤啟動夏日換季保養◢
👉
夏季養髮妙招  精油SPA洗潤護3部曲
👉
告別頸椎富貴包  滾珠精油舒緩緊繃
👉
夏日萬人迷  別讓擾人味嚇跑桃花運",2021/12/12 15:41
https://news.tvbs.com.tw/life/1630226,大型重機上蘇花改試辦滿1個月！宜蘭端違規僅2件,"蘇花公路改善路段9月30日起，試辦大型重型機車通行。宜蘭警方今天表示，試辦1個月來，蘇花改宜蘭縣路段所舉發的879件交通違規案中，大型重機只有2件。
蘇花改全線自9月30日起，試辦大型重型機車（251C.C.以上的重機）通行，為期6個月，公路總局第四區養護工程處同時辦理評估作業，希望藉由試辦期間蒐集的數據進行分析與評估，以為後續推動的決策基礎。
宜蘭警方今天表示，警方於10月間在蘇花改宜蘭縣境內路段所舉發的879件交通違規案中，大型重機只占2件，分別是超速及行駛路肩。
警方指出，蘇花改全線在去年1月通車後，路段上的科技執法系統取締項目包含超速、行駛路肩、非允許車種；因應試辦開放大型重機，新增的併駛、違規超車的新執法系統11月起執法，取締對象不分車種，一旦被拍到，相關影像將由警方認定是否違規後舉發。
蘇花改分3路段，分別為蘇澳至東澳段、南澳至和平段及和中到大清水段，前2段為宜蘭縣境，和中到大清水段屬花蓮縣境。（中央社）
最HOT話題在這！想跟上時事，快點我加入TVBS新聞LINE好友！
→緊抓話題熱點，與你討論全球大小事！點我追蹤【
TVBS Twitter
】
◤旅遊優惠搶先看◢
👉
跟團玩日韓2萬有找，加贈王品餐券！
👉
台東熱氣球繫留行程，保留席搶先預約
👉
歌詩達郵輪，3人同行2人免費！
◤啟動夏日換季保養◢
👉
夏季養髮妙招  精油SPA洗潤護3部曲
👉
告別頸椎富貴包  滾珠精油舒緩緊繃
👉
夏日萬人迷  別讓擾人味嚇跑桃花運",2021/11/09 19:08
https://news.tvbs.com.tw/life/1616412,路燈左右晃！蘇花公路「驚現落石」車主握不住方向盤急停,"今（24）日下午1時11分左右地牛大翻身，宜蘭發生規模6.5有感地震，震央位於宜蘭縣南澳鄉，國家警報大響，先是左右搖又上下晃動，讓許多民眾嚇慘。事發當下，有民眾正駕車開在蘇花改道路上，因為劇烈搖晃連方向盤都握不住，只好緊急停車，不僅路燈不停左右晃動十分嚇人，蘇花公路往東澳方向沿路也驚現落石，提醒用路人注意。
更多新聞：
好想你的懶
X！陳修將女友「遭爆設桃花局」玩火自焚
有網友稍早在臉書社團
「爆廢公社公開版」
貼出影片和多張照片，透露自己稍早正開車在蘇花改上，原以為自己車子爆胎，後來才知道原來發生地震，直呼「原先是左右搖，到後面是上下晃，嚇死人了！」
更多新聞：
本土劇女星突血崩暈倒！狂挨針無效被宣告「恐摘子宮」
從網友PO出的影片，地震發生當下，公路上幾支路燈劇烈左右晃動，車主也透露最晃的時候，因為方向盤都握不住了，只能先停下來，他也特別要網友注意，蘇花公路往東澳方向沿路落石。",2021/10/24 13:48
https://news.tvbs.com.tw/life/1608643,有片／重機上國道掀討論　專家：道路設施、駕駛觀念須加強,"討論重機上國道這個議題，已經有一段時間，目前針對部分路段也已經開放，蘇花改也在九月開放試行，重機騎士表示，繳交跟小客車一樣的稅金，卻無法有等同路權。對此交通學者表示，台灣目前的道路設備條件，以及騎士跟汽車駕駛的行車觀念，都還不是很成熟，開放試行可以，但得循序漸進，遵守法規，減少車禍機率。
資深記者藍于洺：「騎重機在道路上奔馳，是很多騎士的夢想，現在重機上國道也是持續在討論的議題，當然就安全駕駛還有台灣的設施，硬體這塊都有很多探討空間，也讓這項議題持續發酵當中。」
重機騎士(20年以上經驗)許志達：「像這樣一部摩托車在原廠的設計跟製造上面，它的速度有的甚至可以到兩百公里，所以這個車在國道，如果以一百公里的時速在走的話，其實(這台車)是非常安全的，它的制動力的部分，一定都可以達到安全的需求。」
介紹重型機車鉅細靡遺，開重機機車行的許先生，自己也是二十多年的重機車手，而對於大型重機開上國道議題，已經討論多年，許先生有自己的看法。
重機騎士(20年以上經驗)許志達：「站在騎士角度，我們當然是希望硬體設施能夠盡量完善，還有就是不管是汽車的駕駛人，各方面我們去宣導，這些路權的部分多做推廣。」
交通部多年前完成修法並開放部分路段試行，去年委由中華民國運輸學會，進行大型重機檢核，評估包括國3甲線、台64線、台74線、台88線等路線，根據統計，台64線的大型重機交通事故有4件，台74線則有5件，國3甲線沒有大型重機事故。，今年9月30日，蘇花改全線開始試辦大型重機通行為期6個月，截至10月7日下午4點，共取締52件違規，包括4件行駛路肩、48件同車道併駛。
有著多年重機經驗許先生滿滿感嘆。
重機騎士(20年以上經驗)許志達：「當有一些車禍介紹的時候，當然就會有一些負面的，那我想所有的交通工具都是一樣的，不能因噎廢食啦，其實根源還是在駕駛人的部分。」
畢竟道路硬體設施駕駛人觀念不全，導致只要出車禍重機就得背負罵名，不少重機騎士表示，重機和小客車繳交相同稅金，卻沒有對等的路權，國道是封閉式用路環境，安全係數較高，禁止重機行駛就像是剝奪權利，公路總局提醒為了安全，進入隧道時開啟大燈，並與前車保持50公尺安全距離，禁行路肩、超車及同車道併駛等危險行為
陽明交通大學運輸物流管理系教授黃台生：「覺得問題點大概就是大眾間使用者心態問題，因為他們至少我們在路上看，很多大重機享受那個速度，但是他的很多行為都是跟一般的機車，是完全一樣的就是有縫就鑽，甚至於跟一般機車併排，所有的駕駛行為，必須要按汽車的方式不能併排。」
根據高公局2020年的民調顯示，六成民眾反對大型重機上國道，贊成全面開放比例不到一成，近九成民眾認為開放大型重機上國道後，對於汽機車混流有安全疑慮，但對騎士而言騎重機上沒問題，騎士跟汽車駕駛的行車習慣才是關鍵。
重機騎士(20年以上經驗)許志達：「重機上國道的部分用民調，我是覺得不客觀啦，因為如果用民調來講的話，一些砂石車貨櫃車大概就不用上路了，路權是駕駛人的權利，他要不要使用是他來決定，而不是用民眾的角度來決定他是不是能夠。」
銘傳大學都市規劃與防災學系教授馬士元在保險制度上面，因為機車的行車風險跟汽車是不一樣的，所以上國道之後萬一有任何的事故，在保險的責任上面，還有就是我們在保險制度的設計上面，是不是要因應去做一些調整。」
重機上路日本德國行之有年，台灣不能只有設備跟上，駕駛人觀念宣導也很重要，重機上國道周邊配套和規定，仍有漫長的路要走。",2021/10/14 23:05
https://news.tvbs.com.tw/life/1604162,清晨就塞車！蘇花改湧南下車潮　回堵3km,"三天國慶連假正式展開！公路總局預估，9日全天蘇花路段可達到1萬7千輛次，清晨五點多，蘇澳端就湧入大量南下車潮，回堵3公里，又加上是蘇花改開放大型重機上路的第一個連假，警方除了加強交通指揮並引導行駛替代路線。另外，上午國道也有不少路段嚴重壅塞，例如國一湖口段紫爆、時速不到20公里！高公局也公布6大地雷路段，建議這兩天要南下的民眾，下午一點後再出發。
長長車陣好塞好塞，幾乎快看不到盡頭。
所有車輛在員警指揮下龜速前進，國慶連假第一天再怎麼早出門還是塞到爆，蘇花改蘇澳端清晨開始就湧入南下車潮回堵3公里。
蘇澳分局交通組長李立平：「蘇花路廊大概在(清晨)五點半左右，出現車潮目前車流停等的尾端，大概在蘇澳新站。」
預估9日蘇花路段交通量，大多會以南下為主可達到1萬7千輛次，不過今年連假剛好逢試辦開放大型重機上路，就怕大車小車全都塞在一起，目前規劃可以改騎台二線分流的疏運路線。
國道一號新竹湖口路段同樣也是紫爆，時速不到20公里，湖口服務區停車場幾乎停滿，另外最會塞車的國五連假首日車流量也迅速激增，預估可能會一路塞到晚上6點。
高公局預報員謝東宏：「國五雪隧的部分，國五南向雪隧的通過量，目前已經累積至大約為1萬6千輛次，與去年同時期相比大約增加了16%。」
連假首日地雷路段包含了，國1南下楊梅到新竹，彰化系統到埔鹽系統，北上圓山到大華系統，國3南下土城到關西，快官到霧峰，國5南下南港系統到頭城。
高公局說連假前兩天，要南下走西部國道建議下午1點後再出發，才不會出遊時間都花在塞車上。",2021/10/09 12:56
https://news.tvbs.com.tw/life/1601333,國慶連假首日　蘇花路廊估凌晨5時起南下湧車潮,"國慶3天連假將從9日開始，也是蘇花改試辦大型重型機車通行後首次連假，公路總局今天預估，蘇花路廊南下將於9日出現最大車潮，全日約1萬7000輛次，車潮從當天凌晨5時起湧現。
交通部公路總局第4區養護工程處交通管理及控制中心主任陳國正今天向中央社記者表示，根據統計，目前花東地區訂房率已逾8成，蘇花路廊在國慶連假第1天（9日）將以南下車流為主。
陳國正指出，當天預估將出現國慶連假最大車潮，全日交通量約1萬7000輛次，當天車潮將從凌晨5時起湧現，預測尖峰時段將從當天凌晨5時至上午7時，最高車流量達每小時1200輛以上。
陳國正表示，國慶連假最後2天（10日、11日）蘇花路廊以北返車流為主，預估最後1天（11日）將出現北上車流高峰，預測車流最尖峰時段從當天下午2時到下午5時，最高車流量達每小時1200輛，全日交通量約1萬6000輛次。
第4區養護工程處指出，請民眾提早規劃返鄉及旅遊行程，分散各旅次交通需求，避免路上塞車。
另外，這次國慶連假為台9線蘇花公路山區路段改善計畫（蘇花改）試辦大型重型機車通行首次連假，請各車種用路人務必遵循相關行車規定，交控中心也會全天候監控路況，守護用路人安全。（中央社）",2021/10/06 15:10
https://news.tvbs.com.tw/life/1600365,國慶連假蘇花改車流　宜蘭縣估9日逾2.1萬輛次,"蘇花改試辦大型重型機車通行後，將於9日起遇到3天連假，宜蘭縣政府考量假日總車流量約增加7%，預估國慶連假首日（9日）車流量最大，將達2萬1500輛次。
縣府交通處今天在縣務會議表示，參考去年3天連續假期、台9線蘇花公路山區路段改善計畫（蘇花改）全線通車後車流等因素，預測國慶連假3天國5車流量平均每日為6萬6000至7萬輛次，最大車流量將在9日，達到7萬2000輛次，蘇花改車流量每日平均則為1萬8000至2萬輛次。
交通處指出，預估連假期將有大量返鄉及出遊人潮，國5南下壅塞時段為9日凌晨5時至下午4時、10日上午10時至下午3時；北上則為9日下午4時至晚間9時、10日上午11時至晚間10時、11日上午8時至晚間8時。
蘇花改預估南下壅塞時段為9日凌晨5時至上午10時，北上為10日下午4時至晚間7時、11日上午11時至晚間6時。
至於國道客運，交通處表示，公路總局考量國慶連假COVID-19（2019冠狀病毒疾病）疫情變化尚未明朗，公共運輸優惠不予實施；鐵路部分則於9日至11日加開樹林－花蓮優惠復興號6班。
交通處表示，蘇花改試辦大型重機通行後，這是第1次遇到3天以上連續假期，呼籲用路人行駛蘇花改一定要保持適距離，不要逼車也不要違規超車，騎士和開車民眾互相尊重用路權，讓行車秩序能更順暢。（中央社）",2021/10/05 15:46
https://news.tvbs.com.tw/local/1597363,轎車蘇花改「硬擠超車」　重機騎士：已檢舉,"蘇花改全線30日中午開始，試辦大型重型機車通行，為期6個月，不過試辦後，也出現不少亂象，有重機騎士PO網，遇到轎車在單線道硬擠超車，還逼前方車輛，不過當地警方統計，大型重機騎士也取締了56件違規，其中有48件是同車道併行，最高可罰1800元罰款。
蘇花改明明就是單線道，一輛白色轎車硬是要擠到重機騎士左邊，加速超車騎士馬上按喇叭。
白色轎車超車後，騎士還指稱，駕駛也不斷逼前面的休旅車，讓他氣的把行車紀錄器PO網，並批評之前開車走這，也是常被逼車，該檢舉的會檢舉。
當事重機騎士：「他超完我之後，他就是一直貼前面的車很近，他就是一直這樣貼，貼到後來前面那台車，受不了他就超速開走。」
不過蘇花改在9月30日，試辦大型重機通車後，四輪和兩輪駕駛，還有許多要磨合的地方。
當事重機騎士：「就算車速比較慢的時候，我還是得跟前面，保持50公尺那他可能就覺得，為什麼我要離前面這麼遠，他可能就是，就直接超過。」
很多重機騎士第一次騎，違規件數也不少。
宜蘭縣警局交通隊副隊長林志洋：「截至本日(10/1日)中午12時，既有1323輛，大型重機車行駛蘇花改，那經科技執法系統偵測大型重機車，違規的案件總共有56件。」
警方補充56件裡面，行駛路肩有8件，其他48件都是同車道併行，如果確認違規依法行駛路肩可罰900到1800，同車道併行處600到1800以下罰鍰，提醒重機騎士不要因為，多了條路可走，反而收到更多罰單。",2021/10/01 18:11
https://news.tvbs.com.tw/life/1596623,【今晚熱搜】007生死交戰／美食公道伯／白家綺／蘇花改,"今（30日）晚台灣新聞熱門搜尋話題為「
007生死交戰
」。由丹尼爾克雷格主演的電影《007生死交戰》經歷三度延期，29日終於在倫敦辦首映，除了主演到場之外就連查爾斯王儲、威廉王子、凱特王妃都亮麗現身。以下為討論最高的4則新聞。
★007生死交戰
《007生死交戰》29日在倫敦辦首映，除了主演到場之外就連查爾斯王儲、威廉王子、凱特王妃都亮麗現身。至於首度加入007系列的拉莎娜林區，黃色系鮮豔禮服，露香肩，紅毯上氣勢十足，至於演反派的雷米馬利克，標準黑西裝亮相，其他嘉賓包括唱主題曲的怪奇比莉，還有水行俠傑森摩莫亞帶兒女出席，另外M夫人茱蒂丹契也是嘉賓，不過最大咖的當然還是皇室成員。《
全文
》
★美食公道伯
曾代表台灣奪下《英雄聯盟》S2世界冠軍的知名電競好手劉偉健（Toyz），28日涉嫌販賣二級毒品大麻遭羈押，近期他積極經營YouTube頻道，也時常拍攝美食影片，就有網友在PTT上公布台中看守所的菜單，直呼菜色看起來不錯，希望有「美食公道伯」之稱的Toyz可以幫忙拍攝牢飯開箱影片。《
全文
》
★白家綺
37歲女星白家綺與前夫育有2個女兒，2018年嫁給小5歲男星吳東諺，接連生下兒子「小肚臍」、女兒「小朵拉」，今年3月才成為4寶媽的她，產後快速恢復身材，令人嘖嘖稱奇；吳東諺不捨白家綺承受懷孕、生產痛苦，29日進行結紮手術，體貼舉動感動不少網友。《
全文
》
★蘇花改
蘇花公路改善路段全線今天起試辦大型重型機車通行，為期6個月。宜蘭縣警察局表示，試辦首日至少取締52件相關騎士違規，依法開罰。《
全文
》
Google Trends針對數個不同條目的搜尋行為進行比較，或針對一個條目在不同地區與時間上的搜尋行為進行比較，及本文所調查之結果，非參考投票、民調、網路問卷等資料，名次僅代表網路討論聲量大小，不代表網友正負評價。
《TVBS》提醒您：
◎珍惜生命拒絕毒品，健康無價不容毒噬",2021/09/30 20:46
https://news.tvbs.com.tw/life/1596568,蘇花改試辦重機通行首日！逾50件違規被開罰,"蘇花公路改善路段全線今天起試辦大型重型機車通行，為期6個月。宜蘭縣警察局表示，試辦首日至少取締52件相關騎士違規，依法開罰。
公路總局第四區養護工程處表示，蘇花改全線中午12時起，試辦大型重型機車（251C.C.以上的重機）通行，為期6個月，並辦理評估作業，希望藉由試辦期間蒐集的數據進行分析與評估，並結論建議，以為後續推動的決策基礎。
工程處提醒，大型重機行駛蘇花改時，應遵守相關行車速限，進入隧道時應開啟大燈，並與前車保持50公尺行車安全距離，禁止行駛路肩、超車及同車道併駛等危險行為。
此外，宜蘭及花蓮警察單位於蘇花改路段也設置多處科技執法設備，用路人務必遵循相關行車規定。
宜蘭縣警察局表示，試辦開放大型重機通行首日，警方於蘇澳端、東澳端及南澳端編排交通疏導勤務，並於沿線隧道口規劃移動式測速照相勤務，另派遣大型重型機車加強沿線巡邏，全線監控蘇花改交通狀況，維護用路人行車秩序。
警方指出，截至下午4時，共取締52件大型重機違規（行駛路肩4件、同車道併駛48件），將分別依道路交通管理處罰條例開罰，呼籲騎士遵守蘇花改行車管制規定。（中央社）",2021/09/30 19:43
https://news.tvbs.com.tw/local/1596454,才要首騎蘇花改！　騎士遭婦誤踩油門撞上,"蘇花改在30日中午12點開放大型重機通行，試辦半年時間，上百輛重機車友一早就聚集，準備搶頭香試騎，不料其中一名騎士11點左右，在南方澳第三漁港停車場，遭轎車駕駛誤踩油門當煞車撞上，右小腿骨折，連旁邊店家也受波及。
黑色轎車起步，慢慢開出停車格，前方剛好有一輛重機騎士經過，結果黑色轎車沒停下來，直接撞上，騎士連人帶車衝進旁邊店家。
轎車卡在店門口，車頭全毀，店家陳列物品也撒落一地，重機不僅倒地，騎士右小腿骨折。
附近民眾：「我在看手機，我聽到逼逼逼逼，想說看一下，砰一聲就過來了。」
事發在宜蘭南方澳，30日早上11點左右，本來重機騎士想搶頭香，因為蘇花改開放重機通行，卻在第三漁港停車場遭轎車撞上。
肇事駕駛：「他就騎很快，我來不及。」
丈夫：「我太太是新手，比較不太會，他又騎得比較快，新手緊張。」
駕駛說看見騎士本來想煞車，結果誤踩成油門，不只騎士撞傷，旁邊老闆準備要騎機車出門，想說先在自家門口等前方車輛開走，也遭波及。
受波及店家陳先生：「看車要出來，我先站在裡面等他，等他車過來我才可以開過去，結果整個衝過來。」
騎士沒得騎進蘇花改，反而進了醫院，而30日是公路總局試辦，大型重型機車行駛蘇花改第一天，一早就超過百輛重機車友聚集，12點一到，大家紛紛騎進蘇花改，等這一刻車友們都說等了很久，不只較為安全，也更縮短時間，目前開放蘇澳至東澳、南澳至和平以及，和中到和仁，三個路段。",2021/09/30 18:29
https://news.tvbs.com.tw/life/1596077,大型重機上蘇花改　逾百車友集結搶頭香,"蘇花改隧道自開通以來，陸續開放小客車、大客車以及大貨車通行，唯獨大型重機不能，經過公路總局評估後，終於在30日中午12點開始，試辦重機通行半年，超過110輛車友齊聚一堂，準時12點騎進蘇花改、搶頭香。
車隊綿延好長，大家都在等這一刻，中午12點一到，大家加油門，騎進蘇花改，一大早，大約110輛重機車友，就在附近集結。
台灣交通安全協會理事阿倫：「當初蓋這個蘇花改，就是為了讓各位有比較安全的路回家，但結果摩托車竟然變成，特別被限制的車種，這當然不合理。」
車友：「開放給重機車使用，等了很久，因為長期以來重機車，要到花蓮、台東玩，都是要走蘇花公路，蘇花公路又危險，大型砂石車又多。」
蘇花改通車以來，陸續開放小客車、大客車、大貨車，唯獨沒有開放大型重機，公路總局再評估過後，宣布9/30中午12點開始，試辦重機通行，為期半年時間。
蘇澳鎮長李明哲：「我們蘇花改開放路權里程碑，準備又再進展下一步。」
目前開放蘇澳至東澳段、南澳至和平段以及和中至和仁段。
蘇澳分局長潘嘉旺：「我們今天特別規劃專屬車道，給我們同仁協助做引導，希望今天行車秩序可以保持順暢。」
交通部公路總局表示，試辦期間以抽樣方式觀測，檢核隧道內秩序、行為與安全指標，再分析評估，開放大型重機通行合不合適，也已設置多處自動偵測設備，希望大家都能平安通行。",2021/09/30 15:34
https://news.tvbs.com.tw/life/1596115,蘇花改試辦大重機通行　蘇澳端中午數百車友駛入,"蘇花公路改善路段全線今天中午12時起試辦大型重型機車通行，為期6個月。當開放時間一到，數百輛重機從蘇澳端駛入，場面壯觀。
公路總局第四區養護工程處表示，蘇花改全線於去年1月全線通車後，小型車、大客車與大貨車等通行車種運作已趨於穩定。
工程處指出，為兼顧其他用路人通行需求，經交通部核定後，今天中午12時起試辦大型重型機車（251C.C.以上的重機）通行6個月，並辦理評估作業，希望藉由試辦期間蒐集的數據進行分析與評估，並結論建議，以為後續推動的決策基礎。
在開放通車前1個小時，台灣機車路權促進會等團體號召上百輛重機集結在蘇花改蘇澳隧道前某處超市停車場，召開「本該有的安全回家路」記者會。
「安全回家的路，不能只屬於特定族群」促進會表示，過去機車族被迫只能行駛蘇花公路，還曾發生過機車騎士行駛於蘇花公路時，遭對向違規超車逆駛而來的砂石車輾過，最後不幸傷重去世。此外，蘇花公路沿途若遇豪雨或地震，也要面對落石的危險。
促進會指出，感謝各方單位努力促成試辦，開放大型重型機車通行蘇花改，讓交通安全更有保障；促進會仍將持續爭取排氣量在大型重型以下（白牌及綠牌）的機車用路權利，讓所有的人都可以使用安全的道路。
警方呼籲，大型重機行駛蘇花改時，請遵守相關行車速限，進入隧道時應開啟大燈，並與前車保持50公尺行車安全距離，禁止行駛路肩、超車及同車道併駛等危險行為。（中央社）",2021/09/30 14:10
https://news.tvbs.com.tw/life/1595563,蘇花改明午起開放大型重機通行！5百名車友集結上路,"蘇花公路山區路段改善計畫（蘇花改）明天中午起試辦開放大型重機通行，不少車友躍躍欲試，台灣機車路權促進會也號召車友集結，預估明天將有500名車友一同「搶頭香」。
公路總局第四區養護工程處指出，蘇花改全線於去年1月全線通車後，小型車、大客車與大貨車等通行車種運作已趨於穩定，為兼顧其他用路人通行需求，經交通部核定後，明天中午12時起，試辦大型重型機車（251CC以上的重機）通行6個月。
台灣機車路權促進會公關部主任劉成謙晚間向中央社記者表示，明天上午10時重機車友會先在喜互惠生鮮超市蘇澳店集結，上午11時舉行「本該有的安全回家路」記者會，從網友反應熱烈程度來看，預估將500名車友參加。
劉成謙指出，明天將由2018年一名「闖關成功」的車友騎進隧道後再騎出來，象徵從過去抗爭至今，同樣的行為終於獲得認可，不再是違法。大型重機可上蘇花改是推動道路平權的第一步，促進會接下來會爭取普通重機的權益。
第四區養護工程處表示，試辦期間為期6個月，蘇花改開放通行路段為蘇澳至東澳段、南澳至和平段、和中至和仁段，提醒大型重機駕駛人應依速限標誌行車，進入隧道時開啟頭燈，與前車保持50公尺行車安全距離，且隧道內行駛左側混合車道，禁止行駛路肩，更禁止超速等危險駕駛行為。（中央社）",2021/09/29 22:22
https://news.tvbs.com.tw/life/1591006,大型重機可騎蘇花改！　9/30中午起試辦半年,"交通部公路總局今（23）日宣布，蘇花改全線從9月30日中午12點開始，試辦開放大型重機通行，為期6個月，開放通行路段為蘇澳至東澳段（台9線104K+130~113K+420）、南澳至和平段（台9線124K+640~145K+061）及和中至和仁段（台9線148K+840~154K+149）但駕駛人仍要注意，必須依限速標誌行車且與前車保持50公尺安全距離。
交通部公路總局表示，蘇花改全線於去年1月全線通車後，小型車、大客車與大貨車等通行車種運作已趨於穩定，然而為兼顧其他用路人通行需求，公路總局第四區養護工程處將試辦開放大型重型機車（251C.C.以上的重型機車）通行，並辦理評估作業，藉由試辦期間所蒐集的數據進行分析與評估後，做成結論建議為後續推動之決策基礎。
目前此試辦計畫已交由交通部核定，將於今年9月30日中午12時起試辦大型重型機車通行蘇花改路段，期間為期6個月，而開放通行路段為蘇澳至東澳段（台9線104K+130~113K+420）、南澳至和平段（台9線124K+640~145K+061）及和中至和仁段（台9線148K+840~154K+149）。而期間內也會委託評估單位以抽樣的方式觀測並檢核隧道內的秩序、行為、安全及環境等指標，再將之分析評估開放大型重型機車通行的適宜性。
最後公路總局也提醒，大型重機駕駛人應依速限標誌行車，在進入隧道時開啟頭燈並與前車保持50公尺行車安全距離，且隧道內行駛左側混合車道，禁止行駛路肩、超速及超車等危險駕駛行為，公路總局也已設置多處自動偵測設備，全面掌握隧道內行車秩序。",2021/09/23 18:41
https://news.tvbs.com.tw/life/1587867,連假首日現車潮！國3甲、國1湖口段「紫爆」,"中秋連假第一天，你有塞在路上嗎？今天(18日)早上六點，包含「國道一號南下湖口路段」、「國道三號南下龍潭到鶯歌」，就湧現車潮！至於「國3甲線東向萬芳到深坑段」、「南港聯絡道」、「國3南下大溪到龍潭」上午一度紫爆！而在蘇花改，車龍也是綿延好長好長，預計下午四點，才會舒緩。
國道南下路段滿滿的車，幾乎變成停車場，中秋連假第一天18日一大早，高速公路就湧現車潮，早上六點鍾，國道一號南下湖口-新竹路段，國3南下鶯歌-龍潭，國3北上新店-木柵，以及南港聯絡道接國道三號，走走停停，而到了上午10點，國5南下往宜蘭方向，中部的，國3龍井到彰化系統，草屯到南屯服務區，時速也只有20到39公里。
民眾：「我五點就從新竹出發(往宜蘭)，(一路上的路況現在怎麼樣)，非常非常非常塞。」
民眾：「我們是六點半從板橋出發的，(國5這一段有塞到嗎)，進國5沒有然後在國5之前，從新店就開始塞了塞到進國5了。」
而每到連假大家都往宜花東跑，國5車況車多但沒預期的塞。
高公局預報員黃郁凱：「(國道5號車潮)跟去年中秋節首日相比，其實是有略減一點點，主要是因為昨天昨天連假前一天，有部分的車潮已經在前一天就，提前分流的情形了。」
至於上午，像是國3甲線萬芳到深坑段，南港聯絡道，國3大溪到龍潭，國1湖口段，則是一度紫爆車速低於20公里，國10東向燕巢路段一度回堵6公里。
天還沒亮，就聽到員警指揮交通的逼逼聲，排隊的車也幾乎看不到盡頭，蘇花改南下入口上午10點回堵1.5公里，觀音隧道更嚴重8公里。
蘇澳分局組長李立平：「蘇花路廊大概在凌晨4點開始，車流開始湧現，車多但是目前都是循序漸進。」
疫情比起之前趨緩一些，民眾悶太久四天連假出來透氣，呼籲出門前還是得查看路況，多利用替代道路，避免塞在路上叫苦連天。",2021/09/18 13:49
https://news.tvbs.com.tw/life/1587838,中秋連假首日　蘇花路廊花蓮段南下車多順暢,"中秋連假首日，台9線蘇花路廊今天凌晨4時開始出現南下車流，截至上午10時，蘇花改宜蘭蘇澳段回堵，花蓮境內車多維持順暢，警方加強沿線景點熱區、易塞車路段交通管制。
公路總局第四區養護工程處統計，截至上午10時，台9線蘇花路廊南下車流量逾1萬輛，每小時車流量維持1100至1300輛，累積交通輛已超越去年中秋節同期車輛。
花蓮新城警分局長林育旺指出，蘇花路廊花蓮路段南下車流量雖多，仍能保持順暢；台8線、台14甲線合歡路段沿線風景區車輛多，經警方交管疏導，交通秩序良好。
林育旺表示，花蓮縣警局交通隊利用蘇花改中仁及仁水隧道內的科技執法系統即時統計車流量，每15分鐘車量達到200輛，代表瞬間車流開始增加，便會發布車多警示，讓第一線警力提前調派人力。
新城警分局指出，連假期間預估轄內太魯閣國家公園各景點、大禹嶺、合歡山地區、山月吊橋、七星潭風景區、台泥和平DAKA園區、崇德瑩農場，將是旅遊熱門景點，今天起安排警力彈性交管、疏導車流。（中央社）",2021/09/18 12:16
https://news.tvbs.com.tw/life/1587764,中秋連假首日　蘇花改凌晨4時湧車潮估傍晚才緩解,"中秋連假首日，警方表示，蘇花公路改善路段從今天凌晨4時起就出現南下車潮，車流從蘇花改蘇澳端一路回堵至蘇澳新站前，回堵長度至少約3.5公里，預估傍晚才會緩解。
蘇澳警方指出，COVID-19（2019冠狀病毒疾病）疫情警戒降級後首度迎接中秋假期，蘇花改凌晨4時起就出現大量南下返鄉及出遊車潮，已加派警力及義交加強沿線路段交通疏導，並編排交通快打警力，即時反應立即排除意外事故。
警方呼籲，用路人行經蘇花改路段時，在安全不違規的情況下適時提高車速，跟上前車，勿刻意拉長車距，維持行車順暢。（中央社）",2021/09/18 09:29
https://news.tvbs.com.tw/life/1583196,快訊／今17點後禁入中橫　蘇花改20:00後只出不進,因璨樹颱風來襲，公路總局宣布今天下午5點後，中橫公路(大禹嶺至閣口)禁止進入，另外蘇花改跟蘇花公路預計晚上8點後只出不進，台11的海岸公路則視浪高再進行機動性管制，台23線今天下午3點先進行預警性封閉。,2021/09/11 12:15
https://news.tvbs.com.tw/cars/1582111,八卦山隧道年底開放重機通行　蘇花改明年過年可以騎重機走春,"自2012年7月1日修正《道路交通管理處罰條例》第92條，250c.c.以上的重型機車將可行駛快速道路，不過至今，八卦山隧道仍是最後一條快速道路禁止重機通行，在機車路權及多方人士努力爭取後，公路總局預計將在今年底正式開放通行重機，也讓法規修正9年過後，終於讓全台快速道路允許通行重機。另外，蘇花改也預計將在9月30日試辦重機通行，為期6個月，代表明年春節期間甚至到228連假都可以騎重機通行蘇花改。
八卦山隧道自2005年完工，總長約5公里，是全台排名第三長的公路隧道，連接彰化員林南投草屯，過去一直禁止重機行駛，重機騎士得要走137線、148線在接到台14乙線，原來的路程約需20分鐘，若走八卦山隧道將可省10分鐘路程。
公路總局表示，八卦山隧道若開放重機行駛，速限將依照現行規定，最高80公里，最低60公里。另外，由於隧道一出來不到兩百公尺就緊接著上國道三號，為避免重機騎士誤上國道，將會在開放前加強宣導外，沿線也會設置警示牌面。
蘇花公路改善計畫是政府當年為了給花東民眾一條「安全的路」，於2010年年底拍板，並在2011年正式動工，首期工程蘇澳至東澳路段於2018年開放通車，初期僅限小型車通行，南澳至和平以及和中至大清水路段也在2020年1月正式通車，透過高架橋與長隧道等，避開原先蘇花公路較為危險的路段，不僅縮短車程，也進一步提升安全性。不過，雖然這是一條以「安全回家的路」為出發點設計的道路，蘇花改卻不是所有車種都能通行，現階段來說，只開放給予小客車、大客車以及大貨車通行，全段禁行各式機車，只有長2.9公里的仁水隧道開放機車通行。
儘管機車團體不斷爭取，且提出國外長隧道開放機車通行例子，從2018年蘇花改蘇澳至東澳路段通車至今，交通部公路總局卻多次以長隧道通風不良，空氣品質對騎士健康有所影響，還有長隧道對於騎士的心理壓力，或者隧道內光線不佳，加上單車道車種混流通行相對危險等因素，限縮機車族群行駛權利。直到現在，終於決定試辦大型重型機車通行，評估未來開放大型重型機車行駛可能。
公路總局表示，由於目前全臺已有16條快速道路開放251c.c.以上大型重型機車行駛，為了「兼顧用路人通行需求」，於是啟動該項計畫。試辦範圍包含蘇澳至東澳段、南澳至和平段以及和中至大清水段等路段，沿途涵蓋蘇澳隧道、東澳隧道、東岳隧道、武塔隧道、觀音隧道、谷峰隧道與中仁隧道，以及目前已開放機車行駛的仁水隧道。其中，蘇花改中最長，里程達7.9公里的觀音隧道也在這波開放範圍當中。
試辦期間，重機行車管制比照小型車，最高速線70km/h、最低速限50km/h，必須與前車保持50公尺以上安全車距，並且禁止違規行駛路肩。同時，隧道內亦須開啟頭燈，同時禁止變換車道。同時，公路總局會持續觀察違規件數、事故發生數、空氣品質等指標，評估後續是否常態開放大型重機車行駛，試辦計畫預計從9月30日開始，規劃試辦通行6個月，如果狀況良好將會正式通行。
◎
最新、最有趣的試車片都在《黃金試車組》！
◎車壇動態不漏接，按讚追蹤《地球黃金線》粉絲團！
◎錯過電視首播免驚！《地球黃金線》頻道完整看！",
https://news.tvbs.com.tw/life/1578273,中秋連假出遊返鄉　公總建議蘇花改搭客運最多省1小時,"公路總局今天表示，中秋連假為疫情降級以來首次連假，恐外出旅遊人多車多，建議民眾在利用蘇花公路改善路段往返宜蘭與花蓮時多搭乘客運，優先通行最多可省1個小時。
公路總局第四區養護工程處表示，中秋連假為9月18日（週末）至21日（週二）共4天，也是COVID-19（2019冠狀病毒疾病）疫情降級以來首次的連假，在不受疫情影響及考量報復性旅遊情況之下，預估將有大量車潮往返宜花地區。為避免路上塞車，鼓勵民眾提早規劃出遊行程，以分散中秋連假返鄉及旅遊交通需求。
工程處指出，中秋連假期間，將規劃於蘇澳地區及崇德地區的尖峰時段，設置大客車優先通行措施，同時於蘇澳至東澳、南澳至和平、和中至和仁的蘇花改3個路段，在交通尖峰期間開放一般遊覽車與公路客運行駛蘇花改路肩，預期尖峰壅塞時段可較自行開車節省約40至60分鐘。（中央社）
→緊抓話題熱點，與你討論全球大小事！點我追蹤【
TVBS Twitter
】
→擠出小時間，看看大新奇！全新影音品牌上線囉，一起
擠看看
！
◤旅遊優惠搶先看◢
👉
跟團玩日韓2萬有找，加贈王品餐券！
👉
台東熱氣球繫留行程，保留席搶先預約
👉
歌詩達郵輪，3人同行2人免費！
◤啟動夏日換季保養◢
👉
夏季養髮妙招  精油SPA洗潤護3部曲
👉
告別頸椎富貴包  滾珠精油舒緩緊繃
👉
夏日萬人迷  別讓擾人味嚇跑桃花運",2021/09/03 17:47
https://news.tvbs.com.tw/cars/1553433,蘇花改最快9月底試辦大型重機通行　半年評估長隧道對機車騎士影響,"爭論已久，蘇花改究竟能否通行機車終於見到曙光，交通部公路總局日前舉辦「臺9線蘇花改開放大型重型機車試辦計畫說明會」，預計自9月30日起進行6個月的試辦通行計畫，評估蘇花改開放大型重型機車行駛的可行性。過去公路總局以「長隧道通風不良」、「空氣品質不佳」、「光線與視線不良」、「車種混流」等因素，禁止各式機車通行的蘇花改，終於開放給與兩輪車輛行駛。不過，初期僅開放排氣量251c.c.以上的大型重型機車。
為了給花東民眾一條「安全的路」，蘇花公路改善計畫於2010年年底拍板，並在2011年正式動工，首期工程蘇澳至東澳路段於2018年開放通車，初期僅限小型車通行，南澳至和平以及和中至大清水路段也在2020年1月，也就是該年春節連續假期之前正式完工通車，透過高架橋與長隧道等，避開原先蘇花公路較為危險的路段，不僅縮短車程，也進一步提升安全性。不過，雖然這是一條以「安全回家的路」為出發點設計的道路，蘇花改卻不是所有車種都能通行，現階段來說，只開放給予小客車、大客車以及大貨車通行，全段禁行各式機車，只有長2.9公里的仁水隧道開放機車通行。
儘管機車團體不斷爭取，且提出國外長隧道開放機車通行例子，從2018年蘇花改蘇澳至東澳路段通車至今，交通部公路總局卻多次以長隧道通風不良，空氣品質對騎士健康有所影響，還有長隧道對於騎士的心理壓力，或者隧道內光線不佳，加上單車道車種混流通行相對危險等因素，限縮機車族群行駛權利。直到現在，終於決定試辦大型重型機車通行，評估未來開放大型重型機車行駛可能。
公路總局表示，由於目前全臺已有16條快速道路開放251c.c.以上大型重型機車行駛，為了「兼顧用路人通行需求」，於是啟動該項計畫。試辦範圍包含蘇澳至東澳段、南澳至和平段以及和中至大清水段等路段，沿途涵蓋蘇澳隧道、東澳隧道、東岳隧道、武塔隧道、觀音隧道、谷峰隧道與中仁隧道，以及目前已開放機車行駛的仁水隧道。其中，蘇花改中最長，里程達7.9公里的觀音隧道也在這波開放範圍當中。
行車管制則比照小型車，最高速線70km/h、最低速限50km/h，必須與前車保持50公尺以上安全車距，並且禁止違規行駛路肩。同時，隧道內亦須開啟頭燈，同時禁止變換車道。同時，公路總局會持續觀察違規件數、事故發生數、空氣品質等指標，評估後續是否常態開放大型重機車行駛，試辦計畫預計從9月30日開始，規劃試辦通行6個月。
從公路總局所提出的資料，可以看見蘇花改個隧道的安全規格幾乎領先各地，不僅滅火、警報、避難逃生以及通風設備等應有盡有，也有一氧化碳、氮氧化合物等空氣品質監測系統，甚至還有偵測空氣流通的風速、風向監測設備，顯示早已符合機車通行需求。且就長隧道空氣品質而言，國內最長的公路隧道雪山隧道，一氧化碳濃度、一氧化氮濃度等都遠低於設定值，都在安全範圍之內，過去以空氣不流通為由限縮機車族群通行權益或許並不合理。雖然即將開放通行，但現階段仍非常態開放行駛，公路總局依然表態，將會謹慎評估。
◎
最新、最有趣的試車片都在《黃金試車組》！
◎車壇動態不漏接，按讚追蹤《地球黃金線》粉絲團！
◎錯過電視首播免驚！《地球黃金線》頻道完整看！",
https://news.tvbs.com.tw/local/1504924,蘇花改首樁死亡車禍！砂石車衝撞　害2工人喪命,"蘇花改傳出首起死亡車禍！蘇澳鎮台9縣105.5公里處，下午2點多，一輛正在進行眩光板巡查的工程車，竟然遭到一輛砂石車從後方追撞，砂石車司機輕傷，工程車上2名工人重傷，送醫時無生命跡象，經過搶救仍宣告不治！陳姓工人的哥哥說，當時後方還有2台警戒車，實在難以理解，為何砂石車會高速撞擊？
車禍現場一片狼藉，碎片散落一地！正在進行防眩板工程巡查的工程車，竟然遭到砂石車從方追撞，撞擊力道強大，不僅害得工程車司機受傷，工程車上2名工作人員更是當場失去生命跡象，被緊急送往醫院救治！
現場則是先行封閉，僅開放路肩供行駛。
陳姓工人哥哥：「砂石車撞過來，可能正想睡，不然2台警戒車在後面，那麼大台在那警戒，2台都撞上，還撞到人！」
意外是發生在下午2點多，就在台九線105.5公里處，施工現場前30公尺處，明明設有LED警戒車提醒，砂石車卻毫無警覺撞上工程車，結果，陳姓施工員四肢、背部多處擦挫傷，右大腿也嚴重變型，送醫仍宣告不治，哥哥趕到醫院，但因疫情被管制在醫院外，無法見上弟弟最後一面。
陳姓工人哥哥：「你弟弟做這做多久？做很久了，弟弟是平常跟你媽媽兩個人住一起而已嗎？對啊！還一個女兒，女兒在讀書還怎樣？還沒跟她通知嗎？(搖頭)。」
離婚的弟弟跟母親及就讀國三的女兒同住，他說，弟弟從事工程工作已經很多年，實在無法想像，案發時後方有2台警戒車，為何砂石車還會高速撞上；另外，還有一名被送往蘇澳榮民醫院的工人也慘死，家中有一名4歲幼女嗷嗷待哺，至於砂石車的駕駛則是輕傷，到底為何肇禍？這件蘇花改通車以來頭一件死亡車禍，確實的肇事原因，警方還在調查。",2021/05/06 18:26
https://news.tvbs.com.tw/local/1504818,蘇花改首起死亡車禍！砂石車高速衝撞「奪2工人性命」,"台9線驚傳重大車禍，今（6）日蘇澳鎮台9線北上105.5公里處，14時39分許1輛砂石車與施工車發生車禍，造成3名傷者，1名輕傷，2名OHCA（到院前心肺功能停止），隨即送往醫院急救。
警方表示，今日接獲民眾報案後立刻派員前往現場，發現砂石車與施工車（巡查防眩板工程）發生車禍，造成3名傷者，2名施工人員OHCA，砂石車駕駛輕傷，第一時間送往蘇澳榮民醫院、博愛醫院急救，不幸的是，2名施工人員搶救後仍宣告不治身亡，這也是蘇花改首起死亡車禍，詳細事發原因還有待警方進一步調查釐清。",2021/05/06 16:18
https://news.tvbs.com.tw/local/1504816,快訊／蘇花改砂石車撞施工工人　2死3輕傷,下午兩點多，台9線105.5K也就是蘇花改上，發生了砂石車撞工程車事故，三人受傷，另外還有兩人當場沒有呼吸心跳，送醫搶救不治，而事故原因警方正在釐清當中。,2021/05/06 16:14
https://news.tvbs.com.tw/life/1493896,討論自駕、火車、遊覽車哪個安全　網路分析火車討論「暴增六萬筆」,"在蘇花改車禍以及太魯閣事件之後，民眾開始討論，自行開車是否比搭遊覽車跟火車來得安全，網路也掀起正反兩面論戰。網路分析單位表示，汽機車安全討論度仍舊高居第一，但火車安全討論從四月一日以來，暴增了六萬多筆，衝到第二名。而交通大隊表示，目前自駕汽機車的比例還是很高，相比之下，死傷率也比火車高出不少。
記者藍于洺：「民眾都有搭車移動的經驗，在今年發生太魯閣號事件，以及蘇花改撞車事件之後，行車安全引發討論，現階段就有自行開車以及像搭遊覽車，搭火車這三種選項到底哪個比較安全，也在網路上引發討論。」
開車坐遊覽車搭火車，到底哪個比較安全，在發生蘇花改遊覽車事件，以及太魯閣號事件之後，幾項交通工具成了網路熱搜關鍵，在民眾眼中哪一個比較安全。
民眾：「開車，開車可能比較安全吧，就是你可以自己控制的，那如果假設大眾運輸工具就，不可抗的因素比較多一點。」
民眾：「就是靠自己吧，開車會稍微比較好一點。」
民眾：「畢竟火車就一條嘛，開車就是路口這麼多，可能比起來火車相對的比較好一點。」
青菜蘿蔔各有人愛，網路論壇標題寫著，在台灣，遊覽車跟火車是最恐怖，但下方留言有人支持有人反對，攤開數據來看，雖然普悠瑪、太魯閣跟蘇花改撞山事件，奪走不少人命，但110年1月全國就有274人死於交通事故意外，依數據來看，自行開車的死亡人數並不比搭乘大眾交通運輸工具少。
台北市交通大隊事故處理組長林洸賢：「排行第一名就是未注意車前狀況，第二名是未依規定讓車，第三名是轉彎或轉向未依規定。」
台北市交通大隊表示汽機車肇事，仍舊比大眾運輸來得多，以台北市來看110年，車禍死傷件數有3280件，其中有14人死亡，前三名死傷人數依據是中正區中山區跟大同區，顯示自行開車的死傷機率，高於突發意外的火車跟遊覽車。
台北市交通大隊事故處理組長林洸賢：「這裡面最多的還是以機車族群為最多，第二次之的是行人，機車裡面的問題，會發生交通事故的原因很多，但會導致死亡的結果，通常是跟速度有關。」
網路分析調查單位，針對交通工具安全討論度做分析，從去年至今排行第一的，汽車安全有128538筆，第二是火車安全有121700筆，第三騎車安全109529筆，飛機48718筆排第四，專家表示雖然汽車還是榜首，但從今年四月太魯閣事件後，火車安全討論數暴增了六萬多筆，成長幅度高居第一。
大數據股份有限公司營運長林慧珍：「火車為什麼會討論聲量這麼高，其實大部分都是集中在，四月二日到最近，也就是說太魯閣號出軌的關係，所以引發很多人都會討論這件事情，它就佔了這一年半左右的時間，大概二分之一的討論聲量，所以扣除太魯閣號的話，其實平常網友在討論火車不安全這件事情，其實是沒有這麼高的。」
專家分析以常態性來看，汽機車討論度比較高，肇事事件相對比較多，而從過去大事，包含蝶戀花蘇花改意外普悠瑪太魯閣事件當下，遊覽車跟火車安全，都有暴增趨勢，顯示大型交通災難的確會讓討論度增加，但以常態性跟交通安全數據來看，自行開車肇事件數高於火車跟遊覽車。
大數據股份有限公司營運長林慧珍：「其實很多事故都是在，譬如說汽車或機車擠道，造成交通違規然後發生事故這部分，所以兩者交集其實非常多，因為這是平常人最常搭乘的工具。」
開車、搭車各有風險，民眾有不同解讀，但出發前做好準備，掌握道安狀況降低風險，才能真正達到安全至上。
最HOT話題在這！想跟上時事，快點我加入TVBS新聞LINE好友！",2021/04/15 22:53
https://news.tvbs.com.tw/life/1489195,補足蘇花改不足　催生「蘇花安」成東部人新希望,"為了讓花東人能有一條更安全的地回家路，蘇花改去年完成通車，為了補足蘇花改的不足，在2019年又核定蘇花公路安全提升計畫，預計有三個路段包括，東澳到南澳段、和平到和中、大清水到崇德段，將近三十公里也會另闢新的路線，預計2030年完工，專家強調，這幾段都是蜿蜒崎嶇道路，在施工上也有一定難度。
一邊是一望無際的海岸，一邊是懸崖峭壁景色，這是行經蘇花公路的特有景象，但也讓行車用路人，隨時暴露危險之中，隨著蘇花改通車後，縮小危險性，客運業者，才正式加入東部樞紐一環，開拓台北花蓮路線，但仍舊面臨不少挑戰。
客運業者總經理李建文：「東澳到南澳他從東澳南下，他會有一個蜿蜒山路會上坡，到了快到山上的時候，他有一個長隧道，然後過了隧道又下來，這樣子坐在車上就感覺到比較，品質就會受到一些影響，另外就是在清水斷崖那個部分，他也是要上坡然後經過好幾個隧道再下來。」
記者劉俐均：「原本的台9線蘇花公路，一共全長有102.6公里；在去年蘇花改通車之後，整整縮短了18.6公里，提升了不少行車的流暢度，不過仍有一些地方還不足，在2019年再度核定了蘇花公路安全提升計畫，包括東澳到南澳段還有和平到和中、大清水到崇德三個路段將近30公里，初步計畫將會與蘇花改計畫雷同，盼能夠提升安全性。」
公路總局規劃組副組長李志隆：「正在進行綜合規劃和環評的作業，我們主要蘇花安的這個計畫，著重就是要安全，大部分都會以比較長的隧道，來穿越原來比較崎嶇的這些道路，所以未來的路就會是一個隧道為主的路，當然中間有一些路段就是也有橋梁的部分，有少部分才是路工的部分。」
公路總局初步擬定，蘇花安以單線雙向為主，時速訂定70公里，其中三路段，又以東澳到南澳、大清水到崇德難度最高，東澳到南澳段預計5.1公里長的隧道，會經過不少保護區、豎井以及施工便道，對環境影響大，而從和仁到崇德段10公里長，則會通過太魯閣國家公園，都還需要經過環境評估才能開始規劃動工。
土木技師拱祥生：「你這種地工技術或是隧道工程的東西，他不可確定性其實相當高，還可能會發生所謂的這個變更設計的狀況，因為隧道他這邊很多是隧道工程，隧道工程的地質調查，比一般傳統的建築調查，困難可能超過百倍或千倍，其中所謂的和仁到崇德段這邊，他目前一些隧道很舊，他可能高差比較大，那我鑽探的時候很可能垂直鑽探不好做，甚至要水平鑽探，光鑽探探測資料我一年都還沒有鑽探完，水平鑽探有這麼困難，所以你說十年還是在工程順利的狀態下。」
依照期程規劃，整個蘇花安的工程，預計2025年動工，2030年完工，專家強調，在蘇花的路程上，不僅有地理環境需要克服，要如何施工又不影響交通，也是一大難題。
土木技師拱祥生：「隧道這邊施工基本上，我們在既有隧道穿一改一，可能你要做施工便道做這些東西，其實困難度都相當高。」
克服工程難題，也得花時間，能不能如期9年完工，還有變數，但要讓蘇花變好開，便利也安全，是最終考量。
客運業者總經理李建文：「我們的國道客運班車，約略可以節省我預估從南港到花蓮，從現在三個小時可以縮短旅行時間，到兩個半小時就可以完成，這樣和鐵路火車大概時間就差不多了。」
如今「蘇花安」成為東部人的新希望，外界都期盼讓花東人，能有一條安全無虞的回家之路。
最HOT話題在這！想跟上時事，快點我加入TVBS新聞LINE好友！",2021/04/06 23:08
https://news.tvbs.com.tw/life/1488467,蘇花改行車順暢　估午後湧現北返車潮,"今天是清明節連假最後一天，公路總局表示，蘇花改上午11時行車順暢，但花蓮端北返車流有漸增趨勢，預計中午過後湧現北返車潮，下午可能會塞車，呼籲用路人提早出門。
交通部公路總局第四區養護工程處交通管理及控制中心主任陳國正表示，目前蘇花路廊整體運行順暢，每小時交通量維持約500至700輛，截至上午10時，蘇花路廊南下宜蘭往花蓮方向車流量為1572輛，北上花蓮往宜蘭方向為6549輛，於凌晨0時北上最高量每小時999輛。
至於旅行時間，陳國正指出，目前蘇澳至崇德北上經台9線蘇花公路山區路段改善計畫（蘇花改）旅行時間約為96分，經台9丁線旅行時間約為116分。
陳國正表示，今天中午12時至晚間6時續辦蘇花改開放路肩行駛大客車措施，交控中心研判路況趨勢後，將運用資訊可變標誌（CMS）發布資訊，導引大客車行駛主線車道，以提升大客車服務效率。
陳國正指出，由於台鐵太魯閣號事故搶災復原工作仍在進行，交控中心將持續配合上下游交管與調控作業，並開放路肩供相關車輛通行以利時效，呼籲用路人通行蘇花改仁水隧道附近路段，請配合現場指揮盡速駛離，請勿於現場停留影響救援車輛通行。（中央社）",2021/04/05 14:44
https://news.tvbs.com.tw/local/1487525,太魯閣號出軌釀50死　王浩宇譙環團「擋蘇花高」遭罵翻,"台鐵408車次
太魯閣號
今（2）日上午9時28分發生重大事故，列車行駛過程中，突遭一輛從邊坡滑落的工程車撞上導致出軌，一共造成50人罹難、146人受傷。事故發生後，前桃園市議員王浩宇在
臉書
發文譴責環保團體，他認為是環團和綠黨阻擋建造蘇花高，讓東部民眾回家的路充滿危險，不過此言論一出，卻遭網友們罵翻。
王浩宇今（2）日中午在臉書發文，根據扁政府當時的規劃，2011年台灣人就能以100公里的高速從台北直達花蓮，而且全程只需要2小時，卻因為綠黨和環保團體的抗議，政府得延後時程，並規劃成現在的蘇花改，直到2年前才通車。
王浩宇接著表示，現在他從桃園搬到台東，這才發現回北部的路好遠好遠，而且開起來也挺危險的；另外火車和飛機票也常常買不到，這讓他體會東部居民在交通上的困難，更直指這些環團的堅持「根本是自私的」。
王浩宇質疑，「環保很重要，那東部居民的安全呢？」今日發生台鐵太魯閣號脫軌意外後，身邊的朋友都在群組急問，「有沒有認識的人在車上？會不會是從台北回來的孩子？」王浩宇更說，北部人希望在東部留下美麗的淨土，把東部當成自己的後花園，但若是問他們是否要在後花園住下，紛紛卻說「才不要」。
王浩宇直呼，「那些口口聲聲說關心環境的環保人士，大多數根本不住在花東，而是在台北」，最後呼籲政府請重視東部交通，給東部居民平安回家的路。不過王浩宇的這番言論，引發網友在
PTT
上熱烈討論，但幾乎一面倒地批評，「出軌跟蘇花高關係在哪裡」、「真的是無言」、「別在那裏消費死者」、「閉上你的嘴」。",2021/04/02 18:09
https://news.tvbs.com.tw/life/1487233,清明連假首日　蘇花改凌晨起湧現南下車流,"清明連假首日，蘇花公路改善路段今天凌晨2時起就湧現南下車潮，車流甚至從蘇花改宜蘭端入口處的蘇澳隧道，回堵到國道5號蘇澳匝道，車速緩慢。
公路總局第四區養護工程處交通管理及控制中心主任陳國正告訴中央社記者，4天的清明連假以返鄉掃墓及旅遊旅次為主。今天凌晨2時起，蘇花改南下路段（宜蘭往花蓮方向）就開始出現車潮，直到上午7時，每小時通行量都超過1000輛次；管控中心也隨即於清晨5時起，開放大客車行駛路肩的優先措施。
陳國正表示，受到蘇花改南下車多影響，清晨起車流甚至從蘇花改宜蘭端入口處的蘇澳隧道，回堵到國道5號蘇澳匝道，長度約4公里，預估傍晚後南下車流才會紓解。
宜蘭縣警察局蘇澳分局表示，因應這次連假，今天凌晨起就派員在蘇澳隧道外的蘇澳市區沿線指揮與疏導交通，呼籲用路人行經蘇花改路段時，在安全不違規情況下適時提高車速，跟上前車，不要刻意拉長車距。（中央社）",2021/04/02 09:49
https://news.tvbs.com.tw/life/1470029,蘇花改今上午行車順暢　估3/1午後現北返車潮,"今天是二二八連假第2天，公路總局表示，
蘇花路廊
上午交通量約每小時400至600輛，整體行車順暢，預估明天中午過後蘇花改出現北返車潮，崇德與和平路段車速較慢，但應不至於塞車。
交通部公路總局第四區養護工程處交通管理及控制中心主任陳國正表示，截至上午10時，台9線蘇花公路山區路段改善計畫（蘇花改）加蘇花公路的蘇花路廊南下宜蘭往花蓮方向車流量為2857輛。
北上花蓮往宜蘭方向為1153輛，於上午9時南下最高量達每小時526輛，預估今天蘇花路廊南下車流尚餘5081輛，至於旅行時間，目前蘇澳至崇德南下經台9線蘇花改旅行時間約為93分，經台9丁線旅行時間約為103分。
陳國正指出，這次二二八連假續辦蘇花改開放路肩行駛
大客車
措施，昨天開放通行路肩共計有242輛次行駛，於尖峰時段，蘇澳至崇德南下最高行駛時間約為97分，最多約可節省時間24分。
陳國正表示，蘇花改蘇澳至東澳及南澳至和平路段今天上午7時至下午1時持續啟動開放路肩行駛大客車措施，交控中心研判路況趨勢後，將運用資訊可變標誌發布資訊，導引大客車行駛主線車道，以提升大客車服務效率。（中央社）",2021/02/28 13:39
https://news.tvbs.com.tw/life/1469683,228連假首日！一早湧車潮　國5恐塞11小時,"228連假第一天，高公局預估車流最大，出遊人潮果然一大早就湧現，國五南港系統紅通通，國一南下中壢到楊梅，湖口到竹北以及國三南下三鶯到鶯歌、大溪至龍潭時速也都相當低；蘇花改也一度回堵3公里，預計下午才會舒緩，提醒用路人，出發前先了解一下路況，以免塞在車陣中。
長長車流不間斷，一輛接一輛，宜蘭警方上緊發條，出動大批人力交管。
228連假第一天，蘇花改車潮，從清晨5點開始湧現，原本行進車速還有50公里，一路塞到白天更出現回堵，車流量是平常的五倍多。
蘇澳分局第四組組長李立平：「停等車流大概是從，蘇花改、蘇澳端一直到軍人公墓，綿延車流大約3公里。」
3天假期延續春節疏導措施，蘇花路廊開放大客車行駛路肩，21公噸大貨車禁行，避免大家全部塞成一團。
高公局路況預報員黃郁凱：「今天我們預估115百萬車公里，其中南向佔了64百萬車公里，是平均的1.5倍，也是3天連假最大量。」
228連假首日，是國道交通量最大一天，上午7點後多路段塞塞塞，國一南下中壢到楊梅，湖口到竹北時速最低20公里，國三南下出遊車潮，三鶯到鶯歌大溪至龍潭，時速都不到40公里。
高公局提醒用路人，國一平鎮系統和埔鹽系統入口，27日整天實施匝道封閉，而南向楊梅到新竹系統，彰化系統到埔鹽系統，以及國五，南港系統到坪林，都是易塞的地雷路段，車潮得到下午才會紓解。
高公局路況預報員黃郁凱：「今天在新竹系統，以及國一中壢內壢段，都有一些事故發生，會造成短時間的紫爆，我們在20分鐘內事故盡量排除。」
天雨路滑，國道狀況還不少，西部地區出現車禍事故，加上北部交通量大，一度造成紫爆塞車。
而228連假第二天，早上各地車潮以南向為主，過了中午像是國五北向，就會開始壅塞，提醒民眾上路前，查詢路況避免塞在車陣中。
最HOT話題在這！想跟上時事，快點我加入TVBS新聞LINE好友！",2021/02/27 12:56
https://news.tvbs.com.tw/life/1469113,國5直通蘇花改　規劃速限80公里並置1處ETC,"高速公路
局已將
國道5號
直通蘇花改評估案報交通部，根據高公局規劃，將建7.1公里連絡道，設計最高速限80公里，並設置一座
ETC
收費門架。
多年前，高公局就提出在蘇澳建匝道銜接台9線，再到蘇花改，但地方期待國5能直接通到蘇花改，高公局將最新評估的國5直通蘇花改及先前接台9線，春節前兩案已併陳報交通部審查，由交通部政策決定最後方案。
根據高公局規劃，國5直通蘇花改定位為國道的聯絡道，全長約7.1公里，經過5座隧道，最高速限設計80公里，路幅寬度比照蘇花改，並設置一處ETC收費門架，興建經費新台幣178億元，約是銜接台9線方案19.5億元的近10倍。
因蘇花改屬於省道，目前最低速限是50公里，部分路段已提高至70公里，高公局規劃，國5若直通蘇花改，雖然設計最高速限是80公里，但從連接點開始就要逐漸降速到與蘇花改相同。
國道5號目前終點站在蘇澳，蘇花改起點也在蘇澳，但相距約3到4公里，因所有車流會集中到蘇澳，影響蘇澳市區交通，尤其假日更嚴重，地方政府一直希望蘇花改能與國道5號直接相連。
交通部說，目前正請各相關單位針對國5接蘇花改兩方案表達意見，上半年就會確定方案並提報行政院。（中央社）",2021/02/26 10:50
https://news.tvbs.com.tw/life/1463353,初二回娘家！蘇花改清晨湧車潮　回堵2公里,"大年初二回娘家，宜蘭蘇花改今天(13日)清晨，就有車潮湧現，而高公局也提醒，初二國道全線有20個重點壅塞路段，要民眾盡量避開，也建議南向的用路人，選擇替代道路，或在下午時段出發，才能有效的避開車流。
天空下起大雨，大年初二，一早清晨路上已經湧現，不少回娘家的車潮，員警在大雨中指揮交通。
宜蘭蘇花改早上6點多，車潮回堵大約2公里，高公局也預估，東、西部國道在上午6點過後都會開始湧現車潮，而且會是春節期間，南下車流量最大的一天。
高公局路況預報員許文瑜：「截至上午9時，國5南下雪隧通過量約為13000輛次，相較於去年同期大概減少了10%，國道5號南港系統到頭城，目前車流剛剛已經出現了，那預計車流將持續湧現直到下午5點。」
在宜蘭清水地熱遊憩區，早上9點多，停車場已經停滿一半車輛，馬上啟動總量管制，實施車輛一出一進。
宜蘭傳藝中心，同樣聚集不少人潮針對入園人潮跟車流，也都有管制措施。
但不只在宜蘭，高公局也預估，國道全線在初二會有20個重點壅塞路段，南下像是國1彰化到埔鹽系統國3土城到關西、國5南港到坪林北上則有國一仁德到永康，國3大山到香山，國5宜蘭到坪林等等。
高公局路況預報員許文瑜：「如果是南向的民眾，可以利用下午離峰時段或改駛替代道路，那北返的民眾則是盡早利用上午時段。」
初二回娘家建議民眾避開，高公局公佈的地雷路段，選擇離峰時間出發才能有效的避開車流。
最HOT話題在這！想跟上時事，快點我加入TVBS新聞LINE好友！",2021/02/13 13:48
https://news.tvbs.com.tw/life/1458332,春節蘇花改路肩只開放大客車　警：加強取締違規,"今年春節連假，蘇花公路改善路段將首度開放大客車行駛路肩。警方今天呼籲，屆時將加強取締非大客車行駛路肩，違者可罰新台幣900至1800元。
公路總局將在
春節
7天連假期間，開放蘇花改路肩於特定時段供大客車通行。交通部公路總局預估，從國道5號蘇澳端至花蓮搭乘客運，壅塞時段的行車時間約可較一般自行開車的民眾節省約40至60分鐘，鼓勵民眾多利用大眾運輸工具。
交通部公路總局表示，大客車以外的車輛應行駛蘇花改左側主線車道。經統計，自去年1月至今年1月，警方已針對違規行駛路肩的車輛開出75張罰單，後續也將對類似違規態樣加強取締，呼籲用路人勿以身試法。（中央社）",2021/02/02 15:22
https://news.tvbs.com.tw/life/1457951,春假人潮恐湧花東！　蘇花改開放「駛路肩」,"在這波疫情中，客運業受到不小衝擊！尤其是桃園，真的讓民眾好害怕，這一來讓客運業者叫苦連天，甚至還有不少遊覽車都已經申請停駛來減少損失，不過市長鄭文燦是呼籲大家真的別擔心，防疫措施一定會做好，還是歡迎民眾來觀光。而春節假期就要到了，不想去桃園，很多人可能會轉往花東出遊，交通部也宣布，春節期間會開放大客車行駛蘇花改路肩，疏通車潮，往後3天以上連假也比照辦理。
春節連假即將到來加上桃園最近爆發疫情，花東地區有可能成為民眾出遊首選，交通部長林佳龍特別前往蘇花改，實際走看看客運走路肩，通行上O不OK。
從春節開始，蘇花改有7成路段，開放大客車行駛路肩，往後每遇到3天以上連假，也會針對易塞車時段開放通行，而另外台鐵也公布第2波，春節疏運加開車次2/9、11、15、16，這4天增加10列次東部幹線，只是解決了塞車問題，客運業也有滿肚子煩惱。
桃園客運總經理陳雅玲：「那補貼的部分是不是也請市長，在物資的幫忙的部分，也會幫我們爭取一下，因為在去年6月好像就沒有了。」
在這波疫情中桃園地區受到最大衝擊，國外團客進不來，台灣民眾更是避之唯恐不及，不少遊覽車都已經申請停駛，客運業者向市長鄭文燦訴諸心聲，而回到中央層級，這問題該怎麼辦。
交通部長林佳龍：「我們有建請行政院，可以檢討之後就還可支用的特別預算，能夠支持跟觀光旅遊相關的產業。」
希望用特別預算來補貼，但一切都還沒拍版定案，短期內只能靠推出優惠方案勉強支撐想要治本，關鍵就在拉回民眾信心。
桃園市長鄭文燦：「這段時間的熱區消毒，我想可以讓市民放心，環境污染的因素也可以減少。」
大溪老街包括街道跟騎樓，全面進行消毒，也希望削減遊客對桃園疫情的疑慮，市長鄭文燦隨後也前往國民運動中心，親自下場做運動，一下體驗皮拉提斯，一下跟民眾互動打桌球透過行動安撫大家，只要做好防疫措施，來桃園真的不用害怕病毒。
《TVBS》提醒您：
因應新冠肺炎疫情，疾管署持續加強疫情監測與邊境管制措施，
如有疑似症狀，
請撥打：1922專線
，或
0800-001922
，
並
依指示配戴口罩儘速就醫
，同時
主動告知醫師旅遊史及接觸史
，以利及時診斷及通報。
最HOT話題在這！想跟上時事，快點我加入TVBS新聞LINE好友！",2021/02/01 20:09
https://news.tvbs.com.tw/life/1455804,快訊／首度！蘇花改春節期間　開放大客車行駛路肩,"春節期間可能出現大批的返鄉以及出遊車潮，公路總局四區工程處宣布，春節期間的交通尖峰時段，蘇花改路肩首度開放大客車通行，估計節省40至60分鐘的車程，而且未來有3天以上連假都將比照辦理。
最HOT話題在這！想跟上時事，快點我加入TVBS新聞LINE好友！",2021/01/28 10:02
https://news.tvbs.com.tw/local/1446584,進部落「防超速」！　「舊蘇花」設區間測速相機,"儘管蘇花改通車了，但包括重機和大貨車都還是必須走蘇花舊路，這對於在「舊蘇花公路」上的「和中部落」居民來說，還是擔心車速過快會影響居民安全，尤其前年在部落內發生了兩起死亡車禍，希望不要再發生類似意外!現在警方在當地設置了「區間測速相機」，等標檢局檢測通過後，就會正式上路！
(108年9月21日)小朋友橫越馬路，遭重機迎面撞上！這是發生在前年九月，在花蓮舊蘇花公路和中部落內的車禍意外，不幸的是孩子送醫後醫生宣告不治，時間再往前。
同年四月(108年4月13日)，一輛重機撞上轉彎貨車，結果撞到貨車右側油箱，瞬間起火，重機騎士命喪火海，地點也是在舊蘇花公路的和中段。
和中部落居民：「車子太快了，部落內一年發生兩起死亡車禍，居民認為和車速也有關係。」
花蓮和中部落就在蘇花舊路上，這邊道路寬敞筆直，雖然蘇花改通車後，大部分車輛改走新路，不過包括大貨車和重機等還是只能走舊路。
和中部落居民：「我很希望重型機車，可以改到蘇花改，不用跑到這個鄉村這裡。」
當地居民認為很多車沒有依速限行駛，才會導致車禍頻傳，向相關單位請求幫助，除了增加紅綠燈還多了科技執法的區間測速！
職業大貨車駕駛：「我覺得進村莊，就是大家互相尊重進去，其實有道德的司機，大部分速限都會放慢，你說再增加這個(區間測速)，我覺得必要性不大，因為我們這邊又不是快速道路。」
職業大貨車駕駛：「它其實沿路告示牌都有，車速限速多少，我們已經都照它的限速在走了。」
職業駕駛說，他們大部分都會遵守速限規定但。
職業大貨車駕駛：「上去那邊限速50，突然到這邊變40，上去又變50，請交通單位還是要做調整。」
當地警方說，現在蘇花舊路和中到和仁路段，在去年12月底已經先設置了區間測速設備，區段內全線限速40公里，不過目前還在試運轉，一切要等中央標檢局檢測通過後，才會正式上路。
最HOT話題在這！想跟上時事，快點我加入TVBS新聞LINE好友！",2021/01/10 19:12
https://news.tvbs.com.tw/local/1443299,騎士請求撤銷蘇花改禁行機車標誌　法院判敗訴,"重機騎士羅邵華等人不滿蘇花改禁行機車，控告公路總局請求撤銷禁止行駛交通標誌。法院認定設置交通標誌公告限制通行目的，是為追求防止事故等公共利益，判羅邵華等人敗訴。
此外，台灣機車路權促進會去年7月初發起包圍公路總局活動，提出立即開放南迴改及
蘇花改
行駛機車5大訴求，公路總局採納部分意見，蘇花改最快今年6月試辦開放重機。
全案緣於，蘇花改（省道台9線蘇花公路山區路段改善計畫）去年1月6日通車，公路總局規定部分路段禁行機車。
騎士羅邵華、林志學不滿有路段禁行機車，提告主張蘇花改為新近完成的公路，路線平直，道路狀況極佳，主管機關限制機車用路人通行部分，並未提出高溫、噪音、廢氣對行車安全造成影響的評估與實證研究，此種差別待遇不具正當合理關聯，有違平等原則，請求撤銷禁止行駛的交通標誌。
公路總局第四區養工處辯稱，羅、林分別居住桃園市與苗栗縣，2人沒證明與蘇花改路段有何接觸，僅針對新聞刊載的公共政策爭訟，而非實際上有何權利或法律上利益受有損害，2人提起撤銷訴訟，明顯然欠缺權利保護要件。
台北高等行政法院日前認定，第四區養工處具有設置交通標誌權限，交通標誌所形成差別待遇所追求的目的正當，是為追求防止事故等公共利益，且有合理關聯，並無違平等原則，判羅、林2人敗訴，可上訴。（中央社）",2021/01/04 16:46
https://news.tvbs.com.tw/life/1442075,元旦連假首日　蘇花改南下清晨一度湧車流,"公路總局表示，今天是
元旦
連假首日，蘇花公路改善路段清晨一度湧現南下車流，但上午7時之後車流大致順暢，不至於壅塞。
交通部公路總局第四區養護工程處交通管理及控制中心主任陳國正表示，這次連假因有許多遊客提前南下跨年，昨天蘇花改南下車流量就比過去平日多，提前消化車流。
他說，今天清晨5時30分到6時30分期間，雖因蘇花改蘇澳段入口前的沿線交通號誌管控，造成車流回堵約1.7公里，但近7時之後交通還算順暢。
宜蘭縣警察局蘇澳警分局因應元旦連假，今天清晨天未亮時就派員在蘇花改蘇澳段附近路口疏導交通。
蘇澳警分局表示，元旦連假將加派警力及義交加強蘇澳地區、蘇花改沿線及轄內各重要風景區等路段交通疏導，並編排交通快打警力，針對轄區可能發生交通壅塞情形可以即時反應，維持行車順暢。（中央社）",2021/01/01 10:30
https://news.tvbs.com.tw/life/1436105,蘇澳到花蓮「恐塞4小時」　避開元旦3大易塞路段,"2020年快結束，東部是
跨年
迎曙光熱門點，尤其疫情影響無法出國，跨年及明年元旦東部旅宿訂房率已逾9成，公路總局預估台9線蘇花改公路將大塞，蘇澳到花蓮需4小時，是平日2倍。
公路總局今天發布新聞稿，針對
台9線蘇花改、南迴公路及台61線西濱快速公路
等3條主要幹道，盤點跨年及元旦假期預估各路段尖峰時段，提醒民眾提前規劃行程，盡量避開尖峰時段。
台9線蘇花改部分，公路總局預估南下往花蓮方向尖峰時段為12月31日晚間9時至12時，及2021年1月1日上午6時至11時。
公路總局說，在車流量尖峰壅塞的情況下，蘇澳至花蓮行車時間預估將達4小時，比平常增加約2小時；北上往蘇澳部分，尖峰時間為2021年1月3日中午12時至下午5時，花蓮至蘇澳行車時間預估將達3小時，比平常增加40至60分鐘。
公路總局調查，元旦假期東部地區旅宿訂房率已達9成以上，預估台9線蘇花改將更壅塞，強烈建議民眾避開尖峰時段行駛。
台61線西濱快速公路部分，公路總局預判元旦假期交通狀況應大致良好，僅尖峰時段部分瓶頸路段，如香山、竹南將出現局部車多情形，民眾可多利用，避開國道尖峰時段。
公路總局提醒民眾，2021年1月2日及3日，高速公路局將封閉西濱交流道北上入口匝道，請用路人依沿線導引指標繼續北上行駛至香山交流道銜接國道3號。
台9線南迴公路部分，公路總局預測
元旦
假期受跨年迎曙光活動影響，北上往台東方向尖峰時段為12月31日下午3時至晚間12時及2021年1月1日上午9時至12時，南下往屏東方向尖峰時段為1月3日下午12時至晚間8時，瓶頸路段如金崙大橋北端、草埔森永隧道南口等，將出現局部車多情形，行車速率將降低到時速40至50公里，尖峰時段整體行車時間增加幅度應不會超過30分鐘，仍建議用路人盡量避開尖峰時段行駛。
為鼓勵民眾搭乘大眾運輸，公路總局在蘇花路廊南下蘇澳地區、和平地區、北上崇德地區及南迴公路香蘭金崙路段，分別實施大客車優先道措施，搭乘公共運輸將較自行開車節省行車時間，行經蘇花路廊南下將節省約35分鐘，北上將節省約15至20分鐘，行經
南迴
公路將節省約7分鐘。（中央社）
《TVBS》提醒您：
因應新冠肺炎疫情，疾管署持續加強疫情監測與邊境管制措施，
如有疑似症狀，
請撥打：1922專線
，或
0800-001922
，
並
依指示配戴口罩儘速就醫
，同時
主動告知醫師旅遊史及接觸史
，以利及時診斷及通報。
【加入社團‧疫起發聲】
邀請世界各角落的你
加入Facebook社團【
全球說疫情
】
訴說封城和防疫大小事→
https://www.facebook.com/groups/894299717696509/",2020/12/21 17:55
https://news.tvbs.com.tw/life/1428037,停駛有差！民宿房間少　遊客退訂好冷清,"邊坡坍塌，釀成這次台鐵停駛，不少民眾都受到影響！沒有台鐵可以搭乘，但蘇花改通車後，有民眾乾脆改自駕上蘇花，另外客運跟航空業者也紛紛加開班次來疏運旅客，不過在這樣的情況下，其實旅宿業也真的受到影響，其中以民宿生意落差最大，因為房間數跟飯店相比少很多，只要有2、3組客人退房，可能一整天都會是空蕩蕩沒生意上門。
一下車，每個人大包小包提著行李，準備先Check in進飯店，再開始一天的行程，雖然台鐵瑞芳到猴硐路段走山坍方，北部往返宜花東路線停駛，但看看這飯店大廳，人數還是不少。
花蓮飯店副理鍾佩瑜：「我們周末的住房率基本上都是有8到9成左右，我們大部分的客人，其實因為蘇花改通的關係，所以都是用自駕的方式，來到我們的飯店。」
雖然還是有遊客退房，但只有零星幾間，沒受到太大影響，不過反觀民宿的部分。
天氣不錯，但戶外空間就是冷冷清清，一個人都沒有。
花蓮民宿協會理事長葉陳錦：「那對於民宿來講我們間數少，所以原則上它的比例來講就是偏高，所以每個業者都說，我有退房，我有退房，那個反應是很強烈的。」
跟大飯店相比，房間數少很多，只要2、3組遊客退房，生意就差很大，而且5日舉行的馬拉松賽事原本有8千人報名，但因為鐵路中斷，至少1千人臨時取消參賽，不過對店家來說，有活動就有遊客，營業一整天下來還是強強滾。
小吃業者：「有太魯閣國際馬拉松，所以其實還好，影響沒有很大。」
到宜花東出遊少了火車選項，有的人改自駕上蘇花或是改搭客運。
排隊等著買票，宜蘭轉運站湧現人潮，就怕慢一步就買不到。
旅客：「今天可能還沒辦法通，就先叫家人買客運票，對，怕回不去。」
碰上周末北返人數較多，宜蘭有客運業者連2天都加開，將近200班次，疏運1萬4千多人，另外航空業者也加開班機，讓民眾往返台北台東，至於蘇花改也有可能相對出現塞車狀況，先查詢路況再出發比較保險。
最HOT話題在這！想跟上時事，快點我加入TVBS新聞LINE好友！",2020/12/06 13:06
https://news.tvbs.com.tw/life/1397943,雙十連假蘇花改11時後行車順暢　估車流高峰已過,"今天是
國慶連假
首日，蘇花改上午5時起南下逐漸出現車潮，公路總局表示，上午10時車流逐漸減緩，上午11時時速可達50公里，預估今天車流高峰已過，之後應可順暢通行。
交通部公路總局第四區養護工程處交通管理及控制中心主任陳國正表示，蘇花路廊於上午5時起南下方向逐漸出現車潮，至6時進入高峰後，上午持續維持每小時900至1000輛的交通量。
陳國正指出，截至上午10時，蘇花路廊南下宜蘭往花蓮方向車流量為6753輛，推估今天蘇花路廊南下車流量後續仍有9000餘輛。
至於旅行時間，陳國正表示，上午10時蘇澳至崇德南下經台9線蘇花改旅行時間約為119分，經台9丁線旅行時間約為125分，上午車多路段包含台9線蘇澳中山路2段、蘇花改蘇澳路段南下方向。
警方表示，國慶連假首日清晨4時許開始下起細雨，蘇花改蘇澳端上午5時30分車流逐漸湧現，宜蘭縣警察局為因應民眾出遊車潮，已預先規劃警力於重要路口加強疏導，維持行車秩序安全。
國道3號南港系統匯入國道5號上午6時30分起車潮持續不斷，警方預估中午過後宜蘭縣內各觀光景點及風景區將逐漸出現車潮，縣府工商旅遊處指出，五峰旗風景區上午9時50分停車場已客滿，目前採取一出一進管制，清水地熱也在上午9時52分啟動管制。（中央社）
最HOT話題在這！想跟上時事，快點我加入TVBS新聞LINE好友！",2020/10/09 12:19
https://news.tvbs.com.tw/life/1397928,出遊人潮爆！合歡山一早8點　3停車場皆滿,"3天連假正式開跑，國道的車流狀況卻沒比中秋節好，一早國五在南港坪林一帶一度紫爆，直到高乘載才稍微穩定，但整個西部國道車況也不好，彰化埔鹽、楊梅到新竹和中部路段都車多不好走，高公局預估下午西部路段車會更多，很多人都把握假期出門玩，一大早在宜花東、合歡山人潮滿滿。
連假出遊，一早的合歡山就好熱鬧，光在必拍打卡的武嶺亭就擠到水洩不通，從早上8點開始塞，到9點從昆陽停車場、遊客中心停車場、清淨停車場全爆滿，但上山車輛還是不斷湧入，現場也開始交管。
前往觀光區的國道當然也不好走，交通部公布的6大地雷路段，國1南下楊梅到新竹、彰化到埔鹽時速一度只有30km，北上圓山到大華，國3南下的鶯歌到關西、烏日到霧峰，國5則是南港到坪林要注意高乘載管制，連假首日到中午12點結束，雙十節當天，南下是清晨6點到12點，但下午2點到晚上9點也實施高乘載，上午出遊車潮，除了國道北中南地雷路段，時速幾乎只有40到50，東部出了雪隧接蘇花改。
從天還沒亮清晨5點半車就很多，一路到上午中午車流回堵到3.5公里。
高公局預報員黃郁凱：「我們預估在今天的國五南向，國一南向的楊梅路段，以及國三南向土城到關西路段，會有壅塞情形，國五南下部分會壅塞至下午5點，而西部的北部地區，南下壅塞大約至，下午3-4點會陸續紓解。」
雙十車況確實比中秋，各地壅塞一些，連林佳龍部長都擔心，雙十3天假車流，會比中秋4天假難疏運，交通部同樣祭出搭客運優惠，北花線單人來回，只要400元還送咖啡，相比台鐵自強號，北花單程440元划算很多，甚至轉租車也有折扣優惠。
雙鐵航空疏運，針對雙十，高鐵跟台鐵相比中秋節加開班次比較少，但從台北搭往左營自由座看，走道站位旅客沒有中秋節多，多數民眾連假只有3天還是開車比較多，往宜花東南投各地省道也塞車，出門前多查查，免得假期卡在車陣中。
最HOT話題在這！想跟上時事，快點我加入TVBS新聞LINE好友！",2020/10/09 12:11
https://news.tvbs.com.tw/life/1396729,雙十連假！　首日估蘇花南下恐湧「2萬車潮」,"中秋連假剛結束，緊接著雙十連假又要登場，公路總局四工處預估，蘇花改跟蘇花公路，9日清晨4點就會出現南下車潮，而三天連假，東部恐怕也會人擠人，飯店訂房率平均都有九成，遊客不想塞車，得要好好規劃了。
中秋連假，車潮疏運措施成效比想像中還要好，隔不到一週，換雙十連假登場，就有民眾擔心塞車，提早安排行程。
民眾：「因為這個時間，人比較不會那麼多，車子在行進間也比較順暢，就是為了要避開國慶連假，的那個時間點。」
公路總局四工處預估，蘇花改跟蘇花公路，9日清晨4點就會出現南下車潮，一直要中午過後才會紓解，預估單日南下車流量有2萬輛次，國慶3天連假的疏運措施，跟中秋連假大致上都相同，高速公路局也特別建議了，可能比較不塞車的時段。
國慶疏運高公局交管組副組長宋嵩：「前兩天南下部分，那因為這個早上的量會比較大，建議大家如果可以的話盡量避開，那可以使用下午來做南下的行駛，那後兩天的話就是可能北上的部分，可能下午量會比較大，所以有可能的話，就是盡量利用早上的時段來使用國道。」
三天連假東部恐怕又要人擠人，宜蘭三家指標型的五星級飯店，平均都有9成的住房率，連假前兩天都已經客滿，花蓮的飯店，訂房率平均也都接近9成，但伴手禮業者則表示，中秋連假的買氣沒有想像中好。
花蓮訪伴手禮業者劉瑞祺：「中秋連假的生意，坦白講只有預估的一半，我們預估雙十連假的客人，應該會比中秋連假大概再少兩成吧。」
中秋連假業績不如預期，因此老闆這回，就把國慶連假當做一般假日準備，只是遊客不想塞在車陣中，可得好好規劃，避開塞車熱點。
最HOT話題在這！想跟上時事，快點我加入TVBS新聞LINE好友！",2020/10/07 13:21
https://news.tvbs.com.tw/life/1395375,別太相信「谷歌」！　騎士導航誤闖蘇花改挨罰,"中秋連假不少民眾來趟花東行，但有不少機車騎士誤闖蘇花改吃罰單，一查之下才發現，大家都是藉由Google導航，結果被導錯路，光是中秋4天連假就有84件誤闖，讓騎士們傻眼，不過也因為蘇花改對於機車來說相對危險，因此及時攔截，才能避免後續意外發生。
員警：「這裡，簽這裡，這整面就好。」
誤闖蘇花改，被員警攔停吃下紅單，牽車往回走，只是走沒幾步，又有不知情的騎士被攔查。
員警vs.騎士：「Google都會說請右轉，請右轉，請右轉就中招了啊。」
因為GOOGLE導航，走這條路的不只他們，果然下一秒，又有一對年輕人手拿著導航跟著闖進來，一連矇圈，明明看著導航走，奈ㄟ安捏！
員警vs.騎士：「你違規行駛蘇花改攔你下來依規定舉發，欸，所以這邊不能走，不行走。」
實際用Google的機車導航看看，果然路線直接導航到蘇花改，不熟路的民眾直接被帶偏，其中蘇花改因為部分路段有開放重機，有些不能，但導航搞不清楚，全部導上去，儘管入口處有禁行機車的告示牌，地上也有標線提醒，還是讓不少騎士誤闖挨罰，根據統計，今年1月1日到9月28日，蘇花改全線取締件數高達3411件，其中光是中秋四天連假，重機和一般機車誤闖的就有84件。
騎士：「譬如說像我們這種不常走的，我們導航它直接就是導到蘇花改。」
騎士：「對導航都會出錯，只要有用GoogleMap的都會出錯。」
四區工程處科長沈清瑞：「不要太輕易地相信相關的導航設施，有時候會把我們導引到一個錯誤的路線。」
蘇澳警備隊長陳裔欣：「(誤闖)那我們仍然會依道路交通處罰條例第60條，處900元以上1800元以下罰鍰。」
不熟路況，民眾通常仰賴導航，但道路更改卻無法即時更新，導致不少用路人因為誤場挨罰，目前相關單位正積極聯繫Google，針對相關路線進行修正，但在更新之前，民眾在上路前最好還是先做足功課，不然挨罰事小，要是因為誤闖發生意外，恐怕就不是罰錢能解決。
最HOT話題在這！想跟上時事，快點我加入TVBS新聞LINE好友！",2020/10/04 23:19
https://news.tvbs.com.tw/life/1393721,中秋連假　蘇花改預估10/1凌晨3時起湧車潮,"公路總局第四區養護工程處今天表示，
中秋
連假有4天，且花東地區為國內旅遊熱門景點，
蘇花公路
改善路段南下方面預估明天凌晨3時起就會湧現車潮，呼籲用路人做好行程規劃。
第四區養護工程處交通管理及控制中心主任陳國正告訴中央社記者，截至今晚7時30分為止，蘇花改南下路段車流大致順暢。過去連假首日，蘇花改南下路段通常約在凌晨5時起會出現較多車流，但受到用路人預期心理影響，這次中秋連假在明天凌晨3時起就會湧現車潮。
他表示，明天一整天蘇花路廊（蘇花改與蘇花公路）預估南下車流高峰約2萬1000輛次，壅塞情形可能會持續至傍晚6時候才會緩解，連假最後2天以北返車流為主，建議用路人利用非尖峰時段，避開車潮。（中央社）
最HOT話題在這！想跟上時事，快點我加入TVBS新聞LINE好友！",2020/09/30 20:37
https://news.tvbs.com.tw/local/1393605,塞！蘇花貨車失控衝撞砂石車　民眾困車陣,"中秋連假就要到了，就怕像上次端午連假的慘況，這回各個縣市尤其是熱門景點都推出措施，防止塞車的情況，花蓮預估連假期間，每天會有7萬輛車進入花蓮，啟動車牌辨識系統監測，只要蘇花改和中仁隧道、仁水隧道每15分鐘內達200輛車，就會加派警力佈署，另外台東、高雄跟嘉義，也都有措施因應。不過還是有突發狀況，下午在蘇花公路就有貨車衝到對向車道撞砂石車。
出隧道口，貨車直接衝到對向車道，撞上砂石車，碰的好大一聲，這一撞不只車損嚴重，駕駛也一度卡在車內。
這是在蘇花公路161公里，匯德隧道口北上的地方，30日下午兩點多，貨車疑似煞車失靈，失控撞砂石車，救難人員費了一番功夫才將貨車駕駛救出，但也造成了蘇花公路至少回堵了1公里，原本有民眾想趁連假前先出發，卻不料先塞在車陣中，臉書上留言直說真的好想上廁所。
其實不只是要返鄉，另外要去景點的民眾，最好也得有心理準備，連假四天，交通狀況變數多。
花蓮縣警局預估，連假每天進入花蓮車流會超過7萬輛，因此啟動車牌辨識系統監測，只要蘇花改和中仁隧道，仁水隧道每15分鐘達200輛車，就會加派警力佈署。
花蓮縣警察局交通副隊長陳信成：「即時細胞簡訊給我們警察同仁，讓我們在各種交通勤務的規劃上，超前佈署。」
另外其他地方，就怕連假大塞車，也推出不同措施。
台東在中秋連假四天，在多良火車站、金崙大橋，太麻里外環道等等，車輛容易聚集的地點路段，也會派員定點做交通疏導以及分流管制。
遊客：「(怕塞車嗎)不怕，(為什麼)，因為要玩啊塞車也是玩啊。」
而高雄，同樣在各個景點，像是旗津、西子灣，也會實施交管措施，來提升行車效率。
至於嘉義，除了景點疏導之外，公路總局也推出，國道客運89條路線，約85折的優惠，45條台灣好行電子票證也有半價優惠。
今年恐怕會是最塞中秋節，蘇花公路、南迴公路，跟台61線西濱快速公路，預估車流都不少，其中又以蘇花公路往花蓮方向，在10/1上午5點到下午3點，可能車流量會最多，建議民眾避開用路高峰時段。
最HOT話題在這！想跟上時事，快點我加入TVBS新聞LINE好友！",2020/09/30 19:54
https://news.tvbs.com.tw/life/1390987,花蓮市區停車格擬設智慧導引　即時查詢剩餘車位,"蘇花改通車後，出遊花蓮自駕比例提高，市區停車需求大增，花蓮縣府規劃在市區路邊收費停車格、路外停車場建置智慧停車及導引系統，即時查詢空格，最快明年農曆年後建置完成。
花蓮縣政府建設處長鄧子榆指出，智慧停車及導引系統建置計畫，獲中央經費補助新台幣1500萬元、縣府自籌款230萬元，今天通過縣議會二、三讀，近日將上網招標，順利的話明年農曆年後、約3月可建置完成。
鄧子榆指出，參考宜蘭縣、台北市中正及大安區智慧停車格管理狀況，規劃將在市區1295個路邊收費停車格全面安裝地磁感應器，加上15處路外停車場剩餘車格數量統計，即時更新在「
花蓮
交通e點通」網站供民眾查詢，也會在可變式資訊系統（CMS）顯示，縮短找停車位時間。
不過有民眾反映
停車
狀況隨時都在變化，透過網站顯示相較不方便且有落差。鄧子榆指出，會持續檢討改善，提供最快速、即時的方式，現階段希望民眾出門前可先查詢目的地附近停車狀況，提前規劃動線。（中央社）
最HOT話題在這！想跟上時事，快點我加入TVBS新聞LINE好友！",2020/09/25 19:00
https://news.tvbs.com.tw/life/1389501,中秋國五最塞　縣府估連假單日7萬輛次,"下週就是中秋連假了！最塞的路段還是國五，連假期間，宜蘭縣府預估每天車流約7萬輛次，蘇花改也會有2萬輛次。為了鼓勵民眾搭乘大眾交通工具，憑客運票根，到當地租車，能享有最低7折優惠：持租車憑證搭車，客運票價最多也能減200元！
中秋4天連假就要到，用路人怎麼開怎麼搭，公路總局有貼心提醒。
公路總局交通管理組副組長姜宇峰：「蘇花改的這個路段，它基本上在假期的第一天，的上午到下午這個時段(南下易壅塞)。」
不只台九連假第一天車多難走，高公局資料預估，國5南下北上車流，每日恐湧入7萬輛車次，蘇花改也有2萬輛次，北上第二天下午，出現北返車潮，中午到傍晚時刻是車流高峰。
公路總局交通管理組副組長姜宇峰：「針對這一次因應高速公路局，在10/1、2、9，有封閉國道5號和石碇的南下匝道，這部分我們會建議用路人，可以用我們的台九線作為替代道路。」
雙連假人潮出籠，各警分局也提前規劃，除了台66線快速道路，匯入國1平鎮系統，南下匝道口特定日期，實施封閉管制10月1日到6日12點，國1桃園、內壢、中壢、幼獅、楊梅交流道和國3大溪、龍潭等南下匝道口，也實施高乘載。
另外公路總局，鼓勵民眾搭大眾交通運輸，祭出多項優惠，其中號稱殺最大的，是台北、花蓮國道客運，單人來回單價只要400，業者再加碼優惠，延長到整個10月份，若持國道客運票跟和指定租賃業者租車，可享65折優惠，拿北宜或北花同一客運，公司購票證明和租車憑證，回程能再退200，當個聰明用路人。
最HOT話題在這！想跟上時事，快點我加入TVBS新聞LINE好友！",2020/09/22 23:31
https://news.tvbs.com.tw/life/1389335,快訊／中秋國五車流　縣府估「南下北上」日7萬輛次,"下週就是中秋連假了！根據宜蘭縣府和交通單位預估，連假期間國5南下、北上車流，每天將達7萬輛車次，蘇花改也會有2萬輛次。為鼓勵民眾搭乘大眾交通工具，憑客運票根，到當地租車能享有最低7折優惠：持租車憑證搭車，客運票價最多也能減200元，增加民眾誘因！
最HOT話題在這！想跟上時事，快點我加入TVBS新聞LINE好友！",2020/09/22 18:23
https://news.tvbs.com.tw/local/1376098,疑喝醉男子仰躺車道　轎車輾過竟肇逃,"疑似是喝酒賠上性命！花蓮一名胡姓男子26日晚上7點多站在台9線167.6K處車道上，不一會兒整個人倒地躺在馬路，結果被經過的一輛轎車輾過，送醫不治，附近居民說他幾乎天天喝酒，之前就曾經喝醉被撞傷，而撞人的駕駛竟然沒停下來，肇事逃逸，警方馬上調閱監視器追人，2小時內在蘇花改將他攔查到案。
民眾開車經過，突然看到一名男子站在車道上，頭低低的，精神有點恍惚，過沒多久啪的一聲，男子臉朝上直接仰躺倒地，只是接下來驚悚一幕發生了，轎車看到綠燈，速度飛快開過路口，沒注意到地上男子直接輾過，完全沒停車，肇事逃逸。
附近居民：「救護車來的前幾分鐘而已，我記得我在包檳榔，然後我有聽到那個緊急煞車聲，我的孩子我都不敢帶出去，因為很多次聽到了(急煞聲)。」
救護人員立即到場救治，男子當場沒有意識，還散發酒味。
事發在26日晚上7點多台9線167.6K處，花蓮秀林鄉崇德地區，53歲胡姓男子被撞，當場失去生命跡象，經過搶救後還是傷重不治，是否因為喝到爛醉而發生意外，還在抽血檢驗當中。
附近居民：「他每天都喝酒，他曾經被撞過一次。」
原來男子長期酗酒，喝得醉醺醺，之前就曾因喝到不省人事出了車禍，不過當時只有擦挫傷，這次卻丟了性命，而肇事的32歲陳姓駕駛，當時車上載著家人要返家，撞了人卻加速落跑，案發後2個小時已經被警方查緝到案。
最HOT話題在這！想跟上時事，快點我加入TVBS新聞LINE好友！",2020/08/27 13:01
https://news.tvbs.com.tw/local/1376007,晚7天回家...花蓮醉男躺台9線　遭小客車輾斃亡,"花蓮縣秀林鄉崇德部落昨（26日）晚間7點發生一起車禍，一名56歲胡姓男子喝得酩酊大醉，突然不勝酒力躺在台9線167.6K處呼呼大睡，不料遭到北上行駛蘇花改的小客車輾過，醉男當場失去生命跡象，經送醫搶救後仍宣告不治。涉嫌肇事逃逸的陳姓駕駛已被警方追查到案，全案正進一步釐清中。
警方調查，死者胡男（53歲）為崇德村民，由於撞擊力大過大，當場翻滾數公尺，身上的零錢都掉了出來，當地民眾立即報警，救護人員到場立即將胡男送往805醫院救治，最後仍因傷重不治，晚間8點56分宣告急救無效。
警方獲報後立即展開調查，調閱監視器畫面，已鎖定涉嫌肇事逃逸的32歲陳姓駕駛，通報線上警網展開全面搜索，2小時內將涉嫌駕駛逮捕歸案，檢測並無酒駕。據了解，陳男當時正載一家人北上返家，途中撞上躺在臥倒的胡男，全案詳細情形正進一步釐清，警方朝肇事逃逸、過失致死罪嫌偵辦中。
當地民眾透露，死者胡男平常就有喝米酒的習慣，每天都會喝得爛醉，什麼地方都可以躺，曾經就有被撞過一次的經驗。
最HOT話題在這！想跟上時事，快點我加入TVBS新聞LINE好友！",2020/08/27 10:21
https://news.tvbs.com.tw/politics/1375742,國旅補助不夠用?!業者:停周末補助可省預算,"據觀光局統計，今年7月來台旅客共11748人，較去年負成長98.81％，其中又只有21人是來台觀光，可以說是「慘中之慘」。而除了國際旅客來不了之外，現在連國旅補助預算都將見底，恐提早於9月上旬結束，消息一出，民眾及觀光業者抱怨連連，皆盼交通部能爭取預算，將補助如期實施至10月底。對此，有在經營民宿的資深媒體人曾建華今(26日)接受《新聞大白話》主持人錢怡君線上訪問表示，「大家常說『報復性出遊』，倒不如說是『補償性出遊』，旅遊補助是政府的美意，業者們也有感受到，但希望可以取消星期五晚上至星期日的補助，民眾在這些時段原本就有消費需求，假日也有補助的話，除了會造成預算消化快，導致8月底就出現經費將用罄的窘境，也造成雪隧、蘇花改，及墾丁等觀光熱區塞車情況嚴重。」而曾建華也提到，「全台約有2萬家民宿業者，總共大概4萬至6萬的基層員工，生計對他們來說很重要，希望交通部可以盡量爭取預算，完成對全民的承諾，及對相關同業人員的支持。」
最HOT話題在這！想跟上時事，快點我加入TVBS新聞LINE好友！
～開啟小鈴鐺　新聞搶先看～
TVBS新聞YouTube頻道改版囉！　快點我按讚訂閱",2020/08/26 18:03
https://news.tvbs.com.tw/life/1374173,「撞」況多！人、車潮湧入　花蓮車禍增3成,"開車騎車上路，真的要遵守交通規則！疫情關係，國旅熱度提升，加上南迴改跟蘇花改陸續通車，花東地區大量湧入遊客車潮，結果車禍跟違規狀況不斷，警消人員全都忙翻。而南迴改上一支測速照相機，更是只用了7個月時間，舉發件數就達到15690件，一舉超越去年測速王一整年的「業績量」，替國庫進帳2千8百多萬元。
疑似是疲勞駕駛自撞分隔島，轎車在馬路中央翻覆還有另一起，白色車輛在路口要迴轉，但對向駕駛來不及閃避，從側面撞上去花蓮地區，最近交通事故頻傳以同期7月來說，去年發生1088起車禍，但今年增加到1407起多了將近3成，因為疫情解封加上蘇花改通車，東部遊客暴增光是7月份南下車流，就達到18萬3千多車次突破新高，人車一多，車禍件數自然增加。
在地民眾：「自己在路上偶爾也會有看到，就是車禍的小事故，那感覺起來好像都是，外來的遊客對路況不太熟悉，然後造成的一些小擦撞。」
不過離開花蓮，再繼續往南走到台東，發生的交通事故跟違規狀況卻是一點也沒減少，可以看到台9線上拍到的這張照片，限速60公里，轎車卻飆到144公里，完全不顧生命安全。
公路局人員：「有的人都是沒在看那個標示啦，(沒有在看標示的喔)，沒有在看標示直接衝過來，都會超速啊。」
台9線南迴改通車以來，取締超速件數非常驚人，今年拍到最多的就是這支南迴殺手，台9線427k處，安朔交控中心前雙向拍照，1到7月已經舉發15690件，相比去年拿下測速王寶座，在多良火車站附近約405公里處，拍到15570件的這支，短短7個月時間，國庫進帳2千8百多萬元，不過這2支測速照相機，速限分別是70跟50公里落差不小，駕駛還是得隨時注意標示，避免發生意外，也才不會吃上罰單。
《TVBS》提醒您：
因應新冠肺炎疫情，疾管署持續加強疫情監測與邊境管制措施，
如有疑似症狀，
請撥打：1922專線
，或
0800-001922
，
並
依指示配戴口罩儘速就醫
，同時
主動告知醫師旅遊史及接觸史
，以利及時診斷及通報。
【加入社團‧疫起發聲】
邀請世界各角落的你
加入Facebook社團【
全球說疫情
】
訴說封城和防疫大小事→
https://www.facebook.com/groups/894299717696509/
最HOT話題在這！想跟上時事，快點我加入TVBS新聞LINE好友！",2020/08/23 20:09
https://news.tvbs.com.tw/local/1373992,人潮多車禍增！觀光客頻出遊　警消忙翻,"報復性出遊為花蓮帶來人潮，交通事故件數不斷攀升！蘇花改通車後，往返花東相當方便，七月份創下18萬的車次，不過這段期間的車禍案件，跟去年同期相比就多了3成，甚至違規狀況也是到處都看得見，警消不僅要忙車禍的救護案件，更要到處舉發違規，當地民眾也抱怨連連。
白色車輛才剛剛一迴轉，但另一向的駕駛根本閃避不及，直接撞上，還有另一起車禍，駕駛疑似疲勞駕駛，自撞中央分隔島，路中央翻覆，或是機車騎士沒注意到一旁貨車的內輪差，結果遭到輾斃，驚悚畫面最近三不五時就在花蓮上演。
在地民眾：「自己在路上偶爾也會有看到，就是車禍的小事故，那感覺起來好像都是，外來的遊客對路況不太熟悉，然後造成的一些小擦撞。」
車禍發生變得頻繁，連在地民眾很有感，以往似乎車禍沒那麼多，最近卻陸陸續續增加不少，因為比較一下去年7月發生1088起，但今年增加到1407起，相比之下，車禍件數多將近3成。
花蓮分局交通隊副隊長陳信成：「花蓮縣警察局特別從5月下旬，開始針對一周一重點，針對容易在重要道路路口，容易發生交通事故的各種違規，積極規畫專案，積極來取締。」
即使有一周一重點的專案規劃，但觀光客來到花蓮，大多自駕，路況不熟車禍就發生了，警消人員一接獲通報馬上出動，但人力沒有增加，大家真的都忙翻了，疫情再加上蘇花改通車後，往返花東更方便。東部的遊客增多，根據交通部公路總局統計，光是7月份南下車流，就達到18萬3千多車次。
在地民眾：「因為人多啊，車多啊，這裡又很多那種著名的店家，所以很多人就是會臨停，然後下來買東西，可是他一臨停就是會造成塞車。」
貪圖方便，車就隨意亂停，整條馬路塞得水洩不通，走走停停，在地居民也紛紛抱怨，報復性出遊帶來觀光效益，只是問題也跟著增加不少。
最HOT話題在這！想跟上時事，快點我加入TVBS新聞LINE好友！",2020/08/23 12:39
https://news.tvbs.com.tw/local/1371663,這支最賺！7個月進帳8百萬　穩坐「測速王」,"今年還沒過完，花蓮測速王就已經誕生！台9線豐田路段的測速桿，1至7月開出了6396張罰單，比去年整年3437張，整整多了快一倍，交通隊分析，因為蘇花改通車，加上新冠肺炎疫情後的出遊潮，導致違規件數大增，以目前來計算，已經替國庫增加大約800萬收入。
台9線上，馬路上車來車往，看到測速照相機的警告標誌，可不要輕忽，這支測速桿。
光是1到7月，就已經開出6396張罰單，以超速最低罰鍰1200元計算，就替國庫進帳將近800萬，而且相較去年一整年，舉發最多的3437件，今年都還沒過完，就整整多出快一倍，提早拿下花蓮測速王寶座。
花蓮縣警察局交通隊副隊長陳信成：「主要是因為從今年1月6日開始，蘇花改通車之後，大量的旅客湧到我們花蓮縣，來觀光旅遊。」
蘇花改通車，大幅節省交通時間，加上新冠肺炎，花蓮地區0確診，成為民眾出遊首選，車流量變大，違規件數就增加，還特別集中最近這2個月。
當地民眾：「不要說外地客啦，本地就很多人在被拍，繳了一些錢，上了一些課。」
被拍到只能乖乖繳罰單，而這測速器就位在，台9線北上車道211公里處豐田路段，速限50公里，但有民眾對限速標準不太認同。
當地民眾：「我講實在的，這種路你設速限50公里，台9線嘛不合理啦。」
路面又寬又直，台9線沿線大多速限70公里，但突然多了一支速限50公里的測速器，用路人一不小心，聽到啪一聲，伴隨超強白光，就準備吞下一張罰單，所以出門在外，尤其不熟悉的陌生路段，還是要特別注意，否則荷包失血。
最HOT話題在這！想跟上時事，快點我加入TVBS新聞LINE好友！",2020/08/18 19:45
https://news.tvbs.com.tw/life/1369873,與老天爺賽跑…國道警暖助開路　花蓮病嬰安全抵馬偕,"花蓮一名剛出生15天的女嬰罹患心臟病，今（14）日早須緊急北上轉院，昨（13）日救護車駕駛為怕塞車延誤就醫，深夜緊急發文，請求蘇花改用路人聽到鳴笛聲能夠及時讓道，引發各界關心；國道警方今早主動協助開道，救護車僅花了2小時20分就順利將女嬰送抵馬偕醫院。
「請大家幫幫忙！」救護車駕駛昨日晚間11時在臉書社團
發文
，表示一名出生15天的小女嬰因心臟問題，偕同醫護團隊，需要從花蓮轉往台北的醫院，請出門在外遊玩的民眾，若在蘇花改往北的路上聽到鳴笛聲能夠讓路，「因為我們正在跟老天爺搶時間，因為我們正在跟老天爺要人…聯安救護車謝謝您」。
該文章曝光後引起外界注意，今早救護車從花蓮門諾醫院出發，前往台北馬偕醫院，距離約162公里，由於車上有保溫箱不宜疾駛，皆依正常速度行駛，上國道5號後有警察主動協助開道，加快行車速度；原本預計3小時才能抵達的路程，該車10時出發，12時20分就抵達，安全將女嬰交由馬偕醫護團隊。
看節目、買美食、拿好康，住宿券免費抽！快點我下載食尚玩家APP！",2020/08/14 14:32
https://news.tvbs.com.tw/life/1369691,十萬火急！花女嬰罹心臟病　北上求醫行駛蘇花改求讓道,"緊急狀況請讓道！花蓮一名15天大的女嬰罹患心臟病，情況危急需轉往台北醫院，為了怕塞車延誤就醫，有熱心網友轉達家屬請求，女嬰將於今天（14）上午10時與醫護團隊一同北上，一路將行經
蘇花改
，呼籲用路人禮讓救護車。
網友13日晚間11點在臉書社團「花蓮同鄉會」
發文
表示，一名出生15天的「阿美族小小小美女」，因為心臟問題的疾病，將偕同醫護團隊北上求醫，需要從花蓮轉往台北的醫院，「所以請出門在外遊玩的伯伯/嬸嬸/叔叔/阿姨/哥哥/姊姊，看到救護車閃燈，鳴笛在蘇花改往北的路上，請讓給我們一條路」。
「車速不快，因為阿美族小小小美女在車內的保溫箱內，不適合劇烈的晃動，相信台灣最美的風景是人，有您們溫暖的心與善舉，相信小小小美女會平平安安、健健康康。」網友提到，救護車將於14日上午10時左右行經蘇花改，預告若用路人在路上巧遇，有冒犯之處，代為說聲對不起，「因為我們正在跟老天爺搶時間，因為我們正在跟老天爺要人」。
看節目、買美食、拿好康，住宿券免費抽！快點我下載食尚玩家APP！",2020/08/14 08:27
https://news.tvbs.com.tw/life/1367938,快訊／蘇花公路「跨線」事故頻傳　公總祭科技執法,"蘇花改目前只有「蘇澳到東澳段」開放行駛大貨車，而蘇花公路不斷傳出「跨越雙黃線」意外，公路總局表示將會採用科技執法，透過雷達偵測和影像辨識，在易肇事地點取締「跨線」，目前測試中，預計10月底啟用，為來如果違規，依違反道路交通管理處罰條例，將開罰600至1800元。
最HOT話題在這！想跟上時事，快點我加入TVBS新聞LINE好友！",2020/08/11 09:35
https://news.tvbs.com.tw/life/1350367,蘇花改首張龜速罰單　不到50公里駕駛挨罰,"蘇花改開出首張龜速罰單，警方從7月1日開始取締包含蘇花改以及南迴，這唯二省道設最低速限，而在4日下午三點多，一輛賓士車駕駛在蘇花改觀音隧道130公里處，被測到時速不到50公里，當場被攔停開罰1200元，駕駛稱是看到有員警在場，才踩煞車，不過這名駕駛還被發現是無照駕駛，另外再開罰6千元。
民眾開車進入蘇花改，好端端的卻被攔下來。
員警vs.男子：「為什麼把你攔下來，你知道嗎，我不知道，我們這裡最低速是50，我們剛給你拍照是42。」
駕駛被攔下，不是因為超速，而是車速過慢，蘇花改，限速政策1日上路，警方開始取締龜速車，就在4日下午3點多，一輛轎車行經，觀音隧道134.5公里處，因為開太慢被攔停，理由竟然是。
男子：「我看到你們，我想說怎麼了，怎麼會有人拿相機在那裡，所以才減速看一下你們。」
由於男子速限低於50，這也成了全台第一件，因為龜速被開罰的案件。
員警vs.男子：「駕照有帶嗎？駕照沒有。」
員警一查發現，男子駕照被吊扣，卻無照上路，額外再罰6000元。
民眾：「這邊只有單線道而已啊，又不是雙線道，(警方要不要取締龜速車？)，贊成。」
民眾：「他那個妨礙到後面，整個都被擋下來了。」
蘇花改最高速限70公里，最低50公里，民眾要是低於規定，將開罰1200元到2400元，為了行車順暢，還是別以身試法。
只是鏡頭轉到南投，一名葉姓女子，去年7月下旬，開車上國道6號時，因為太陽太大，戴了全罩口罩防曬，卻遭到警方拍照開罰。
事後她收到罰單，覺得不對勁提行政訴訟，因為當時明明有繫安全帶，只是口罩長度到胸口，一度遮住安全帶，才會讓員警誤會違規。
事後法官看了看，罰單上的照片，女子確實是有繫安全帶，判決台中監理所，要撤銷處分。
民眾開車上路，真的得要遵守規定，要是貪圖方便，不只會吃罰單，還可能造成車禍事故。
最HOT話題在這！想跟上時事，快點我加入TVBS新聞LINE好友！",2020/07/07 12:06
https://news.tvbs.com.tw/local/1350093,蘇花改開出首張龜速罰單！　無照男遭攔：想觀察員警,"王姓男子無照開車行駛蘇花改，發現員警正在隧道執勤，為想觀察員警究竟在做什麼便放慢車速，沒想到低於最低速限時速50公里，遭警方攔下，開出蘇花改首張龜速車罰單和無照駕駛罰單。
宜蘭縣警察局交通隊今天表示，6月20日起蘇花改主線路段最高速限已由時速60公里提升至70公里，並規定最低速限50公里；蘇花改與舊蘇花公路銜接路段，為維護行車安全，維持速限介於50至60公里。
警方4日下午3時17分於台9線南下134.5公里觀音隧道內，以手持式雷射測速槍測得一輛轎車行車速度時速46公里，低於最低速限50公里，依道路交通管理處罰條例舉發，開出首張蘇花改龜速車罰單，處新台幣1200元以上2400元以下罰鍰。
員警攔查車輛後，20多歲駕駛王姓男子向警方說，他是想觀察員警究竟在做什麼便放慢車速，沒想到低於最低速限時速50公里。
員警還發現王姓男子駕駛執照已被吊銷，再依同法舉發無照駕駛，處6000元以上1萬2000元以下罰鍰，並當場禁止王男駕駛。
警方表示，從6月20日至昨天為止，舉發汽車駕駛人行駛蘇花改時速高於80公里以上者計有482件。依相關規定，最高速限設有10公里寬容值，但最低速限則無寬容值，如遇車流量大或事故導致塞車，則考量實際車流情形不予舉發。（中央社）
看節目、買美食、拿好康，百張住宿券免費抽！快點我下載食尚玩家APP！",2020/07/06 18:01
https://news.tvbs.com.tw/life/1348570,指考物理生活情境題過半　額溫槍蘇花改測速入題,"今天是大學指考首日，第一科考物理。審題的高中教師表示，試題難易適中，生活素養情境題型比重超過一半，如額溫槍、蘇花改隧道區間測速、高鐵磁煞車等。
根據大學入學考試中心提供的資料，入闈協助審題的高中教師認為，物理科取材廣泛，有許多和生活情境題相關題型，如額溫槍的物理原理、紫外線消滅病毒的原理、輕軌電車電線磁場探討、蘇花改隧道區間測速；另外，也有考到科學素養題材，如核反應、高鐵磁煞車原理等。
審題教師提到，學習物理應理論與實驗並重，今年物理試題有許多實驗情境，如電表檢測、分壓器電路設計、智慧手機透鏡成像、非選擇第二題的等電位線與電場實驗等，皆以實驗融入探究實作精神，鼓勵考生動手做實驗、注意實驗環節。
試題也重視閱讀理解，審題教師指出，如試題考到穿顱磁刺激術（TMS）、高鐵磁煞車系統皆是物理原理在醫學和工程上的應用，學生閱讀完題幹，並應用所學物理概念即可作答。
分析整份試題，審題教師表示，難易度中等，生活素養情境題型比重超過一半，物理試題著重考生是否將概念融會貫通，並加入生活經驗和學術探究、問題解決情境，期許學生瞭解物理就在生活中，以培養具科學素養的優良公民。（中央社）
看節目、買美食、拿好康，百張住宿券免費抽！快點我下載食尚玩家APP！",2020/07/03 11:16
https://news.tvbs.com.tw/life/1347734,機車族起義！南迴已試辦通行　要求蘇花改開放,"屏東往台東的南迴改草埔隧道，六月三十日中午12點過後，開放讓大型重機通行，試辦六個月，限速比照小客車一樣，最高速限70公里，而這也是全台第一個長隧道開放通行，不過北部蘇花改則還要再評估，對此，台灣機車路權促進會發起交通起義，要求公路總局應該重視兩輪車路權。
天空下著雨，超過五百位機車族們包圍公路總局，要求蘇花改開放機車行駛，廢除兩段式左轉，總共五大訴求。
台灣機車路權促進會公關主任劉成謙：「蘇花改的部分他們沒有很有意願開放，南迴改的部分檢核半年，我們認為說試辦是好的，但是這個檢核沒有必要。」
機車族群不滿，兩輪車也有路權，政府單位不能抱持消滅機車改善肇事數字，而不是打造安全的交通環境，北部怒吼，反觀南部。
重機騎士：「在隧道重機通車典禮，現在本人開始剪綵。」
沒有盛大的官方剪綵，重機騎士自己來，紀念這一刻，因為南迴改草埔隧道開放重機通行，試辦半年，讓不少重機騎士們搶在第一時間，走一趟看看。
草埔隧道開放大型重機行駛，限速跟小客車一樣，最高70公里，最低50公里，過去，重機騎士必須走原有的舊山路，道路彎彎曲曲，開放隧道，道路變直了，行車時間相對縮短半小時。
重機騎士：「我們期待這一天期待了很久，我們也呼籲重型機車騎士，進到隧道裡面就按照規定的行車速度。」
從屏東到台東，不僅騎車時間縮短，沿途能欣賞被綠油油包圍的山嵐，到了台東可以看到美麗的海岸線，草埔隧道試辦開放半年，也是全台第一個長隧道讓重機通行，至於蘇花改由於只有單一車道，不像南迴改是兩個車道，因此會不會跟進開放，還在評估中。
最HOT話題在這！想跟上時事，快點我加入TVBS新聞LINE好友！",2020/07/01 20:23
https://news.tvbs.com.tw/life/1347417,全台唯一！草埔隧道開放重機通行　試辦半年,"屏東往台東的南迴改草埔隧道，6月30日中午12點過後，開放讓大型重機通行，試辦六個月，限速比照小客車一樣，最高速限70公里，而這也是全台第一個長隧道開放通行，許多重機騎士趕在第一時間，體驗通過隧道。
重機騎士：「在隧道重機通車典禮，現在本人開始剪綵。」
沒有盛大的官方剪綵，重機騎士自己來，紀念這一刻，因為南迴改草埔隧道開放重機通行，試辦半年，讓不少重機騎士們搶在第一時間，走一趟看看。
草埔隧道開放大型重機行駛，限速跟小客車一樣，最高70公里，最低50公里，過去，重機騎士必須走原有的舊山路，道路彎彎曲曲，開放隧道，道路變直了，行車時間相對縮短半小時。
重機騎士：「感謝政府的德政，因為對於熱愛重機的人士，可以避免掉山路蜿蜒的危險。」
重機騎士：「我們期待這一天，期待了很久，我們也呼籲重型機車騎士，進到隧道裡面就按照規定的行車速度。」
從屏東到台東，不僅騎車時間縮短，沿途能欣賞被綠油油包圍的山嵐，到了台東可以看到美麗的海岸線，草埔隧道試辦開放半年，也是全台第一個長隧道讓重機通行，至於蘇花改由於只有單一車道，不像南迴改是兩個車道，因此會不會跟進開放，還在評估中。
最HOT話題在這！想跟上時事，快點我加入TVBS新聞LINE好友！",2020/07/01 13:54
https://news.tvbs.com.tw/life/1345854,蘇花改北上估下午2時湧車潮　最快此時才緩解,"今天是端午
連續假期
最後一天，公路總局第四區養護工程處表示，蘇花改上午10時北上約每小時500餘輛，預估下午2時過後逐漸湧入車潮，晚間8時逐漸緩解。
交通部公路總局第四區養護工程處表示，截至上午7時，蘇花路廊（台9線蘇花公路山區路段改善計畫（蘇花改）加蘇花公路）南下宜蘭往花蓮方向車流量為734輛，北上花蓮往宜蘭方向車流量為3310輛，上午7時北上最高量達每小時644輛，在旅行時間方面，目前崇德至蘇澳北上經台9線蘇花改約為70分，經台9丁線約為107分。
第四區養護工程處交通管理及控制中心主任陳國正告訴中央社記者，蘇花改上午10時北上約每小時500餘輛，南下約400餘輛，預估下午2時過後北上車流量逐漸湧現，估計晚間8時逐漸緩解。
陳國正表示，蘇花路廊可能因龐大車潮湧入，隧道內慢速車影響後方車流續進也造成上游局部路段壅塞，因此台9線蘇花改東澳端至新澳隧道、觀音谷風隧道自鼓音橋至蘇花改和平端、仁水隧道北端至隧道中段為易壅塞路段。
陳國正說，公路總局第四區養護工程處南澳交控中心會持續全天候監控並進行交通疏導措施，宜蘭縣及花蓮縣警察局也會全力配合交通管制，共同維護道路暢通。（中央社）
看節目、買美食、拿好康，百張住宿券免費抽！快點我下載食尚玩家APP！",2020/06/28 14:03
https://news.tvbs.com.tw/life/1345526,北返潮湧！「國五、蘇花改」仍塞　行車時間多7倍,"端午連假第三日，蘇花改上午11點湧入大量人潮，國五時速也僅僅只有40公里，預計將會從中午一路塞到晚間11點，行車時間比平常多上七倍。至於其他國一、國三路段塞車情況也多，預計同樣也會塞到深夜。
端午連假第三天，蘇花改出現北返車潮，估計27日出遊加北返，車流量上看2萬，11點開始出現大量車潮，下午ㄧ點進入高鋒，預計會塞到晚間九點，每小時車流量破千台達蘇花改最大上限。
第四區養工處副處長林文雄：「今天是端午連假第三天，我們預估車潮應該會在今天中午左右11點、12點左右開始出現，依照往年，今天是連假倒數第二天，所以在車潮上面甚至晚上大量的部份，持續到深夜。」
記者藍于洺：「我現在在所在的路段是在蘇澳接國五的地方，很多從蘇花改上來的民眾都會經過這裡，預計從早上十點開始就會塞到深夜，所以很多民眾早早就出發來避開。」
轉往國五路段早早就塞車，畢竟多數民眾，走蘇改花改後會接雪隧，車流量大增，高公局表示，國五路段宜蘭至坪林北向路段，可能從上午11點塞至深夜11時，行車時間比平日多了7倍。
高公局科長莊國欽：「早上9點，頭城至坪林車多，時速40。」
國道也有一些塞車地雷路段，北返部份，北上新竹到竹北、南屯到后里、西螺到埔鹽、圓山到大華，國三則是關西到大溪、大山到香山、竹山到中興還有霧峰系統，至於國道六號舊正到霧峰車流也大，恐怕下午時段會塞到走走停停一路到晚上至少8點，國五更可能塞到晚上十點。
民眾：「晚上的時候比較沒有塞，平常還蠻塞的。」
民眾：「剛剛走的時候是沒有塞，是有特別提早出門嗎，對提早出門。」
端午三日北返車多，挑時段躲塞車，仍舊是挑戰。
最HOT話題在這！想跟上時事，快點我加入TVBS新聞LINE好友！",2020/06/27 13:26
https://news.tvbs.com.tw/entertainment/1345316,爆炸多人！宜花旅遊夯點　頂豔陽排隊瘋玩,"宜蘭蘇澳冷泉公園，湯屋數量有限，民眾還得抽號碼牌，一等至少要花上2個半小時。不只宜蘭，就連花蓮壽豐的網紅景點，拍照也得等上兩個小時。排隊的還有花蓮海洋公園，入園人數破萬人，遊樂設施、餐廳，通通都得花時間等候。
端午連假首日塞車，第二天各地景點，人車依然大排長龍。
三隻海豚優美跳躍，表演特技動作，海獅跳水也很精采，現場掌聲響不停。
花蓮海洋公園，連假首日湧進5千人，第二天遊客數破萬。
遊客：「從台北來，塞６個小時，但我覺得也值得。」
不只每個遊樂設施，都要花時間排隊，就連到餐廳用餐，也得等一等，工作人員忙翻天。
一樣也是在花蓮壽豐，台11線的網美景點，吸引不少民眾朝聖，路邊一排轎車停好停滿，甚至一位難求。
遊客們大老遠跑來，就是為了眺望太平洋，擺拍這一張美照，只是人真的太多了，當天更湧進2500人。
遊客:「昨天(6月25日)整個塞了8小時才過來這裡，我們排了兩個小時才拍到照。」
為了迎戰端午連假，店家備料比平常多一倍，買冰沙清涼一夏，只是真的太熱了，飲料櫃空了又補13，補了又空。
民眾想要泡湯，還得登記拿號碼牌，就是因為蘇澳冷泉新園區，整建工程瑕疵，還沒完全開放。
蘇澳鎮長李明哲：「這個個人湯屋，人潮非常非常多，幾乎都是客滿，民眾都要拿號碼牌，至少要等160至170分鐘。」
但真的等太久了，有民眾轉移陣地，前往阿里史冷泉，或是停車場旁的泡腳池。
遊客：「我們也想去(湯屋)，可是排隊要很久。」
今年蘇花改通車，加上疫情解封，國人在連續假期，擠爆各地景點，只是才度過首日塞車狀況，接下來面對的，恐怕是無止盡的排隊等候。
最HOT話題在這！想跟上時事，快點我加入TVBS新聞LINE好友！",2020/06/26 17:37
https://news.tvbs.com.tw/local/1345239,舊式交管失靈國五塞爆　學者：未來恐更塞,"國5塞爆，部長林佳龍和高公局都說不意外，甚至強調，目前能容納的車流就是這麼多，塞車是必然結果，但學者可不這麼認為，批評目前的交通管制手段，包括高乘載和匝道儀控，如果都達不到效果，預期車潮又會爆量的時候，就應該想新的措施，而不是雙手一攤。
淡江大學運輸管理系教授張勝雄：「如果我們創了36小時，我們應該接下來會創造48小時、50小時，都有可能。」
連續塞車超過30小時還不夠，交通學者看到國五塞車慘況，表示如果再沒有良方改善，加上蘇花改效應，未來中秋連假、國慶連假，國五連續塞車48小時，甚至72小時，都可能發生。
淡江大學運輸管理系教授張勝雄：「沒有拿好的時候，你還沒有到這杯子的容量，你就裝不下水了，就裝不下水，我們應該要去看的，並不是說這到底塞得多長，我們要問的是說，他有沒有把杯子拿好，有沒有達到它的物理限制，容量的限制。」
高工局表示，國5容量有限，交管已經盡力，學者拿出杯子跟水做比喻，表示道路的確都有一定容量，車子像水，一多，超過杯中容量，就會滿溢出來，但若是一開始杯子就傾斜沒放好，能裝的量更少，似乎是表示，國五的交管方案，有提升空間。
淡江大學運輸管理系教授張勝雄：「週六週日都已經塞成這樣子了，現在在連假的時候，我剛剛講說蘇花改的通車，公路總局一直說這是一條美麗的道路，要大家一起去啊，交通部自己搞的，拿石頭砸自己的腳。」
過去的分流，跟匝道移控都失靈，得想方設法，改善國5，有交通學者提出建議，包含使用車牌單雙號分流，以及預約上路等等措施，若能強力執行，搭配政策宣導，塞車情況，有望改善。
逢甲大學運管系教授李克聰：「要沿用原來的交管政策，我們就必須要限制交通量，嚴格的交管控制這樣的措施，會減緩我們塞車的程度。」
國5塞慘，民眾叫苦連天，盼望相關單位，提藥方改善，畢竟好好假期，誰都不願意，花在塞車上面。
最HOT話題在這！想跟上時事，快點我加入TVBS新聞LINE好友！",2020/06/26 17:02
https://news.tvbs.com.tw/life/1345121,端午連假次日蘇花改順暢　預估27日湧北返車潮,"公路總局表示，端午連假第2天，蘇花改在今天上午南下車流大致順暢，預估明天午後將有北返車潮。
公路總局第四區養護工程處交通管理及控制中心主任陳國正告訴中央社記者，昨天連假第一天時，蘇花路廊（台9線蘇花公路山區路段改善計畫（蘇花改）加蘇花公路）南下車潮集中在凌晨3時到下午4時，宜蘭蘇澳到花蓮崇德的行車時間從原本90分鐘增加到約120分鐘，車流約2萬輛次。
他表示，蘇花改全線設計容量每小時最多通行900輛車次，今天上午6時到8時，南下路段一度出現每小時近1000輛次，但之後車輛減少，行車大致順暢。預估明天午後將有北返車潮，呼籲用路人做好行程規劃。
宜蘭縣警察局蘇澳分局表示，上午6時30分起，蘇澳地區一度出現蘇花改南下車潮，並在蘇花改蘇澳端入口處出現回堵情況，當時已立即加派警力，加強交通疏導。（中央社）
看節目、買美食、拿好康，百張住宿券免費抽！快點我下載食尚玩家APP！",2020/06/26 12:21
https://news.tvbs.com.tw/life/1344158,端午連假行車高峰期　蘇花路廊恐塞12小時,"交通部公路總局今天表示，端午連假首日與第3天，將分別是
蘇花路廊
（蘇花公路與蘇花改）南下與北上行車高峰期，預估當天塞車可能持續12小時，呼籲用路人做好行程規劃。
公路總局表示，端午節連續4天假期即將展開，受武漢肺炎（2019冠狀病毒疾病，COVID-19）疫情趨緩影響，預估連假第一天（25日）蘇花路廊（台9線蘇花公路山區路段改善計畫（蘇花改）加蘇花公路）南下車流約1萬8000輛次，北上尖峰將出現於連假第3天，約1萬5000輛次。
公路總局預估，25日蘇花路廊南下車流約自凌晨3時起湧現車潮，27日北上車流從下午1時起出現車多情況，這兩時段都恐怕會持續塞車達12小時，建議民眾可多搭乘大眾運輸或利用離峰時段往返宜花地區。（中央社）
看節目、買美食、拿好康，百張住宿券免費抽！快點我下載食尚玩家APP！",2020/06/24 12:07
https://news.tvbs.com.tw/life/1343531,花蓮縣府歡迎企業投資　先決條件取得居民共識,"蘇花改通車拉近花蓮與北部距離，讓企業搶進插旗花蓮，相較大型觀光飯店接連開幕，
卜蜂
公司養雞場案卻困難重重，縣府表示，一貫立場歡迎業者依法依規投資，首要取得居民共識。
花蓮縣政府發言人張逸華接受中央社記者訪問指出，花蓮交通相對不便，加上颱風、地震等天災，對產值較高的高科技精密產業吸引力不高，相反的，低開發保留了天然、無污染的有機產業，帶動旅遊觀光市場。
張逸華指出，縣長徐榛蔚上任後，在縣府設立重大投資的單一窗口，簡化申請流程，其中以休閒旅遊居多，不少國內外旅宿集團前來插旗。
陸客來台限縮後，對觀光衝擊大，花蓮旅宿業卻逆向成長，據花蓮縣府資料統計，近5年來包括瑞穗溫泉特區的頂級渡假飯店、花蓮市區超六星酒店、台開集團的電影城、旅館等投資案，都是新台幣數十億元以上的大型投資案。
張逸華指出，「只要依法依規，縣府都歡迎企業投資帶動商機，但民眾的聲音也很重要」，企業應該做好地方溝通、敦親睦鄰的工作，也能避免因溝通不良，造成企業形象受損、開發過程受阻等，另一方面，縣府也有保護民眾權益的責任。
卜蜂公司計畫在花蓮設廠，卻從未對地方說明要在花蓮投資多少金額、帶來多少就業機會；不過從目前揭露的資料得知，將設6場、總雞隻數量超過30萬隻的規模，估計應是不小投資，但相較這幾年的其他投資案，受到的反彈相對高出許多。
「卜蜂要溝通的是鄉親，不是地方政府」張逸華指出，受到民意反彈，卜蜂宣布暫停建場作業，縣府的立場就更鮮明，「沒有共識，就沒有證照」，業者需要化解民眾的疑慮。
張逸華以買建地蓋房子為例，私人合法購地、取得建照，但碰上隔壁鄰居以妨礙風水、日照等理由抗議，就算房子蓋好了，也住不下去。
張逸華重申，任何個人、業者都可買地、申請建場，鄉鎮公所、縣府依現有法規審查，從建造到營運，縣府按階段核發容許狀、建築執照、使用執照及畜牧場登記證。他強調目前「卜蜂沒有任何一場拿到畜牧證」。
花蓮縣政府也在縣議會的推動下，啟動畜牧業自治條例制定。張逸華指出，為達到客觀、中立，制定過程請國立東華大學協助，將舉辦公聽會，廣納民眾意見，加上縣府、議會自提版本，制定符合現況、民眾都能接受的自治條例。
對於卜蜂目前所面臨的問題，也將是未來有意願投資相關產業將遇到的難題。張逸華說，花蓮是觀光、農業大縣，走向科技、環保及精緻化，都是必然的趨勢，如何取得民眾信任，還需要共同努力。
他認為，危機就是契機，也是轉機，花蓮要走向制定自治條例，民眾都能參與及發聲，經過充分討論，訂定各方都能接受的遊戲規則，這也決定對於花蓮未來畜牧業的發展方向。（中央社）
看節目、買美食、拿好康，百張住宿券免費抽！快點我下載
食尚玩家APP
！",2020/06/23 11:59
https://news.tvbs.com.tw/local/1343020,騎錯了！重機誤闖蘇花改　竟是藝人陳為民,"之前政府宣布調整蘇花改的速限，但民眾反映速限太慢了會造成塞車，為了改善行車狀況，蘇花改從20日起部分路段調整速限，最低50最高70公里，但速限調整了不代表重機就可以騎上去，員警20日在值勤時，發現有民眾誤闖蘇花改，他在觀音隧道將騎士攔下，這才發現誤闖的竟然是藝人陳為民。
員警一看到有重機騎士誤闖蘇花改，趕緊上前攔查。
員警vs.藝人陳為民：「這邊蘇花改禁行機車，麻煩請出示你的行照、駕照。」
要求拿出證件，結果一看竟然是藝人陳為民。
員警vs.藝人陳為民：「陳先生不好意思，那個因為蘇花改......，沒關係，我知道，來跟著我們一起走。」
原來在20日凌晨接近2點，陳為民騎重機進行環島，就在觀音隧道被攔了下來，其實目前蘇花改還是禁止機車上路。
但在20日這天就有騎士誤闖，總共有3輛重機和7輛機車，就連藝人陳為民也吃上罰單一張，最高可罰1800元。
蘇澳分局交通組組長李立平：「有時候考量到，執行同仁和用路人的安全，如果沒有辦法及時攔查，我們會有科技執法系統，來進行舉發。」
其實為了改善行車狀況，蘇花改從20日起部分路段調整速限，最低50公里，最高70公里。
記者vs民眾：「有差啊，(比較順暢一點嗎)，比較快，(那覺得70夠了嗎)，夠了啦！」
科技執法的部分不只蘇花改，就連重機族喜歡的跑山路線，南投139縣道也在抓違規，因為騎士們改裝排氣管產生的噪音，讓沿線居民抱怨不舒服。
環保局進行測噪照相執法，會在執法區前50公尺放置警告牌提醒騎士，只要一旦被拍，就會寄發通知限期複檢，要是複檢噪音值超標，最高會罰3600元，也希望「抓吵不抓改」，能遏阻改裝排氣管歪風。
最HOT話題在這！想跟上時事，快點我加入TVBS新聞LINE好友！",2020/06/22 13:41
https://news.tvbs.com.tw/entertainment/1343082,事不過三？騎重機上蘇花改　陳為民秀罰單：第4次終收到,"從這個月20日開始，為了要改善行車速率，蘇花改調整了速限，但目前仍禁止機車上路。
藝人陳為民日前自爆，他騎重機環島途中，將車子騎上了蘇花改，遭到警方攔下開單。事後他也在臉書分享遭到開單的照片，警方也證實陳為民的確違規，開罰新台幣900元。
陳為民20日晚間8點多在
臉書
發文，
「俗話說事不過三，這是第四次走蘇花改，終於，終於收到蘇花改的紅單！」
他提到當時攔下的警察很客氣地說「對不起，您的行駕照借看一下。」就在拿出行駕照後，警察要開口告訴他事由，陳為民手一比笑笑地說「不用，我知道，我跟你們車吧！」接著就到了警局，隨後員警指著台9丁線說「你從這走就到花蓮了。」
陳為民想說，超久沒走台9丁了，結果走沒多久，又看見蘇花改第2個隧道，加上都紅單了，於是又彎進去，直到崇德段才出來。最後陳為民提到「我也不知道能不能一直做下去，甚至不確定能不能完成台灣百環。但總會想：我還有得騎，有得選擇，於是我有義務，把逝去朋友的份也用力的揮灑下去，加倍！33環，完成。」
只是陳為民的作法，有些網友和民眾並不認同，尤其是他在被開紅單後還繼續違規，「這樣的舉動根本就是在挑戰法律！」但也有人認為陳為民是在爭取自己的權益，認為應該是要放寬讓機車可以走蘇花改，大家意見呈現正反兩極化。
看不到貼文請點此
【相關影音】
最HOT話題在這！想跟上時事，快點我加入TVBS新聞LINE好友！",2020/06/22 13:36
https://news.tvbs.com.tw/life/1342447,蘇花改最低速限今起上路　時速低於50公里就罰,"宜蘭縣警方今天說，台9線蘇花公路山區路段改善計畫（蘇花改）即日起設最低速限50公里，原預計7月起執法，但為避免外界誤解執法有空窗期，今天將優先取締刻意放慢龜速車。
蘇花改沿線幾乎只有一個車道、無法超車，為改善交通，交通部公路總局即日起將速限從每小時60公里提高到70公里，新增最低速限時速50公里，避免用路人在交通順暢時刻意放慢車速，影響後方車輛正常通行，實施路段包括蘇澳到東澳段、南澳到和平段及和中到和仁段。
宜蘭警察局交通隊表示，原本在最低速限實施初期，警方會加強宣導，預計7月後執法，但為避免民眾誤解執法有空窗期，即日起如果於車流順暢情況下，用路人還是刻意減低車速，警方會優先取締；如果遇塞車狀況，警方會考量實際狀況不開單告發，但呼籲駕駛務必遵守行車速限，避免當「路隊長」龜速行駛，維持道路交通順暢。
交通隊說，依最高速限有10公里寬容值的一般標準，蘇花改提高速限到70公里後，車速超過時速80公里才受罰，但最低速限沒寬容值，在車流順暢下，只要低於時速50公里就會被開單；超速及低於速限都依道路交通管理處罰條例處新台幣1200元到2400元罰鍰。（中央社）
最HOT話題在這！想跟上時事，快點我加入TVBS新聞LINE好友！",2020/06/20 17:56
https://news.tvbs.com.tw/life/1341963,國道北花線試辦大客車路線調整　估尖峰省1小時,"公路總局因應
端午節
連假蘇澳地區局部壅塞，另為縮短國道客運北花線行車時間，25日上午3時至26日中午12時，試辦國道北花線大客車路線調整，預估尖峰時間最多可節省1小時。
公路總局今天發布新聞稿，已協調地方政府及國道北花線客運業者，於蘇澳地區南下方向，行駛疏導路線台2線蘇濱路車道至蘇花改蘇澳端入口，預估尖峰時間最高可節省1小時的旅行時間。
公路總局說，統聯客運「1663南港-國道5號-花蓮市」、台北客運「1071南港-國道5號高速公路-花蓮市」及首都客運「1580板橋-國道5號-花蓮市」等3條北花線路線，於路線調整期間，南下方向的所有班次於進入蘇澳路段後，將不會停靠蘇澳地區的公車站位。
另外，自24日0時至28日24時，民眾搭乘3條國道客運北花線路線，都享有「平日優惠價或原票價85折優惠」及「10小時內轉乘在地公路客運或市區客運，基本里程或一段票免費優惠」，3條路線票價介於新台幣270元至295元，民眾出遊或返鄉可多利用。（中央社）
最HOT話題在這！想跟上時事，快點我加入TVBS新聞LINE好友！",2020/06/19 17:50
https://news.tvbs.com.tw/life/1341544,快訊／蘇花改新制！　6/20起時速不到50公里要罰,"蘇花改交通新制，從6月20日起，最高速限提高到時速70公里，並新增最低速限時速50公里，警方表示，如果因為壅塞，造成車速低於50公里，不會取締開罰。
最HOT話題在這！想跟上時事，快點我加入TVBS新聞LINE好友！",2020/06/18 19:57
https://news.tvbs.com.tw/cars/1338321,最高速限提升至70公里　蘇花改與南迴改同步提速,"陸續於去年底與今年初通車的南迴公路與蘇花公路改善工程 (南迴改以及蘇花改) ，透過高架與長隧道等方式「截彎取直」改善道路線形，並且拓寬道路，一方面節省行車時間，另一方面提升用路舒適度。不過，今年春節與228等連續假期由於車流湧現，加上最高速限僅設定於60km/h導致蘇花改成為大型停車場。為改善蘇花改與南迴改行車效率，公路總局先於清明節假期試辦部分路段最高速度提速至70km/h，如今宣告，自6月20日起，調整部分路段最高速限制70km/h，並同步設置50kmh最低速限。
考量長隧道與高架路段偏多，最初蘇花改與南迴改行車速限皆設定為60km/h，同時設置科技執法設備 (區間測速) 取締超速違規。但是歷經上半年春節、228等連續假期車流衝擊，蘇花改與南迴改成為最新易壅塞路段，期望透過改善工程提升行車效率的美意大打折扣。於是公路總局於清明連續假期於蘇花改南澳至和平路段、南迴改安朔至草埔路段試辦最高速限提升至70km/h、最低速限50km/h，且試辦效果良好，公路總局正式宣布，自6月20起，蘇花改蘇澳至和平、南迴改安朔至草埔兩路段同步提速。
蘇花改部分，考量蘇化改兩側端點仍與舊蘇花公路連接，銜接處仍維持現有速限，蘇澳至南澳段104.980公里至112.960公里、南澳至和平路段125.576公里至143.802公里、和中至大清水路段149.145公里至154.851公里等路段全面提速。不過，考量仁水隧道是目前蘇花改唯一可通行機車之隧道，仁水隧道全段仍維持50km/h最高速限。
南迴改部分，安朔至草埔路段427.300公里至437.600公里區間行車最高速限自60km/h提升為70km/h，並且設置50km/h最低速限。另外，草普森永隧道南口至草埔橋路段 (437.600公里至438.005公里) 也同步提升速限，至現行40km/h調整為50km/h。透過最高速限提升，並且設置最低行車速限，可望進一步提升蘇花改以及南迴改的行車效率。
最HOT話題在這！想跟上時事，快點我加入TVBS新聞LINE好友！",
https://news.tvbs.com.tw/life/1317570,五一人潮爆！　抹茶山一早啟動停車管制,"連續五天零確診，不少遊客在五一連假第一天，到各地景點遊玩，宜蘭抹茶山在早上7點多，停車位就已經超過一半，要進行管制，蘇花改也在早上七點多，開始湧入大量車潮，而來到台中，大坑步道同樣人擠人，早上9點多，就有2千多人上山。
一輛輛車排隊進入停車場，但動也動不了，因為車位都滿了，宜蘭五峰旗風景區，五一勞動節，湧入大批遊客，只為了去爬知名的抹茶山，早上7點55分，停車場已達50%。
走到最外面，山路上仍有許多車輛上山，有的停不進去，直接違停紅線，馬上被警方開單，也有登山客直接徒步走上來。
登山客：「開玩笑。」
登山客：「還是會有距離隔開啦，(是喔)，(還是會上去啦)，對還是會上去，人真的很多，我(凌晨)兩點多就從台北出發，然後到這邊，差不多凌晨四點多左右，然後上到上面的時候，差不多六點多的時候。」
有人半夜就從台北出發，只為了能夠攻頂，然而在登山步道，其實也有人沒戴口罩，通天橋大家更是沒保持安全距離，連假加上零確診效應，遊客似乎鬆懈了，蘇花改南向，上午七點，開始湧入車潮，另外還有台北民眾計畫到往宜蘭，但才上環東大道，就塞了超過一個小時。
好多人走走逛逛，背著背包戴口罩，台中大坑步道，同樣吸引許多民眾出遊，但為了防疫，大坑步道也有4500人總量管制，早上9點多，已有2千多人上山。
還有彰化的金針花海，眾人站在花海中，擺POSE拍照，園方不斷宣導，大家要保持社交距離，雖然疫情看似趨緩，但民眾還是提高警覺。
《TVBS》提醒您：
因應新冠肺炎疫情，疾管署持續加強疫情監測與邊境管制措施，
如有疑似症狀，
請撥打：1922專線
，或
0800-001922
，
並
依指示配戴口罩儘速就醫
，同時
主動告知醫師旅遊史及接觸史
，以利及時診斷及通報。
【加入社團‧疫起發聲】
邀請世界各角落的你
加入Facebook社團【
全球說疫情
】
訴說封城和防疫大小事→
https://www.facebook.com/groups/894299717696509/
最HOT話題在這！想跟上時事，快點我加入TVBS新聞LINE好友！",2020/05/01 13:28
https://news.tvbs.com.tw/local/1307865,危險！騎士誤闖蘇花改　隧道口遭警攔截,"騎士誤闖蘇花改，員警隧道口攔截！一名機車騎士在12日上午10點多，騎乘在蘇花改的觀音隧道裡，不過這個路段，是禁行機車的，後方駕駛見狀，想上前告訴他騎旁邊一點，否則實在很危險，但騎士越騎越快，最後駕駛選擇報警處理，員警獲報也隧道口直接攔截，不過騎士供稱騎錯了，並不是為了競速。
騎士騎在隧道裡，跟在一輛黑色轎車的後面，看起來沒什麼問題，只是這看在後車駕駛眼裡，卻是驚險萬分。
目擊駕駛vs.乘客：「(他怎麼不會騎靠旁邊啊)，對啊，他應該要靠旁邊，(去跟他講)。」
直擊這一幕的駕駛，連忙報案，更想上前告訴騎士，靠邊一點，否則看起來真的好危險，因為他們一起行經的地點，正是蘇花改觀音隧道。
警方也守在隧道口，直接攔截，因為騎士誤闖蘇花改，已經違規。
蘇花改B段北上往南澳的方向，在12日上午10點多，這名機車騎士沒改道，直接騎進觀音隧道，但這裡是禁行機車的。
而且他騎的速度並不慢，還緊緊跟著這輛跑車，駕駛一度誤以為，是騎士想要競速，才會誤闖。
蘇澳交通分隊小隊長陳志達：「員警於11點05分，在台九線蘇花改129公里處，攔下該機車，再次呼籲，機車用路人勿再闖入蘇花改，以維護自身的安全。」
蘇花改從今年1月6日，全線通車以來，幾乎大部分的路段，都禁止機車行駛，而觀音隧道，跟谷風隧道連在一起，全長就有12.6公里，騎士從花蓮和平村騎上了蘇花改後，一路都騎在禁行機車的路段。
儘管是不小心的，但騎錯了，還是得依照道路交通處罰條例第60條，最高將開罰他1800元。
只是主管機關，就是認為蘇花改部分路段，尤其隧道燈光比較昏暗，雖然只有限速60公里，畢竟大車小車擠在一塊，一個不小心，發生意外恐怕釀成蘇花改大塞車。
最HOT話題在這！想跟上時事，快點我加入TVBS新聞LINE好友！",2020/04/12 18:45
https://news.tvbs.com.tw/life/1302871,購物中心購熱像儀　民簽承諾書才能進飯店,"清明四天連假，零確診的花蓮吸引許多遊客到訪，不少飯店的訂房率都有7到8成，面對大批旅客到來，相關業者也拉高防疫準備，有購物中心花20萬元購買熱像儀設備，要讓民眾進場時不用大排長龍量體溫；也有飯店業者要求旅客要先簽承諾書，確保有做好自主健康管理才能入內，四天連假花蓮觀光人潮回流，業者迎接商機同時，防疫工作也絲毫不敢大意。
民眾走進購物中心，體溫在螢幕上清楚顯示，雙手也得先噴酒精才能進場。一旁還有告示，要提醒民眾保持適當距離。
清明四天連假，零確診的花蓮吸引了許多遊客到訪，不少飯店訂房率都達到7到8成，面對大批遊客到來，購物中心業者拉高防疫準備。
購物中心經理沈君茹：「我們特別在連假之前，安裝了這台多點溫感熱成像攝影機，希望遊客到這裡能夠更加快速、能夠更加安全到我們這裡來遊玩。」
花20萬元購買整套設備，民眾進場時不用大排長龍量體溫，除此之外，飯店防疫措施也不能少。遊戲室裡，工作人員將積木一一擦拭，用餐區和撞球間也仔細消毒。
民眾：「我們進來飯店的時候，進出口都有跟我們量體溫。」
想進飯店還要簽承諾書，確保自己有自主管理好才能入內。
民眾：「而且這裡，戶外比較多，比較不容易那個(傳染)。」
民眾選擇自己開車出遊，往空曠地方跑，而連假第一天，蘇花改就湧入大量車潮，一路從東澳端回堵至蘇澳新站前，預計到下午4點過後車流量才會舒緩，而武塔隧道到和平端，在清明連假也試辦提速到最高限速70公里，也訂出最低限速50公里，希望能減緩塞車的情形。
四天連假花蓮觀光人潮回流，業者迎商機的同時，防疫工作也絲毫不敢大意。
《TVBS》提醒您：
因應新冠肺炎疫情，疾管署持續加強疫情監測與邊境管制措施，
如有疑似症狀，
請撥打：1922專線
，或
0800-001922
，
並
依指示配戴口罩儘速就醫
，同時
主動告知醫師旅遊史及接觸史
，以利及時診斷及通報。
最HOT話題在這！想跟上時事，快點我加入TVBS新聞LINE好友！",2020/04/02 13:37
https://news.tvbs.com.tw/life/1302218,開車族增　蘇花改清明連續假期試辦提速,"蘇花改通車以來，每到連續假期，都會湧入不少車潮，而在疫情影響之下，許多民眾都選擇自己開車上路，但以往最高限速只有60公里，不少民眾覺得真的太慢了，公路總局也在上個月底宣布，清明連續假期將要試辦提速，最高限速提高到時速70公里。
車子一輛輛開在隧道裡，這裡是蘇花改路段，從通車以來，每到連續假期，都會湧入不少車潮，但最高限速只有60公里，讓不少民眾都覺得真的太慢了。
公路總局也在上個月底宣布，4/2日到4/5日，清明連續假期要試辦，蘇花改的提速，將會提升到時速70公里。
第四區養護工程處交管中心主任陳國正：「第一個優先目標，是希望能夠在東澳，也就是最長的南澳到和平這段。」
除了蘇花改的南澳和平段，包含武塔、觀音、鼓音、谷風隧道，在南迴改的安朔草埔段，清明連續假期，同樣要試辦提速，最高速限提高到時速70公里，最低速限則是時速50公里。
疫情影響，許多人都會害怕搭乘大眾運輸工具，就連客運站也空蕩蕩，不少民眾都選擇自己開車上路。
民眾：「真的就是比較方便啦，因為你真的是，(60太慢)，真的太慢了，有時候沒有定速的車子，會開到駕駛會想睡覺。」
但也有民眾認為，提高到時速70，差異不大，希望試辦後，可以再繼續往上調整。」
不少民眾開車進入隧道，因為光線明暗的變化太大，都會習慣在出隧道的時候，放慢車速，也希望提速之後，可以讓行車更順暢。
最HOT話題在這！想跟上時事，快點我加入TVBS新聞LINE好友！",2020/04/01 13:40
https://news.tvbs.com.tw/life/1299283,油價跌加蘇花改速限提升　民眾出遊意願增,"清明連假即將到來，交通部長林佳龍宣布，連假要試辦南澳到和平路段，蘇花改時速上限放寬到70公里，再加上油價已經連續四週下降，加上花東目前都是零確診，這也讓花蓮的業者們很期待，希望民眾能夠多多到花東旅遊，紛紛推出相關優惠，要搶攻連假商機。
被可愛的海獅親了一下臉頰，遊客好開心，這裡是花蓮的遊樂園，面對即將到來的清明連假，業者摩拳擦掌。
海洋公園協理葉忠岳：「我們預估今年的兒童節連假，希望可以跟去年的，兒童節連假人數差不多，大概是3萬人左右。」
推優惠吸引遊客上門，要搶客的還有。
民眾：「你看那邊海豚。」
走進陽台映入眼簾是一片海景，遊客拿起手機狂錄影，花蓮飯店業者也紛紛促銷，像是兒童免費的住房，還贈送驚喜包，另一家還有手做系列課程，平均訂房率都達到了7到8成。
福容飯店主任鍾佩瑜：「前兩天這個前半段是表現非常好的，平均都有七成以上的住房率。」
翰品飯店總經理孫薈茹：「目前我們自駕遊的遊客，相較以往的話，大概是成長兩成的這個遊客量。」
自駕遊客變多了，除了疫情，還有因為這個。
國內油價已經連續四週降價，預估下週油價還會再跌，民眾加油時特別有感，過去加一桶油，40公升以上得破千元，現在不用。
記者vs民眾：「(會因為油價降下來而開車出遊嗎)，會。」
而蘇花改的速限也要提升，交通部宣布，清明連假要試辦，南澳到和平路段，時速上限放寬到70公里，再加上花東地區，疫情零確診，更增加了遊客前往東部旅遊的意願，業者也推出優惠，盼景氣回春。
最HOT話題在這！想跟上時事，快點我加入TVBS新聞LINE好友！",2020/03/26 20:04
https://news.tvbs.com.tw/life/1286346,蘇花改塞車引民怨　公路總局擬提高限速70公里,"日前剛通車的蘇花改因為限速導致常常塞車引起民怨，立委陳歐珀今天要求交通部可以考慮將限速提高到時速70公里。交通部林佳龍則說，會在確保安全的前提下加速辦理。
蘇花改今年1月通車，但由於目前限速時速60公里導致在連假的假期間嚴重塞車，甚至引起民怨。民進黨立委陳歐珀今天在交通委員會表示，希望公路總局可以研擬提速到70公里，低速到50公里，並且可以在一個月內就可以提出。
對此，交通部長林佳龍表示，安全第一，希望快也不要出事，盼可以在確保安全的前提下加速辦理。
公路總局長陳彥伯則表示，蘇澳-東澳路段開放後就已經著手研議提速計畫，但目前總共3段的蘇花改，後面2段的大貨車通行還沒有處理，將會讓全線通車的環境一樣，讓用路人比較熟悉後再提出提速計畫。
陳彥伯指出，目前規劃大貨車的計畫將在4月提出，6月核定，接下來就會討論限速的調整。（中央社）
最HOT話題在這！想跟上時事，快點我加入TVBS新聞LINE好友！",2020/03/04 12:36
https://news.tvbs.com.tw/life/1283927,快訊／悶壞了！連假國內旅遊增　東北部車潮湧現,"最新消息，今天是228連假的第一天，大家都把握好天氣出遊，因為受到新冠肺炎影響，不少人都選擇東部旅遊，因此蘇澳地區蘇花改南下車潮，一早就湧現，另外中山高的中壢路段以及北二高的鶯歌到大溪路段，儘管實施匝道管制，但仍出現回堵，時速都大約20公里，大排長龍。
最HOT話題在這！想跟上時事，快點我加入TVBS新聞LINE好友！",2020/02/28 11:35
https://news.tvbs.com.tw/life/1278867,開太慢！蘇花改限速60　駕駛控頻遭逼車,"蘇花改公路開通了，但限速60公里，似乎不少用路人都開得很不耐煩，因為有駕駛說他很守規定，都在限速內，後方駕駛卻是頻頻超車，甚至有些超不過還疑似做出惡意逼車的行為，氣的公開畫面，想問問到底是誰的違規，其實在開通後，陸陸續續開出不少超速，目前相關單位也在研議，是否要提高限速，來到70公里。
駕駛們原本都乖乖地行駛在隧道內，突然後方這輛車，先是步步逼近，接著按耐不住性子，直接超車，接下來好幾輛車，也都覺得前面這輛小轎車，開太慢了，陸陸續續的想超車，而這一輛超不過竟然還閃大燈疑似作出惡意逼車行為。
駕駛實在很不甘心，這些車通通違規，甚至還公開行車紀錄器抱怨，因為他們行駛的路段，就是近來才剛剛開通的蘇花改公路。
明明蘇花改有限速60公里，但因為在隧道內，好長好長，這樣的時速讓不少駕駛沒耐心，頻頻想超車，只是超車得要付出代價，向他占用機慢車道超車，可開罰2400元，如果有惡意逼車情況，警方認定後也能開罰。
蘇花改交控中心主任陳國政：「目前初步我們評估比較可行，譬如說省道目前時速，最高是70，那蘇花改目前是60，當然我們朝這個目標來努力。」
自從開通後，遇上春節連假已經引發不少用路人批評，限速真的有點慢，雖然現在研議，將要提高10公里來到70。
但現階段還沒通過，還是要提醒駕駛，守規定，不少人以為沒測速照相，或是想僥倖，以為區間測速抓不到，通通都被拍照罰鍰。
最HOT話題在這！想跟上時事，快點我加入TVBS新聞LINE好友！",2020/02/19 11:15
https://news.tvbs.com.tw/life/1269867,南迴改、蘇花改通車效益　春節連假台東增近4萬車次,"蘇花改、南迴改通車效益，春節連假台東車流量25萬4000車次，比去年增加3萬9000車次，台東市區旅宿業住宿率都在9成以上，台東縣政府估整體觀光產值約新台幣48億元。
台東縣政府交通及觀光發展處今天統計7天春節連假湧入台東車流量和觀光人數。交觀處長江慧卿表示，蘇花改通車，從台北到花蓮進入台東縮短了1個小時；如走南迴改從屏東進入台東，縮短了半小時，加上長達7天的假期，吸引遊客到台東。
江慧卿表示，經統計1月24日至1月29日（除夕到初五）台東的交通車流25萬4000車次與去年春節同期21萬5000車次相比增加3萬9000車次，進入台東（含火車、航空）人次約82萬7000人次，較去年71萬7000萬人次增加15.26%。
台東主要的旅遊景點遊客統計約49萬8000人次，較去年同期64萬3000人次則減少22.45%；春節期間台東縣旅宿業住房率約8成，台東市區達9成以上幾乎滿房，與去年春節連假同期相比，成長約1成左右，整體觀光產值估算約48億元。
江慧卿表示，旅遊景點遊客量減少的原因，主要是受到武漢肺炎疫情升高以及連假天候多為陰雨濕冷天氣，影響遊客至景點出遊意願，導致景點遊客人次下滑。
江慧卿表示，統計各景點遊客人次最多的前5名分別為伯朗大道的14萬1580人次、小野柳的5萬8071人次、水往上流的3萬9469人次、台東森林公園的2萬7600人次及鹿野高台的2萬6640人次。
台東縣長饒慶鈴表示，春節過後，從1月30日到2月2日為另一波到訪台東旅遊潮，台東縣政府在各旅遊服務中心、交通場站、公廁皆完成防疫措施，也呼籲民眾出入公共場所記得要配戴口罩，作好自身防護，勤洗手，不必過度恐慌。（中央社）
最HOT話題在這！想跟上時事，快點我加入TVBS新聞LINE好友！",2020/01/31 17:16
https://news.tvbs.com.tw/local/1269119,你擠什麼！休息站車靠太近　竟引爆口角,"年初五，不少民眾都是在最後一天才返回工作崗位，休息站的車潮也同樣滿滿都是，但有人因為車靠太近，卻也引爆口角，因為當時大家急著要停車，所以稍微擋住對方的動線，結果雙方一下車就爆粗口，或是在蘇花改也同樣出現滿滿的車潮，公路有管制造成回堵，大家怕急著上廁所又塞在車陣中，全都跑到加油站，排隊人潮一路排到半夜都還在排。
就在休息站停車場，雙方站在車道上，你一言我一語的互嗆。
停車民眾 vs. 遭嗆駕駛 ：「路你家的嗎？不然你在擠什麼？笑死人了，殘障還那麼大聲，我女兒殘障有需要一直講嘛，要不要看殘障手冊啦。」
大過年的，但雙方火氣都不小，好嗆阿。
停車民眾 vs. 遭嗆駕駛 ：「你剛剛罵什麼，你講出來啊，那你叫擠什麼，你罵什麼講出來啦，講出來啊，什麼叫瘋女人？」
停個車而已，卻停出一肚子火，29日年初五收假日，民眾紛紛開車返回工作崗位，但開累了來到休息站，只因為大家看到車位，都想趕快停車，結果靠太近卻也差點引爆衝突。
同樣出現北返車潮的還有這裡，民眾怕塞車，蘇花公路提早湧現車潮，因為有管制，車流回堵，民眾怕尿急又塞在車陣中，全都跑進加油站先解放一下。
店家工作人員：「(今年的狀況跟去年比起來咧)，今年比較嚴重，會不會是因為蘇花改的關係)，對啊。」
結果廁所前的排隊人潮，一整天都看不到盡頭，但更辛苦的恐怕是刷廁所的工作人員，因為幾乎掃都掃不完，
自從蘇花改全線通車後，願意開車返鄉人潮增加，光是28日就車潮來到最高峰，北上一共將近2萬輛車次，平均每小時有900輛上蘇花改。
幸好最後都有順利地返回工作崗位，只是再看一次，廁所前綿延不絕的排隊人龍，有民眾就建議，附近應該還要再增設休息站，才能消化人潮。
最HOT話題在這！想跟上時事，快點我加入TVBS新聞LINE好友！",2020/01/30 13:49
https://news.tvbs.com.tw/life/1268417,趕初五開工！雪隧、蘇花改　北返車潮湧現,"明天就要開工，東部湧現返家車潮，28日上午，民眾為了隔天就要回到工作崗位上，許多人早早就出門返家，不論是宜蘭還是花蓮，都出現了部分路段回堵情形，也有不少民眾就怕塞車，早早就出門，而塞車的路段，大部分都是在車流的匯集點，像是交流道或是隧道的入口，變成單向道，又要分散車流，也難免出現塞車情形。
長長的車龍一望無際，大年初四一大早宜蘭返回台北的遊客，只能跟著大家排隊，不少人為了趕在初五開工，加上年假即將結束，宜蘭地區返鄉車潮上午就開始湧現，而塞車的可不只有宜蘭。
花蓮崇德到仁水隧道的路段，回堵了至少1公里，時速只有2、30公里，知道會塞車，民眾早早就出發。
民眾：「(啊怎麼這麼早就出發了)，怕塞車啊，怕塞車啊，啊早上車流都還可以就是了，都可以，都可以。」
民眾：「(啊有沒有塞到)，沒有啦，到這邊才塞的。」
再往北走，雪隧宜蘭北上路段，上午9點半左右，回堵四到五公里，時速同樣只有25至30公里左右。
公路總局提醒，花蓮往宜蘭，崇德與仁水隧道中間的清水段，上午也開始塞車，因為之後到了仁水隧道，就會變成單向道，之後又會接台九線蘇花改，是車流匯集的重要路段，也難免碰上塞車情形，提醒用路人時時查看塞車路段。
最HOT話題在這！想跟上時事，快點我加入TVBS新聞LINE好友！",2020/01/28 13:49
https://news.tvbs.com.tw/life/1268190,快訊／怕塞車初三提前北返　蘇花改車龍5公里,"大年初三，首次加入春節疏運的蘇花改，下午一點鐘開始，陸續湧進北返車潮，長長的車陣也從三公里綿延變成五公里。
最HOT話題在這！想跟上時事，快點我加入TVBS新聞LINE好友！",2020/01/27 17:45
https://news.tvbs.com.tw/local/1267805,砰！剛出蘇花改　女自撞中央分隔島車毀,"台九線168.7公里處，一名女子昨天中午開車，在彎道時不慎自撞中央分隔島，還好有防撞桶緩衝，只有車損人沒有受傷，附近居民說，因為這裏剛好是蘇花改終點路段，很多駕駛一出了隧道就會放鬆，就算路段限速50公里，但因為沒有測速照相，常常會有人超速，現在希望相關單位能加增一些警告設施，減少彎道車禍發生。
台九線剛出蘇花改隧道，一輛白色轎車，越開越偏，沒注意到前方就是分隔島，車頭砰的一聲直直撞上，中間黑色防撞桶。
還好人沒事，只有車頭撞一個幾乎全毀，保險桿整片掉在地上。
回到現場是一個彎道，民眾說，這裡真的很常發生車禍。
居民：「看不到可能跟路邊擋的車子有關係，其實它是滿短的，不然就是用警示燈或告示牌，或是減速的那個。」
25日中午11點左右，一名歐姓女子，開著轎車在台九線168.7公里轉彎處，不慎自撞，還好有防撞桶緩衝，只有車損，人沒有受傷，附近住戶說，這裏剛好是蘇花改隧道出來的路段。
崇德所副所長程志平：「現場無人員受傷，駕駛經檢測之後沒有酒精反應，車速太快，蘇花出來這邊都是加速區，這邊上去也是加速區，大家都趕著回家，就算有限速大家也不會理啊！」
居民說行經這邊的車速都很快，北上的是一個急轉彎加上上坡加速，根本看不到前面，南下的部分是一個下坡，加上走到蘇花改終點駕駛都放鬆了，所以碰到急轉彎就很容易撞到。
居民：「蘇花現在通了，每個出來都飆的跟鬼一樣，用一個測速照相機，或許會比較好。」
再看一次撞車畫面，不管是恍神還是超速，過年期間車流量大，民眾行車還是要多多留意。
最HOT話題在這！想跟上時事，快點我加入TVBS新聞LINE好友！",2020/01/26 13:52
https://news.tvbs.com.tw/life/1267810,「東部唯一國道服務區」　蘇澳休息站初二塞,"去年底剛開幕的蘇澳休息區，是宜蘭縣唯一座國道休息站，今天初二回娘家，今天剛接近中午，就擠了滿滿的遊客和回娘家的人潮，民眾說裡面攤位很多元，知名伴手應有盡有，不用在開進市區，非常方便，而且不只宜蘭名產，連花蓮名產都買得到。
初二回娘家，天都還沒亮，一早五點多車潮湧現，一輛接著一樣排隊，長長車龍看不到盡頭。
員警在蘇澳隧道口，指揮交通，大家都想避開車潮，提早出發，清晨5點到7點，還好車流量多，但還算順暢。
車開累了想休息一下，有車位不要猶豫，直接停就對了，接近中午開始，剛營運不到一個月的蘇澳服務區，69個停車位滿滿滿。
進到裡面，櫃位前都擠滿了人，店員補貨補到手軟。
業者：「(今天備的貨有比較多嗎)，有多很多。」
知名奶凍卷不用進到市區，休息站就能吃得到。
奶凍業者張憶潔：「這一兩天的人潮，我預計應該會，比平常多大概4倍5倍。」
想吃傳統美食，道地糕渣卜肉，羅東最出名的蔥油餅，休息站全包辦，滿滿宜蘭味。
業者：「來客量很多，超乎預期的好。」
民眾：「不用開到花蓮市區，(這邊也買得到是不是)，(這裡很方便是不是)，對啊門市也滿多元的，來這邊可以一網打盡，讚。」
蘇澳服務區，在去年年底正式啟用，是宜蘭縣唯一的國道服務區，位置國道五號的終點，和蘇花改的起點，外觀像鯨魚又像郵輪非常搶眼，裡面的裝潢也走海洋風，裡面美食街超商，親子空間應有盡有，還有親子專用洗手間和無性別廁所。
民眾：「春節這時候覺得，這樣整個環境都還滿優雅的，整個設施滿不錯的。」
車開累了按摩椅鬆一下，養足精神再出發，蘇澳服務區，串聯蘇花改起點的位置，目前第一期完成的車位只有69格，未來也將會持續增加，紓解未來假期東部南來北往的車潮。
最HOT話題在這！想跟上時事，快點我加入TVBS新聞LINE好友！",2020/01/26 13:34
https://news.tvbs.com.tw/life/1267496,走春！初一出遊　蘇花改南下車潮爆量,"蘇花改年初通車，遇上第一個農曆春節。大年初一連假第三天，不少民眾外出走春，開車要到花東玩，嘗鮮體驗蘇花改。車潮從凌晨兩點開始，陸續湧現，到了白天車流暴增。長長車龍從國五蘇澳交流道，一路塞到蘇花改入口處，有民眾光是排隊就等了一個半小時。原本從蘇澳到花蓮，走蘇花改只要1.5小時，但因為塞車，整趟下來最少會多一個小時。
一早國五蘇澳交流道，湧現大量車潮，往前方看，根本看不到車隊盡頭。一路塞塞塞，塞到蘇澳服務區，整條路大排長龍，就是為了進入蘇花改。
在蘇澳隧道入口，車子開開停停，放眼望去綿延車龍塞爆，員警站在路口指揮交通。
記者vs.彰化民眾：「(從雪隧到這裡塞多久)，一個小時，(要去哪裡)，花蓮。」
記者vs.台北民眾：「從雪隧到這裡，一個半鐘頭，本來就知道過年會塞，(第一次來開蘇花改嗎)，對對對。」
25日大年初一春節連假第三天，蘇花改南下花蓮的車潮，從清晨4點起大量湧現，每小時900輛，到了早上7點後，來到每小時超過1000輛，遠遠超過蘇花改，行車順暢的800輛車，造成進入蘇花改入口車流，一路回堵到國五路段。
公路總局第四區交管中心主任陳國正：「以往是13點才會開始，今天從凌晨就一直開始。」
今年預估的車流量，比往年要高出一到兩成，而初一南下花蓮車潮，恐怕會一路塞到晚上6點。
公路總局第四區交管中心主任陳國正：「蘇花改通過東澳以後，那邊是未改善路段的南澳東澳段，能夠通過的量比較少，所以從南澳一路回堵到東澳。」
原本從蘇澳到花蓮，走蘇花改只需要1.5小時，但是進入口前，就會回堵塞車30分鐘，東澳隧道出口到南澳，半個小時，整趟下來最少多塞一個小時。
而不少用路人預期，蘇花改會大塞車，所以改走舊蘇花公路，造成東澳端與蘇花改的，匯流處大打結，還因此一度暫時封路。
建議出外旅遊民眾，可以適時調整行程，避開塞車尖峰時段。
最HOT話題在這！想跟上時事，快點我加入TVBS新聞LINE好友！",2020/01/25 13:08
https://news.tvbs.com.tw/life/1266881,連假第一天！國道車潮湧現　分散除夕車量,"過年假期的第一天，不少民眾返鄉過節，今天的國道也出現不少車潮，不過高公局預估因為除夕是第二天，所以從昨天到明天除夕夜，車潮會分散，應該不會比往年塞，而全線通車後的蘇花改，雖然早上就有車潮湧入，但目前還沒有塞車回堵。
員警站在路口指揮車輛一一通過，23日小年夜返鄉人數不少，尤其是蘇花改剛全線通車，就面臨到春節車潮，疏運能量備受考驗。
蘇花改的南下車潮從清晨五點開始湧現，預計要到下午4點可能才會緩解，宜蘭蘇澳分局也加派59名警力跟6名義交前去疏導。
高公局交通管理組科長蔡明哲：「昨天大概上午10點之後，就有車流返鄉的車流會比較明顯，那大概在晚上八點就會慢慢紓解掉了，那今天的還是以返鄉車潮為主。」
小年夜是連假的第一天，不少民眾會利用23日南下返鄉，甚至也會有利用22日晚間離開，加上除夕夜是連假第二天，車潮分散後，24日當天壅塞情況比較好，但初一的車潮可能會是平常假日的1.6倍，不過高公局提醒，初三北返在台中雲林彰化一帶可能會大量堵塞，建議多利用台61線。
而彰化接近中午開始出現壅塞，也預估一天會有6萬人次湧入清水休息站。
民眾：「今天比較早所以就來排，(從哪裡回家)，住苗栗要回家。」
店家：「(今天準備的量多少)，今天比往常要多三倍以上。」
民眾開車返鄉時可要注意交通狀況，盡量利用替代道路，也小心行駛，避免有事故發生。
最HOT話題在這！想跟上時事，快點我加入TVBS新聞LINE好友！",2020/01/23 13:07
https://news.tvbs.com.tw/life/1265028,蘇花改初一南下初四北上　恐塞12小時！,"台9線蘇花改6日全線通車，可增進蘇花路廊整體疏運效率；不過，公路總局預估春節交通量將大增，並在25日（年初一）南下及28日（年初四）北上達最高峰，恐塞12小時。
公路總局上午發布新聞稿，預估蘇花改南下往花蓮方向尖峰日期為23日（小年夜）、25日至27日，並將於25日達到最高峰，全天交通量預估為1萬9000輛，為週末假日的3至4倍，當天自清晨5時至下午5時，可能出現壅塞或車多。
公路總局預估蘇花改春節北上往蘇澳方向尖峰日期為27日29日，最高峰預估為28日，全天交通量預估為2萬2000輛，車潮將從上午8時起持續至晚間8時。
公路總局呼籲春節期間要行駛蘇花改的用路人，盡量避開易塞車尖峰時段。
公路總局提醒，蘇花改除和仁至大清水路段的仁水隧道外，其餘路段皆禁行機慢車，大貨車也尚未開放通行，原台9線路段春節期間也實施大貨車時段性管制，各新舊路段銜接路口都設置導引牌面及大型看板，請用路人依指標導引行駛。
因蘇花改行經多處長隧道，公路總局提醒民眾行前做好車輛安全檢查，行駛隧道時保持安全車距（大客車100公尺，小型車50公尺），並禁止行駛外（右）側緊急救援車道。
公路總局特別製作「蘇花改行車攻略」懶人包及影片，內含新路線行車動線、通行車種及行車安全注意事項。
蘇花改宣導影片連結如下：
一、
南下行車攻略
二、
北上行車攻略
三、
長隧道安全
（中央社）
最HOT話題在這！想跟上時事，快點我加入TVBS新聞LINE好友！",2020/01/19 11:47
https://news.tvbs.com.tw/politics/1263894,春節假期將至　蘇揆：強化運輸安全嚴防非洲豬瘟,"春節假期將至，行政院長蘇貞昌今天表示，交通部務必強化應變機制及疏運安全，特別是國5前往蘇花改、蘇花改新通車路段與原台9線的匯流路段都是易壅塞的高風險區；非洲豬瘟防疫也不能打烊。
今天是春節假期前的最後一次行政院院會。根據行政院資料，蘇貞昌在會中聽取「109年春節期間相關服務措施」報告後裁示，自23日起將有7天的春節連續假期；對於期間政府各項服務措施，包括交通疏運、醫療防疫、安全維護、穩定民生物資等，要求相關部會做好整備工作。
在交通方面，蘇貞昌說，交通部須積極宣導各項措施、切實掌握疏運狀況，加強台鐵餘票釋出、機動增班等資訊揭露，並強化應變機制及疏運安全。去年底、今年初3條新通車的路段，將首次加入疏運，特別是國5要前往蘇花改及蘇花改新通車路段與原台9線的匯流路段，都是易壅塞的高風險區，交通部務必事先做好預防因應。
照護防疫方面，蘇貞昌表示，衛福部除加強關懷弱勢，長照及福利服務不中斷外，因國內外旅客往來將大幅增加，為防範中國新型肺炎傳播，要求衛福部及相關單位加強疫情監測與邊境檢疫。另外，當前正值流感高峰期，他也呼籲國人儘速前往接種疫苗，及早獲得足夠保護力。
對於台灣守了好久的非洲豬瘟，蘇貞昌強調，相關防疫措施不僅春節不打烊，更要做到滴水不漏，要求農委會與相關部會持續嚴格把關。
在安全維護與物價平穩方面，蘇貞昌指出，包含治安、道安（酒駕取締）、居家安全及公共建設的工安，與關鍵基礎設施（能源、水資源、通訊傳播、交通、金融等）的安全維護與緊急應變，還有維持民生物資的供應平穩等，要求相關部會加強辦理。
此外，蘇貞昌要求，環保署應督管各縣市環保局在過年期間、長假時，針對各風景區可預見遊客增加後所產生的垃圾清運要做好準備。
蘇貞昌強調，政府運作與服務沒有空窗期，各機關一定要有「假日門市」的觀念。他要求相關部會首長、各地方政府首長都應注意所屬機關如有假日門市需求者，須事前妥善盤點規劃，善用科技工具協助掌握狀況，遇到問題立即解決。（中央社）
最HOT話題在這！想跟上時事，快點我加入TVBS新聞LINE好友！",2020/01/16 13:35
https://news.tvbs.com.tw/politics/1263479,看好蘇花改通車效應　遠雄擬砸2億元搶商機,"看好蘇花改通車效應，帶動花蓮觀光，遠雄遊憩休閒事業預計投資超過新台幣2億元，啟動改裝計畫，加上積極布局境外市場，看好旗下樂園營收將年成長15%，飯店住房率也將成長30%左右。
2020年1月6日蘇花改通車，市場預估，宜蘭雪隧通車後，觀光人次成長3倍、收入成長2.5倍，看好蘇花改通車將帶動花蓮旅遊人次上看1300萬，每年創造百億元商機。
遠雄遊憩休閒事業副董事長武祥生今天表示，過去花蓮觀光發展的最大阻礙就是交通問題，看好蘇花改通車有助縮短大台北地區至花蓮交通時間約1小時，旗下遠雄悅來飯店與遠雄海洋公園預計投資超過2億元，逐步啟動18年來最大改裝計畫。
遠雄表示，配合通車，海洋公園陸續啟動三大設施，包括全台首座虛實合一「探險島水族館」、「奇妙海洋慶典」光雕環景劇場，並因應未來旅遊人潮提升，預計2月正式開放「電子票閘與線上購票系統」；今年夏季也將落成親水廣場，整體預計3至5年內分階段完成園區以及飯店娛樂設施、餐廳與客房改裝。
遠雄指出，海洋公園2018年入園人次與營收分別為40多萬人、近4億元，2019年為52萬人次、4.6億元，目標今年來到60萬人次、5.3億元，營收成長率約為15%。
遠雄悅來大飯店去年平均房價約為4000元，住房率40%左右，今年目標拉高到4142元，住房率60%，希望成長35%左右；飯店主要客源分配比率為國旅95%，今年希望能夠擴展境外旅客，占比提升到8%至10%，首階段瞄準日本、韓國、東南亞等國家旅客。
武祥生表示，未來旗下飯店據點絕對不止在花蓮，會做更大幅度與全區域的規劃，將在2021年春節開出高雄據點，強調會是國際品牌，而礁溪據點目前仍在規劃中。
此外，遠雄早在2015年就設立遠雄美食公司，資本額新台幣3000萬元，將海洋公園、飯店、美食事業等休閒事業整合，未來將在人才、資源做交流，其中在美食事業，已開設2間「悅來咖啡」。（中央社）
最HOT話題在這！想跟上時事，快點我加入TVBS新聞LINE好友！",2020/01/15 17:03
https://news.tvbs.com.tw/life/1262509,蘇花改提高速限？　公路總局：開放大貨車通車後再評估,"蘇花改全線通車後時速限制40到60公里，不少用路人嫌車速太慢。公路總局第四區養護工程處表示，預計半年後大貨車通車後，再邀集專家學者評估是否調整。
「台9線蘇花公路山區路段改善計畫」分蘇澳至東澳、南澳至和平、和中至大清水3路段，總計改善長度約38.8公里，工程包括8座隧道總長24.5公里。1月6日通車後，長隧道速限60公里/小時、仁水隧道50公里/小時、其他隧道及隧道兩側端點速限為40公里/小時。
對於提高速限的期待，公路總局第四區養護工程處長李順成說，當年蘇花改環評說明書已做要求，提高蘇花改速限短期內無此規畫。目前傾向等到開放大貨車通車後，才會評估檢討是否放寬速限。
李順成解釋，目前蘇澳至東澳，開放非管制大貨車及大客車及小型車通行；南澳至和平、和中至大清水均開放大客車及小型車通行，其中只有仁水隧道開放機車行駛，其餘均須走台9丁線。預計3至6個月後，才全線開放大貨車行駛。
蘇花改工程處長邵厚潔說，目前工程單位以速限60公里/小時設計，上限可達80公里/小時，是否提高速限由營運單位決定。雖然蘇花改通車但不代表竣工，還有相關水保設施未完工，隧道內也有修飾工程部分，但不會因為施工而全面封閉道路。
至於行政院去年底已核定「蘇花公路安全提升計畫」可行性研究進展，邵厚潔說，大清水到崇德採短隧道截彎取直，或長隧道方案；南澳到和平間可能利用舊鐵路的隧道延伸。最快民國111年才能動工興建。（中央社）
最HOT話題在這！想跟上時事，快點我加入TVBS新聞LINE好友！",2020/01/13 16:52
https://news.tvbs.com.tw/life/1262464,春節車潮考驗蘇花改　公路單位提疏運措施,"蘇花改全線通車後，即將面臨春節長假車潮湧現的考驗，公路單位鼓勵大眾運輸，也規畫車種管制、動態號誌控制及協調警力布署重要節點等疏運措施。
交通部公路總局今天針對春節疏運計畫召開記者會。今年春節連續假期從1月23日至1月29日共7天，公路總局第四區養護工程處預估蘇花路廊車流量1月25日南下為尖峰，約有近2萬車次，北上為1月28日約2萬2700車次。
蘇花路廊易壅塞路段為蘇花改蘇澳端、東澳端、南澳市區、崇德路段等，因此實施交通管制措施，包括21噸以上大貨車時段性管制、號誌以長週期為主讓車輛進匝道或隧道「慢進快出」、新增64處連線路口、依據不同交通量變化即時調整時制內容等。
公路總局第四區養護工程處長李順成表示，蘇花改有長隧道，行車較枯燥，提醒民眾安全最重要。沿路都有指示標誌引導，也有相關APP供下載使用，提供駕駛人語音導航及路況。
民眾行駛蘇花改應注意隧道限高4.6公尺，進入隧道開頭燈、禁止變換車道，小型車安全行車距離50公尺、大型車安全行車距離100公尺。
另外今年春節假期較往年不同的新疏運措施，增加了國道客運路線可選擇，往返台北及花蓮地區的民眾，除台鐵與鐵公路聯營外，還有台北直達花蓮的國道客運，分別由統聯客運、台北客運於南港轉運站發車，首都客運於板橋客運站發車，終點站均為花蓮火車站，共3條路線，分流旅運人潮。（中央社）
最HOT話題在這！想跟上時事，快點我加入TVBS新聞LINE好友！",2020/01/13 16:03
https://news.tvbs.com.tw/life/1260845,快訊／蘇花改通車！首遇春節車潮　估年初一最塞,"蘇花改全線通車後，馬上遇到農曆春節，公路總局交通疏導備戰，預估春節連假第1天至第3天中午，「南下返鄉車流」將會陸續出現，依往年經驗，大年初一車最多最塞，收假前一天北返車潮湧現，蘇花路廊、國5等交流道都可能因車潮而回堵，提醒民眾避開尖峰時刻。
最HOT話題在這！想跟上時事，快點我加入TVBS新聞LINE好友！",2020/01/10 09:11
https://news.tvbs.com.tw/life/1259805,快訊／蘇花改通車一天　「觀音、谷風隧道」開74張紅單,"蘇花改6日下午四點全線通車，速限為六十公里，但不少用路人超速行駛，光是觀音、谷風兩隧道，宜蘭警方在昨天傍晚六點左右，就送出74件超速罰單，其中有輛自小客車時速達九十七公里，超速車輛都已經製單告發。
最HOT話題在這！想跟上時事，快點我加入TVBS新聞LINE好友！",2020/01/08 09:23
https://news.tvbs.com.tw/local/1259643,小心速限！蘇花改通車首日　開61張罰單,"蘇花改開通第一天，路況都很順暢，卻也開出爆量的超速罰單！因為全線速限60公里，很多駕駛一個不小心油門一踩，就超速了，截至今天(7日)中午已經開出61張罰單，開最快的高達97公里，其實測速照相機都藏在隧道裡，畢竟在隧道裡出狀況的話，要救援不容易，希望大家能慢慢開，只是春節連假不塞車，也考驗著國五轉接蘇花改，易出現漏斗效應的路段。
車輛依序開上蘇花改，通車第一天，各路段的路況都很順。
但是太順的結果就是，駕駛似乎忘記，這裡的速限只有60公里。
像他開到80公里超速、他飆到96公里也超速，或像是這名駕駛以為在開高速公路，97公里同樣會被開罰，結果截至7日中午已經開出61張罰單，駕駛最高將會被開罰2400元。
駕駛 ：「因為(時速)60，一個不小心就超過了 ，(那怎麼辦) ，(進去的話你會特別盯著嗎？)會，我會很謹慎的開。」
真的得要小心謹慎地開， 因為測速照相機大多藏在隧道裡。
像是東澳段本來就跨線取締，觀音隧道南北向一共6支，谷風也有2支測速照相，之後區間測速宣導後將開始上路，沿路的監視器每150公尺就一支，也成全台密度最高。
因為蘇花改隧道多，而且當初在建造時，狀況頻頻，監視器能讓行控中心，隨時掌握每個角落。
只是春節假期即將到來，國道五號本來預估兩線道，每個小時高達3千輛的車潮，進到蘇花改後，變成單線道頂多容納1500輛，車輛匯集變成漏斗現象，用路人也擔心將會重演塞八小時的窘境。
交通部對此也強調，原有的蘇花公路還是能走，短程跟長途分流，再加上客運協助運輸，用路人更要做好智慧的交通行程規畫，希望能連假力拚不塞車。
最HOT話題在這！想跟上時事，快點我加入TVBS新聞LINE好友！",2020/01/08 00:07
https://news.tvbs.com.tw/life/1259488,通車18小時…蘇花改開出56張罰單　最快超速37公里,"蘇花公路改善工程(簡稱蘇花改)，6日下午4時正式通車，這讓許多往返宜蘭和花蓮的民眾直呼「終於等到這一刻了！」只是有許多民眾似乎不熟悉路況，違規超速的案件頻傳，
警方表示，截至今(7)日上午10時為止，通車18小時內已經開出56張的超速罰單，最快的超速者達37公里。
蘇花改裡最長的隧道是觀音隧道7964公尺，連接鼓音橋到谷風隧道4593公尺，總長12.6公里，但是限速只有60公里，要開13分鐘，十分考驗駕駛的專注度。
其實蘇花改共有3個路段，包括蘇澳到東澳段、南澳到和平段及和中到大清水段，全長38.8公里，其中蘇澳到東澳段前年2月已先通車，6日通車的則是南澳至和平段及和中至大清水段。除了和中到大清水段為花蓮縣警方轄區，其他屬宜蘭縣管轄。
蘇花改全線速限是60公里，其中在觀音隧道南下和北上路段，各裝設3支固定式測速桿，谷峰隧道則是南北向各1支。從6日下午4時通車，截至今(7)日上午10時為止，觀音和谷風隧道一共開出56張超速罰單，甚至在凌晨4時左右，有小轎車在谷風隧道超速37公里。
警方提醒，不少民眾對於路況還不夠熟悉，這56件超速違規，警方都已經製單告發。提醒用路人醒時蘇花改時，應注意隧道內的速限標誌，避免超速受罰。
最HOT話題在這！想跟上時事，快點我加入TVBS新聞LINE好友！",2020/01/07 16:00
https://news.tvbs.com.tw/life/1259435,蘇花改南澳和平段剛通車　科技執法56件超速,"宜蘭警方表示，蘇花改昨天下午4時全線通車，但有用路人疑不熟悉路狀況超速，截至今天上午10時，轄區內蘇花改南澳至和平段有56件超速違規，警方已製單取締告發。
蘇花公路改善工程（簡稱蘇花改）有3路段，包括蘇澳到東澳段、南澳到和平段及和中到大清水段，全長38.8公里，其中蘇澳到東澳段前年2月已先通車，南澳至和平段及和中至大清水段，昨天下午4時正式通車。除了和中到大清水段為花蓮警方轄區，其他屬宜蘭縣管轄。
宜蘭警方表示，蘇花改全線速限為每小時40到60公里，其中要接近銜接舊蘇花公路時的路段速限40公里，其餘多數路段為速限60公里。
警方統計，昨天下午4時到今天上午10時，南澳到和平段內的觀音、谷風兩隧道經過科技執法偵測，已有56件超速違規。其中，今天凌晨4時43分，還有車輛在谷風隧道開到時速97公里（超速37公里）。至於機車部分，未有機車闖入。
警方表示，這56件違規超速都已依照道路交通管理處罰條例製單告發。蘇花改剛通車路段可能是用路人還不熟悉相關規定，因此容易誤踩油門超速，呼籲用路人應遵守速限標誌，以免超速受罰。（中央社）
最HOT話題在這！想跟上時事，快點我加入TVBS新聞LINE好友！",2020/01/07 14:24
https://news.tvbs.com.tw/life/1259109,蘇花改全線通車！　民眾、客運業者興奮首航,"好多民眾都在等今天下午四點這一刻，因為蘇花改終於通車了。其實很多花蓮和宜蘭的民眾早就等不及了，全都在入口處排隊等，因為蘇花改全線通車後，不只是速度變快，回家的路也變得更安全了，甚至還有13年終於又重啟的北花線客運，不少民眾早早就搶票要搭乘首航，而首批用路人進到隧道前，還長鳴喇叭致敬，讓在外面淋雨的施工交管人員感到，十分窩心。
車站人員興奮的朝著，客運裡的乘客揮揮手，因為他們等著這段蘇花改蓋好，已經整整9年，終於在6日4點開通，讓花蓮的準備回家過年的民眾，終於不用再搶台鐵車票。
民眾：「我非常開心喔，能夠蘇花改期待那麼久了，我希望說可以坐一個首發車。」
民眾：「來體驗一下，蘇花公路之美這樣子。」
客運司機：「基本上台鐵的話是沒有，就是夜間這邊，我們這邊就是24小時在通勤。」
雖然時間還是要比台鐵長一些，但是客運司機還是非常有信心，因為蘇花改通車，讓花蓮往返台北，變得更加快速，而且還推出24小時服務，讓民眾不需要在電腦前，戰戰兢兢的搶票，一不小心就可能回不了家。
不只是花蓮，宜蘭得民眾也十分期待，搭上首航的客運，興奮地朝著窗外揮揮手。
而不只是搭客運的乘客，還沒到開放時間，往蘇花改方向的道路，就已經被車輛塞得滿滿滿，根本看不見盡頭，有些民眾甚至是，前一天晚上就來排隊，但是看到這些場面，可都是得來不易。
蘇花改全線通車，典禮選在古風隧道，他是工程難度很高的一段，2016年貫通後，隔年卻坍塌，工程團隊又花了一年的時間，再將他2度貫通。
蘇花改裡最長的隧道是觀音隧道7964公尺，連接鼓音橋到谷風隧道4593公尺，總長12.6公里，但是限速只有60公里，要開13分鐘，十分考驗駕駛的專注度。
現在終於還是如願通車，不只讓花蓮和台北通勤，又多了一個新選擇，也不用再膽戰心驚怕落石。
最HOT話題在這！想跟上時事，快點我加入TVBS新聞LINE好友！",2020/01/06 20:40
https://news.tvbs.com.tw/politics/1259101,蘇花安估10年完成　張善政：若當選縮短至6年,"蘇花改今天全線通車，未來將持續推動「蘇花公路安全提升計畫（蘇花安）」，估計約10年才能完成。國民黨副總統候選人張善政直播時表示，10年太久了，若他與韓國瑜當選，從規劃、設計到施工，希望在6年內有機會能夠完成。
蘇花改今天下午全線通車，而「蘇花公路安全提升計畫」已獲行政院原則同意，未來蘇澳至花蓮行車時間可縮短至1小時內，但蘇花安工程尚未開始綜合規劃，估計大約需要10年才能完成。
國民黨總統候選人韓國瑜、副總統候選人張善政、花蓮縣長徐榛蔚下午3時15分在張善政的臉書粉絲團上直播，張善政表示，蘇花安的路程大概是東澳至南澳間，若搭乘火車普悠瑪號不用10分鐘，「而不到10分鐘的車程，要搞10年還好意思講？」從工程觀點來看10年太久，也丟光土木圈的臉。
張善政表示，完成的時間至少可以打個6折、7折，換句話說，從規劃、設計到施工，希望在6年內有機會能夠完成，若韓國瑜當選加上未來連任，一共有8年的時間，因此在西元2028年以前就是他們的事情，如果沒有完成就會很丟臉。
此外，主持人也詢問有關國道6號東延至花蓮的看法。
張善政指出，高速公路可能會帶來污染問題、而鐵路則比較沒有問題，但無論如何，有必要打通一條東延至花蓮的路，雖然目前面對困難，但要面對困難找出可行的方案，並誠實告訴民眾是「完全可行」或「一半可行」，如果不可行，那就應該每年舉辦技術研討會，因為他相信工程技術的進步速度絕對能夠解決。
張善政表示，過去雪山隧道的技術讓世界刮目相看，但隨著工程技術進步，雪隧的工程技術已不再偉大，因此有關國6東延的工程，隨技術進步應該很快就會有答案，讓台灣的工程在國際上再一次刮目相看。
針對花蓮觀光發展，韓國瑜說，花東的機場跑道只有1700公尺，無法停靠大型客機，未來花蓮、台東應該要有現代化的國際機場、國際郵輪碼頭，完善的醫療、宗教、美食、長照、文創，並讓電影電視進來拍攝，自然而然遊客就會進來花東。（中央社）
最HOT話題在這！想跟上時事，快點我加入TVBS新聞LINE好友！",2020/01/06 19:43
https://news.tvbs.com.tw/life/1259148,蘇花改通車　民眾排隊等3小時搶南下頭香,"蘇花改今天下午4時開放通車，宜蘭縣民吳有材下午1時就在南澳到和平段北端入口的大南澳陸橋等候，搶到蘇花改南下路段車輛的「頭香」。
歷經近9年施工，蘇花改南澳到和平段、和中到大清水段，下午4時起正式開放通車，宜蘭與花蓮之間交通往返更便捷及、安全。
73歲、來自宜蘭的吳有材受訪說，獲知蘇花改開放行駛後，中午12時30分就開車搭載友人從羅東出發，下午1時抵達大南澳陸橋，很高興如願成為蘇花改南下車輛的「頭香」。
吳有材表示，今天前往花蓮並沒有其他目的，開到花蓮崇德後就返回宜蘭，只是單純想要提早體驗宜花半日遊便利。
吳有材說，雪隧單向有兩線道，每逢假日就會塞車，蘇花改只有單線道，若遇連假一定會塞車，因此趁著全線通車首日率先體驗，留下難忘經驗。
蘇花公路山區路段改善計畫(簡稱:蘇花改)旨在改善台9線蘇花公路危險路段，提供民眾一條安全回家的路。全長38.8公里，其中，「蘇澳-東澳段」在民國107年2月5日通行小客車、107年5月7日通行大客車、108年1月17日開放大貨車通行。「南澳-和平段」、「和中-大清水段」今天下午4時開放小型車、大客車通行。（中央社）
最HOT話題在這！想跟上時事，快點我加入TVBS新聞LINE好友！",2020/01/06 19:29
https://news.tvbs.com.tw/life/1259092,國道客運北花線首航　3家公司提供24小時服務,"蘇花改今天全線通車，3家國道客運的北花線也在下午首航，提供24小時服務，台北到花蓮行車時間3小時30分至4小時，業者也推出16天到30天的半價優惠。
3家國道客運北花線分別從南港及板橋發車，經由國道5號及蘇花改到花蓮，且3家客運北花線的圖裝完全相同。
另為因應行駛國道5號雪山隧道及蘇花改觀音等多處長隧道路段的高標準行車安全，北花線國道客運車輛都有裝設行車安全輔助系統、車道偏離警示系統、前車碰撞警示系統、車距監測和警示、疲勞駕駛偵測系統等設備，車輛內裝材料皆採用檢驗合格防火材質。車上也提供免費Wi-Fi無線上網服務及3C充電設備。
統聯客運1663號，營運南港到花蓮，營運時間南港端清晨5時45分至晚上10時45分，花蓮端平日清晨5時至晚上9時20分，假日清晨5時至晚上9時30分，平日每天往返各30班，假日往返各40班，3排座椅全票320元、半票205元，行車時間3小時30分。
台北客運1071號，營運南港到花蓮，營運時間清晨6時至深夜0時，採北花相同時間對開，另有1班凌晨3時的班車，平日往返各28班，假日往返各32班，3排座椅全票320元、半票205元，行車時間3小時30分。
首都客運1580號，營運板橋到花蓮，營運時間清晨5時至深夜11時，採北花對開，另有1班凌晨2時的班車，平日往返各34班，假日往返各46班，3排座全票352元、半票225元，行車時間4小時。
台北客運及首都客運另有4排座椅班車，台北客運「南港－花蓮」全票266元、半票170元；首都客運「板橋－花蓮」全票290元、半票185元。
3家業者都推出北花線優惠票價，統聯客運今天起30日內，也就是今天至2月5日，享半票205元優惠，另提供週一中午12時至週五中午12時前，全票290元優惠。
台北客運今天至21日，3排座椅票價一律205元，4排座椅一律170元，另週一至週四，全天實施優惠票價290元，春節期間採全票價85折。
首都客運也是今天起至21日，3排座椅一律225元，4排座椅一律185元，春節期間採全票價85折。（中央社）
最HOT話題在這！想跟上時事，快點我加入TVBS新聞LINE好友！",2020/01/06 17:53
https://news.tvbs.com.tw/life/1258781,「最美巴士」北花線減法設計　台灣製造轉型台灣設計,"蘇花改今天全線通車，以白色為底、七星潭石頭為意象的「北花線」國道客運同步上路，台創董事長張基義說，透過設計可以幫傳產轉型，讓MIT（台灣製造）轉型為DIT（台灣設計）。
蘇花改今天全線通車，3家業者統聯、首都、台北客運得標往返大台北、花蓮的「北花線」國道客運，也在今天同步上路。
北花線的美學改造在台灣創意設計中心（簡稱台創）的推薦下，車體外觀及主視覺由日目視覺藝術打造，U.10 Inc大衍國際設計車體內裝。設計團隊在不到半年的時間內，在既有的框架下將座椅、地板重新拆掉重做，打造寬敞的3排座椅車輛，讓民眾在通往回家或旅遊的路上，有如坐在頭等艙般舒適。
日目視覺藝術負責人陳普表示，設計前團隊實際走一趟舊蘇花公路田野調查，過程中獲得不少啟發，最後決定以花蓮帶有藍綠色的水為主題，並以七星潭的鵝卵石為車體主視覺，再藉以8個鵝卵石，象徵蘇花改工程所貫通的8個隧道，將公共運輸與道路改善工程連結外，也象徵公路通到哪裡，公共運輸就服務到哪裡的意涵，重新打造客運服務的新樣貌。
最後以減法設計呈現，U.10將內裝以白色系為主體設計，座椅採用白色材質，電視、音響、冷氣風管處也使用淺色皮料包覆，窗簾則採用立體剪裁式拉簾，並將使用率極低的頭頂置物櫃拆掉，室內空間挑高，營造寬闊舒適感。
U.10過去曾打造過美國的電動車，首次參與公共運輸設計，U.10設計總監孫崇銘坦言，「公部門都很支持，反而與業者、車廠的溝通較困難。」面對製造車輛超過30、40年的傳產業者，設計團隊花了不少時間與廠商溝通、說服，「要講到能說服師傅們堅持這些細節的理由，最後他們看到車子慢慢成形，就會知道原來這些細節都是讓視覺更協調。」
最後呈現出具有5大特色的北花線客運，包括頭枕改成可調式設計、識別資訊中英雙語化、色彩材質一制性、微笑曲線車頭等，其中車輛的指標設計更是改造重點之一。
日目視覺藝術視覺總監黃顯勛說，過去看到遊覽車、客運內外指標貼的毫無章法，會以為是業者的錯，這次合作才發現，業者缺少美學概念是一回事，最大原因出在法規，「業者多半是按照法規執行，最後就會做出各式各樣設計不統一的標示。」
因此設計團隊重新統整車體的資訊標示，盤點並檢視法規，去除非必要與重複內容，打破過去業者混雜著標楷體、黑體、圓體等字型，並與文鼎字型開發「晶熙黑體」，此字體在高速移動中辨識度佳，在視覺上可以更清楚明瞭，聚焦重點明確傳達，同時加上中英文標示說明。
公路總局主秘林福山表示，他把北花線定位為一個實驗的開始，「設計美學導入後，下一階段就是要重新檢視營運大客車相關法規，讓車輛識別指標可以更優化。」
陳普坦言，這次專案對設計師而言，是平常處理的工作項目之一，「但對車廠來說是30幾年來一次重大翻轉。」
張基義認為，從去年的台鐵觀光列車改造到公路總局北花線，都可以看出設計驅動公部門的思維創新，從這個案子可看到，透過設計能幫傳產轉型，「讓台灣很驕傲的MIT（Made in Taiwan，台灣製造）轉型為DIT（Design in Taiwan，台灣設計）。」
林福山回想當初設計師大膽提出要用白色座椅，業者卻苦惱難以清潔，但隨著「最美巴士」北花線亮相，林福山自信地說，「美學可以改變行為！乘客進到有設計感的車輛，使用上也會很小心，司機扛著北花線這樣的品牌，工作起來也會很榮耀。」
然而林福山更期待的是這次公運美學改造，能興起一股客運新文化，帶動民眾搭乘客運的頻率。（中央社）
最HOT話題在這！想跟上時事，快點我加入TVBS新聞LINE好友！",2020/01/06 16:24
https://news.tvbs.com.tw/politics/1258992,蘇花改恐成漏斗效應　林佳龍：戒慎恐懼宣導分流,"蘇花改全線通車，外界認為，宜花交通若再加上國5雪隧塞車，恐成漏斗塞車效應。交通部長林佳龍今天說，戒慎恐懼面對，交通部會加強宣導分流，鼓勵用路人挑選不同時段上路。
媒體報導，國5雪隧兩線道在假日經常塞車，本來就成了用路人夢魘，如今多數是單線道的蘇花改通車後，將形同漏斗瓶頸般，造成國5及蘇花改「雙塞」。
林佳龍上午出席蘇花改通車典禮前受訪時說，交通管理要走向智慧交通及交通分流。其實蘇花改通車後，原來的蘇花公路也還是可以使用，只是把原來的大型車和一般機車做一些分流；走地方和長途也可以分流，若給更多的交通資訊，用路人就可以做好最有智慧的行程規畫。
有媒體詢問，屆時宜蘭與花蓮兩地交通幹道是否會造成漏斗塞車效應。林佳龍強調，這當然要戒慎恐懼，所以交通部要做好宣導，也要根據大數據較塞的時段向用路人宣導，鼓勵用路人利用不同時段上路，進行分流。交通除了提供更好的道路服務，最重要的是用路人要有足夠的資訊。
他表示，蘇花改也是智慧交通一個重要的示範，他日前到蘇花改南澳交控中心視察時，看到現場可以掌握蘇澳到花蓮行車資訊，連省道資訊都可一併掌握，相信透過這些智慧交通管理，可以大幅改善未來的交通情況。（中央社）
最HOT話題在這！想跟上時事，快點我加入TVBS新聞LINE好友！",2020/01/06 16:02
https://news.tvbs.com.tw/politics/1258960,蘇澳到花蓮省近1小時！　蘇貞昌宣布蘇花改通車,"歷經近9年施工，蘇花改全線預定今天下午4時開放通車。行政院長蘇貞昌上午在蘇花改谷風隧道主持通車典禮時說，今天的通車不是結束，而是蘇花安新階段持續進行。
通車典禮於蘇花改谷風隧道南口北上線舉行，公路總局局長陳彥伯在典禮上正式宣布，今天下午4時將正式通車。蘇花改通車後，蘇澳到花蓮的行車時間，估計將可省約59分鐘。
「蘇花改通車了」，蘇貞昌接受媒體聯訪表示，他今天到場要向工程人員致敬，這是經過很多人一鑿一錘、一挑一擔的辛勞，感謝沿路來所有工作人員的辛苦，同時也向鄉親報告好消息。
蘇貞昌說，今天的通車不是結束，而是將有新的階段持續進行，包括東澳至南澳、和平至和中等階段，「蘇花公路安全提升計畫（蘇花安）」去年底已核定可行性研究，會持續為花蓮、台東鄉親安全回家的路努力。
蘇貞昌致詞說，他一早從行政院出發，經北宜公路、蘇花公路後抵達典禮會場，他一直有個觀念，檯面上的人來來去去，大家一定要記得始終在現場的工程人員，他們腳踏實地、用心用力，用時間、青春甚至是生命，讓大家有方便出外、安全回家的路，「我們要懂得感謝、感恩」。
蘇貞昌說，台灣的每一步都是因為有人腳踏實地、團結合作，才能讓小小地方、少少人口的地方，於世界有一席之地，他不懂什麼是門道、什麼事熱鬧，認為最重要的是「做到」，台灣不需要口水、場面上的話，需要的是腳踏實地、認真做事。
蘇貞昌說，也感謝工程人員的家人，讓他們全心全力。他指出，女婿是阿美族，每年都要開車從北宜公路、蘇花公路回到台東，若因風雨封路，就要走西部經屏東到台東，因此這次不僅是要完成對民眾的承諾，也為下一代努力。
蘇貞昌也於典禮上，頒發激勵獎金給有功人員。
媒體詢問，是否擔心春節期間，國道5號雪山隧道加上蘇花改塞車問題，造成漏斗效應。蘇貞昌說，春節是國人最大節慶，民眾返家、走春，所以去年已宣布除夕前一天就開始彈性放假，這是新的做法，希望國人早點安排時間出遊、回家。
蘇貞昌表示，新的路網完成，難免一開始有些不適應，尤其年節期間，難免還是會有比較高使用率，還是請大家務必遵守相關的使用規則，一定要安全最重要。
蘇貞昌指出，他已拜託交通部長林佳龍及內政部長徐國勇，警察方面先做規劃、安排及宣傳，讓國人知道使用新的道路，尤其像蘇花改通車，一定給花蓮、台東鄉親更安全、更方便回家的路，希望大家好好使用。
蘇花改有3路段，包括蘇澳到東澳、南澳到和平及和中到大清水，全長38.8公里，其中蘇澳到東澳去年2月已先通車。（中央社）
最HOT話題在這！想跟上時事，快點我加入TVBS新聞LINE好友！",2020/01/06 15:05
https://news.tvbs.com.tw/life/1258854,蘇花改全線通車　宜蘭至花蓮車程省60分鐘,"蘇花改今天全線通車，整體行車時間能縮短60分鐘，但學者提醒，要是民眾一窩蜂上路，台北花蓮恐怕要花8小時，而行政院長蘇貞昌出席通車典禮，話也是說得很保守。
記者張允曦：「蘇花改全線通車，典禮選在谷風隧道，它是工程難度很高的一段，2016年貫通後隔年卻坍塌，工程團隊又花了一年時間，再將它(隧道)二度貫通。」
另一個特別的地方，是蘇花改最長的觀音隧道，透過鼓音橋連接谷風隧道，整體長度12.6公里，依速限60公里行駛，最快也要13分鐘，比雪隧速限90公里，最快9分鐘，更考驗用路人專注度。
行政院長蘇貞昌：「春節是國人最大的節慶，大家也都想回家團圓，希望國人同胞，早一點安排可以方便的時間，出遊或者回家。」
蘇花改通車後2週，立刻就會遇上春節連假，蘇院長先把醜話說在前頭，因為已經有學者提醒，要是雪隧跟蘇花改同時塞車，台北花蓮恐怕得花8小時。
交通部長林佳龍：「交通其實還是要走向智慧交通，蘇花改通車之後，原來的蘇花公路也還是可以使用，只是我們會把這些大型車，跟一般的機車、自行車做一些分流。」
部長認為蘇花改通車後，舊的台九線依舊存在，民眾如果能分流，狀況不一定會這麼遭，更強調蘇花改有智慧交控系統，大貨車匝道儀控，還有區間測速等科技執法，讓行車更順暢，蘇花改全線通車，改善了3段38.8公里的危險路段，從蘇澳到崇德行車時間縮短60分鐘。
記者張允曦：「接下來還有蘇花安，預計2030年完工，整體行車時間，可以再縮短30到40分鐘，等於宜蘭花蓮間，只需要1個小時左右，讓東部人的回家路，更快、更安全。」
最HOT話題在這！想跟上時事，快點我加入TVBS新聞LINE好友！",2020/01/06 13:33
https://news.tvbs.com.tw/life/1258804,搶客大戰開始！蘇改通車　飯店推買一送一,"今天是蘇花改通車第一天，不少花蓮的觀光業者早已摩拳擦掌，準備迎接大批遊客，許多飯店都推出買一送一的優惠，還有業者打出假日不加價，甚至配合旅遊補助，四人同行一人只要700元，讓不少民眾好心動，飯店業者就預估這波通車潮，住房率可能會提升1到2成。
晴空萬里的天空，被高山環抱，景色好美，工作累了想散散心，許多民眾會四處旅遊，蘇花改開通，給遊客多一個小旅行的選擇，不一定要搭火車，走公路也很快。
遊客：「因為方便啊！快多了。」
遊客：「蠻方便的啊！就會想要再來一次。」
花蓮就有飯店業者嗅到商機，推出超殺折扣優惠，要在這一波通車潮大舉搶客。
飯店副協理郭宗旻：「我們看準了未來來花蓮，兩天一夜小旅行的市場，還有三天兩夜的一個旅遊的商機。」
花蓮三間飯店都各自推出優惠，都有買一送一的活動，像是福容飯店送市價4999元的市景房，悅來飯店則有假日不加價，配合旅遊補助，還能四人同行一人700元，便宜了4到5千元，瑞穗春天酒店，也因為買一送一，接到很多電話詢問。
飯店經理顏美雲：「預計住房量的話，可以提高一到兩成的住房率。」
飯店業者動起來，禮品店也沒閒著。
店員忙著上架商品，伴手禮店的業者，原本已經結束年終回饋，買千送百的活動，這回為了蘇花改開通，延長優惠日期，加上年節較早，可望在這一波觀光潮，帶動不少業績。
最HOT話題在這！想跟上時，快點我加入TVBS新聞LINE好友！",2020/01/06 12:31
https://news.tvbs.com.tw/life/1258779,蘇花改今全線通車　下午4時起通行,"行政院長蘇貞昌上午在蘇花改谷風隧道南口北上線主持通車典禮時說，今天的通車不是結束，而是新階段持續進行；交通部公路總局長陳彥伯表示，下午4時蘇花改通車。
歷經近9年施工，台9線蘇花公路山區路段改善計畫（蘇花改）全線通車後，蘇澳到花蓮行車時間估計將可省約59分鐘。
「蘇花改通車了」，蘇貞昌接受媒體聯訪表示，他向鄉親報告好消息，也向工程人員致敬，這是經過很多人一鑿一錘、一挑一擔的辛勞，感謝所有工作人員一路來的辛苦。
他說，通車不是結束，而是持續進行新階段，包括東澳到南澳、和平到和中等段，去年已核定可行性研究，會持續努力花蓮縣、台東縣鄉親安全回家的路。
蘇花改有3路段，包括蘇澳到東澳、南澳到和平及和中到大清水，全長38.8公里，其中蘇澳到東澳去年2月已先通車。（中央社）
最HOT話題在這！想跟上時事，快點我加入TVBS新聞LINE好友！",2020/01/06 10:38
https://news.tvbs.com.tw/life/1258619,漏斗效應！蘇花改、雪隧塞　過年北花恐開8hr,"蘇花改6日下午，終於要全線通車，不過，開通沒多久就碰上春節假期，公路總局預估，蘇花改單日流量約有1萬9千多輛，會比往年多，專家擔心，蘇花改勢必吸引更多民眾，甚至旅遊業者，也推出優惠組合，預估過年期間會出現「漏斗效應」，北花行車時間從原本3.5小時，恐怕延長變6到8小時，增加一倍的時間。
歷經九年施工的蘇花改，6日下午終於要全線通車，不過開通兩個禮拜後，就碰上春節假期，有專家預估今年北花塞車，恐怕更嚴重。
北部都會區的民眾：「他們會覺得可以開車過去，甚至你可以看到，有些渡假村，現在也打著蘇花改通車(優惠)。」
專家擔心蘇花改，吸引民眾會引發「漏斗效應」，就是因為雪隧宜蘭路段，車道較多屬於漏斗最上層，每小時能容納1800，到2000輛的車子，但再往蘇花改走，只剩一個車道，每小時只能有1500輛車子通行，如此一來車子就會擠在漏斗口，每小時累積300到500輛車，平日北花單趟3.5小時，但春節恐怕會變6到8小時，增加一倍時間。
去年收假日的時候，北上的尖峰是，一天1.4萬輛次，今年如果超過1.8萬輛次，大概就會比去年更慘。
公路總局就預估，今年春節期間，蘇花改單日流量，約有1萬九千多輛，會比往年多，畢竟蘇花改只有一個車道，速限落在60公里，小型車距規定50公尺，大型車則要100公尺，而且蘇花改先通車的，蘇澳到東澳段，春節以及清明節，都曾出現過漏斗效應。
公路總局：「蘇澳交流道一路到南澳這一段，這是個回堵的路段，那這個路段過了以後，那因為車子在這邊，已經做了一些限制，接著到1月6日，明天通車的路段，通過這邊，應該車流就會比較順暢。」
公路總局預估，除夕初一以及收假日，會是最壅塞時段，提醒民眾多走，濱海公路或北宜公路，舒緩塞車，蘇花改全線通車後，立刻迎來春節連假車潮，考驗應變能力。
最HOT話題在這！想跟上時事，快點我加入TVBS新聞LINE好友！",2020/01/05 18:44
https://news.tvbs.com.tw/life/1258607,來勢洶洶！北花客運　台鐵估搶2%客轉搭,"花東居民期待已久的蘇花改，明天將全線通車！而13年都沒有客運路線的台北花蓮，也將有新路線開始營運，被譽為是最美客運的北花線，大膽運用的白色座椅，還有花蓮的鵝軟石頭枕，不過業者推出下殺最低價，北花只要171元，而且還有24小時不打烊服務，想必以往大家都只依賴的台鐵，恐怕將會被瓜分2趴的客源。
蘇花改就要通車了，往返花蓮台東將多了一條安全的路，就缺這最後一哩路，以後客運就能環台一圈。所以為了搶攻東部地區，客運業者特地推出新路線，北花線。
大膽的用運白色座椅，還有把花蓮在地的鵝軟石，也變成灰藍的頭枕，設計上採用減法哲學，把車上以往雜亂分散的標語，重新整合一遍，花東最美的旅程從這裡開始。
當然車很新穎，票價也很吸睛，目前將會區分成三條路線，從南港板橋以及基隆發車，已經由台北統聯以及首都客運，拿下經營權，票價落在320元到352元間，而且不同車型還會有所優惠，最低下殺171元，創下最低價。
13年來已經沒有台北往返花蓮的客運路線，現在除了搭台鐵之外，多了一項選擇，預估最快3個半小時，就能抵達，雖然票價下殺到171元，比起台鐵兩個小時的車程，要價419元，有台鐵內部人士就預估，可能會瓜分掉2趴的客源。
畢竟想去花蓮，搭客運將有24小時不打烊服務，想搭台鐵，還得先搶得到票才行，
面對北花客運來勢洶洶，未來是不是可能會動搖台鐵的運輸地位，還有待春節過後，觀察平常日的運量如何，畢竟能不能掌控時間，是大部分民眾的考量。
最HOT話題在這！想跟上時事，快點我加入TVBS新聞LINE好友！",2020/01/05 18:37
https://news.tvbs.com.tw/life/1258518,來勢洶洶！北花客運　台鐵估搶2%客轉搭,"再等一天蘇花改就要通車了，現在被譽為是最美路線的客運也將上路！這回客運業者內裝走簡約造型，座椅大膽地運用白色系，配上花蓮的鵝軟石造型，不過票價現在也要來跟台鐵搶客源了，因為從台北到花蓮各路線行程時間縮短到3.5小時，雖然比起台鐵的兩個小時，還要長一點，但重點是不用搶票，還有24小時不打烊服務，有台鐵人員就透露，假日可能將會影響至少2%的乘客轉搭客運。
白色的座椅，配上灰藍色鵝軟石造型頭枕，走簡約造型風格，擺脫以往大家對客運的刻板印象。
為了因應蘇花改通車，客運也全新打造美花線上路，6日就即將通車，台北到花蓮多了一個選擇變得更加方便，一共有三家客運紛紛投入要搶客。
南港到花蓮的路線，是由台北客運和統聯客運拿下，板橋到花蓮的路線，是由首都客運拿下，但是基隆到花蓮的路線，因為沒有廠商申請，之後還會再做評估公告。
這回客運為了要搶客，票價都拉到比台鐵還要便宜，像是南港到花蓮的路段，全票只要290元，行車時間3個小時20分鐘，其他路線也都壓低在320元到352元。
比起台鐵自強號票價419元，但時間只要2個小時，就能抵達，但這票不好搶，或許這回客運加入北花運輸，再加上24小時不打烊服務，可望能紓解台鐵搶票人潮。
這一條等了好久的蘇花改，終於開通，往返花蓮可以更加安全，走不一樣的路線，看不一樣的風景，許多民眾也看好，希望可以活絡花蓮各地的產業，讓東部人氣能熱鬧了起來。
最HOT話題在這！想跟上時事，快點我加入TVBS新聞LINE好友！",2020/01/05 18:22
https://news.tvbs.com.tw/compilation/1257453,蘇花改、新南迴全面通車  自駕遊花東最夯!,"以往到花東旅遊，為了避免長途蜿蜒的車程，大家只能搶票搭火車。隨著年底有著「全台最美公路」之稱的【台九線新南迴】通車，大幅縮短了南台灣高屏地區-台東的距離，單趟車程可以省下30分鐘。緊接著，歷時八年的【蘇花改】，也即將於1月6日通車，未來從台北到花東只要3.5小時。兩大重要交通建設於春節前通車，不管北上南下讓去花東變得更快、更近了！還不用再經歷暈車想吐的九彎十八拐，一路直直通，延路壯麗山海美景交融，讓自駕變成一場絕美的視覺饗宴！而網路上也已列出不可錯過的絕景路段打卡點，今年首發春節假期，讓花東自駕遊成為最夯選擇。
冬遊內行推薦!池上唯一神仙湯 縱谷美景盡收
搶搭交通熱潮，想來趟冬季之旅，其實內行人私推「台東池上」此刻正是時候!
因為花東除了為人知曉的瑞穗溫泉、知本溫泉區，避開人潮，位於花東縱谷中心點，以好山好水聞名的池上鄉，其實境內的「日暉國際渡假村」，就擁有池上唯一的溫泉資源，泉質隸屬無色無味的碳酸氫鈉泉，也就是俗稱的「美人湯」。當時帛琉總統下榻飯店親自感受暖湯後，還為此特別命名為『天下第一神仙湯』。池上溫泉的美名可不是說說而已，這裡優良純淨的泉質，可是有觀光局的「溫泉標章」認證呢!此外，渡假村內擁有亞洲區最大的villa規模，各種不同的獨棟房型皆有溫泉池，不管是全家出遊或是甜蜜的兩人世界，在環山翠綠的壯麗美景包圍下，都能輕鬆享受渡假泡湯的愜意。
冬季限定!絕美油菜花海 伯朗大道金色大地夢幻登場
除了大眾少知的池上美湯，連續榮獲網友票選台東最受歡迎打卡點冠軍的-伯朗大道，別以為正值休耕就無可看性，精彩的才正要登場！被譽為台灣8大必拍花海之一的『池上油菜花季』，為冬季限定版的絕美景緻。今年更舉辦「油菜花田人氣票選」，頓時大地將搖身一變成360度的金黃色花海，一路從年底療癒綻放至農曆春節，美不勝收！
暖冬遊最美飯店  加碼秋冬補助最多折$2000 !
想入住全台最美飯店-台東池上日暉國際渡假村，飽覽花東縱谷美景、沐浴池上唯一溫泉美湯，可得把握機會了！除了現有「國旅秋冬補助」延至一月底前，每房每晚可折抵千元，這次日暉還榮獲觀光局票選「10大年度之星飯店」，因此加碼推出「幸運星輪盤」抽獎活動，民眾自即日起~109年2月29日止，至台灣旅宿網活動專區
https://taiwanstarhotel.tw/
，進行知識小遊戲，就有機會再獲得訂房折扣金$1000元，不限平假日，可與秋冬補助併用，讓您省荷包輕鬆入住日暉！
近期住房優惠-「美人湯暖冬遊」
https://supr.link/KDqbj
，白天乘坐天牛號田野尋秘，夜晚入浴神仙湯泉療癒舒壓，一泊二食再贈送沐浴組、暖心甜湯，每人每晚只要$1975起 !若要全家過年團圓Villa包棟最開心，日暉「金鼠迎春賀新年」春節住房優惠
https://supr.link/2Gf15
，騎鐵馬走春徜徉伯朗大道油菜花海，贈送鼠來寶開運發財金、6人以上免費升級迎春團員小合菜。過年出遊免人擠人，遠離塵囂來池上渡假享受悠閒美好！",2020/01/05 12:43
https://news.tvbs.com.tw/life/1257677,快訊／蘇花改通車！國5春節恐塞爆　行車時間多5倍,"春節就快到了！交通部高公局預估到時會有大量車潮利用國5、蘇花改返鄉旅遊，南港到坪林南向路段，在初一到初三間將嚴重壅塞，行車時間約增3到5倍。而頭城到坪林北向路段，則在初三到初五間，行車時間約增5到7倍。
最HOT話題在這！想跟上時事，快點我加入TVBS新聞LINE好友！",2020/01/03 09:31
https://news.tvbs.com.tw/politics/1257374,通車政治學　大選前建設剪綵成吸票大舞台,"2020大選前，不少交通建設陸續通車，像是蘇花改、西濱快速公路、南迴公路拓寬工程，只是新北環狀線原本也預計2019通車，卻因為履勘可能延到大選後才通，由於時機太敏感，引發卡侯質疑，通車和選舉有沒有關聯，也引發揣測。
新北市議員何淑峰vs.新北市長侯友宜(11.17)：「是搭到景安站，景安站，對。」
新北市長侯友宜帶著藍綠議員一起搭上新北環狀線試乘，新北環狀線車廂內椅子黃藍相間，走鮮明路線，包含扶手拉環也都用亮黃色，讓人耳目一新。原本市長帶頭試乘過後，預計2019年底就能順利通車，沒想到一延再延。
記者羅鼎傑：「新北環狀線的板橋站到目前為止都沒有辦法正式的啟用，原因是因為這一個橫跨了新店、中和、板橋、新莊，全長15.4公里的新北環狀線，原本是預計2019年底就能夠通車的，沒想到卻卡在履勘這個進度當中，也確定2019沒辦法通車，因此有國民黨人士就質疑了，會不會是為了要卡侯，所以才會通車延後呢。」
前新北市長朱立倫也痛批，新北環狀線第一期試車已經超過一年，原本是2019年中間通車，卻拖到十一月，現在2019也無法通車，只能等待2020年1月5日履勘，改善缺失之後才能通車，但新北市長侯友宜還是盼望農曆年前通車，但不免讓人質疑是不是卡侯。
交通部長林佳龍(12.24)：「最主要是負責的台北捷運局，他們在進行履勘的過程，這些專家們有指出一些問題，像煞車或號誌的系統。」
台北捷運工程局主秘王偉：「因為這是一個新的系統，所以我們也務求能夠這個系統能夠安全穩定，同時這樣才能提供未來一個永續的一個營運服務。」
因為是全新的系統才導致履勘延期，交通部長也澄清沒有誰卡誰的問題，只是過去這段時間。
蘇花改1/6通車，西濱快速公路芳苑-大城路段12/27通車，南迴鐵路電氣化潮州-枋寮12/23通車，還有南迴公路拓寬工程12/23也全線通車，當時行政院長蘇貞昌還開著吉普車比讚驗收，不管藍綠選舉前常常有交通建設通車，選前的交通政治學似乎也成為政治人物的競選舞台。
東華大學民族事務與發展學系施正鋒：「不管誰只要他時間上如果差不多8成9成，主體都已經好了時候我來收割，那我們都知道這個都是前面幾屆，所以是看你會不會做人啦，你會不會把前面的不是你的黨派的人都也一起找來。」
文大政治系教授陳一新：「所謂的肉桶政策，把好的政策，吸引人民的政策，在選舉之前把它一一解決一一完成，表示他有政績有建樹，交通政治學或者是卡某一個人，讓他政績無法表現出來，這個都應該立法做一些規範。」
學者認為，交通建設通常會經過好幾任首長，像是南迴公路拓寬工程歷時9年，就經過馬英九和蔡總統時期，交通建設和民眾生活便利緊緊關聯，也是打政績排的最好表現，所以每到選前，才會有大量交通建設開通福利民眾，但這回遇上新北環狀線卡在選前無法通車，才格外引發聯想。
最HOT話題在這！想跟上時事，快點我加入TVBS新聞LINE好友！",2020/01/02 16:40
https://news.tvbs.com.tw/life/1257358,蘇花改6日通　高公局估國5春節熱門段將更塞,"蘇花改將於6日全線通車，高速公路局預估今年春節連假期間，將有大量車潮利用國5及蘇花改往來台北與宜花東，壅塞時間較平日及例假日更長。
高公局今天發布新聞稿，透過大數據資料分析預估，25日（初一）南下上午6時至下午4時、26日（初二）上午6時至下午1時，27日（初三）上午6時至下午3時，南港系統至坪林南向路段將嚴重壅塞，行車時間將比平常增加3至5倍。
另外，27日（初三）中午12時至28日（初四）凌晨2時、28日上午10時至29日（初五）凌晨2時、29日上午9時至傍晚6時，頭城至坪林北向路段，也將嚴重壅塞，行車時間將比平常增加5至7倍。
高公局表示，為避免往返國5及蘇花改時遇到壅塞車潮，將於尖峰時段採取國5嚴格管制，建議民眾前往宜花東旅遊時，盡量搭乘公共運輸往返。
為鼓勵及宣導民眾往返宜花東多搭乘公共運輸，國5主線南下石碇至彭山隧道路段設有大客車專用道，北上宜蘭至頭城路肩開放通行大客車，石碇南下及宜蘭地區北上各入口大客車均不受匝道儀控管制，高公局估計，搭乘國道客運較自行開車，單程可節省半小時以上。
另高公局為疏導大量的國5交通需求，已實施分向尖峰時段高乘載管制，但高乘載管制時段內車流量仍超過路段容量，尤其北上方向易壅塞至深夜，高公局希望排隊車輛耐心等候。
高公局提醒必須自行開車的用路人，務必留意避開尖峰時段並利用好走時段上路，經分析國5及台9線於連續假期旅行時間，於下午尖峰時段（下午1時至5時）宜蘭往台北行駛台9線至坪林接國5的旅行時間比行駛國5經雪山隧道的旅行時間節省30至70分鐘。（中央社）
最HOT話題在這！想跟上時事，快點我加入TVBS新聞LINE好友！",2020/01/02 15:58
https://news.tvbs.com.tw/life/1256283,媽媽這是什麼？　兒童閱讀區驚見「18禁」書籍,"蘇花改通車後，會銜接國道五號，更有東部唯一的國道服務區，裡頭的用餐區，打造兒童圖書區，但卻有民眾發現，書櫃裡面好像有兒童不宜的書籍，小孩子拿給父母看，也讓爸爸媽媽不知道如何回答，經過反應後，廠商才將18禁的漫畫書撤走。
全新打造的服務區，有著超美的用餐環境，為了讓帶著小孩出遊的爸媽們，更有空間讓他們放電，特地打造了兒童圖書區，只是怎麼書櫃裡，有書好像兒童不宜。
好幾個書櫃，放著漫畫書，但有民眾帶著孩子來搶先參觀，卻有小朋友拿著書問媽媽說，這是什麼書，更不斷問裡面在說什麼，讓她突然第一時間不知道該如何回答，因為書竟是18禁的，明明現場說是兒童圖書區，卻是放著他們不能看的漫畫書。
民眾：「他可能都沒有審查，兒童的書櫃，結果放三級漫畫，當然不好啊，(怎麼說)就是你看都是那麼小的或是大一點的，就一定看得懂內容，當然是放一些童話比較好。
雖然經過反映後，負責服務區管理的超商，已經撤走了18禁書籍，但漂書站，是以分享與互動的概念，愛書人把書「放漂」到公共場所的書櫃，希望書可以遇見知音，只是服務區匆匆趕在2019的最後幾天開放，卻沒有經過任何審核，直接把書放滿書櫃，似乎欠缺管理機制。
蘇花改通車後，將可以銜接國道五號，這更是東台灣唯一的國道服務區。
交通部砸下九億元，打造五大特色的新站，包含了有海浪燈光秀餐廳，大船入港的造型，以及6星級的親子廁所，5星級漂書站，頭等艙駕駛休息區。
希望用華麗的設備，吸引人潮商機，不會因為蘇花改通車，遊客就只是路過而已。
最HOT話題在這！想跟上時事，快點我加入TVBS新聞LINE好友！",2019/12/31 13:52
https://news.tvbs.com.tw/life/1255943,集郵迷照過來！蘇花改將全線通車　明年1/3發行郵票,"台9線蘇花公路山區路段改善計畫（簡稱蘇花改），將於明年1月6日全線通車。中華郵政公司以白米高架橋及南澳北溪河川橋為題材，明年1月3日發行「蘇花改全線通車郵票」。
中華郵政表示，「蘇花改全線通車郵票」1套2枚，3日上午10時在郵政博物館10樓舉辦郵票發行典禮。
「蘇花改全線通車郵票」圖案簡介如下：
一、白米高架橋（面值新台幣28元）：位於宜蘭縣蘇澳鎮，其景觀橋為台灣首座雙塔波型鋼腹板脊背橋，白色橋塔以「米粒」圓潤為型，塔頂綴以胚芽缺口設計，外觀優美流暢，為蘇花改工程中極具代表性的橋梁。
二、南澳北溪河川橋（面值35元）：位於宜蘭縣南澳鄉，採雙塔單索面脊背橋設計，橋塔造型如雙手托天，喻意對上天的敬意及自然環境的尊重，線條及顏色與自然環境相互融合，為南澳地區新地標。
配合郵票發行，中華郵政特印製相關首日封、貼票卡、護票卡及活頁集郵卡各一批，提前於明天發售；另製作預銷首日戳低值封及套票封，於郵票發行當日供售。
另郵政博物館也配合於明年1月3日，上午9時至下午2時在郵政博物館1樓，設置臨時郵局，銷售票品及限量發行典禮紀念卡，並提供銷蓋臨時郵局戳服務。（中央社）
最HOT話題在這！想跟上時事，快點我加入TVBS新聞LINE好友！",2019/12/30 17:15
https://news.tvbs.com.tw/life/1255781,蘇花改禁機車路段　舊蘇花公路封路下可戒護通行,"蘇花改將在明年1月6日通車，多數路段禁止機慢車通行；不過，公路總局有應變措施，如果舊蘇花公路因颱風或落石必須封路情況下，將採取戒護方式讓機車通行蘇花改。
公路總局副局長許鉦漳今天接受受中央社記者訪問表示，蘇花改8座隧道中，只有近3公里的仁水隧道是單孔雙向隧道，可行駛機慢車，其他7座隧道都是雙孔單向，禁行重機、機慢車及行人。
不過，許鉦漳說，如果蘇花公路因颱風或落石等因素必須封路，公路總局已有一套應變措施，在車輛戒護下，讓行駛在蘇花公路的機車改通行蘇花改，並派車輛載運蘇花公路上的自行車或行人，經蘇花改到安全地點。
許鉦漳說，這套應變措施在去年蘇花改蘇澳至東澳段通車時就已備妥，至今還未派上用場。
台9線蘇花公路為東部與北部間唯一聯外公路，全長102.6公里，山區路段大部分臨海鑿岩闢建，邊坡因長期風化侵蝕剝落及颱風豪雨崩坍，常有交通中斷及人命損傷的風險，蘇花改就是改善蘇花公路易落石坍方及肇事危險路段，100年動工，今年底全線達通車標準，明年1月6日，同時開放小型車及大客車通行。
蘇花改從蘇澳到花蓮，全長38.8公里，包括蘇澳至東澳、南澳至和平及和中至大清水，蘇花改全線通車後，台9線成為蘇花改，原有蘇花公路改為台9丁線，兩條路線有部分路段是共線。（中央社）
最HOT話題在這！想跟上時事，快點我加入TVBS新聞LINE好友！",2019/12/30 12:58
https://news.tvbs.com.tw/life/1255728,快訊／蘇花環評假的？　調查後物種數量2年竟暴增,"蘇花改預計明年1月6日通車，沒想到最近一份報告卻顯示，10年前環評生態調查疑似存有爭議，2010年調查蘇花改沿線有7種蝙蝠、以及數量並不多的長鬃山羊，但農委會特生中心調查後，記錄的內容卻多出很多，因此遭到質疑，特生中心調查人員直言原本的調查顯然可議。
最HOT話題在這！想跟上時事，快點我加入TVBS新聞LINE好友！",2019/12/30 08:58
https://news.tvbs.com.tw/life/1254013,蘇花改後推「蘇花安」　估蘇澳至花蓮1小時可到,"蘇花改明年1月6日將全線通車。公路總局副局長許鉦漳今晚接受聯訪証實，「蘇花公路安全提升計畫」已獲行政院原則同意，未來蘇澳至花蓮行車時間可縮短至1小時內。
許鉦漳說，蘇花改38.8公里，只是改善目前蘇花公路落石、坍方較多的危險路段，包括蘇澳至東澳、南澳至和平、和中至大清水，蘇花安則是提升東澳到南澳、和平到和中、大清水到崇德的安全性。
根據公路總局規劃，將以興建隧道及高架橋方式推動蘇花安，長度約19.1公里，包括：東澳至南澳9.4公里、和平至和中4.8公里、和仁至崇德4.9公里，部分路段改走新路線，部分路段與舊蘇花公路共線。
許鉦漳說，初估蘇花安經費是新台幣360億元，不過，考慮在和仁至崇德規劃建2個短隧道，可能仍會遇上極端氣候須預警封路問題，另有一個替選方案，就是建1條近9公里長隧道，經費可能再增加100億元，且因位在太魯閣國家公園內，牽涉環評問題，仍要與各界再討論。
蘇花改全線通車後，蘇澳至花蓮行車時間，可從原本行經蘇花公路的159分鐘，縮短至100分鐘，公路總局預估，蘇花安通車後，蘇澳至花蓮的行車時間，可再縮短至1小時內。
許鉦漳表示，蘇花安將醫療、農業也納入考慮，希望給東部一條提供24小時安全服務，且全年暢通的道路。（中央社）
最HOT話題在這！想跟上時事，快點我加入TVBS新聞LINE好友！",2019/12/26 10:35
https://news.tvbs.com.tw/life/1253886,蘇花改設LED逃生標誌　水霧系統防火災,"交通部四大工程，陸續通車！東部交通改善第一處，就是蘇花改，將在明年1月6日全線通車，宜蘭到花蓮的車程至少節省一小時。而西部方面，西濱快速道路的芳苑到大城路段，預計27日通車，至於南部則有大改善工程，一個是南迴鐵路電氣化，「潮州到枋寮」在23日先行通車，而道路拓寬、截彎取直的南迴改，也在同一天開放通行。
蘇花改新造的隧道，沿路能看到大型的逃生標誌，上頭綿延的燈光，讓黑漆漆的隧道隨時保持能見度。
不只如此，蘇花改全線隧道，都會安裝區間測速，避免用路人搶快釀禍，此外緊急電話、水霧系統架設，以防事故發生。
尤其是仁水隧道，唯一汽機車可以通行的路段。
蘇花改處長邵厚潔：「隧道抗震能力，至少是7級以上，過去隧道沒有加鋼筋，現在隧道還有加鋼筋，所以他抗震度是非常高的，火警偵測一分鐘之後，我們會啟動相關設施，3分鐘會啟動灑水。」
交通部四大工程，最近陸續完工通車，蘇花改預計2020年1月6日全線通車，宜蘭到花蓮可以節省一個小時車程。
而西部交通方面，西濱快速公路芳苑到大城路段也將在27日通車。
不只東西部交通改善，就連南部也有兩大工程，南迴鐵路電氣化，23日潮州到枋寮先行通車，以後台北到枋寮搭乘普悠瑪列車，交通時間只要4個半小時。
另外南迴公路工程歷時9年，除了把道路拓寬也截彎取直，縮減20公里，在23日通車。
台灣各地交通大改善，也讓民眾返鄉、旅遊更節省時間，也拉抬觀光動力。
最HOT話題在這！想跟上時事，快點我加入TVBS新聞LINE好友！",2019/12/25 20:46
https://news.tvbs.com.tw/life/1252405,三度提前！蘇花改通車時間　嗅政治味,"蘇花改即將在明年的一月六日通車，但這時程其實三度提前！因為原本蘇改處是預計在明年的農曆過年前，只是在中選會公布了總統大選的日期，以及蔡總統前往視察後，竟提早到一月六日，各界都說這根本就是為了選票，因為縮短宜花往返時間，就能增加民眾返鄉投票的意願，只是蘇改處都說是專業考量，無關政治，但為了搶時間，其實最近蘇花部分路段都在重新鋪路。
想回花蓮一趟，一進到隧道裡，就是霧茫茫一片。
記者高志宏：「完全是空氣汙染，完完全全看不到前方。」
路面正在重鋪柏油，近幾個月來，蘇花公路部分路段，都正在加緊趕工，似乎是為了明年的一月六日。
原本工期是預計在109年的農曆過年前，能全線完工，只是為了要搶時間，所有路段幾乎在同一時間施工，也造成想往返花蓮的民眾，就得先吸一下漫天塵土，或是塞在路上。尤其通車時間一再往前提，總是不免讓人覺得一切都是為了選票。
立委童惠珍：「我希望蔡政府不要為了選舉目的，而加快工程，如果工程有任何的問題，到時候又有任何的狀況，影響大家。」
因為歷時九年的蘇花改，宜蘭往返花蓮節省1小時，不塞車90分鐘就能到，原本蘇改處在統整所有工程後，都說預計在明年農曆春節前將可通車，但中選會公布總統大選將在1月11日登場後，通車時間提前了，暫定1月10日，偏偏總統蔡英文前往視察，又改了時間變成1月5日，不過蘇改處最終確定通車在6日，口口聲聲強調完全是專業考量，無關政治，只是三度提前還是有點特殊考量意味。
民眾：「六日好像要營運了，開始要營運了，你說現在又延期，沒有了，讓那些百姓又不能搭車，這樣好像覺得政府做事情，都怪怪的。」
交通部長林佳龍：「我年初就已經設定了目標，就是在農曆春節前。」
畢竟花蓮的選舉人數有19萬票，以往的投票率有6成左右，如果縮短回家時間，也許還能提高投票率，尤其立委選情在傅崐萁加入後，更加升溫，蘇花改提前通車，多少都能增加民眾返鄉意願。
所以這通車時程，多多少少還是帶有一丁點政治味。
最HOT話題在這！想跟上時事，快點我加入TVBS新聞LINE好友！",2019/12/22 20:03
https://news.tvbs.com.tw/life/1252295,科技執法！機車誤闖蘇花改　自動拍照取締,"蘇花改下個月終於要全線通車，不過用路人可要注意了，因為上面多了新的科技執法設備，警方為了降低車禍率，取締超速車輛，已經採用區監測速照相，目前還在宣導期，預計農曆年後啟用，另外還有車體辨識系統，可以偵測誤闖的機車，並拍照取締，總共在東澳、觀音、谷風三個隧道裝設。
蘇花改工程記者會主持人：「總統好。」
在眾人陪同下開心視察，總統蔡英文上個月1日巡視蘇花改工程狀況，這東部民眾期盼能安全回家的路，終於要在下個月6日下午通車，不過民眾可要注意，隧道內的新規定。
告示牌掛在牆上，直接提醒民眾這裡有區間測速，原本要在通車時啟用，但是怕民眾不知情，會先宣導一到兩個月，並同時使用定點測速，預計在農曆年後才開始，而科技執法的還有這個。
偵測器就裝在旁邊，為了不讓機車騎上蘇花改，特別裝設這套車體辨識系統，可以分辨汽機車，拍下違規車輛車牌，想逃也逃不掉，並會裝設在東澳、觀音跟谷風等三個隧道，一段路開一張罰單，至少罰三張。
宜蘭交通隊組長朱宏志：「蘇花改科技執法的設備，總共是10套，那他是南下跟北上各五套，那目前東澳隧道的部分是已經完工了。」
目擊民眾：「這台摩托車怎麼騎上來的，真有種。」
開放通行的蘇澳到東澳路段，一年有上百件闖蘇花改的案例，有人故意也有人誤闖，現在透過科技執法能夠更有效取締，也請民眾得要多加留意。
最HOT話題在這！想跟上時事，快點我加入TVBS新聞LINE好友！",2019/12/22 13:43
https://news.tvbs.com.tw/life/1252210,快訊／蘇花改科技執法！　機車闖罰1千8加區間測速,"蘇花改將在下個月6日下午4點通車，雖然方便快速但要注意，路線上也同步啟用科技執法，其中若有民眾違規騎機車闖入，警方不用攔查就能拍下車牌取締，整個路段算下來若誤闖得繳1800元罰單，車主車速也要注意，蘇花改將首度採區間測速，預估試辦到農曆年後會正式啟用開罰。
最HOT話題在這！想跟上時事，快點我加入TVBS新聞LINE好友！",2019/12/22 11:15
https://news.tvbs.com.tw/life/1251955,蘇花改通了！看準人潮　國外品牌插旗花蓮,"蘇花改明年1月6日通車，國外品牌看準急將帶來的人潮，海外第一家分店都選擇插旗花蓮，另外客運業者也公布路線和票價，台北到花蓮只要3個半小時，全票價大約320左右，而且24小時都有車可搭。
花草擺飾、手工吊飾、玩具模型、造型小家電，韓國的設計選品店在台第一家分店選在花蓮。
韓國設計選品店藝術總監李貞藝：「因為我們在首爾的設計選品店，幾乎都是落在度假村飯店，很多韓國遊客也會來花蓮，就是必來花蓮。」
百貨經理沈君茹：「國際的品牌，日本、韓國、香港，他們都選擇在花蓮，開出他們的第一家分店。」
不只百貨夜備戰，餐飲業也當然不能放掉這塊大餅，連日本甜點也到花蓮。
餐飲副總時曉薇：「預期可以增加2至3成客流，我自己常常這樣台北花蓮往返，我也深深感受到花蓮人的辛苦。」
蘇花改全線通車後，客運業者早已經安排好路線和班次，高尖峰時段15分鐘就有一班，離峰半小時、一小時就有，想坐夜車的民眾也不用擔心，11點過後每小時都有一班，另外票價的部分，南港到花蓮路線，由台北客運和統聯客運負責，全票票價320元，板橋到花蓮則是首都客運，多了點距離，票價352元，行車時間都在三個半小時左右，比通車前縮短了將近一個小時。
遊客：「交通方不方便，你進來的時間快不快，會影響到我們想要去的點。」
遊客：「蘇花改通車後會開車來嗎，會，因為路程會縮短比較多。」
除了搭客運，自己開車的朋友也能大大縮短行車距離，舊台9線蘇花公路總長有86公里，等到明年1月6日蘇花改開通車後，縮短了20幾公里的路程，不只縮短了東部民眾和家距離，更帶來觀光商機。
最HOT話題在這！想跟上時事，快點我加入TVBS新聞LINE好友！",2019/12/21 15:56
https://news.tvbs.com.tw/life/1251846,快訊／蘇花改1月6日通車　「南港到花蓮」票價320元,"蘇花公路山區路段改善計畫，明年1月6日將通車，往返花蓮的兩條客運路線，南港往返花蓮票價是320元，板橋往返花蓮，票價則是352元，首班車都將於當日下午四點發車。
最HOT話題在這！想跟上時事，快點我加入TVBS新聞LINE好友！",2019/12/21 10:29
https://news.tvbs.com.tw/life/1251441,蘇花改明年1月6日通車　當天下午4時全線開放,"公路總局今天宣布，蘇花改將在明年1月6日下午4時，全線開放通車。
公路總局發布新聞稿，明年1月6日上午，邀請行政院副院長陳其邁主持「蘇花改南澳至和平、和中至大清水」通車典禮，並於當天下午4時正式開放通車。
蘇花改全名是「台9線蘇花公路山區路段改善計畫」，主要是為提高台9線蘇花公路的安全性與抗災能力，計畫分3路段，包括蘇澳至東澳、南澳至和平、和中至大清水。
公路總局說，蘇澳至東澳段原路路線曲折，為車禍肇事率最高路段，列為第1階段通車路段，並在去年2月5日通車。
南澳至和平及和中至大清水原路路線因邊坡侵蝕，部分路基狹窄、地質條件險峻，常因落石坍方阻斷交通，列為第2階段通車路段，公路總局將在明年1月6日同時開放通車，蘇花改也將全線通車，提供宜蘭、花蓮地區居民一條安全、可靠且環境永續的道路。
公路總局說，為確保行車安全，南澳至和平及和中至大清水路段通車前，將邀當地交通、警政、消防與衛生等單位，召開協調會並辦理必要的防災演練，另邀請土建、交管、機電交控、消防及防災等各領域專家學者，召開安全諮詢會議，並依規定辦理通車前履勘。（中央社）
最HOT話題在這！想跟上時事，快點我加入TVBS新聞LINE好友！",2019/12/20 13:46
https://news.tvbs.com.tw/life/1251448,快訊／確定通車！　蘇花改全線1/6下午4點開放,"蘇花改到底何時全線通車，公路總局終於公布答案，就在1月6日下午4點開放通車，而原本總統宣布1月5日，是不是比預期的晚一天，公路總局強調是1月5日達到通車標準，通車時刻透過學者專家評估，現在確定是在1月6日。
最HOT話題在這！想跟上時事，快點我加入TVBS新聞LINE好友！",2019/12/20 12:25
https://news.tvbs.com.tw/life/1250800,快訊／蘇花改傳1/5通車　工程處：正確時間待核定,"蘇花改預計下個月全線通車，蘇花改工程處強調，可以確認的是，通車相關設備都能在下個月5日達到通車標準，不過，確切的通車日期還待核定，不會貿然通車。
最HOT話題在這！想跟上時事，快點我加入TVBS新聞LINE好友！",2019/12/19 09:15
https://news.tvbs.com.tw/life/1249376,蘇花改通車長隧道救災　花蓮消防局新增分隊,"因應蘇花改路段長隧道密閉空間，及開通後車潮可能導致交通意外事故救援，花蓮縣消防局新增專責的和仁分隊，採購包括配置壓縮空氣泡沫系統的消防機車、排煙車等各式車輛。
花蓮縣消防局今天上午在縣府前廣場舉行新式消防車輛展示及體驗活動。縣長徐榛蔚、前縣長傅崐萁、副議長潘月霞等縣府官員和民意代表及國小學童參加。
蘇花公路改善工程將在109年元月完工通車。消防局長林文瑞說，此路段多座隧道屬封閉空間，一旦發生交通事故，火、煙及高溫可能迅速蔓延隧道內，救援難度高。因應未來隧道救援工作，消防局除全力投入整備工作，也積極爭取更多救災資源投入。
林文瑞表示，利用花東地區永續發展基金、前瞻基礎建設計畫經費、縣府自籌經費共12憶元，改善消防局廳舍及相關設備。新購置總價1.5億多元的23輛消防車輛，包括52公尺高的雲梯車，及針對花蓮特殊地形的救災配備。
消防局副局長吳兆遠接受中央社記者訪問表示，為蘇花改專責成立的和仁分隊，明年1月5日前進駐，編制36人，初期12人，主要任務是隧道救災，另協助新秀與和平分隊的救護救災。今年已赴到瑞士針對長隧道救災進行訓練；和仁分隊另配置救護車、排煙車、器材車、泡沫車、配置壓縮空氣泡沫系統（CAFS）消防機車。
吳兆遠說，CAFS消防機車不受地形、塞車阻礙，能在第一時間抵達災害現場，不僅機動性高，配備壓縮空氣泡沫系統，可發揮快速救災功能。（中央社）
最HOT話題在這！想跟上時事，快點我加入TVBS新聞LINE好友！",2019/12/16 16:57
https://news.tvbs.com.tw/life/1249050,搶蘇花商機！通車在即　飯店下殺2折吸客,"蘇花改通車，加上過年即將到來，飯店紛紛祭出優惠搶商機，因為明年1月6日蘇花改就會全面通車，從台北往返花蓮只要3.5小時，飯店為了蘇花改也紛紛提出優惠，甚至有飯店直接下殺2折，但本來預計通車時間不斷提前，還刻意趕在選前之前趕緊通車，被外界質疑就是跟選舉有關係，但蘇花改的通車，都是花蓮人所期盼的安全道路，其實當地居民都很期待。
華麗的城堡外觀，咖啡色的屋頂磚瓦，配上膚色的油漆塗裝，加上三角形狀的高塔，還有中央的游泳池設施，甚至還有遊河的小船，穿梭在建築之中，強烈的歐洲城堡風格，不只狂吸眼球，也是放鬆的好去處，白天看起來十分壯麗，晚上看起來，又多了一分神秘的氣息，然而這裡不是在歐洲，其實在台灣花蓮。
瑞穗春天行銷公關趙芝綺：「大部分旅客在下訂之前，其實最大的考量就是在，火車票的部分，那其實在百分之五左右的旅客，會因為沒有訂到火車票而取消訂房。」
因為蘇花改通車，花蓮的飯店紛紛祭出優惠，其中有飯店，只要周一到周四來玩，平常日買一晚送一晚，等於是直接下殺將近兩折，而另一家，如果是搭客運或開車入住，憑著加油發票或是車票，每個房間還會贈送1000元的通車禮，更有飯店直接推出7800的房型，下殺2020等於打2.6折。
因為蘇花改通車後，台北到花蓮只要3.5個小時，現在即將在明年的一月六日，趕在總統大選前，目的為了讓返鄉投票人潮，能更多些。
畢竟火車票難訂，可能都會影響到投票意願，通車後，再加上旅遊優惠，交通住宿都方便，雖然通車時間不斷提前，被外界指稱是選舉考量，但不管如何這條肩負，「讓花東人有一條安全回家的路」，這重大任務的交通建設，能順利通車都是花東人的期盼。
最HOT話題在這！想跟上時事，快點我加入TVBS新聞LINE好友！",2019/12/15 18:52
https://news.tvbs.com.tw/life/1245709,蘇花改通車在即　消防員遠赴瑞士、荷蘭演練,"明年1月蘇花改即將通車，25名消防隊員特別前往瑞士及荷蘭，受訓隧道救援，因為瑞士不只有全世界最長的隧道，還有模擬隧道及1比1的實體車廂，而荷蘭則提供車禍現場模擬，讓隊員實際操盤演練，這次遠渡海外取經，吸收實境經驗。
長長的隧道，遠方一團火光不斷冒出，濃煙遮蔽視線，大卡車和小客車就停在路中央無法前進，消防員趕緊拿出探測器找尋生還者，其實這是25名消防員遠赴歐洲，進行一連串的實戰演練。
瑞士IFA訓練中心教練vs.消防隊員：「你們看到什麼東西？看到了火、看到了煙、看到了車輛。」
不只到瑞士取經，消防隊員還到荷蘭進行車禍情境演練，只見他們帶著橘色鋼盔，在混亂的車禍現場，持工具破壞擋風玻璃，小心翼翼把假人放上擔架，或是把握黃金時間，拿著支撐器材，把沉甸甸的石塊撐了起來。
消防隊員:先撐一邊起來，那邊就可以拉進來了。
遠赴重洋的訓練，都是為了明年一月即將通車的蘇花改，這次前往瑞士及荷蘭實地模擬，就是因為瑞士有260公尺長的模擬隧道，1：1的實體車廂，還可模擬濃煙、高溫現場，而荷蘭這間國際救援器材公司，提供各種精銳的破壞器材，操盤演練車禍實況。
花蓮縣消防局災害搶救科科長李龍聖:因為因應了蘇花改公路的一個通車，所需要的一個救援技術，利用他們一個IFA的一個設施，因為在IFA的一個專業機構裡面，我們也可以看到他很多的一個，長隧道的一個，訓練的一個場地。
引頸期盼的蘇花改，1月準備全線通車，這次消防員遠渡海外，交流救援經驗，為了就是要給東部人一條安全回家的路。
最HOT話題在這！想跟上時事，快點我加入TVBS新聞LINE好友！",2019/12/08 21:10
https://news.tvbs.com.tw/life/1245399,蘇花改禁機車上路　呂國華、陳歐珀齊發聲,"下個月5日，引頸期盼的蘇花改，將全線通車，也成為宜蘭立委參選人的熱門議題，目前規定，蘇花改禁止機車和重機上路，國民兩黨參選人想法一致。國民黨呂國華認為，這樣剝奪機車族的權利，不符合道路平權，而民進黨陳歐珀表示，蘇花改沒有定調是高速公路，沒有理由禁止機車行駛。這回宜蘭立委競爭激烈，將有6人搶奪1席立委席次。
蘇花改，將在下個月5日全線通行，不過禁止機車和重機上路，現在也成了選戰話題。
國民黨宜蘭縣立委候選人呂國華：「把機車族他們應有的權利剝奪掉，我覺得是非常不符合道路平權。」
民進黨宜蘭縣立委候選人陳歐珀：「我們希望說能夠讓交通部有充裕時間，去好好規劃，機車行駛蘇花改的安全性。」
宜蘭縣國民兩黨立委候選人難得有默契，畢竟蘇花改沒有定調是高速公路，也非快速道路，沒有理由禁止機車行駛，尤其在最危險的蘇澳、東澳路段，兩參選人希望交通部，能開放機車上路，給予宜花鄉親最安全的回家路。
贊成民眾賴先生：「讓人民更方便使用的話，我覺得是可以開放的。」
反對民眾何小姐：「我覺得不適合，本身它就不是一個很寬闊的道路，那如果再開放的話，尤其是初期會不會更混亂。」
宜蘭每個立委參選人在選前倒數階段，頻頻為民發聲，希望爭取更多曝光度。
相較2001年，宜蘭縣有4席立委，這回只有一席立委除了國民黨呂國華、退國民黨的黃定和、民進黨的陳歐珀，還有許育嘉、林獻山、孫博萮總共有6個人角逐六搶一競爭格外激烈，參選人頻出招不只爭曝光度也要爭選民認同。
最HOT話題在這！想跟上時事，快點我加入TVBS新聞LINE好友！",2019/12/07 22:26
https://news.tvbs.com.tw/life/1243591,快訊／選前秀政績！蔡加碼　喊1600億照顧老幼,"蔡政府再釋利多，總統蔡英文開出支票承諾，照顧老人預算，未來4年，至少將增加到600億元，幼兒預算也從每年600億元，增加到1000億元，另外，「蘇花改」傳出將在明年1月6日全線通車，「蘇花改北花客運」首發第1個月，研議推出半價搶客，台北至花蓮票價最低只要210元。
～開啟小鈴鐺　新聞搶先看～
TVBS新聞YouTube頻道改版囉！　快點我按讚訂閱",2019/12/04 09:47
https://news.tvbs.com.tw/life/1243036,快訊／「花東快速道路」復活？　交通部明年重啟評估,"花東快速道路昨天在立法院被交委臨時提案，要求交通部重啟可行性評估，區域路段從吉安一路經過光復、玉里到台東，過去因為經費得花800多億，加上環評、用地徵收估計要12年，交通部將於明年再評估，強調花東目前投入不少經費進行鐵路雙軌、電氣化，蘇花改、南迴公路也要通車，從吉安到台東的台9線路段也算筆直，若真有新規劃，鄉鎮發展反彈恐怕不小。
～開啟小鈴鐺　新聞搶先看～
TVBS新聞YouTube頻道改版囉！　快點我按讚訂閱",2019/12/03 09:19
https://news.tvbs.com.tw/politics/1241029,蘇花改1月通車　蘇貞昌：正評估東澳南澳段可行性,"行政院長蘇貞昌今天表示，「台9線蘇花改」將於1月初完工通車；至於未納入蘇花改的「東澳－南澳」等其他路段，目前正進行可行性評估，待核定後，行政院也會大力支持，照顧東部地區的民眾。
日前過度勞累導致病毒感染，致使顏面神經暫時麻痺的蘇貞昌恢復況狀良好，今天照常主持行政院會；行政院在院會後公布一段蘇貞昌主持院會的影片。蘇貞昌在影片中對交通部製作的蘇花改和南迴公路影片提供改進的意見，畫面中也可見他的臉部肌肉、表情已自然不少。
蘇貞昌在院會中聽取「蘇花改及南迴公路通車前整備工作情形」報告後裁示，「南迴公路拓寬」及「台9線蘇花改」分別要在12月底及明年1月初完工通車，這2條山路沿線地勢險峻、工程艱鉅，工期都長達9年。他感謝第一線施工人員的辛勞，並肯定交通部、公路總局全體施工團隊克服困難，達成目標，成就國人安全回家的路。
交通部表示，「蘇花改」建設計畫全長約77公里，期程為民國100年至109年，經費新台幣551.73億元，優先改善災損阻斷及交通肇事頻率高3路段，其中蘇澳-東澳段已於107年2月通車，南澳-和平段、和中-大清水段預計109年1月5日達通車標準。「南迴公路」建設計畫全長約36.1公里，期程為100年至109年，經費227.49億元；香蘭-金崙、金崙-大鳥段已完工通車，安朔-草埔段預計108年12月20日達通車標準。
蘇貞昌指出，道路工程團隊不只精於「做工」，也注意融入景觀、生態與環保。例如，南迴公路的安朔高架橋以「藏橋於林」的概念，讓用路人得以優游於山林；蘇花改南澳和平段的鼓音橋則成為獼猴往返觀音溪谷兩岸間的捷徑，形成另一種珍奇景觀。
另外，蘇貞昌指出，環島鐵路電氣化的最後一哩路「潮州-枋寮-台東」南迴鐵路電氣化工程，將於12月23日先完成「潮州-枋寮」段的通車。
蘇貞昌也表示，未納入蘇花改的「東澳－南澳」等其他路段，及國道5號銜接蘇花改路段，目前正進行可行性評估中，待核定後，行政院會大力支持。
他強調，政府藉由環島鐵、公路網的建設與改善，落實對東部地區民眾的照顧承諾，同時也把國人帶進美麗的東部地區，讓台灣的美能被更多人欣賞與愛護，並促進台灣更加均衡發展。（中央社）
～開啟小鈴鐺　新聞搶先看～
TVBS新聞YouTube頻道改版囉！　快點我按讚訂閱",2019/11/28 15:05
https://news.tvbs.com.tw/life/1229689,三利器助救火！蘇花改將通車　防隧道火警,"蘇花改將在明年通車，如果隧道發生意外怎麼辦，為了能在第一時間趕抵現場，花蓮縣消防局特地成立分隊進駐外，還增添了三大利器，像是大型重機消防車方便鑽車陣，還有自走式砲塔，它能代替隊員進到隧道火場，因為瞬間輻射高溫人無法靠近，它最遠能控制360米外的火勢，另外還有排煙車，都是希望降低火警釀成的傷害。
要救火騎大型重機能更快抵達現場，因應蘇花改明年1月5日就要通車，全長38.8公里包含了8座隧道，裡面發生火警，這狀況可不比開放空間方便救災。
為了能在第一時間趕到現場，花蓮消防局除了成立和仁分隊進駐外，還多了三大救火利器，因為隧道內雙線車道、車流回堵，消防車進不去就得依賴重機。
另外還有這個小小坦克車，消防隊員遠端遙控，就能代替隊員在第一線進到隧道內，因為隧道內如果發生火燒車意外，半密閉式空間瞬間輻射高溫，人根本無法靠近，自走式砲塔他最遠能抵達300米外的現場，再加上射程可以達60米，利用遙控方式接近火場，都能避免人員發生危險。
花蓮縣消防隊員鄧超陽：「它對我們來說能比消防車第一時間，還要更快到達現場，對我們的工作是有幫助的。」
另外還有排煙車，因為光靠隧道內的排煙設施還是不夠力，有了它，能加速讓黑煙排出，防止人員嗆傷。
每回隧道一發生狀況，就會像這樣，驚悚危急場面總讓人膽戰心驚，為了防堵蘇花改出現類似情形，花蓮消防隊可以說是全都準備好了。
～開啟小鈴鐺　新聞搶先看～
TVBS新聞YouTube頻道改版囉！　快點我按讚訂閱",2019/11/06 13:18
https://news.tvbs.com.tw/politics/1228059,蘇花改選前通車挨批買票　蘇：政府有效率,"蔡政府在選前釋放政策利多，其中喊出蘇花改以及西濱快速公路明年1月就會通車，遭質疑根本就是選舉買票，對此蘇貞昌回嗆，是因為政府有效率，不是用行政命令下令什麼時候就可以通車的。但此話一出也被質疑，西濱工程耗費近30年，並非一朝政府的功勞。
行政院長蘇貞昌：「各位我到處在執行，跟我拜託的不只民進黨的，是國民黨的立法委員跟我拜託，是國民黨的縣市長跟我拜託。」
周末幫子弟兵吳秉叡輔選，蘇貞昌細數政績力拚讓人民有感，怎麼個有感法?，總統日前宣布蘇花改要趕投票前六天通車，蘇揆再加碼西濱快速道路明年春節前上路，遭質疑根本就是選舉買票。
行政院長蘇貞昌：「一條路的開通是要一步一步，一寸一寸努力來做，但不一樣的政府就看出，有沒有關心以及有沒有效率，不是用行政命令，下令什麼時候通車。」
能通車說是政府有效能，這一句不只打藍也打綠，三十年來通車受阻，原因從環評到民眾意見都有，一改再改一波三折。
國民黨立委陳學聖：「最擔心的是他為了趕在1月11日投票之前，然後搶先通車不顧安全，我覺得這一點才最是讓我們擔心的事情，因為已經有很多前例。」
畢竟台61線西濱快速公路歷經27年，政黨輪替都好幾回，未來從新北八里到台南只需4個小時，因為不是國道所以不用收費，也被稱為是窮人的免費高速公路，蘇揆喊出全線通車，但中間段從新竹的鳳鼻至香山路段並未完工。
國民黨立委李彥秀：「民進黨為了選舉不斷的拼湊政績，但是不要忘記，民進黨向來喊要抓假新聞，但自己卻不斷的拼湊假政績。」
質疑綠營吹牛搶收割，藍委說是選前釋放政策利多，撒幣博好感評價兩極。
最HOT話題在這！想跟上時事，快點我加入TVBS新聞LINE好友！",2019/11/03 13:45
https://news.tvbs.com.tw/life/1227644,選前釋利多！蘇花改進度超前　蔡：明年1月5日通車,"蘇花改歷經8年的施工，總統蔡英文宣布提前到明年1月5日通車，但卻被質疑是為了大選才提早，而且就在這同時，交通部還提出了蘇花安計畫要花360億，把東澳到南澳、和平、和中等路段連接起來，預計2030年完工，但是被環團質疑是蘇花高的翻版，不過交通部強調完全不一樣，對環境衝擊也比較小。
總統蔡英文：「我們一步一步往前走，而且讓我們東部人的期待，不會有落空。」
強調不會讓東部民眾失望，歷經8年多的施工，蘇花改將在明年1月通車，目前工程進度92%，通車時間預計會提前。
總統蔡英文：「那我相信2020年1月5日，這個通車的時程，是大家很有信心的，通車的時間。」
早在去年蘇澳到東澳完工後，南澳到和平、和中到大清水等路段，就訂在明年春節前通車，後來又改到1月10日，現在總統說工程進度超前，改到1月5日通車，就被外界質疑難道是為了選舉，另外交通部又提出一個新的方案。
交通部針對後續路段改善提出蘇花安計畫，要把東澳到南澳，和平到和中，跟和仁到崇德等路段全部連起來，預計耗費360億台幣，2030年全線通車，但卻被環團批評是蘇花高復辟。
花蓮民眾：「對我們花蓮有客源進來啊，比較多人進來花蓮，那就比較有人消費。」
花蓮民眾：「你分段做然後也是繞來繞去的，然後路也變比較小，對遊客來說的話，連續假期一定是塞爆的。」
民眾的正反意見都有，交通部政次說蘇花改工程團隊有經驗，工程才會提前完成，而蘇花安計畫則是沿用靠海的鐵路隧道，對環境衝擊小，跟蘇花高不一樣，目前將評估報告送行政院審查，東部的公路議題還有得吵。
最HOT話題在這！想跟上時事，快點我加入TVBS新聞LINE好友！",2019/11/02 14:42
https://news.tvbs.com.tw/politics/1227279,視察蘇花改工程　蔡總統：明年1/5如期全線通車,"總統蔡英文今天表示，民國109年1月5日，蘇花改將會「如期全線通車」，給花蓮人安全回家的路，就是總統的責任。
蔡總統下午在臉書發文表示，她當總統後，常常到花蓮。今天一整天，她也都在花蓮。早上視察蘇花改工程進度、拜訪長照據點，也和花蓮港的漁民朋友互動，並帶頭推銷花蓮觀光。
總統說，在所有議題當中，花蓮人最在意的就是交通。花蓮人經常忍受交通上的不便利、安全上的提心吊膽。「這樣的心情，我懂。」
所以，蔡總統表示，她一再到現場緊盯蘇花改工程進度，也請花蓮的立法委員蕭美琴嚴格把關。終於在今天，她要跟大家宣布：明年1月5日，蘇花改將會「如期全線通車」。
總統說，不只蘇花改全線通車，未納入工程的路段，已開始評估改善計畫。改善東部鐵路運輸的短中長程計畫，更是持續進行當中。有信心，也有決心，會投入足夠的資源，一起努力打造花蓮人安全、可靠的回家路。（中央社）
最HOT話題在這！想跟上時事，快點我加入TVBS新聞LINE好友！",2019/11/01 17:25
https://news.tvbs.com.tw/politics/1227134,蘇花改全線通車　蔡總統：109年春節前給好消息,"總統蔡英文今天上午視察花蓮蘇花改工程仁水隧道，關心通車進度，公路總局長陳彥伯說，明年1月5日通車目標不放棄、不改變。蔡總統說，相信明年春節前一定會給東部民眾好消息。
蔡總統今天上午在交通部次長黃玉霖、民進黨立委蕭美琴陪同下，前往蘇花改最南端仁水隧道視察，也是蔡總統2年來第3次來訪。
蘇花改工程處長邵厚潔簡報指出，目前蘇花改隧道全線進度已達92.85%，預計66天後通車。陳彥伯則表示，蘇花改安全資訊會議、防災演練都已逐步進行，接下來將進行系統測試、履勘，按進度一步一步走，明年1月5日通車目標不放棄、不改變。
另外，未納入蘇花改工程的蘇花公路瓶頸路段進度，黃玉霖也說明，蘇花改第二階段名稱為「蘇花公路安全改善計畫」目前已送到行政院審查，準備進行環評。
蔡總統表示，這幾次來訪蘇花改工程，對施工團隊堅定的士氣印象深刻，大家對如期通車目標都很堅定，相信明年春節前一定會給東部民眾好消息，讓回家的路更安全，蘇花改第二階段進度也比預期快，不會讓民眾失望。
針對媒體詢問國民黨總統參選人韓國瑜提出學貸利息全補貼的政見，蔡總統回應，學貸補助去年已經降低利率、延長寬限期，未來也會持續檢討，減輕年輕人負擔。
另外，對於太陽花學運群眾行政院前靜坐遭驅離，北院一審判北市警賠百萬元，蔡總統則說，司法案件不便多作評論，警方同仁要上訴都尊重。
蔡總統也認為警方在執法過程中，執法空間和需要的彈性，都持續在檢討，很多警員同仁的心聲和想法，也會持續納入考量。（中央社）
最HOT話題在這！想跟上時事，快點我加入TVBS新聞LINE好友！",2019/11/01 13:29
https://news.tvbs.com.tw/life/1215376,蘇花公路上嫌前車慢　休旅車逆向連超3車,"從連假前一天到放假首日，蘇花公路車流轉換心情！蘇花改隧道廣播「童言童語」暖心相當多，尤其是10日當天，車流是平日的5倍之多，不少人塞在車陣中，但卻駕駛在9日下午4點多目擊，宜蘭漢本路段，一輛紅色休旅車嫌前方車輛太慢，竟然直接逆向連超三輛車，相當危險。
開車行駛在路上，結果下一秒，一輛紅色休旅車，直接從左側超車，佔用了對向車道，而且還一路連抄了3輛車，完全不怕對向會不會有來車。
遭超車駕駛：「哇。」
其他駕駛看了嚇了一跳，9日下午4點多，在蘇花公路上，當時因為前方是一輛輛遊覽車，因此速度會稍微慢了些，結果紅色休旅車駕駛，逆向超車，不只不管雙黃線，足足在對向車道行駛約10秒鐘，相當危險。
然而這幾天，因為連假關係，蘇花公路的一路上，都像這樣。
一路塞塞塞，尤其是10日，放假的第一天，最明顯，南下路段從早上就湧現車潮，一度回堵約3公里，而蘇花改也是塞，車速只有2.30公里，有些路段走走停停。
根據統計，10日整天的交通量，南下路段就有1萬4634輛，北上路段也有4,391輛，是平常的5倍多。
第四區工程處維運團隊副理呂金和：「今天是連續假期的第二天，交通是一切順暢，請用路人行駛前，務必注意車前的狀況。」
過了一天，交通雖然順暢，就怕民眾塞車塞怕了，其實從國慶日這天，開始有特別的體驗。
隧道廣播：「車子很多，請不要離太遠，不然後面會塞車。」
隧道廣播換成小朋友聲音，這是趁著幼稚園孩童參觀公路總局時錄下的，讓用路人在可能塞車的路途中，能轉換心情。
蘇花公路沿途山路危險，過去就有不少車禍案例，光是今年1月到8月底，有報案的就6起，逆向超車風險高，用路人還是得多點耐心。
最HOT話題在這！想跟上時事，快點我加入TVBS新聞LINE好友！",2019/10/11 12:57
https://news.tvbs.com.tw/life/1213586,快訊／南方澳跨港大橋重建　由蘇花改團隊接手,"南方澳跨港大橋坍塌後，政府正在進行拆除作業，交通部次長黃玉霖表示，初步預估，新橋造價約為5.2億元，並找來蘇花改團隊接手工程。大概10天後，就會提出重建計畫，不只橋面本身，兩邊聯絡道會一併拆除，蓋一座全新橋梁，目前採PC懸臂式橋樑設計。
最HOT話題在這！想跟上時事，快點我加入TVBS新聞LINE好友！",2019/10/08 12:59
https://news.tvbs.com.tw/life/1213508,南方澳新橋造價5.2億　蘇花改團隊接手重建工程,"宜蘭縣南方澳跨港大橋坍塌後，政府刻正投入拆除作業，並表示會全力盡速重建新橋，交通部次長黃玉霖今天表示，初步預估，新橋造價約為新台幣5.2億元左右，並找來蘇花改團隊接手工程。
黃玉霖今天出席「2019新能源車國際研討會」，他受訪時表示，南方澳斷橋重建已經規畫到一個段落，大概10天後，就會提出斷橋重建計畫，且重建規模不只有橋面本身，包含兩邊聯絡道會一併拆除，蓋一座全新橋梁。
黃玉霖表示，新橋除了講究功能、安全，也要兼顧將南方澳漁港發展為國際觀光港；橋型出來後，會聽取地方意見，同時利用目前橋體旁的13號碼頭，提供10幾公頃的土地規劃開發轉運站等，藉由與地方合作，帶動整個南方澳發展。
媒體詢問，政府預計投入多少金額來重建橋梁，黃玉霖表示，初步預估新橋造價會在5億2000萬元上下，這部分還需要細部檢討，不過社會大眾可以放心，這個橋梁會很堅固、耐用、安全，車道數也夠，並兼顧觀光需要。
黃玉霖補充，這次的執行單位，交通部特別請來公路總局目前在蓋蘇花改的團隊接手這座橋梁，「蘇花改這麼大的工程都可以今年通車，打通非常多長隧道，這座橋梁交給蘇花改團隊，大家可以放心」。
談到目前工作進度，黃玉霖表示，明日上午8時，就要進場拆除南方澳斷橋，拱橋部分，也必須趕在颱風預警發布之前拆除完成，因此提前拆除作業；今天中午12時30分，他會到現場確認拆除計畫的所有細節。
黃玉霖接著說明，這次颱風警報來之前，預計先拆除上面的拱梁，後續的橋下結構必須水下作業，所需時間較長，約5個工作天，如果颱風沒有來，9日啟動的拆除計畫就可以持續進行，若颱風來襲，就等颱風過後再來進行。
「不管如何，我們有信心在10月底之前完成拆除工作，恢復水域、恢復水道」，黃玉霖也說，這次拆除作業是利用海上作業，完全不會影響南方澳老街的觀光活動，因此拆除期間，大家還是可以到南方澳觀光，並不會受到影響；他也強調，政府有信心化危機為轉機，持續帶動南方澳後續整體發展。（中央社）
最HOT話題在這！想跟上時事，快點我加入TVBS新聞LINE好友！",2019/10/08 11:50
https://news.tvbs.com.tw/life/1205537,限量！這裡才扭得到　蘇花改「貫通石」扭蛋機,"不少大朋友小朋友都喜歡扭蛋，而在宜蘭蘭陽博物館則有不一樣的扭蛋，裏頭不是一般的公仔，也不是玩偶，而是限量的貫通石，除了祝福好孕到還有升官等五種款式，讓民眾除了參觀展覽，也能了解隧道的興建過程。
民眾扭蛋超開心，打開雖然是石頭，可是這石頭可不是普通的石頭，而是蘇花改觀音隧道的貫通石。
遊客：「現在很多人都壓力很大，懷孕不容易，所以這個可以送給好朋友，他一定會很喜歡。」
有錢不見得可以買到，這是蘭陽博物館和中央地質調查所，合辦的特產活動，特別放置了扭蛋機，不是放一般的玩偶或是公仔，而是讓民眾扭，觀音或仁水隧道的貫通石，限量只有800顆。
遊客：「聽說有益生育下一代的夫妻，拿到的話會有很大的驚喜和幸運，所以我覺得很棒，應該給年輕人多多來玩這樣子。」
中央地質調查所長曹恕中：「貫通石是代表隧道打通，那一霎那熟頭留下來的東西那代表什麼？我們事情一切都順利的完成了，所以我們拿到這貫通石，代表我們希望帶來一個好運。」
除了好孕以外還有官運亨通金榜題名等等，總共五款祝福，過去蘇花改工程隧道貫穿時，曾發送貫通石，吸引許多民眾排隊搶領，被工程界視為吉祥物的貫通石，這回變成扭蛋，民眾除了能夠參觀隧道興建的過程，也有機會把貫通石帶回家。
最HOT話題在這！想跟上時事，快點我加入TVBS新聞LINE好友！",2019/09/24 16:04
https://news.tvbs.com.tw/politics/1178896,蘇貞昌視察蘇花改　中央預算全力支持,"蘇花改預計明年初全線通車，行政院長蘇貞昌今天指出，蘇花改通車後，舊蘇花還有3路段需改善，承諾可行性評估完成後立刻動工，中央在預算上全力支持。
蘇貞昌今天上午到花蓮境內的仁水隧道工程視察，向工程人員鞠躬道謝，感謝他們日夜趕工，也期許明年過年前完工後，為花蓮鄉親帶來更安全、便利的道路。
蘇花公路改善工程處長邵厚潔簡報說明工程進度，現場展示水霧系統，指出目前工程進度92%，送電是全線通車的重要里程碑，可望明年春節前全面通車。
蘇貞昌指出，今年3月交通部完成東澳到南澳、和平到和仁、大清水到崇德等舊蘇花道路可行性評估發包，希望能發揮效益，評估後立即動工，接上已完工的蘇花改，讓整條路安全、顧及環保。
蘇貞昌表示，除了公路改善，也要求交通部就東部火車軌道建設改善和未來願景規畫，東部建設2.0，解決一票難求的問題，中央在預算上全力支持，也呼籲縣府做好周邊配套。
蘇貞昌進一步要求交通部，因應中國用政治力限制人民自由旅遊，加碼補助秋冬旅遊，尤其宜花東多放一點，讓國內外旅客養成東部旅遊的習慣。（中央社）
最HOT話題在這！想跟上時事，快點我加入TVBS新聞LINE好友！",2019/08/06 16:09
https://news.tvbs.com.tw/life/1175682,自我矮化？　蘇花改路跑服竟寫「中華台北」,"蘇花改建工程，明年一月就要全面通車，宜蘭縣體育會準備舉辦一場馬拉松比賽，來慶祝完工，只是最近有民眾在網路報名時，赫然發現測量衣服的樣板，竟然有中華台北的英文字樣，民眾質疑自己辦的比賽，為何要自我矮化，對此主辦單位澄清，是報名廠商誤植其他圖片，絕非自我矮化！
鳴笛聲響起，大批跑者擠在一起，許多民眾早已等不及，準備起跑，這是2018年的蘇花改路跑，路還沒完全開通，就搶先開放民眾跑步，而明年同樣也要舉辦路跑賽，只是在報名時，有民眾發現主辦單位，疑似矮化自己。
有民眾進到報名網站，就在衣服尺寸的頁面，竟然發現衣服的模板，沒用蘇花改路跑的樣式，而是使用使用ChineseTaipei，民眾看了滿是疑問，直呼印台灣或是中華民國都好，為何要用中華台北。
民眾：「如果是國內比賽，我覺得是不需要用到ChineseTaipei，國內比賽這樣子用的話，有點矮化自己的感覺。」
民眾：「那個是奧會模式，那我們台灣自己國內辦的東西，我覺得應該是直接用Taiwan，就可以了。」
宜蘭縣體育會總幹事劉錫鑫：「其實我們的原設計圖裡面呢，都是以泰雅為設計的一個元素，其實都沒有提到所謂中華台北。」
原來是承辦比賽的廠商，把其他比賽的服裝套量表，上傳上去要給民眾自行測量，不料卻傳到有中華台北的樣式，主辦單位強調比賽並未邀請外籍選手，不會有奧會模式的問題，31日早上宜蘭縣體育會，知道這件事後，也已經請廠商下掉圖片，蘇花改工程，明年1月就要全面開通，為了慶祝即將完工，特別舉辦馬發松比賽，卻因為報名單位誤植，衍生插曲。
最HOT話題在這！想跟上時事，快點我加入TVBS新聞LINE好友！",2019/07/31 20:57
https://news.tvbs.com.tw/life/1174941,蘇花改工程趕工　拚109年元月5日全線通車,"公路總局蘇花公路改善工程處今天表示，台9線蘇花公路山區路段改善計畫最近加緊收尾趕工，並輸送高壓電啟動相關機電設備試運轉，有信心在明年1月5日全線通車。
蘇花改工程總長度38.8公里，分成蘇澳到東澳、南澳到和平、和中到大清水共三段。蘇澳到東澳段已在去年2月5日先通車。
蘇花改工程處長邵厚潔今天告訴中央社記者，南澳到和平路段及和中到大清水路段，總計長度約29.1公里，其中相關隧道總長度就占約20.7公里。這兩條路段目前施工總進度已達92%。
邵厚潔說，南澳到和平路段及和中到大清水路段共規劃三處台電高壓受電點，今年都已經獲台電公司供電，供應給沿線主要照明、消防、水霧、通風等機電設備及試運轉。
他表示，「送電」是蘇花改工程重要里程碑，意味工程邁向通車的最後一哩路，施工團隊有信心在明年1月5日全線通車。（中央社）
最HOT話題在這！想跟上時事，快點我加入TVBS新聞LINE好友！",2019/07/30 17:44
https://news.tvbs.com.tw/local/1173109,沒在看路？小客車不轉彎　衝飛十米掉大排溝,"蘇花改蘇澳端出口發生一起自撞事故，一名19歲男駕駛開車北上，明明是T字路口應該要右轉，沒想到他疑似不熟悉路況，闖了紅燈之後，整輛車衝出護欄，飛了快十公尺，最後栽進大排水溝，車頭嚴重毀損，駕駛受困車內，只是脫困當下，除了駕駛自己一個人之外，他還緊緊抱著一隻維尼熊玩偶，所幸人沒有大礙，只有受到驚嚇。
蘇花改北上路段，這輛白小客車直直開，突然消失在路面。
員警:「他其實有稍微停一下，停一下然後又，車子又甩過去了。」
原來這裡是T字路口，該轉彎沒轉彎，整輛車子就像電影飛車情節一樣，騰空飛起往前衝了十公尺，最後掉在大排。
救護人員vs.肇事駕駛:「車上只有你一個人嗎，車上你一個而已嗎對啊，飛車耶，你先上去你先上去是有沒有這麼誇張。」
救護人員將19歲男駕駛脫困救出，一行人涉水踩踏草叢，只見駕駛懷中抱著維尼熊玩偶，跟著他一起脫困。
救護人員vs.肇事駕駛:「你要不要去檢查一下，你哪裡人，住哪裡，住板橋。」
車子飛了快10公尺，劉姓男子竟然毫髮無傷，一時間車子吊不上來，他抱著維尼熊玩偶不離身，拒絕送醫，車禍意外發生在25日晚間，住在新北市的駕駛到花蓮太魯閣遊玩，回家途中，疑似搞不清楚路況衝出邊坡，但仔細看，明明當下是紅燈，車子還敢闖，前方也有右轉指示箭頭，卻彎不過去。
蘇澳分局組長李立平:「未注意車前狀況，然後把車子開到大排，長度大概是30米，深度的話6.7米。」
記者vs.附近工人:「他就從這裡飛車下去喔，對啊開下去，喔硬衝耶你看欄杆。」
T字路口是下坡路段，本來就該更小心，這一回驚險飛車，駕駛幸運地毫髮無傷，不過闖紅燈的罰單少不了，車頭半毀之外，沿途撞壞的欄杆和邊坡，賠償費用少不了。
最HOT話題在這！想跟上時事，快點我加入TVBS新聞LINE好友！",2019/07/26 21:25
https://news.tvbs.com.tw/local/1149869,花蓮警車自撞卡爛泥　員警自行脫困無大礙,"下午發生一起警車自撞車禍。花蓮一名員警開完會從瑞穗鄉回玉里分局時，行經台9線蘇花改路段，疑似道路施工，加上下雨，道路濕滑，警車不慎打滑，自撞到路邊施工區，整台車卡在裡頭動彈不得，所幸車上員警即時脫困，沒有生命危險。
一輛警車，衝破護欄，卡在爛泥中，動彈不得，但仔細看，警車後保險桿整塊掉落，就連車燈也掉了下來，可見當時撞擊力道相當猛烈。拖吊車接獲通報，緊急到場，把警車吊起，車身整個凹陷變形，好在當時在車上的林姓員警，有驚無險。
玉里分局長呂育騰：「那同仁目前的傷勢是，左小腿有點擦傷，那至於該道路因為施工時間滿長的，那相關施工單位，有加強相關的警示的標誌都有。」
這起意外，發生在14日下午1點多，當時開著警車的林姓員警，到縣府開完會，從花蓮光復返回玉里分局時，行經台9線265公里處，疑似下雨天雨路滑。加上道路施工，警車不慎自撞路邊施工區，猛烈撞擊導致車上的員警，左小腿擦挫傷，所幸沒有生命危險。
玉里段長陳鶴仁：「要回南向方向嗎？撞到我們那個中央分隔島裡面，我們南下方向它並沒有在施工，那初步的問一下員警他是說，他是說他是屬於那個，個人的自撞啊。」
根據了解，這條道路是蘇花改，花蓮往台東的方向，從去年開始施工，卻遲遲沒有完工，警方只能提醒，行經這條道路，民眾還是得多加留意。
最HOT話題在這！想跟上時事，快點我加入TVBS新聞LINE好友！",2019/06/15 10:48
https://news.tvbs.com.tw/politics/1146395,韓國瑜造勢提建環島高速公路網 交通部估不可行,"高雄市長韓國瑜有意參選總統，昨(8日)天在花蓮造勢時，提出宜花東3項交通建設。交通部回應，蘇花改二期工程已啟動評估，國道6號南投通花蓮及環島高速公路網，都不可行。
高速公路局長趙興華說，國6從南投通到花蓮的計畫，在民國99年到102年時就評估過，因發現工程上會遭遇地熱及岩爆，當時就評估不可行。
至於環島高速公路網，趙興華說，多年前也評估過，但蘇花高速公路在環保團體反對下，已由蘇花改取代，而從南迴往台東方向，因會遇到大武山自然保留區，要建高速公路也是不可行。
公路總局長陳彥伯說，蘇花改今年底就會全線完工，目前已啟動二期工程可行性評估，原本明年12月才會提出，預計提前到明年6月，並將在報行政院核定後，辦理工程規劃、環境影響評估、建設計畫、工程設計及施工。（中央社）
最HOT話題在這！想跟上時事，快點我加入TVBS新聞LINE好友！",2019/06/09 07:00
https://news.tvbs.com.tw/life/1124321,蘇花改通　關鍵打開 仁水排氣排煙隧道貫通,"蘇花改八座隧道工程中最後一座的「仁水隧道」的排氣／排煙隧道，28日開挖破鏡出洞。蘇花改工程處今天指出，出洞後代表蘇花改邁向通車的最後一扇窗戶終於打開。
「仁水隧道」是蘇花改工程中的「C2標」，因全線位於太魯閣國家公園境內，屬蘇花改隧道群中唯一的單孔雙向隧道，主隧道已於民國107年11月13日貫通。
交通部公路總局蘇花公路改善工程處今天表示，受限於施工順序及動線，「仁水隧道」排氣／排煙隧道須在最後階段才能開挖，成為「仁水隧道」能否如期通車的要徑；如果主隧道的貫通是打開通車的大門，其排氣／排煙隧道的破鏡出洞就是打開通車目標之關鍵窗戶。
「仁水隧道」長約2.9公里，其中，南洞口位於大清水休憩區，洞口附近因地形陡峭，並無腹地可設置洞外機房，隧道內除設置電氣及兩座排氣／排煙機房外，另開挖一座全長約102公尺、寬5.2公尺、高4.8公尺，仰角20度向上的隧道作為隧道排氣／排煙專用。
排氣／排煙隧道出口處距地面46公尺，蘇花改工程處指出，它是蘇花改計畫中最高的一座隧道，施工前須先完成相關洞口保護工作。為維護施工安全，施工單位摒棄傳統蜘蛛人或吊車附掛作業平台方式，改以搭設施工架進行，並於每週及地震過後檢核相關安全性，以免施工架倒塌影響蘇花公路上的行車安全。
蘇花改工程處表示，排氣／排煙隧道因斷面小出碴不易，施工機具需設有防滑裝置，避免滑落造成工安意外，因此，開挖時比一般隧道更加困難且耗時，其間雖也曾遭受崩積層抽坍的影響，施工團隊仍全力以赴，朝通車的目標前進。（中央社）
最HOT話題在這！想跟上時事，快點我加入TVBS新聞LINE好友！",2019/04/30 16:50
https://news.tvbs.com.tw/life/1111215,超速荷包失血　蘇花改3隧道將增區間測速,"蘇花改全線預計明年春節前通車，為了降低事故發生率，要在東澳、觀音以及谷風3座隧道內，增設10套區間測速系統，不過就有民眾擔心，蘇花改限速60公里，會有龜速車出現，希望拉高限速，而相關單位表示，正在研議當中。
這支在東澳隧道內的測速照相，業績排行年度冠軍，而亞軍也在這，去年一整年幫宜蘭縣府進帳超過3000萬。
而蘇花改預計明年春節通車，為了降低事故發生率，要在宜蘭端的東澳、觀音以及谷風3座隧道內，設置10套區間測速系統。
宜蘭交通隊長 黃文泰：「預計分別在東澳隧道增設2處，觀音隧道增設6處，谷風隧道增設2處。」
簡單來說，區間測速是以點對點的方式，計算平均車速，按照之前的測速方法，當駕駛通過測速照相時機，只要速度放慢，就不會被罰，但是一旦實施區間測速，在兩支機器中，只要超過平均車速，就會被開單。
蘇花改，隧道內限速60公里，如果超速，先開罰1200元，再以每10公里多200元計算，最高收到2400元，如果是已經時速120公里以上，最多會被罰2萬4000元。
民眾：「(你覺得蘇花改測速這樣的方式，會不會減少事故發生？)　這種方式應該會，可是應該也會增加塞車機率。」
不少民眾認為，蘇花改限速60公里，會有龜速車出現，容易造成塞車，應該比照雪隧，最低限速60公里往上提升到70公里。相關單位表示，已經在研議當中，會再持續討論。
最HOT話題在這！想跟上時事，快點我加入TVBS新聞LINE好友！",2019/04/06 14:53
https://news.tvbs.com.tw/local/1105901,年進帳3千萬！　東澳隧道閃逾2萬張超速罰單,"蘇花改蘇澳到東澳段去年2月通車，警方分別在東澳隧道南下、北上線各設置兩支測速照相桿。通車1年來，這兩桿測速躍升宜蘭罰單件數「冠、亞軍」，為縣庫帶來逾3000萬元收入。
這支測速桿設置在宜蘭東澳隧道內，業績排行年度冠軍，而亞軍也同樣是出自這裡。
立下輝煌戰績的這兩桿測速照相桿，是在東澳隧道南下110k處、北上108k，去年拍下的測速罰單，東澳隧道南下有11623張，北上則有10245張，1年來抓違規為縣府進帳3000萬元。
蘇花改通車剛滿1年，開放自小客車、大貨車、大客車通行，全線速限60公里。為了避免用路人超速，因此在隧道內設置測速照相桿。
交通隊組長黃昶榮：「同月份的比較，民眾已經算比較熟悉路況，件數降二分之一到三分之一。」
儘管比較去年2月分同期，東澳隧道南下、北上紅單件數減少近一半，不過用路人反映，限速僅60似乎不符合現況。
民眾：「時速60公里的話，假如平常車子沒有那麼多的話，我是覺得60公里有點偏低，車速因為從筆直的隧道一出來，容易說忘了要踩剎車。」
四工處交管中心主任陳國正：「所有車種包括大貨車、大客車、小型車，都在同一個車道去行駛，當時基於安全考量才有速限限制。」
會不會提升速限還在研議，但警方也提醒，民眾進入蘇花改還是要注意車速，以免荷包失血。
最HOT話題在這！想跟上時事，快點我加入TVBS新聞LINE好友！",2019/03/27 14:13
https://news.tvbs.com.tw/life/1097854,快訊／蘇花改明年前通車！北花客運新線　各家搶,"蘇花公路山區路段改善計畫，預計明年春節前正式通車，北北基往返花蓮的國道客運也跟著有譜，公路總局規劃開放三條北花路線，目前有國光、統聯、首都、葛瑪蘭等四家業者申請經營，還有部分地方業者、遊覽車公會組隊申請，預計四月選出、明年春節前可上路。
最HOT話題在這！想跟上時事，快點我加入TVBS新聞LINE好友！",2019/03/13 10:36
https://news.tvbs.com.tw/life/1095722,快訊／蘇花、蘇花改3/11、3/13防災演練　機動管,"為了加強公路災害緊急應變處理能力，11日以及13日，蘇花公路以及蘇花改，將進行演練，屆時部分路段會進行機動管制，請民眾多加留意。
最HOT話題在這！想跟上時事，快點我加入TVBS新聞LINE好友！",2019/03/09 12:03
https://news.tvbs.com.tw/local/1091700,主張天氣不佳！騎士闖蘇花改　遭判敗訴,"騎士擅闖蘇花改挨罰，不過日前卻有民眾主張，自己是因為當天蘇花舊路段氣候惡劣、山區大雨，為了安全著想才會騎上這路段，也就是說他認為自己符合憲法條文中的「避免緊急危難」，向主管單位申訴，要求撤回罰單，不過法官判決出爐，認為當天氣候不算差，判騎士敗訴！
騎士蘇花改前被員警攔下。
員警vs.賴姓騎士：「你知道為甚麼我攔你嗎？為甚麼，蘇花改不能騎機車。」
這是發生在去年6月，賴姓騎士騎著大型重機，闖蘇花改，遭到員警開罰，不過他說自己也有苦衷。
賴姓騎士：「下雨耶，蘇花坍了，砸死人，你要負責嗎？」
剪輯影片po網，賴姓騎士主張當天蘇花舊路段氣候惡劣、山區大雨，拿出憲法條文「避免緊急危難」，向主管單位申訴要求撤銷罰單，不過現在判決出爐，法官認為當天氣候不算差，而且這段路明文禁止行駛，判他敗訴。
事實上，蘇花改雖然路段，明顯設有禁止機車進入標誌，不過不少騎士，還是會不小心闖入。
員警vs.賴姓騎士：「這可以不簽嗎？也可以。」
雖然用不簽表達抗議，但警方強調男子主張的行駛舊蘇花有坍方疑慮，危及個人生命安全還是得由主管機關認定。
蘇澳分局交通組長林俊宇：「目前制度是市區工程處會公布開放機車行駛路段，而不是各位用路人可以逕自決定改走蘇花改路段，如果還是有疑慮可以到最後申訴由法官或監理站來做最後裁定。」
騎士未依規定闖蘇花改，警方說可開罰900元，不過全案還可上訴。
最HOT話題在這！想跟上時事，快點我加入TVBS新聞LINE好友！",2019/03/02 12:12
https://news.tvbs.com.tw/life/1089695,花730億蓋30年！「窮人高速公路」預計年底全線通車,"被稱為「窮人高速公路」的西濱快速道路開始興建近30年，總經費高達730億元，但部分路段至今無法通車，現在終於傳出好消息！公路總局指出，西濱快預計今年底就能全線通車，屆時除可帶動沿線發展，並能有效紓解車流，提升居民用路安全，另台9線蘇花改、南迴公路也可望在明年春節前完工。
公路總局副局長許鉦漳今(26日)表示，西濱快計畫總經費為730億元，目前未通車路段為彰化芳苑交流道至大城交流道，及新竹新豐交流道至鳳鼻隧道，預計今年底全線通車，通車後可消彌平面交叉路口衝突點、降低肇事率，還能促進區域內工業與觀光經濟發展，同時分散車流，提升地區民眾通行安全。
至於外界關注的台9線蘇花公路改善工程，其中蘇澳東澳段已於去年2月5日通車，南澳和平段及和中大清水段，則預計於明年春節前通車。公總強調，蘇花改全線通車後，可望提振宜花地區觀光旅遊事業，增加道路容量、提高行車速率，更重要的是，提供東部民眾一條安全回家的幸福公路。
另一方面，台9線南迴公路拓寬改善後續計畫，目前共分3路段執行，香蘭金崙段預計於今年7月31日通車，金崙大鳥段和安朔草埔段預計年底通車；公總相信，全線通車後能增加道路容量，提高行車速率，同時大幅拉近台東與屏東間的距離，對提振2地區觀光旅遊事業有正面助益。
最HOT話題在這！想跟上時事，快點我加入TVBS新聞LINE好友！",2019/02/26 18:46
https://news.tvbs.com.tw/life/1089412,蘇花改109年春節前全線通　提振宜花旅遊,"交通部公路總局今天發布新聞稿，預告蘇花改明年春節前將全線通車。
公路總局說，台9線蘇花公路山區路段改善計畫（簡稱蘇花改）工程總經費新台幣528.84億元，民國100年1月正式動工，分3階段執行；其中，蘇澳至東澳段已在去年2月5日通車，南澳至和平段及和中至大清水段今年底可完工，達通車標準，預計於明年春節前通車。
公路總局表示，蘇花改全線通車後，可提振宜花地區觀光旅遊事業，提高行車速率，提供東部民眾一條安全回家的幸福公路。
蘇花改全線改善路段長度共38.8公里，共有8座隧道（長23.8公里）、橋梁路段8.5公里及平面道路6.5公里，經費原本492億元，因遭遇湧水抽坍、遺址發掘及隧道安全路廊修正與增設避難道等問題，經費調高，完工期也延後。（中央社）
最HOT話題在這！想跟上時事，快點我加入TVBS新聞LINE好友！",2019/02/26 13:29
https://news.tvbs.com.tw/life/1078416,初一走春先「排隊」　國道、蘇花改壅塞,"大年初一，各地放民眾都想把握這難得的機會，出外走春，各地的車潮湧入，讓國道一路塞塞塞，高公局也預估，未來幾天假期，上午時段國一南下，楊梅到新竹，國五南下，南港到坪林都是車多的情形，請民眾多加留意。
從清晨5點塞到中午，蘇花改南下車潮一路往北，回堵到國五蘇澳交流道，再往北走，國五南下石碇到坪林路段，上午更因為車禍，出現時速20公里以下的「紫爆」。
塞車民眾：「塞了兩個小時以上吧。」
塞車民眾：「(一個小時)，一個小時快兩個小時，下交流道到現在。」
倒是初一這天，塞在雪隧裡的駕駛會聽到「不一樣的」，雪隧廣播。
交通部長林佳龍：「大家好，我是交通部長林佳龍，提醒您雪山隧道速限為90公里，請在速限及安全範圍內，盡量提高您的車速，保持行車順暢。」
關心過年國道狀況，交通部長林佳龍，前往雪隧行控中心巡視，並發紅包慰勞公路局人員，當然任務繁重的不只這裡。
來到國一南下彰化交流道，放眼望去，車輛一路走走停停，塞了一個上午，駕駛無奈的心情寫在臉上。
高公局交通管理組科長賴建宇：「下午國一國三的路段會比較紓解，那在國五的部分，可能會雍塞到下午4點左右，下午5點過後　，可能國五北返的車潮就會陸續湧現，壅塞路段是宜蘭到坪林。」
塞車很辛苦，但高公局表示，其實跟3年前同樣春節9天長假來比，壅塞的情形已經有好一些了，未來幾天假期，上午時段，國一南下楊梅到新竹，國五南下南港到坪林都是車多，車速在20－60左右，民眾除了避開塞車地雷路段，還得多點耐心。
最HOT話題在這！想跟上時事，快點我加入TVBS新聞LINE好友！",2019/02/05 19:09
https://news.tvbs.com.tw/life/1078326,初一走春！蘇花改湧南下車潮　回堵2公里,"大年初一走春日，本來這次春節9天連假時間長，所以返鄉車潮也跟著分流，前兩天車況都穩定，不過就在今天上午六點過後，蘇花改和國五路段湧現大批車潮，回堵了長長2公里。
車輛一路塞塞塞，大年初一，民眾睡飽了，全家大小走春出遊，南下開始湧現車潮。
公總局第四區養工處交控中心主任陳國正：「整個車陣是從蘇花路口，一路到國五都是整排的車，車潮我預估會到整個下午三點左右。」
蘇花改路段，從上午六點開始陸續出現車潮，回堵將近2公里，而蘇澳交流道往花蓮方向也是一路走走停停。
民眾：「塞了兩個小時以上吧，(一個小時)，一個小時快兩個小時，下交流道到現在。」
民眾聽指揮守秩序，但其實想要節省一半時間路程，還可以改道分散車流。
宜蘭縣警局交通隊隊長黃文泰：「如果是要由國道五號往花蓮方向的話，除了走台9線，建議可以另外經由馬賽路，走台2線，然後再繞過來蘇花改路口。」
9天連假好天氣，民眾保握時間出遊，預估這波車潮到下午過後才能獲得緩解，民眾得多點耐心。
最HOT話題在這！想跟上時事，快點我加入TVBS新聞LINE好友！",2019/02/05 12:33
https://news.tvbs.com.tw/life/1077411,春節連假首日　5機車、2大貨車誤闖蘇花改,"今天是連假第一天，蘇花改交通還算順暢，不過一個早上，卻有5輛機車，以及2輛大貨車誤闖。交通部長林佳龍也特別前往視察蘇花改車流，並送上紅包慰問值班同仁。蘇花改交管中心也預計，初一出外旅遊車流集中，往花蓮南下車潮最高，初五、初六這兩天，從中午開始，是北返車潮高峰期，提醒民眾注意路況，小心行駛。
機車騎士被工程車以及警車前後包夾在隧道內，原來他誤闖了蘇花改。
其實不只有他，春節假期第一天，截至中午為止，6小時內就有2輛大貨車誤闖蘇花改，還有5輛機車，其中有兩輛騎士們是趁著放假結伴環台，違規個案比平常多。
蘇花改通車後，原本30分鐘的車程，只要10分鐘就能到達，可以節省20分鐘，但並沒有開放機車通行，有些用路人不知情，有些卻是為了省時，冒著挨罰900元風險，執意上路。
公路總局四工處勤務中心主任陳國正：「蘇花改目前還是沒開放機車，還是請用路人與機車族，還是走舊線台9丁，不要去走蘇花改路線，因為蘇花改畢竟是長隧道，目前還是做管制，還是限制通行。」
交通部長林佳龍也特別前往視察蘇花改車流，發送紅包慰問值班的同仁，還充當起播音員。
交通部長林佳龍：「請用路人遵循速限，保持間距，小心駕駛，謝謝您的合作。」
不管是國道五號還是蘇花改方面，休假首日車流大致上都相當順暢，蘇花改交管中心也預計，初一出外旅遊車流集中，往花蓮南下車潮最高，初五、初六這兩天，從中午開始，是北返車潮高峰期。
最HOT話題在這！想跟上時事，快點我加入TVBS新聞LINE好友！",2019/02/02 17:34
https://news.tvbs.com.tw/life/1071405,「蘇花改」明年1月沒通車？處長發豪語：回家吃自己,"東部人返鄉路遙遙！蘇花改公路興建6年多，工程進度備受民眾關注，交通部公路總局力拼明年1月10日全線通車，蘇花公路改善工程處長邵厚潔表示，目前各段進度正常進行，僅谷風隧道新建工程進度稍延宕，若是工程順利的話，明年1月10日正式通車，工程處長邵厚潔更誇下豪語「若沒通車就回家吃自己」。
春節連假將至，因此公路總局也針對今年春節花蓮疏運辦法召開記者會說明，其中花東民眾最關心的就是蘇花改工程，公路局表示目前各段進度進度正常，原定明年1月10日達到通車標準，蘇花改工程處長邵厚潔提到，「台9線蘇花公路山區路段改善計畫」共分蘇澳至東澳、南澳至和平、和中至大清水三路段，總計改善長度約38.8公里，工程包含8座隧道總長24.5公里。
目前僅蘇澳至東澳段去年開放通車，其餘路段的隧道皆已貫通，但道路、排水、橋梁、隧道、聯絡隧道等工程及隧道南口通風機房建築工程及其他附屬工程，施工團隊仍全力趕辦，期望明年1月能達到通車標準。
工程處長邵厚潔指出，目前蘇花改工程僅剩29公里，花蓮境內中仁隧道進度89%，仁水隧道進度超前，有機會提前完工，邵厚潔有信心地說，今年是蘇花改工程處最後一場尾牙，明年再見面時，將會是通車慶祝會，更發出豪語「若沒通車就回家吃自己！」
最HOT話題在這！想跟上時事，快點我加入TVBS新聞LINE好友！",2019/01/23 18:56
https://news.tvbs.com.tw/life/1071176,蘇花改109年全線通車　工程單位倒數拚352天,"蘇花公路改善工程處處長邵厚潔今天表示，蘇花改預計109年1月10日全線通車，他天天倒數，至今還有352天；目前以谷風隧道新建工程進度稍延宕，但有信心達成目標。
交通部公路總局蘇花改工程處聯合第四區養護工程處等今天舉行記者會，就蘇花改及花東景觀大道、春節疏運等相關業務做說明。
因應春節假期將屆，車流量較大，蘇花改工程處已要求蘇花公路上谷風隧道（B3標）、中仁隧道（C1A標）及仁水隧道（C2標）承包商於工地出入口、鄰近台9線道路做好交通維持，避免造成車輛堵塞，並配合相關單位做好春節疏運工作。
邵厚潔說，「台9線蘇花公路山區路段改善計畫」分蘇澳至東澳、南澳至和平、和中至大清水三路段，總計改善長度約38.8公里，工程包括8座隧道總長24.5公里，約占總計畫長度的62%，因工程位於東部變質岩區，地質複雜且多變，施工困難度極高。其中蘇澳至東澳段於107年2月5日通車。
至於南澳至和平段屬要徑工程的觀音隧道、谷風隧道及其中55公尺長的鼓音橋，將連結成相當於12.6公里的長隧道，完工後將是國內僅次於雪山隧道的第二長公路隧道，為整體計畫的關鍵工程。
邵厚潔指出，各隧道皆已貫通，但還包括道路、排水、橋梁、隧道、聯絡隧道等工程及隧道南口通風機房建築工程及其他附屬工程，施工團隊正全力趕辦，希望明年1月10日前達通車標準。
另外，蘇花改工程處工程科長項授青表示，蘇花改交通控制中心軟硬體建設，預計今年9月完成。
蘇花改工程處表示，積極辦理東澳至南澳段可行性評估，未來將再把和平至崇德段可行性評估納入施作，並持續控管花東縱谷安全景觀大道設計及施工進度，期許未來為用路人提供更好更舒適的道路。（中央社）
最HOT話題在這！想跟上時事，快點我加入TVBS新聞LINE好友！",2019/01/23 15:11
https://news.tvbs.com.tw/life/1067660,蘇花改開放大貨車通行　快又安全,"蘇花改東澳段（蘇澳到東澳段）今天起開放部分大貨車通行。大貨車司機說，開放後蘇澳到東澳段行車時間，可從過去半小時減少至只需10多分鐘，還可避免落石，更為安全。
交通部公路總局指出，經過相關環評與審查作業，全長9.7公里的蘇花改東澳段在上午9時起，開放12.2公尺以下非管制大貨車通行，但部分聯結車輛、載有危險物品的大貨車仍禁止通行。
此外，在蘇花改東澳段開放部分大貨車通行後，台9丁線（蘇花公路蘇澳到東澳段）將同步禁止大貨車通行；至於被禁制行駛蘇花改東澳段的大貨車車種若要行駛台9丁線，或要轉入東澳市區，必須事前向當地村里長申請通行證，或向監理單位登記申請。
公路總局考量民眾需求及申請作業時間，設有3個月緩衝期。一旦緩衝期過後，違規車輛警方將依道路交通管理處罰條例，開罰新台幣900元。
大貨車司機表示，過去走台9丁線（蘇花公路蘇澳到東澳段）時，因山區道路多彎曲，常有落石，行車時間約要半個小時；現在蘇花改東澳段終於可以開放部分大貨車，同樣蘇澳到東澳段的車程只要10多分鐘，行車也更為安全。
蘇花改東澳段在去年2月先開放小客車通行，之後於去年5月進一步開放大客車通行。至於機車因沿途隧道與安全等考量，公路總局暫時不對外開放。（中央社）
最HOT話題在這！想跟上時事，快點我加入TVBS新聞LINE好友！",2019/01/17 15:50
https://news.tvbs.com.tw/life/1067393,蘇花改蘇澳到東澳段　開放大貨車通行,"交通部公路總局表示，歷經相關作業，蘇花改東澳段（蘇澳到東澳段）今天上午9時起開放大貨車通行。
蘇花改東澳段在去年2月先開放小客車通行，之後於去年5月進一步開放大客車通行後，許多遊覽車在行經蘇澳到東澳段時改走蘇花改，不再行駛原先蘇花公路蘇澳到東澳段，省去不少旅運時間。
公路總局提醒，在開放大貨車後，這條路段限速60公里，小型車須與前車保持50公尺車距，大客車、大貨車須保持100公尺的車距。（中央社）
最HOT話題在這！想跟上時事，快點我加入TVBS新聞LINE好友！",2019/01/17 10:03
https://news.tvbs.com.tw/life/1066965,春節連假　蘇花路廊管制21公噸以上大貨車通行,"春節連假即將到來，為緩解龐大的交通運量，公路總局第四區養護工程處將從2月2日起至2月9日，針對蘇花公路及蘇花改路段的蘇花路廊，管制21噸以上大貨車通行時段。
第四區養護工程處指出，根據以往統計，春節連假交通尖峰時段出現在連假前後返鄉及初二回娘家前後出遊，為避免大量車流同時湧入蘇花路廊，將於2月2日、3日清晨5時至下午1時及2月4日至7日（除夕到初三）上午7時至下午1時雙向禁止21公噸以上大貨車通行。
另外，2月8日及2月9日（初四到初五）下午1時至下午5時，北上方向禁止21公噸以上大貨車通行，希望藉由時段性管制，紓解尖峰時段車流。
第四區養護工程處表示，感謝大貨車業者配合蘇花路廊交通管制措施，也呼籲用路人，出發前請做好車輛安全檢查並隨時注意收聽廣播訊息。（中央社）
最HOT話題在這！想跟上時事，快點我加入TVBS新聞LINE好友！",2019/01/16 15:48
https://news.tvbs.com.tw/life/1065798,國際授證！　蘇花改減碳等於188座大安森林公園,"蘇花改蘇澳道東澳段1月17日將開放大貨車通行，蘇花改工程寫下全國公共工程首例，達到國際正式碳足跡的標準。利用火車載運土石，以及使用飛灰和爐石粉替代的水泥，還用場區電力取代臨時性發電機，六年節省下的碳排放高達7.3萬噸，相當於188座大安森林公園的固碳量。
車輛進入蘇花改，享受快速便捷的交通，蘇花改工程不但提供一條安全回家的路，在環保上面也做了不少心力。
記者呂蓓君：「我們現在來到蘇花改觀音隧道的B3路段，可以看到我後方這一些機械，正努力地趕工當中，是什麼提供他們動力呢，靠得就是我身旁的變電器，可以提供鑽掘機噴砂機以及照明的電力。」
世曦顧問主任吳慶輝：「這是我們11KV的變電箱在這邊，那是把11000的KV轉成3300，3300的部分我們會再轉成440。」
鼓勵廠商多用場區電力來取代臨時性發電機，降低碳排放。觀音隧道和相鄰的谷風隧道由鼓音橋連結成12.6公里長的長隧道，完工後是國內僅次於雪隧的公路隧道，也是蘇花改的關鍵工程，而開挖隧道所產生大量的土方，相較於過去使用大卡車載運，現在用更環保的方式。
記者呂蓓君：「我們來到漢本車站，在我身旁這一列又一列的貨櫃，裡面裝的就是蘇花改的土方，它們即將被運送到新馬車站去，而透過這種鐵路運輸的方式，讓整個蘇花改工程蘇澳到東澳段，剩下了4500噸的碳排放。」
載運土方的列車，每天總共四列次，一列可以載運18個貨櫃，由南從漢本、東澳、永樂、蘇澳新再北上到蘇澳新　新馬全長超過50公里，從為了降低運送過程對環境帶來的衝擊，使用鐵斗貨櫃加蓋，避免土石運送時揚塵，貨櫃兩旁都還有印上「蘇花改」的字樣。
世曦顧問經理王復漢：「蘇花改工程處他是在漢本，這個地區設置了一個場站，跟台鐵局這邊租借一個場地，並且擴充了他的鐵道跟電車線的設備，我們的日運量大約是在1千方左右，每個月我們可以運輸3萬方。」
蘇花改工程處長邵厚潔：「我們希望用火車去載石頭，所以我們撥了18.5億元給鐵路局改善，其中的五個場站設施，這五個場站設施在我們不管是A段B段，確實發揮了很大的功效。」
透過鐵路運輸，降低蘇花公路的交通負荷，而在興建工程裡所使用的物料也經過特殊設計，像是使用爐石粉、飛灰以及水泥調和而成。爐石粉是煉鋼廠高爐的爐渣，由高壓水快速冷卻後的玻璃質材料，組成比例和水泥相近，飛灰則是燃煤發電後的廢棄物，兩者都能替代水泥，達到再利用的功效。
宜興拌合廠作業人員：「上面它是石頭、下面是水泥，你看如果一米看配比是多少，他會自動給料，這整個是一個監控的過程，這邊是要卸料卸到拌和車裡面。」
預拌車再把原料載往施工現場，透過這樣的方式，可以大大節省45%的水泥用量達到減碳、減廢的功效。透過原料的選用、載運方式以及機電設備的改善，蘇花改光是從蘇澳到東澳段，就減少了7.3萬噸的排碳量，相當於188座大安森林公園的固碳量，取得正式國際碳足跡標準的首例。
蘇花改工程處長邵厚潔：「凡走過必留下痕跡，凡用過必留下碳足跡，蘇花改其實是一個先例，希望建立本土化的係數，過去這種碳足跡都是從國外拿去做，我們希望在爾後的選線路線上，這個減碳的量也能夠變成一個選線的路廊。」
交通部核定，蘇花改將在1月17日開放大貨車通行蘇澳道東澳段，預估在50-60KM的時速下可以減少20分鐘的時間。工程從業主、監造、承包商與協力廠商通力合作，打造國際減碳標準，讓蘇花改不但成為東部安全回家的路，也替台灣公路工程的立下一個嶄新的標準。
最HOT話題在這！想跟上時事，快點我加入TVBS新聞LINE好友！",2019/01/14 22:54
https://news.tvbs.com.tw/life/1062494,蘇花改蘇澳到東澳段　17日開放大貨車通行,"交通部公路總局今天表示，蘇花改東澳段（蘇澳到東澳段）大貨車通行時間已經在昨天獲交通部核定，17日上午9時起大貨車就可通行。
公路總局第四區養護工程處長李順成告訴中央社記者，雖蘇花改東澳段將核准行駛大貨車，但部分聯結車輛、載有危險物品的大貨車仍禁止通行。
此外，未來蘇花改東澳段開放大貨車通行後，台9丁線（蘇花公路蘇澳到東澳段）將同步禁止大貨車通行；至於被禁制行駛蘇花改東澳段的大貨車車種若要行駛台9丁線，或要轉入東澳市區，必須事前向當地村里長申請通行證，或向監理單位登記申請。公路總局考量民眾需求及申請作業時間，設有3個月緩衝期；一旦緩衝期過後，違規車輛警方將依道路交通管理處罰條例，開罰新台幣900元。
公路總局提醒，蘇花改東澳段限速60公里。在行駛時，小型車必須與前車保持50公尺車距，大客車、大貨車須保持100公尺的車距。
蘇花改東澳段在去年2月先開放小客車通行，之後於去年5月進一步開放大客車通行後，許多遊覽車在行經蘇澳到東澳段時都改走蘇花改，不再行駛原先蘇花公路蘇澳到東澳段，省去不少旅運時間。（中央社）
最HOT話題在這！想跟上時事，快點我加入TVBS新聞LINE好友！",2019/01/09 12:58
https://news.tvbs.com.tw/life/1062481,快訊／蘇花改蘇澳到東澳段　17日起開放大貨車通行,"最新消息！蘇花改要開放大貨車通行了！時間確定在1月17日上午9點開始，蘇花改蘇澳到東澳路段，開放3.5頓以上的大貨車和砂石車通行，但是前提是不能載運危險物品，像是汽柴油或是強酸鹼的溶液，另外如果是超長或超載的車也禁止通行。
最HOT話題在這！想跟上時事，快點我加入TVBS新聞LINE好友！",2019/01/09 12:34
https://news.tvbs.com.tw/local/1052292,又闖蘇花改！雙載騎士遭攔　罰900至1800元,"又有騎士誤闖蘇花改！被警察攔下當場罰錢，警方也說其實24小時都有派人攔檢，可別以為有空檔，安全考量希望民眾不要誤闖，拿自己生命開玩笑。
警方設點輪班，在蘇花改出口處攔檢。
錄影民眾：「因為剛剛有一台機車，機車要來了，真的嗎，(吹哨)沒錯。」
果然有誤闖的雙載機車騎士被警方逮個正著，當場開罰900元，不過把時間倒回到他進隧道之前。
錄影民眾：「這台摩托車怎麼騎上來的？很有種！」
雙載騎士在隧道口似乎有些猶豫，不過最後還是硬著頭皮進了隧道。
蘇澳分局第四組組長林俊宇：「24小時都有編排守望勤務，在蘇花改上面，防範大貨車跟機車擅闖蘇花改。」
全天候嚴密加強攔檢，但每天還是有許多機車騎士誤闖蘇花改，尤其假日人數相較之下更多，不過其實目前只有開放小客車跟大客車行駛，至於大貨車跟機車，因為安全考量，都是被管制禁止通行的。
蘇澳分局第四組組長林俊宇：「那如果一經發現，我們就會攔停，做舉發開單，罰鍰的部分是罰900到1800元。」
民眾誤闖不管理由是什麼都可依法開罰。騎士如果為了節省時間冒險走蘇花改，不僅安全沒保障還傷了自己荷包。
最HOT話題在這！想跟上時事，快點我加入TVBS新聞LINE好友！",2018/12/22 14:51
https://news.tvbs.com.tw/life/1026574,雨襲宜蘭！　「蘇澳-南澳」預警封路4小時,"東北風增強影響，宜蘭大雨不斷下，一早蘇花公路實施預警性封閉，車輛一度回堵1公里，有貨車駕駛一等2個多小時，說希望蘇花改能讓大車行駛，讓運輸路途能更快速更安全。
雨勢持續不斷，蘇花公路出現了零星的落石，擔心影響用路人安全，10日凌晨6點預警性封閉，蘇花公路入口處立刻出現回堵的車流。
駕駛：「我等2個多小時了，(現在還沒通怎麼辦？)等啊。」
駕駛：「危險啊，當然危險，路做好也不通，大台車也不能行駛，沒辦法啊。」
車流綿延1公里，儘管駕駛無奈，畢竟是為了通行安全還是只能耐心等待，到了上午9點多陸續恢復通行。這場雨強襲宜蘭，因為東北風增強，氣象局資料從9日到10日上午9點半，累積雨量前15名都在宜蘭。
南澳西帽山累積雨量589毫米、南澳東澳嶺561.5毫米，都超過500毫米，冬山494豪米，成為大豪雨特報警戒區。
氣象預報員顏增壐：「那昨天東北風增強之後，有一些比較涼的空氣，跟原本比較暖濕的空氣有交會，冷熱交會加上水氣也比較多，就有發展一些比較劇烈的雲系出來。」
異常性大量降雨，還好白天開始趨緩，不過擔心可能有零星落石，這幾天還是少往山上跑，用路人得小心戒備。
最HOT話題在這！想跟上時事，快點我加入TVBS新聞LINE好友！",2018/11/10 12:19
https://news.tvbs.com.tw/life/1026499,快訊／宜蘭雨超大！蘇花公路「蘇澳-南澳」預警封閉,"最新消息！宜蘭整個晚上到現在暴雨持續不斷，導致蘇花公路多處有零星落石甚至坍方發生，公路總局也在上午6點緊急將蘇花公路蘇澳至南澳段預警性封路，用路人行經得注意；目前在蘇花改銜接南澳匝道口跟山路上回蘇澳路段，也因為道路封閉開始出現車流回堵情形，氣象局也針對宜蘭發布超大豪雨特報。
最HOT話題在這！想跟上時事，快點我加入TVBS新聞LINE好友！",2018/11/10 08:01
https://news.tvbs.com.tw/politics/961367,賴神說新北政績「只是小確幸」　朱立倫：台南有嗎？,"年底選戰逼近，行政院長賴清德21日前往蘇花改視察東澳至南澳段工程，被問到國民黨新北市長參選人侯友宜，在新北市建設國民運動中心、托育中心等政績，他表示「只不過是小確幸」，對此新北市長朱立倫今(24日)則回嗆，「台南有嗎？台南一座都沒有」，更指這些並非小確幸，都是政府的大任務。
賴清德力挺民進黨新北市長參選人蘇貞昌，頻頻大讚蘇貞昌無論在縣長、閣揆任內都對新莊有重大貢獻，日前他前往視察蘇花改工程，批評侯友宜在新北市的政績，和蘇貞昌任內時的建設完全不能比，更指國民運動中心和托嬰中心「只不過是小確幸」。
聽到新北政績被批評，朱立倫今反擊，新北市過去7年多從無到有，目前已有12間國民運動中心、1座運動公園和54所公共托育中心，都是民眾所需；反觀賴清德過去執政台南近7年的時間，「一座公共托育中心也沒有」，更別說國民運動中心，都還沒完工，賴清德就跑去接閣揆。
政績被評為「小確幸」，朱立倫反問賴清德，「那台南有嗎？」包含賴清德口中的大建設，新北市近年已完成30幾座新建橋樑、60幾條重要道路，台南卻沒有任何捷運建設，反嗆「把小確幸當成政府的大任務，民眾絕對有感」。
最HOT話題在這！想跟上時事，快點我加入TVBS新聞LINE好友！",2018/07/24 22:21
https://news.tvbs.com.tw/life/959791,快訊／彎道多危險　蘇花改東澳-南澳納改善評估,"蘇花改計畫中被跳過的東澳到南澳段，由於彎道多、行車風險高，因此政院宣布啟動可行性評估。宜縣政府表示，整體經費大約需要100億元，另外國道5號南端銜接省道台9線接蘇花改的工程，行政院去年核定，4月也將開始進行可行性評估。
最HOT話題在這！想跟上時事，快點我加入TVBS新聞LINE好友！",2018/07/22 09:01
https://news.tvbs.com.tw/politics/959504,賴避行政不中立　視察蘇花改「順便」輔選,"拚年底地方大選，行政院長賴清德輔選行程也已經啟動，今天就到宜蘭艱困選區來幫縣長參選人陳歐珀，不過賴揆不喜歡用造勢場合，而是特別用「政策說明」方式下鄉，因此也來蘇花改視察「順便」幫輔選。
記者vs.行政院長賴清德：「院長覺得宜蘭是艱困選區嗎？宜蘭好山好水，所以是艱困選區嗎？是民主的勝地。」
巧妙避開敏感話題，行政院長賴清德下鄉到宜蘭，照樣是婆媽最愛。
宜蘭鄉親vs.行政院長賴清德：「賴清德，賴院長好。」
拍照握手來者不拒，但要選的不是賴揆自己啦，而是他旁邊的立委陳歐珀，等等怎麼鏡頭上看到的都是代理縣長陳金德緊跟賴揆，反倒縣長參選人陳歐珀被擠到後面，幾度想跟上前都卡不到位。
不過賴揆還是有想到他啦，趁著鄉親都在趕緊提提陳歐珀的好。
行政院長賴清德：「委員在立法院質詢我，他很厲害喔，他不讓我回答耶，他叫我回去好好準備一下，要回答來宜蘭縣回答，這種委員實在有夠犀利耶，稱讚一下。」
賴揆輔選意味真的很明顯，但又為了避免行政不中立也是特別安排「政策說明」才下鄉，因此也到蘇花改來視察，但一到也刻意安排受訪，因為前一天賴揆大讚新莊好，但卻被國民黨新北市長參選人侯友宜回感謝肯定大吃豆腐，賴揆也回嗆。
行政院長賴清德：「蘇貞昌所提供出來的，所推動的，所完成的是一個『重大建設』，但是國民運動中心或者是托嬰中心不是不重要，但能夠講的話也是個『小確幸』。」
不甘示弱，賴揆輔選啟動火力也全開。
最HOT話題在這！想跟上時事，快點我加入TVBS新聞LINE好友！",2018/07/21 13:52
https://news.tvbs.com.tw/life/953406,桃園風大！　竹圍漁港拉封鎖線、收費亭暫停,"瑪莉亞颱風來襲，北部入夜風雨越晚越強！包括桃園竹圍漁港、觀音濱海服務區等等都拉起封鎖線，禁止民眾再進入，連夜市也提早收攤，宜蘭地區入夜風雨漸強、蘇花公路也全面封閉，不過蘇花改蘇澳至東澳路段開放通行，新竹的尖石鄉則是預防性撤離221人。
記者劉懿萱：「帽子不斷被吹起來，旁邊的封鎖線大家可以看到不斷的被陣風給揚起。」
記者被吹得帽子都要飛掉，大園區竹圍漁港全面淨空、拉起封鎖線，禁止進入，桃園達6到7級陣風，包括永安漁港，觀音濱海服務區、復興山口等等都禁止民眾再進入。
民眾：「瞬間大雨，所以後來打算還是收回去。」
而原本熱鬧的桃園夜市人潮冷冷清清，晚間9點攤販也都提前收攤，另外新竹尖石鄉則是預防性撤村。
嘉樂村村長呂金龍：「看我們這個颱風時間的長短，只要應變中心說可以撤離，我們這邊才放人。」
撤離嘉樂村村民，30幾名住戶都先到收容所安置，主要因為尖石鄉一直是土石流警戒區，所以晚上8點多整個尖石鄉共撤離221人，讓鄉民遠離天災威脅。
而宜蘭地區入夜後風雨開始變強，蘇花公路為了安全8點開始全面封閉，不過蘇花改蘇澳至東澳路段開放通行，駕駛可以改道行駛，機車分別在蘇澳端和東澳端集結，瑪莉亞颱風來襲，各地加強防災，提醒市民做好防颱準備。
最HOT話題在這！想跟上時事，快點我加入TVBS新聞LINE好友！",2018/07/11 00:23
https://news.tvbs.com.tw/life/942802,大貨車最快8/8可走蘇花改　7月先防災演練,"蘇花改有可能在8月8日開放大貨車通行，不少民眾擔心，已經開放了大客車，現在又開放大貨車上蘇花，會不會影響車速以及安全，公路總局強調下個月將進行防災演練，還要評估車流量和隧道空氣品質，評估完後由交通部做最終核定。
繼5月分開放大客車通行後，蘇花改有可能在8月8日父親節開放大貨車行駛。
除了擔心影響車速，走蘇花路段的大貨車數量多，平均每日有900輛，如果開放蘇花改，用路人擔心行駛安全。
蘇花改蘇澳至東澳段2/5通車，一開始只有開放小客車，5月開放大客車，現階段公路總局在蒐集相關數據，下個月將進行防災演練，要為第三階段開放大貨車通行作準備。
四工處世曦維運團隊副理吳心琪：「只要駕駛人能夠來遵守我們整個蘇花改的行車規則，不要超速、不要超重、也不要超高超尺寸的話，我相信大家循序漸進，應該是可以有一個很好的行車秩序。」
如果開放大貨車通行，限速60公里限重比照蘇花，民眾各有看法，蘇花改目前車流平日有5千多輛，假日可以到一萬多輛。
公路總局強調開放大貨車，最後還得等交通部核定，務必確保安全，至於民眾關心的是否再加碼開放機車通行，將等到等大貨車開放後，再請專家學者討論。
最HOT話題在這！想跟上時事，快點我加入TVBS新聞LINE好友！",2018/06/22 14:27
https://news.tvbs.com.tw/local/941502,蘇花公路東澳路段火燒車　2人及時逃生,"台9線蘇花公路120.4公里處，接近蘇花改東澳端北上路口附近，今天發生一輛自小客車起火事故，車內2人及時逃生。警消獲報後，隨即前往滅火，起火原因有待調查。
宜蘭消防局下午1時26分獲報，蘇花公路120.4公里處北上車道，發生一輛自小客車冒煙起火事故，立即派遣蘇澳及南澳分隊前往救援。這起事故經警消協助滅火，火勢約在下午近2時撲滅，無人傷亡。
警方初步調查，這部火燒車當時由一名簡姓女子駕駛。簡女在開車時突然聞到燒焦味後，緊急將車輛停於路旁，但車子隨即冒煙起火。簡女與乘客共2人隨後及時逃生。
警方表示，事發時現場一度管制北上車道，單線雙向通行。下午2時5分，恢復雙線雙向通車，起火原因還有待調查。（中央社）
最HOT話題在這！想跟上時事，快點我加入TVBS新聞LINE好友！",2018/06/20 16:15
https://news.tvbs.com.tw/life/936741,蘇花舊路若阻斷　機車、大貨車可有條件走蘇花改,"未來一週全台都有機會出現大雨或豪雨。公路總局今天表示，若蘇花公路蘇澳到東澳段屆時因災害阻斷超過4個小時，機車與大貨車原則上可改行駛蘇花改。
蘇花改蘇澳到東澳段自從今年2月通車至今，只准小客車與大客車通行，機車族與大貨車駕駛現在還是必須行駛蘇花公路，但蘇花公路常因連續降雨，發生土石流或坍方等交通阻斷災情。
面對未來一週全台都有機會出現大雨或豪雨的氣象預報，蘇花公路的行車安全再度受外界關切。
公路總局第四區養護工程處交管中心主任陳國正向中央社記者說，一旦蘇花公路蘇澳到東澳段屆時因豪雨災害，阻斷超過4個小時，工程處基於行車安全及產業運輸，原則上將透過相關宣傳管道，宣布啟動蘇花改緊急交通疏導措施，機車族可在「團進團出」方式下，由相關車輛引導行駛蘇花改。
至於大貨車必須於蘇澳或東澳兩端先過磅後，再經由儀控秒數控制，開放通行，確保大貨車與前車保持在150公尺至200公尺之間的安全車距。（中央社）
最HOT話題在這！想跟上時事，快點我加入TVBS新聞LINE好友！",2018/06/12 17:00
https://news.tvbs.com.tw/politics/932049,花蓮藍綠爭霸　徐榛蔚、劉曉玫交鋒蘇花改,"花蓮縣長選戰，國民黨派出縣長傅崐萁的夫人，立委徐榛蔚，徐榛蔚說她要打造溫暖的花蓮，說到當地資源不公，甚至一度哽咽，而民進黨則推出號稱火力最強的花蓮縣議員劉曉玫應戰，劉曉玫自比小蝦米對大鯨魚，說這場選戰其實是跟傅崐萁的延長賽。
又親又抱互動就像老朋友，親和力強，腰桿子軟，是國民黨花蓮縣長參選人徐榛蔚，給地方上的印象。
要接傅崑萁的棒子，並為國民黨在花蓮插回正藍旗，如果說徐榛蔚是用柔性攻心，民進黨參選人劉曉玫的剛，在花蓮縣議會展露無遺。
犀利問政，強力監督，前2屆在花蓮縣長選戰棄權的民進黨，這次總算加入戰局，還推出號稱戰力最強的劉曉玫。
認為這場戰役，不只是跟徐榛蔚的較勁，更是與傅崑萁的延長賽。
自比小蝦米對上大鯨魚，在花蓮選民結構藍大於綠，從1950年第一次產生民選首長至今，67年來，民進黨始終攻不下這座山頭，劉曉玫能做到嗎？
現任縣長傅崑萁2屆任期，打造東大門觀光夜市，每年舉辦大型演唱會等，要讓縣民有感提升觀光形象，蘇花改議題，更跟徐榛蔚分進合擊，在地方、立院發聲。
徐榛蔚說蘇花改是用血淚換來的，要中央給花蓮一條安全回家的路，劉曉玫力拚翻轉，徐榛蔚則要固守版圖，年底藍綠爭霸，後山已經烽火連天。
最HOT話題在這！想跟上時事，快點我加入TVBS新聞LINE好友！",2018/06/04 18:07
https://news.tvbs.com.tw/life/930950,快訊／颱風季！　蘇花改將「有條件」開放機車、大貨車,"因應汛期來臨，蘇花改將有條件開放機車或大貨車通行！蘇花改目前僅開放小型車與大客車通行，不過交控中心表示，最近強降雨、颱風機率大，蘇花公路可能會有落石或者交通中斷意外，因此公路總局已經擬定，一旦舊蘇花公路蘇澳到東澳交通阻斷超過4小時，蘇花改將開放機車跟大貨車通行。
最HOT話題在這！想跟上時事，快點我加入TVBS新聞LINE好友！",2018/06/02 12:55
https://news.tvbs.com.tw/life/926361,蘇花改中仁隧道貫通　進度超前趕全線通車,"蘇花改中仁隧道接續工程在工程人員努力下，歷時1067天終於全線貫通，今天舉行貫通典禮，工程進度超前4至5月，目標要在2020年1月25日通車。
交通部長賀陳旦、公路總局長陳彥伯、蘇花公路改善工程處長邵厚潔、立委徐榛蔚等出席通車典禮，並舉行爆破貫通儀式、開香檳酒慶祝。
賀陳旦表示，中仁隧道施工過程，克服諸多挑戰，地面平整代表工程具有一定水準，感謝工程人員辛苦施工，共同努力讓承諾不會跳票，並用各種方式克服，一起達成任務，相信蘇花改工程一定會如期、如質完成。
「台9線蘇花公路山區路段改善計畫」改善長度38.8公里，隧道路段占2/3、共有8座隧道；位於和中至和仁之間的「中仁隧道」，是蘇花改工程中第七座貫通的隧道，也是在花蓮境內第一座貫通的隧道。最後一座隧道是和仁至大清水間的「仁水隧道」，預計今年10月貫通。
邵厚潔說，中仁隧道全長4.7公里，為雙孔單向隧道，北上線於5月6日貫通，南下線今天貫通，是工程人員歷經1067天的努力完成全線貫通。中仁隧道工程進度超前4、5個月，希望全力達成在2020年1月25日通車的目標。
中仁隧道內設3座車行聯絡隧道、11座人行聯絡隧道、6處雙向緊急停車彎、南北洞口各設1座機房、隧道內設6座輔助機房等相關設施。
由於中仁隧道通過中央山脈海拔1400公尺的飛田盤山下方，隧道上方最高岩覆達1226公尺，一般只有50、60公尺；且位處和中斷層及和中溪崩積層段，降雨時會滲流進地盤，造成隧道開挖困難及抽坍，是國內少見施工困難度極高的隧道工程。（中央社）
最HOT話題在這！想跟上時事，快點我加入TVBS新聞LINE好友！",2018/05/25 14:13
https://news.tvbs.com.tw/life/914980,久等了！大客車可走蘇花改　1週2路線免費搭,"蘇花改道路第二階段開放大客車通行，今天正式上路！客運業者趁勢祭出優惠，未來一週2個路線，蘇澳到南澳的公車通通免費；至於大貨車則預計最快8月開放。
關上車門，客運緩緩開進蘇花改，7日早上7點半，蘇花改正式開放大客車上路。
開心地放鞭炮，國光客運搶得頭香，不少民眾一早攜家帶眷搶搭這第一班車，甚至有民眾還是從高雄特地來搭乘，不只民眾興奮，就連客運司機也難掩開心神情。
客運司機：「以前往蘇澳東澳那邊要走山路，現在距離差不多縮短20分鐘。」
蘇花改道路第一階段工程蘇澳到東澳將分三階段開放，除了小客車外，大客車也能上路。
客運業者也祭出優惠，蘇澳到南澳及東澳段公車，為期一週122路線121路線免費搭乘。至於大貨車何時可以開放，將先觀察大客車通行狀況3個月，最快8月底放行。
區工程處長：「以目前狀況，如果走蘇花改可以較原來路程縮短15到20分鐘。我們推估大概每天大客車輛數，大概會是在100、200台左右。」
蘇花改道路整段連接蘇澳到大清水，目前可通行的是蘇澳到東澳路段，剩下路段除了6日貫通的中仁隧道，還有2座隧道處還在施工，工程處預估在109年初以前可以完工，未來民眾往來將更加方便安全。
最HOT話題在這！想跟上時事，快點我加入TVBS新聞LINE好友！",2018/05/07 12:28
https://news.tvbs.com.tw/life/914971,蘇花改上午開放大客車　民眾直呼省時又舒適,"蘇花改蘇澳至東澳段今天上午7時30分開放大客車通行，國光客運122路線及大都會客運121路線一早就在蘇澳隧道口等候，122路線搶得頭香，不少乘客開心地表示，可以省下不少時間。
蘇花改蘇澳至東澳段2月5日開放小型車通行後，交通部公路總局隨即展開因應開放大客車通行的多方測試驗證，在相關單位共同努力下，今天上午7時30分開放大客車通行。
公路總局與宜蘭縣政府也同步規劃國光客運122路線「蘇澳轉運站-南澳車站」及大都會客運121路線「蘇澳車站-東澳車站」，提供地區公共運輸服務，民眾即日起還可免費搭乘7天。
有民眾受訪表示，過去行駛蘇花公路需要25分鐘，改走蘇花改大約只要9分鐘，不僅省下不少時間，而且道路品質佳，路途中不會感到顛簸；也有旅行團乘客看到新聞報導，一早趕緊告知導遊改走蘇花改，一名從高雄來的乘客說，行駛蘇花改很方便，以後不用改搭火車再轉車非常方便。
公路總局第四區養護工程處交管中心主任陳國正指出，蘇花改上午行車順暢，截至9時為止，南下共10輛、北上共4輛大客車行駛蘇花改，預估今南下約50輛、北上約100輛行駛蘇花改。至於下一階段開放大貨車通行，同樣必須經過3至6個月評估，對於時程內開放大貨車通行抱持樂觀態度。（中央社）
最HOT話題在這！想跟上時事，快點我加入TVBS新聞LINE好友！",2018/05/07 11:18
https://news.tvbs.com.tw/life/914557,快訊／蘇花改5月7日7點半起　開放「大客車」通行,"蘇花改通車至今3個多月，經過多次評估及災害演練後，交通部表示將正式在5月7日早上7點半開放大客車通行，未來除了自小客車能行駛蘇花改，客運業者也將不用再走蘇花台9丁線，預計至少能省下半小時車程。
最HOT話題在這！想跟上時事，快點我加入TVBS新聞LINE好友！",2018/05/06 10:21
https://news.tvbs.com.tw/life/908400,蘇花改何時開放大客車？　賀陳旦：盡快決定,"蘇花改蘇澳到東澳段外傳5月初擬開放大客車通行。交通部長賀陳旦今天陪同立委在宜蘭視察時說，將在最短時間內決定。
蘇花改蘇澳到東澳段從2月5日通車至今已2個多月。公路總局當初曾計劃，通車後3至6個月只先開放小客車通行，之後再視情況開放大客車，再經評估3至6個月後，最後再開放大貨車行駛。外傳相關單位正朝5月5日第二階段開放大客車通行為目標。
為做好開放大客車通行之前的準備，公路總局23、24日曾封路演練，模擬大客車救災及事故排除。
賀陳旦近中午時，陪同立法院交通委員會多名立委前往宜蘭視察國道5號蘇澳末端銜接台9線交通建設。
他在稍後受訪時說，公路總局昨天已經針對大客車通行蘇花改隧道進行演練，包括前一陣子對車流的觀察，這些公路總局會整體提送評估報告到交通部，交通部會根據這些再來看看是不是可以達成當初環評時所要求3個月到6個月檢討的成績，來決定蘇花改現在的隧道適不適合開放大客車，這是交通部技術上應該要做的事。
此外，考量到最近天氣變好、前往花蓮觀光旅遊人數增多，交通部希望遊覽車能有比較直接的路線，也許是一種好的賣點，這些都是綜合考慮的項目，交通部會在最短時間之內決定大客車通車日期，「沒有任何特定的時間。」
稍早，賀陳旦於宜蘭市出席一場交通座談會後，媒體問及國道5號是否能銜接蘇花改？蘇花改是否能開放重型機車？賀陳旦受訪時表示，國5銜接蘇花改這方面交通部有持續在評估，其次交通部也不希望像日前清明連假時蘇花改塞車情況再現，這些都要再評估可能性。
至於蘇花改是否開放重機？賀陳旦說，許多重機騎士都是有社會歷練的人，當然會自我要求，但也有部分騎士騎車的行為可能對別人還是有一些威脅，因此交通部不敢貿然只因部分重機騎士的看法，就決定開放。交通部至今都在觀察，希望徵求各方的意見，再經專家評斷後再來考慮。（中央社）
最HOT話題在這！想跟上時事，快點我加入TVBS新聞LINE好友！",2018/04/25 17:53
https://news.tvbs.com.tw/life/906660,快訊／蘇花改消防演習　今明10點至12點封閉,"蘇花改蘇澳到東澳段，目標在5月5日前，開放大客車通行。將在今天和明天的上午10點到12點封閉，舉辦消防演習，建議要往返蘇澳和花蓮的民眾，改走台丁9線舊蘇花公路。
最HOT話題在這！想跟上時事，快點我加入TVBS新聞LINE好友！",2018/04/23 09:05
https://news.tvbs.com.tw/life/901063,蘇花改東澳到蘇澳段　最快5月5日開放大客車,"蘇花改2月5日通車，目前僅開放小客車，交通部本來就規劃3到6個月擬定開放大客車。而最新消息，最快5月5日就會開放大客車，公路總局將在4月底進行演練，針對開放大客車行駛蘇花改預做準備。
車輛排隊進蘇花改，一到入口，大貨車大客車還有兩輪車不能走，這樣的規定可能在5月5日正式解除，3.5噸以上的大客車也能走蘇花改。
大客車業者：「比較方便，時間上縮短，縮短時間上來講客人是最滿意的，安全上感覺也會比較保險。」
蘇花改通車快3個月，當時交通部長賀陳旦就表示，會先禁止大車行走，預計評估隧道的行駛狀況，半年內如果沒什麼問題就會開放。但今年清明連假的蘇花改路口塞隧道內壅塞，好不容易下了國道5號，蘇澳宛如休息站，用路人繼續加入蘇花改停車場。高峰車潮時，車流都卡成一團了，要是多開放遊覽車大卡車，會不會塞的更嚴重。
四工處交管中心主任陳國正：「大客車因為剎車距離遠，再來本身需要轉身半徑比較大，路型現行上我們還是做些調整，盡快來通大客車是各界的期望。」
公路總局表示，將持續努力穩定車流，而蘇花改能不能讓大車走，就看這個月23和24日的，隧道重大車禍演練，到時蘇花改從上午10點封閉到中午12點，小車大車都得走蘇花公路，等演習結束，大車能不能加入蘇花改，就看交通部最後的安全評估。
最HOT話題在這！想跟上時事，快點我加入TVBS新聞LINE好友！",2018/04/14 12:43
https://news.tvbs.com.tw/life/900996,蘇花改解禁？！　傳最快5/5大客車可正式通行,"蘇花改通車至今快3個月，交通部對大客車的通行評估持續，有消息傳出可能在5月5日，蘇花改將正式開放大客車通行。
所有大客車卡車等都塞成一團，蘇花改通車後，大型車不能走，一樣跑舊路，但遇上交通事故就只能等、只能塞，從2月5日通車至今的蘇花改，快滿3個月，過去交通部表示，通車後的半年內，會視車輛通行情況，評估開放大客車通行的可行性，如今傳出將在5月5日正式解禁。
尤其再來颱風季快到，大客車走舊路危險性相對高，除了安全也能省時，差了將近3分之2的路程。
再來就看這個月23和24日的隧道重大車禍演練，到時蘇花改將從早上10點封閉至12點，過路的民眾得改走舊蘇花，就等演習結束。大客車能不能通關？就等交通部拆下門口「禁行」的告示。
最HOT話題在這！想跟上時事，快點我加入TVBS新聞LINE好友！",2018/04/14 10:01
https://news.tvbs.com.tw/life/900626,快訊／蘇花改4/23、24　10至12時演練短暫封閉,"最新消息，蘇花改蘇澳到東澳段在2月通車，為了驗證通車後對於突發狀況的緊急應變救援能力，公路總局將在4月23、24日兩天的上午10點到12點短暫封閉進行演練，請民眾多加留意。
最HOT話題在這！想跟上時事，快點我加入TVBS新聞LINE好友！",2018/04/13 14:45
https://news.tvbs.com.tw/local/898586,快訊／雙向阻斷！　蘇花9.7K砂石車、油罐車對撞,"蘇花公路9.7公里處也就是蘇澳到東澳段發生了砂石車與油罐車對撞事故，還好沒有人員受傷，不過目前雙向道路都無法通行至少回堵2公里，行經的民眾務必注意，小客車可改走蘇花改免得行程受到影響。
最HOT話題在這！想跟上時事，快點我加入TVBS新聞LINE好友！",2018/04/10 15:53
https://news.tvbs.com.tw/politics/898566,清明連假大塞車　陳金德：蘇花改是畸形產物,"清明連假蘇花改嚴重大塞車。宜蘭代理縣長陳金德今天說，這條道路當初是迎合各方要求興建下的「畸形產物」，交通部應闢建東澳至南澳隧道，國5也應銜接蘇花改，改善運能。
清明連假首日，蘇花改蘇澳到東澳嚴重大塞車，當天南下車流超過1萬7000輛次，創今年開通以來紀錄，同日替代道路的台9丁線蘇花公路也有7000多輛次，這兩條路線最後到東澳更匯流一個車道，道路上幾乎成為停車場，民怨四起。
陳金德上午受訪時說，宜花之間的交通改善從當初的蘇花高，後來變為雙向各只有單線道的蘇花改。過程中，它滿足很多人和很多意見，卻無法滿足東部民眾對交通的需求，又要滿足環保生態界，上面有很多公公婆婆，根本就是迎合各方要求與折衷興建下的「畸形產物」。
陳金德認為，東澳到南澳間現階段沒納入蘇花改工程的蘇花公路，應開挖新隧道，現在蘇花改蘇澳到東澳也應改為兩線道，並提高現有60公里速限。
此外，國道5號也應直接銜接蘇花改，唯有提升運能才能解決相關塞車問題，強烈呼籲交通部正視此事。（中央社）
最HOT話題在這！想跟上時事，快點我加入TVBS新聞LINE好友！",2018/04/10 15:25
https://news.tvbs.com.tw/life/898175,快訊／蘇花改安全測試　東澳段每晚封閉半小時,"蘇花改蘇澳到東澳段通車才2個月，公路總局宣布從明天(10日)起，每週一到五晚間8點至8點半，東澳隧道進行隧道安全測試，每晚將封閉半小時，管制將持續到5月31日。
最HOT話題在這！想跟上時事，快點我加入TVBS新聞LINE好友！",2018/04/09 21:38
https://news.tvbs.com.tw/life/897179,蘇花改北返車行順暢　估8日下午車流湧現,"今天是清明連假第四天，蘇花改北返車流雖持續湧現，但平均時速仍可維持50至55公里，公路總局預估明天中午至下午5時將出現北返車流。
第四區養護工程處發布新聞稿指出，截至下午2時為止，蘇花改加上蘇花公路南下蘇澳往東澳交通總量為3190輛，北上東澳往蘇澳交通總量則為8289輛，顯示北返車流已持續湧現，至於台9丁蘇花公路平均時速也可維持35至40公里，蘇花廊道整體路網行車順暢。
第四區養護工程處交通管理及控制中心主任陳國正表示，蘇花改於下午1時至5時間車流量約在每小時900輛，預估晚間7時過後會降到每小時800輛，由於昨天已出現北返車流，預計明天中午12時至下午5時間，蘇花改每小時車流量約在800輛，若未超過每小時900輛應該不會出現回堵情形。
陳國正說，交控中心會隨時監控蘇港路至國道5號蘇澳交流道的區域路網，掌握北返車流動線行進狀態，並配合國5北上高乘載時段動態調整路口號誌時比，以維持路網整體運作順暢。
陳國正同時呼籲用路人依循車流前進，切勿任意超車，進入隧道路段請遵照行車管制措施循序漸進，並在速限範圍內儘量提高行車速度。（中央社）
最HOT話題在這！想跟上時事，快點我加入TVBS新聞LINE好友！",2018/04/07 18:42
https://news.tvbs.com.tw/local/896867,機車硬闖蘇花改　員警無奈：嫌我們不夠忙嗎？,"史上最長的清明連假，各地都湧入龐大車潮讓警方疲於奔命，除了忙於交通疏導外，近幾天機車族多次闖入蘇花改，還全程在臉書上直播，警方還要分出人力去攔查，人力吃緊的狀態更為緊繃。讓員警不禁感嘆：「是嫌我們不夠忙嗎？」
據《聯合報》報導，宜蘭縣蘇澳分局統計，蘇花改從今年二月通車至今，累積209件機車闖行違規案件，光是四月清明連假就有十多件，5日當天就有21件，6日則有2件。
警方表示，蘇花改入口都有明顯告示禁止機車進入，如發現機車闖行，第一時間會吹哨警示及勸阻，但不少機車族還是會刻意進入蘇花改，這樣的行為也容易讓騎士陷入危險，但礙於人力問題，員警無法24小時站崗攔查，只能在疏導交通外，盡力維護交通安全。
最HOT話題在這！想跟上時事，快點我加入TVBS新聞LINE好友！",2018/04/06 22:01
https://news.tvbs.com.tw/life/896734,連續假期提早北返　蘇花車流量增加,"清明節連續假期進入第3天，蘇花公路及蘇花改中午過後出現北返車潮，不過車流運作大致穩定。
公路總局第四區養護工程處今天下午發布新聞稿，蘇花改及蘇花公路上午車流運作均順暢正常，上午11時起北上方向逐漸出現車潮，直至下午2時蘇花改北上每小時單向交通量約維持在每小時850輛。
因配合蘇花改端點路口號誌調整以及現場警力指揮疏導，車流運作大致穩定。交控中心也全時監控蘇花公路各路段沿線之車流狀態，並因應可能之車多或壅塞情境，啟動路口號誌時制動態調整。
截至下午2時止，蘇花改加上蘇花公路蘇澳往東澳方向合計交通總量為7126輛，東澳往蘇澳方向為8150輛，顯示北返車流已提前於連假第3日湧現。下午蘇花改平均時速可仍維持50至55公里，行車狀況大抵良好。
第四區養護工程處呼籲用路人提早做好行程規劃，依隧道行車管制循序進出蘇花改，並請用路人在速限範圍內儘量提高行車速度。為避免連續假期收假日北上車流集中，建議用路人提早北返，避開收假日車潮壅塞時段，並於行車前請先至第四區養護工程處網站參閱「台9線蘇花公路蘇澳-東澳段通車宣導」，公路總局省道即時路況系統（http://168.thb.gov.tw）。（中央社）",2018/04/06 17:24
https://news.tvbs.com.tw/life/896529,塞車是一種幸福！政府官員「幹話」語錄　民眾直搖頭,"清明連假，不少民眾把握出遊的機會，但國道1、3、5號卻是輪流塞車，讓交通部遭批「反應慢半拍」，而交通部長賀陳旦前(4日)天視察蘇花改時，向民眾呼籲可多走替代道路，除了可以欣賞美景之外，也能避開塞車之苦，但這段話卻引發民眾不滿。
交通部長賀陳旦4日視察國五及蘇花公路時，坦言很意外一路上這麼塞，事後在接受媒體訪問時，也說若是私人行程，他會和家人規劃走替代道路，一起體驗蘇花山海美景，但這番話民眾聽了卻不領情，直批政府官員們「怎麼有這麼多晉惠帝」、「只會講幹話」。
2009年的端午連假，國道也出現相同的塞車情景，時任交通部路政司長的祁文中當時卻對媒體說「塞車是一種幸福」，引發譁然，但祁文中事後澄清，自己是用另一種角度來看塞車，本意不是要消遣民眾，他表示「經濟好轉是一種幸福」，絕非說「塞車是一種幸福」。
前交通部長葉匡時在2015年首遇「元旦4天連假」，當時國5一樣塞很兇，因此就有立委質詢葉匡時說「這4天部長有沒有去雪隧行控中心」，葉匡時卻說「我都在家裡，以手機聯絡」，讓立委聽得是直搖頭。
每遇連續假期，國道「塞車」情景幾乎是年年上演，對此政論節目主持人趙少康直言「這條路塞，我找一條風景好的路，這不是講風涼話嗎？」趙少康建議官員講風涼話之餘，還是少講兩句話！
最HOT話題在這！想跟上時事，快點我加入TVBS新聞LINE好友！",2018/04/06 09:25
https://news.tvbs.com.tw/life/896493,國道1、3、5輪流塞！高公局挨批　急端出新措施,"連假進行到第3天了，前2天國道上的路況確是被民眾認為不太ok，其中從頭城上國道就得排1小時，連蘇花改也一度出現達7公里的車潮，如今預估北上車潮將湧現，高公局臨時應變也將國5北上的高乘載管制時間拉長為下午2點到晚間9點。
連假5天進行中，出門開車上國道，交部輕敵，往宜蘭塞而到中南部也是一直等，就連北上車潮都一樣。
5天連假第3天，前2天路況都不好，高公局被民眾批評反應慢半拍，本來預估全線都在掌控內，不會有紫爆情況，卻在4日一早國5就出現紫爆，連國道1號也淪陷，緊接著的北返車潮就要到。
高公局祭出新招，像是本來6日開始實施的國5北上蘇澳到頭城高乘載管制，時間從下午3點到晚間8點改為2點到9點，前後再拉長，而同樣南下段維持早上7點到中午12點的管制。坪林行控中心表示，過去2天國5車潮多，一度造成用路人從宜蘭頭城排隊要上國道至少得塞1小時，礁溪到台北也得花上2小時。
首次面臨長假考驗的蘇花改，本來預估車流量能負荷，但連假首日一度回堵7公里，今年國道1、3、5號全部輪流紫爆輪流塞。高公局解釋，今年清明連假車潮屬於複合式，從返鄉掃墓到出遊全都有，偏偏今年意外狀況多，比起去年同期足足多上至少35件，才會造成各地走走停停。
連假第3天不少路段路肩再開放，高乘載管制拉長，預估各地車潮尖峰時間，南下中午前車多，北上可能從下午會塞到晚間9點，掌握路況不讓高速公路不高速。
最HOT話題在這！想跟上時事，快點我加入TVBS新聞LINE好友！",2018/04/06 08:08
https://news.tvbs.com.tw/politics/896446,塞車還可賞美景？趙少康：官員少講風涼話,"清明5天連假，國道和重要道路又出現車潮，重點路段幾乎都塞爆了，讓民眾大呼「又來了」，甚至罵聲不斷。其中交通部長賀陳旦前往蘇花改視察，一度也塞在車陣約50分鐘，事後他呼籲民眾多走替代道路避免塞車之苦，還說可體驗欣賞美景，引發民眾一陣撻伐。對此趙少康不以為然地表示，「官員少在那裏講風涼話！」
清明連假各地幾乎出現大塞車，其中才剛通車的蘇花改也成為大型停車場。連假首日賀陳旦到蘇花改視察路況，沒想到也塞在車陣50分鐘。事後他在接受媒體訪問時回應，若是私人的行程，他會事先和家人規劃走替代道路，一起體驗蘇花山海的美景。沒想到民眾聽了不領情，甚至怒批「怎出這麼多晉惠帝！」、「只會講幹話。」
對此政論節目《少康戰情室》主持人趙少康，在討論清明連假各地塞車情況時，就直言「這些官員都講風涼話，你少講兩句話！所以我真的覺得，我明天要在《蘋果》的專欄區分享『大官們，請閉嘴啦』。」
趙少康接著提到，「這條路塞，我找一條風景好的路，這不是講風涼話嗎？這就像賴清德講的，中美貿易大戰台商搞不好很好，因為他們可以分散風險、反而多元化。你不講這些話會死人啊？大家會以為你是啞吧啊？」【少康戰情室】
最HOT話題在這！想跟上時事，快點我加入TVBS新聞Line好友！",2018/04/05 22:45
https://news.tvbs.com.tw/local/896349,空品差禁騎蘇花改　騎士「以身試法」全程直播,"又有重機擅闖蘇花改還在臉書上直播！台灣機車路權促進會在週4早上，全程直播闖蘇花改的過程，甚至一路超速，不過出了隧道口員警已經在等他，立刻攔查，也因為交通部長賀陳旦曾說蘇花改空品不好，影響機車族健康，才會讓重機騎士親身測試表達抗議。
一個急轉彎，黃牌重機就這麼騎進蘇花改蘇澳入口，一路狂飆只花8分15秒，就騎完9.7公里，換算時速72公里，超過蘇花改60公里速限，而重機一騎出東澳隧道，員警已經在等他。
全程都透過直播在臉書上跟大家分享，因為交通部長賀陳旦曾說，蘇花改都是長隧道，擔心空氣品質不好影響機車族健康，這名22歲騎士才決定親身測試抗議，但表達完意見後也吃上一張900元罰單，還被記點一點，半年內記滿6點 ，就會吊扣駕照一個月。
蘇澳分局組長林俊宇：「四工處的交控中心，透過監視器及時發現那位騎士，通報我們員警，我們警方立即前往攔查。」
警方強調都有通報機制，要機車族別以身試法，不過這名重機騎士也不是第一人，根據統計機車擅闖蘇花改，2月有185件 ，3月也有125件，其中8成以上都是普通重機。
義交：「給他吹(哨子) 要他停下來，停下來他說要往花蓮，(我說)蘇花改這個重機不能騎。」
或許是想碰運氣試試看或是宣導不足，想騎進蘇花改的機車族不少，警方提醒蘇花改只能通行自小客、小貨車，禁止其他車輛，民眾可別跟荷包過不去。
最HOT話題在這！想跟上時事，快點我加入TVBS新聞LINE好友！",2018/04/05 18:50
https://news.tvbs.com.tw/life/896195,疏導失效？清明連假塞爆　交部挨批「慢半拍」,"連假第二天，國道南下一早6點又湧現車潮，國5南港到石碇局部路段，再度出現「紫爆」。有學者批評，儘管有高乘載管制，以及深夜也實施暫停收費，但跟春節相比，清明連假簡直「塞爆」，交通部這次反應慢半拍，而部長賀陳旦，4日視察蘇花改時，還傳出他說如果私人行程，會走替代道路看山海風景，這番話又引發爭議。
不只連假第一天塞爆，第二天也是塞塞塞，從上午6點，國道5號南港至坪林湧進車潮，車輛走走停停。高公局預估，整天會有128萬車次上國道。往宜蘭方向，不過5日從蘇澳交流道到蘇花改，上午是順暢。
但其他路段，國道三號中投至霧峰，還有新台五路到堤頂，一度出現紫爆，比平時行車時間多5倍，時速只有10公里，國道1號湖口到新竹，路況紅通通，時速只有10到30公里。有學者批評，儘管事前有宣導匝道高乘載管制、整合匝道、以及深夜也實施暫停收費，但跟春節相比，清明連假「塞爆」，交通部這次反應慢半拍。
逢甲大學運輸與物流系副教授李克聰：「交通部沒有預測到，這麼嚴重塞車下，所以在事前的減量，跟相關的分流宣導上面，就是我們提出預警措施上面，沒有做得徹底跟完整。」
交通部長賀陳旦(4月4日)：「比我想像中久，因為我本來應該是1個半鐘頭，但現在大概花了2小時20分鐘。」
視察蘇花改，交通部長也很有感，塞車比預期嚴重，傳出交通部長卻說，如果是私人行程，他會跟家人事先規劃，改走替代路線，體驗蘇花山海的美景，這番話又引起爭議。
高公局科長蔡明哲：「昨天因為車流量比較集中，而且昨天的車禍事故，是比平常跟去年同期增加快2倍。」
不只車禍事故釀成塞車加劇，高公局強調，7個地雷路段，包括上午湖口到新竹，彰化到鹽埔，鶯歌到關西等等，傍晚開始西螺至鹽埔、頭城至坪林盡量避開。因為預計6日開始，收假時還會再塞，尤其7日會達到塞車尖峰。
最HOT話題在這！想跟上時事，快點我加入TVBS新聞LINE好友！",2018/04/05 13:54
https://news.tvbs.com.tw/local/896034,艱辛！他換7次交通工具　花10小時才回台東快崩潰,"返鄉路途好艱辛！清明節連假第一天，國道多處湧現大量車潮，蘇花改更是塞爆，整條道路淪為「停車場」，使回花東的民眾進退兩難，返鄉路嚴重「卡關」，有民眾抱怨清晨5點半就從台北出發，途中不同的大眾運輸工具竟換了高達7次、總共花了10小時才回到台東，讓民眾直呼是「後山的悲哀」。
根據《聯合報》報導，今天宜蘭北有國5雪隧塞車、南有蘇花改回堵塞爆，不少開車回花東的民眾，都抱怨比平常多出1至2倍的行車時間，一名陳姓男子為避免碰上塞車潮，特別選擇搭乘大眾運輸工具，沒想到竟然也花了10個小時。
陳男表示由於買不到台北到台東的火車票，因此一家人清晨5點半就先搭公車到市府轉運站，再搭首都客運到宜蘭羅東，接著選擇搭區間車回宜蘭火車站，才買的到有座位的票，於是一行人到了宜蘭站後，又搭區間車到終點站花蓮。
從花蓮站下車後，緊接著再搭區間車南下到光復站，選擇搭普悠瑪到台東火車站，最後搭客運才回到家，這一路上的轉車、換交通工具，耗時高達10小時，陳男發現一路總共換了7次大眾運輸工具，計算後就是「公車+客運+區間+區間+區間+普悠瑪+客運」。
陳男事後無奈表示，花東火車票時常一票難求，開車也會塞爆，飛機票往返的價格，甚至跟搭廉航去日本差不多，因此只能選擇「無止盡的轉乘」，對此不少花東網友大嘆「花東人的悲哀」、「後山無言的抗議」、「竟然…被腳踏車超車…」、「大家都下車散步了」。
最HOT話題在這！想跟上時事，快點我加入TVBS新聞Line好友！",2018/04/04 23:43
https://news.tvbs.com.tw/local/895976,塞到被腳踏車超車　網友哀嚎：桃園到花蓮開10小時,"清明連假首日，因返鄉掃墓加上出遊車潮，國道整天就是塞塞塞！連蘇花改也不例外，從凌晨塞到傍晚，「蘇花公路即時路況」也在臉書貼出網友分享的行車時間，發現從桃園到花蓮竟然開了超過10小時。另有網友則說，今日塞車時竟被腳踏車超車，可見有多龜速！
今（4日）一早開始，新通車近2個月的蘇花改更是淪為「停車場」，塞車沒停過！直到傍晚18時左右才逐漸恢復成正常行車速度。而「蘇花公路即時路況」也在臉書PO文表示，交通部長賀陳旦曾說，行車壅塞時間，可以當做是來花蓮體驗縱谷，放慢速度，體驗當地文化、促進當地消費，是幫助地方經濟最好的方式。
同時詢問網友行車的狀況，結果網友紛紛回報，「桃園到花蓮開了10到11個多小時」、「凌晨4時半從桃園出發，下午2點才到花蓮家門口」、「早上6時半桃園出發，晚上快6時到花蓮市」；還有開車塞在車陣中的網友說「他竟然被腳踏車超車」。更直呼連假首日根本都在國道度過，痛苦之情溢於言表。
最HOT話題在這！想跟上時事，快點我加入TVBS新聞LINE好友！",2018/04/04 20:58
https://news.tvbs.com.tw/life/895931,好塞！蘇花改車流回堵　10分鐘車程開1小時,"民眾清明連假走蘇花改到花東卻遇上大回堵！從國五蘇澳端到蘇花改入口，原本10分鐘車程得走上將近一小時，原來是駕駛下交流道後全往蘇花改方向走，而蘇花改也只有一個車道難以消化車流，所以蘇花公路造成市區塞車的噩夢沒了，但也出現另外一項塞車問題。
車輛龜速前進，放眼望去有如大型停車場，民眾想走蘇花改到花東，原本10分鐘的車程卻得開上將近1小時。
民眾：「我剛才從交流道下來大概半小時而已，以前是不用那麼久。」
車流從蘇花改入口一直回堵到國五蘇澳端，難道蘇花分流破功了嗎？過去民眾走蘇花高，兩條路一是濱海公路、二是直接穿過舊市區，造成蘇澳鎮裡擠滿車，這回春假市區不塞反而民眾搶走蘇花改，而只有一個車道的情況就造成回堵。
蘇花改交控中心主任陳國政：「因為高速公路蘇澳交流道，70%的量都往蘇花改這邊。」
民眾：「以為沒人會來花蓮，沒想到這麼塞。」
蘇花改2月通車，但因為花蓮發生大地震，春節民眾前往花東意願較低，這回清明連假則有5天，比往年假期還要長。
蘇花改交控中心主任陳國政：「往年的話大概會是，這樣的假期其中會1個小時，車流量超過9百，今年的話到目前為止，這麼長的時間車流量都超過9百，兩邊的量路口只有到8百，超過8百的話就會有回堵的狀況。」
車潮出乎意料在清晨就出現，主要是因為民眾提早出門避開高乘載管制時間，而這次除了掃墓不少人趁連假出遊玩，形成複合式運輸、車潮多加上氣象局預報連假前3天天氣好，民眾當然得把握。
公路總局預估，5日上午蘇花改恐怕還是塞，蘇花公路相對順暢，民眾可以考慮走替代道路通行，避免塞在車陣中壞了出遊興致。
最HOT話題在這！想跟上時事，快點我加入TVBS新聞LINE好友！",2018/04/04 20:02
https://news.tvbs.com.tw/life/895778,抓商機！觀光工廠結盟推門票「互惠」　能吃能玩,"5天連假正式開跑，受到地震影響的花蓮這回終於揮別陰霾人潮湧現，另外宜蘭觀光工廠看準蘇花改帶來的車潮，特地和其他業者結盟，要吸引遊客停留體驗。
春假第一天到處都是人潮、車潮，蘇花改碰上5天連假的考驗，就有商家瞄準商機，推出活動要吸引遊客進門走走。
小朋友的可愛頭像怎麼會在牆上游來游去，化身超萌潛水夫走進海底世界，伴隨魚群中大光景打在地上讓小朋友互動，坐在上頭，光景放身上拍照帶回家！
蘇澳這家觀光工廠，除了能讓大小朋友體驗互動，還推出聯合活動，門票除了入場還能在附近的合作店家拿到折扣，甚至摸彩抽大獎。
往南繼續塞，有了最長春假再搭政府的3355計畫，花蓮揮別地震陰霾人潮終於來。
花蓮站長林德香：「這幾天的訂票都是額滿，返鄉回來的旅客也幾乎班班都是客滿。」
馬路到鐵路火力全開，就是要把遊客全送往花蓮，也讓住宿率直線攀升。
飯店總經理唐玉書：「大概從3月底開始整個觀光產業都已經陸續回升，5天的連續假期，我們的房間都是超過9成以上的住房率。」
連假開跑花蓮光是海洋公園單日湧入上萬名遊客，其他景點、名產小吃人潮也不少，民眾一路由北玩到南，東台灣觀光持續回溫。
最HOT話題在這！想跟上時事，快點我加入TVBS新聞LINE好友！",2018/04/04 15:28
https://news.tvbs.com.tw/life/889779,喀嚓！蘇花改測照桿　月開500萬超速罰單,"蘇花改限速60公里，民眾可別開過頭！當初蘇花改東澳隧道通車前花420萬元在一南一北設置兩座測照桿，但宜蘭警方統計，光是2月就總共開出了3289張超速罰單，為縣府進帳500萬元，等於不到1個月就回本，甚至開罰數還比宜蘭縣其他25支照相桿還多。
車子一輛一輛開進蘇花改隧道內，大貨車、遊覽車進不來，少了大車干擾竟然成了超速熱區；別忘了，蘇花改可是省道，限速只有60公里，但不少駕駛卻把蘇花改當成國道開。
光是2月，通車不滿1個月，東澳隧道兩座測照桿北上就拍下1301件超速，南下更有1988件違規，總計3289件，為縣府賺進500多萬元。把宜蘭縣其他25座固定式測速照相桿業績拿來比一比，2月超速違規開罰總計2627件，東澳隧道一南一北2座完勝。
宜蘭縣交通隊副隊長陳文李表示，因為路段剛通車，屬於封閉型的道路，駕駛人往往不知不覺中就會踩油門加快速度。
誰也沒想到，通車前花了420萬設置的這2座測照桿，要提醒駕駛別超速，但才通車24天就回本，駕駛朋友如果不想跟荷包過不去，那就照限速開吧！
最HOT話題在這！想跟上時事，快點我加入TVBS新聞LINE好友！",2018/03/25 12:06
https://news.tvbs.com.tw/life/889735,快訊／抓超速！蘇澳到東澳段3289件違規　罰款共百萬,"蘇花改蘇澳至東澳段花了420萬建置經費，設置2座固定式測速照相桿，實施以來，2月共拍到3289件超速違規，為宜蘭縣庫帶來近5百萬收入，警方提醒，蘇花改最高限速60公里，駕駛還得多多留意。
最HOT話題在這！想跟上時事，快點我加入TVBS新聞LINE好友！",2018/03/25 09:22
https://news.tvbs.com.tw/politics/884350,蘇花改提前開放大客車？　交長：不宜,"民進黨立法委員鄭寶清今天在立法院交通委員會呼籲交通部，考量花蓮震災後提振觀光，提前讓蘇花改開放大客車通行，交通部長賀陳旦說，不宜以公眾生命做實驗，提前開放。
賀陳旦今天應邀到立法院交通委員會，報告「花蓮0206震災後觀光振興政策」。
鄭寶清說，交通部鼓勵民眾不要開車，多搭大眾運輸，但現在蘇花改只讓小汽車通行，做法和政策相反，花蓮強震後要提振觀光，蘇花改應提前開放讓大客車通行，他建議4月就先試行。
賀陳旦表示，有長隧道的道路，用路人與道路管理人，對混合車流都需要時間適應，大客車承載人數多，在安全前提下，不能拿公眾生命做實驗，蘇花改不宜提前試行開放大客車。
賀陳旦說，蘇花改蘇澳到東澳，2月5日先開放小汽車通行，對環評的承諾就是開放小汽車通行後，3至6個月評估開放大客車通行，過去八卦山隧道和雪山隧道的做法也一樣，交通部會努力以3個月為目標。
民進黨立委李昆澤認同賀陳旦的立場，李昆澤說，安全一定要把持，雪隧是在開放小客車通行一年半後，大客車才通行，民眾雖心急，但交通是逐步檢討開放。（中央社）
最HOT話題在這！想跟上時事，快點我加入TVBS新聞LINE好友！",2018/03/15 11:22
https://news.tvbs.com.tw/local/878452,罰不怕！蘇花改1日起祭新法　罰款+記點,"蘇花改通車1個月違規案件將近300件，駕駛罰不怕，公路總局3月1日祭出新規定，除了罰款900至1800元之外還要記點1次，半年內記點達6次，駕照會被吊扣1個月，警方全面控管要降低違規。
有一輛遊覽車深夜在蘇花改呼嘯而過，警方立刻鳴笛，要司機馬上停車；不只遊覽車硬闖，重型機車騎士也把蘇花改當成捷徑。蘇花改通車1個月，光是2月份累計違規案件有285件，其中以普通重機115件最多，而3月光是前3天就有11件闖入，騎士罰不怕，公路總局3月1日祭出新規定。
依據《道路交通處罰條例》，違規開上蘇花改的車輛除了罰款900到1800元外，還要記點1次，若是半年內記點達到6次，駕照會被吊扣1個月。有遊覽車駕駛就覺得罰太重，勸導即可；也有機車騎士認為只要遵守就好，但也希望政府清楚地說明為何機車不能的考量。
司機說罰太重，但有人說安全最重要，只是控管上的漏洞讓違規案件一件接一件，蘇澳交通組長林俊宇就表示，是為了避免有僥倖心態，所以在執法上才採較重的處罰。
祭出重罰，就是要駕駛人別再違規，警方除了在出入口進行管控外，也將透過監視器進行開罰，降低違規擅闖的數字。
最HOT話題在這！想跟上時事，快點我加入TVBS新聞LINE好友！",2018/03/05 12:20
https://news.tvbs.com.tw/local/878164,新規定！別以為罰錢了事　再闖蘇花改恐遭「吊照」,"蘇花改上個月5日開放通車，至今有近30件遊覽車誤闖，甚至傳出有遊覽車的遊客每人出20元，籌錢分攤罰款「揪團」擅闖蘇花改；但此舉觸法，依法可處新台幣900元至1800元罰鍰。且從3月開始，違規車輛還會被記點處分，半年內記點超過6點以上，將會吊扣駕駛執照1個月。
蘇花改蘇澳至東澳段限制部分車輛通行，除目前開放的小型車外，大貨車、大客車、機車一律禁止行駛。因此，爆發不少重機騎士為爭取路權，違規硬闖警方管制線，遭警方開單取締。
而公路總局加緊手腳，已於3月1日開始，發布限制小型車外通行禁令，除闖入車輛依法開罰900至1800元，還將採取駕駛人違規記點處分，半年內記點達6點以上，將吊扣駕駛執照1個月。
而蘇澳警方截至目前已在蘇花改攔查4部大型重機、1部普通重機，全依新命令開罰並違規記點。警方也呼籲民眾勿以身試法，行駛未開放路段。
最HOT話題在這！想跟上時事，快點我加入TVBS新聞LINE好友！",2018/03/04 16:45
https://news.tvbs.com.tw/local/872729,扯！遊覽車硬闖蘇花改　乘客幫「出20元」代繳罰款,"蘇花改的蘇澳到東澳段5日通車後，目前只開放小型車通行，大型車與機車都不能進入。但沒想到！過年連假卻有遊覽車司機詢問乘客「要不要走蘇花改」？不少乘客竟同意每人幫忙出20元，籌錢代繳罰款，讓司機可以硬闖蘇花改，嚴重的違規行為，讓人十分傻眼！
蘇花改「蘇澳到東澳段」通車，行車時間大幅縮短20分鐘。但根據交控中心統計，蘇花改通車至今已有20多輛遊覽車硬闖，遭開單處罰，且多在春節這幾天。
據《聯合新聞網》報導，過年出遊走春，傳出有不少遊覽車司機會問乘客，要不要走蘇花改？因為不僅可節省時間，還免暈車，讓許多乘客躍躍欲試想嘗鮮，雖然要冒著被開罰900到1800元罰款的風險，但換算下來，只要車上每人出資約20元「籌資代繳罰款」，便能偷跑上路。
對此，蘇花改交控中心擔心更多司機效仿，研擬將建請交通部把蘇花改變更為專用道路，藉此提高罰款2000至3000元。
最HOT話題在這！想跟上時事，快點我加入TVBS新聞LINE好友！",2018/02/21 17:39
https://news.tvbs.com.tw/life/872154,遊客緊來！觀光局將補貼　遊花每人每晚500元,"觀光局將補貼遊花蓮每人每晚500元！強震重創花蓮觀光業，春節期間遊客比起過去少了許多，為了要重新站起來，縣長傅崐萁向中央喊話，希望能夠發放消費券，鼓勵民眾多到花蓮；而中央終於有回應，行政院將提供貸款信用保證金和旅遊補助，每個人前往花蓮觀光就補助500元等方案，共計6050萬元振興花蓮觀光。
花蓮小籠包名店同樣是忙手忙腳，但比起過去，今年的客人幾乎都是返鄉的民眾，少了過去大排長龍的景象，海洋公園員工站門口拿著可愛吉祥物攬客，但觀光人潮卻門口羅雀。
花蓮縣長傅崐萁指出，這次農曆春節花蓮整體觀光非常蕭條，尤其蘇花改通車以後完全沒有塞車的訊息。觀光局為了鼓勵大家到花蓮玩，決定投入6050萬要振興花蓮觀光，其中以團客來講，每人每日住宿就可以補助500元，交通的租車費更是能省下一半，而自由行的民眾只要是3人以上出發，住宿3天2夜，每人也能補助500元，未來將可向觀光局或是旅行社提出確認申請。
傅崐萁建議，遊客拿著消費憑單，可以再向國家領一次消費券，他認為這樣子對花東復甦會有立即成效。
而花蓮雲門翠堤大樓也在19日晚上10點正式拆除夷平，但針對這回地震的受災戶，補助方案正式出爐，中央將編列2.1億的預算，給民眾重建家園，但這樣的金額對比倒塌大樓，恐怕是有點不夠。如今從重建到觀光，花蓮上上下下努力行銷，就是希望揮別地震陰霾，吸引觀光客趕快來看好山好水。
最HOT話題在這！想跟上時事，快點我加入TVBS新聞LINE好友！",2018/02/20 13:11
https://news.tvbs.com.tw/life/871368,無關地震？蘇花改春節未塞　賀陳旦讚分流見效,"206大地震衝擊花蓮觀光，原本公路總局預估，往花蓮的春節車流量應該要比去年多，不過其實僅僅持平。因此交通部長賀陳旦，在視察交控中心所說「蘇澳地區沒塞車」，是分流做得好，專家則認為，其實是車流沒有預期的大，真的考驗恐怕還沒來。
交通部長賀陳旦初一現身蘇花改交控中心視察，看到蘇花改一路都暢通，樂開懷發出大紅包，慰勞值班人員辛勞。更稱讚「蘇花改疏運分流」大成功，蘇澳到東澳間沒堵車，鼓勵民眾走春多到花蓮去。
以往遇上春節，蘇澳市區卡到不行，引發當地區民困擾。現在啟動分流，分別從台9線、台2線引導到蘇花改入口。
交控中心人員緊盯螢幕，確實蘇澳市區沒堵車，但歷經206大地震，民眾前往人潮變少了。
民眾說，去花蓮比較危險，不希望打擾救災或整理的作業。
從數據來看，蘇花改能承受順暢上限是每小時1100輛，然而從除夕到初二，實際達到的時間點，只有初一清晨6到7點，車速最低35公里。原本預估通車後流量會往上衝，不過只跟往年差不多，日車流量1萬7左右。
四工處科長陳世昌說，交通的紓解有達到預期成效。
但逢甲大學運輸與物流系副教授李克聰則說，去花蓮的人潮比預期的來得少，因此沒有造成塞車。
畢竟蘇花改是東部居民盼了好久的路，更牽動著蘇澳民眾塞車與否的感受。過年假期宛如首次壓力測試，但受限地震因素，恐怕真正的考驗還沒到。
最HOT話題在這！想跟上時事，快點我加入TVBS新聞LINE好友！",2018/02/17 19:52
https://news.tvbs.com.tw/life/870494,蘇花改春運首日　交通大致順暢,"蘇花改蘇澳到東澳段日前通車，今天首次迎接春節運輸。公路總局第四區養護工程處表示，除清晨5時到7時蘇花改南下路段出現較多車流之外，之後交通大致順暢，沒有塞車。
公路總局第四區養護工程處交管中心主任陳國正向中央社記者說，蘇花改蘇澳到東澳南下路段在今天清晨5時到7時一度湧現車流，每小時約有1000輛次通行，時速只約30公里。
他表示，8時之後，蘇花改蘇澳到東澳南下路段就恢復正常通行，時速可到速限60公里，沒有塞車情況。
宜蘭縣警察局蘇澳警分局交通組長林俊宇說，去年蘇花改尚未通車時，許多用路人前往花蓮都必須行駛蘇花公路，造成塞車的車流回堵到蘇澳市區；今年有蘇花改之後，在警方疏導下，用路人改走其他道路，達成分流效果，因此今天蘇澳市區未見回堵情況。（中央社）
最HOT話題在這！想跟上時事，快點我加入TVBS新聞LINE好友！",2018/02/15 15:34
https://news.tvbs.com.tw/life/870469,蘇花改僅凌晨湧車潮　春節首日交通順暢,"春節連假第1天，蘇花改凌晨4點湧入第一批返鄉車潮，一度出現壅塞。不過根據統計，到10點為止，蘇澳東澳來回只有近7000輛車次，路口交通也都沒出現塞車現象，讓每年經過蘇澳必塞的民眾都覺得好驚訝。當地店家說除了因為道路分流舒緩車潮，可能也因為花蓮地震，導致到東部的遊客銳減。
蘇花改入口前道路，員警擺放三角錐，做起交通疏導，只看現場車流不多，交通狀況也穩定，看到沒塞車，開車民眾也驚呼。由於往年一到這時候，在東半部要南下的民眾如果開車，只能選擇走蘇花公路，容易在蘇澳造成回堵；而今年蘇花改通車，車輛被引導到蘇港路，分散車流，不只用路人驚呼，市區民眾也覺得跟以前差好多。
根據統計，蘇花改除了凌晨4點返鄉車流湧入，一度造成交通擁塞，到目前為止蘇花改還沒傳出塞車情況。今天(15日)上午蘇澳東澳來回只有近7000車次，部分原因可能是車流被引導到其他路線，以及花蓮地震的原因造成旅客減少。
春節連假第1天，目前已經湧入第一波返鄉車潮，是否能解決長期塞車問題，成為通車後第一道考驗。
最HOT話題在這！想跟上時事，快點我加入TVBS新聞LINE好友！",2018/02/15 14:41
https://news.tvbs.com.tw/life/870080,春節走蘇花改　預計15日凌晨4時湧車潮,"明日是春節連假首日。公路總局預估，明天凌晨4時到中午時段，蘇花改蘇澳到東澳南下路段將是車流高峰期，呼籲民眾出發前最好了解即時路況，避開尖峰車潮。
公路總局第四區養護工程處交管中心主任陳國正今天告訴中央社記者，蘇花改蘇澳到東澳段在2月5日通車，日前迎接通車首次周末假日時，車流還算順暢，沒有壅塞狀況。
他表示，過去在連續假期時，北部往花蓮的民眾一般都會在凌晨就從台北出發，預估蘇花改蘇澳到東澳南下路段將在明天春節連假首日凌晨4時起就出現車潮，直到中午。
此外，交管中心已與國5端設立窗口，將於雪山隧道就開始觀察車流，視情況啟動蘇花改南下路口前的交管措施。
至於在蘇花公路方面，陳國正表示，往年連假時，蘇花公路也都是凌晨4時起，就有大量南下車流，去年小年夜單日就有1萬5000輛次，今年受震災影響應會稍微減少，但預估車流同樣會在凌晨或清晨就湧現。
陳國正提醒，目前蘇花改僅開放小型車通行，其他車種仍必須行駛蘇花公路，呼籲用路人在年假若要前往花蓮之前，最好了解即時路況，避開尖峰車潮。（中央社）
最HOT話題在這！想跟上時事，快點我加入TVBS新聞LINE好友！",2018/02/14 15:04
https://news.tvbs.com.tw/local/867743,蘇花改通4天　27輛汽機車誤入遭罰,"蘇花改第一階段蘇澳至東澳，5日下午4時開放通車，初期只限小型車通行。交通部公路總局統計，到今天共有27輛汽機車違規誤入遭罰。
公路總局副局長許鉦漳今天在記者會中，說明蘇花改蘇澳至東澳通車後車流都正常，但仍有非小型車輛誤入被開罰，提醒用路人遵守車種管制規定。
公路總局統計，蘇花改從開放通車到今天，共有27輛汽機車違規誤入，包括：大客車、大貨車、重型機車各6輛，普通機車9輛。
依據交通管理處罰條例規定，誤闖車道罰新台幣900元至1800元，這次27輛違規誤入蘇花改車輛，除大型車罰1400元外，其他都罰900元。
許鉦漳說，宜蘭縣警察局已在蘇花改蘇澳至東澳兩處端點加強巡邏並取締，提醒民眾配合相關管制，以免受罰。
公路總局觀察，蘇花改目前車流量並不多，開放以來最多的是6日，當天南下及北上各約2500輛，而蘇花改蘇澳到東澳設計服務容量，每小時通過車流約1200至1300輛。
許鉦漳說，因春節假期即將到來，預期蘇花改會吸引較多民眾來體驗，可能有大量車潮進入，公路總局也在蘇澳規劃分流疏導動線。
根據公路總局的疏導規劃，從國5到蘇花改路口，可在下了蘇澳交流道後，沿馬賽路、台9線中山路、蘇港路進蘇花改；從蘇花改到國5，從台9線蘇港路沿台2戊聖愛路、海山西路到國5蘇澳交流道。
如果從國5要去南方澳，下了蘇澳交流道後，沿馬賽路轉台2線蘇濱路、移山路，避開到蘇花改的車潮。（中央社）
最HOT話題在這！想跟上時事，快點我加入TVBS新聞LINE好友！",2018/02/09 18:01
https://news.tvbs.com.tw/life/865788,快訊／蘇花公路、蘇花改部分通車　台9持續封閉,"公路最新消息，蘇花公路包含蘇花改A段，蘇澳至中和段1點35分開放通行，其他的路段還在以全力搶通，另外中橫大禹嶺至太魯閣，以及台11縣花蓮大橋北端還是封閉。
最HOT話題在這！想跟上時事，快點我加入TVBS新聞LINE好友！",2018/02/07 02:48
https://news.tvbs.com.tw/life/864950,蘇花改東澳段通車　重機族硬闖爭路權,"蘇花改蘇澳至東澳段今天通車，初期只開放小客車通行，許多重機騎士為爭取路權，違規硬闖警方管制線，遭警方開單取締。
經5年多的施工，蘇澳鎮長陳金麟、公路總局第四養護工程處代理處長陳營富，下午4時在蘇花改蘇澳隧道前拿開管制橫桿，正式宣告蘇花改蘇澳到東澳段通車；在東澳端方面，由南澳鄉長薛秋花同步宣布通車，台灣東部交通邁入新里程碑。
來自新北中和的駕駛陳雲清在下午1時就於蘇花改蘇澳隧道前等待，順利搶得頭香，成為正式通車後蘇澳端第1名用路人。
東澳段通車後，蘇澳到東澳的交通只約10分鐘就可到達，比過去省20分鐘，吸引不少用路人嚐鮮體驗。
但約有20多名重機騎士因不滿蘇花改沒有開放機車通行，在開放通車後約20分鐘聚集在蘇澳隧道前，打算闖入隧道，警方動員以手拉手方式攔截。
重機騎士們說，官員口口聲聲說為了他們的安全，卻要他們走更危險蘇花公路，所以要用行動表達不滿。
蘇澳警分局長陳瑞基受訪時說，警方在蘇澳隧道口針對19名不服從交通指揮的重機騎士，還有7名沒有依照號誌指示，闖入蘇花改的騎士，全數依道路交通管理處罰條例，開出新台幣900元以上、1800元以下罰單；警方日後將與公路總局監視系統配合，加強機動取締違法進入蘇花改的重機騎士。（中央社）
最HOT話題在這！想跟上時事，快點我加入TVBS新聞Line好友！",2018/02/05 21:43
https://news.tvbs.com.tw/life/864911,蘇花改「新路」不經「市區」　挑戰名店魅力,"蘇花改通車後雖然方便，卻也讓當地店家開始擔心生意會受到影響！因為過去幾10年來上蘇花公路前，駕駛都得先經過市區道路，就有不少人是因此停留買東西的，現在走堤外道路銜接蘇花改，恐怕少了些路過商機。
蒸籠一打開，滿滿肉圓剛出爐，蒸氣直往上竄看起來多汁美味。蘇澳市區內的店家門口總停上幾輛車，休息一下準備上蘇花公路，除了小吃還有知名吐司店烘焙坊，以往用路人看準經過方便買，有名美味就帶幾個走，現在蘇花改通了，沒了過路優勢，往花蓮的道路方向不一樣，就怕生意受影響。
不過還是有蘇澳的店家一點也不擔心，表示如果反應很好，客人還是會回來這邊買，但另一派店家還是認為會影響到生意，他們說像連休3天假期，這邊都會塞車，但塞車人潮並沒有停留。
怕連路過的人都沒了，店家反應兩極，畢竟蘇花十幾年來不曾變過，上山路前都會先經過中山路，現在多了蘇花改，用路人變從台2線出來後，直接銜接蘇港路就能往花蓮，甚至現在又多了蘇澳服務區，完全解決過去民眾往市區擠的理由，難停車、找廁所的狀況也全都解決。
雖然有了蘇花改後行車方便許多，但還是有特地進入市區的民眾，他們說因為小吃多，對店家的信心還是打了100分。蘇花改喊了好久終於通車，看著四處都是車流的狀況，也讓店家少了點擔心生意會受到影響。
最HOT話題在這！想跟上時事，快點我加入TVBS新聞LINE好友！",2018/02/05 19:41
https://news.tvbs.com.tw/life/864738,蘇花若遇災　機車族可有條件行駛蘇花改,"蘇花改蘇澳至東澳段今天通車，初期只開放小客車通行。交通部公路總局表示，未來若蘇花公路蘇澳到東澳段發生災害超過4個小時，機車族可改行駛蘇花改，但必須集中管制放行。
蘇花改蘇澳至東澳段下午4時起正式通車，交通部上午先在東澳隧道舉辦通車典禮，總統蔡英文、交通部長賀陳旦等貴賓受邀參加。
因目前蘇花改蘇澳至東澳段僅開放小客車通行，之後半年至一年內再視情況先後開放大客車與大貨車行駛。為爭取同樣有條安全道路的路權，台灣機車路權促進會上午號召重機騎士在蘇澳市區集結，抗議機車無法行駛蘇花改，高喊「我們都需要安全回家的路」，抗議過程平和沒有發生衝突，警方到場蒐證並維持秩序。
台灣機車路權促進會執行長林詠軒受訪時說，政府一直強調，蘇花改是條安全道路，但卻不讓「肉包鐵」的機車族行駛，這對機車族的權益非常不公平。像是昨天一連好幾次地震，造成蘇花公路落石坍方，為什麼要他們繼續行駛這條危險的蘇花公路？
他表示，他們知道今天通車典禮是一場喜事，所以他們不是來鬧場，只希望在會場外表達訴求，獲得政府正面回應。
交通部公路總局說明，蘇花改蘇澳到東澳段隧道內的空氣品質、噪音、溫度對機車族具身心理負面影響，並有不確定性的行車安全顧慮及管理風險，因此暫時不開放機車通行。
「重點不是縮短往返的時間或是截彎取直，重點是希望現代工程避開以往最有安全顧慮的段落。」賀陳旦在通車典禮時說，蘇花公路蘇澳到東澳段是落石與交通事故最多的路段，這也是蘇花改蘇澳到東澳段無論如何也要趕快通車的原因，目的就是確保用路人不必要的傷亡。
他也說，日後若蘇花公路蘇澳到東澳段發生嚴重的災害事故，蘇花改蘇澳至東澳段可成替換方案的道路，交通部相關單位已有相關配套措施。
對於賀陳旦說法，公路總局第四養護工程處代理處長陳營富告訴中央社記者，一旦蘇花公路蘇澳到東澳段在近半年到一年內發生災害阻斷等事故達4個小時以上時，蘇花改蘇澳至東澳段將成為替代疏導道路，也就是說，屆時公路總局將公布相關時段，讓機車族通行，但必須集中管制放行；大客車及大貨車初期管制的車種必須先經間隔管制放行或過磅放行；騎乘腳踏車者必須改搭鐵路運輸。
陳營富表示，以後若蘇花改蘇澳到東澳段都開放大客車及大貨車後，機車族若再遇蘇花公路阻斷，也是一樣可以有條件行駛蘇花改。（中央社）
最HOT話題在這！想跟上時事，快點我加入TVBS新聞LINE好友！",2018/02/05 15:39
https://news.tvbs.com.tw/life/864693,蓋5年！蘇花改蘇澳-東澳段　下午4點通車,"蘇花改蘇澳到東澳段今天(5日)下午4點將要正式通車，除了能節省行駛時間外，安全比起原先的蘇花公路也大大提升，尤其這幾天下雨又地震，蘇花公路落石不斷，現在新路開通，也讓台北往返花蓮的距離又縮短了一些。
蘇花改蘇澳到東澳路段正式完工，將在5日下午4點開放通車！從只有水泥的空隧道，一步步灌漿鋪路，到5年後終於能正式啟用。
工程人員最後檢視，要讓道路安全滴水不漏，長長一條路取代原本蜿蜒的蘇花山路，行程時間能省下至少20分鐘，更因此讓台9線縮水20公里，讓出全台最長省道的寶座，除了方便安全也大大增加，尤其這幾天降雨，加上4日晚上花東地區連續地震好幾回，上路不用再擔心落石或是回家路又中斷。
蘇花改再來還得面臨農曆的車潮挑戰，往返花蓮的民眾過去第一關就先塞在蘇澳蘇東路，而蘇花改的入口和舊的公路口都在蘇港路上，相差才1公里左右，最長塞車的市區路段重疊了，還是得有新的疏導方式，否則這截彎取直省下的20分鐘全都在這先浪費掉。
最HOT話題在這！想跟上時事，快點我加入TVBS新聞LINE好友！",2018/02/05 15:03
https://news.tvbs.com.tw/politics/864622,蘇花改東澳段通車　總統：持續改善東部交通,"蘇花公路改善工程蘇澳至東澳段今天通車。總統蔡英文上午前往主持通車典禮時說，蘇花改最艱難路段已克服，期許施工團隊繼續努力完成其他路段，政府也將持續改善東部交通。
蘇花改工程分蘇澳至東澳、南澳至和平及和中至大清水等三個路段。其中，全長約9.7公里、歷經5年多施工的蘇澳至東澳段，今天下午4時開放通車。
蔡總統上午前往蘇花改東澳隧道內主持通車典禮時說，她首先要感謝施工團隊的努力，今天的通車只是一個開始，改善宜蘭、花蓮與台東的交通是政府不變的使命。
她說，過去外界對蘇花改的種種意見，相信行政院會審慎評估，做為後續施政參考，但要提別提出的是，蘇花改蘇澳到東澳段是蘇花改工程中最困難路段，要在地質複雜、湧水豐富的路段，開鑿出許多隧道真是不簡單。
此外，施工團隊過去還遇到生態保育、漢本遺址搶救的挑戰，不只考驗工程技術，還考驗政府對環境與文化資產保存的努力，所以交通部與施政團隊真是突破萬難，完成使命。
她說，改善東部交通要靠實實在在、一步一腳印的準備，不只蘇花改後續工程，交通部也正在全面改善東部運輸。在公路方面，將加速推動省道台2線、台9線與台11線的改善計畫；鐵路方面，東部幹線的雙軌化、各地車站改善工程都在持續進行中，更重要是鐵公路之間的轉乘設施及公共運輸強化也要請交通部優先關注。
蔡總統說，蘇花改最艱難路段已經完成，東部交通會越來愈安全與便利，這就是區域平衡的實現。昨晚連續地震造成蘇花公路落石，短暫影響交通，感謝公路總局及時排除障礙，恢復交通。
蔡總統強調，蘇花改施工團隊背負東部民眾希望安全便利回家的深切期許，今天蘇澳到東澳的通車只是一個開始，後面還有很多挑戰，期許施工團隊繼續努力，達到全線通車目標。（中央社）
最HOT話題在這！想跟上時事，快點我加入TVBS新聞LINE好友！",2018/02/05 12:55
https://news.tvbs.com.tw/life/863593,因應春節連假　蘇花改智慧系統來監控,"春節假期即將到來，如果有準備要去體驗即將開通的蘇花改，可能很擔心會碰上大塞車，現在為了因應連假車潮，負責蘇花改的行控中心引進了全台省道第一個智慧化監控系統，希望能夠即時掌控車況，提升交通順暢度。
鳴笛聲響，跑者魚貫而入，眾所期待的蘇花改在5日通車前先讓民眾以路跑方式搶先體驗，總長38.8公里，總計8座隧道和一座橋樑以及5.8公里的平面道路，盡量截彎取直的工程希望能夠改善現有交通。
隨著蘇花改即將開通以及春節假期即將來臨，很多人都關心到底會不會塞車。這是全台省道第一個智慧監控的系統就是針對東澳隧道裡頭架設的攝影機，即時回傳回來的行車路況。
整個蘇花改有上百個監視器隨時回傳畫面，並針對畫面即時進行判讀，像是有車輛停在隧道中超過5秒就會立刻秀出。智慧監控讓處理流程更快速，目前行控中心有7位同仁緊盯車況，再搭配上現場的救援硬體。
火災發生現場立刻灑水救援，在隧道口也都配有24小時駐點的救援小組。
視車流狀況廣播提醒，一般來說蘇花改平日車流是一天6000輛，預估連假高峰期可能會暴增到15000輛。公路總局第四區交管中心主任陳國正表示，每個路口、每個路段都有車輛偵測器，車輛偵測器它只會顯示車輛是多少、車速是多少，這些數量就會趕快回饋到號誌控制或是對外的訊息宣布。
但整個蘇花改最大的挑戰恐怕會落在一個T字型的路口，再來這整個路段有8個彎道以及南澳車站會有一個鐵軌的挑戰，不過這些東西現在都已經經過了一些工程來進行改善，尤其南澳車站有鐵路平交道，1小時內車輛通行時間不到一半。陳國正表示，今年已經完成東澳到南澳段，完成了8次的彎道改善，那今年在10月1日完成南澳車站的高架化，所以這個平交道的問題已經解決。
做足準備、迎接春節，但行控中心坦言，民眾出門前建議先看看路況，如果車流量一小時1100輛車速將只剩50公里，如果達到1500輛將一口氣降到只剩30公里，再多措施也難以防範。陳國正表示，我們跟高公局有相關的管道直接跟民眾做宣布，蘇花公路車流太高，讓用路人有心理準備來這邊速度會減緩，可以做一些行程的調整。
搶通蘇花改迎接農曆年，在車潮湧入前，應對措施已經上緊發條。
最HOT話題在這！想跟上時事，快點我加入TVBS新聞LINE好友！",2018/02/02 23:25
https://news.tvbs.com.tw/politics/863307,蘇花改蘇澳至東澳段　5日下午4時通車,"交通部公路總局蘇花公路改善工程處今天發布新聞稿指出，歷經5年多施工，蘇花改蘇澳至東澳段將於5日下午4時開放通車，提供民眾一條安全、可靠的聯外道路。
蘇花改工程處表示，「台9線蘇花公路山區路段改善計畫」區分蘇澳至東澳、南澳至和平及和中至大清水等3個路段執行，第一優先為蘇澳至東澳段，計畫全長約9.7公里，自民國101年9月開工以來，歷經5年多施工，期間東澳隧道遭遇多重不良環境險阻，在施工團隊全力挹注資源努力下，終於排除萬難完工。
蘇花改工程處指出，交通部在1月23日辦理第3階段通車勘驗後，公路總局已改善相關缺失，經勘驗委員確認後已函報交通部同意備查，蘇澳至東澳段將在2月5日下午4時正式開放通車。
蘇花改工程處表示，蘇澳至東澳第一優先路段公路總局已按期程完成，至於南澳至和平及和中至大清水路段則正在施工，過程中雖遭遇地質抽坍、湧水等考驗，在公路總局施工團隊努力下，目前工程進度符合預期，將朝明年底通車目標邁進。（中央社）
最HOT話題在這！想跟上時事，快點我加入TVBS新聞LINE好友！",2018/02/02 13:27
https://news.tvbs.com.tw/life/863206,拍板！蘇花改蘇澳-東澳2/5通車　車程剩10分鐘,"蘇花改蘇澳到東澳段將在農曆年前通車，交通部公路總局今宣布，台9線蘇花改蘇澳東澳段預訂於107年2月5日下午4時開放通車，將原本30分鐘車程縮短為10分鐘。
交通部於107年1月23日辦理第3階段通車勘驗後，相關勘驗缺失公路總局均已改善完成並經勘驗委員確認後已函報交通部同意備查，訂於107年2月5日下午4時開放通車，提供一條安全、可靠的聯外道路與抗災性維生幹道。
最HOT話題在這！想跟上時事，快點我加入TVBS新聞LINE好友！",2018/02/02 11:25
https://news.tvbs.com.tw/life/862020,蘇花公路改善　東澳段可望春節前通車,"蘇花改第1階段蘇澳至東澳段預期在春節前通車，蘇花改工程處長邵厚潔今天說，目標是2月5日通車，待缺失改善複驗完成後，由中央宣布確定通車時間。
公路總局今天舉行花蓮地區春節疏運記者會，由交通部公路總局第4區養護工程處代理處長陳營富、蘇花公路改善工程處長邵厚潔、公路總局台北區監理所長王在莒分別說明相關規劃與注意事項。
花蓮民眾關心的蘇花公路改善工程已於1月26、28日開放蘇澳鎮及南澳鄉民眾體驗，外傳預訂2月5日通車，邵厚潔說，蘇花改第1階段蘇澳至東澳段朝2月5日為通車目標，但目前不能說已經決定2月5日通車。
陳營富表示，因應蘇花改東澳段將通車，希望能提早開放讓民眾習慣，至於蘇花改是否有2期計畫屬政策面，執行單位將進行策略評估，結果預計2月底出爐。（中央社）
最HOT話題在這！想跟上時事，快點我加入TVBS新聞LINE好友！",2018/01/31 15:01
https://news.tvbs.com.tw/life/861397,快訊／蘇花改今完成缺失改善　目標2月5日通車,"蘇花公路改善工程究竟什麼時候通車，民眾都很期待，今天(30日)公路總局表示，蘇澳到東澳段已經在1月24日完成履勘，缺失改善也將在今天結束，之後報請交通部來核定通車的時程，目前把目標放在2月5日通車，但一切仍要交由上級單位來做最後決定。
最HOT話題在這！想跟上時事，快點我加入TVBS新聞LINE好友！",2018/01/30 15:13
https://news.tvbs.com.tw/life/860293,蘇花改「體驗」民眾喊讚　隧道明亮、舒適,"蘇花改蘇澳到東澳段將在農曆年前通車，將原本30分鐘車程縮短為10分鐘，不過蘇澳居民沒有連接國五，龐大車流會全湧進蘇澳，再加上隧道東澳端的車速從60降到40，擔心會有灌香腸效應，尤其過年期間返鄉車潮多，車流回堵恐怕會更嚴重。
民眾首度走進蘇花改隧道裡，覺得很新鮮，就連逃生指示的標誌也要一起拍張照留著做紀念，試乘體驗民眾說隧道很寬敞、很舒適、光線很明亮。蘇花改蘇澳到東澳段預計農曆年前將通車，可以將原來30分鐘的車程縮短為10分鐘。
民眾對於蘇花改通車的期待有多高？有民眾以為已經正式通車，想走蘇花改，員警這幾天都要擋下好幾輛車，但蘇澳居民擔心蘇花改沒有連結國五，通車後車流都要湧進蘇澳，加上東澳端隧道出口車速從60降到40，灌香腸效應恐怕讓車流回堵比想像中更嚴重。警方說，必要時將採取分批分段通行，疏導台九線的車流；蘇澳分局交通分隊長李文平表示，至少會比之前的蘇花公路往花蓮方向有明顯的改善，把小型車和大型車分流，將用這種方式來疏導往花蓮的交通量。
架好測速照相機，要是車速超過60公里就會被開罰，千萬別和自己的荷包過不去！另外隧道內車距得保持50公尺，由於蘇花改屬於測試階段，只開放小客車行駛，也只能開在左側車道，右車道要保留讓消防車、救護車能緊急通行。為了觀察通車情形，蘇花改限制到不少，民眾想省時間上路前恐怕得再想一想。
最HOT話題在這！想跟上時事，快點我加入TVBS新聞LINE好友！",2018/01/28 17:52
https://news.tvbs.com.tw/life/859520,蘇花改東澳段搶先體驗　春節前可望通車,"蘇花改「蘇澳至東澳段」外傳將在2月5日通車，蘇花改工程處長邵厚潔表示，蘇澳到東澳段已於23日履勘完畢，缺失改善預計月底前完成，目標還是在春節前一周通車，詳細時間點將由交通部決定。
蘇花改「蘇澳至東澳段」即將通車，公路總局蘇花公路改善工程處今天及28日共舉辦8梯次體驗活動，今天共有4梯次，每梯次共60人，體驗的民眾搭乘中型巴士近距離感受蘇花改魅力。
不少民眾看見隧道內可愛人形圖樣搭配黃色燈泡，開心地拿起手機合照留念，有民眾說，「看到人形圖樣眼睛都亮了，雖然不知道以後會不會塞車，但只要看到人形圖樣應該心情都會很好。」
蘇澳鎮長陳金麟表示，蘇澳到東澳段通車後會帶來交通上的舒緩，而不是帶來塞車。蘇澳警分局交通組長林俊宇說，除建議民眾避開尖峰時段外，若遇到塞車可改走台9丁線。（中央社）
最HOT話題在這！想跟上時事，快點我加入TVBS新聞LINE好友！",2018/01/26 18:53
https://news.tvbs.com.tw/life/859324,搶先體驗蘇花改　民眾：「終於不用怕落石了！」,"蘇花改即將在農曆春節前通車，今天和28日開放8梯次供民眾體驗。不少人走一遭都豎起大拇指，稱讚道路平順而且省時又安全。唯一擔心的只有塞車問題。至於原先傳出2月5日將是通車日，今天相關單位澄清，表示日期還沒最後確認。但肯定的是第一階段只開放3.5噸以下的小型車通行，得等3到6個月後再逐步開放大客車，接著才會是大貨車。
蘇花改即將在農曆春節前通車，省時之外最重要是安全，尤其開進隧道不用再怕落石。蘇澳隧道走完接著經過白米高架橋，雖然細雨濛濛看不清周遭景色，但順暢度已經讓民眾豎起大拇指。原來26日和28日蘇花改特別舉辦8梯次民眾體驗活動讓大家搶先行，而緊接著是全長3.4公里的東澳隧道，讓民眾一度以為來到了雪隧，而且一樣也有逃生小綠人。
有駕駛表示和雪隧比的話，蘇澳隧道逃生口有做燈光顯示，但以駕駛的立場也擔心未來會塞車。不過原先傳出的2月5日開放日，又說得由上級長官決定。但無論何時通，要記得蘇花改一開始只有自小客車可以走。雖然是省道，卻比照雪隧一開始有4禁，禁行腳踏車、機車、大客車，另外大貨車更是不能上。
一開始先觀察通車情形，未來逐步開放，將意外發生可能性降到最低。
最HOT話題在這！想跟上時事，快點我加入TVBS新聞LINE好友！",2018/01/26 15:31
https://news.tvbs.com.tw/life/856551,蘇花改「四禁」　禁大客車、大貨車、機車、腳踏車,"農曆春節前，蘇花公路改善工程蘇澳到東澳段即將通車，但如今有民眾抗議，明明是省道怎麼規定這麼多？因為包括大客車、大貨車、機車及腳踏車全都不能走；交通部長賀陳旦表示，蘇花改比照雪隧分階段，也就是未來大客和大貨將逐步開放，至於長隧道不適合機車行駛，是屬於安全性的考量。
蘇花改工程處長紹厚潔表示通車之後要再辦路跑的機會很小，等到2月通車後人不能走也是當然，但現在有民眾抱怨指示牌限制太多。
原來蘇花改有四禁，禁行大貨車、大客車、更不用說機車跟機踏車，對此交通部長賀陳旦表示是跟雪隧一樣有階段性，剛開始都只開放小客車，一段時間以後開放大客車或者大貨車，在這裡隧道差不多都是超過3公里以上的長度，長隧道內如果發生事故不安全性較高。
賀陳旦強調限制機車進入是一種保護，但未來會不會開放沒把話說死，另外通車後倘若要上路，限速60公里、兩車間距50公尺，請民眾留意。
最HOT話題在這！想跟上時事，快點我加入TVBS新聞LINE好友！",2018/01/22 09:28
https://news.tvbs.com.tw/politics/856367,蘇花改快通了！「禁最多車」成奇觀　網轟：蓋幹嘛用？,"台9線蘇花公路山區路段改善計畫（蘇花改）蘇澳至東澳段，預計在2月農曆春節前通車，而車流順暢情況下，蘇澳到東澳行車時間約10分鐘，比過去的蘇花公路約可省20分鐘。
但卻有民眾發現，該段道路除了小客車外，包括大貨車、大客車、自行車、機車與重機，皆不得行駛該路段，滿滿的禁行車輛標誌成奇觀，讓不少網友怒轟：「新蓋的蘇花大型停車場」、「建這條到底幹嘛用的？」
近日，「蘇花公路即時路況」粉絲專頁PO文表示，蘇花改禁載重車、禁大客車、禁自行車、禁普通重型機車、禁大型重型機車，「當初蘇花公路好危險，所以催生條安全的蘇花改出來，然後現在公路局告訴我蘇花改好危險，所以要我們回去走好安全的蘇花公路才正確，那我一開始要條比蘇花公路還危險的新路要做什麼？」
貼文一出，引發不少網友嘲諷「新蓋的蘇花大型停車場」、「機車要跟貨車一起抵抗落石」、「蓋一條限制這麼多的省道，有啥屁用？」、「三輪車、溜冰鞋、滑板、平衡車、徒步者皆可通行」、「到底是蓋來幹嘛的」。
而交通部長賀陳旦表示，通車初期僅限小型車通行，會再依情況開放大客車、大貨車，機車的部分，由於隧道長度皆超過3公里，考量安全與健康考量之下，因此暫不開放機車通行。
最HOT話題在這！想跟上時事，快點我加入TVBS新聞LINE好友！",2018/01/21 16:22
https://news.tvbs.com.tw/sports/856203,沒通車先「路跑」　6千人搶先體驗蘇花改,"為了慶祝蘇花改「蘇澳到東澳段」即將通車，今天(21日)一早舉辦了蘇花改路跑，吸引6千位民眾冒雨參加，因為能在蘇花改上路跑，恐怕只有一次機會。
一大早隧道口前擠滿大批民眾，雖然天空下著毛毛細雨，但還是不減他們的熱情，因為這裡不是一般道路，而是即將通車的蘇花改，不少人已經在原地暖身，隨著現場氣笛音四不斷響起，隊伍開始慢慢移動，往隧道入口跑進去，幫忙加油的民眾也在一旁替自己的朋友或家人大聲呼喊。
蘇花改馬拉松一早6點半正式開跑，車還沒通行先讓民眾槍先用腳體驗。能在這條路上跑，民眾都好興奮，因為還是頭一次在只有車子可以走的地方揮灑汗水。由於蘇花改，蘇澳到東澳段，預計將在過年前通車，開放後只能讓車輛通行，這號稱一輩子只有一次的比賽錯過就沒了，首波開放3500為名額當天就被搶光，主辦單位緊急加開，一共有6千多位民眾報名來體驗。
民眾邊跑邊欣賞環山美景，為的就是要來搶這一生一次的證書跟獎牌，而這次活動除了讓民眾用路跑感受蘇花改，也代表這條道路即將加入疏運，分擔車流量，帶來便利的交通。
最HOT話題在這！想跟上時事，快點我加入TVBS新聞LINE好友！",2018/01/21 12:39
https://news.tvbs.com.tw/life/853964,蘇花改2年後全通　最大挑戰長隧道工程,"蘇花改第一階段蘇澳到東澳預計農曆年前通車，這段路約只占蘇花改1/3。根據公路總局規劃，另外2/3的路段，可望在民國109年農曆年前啟用，最大挑戰是長隧道工程。
蘇花改是改善蘇花公路危險路段，由3個不相連路段組成，全長38.8公里，第一階段通車的是蘇澳到東澳9.7公里，另兩個仍在施工的路段包括南澳到和平20公里、和中到大清水9.1公里。
公路總局副局長許鉦漳說，蘇花改剩下約2/3的路段，預計民國108年底完工，109年農曆年前，也就是2年後通車。
許鉦漳表示，蘇花改共有8座隧道，將通車的蘇澳到東澳有3座，蘇澳到東澳路段完工後，還有5座隧道是未來工程的挑戰，尤其7.9公里的觀音隧道和4.7公里谷風隧道，以鼓音橋串連成12.6公里長隧道，僅次於國5雪山隧道，工程困難度很高。
觀音隧道和谷風隧道都是2016年貫通，前行政院長林全還在谷風隧道貫通典禮上開香檳慶祝，但去年10月因連續多日大雨，谷風隧道出現大坍方（工程界稱抽坍），施工機具遭埋，是蘇花改施工以來最嚴重一次。
許鉦漳說，進行隧道工程時，只能透過儀器監測，掌握地質破裂帶及地下水的情形，但無法做到百分之百，隧道內不知何時會發生抽坍，仍是蘇花改工程未來的挑戰，長隧道的挑戰更大。
除了工程難度高外，長隧道的機電、防災設施安全可靠度標準要求更高，需要的測試時間也更長。
許鉦漳說，蘇花改另兩個路段雖還要兩年才會通車，公路總局現在已開始規劃機電、通風、消防等設施，並將在南澳設交控中心，掌握蘇花改的交通動態。（中央社）
最HOT話題在這！想跟上時事，快點我加入TVBS新聞LINE好友！",2018/01/17 13:56
https://news.tvbs.com.tw/life/853968,國5不宜直連蘇花改　將延至台9線銜接,"蘇花改第一階段蘇澳到東澳即將通車，為避免車流造成蘇澳堵車，宜蘭曾提出盼蘇花改能與國5相連，交通部評估不妥，但國5延伸到台9線銜接蘇花改則可行，今年就會完成綜合規劃。
國5目前終點站在蘇澳，蘇花改起點也在蘇澳，但相距約3到4公里，宜蘭縣政府擔心蘇花改通車後，所有車流會集中到蘇澳，影響蘇澳市區交通，盼蘇花改能與國5相連。
交通部長賀陳旦受訪說，現在國5直接與蘇花改相連並不妥，因目前台北與宜蘭間利用國5的旅遊尖峰車流量太高，國5直接連蘇花改，未來車輛將長趨直入，回堵在長隧道很危險。
高公局副局長吳木富說，國5是雙向4車道，蘇花改是雙向兩車道，直接相連，蘇花改勢必無法直接承受來自國5的車流量。
不過，賀陳旦也不否認蘇花改的工程標準有成長空間，但他認為現在最重要的是幫宜蘭縣落實轉乘，讓旅遊小型車輛可分散減量，等大家逐漸適應後，將來再檢討國5與蘇花改相連的得失。
吳木富說，高公局評估國道5號從蘇澳延伸到台9線，再經由台9線到蘇花改則可行，行政院去年已核定可行性研究，目前正進行綜合規劃。
根據高公局初步規劃，以興建匝道方式將國5延伸到台9線，距離約1至2公里，未來車輛下了交流道，沿台9線直接行駛約3公里，就可接到蘇花改，分散國5及蘇花改進出蘇澳的車流。
國5延伸至台9線經費，包括用地取得及興建，估計需新台幣20億元，高公局盼趕在今年完成綜合規劃，但因還要做環評，且建設計畫核定後還有用地徵收問題，施工期約3年，目前未確定何時通車。（中央社）
最HOT話題在這！想跟上時事，快點我加入TVBS新聞LINE好友！",2018/01/17 13:56
https://news.tvbs.com.tw/life/853957,蘇花改第一階段通車　東澳到南澳恐塞車,"蘇花改蘇澳到東澳段即將通車。地方憂心，蘇花公路東澳到南澳段沒有改善部分，恐因蘇澳到東澳段湧入車流而塞車。公路總局表示，東澳到南澳段將進行彎道改善，提升交通品質。
蘇花改工程分三個路段施工，分別是宜蘭蘇澳至東澳、南澳至花蓮和平、和中至大清水。改善主要原因分別是當地道路線形不佳、易肇事、落石坍方阻斷頻繁及路基狹窄。
面對蘇花改蘇澳到東澳段即將於農曆春節期通車，屆時行車環境將從過去多處彎道的蘇花公路，變成筆直又沒有落石危險的道路；蘇澳到東澳段之間行車里程也將從16公里變成9.7公里，但這樣便捷的交通路線於行駛到東澳之後，還是要在東澳到南澳之間，改回行駛多彎的蘇花公路。
地方人士憂心，蘇花公路東澳到南澳段未來恐因蘇花改湧入車流，嚴重塞車。東澳到南澳段也應納入蘇花改第二期工程，「完成交通改善最後一哩路」。
此外，也有人認為，蘇花改第一階段通車將是「可怕大塞車的開始」，屆時車流恐會回堵在蘇澳鎮。
公路總局第四區養護工程處副處長陳營富表示說，蘇花公路東澳到南澳段將發包進行多處彎道改善工程，提升當地蘇花公路交通品質。
此外，國道5號尾端蘇澳匝道到蘇花改入口沿線一般道路的50多處交通號誌，也將納入養護工程處監控系統，必要時在假日會啟動相關管控作業，緩解蘇澳鎮塞車情況。
蘇花改工程處長邵厚潔認為，就運輸觀點來看，國5雪山隧道就是閘門的概念。理論上平日閘門放多少車輛通過，再往南到花東的車子基本上不會變多，還在可控制範圍內。
他說，蘇花改蘇澳到東澳通車後，原本的蘇花公路還是保留通行，等於從宜蘭到花蓮的路線有兩個選擇，容量會是現在的1倍。（中央社）
最HOT話題在這！想跟上時事，快點我加入TVBS新聞LINE好友！",2018/01/17 13:55
https://news.tvbs.com.tw/life/853942,蘇花改蘇澳到東澳速限60公里　禁行機車,"蘇花公路改善工程蘇澳到東澳段即將通車。相關單位提醒，通車後3至6個月只先開放小客車，之後再開放其他車種，禁行機車。此外，這條路段速限60公里，禁止超車。
北起蘇澳鎮蘇港路，南至東澳、全長9.7公里的蘇花改蘇澳到東澳段將在農曆春節前通車，往來台灣東部的民眾引領期待更便捷的交通運輸到來，但用路人不要過度認為它可宛如國道般高速或任意超車暢行。
蘇花改工程處長邵厚潔向中央社記者說：「蘇花改當初在設計規劃時，就是將它定位為一條安全的道路，而非提升運輸能量。」
邵厚潔指出，蘇花改蘇澳到東澳段南北向各只有單線，單線路寬7.8公尺，雖比雪山隧道單線的兩個車道還寬30公分，但考量蘇花改是省道、沒有消防等專責編制，加上大貨車日後可上蘇花改，且多數路段是隧道，所以只劃3.5公尺寬的單線道；單線道右邊3公尺寬的避難道路只供警消與緊急救護車輛通行；剩下的130公分為兩側路肩。
宜蘭縣警察局蘇澳警分局交通組長林俊宇說，蘇花改蘇澳到東澳段通車後，速限現階段只有60公里，全線禁止利用避難道路超車。在正常車流情況下，隧道內車距應保持至少50公尺。警方將在沿線裝設自動測速系統，取締違規。
此外，未來蘇花改通車後若於隧道內遇上火警等災害，車輛應靠左停靠，留下車鑰匙，以供現場救難人員移動車輛，乘客要趕快往隧道橫坑逃生。
由於蘇花改只是一般省道，定位在「行車安全」，因此沒有最低速限，加上又不能超車，一旦遇上前方的龜速車，後方車輛只能忍耐「一路隨行」。警方呼籲，用路人在遵守相關交通規則下，應維持行車順暢。
邵厚潔說，蘇花改蘇澳到東澳段通車後3至6個月只先開放小客車通行，之後再視情況開放大客車，再經評估3至6個月後，最後再開放大貨車行駛；至於機車的部份因隧道內安全考量，「暫時」不開放。
面對機車未來只能行駛蘇花公路，許多機車族深表不滿。他們認為，「為何汽車能走蘇花改，但機車卻被迫與蘇花公路的落石為伍？」
公路總局第四區養護工程處副處長陳營富說，隧道越往內，溫度就會越高。蘇花改許多路段都是隧道，考量車輛行駛在長隧道群內的廢氣會影響用路人健康，加上未來還要開放大貨車通行，所以蘇澳到東澳段禁止通行機車。（中央社）
最HOT話題在這！想跟上時事，快點我加入TVBS新聞LINE好友！",2018/01/17 13:55
https://news.tvbs.com.tw/life/853934,蘇花改蘇澳至東澳段將通車　行車省20分,"歷時多年施工，蘇花公路改善工程蘇澳到東澳段9.7公里，可望春節前通車，東部運輸將邁入新里程碑，未來蘇澳到東澳行車時間只約10分鐘，比過去的蘇花公路約可省20分鐘。
蘇花改工程分3個路段施工，分別是蘇澳至東澳、南澳至花蓮和平、和中至大清水。改善主要原因分別是當地道路線形不佳、易肇事、落石坍方阻斷頻繁、路基狹窄。
即將通車的蘇澳到東澳段，北起蘇澳鎮蘇港路，先以長僅254公尺的蘇澳隧道貫穿丘陵地，續以白米高架橋往南沿蘇澳溪前行，再接永樂高架橋，並在台鐵永樂車站附近與3.4公里長的東澳隧道北口銜接，往南經過212公尺的東岳隧道後，於東澳與省道蘇花公路銜接。
進一步分析，蘇澳到東澳段高架橋梁總長度4.4公里，占總長45.3％；3座隧道總長3.8公里，占總長39.2％，合計84.5％。這種鑿隧道（採雙孔單車道配置）、架橋梁的施工，取代原有蘇花公路常落石坍方的方式。
值得一提的是，以往隧道工程透過鑽炸工法產生的土石渣料主要都透過砂石車，運離工地。為了實踐環評承諾、避免砂石車影響當地交通，東澳隧道南口、北口的土石過去都分別從台鐵東澳站、永樂站「搭火車」，運往新馬站後再交給宜蘭縣政府；由於土石硬度高，縣政府可透過拍賣再利用。這也是全台唯一利用鐵路運送土石的公共工程。
台灣東部運輸從清朝的蘇花古道，到日治時期的臨海道路，再到蘇花公路，現在又即將邁入蘇花改第一階段蘇澳到東澳通車的新里程碑，路況也從過去的地形險峻、路面狹窄、落石頻繁，轉變為舒適、安全。
事實上，去年端午連假快收假時，蘇花公路112.6公里處宜蘭蘇澳九宮里路段因持續降雨影響，落石坍方，雙向阻斷，整片山頭宛如一刀兩斷被切開。許多人返家路迢迢，只能望路興歎。
當時，有人在蘇花公路原本只差1、2個小時就可北上返家，但是遇上這場災害後只能調頭取道中橫或南迴等山區替代道路，逆向一路塞車環台開了10多個小時才到家，讓人無奈又難過，那時政府啟動海上運輸，將人車運離花蓮，許多人記憶猶新。
隨著蘇花改宜蘭蘇澳至東澳段已進入最後的機電行控整合階段，將在今年農曆春節前通車，相信日後因天災導致台灣東部交通受阻的情況應可有效減少。（中央社）
最HOT話題在這！想跟上時事，快點我加入TVBS新聞LINE好友！",2018/01/17 13:55
https://news.tvbs.com.tw/life/853926,蘇花改東澳隧道地質複雜　工人戮力克服,"蘇花公路改善工程蘇澳到東澳段的東澳隧道雖只有3.4公里，但卻是蘇花改地質最複雜的工程，受斷層影響，曾發生多次抽坍、湧水，施工人員還得忍受隧道內不佳的空氣環境。
蘇花改全長38.8公里，開鑿8個隧道，即將在農曆年前通車的第一階段東澳到蘇澳到東澳段全長9.7公里，歷時5年多的施工，難度最高的東澳隧道於民國102年8月起開挖，長度只有3.4公里，歷經約3年貫通。
根據蘇花改工程處統計，東澳隧道在3年多開挖期間，北上線就曾發生過11次較具規模、耗時處理的大坍方（工程界稱抽坍）與湧水災害，南下線14次。隧道最高總湧水量達每分鐘12噸。
蘇花改東澳工務段長項授青向中央社記者說，開挖隧道最怕碰到大湧水，為了避免當年東澳台鐵新永春隧道在開挖時遭遇大量湧水的前例，東澳隧道在開挖時儘量避開湧水路段，並抬高路基、稍往海邊移，但在開挖過程中還是屢遭險阻。
他表示，東澳隧道在開挖之前，隧道內的岩盤就幾乎早已破碎；開挖後，施工單位曾遭遇小帽山斷層帶、猴猗山斷層帶、大理岩層的湧水段，隧道上方覆蓋的土石厚度最薄段只約7公尺。此外，在斷層帶之間還有擾動剪裂密集破碎帶，常見抽坍，工程人員常面臨開挖前進1公尺，卻又要退後5公尺的窘境。
項授青回憶，東澳工務段員工過去在東澳駐地生活與工作時最怕遇上颱風，若加上鐵路、蘇花公路不通、通話訊號不良又停電時，工務段辦公室就成孤島，這更加證明為何花蓮人需要一條安全回家的道路。
他也說，因為台灣沒有固定的隧道工程，負責鑽孔埋炸藥到引爆危險性高的隧道坑夫，人力青黃不接，加上東澳隧道過去以24小時輪番施工，過去曾險些發生過月薪新台幣8萬元，卻聘請不到坑夫的情況。
東澳隧道歷經約3年打通後，雖象徵已克服最大障礙，但後續挑戰還是接踵而來。
蘇花改工程處長邵厚潔說，東澳隧道在去年貫通進行後續襯砌工程時，再度先後發生4次局部抽坍，一度嚴重影響工程進度，所幸施工人員加緊趕工，迎頭趕上原定的進度。
除要克服地質惡劣之外，過去工人在開挖東澳隧道時還要面臨高溫與空氣不佳的環境，隧道內溫度動輒超過攝氏30度，工人揮汗如雨，在暗黑環境下工作。
福清營造公司經理李健鴻說，當年他們在負責開挖地質破碎、含水量又高的東澳隧道時，為了提升環境舒適，還要啟動送風及通風設備。
李健鴻指出，此外，過去以怪手開挖時，見到湧水越來越大時就要馬上撤退；等到出水量穩定後，工人還要穿上雨衣，在宛如大雨環境下補強岩壁，進行防水施作，或是在水深及膝下，涉水進入施工。
「當年前進深度越深，空氣品質越不好」施工人員說，東澳隧道過去以鑽炸開挖後，若經過氣體偵測器最低合格標準後就要進入施工，當時不僅煙霧、粉塵尚未完全消散，空氣中還夾雜機具在旁運作的柴油臭味。
東澳隧道雖非整個蘇花改工程中最長的隧道，但卻是地質複雜及困難度最高的隧道，它位處高降雨量與地震頻繁環境，在多重因素下屢次干擾施工進度，工程困難不言可喻。
值得一提的是，為營造救災安全環境，東澳隧道設有全國首座隧道水霧自動設備，一旦未來通車後有濃煙或火警時可即時啟動，先有3分鐘時間讓用路人逃離現場，3分鐘後再啟動現場附近100公尺的水霧自動設備，降低溫度滅火，最後再讓救災人車進入執行任務。
未來蘇花改的觀音隧道、谷風隧道、中仁隧道及仁水隧道等甲級隧道也將分別建置，及時阻止災害發生。（中央社）
最HOT話題在這！想跟上時事，快點我加入TVBS新聞LINE好友！",2018/01/17 13:55
https://news.tvbs.com.tw/life/853924,安全回家路環保糾結10年　蘇花高變蘇花改,"蘇花改第一階段蘇澳到東澳終於在農曆年前要通車。這一條讓東部人安全回家的路，因環保團體憂心花東淨土遭破壞，糾結長達10年，從原先的國道蘇花高變成省道蘇花改。
現在蘇花公路清朝就已闢建，原本只是沿山壁開挖的步道，之後逐漸拓寬，由單線車道變為現在的雙線，裸露在外的岩石隨著自然風化，一有大雨或地震，就落石坍方，是條美麗卻危險的道路。
政府20多年前就想改善，確實也曾完成蘇花高規劃並通過環評，最後仍因環保因素糾結，讓蘇花高出局。
曾任國道新建工程局長的台船董事長鄭文隆說，蘇花高原本是國道環島路網的一環，當年政府希望透過國道環島路網實現台灣一日生活圈。
鄭文隆直言，透過現代工法，國道是對環境生態影響最小的道路建設，與環團的戰爭，他打輸了很可惜。
鄭文隆回憶，蘇花高原本2003年底要動工，有兩個標案都在他任內發包，機具及人員也進駐工地，但因環保反對聲浪大，當時的行政院長游錫堃宣布緩建，國工局還賠償業者動員費用。
國工局副局長陳議標當年是規劃組組長，參與過蘇花高設計，他感慨，環保抗爭讓原本准予開發的蘇花高遲遲無法動工，後來還必須做環境差異分析，結果仍敵不過時代氛圍，加上政黨輪替，環差未能過關。
陳議標說了一個笑話，他說，當時在環保因素質疑下，「蘇花高」三個字好像變成髒話，最好不要說出口，否則就會遭圍攻。
根據交通部的資料，政府在1990年就將改善東部交通列入環島高速公路計畫，1998年行政院核定東部國道可行性研究，並指示先辦理蘇澳到花蓮路段，2000年蘇花高環評過關，2002年蘇花高還被列入挑戰2008國家發展計畫，2003年納入新十大建設計畫。
不過，2001年開始出現環保人士反對建蘇花高，認為蘇花高11座共長達40公里的隧道，會破壞環境保育，並形容是生態浩劫，尤其2006年國道5號雪山隧道通車後，大量遊客湧入宜蘭，讓更多環保人士擔心花東淨土也會遭殃。
蘇花高緩建後，因超過環境影響評估法規定通過環評3年內開發期限，後來前行政院長蘇貞昌決定再推動時，只好依法做環境差異分析。
不過，蘇花高環保議題持續發酵，連文化界人士都加入戰場。2008年4月，環評大會以上位政策不明、背景條件變動及專業技術問題未釐清的情況下，將蘇花高環差分析退回交通部，當時正值選舉結束後政黨輪替，是否建蘇花高的政策交由新的政府決定。
前交通部長毛治國2008年5月上台後，第一件事就是邀相關單位檢討蘇花高，並向前行政院長劉兆玄報告，評估外界對蘇花高反彈太大，但考量蘇花公路落石不斷的危險，用路人安全受威脅，及常常一有大雨就封路造成的不便，一定要另建一條蘇花新路。
時任行政院長的劉兆玄2008年7月宣布建蘇花公路替代道路，卻讓環保人士不滿，直指是蘇花高復活。
2010年初，政府定調推動蘇花改，長度38.8公里，比蘇花高86公里少了一半以上，路線與蘇花高大部分相同，主要是改善蘇花公路山區危險路段，但不再是國道而是省道，因全線隧道有8處，環保團體的質疑仍未停過。
毛治國當時形容非另闢一條蘇花道路的理由很生動，他說蘇花公路像饅頭，已無多餘空間可退縮，只有另謀出路。
2010年10月21日發生陸客團遊覽車在蘇花公路遭巨大落石砸中掉落海中，是蘇花公路通車以來最嚴重坍方事件，震驚社會，更讓政府堅定推動蘇花建新路的方向正確。
環保署環評大會當年11月9日快速通過蘇花改環評案，雖遭環保團體批評蘇花改環評才兩次初審就過關，太草率，但當時交通部的說法是已溝通一整年，堅持蘇花改在2011年1月動工。
原本毛治國希望由具雪隧經驗的國工局，執行蘇花改工程，但後來顧慮外界聯想蘇花改就是蘇花高，加上蘇花改是省道，最後交由公路總局負責。
前國工局長邱琳濱認為，如果能從環島國道路網思考，就不會陷入用西部的生活思考方式，決定東部人的命運，讓一條蘇花改糾結了10年。（中央社）
最HOT話題在這！想跟上時事，快點我加入TVBS新聞LINE好友！",2018/01/17 13:54
https://news.tvbs.com.tw/life/852817,前寬後窄！蘇花改年節通車　蘇澳恐淪停車場,"蘇花公路山區路段改善計畫，南澳到東澳段預計在28日通車，預計吸引更多遊客開車到花東。但蘇花改和國道五號沒有直接銜接，來往車輛必須經過蘇澳市區，再加上宜蘭端是三線道，往花蓮變成雙向單線車道，形成前寬後窄的狀況，但蘇澳街道線路小又有紅綠燈，恐怕無法容納那麼多車，恐讓本來就很塞的蘇澳市區塞車更嚴重！
兩線道塞滿一台又一台轎車，使得員警出動指揮，一到假日車輛就卡在蘇澳市區動彈不得，蘇花公路宛如大型停車場。然而蘇花改蘇澳到東澳段今年農曆年將通車，往花東路程更好走，勢必吸引更多遊客，但這個狀況恐怕讓蘇澳市區塞到爆！蘇澳店家就說，去年過年時塞了一整天。
蘇花改的起點在蘇澳市區的蘇港路，距離國道五號終點約有3公里，然而2條路沒有銜接形成了交通瓶頸，可能讓小小蘇澳塞到爆。
蘇澳居民表示一到假日都十分困擾，因為路段小，且塞車情況嚴重。要通車了，附近店家卻很害怕，雖然蘇花改能避開目前的114.4公里的坍方處，但從蘇澳進入東澳後，一路從3線道到台九線程2線道，直到花蓮變成單線道，這樣前寬後窄，勢必讓塞車情況更嚴重。
議員邱嘉進指出，所有的車流量會回堵在蘇港路蘇澳市區，這種情形之下沒有改善，會讓所有店家在生意經營上面臨瓶頸。公共工程委員會主委吳澤成表示「現在有個斷頭在那邊，就知道當年的蘇花高跟國道五號是有連續性的」。
專家說是否要連接還需相關單位重新評估，但可以預期蘇花改通車後，小小的蘇澳將進入痛苦的交通黑暗期。
最HOT話題在這！想跟上時事，快點我加入TVBS新聞LINE好友！",2018/01/15 13:43
https://news.tvbs.com.tw/life/835038,蘇花改施工坍方　本身地質脆弱困難多,"東部的交通命脈蘇花公路不時就會坍方封閉，而現在蘇花改正如火如荼的趕工，預計108年春節要通車，但最近又傳出隧道坍方的狀況。其實台灣地質較年輕，加上斷層帶多以及破碎的地質條件，容易蓄積山壁湧泉，開挖過程中容易發生坍塌情況，但除了地質環境外，蘇花改要面臨的挑戰還有很多。
一聲巨響蘇花改完工，最後一座谷風隧道去年10月正式貫通。進入開挖中的隧道一路顛簸難行，雖然有些已經鋪好表層相當平整，但接著來到的坍塌地點四處滲水泥濘不堪，正在進行補強的抽坍工程。蘇花改的工程內部總共有8座的隧道，其中有5座發生過坍方的情況，整個抽坍工程也總計超過了200多次，蘇花改位於斷層帶上地質破碎，易蓄積山壁湧泉。
施工單位表示，隧道開挖從一開始上支堡、還有接續的網狀支撐，這個初步階段會持續監控地質變化，等到確定穩固才會上岩栓固定，而坍塌處屬於初步階段，即便坍塌也是掌控中的狀況。
蘇花改工程處長邵厚潔說，每個禮拜會透過預警和岩盤的分類來決定下禮拜開挖的方式，比起以前更有系統的進行工程。
逐步回填修補，但除了地質挑戰外，還有地勢上的困難。蘇花改工程處長邵厚潔表示目前進行的是推進工法，北上線3個鋼樑大概都到定位，後續要做接續工程，遠方是南下線預計在12月中開始工程。
來到連接峽谷兩側的鼓音橋工程區，這座60公尺的橋體將連接起全長7.9公里的觀音橋隧道，和4.7公里的谷風隧道，是僅次雪隧的全台第二長隧道，而這些工程還得顧及周邊的自然生態環境。
蘇花改工程處長邵厚潔說會盡量去保留環境原樣，包括溪裡的水質、水量監測，都會按照環評的規定做處理。指著地圖和解說，有些路段沒有被納進蘇花改，立委就擔心機車不能走蘇花改，在路權上等於被排擠，沒截彎取直的路段，交通壅塞恐怕也很難解。
民進黨立委陳歐珀指出，國道五號沒有辦法銜接蘇花改，必然造成蘇花地區的大雍塞，東澳到南澳沒有隧道化，也造成東澳到南澳山區道路擁擠，隧道的工程到底是人為不彰或真的是地質不良，還需要探討。
立委呼籲蘇花改應重新規劃審視，因為講好的蘇花高變成蘇花改，交通效益備受質疑，但專業技師就說現在要整個重新規劃，難度和成本都很高。北市應用地質技師公會理事長曾何騰指出「如今部分路段已經完成，如果要多添工程幾乎要重來，成本會過高、代價太大」。
戰勝自然卻不傷害環境，截彎取直又得顧及權衡，命運多舛的蘇花改，在擔起重擔前還有諸多考驗等著克服。
最HOT話題在這！想跟上時事，快點我加入TVBS新聞LINE好友！",2017/12/12 23:08
https://news.tvbs.com.tw/politics/833200,蘇花改最嚴重坍塌！　瞞1.5個月未通報交部,"花蓮蘇花改工程谷風隧道10月21日傳出坍塌，面積有6個游泳池大小堪稱是史上最嚴重坍塌，但工程單位卻沒有上報中央，直到前天才被揭露，交通部長賀陳旦也是這時才知情。是否遭到隱瞞？工程單位解釋過去的通報機制是發生職災或無法自行解決的情況才會向上通報，否則不會通報中央。
蘇花改谷風隧道落石坍坊堆積、地下水狂冒，甚至頂部漏水，谷風隧道10月21日傳出總共3處坍塌，1萬立方公尺的土石壓垮隧道底部，甚至掩埋2部工程器具，坍塌面積大約6個游泳池大小，更堪稱是史上最嚴重坍塌，但整個事件卻事隔了1個多月才揭露，交通部長賀陳旦也是這時候才知情。
工程單位解釋是因為坍塌都屬於正常狀況，還在控制範圍內，除非發生職災或無法解決才會通報向上報告，目前也已經多次會勘，甚至以口頭跟書面向公路總局報告3次，面對質詢，蘇花公路改善工程處長邵厚潔解釋工務處裡的技術如果沒有影響到通車期就不會通報。
只不過這樣的說法也引起質疑，畢竟蘇花改工程規劃長達25年、動工將近7年，原先預計今年底完工、明年通車，先前宣布延宕到2019年完工，現在坍塌預估要8個月才能搶修完成，這段路會不會順利通車？花東民眾真的了等好久。
最HOT話題在這！想跟上時事，快點我加入TVBS新聞LINE好友！",2017/12/09 14:35
https://news.tvbs.com.tw/life/833035,蘇花改10月坍方　公路總局：不是偷工減料,"蘇花公路改善工程谷風隧道今年10月因連日大雨發生施工以來最大坍方事件，公路總局今天表示，這次意外不是偷工減料，處理過程也公開透明。
蘇花改谷風隧道南下線今年10月發生施工以來最大坍方事件，約1萬立方公尺土石崩落。公路總局事後初判，坍方災害是受連日降雨影響。
公路總局蘇花公路改善工程處長邵厚潔今天向中央社記者說，蘇花改隧道上半斷面開挖時，皆需經地質師研判岩體類別，並依不同岩體類別使用相對應的鋼拱，且鋼拱材料進場皆需經過檢驗，施工組立完成後更需經由工程師查驗合格才可以進行下一工項。這次抽坍段，並無部分報導所稱的鋼拱數量不足，或是偷工減料的情形。
至於外界批評，為何抽坍發生後，沒有第一時間回報給交通部，邵厚潔澄清，這次災害已依層級回報給公路總局，仍在公路總局可處理的權責內，且不影響蘇花改全線在民國108年底的通車目標。
他說，過去蘇花改的其他抽坍災害也沒有把相關報告送到交通部，只有到公路總局，公路總局就可處理。
邵厚潔並說，蘇花改資訊平台曾於11月中旬刊登這次抽坍現場照片，蘇花改工程處之後也邀請專家學者，召開多次抽坍工作會議，研擬後續短中長期處理方向，並無部分媒體報導所稱有刻意隱匿的情事。（中央社）
最HOT話題在這！想跟上時事，快點我加入TVBS新聞LINE好友！",2017/12/08 22:44
https://news.tvbs.com.tw/life/831464,蘇花改最嚴重抽坍　上萬立方公尺土石崩落,"蘇花改發生開工以來最大規模抽坍意外，一萬立方公尺的土石崩落，阻斷谷風隧道，工程機具也被當場掩埋，還好沒有造成人員傷亡，工程單位研判可能是因為連日豪雨，地下水壓增大穿透不透水層才導致抽坍，可能得花八個月時間才能復原。
大量土石完全阻斷隧道，連施工機具也被掩埋，蘇花改谷風隧道內發生史上最嚴重抽坍意外，實際來到最嚴重的抽坍點，被塞滿近萬立方公尺的土石，大約等於6座標準游泳池的土石量。工程處副處長表示，土石沖下來後發現和土石流一樣，岩石非常的細膩夾帶著泥沙，抽坍量粗估有一萬米立方，也是蘇花公路最大量的抽坍。
工程人員研判應該是10月12至15日連日豪雨，導致隧道上方地下水壓增大，地下水流連續穿越兩層不透水層。20日，鼓音橋往南1公里處先是發生險小規模坍塌，當時緊急撤離施工人員，結果隔日大量土石及地下水崩落，隧道約有420公尺長，範圍全遭土石覆蓋，另外連帶影響320公尺長的隧道壁面擠壓變形，還好沒有造成人員傷亡！
去年10月底全長約4.7公里谷風隧道正式貫通，如今卻傳出大規模抽坍，民眾都擔心蘇花改完工日期會不會因此受影響？
蘇花改工程處副處長李宗仁接受訪問表示，除了抽坍面影響的路段大約700公尺之外，其他部分並不受影響，還是持續在施工。谷風隧道在104年因為地震也曾發生抽坍，當時落下1500立方公尺土石，花了222天才清除完畢，蘇花改工程處評估這回抽坍可能得花八個月的時間才能將土石清完，不受抽坍影響的路段會同步進行施工，仍要力拼 108年全線通車。
最HOT話題在這！想跟上時事，快點我加入TVBS新聞LINE好友！",2017/12/06 15:19
https://news.tvbs.com.tw/life/830736,利於救災　蘇花改設首座隧道水霧設備,"蘇花公路改善工程蘇澳到東澳段擬明年通車。為營造救災安全環境，東澳隧道設有全國首座隧道水霧自動設備，一旦有火災可即時啟動，降低溫度，讓救災人車進入執行任務。
蘇花改工程分三個路段施工，分別是宜蘭蘇澳至東澳、南澳至花蓮和平、和中至大清水。其中，歷時5年多的施工，蘇花改蘇澳到東澳段已進入最後的機電行控整合階段，預定明年農曆春節前通車。
交通部公路總局蘇花公路改善工程處長邵厚潔今天接受中央社記者訪問時說，蘇澳到東澳段的東澳隧道設有全國首座公路隧道水霧自動設備，這套系統可分為自動或手動方式，一旦偵測到火警發生，最慢可在3分鐘之內啟動噴水。
邵厚潔表示，這套系統並非滅火的救災設備，主要是讓隧道內火警溫度先降溫，營造救災安全環境，之後再讓消防人車進入隧道內執行救災任務。
此外，水霧自動設備一次最長可啟動40分鐘，防止隧道混擬土結構因長期高溫，導致損壞。
蘇花改工程處設計科長林燦輝表示，隧道水霧自動設備可依照隧道內的光纖火災偵測系統感應，一旦隧道內有濃煙或火警時，先有3分鐘時間讓用路人逃離現場，3分鐘後再啟動現場附近100公尺的水霧自動設備。除東澳隧道設有這項設備之外，未來蘇花改的觀音隧道、谷風隧道、中仁隧道及仁水隧道等甲級隧道也將建置。（中央社）
最HOT話題在這！想跟上時事，快點我加入TVBS新聞LINE好友！
。",2017/12/05 14:18
https://news.tvbs.com.tw/politics/787668,蘇花改禁行機車　立委要求交通部開放,"蘇花改預定明年春節前，先通蘇澳至東澳，但禁行機車。民主進步黨籍立法委員陳歐珀今天在立法院交通委員會提案，要求交通部開放，交通部長賀陳旦表示，會溝通改進。
陳歐珀說，蘇花改道路不是國道，也不屬於快速道路，沒有禁止機車通行的理由，全國只有這條路不准機車騎上路。
賀陳旦回應，蘇花改雖屬於省道，但因有長隧道，行駛機車會有空氣及視線不良問題，較危險。
陳歐珀說，蘇花公路最危險路段就是蘇澳到東澳，蘇花改禁行機車，讓機車只能行駛較危險的蘇花公路，相對汽車卻能通行較安全的蘇花改，有如對富人較優厚，對機車族會有相對剝奪感。
陳歐珀認為，通風不良就增加通風設備，視線不佳就增加照明設備。
陳歐珀提案，要求交通部在蘇花改第一階段通車時，先開放250cc以上機車通行，第二階段再開放150cc以上機車行駛。
針對陳歐珀的要求，賀陳旦只說，會溝通改進。
民進黨籍立委蕭美琴也提案，認為蘇花改禁行機車並無法源依據，機車騎士有道路使用權，但長隧道安全也不容忽視，建議交通部做通盤檢討，評估報告一個月內送交通委員會。
根據公路總局蘇花公路改善工程處的網站資料，蘇花改是以目前蘇花公路災損阻斷及交通肇事頻率高的路段進行改善。
蘇花改全長38.8公里，其中8座隧道就占24.5公里，另有橋梁8.5公里、平面道路5.8公里，分三個路段興建及通車，分別是蘇澳到東澳、南澳到和平、和中到大清水。（中央社）
最HOT話題在這！想跟上時事，快點我加入TVBS新聞Line好友！",2017/10/12 20:38
https://news.tvbs.com.tw/politics/784131,全運會聖火傳遞　蘇花改公路起跑,"在三民國小太鼓隊儀隊表演中，象徵和平與友誼的全國運動會聖火，今天從蘇花公路改善工程路段開遞，震天響徹的鼓聲預祝這次全運會順利成功，也預祝蘇花公路改善工程圓滿完工。
宜蘭縣政府表示，聖火傳遞分3條路線，12天將繞行全國及離島共22縣市。
宜蘭縣政府發布新聞稿指出，傳遞路線以蘇花改入口為開端，依序經過白米高架橋、東澳隧道及東岳隧道後，朝花蓮前進，沿途可見海岸風光及東澳冷泉等知名美景，期盼藉由經蘇花改開遞聖火，象徵發現蘭陽之眼，提高宜蘭能見度。
縣府指出，聖火傳遞分本島、外島及宜蘭縣共3條路徑。本島部分，今天起依順時鐘方向進行，由花蓮縣接下第一棒，依序南下往台東縣、屏東縣後，再繞行西部各縣市；離島則有澎湖縣、金門縣和連江縣，從明天起開始傳遞聖火直到14日。
至於宜蘭縣內聖火傳遞則以全運會標識作為概念，今天起依序傳遞至宜蘭市、員山鄉、礁溪鄉、頭城鎮等地，最後一站為羅東鎮，並於10月21日開幕典禮中，正式點燃大會聖火，揭開各項競賽序幕。（中央社）
最HOT話題在這！想跟上時事，快點我加入TVBS新聞Line好友！",2017/10/07 17:12
https://news.tvbs.com.tw/politics/778095,蘇花改蘇澳到東澳段　擬107年春節前通車,"交通部公路總局副局長許鉦漳今天在宜蘭縣受訪表示，蘇花公路改善工程蘇澳到東澳段，預定明年農曆春節前可通車，屆時可省下20到30分鐘車程。
民主進步黨籍立法委員陳歐珀上午邀許鉦漳等前往蘇花改工地視察，由公路總局蘇花公路改善工程處人員簡報。
蘇花改工程處說，目前正加速施工，分3個路段施工，分別是宜蘭蘇澳到東澳、南澳到花蓮和平、和中到大清水。蘇花改全線預定民國108年底完工，達通車標準。
許鉦漳說，因應明年農曆春節前大量車潮，蘇澳到東澳預定會先在農曆春節前可通車，屆時估計可省下20到30分鐘車程。
陳歐珀說，因應蘇澳到東澳通車後面臨的交通課題，他將要求交通部相關單位持續改善蘇澳地區主要交通動線與路口號誌。（中央社）
最HOT話題在這！想跟上時事，快點我加入TVBS新聞Line好友QA！",2017/09/28 16:44
https://news.tvbs.com.tw/life/777991,快訊／明年春節前蘇花改　蘇澳到東澳段確定通車,"蘇花改工程持續進行當中，不過今天早上訂出了第一個時間表！目標是明年2月1日，春節之前，蘇澳到東澳段就將能夠先行通車。
預計到時候，車程將可以省下20到30分鐘。最重要的是由於這個路段線型差，轉彎半徑小，坍方次數也多，常常出現意外，如今隨著蘇花改，蘇澳東澳段在明年啟用後，也可以確定是安全性將會增加許多。
最HOT話題在這！想跟上時事，快點我加入TVBS新聞Line好友！",2017/09/28 14:09
https://news.tvbs.com.tw/life/777375,連接蘇花改兩大隧道　鼓音橋持續推進,"蘇花公路改善工程連接觀音及谷風隧道的鼓音橋，目前於山谷中由南往北推進中，未來60公尺長的橋身串聯觀音及谷風隧道之後，將成為全長12.6公里、全台第二長的公路隧道。
根據交通部公路總局蘇花公路改善工程處提供資料，施工中的蘇花改工程沿線有多處隧道、橋梁，其中全長7.9公里的觀音隧道於民國105年5月打通，全長4.7公里的谷風隧道也於當年10月底打通，這兩大隧道之間只隔一處山谷。
交通部公路總局之後決定在谷風隧道內先組裝鋼梁橋身，之後再從谷風隧道口將鋼梁橋身橫跨山谷往北推進，最後完成全長60公尺、串連觀音及谷風隧道的鼓音橋。
為讓外界了解施工情況與理念，交通部公路總局蘇花公路改善工程處今天邀請媒體前往採訪。
蘇花改工程處長邵厚潔受訪時說，鼓音橋位在觀音溪谷的生態敏感區，加上當地隧道本身高度及寬度侷限，不管是大型機具出入、施作空間、吊裝荷重吊臂伸展程度都有所限制。蘇花改施工團隊為維護自然生態完整、基於環評承諾，在多次開會研商之後，於今年8月底於谷風隧道內完成鋼梁組裝工作，隨後進行相關推進作業模擬及壓力測試，並於9月21日開始進行鼓音橋鋼梁推進作業。
他表示，鼓音橋南北雙向共要6根鋼梁當橋身，之後經過進一步水泥灌漿才能完工，整個作業預定年底完成。
「蘇花改工程又向前推進一大步」，邵厚潔說，鼓音橋基礎完工後，施工團隊日後於作業進出時，不用再繞道附近的舊北迴閒置隧道，人車可直接以鼓音橋串聯觀音及谷風隧道，行車時間從過去50分鐘縮短為半小時，也可降低環保汙染，提升工作效率。
邵厚潔說，考量隧道光線、通風與防災系統的一致性，未來鼓音橋左右與上方將以塑鋼材質覆蓋，並與觀音及谷風隧道串聯成為全長12.6公里、全台第二長的公路隧道，僅次於全長12.9公里的國道5號雪山隧道。（中央社）
最HOT話題在這！想跟上時事，快點我加入TVBS新聞Line好友QA！",2017/09/27 16:17
https://news.tvbs.com.tw/life/766902,蘇花改工程　蘇澳至東澳預計明年春節通車,"交通部蘇花改工程處今天表示，蘇花改第一階段蘇澳與東澳間路段，預計明年農曆春節前通車；同時明年1月21日將舉辦馬拉松賽，邀民眾慶祝完工，
行政院東部聯合服務中心執行長許傳盛今天與民眾一同參訪蘇花改A1標「蘇澳永樂段新建工程」的「白米高架橋」與「蘇澳隧道」，民眾直呼工程水準高，期待盡快通車。
一行人由蘇花公路改善工程處長邵厚潔接待，在蘇花改工程展示館觀看蘇花改工程環境、工區、自然人文監測保存等工程影片，以及模擬蘇花改隧道內逃生及消防安全設備，讓參訪民眾對蘇花改工程有初步認知。
壽豐鄉「樹湖愛鄉協進會」理事長楊國卿說，鄉親對長隧道的安全多少有些疑慮，觀看影片後放心不少，也能理解並支持長隧道雙向分流的規劃施作方式。
東部聯合服務中心新聞稿表示，依蘇花改工程處資料，蘇花改第一階段蘇澳與東澳間路段，預計明年農曆春節前通車，通車後將禁行機車、自行車。
但為讓民眾搶先體驗，明年1月21日將舉辦馬拉松賽，邀民眾慶祝完工，原定3500名額一天內額滿，隨後加開2000名更是直接秒殺，感謝民眾對蘇花改工程的期待與支持。（中央社）",2017/09/08 18:28
https://news.tvbs.com.tw/life/753072,搶先體驗蘇花改之美　蘇澳東澳段辦路跑,"台9線蘇花公路山區路段改善計畫，第一個路段「蘇澳東澳段」預計今年底完工，蘇花改工程處慶祝具歷史意義的一刻，將於明年1月21日在此路段舉辦馬拉松賽。
交通部公路總局蘇花公路改善工程處秘書室主任林永堂今天表示，為慶祝蘇花改第一個路段「蘇澳東澳段」完工通車，特地委託當地路跑團體等舉辦「2018慶祝蘇花改蘇澳東澳段通車馬拉松賽」。
林永堂指出，路跑活動路線規劃分為42.195公里全馬組、21公里半馬組及7公里健康休閒組。今天下午2時起開放報名到11月30日深夜12時截止，名額共3500名，相關報名資訊可上活動官網查詢。
林永堂說，路跑沿途可欣賞蘇澳及東澳地區山海瑰麗景觀，並搶先體驗蘇花公路改善路段，感受公路工程與生態、人文相融合之美，歡迎有興趣的民眾參與。(中央社)",2017/08/03 16:44
https://news.tvbs.com.tw/politics/735191,國5接蘇花改　吳澤成：政府已納入考量,"蘇花公路改善工程預定在今年底先通車宜蘭蘇澳到東澳段，多次希望國道5號直接銜接蘇花改的宜蘭縣代理縣長吳澤成今天說，這部分政府已納入未來長期計畫中。
蘇花公路日前大坍方，地方出現蘇花改二期及銜接國5需求聲音。交通部長賀陳旦今天中午接受廣播電台訪問時回應，任何建設都需要長期規劃及專業評估，不是用喊話喊出來。
之前多次向交通部喊話、強調國5一定要與蘇花改相連接的吳澤成表示，交通部確實已經在思考國5直接銜接蘇花改的問題，同時也已經答應，將在蘇花改通車後進一步評估。
吳澤成表示，最近與交通部討論的結果，交通部確實有對蘇花改進一步規劃，並分成短、中、長3個階段。短期部分是對於今年底將要通車前，蘇澳地區箕山橋的改建、路形改善、海山西路拓寬等，還有通車前號誌與標誌整理，這些都已經進行，已經有共識。
在中期部分，未來國5蘇澳端將再增加一個雙向匝道，如此一來，可將國5的車輛分流，其中一個方向可直接連接省道台9線，也就是往冬山鄉的方向；另一方向則是通往蘇花改的隧道入口，這部分報請行政院審核後已初步或獲得同意。
至於長期的規劃，也就是國5直接連結蘇花改。吳澤成說，交通部也已經答應，將在蘇花改通車後納入評估。
「咽喉要先打通，再將後端連接起來，這樣才不會造成交通壅塞」，吳澤成表示，他已經多次提醒交通部，若國5沒有連接蘇花改，日後蘇澳地區一定會造成交通阻塞與瓶頸，否則就算日後蘇花改有其他二期等連接成就，也不會改善交通。 (中央社)",2017/06/08 18:14
https://news.tvbs.com.tw/politics/732903,槓上賀陳旦！傅崐萁：他非常反對蘇花改,"端午連假期間，蘇花公路再度因落石中斷，對東部交通造成嚴重影響，引起許多民怨。花蓮縣長傅崐萁喊話，要求早日進行蘇花改二期工程，交通部長賀陳旦則回應「不存在第二期工程」。傅崐萁在6月1日上政論節目，對此再度槓上賀陳旦，說當時蘇花改通過的那天晚上「賀陳先生在空中跟我交會，他非常反對蘇花改。」
傅崐萁在節目中表示：「賀陳旦部長沒有太多這方面的專業常識，我們可以理解，因為他不是學交通的。在去年4月，蔡總統任命他為交通部長的時候，他就已經公開的宣示，已經核定的交通建設他會來做，如果還沒核定的就不做。」
他接著說：「我想一個部長在還沒有正式接任，就已經公開放話，蘇花改已經核定的部分他就做，沒核定部分他就不做，他完全不去了解民間的疾苦是怎樣的一個狀況。他個人的這種意識，跟這種觀念，完全沒有辦法成為政府的一個首長。」
傅崐萁也透露，在蘇花改正式在環保署通過的當天晚上，當時也受邀上電視台發表看法，「賀陳先生在空中跟我交會，他非常反對蘇花改。我想，一個反對交通的人，卻被萬民共同擁戴的蔡總統任命為交通部長，我想這是今天為什麼蔡總統從七成的滿意度跌到只剩18個百分點。」",2017/06/01 20:57
https://news.tvbs.com.tw/politics/732724,林全：非蘇花改路段　年底提改善方案,"行政院長林全今天表示，蘇花公路這次坍方封路路段，待蘇花改工程完工後，將可有效改善。至於未納入蘇花改路段，請交通部加速調查分析，今年底提有效改善方案。
蘇花公路112.6公里處宜蘭蘇澳九宮里路段5月28日坍方中斷，經初步搶修後，昨天下午4時到6時已暫時開放單線雙向戒護通行。
行政院發言人徐國勇上午在行政院院會後轉述，林全會中表示，為提升東部聯外道路安全性與可靠性，行政院民國99年底核定「台9線蘇花公路山區路段改善計畫」，目前蘇花改計畫中8座隧道已有6座貫通，截至4月底為止，整體進度達69.93%，預計年底蘇澳到東澳段可完工，108年底全線通車。
林全說，這次發生的台9線坍方事件，即位於蘇澳到東澳段內，這路段新路線今年底完工通車後，用路人可使用較安全道路。沒納入蘇花改計畫路段，交通部應持續辦理邊坡落石防護、彎道改善等工程，並加速調查分析，今年底提完整有效短、中、長期改善方案。
林全表示，蘇花坍方封路後，交通部及時以麗娜輪運送人車和加開台鐵班次，對紓解旅客有相當幫助，請交通部參考這次應變經驗，研擬規劃蘇花中斷旅客及車輛疏運緊急應變機制，以減少未來因類似災害造成的交通衝擊。
另外，林全說，這次端午連假國道交通狀況比去年端午節改善，整體旅行時間也比去年少。面對未來高速公路交通量仍將不斷成長，林全要求交通部研議連假公共運輸分流計畫，減少私人運具；考量假日各時段用路需求不同，善用科技及市場機制，研究高速公路採彈性費率可行性。(中央社)",2017/06/01 14:11
https://news.tvbs.com.tw/politics/732382,擴充蘇花改　交長：不應僅是喊話,"交通部長賀陳旦今天表示，蘇花改是經過長期的規劃，如果這一次要做相當大規模擴充的話，不應該用喊話的方式，應該用專業，對地質與工程的了解之後，再來提出計畫。
賀陳旦今天視察桃園市虎頭山風景特定區等基礎建設，當他被問到有關花蓮縣長傅崐萁怒指責交通部的說法時，他表示，對於政治語言，都不予回應；也希望地方政府不要先指責別人沒有做過哪些事情。
他表示，對於有提出擴增「蘇花改善工程」的提議，恐怕要從長計議，因為蘇花公路的確在地質、迎風面與受到天災的影響下，會有落石等不安全的事情發生，同時在路段彎曲下，交通也比較容易受到影響。
賀陳旦表示，面對各項建設方案的提出，要以務實的態度面對，希望拿出數字，針對工程安全進行檢討，才適合交通的規劃，而不是以「喊話方式」，把不存在的「第二期工程」拿出來要求做出承諾。
他也表示，前瞻基礎建設沒有忽略東部地區，包括鐵路雙軌化、南迴鐵路電氣化，都是新台幣幾百億的投資，也包括許多數位建設，都把改善花蓮地區當成改善城鄉差距的重要政策，也都有比較多的經費投入，「對花蓮的建設絕對沒有怠慢」。
賀陳旦也說，長期以來對東部的發展，都有「東部發展條例」，都有經費運用。像這一次蘇花公路中斷，用海運來疏運，這些都是當初在東部發展條例當中提出來的做法。並且針對端午節民眾的需要，提前啟動海運的疏運，這都代表政府在短期與長期上，沒有忽略到居民或是到東部的民眾的行動便利。
他也說，過去的蘇花改是經過長期的規劃，如果這一次要做相當大規模擴充的話，不應該用喊話的方式，應該用專業，對地質與工程的了解之後，再來提出計畫。(中央社)",2017/05/31 16:15
https://news.tvbs.com.tw/world/732320,蘇花路斷　朝野立委籲改善花東聯外交通,"蘇花公路28日大坍方。民進黨團表示，蘇花改蘇澳到東澳段今年底就會完工，這次坍方地點的問題就能解決；國民黨立委說，應建設環島高速路網，給東部人安全回家的路。
蘇花公路台9線112.5公里處坍方中斷，花蓮縣長傅崐萁質問，蘇花改二期工程何時完成。
國民黨籍立委徐榛蔚表示，交通部曾說花東路網已可滿足目前交通現況，但每當下雨、颱風，蘇花公路就斷了，這不是滿足東部人的交通需求，這是置人民生命於不顧，呼籲中央政府重視東部人一條安全回家的路，趕快建設台灣環島高速路網，不要漠視東部人。
民主進步黨立法院黨團上午舉行記者會，黨團幹事長葉宜津說，傅崐萁應該比誰都了解東岸交通狀況，請傅崐萁不要無的放矢，請跟中央好好努力改善花東交通狀況，「不要再做台北市長的春秋大夢」；蘇花改正在施工的蘇澳到東澳段，今年底就會完工，這次坍方地方的問題就能解決，整段蘇花改則預計108年底完工。
民進黨團書記長李俊俋說，為了解決問題，政府認真做蘇花改，總共3段加起來就是要補足蘇花公路容易坍方的問題，花東交通大家應該一起努力，不是噴政治口水，現在沒有一個工程叫「蘇花改二期」，身為花蓮縣長怎麼會不清楚？
民進黨籍立委蕭美琴說，聯外交通是花東居民幾十年的痛，盼不要再造製造爭端、不要再噴口水，請大家支持花東雙軌鐵路、南迴鐵路電氣化工程，這些都已在前瞻基礎建設計畫中。(中央社)",2017/05/31 13:48
https://news.tvbs.com.tw/politics/732091,「派蝦兵蟹將來」　傅崐萁罵總統不關心花蓮,"花蓮縣長傅崐萁為了蘇花公路動怒，批評總統以及交通部長賀陳旦，沒有親自到花蓮視察，也讓大家再度關注傅崐萁，行政院也強調，蘇花改工程持續進行中，這次蘇花公路中斷是天災，只要工程完成後交通狀況就會改善；不過就有花蓮人質疑，傅崐萁最近為選戰鋪路動作太過明顯，甚至還在花蓮的官方line上面發民調問卷，更列出包含張善政以及他自己等人，要民眾選擇。
端午連假花蓮人不好過，蘇花公路因為落石阻斷雙向交通，出不來也進不去，讓花蓮縣長怒了！
花蓮縣長傅崐萁：「國家的領導人蔡英文總統，我們不食人間煙火的賀陳旦部長，今天你們兩位都沒要到花蓮來，派一些下面的蝦兵蟹將到花蓮來，也沒有通知花蓮縣政府。」
總統蔡英文、交通部長賀陳旦，通通罵一遍，毫不留情面。
花蓮縣長傅崐萁：「國家元首到現在不講話，交通部長也不講話，花東人民遭受路斷是理所當然嗎？」
砲口對準中央，不推底下局處首長出來面對，傅崐萁親自上陣，也讓他最近頻頻曝光，包含親自來台北送西瓜，議員、里長通通有，外界解讀有心鋪路2018台北選戰，因為不只動作很多，更在花蓮的官方line要大家做民調，還說花蓮縣長傅崐萁名列民調中心台北市長候選人一員，給予支持，「讓我們一起出『萁』致勝」，問卷上列了包含有張善政、江宜樺、蔣萬安等人要大家選擇，只是私人問卷用官方line宣傳引起質疑。
花蓮縣長傅崐萁：「我想今天任何的選舉都已經不重要，任何的花俏、任何的把戲都已經不重要。」
不直接回答，再罵中央模糊焦點，選不選2018沒到最後不會鬆口，花蓮縣長傅崐萁有他一套政治策略。",2017/05/30 18:47
https://news.tvbs.com.tw/life/725381,蘇花改不接國5　代縣長：蘇澳恐淪停車場,"蘇花公路山區路段改善計畫，南澳到東澳段預計明年初就會通車，將吸引更多遊客開車到花東玩，但蘇花改和國道五號沒有直接銜接，來往車輛必須經過蘇澳市區，但市區街道線路小又有紅綠燈，恐怕無法容納那麼多車，會讓本來就很塞的蘇澳市區，塞車更加嚴重。
2線道塞滿，一台又一台轎車得出動員警指揮，遇上假日，車輛就卡在蘇澳市區，排隊上蘇花公路，然而蘇花改蘇澳到東澳段106年將通車，往花東路程更好走，吸引更多遊客，但這個狀況恐怕讓蘇澳市區塞到爆。
蘇澳居民：「過年的時候好塞，塞了一整天。」
蘇花改的起點在蘇澳市區的蘇港路，距離國道五號終點約有3公里，而且途中得經過當地人車本來就很多的蘇澳市區和蘭陽隧道。
宜蘭縣代理縣長吳澤成：「在市區會受到紅綠燈控制，速度絕對比不上快速道路。」
公路總局處副總工程司李忠璋：「改善蘇花公路主要路段的一些線型比較不好、比較容易坍方落石的路段。」
高公局粗估，做高架匝道連接至少得花100億，還有可能牽涉到土地徵收問題，是否需要直接連接未來會再評估，而且這段要銜接需要三方合作，國道五由高公局負責、蘇花改則是公路總局，還得協調當地的宜蘭縣府。
逢甲大學運管系副教授李克聰：「北宜到花蓮的交通會在蘇澳市區打結，興建蘇花改的效益可能不會達到我們原本的目標。」
專家建議是否要連接還需相關單位重新評估，但可以預期蘇花改通車後，小小的蘇澳將進入痛苦的交通黑暗期。
下載TVBS新聞APP，抽1萬元電子禮券！
活動詳情",2017/05/06 13:28
https://news.tvbs.com.tw/politics/718306,前瞻計畫花蓮沒份？　傅崐萁：請用同理心,"行政院日前公布，耗資8800億的前瞻基礎建設計畫，不少縣市拿到經費蓋輕軌，但花蓮縣縣長傅崐萁卻痛批花蓮根本被中央漠視，計劃裏頭花蓮都沒份，還批蘇花改一期工程即將通車，但二期工程完全沒有著落，導致花蓮人清明返鄉要塞7小時的車。
清明連假，花蓮人要返鄉掃墓，但蘇花公路2日南下車流爆量，一路回堵，蘇澳市區宛如大型停車場，有人說從蘇澳開車到花蓮平常2小時，連假期間花了7個鐘頭。
蘇花改第一段年底即將通車，提高速限、路也更筆直，可望紓解假日車潮，但行政院日前公布的8800億的前瞻基礎建設計畫卻不見蘇花改二期工程。其實蘇花改一期工程3個路段，將分別在年底以及108年完工，但二期工程也就是沒包括在一期內的，東澳南澳和中和仁以及崇德大清水3個路段，地方看不到規劃時間表，也讓花蓮縣長傅崐萁相當不滿。
交通部回應，蘇花改二期做不做還要再評估，但每次碰到假日，遊客加上返鄉車潮總是塞塞塞，讓花蓮人想回家好辛苦，加上看到別的縣市有大筆經費蓋輕軌，蘇花改喊了多年還沒下文，也讓地方首長質疑中央，漠視後山基礎建設。",2017/04/05 17:30
https://news.tvbs.com.tw/politics/663563,內閣「苦情爐主」　賀陳旦：不後悔接交通部長,"交通部長賀陳旦上任不到兩個月，就發生桃機淹水、華航罷工、台鐵爆炸等事遭酸是新閣員當中的「苦情爐主」，賀陳旦今天笑笑回應，他說自己不後悔接任交通部長，但原本大力反對蘇花改建設，賀陳旦卻突然改口，強調自己現在當部長，會讓工程繼續執行，態度大轉彎。
每回現身不是華航罷工、桃機淹水，就是台鐵爆炸，交通部長賀陳旦只能苦笑，上任不到兩個月，被稱為新閣員苦情爐主，會不會後悔？
媒體人周玉蔻：「你後悔了嗎？」交通部長賀陳旦：「沒有，我不覺得罵是一個那麼難過的事。」
批評聲浪，賀陳旦咬牙撐住，尼伯特颱風重創花東，蘇花公路遇落石阻斷雙向通車，花蓮縣長怒吼要交通部給個交代，賀陳旦優雅反擊。
交通部長賀陳旦：「蘇花公路的落石造成的不安全，這件事情是被凸顯被放大的，我所了解的，真正的不安全是來自於車禍居多。」
清楚地方要求彌補，過去大力反對蘇花改工程，賀陳旦部長身分態度大轉彎，不敢阻擋了。
記者：「蘇花改那時候，部長您是表態不贊成的，但現在？」交通部長賀陳旦：「那不是叫做部長，那叫做『賀陳旦』不贊成蘇花改一些建設內容，但是現在我自己是部長，必須要讓這個工作已經有的部份，繼續執行下去。」
硬是想個說法解套，賀陳旦臉上無奈，勞動部公告廢止例假可挪移，客運業者揚言8月罷工，怎麼接招？
交通部長賀陳旦：「一部分的補貼給客運業者，一方面他們能存活下去、照顧民眾，一方面合理尊重員工權益，這兩件事能夠兼顧。」
一切照中央規定來，甚至是之前遭痛批的取消國道夜間收費機制，中秋節連假賀陳旦也不打算讓步，管他外界罵再兇，絲毫不減強硬作風。
圖／TVBS資料畫面",2016/07/12 13:30
https://news.tvbs.com.tw/life/652152,蘇花改最長「觀音隧道」貫通　預計後年通車,"蘇花改裡頭最長的觀音隧道上午完全爆破貫通，不過準交通部長賀陳旦還沒上任，卻提前表態，表示「東澳到南澳段」沒需要就不做，引爆東部居民反彈，對此馬總統回應希望新政府多多思考，行政院長張善政也說，準部長已經8年沒碰實務，希望他正面看待這些工程。
三聲爆破煙霧漫天，就在這一刻，蘇花改裡頭最長的觀音隧道完全貫通。
記者彭志宇：「觀音隧道的最後一哩路，已經在這道牆爆破之後，已經南北完全貫通。」
歡天喜地，馬總統開心撿貫通石，不過之前準交通部長賀陳旦談到蘇花改「東澳到南澳路段」，如果沒必要不必做，引起花東居民反彈，馬總統也對新政府喊話。
總統馬英九：「最後一哩路應該把它完成，讓東部的人能夠至少稍微趕上一下西部的建設，這個部分我們希望下一任政府能夠仔細思考，不要很快把它否決掉。」
雖然東澳到南澳段，原本預計年中才要進行評估，也不在現行蘇花改的範圍內，但準交通部長上任前先表態，張善政也直接回應。
行政院長張善政：「新的部長上任以後，他因為有8年沒有接觸到實務了，我覺得我們的工程單位，我們的交通部、我們的公路總局應該給他更新的觀念。」
立委蕭美琴：「過去8年沒有納入一定有其的原因，這些原因應該綜合地方需求、工程可行性等各項因素來評估。」
蘇花改「東澳到南澳段」是否施工還沒著落，但蘇澳到東澳段預計明年通車，蘇花改這個號稱雪隧後最大工程，往完工之路邁進，要給東部一條安全的回家的路。
圖／TVBS",2016/05/03 14:18
https://news.tvbs.com.tw/politics/651761,北宜直鐵不蓋？　準交長賀陳旦批：亂花錢,"新政府還沒上任，不過準交通部長賀陳旦日前接受訪問，對花東運輸瓶頸改善計畫表態，說「北宜直鐵不要了！」，他也不贊同蘇花改東澳到南澳段蓋隧道，賀陳旦認為，砂石車才是蘇花公路行車安全的元兇，應檢討東部水泥產業存廢問題，而非花百億元蓋新道路。
每到假日，連結台北、宜蘭的雪隧就會塞爆，交通部為了舒緩龐大車潮，規劃北宜直鐵，從南港出發，經過雙溪、大溪再到頭城，比現行快18分，但現在新政府上任前卻出現了不同的聲音，準交通部長賀陳旦認為花5百億，只為了縮短18分鐘車程，似乎不符合經濟效益。
民眾：「如果有直線鐵路的話，對蘇環交通是滿大的幫助的。」
宜蘭縣政府建設處長林國明：「北宜直鐵這個部分，會穿越道比較敏感的區域，是不是就這樣子，沒有解決的方法，我還想還是需要專業的對話。」
不只對北宜直鐵有意見，準部長還對正在進行中的蘇花改工程也有意見，砂石車、水泥車、貨車佔了每天往返蘇花的一大半，在窄窄的公路上意外事故時常上演，賀陳旦認為與其為了安全，打通東澳、南澳之間蓋隧道，不如將經費補助地方運輸發展。
宜蘭縣政府建設處長林國明：「從東澳到南澳段，這個部分還是有一些道路瓶頸的問題，如果就安全上來講，這個部份其實還是需要評估。」
賀陳旦認為，蘇花公路不安全的原因就是砂石車，因為宜花都有水泥產業，而且已經供過於求，須檢討存廢問題，但加蓋隧道不單單只為了行車安全，也可以拉近讓花東對城鄉的距離，經濟建設和實際效益之間依舊在拉扯。
圖／TVBS",2016/04/30 13:12
https://news.tvbs.com.tw/local/642472,蘇花公路意外多！　超車、逼車、坍方成主因,"蘇花公路堪稱是最危險道路，根據統計去年1月到6月就發生上百起車禍，一共有38人死傷，而且只要颱風一來或是雨量過多，道路就會坍方，也是造成意外的一個原因，現在蘇花改工程雖然已經在進行，但改善的只有幾個路段，花東地區居民直呼要全面改善，才能減少意外的發生。
蘇花公路上銀色轎車想超車，但忽然失控往左偏移又往右邊飄，驚險萬分；貨櫃車轉彎後車身越來越傾斜，最後整輛車翻覆在對向車道，還好騎士急忙閃過才沒有受傷，驚險蘇花公路也有人想超車；白色轎車試圖闖越雙黃線，但對向來了一輛轎車，還好雙方速度不快才沒有撞上，蘇花公路堪稱最危險道路，也讓用路人都覺得怕怕的。
民眾：「蘇花公路常常有落石，所以現在都不走蘇花，只好搭火車。」
加上只要颱風一來或是雨量過多、土石鬆動，蘇花就常常坍方，現在蘇花改善工程已經在進行，蘇澳到東澳段就快要完工，希望4月就能貫通隧道，這次重大車禍的拖板車司機是蘇花改的材料廠商，在把資料送到工地給承包商時發生的車禍。
蘇花改工程處副處長李宗仁：「所有的承包商不管是在工區裡面，就算是它的協力廠商或者是材料廠商，所有的一個車輛我們要做一個源頭管理。」
現在也會加強源頭管理，包括車齡、煞車、超載、保養都要嚴格管控，希望能多一分注意少一次意外。",2016/03/03 12:36
https://news.tvbs.com.tw/life/625915,砰！蘇花改觀音隧道最後一爆　北線貫通,"蘇花公路改善工程中，觀音隧道北上線11月14日上午11點左右，在轟隆的爆炸聲響中全線貫通，觀音隧道全長7.9公里，是僅次於雪隧第二長的公路隧道。這次距離北口約1.8公里，最後一面2公尺厚的薄岩斷面，如期爆破貫通，不少工程人員看見這一幕相當開心。
工程人員：「3、2、1，爆破貫通。」
一聲令下，隧道那頭傳來爆炸聲響，工作人員趕緊上前，在砂石粉塵迷漫之際透出陽光，這裡是宜蘭蘇花改的觀音隧道，最後這一爆北上線 7.9公里全線貫通。
工程人員陳燕郎：「這個洞口是我開的，所以結束的時候，我也要來，我們都在努力啦。」
心情最激動的是沒日沒夜、拚命工作的底層員工，花了3年多終於讓長度僅次雪山隧道的觀音隧道北線貫通，而南線預計明年4月貫通。
蘇花改和平工務段段長潘客舟：「它的地質的多變化，就是我們從北邊到南邊總共7.9公里，中間各個斷面每次前進的地質條件都不一樣。」
地質和地下水對蘇花改工程是一大挑戰，不過這一次如期貫通，對施工單位來說就像是「穩定軍心」。
工程人員：「蘇花改加油、蘇花改加油。」
傳統認為炸下來的貫通石能帶來好運，這次工程處將送出1500顆，其中500個開放上網登記，剩下的現場排隊，想求好運的民眾可得把握機會了。
TVBS網路新聞整理報導　未經同意不得轉載",2015/11/15 08:58
https://news.tvbs.com.tw/life/615887,耗時危險性高！　蘇花改造工程難徵工,"國內大型工程本來就很缺工人，加上宜蘭大型飯店越來越多，建案林立，造成蘇花公路改善工程找不到工人，目前包商只能先申請外勞趕工，有工人表示，由於蘇花公路離市區太遠，交通不方便，再加上食宿等經濟考量，才會選擇在宜蘭市區附近工作。
把木條層層疊起，放方工人也全部都在趕工，打著赤膊搬起木板，放眼望去，宜蘭空地上全部都是正在興建的房子，加上國內勞動人力本來就不足，讓蘇花公路改善工程找不到工人。
工人vs.記者：「蘇花改性質不一樣，怎麼說？這個是在蓋房子，這個是在做隧道，所以照理說技術本能不一樣，比較危險嗎？嗯，那個隧道危險性一定比較高，蘇花改，加油。」
觀音隧道工程在8月初全面開工，蘇花公路改善工程要補500個工人，但是只有5個人來登記，真正報到的只剩3人，嚴重缺工，只能申請外勞專案來因應。
公路總局蘇花改工程處處長邵厚潔：「缺工不會是一個工期不會完工的原因，這個絕對不可能存在，只是今天你缺的是本國工，那用外籍勞工來因應，這個是一定會有的。」
雖然處長說不會影響到完工日期，不過隧道內環境惡劣，施工危險性高，興建農舍相較下來安全許多，而且「距離」也在工人的考量之中。
工人vs.記者：「我這樣來回比較遠阿，太遠了，這樣回家，租房子也是浪費到消費阿，這裡也是缺工人啦，為什麼？到處都在缺工，工作多。」
國內到處都在缺工人，加上近年來宜蘭大型飯店越來越多，建案林立，分割不少勞動力，讓蘇花公路改善工程找不到工人，不過到底能不能如期完工，還是個未知數。
TVBS網路新聞整理報導",2015/09/06 14:20
https://news.tvbs.com.tw/life/520756,貫通石助生子？排不到　民眾怒罵,"政府鼓勵生育，不過真的不少人，求子若渴．正在興建中的蘇花改，觀音第二隧道打通後，今天開始贈送免費的「貫通石」，結果引來大排長龍，因為貫通石取貫通之意，有求子生男的傳說，因此許多民眾遠從台中、台南，昨天開始漏夜排隊，沒想到這麼搶手，偏偏每天只限量50顆，結果凌晨名額就全滿，沒排到的民眾，大罵工程處人員不便民，場面一度尷尬。
大排長龍，冷風中帶著火藥味，果然開飆了。排貫通石民眾：「這排明天的嗎？」工程人員：「對，這排明天的，本來都排在外面，但是下雨移進來。」排貫通石民眾：「吃飯也不能離開，大號也不能離開，小號也不能離開，那你們跟我們同進退好不好？
又冷又累，偏偏又不能走，一見著工程人員，民眾當然罵個不停。排貫通石民眾：「發號碼牌啊，你們就是要便民啊！」
什麼東西這麼搶手，很難想像，就為了一顆石頭。蘇花改主任工程司李宗仁：「我們沒有預計到說，這次觀音隧道的貫通石，會那麼搶手，那因此今天的，原本預計的50位的名額，在凌晨的時候，就已經全部都額滿了。」
傳說能添丁求子，小小貫通石，竟這麼夯，原本想給民眾福氣，卻給自己找了天大麻煩。工程人員：「26、27、28。」
一天只發50顆，外頭長龍，已經是明天後天的配額。工程人員：「50，先生，不好意思，到這邊是明天的50個。」
排貫通石民眾：「再排一下啊，看事情有沒有變化，(女兒)才剛生。」記者：「剛生還要排？」排貫通石民眾：「要排啊，這一次生女兒，為了生男生要排隊，每一戶都發，反正老人家也都生，這樣我們明年人口就會很多。」
外頭頂著低溫，苦，不過門內，前50名幸運兒，倒是心情大不同。排貫通石民眾：「昨天下午5點半排隊，昨天從新竹，坐2點40分的自強號來到這裡。」
排貫通石民眾：「台中，台中烏日。」
民眾從台中、從台南，前一天趕來排隊，求子若渴，終於等到這一刻，拿到貫通石，就像拿到懷孕通行證。排貫通石民眾：「辛苦是有代價。」記者：「你有覺得拿到的那一刻，感覺怎麼樣？」排貫通石民眾：「很爽。」
香港遊客：「香港過來的，過來玩順便拿的。」
還沒結婚的香港遊客，也搶了個名額，小小貫通石，擺床頭、放床底，哪兒都好，不過想生小孩，夫妻倆回家，還是得好好努力。",2014/02/11 17:52
https://news.tvbs.com.tw/tech/520193,神秘「貫通石」！祈求生子　民眾搶索取,"觀音隧道在上個月底完成第2個貫通面，因此蘇花改工程處，預定從11日開始，發送「貫通石」，由於「貫通石」有祈求懷孕生子的象徵，民眾索求熱烈，所以工程處每天限量50顆，總共發放450顆，有興趣民眾可要把握機會。
隧道爆破，石塊向外彈飛，岩石炸散再開挖，蘇花改觀音隧道第二個貫通面，上個月底完成，蘇花改工程處11日開始，又要來發送「貫通石」。
東澳工務段段長項授青：「從2月11日開始，那我們就是每週的二、三、四，每天開放50份，由民眾來我們展示館這邊，親自可以來索取。」
所謂貫通石，就是隧道完工打通貫穿，最後一層岩石，貫通石之所以每次發放都這麼搶手，是因為傳說貫通石拿回家，擺在床邊，可以助孕，還有男性坐上貫通石，面向太陽，就可以一舉得子，連部裡同仁都想要一顆，因為工程單位真的有人拿了貫通石後，求子成功。
南澳工務段工程司李人豪：「102年6月底貫通之後，我們就有貫通石，因為我們剛好那段，同事就把貫通石給我們，就擺飾了嘛對不對，所以它就產生了功用，然後大概8月，就知道7月有懷孕這樣。」
不只懷孕，還保證生子，以前貫通石贈送前，都會被塗上色彩作點綴，這次限量的450顆，決定保留最原始的面貌，讓民眾免費索取，實際驗證貫通石的神秘力量。",2014/02/06 12:53
https://news.tvbs.com.tw/local/505774,強風吹翻平台！　蘇花改一工人墜亡,"位於宜蘭南澳鄉的蘇花改武塔高架橋工程，今天上午9點50分傳出工人墜落身亡的意外，兩名工人在離地20公尺處的平台上進行懸臂吊車拆除工程，疑似陣風過大，底板掉落，造成兩名工人一位懸吊空中，另一位工人身上的繩索被扯斷，不幸墜落身亡。
平台底板從高空掉下，直接砸中下方的圍籬，衝擊力強大造成嚴重斷裂凹陷，3日早上9點50分，兩名工人在宜蘭南澳的武塔高架橋工程，進行拆除懸臂吊車作業，突然一陣強風吹翻了平台，造成一位劉姓工人吊掛空中，另一位馮姓工人，從20公尺高的平台上墜落，不幸身亡。
現場工人：「你如果要勾的時候，從前面這裡拿起來。」記者：「再勾上去？」現場工人：「對，再勾上去。」
馮姓工人雖然有穿戴安全掛鉤，但是疑似因為底板掉落力道太大被扯斷，無法救他一命，而現場陣風瞬間可能強達五級，根本來不及反應。
南澳工務段段長梁佳湘：「可能是風勢過大，我們的整個平台就有損壞的現象。」
下午北區勞動檢查所到場勘驗，要了解是陣風引發意外，還是安全防護上有疏失，目前整個作業已經暫時停工，等到確保工程安全後，才會再進行施工。",2013/10/03 18:32
https://news.tvbs.com.tw/life/505703,〈快訊〉蘇花改鐵架掉落　一工人墜下身亡,"蘇花改工程發生意外，一名工人從鐵架上掉落，搶救後已無生命跡象。
今天上午10點多，蘇花改工程因為鐵架掉落，造成一名工人從20公尺高的鐵架上掉下來，被壓住受困，救難人員趕緊前往搶救，但是已經沒有生命跡象。",2013/10/03 10:51
https://news.tvbs.com.tw/life/217545,這顆石頭助懷孕！　隧道「貫通石」真搶手,"交通部怎麼也關心起生育率、幫忙催生呢？部長葉匡時本來就愛在臉書上互動，25日他PO文，說要送出10顆蘇花改觀音隧道的貫通石，所謂的貫通石，就是隧道打通時，最後一層岩石，據傳貫通石拿回家，擺在床邊可以助孕，不少工程單位就有人因為拿了貫通石，求子成功，葉匡時的PO文反應超乎熱烈，才半小時就被索取一空。
隧道爆破，炸開的石塊往外彈飛，岩石炸散再開挖，蘇花改隧道施工用的就是鑽炸法，進度最快的觀音隧道，24日貫通，打通最後一層岩石。
TVBS新聞記者黃荷婷：「這是蘇花改觀音隧道的貫通石，傳說中把隧道貫通石拿回家，擺在床邊有助於求子。」
貫通石還能包生子，交通部長葉匡時24日出席貫通典禮，隔天在臉書上PO文，要送出10個貫通石，因為據說，擁有貫通石可以讓不孕者懷孕，請大家私訊留下地址，反應超熱烈，學生、同學，甚至部裡同仁都想要一顆，累積到26日傍晚已經有200多個讚。
交通部長葉匡時：「半鐘頭不到，10個貫通石已經被要完了，然後陸陸續續還有好多人繼續送e-mail給我，問我還有沒有貫通石。」
要送當然不可能這麼大顆，貫通石最後會變成像這樣，小小一個當成紀念品，只是傳說到底是真是假？公路總局員工劉小姐：「拿了貫通石一年多以後就懷孕了，然後懷了孕以後，等到末期再跟同事、長官聊天，才知道原來貫通石還是包生男的。」
不只懷孕，還保證生子，任職公路總局的劉小姐還將貫通石傳給下一位，事實上類似的工程傳說，除了貫通石可以助孕，動工的鏟子取諧音也能包產子，交通部長臉書助孕，出乎意料搶手，考慮下一次有隧道貫通再加碼送。",2013/06/26 20:59
https://news.tvbs.com.tw/local/4286,〈獨家〉「蘇花改」商機　地價漲、遊子開民宿潮,"花蓮不僅農業興盛，觀光人潮也帶來無限商機，而現在再加上蘇花改積極建設，更帶動當地地價上漲2成，因此也掀起遊子返鄉熱潮，回老家開民宿投資，短短幾年，花蓮民宿就從不到100家暴增到上千家，其中遊子就佔了1/5，看好花蓮「錢景」依舊深具潛力。
推開木門，眼前的茅草發呆亭和木造建築充滿南洋風情，業者把峇里島家具原汁原味搬回花蓮，在吉安鄉買地蓋民宿。記者：「幾年下來之後，有沒有發現附近的土地價格有漲？」民宿業者盧俊豪：「有，有稍微上漲大概1、2成左右。」
看準老家的觀光財潛力，盧先生在6年前投資5、6百萬買了1400坪土地，花費2千萬裝潢佈置後，每年平均上千旅客入住，年營業額穩定成長10%，因此當地民宿從原本不到100家，短短幾年暴增到上千家，其中1/5都是遊子回鄉投資。
隧道爆破，為了改善蘇花公路而進行的蘇花改工程，從宜蘭一路延伸到花蓮和平段，雖然周邊屬於原住民保留區，只限特定人士開發，但花東人引頸期盼的蘇花高，曾經讓新城鄉地價從每坪3、4千元飆到上萬元，如今再因為蘇花改工程，去年又成長2成。
自產自銷者陳錦慧：「我們沒有菜單，那就是按照我們當時菜園裡有什麼東西，然後我們提供給客人。」
就連原本跟丈夫旅居日本，也決定返鄉自給自足，有上一代留下的土地自產自銷，也開放廚房當餐廳經營，瞄準故鄉好山好水，觀光及建設持續帶來商機及人潮，「錢景」就像農作物持續發芽。",2013/02/01 19:17
https://news.tvbs.com.tw/local/40388,〈獨家〉爆破炸山！　直擊「蘇花改」隧道開挖,"蘇花公路坍方已經不是新聞，對於東部居民來說，期待的是1條能夠「安全」回家的路，而蘇花改就是針對蘇花公路，災損嚴重的3個區段，進行改善工程，透過隧道，避開坍塌路段，其中進度最快的觀音隧道，是利用台鐵的舊隧道當通道，往旁邊打工作面，接到主線，但由於岩盤堅硬，必須透過鑽炸開挖，施工工程難得曝光。
工程人員：「把嘴巴稍微張開一點就可以了，把耳朵摀起來反而會更不好，預備。」
隧道爆破，炸開的石塊往外彈飛，不只隧道口往外警戒50公尺，周圍還要淨空，人車暫停，因為開炸的蘇花改隧道就在蘇花公路正下方40公尺，炸藥量算的精準，分成110個開炸口，震動不能影響蘇花公路，「堅硬」的岩盤炸散後再開挖，能省下不少時間。
蘇花改工程處副處長黃鳳岡：「用鑿的方式的話，可能要10幾到20幾個小時，但是如果用開炸的方式的話，大概從鑽孔到開炸完畢的話，大概2到3個小時就可以完成。」
選在蘇花公路災損最嚴重的3個區段進行改善，蘇花改工程長度38.4公里，有8座隧道，投入492億經費，進度最快的「觀音」隧道，利用舊台鐵觀音隧道當施工通道，拆除枕木、鋪上水泥，往旁挖出橫坑，再接到主線。
真正的觀音隧道是這個半圓弧形，寬度約12米，採「新奧」工法，挖好的山壁必須噴漿，再打入6米深岩栓，穩固地層當支撐，工程24小時施作，蘇花改避開容易坍方路段，改走隧道，能否帶來一條「安全路」，完工日要等到民國106年。",2012/12/17 19:40
https://news.tvbs.com.tw/life/39109,蘇花改排煙板似日隧　新技法較安全,"日本隧道日前坍塌奪走9條人命，而釀禍的排煙板，和台灣正在施工中的蘇花改隧道原理相似，引發外界憂心，台灣隧道會不會也上演崩塌悲劇？而工程人員表示，儘管2隧道排煙原理類似，不過台灣使用的是新工法，排煙板沿隧道弧度架設，最高可以耐6到7級規模地震，相對安全。
行控中心警報器聲大作，隧道裡立刻竄起熊熊大火，當時逃過一劫的日本NHK記者拍下的畫面，整個洞口幾乎被濃煙吞沒，2日日本山梨縣隧道崩塌意外，造成9位民眾死亡，而坍塌釀禍的排煙隔板，竟和台灣正在施工中的蘇花改長隧道設計類似，引發安全疑慮。
實際到蘇花改隧道，工務段人員正加緊施工，其中觀音隧道長7.9公里，僅次雪隧是國內第二長，如果車輛行經時不慎起火，濃煙會朝上方通風隔板竄再從兩邊排出，稱作「點排式排煙法」，國內首度引進，和日本這次坍塌通風板原理異曲同工之妙，但兩者施工技法卻不同。
像台灣的隔板是沿著隧道拱形架設，再用鋼筋水泥固定，最高可耐6到7級規模的大地震，而日本隧道的天花板是用一片片水泥板連接，再用螺絲將鋼板固定，這次疑似就是螺絲老舊支撐力不足，加上水泥塊平鋪，才會塌陷釀災。
救難人員：「請救難人員盡速撤離。」
日台隧道工法大不同，台灣新技法安全度提升，但工程人員也說會再針對日方的調查報告，做預防性檢討，就要避免類似意外發生。",2012/12/04 14:19
https://news.tvbs.com.tw/politics/35741,蘇花改「數鳥」生態停工　挨轟人不如鳥,"蘇花改興建工程是否持續？現在竟成為「人鳥大戰」，公路總局首創「生態停工機制」，只要工程沿線的白頭翁、麻雀等9種常見鳥類總數變少，蘇花改就得停工，讓當地鄉親很不滿，就有議員大呼「人命不如鳥命」，連縣長傅崐萁都鼓勵民眾多多養鳥放生，讓蘇花改如期完工。
蘇花改反對者(2010.11.9)：「環保署長調錄影帶出來看，署長。」
環保團體衝入會場抗議，這是2年前蘇花改環評時的景象，現在蘇花改動工，公路總局卻公布首宗生態停工機制，鎖定9種鳥類總數只要少於97隻，或在太魯閣國家公園內少於62隻，蘇花改就要停工，引發當地強烈反彈。
花蓮縣長傅崐萁：「國家重大建設，是不是都要先知會地方政府，人人養鳥，大家都來養鳥，讓地方鳥都不能少，工程才能全力推動。」
議員炮口直指公路總局是「拿鳥命換人命」，只是看看「生態停工機制」，指標物種的9大鳥類，其中的白頭翁、麻雀和綠繡眼，都是一般民眾很難購買到的鳥類，而實際走一趟鳥店，也只能找得到綠繡眼。
記者：「綠繡眼目前都沒有野外培育的，就是沒有人工的？」鳥店業者：「沒有，沒有。」記者：「都是野外抓來的？」鳥店業者：「對，都是野外。」記者：「所以店裡面有9種鳥嗎？」鳥店業者：「沒有，只有綠繡眼。」
針對縣府要養鳥放生護蘇花改，公路總局強調，生態評估機制早在環評前，就跟環團和專業人士討論過，每3個月進行2次調查，為的是要維持生態多樣不被破壞，只是用鳥類數量增減做評估標準，蘇花改建不建變成「人鳥大戰」，一觸即發。",2012/11/01 00:26
https://news.tvbs.com.tw/life/67399,〈獨家〉蘇花一改再改　卡位業者半數難撐,"位在蘇澳港旁邊的海鮮街，是往蘇花的必經之路，原本就是一個交通活絡的地方，加上13年前，蘇花高速公路工程規劃出爐，不少業者趕緊在海鮮街卡位開店，看好的就是蘇花高公車後帶來的龐大商機，還有業者一投資，就是7千萬，不過10多年來，「蘇高花」從「蘇花替」再變「蘇花改」，計畫一延再延，最後打出2017年完工，不過海鮮街也從全盛時期10多間，到現在剩比較大型的6間餐廳還在經營，政府的這項交通建設變化，牽動著不少人的生計。
海鮮餐廳業者：「來來來，看是要吃合菜還是要用單點的。」
客人一上門熱絡招呼，原本在南方澳經營海鮮餐廳的陳老闆，6年前轉移陣地到到蘇澳，大手筆斥資7千萬，水族箱、藝術品，上百坪場地全是因為看好蘇花高通車帶來的經濟效益，早早卡位。海鮮餐廳業者陳永坤：「蘇花改當然對我們有很大的幫助，因為交通便利的話，來往的車輛也比較多，我那時候買(店面)是不貴，但是我裝潢也差不多花了3千萬左右，開店一共花了7、8千萬。」
從蘇東北路到蘇東中路形成蘇澳海產街，這裡是通往蘇花公路必經的要道，蘇花改計畫中終點蘇港路，離這裡不到5分鐘車程，不少業者在2000年蘇花高計畫完成時，紛紛看好商機，在海產街開起餐廳先卡位。
全盛時期這一整排釣具、卡拉OK店，幾乎都是海鮮餐廳，不過蘇花高計畫因為環評因素一改再改，2008年變蘇花替，2010年變蘇花改，加上多業者等不下去紛紛收攤。記者：「大家在等蘇花通？」海鮮餐廳業者陳永坤：「當然囉，大家在等說通了的話，人潮是不是會越來越多。」
地方文史工作者廖大慶：「有的業者撐得下去，有的撐不下去，也有人就先走了(收店)，不怕死的就繼續留下來，撐得比較久的，俗話說，棚下是站久的人的。」
去年創意旅行團21人蘇花公路翻車事件，造成不少旅客前往花蓮改搭火車求心安，連帶影響位處中繼站的蘇澳海鮮街，期盼2017年完工的蘇花改帶來商機，讓平日就像假日這般人潮洶湧，不過還要撐多久，誰也沒把握。",2011/09/22 19:07
https://news.tvbs.com.tw/life/43922,〈快訊〉蘇花改南澳和平段　拍板年前動工,"蘇花改確定農曆春節前開始動工。
蘇花改農曆春節前開始動工，其中的南澳和平段，已經在19日完成發包決標，並計畫在春節前正式動工，預計整個土木工程標案，將會在105年底完工，106年底前完成機電照明。
至於長9.7公里的蘇澳東澳路段，預計12月起陸續發包動工，希望能夠儘早提供給東部民眾一條安全回家的路。",2011/01/21 21:09
https://news.tvbs.com.tw/life/111673,史上最嚴謹？史上最黑暗？　「蘇花改」過關,"眾所注目的蘇花改環評會議，今天進行最後一次審查，結果主席環保署長沈世宏，在沒有投票或表決的情況下，宣佈環評委員「無異議」通過審查，蘇花改可以開始發包興建，結果場外環保團體一片譁然，認為蘇花改這樣一個比雪隧大的工程，但環評資料卻比雪隧少，痛批決策粗略草率，認為地方人士和花蓮縣長傅崑萁向施壓，用政治力通過審查，但傅崑其則說，審查可受公評，他認為過程史上最嚴謹。
花蓮縣長傅崑萁：「我想這個（蘇花改）案子，可能是環保署從開署以來，最為嚴謹的一個（環評案件）。」
綠黨秘書長張宏林：「這真的會是台灣環評史上最黑暗的一天。」
對照花蓮縣長傅崑萁笑容滿面，環保人士氣到不行，痛批草率，沒有投票表決，主席環保署長沈世宏宣布評審委員「無異議」通過環評。蘇花改環評委員陳鎮東：「你如果有數據的話，你就告訴我是不是在隧道高層底下就好了，為什麼每一個隧道前面，都加一個應該的『應』，我讀起來就表示，你沒有把握|。」
長達6個小時會議，環評委員其實不是沒有意見，但只有少數委員提出異議，最後一次的環評大會，結論和11月1日第2次的初審會議幾乎一樣，蘇花改有條件通過，預計民國105年通車。
蘇花改反對者黃斐悅：「你們到底愛不愛花蓮的孩子？」蘇花改支持者：「你不要演戲，不是只有你發表意見，沒有風度，做戲做的過頭了。」
才發言過的環保人士試圖衝進場內，質疑傅崑萁和少數環評委員影響審查結果，被保警擋了下來，議場外正反角力，都說對方在作秀，扯上外國環保人士，又變成愛台灣議題。蘇花改支持者：「你回去美國啦，台灣不歡迎你，台灣萬歲，台灣不歡迎你。」外籍反對者：「對不起，我已經是台灣人。」
雖然雙方找不到平衡點，但做了十幾年環評的蘇花改，就在梅姬風災過後1個月加速通過，而且最快年底就會發包，預計民國105就會通車。",2010/11/09 14:52
https://news.tvbs.com.tw/life/111678,「你不愛台灣！」蘇花改最後環評　正反互斥罵,"眾所注目的蘇花改環評會議，上午進行最後一次審查，如果今天通過了，蘇花改就會進入發包施工階段，預計民國105年完工；不過就向先前許多環保人士質疑的，因為梅姬風災，所以環評加速，許多土質和水文調查都還沒齊全，反對人士表示，一個比雪隧大的工程，但是環評的資料只有雪隧的1/10，因此認為有地方人士和部分環評委員，從中主導會議，正方雙方在場外爆發口角，都說對方不愛台灣。
蘇花改反對者：「環保署長調錄影帶出來看！」蘇花改反對者黃斐悅：「署長！」
才發言過的環保人士試圖衝進場內，被保警擋了下來。蘇花改支持者：「不要演戲，不是只有你們發表意見，沒有風度，做戲做的過頭了。」黃斐悅：「你們到底愛不愛花蓮的孩子。」
因為反對蘇花改，質疑少數環評委員影響審查結果，要找環保署長沈世宏說個清楚，和贊成興建的這方，口角衝突，都說對方在作秀。蘇花改支持者：「台灣不歡迎你。」外籍反對者：「台灣萬歲。」蘇花改支持者：「台灣不歡迎你。」外籍反對者：「對不起，我已經是台灣人。」
當台灣的外國環保人士加入戰局，事情馬上變的不單純，蘇花改一下又變成愛台灣議題，外場雙方正面衝突，但隔著一道牆的審查會議，正反方也僵持不下，連修路工人的家屬，也加入戰局。
蘇花改反對者Linsin：「我不知道我們阿美族，之後還能在哪裡生存，我希望大家能聽到我的話，我是一個打隧道打了20幾年，一個工人的小孩。」
不少反對人士質疑，蘇花改因為梅姬颱風加速通過，變成政治議題，而且做的環評只有雪隧的1/10，但還是有地方人士希望交通方便，大力支持，蘇花改的審查，就在環保和利益的角力下，紛紛擾擾。",2010/11/09 13:08
https://news.tvbs.com.tw/politics/111090,諷蘇花改環評草率　綠黨剃髮抗議,"爭議了幾十年，蘇花改終於通過環評，花蓮鄉親開心興奮，不過只花了短短2個星期就通過重大開發案，也讓環保團體質疑，中央政府是不是為了選舉考量，順勢做球，才會這麼快通過，為了表達意見，甚至到總統府前剃髮抗議，不過儘管蘇花改爭議不斷，但蘇花公路的搜救行動依舊持續，今天再度加派92名就難人員和2隻搜救犬進入災區，希望能有更進一步的發現。
環保團體：「為安全的路落髮，為還原真相落髮。」
剃刀跟著口號聲一起落下，5名環保團體幹部，為了抗議中央草率通過蘇花改環評，在總統府前剃髮抗議。環保團體：「為尊重生命落髮，為安全的路落髮。」
相較於環保團體的大動作抗議，從花蓮大老遠搭火車，北上抗議的花蓮鄉親，像是打了勝仗一般，縣長帶領縣府人員，召開記者會，感謝所有支持蘇花改的花蓮鄉親。
花蓮縣長傅崑萁：「經過將近30個小時的奮鬥努力的過程，終於獲得環保署的通過，讓蘇花改能夠順利來推動。」
深深的一鞠躬，表達對鄉親支持的感謝，雖然目前蘇花改只是有條件通過，但不到2個禮拜，第二次環評就通過，創下重大開發案的歷史紀錄，也讓環保團體痛批中央利用蘇花公路災難，順勢作球，根本是選舉考量。
要不要通過蘇花改，環保團體槓上中央政府，結果如何還有得吵，不過蘇花公路的搜救行動，依舊持續，今天再度加派92名就難人員，和2隻搜救犬進入災區，而陸客家屬都已經到宜蘭地檢署領取死亡證明，預計週五離台，儘管希望渺茫，依舊期待出現自己親人的蹤跡。",2010/11/03 10:47
https://news.tvbs.com.tw/politics/110975,早喬好？蘇花改速過關　吳揆：不草率,"蘇花改到底蓋不蓋，昨天傍晚終於有答案了！環評有條件通過，最快年底可以動工，刷新重大開發案初審最快通過紀錄，動作這麼迅速，惹來疑慮，究竟是不是受到什麼壓力，蘇花改才過關？尤其昨天下午，交通部長毛治國就先預告，最快年底發包，但明明當時環評初審還沒結果，難道是早就喬好了嗎？毛治國今天回應，沒有壓力，行政院長吳敦義也鄭重澄清，蘇花改環評絕對不草率。
花蓮縣長傅崐萁(99.11.01)：「謝謝你們，謝謝！」
傅崐萁終於笑了！蘇花改有條件通過，被說是創下環評審查最快紀綠，這跟來自花蓮的千軍萬馬，有沒有關係呢？交通部長毛治國：「這個案子相對於其他的公共工程案，我們事實上是在前面，花了1整年的時間，從我們計畫成型之後，就花了1整年的時間，跟各方開始溝通。」
毛治國一再強調，時間不是問題，蘇花改可是花了2年規劃，1年溝通努力，才開花結果，目前規劃分2階段完工，包括最北邊的蘇澳到東澳，以及最南邊的和中到大清水段，最快搶在2016年底通車；中間的南澳到和平，則規劃在2017年底。
其實，蘇花改闖關成功，似乎早有端倪。交通部長毛治國(99.11.01)：「一定目標是今年底，我們就來發包，然後來推動這個案子。」
下午才剛預告完，傍晚環評就有條件通過，難道是早有默契，或者部長神算呢？蘇花改過關，被質疑迫於外界壓力，快馬加鞭很草率，真的是這樣嗎？行政院長吳敦義：「以前都被溝通過的，那些環評委員，不要再通過之後，再講一些以前都沒講的，就是這1年多都沒講的話，拜託！」
吳敦義親自出馬，是滅火也打預防針，但蘇花改未完待續，接著招標動工，恐怕還有得吵。",2010/11/02 12:00
https://news.tvbs.com.tw/politics/110983,〈快訊〉蘇花改有條件過關　吳揆：評委別再罵,"蘇花改環評在昨日(1日)「有條件」通過，引起輿論紛紛，認為環評小組，迫於外界壓力下草率通過，不過，對此，吳揆出面，幫蘇花改打預防針。
行政院長吳敦義：「我希望以前都被溝通過的環評委員，不要在通過之後，又講一些他以前沒講的，就是這1年多都沒講的，拜託，我們沒有草率、沒有輕忽，非常公平的對蘇花改進行環評的工作。」
對於蘇花改初審有條件過關，吳揆認為整起程序，經過1年多各方專家的討論，禁得起考驗，並呼籲環評委員過去1年來沒有說的，未來也不要亂放話。",2010/11/02 09:39
https://news.tvbs.com.tw/local/110986,環評過關　群眾「凱旋」滿意回花,"蘇花改環評初審過關，遠從東岸跋涉到台北抗爭的鄉親，多數非常滿意，深夜回到老家花蓮，像遠征軍打了大勝仗，滿臉笑容。不過也有人強調，新的公路還不夠，只有80分，花東要蓋高鐵，讓台北人去買房子，才有100分。
抗爭群眾：「辛苦了，通過了，通過了！」
大老遠搭火車終於從台北回到家，花蓮鄉親可像是打勝仗凱旋歸來，車門打開，火車站像有千軍萬馬，還有人比出勝利手勢，可HIGH了。抗爭群眾：「不會（累），蘇花高開了就不會。」記者：「今天去台北有沒有訴求到？」抗爭群眾：「有。」
抗爭民眾：「環評也說都可以啦，毛部長有講嘛。」
長途跋涉，有人聽到有條件通過，相信大勢底定，放下心中大石頭，但有人還不滿意，像被後山發展悶壞了，樣樣都想拿來跟台灣西岸、跟台北比。
抗爭群眾：「高鐵才100分，蘇花高才80分而已，以後台北人都會來我們花蓮買土地，人口台北不要太多，來花蓮住嘛。」
怎麼樣比較好，很難說得準，政府在五都選前，利用蘇花公路災難，順勢把石頭推下山，但後續最快3、5天內還有環評大會，反對的環保團體會不會重新集結，出招對決，恐怕還是有點小變數。",2010/11/02 01:02
https://news.tvbs.com.tw/politics/110811,拉鋸6小時！　蘇花改環評「有條件」通過,"花蓮縣長傅崐萁帶領上萬鄉親北上，要求蘇花改立刻興建，還全程出席環評初審會議，經過馬拉松的拉鋸戰，蘇花改環評「有條件」通過，創下審查最快通過的紀錄，審議委員表示，場外鄉親頻頻鳴笛，確實讓會議開得「頗有壓力」。
花蓮縣長傅崐萁：「謝謝你們，謝謝！」
傅崐萁90度鞠躬，帶著上萬鄉親「大軍壓境」，環評會議馬拉松開了6小時，終於等到一個滿意答案。傅崐萁：「花蓮人今天終於盼到了，我們能有一條安全回家的路。」
蘇花改環評通過可是「有條件的」，東澳隧道、中仁隧道雙孔施作，如果有生態指標的生物面臨威脅，或是空氣噪音品質到達臨界點，就會訂定停工復工規範，空氣品質還必須有自動監測系統，這可是拉鋸好久的折衷方案。傅崐萁：「對吳院長、毛部長、沈署長，所有相關的官員，能『亡羊補牢』，非常感謝。」
記者：「鄉親的壓力讓你們快速審查嗎？」環評會主席李育明：「不是『我們』，是我『個人』在召集會議時。」
萬人壓力下，環評小組創下審查最快的紀錄，不過陣陣鳴笛聲在聽到環評通過消息立刻消音，不眠不休20多個小時，花蓮鄉親歸心似箭，還得披星戴月回家呢。",2010/11/01 19:28
https://news.tvbs.com.tw/politics/110836,傅崐萁長征軍壓境　環評會又跪又嗆,"要一條安全回家的路，數千名花蓮鄉親跟著縣長傅崐萁連夜北上抗議，從環保署、到行政院、再到交通部，沿路波折，更讓鄉親情緒高昂，有人痛哭、有人激動下跪，所有人都不願離開，繼續在環保署等待二次會議結果。
花蓮鄉親：「還我蘇花高！還我蘇花高！動工蘇花改！動工蘇花改！」
要求興建蘇花改，一刻都不願多等，吳敦義提前溝通，沒有滅火成功，號稱上萬花蓮人組成的陳情隊伍，照計畫到台北，北上這一路，有多波折，他們就有多憤怒。花蓮縣長傅崐萁：「蘇花改，不過是一條台海九線改善而已，環島高速路網蘇花高，也是一定要做對不對？」
花蓮鄉親：「我們要蘇花高！蘇花高！蘇花高！我們要蘇花高！蘇花高！蘇花高！」
傅崐萁的太太還激動泛淚光，環保署要開二次審議會議，吳敦義承諾環評一過，年底立刻動工，但到花東溝通未果，隔一天換傅崐萁到行政院，對談卡司原班人馬，同樣問題談了2天，照樣鬧哄哄。
花蓮鄉親：「各位鄉親，我們請冷靜，我們請冷靜。」花蓮鄉親：「今天最好讓我們大家，有能夠認同。」
要認同還真不容易，這一談談了1個多小時，傅崐萁當然不能空手而回，把交通部長毛治國請到凱道現場，跟鄉親當面報告。交通部長毛治國：「一定目標是今年底，我們就來發包，然後來推動這個案子。」花蓮鄉親：「不要，衝進總統府，衝進總統府！」
話還沒說完，民眾就激動起來，堅持前進環保署，要跟審議小組一起開會。花蓮觀光協會理事長施勝郎：「希望給我們一條生路，我們跟你跪下，跟你跪下，拜託你們，拜託你們！」
蘇花改到底何時能建？花蓮鄉親們殷殷期盼，等最後答案，揚言有長期抗戰的心理準備，陳情陣仗來勢洶洶，環評會議還剩多少理性討論空間。",2010/11/01 14:57
https://news.tvbs.com.tw/politics/110863,吳揆溝通「沒路用」　花蓮人北上抗議,"儘管行政院長吳敦義，前一天到花東溝通，但是花蓮縣長傅崐萁，今天還是照著既定計畫，率領花蓮鄉親北上抗議，要求立刻興建蘇花改，傅崐萁痛批中央老是把環評當藉口，今天要一路挺進環保署，陪環評小組「一起開會」，儘管很多花蓮鄉親徹夜未眠，但不等結果出來，絕不回家。
花蓮民眾：「興建蘇花改！還我蘇花高！」
要求興建蘇花改，一刻都不願多等，吳敦義提前溝通沒有發揮效果，花蓮人組成的陳情隊伍照既定計畫來台北，要大聲吼出來，他們要什麼。花蓮縣長傅崐萁：「蘇花改不過是一條台海九線改善而已，環島高速路網蘇花高，也是一定要做對不對！」
不只要蘇花改，更要蘇花高，傅崐萁率領大批人馬朝目標前進，環保署下午就要召開第二階段環評初審，大家陪著開會，要等結果出爐。
呼口號時，傅崐萁的太太，激動的直掉淚，來這一趟，真的不容易。記者：「花多少時間？」花蓮民眾：「14小時。」
記者：「幾點出發？」花蓮民眾：「6點就出發，坐遊覽車然後又換火車，就這樣啊，沒有路啊。」
有人半夜出發，坐電聯車接駁轉了好幾趟，不用轉車的，得從南迴一路顛簸北上，遊覽車得坐整整14小時，老老少少都是一夜沒闔眼，要中央一個答案。",2010/11/01 11:56
https://news.tvbs.com.tw/politics/110869,〈快訊〉花蓮人遊行怒吼　要求速建蘇花改,"花蓮人上街頭怒吼，要求立刻興建蘇花改，今天顧不得週一的上班日，仍舊號召花蓮鄉親上街，聚集在自由廣場發聲，9點開始將有萬人上街遊行，要求中央不要再以環評作為藉口，迅速動工。
一大清早，自由廣場就聚集了上千人，為的就是蘇花改！陳情民眾：「讓我們，有平安回家的路。」
有鑒於蘇花公路因雨坍方，釀成大災，花蓮鄉親深深以為蘇花改的推動，刻不容緩。
連日來不斷與中央溝通，包括花蓮縣長傅崐萁也開記者會向中央發聲；而行政院長吳敦義也趕緊到花蓮與在地居民溝通，一再表達中央興建蘇花改的決心。
不過蘇花改一日未動工，花蓮鄉親還是放不下心，陳情民眾更在今天，顧不得是週一的上班日，將號召萬名花蓮鄉親在台北遊行，向中央怒吼。",2010/11/01 08:47
https://news.tvbs.com.tw/politics/110754,蘇花改等環評　吳揆報告花蓮人火大,"花蓮縣長傅崐萁要帶花蓮鄉親北上抗議，要求蘇花改立刻興建，行政院長吳敦義親自飛到花東滅火，報告蘇花改進度；吳敦義表示，只要環評一過就動工，但很多在場代表不接受，質疑中央要跳票，繼續欺騙花蓮人，氣氛一度火爆。
花蓮縣代表：「希望你回去跟馬總統說，花蓮人最支持他們，花蓮人最乖，對國民黨最忠心的，所以這樣對待我們，我們非常不滿。」
趕在花蓮人浩浩蕩蕩到台北抗議前，吳敦義提前一天飛來面對面溝通，花蓮人實在悶好久，管不了見面三分情。
花蓮縣議員：「放羊的小孩是不對的，因為馬英九去年縣長選舉的時候，有花蓮承諾，說今年一定會動工，他有加一個帽子。」行政院長吳敦義：「等一等，等一等，等一等，旁邊那個牌子，沒有狼來了，蘇花改真的來了。」
被議員舉牌子打斷談話，吳敦義忍不住提高音量，以一擋百，再好口才也難有發揮餘地，承諾環評一過就動工，可沒法讓在場的花蓮人消消氣。
花蓮民眾：「你已經做2年勒！」吳敦義：「我2年是蘇花改在做環評，我沒有要誤導的意思，我能拿刀子跟他說，環評能當刀子跟他說，環評要是沒通過，我要自殺，我可以這樣講嗎？」
花蓮縣代表：「如果會過，2星期前，10月19日為何不能通過？來這邊花蓮人比較好騙是嗎？沒那麼簡單啦！」
還要趕場到台東呢，不過大家搶著發言，吳敦義實在脫不了身，傅崐萁露出微笑，花蓮人想要什麼，想必還沒到台北，已經先讓中央見識到了。",2010/10/31 12:50
https://news.tvbs.com.tw/politics/110505,TVBS民調！蘇花改蓋不蓋？　6成5贊成,"蘇花公路崩塌意外，讓改善蘇花公路的「蘇花改」再度成為焦點，行政院長吳敦義強調，目前除了搶通，也要增設明隧道、坡壁監視器及雨量計；而且如果環評通過蘇花改，最快年底招標，預計民國105年就能完工，但蘇花改蓋不蓋，意見分歧，根據TVBS最新民調，贊成興建「蘇花改」、「蘇花高」或都贊成的民眾，有6成5，只有不到5%的人反對。
立委王廷升：「請我們行政院長吳院長。」
道具給它「傳出來」，國會殿堂總質詢，立委先戴安全帽，有發生什麼事，那麼恐怖咧？王廷升：「安全帽一般，我們是在什麼時候會戴？」行政院長吳敦義：「騎機車。」王廷升：「你答對了一半，本席要建議交通部，將來修改交通規則，凡是走在台九線上，開著車也必須要戴安全帽。」
搞半天，原來是諷刺蘇花公路太危險，雖然坍方災後，行政院拍板推動蘇花改善計畫，但這一條「安全回家的路」蓋不蓋？TVBS最新民調出爐，贊成興建的人，高達6成5，只有5%說反對，將近3成沒意見，但就算「蘇花改」真要蓋，最快民國105年才完工，這段期間，東部交通又該怎麼辦呢？
立委賴坤成：「蘇花公路現在也斷了，(台東人)到台北來搭飛機，票價是全國最貴，2238元。」行政院長吳敦義：「台北到台東航空票價，從今天開始，降200元。」
台北飛台東降200，看似不無小補，但推一下才走一步，蘇花公路牽涉用路人性命，又關係到民生經濟，政府是不是應該讓路走的安全，沒有後顧之憂，才是長久之計吧。",2010/10/29 21:31
https://news.tvbs.com.tw/politics/110586,〈快訊〉傅崐萁請閣揆留在台北　吳：會先溝通,"花蓮縣政府打算週日南北兵分兩路，在11月1日動員花蓮縣民到台北中正紀念堂，舉辦蘇花改動工的誓師大會，行政院長吳敦義認為是否讓花蓮縣民太舟車勞頓，決定週日直接先到花蓮跟縣政府溝通；不過縣長傅崐萁表示請院長留在台北，在辦公室等消息就好。
行政院長吳敦義：「花蓮跟台東。」記者：「什麼時候？」吳敦義：「本來照計畫，就是禮拜天，我不能說這個是條件，我到花蓮去跟地方說明，他們就一定不要來。我是希望他們能不來是最好，但是他如果要來，我也不能限制他們；我也不能說你既然要來，我就不去，我還是會去。」
傅崐萁這番話，是否有拒絕吳敦義的涵義，耐人尋味，不過吳揆週日仍會照行程到花蓮溝通；如果11月1日，有花蓮代表到台北，他仍會接見。",2010/10/29 10:17
https://news.tvbs.com.tw/politics/110423,〈快訊〉花蓮縣民擬北上抗議　吳揆願飛花蓮溝通,"不滿蘇花改遲遲沒有動工，花蓮縣民預定周日要北上赴政院抗議！
行政院長吳敦義剛剛表示，希望花蓮鄉親不要舟車勞頓，蘇花改的進度為何，他有誠意主動到花蓮跟鄉親面對面溝通。",2010/10/28 15:05
https://news.tvbs.com.tw/local/110301,【TVBS蘇花報告】環保vs.安全　「蘇花高」變「蘇花改」,"蘇花公路到底要怎麼改善，才能將安全係數提高，東部民眾把希望放在蘇花高速公路上，但是來自環保團體的強大壓力，還有重量級人士的反對，讓蘇花高速公路，始終只是個夢想。行政院已經宣布，只要環評過關，要立刻進行蘇花公路改善工程，其實這「蘇花改」，已經有了蘇花高的基礎框架，那為何政府不願意直接就興建蘇花高，來看看今天的TVBS蘇花報告。
蘇花公路關係到的不只用路人身家性命，還有很多花蓮人的生計！如今路斷了，貨物改走南迴不但時間增加、成本增加，是這些多出來的交通成本還得由農民自己來吸收，明天的TVBS蘇花報告，要來聽聽後山居民的心聲。
後山情，情意深，花蓮鄉親來牽成。TVBS記者楊鎮全：「東部民眾要一條東部高速公路，真的很過分嗎？東部民眾要一條，安全回家的路。」
但是蘇花公路12年來，卻已經造成，1200多人的傷亡，根據公路總局統計，蘇花公路在87年到97年間，有1203人死傷，這段期間花掉的搶修費用，高達3億8千多萬，不過這不包括，10億多的養護經費。
時任總統陳水扁(97.4.21)：「蘇花高有它興建的必要，知道這條路安全有疑慮，扁政府時代，就曾宣布興建蘇花高，但後來接任，行政院長的游錫堃，卻宣布暫緩。」
到馬政府上台，劉兆玄曾宣布，要興建「蘇花替代道路」，卻卡在環評，沒有完成規劃，一直到吳敦義上任，才確定進行蘇花改善工程。
蘇花改是從地質，最脆弱的蘇澳開始，以開鑿隧道的方式，將原本的蘇花公路截彎取直，到東澳地區，又接回原來的台九線，一直到了南澳，又會有幾段的隧道工程，避開原本最脆弱，又容易崩塌的路段，蘇花改的前段，就是蘇花高的基礎形式，過了和平段，因為地質相對穩定，所以『蘇花改』，只會做路況改善，沒有架橋鑿山的準備，只是都做一半了，為什麼不把蘇花高蓋起來。
行政院長吳敦義：「我們預留了未來，當施工的技術更好，我相信總有一天，全台灣的環島高速公路，是一定要建立的。」
宜蘭大學建研所長徐輝明：「這工程技術，我覺得它的調查資料，應該已經完成了，這個事好像現在是，政治性上的議題了，不是工程上的議題了。」
蘇花高因為涉及大規模開發，環保爭議和反對壓力，始終沒停止。綠黨秘書長張宏林：「任何一條在花東的道路，絕對不會是一條安全的道路。」
不止環保團體，也有作家、企業家反對興建，甚至是花蓮在地的慈濟，也持反對態度，蓋與不蓋越演越烈，已經不是環保與交通的拉扯，不同價值的選擇，讓蘇花高始終行不通。",2010/10/27 19:38
https://news.tvbs.com.tw/politics/110254,〈快訊〉卸責？藍委：蘇花改牛步　肇因綠92年緩建,"蘇花高因颱風帶來的大雨坍方，造成多起傷亡，立法院砲聲隆隆，認為蘇花改的建設計畫一直停滯不前，是因為92年，時任行政院長游錫堃的緩建決定。
立委：「當時的行政院長，民國92年，游錫堃先生到花蓮去宣布，宣布這一條蘇花高速公路停止這樣的建設計畫，我在想，院長，你現在是我們行政院長，當時行政院如果不做出這樣決定的話，現在也不會有枉顧人命的情形。」
立委痛批游錫堃，行政院長吳敦義一臉沉重，但也不想陷入把責任全推給前政府的情況，只回應希望將蘇花改時程提前，在民國105通車，讓大家有一條平安回家的路。",2010/10/26 10:00
https://news.tvbs.com.tw/politics/110143,花蓮人怒吼！　吳揆：2016蘇花改通車,"梅姬颱風重創蘇花公路，釀出悲劇，讓花蓮縣長傅崐萁撂重話，要求中央立刻興建蘇花改，不要再用環評當藉口，否則要率團到台北抗議，花蓮縣議會也同時宣佈無限期停會，直到動工為止。地方動作不斷，中央也不敢輕忽，行政院長吳敦義裁示，預計最快年底發包，變更工法，希望最快2016年底，蘇花改正式通車。
記者：「蘇花改要提早解決嗎？」馬總統：「…。」
蘇花改什麼時候可以開始動工？中央動起來，地方更是先聲奪人。花蓮縣長傅崐萁(99.10.24)：「不要再跟我們講環評了，不要再欺騙花蓮人了，請速動工，反對的這些人，要爲不幸罹難的人負最大責任。」
花蓮縣長傅崐萁帶各局處首長發表嚴正聲明，10年來，花蓮人兩度希望落空；蘇花改環評報告去年已經交付環保署，躺到現在沒消沒息，傅崐萁不願再等，要求蘇花改即刻動工。
嗆聲蘇花改不建、議會不開會，準備無限期休會抗爭；放話最快這個週日31日，花蓮縣政府和議會這般陣仗，就算繞路耗費12小時，也要把花蓮鄉親的怒吼帶到台北來！
行政院長吳敦義：「如果能在11月，最慢能在11月，或最慢能在年底之前完成環評的話，根據環評通過的結果，交通部就會開始公開招標。」
本來蘇花改預計2016年完工，另外需要1年到1年半，機電和整合測試工程，2018才能通車；梅姬颱風讓蘇花公路成斷魂路，加快蘇花改環評審議，目前研議，讓土建和機電併行，吳揆訂下時間表，蘇花改提前到2016年底前通車！這不只花蓮人期待，全民都在關注。",2010/10/25 09:43
https://news.tvbs.com.tw/local/110018,梅姬颱風／蘇花路柔腸寸斷！　最快11月20日搶通,"受到梅姬暴雨重創，蘇花公路全長116公里的道路，共有7處路段坍方，估計需要1個月的時間才能復原，為了因應龐大的交通需求，台鐵緊急加開台北花蓮之間的火車班次，提供票價優惠，而馬總統也允諾，年底前會完成蘇花改環評。
受到梅姬颱風暴雨影響，蘇花公路路基嚴重流失，原本的路面變的支離破碎，從直升機空拍畫面可以看到，全長116公里的道路，因為坍方，斷成了好幾截，到處都是掉落的石塊和泥巴。
蘇花公路104到116公里之間，分別有112、114和115等7個路段坍方，總計坍塌面積長達500公尺，道路的復原最快也需要1個月時間，有外籍遊客原本想到花蓮遊玩，卻遇到坍方事件，被卡在半路上。外籍遊客：「我們從台北要去花蓮，一路開到這，警察攔下我們的車子，說前方有事故。」
為了解決道路中斷後，來台北花蓮間的交通問題，台鐵承諾從今天起會加開班次。台鐵人員：「加開樹林到花蓮、宜蘭到花蓮對開班的區間快車，我們也會提供優惠票價。」
根據台鐵所提供的票價方案，台北到花蓮只要200元，而從宜蘭到花蓮也只要100元。為了因應龐大的通勤需求，台鐵每天也會加開兩班，樹林到花蓮的對開班車。
蘇花公路每逢大雨必斷，為了改善這個狀況，馬總統承諾年底前會完成蘇花改環評，但是最快也要7年之後，才能通車，未來幾年，蘇花公路依舊難行。",2010/10/23 12:11
