Link,Title
https://news.ltn.com.tw/news/life/paper/1712625,北花線客運復駛 假日往返各一班
https://news.ltn.com.tw/news/politics/breakingnews/5078710,花蓮罷免傅崐萁首波文宣 控傅震災後棄花蓮赴中
https://news.ltn.com.tw/news/life/breakingnews/5068777,賀陳旦質疑高鐵延伸宜蘭 陳文昌提7大理由反駁
https://news.ltn.com.tw/news/life/breakingnews/5060750,端午連假收假！蘇花路廊北上 中午後現車潮
https://news.ltn.com.tw/news/life/paper/1709174,端午連假 蘇花路廊今湧南下車潮
https://news.ltn.com.tw/news/life/breakingnews/5058753,端午連假蘇花交通熱點 花蓮警方加強紓導
https://news.ltn.com.tw/news/life/breakingnews/5058655,端午連假首日 蘇花路廊估清晨5點湧現南下車潮午後才能紓解
https://news.ltn.com.tw/news/life/paper/1708599,花東居民加入台鐵會員 點數多3~5倍／優惠措施與6月23日新票價同時上路 點數可折抵票價
https://news.ltn.com.tw/news/life/paper/1708550,北花線客運假日復駛 延至6月中
https://news.ltn.com.tw/news/politics/breakingnews/5050873,蘇花路斷傅崐萁怪交通部 議員胡仁順：不要只會檢討別人
https://news.ltn.com.tw/news/life/paper/1707946,蘇花路斷怪中央 民進黨團批花縣府
https://news.ltn.com.tw/news/politics/breakingnews/5047715,宜縣議長稱「高鐵不能當選舉操作利多」民進黨嗆為選舉唱衰高鐵
https://news.ltn.com.tw/news/life/breakingnews/5047073,大雨轟炸花蓮影響鐵公路！蘇花改中仁隧道緊急開放南下
https://news.ltn.com.tw/news/life/breakingnews/5046934,大雨轟炸！ 北迴鐵路中斷今無法修復 蘇花公路不排除封路
https://art.ltn.com.tw/article/paper/1706769,【自由副刊】 黃茵／多吃多福
https://news.ltn.com.tw/news/life/breakingnews/5040587,端午連假交通疏運一次看 5/29-6/1國道客運下殺6折
https://news.ltn.com.tw/news/life/breakingnews/5038183,宜蘭粉鳥林、朝陽漁港 可望興建遊艇碼頭
https://news.ltn.com.tw/news/life/breakingnews/5038192,雨彈轟炸！舊蘇花和中到和仁路段預警性封閉 改走蘇花改
https://news.ltn.com.tw/news/life/breakingnews/5035204,台鐵與白沙屯媽祖聯名  創貫通石、大肚成功和金鏟子禮盒
https://sports.ltn.com.tw/news/breakingnews/5025109,棒球》3年前的今天台鋼雄鷹正式加盟中職 洪總再呼籲增加第7隊
https://news.ltn.com.tw/news/society/breakingnews/5017677,不滿馬路拓寬遷就樹？傅崐萁前主任毒死242棵芒果判刑6個月
https://news.ltn.com.tw/news/life/paper/1702523,蘇花改中仁隧道 普通重機4/30 起通行
https://news.ltn.com.tw/news/life/breakingnews/5016093,蘇花改長隧道首次 中仁隧道4/30試辦開放普通重機
https://news.ltn.com.tw/news/life/paper/1700237,清明連假今結束 蘇花路廊湧北返潮
https://news.ltn.com.tw/news/life/breakingnews/5002393,清明連假午後花蓮湧北返車潮 蘇花路廊車潮持續到晚上
https://news.ltn.com.tw/news/life/breakingnews/5000902,清明連假首日蘇花路廊湧車潮  南下每小時上千輛車次
https://news.ltn.com.tw/news/life/breakingnews/5000497,清明連假首日國5雪隧順暢 蘇花南下恐塞到下午6點
https://news.ltn.com.tw/news/politics/breakingnews/4999326,花蓮議長張峻呼籲「罷傅」 國民黨部反咬「流氓、黑道」
https://news.ltn.com.tw/news/life/breakingnews/4998770,台9線玉里大橋南下線新橋提前半年完工  今開放通行
https://news.ltn.com.tw/news/life/paper/1698847,玉里大橋南下線新橋 4/1通車
https://news.ltn.com.tw/news/life/paper/1698690,台九線拓寬 213株鳳凰木移植羅山
https://news.ltn.com.tw/news/life/paper/1698372,清明返鄉 蘇花路廊首日估2萬多輛次
https://news.ltn.com.tw/news/politics/paper/1697460,壽豐設置養雞場案 介入當協調見證人 民代質疑戰天下業主與傅崐萁關係緊密
https://news.ltn.com.tw/news/politics/breakingnews/4984332,窮花蓮「富崐萁」！胡仁順酸：隻手遮天「花蓮國鬼故事」多
https://news.ltn.com.tw/news/life/paper/1697152,宜蘭轉運站至員山福園掃墓 提供接駁
https://news.ltn.com.tw/news/life/breakingnews/4982572,免費接駁、紙錢集中燒  宜縣府啟動清明節5大便民服務
https://news.ltn.com.tw/news/life/paper/1695852,花東快評估分段可行性 公路局建議優先推動崇德-新城
https://news.ltn.com.tw/news/life/breakingnews/4975432,花東快報告「補強內容中」 擬優先開闢崇德－新城路段
https://news.ltn.com.tw/news/life/paper/1695520,可行性評估 交部再度退回 花東快造價高昂 經濟效益低
https://news.ltn.com.tw/news/life/breakingnews/4966919,228連假收假日國5迎來北上交通最大量 恐塞到晚上8點
https://news.ltn.com.tw/news/life/breakingnews/4964794,蘇花改白米高架橋檢修 3/3蘇澳到東澳段輪流封閉
https://news.ltn.com.tw/news/life/breakingnews/4962186,228連假蘇花路廊車潮 最大車流估首日5時起湧現
https://news.ltn.com.tw/news/life/breakingnews/4959250,228三天連假交通疏運懶人包！搭客運觀光有好康
https://news.ltn.com.tw/news/life/paper/1692475,228車潮 蘇花路廊估首日清晨湧現
https://news.ltn.com.tw/news/life/breakingnews/4954697,228連續假期蘇花路廊車流量估1萬3千輛 21噸以上大貨車交通管制
https://news.ltn.com.tw/news/life/breakingnews/4938893,春節連假收假日 國5北返車潮湧現啟動北上匝道儀控
https://news.ltn.com.tw/news/life/breakingnews/4938865,春節連假收假 蘇花路廊花蓮往宜蘭北向車多
https://news.ltn.com.tw/news/life/breakingnews/4938424,春節連假倒數 國5湧現北返車潮主線一度回堵4公里
https://news.ltn.com.tw/news/life/breakingnews/4937981,國5、蘇花路廊午後將現首波北返車潮 恐塞到深夜
https://news.ltn.com.tw/news/life/breakingnews/4937032,初一蘇花路廊車流量增加 全線順暢
https://news.ltn.com.tw/news/life/paper/1689432,走春湧車潮初一國道南向達1.5倍
https://news.ltn.com.tw/news/life/breakingnews/4936722,蘇花路廊南下車潮估明天初一最高峰 恐早上5點塞到下午5點
https://news.ltn.com.tw/news/life/breakingnews/4936674,大年初一走春潮  這些路段恐成「塞車重災區」
https://news.ltn.com.tw/news/life/breakingnews/4936493,除夕宜花天氣放晴 蘇花路廊車流順暢
https://news.ltn.com.tw/news/life/breakingnews/4936140,春節連假第3天  蘇花路廊南下車流全天逾9000輛
https://news.ltn.com.tw/news/life/breakingnews/4935997,春節連假第3天 小年夜蘇花路廊車流順暢
https://news.ltn.com.tw/news/life/breakingnews/4935452,春節連假第2天 國5、蘇花南下車流順暢
https://news.ltn.com.tw/news/life/breakingnews/4934683,春節連假首日 蘇花路廊南下花蓮路段車流順暢
https://news.ltn.com.tw/news/life/breakingnews/4934619,春節連假首日 國五南下車多、蘇花路廊順暢
https://news.ltn.com.tw/news/life/breakingnews/4931900,春節假期蘇花路廊車潮估20萬輛次 1/25起湧現
https://news.ltn.com.tw/news/life/paper/1687789,初一至初五 國道0到5時不收費
https://news.ltn.com.tw/news/life/breakingnews/4925619,春節國道每天0至5時不收費 高乘載、塞車時段一次看
https://news.ltn.com.tw/news/life/breakingnews/4923207,交通部推春節疏運好康 搭客運最低6折、東部租車租車優惠
https://news.ltn.com.tw/news/life/paper/1686542,春節疏運 蘇花路廊南下初一最塞
https://news.ltn.com.tw/news/life/paper/1686299,蘇花路廊春節交通 估南下初一 北上初五最塞
https://news.ltn.com.tw/news/life/breakingnews/4916172,0403地震影響蘇花路廊春節車潮恐減3成 預估這2天最塞
https://news.ltn.com.tw/news/life/paper/1684106,林姿妙就職６週年 涉貪案12月31日宣判
https://news.ltn.com.tw/news/politics/breakingnews/4903827,涉貪官司12/31宣判  林姿妙：相信司法會還清白
https://talk.ltn.com.tw/article/breakingnews/4878309,自由開講》運輸事故死亡數佔比偏高
https://news.ltn.com.tw/news/life/breakingnews/4876032,蘇花改蘇澳到東澳南下線  11/27起連2天白天施工封閉
https://news.ltn.com.tw/news/life/breakingnews/4874825,蘇花改南澳到和平段北上線施工 11/26-12/1全天封閉
https://news.ltn.com.tw/news/life/breakingnews/4873698,營運逾一甲子  花蓮客運12/1熄燈走入歷史
https://news.ltn.com.tw/news/life/breakingnews/4865811,10年磨一劍！ 彰化百馬校長葉振彰 第100馬留在「鹿港馬拉松」
https://news.ltn.com.tw/news/politics/breakingnews/4864149,宜蘭鐵路高架配合款中央地方達共識！綠營要議長張勝德不要再扯後腿
https://news.ltn.com.tw/news/life/paper/1676636,北迴太魯閣號9日事故 疑平衡錘鏽蝕釀禍
https://news.ltn.com.tw/news/life/paper/1676494,車頂冒火花、窗戶破裂 北迴太魯閣號乘客驚魂
https://news.ltn.com.tw/news/society/breakingnews/4858069,台鐵宜蘭漢本路段不明物撞擊 太魯閣號車頂冒火花車窗破裂
https://news.ltn.com.tw/news/life/paper/1676377,國五接蘇花改工程 370億最快明批示
https://news.ltn.com.tw/news/politics/breakingnews/4857839,宜蘭立委喊重啟蘇花「藍色公路」 卓榮泰：是政府重要構想之一
https://news.ltn.com.tw/news/life/breakingnews/4857612,國5接蘇花改預算增至370億 卓榮泰：今天不做明天連後悔機會都沒有
https://news.ltn.com.tw/news/life/breakingnews/4848943,蘇花路廊匯德隧道北口坍方  力拚11/2中午搶通
https://news.ltn.com.tw/news/life/paper/1674880,宜縣大同暴雨破千毫米 頭城土石流阻路
https://news.ltn.com.tw/news/life/breakingnews/4846090,康芮颱風》全國交通、活動異動、景點關閉一次看（不斷更新）
https://news.ltn.com.tw/news/life/breakingnews/4848572,康芮豪雨狂虐花蓮整天！終傳好消息 「玉里大橋19時通車了」
https://news.ltn.com.tw/news/life/breakingnews/4848110,秀姑巒溪接近警戒水位！ 台9線花蓮玉里大橋15:00封橋
https://news.ltn.com.tw/news/life/breakingnews/4847763,台9線蘇花改蘇澳至東澳路段 8:30開放車輛降速通行
https://news.ltn.com.tw/news/politics/breakingnews/4846640,康芮撲台藍白卻擋總預算 民進黨：傅崐萁帶頭犧牲花蓮安全
https://news.ltn.com.tw/news/life/paper/1673903,潭美環流大雨 花蓮山區落石、溪水暴漲
https://news.ltn.com.tw/news/life/breakingnews/4841958,台九丁線61.5K處落石  公路局估傍晚5點搶通
https://news.ltn.com.tw/news/life/breakingnews/4834621,宜蘭車站新地標 ！未來10年打造榮民文化複合觀光園區
https://news.ltn.com.tw/news/life/paper/1671851,蘇花改觀音谷風隧道 南下今晚封閉
https://art.ltn.com.tw/article/paper/1671792,【自由副刊】 黃信恩／蘇花公路上的乳攝車
https://news.ltn.com.tw/news/life/breakingnews/4829113,蘇花改南澳到大清水路段施工  10/14起啟動夜間交管
https://news.ltn.com.tw/news/life/paper/1671514,東北角風管處轄管南延案 陳金德促評估
https://news.ltn.com.tw/news/politics/breakingnews/4827758,東北角風管處轄管南延評估 政委陳金德要求研議
https://news.ltn.com.tw/news/life/paper/1668791,蘇花改南澳到和平段北上 封閉2週
https://news.ltn.com.tw/news/life/breakingnews/4809120,蘇花改和平溪河川橋施工 南澳到和平段北上9/25起交管2週
https://news.ltn.com.tw/news/life/breakingnews/4800017,蘇花公路一遇雨就可能坍方 公路局今晨緊急搶通恢復通行
https://news.ltn.com.tw/news/society/breakingnews/4790989,辯「我不知道」避罰掛假牌 蘇花公路科技執法揪出偽造文書罪移送
https://news.ltn.com.tw/news/life/paper/1664259,蘇花改中仁隧道南下 9/2起封2個月
https://news.ltn.com.tw/news/life/paper/1664260,台九線東里至東竹段拓寬 全長5公里
https://estate.ltn.com.tw/article/21673,「兩族群」湧入置產 宜蘭預售屋3年漲25%
https://news.ltn.com.tw/news/life/breakingnews/4782813,開挖排水道  蘇花改中仁隧道南向9/2起至10月底封閉
https://news.ltn.com.tw/news/society/breakingnews/4780615,蘇花改觀音隧道自小客車撞工程防撞車 2傷送醫
https://news.ltn.com.tw/news/society/breakingnews/4775065,纏訟4年撤回上訴 蘇花改禁行機車訴訟落幕原因曝
https://news.ltn.com.tw/news/life/paper/1662393,震後復建 驗收成果 卓揆履行承諾「搭火車到花蓮」
https://news.ltn.com.tw/news/life/paper/1662223,官我什麼事》台鐵擬漲價 李孟諺：距離越長、調幅遞減
https://news.ltn.com.tw/news/life/breakingnews/4770557,台鐵票價調整原則出爐！李孟諺曝：距離越長、調幅遞減
https://news.ltn.com.tw/news/life/breakingnews/4766554,花蓮站假日人次恢復至震前9成 上月住房率成長至24％
https://news.ltn.com.tw/news/life/breakingnews/4761657,蘇花安採橋樑、長隧道設計 公路局：大幅減少極端氣候預警封路機率
https://news.ltn.com.tw/news/life/paper/1660496,蘇花安、國5銜接蘇花改 通過環評
https://news.ltn.com.tw/news/life/breakingnews/4761008,國5接蘇花改、蘇花安環評通過 陳金德：落實總統均衡台灣目標
https://news.ltn.com.tw/news/life/breakingnews/4760904,國5銜接蘇花、蘇花安環評雙雙過關 宜縣府：感謝中央支持
https://news.ltn.com.tw/news/life/breakingnews/4760637,國5接蘇花改計畫通過環評 高公局：與蘇花安同在2032年完工
https://news.ltn.com.tw/news/life/breakingnews/4760605,國道5號銜接蘇花改計畫   環評審查通過
https://news.ltn.com.tw/news/life/breakingnews/4760521,蘇花安計畫環評過關 盼提升蘇花公路用路安全
https://news.ltn.com.tw/news/life/paper/1660113,花蓮4年長高49.1公分 水平位移43.8公分
https://news.ltn.com.tw/news/life/paper/1659727,相關部落全同意 蘇花安路線定案
https://news.ltn.com.tw/news/life/breakingnews/4755569,蘇花安部落諮商全部通過 和平－和中段截彎取直高架化
https://news.ltn.com.tw/news/life/breakingnews/4754927,秀林克尼布部落壓倒性同意 蘇花安部落諮商「最後一哩路」完成
https://news.ltn.com.tw/news/life/breakingnews/4754517,北迴線改線、高鐵延伸屏東和台東提案頻出 鐵道學會：自相矛盾政策不斷
https://news.ltn.com.tw/news/life/paper/1659262,交長兩大新構想 高鐵延伸台東、縣市都有聯外快速道路
https://news.ltn.com.tw/news/life/breakingnews/4752943,李孟諺曝交通部新規劃 高鐵東延台東、各縣市有聯外快速道路
https://news.ltn.com.tw/news/life/breakingnews/4752760,交長李孟諺：蘇花公路今晚局部開放2小時 明起一天3時段開放
https://news.ltn.com.tw/news/life/breakingnews/4749347,蘇花路廊重創6處柔腸寸斷 全線預計7/30搶通
https://news.ltn.com.tw/news/life/paper/1658507,土石流搶通 蘇花路廊今開放蘇澳到和仁
https://news.ltn.com.tw/news/life/breakingnews/4747578,凱米襲台快閃！交通及活動異動、景點關閉一次看（不斷更新）
https://news.ltn.com.tw/news/life/breakingnews/4748325,蘇花路廊蘇澳到和仁7/26開放通行 新澳隧道1天放行3時段
https://news.ltn.com.tw/news/life/breakingnews/4748130,蘇花公路崇德段崩坍嚴重 通車暫無時間表
https://news.ltn.com.tw/news/life/breakingnews/4747671,凱米快閃出海 蘇花改蘇澳~東澳段、南澳~和平段開放通行
https://news.ltn.com.tw/news/life/breakingnews/4746478,凱米襲台！交通及活動異動、景點關閉一次看（不斷更新）
https://news.ltn.com.tw/news/life/breakingnews/4746458,凱米襲台！ 蘇花路廊清晨6點只出不進 8點禁止進入
https://news.ltn.com.tw/news/life/paper/1658239,史前漢本遺址出土石器 宜蘭蘭博展出
https://news.ltn.com.tw/news/politics/breakingnews/4738309,傅崐萁：花東快12年完成 續推環島高鐵讓台灣成2小時生活圈
https://news.ltn.com.tw/news/life/breakingnews/4728222,取消施工封閉  蘇花改中仁隧道南下線今傍晚5點恢復通行
https://news.ltn.com.tw/news/life/breakingnews/4725682,蘇花改中仁隧道南下還不能走！公路局：預計7/6恢復通行
https://news.ltn.com.tw/news/life/breakingnews/4724286,蘇花公路50噸巨石移除了 漢本段恢復正常通行
https://news.ltn.com.tw/news/life/paper/1654551,震後花蓮路難行 議員籲空運享補貼
https://news.ltn.com.tw/news/life/paper/1654412,蘇花改中仁隧道南下不封了 7/4復通
https://news.ltn.com.tw/news/life/breakingnews/4722041,施工封閉引反彈 蘇花改中仁隧道南下7/4恢復通行
https://news.ltn.com.tw/news/life/paper/1654172,天祥至太魯閣交管 今起增1放行時段
https://news.ltn.com.tw/news/life/breakingnews/4721788,國5號銜接蘇花改、蘇花安同步設計發包？ 李孟諺回應了
https://news.ltn.com.tw/news/life/breakingnews/4721524,國5銜接蘇花改 高公局：7/31前修正完環說書送審
https://talk.ltn.com.tw/article/paper/1652951,自由廣場》環境變異快 台鐵邊坡防災新省思
https://news.ltn.com.tw/news/life/paper/1652712,新自強號崇德出軌 乘客徒步疏散 兩腳都是泥
https://news.ltn.com.tw/news/life/breakingnews/4710692,蘇花改擬開放白牌機車通行  年底前試辦
https://news.ltn.com.tw/news/life/breakingnews/4710224,新柴電機車R200還能載35防空快砲！ 台鐵公布罕見軍事運輸影片
https://news.ltn.com.tw/news/life/breakingnews/4704121,台鐵新購歐系柴電機車準備好了！6月19日花蓮首航
https://news.ltn.com.tw/news/life/paper/1650994,台9線大禹、玉里段拓寬 單向兩線道
https://news.ltn.com.tw/news/life/breakingnews/4701743,台9線大禹玉里段大拓寬 沒自行車道、內側禁機車惹議
https://news.ltn.com.tw/news/life/paper/1650597,端午連假蘇花路廊車流 僅去年3成
https://news.ltn.com.tw/news/life/breakingnews/4699217,端午連假首日蘇花路廊沿線順暢 交通量較去年減少7成
https://news.ltn.com.tw/news/life/breakingnews/4698520,蘇花路廊端午連假首波車潮 明早8時湧現 料午後緩解
https://news.ltn.com.tw/news/politics/breakingnews/4697518,指傅崐萁「花東三法」背後是中國 柯建銘：引進中資搞一帶一路
https://news.ltn.com.tw/news/life/breakingnews/4697402,台灣工程界打國際賽 李孟諺：科技廠走入美日、ETC獲泰採用
https://news.ltn.com.tw/news/life/breakingnews/4697026,今年最後一個連假！ 端午節高鐵加開112班次、台鐵加開106列次
https://news.ltn.com.tw/news/life/paper/1649753,端午連假 國5單日恐連塞13小時
https://news.ltn.com.tw/news/life/breakingnews/4694895,端午連假將至 國5單日車流估逾7萬輛次恐連塞13小時
https://news.ltn.com.tw/news/politics/breakingnews/4694226,花東三法拚7月通過？傅崐萁：黨內有「完全共識」才會推
https://news.ltn.com.tw/news/society/breakingnews/4693422,蘇花改白米高架橋北上2車相撞1傷 蘇澳到東澳段恢復通行
https://news.ltn.com.tw/news/life/paper/1648672,花蓮台9線下清水橋便橋 開放大車通行
https://news.ltn.com.tw/news/life/breakingnews/4688026,蘇花公路明早6至8點開放各型車輛通行 白天三時段管制
https://news.ltn.com.tw/news/life/paper/1647821,端午連假 蘇花路廊南下 6/8上午最塞
https://news.ltn.com.tw/news/life/breakingnews/4683338,蘇花路廊端午連假交管出爐 6/8南下將出現最大車潮
https://news.ltn.com.tw/news/life/paper/1646087,國五銜接蘇花改連絡道 環評初審通過
https://news.ltn.com.tw/news/life/paper/1646086,蘇花路廊易坍3路段 納入蘇花安／公路局長：震災受損嚴重地段未納蘇花改 推動計畫有迫切性
https://news.ltn.com.tw/news/life/breakingnews/4672368,國5銜接蘇花改環評初審過關 紓解蘇澳假日塞車問題
https://news.ltn.com.tw/news/life/breakingnews/4672133,「蘇花安」環評初審通過  最快2032完工
https://news.ltn.com.tw/news/life/paper/1645911,宜蘭苦盼台62線 議員批「口號治縣」
https://news.ltn.com.tw/news/life/breakingnews/4671296,台62線延伸等重大工程 宜縣議員憂畫大餅、鐵路高架30年都沒法完成
https://news.ltn.com.tw/news/politics/breakingnews/4661423,行政院推花蓮災後重建285.5億被嫌不夠！傅崐萁：應擴編到400億
https://news.ltn.com.tw/news/politics/breakingnews/4659846,立法院不是老人院 傅崐萁︰柯建銘講養老浪費時間 議事要有效率
https://news.ltn.com.tw/news/life/paper/1642473,國五增設冬山北向匝道 高公局審查通過
https://news.ltn.com.tw/news/politics/breakingnews/4650495,花蓮震不停！傅崐萁仍堅持本週訪中 傳延1天出發
https://news.ltn.com.tw/news/life/breakingnews/4650313,國5將增設冬山交流道北向匝道  預定2031年前完工
https://news.ltn.com.tw/news/society/breakingnews/4649072,惡劣！花蓮台9線逾200棵芒果路樹將移植 遭下毒枯萎
https://news.ltn.com.tw/news/life/breakingnews/4645403,蘇花改通車監測環境有隧道揚塵問題 待說明空污減輕措施才解編
https://news.ltn.com.tw/news/life/paper/1641030,蘇花安環評補件月底送審 目標2032完工
https://news.ltn.com.tw/news/life/breakingnews/4641837,沒放棄蘇花安2032年完工！ 公路局：本月底3路段環評再報環境部
https://news.ltn.com.tw/news/life/breakingnews/4639146,震後蘇花公路安全提升計畫受關注 王國材：預計2032完工
https://news.ltn.com.tw/news/life/paper/1640348,落石損害路段未納蘇花改／最急工程 蘇花安拚2032完工
https://news.ltn.com.tw/news/life/paper/1640383,宜蘭5大交通建設 2032年起陸續完成
https://news.ltn.com.tw/news/life/paper/1640347,普悠瑪號和平站撞落石出軌／邊坡告警系統 王國材︰請台鐵重評
https://news.ltn.com.tw/news/life/breakingnews/4638093,蘇花安等宜蘭5項重大交通建設 交通部：2032年起陸續完成
https://news.ltn.com.tw/news/life/breakingnews/4637945,台鐵稱出軌處「非落石高風險路段」 公路局調查打臉：剛好在落石區
https://news.ltn.com.tw/news/life/breakingnews/4637913,蘇花安拚2032完工 王國材：當前最急的工程
https://news.ltn.com.tw/news/politics/breakingnews/4635374,花蓮強震》國民黨團籲：中央儘速研擬「重建暫行條例」
https://news.ltn.com.tw/news/life/breakingnews/4635059,花蓮強震》傅崐萁籲中央助建組合屋安置災民
https://news.ltn.com.tw/news/society/breakingnews/4631961,花蓮強震》2原住民族人罹難   原民會主委：全力協助家屬
https://news.ltn.com.tw/news/life/paper/1639305,通車年餘 南方澳大橋橋面震裂
https://news.ltn.com.tw/news/life/breakingnews/4630933,自由爆新聞》國際怎麼看台灣強震？「這細節」讓他們狂讚！
https://news.ltn.com.tw/news/life/breakingnews/4630938,花蓮強震》南方澳大橋橋面龜裂、混凝土塊砸落 用路人心驚驚
https://news.ltn.com.tw/news/life/breakingnews/4630339,勘災首站赴災害應變中心 陳建仁：中央已撥3億給花蓮縣政府
https://news.ltn.com.tw/news/life/breakingnews/4630096,蘇花巨石砸車驚險畫面曝 駕駛倒車神速躲過一劫
https://news.ltn.com.tw/news/life/paper/1639143,男環島澳花隧道北口被落石擊中 接力救援
https://news.ltn.com.tw/news/life/breakingnews/4628965,花蓮強震》徒步環島男蘇花路廊遭落石擊中受傷  宜、花接力救援
https://news.ltn.com.tw/news/life/breakingnews/4628458,花蓮強震》蘇花、中橫全中斷 修復時間未定
https://news.ltn.com.tw/news/life/paper/1638988,國5連假首日 估凌晨4點見車潮
https://news.ltn.com.tw/news/life/breakingnews/4627833,清明連假國5、蘇花改塞車時段曝
https://news.ltn.com.tw/news/life/paper/1638112,清明連假 蘇花路廊估4/3下午湧車潮
https://news.ltn.com.tw/news/life/breakingnews/4622832,清明連假首日蘇花路廊南下恐凌晨塞到深夜 最新路況預估出爐
https://news.ltn.com.tw/news/politics/paper/1637531,立院初審 花東快特別條例 保留送協商
https://news.ltn.com.tw/news/politics/breakingnews/4618549,傅崐萁推花東快特別條例 陳揆：盼五院謹守憲法分際
https://news.ltn.com.tw/news/life/breakingnews/4615806,清明連假首日 蘇花路廊南下估連塞20小時
https://news.ltn.com.tw/news/life/breakingnews/4613995,蘇花改救災演練 南澳到和平段3/25、26上午10:00~12:00封閉
https://news.ltn.com.tw/news/life/paper/1635765,台九線玉里大禹路口 機車道綠燈增至15秒
https://news.ltn.com.tw/news/life/breakingnews/4608181,花蓮台9線這1機車道 綠燈只給10秒機車族氣炸…公路局回應了
https://news.ltn.com.tw/news/life/paper/1634377,台九線玉里段將拓寬 芒果大道成絕響
https://news.ltn.com.tw/news/life/paper/1634155,東北角風管處轄管南延 啟動評估
https://news.ltn.com.tw/news/life/breakingnews/4598235,東北角風管處轄管延伸宜蘭和平溪？ 全案啟動評估
https://news.ltn.com.tw/news/life/paper/1633757,蘇花改中仁隧道施工 北上封閉至月底
https://news.ltn.com.tw/news/politics/paper/1631975,蘇花安延宕 民進黨議員要傅崐萁先道歉
https://ec.ltn.com.tw/article/breakingnews/4585448,蘇花安環評卡關遭批 陳揆：請交通部儘速補正
https://news.ltn.com.tw/news/politics/breakingnews/4585199,傅崐萁批蘇花安延宕 民進黨議員胡仁順：傅先對未做好地方溝通道歉
https://news.ltn.com.tw/news/politics/breakingnews/4585131,蘇花安環評卡關！ 立院藍營籲蕭美琴出來為花東說話
https://news.ltn.com.tw/news/life/breakingnews/4584300,國5銜接蘇花改環評初審卡關 環委要求強化土石流防範
https://news.ltn.com.tw/news/life/breakingnews/4583836,路線多行經環境敏感區 「蘇花安」環評初審再審
https://news.ltn.com.tw/news/society/breakingnews/4581258,蘇花改東澳隧道3車追撞3人送醫  北上車道一度封閉
https://news.ltn.com.tw/news/life/breakingnews/4578839,初五收假日車流趨緩 蘇花路廊北上未實施高乘載
https://news.ltn.com.tw/news/life/breakingnews/4578490,國道北返車潮湧現！國5北向時速不到40公里 恐塞到深夜
https://news.ltn.com.tw/news/life/breakingnews/4578092,蘇花路廊初四北上返工潮 公路局估車多壅塞至明凌晨兩點
https://news.ltn.com.tw/news/life/breakingnews/4577714,初四、初五蘇花恐大塞車！高乘載車可上大客車優先道
https://news.ltn.com.tw/news/life/breakingnews/4576763,春節假期第3天 蘇花路廊多處路段壅塞
https://news.ltn.com.tw/news/life/breakingnews/4576628,蘇花改南下湧走春車潮  估午後紓緩
https://news.ltn.com.tw/news/life/breakingnews/4576459,大年初一走春、參拜  9處易壅塞路段曝
https://news.ltn.com.tw/news/life/breakingnews/4575817,蘇花路廊返鄉車潮湧現 尖端時段車流每小時逾千輛
https://news.ltn.com.tw/news/life/paper/1628386,疏運春節車潮／蘇花路廊崇德段試辦 高乘載車輛 可走大客車優先道
https://news.ltn.com.tw/news/life/breakingnews/4564628,春節省道25路段易壅塞  首度試辦高乘載車輛行駛台9線大客車優先道
https://news.ltn.com.tw/news/life/breakingnews/4562600,春節連假國道疏運 2/7到2/10無高乘載管制
https://news.ltn.com.tw/news/life/paper/1627761,蘇花路廊崇德北上 春節試辦高乘載
https://news.ltn.com.tw/news/life/breakingnews/4561162,北上小客車高乘載可走大客車優先道 蘇花路廊春節連假首度試辦
https://news.ltn.com.tw/news/life/paper/1627522,花蓮》不堪虧損 客運羅花線3月起喊停
https://news.ltn.com.tw/news/life/breakingnews/4553698,春節連假適逢武陵農場櫻花祭 公路局防壅塞祭高強度管制
https://news.ltn.com.tw/news/politics/paper/1626342,臨危受命 陳俊宇守住綠宜蘭關鍵一席
https://news.ltn.com.tw/news/politics/breakingnews/4546958,宜蘭政見會》藍綠互打 白罵棄保逼選民含淚投票
https://news.ltn.com.tw/news/politics/breakingnews/4544028,宜蘭立委政見會藍綠白混戰 互冠封號「問號婷」、「陳楊桃」
https://news.ltn.com.tw/news/life/breakingnews/4537416,元旦連假蘇花路廊湧入近1萬5千輛次車流 估明11:00起出現北返車潮
https://news.ltn.com.tw/news/life/breakingnews/4536949,宜蘭跨年湧人潮 旅宿訂房率9成8達往年水準
https://news.ltn.com.tw/news/society/breakingnews/4536874,貨車「逾限高5公分」撞爆東澳隧道噴流風機 恐賠100萬
https://news.ltn.com.tw/news/life/breakingnews/4536512,蘇花改清晨6點湧現南下車潮 車龍長3公里
https://news.ltn.com.tw/news/life/breakingnews/4536185,國5南下車潮湧現！今估塞到半夜 3天連假「塞車時段」一次看
https://news.ltn.com.tw/news/politics/breakingnews/4529854,蕭美琴以前瞻預算為例：民進黨若沒過半 日子會很難過
https://news.ltn.com.tw/news/politics/paper/1622253,宜縣生育津貼 林姿妙：明年每胎增至1.5萬
https://news.ltn.com.tw/news/politics/paper/1622254,百位學者連署 挺張美慧下架傅崐萁
https://news.ltn.com.tw/news/life/breakingnews/4528798,宜蘭縣長林姿妙就職5週年 宣布生育津貼1/1起調高到1.5萬
https://news.ltn.com.tw/news/politics/breakingnews/4527524,賴清德環島拼圖啟動首站宜蘭出發  鄉親不畏寒流冒雨相挺
https://news.ltn.com.tw/news/life/paper/1621564,蘇花改中仁隧道 北上夜間封閉施工
https://news.ltn.com.tw/news/life/breakingnews/4517373,蘇花改蘇澳到東澳段及南澳到和平段 12/13施工封閉
https://news.ltn.com.tw/news/politics/breakingnews/4516877,地方山頭歸隊！侯友宜、馬英九花蓮造勢 破冰盛讚傅崐萁
https://news.ltn.com.tw/news/politics/paper/1619906,花蓮需建設 綠營：換張美慧進國會
https://news.ltn.com.tw/news/politics/breakingnews/4515149,信賴台灣走入世界 賴清德：民進黨不走依賴中國的回頭路
https://news.ltn.com.tw/news/politics/breakingnews/4504252,藍營控蕭美琴擋花蓮建設 賴陣營反轟：急著抹黑怕被發現沒建樹？
https://news.ltn.com.tw/news/life/paper/1617828,蘇花改中仁隧道施工 北上日間封至年底
https://news.ltn.com.tw/news/society/paper/1617452,新北年取締5萬件砂石車違規 土城奪冠
https://news.ltn.com.tw/news/politics/breakingnews/4500304,韓國瑜列藍不分區首位 林飛帆：能想像他當立法院長接待外賓？
https://news.ltn.com.tw/news/life/paper/1615700,國五側車道延伸蘇澳 宜縣爭取併入銜接蘇花改
https://news.ltn.com.tw/news/life/breakingnews/4491001,國5側車道南延蘇澳 宜縣爭取併入「銜接蘇花改」由中央買單
https://news.ltn.com.tw/news/life/paper/1613937,蘇花改施工交管 改道舊蘇花
https://news.ltn.com.tw/news/life/breakingnews/4480401,蘇花改蘇澳-和平段施工 明起至10日改走舊蘇花
https://news.ltn.com.tw/news/politics/paper/1613254,賴赴宜蘭挺陳俊宇︰照顧農民、改善交通
https://news.ltn.com.tw/news/politics/breakingnews/4477032,賴清德宜蘭連3場造勢 站台力挺陳俊宇
https://news.ltn.com.tw/news/life/paper/1612853,國五塞車提解方》 宜蘭陳俊宇：督促北宜高鐵10年完工
https://news.ltn.com.tw/news/politics/breakingnews/4474194,宜蘭進入黃金10年 陳俊宇爭取北宜高鐵10年完工
https://news.ltn.com.tw/news/life/paper/1611838,東北角風景區 宜蘭建議南延至縣界
https://news.ltn.com.tw/news/life/breakingnews/4468655,宜蘭縣提建議書 盼東北角風景區延伸至南澳鄉和平溪縣界
https://news.ltn.com.tw/news/society/paper/1611151,神轎隧道內起火 消防大隊長幫滅火
https://news.ltn.com.tw/news/society/breakingnews/4465019,神轎「發爐」蘇花改隧道起火 花蓮特搜大隊長救駕撲滅
https://news.ltn.com.tw/news/life/paper/1610935,花東快可行性評估 明年完成
https://news.ltn.com.tw/news/life/paper/1610948,花東快若核定 王國材：工期約10年
https://news.ltn.com.tw/news/life/breakingnews/4463374,花東快明年2月完成可行性評估 蘇花安拚2032年完工通車
https://news.ltn.com.tw/news/life/breakingnews/4460354,珍稀植物水青岡遭破壞難復育 信大水泥礦場環現差須再審
https://news.ltn.com.tw/news/life/paper/1610193,蘇花大清水隧道重建 工程近尾聲
https://news.ltn.com.tw/news/life/paper/1609274,自由日日Shoot》沙灘車業者盼納管合法化 玩得更安心
https://news.ltn.com.tw/news/life/paper/1609184,蘇花路廊北返車潮 今午起湧現
https://news.ltn.com.tw/news/life/paper/1608836,《雙十連假》宜蘭訂房率 前兩天破9成
https://news.ltn.com.tw/news/life/breakingnews/4451413,雙十連假首日蘇花路廊車多 花蓮端車流順暢
https://news.ltn.com.tw/news/life/breakingnews/4451367,蘇花改清晨5點湧現南下車潮！恐塞到下午4點後
https://news.ltn.com.tw/news/life/breakingnews/4451339,北部國道一早就塞！國慶連假首日 避開6大「地獄路段」
https://news.ltn.com.tw/news/life/paper/1608622,4天連假起跑 國五昨提前壅塞
https://news.ltn.com.tw/news/politics/paper/1608722,花蓮公共運輸 賴清德：捷運化發展
https://news.ltn.com.tw/news/politics/breakingnews/4451039,民進黨花蓮立委參選人張美慧電台專訪 賴清德暢談區域均衡發展
https://news.ltn.com.tw/news/society/paper/1608326,蘇澳隧道2遊覽車追撞 19人送醫
https://news.ltn.com.tw/news/society/breakingnews/4448279,蘇花改2遊覽車追撞19傷！都桃園團 健行商圈、龍潭國小同學會
https://news.ltn.com.tw/news/life/paper/1608133,雙十連假 國五每日車流估逾7萬輛次
https://news.ltn.com.tw/news/life/breakingnews/4447143,國5國慶連假估每日平均7萬輛次 最塞時段出爐
https://news.ltn.com.tw/news/life/paper/1607787,雙十連假首日 蘇花路廊估1.6萬輛次
https://news.ltn.com.tw/news/life/breakingnews/4444055,中秋連假第2天 國五北返車潮估下午4點湧現恐一路塞到深夜
https://news.ltn.com.tw/news/life/paper/1607475,秋節連假次日／今湧北返車潮 國道16處壅塞路段
https://news.ltn.com.tw/news/life/breakingnews/4443340,中秋蘇花路廊沒塞車！ 公路局：比去年減少17％
https://news.ltn.com.tw/news/life/breakingnews/4443098,蘇花改清晨5點湧南向車潮 蘇澳端車龍排隊3公里
https://news.ltn.com.tw/news/life/breakingnews/4437939,蘇花改蘇澳到東澳段道路安全設施整修 明、後天施工封閉
https://news.ltn.com.tw/news/life/paper/1605928,中秋連假車流 花警「智慧」監控
https://news.ltn.com.tw/news/life/paper/1605884,台中》梨山人盼中橫復建 公路總局提3方案
https://news.ltn.com.tw/news/life/breakingnews/4434578,盧秀燕促中橫比照南橫復建 公路總局：比照蘇花改整體規劃較安全
https://news.ltn.com.tw/news/life/paper/1605748,中秋連假首日最塞 蘇澳到崇德需2.5小時
https://news.ltn.com.tw/news/life/breakingnews/4433113,中秋連假蘇花路廊9/29南下最塞   蘇澳到崇德估2.5小時
https://news.ltn.com.tw/news/life/paper/1604565,蘇花改中仁隧道 明起施工交管
https://news.ltn.com.tw/news/life/breakingnews/4414406,海葵颱風影響  交通、活動異動資訊看這裡（不斷更新）
https://news.ltn.com.tw/news/life/breakingnews/4416454,舊蘇花公路晚上7點起預警性封路 南澳至和仁改走蘇花改
https://news.ltn.com.tw/news/life/paper/1600286,台11線水璉至牛山段 9/1起實施區間測速
https://news.ltn.com.tw/news/life/breakingnews/4401262,山道猴子gg了！花蓮台11線水璉牛山段9/1實施區間測速
https://news.ltn.com.tw/news/life/paper/1599942,救災演練 蘇花改南澳至和平段雙向管制
https://news.ltn.com.tw/news/life/paper/1599671,蘇花改東澳隧道 5車連環撞6傷
https://news.ltn.com.tw/news/society/breakingnews/4396621,蘇花改東澳隧道5車追撞4傷 15:40通車了
https://news.ltn.com.tw/news/life/paper/1599422,重啟花東快評估 民代盼儘速推動
https://news.ltn.com.tw/news/life/paper/1598823,2部落諮商投票流會 蘇花安卡關
https://news.ltn.com.tw/news/life/breakingnews/4391966,部落投票流會！ 蘇花安卡花蓮地方逾2年 蘇改處：持續溝通
https://news.ltn.com.tw/news/society/paper/1598419,花蓮消防楷模特搜隊小隊長 赴瑞士受訓 猝死飯店
https://news.ltn.com.tw/news/society/breakingnews/4389765,赴瑞士受訓隧道救災   花蓮43歲特搜小隊長猝死異鄉
https://news.ltn.com.tw/news/life/breakingnews/4377050,杜蘇芮襲台 交通、活動異動取消一次看（不斷更新）
https://news.ltn.com.tw/news/life/breakingnews/4377377,花蓮玉里大橋距離警戒水位約3公尺 不排除預警封閉
https://news.ltn.com.tw/news/life/paper/1595394,花蓮》蘇花安外環高架 崇德投票同意
https://news.ltn.com.tw/news/life/breakingnews/4372131,得吉利部落投票同意 蘇花安崇德服務區、高架橋路段定案
https://news.ltn.com.tw/news/life/paper/1593384,蘇花安高架經過 花蓮部落辦同意權投票
https://news.ltn.com.tw/news/life/breakingnews/4360463,蘇花安路線和平、崇德部落月底投票 工程處稱持續加強地方溝通
https://news.ltn.com.tw/news/life/paper/1593064,蘇花安高架外環 花蓮無共識
https://news.ltn.com.tw/news/life/breakingnews/4358502,蘇花安路線花蓮端卡5年 21場座談無共識將辦諮商同意權投票
https://news.ltn.com.tw/news/life/paper/1590577,端午連假收假日 蘇花路廊車流順暢
https://news.ltn.com.tw/news/life/breakingnews/4343992,端午連假結束 蘇花路廊北上車潮午後出現
https://news.ltn.com.tw/news/life/paper/1590349,花蓮》蘇花改今北上 估有1.38萬輛車次
https://news.ltn.com.tw/news/life/paper/1590309,端節連假今收假 國道車流估順暢
https://news.ltn.com.tw/news/life/breakingnews/4343442,國5湧北返車潮！雪隧入口車龍長達4公里 恐塞到深夜
https://news.ltn.com.tw/news/life/paper/1590191,高溫炎熱 花蓮海洋公園湧萬名遊客
https://news.ltn.com.tw/news/life/paper/1590192,高溫炎熱 花蓮海洋公園湧萬名遊客
https://news.ltn.com.tw/news/life/breakingnews/4342636,連假第2天宜縣清水地熱塞爆 警估午後國5有首波北返車潮
https://news.ltn.com.tw/news/life/paper/1590076,蘇花改車多 估24日現北返車潮
https://news.ltn.com.tw/news/life/breakingnews/4342166,端午連假明全台18處路段易壅塞 客運仍有逾83％空位
https://news.ltn.com.tw/news/life/breakingnews/4341873,端午連假首日蘇花改凌晨就塞！公路總局：下午2點後趨緩
https://news.ltn.com.tw/news/life/breakingnews/4341691,蘇花路廊清晨5點湧現南下車潮！估中午過後才能紓解
https://news.ltn.com.tw/news/life/breakingnews/4339895,端午連假前1天開始塞！國五車多時段全攻略 日均7萬輛次
https://news.ltn.com.tw/news/life/paper/1589545,端午連假估首日最高 蘇花路廊達1.8萬輛次
https://news.ltn.com.tw/news/politics/paper/1589134,賴提六大承諾 拋花蓮規劃軟體園區
https://news.ltn.com.tw/news/politics/paper/1589133,批中國將農產品當武器 賴清德：助花東開拓海外市場
https://news.ltn.com.tw/news/politics/breakingnews/4337173,花蓮信賴台灣之友會成立 賴清德：接受九二共識等於走向統一
https://news.ltn.com.tw/news/society/breakingnews/4334317,雨天過彎 蘇花改大貨車自撞隧道壁
https://talk.ltn.com.tw/article/paper/1587838,自由共和國》吳怡彥／太陽能板下的大政府與小政府
https://news.ltn.com.tw/news/society/breakingnews/4328691,蘇花公路被超車怒攔對方持獵槍對空鳴槍 男子送辦
https://news.ltn.com.tw/news/life/breakingnews/4327689,端午連假蘇花路廊交通恐爆大量 估首日凌晨3點湧現南下車潮
https://news.ltn.com.tw/news/society/breakingnews/4326548,擺脫行人地獄！ 20天開出10萬張罰單 不繳錢列優先執行
https://news.ltn.com.tw/news/life/paper/1586126,國五銜接蘇花改 拚年底前獲政院核定
https://news.ltn.com.tw/news/life/breakingnews/4318915,國5銜接蘇花改計畫 力拚年底前獲行政院核定
https://news.ltn.com.tw/news/society/breakingnews/4304909,砂石車「騎上」蘇花改護欄！觀音谷風隧道南側驚悚畫面曝
https://news.ltn.com.tw/news/life/paper/1581893,玉里大橋重建 南下橋拆除
https://news.ltn.com.tw/news/life/paper/1581658,宜蘭》南方澳大橋限重 兩側將派員監看
https://news.ltn.com.tw/news/life/breakingnews/4293995,南方澳跨港大橋超重車輛上橋驚動交通部 緊急因應亡羊補牢
https://news.ltn.com.tw/news/society/breakingnews/4277855,花蓮市「跨越雙白線」科技執法第一季2500多件 民眾吃罰單哀號
https://news.ltn.com.tw/news/life/breakingnews/4273023,花蓮機場利用率低  交通部推國際包機補助、4/28直航峴港
https://news.ltn.com.tw/news/society/paper/1576872,西班牙1家自駕遊花蓮 蘇花改自撞 妻死兒重傷
https://news.ltn.com.tw/news/society/breakingnews/4266250,4外籍人士租車經蘇花改中仁隧道北口 自撞路墩1死1重傷
https://news.ltn.com.tw/news/life/paper/1576732,〈九一八震損〉玉里大橋 將重建成會長高的橋
https://news.ltn.com.tw/news/life/breakingnews/4265044,會長高的橋！花蓮玉里大橋耗資42億元重建今動土
https://news.ltn.com.tw/news/life/breakingnews/4261301,蘇花路廊連假北返「塞到凌晨3點」 公路總局預估下午還有車潮
https://news.ltn.com.tw/news/life/breakingnews/4260728,收心了！明省道9路段易塞 客運空位仍超過5成
https://news.ltn.com.tw/news/life/paper/1575707,明收假 蘇花路廊北返恐塞到深夜
https://news.ltn.com.tw/news/life/breakingnews/4259696,國5北向午後車潮湧現 恐塞到深夜
https://news.ltn.com.tw/news/life/paper/1575569,清水地熱 開園10分鐘停車位爆滿
https://news.ltn.com.tw/news/life/paper/1575483,高鐵集電弓又異常 今年第8起
https://news.ltn.com.tw/news/life/breakingnews/4259276,清明連假第2天宜蘭景區熱度升 清水地熱開園10分鐘啟動管制
https://news.ltn.com.tw/news/life/breakingnews/4259032,車潮塞爆！蘇花路廊單日湧近2.4萬車次 破通車以來紀錄
https://news.ltn.com.tw/news/life/breakingnews/4258831,連假第2天清晨5時蘇花改現車潮 南向車龍逾3公里
https://news.ltn.com.tw/news/life/breakingnews/4258759,04/02各報重點新聞一覽
https://news.ltn.com.tw/news/life/paper/1575358,連假首日 台北到花蓮開了8小時
https://news.ltn.com.tw/news/life/paper/1575329,蘇花路廊半夜2點湧車潮 比過年還塞
https://news.ltn.com.tw/news/life/breakingnews/4258400,蘇花改塞爆！民眾車上織毛衣殺時間 公總建議下午5點後再上路
https://news.ltn.com.tw/news/life/breakingnews/4258322,清明連假首日蘇花改清晨2點開始塞  估恐塞到晚間9點
https://news.ltn.com.tw/news/life/breakingnews/4258053,蘇花改今晨3點湧南向車潮 恐下午4時過後才紓緩
https://news.ltn.com.tw/news/life/paper/1575251,國五南下 凌晨4點至下午4點易壅塞
https://news.ltn.com.tw/news/life/breakingnews/4257478,清明連假開跑 高公局：國5及蘇花改明晨將湧現南向車潮
https://news.ltn.com.tw/news/life/breakingnews/4257219,清明5天連假明登場  61線西濱公路、蘇花改易壅塞時段看這邊
https://news.ltn.com.tw/news/life/paper/1574944,迎清明5天連假 今提前湧車潮
https://news.ltn.com.tw/news/life/breakingnews/4256791,清明連假花東訂房率8成 估蘇花路廊首日最塞、車流上看2萬4000輛
https://news.ltn.com.tw/news/life/breakingnews/4255973,清明連假首日國道流量  交通部：南下預估接近歷史最大量
https://news.ltn.com.tw/news/life/paper/1574871,連假首日最塞 蘇花路廊南下估2.4萬輛次
https://ec.ltn.com.tw/article/breakingnews/4254230,遠雄悅來斥資4億元整改完畢 今年營運可望較疫情前佳
https://news.ltn.com.tw/news/life/paper/1573445,清明連假 國道五號每日車流恐破7萬
https://news.ltn.com.tw/news/society/breakingnews/4246589,蘇花改小貨車撞上LED警戒車1傷送醫 一度回堵1公里
https://news.ltn.com.tw/news/life/breakingnews/4246069,清明5天連假 國道五號單日車流預估破7萬
https://news.ltn.com.tw/news/life/paper/1573248,宜縣民進黨立委初選登記 陳歐珀搶頭香
https://news.ltn.com.tw/news/life/breakingnews/4245347,蘇花改南澳到和平段救災演練 3/22、3/23上午10至12時封閉
https://news.ltn.com.tw/news/politics/breakingnews/4244971,宜縣民進黨立委初選登記 陳歐珀搶頭香高喊宜蘭Action
https://news.ltn.com.tw/news/politics/breakingnews/4239065,國道六號貫通中央山脈需8千億元 陳建仁：不是國道基金可以負擔！
https://news.ltn.com.tw/news/life/paper/1570234,南方澳大橋意象 誤用挪威鯖魚
https://news.ltn.com.tw/news/life/breakingnews/4228417,糗！南方澳大橋採鯖魚造型 在地人抓包：官網圖示錯了
https://news.ltn.com.tw/news/life/paper/1569874,北宜高鐵等建設 力拚2026動工
https://news.ltn.com.tw/news/life/paper/1569875,冬山交流道修正報告 中央建議納公所意見
https://news.ltn.com.tw/news/life/breakingnews/4225845,冬山交流道拚最後1次審議 鄉長林峻輔請命：攸關溪南發展
https://news.ltn.com.tw/news/life/breakingnews/4225661,交通部報告宜蘭10大建設 陳歐珀：未來5年將進入高峰期
https://news.ltn.com.tw/news/life/breakingnews/4224863,不塞了！ 國5北返車潮漸緩 晚間6時提前解除高乘載
https://news.ltn.com.tw/news/life/paper/1569517,花蓮》匯德隧道出撞況 蘇花公路更塞
https://news.ltn.com.tw/news/life/breakingnews/4223629,連假尾聲 蘇花路廊北返午後開始進入尖峰
https://news.ltn.com.tw/news/life/paper/1569187,冬山交流道可行性評估 首審未過
https://news.ltn.com.tw/news/life/paper/1569175,連假第二天 避開17處易塞路段
https://news.ltn.com.tw/news/life/breakingnews/4222202,228連假首日怕塞車「早起上路」 蘇花改清晨5點湧現車潮
https://news.ltn.com.tw/news/life/breakingnews/4222110,228連假首日 公總估省道19處路段易出現壅塞
https://news.ltn.com.tw/news/life/breakingnews/4222080,二二八連假首日 蘇花改清晨湧現南下車潮車龍達3.5公里
https://news.ltn.com.tw/news/life/paper/1569018,連假首日 國五南下車潮今達高峰
https://news.ltn.com.tw/news/life/breakingnews/4221375,明起228連假 國五南下車潮預估今下午漸增
https://news.ltn.com.tw/news/life/paper/1568096,228蘇花車流 預估單日最多1.7萬輛次
https://news.ltn.com.tw/news/life/paper/1567396,蘇花安和平段 居民爭取進入市區
https://news.ltn.com.tw/news/life/breakingnews/4211622,蘇花安路線花蓮地方有異音 工程單位：將再多開幾場說明會凝聚共識
https://news.ltn.com.tw/news/life/paper/1567160,宜縣整併特搜大隊 不影響雪隧救災
https://news.ltn.com.tw/news/society/breakingnews/4211023,宜縣整併特搜大隊 外界憂心影響雪隧等長隧道救災
https://news.ltn.com.tw/news/life/paper/1566834,蘇花安東澳到南澳段 地方促先發包
https://news.ltn.com.tw/news/life/breakingnews/4209265,蘇花安要等花蓮段路線協商 宜蘭南澳鄉盼東澳-南澳段先做
https://news.ltn.com.tw/news/life/breakingnews/4208716,從宜蘭遠眺日本國土 舊蘇花公路將闢建與那國島眺望處
https://news.ltn.com.tw/news/life/paper/1566311,蘇花改仁水隧道 提高速限至60公里
https://news.ltn.com.tw/news/life/breakingnews/4206386,別再龜速！蘇花改仁水隧道速限提高到60 2/18上路
https://news.ltn.com.tw/news/life/breakingnews/4205215,蘇花改隧道大塞車 2女尿急憋不住......竟直接下車脫褲解放！
https://news.ltn.com.tw/news/life/breakingnews/4201359,傅崐萁喊蘇花安「國民黨明年執政就動工」 網友：國六2年完工了嗎？
https://news.ltn.com.tw/news/politics/breakingnews/4197243,被徵詢留任未猶豫  王國材：盼表現最好、被人稱讚時再離開
https://news.ltn.com.tw/news/life/breakingnews/4194777,北返車潮湧現！國5、蘇花改塞到夜間 雪隧車流一度長達5公里
https://news.ltn.com.tw/news/life/breakingnews/4193540,蘇花公路往崇德、宜蘭塞車走走停停 北返車潮今估超過1.6萬輛次
https://news.ltn.com.tw/news/life/breakingnews/4193521,初五國5、蘇花路廊北返車潮進入最高峰 恐塞到深夜
https://news.ltn.com.tw/news/life/breakingnews/4193015,國5、蘇花路廊又湧現北返車潮 恐塞到深夜
https://news.ltn.com.tw/news/life/breakingnews/4192757,國5、蘇花路廊車潮「反轉」 北上車流增多、雪隧回堵
https://news.ltn.com.tw/news/life/breakingnews/4192493,國5、蘇花路廊今天午後將有首波北返車潮 國5恐塞到晚上
https://news.ltn.com.tw/news/life/breakingnews/4192435,蘇花路廊初三南北向車多 花蓮北返車流增加
https://news.ltn.com.tw/news/life/breakingnews/4192008,蘇花路廊南下花蓮 清晨湧車潮 午後可望紓緩
https://news.ltn.com.tw/news/life/breakingnews/4191943,大年初二湧回娘家出遊車潮 蘇花公路清晨5時開始塞
https://news.ltn.com.tw/news/life/breakingnews/4191791,初一走春省道多處壅塞 初二留意17地雷路段
https://news.ltn.com.tw/news/life/breakingnews/4191524,出門前先查路況！全台9處省道路段恐壅塞
https://news.ltn.com.tw/news/life/breakingnews/4191500,初一蘇花路廊南下車潮最高峰 恐連塞11小時
https://news.ltn.com.tw/news/life/breakingnews/4191309,初一走春！幾處知名宮廟人潮湧 周邊預估全天車多
https://news.ltn.com.tw/news/life/breakingnews/4191172,除夕蘇花路廊全線順暢  公路總局估明往花蓮車潮達最高峰
https://news.ltn.com.tw/news/life/breakingnews/4191060,春節假期第2天 公總估銜接國道快速公路易壅塞
https://news.ltn.com.tw/news/life/paper/1563766,除夕上午趕返鄉 國道避5壅塞路段
https://news.ltn.com.tw/news/life/breakingnews/4190433,春節連假首日  蘇花改凌晨南下車潮綿延3.5公里
https://news.ltn.com.tw/news/life/breakingnews/4189778,春節連假明展開  蘇花路廊估20日凌晨4時湧南下車潮
https://news.ltn.com.tw/news/life/paper/1563392,花蓮玉里大橋南下橋重建 工期縮為25個月
https://news.ltn.com.tw/news/life/paper/1563389,國五、蘇花路廊 初五雙向車潮達高峰
https://news.ltn.com.tw/news/life/breakingnews/4187803,花蓮玉里大橋震災後重建 工期可縮短至25個月
https://news.ltn.com.tw/news/life/breakingnews/4187415,宜蘭預估春節出遊旅次增 國5、蘇花改初五雙向車潮達高峰
https://news.ltn.com.tw/news/life/breakingnews/4187374,春節10天連假蘇花路廊交通量估超過25萬輛次 比去年多2成
https://news.ltn.com.tw/news/life/breakingnews/4185748,蘇花大清水隧道崩塌搶修！ 預計17:00搶通開放通行2小時
https://news.ltn.com.tw/news/life/breakingnews/4185026,蘇花雙向阻斷公總趕辦蘇花安計畫環評  力拚121年完工
https://news.ltn.com.tw/news/life/paper/1562678,蘇花改春節車潮 預估初三最多
https://news.ltn.com.tw/news/life/paper/1562640,蘇花中斷／搭船花時間 交長︰請大家體諒
https://news.ltn.com.tw/news/life/breakingnews/4184115,蘇花改春節連假車流預估  初三車最多、初五北上最塞
https://news.ltn.com.tw/news/life/breakingnews/4183897,蘇花中斷航港局調動快輪疏運軍艦也支援  花蓮港擠滿排隊車輛
https://news.ltn.com.tw/news/life/breakingnews/4183815,蘇花雙向阻斷  王國材：目標1/15下午5點恢復通車
https://news.ltn.com.tw/news/life/paper/1562437,3階段改善 事故路段改做長隧道
https://news.ltn.com.tw/news/life/paper/1562522,蘇花坍方路斷》綠營籲勿讓政治口水 嚇跑觀光客
https://news.ltn.com.tw/news/life/paper/1562435,蘇花公路中斷 陸海空齊疏運
https://news.ltn.com.tw/news/life/breakingnews/4183158,蘇花路廊坍方道路中斷  公總：去年就發生5件
https://news.ltn.com.tw/news/politics/breakingnews/4182882,蘇花中斷傅崐萁批沒有安全的路 綠營：勿讓政治口水嚇跑觀光客
https://news.ltn.com.tw/news/life/breakingnews/4182738,蘇花公路大清水隧道坍方 未來蘇花安擬改用長隧道最快2032年通車
https://news.ltn.com.tw/news/life/breakingnews/4182644,蘇花中斷陸海空4計畫因應 中橫公路「白天開放」花蓮到台北最快4小時
https://news.ltn.com.tw/news/life/breakingnews/4182634,春節疏運  國道每日0至5時全線暫停收費
https://news.ltn.com.tw/news/life/breakingnews/4182607,蘇花坍方最快1/15下午5點搶通 初期將採戒護通行供民眾行駛
https://news.ltn.com.tw/news/life/breakingnews/4182535,土石崩塌空拍畫面曝光！蘇花公路中斷  蔬果啟動鐵路疏運
https://news.ltn.com.tw/news/life/breakingnews/4182567,大清水隧道塌雙向中斷海運啟動 3艘快輪往返宜花免費載人車
https://news.ltn.com.tw/news/life/breakingnews/4182470,土石崩塌壓毀蘇花路廊明隧道 公路總局籲：改搭台鐵或走南迴
https://news.ltn.com.tw/news/life/breakingnews/4182413,蘇花公路雙向阻斷！大清水隧道南口坍方 預估15日搶通
https://news.ltn.com.tw/news/life/breakingnews/4176359,宜蘭台9丁線觀音路段邊坡坍方雙向阻斷 預計9:30搶通
https://news.ltn.com.tw/news/life/paper/1561234,春節離峰時段行駛蘇花改 抽福袋
https://news.ltn.com.tw/news/life/breakingnews/4175887,春節蘇花改初五最塞  登錄離峰通行可抽福袋
https://news.ltn.com.tw/news/society/paper/1560772,宜縣新科「測速王」 抓5680件違規創新高
https://news.ltn.com.tw/news/society/breakingnews/4173842,宜蘭縣新科「測速王」！1年狂抓5680違規 支援收銀破680萬
https://news.ltn.com.tw/news/life/paper/1560501,蘇花路廊 今午後將湧北返車潮
https://news.ltn.com.tw/news/life/paper/1560496,元旦連假 宜蘭再現國旅人潮
https://news.ltn.com.tw/news/life/breakingnews/4171865,連假第2天國5湧現北上車潮 雪隧回堵3.5公里恐塞到深夜
https://news.ltn.com.tw/news/life/breakingnews/4170733,元旦連假首日 蘇花改南下車潮湧現 預估午後紓解
https://news.ltn.com.tw/news/life/paper/1559965,元旦連假 公布國五尖峰時段防塞
https://news.ltn.com.tw/news/life/breakingnews/4169166,太平山提早開園迎元旦曙光 國五、蘇花改連假尖峰時段看過來
https://news.ltn.com.tw/news/life/paper/1559430,元旦連假 蘇花路廊估31日南下最塞
https://news.ltn.com.tw/news/life/breakingnews/4166044,元旦連假蘇花路廊將湧出遊車潮 預估這個時間南下最塞
https://news.ltn.com.tw/news/life/paper/1558010,拚建蘇花安 最快2024年動工
https://news.ltn.com.tw/news/life/breakingnews/4159558,力拚蘇花安2024年動工 公路總局東部最強施工團隊新目標
https://estate.ltn.com.tw/article/15302,東部房價衝過頭 這兩縣市漲幅反居全台之末
https://news.ltn.com.tw/news/life/paper/1557531,南方澳跨港大橋 18日下午3點通車
https://news.ltn.com.tw/news/life/breakingnews/4157041,南方澳跨港大橋重生 12/18下午3點開放通車
https://news.ltn.com.tw/news/life/breakingnews/4156174,南方澳新夜景！跨港大橋12/18通車 點燈璀燦美景搶先看
https://news.ltn.com.tw/news/life/breakingnews/4153879,目標耐用100年！ 南方澳跨港大橋新橋將通車 防震設計強化
https://news.ltn.com.tw/news/life/breakingnews/4153412,南方澳跨港大橋敲定12/18通車 鯖魚造型成新地標
https://news.ltn.com.tw/news/life/paper/1556244,花縣19處科技執法 月均取締逾6千件
https://news.ltn.com.tw/news/life/paper/1554325,宜蘭》新南方澳大橋 可望元旦前通車
https://news.ltn.com.tw/news/life/breakingnews/4139573,南方澳跨港大橋重建完工倒數 可望元旦前通車
https://news.ltn.com.tw/news/life/breakingnews/4126416,南方澳跨港大橋11/22通車救選情？蘇花改工程處：假訊息
https://news.ltn.com.tw/news/life/paper/1551988,公共工程與生態永續並存 蘇花改野生動植物 回復原狀
https://news.ltn.com.tw/news/life/breakingnews/4125555,農委會特生中心監測蘇花改 1年路殺41筆遠低一般道路
https://news.ltn.com.tw/news/politics/paper/1550502,宜蘭》大南澳聯外道 江聰淵力主打通
https://news.ltn.com.tw/news/politics/breakingnews/4116428,江聰淵大南澳拜票 盼打通聯外交通任督二脈
https://news.ltn.com.tw/news/life/paper/1549382,蘇花改中仁隧道湧水 電力中斷失明
https://news.ltn.com.tw/news/life/breakingnews/4108565,蘇花公路台9丁線觀音段坍方阻斷交通  下午4點半恢復通行
https://news.ltn.com.tw/news/life/breakingnews/4108025,東部豪大雨 蘇花改中仁隧道機房湧水 無照明搶修中
https://news.ltn.com.tw/news/life/breakingnews/4106104,蘇花路廊恐有超大豪雨不排除預警性封路 請用路人提前北返
https://news.ltn.com.tw/news/life/breakingnews/4099049,蘇花改蘇澳到東澳段北上 10/25、26上午9點起施工封閉
https://news.ltn.com.tw/news/life/breakingnews/4098360,宜蘭強降雨 台9丁線蘇澳至東澳路段預警性封閉
https://news.ltn.com.tw/news/life/paper/1545500,南方澳跨港大橋 主橋閉合完成
https://news.ltn.com.tw/news/life/breakingnews/4087051,南方澳跨港大橋新橋全線貫通 距離完工只剩最後一小步
https://news.ltn.com.tw/news/life/breakingnews/4084346,國慶收假日省道估湧收假車潮 南橫天池－向陽預警性封閉
https://news.ltn.com.tw/news/life/paper/1544679,雙十連假首日 宜蘭大雨 蘇花路廊車流較去年少一成
https://auto.ltn.com.tw/news/21339,國慶連假第一天 蘇花改南下車多、排隊2.5公里
https://news.ltn.com.tw/news/life/breakingnews/4082806,國慶連假第一天 蘇花改南下車多、排隊2.5公里
https://news.ltn.com.tw/news/life/paper/1544492,舊蘇花傳坍方 武塔至漢本段封閉
https://news.ltn.com.tw/news/life/breakingnews/4082523,雨炸花蓮！舊蘇花和中到和仁封閉 秀林和平村土石流紅色警戒
https://news.ltn.com.tw/news/life/breakingnews/4082499,雨炸宜蘭！ 舊蘇花公路土石流 武塔至漢本路段封閉
https://news.ltn.com.tw/news/life/breakingnews/4081022,國慶連假蘇花路廊易有較大雨勢 這個時間點南下最塞
https://news.ltn.com.tw/news/life/breakingnews/4079571,國慶連假將登場！省道地雷時段、路段曝光
https://news.ltn.com.tw/news/life/breakingnews/4067354,蘇花改工程再獲國際肯定！拿下亞洲土木工程聯盟大獎
https://news.ltn.com.tw/news/politics/paper/1541672,江聰淵談建設蘇澳 催生石垣航線
https://news.ltn.com.tw/news/politics/breakingnews/4066618,江聰淵前進蘇澳開競選支票 盼開辦蘇澳港到石垣航線
https://news.ltn.com.tw/news/life/breakingnews/4063042,南方澳跨港大橋重建不受強震影響 漁會理事長：有拜有保佑
https://news.ltn.com.tw/news/life/breakingnews/4054544,梅花颱風逼近 蘇花路廊北返車流順暢
https://news.ltn.com.tw/news/life/paper/1539465,花蓮》提早上路！蘇花路廊今湧北返車潮
https://news.ltn.com.tw/news/life/breakingnews/4052869,蘇花改南下「車龍」5公里！預估中午過後才紓解
https://news.ltn.com.tw/news/life/breakingnews/4052403,中秋連假明登場 今日下午起省道多處路段陸續湧車潮
https://news.ltn.com.tw/news/life/breakingnews/4052320,中秋連假蘇花路廊恐車多壅塞 明天南下最塞可能落在這時段
https://news.ltn.com.tw/news/life/breakingnews/4052241,中秋連假車流湧現 國五、蘇花路廊尖峰時段總整理
https://news.ltn.com.tw/news/life/paper/1538747,花蓮》蘇花改路肩 中秋連假大客車優先通行
https://news.ltn.com.tw/news/life/paper/1538746,花蓮》蘇花改仁水隧道區間測速板釀追撞 警暫時關閉
https://news.ltn.com.tw/news/life/breakingnews/4049425,區間測速顯示看板致分心？蘇花改仁水隧道南口30件追撞
https://news.ltn.com.tw/news/life/breakingnews/4049301,因應中秋蘇花車流 花蓮警方沿線定點疏導
https://news.ltn.com.tw/news/life/paper/1538511,破除拔樁 林佳龍獲宜蘭同鄉會力挺
https://news.ltn.com.tw/news/life/paper/1538501,花蓮轉運站託運行李至飯店 年底前免費
https://news.ltn.com.tw/news/life/breakingnews/4048592,花蓮轉運站啟動托運行李至飯店服務 年底前免費
https://news.ltn.com.tw/news/politics/breakingnews/4048503,交通部長任內推動多項宜蘭建設 近百宜蘭鄉親力挺林佳龍參選
https://news.ltn.com.tw/news/life/paper/1537629,邀辯論 林佳龍籲勾選同意勿再迴避
https://auto.ltn.com.tw/news/21097,蘇花改重機開放、北市河濱違停重罰！9 月多項交通新制上路
https://news.ltn.com.tw/news/politics/breakingnews/4043378,陳燕飛籌組後援會相挺 林佳龍：宜蘭人很惜情
https://news.ltn.com.tw/news/politics/breakingnews/4042853,林佳龍競辦證實 陳燕飛將擔任「宜蘭人挺林佳龍後援會」榮譽總會長
https://news.ltn.com.tw/news/life/paper/1537428,南方澳跨港大橋重建 剩2缺口待閉合
https://news.ltn.com.tw/news/life/breakingnews/4042182,南方澳跨港大橋重建2處缺口待施工閉合 剩最後一哩路
https://news.ltn.com.tw/news/politics/paper/1537286,拚花蓮交通 Kolas︰優先改善鄉際大眾運輸
https://news.ltn.com.tw/news/politics/breakingnews/4040552,Kolas主張花蓮要有堅實對內交通建設 將優先解決鄉際大眾運輸
https://news.ltn.com.tw/news/politics/paper/1537021,拔樁意味濃 侯後援會 正國會樁腳到場
https://news.ltn.com.tw/news/politics/breakingnews/4040304,正國會樁腳被拔？ 林佳龍澄清
https://news.ltn.com.tw/news/politics/breakingnews/4040261,正國會樁腳挺侯友宜連任？ 林佳龍陣營：他受邀參加活動
https://news.ltn.com.tw/news/life/paper/1534946,最新路線出爐 蘇花安拚2024年動工
https://news.ltn.com.tw/news/life/breakingnews/4028804,「蘇花安」最新路線出爐 預計2031完工
https://auto.ltn.com.tw/news/20998,蘇花改 9/1 起開放大型重機通行
https://news.ltn.com.tw/news/life/paper/1534748,9月1日起 「蘇花改」全線開放大型重機通行
https://news.ltn.com.tw/news/life/breakingnews/4026982,蘇花改9/1起全線開放大型重機通行
https://news.ltn.com.tw/news/life/breakingnews/4021925,蘇花改蘇澳到東澳段清理路面交管 預計中午12點恢復通行
https://news.ltn.com.tw/news/life/breakingnews/4007900,2部會宣導交通安全 路權團體踢館批做秀
https://news.ltn.com.tw/news/life/breakingnews/4007558,7/29 各報重點新聞一覽
https://news.ltn.com.tw/news/life/paper/1531278,蘇花改 8月起開放重機通行
https://news.ltn.com.tw/news/life/breakingnews/4007001,蘇花改預計8月開放大型重機  9月試辦白牌機車通行
https://news.ltn.com.tw/news/life/breakingnews/4006118,白牌機車可上蘇花改？ 4方案已報交通部
https://ec.ltn.com.tw/article/breakingnews/4003196,凌群以5G結合物聯網 推動蘇花路廊智慧化
https://news.ltn.com.tw/news/life/paper/1528154,《宜蘭》南方澳橋重建 王國材：3個月換百年安全
https://news.ltn.com.tw/news/life/breakingnews/3988321,視察南方澳跨港大橋工程 王國材：支持3個月換取100年安全
https://auto.ltn.com.tw/news/20729,交通解嚴大遊行 5000 騎士要求重機上國道、廢除兩段式左轉
https://news.ltn.com.tw/news/life/breakingnews/3986843,交通解嚴大遊行 5000騎士要求重機上國道、廢除兩段式左轉
https://news.ltn.com.tw/news/life/breakingnews/3981495,廢禁行機車、兩段左轉 機車族週六上凱道 立委揪團催油門
https://news.ltn.com.tw/news/life/paper/1526808,宜蘭》國五雪山隧道 娃娃音廣播啟用
https://news.ltn.com.tw/news/life/paper/1526807,宜蘭》南方澳大橋工期展延 公路總局：安全為重
https://news.ltn.com.tw/news/life/breakingnews/3981415,「安全VS跳票，我選擇安全」 網友挺南方澳大橋拆除重做
https://news.ltn.com.tw/news/life/breakingnews/3981077,南方澳跨港大橋無預警延後3個月完工 被質疑隱匿實情
https://news.ltn.com.tw/news/life/breakingnews/3980803,高速公路首座「娃娃音隧道廣播」 國五雪隧今啟用
https://news.ltn.com.tw/news/life/paper/1526585,宜蘭》橋面節塊灌漿意外南方澳大橋 恐延至12月完工
https://news.ltn.com.tw/news/life/breakingnews/3980028,南方澳大橋重建灌漿出意外 斷橋3年內完工恐跳票
https://news.ltn.com.tw/news/life/paper/1525820,台62線延伸頭城案 江聰淵促銜接國五
https://news.ltn.com.tw/news/politics/breakingnews/3975739,台62線延伸宜蘭頭城 江聰淵建請「銜接國道五號」
https://news.ltn.com.tw/news/life/paper/1525072,宜蘭》挺過疫情缺工 南方澳大橋進度近9成
https://news.ltn.com.tw/news/life/paper/1525073,宜蘭》南方澳港區壅塞 地方盼新橋完工
https://news.ltn.com.tw/news/life/breakingnews/3972266,誰叫重機愛違規？ 立委陳椒華打臉：四輪違規率是3倍
https://news.ltn.com.tw/news/life/breakingnews/3972018,南方澳斷橋3年來人車塞爆 地方期待新橋如期如質完工
https://news.ltn.com.tw/news/life/breakingnews/3971849,挺過疫情、梅雨考驗 南方澳跨港大橋距完工只剩最後一哩路
https://news.ltn.com.tw/news/life/breakingnews/3959564,重型機車常態通行蘇花改 王國材：同意開放
https://news.ltn.com.tw/news/life/paper/1522835,宜蘭》大型重機上蘇花改 公路總局建議開放
https://news.ltn.com.tw/news/life/breakingnews/3959030,透過行政程序解套 大型重機、白牌機車行駛蘇花改露曙光
https://auto.ltn.com.tw/news/20527,大型重機團體爭路權 規劃 7 月初騎上國道表達心聲
https://news.ltn.com.tw/news/life/breakingnews/3955002,大型重機團體爭路權 規劃7月初騎上國道表達心聲
https://news.ltn.com.tw/news/life/breakingnews/3952236,蘇花安傳要縮減規模省經費 公總：方案仍在檢討
https://news.ltn.com.tw/news/life/breakingnews/3949871,屏鵝公路、蘇花路廊估至少塞7小時 省道湧返工作地車潮
https://news.ltn.com.tw/news/life/paper/1521200,停辦兩年 冬山三奇美徑熱氣球升空
https://news.ltn.com.tw/news/life/breakingnews/3949635,省道12路段明日易壅塞 公總：國道客運尚有逾七成座位
https://news.ltn.com.tw/news/life/breakingnews/3949336,端午連假第2天 國5首波北返車潮預估午後出現
https://news.ltn.com.tw/news/life/breakingnews/3948814,宜蘭端午遊客稀  清水地熱、抹茶山人次少4成5
https://news.ltn.com.tw/news/life/breakingnews/3948269,蘇花改湧南下車潮 估中午過後紓解
https://news.ltn.com.tw/news/life/paper/1520460,端午連假蘇花路廊 花蓮啟動疏導措施
https://news.ltn.com.tw/news/life/breakingnews/3944681,端午連假首日蘇花南下車流估1.3萬輛次 花蓮警方駐點交管
https://news.ltn.com.tw/news/life/paper/1519856,《蘇花改通車二年》花蓮先期客運轉運站 暑假試營運
https://news.ltn.com.tw/news/life/paper/1519742,端午連期 蘇花路廊管制大貨車
https://news.ltn.com.tw/news/life/breakingnews/3937552,端午節連假將至 省道21處易壅塞路段、時段看這裡！
https://news.ltn.com.tw/news/life/paper/1518959,花蓮》台9新城康樂段 擬增左轉號誌
https://news.ltn.com.tw/news/society/breakingnews/3936019,1個月連續5起車禍 台9線花蓮康樂段擬加左轉號誌
https://news.ltn.com.tw/news/life/paper/1513084,宜縣長青食堂、社照據點 停止長者共餐
https://news.ltn.com.tw/news/life/breakingnews/3901058,宜蘭+80！ 6校停課 警、消、收容人也染疫
https://news.ltn.com.tw/news/life/paper/1511010,大重機通行蘇花改 六月底前完成評估
https://news.ltn.com.tw/news/life/breakingnews/3888702,大型重機試行蘇花改6個月 違規率占通行車輛千分之4
https://news.ltn.com.tw/news/life/breakingnews/3888494,蘇花改開放大型重機常態通行？ 6月底前完成評估報請核定
https://news.ltn.com.tw/news/life/paper/1510486,蘇花改開放白牌機車 公路總局評估
https://news.ltn.com.tw/news/life/breakingnews/3884966,蘇花改有望開放白牌機車行駛 王國材：已請公總評估
https://news.ltn.com.tw/news/life/breakingnews/3882236,蘇花路廊北上壅塞 花蓮市區到雪隧口花6小時
https://news.ltn.com.tw/news/life/paper/1509722,花蓮／蘇花路廊 估今午後湧北返車潮
https://news.ltn.com.tw/news/life/breakingnews/3881152,清明連假第2天 國五、蘇花改午後恐湧北返車潮
https://news.ltn.com.tw/news/life/paper/1509476,蘇花路廊南下車潮 逾2.1萬輛次破紀錄
https://news.ltn.com.tw/news/life/breakingnews/3880496,清明連假首日  蘇花南下車多一度壅塞
https://news.ltn.com.tw/news/life/breakingnews/3880184,蘇花改回堵到國5！塞成停車場 恐下午4點後才紓解
https://news.ltn.com.tw/news/life/paper/1508957,《花蓮》大客車優先通行 搭客運比開車省時
https://news.ltn.com.tw/news/life/paper/1508955,《花蓮》清明連假 蘇花分時段管制車種
https://news.ltn.com.tw/news/life/breakingnews/3876785,清明蘇花雙向車潮估逾11萬輛次 花蓮警方啟動疏導
https://news.ltn.com.tw/news/life/paper/1508402,蘇花蘇澳至和仁 今晚至明晨雙向管制
https://news.ltn.com.tw/news/life/breakingnews/3873527,太魯閣號事故車廂移地保存 蘇花路廊3/28、29夜間管制3小時
https://news.ltn.com.tw/news/life/breakingnews/3873329,移置太魯閣號殘骸車體蘇花改明晨起交管 追思會已決標
https://news.ltn.com.tw/news/life/paper/1508174,宜蘭》蘇花改區間測速 警：判讀疑異常
https://news.ltn.com.tw/news/life/breakingnews/3872519,蘇花改區間測速出包？駕駛收到138公里超速罰單驚呆
https://news.ltn.com.tw/news/life/paper/1507848,交通部會勘 玉興橋預力梁將全換
https://news.ltn.com.tw/news/life/breakingnews/3870199,花蓮6.6強震玉興橋斷裂！祁文中：鋼樑全抽換、工期延後5個月
https://news.ltn.com.tw/news/life/breakingnews/3868995,官兵一度受困！花蓮加路蘭海軍雷達站聯外道路落石 玉里民宅牆塌
https://news.ltn.com.tw/news/life/breakingnews/3868884,花蓮「玉興橋」斷橋空拍畫面曝！ 包商︰斷28根鋼樑每根百餘萬
https://news.ltn.com.tw/news/life/breakingnews/3868518,畫面曝光！花蓮凌晨地震 台9線玉里鎮玉興橋成斷橋
https://news.ltn.com.tw/news/life/breakingnews/3868538,"花蓮地震 玉長公路龜裂禁行玉興橋斷梁改道"
https://news.ltn.com.tw/news/society/breakingnews/3865162,砂石車蘇花改翻車癱瘓交通3小時 駕駛竟落跑神隱
https://news.ltn.com.tw/news/life/paper/1504376,南方澳跨港大橋 9/18完工目標不變
https://news.ltn.com.tw/news/life/breakingnews/3850630,「晴天積雨糧」！ 南方澳跨港大橋工程通過冬雨挑戰
https://news.ltn.com.tw/news/society/breakingnews/3845812,蘇花改中仁、仁水隧道區間測速 228連假啟用取締47件
https://auto.ltn.com.tw/news/19712,228收假日》國5上午湧車潮 估一路塞到深夜
https://news.ltn.com.tw/news/life/breakingnews/3843499,228收假日》國5上午湧車潮 估一路塞到深夜
https://news.ltn.com.tw/news/society/paper/1503063,賊團偷蘇花改高價電纜 撞柵欄演「玩命關頭」
https://news.ltn.com.tw/news/society/breakingnews/3843089,偷蘇花改隧道500米電纜線 竊嫌逆向飆逃衝破柵欄拒捕
https://news.ltn.com.tw/news/life/paper/1502851,宜蘭》清水地熱總量管制 逾6千人次入園
https://news.ltn.com.tw/news/life/paper/1502854,花蓮》蘇花路廊南下車多 全線順暢
https://news.ltn.com.tw/news/life/breakingnews/3842152,228連假首日上午蘇花路廊南下車多 交通量較去年同期增8％
https://news.ltn.com.tw/news/life/breakingnews/3841928,蘇花改清晨5點30分現南下車潮 預估塞到中午
https://news.ltn.com.tw/news/life/paper/1502751,228連假首日估1.4萬車 花蓮景點增定點疏導
https://news.ltn.com.tw/news/life/breakingnews/3841109,連假首日花蓮估湧1.4萬輛車 蘇花改中仁、仁水隧道區間測速啟用
https://news.ltn.com.tw/news/life/paper/1502290,宜蘭／北宜、蘇花改 區間測速三月一日啟用
https://news.ltn.com.tw/news/life/breakingnews/3839058,小心荷包！宜蘭北宜公路及蘇花改區間測速 3/1起執法
https://news.ltn.com.tw/news/life/paper/1501527,花蓮》蘇花改中仁仁水隧道 26日啟用區間測速
https://news.ltn.com.tw/news/life/breakingnews/3835001,走蘇花改中仁、仁水隧道注意！區間測速2/26啟用 不只抓超速
https://news.ltn.com.tw/news/life/breakingnews/3830307,蘇花改南澳到和平段 明、後天9點到12點救災演練封閉交通
https://news.ltn.com.tw/news/life/breakingnews/3823469,蘇花路廊春節車流較往年少10％ 接續備戰二二八連假車潮
https://news.ltn.com.tw/news/life/paper/1499095,收假日交通量估不高 留意5處易塞路段
https://news.ltn.com.tw/news/life/breakingnews/3820676,初五蘇花路廊北上車多 東澳到南澳、觀音谷風隧道易壅塞
https://news.ltn.com.tw/news/life/breakingnews/3820666,國5湧北返車潮 雪隧預估塞到深夜
https://news.ltn.com.tw/news/life/breakingnews/3820335,國5車潮一度排隊5.5公里 下一波預估今晚9點塞至深夜
https://news.ltn.com.tw/news/life/breakingnews/3820114,國5湧北返車潮 預估持續到深夜
https://news.ltn.com.tw/news/life/paper/1498949,初四收假車潮最高峰 9雷區全北向
https://news.ltn.com.tw/news/life/breakingnews/3819745,北上高峰期 國5明、後天上午9點就會湧現車潮恐塞到深夜
https://news.ltn.com.tw/news/life/breakingnews/3819247,國5、蘇花路廊明將湧現北上車流 儘早出發避開車潮
https://news.ltn.com.tw/news/life/breakingnews/3819015,蘇花路廊湧現南下車潮 蘇澳警方在易壅塞路段加強交通疏導
https://news.ltn.com.tw/news/life/breakingnews/3818497,年初一出遊 蘇花改清晨5時湧車潮 預計午後紓緩
https://news.ltn.com.tw/news/life/paper/1498785,年初一走春車潮 國五恐連塞13小時
https://news.ltn.com.tw/news/life/breakingnews/3818374,初一走春！公路總局：銜接國道及新春參拜熱點 明將湧車潮
https://news.ltn.com.tw/news/life/breakingnews/3818118,除夕國5、蘇花改順暢 估明湧現南向車潮
https://news.ltn.com.tw/news/life/paper/1498698,除夕南下不想塞 午後再上國道
https://news.ltn.com.tw/news/life/breakingnews/3817553,春節連假第2天 國5、蘇花改車流上午順暢
https://news.ltn.com.tw/news/life/paper/1498636,高公局估南下車流 是平日1.4倍 小年夜避車潮 國五宜下午出發
https://news.ltn.com.tw/news/life/breakingnews/3816934,連假首日 蘇花路廊上午未見車潮 車流順暢
https://news.ltn.com.tw/news/life/paper/1498465,蘇花路廊清晨湧南下車潮 檢查車況再上路
https://news.ltn.com.tw/news/life/breakingnews/3816389,放假過年囉！蘇花路廊估明晨5點起湧南下車潮 午後逐漸紓解
https://news.ltn.com.tw/news/life/paper/1498263,舊蘇花公路區間測速 明天啟用
https://news.ltn.com.tw/news/life/paper/1498325,返鄉車潮今湧現 上國道做好塞車準備
https://news.ltn.com.tw/news/life/breakingnews/3815571,年節返鄉注意！舊蘇花和中到和仁 區間測速1/29啟用
https://news.ltn.com.tw/news/life/breakingnews/3814858,春節疏運》高鐵明加開南下夜車 離島空運離峰時段還有空位
https://news.ltn.com.tw/news/life/paper/1497907,宜蘭》春節出遊 宜縣除夕至初四路邊停車不收費
https://news.ltn.com.tw/news/life/breakingnews/3812278,春節宜蘭交通看過來 國5單日車流量預估7萬餘輛次
https://news.ltn.com.tw/news/life/breakingnews/3808385,宜蘭連日豪雨 蘇南公路坍方、蘇花公路暫不封閉
https://news.ltn.com.tw/news/life/paper/1496298,花蓮慶消防節 展搜救訓練成果
https://news.ltn.com.tw/news/life/paper/1495310,宜蘭》春節蘇花路廊 估2/1-2/3南下最塞
https://news.ltn.com.tw/news/life/breakingnews/3797563,蘇花路廊初一到初三南下最塞 蘇澳到崇德至少3小時
https://news.ltn.com.tw/news/life/paper/1495130,宜縣新科測速王 去年抓4823件超速
https://news.ltn.com.tw/news/life/breakingnews/3796585,宜蘭「測速王」！ 礁溪這處測速照相桿去年進帳逾770萬
https://news.ltn.com.tw/news/life/paper/1493618,元旦收假蘇花路廊順暢 崇德到蘇澳108分鐘
https://news.ltn.com.tw/news/life/breakingnews/3787548,國5紫爆！主線最長回堵6.5公里 估晚上9點後有望紓解
https://news.ltn.com.tw/news/life/breakingnews/3787463,連假收假日 蘇花路廊北上車流午後湧現
https://news.ltn.com.tw/news/life/breakingnews/3787442,估車潮午後湧現 蘇花改恐塞8小時 南迴及西濱易壅塞
https://news.ltn.com.tw/news/life/paper/1493438,宜蘭景點夯 太平山、清水地熱湧人潮
https://news.ltn.com.tw/news/life/breakingnews/3787213,國5北返車潮湧現 週日收假估9:00塞到20:00
https://news.ltn.com.tw/news/life/breakingnews/3786833,2022第一天 3環島自行車騎士誤闖蘇花改慘挨罰
https://news.ltn.com.tw/news/life/breakingnews/3786801,國5南下順暢 清水地熱湧人潮實施總量管制
https://news.ltn.com.tw/news/life/breakingnews/3786771,元旦出遊注意！全台23處路段恐車多壅塞
https://news.ltn.com.tw/news/life/paper/1493260,連假首日車流量1.6萬輛 蘇花路廊交通順暢
https://news.ltn.com.tw/news/life/paper/1493224,迎曙光要保暖 空曠處探10度
https://news.ltn.com.tw/news/life/breakingnews/3786212,元旦連假首日 花蓮海洋公園中午前遊客逾3千、旅宿訂房趨近滿房
https://news.ltn.com.tw/news/life/breakingnews/3786040,元旦連假首日蘇花路廊南下車流估比去年增22％ 蘇澳到崇德要開115分
https://news.ltn.com.tw/news/life/breakingnews/3785949,元旦連假首日交通量較去年增  國5南下預計塞到下午4點
https://news.ltn.com.tw/news/life/breakingnews/3785890,元旦連假首日蘇花路廊清晨湧現南下車潮 估中午過後紓緩
https://news.ltn.com.tw/news/life/paper/1493062,蘇花改隧道 試辦萌娃童音廣播
https://news.ltn.com.tw/news/life/paper/1493061,元旦連假國5、蘇花路廊湧車潮 避壅塞時段
https://news.ltn.com.tw/news/life/breakingnews/3785218,蘇花路廊明清晨4點湧南下車潮  蘇澳到崇德3小時起跳
https://news.ltn.com.tw/news/life/breakingnews/3785093,蘇花改推萌娃隧道廣播 稚嫩童音摻雜著台語相當逗趣
https://news.ltn.com.tw/news/life/breakingnews/3784952,元旦3天連假 國五、蘇花、國道客運異動看這裡
https://news.ltn.com.tw/news/life/breakingnews/3784120,用路人注意！全台45處區間測速將恢復執法 通過資安認證明年就可取締
https://news.ltn.com.tw/news/life/paper/1492289,元旦連假首日 蘇澳到崇德估花3小時
https://news.ltn.com.tw/news/life/paper/1492272,台鐵EMU3000城際列車台東首航 蘇揆見證
https://news.ltn.com.tw/news/life/breakingnews/3780842,元旦連假蘇花路廊車流爆量？ 首日南下估3小時車程加倍
https://news.ltn.com.tw/news/life/breakingnews/3780690,台鐵EMU3000型列車台東火車站首航 蘇揆見證新頁
https://news.ltn.com.tw/news/society/paper/1492119,休旅車失控 蘇花改5車追撞6傷
https://news.ltn.com.tw/news/society/breakingnews/3780164,蘇花改5車追撞 肇事休旅車打滑飄移影片曝光
https://news.ltn.com.tw/news/society/breakingnews/3780028,蘇花改5車追撞4人受傷 蘇澳到東澳端北上一度全線封閉
https://news.ltn.com.tw/news/life/paper/1490832,花蓮跨年演唱會加持 住房率破9成
https://ec.ltn.com.tw/article/breakingnews/3772697,花蓮6天跨年演唱會加持 住房率破9成
https://news.ltn.com.tw/news/life/paper/1490264,蘇花改車牌辨識系統 揪欠罰鍰車主
https://news.ltn.com.tw/news/society/breakingnews/3769129,蘇花改車牌辨識系統 即時通報攔查欠繳罰鍰車輛
https://news.ltn.com.tw/news/life/paper/1490052,口罩實名制三天上線 健保署組長吳淑慧獲公務人員傑出貢獻獎
https://news.ltn.com.tw/news/politics/breakingnews/3768566,表揚傑出貢獻公務人員 蔡英文：軍公教加薪4％期許精益求精
https://news.ltn.com.tw/news/life/breakingnews/3768480,蘇花改南澳到和平段救災演練  23日10到12點管制封閉
https://news.ltn.com.tw/news/society/paper/1489786,違停蘇花改隧道熱舞
https://news.ltn.com.tw/news/society/breakingnews/3766096,蘇花改當舞廳！ 法拉利、BMW違停觀音隧道 2男跳熱舞1女拍攝
https://news.ltn.com.tw/news/life/paper/1489343,國五銜接蘇花改 2032完工
https://talk.ltn.com.tw/article/paper/1489421,自由廣場》蘭嶼公民的人權日呼喚
https://news.ltn.com.tw/news/life/breakingnews/3764139,行政院核定國五銜接蘇花改計畫 宜蘭縣府盼2030完工
https://news.ltn.com.tw/news/politics/breakingnews/3762061,37位模範公務員 蘇揆明頒獎表揚
https://news.ltn.com.tw/news/life/paper/1488277,蘇花安工程》崇德段設高架橋 部落憂毀生態
https://news.ltn.com.tw/news/life/breakingnews/3757783,蘇花安崇德段高架擬設服務區 部落居民不領情憂破壞生態廊道
https://news.ltn.com.tw/news/life/paper/1486606,南方澳跨港大橋重建 進度破7成
https://news.ltn.com.tw/news/life/breakingnews/3748236,突破7成！南方澳跨港大橋施工進度一路領先  歸功晴天積雨糧
https://news.ltn.com.tw/news/life/paper/1486441,蘇花改仁水、觀音隧道 獲金路獎第1、3名
https://news.ltn.com.tw/news/life/breakingnews/3747489,蘇花改獲「金路獎」2大獎 東部最強施工團隊受獎
https://news.ltn.com.tw/news/life/paper/1485137,宜蘭／蘇花安長30公里 現路線截彎取直
https://news.ltn.com.tw/news/life/paper/1485138,宜蘭南方澳跨港大橋重建 進度超前
https://news.ltn.com.tw/news/life/breakingnews/3739959,南方澳跨港大橋重建進度達7成 拚明年9/18完工
https://news.ltn.com.tw/news/life/breakingnews/3739620,蘇花安12月完成綜合規劃期末報告 爭取2023年核定
https://news.ltn.com.tw/news/life/breakingnews/3737472,蘇花改蘇澳到東澳段 11/24-25晚間封路防災演練
https://news.ltn.com.tw/news/life/paper/1484610,高鐵宜蘭站址 地方盼今年定案
https://news.ltn.com.tw/news/life/breakingnews/3735983,交通部17日赴宜考察 地方盼高鐵站址今年可以有結果
https://news.ltn.com.tw/news/society/paper/1482155,大型重機試行蘇花改 僅2件違規
https://news.ltn.com.tw/news/life/breakingnews/3722894,蘇花改試行大型重機1個月僅2件違規 併駛、違規超車納入取締
https://news.ltn.com.tw/news/life/paper/1480771,花蓮市中央路21處路口 將新設左轉車道
https://news.ltn.com.tw/news/life/breakingnews/3715266,蘇花改蘇澳到東澳路段明晚9點起施工 實施夜間封閉管制
https://news.ltn.com.tw/news/life/breakingnews/3714187,晃到方向盤都握不住！地震行駛蘇花改 她崩潰：以為爆胎
https://news.ltn.com.tw/news/life/breakingnews/3714156,南澳6.5地震 蘇花公路落石擊中轎車車門幸無人傷
https://auto.ltn.com.tw/news/18796,重機上國道露曙光！立委要求交通部三個月內公告開放路段與時段
https://news.ltn.com.tw/news/life/breakingnews/3700180,花蓮風雨漸大出現北返車流 蘇花、中橫山區道路不排除預警封路
https://news.ltn.com.tw/news/life/breakingnews/3700131,國慶連假》國5北上已湧排隊車潮！下午視風雨考慮封閉蘇花路廊
https://news.ltn.com.tw/news/life/breakingnews/3700040,收假日遇颱風 高公局籲北向上午時段出發
https://news.ltn.com.tw/news/life/breakingnews/3699782,圓規環流來襲！蘇花路廊若明午後強降雨 不排除預警性封路
https://news.ltn.com.tw/news/life/breakingnews/3699301,國慶日湧現出遊車潮 合歡車停車場已滿
https://news.ltn.com.tw/news/life/breakingnews/3699226,國慶連假》國道估今有15壅塞路段 國5午後塞到半夜
https://news.ltn.com.tw/news/life/paper/1477657,雙十連假首日 頭城外澳海灘擠滿人潮
https://news.ltn.com.tw/news/life/breakingnews/3698728,國慶連假首日宜蘭天氣不穩 國五上午車速維持60至80公里
https://news.ltn.com.tw/news/life/breakingnews/3698467,蘇花改清晨5點半就出現南下車潮 估午後漸緩
https://news.ltn.com.tw/news/life/paper/1477465,開放重機首連假 蘇花改機動攔查
https://auto.ltn.com.tw/news/18719,蘇花國慶南下車潮估湧1.7萬輛次 花蓮警加強巡邏疏導
https://news.ltn.com.tw/news/life/breakingnews/3697464,蘇花國慶南下車潮估湧1.7萬輛次 花蓮警加強巡邏疏導
https://news.ltn.com.tw/news/life/paper/1476887,重機上路 連假首日蘇花改估破2萬車次
https://news.ltn.com.tw/news/life/breakingnews/3693691,國慶連假+重機 估蘇花改最大車流量達2萬1500輛次
https://news.ltn.com.tw/news/life/paper/1476693,花蓮／國慶連假蘇花路廊車潮高峰 估9、11日
https://news.ltn.com.tw/news/life/breakingnews/3692860,蘇花改大型重機試辦通行 占總車流量5至7％
https://news.ltn.com.tw/news/life/paper/1475861,大型重機上蘇花改 首日破千車次瘋見證
https://news.ltn.com.tw/news/life/breakingnews/3689377,3年半前騎車闖蘇花改被開單 車友帶「獎狀」舊地重遊
https://news.ltn.com.tw/news/life/breakingnews/3689322,蘇花改大型重機通行首日6小時1010車次 車友：太狂了
https://news.ltn.com.tw/news/life/breakingnews/3689085,蘇花改大型重機試辦通行首日 違規件數52件
https://news.ltn.com.tw/news/life/breakingnews/3688969,蘇花改大型重機通行首日 3小時湧入500多輛見證歷史性一刻
https://news.ltn.com.tw/news/life/breakingnews/3688937,重機車友首騎蘇花改  讚譽有安全回家路真好
https://news.ltn.com.tw/news/life/breakingnews/3688644,等了1年9個月！蘇花改今午試辦開放大型重機通行
https://news.ltn.com.tw/news/life/breakingnews/3687904,蘇花改明午開放大型重機 傳逾百車準備集結「搶頭香」
https://news.ltn.com.tw/news/life/paper/1475312,《將開放大型重機通行》蘇花改9/30起 加強取締2違規
https://news.ltn.com.tw/news/life/breakingnews/3685470,蘇花改去年全線通車至8月底 5495件機車違規上路被舉發
https://news.ltn.com.tw/news/life/breakingnews/3685393,蘇花改9/30起試辦大型重機通行 2項違規列重點取締項目
https://news.ltn.com.tw/news/life/breakingnews/3682136,蘇花改9/30開放重機上路 試行半年 騎士：路權重要里程碑
https://auto.ltn.com.tw/news/18624,蘇花改開放大型重機通行 9/30 中午起試辦半年
https://news.ltn.com.tw/news/life/paper/1474513,大型重機上蘇花改 30日起試辦
https://news.ltn.com.tw/news/life/breakingnews/3681539,蘇花改開放大型重機通行 9/30中午起試辦半年
https://news.ltn.com.tw/news/life/paper/1474158,連假收假》蘇花路廊順暢 國5塞到傍晚
https://news.ltn.com.tw/news/life/paper/1474159,連假收假》蘇花路廊順暢 國5塞到傍晚
https://news.ltn.com.tw/news/life/paper/1474126,收假日塞到傍晚 國五高乘載提前結束
https://news.ltn.com.tw/news/life/breakingnews/3678802,中秋連假收假日 蘇花路廊湧現北返車潮
https://news.ltn.com.tw/news/life/breakingnews/3678628,秋節連假結束 蘇花路廊北上湧入1.7萬輛車潮
https://news.ltn.com.tw/news/life/paper/1473784,宜縣遊客大增 景點啟動總量管制
https://news.ltn.com.tw/news/life/breakingnews/3677448,雪隧前排隊5公里！ 國5北返車潮預計深夜紓解
https://news.ltn.com.tw/news/life/breakingnews/3677122,中秋連假第2天國5南向車流增 比去年同期多約1成
https://news.ltn.com.tw/news/life/paper/1473603,連假第一天 花蓮車流秩序良好
https://news.ltn.com.tw/news/life/paper/1473563,國道「停車場」最長15公里
https://news.ltn.com.tw/news/life/breakingnews/3676661,中秋連假現車潮 估19日國道8路段恐壅塞
https://news.ltn.com.tw/news/life/breakingnews/3676282,蘇花路廊南下車流不斷 花蓮各景點車多順暢
https://news.ltn.com.tw/news/life/breakingnews/3676010,蘇花改南下車流回堵 估下午4時後才紓緩
https://news.ltn.com.tw/news/life/breakingnews/3675644,疫情降級首次連假 國五、蘇花改尖峰時段看這裡
https://news.ltn.com.tw/news/life/breakingnews/3675045,陸海空加開、 國道0至5時暫停收費... 中秋連假祭多項交通疏導
https://news.ltn.com.tw/news/life/breakingnews/3673207,中秋連假避塞車？ 省道預估壅塞路段、時段曝光
https://news.ltn.com.tw/news/life/paper/1472819,國5、蘇花改 中秋連假第3天恐最塞
https://news.ltn.com.tw/news/life/breakingnews/3670986,中秋連假》國5、蘇花改估第3天最塞 國道客運優惠取消
https://news.ltn.com.tw/news/life/breakingnews/3669131,中橫、蘇花、南橫部份路段預警封閉 不排除封北宜等山區公路
https://news.ltn.com.tw/news/life/paper/1472255,防颱宜縣撤500人 國軍兩棲車進駐蘇澳
https://news.ltn.com.tw/news/life/paper/1472217,「璨樹」亂交通 陸海空都影響
https://news.ltn.com.tw/news/life/breakingnews/3668535,璨樹來襲風雨漸強  台7線等8路段預警性封閉
https://news.ltn.com.tw/news/life/breakingnews/3668932,防颱繃緊神經 宜蘭縣宣布明天停班課
https://news.ltn.com.tw/news/life/breakingnews/3668753,蘇花路廊22:00預警性封路車輛只出不進 24:00全線封閉
https://news.ltn.com.tw/news/life/breakingnews/3668479,颱風來襲 蘇花路廊擬今晚7點後預警性封路
https://news.ltn.com.tw/news/life/paper/1472044,《璨樹來勢洶洶》南方澳600漁船進港 冬山搶收文旦
https://news.ltn.com.tw/news/life/breakingnews/3667610,璨樹襲台！蘇花路廊風雨若危及行車安全 不排除預警性封路
https://news.ltn.com.tw/news/life/paper/1471857,一年兩度 小英再到南方澳 視察跨港大橋
https://news.ltn.com.tw/news/life/breakingnews/3666505,一年內第二度視察 蔡英文期許南方澳跨港大橋明年9/18如期完工
https://news.ltn.com.tw/news/life/paper/1470874,高鐵延伸宜蘭 交通部9月15日 開說明會
https://news.ltn.com.tw/news/life/breakingnews/3660872,高鐵延伸宜蘭設站選址引熱議 陳歐珀：9/15交通部將召開地方說明會
https://news.ltn.com.tw/news/life/paper/1470681,中秋連假 蘇花路廊大客車優先通行
https://news.ltn.com.tw/news/life/breakingnews/3659855,中秋連假可能有報復性出遊車潮 蘇花路廊因應措施最多省1小時
https://auto.ltn.com.tw/news/18207,大型重機行駛蘇花改 規劃 9/30 起試辦 6 個月
https://news.ltn.com.tw/news/life/breakingnews/3612896,大型重機行駛蘇花改 規劃9/30起試辦6個月
https://news.ltn.com.tw/news/life/paper/1461891,防颱備戰 花蓮檢查抽水站運作
https://news.ltn.com.tw/news/life/breakingnews/3604763,東台灣最強工程團隊新掌舵者上任 促南方澳跨港大橋如期完工
https://estate.ltn.com.tw/article/12002,花蓮10年房價翻倍漲 北客置產投資 1字頭回不去了
https://news.ltn.com.tw/news/life/breakingnews/3600430,蘇花改南澳到和平段7/21、7/22救災演練封閉道路
https://news.ltn.com.tw/news/life/breakingnews/3598449,協和電廠改建環評卡關 潘忠政：四接恐成下個公投議題
https://news.ltn.com.tw/news/life/paper/1458902,蘇花改工程處長 邵厚潔退休
https://news.ltn.com.tw/news/life/breakingnews/3592823,帶領東台灣最強施工團隊 蘇花改工程處長提前退休各界錯愕
https://news.ltn.com.tw/news/life/breakingnews/3592747,國5交流道擬設體溫量測站 林姿妙說重話：宜蘭不是後花園
https://news.ltn.com.tw/news/life/paper/1457724,國五銜接蘇花改 拚2032年底完工
https://news.ltn.com.tw/news/life/breakingnews/3585778,國發會昨審議通過國5接蘇花改計畫 交通部：預估121年完工
https://news.ltn.com.tw/news/life/breakingnews/3585643,國5銜接蘇花改預計2032年底完工 林姿妙爭取提前至2030年
https://news.ltn.com.tw/news/life/breakingnews/3570731,柔性訴求奏效？ 端午連假國5及蘇花改車流創新低
https://news.ltn.com.tw/news/society/breakingnews/3570558,辛苦了！今天警察節 宜蘭11警獲「蘭城警英獎」肯定
https://news.ltn.com.tw/news/life/paper/1454603,端午連假首日 國5車流量較前年少5成
https://news.ltn.com.tw/news/life/paper/1454606,《端午連假防疫不出門》蘇花公路車流少7成 風景區空蕩蕩
https://news.ltn.com.tw/news/life/breakingnews/3568339,端午連假蘇花公路南下車少7成！觀光區空蕩蕩
https://news.ltn.com.tw/news/life/paper/1454415,連假首日 國5、蘇花路廊順暢
https://news.ltn.com.tw/news/life/breakingnews/3567577,乖乖配合防疫！國五、蘇花車流量大減 觀光區空蕩蕩
https://news.ltn.com.tw/news/life/breakingnews/3567456,端午連假首日 蘇花順暢、花蓮火車站空蕩
https://news.ltn.com.tw/news/life/breakingnews/3566479,明起端午連假！ 國五、蘇花車流量預估少一半
https://news.ltn.com.tw/news/life/breakingnews/3560682,全家超商加盟經營 蘇澳服務區加油站6/8啟用
https://news.ltn.com.tw/news/life/paper/1452859,端節連假 蘇花路廊管制大貨車
https://news.ltn.com.tw/news/life/breakingnews/3558401,疫情腰斬蘇花路廊車流 端午連假蘇澳到崇德估90分鐘
https://news.ltn.com.tw/news/life/breakingnews/3541787,南方澳跨港大橋重建本週上梁 工人戴口罩續拚明年10月前完工
https://news.ltn.com.tw/news/politics/breakingnews/3530766,立院交委會下週安排宜蘭考察 綠委：以最嚴格防疫標準做為表率
https://news.ltn.com.tw/news/life/paper/1447456,宜蘭漢本車站 3千朵鐵砲百合綻放
https://news.ltn.com.tw/news/life/breakingnews/3524690,北迴線「寂寞小站」鐵砲百合大爆發 白色花海驚艷
https://news.ltn.com.tw/news/society/paper/1447328,蘇花改首起死亡車禍／砂石車撞維修工 2死3傷
https://news.ltn.com.tw/news/society/breakingnews/3523506,蘇花改首起死亡車禍釀2死 莊姓工人妻接獲噩耗崩潰
https://news.ltn.com.tw/news/society/breakingnews/3523415,蘇花改車禍52歲工人送醫不治 留下國二女兒
https://news.ltn.com.tw/news/society/breakingnews/3523244,蘇花改首起死亡車禍！ 砂石車、工程車車禍 2工人送醫不治
https://news.ltn.com.tw/news/life/breakingnews/3505447,交長交接》林佳龍「你是我的兄弟」VS王國材「每天唱《囚鳥》」
https://news.ltn.com.tw/news/life/paper/1443999,國五增設冬山交流道 可行性評估送審
https://news.ltn.com.tw/news/life/breakingnews/3504897,國5增設冬山交流道？北側匝道擬2030完工 地方人士：拖太久了
https://news.ltn.com.tw/news/politics/breakingnews/3501461,林佳龍逾17項政策、建設推動中 卸任後是否延續引關注
https://news.ltn.com.tw/news/life/paper/1441939,台鐵出軌》頭七法會 林佳龍：千億強化東部交通建設
https://news.ltn.com.tw/news/life/breakingnews/3494170,宜花東3縣發聯合聲明  交部：從未忘記建設東部
https://news.ltn.com.tw/news/life/breakingnews/3493967,台鐵出軌》東部3縣請命 交通部：推動中建設總預算達1千億
https://news.ltn.com.tw/news/life/breakingnews/3493187,台鐵出軌》東部人用生命回家！ 徐榛蔚沈痛︰前瞻建設忽略東部
https://news.ltn.com.tw/news/politics/breakingnews/3489885,台鐵出軌》 朱立倫：台鐵公司化 應訂具體時間
https://news.ltn.com.tw/news/life/paper/1441177,今收假 國五14至21點高乘載管制
https://news.ltn.com.tw/news/society/breakingnews/3489622,台鐵出軌》4歲罹難者陳小妹回家了！雪隧內車輛靠邊如「摩西分海」
https://news.ltn.com.tw/news/life/breakingnews/3489477,清明連假收假估車潮湧現 週一省道公路多段交管
https://news.ltn.com.tw/news/life/breakingnews/3489378,國5、蘇花路廊湧現北返車潮 雪隧回堵5公里恐塞到深夜
https://news.ltn.com.tw/news/life/paper/1441014,《清明連假車潮》蘇花順暢 國5北上回堵至深夜
https://news.ltn.com.tw/news/life/paper/1440977,收假車潮今湧現 早出發 避雷區
https://news.ltn.com.tw/news/life/breakingnews/3488675,明午後湧收假車潮 公路總局4路段實施管制
https://news.ltn.com.tw/news/life/breakingnews/3488337,蘇花路廊昨夜回堵15公里 今上午車流明顯減少
https://news.ltn.com.tw/news/life/breakingnews/3488200,今出遊車潮湧現 9大風景區聯外道路恐塞爆
https://news.ltn.com.tw/news/life/paper/1440846,往東部 林佳龍建議走南迴
https://news.ltn.com.tw/news/life/paper/1440795,東正線恐中斷7天 衝擊東部交通
https://news.ltn.com.tw/news/life/paper/1440788,救援煉獄 破車廂卡死隧道
https://news.ltn.com.tw/news/life/breakingnews/3487880,台鐵出軌》三峽善心網友 願免費送家屬到花蓮
https://news.ltn.com.tw/news/society/breakingnews/3487435,台鐵出軌》仁水隧道北上機車道封閉  搜救結束就結束管制
https://news.ltn.com.tw/news/life/breakingnews/3487644,雪上加霜！台鐵救災車輛先通行 蘇花路廊連假車潮「紫爆」
https://news.ltn.com.tw/news/life/breakingnews/3487284,清明連假車潮比疫情前多！林佳龍：前往東部可選擇南迴公路
https://news.ltn.com.tw/news/life/breakingnews/3487191,蘇花改清晨4點湧南下車潮 估下午5點後逐漸紓解
https://news.ltn.com.tw/news/life/paper/1440436,國5北返車潮 4/4恐塞至隔日凌晨
https://news.ltn.com.tw/news/life/paper/1440438,交部推「蘇花安」 地方盼崇德段採長隧道
https://news.ltn.com.tw/news/life/breakingnews/3484749,清明連假國5單日預估7.1萬輛車流 4/4北返恐塞到凌晨
https://news.ltn.com.tw/news/life/paper/1438929,清明連假交通疏導 宜警動員3千人
https://news.ltn.com.tw/news/life/breakingnews/3476135,清明連假將至 國5單日預估7.1萬輛車流
https://news.ltn.com.tw/news/life/breakingnews/3469888,蘇花車禍6死意外 林佳龍：加速「蘇花安」2030完工
https://news.ltn.com.tw/news/society/breakingnews/3469512,參與蘇花2次遊覽車重大事故救援 宜縣消防小隊長心情沈重
https://news.ltn.com.tw/news/life/breakingnews/3469380,交通部爭取修法4歲以上搭大客車未繫安全帶開罰「蘇花安」拚119年完工
https://news.ltn.com.tw/news/society/paper/1437453,蘇花公路遊覽車撞山壁 6死39傷
https://news.ltn.com.tw/news/society/breakingnews/3469133,恐怖巧合？蘇花遊覽車撞山與11年前創意遊覽車墜海其實相差7公里
https://news.ltn.com.tw/news/life/paper/1437051,進度超前 南方澳跨港大橋完成3成
https://news.ltn.com.tw/news/life/breakingnews/3466774,進度超前！南方澳跨港大橋重建完成3成 力拚明年10月前完工
https://news.ltn.com.tw/news/life/paper/1434700,花蓮市下午茶節 振興巷弄文化
https://news.ltn.com.tw/news/life/breakingnews/3454652,花蓮啟動城市漫遊 首推下午茶節
https://news.ltn.com.tw/news/life/paper/1434066,收假車潮 國5今下午高乘載管制
https://news.ltn.com.tw/news/life/breakingnews/3451928,國5上午車流大致順暢 下午南向車流增加
https://news.ltn.com.tw/news/life/paper/1433882,花蓮知卡宣「森友會」 遊客幸福漫步
https://news.ltn.com.tw/news/life/breakingnews/3450953,228連假首日 蘇花改蘇澳端回堵3公里
https://news.ltn.com.tw/news/life/paper/1433680,蘇花路廊南下 今恐塞到午後
https://news.ltn.com.tw/news/life/breakingnews/3450316,林佳龍視察坪林交控中心 指示228連假加強處理龜速車
https://news.ltn.com.tw/news/life/breakingnews/3450177,228連假首日 蘇花路廊估明晨6點湧現南下車流塞到午後
https://news.ltn.com.tw/news/life/breakingnews/3448393,228連假出遊 蘇花、西濱快、南迴這些時段易塞車
https://news.ltn.com.tw/news/life/paper/1433006,228連假 國5日車流量估逾7萬輛次
https://news.ltn.com.tw/news/life/breakingnews/3446579,228連假適逢櫻花大爆發 國5估日車流量超過7萬輛次
https://news.ltn.com.tw/news/life/paper/1432789,舊蘇花和中至和仁段 將區間測速
https://news.ltn.com.tw/news/life/breakingnews/3445668,舊蘇花防飆車 和中、和仁實施區間測速限40公里
https://news.ltn.com.tw/news/life/breakingnews/3442056,春節交通大致順暢 林佳龍：用路人「聰明上路」是關鍵
https://art.ltn.com.tw/article/paper/1431701,【吃遊聯盟】〈影像行旅〉瑰麗山水行─細說南迴公路物語
https://news.ltn.com.tw/news/life/breakingnews/3440043,年初四湧現收假人潮 林佳龍：發揮分流效果、疏運順暢
https://news.ltn.com.tw/news/life/breakingnews/3440017,走春車潮今天告一段落 公路總局估8路段午後有返回車流
https://news.ltn.com.tw/news/life/breakingnews/3439718,大年初3國5估塞到深夜 主線回堵達6.5公里
https://news.ltn.com.tw/news/life/breakingnews/3439579,大年初三蘇花路廊北上車潮午後漸增
https://news.ltn.com.tw/news/life/breakingnews/3439075,今年南下車流較少 蘇花改初三車潮預估減2成
https://news.ltn.com.tw/news/life/paper/1431242,年初一走春 國一湖口竹北塞8小時
https://news.ltn.com.tw/news/politics/breakingnews/3438485,連續17年初一赴樂成宮團拜 林佳龍：飲水思源
https://news.ltn.com.tw/news/life/breakingnews/3438477,蘇花改南下車潮初一清晨4點湧現 估中午過後緩解
https://news.ltn.com.tw/news/society/breakingnews/3438073,除夕遇死劫！1家3口開車返鄉自撞 1死2傷
https://news.ltn.com.tw/news/life/breakingnews/3438080,除夕日蘇花改上午車流順暢 明天年初一是重要考驗
https://news.ltn.com.tw/news/life/breakingnews/3437544,蘇花路廊南下車流大 部分路段實施分流交管
https://news.ltn.com.tw/news/life/breakingnews/3437427,春節赴高公局送加菜金 蔡英文：預估國道較往年壅塞
https://news.ltn.com.tw/news/life/breakingnews/3437362,蘇花改清晨湧車潮 首次開放大客車行駛路肩
https://ec.ltn.com.tw/article/paper/1431044,〈財經週報-特色超商〉7-11台中X-STORE門市 打卡熱點
https://news.ltn.com.tw/news/life/breakingnews/3436823,都會區較平常順暢！春節連假起跑 高公局：2/10避開5地雷路段
https://news.ltn.com.tw/news/life/breakingnews/3436874,蘇花路廊明天清晨6點湧現南下車潮  晚上8點後紓解
https://news.ltn.com.tw/news/life/breakingnews/3436515,蘇花路廊春節交通大年初一南下最塞 可能從早塞到晚
https://news.ltn.com.tw/news/life/paper/1430869,春節連假 今首波返鄉車潮
https://news.ltn.com.tw/news/society/breakingnews/3435553,蘇花改春節連假開放大客車行駛路肩 科技執法取締違規
https://news.ltn.com.tw/news/life/paper/1430703,台11線春節易壅塞路段 花蓮有4處熱點
https://ec.ltn.com.tw/article/breakingnews/3435114,台泥DAKA躍為花蓮爆紅景點  張安平爆這件事好佛心
https://news.ltn.com.tw/news/life/breakingnews/3434836,台11線東海岸春節易壅塞路段 花蓮境內4處熱點
https://news.ltn.com.tw/news/life/breakingnews/3434326,林佳龍：疫情影響 春節國道、公路將有大量車潮
https://news.ltn.com.tw/news/life/paper/1430050,春節不踩雷！公總公布24處易塞路段
https://news.ltn.com.tw/news/life/paper/1430096,蘇花錦文隧道照明 公路總局允改善
https://news.ltn.com.tw/news/life/breakingnews/3432250,春節連假開車的會很多 林佳龍：國道還是會很塞
https://news.ltn.com.tw/news/politics/breakingnews/3432213,過年期間政府運作無空窗期  蘇揆要求做好防疫與交通疏導
https://news.ltn.com.tw/news/life/breakingnews/3432215,東服爭取蘇花錦文隧道照明 公路總局允諾加強
https://news.ltn.com.tw/news/life/breakingnews/3431969,春節假期易壅塞路段 公總預判24處在這裡
https://news.ltn.com.tw/news/life/paper/1429663,「蘇花安」路廊計劃 蘇花改工程處：拚2023年施工
https://news.ltn.com.tw/news/life/paper/1429659,除夕至初四 宜縣路邊停車不收費
https://news.ltn.com.tw/news/life/breakingnews/3430103,蘇花安崇德路廊 地方盼採用長隧道方案
https://news.ltn.com.tw/news/life/breakingnews/3429416,除夕至初四上午8點至晚上10點 宜縣路邊停車免收費
https://news.ltn.com.tw/news/life/paper/1429403,疫情升溫打趴旅遊業 交部將協助
https://news.ltn.com.tw/news/life/breakingnews/3429077,春節連假蘇花改車潮恐爆大量 公路總局預估：大年初一南下最塞
https://news.ltn.com.tw/news/politics/breakingnews/3428962,疫情升溫遊覽車等無人 林佳龍：建請行政院動用預算援助
https://news.ltn.com.tw/news/life/breakingnews/3428916,蘇花改春節首開放大客車行駛路肩 林佳龍試乘︰盼多搭大眾運輸
https://news.ltn.com.tw/news/life/paper/1429232,蘇花改接舊蘇花 增大型指示標誌
https://news.ltn.com.tw/news/life/breakingnews/3427674,蘇花改加強南下花蓮導引線 避免駕駛誤駛入水泥廠
https://news.ltn.com.tw/news/life/paper/1428572,防疫取消自由座 高鐵將釋出46.7萬座位
https://news.ltn.com.tw/news/life/breakingnews/3425180,防疫趨嚴春節開車人數恐增  林佳龍下令總動員防國道塞車
https://news.ltn.com.tw/news/life/paper/1428328,春節連假 蘇花改開放大客車行駛路肩
https://news.ltn.com.tw/news/life/breakingnews/3423915,蘇花改春節估車流量達17萬輛次 公總首開放大客車走路肩
https://news.ltn.com.tw/news/life/paper/1426154,國五接蘇花改可行性評估 經費近200億
https://news.ltn.com.tw/news/life/breakingnews/3413481,國5直通蘇花改  評估7公里聯絡道須通過5隧道
https://news.ltn.com.tw/news/life/paper/1425537,春節特定時段 蘇花改大客車可走路肩
https://news.ltn.com.tw/news/life/breakingnews/3411170,春節起逢3天以上連假  蘇花改開放大客車行駛路肩
https://news.ltn.com.tw/news/life/breakingnews/3408407,春節連假將至 林佳龍︰盤點陸海空疏運重點
https://news.ltn.com.tw/news/life/paper/1424842,蘇花改19日9時起 全線開放大貨車通行
https://news.ltn.com.tw/news/life/breakingnews/3407785,台9線蘇花改南澳至大清水 1/19上午9點開放大貨車通行
https://estate.ltn.com.tw/article/11039,蘇花改通車滿週年花蓮 這區5成購屋客是外地人
https://news.ltn.com.tw/news/politics/breakingnews/3405633,台鐵局長退休前花近900萬出書 林佳龍：公開標案
https://auto.ltn.com.tw/news/16844,蘇花改禁行機車 不滿者興訟敗訴
https://news.ltn.com.tw/news/society/breakingnews/3400845,蘇花改禁行機車 不滿者興訟敗訴
https://news.ltn.com.tw/news/life/breakingnews/3399998,收假日北返車流湧現 北花線國道客運機動加開班次
https://news.ltn.com.tw/news/life/breakingnews/3399915,國5上午11點現車潮 蘇花路廊北上預計中午車流量增
https://ent.ltn.com.tw/news/paper/1422941,周予天耍帥拐到腳 忍痛拍MV腫一週
https://news.ltn.com.tw/news/life/paper/1423007,《花蓮》蘇花崇德、和平段 大客車走優先道
https://news.ltn.com.tw/news/life/paper/1422824,車牌辨識系統監測 連假首日蘇花車流順暢
https://news.ltn.com.tw/news/life/breakingnews/3398844,鼓勵棄開車改搭客運 公總研擬北花線4人同行1人免費優惠
https://news.ltn.com.tw/news/life/breakingnews/3398498,蘇花路廊湧現南下車潮 估計午後才能紓解
https://news.ltn.com.tw/news/life/paper/1422181,元旦連假 宜縣2千警民疏導交通
https://news.ltn.com.tw/news/life/breakingnews/3395644,國5、蘇花改元旦連假預估爆車潮   雍塞路段、路線管制一次看
https://news.ltn.com.tw/news/life/breakingnews/3393390,元旦蘇花南下車流估破萬輛次 這34處熱點要小心了！
https://news.ltn.com.tw/news/life/paper/1420962,蘇花改全段通行大貨車？ 待交部點頭
https://news.ltn.com.tw/news/life/breakingnews/3389930,就等交通部點頭！蘇花改近期擬開放全段大貨車通行
https://news.ltn.com.tw/news/life/paper/1417353,花蓮民宿現退房潮 少2成旅客
https://news.ltn.com.tw/news/life/paper/1417352,東部幹線中斷 客運疏運破10萬人次
https://news.ltn.com.tw/news/life/paper/1417422,宜蘭冠軍米拍賣助弱 每公斤3.6萬元
https://news.ltn.com.tw/news/life/paper/1417382,推銷宜蘭米 侯友宜、林姿妙攜手
https://news.ltn.com.tw/news/life/breakingnews/3372960,柯文哲籲速建北宜高鐵 侯友宜：全力支持推動
https://news.ltn.com.tw/news/life/paper/1417142,宜花轉運站爆棚 公路疏運3.2萬人次
https://news.ltn.com.tw/news/life/paper/1417184,東部幹線中斷 花蓮民宿退訂1到2成
https://news.ltn.com.tw/news/life/breakingnews/3372260,台鐵東部幹線中斷  羅東、宜蘭轉運站爆搭車人潮
https://news.ltn.com.tw/news/life/breakingnews/3372178,鐵路斷了！花蓮民宿退訂1到2成 業者嘆「不能請求國賠」
https://news.ltn.com.tw/news/life/paper/1416989,元旦連假 北花客運優惠來回400元
https://news.ltn.com.tw/news/life/breakingnews/3371645,台鐵宜蘭線中斷  客運北花線增開班次支援
https://news.ltn.com.tw/news/life/paper/1416727,不用自己開車也能到… 秘境公車 直達粉鳥林
https://news.ltn.com.tw/news/life/breakingnews/3370497,林口聯外塞翻！ 交通局擬優化壽山路連接桃園
https://news.ltn.com.tw/news/life/breakingnews/3370326,開往秘境公車   國光客運近期開闢122線宜蘭蘇澳－粉鳥林
https://news.ltn.com.tw/news/life/breakingnews/3367978,驚悚畫面曝光！雨勢不斷 蘇花公路台9丁線武塔路段路面破大洞
https://news.ltn.com.tw/news/life/paper/1416073,南方澳跨港大橋重建 進度超前23.8％
https://news.ltn.com.tw/news/life/paper/1416074,花蓮客運4路線 換業者代駛1年
https://news.ltn.com.tw/news/life/breakingnews/3367162,風雨無阻！南方澳跨港大橋重建 進度逆勢超前
https://news.ltn.com.tw/news/life/breakingnews/3359028,花蓮地景智慧站牌啟用 3年內增至400座
https://news.ltn.com.tw/news/life/paper/1414150,全球道路成就獎 蘇花改獲工程設計類首獎
https://news.ltn.com.tw/news/life/breakingnews/3358232,國際道路協會「全球道路成就獎」 蘇花改獲工程設計類首獎
https://news.ltn.com.tw/news/life/paper/1413108,兌現承諾 築路英雄回蘇花改植樹
https://news.ltn.com.tw/news/life/breakingnews/3353281,蘇花改百餘名築路英雄回娘家植樹 兌現當年承諾
https://news.ltn.com.tw/news/life/breakingnews/3349740,花蓮市區車流增多 議員促設新式左轉專用避車道
https://news.ltn.com.tw/news/life/paper/1411013,國5設冬山交流道 明年三月送可行性評估
https://news.ltn.com.tw/news/life/breakingnews/3344033,宜縣府評估國5增設冬山交流道 規劃到完工至少5年
https://news.ltn.com.tw/news/life/breakingnews/3341173,EMU900型電聯車試車就突槌 林佳龍：試車就是要發現問題
https://ec.ltn.com.tw/article/breakingnews/3329303,中興工程50週年 邁步迎向未來
https://news.ltn.com.tw/news/life/paper/1407575,坍方不斷 蘇花公路不排除封路
https://news.ltn.com.tw/news/life/breakingnews/3328054,大雨下不停！蘇花坍方不斷 沿線7處機具駐點監控
https://news.ltn.com.tw/news/life/breakingnews/3327005,蘇花公路蘇澳到東澳段路跑賽 10/25清晨4點到下午2點交管
https://news.ltn.com.tw/news/life/paper/1406302,蘇花改南澳到和平 下週演練封閉
https://news.ltn.com.tw/news/life/paper/1406301,觀音隧道南下測桿 宜蘭新科測速王
https://auto.ltn.com.tw/news/16322,宜縣新科「測速王」是它 9 個月取締 3490 件超速
https://news.ltn.com.tw/news/life/breakingnews/3322623,宜縣新科「測速王」是它 9個月取締3490件超速
https://news.ltn.com.tw/news/life/breakingnews/3322299,蘇花改南澳到和平路段20、21日救災演練 各封閉2小時
https://news.ltn.com.tw/news/life/breakingnews/3320680,蘇花路廊因雨兩度坍方 清晨恢復雙向通行
https://news.ltn.com.tw/news/life/paper/1405388,蘇花北返車流順暢 時速逾60公里
https://news.ltn.com.tw/news/life/breakingnews/3317194,北返車潮湧現 國1竹北─湖口、國5頭城─坪林壅塞
https://news.ltn.com.tw/news/life/breakingnews/3317413,連假第2天 國5北上湧車潮、蘇花改明午後恐塞
https://news.ltn.com.tw/news/life/paper/1405009,花蓮景點湧人潮 前2日住房率9成
https://news.ltn.com.tw/news/life/paper/1404976,首波北返車潮今下午湧現 10處壅塞路段要當心
https://news.ltn.com.tw/news/life/breakingnews/3316513,國慶連假首日國5大致順暢 公路總局估明日蘇花改更順
https://news.ltn.com.tw/news/life/breakingnews/3316191,蘇花改南下清晨就回堵 車潮恐至下午才紓解
https://news.ltn.com.tw/news/life/paper/1404763,雙十煙火加持 台南訂房率飆78%／連假啟動！國道6壅塞路段 行車時間估平日4至5倍
https://news.ltn.com.tw/news/life/breakingnews/3315626,國慶連假首日 國道6地雷路段估行車時間多4至5倍
https://news.ltn.com.tw/news/life/breakingnews/3315250,國慶活動接連登場 蘇貞昌：交通疏運要繃緊神經、審慎規劃
https://art.ltn.com.tw/article/paper/1404523,【吃遊聯盟】〈單騎樂遊四方〉太平洋划獨木舟，蘇花漫騎玩透透
https://news.ltn.com.tw/news/life/paper/1404364,蘇花路廊雙十恐塞 公路總局估南下2萬輛次
https://news.ltn.com.tw/news/life/breakingnews/3313340,雙十連假 蘇花路廊南下10/9可能從早塞到晚
https://news.ltn.com.tw/news/life/breakingnews/3311824,南方澳跨港大橋重建動工 蔡英文要求2022年10月前完工
https://news.ltn.com.tw/news/life/breakingnews/3312112,中秋連假疏運打幾分？ 林佳龍︰基本上及格 國慶連假仍不鬆懈
https://news.ltn.com.tw/news/life/paper/1403915,蘇花路廊順暢 警：科技監測奏效
https://news.ltn.com.tw/news/life/breakingnews/3311384,蘇花路廊中秋連假順暢 花縣交通隊︰國慶假期仍循科技監測
https://news.ltn.com.tw/news/life/paper/1403730,蘇花改客運優先路權 「北花線」連假翻紅
https://news.ltn.com.tw/news/life/breakingnews/3310672,中秋連假邁入尾聲  國5現車潮、主線回堵4.5公里
https://news.ltn.com.tw/news/life/paper/1403534,國5、蘇花改 預估今午後北返高峰
https://news.ltn.com.tw/news/life/breakingnews/3309690,蘇花改今南下順暢 預估明天午後湧現北返車潮
https://news.ltn.com.tw/news/life/paper/1403319,蘇花改凌晨3點湧車潮 各地景點人潮多多
https://news.ltn.com.tw/news/life/paper/1403357,中秋連假首日 蘇花路廊清晨5點湧車潮
https://news.ltn.com.tw/news/life/paper/1403354,《連假首日》宜蘭風景區人潮多 太平山近千輛車湧入
https://news.ltn.com.tw/news/life/breakingnews/3308866,蘇花路廊10點過後湧車潮  南下車流輛達萬輛
https://news.ltn.com.tw/news/life/breakingnews/3308654,蘇花改南下車流回堵 估下午4點才能紓緩
https://news.ltn.com.tw/news/life/paper/1403124,宜蘭夫妻求子16年如願 歸功貫通石助孕
https://news.ltn.com.tw/news/life/breakingnews/3308238,蘇花改觀音隧道貫通石「助孕」？ 夫妻結縭16年喜獲麟兒
https://news.ltn.com.tw/news/life/breakingnews/3308012,交通部中秋連假疏導計畫 林佳龍︰拜託用路人支持
https://news.ltn.com.tw/news/life/paper/1402917,安心旅遊補助 花蓮上看5.2億
https://news.ltn.com.tw/news/life/breakingnews/3306842,安心國旅補助拍板至10月底 花蓮追加第8波總計上看5.2億
https://news.ltn.com.tw/news/life/breakingnews/3305273,林佳龍：有信心中秋、國慶連假國5不再連塞32小時
https://news.ltn.com.tw/news/life/paper/1402481,迎中秋連假車潮 花蓮警加強執法
https://news.ltn.com.tw/news/life/breakingnews/3304876,花蓮中秋車潮恐直逼過年 警方部署17處路口疏導車流
https://news.ltn.com.tw/news/life/breakingnews/3304777,北宜全段實施區間測速 可停等「補時」縣界排除路段外
https://news.ltn.com.tw/news/life/paper/1402288,花蓮市區公車增3線 明天上路
https://news.ltn.com.tw/news/life/paper/1402250,秋節疏運挑戰大 國道車潮恐如年初一
https://news.ltn.com.tw/news/life/breakingnews/3303992,中秋國道車潮恐如過年 林佳龍：做最壞的打算、最好的努力
https://news.ltn.com.tw/news/life/breakingnews/3303944,中秋連假首日蘇花改估塞10小時 公總列3路段尖峰時段
https://auto.ltn.com.tw/news/16200,南方澳跨港大橋新橋10/5動工 重建工程邁入新里程碑
https://news.ltn.com.tw/news/life/paper/1402082,南方澳跨港大橋 10/5重建動工
https://news.ltn.com.tw/news/life/breakingnews/3303289,南方澳跨港大橋新橋10/5動工 重建工程邁入新里程碑
https://news.ltn.com.tw/news/life/breakingnews/3300801,防中秋連假國5大塞  林佳龍：研議特定時段免費搭乘公共運輸
https://news.ltn.com.tw/news/life/paper/1401426,中秋連假 國5預估每日7萬車次
https://news.ltn.com.tw/news/life/breakingnews/3299889,中秋連假走國5注意！ 每日車流量恐破7萬輛次
https://news.ltn.com.tw/news/life/paper/1400600,中秋連假 蘇花路廊大客車優先走
https://news.ltn.com.tw/news/life/breakingnews/3296076,蘇花改蘇澳、崇德路段連假試辦「大客車優先道」可省30分車程
https://news.ltn.com.tw/news/life/breakingnews/3294868,崩塌的跨港大橋拆到一滴不剩 南方澳人「心靈地標」走入歷史
https://news.ltn.com.tw/news/life/paper/1399084,中秋、國慶連假搭客運到宜花 租車享優惠
https://talk.ltn.com.tw/article/paper/1397881,自由廣場》慢就安全？ 談蘇花改
https://news.ltn.com.tw/news/politics/breakingnews/3282496,民眾黨插旗花蓮 立委邱臣遠成立服務處、柯文哲揭牌
https://news.ltn.com.tw/news/life/paper/1397420,蘇花改蘇澳、崇德大客車優先道 中秋連假試辦
https://news.ltn.com.tw/news/life/breakingnews/3280862,蘇花改蘇澳及崇德大客車優先道 預計中秋連假同步試辦
https://talk.ltn.com.tw/article/paper/1397228,自由廣場》解決國五塞車 應從大眾運輸下手
https://news.ltn.com.tw/news/life/breakingnews/3279010,測試火警設備 蘇花改觀音谷風隧道9/8晚上8到12點封閉
https://news.ltn.com.tw/news/society/breakingnews/3272911,花蓮男子酒醉路倒台9線遭輾過 送醫傷重不治
https://news.ltn.com.tw/news/life/paper/1393938,1~7月取締6396件 花蓮測速王進帳上千萬
https://news.ltn.com.tw/news/society/breakingnews/3263710,花蓮「測速王」提前坐穩！1至7月開出6396件超速罰單
https://news.ltn.com.tw/news/society/breakingnews/3260375,15天大女嬰需從花蓮急送台北就醫 宜警鳴笛開道
https://art.ltn.com.tw/article/breakingnews/3258346,ITF線上旅展七夕情人Follow me展開 優惠折扣浪漫過節
https://ent.ltn.com.tw/news/breakingnews/3258346,ITF線上旅展七夕情人Follow me展開 優惠折扣浪漫過節
https://news.ltn.com.tw/news/life/breakingnews/3257781,絕美太魯閣「山月吊橋」預約秒殺！未來可望增至每日1200人
https://news.ltn.com.tw/news/life/paper/1392229,蘇花公路科技抓跨線 10月底前上路
https://news.ltn.com.tw/news/life/breakingnews/3255734,蘇花路廊全面採用科技執法 新設跨線取締設備10月底前上路
https://news.ltn.com.tw/news/life/breakingnews/3255444,蘇花改觀音及谷風隧道系統測試 13日22:00起封閉7小時
https://ec.ltn.com.tw/article/breakingnews/3248663,停車場不夠停！遠雄悅來7月住房率創近年新高
https://news.ltn.com.tw/news/life/breakingnews/3238626,蘇花改通車後國5更塞 高公局統計雪隧平假日車流量都增加
https://news.ltn.com.tw/news/life/breakingnews/3237356,「花東快」啟動可行性研究 公總：7月底至8月初將上網招標
https://news.ltn.com.tw/news/life/paper/1388084,蘇花改運量暴增 將評估建花東快
https://news.ltn.com.tw/news/life/paper/1386825,南方澳跨港大橋重建 拚後年完工
https://ec.ltn.com.tw/article/breakingnews/3230636,遠雄悅來斥資2.5億元改裝 可望帶動營收表現
https://news.ltn.com.tw/news/life/breakingnews/3230379,南方澳跨港大橋今啟動重建！全力兌現事發3年內完工支票
https://news.ltn.com.tw/news/life/breakingnews/3228133,蘇花改15日消防演習 南澳至和平段11:00到13:00封閉三小時
https://ec.ltn.com.tw/article/breakingnews/3227836,武漢肺炎疫情衝擊 這3檔觀光股逆勢成長
https://news.ltn.com.tw/news/life/paper/1386155,遊客湧入 花蓮警方提醒注意路段
https://news.ltn.com.tw/news/life/paper/1385334,東服中心爭取 蘇花改放行重機
https://auto.ltn.com.tw/news/15671,蘇花改「龜速車」 吃首張罰單
https://news.ltn.com.tw/news/life/paper/1384563,蘇花改「龜速車」 吃首張罰單
https://news.ltn.com.tw/news/society/breakingnews/3219615,警7月起取締蘇花改「龜速車」 賓士時速46公里成全台開罰首例
https://news.ltn.com.tw/news/life/paper/1384342,【歷史解題】台灣及世界史各占5成 強調理解
https://news.ltn.com.tw/news/life/breakingnews/3218875,指考公民》中規中矩沒創新 全教會：股票金融試題比往年多
https://news.ltn.com.tw/news/life/breakingnews/3218665,指考歷史》考題首印精美配圖 補教師：看文字就可答題
https://ec.ltn.com.tw/article/breakingnews/3218610,學射箭、睡水泥廠 台泥DAKA推暑期輕旅行
https://news.ltn.com.tw/news/life/breakingnews/3218485,指考歷史》試卷首度採高階印刷 台灣、世界史占半數
https://news.ltn.com.tw/news/life/breakingnews/3218484,指考歷史》蘇花改、疫情、香港議題入題 全教會：中間偏難
https://news.ltn.com.tw/news/life/paper/1383986,花蓮光復鄉公所動土 金鏟子搶手
https://news.ltn.com.tw/news/life/paper/1383939,【物理解題】「近7年最難」計算題多達14題
https://news.ltn.com.tw/news/life/breakingnews/3216926,指考物理》考題逾4300字 補教師：多到寫不完
https://news.ltn.com.tw/news/life/breakingnews/3216760,指考物理》命題結合醫學、交通、科技、運動... 全教會：跨很大
https://news.ltn.com.tw/news/life/breakingnews/3216643,指考物理》高中師：近6、7年最難 有14題須動筆計算
https://news.ltn.com.tw/news/life/paper/1383492,重機上蘇花改 明年6月前試辦
https://news.ltn.com.tw/news/life/paper/1383493,蘇花改取締龜速車 首日掛零
https://news.ltn.com.tw/news/life/breakingnews/3215124,公路總局：明年6月前試辦重機車上蘇花改
https://auto.ltn.com.tw/news/15636,爭取機車上南迴改、蘇花改 近千機車族包圍公路總局怒吼
https://news.ltn.com.tw/news/life/breakingnews/3214634,爭取機車上南迴改、蘇花改   近千機車族包圍公路總局怒吼
https://news.ltn.com.tw/news/society/breakingnews/3214163,蘇花改「龜速車」今起取締 時速低於50公里得吃1200元罰單
https://news.ltn.com.tw/news/life/paper/1383071,宜蘭爭高鐵延伸 江聰淵盼柯文哲支持
https://news.ltn.com.tw/news/life/breakingnews/3211969,地方盼高鐵延伸宜蘭解決雪隧塞車 宜蘭市長：希望柯文哲支持
https://news.ltn.com.tw/news/life/paper/1382858,時速60 蘇花路廊北返車流順暢
https://news.ltn.com.tw/news/life/breakingnews/3211202,蘇花收假北返車流順暢  在地人把握機會享受花蓮悠閒日常
https://news.ltn.com.tw/news/life/breakingnews/3210939,蘇花路廊車流「南北」反轉 預估11點北上車多持續至晚間
https://news.ltn.com.tw/news/life/paper/1382669,北返車潮出現 花蓮端車流順暢
https://talk.ltn.com.tw/article/paper/1382721,自由廣場》 紓解連假車潮兩點建議
https://news.ltn.com.tw/news/life/breakingnews/3210413,蘇花路廊、國5湧北返車潮  想回到台北得先過這兩關
https://auto.ltn.com.tw/news/15605,蘇花路廊漸湧北上車潮 上午 11 點後恐一路塞到深夜
https://news.ltn.com.tw/news/life/breakingnews/3210238,蘇花路廊漸湧北上車潮 上午11點後恐一路塞到深夜
https://news.ltn.com.tw/news/life/paper/1382479,國5今北返車流大 建議改走台2、台9
https://news.ltn.com.tw/news/life/paper/1382445,風景區塞爆了 小琉球2天擠進2萬人次
https://news.ltn.com.tw/news/life/breakingnews/3209479,蘇花路廊昨南下車流2萬400輛 估明午後湧北返車潮
https://news.ltn.com.tw/news/life/paper/1382265,端節連假首日塞爆 國五 連塞逾32小時
https://news.ltn.com.tw/news/life/breakingnews/3209336,端午連假》蘇花路廊南下車流突破2萬輛次 快追上清明紀錄
https://auto.ltn.com.tw/news/15591,蘇花路廊南下車潮爆大量 下午 4 點才能紓解
https://news.ltn.com.tw/news/life/breakingnews/3208564,蘇花路廊南下車潮爆大量 下午4點才能紓解
https://news.ltn.com.tw/news/life/breakingnews/3207771,端午連假出遊潮  蘇花路廊恐明天凌晨3點起開始塞
https://news.ltn.com.tw/news/society/breakingnews/3206728,端午連假首日蘇花改預估從早塞到晚  陳家欽赴宜蘭慰問員警
https://news.ltn.com.tw/news/life/paper/1381590,端午連假迎賓 花蓮祭3項交通優惠
https://news.ltn.com.tw/news/life/breakingnews/3205558,端午連假搭客運遊花蓮 北花線85折、台灣好行半價
https://ent.ltn.com.tw/news/breakingnews/3205243,陳為民自爆 第4次騎重機上蘇花改被開紅單
https://news.ltn.com.tw/news/life/paper/1381351,蘇花改提速 首日車速變快了
https://news.ltn.com.tw/news/life/breakingnews/3204726,蘇花改提速首日 平均車速最快可達71公里
https://news.ltn.com.tw/news/life/paper/1381161,蘇花改最低速限上路 首日未見「龜速車」
https://news.ltn.com.tw/news/life/paper/1381125,南迴改安朔-草埔段 30日起試行重機
https://news.ltn.com.tw/news/life/breakingnews/3203974,南迴改安朔－草埔段試辦重機行駛6個月  試辦重機通行長隧道
https://news.ltn.com.tw/news/life/breakingnews/3203970,省道首例！蘇花改最低速限今起上路 時速低於50就開罰
https://auto.ltn.com.tw/news/15562,端午連假首日 蘇花改可能凌晨3點就塞車 至少塞 12 小時
https://news.ltn.com.tw/news/life/paper/1380905,端節連假 蘇花改恐塞逾12小時
https://news.ltn.com.tw/news/life/breakingnews/3203095,端午連假首日 蘇花改可能凌晨3點就塞車 至少塞12小時
https://news.ltn.com.tw/news/life/breakingnews/3203030,端午連假頭2天特定時段 北花線國道客運南下不停蘇澳
https://auto.ltn.com.tw/news/15556,省道也有最低速限！ 蘇花改 6/20 起車速不到 50 要罰
https://news.ltn.com.tw/news/life/paper/1380736,蘇花改速限 明起提高到70公里
https://news.ltn.com.tw/news/life/paper/1380738,蘇花藍色公路 麗娜輪7.4解封復航
https://news.ltn.com.tw/news/life/breakingnews/3202124,省道也有最低速限！ 蘇花改6/20起車速不到50要罰
https://news.ltn.com.tw/news/life/breakingnews/3201720,蘇花藍色公路麗娜輪7/4復航 「搭船送載車」優惠1個月
https://news.ltn.com.tw/news/life/breakingnews/3201519,解封後大考驗 端午連假首日蘇花路廊南下恐從早塞到晚
https://news.ltn.com.tw/news/life/breakingnews/3201460,端午連假恐反彈式出遊！高鐵運能緊繃 林佳龍要求台鐵客運備戰
https://news.ltn.com.tw/news/life/breakingnews/3199224,公總局長許鉦漳佈達 將續推淡江大橋、蘇花安等多項建設
https://news.ltn.com.tw/news/life/paper/1379759,花蓮國旅回溫 端午連假 訂房爆滿
https://news.ltn.com.tw/news/life/breakingnews/3197408,端午連假》花蓮節前2日訂房客滿！節後約8~9成
https://news.ltn.com.tw/news/life/breakingnews/3195833,國5接蘇花改年底完成可行性研究 初估經費近200億
https://news.ltn.com.tw/news/life/breakingnews/3194906,好消息！蘇花改、南迴改6/20起提高速限 路段看這裡
https://news.ltn.com.tw/news/life/paper/1378664,台9線拓寬 舞鶴茶農怨「綠帶太寬」影響生意
https://talk.ltn.com.tw/article/paper/1378732,自由廣場》回應6月8日姜皇池教授論述
https://news.ltn.com.tw/news/life/breakingnews/3192571,台9線瑞穗舞鶴山路段拓寬 茶農抱怨「綠帶太寬」影響生意
https://news.ltn.com.tw/news/life/paper/1378172,花蓮市區增闢停車位 議員批牛步
https://news.ltn.com.tw/news/life/breakingnews/3190150,花蓮增闢市區停車計畫 議員批牛步
https://news.ltn.com.tw/news/life/paper/1377939,端節連假前上路 蘇花改、南迴改提高速限10公里
https://news.ltn.com.tw/news/life/paper/1377740,端節連假 國五行車時間估平常7倍
https://news.ltn.com.tw/news/life/breakingnews/3188715,卜蜂宣布「暫停」花蓮養雞場 議員批沒誠意：多此一舉
https://news.ltn.com.tw/news/life/breakingnews/3188147,端午連假高公局估國5日塞10小時 籲搭大眾運輸或走替代道路
https://ent.ltn.com.tw/news/breakingnews/3185327,好康報！  遠雄海洋公園超級季票699   不限次數暢玩至9/30
https://art.ltn.com.tw/article/breakingnews/3185327,好康報！  遠雄海洋公園超級季票699   不限次數暢玩至9/30
https://news.ltn.com.tw/news/life/paper/1376183,宜縣府爭取億元 改造粉鳥林漁港
https://news.ltn.com.tw/news/life/breakingnews/3181257,宜蘭「秘境」粉鳥林公廁、停車位不足有解 縣府擬砸億元改善
https://playing.ltn.com.tw/article/7500,66元住五星級飯店、住房買一送一！全台６月超殺國旅優惠懶人包
https://news.ltn.com.tw/news/life/paper/1374373,南方澳跨港大橋 重建經費擬增為8億
https://news.ltn.com.tw/news/life/breakingnews/3173337,南方澳跨港大橋新橋藍圖定案 10月動工重建
https://news.ltn.com.tw/news/life/paper/1373873,花蓮先期轉運站動工 預估明年一月啟用
https://news.ltn.com.tw/news/life/breakingnews/3170252,歷經3度招標終動工 花蓮先期轉運站明年才可用
https://news.ltn.com.tw/news/life/breakingnews/3169424,蘇花改南澳—和平段 5/20、5/21上午10到12點封路演練
https://news.ltn.com.tw/news/life/paper/1372992,蘇花改區間測速 暫緩上路
https://news.ltn.com.tw/news/life/breakingnews/3166561,憂北宜、蘇花改區間測速失準 宜縣議員籲先「備而不用」
https://news.ltn.com.tw/news/life/paper/1372026,南方澳跨港大橋重建 月底核定經費
https://news.ltn.com.tw/news/life/breakingnews/3162006,南方澳跨港大橋重建 月底核定經費後拚2022年10月前完工
https://news.ltn.com.tw/news/life/paper/1371396,北迴線漢本站 3千株鐵砲百合盛開
https://news.ltn.com.tw/news/life/breakingnews/3159593,3000株鐵砲百合大爆發！北迴線賞花秘境首曝光
https://news.ltn.com.tw/news/life/paper/1371190,宜縣拚「夜經濟」 生態綠舟可望6月開放
https://news.ltn.com.tw/news/life/breakingnews/3158180,宜縣拚「夜經濟」！風景區擬夜間開放 生態綠舟6月帶頭
https://news.ltn.com.tw/news/life/paper/1370645,南方澳斷橋》本週提懲處名單 新橋本月底招標
https://news.ltn.com.tw/news/life/breakingnews/3155963,南方澳跨港大橋重建 蘇花改工程處：完工期程絕不跳票
https://news.ltn.com.tw/news/life/paper/1370203,臨時客增加 五一連假花蓮住房率達6成
https://news.ltn.com.tw/news/life/breakingnews/3153480,五一連假花蓮住房率約6成 臨時客助陣
https://news.ltn.com.tw/news/life/paper/1369778,連假首日好天氣 旅遊人潮回溫
https://news.ltn.com.tw/news/life/breakingnews/3152166,連假一日遊旅客多 國5北上回堵約2.5公里
https://news.ltn.com.tw/news/life/breakingnews/3151639,出遊人潮多 蘇花改上午每小時車流量破千
https://auto.ltn.com.tw/news/15227,Volvo XC60 B5 輕油電實力測試：台北花蓮來回油錢竟 500 元有找
https://news.ltn.com.tw/news/life/paper/1369114,別超速！蘇花改五一連假不續辦提速
https://news.ltn.com.tw/news/life/breakingnews/3148308,蘇花改五一連假不辦提速 端午節前後可望全段實施
https://news.ltn.com.tw/news/life/paper/1367775,蘇花改疏導車流 觀光工廠沒生意
https://news.ltn.com.tw/news/life/breakingnews/3142288,蘇澳觀光工廠慘被蘇花改「邊緣化」 業者：車潮看得到吃不到
https://news.ltn.com.tw/news/life/breakingnews/3132253,蘇花改救災演練 明、後天上午10～12點南澳到和平段封閉
https://news.ltn.com.tw/news/life/paper/1365422,機車闖蘇花改尬跑車 警攔停告發
https://news.ltn.com.tw/news/society/breakingnews/3131240,機車騎士闖蘇花改緊跟跑車競速 警開單告發
https://news.ltn.com.tw/news/life/breakingnews/3129555,蘇花改、南迴改試辦提速有成效 公總：端午前完成評估作業
https://news.ltn.com.tw/news/life/breakingnews/3128154,高鐵延伸宜蘭 有望今年11月提送一階環評
https://news.ltn.com.tw/news/life/paper/1364103,北花客運連開7.5小時 嚇跑乘客
https://news.ltn.com.tw/news/life/breakingnews/3124495,清明連假北花單程耗7.5小時   客運業者：客人一夕跑光
https://news.ltn.com.tw/news/life/paper/1363467,蘇花路廊前日南下2.1萬輛次 創新高
https://news.ltn.com.tw/news/life/breakingnews/3121852,民眾多改自行開車 蘇花改昨運量創新高
https://news.ltn.com.tw/news/life/paper/1363249,清明連假景區現人潮 蘇花改塞爆
https://news.ltn.com.tw/news/life/breakingnews/3121350,蘇花改今塞爆 估明天清晨5點出現另一波南下車潮
https://news.ltn.com.tw/news/life/breakingnews/3121192,武漢肺炎》連假經濟、觀光還是要顧！林佳龍：防疫到位民眾仍可放心上路
https://news.ltn.com.tw/news/life/breakingnews/3120765,蘇花改南下大塞車回堵到國5 預計要到下午4點才能紓解
https://ec.ltn.com.tw/article/breakingnews/3119749,3月車市黑馬 特斯拉電動車掛牌量衝上1517輛
https://news.ltn.com.tw/news/life/paper/1362716,蘇花改、南迴改兩路段 也試辦最低速限50公里
https://news.ltn.com.tw/news/life/paper/1362758,清明假期搶客 太管處送三項好康
https://news.ltn.com.tw/news/life/breakingnews/3118589,清明連假蘇花改南澳至和平提速至70公里 警方將加強取締
https://news.ltn.com.tw/news/life/breakingnews/3118391,清明連假 蘇花改、南迴改兩路段提速至70公里、最低50公里
https://news.ltn.com.tw/news/life/paper/1362502,清明連假首日 蘇花改南下車流預估飆新高
https://news.ltn.com.tw/news/life/paper/1362508,花蓮台泥DAKA市集回饋 和平學童喝鮮奶
https://news.ltn.com.tw/news/life/breakingnews/3117879,南迴隧道清明連假試提速10公里 屏東端出隧道降回40公里
https://news.ltn.com.tw/news/life/breakingnews/3117869,武漢肺炎疫情衝擊 清明連假蘇花改車流恐爆大量
https://ec.ltn.com.tw/article/breakingnews/3116960,台泥DAKA生態工廠  營收挹注和平國小教育基金
https://news.ltn.com.tw/news/life/paper/1362272,因應清明車潮 蘇花改隧道防災演練
https://news.ltn.com.tw/news/life/breakingnews/3115645,重機爭國道路權 林佳龍：規劃新增1條橫向國道重啟檢核評估
https://news.ltn.com.tw/news/life/paper/1361670,花蓮至吉安鐵路高架 林佳龍：納東部快鐵
https://news.ltn.com.tw/news/life/breakingnews/3113706,清明連假 南迴改「草埔森永」隧道速限可望提升至70公里
https://news.ltn.com.tw/news/life/breakingnews/3113267,台9線觀音谷風隧道、草埔森永隧道 清明連假提速至70公里
https://news.ltn.com.tw/news/life/breakingnews/3113247,蘇花改分段提速至70公里 南澳到和平段擬清明連假試辦
https://news.ltn.com.tw/news/life/paper/1361403,清明連假 國五估單日7.1萬車次
https://news.ltn.com.tw/news/life/breakingnews/3112473,蘇花改速限擬從60提升到70 台東人問：南迴改呢？
https://news.ltn.com.tw/news/life/breakingnews/3112320,清明4天連假國5日交通量預估達7.1萬輛次   縣府提疏運措施
https://news.ltn.com.tw/news/life/paper/1361104,蘇花改提速到70公里 南澳到和平段 清明連假試辦
https://news.ltn.com.tw/news/life/paper/1361151,全台首座 宜縣打造長隧道救援中心
https://news.ltn.com.tw/news/life/breakingnews/3111221,蘇花改速限擬提高到70 最快清明連假試辦南澳-和平段
https://news.ltn.com.tw/news/society/breakingnews/3110723,全台前2長的隧道都在宜蘭 消防局要蓋長隧道救災中心
https://news.ltn.com.tw/news/life/paper/1359746,南方澳跨港大橋 政院拍板原址重建
https://auto.ltn.com.tw/news/14922,蘇花改區間測速將上路 蘇澳至東澳段 18 日雙向封閉驗收系統
https://news.ltn.com.tw/news/life/breakingnews/3101645,蘇花改區間測速將上路 蘇澳至東澳段18日雙向封閉驗收系統
https://news.ltn.com.tw/news/life/paper/1358995,生活還是要過 陳時中︰留在國內健康遊
https://news.ltn.com.tw/news/politics/breakingnews/3099189,開車到花蓮買口罩 李來希嗆：誰要口罩實名制2.0？
https://news.ltn.com.tw/news/life/paper/1358409,花蓮振興觀光 旅宿抽獎1折起
https://news.ltn.com.tw/news/life/breakingnews/3097381,最低住宿餐食抽獎下殺1折 花蓮百家業者響應搶客
https://news.ltn.com.tw/news/politics/breakingnews/3092715,立委傅崐萁花蓮服務處成立 定位「愛心服務站」
https://news.ltn.com.tw/news/life/paper/1356768,搶清明連假商機 花蓮景點加強消毒
https://news.ltn.com.tw/news/life/breakingnews/3089449,備戰兒童清明連假 花蓮觀光強化防疫
https://estate.ltn.com.tw/article/9198,蘇花改利多湧現 花蓮房市熱度創新高 
https://news.ltn.com.tw/news/life/paper/1356478,南方澳跨港大橋重建 路線爭議有解
https://news.ltn.com.tw/news/life/breakingnews/3088764,南方澳跨港大橋重建 北移爭議可望化解
https://news.ltn.com.tw/news/life/breakingnews/3087850,蘇花改限速60公里 立委抱怨罰單多
https://news.ltn.com.tw/news/life/paper/1356218,載客率低 北花線客運減班因應
https://news.ltn.com.tw/news/life/paper/1356219,《宜蘭》友善耕作一條龍 青農代耕14甲雜糧
https://ec.ltn.com.tw/article/breakingnews/3087340,宜蘭青農進軍大南澳 種花生拓墾尋夢
https://news.ltn.com.tw/news/life/paper/1355940,228連假 蘇花路廊交通量創新高
https://news.ltn.com.tw/news/life/paper/1355942,228連假自駕客增 台鐵花蓮站日少萬人
https://news.ltn.com.tw/news/life/breakingnews/3086006,備戰清明4天連假交通 蘇花路廊將祭「一條龍」策略
https://news.ltn.com.tw/news/life/breakingnews/3085912,蘇花路廊228連假車流驚人 3天連假交通量史上新高
https://news.ltn.com.tw/news/life/breakingnews/3085509,228連假蘇花自駕多 搭火車旅客較去年少近萬人
https://ec.ltn.com.tw/article/breakingnews/3041142,《CEO開講》蔡宗易：日月潭是標竿 拚觀光就要學它
https://news.ltn.com.tw/news/life/paper/1355690,避群聚改自駕 北宜高、蘇花路廊連假車流爆量
https://news.ltn.com.tw/news/life/breakingnews/3084879,憂群聚改自駕出遊？蘇花228南下車流多出往年近2倍
https://news.ltn.com.tw/news/life/paper/1355496,國五、蘇花改 今將湧北返車潮
https://news.ltn.com.tw/news/life/breakingnews/3084270,蘇花改午後湧現北返車潮 明恐爆大量從早塞到晚
https://news.ltn.com.tw/news/life/paper/1355302,連假車潮高峰 預估國道五號今南下北上都塞
https://news.ltn.com.tw/news/life/paper/1355267,兩樣情／疫情衝擊 機場冷清、國旅轉夯
https://news.ltn.com.tw/news/life/breakingnews/3083649,蘇花改打通商機 路過遊客湧入粉鳥林搶購現撈仔
https://news.ltn.com.tw/news/life/breakingnews/3083570,武漢肺炎》防疫優先 蘇花公路馬拉松確定延期
https://news.ltn.com.tw/news/life/breakingnews/3083495,塞！蘇花改南下車潮直逼春節 晚間8點後才能紓解
https://auto.ltn.com.tw/news/14791,228 連假首日 蘇花改湧現南下車潮沿線壅塞
https://news.ltn.com.tw/news/life/breakingnews/3082855,228連假首日 蘇花改湧現南下車潮沿線壅塞
https://news.ltn.com.tw/news/life/paper/1355090,蘇花改228連假疏運 警籲勿龜速
https://news.ltn.com.tw/news/life/breakingnews/3082228,228連假登場！宜警動員1900人次 籲烏龜車別當「路隊長」
https://news.ltn.com.tw/news/life/paper/1354822,居家檢疫亂跑 蘇花改車牌辨識系統抓得到
https://news.ltn.com.tw/news/life/paper/1354828,台九線大禹至玉里拓寬 最快6月動工
https://news.ltn.com.tw/news/life/breakingnews/3080832,檢疫者開車趴趴走 蘇花改這套系統抓得到
https://news.ltn.com.tw/news/life/paper/1354586,花蓮228連假住房率 突破疫情近客滿
https://news.ltn.com.tw/news/life/paper/1354527,228連假住房率衝9成 花蓮觀光業者笑了
https://news.ltn.com.tw/news/life/paper/1354584,228連假 國五實施高乘載管制
https://ec.ltn.com.tw/article/breakingnews/3079762,蘇花改通車不敵武漢肺炎疫情 花蓮遠雄悅來飯店推43折吸客
https://news.ltn.com.tw/news/life/breakingnews/3079528,228連假國5、蘇花改車流量 高公局估：第二天最大
https://news.ltn.com.tw/news/life/breakingnews/3079211,花蓮觀光業者終於笑了！228連假花蓮住房率衝9成
https://ec.ltn.com.tw/article/breakingnews/3078367,網紅辣妹穿比基尼展笑顏  為台東振興觀光
https://news.ltn.com.tw/news/life/paper/1353468,疫情衝擊載客率 北花線客運減班
https://news.ltn.com.tw/news/life/breakingnews/3073984,武漢肺炎》蘇花改通車1個多月 「北花線」客運減班
https://news.ltn.com.tw/news/life/paper/1353229,蘇花安路線 崇德村盼避開部落
https://news.ltn.com.tw/news/life/breakingnews/3073108,蘇花安預計119年通車 花蓮端居民盼路廊避開部落
https://news.ltn.com.tw/news/life/paper/1352985,漁界盼北移 南方澳跨港大橋設計暫停
https://news.ltn.com.tw/news/life/breakingnews/3071855,南方澳斷橋重建設計案喊卡 外界憂3年完工承諾跳票
https://news.ltn.com.tw/news/life/paper/1352714,花蓮秋冬遊補助 四波共申請2.6億
https://news.ltn.com.tw/news/life/paper/1351863,改建未完工 花蓮台九線太平溪橋先通行
https://auto.ltn.com.tw/news/14678,林佳龍：將邀機車族參與工作坊 討論大型重機行駛南迴改
https://news.ltn.com.tw/news/life/breakingnews/3065349,林佳龍：將邀機車族參與工作坊 討論大型重機行駛南迴改
https://art.ltn.com.tw/article/paper/1351250,【旅遊】手牽手甜蜜出遊─情人節旅遊提案
https://news.ltn.com.tw/news/life/paper/1351072,228連假訂房下滑 花蓮旅宿推優惠
https://news.ltn.com.tw/news/life/paper/1350808,上路27天 花蓮「30米路」號誌新制喊卡
https://news.ltn.com.tw/news/life/breakingnews/3062445,終結30米之亂！ 花蓮縣府坦言可有更細緻規劃
https://ec.ltn.com.tw/article/breakingnews/3059819,斥資1.5億 宜蘭一結工業區動土開發
https://news.ltn.com.tw/news/life/breakingnews/3059441,花蓮中央路車道號誌不改了  8日起恢復舊制
https://news.ltn.com.tw/news/life/paper/1349953,蘇花安說明會 18、19日舉行
https://news.ltn.com.tw/news/life/breakingnews/3058657,蘇花改大功告成 南澳鄉長盼「蘇花安」採高架防塞車
https://news.ltn.com.tw/news/life/paper/1349707,疫情衝擊 宜縣春節遊客較去年少14％
https://news.ltn.com.tw/news/life/paper/1349410,區間測速搶錢？ 交部︰事故減少逾半
https://news.ltn.com.tw/news/life/paper/1349210,蘇花改速限 公路總局擬調高至70公里
https://news.ltn.com.tw/news/life/paper/1349217,蘇花改速限 公路總局擬調高至70公里
https://news.ltn.com.tw/news/life/paper/1349211,速限60公里 警︰70公里內不罰
https://news.ltn.com.tw/news/life/breakingnews/3055338,油門輕輕一踩便超速 公路總局研議調高蘇花改速限
https://news.ltn.com.tw/news/life/breakingnews/3055406,蘇花改區間測速清明後上路 超速最多連吃5張罰單
https://news.ltn.com.tw/news/life/breakingnews/3055259,「開得好累」蘇花改速限60有寬限？警曝開罰基準
https://news.ltn.com.tw/news/life/paper/1348835,任期最後… 蕭美琴仍關心花蓮建設
https://news.ltn.com.tw/news/politics/breakingnews/3053105,蕭美琴今卸任立委 持續關心蘇花改限速、台9線拓寬
https://news.ltn.com.tw/news/life/paper/1348619,蘇花改通車 台鐵花蓮站春節日少3千人次
https://news.ltn.com.tw/news/life/breakingnews/3052767,天候影響 國道初二交通事故232件創歷史新高
https://news.ltn.com.tw/news/life/paper/1348435,春節疏運 蘇花改車流增兩成 車速不減
https://news.ltn.com.tw/news/life/breakingnews/3051564,蘇花改昨湧1.9萬輛車塞到清晨 估16:00車流恢復正常
https://news.ltn.com.tw/news/life/paper/1348354,國道北上昨爆最大車流量 今續壅塞
https://news.ltn.com.tw/news/life/breakingnews/3051260,慘！蘇花改、雪隧深夜還在塞 從花蓮回台北2大難關要闖
https://news.ltn.com.tw/news/life/breakingnews/3051151,初五收假日北返車潮將持續 蘇花改、台61竹北段恐壅塞
https://news.ltn.com.tw/news/life/breakingnews/3050817,初四返工車潮湧現 雪隧回堵6公里、花蓮還有3萬輛車待北返
https://news.ltn.com.tw/news/life/paper/1348275,蘇花改 初四恐再爆量
https://news.ltn.com.tw/news/life/breakingnews/3050507,今明湧現北返車潮 公路總局：多利用替代路線
https://news.ltn.com.tw/news/life/breakingnews/3050524,國5、蘇花改湧現北返車潮 雪隧回堵6公里恐塞到深夜
https://news.ltn.com.tw/news/life/breakingnews/3050395,花蓮現北返車潮 部份路段壅塞
https://news.ltn.com.tw/news/life/paper/1348189,春節車流 今最高峰
https://news.ltn.com.tw/news/life/breakingnews/3050036,板橋車站長途客運春節查核 1家業者不合格
https://news.ltn.com.tw/news/life/breakingnews/3049926,回娘家及出遊人車潮湧現 國5高乘載管制
https://news.ltn.com.tw/news/life/breakingnews/3049933,蘇花改南下交通恢復順暢 初三將湧現北返車潮
https://news.ltn.com.tw/news/life/paper/1348128,回娘家加出遊潮 今南下恐大塞車
https://news.ltn.com.tw/news/life/breakingnews/3049567,01/25 各報重點新聞一覽
https://news.ltn.com.tw/news/life/breakingnews/3049451,蘇花改南下清晨4點開始回堵 初一恐塞一整天
https://news.ltn.com.tw/news/life/breakingnews/3049172,除夕蘇花改南下花蓮順暢 尖峰期預估落在初一
https://ent.ltn.com.tw/news/breakingnews/3048912,過新年全家歡樂暢玩  遠雄海洋公園陪大家喜迎鼠年
https://art.ltn.com.tw/article/breakingnews/3048912,過新年全家歡樂暢玩  遠雄海洋公園陪大家喜迎鼠年
https://news.ltn.com.tw/news/life/breakingnews/3048643,春節連假首日車流量 蘇花改花蓮端順暢
https://playing.ltn.com.tw/article/18932,新北環狀線、台鐵美學觀光列車上路！2020年「最期待新列車」走春出遊更方便
https://playing.ltn.com.tw/article/18959,路過一定要朝聖！清水、蘇澳「全新國道服務區」還能體驗頭等艙按摩
https://ec.ltn.com.tw/article/paper/1347914,〈財經話題〉春節這樣玩
https://news.ltn.com.tw/news/life/breakingnews/3048155,春節初次走蘇花改別擔心走錯 「行車攻略」帶你熟悉路況
https://news.ltn.com.tw/news/life/breakingnews/3047936,春節假期蘇花改交通面臨考驗 最塞路段報你知
https://news.ltn.com.tw/news/life/breakingnews/3047698,春節出遊停車最惱人 花蓮縣府闢4千格免費停車位
https://news.ltn.com.tw/news/life/paper/1347670,返鄉潮今午湧現 雙鐵運能全開
https://news.ltn.com.tw/news/life/paper/1347720,花蓮金三角商圈 春節設哨疏導
https://playing.ltn.com.tw/article/19026,全台首座「機場膠囊旅館」超文青！緊鄰桃機最大觀景台、最低500元入住
https://news.ltn.com.tw/news/life/breakingnews/3046752,春節返鄉人車潮明下午開始湧現  雙鐵運能較去年增1成
https://playing.ltn.com.tw/article/19023,捷運環狀線吃遍「新北６大美食商圈」！幸福站消夜一條街、南洋風夜市必逛
https://news.ltn.com.tw/news/life/paper/1347443,蘇花改初一南下車潮 恐逾2.5萬輛次
https://news.ltn.com.tw/news/life/breakingnews/3046106,可能創下新高！ 蘇花改初一南下車流估2.5萬輛次起跳
https://news.ltn.com.tw/news/life/paper/1347154,明至除夕回暖 初一恐全台有雨
https://news.ltn.com.tw/news/life/paper/1347191,花蓮「機能型」義消成軍 搜救再升級
https://auto.ltn.com.tw/news/14523,蘇花改南下這 4 天最塞 公路總局公開春節地雷時段
https://news.ltn.com.tw/news/society/breakingnews/3044888,提升搜救量能！花蓮3大機能型義消分隊成軍
https://news.ltn.com.tw/news/life/breakingnews/3044832,蘇花改南下這4天最塞 公路總局公開春節地雷時段
https://ec.ltn.com.tw/article/breakingnews/3044336,全台最創意電塔在蘇花改！台電超敢玩 民眾設計成真
https://news.ltn.com.tw/news/life/paper/1346539,3省道新通車 公總列出尖峰易塞路段
https://ec.ltn.com.tw/article/breakingnews/3042774,比Google Maps還快！  台灣圖霸率先推出蘇花改圖資
https://news.ltn.com.tw/news/life/breakingnews/3042221,春節疏運將啟動 蘇揆點出易塞車高風險區
https://news.ltn.com.tw/news/life/breakingnews/3042157,省道新通車3路線 春節易塞路段曝光！蘇花改7處最多
https://playing.ltn.com.tw/article/18995,親子住宿新玩法！桃園「史努比主題飯店」巨型棒球藏樂園，球帽玩偶免費帶回家
https://ec.ltn.com.tw/article/paper/1346431,蘇花改通車 估帶進百億商機 遠雄悅來、海洋公園改裝迎客
https://news.ltn.com.tw/news/life/paper/1346304,《蘇花改減塞》蘇澳蘇港路 春節試辦大客車優先道
https://news.ltn.com.tw/news/life/breakingnews/3041290,蘇澳至蘇花改春節闢「大客車優先道」 去花蓮搭車比開車省30分
https://news.ltn.com.tw/news/life/paper/1346042,除夕至初四 宜蘭路邊停車免費
https://news.ltn.com.tw/news/life/breakingnews/3040366,蘇花改投票日交通順暢 春節疏運準備已完成
https://news.ltn.com.tw/news/life/paper/1345744,慢到盹龜？ 蘇花改半年後評估提高速限
https://news.ltn.com.tw/news/life/paper/1345792,春節疏運 蘇花路廊估初一、四最塞
https://news.ltn.com.tw/news/life/breakingnews/3039408,春節蘇花改哪天最塞？ 公路總局：南下初一、北上初四
https://news.ltn.com.tw/news/life/breakingnews/3038930,蘇花改提高速限？ 公路總局：暫估半年後提出評估
https://ec.ltn.com.tw/article/paper/1345444,一週大事（1月5日至11日）
https://news.ltn.com.tw/news/politics/breakingnews/3036739,牽徐榛蔚一起投票 傅崐萁：只有團結，花蓮才能贏
https://playing.ltn.com.tw/article/18981,網封「蘇花公路最美星巴克」！３間新特色門市喝咖啡也要拍照打卡
https://playing.ltn.com.tw/article/18972,麥當勞也漲了！４大餐飲速食業接連漲價　喝珍奶吃Buffet都變貴
https://ec.ltn.com.tw/article/paper/1345035,水泥廠變身／台泥DAKA園區開幕
https://news.ltn.com.tw/news/life/paper/1344908,春節連假 蘇花改預估初一最塞
https://news.ltn.com.tw/news/politics/breakingnews/3035334,宜花東3縣長凱道助講 徐榛蔚隻字未提立委選舉
https://ec.ltn.com.tw/article/breakingnews/3035261,蘇花改通車 第一站的亮點在這裏
https://ec.ltn.com.tw/article/breakingnews/3035225,台灣第一家！ 星巴克咖啡開進水泥廠
https://news.ltn.com.tw/news/life/breakingnews/3035085,蘇花改春節面臨長假考驗 預估大年初一最塞
https://playing.ltn.com.tw/article/18964,111投票後接著玩！隱藏版茶花隧道、年貨大街週末登場
https://playing.ltn.com.tw/article/18969,蘇花改通車、秋冬補助延長！全台10間「飯店優惠懶人包」還能免費再住一晚
https://playing.ltn.com.tw/article/18968,蘇花改、南迴改通車！網友推爆台灣最成功建設「還有它」：西部生活圈超方便！
https://news.ltn.com.tw/news/life/paper/1344628,蘇花改機車通行？ 公路總局︰年中完成評估
https://ec.ltn.com.tw/article/paper/1344763,市場派再出招 要求大同董事會停權
https://auto.ltn.com.tw/news/14433,蘇花改何時開放機車通行？公路總局：年中完成評估
https://news.ltn.com.tw/news/life/breakingnews/3033859,蘇花改何時開放機車通行？公路總局：年中完成評估
https://news.ltn.com.tw/news/life/breakingnews/3033703,蘇花改全線通車後 昨4部機車擅闖挨罰
https://news.ltn.com.tw/news/life/paper/1344373,蘇花改通車一天 飆出74張紅單
https://news.ltn.com.tw/news/politics/breakingnews/3032862,與徐榛蔚開直播！韓國瑜寫千字文心得 傅崐萁這樣說
https://ent.ltn.com.tw/news/breakingnews/3032965,趕搭蘇花改通車熱潮  飯店、旅行業者推優惠搶攻商機
https://art.ltn.com.tw/article/breakingnews/3032965,趕搭蘇花改通車熱潮  飯店、旅行業者推優惠搶攻商機
https://news.ltn.com.tw/news/life/breakingnews/3032645,3公路建設通車選舉考量？林佳龍：便利民眾春節返鄉為何不做
https://news.ltn.com.tw/news/life/breakingnews/3032587,蘇花改「和中段」禁行大貨車 通車首日開出1罰單
https://playing.ltn.com.tw/article/18957,海景第一排露營趣！花蓮入住「豪華帳篷」玩沙戲水、拍月亮鞦韆！
https://news.ltn.com.tw/news/politics/breakingnews/3032463,韓國瑜、徐榛蔚直播助傅崐萁？ 陳建仁：國民黨問題是不團結
https://news.ltn.com.tw/news/life/breakingnews/3032302,不熟悉？蘇花改通車 24小時內開出56張超速罰單
https://news.ltn.com.tw/news/life/paper/1344113,蘇花改全線通車 蘇澳到花蓮省60分鐘
https://news.ltn.com.tw/news/life/paper/1344158,蘇花改英雄 中風仍堅守崗位
https://news.ltn.com.tw/news/life/paper/1344160,蘇花改客運乘客︰車況穩海景美
https://news.ltn.com.tw/news/life/paper/1344155,宜蘭東澳至南澳 蘇花改最大瓶頸
https://news.ltn.com.tw/news/politics/paper/1344255,完成蘇花改 蕭美琴續推蘇花安
https://news.ltn.com.tw/news/life/paper/1344118,蘇花改全線通 蘇揆：持續推動蘇花安／歷經3228天施工 用路人鳴喇叭向交管人員致敬
https://news.ltn.com.tw/news/politics/paper/1344254,蘇貞昌挺蕭美琴 續留國會衝衝衝
https://news.ltn.com.tw/news/life/paper/1344159,春節訂房率近9成 花蓮拚滿房
https://news.ltn.com.tw/news/life/paper/1344156,憂坪林化 宜蘭旅遊業者促因應
https://news.ltn.com.tw/news/life/paper/1344157,蘭博展出「蘇花紀行」 貫通石助陣
https://news.ltn.com.tw/news/politics/breakingnews/3031888,晚上繼續衝衝衝！ 蘇貞昌陪張宏陸車隊掃街
https://news.ltn.com.tw/news/life/breakingnews/3031899,蘇花改通車》做到中風仍堅守崗位 坑夫領班讓蘇揆也欽佩
https://news.ltn.com.tw/news/life/breakingnews/3031834,蘇花改通車》客運首發車抵花蓮 乘客讚：車穩、海景美
https://news.ltn.com.tw/news/life/breakingnews/3031759,國5春節單日車潮上看5萬輛次 南港到蘇澳估增至2小時
https://estate.ltn.com.tw/article/8883,等了9年！蘇花改今日通車 台北花蓮縮短1小時
https://news.ltn.com.tw/news/life/breakingnews/3031665,蘇花改通車》東澳-南澳還是走舊路...最大瓶頸在這裡 
https://ec.ltn.com.tw/article/breakingnews/3031699,中華電信助攻   蘇花改正式通車
https://news.ltn.com.tw/news/life/breakingnews/3031666,蘇花改通車》阿北搶「頭香」 專程等3小時南下
https://news.ltn.com.tw/news/life/breakingnews/3031630,蘇花改全線通車 首批北上駕駛長鳴喇叭向施工人員致敬
https://news.ltn.com.tw/news/life/breakingnews/3031548,北花國道客運進駐南港轉運站 初期推半價優惠
https://news.ltn.com.tw/news/life/breakingnews/3031588,學者預警蘇花改假日出現漏斗效應 林佳龍：戒慎恐懼
https://news.ltn.com.tw/news/life/breakingnews/3031477,這個也能扭 蘇花改貫通石變身扭蛋
https://news.ltn.com.tw/news/life/breakingnews/3031419,蘇花改、南迴改接續通車 花蓮春節訂房率近9成
https://news.ltn.com.tw/news/life/breakingnews/3031379,蘇花改通車穿透性強 宜蘭人好揪結…
https://news.ltn.com.tw/news/politics/breakingnews/3031366,蘇貞昌巡禮蘇花改 助選蕭美琴續留國會
https://news.ltn.com.tw/news/life/breakingnews/3031224,歷經3228天完成最後一哩路 蘇揆宣布蘇花改全線通車
https://news.ltn.com.tw/news/life/breakingnews/3030738,蘇花改今通車 長隧道多通過至少得花13分
https://news.ltn.com.tw/news/life/paper/1343892,蘇花改今通車 慎防漏斗效應
https://news.ltn.com.tw/news/life/paper/1343893,蘇花改效應／藍色公路擬撤出 航空業嚴陣以待
https://news.ltn.com.tw/news/life/paper/1343919,蘇花改今通車 觀音、谷風隧道估開13分鐘
https://news.ltn.com.tw/news/politics/paper/1344003,本週熱點
https://news.ltn.com.tw/news/life/paper/1343920,長隧道開車易疲勞 睡飽再上路
https://news.ltn.com.tw/news/life/breakingnews/3030801,蘇花改明全線通車 沿線高架橋、隧道最新畫面曝光
https://auto.ltn.com.tw/news/14410,蘇花改通車恐現「棄搭效應」？台鐵估轉搭客運數量最多2％
https://news.ltn.com.tw/news/life/breakingnews/3030531,花蓮春節返鄉專車、台鐵加班車 1/7同步開放訂票
https://news.ltn.com.tw/news/life/breakingnews/3030275,蘇花改通車恐現「棄搭效應」？台鐵估轉搭客運數量最多2％
https://news.ltn.com.tw/news/life/breakingnews/3030271,蘇花改通車「雪上加霜」？業者擬撤出蘇花藍色公路
https://news.ltn.com.tw/news/life/paper/1343701,蘇花改明通車 客運業者半價搶客
https://news.ltn.com.tw/news/life/paper/1343702,花蓮估人潮多3成 宜蘭憂淪中繼站
https://news.ltn.com.tw/news/life/paper/1343734,蘇花改明通車 宜花公車同步上路
https://news.ltn.com.tw/news/life/breakingnews/3029920,蘇花改通車搶客！北花客運半價 花蓮─羅東公車免費
https://auto.ltn.com.tw/news/14403,花東民眾利多 蘇貞昌 6 日主持蘇花改通車
https://news.ltn.com.tw/news/life/breakingnews/3029600,花東民眾利多 蘇貞昌6日主持蘇花改通車
https://news.ltn.com.tw/news/life/breakingnews/3029559,配合蘇花改通車 「羅東～花蓮」市區公車6日同步上路
https://news.ltn.com.tw/news/life/paper/1343545,蘇花改1.6通車 花蓮春節分流備戰
https://news.ltn.com.tw/news/life/paper/1343546,中仁、仁水隧道 區間測速
https://news.ltn.com.tw/news/life/paper/1343288,春節7天連假 國道0~5時時免收費
https://news.ltn.com.tw/news/politics/paper/1343327,花蓮立委選將政見會 聚焦國道6號興建
https://ent.ltn.com.tw/news/breakingnews/3028196,好康優惠別錯過！  返鄉投票免費住日暉
https://art.ltn.com.tw/article/breakingnews/3028196,好康優惠別錯過！  返鄉投票免費住日暉
https://news.ltn.com.tw/news/life/breakingnews/3027794,蘇花改通車估東部春節車潮增 尖峰時段北上恐塞到隔日凌晨
https://news.ltn.com.tw/news/politics/breakingnews/3027325,郭子乾模仿蘇揆為蕭美琴輔選 懇託選民「衝衝衝」
https://news.ltn.com.tw/news/life/breakingnews/3026140,蘇花改今防災演練 下週一下午4點如期全線通車
https://ec.ltn.com.tw/article/breakingnews/3025869,中興工程：蘇花改和中大清水段通車倒數 1/6全線開放
https://news.ltn.com.tw/news/life/paper/1342632,蘇花改將通車 國5蘇澳服務區開幕
https://news.ltn.com.tw/news/life/breakingnews/3025170,蘇花改環評調查失真？環保署強調符合規定：持續檢討
https://ec.ltn.com.tw/article/breakingnews/3024787,搶蘇花改商機 全家搶下國道蘇澳服務區6年經營權
https://news.ltn.com.tw/news/life/breakingnews/3024701,國5蘇澳服務區開幕 設計成「大船入港」宛如豪華郵輪
https://news.ltn.com.tw/news/life/breakingnews/3024618,蘇花改環評調查遭疑作假 公路總局：兩項調查範圍、時間長短都不同
https://news.ltn.com.tw/news/life/breakingnews/3024574,蘇花改環評生態調查玩假的？特生中心：人力和專業都有差
https://news.ltn.com.tw/news/life/breakingnews/3024325,蘇花改環評調查失真？物種數量差真多、2年暴增數倍
https://news.ltn.com.tw/news/life/paper/1342009,蘇花改通車 花蓮觀光可望增三成
https://news.ltn.com.tw/news/politics/paper/1342011,改善花蓮交通 蕭美琴：促成前瞻經費通過
https://news.ltn.com.tw/news/life/breakingnews/3022535,蘇花改將全線通車 蘇澳服務區12/30正式營運
https://talk.ltn.com.tw/article/breakingnews/3022306,深思熟綠》別再戰幾輪族：交通也要平權
https://news.ltn.com.tw/news/politics/breakingnews/3021981,遭指阻擋交通建設 蕭美琴：花蓮人的渴望不應淪為政治操弄
https://news.ltn.com.tw/news/life/paper/1341747,北花客運上路在即 新車「回遊號」亮相
https://news.ltn.com.tw/news/life/breakingnews/3021267,客運導入美學設計 林佳龍:：未來要擴大
https://news.ltn.com.tw/news/life/breakingnews/3021217,「一直在與大海奮戰」 南迴改影片催人熱淚
https://ent.ltn.com.tw/news/breakingnews/3021494,遠雄海洋遊樂設施再升級  遊玩花蓮體驗新玩意
https://art.ltn.com.tw/article/breakingnews/3021494,遠雄海洋遊樂設施再升級  遊玩花蓮體驗新玩意
https://news.ltn.com.tw/news/life/breakingnews/3021340,蘇花改通車估花蓮觀光客增3成 業者搶推住宿、入園優惠 
https://news.ltn.com.tw/news/life/breakingnews/3020815,北花客運來了！ 統聯下午1點開放訂票 首都、北客12/31開放
https://news.ltn.com.tw/news/life/breakingnews/3020774,北花客運11輛「回遊號」1/6起營運 米白簡約風搶先看！
https://news.ltn.com.tw/news/life/paper/1341495,蘇花改、蘇花安小檔案
https://news.ltn.com.tw/news/life/paper/1341488,正妹高材生 投身蘇花改
https://news.ltn.com.tw/news/life/paper/1341492,蘇花改1/6日通車 長隧道科技執法／未保持安全車距、違規變換車道、車輛誤闖 明年4月起取締
https://news.ltn.com.tw/news/life/paper/1341494,蘇花改通車幕後功臣／建中畢業生、補習班小開 上前線磨練
https://news.ltn.com.tw/news/life/paper/1341493,交部再推蘇花安計畫 投入359億改善3路段
https://news.ltn.com.tw/news/life/breakingnews/3020485,「蘇花安」可行性已獲核定 未來11年將投入359億
https://news.ltn.com.tw/news/life/breakingnews/3020355,蘇花改》年輕大功臣！台大正妹下工地 建中畢業不升學  
https://news.ltn.com.tw/news/life/breakingnews/3020013,蘇花改4長隧道加裝科技執法設備 可取締未保持車距
https://news.ltn.com.tw/news/life/breakingnews/3018919,花蓮批中央漠視交通建設 公路總局澄清
https://auto.ltn.com.tw/news/14305,南迴改隧道禁入 機車及紅黃牌重機車友拉布條抗議
https://news.ltn.com.tw/news/life/breakingnews/3018086,南迴改隧道禁入 機車及紅黃牌重機車友拉布條抗議
https://news.ltn.com.tw/news/politics/paper/1340803,花蓮選將 耶誕應景造勢拚人氣
https://news.ltn.com.tw/news/life/paper/1340768,「南迴改」今通車 隧道名稱搞不定
https://news.ltn.com.tw/news/life/breakingnews/3015776,12/21 各報重點新聞一覽
https://news.ltn.com.tw/news/life/paper/1340366,蘇花改1/6全線通車
https://news.ltn.com.tw/news/life/paper/1340372,北花200分鐘可達 全票320元
https://news.ltn.com.tw/news/politics/breakingnews/3015419,親自上陣回覆網友疑難 蕭美琴：花蓮絕對有進步的力量！
https://news.ltn.com.tw/news/life/breakingnews/3015295,蘇花改1/6通車 首都、台北客運公布票價
https://news.ltn.com.tw/news/politics/breakingnews/3015224,蘇花改晚1天通車挨批 卓榮泰：信任專業
https://auto.ltn.com.tw/news/14281,蘇花改 1/6 通車 宜花間可省逾1小時、長隧道裝區間測速
https://news.ltn.com.tw/news/life/breakingnews/3014996,蘇花改1/6通車 宜花間可省逾1小時、長隧道裝區間測速
https://news.ltn.com.tw/news/life/breakingnews/3014968,確定了！蘇花改預定明年1/6全線通車
https://ec.ltn.com.tw/article/breakingnews/3014548,日、韓兩國際品牌海外展店 跳過台北落腳花蓮新天堂樂園
https://news.ltn.com.tw/news/life/paper/1339930,《工程處︰不會貿然通車》蘇花改 明年1.5達通車標準
https://news.ltn.com.tw/news/politics/paper/1340013,立委選情初探／花蓮縣選區》蕭美琴強打建設牌 黃啟嘉守正藍鐵票 傅崐萁喊打通國六
https://news.ltn.com.tw/news/life/breakingnews/3012415,蘇花改搶通車趕選舉？ 工程處一早澄清：不會貿然通車
https://news.ltn.com.tw/news/life/paper/1339696,台九線「南迴改」縮減廿公里 全台最長公路退位
https://news.ltn.com.tw/news/life/breakingnews/3011577,南迴改23日通車縮減近20K 向全台最長公路說掰掰
https://news.ltn.com.tw/news/life/paper/1339470,擴充消防戰力 花蓮引進52米雲梯車
https://news.ltn.com.tw/news/society/breakingnews/3010525,東部最高雲梯車啟用 花蓮新增23台各式消防車
https://news.ltn.com.tw/news/politics/paper/1339229,花蓮》綠擋交通建設? 蕭美琴︰早爭取到經費
https://news.ltn.com.tw/news/politics/breakingnews/3010028,民進黨擋花蓮交通建設？蕭美琴斥傅崐萁抹黑
https://news.ltn.com.tw/news/life/paper/1339044,蘇花改馬拉松 選手一生跑一次
https://news.ltn.com.tw/news/life/breakingnews/3009180,一輩子只跑這一次！ 蘇花改馬拉松6000人參與
https://news.ltn.com.tw/news/life/breakingnews/3008251,蘇花改通車日近了...警用BMW進駐蓄勢待發
https://news.ltn.com.tw/news/life/paper/1338146,台九線玉里三軒至大禹路段拓寬又展延 民批古法製造
https://news.ltn.com.tw/news/life/breakingnews/3004897,機車通行長隧道？ 林佳龍邀民間代表加入評估
https://news.ltn.com.tw/news/life/breakingnews/3004472,87年來首次封路辦路跑  蘇花公路馬拉松明年322登場
https://news.ltn.com.tw/news/politics/breakingnews/3002391,有夢最美？傅崐萁：台灣零出資 2年貫通中央山脈
https://news.ltn.com.tw/news/politics/paper/1337239,呂國華、陳歐珀 同促蘇花改開放機車
https://news.ltn.com.tw/news/life/breakingnews/3000508,立委選將籲蘇花改開放機車 公路總局：未開放就已有車禍
https://news.ltn.com.tw/news/politics/breakingnews/3000463,呂國華爭「道路平權」 促蘇花改開放機車通行
https://news.ltn.com.tw/news/politics/breakingnews/2998958,蘇花改明年1月5日通車  陳其邁指示做好防災演練 
https://playing.ltn.com.tw/article/9803,落日大道、無敵海景...台灣票選十大最美公路一次看
https://news.ltn.com.tw/news/life/breakingnews/2998245,落日餘暉、無敵海景...台灣票選十大最美公路一次看
https://news.ltn.com.tw/news/life/paper/1336468,蘇花改1月全通 北-花客運320~350元／行車時間預估3.5小時 統聯首月半票優惠
https://news.ltn.com.tw/news/life/breakingnews/2997587,蘇花改1月全線通車 南港─花蓮、板橋─花蓮客運票價出爐
https://news.ltn.com.tw/news/life/paper/1336194,「花東快」重現生機？ 交部明年重啟評估
https://news.ltn.com.tw/news/life/paper/1336199,「花東快」重啟 地方樂見、學者保留／李克聰：台九線陸續拓寬 應考量新路線對環境衝擊與經濟效益
https://news.ltn.com.tw/news/life/breakingnews/2995954,花東快速道路計畫 交通部：明年啟動可行性評估
https://news.ltn.com.tw/news/life/paper/1335991,國五接蘇花改 交通部政次︰非蘇花高「復辟」
https://news.ltn.com.tw/news/life/breakingnews/2995463,國5連接蘇花改被質疑蘇花高復活？交通部這麼說
https://news.ltn.com.tw/news/politics/breakingnews/2992224,蘇貞昌露臉了！政院公佈主持院會影片駁住院
https://news.ltn.com.tw/news/life/breakingnews/2992162,蘇貞昌：未納入蘇花改路段 核定後大力支持、落實承諾
https://news.ltn.com.tw/news/politics/paper/1335193,徐榛蔚無視黨紀 陪傅崐萁掃街
https://news.ltn.com.tw/news/politics/breakingnews/2991697,傅崐萁競總成立「韓國瑜沒來」 韓五虎將代表參加
https://news.ltn.com.tw/news/life/paper/1334613,迎接北花國道客運 火車站前租候車空間
https://news.ltn.com.tw/news/life/paper/1333764,蘇花公路「最美路段」 明年首辦路跑
https://news.ltn.com.tw/news/life/breakingnews/2984843,跑在山崖賞蔚藍太平洋！蘇花公路「最美路段」明年首辦路跑
https://news.ltn.com.tw/news/politics/paper/1333491,登記拚連任 蕭美琴︰不能只有一種聲音
https://news.ltn.com.tw/news/life/breakingnews/2984593,留住偏遠客運路線 虧損補貼放寬
https://news.ltn.com.tw/news/politics/breakingnews/2983760,蕭美琴登記參選   有信心打敗傅崐萁
https://news.ltn.com.tw/news/life/paper/1333262,蘇花改工程便道 成獼猴往返「捷徑」
https://news.ltn.com.tw/news/life/breakingnews/2983167,蘇花改維修便道變猴子捷徑 專家大讚聰明：適應力很強
https://news.ltn.com.tw/news/life/breakingnews/2983127,猴塞雷！蘇花改維修便道 變猴子穿越溪谷捷徑
https://news.ltn.com.tw/news/life/paper/1333012,蘇花改明年1月5日通車 議員促交通、產業因應
https://news.ltn.com.tw/news/life/paper/1332747,蕭美琴拚立委連任 出刊「向你報告」
https://news.ltn.com.tw/news/life/paper/1332328,最美公路票選 宜縣白米景觀橋衝第四
https://news.ltn.com.tw/news/life/breakingnews/2978692,哪條是心裡最美道路？宜蘭這4條道路入選「最美公路」票選
https://news.ltn.com.tw/news/life/paper/1332109,蘇花安計畫 蕭美琴促保障行的安全
https://news.ltn.com.tw/news/life/paper/1332075,南方澳新橋造型 處處可見鯖魚元素
https://news.ltn.com.tw/news/life/breakingnews/2978088,南方澳新橋重建造型曝光！ 像隻跨港「鯖魚」
https://news.ltn.com.tw/news/life/paper/1331798,國五銜接蘇花改 啟動可行性評估／規劃在白米高架橋、東澳隧道間 評選可行路廊及銜接區
https://news.ltn.com.tw/news/life/paper/1331838,《交通部端出多項重大建設》林佳龍：過去中央失職 現在「補課」
https://news.ltn.com.tw/news/life/breakingnews/2976391,交通部選前放利多？林佳龍稱過去中央失職 他現在「補課」
https://news.ltn.com.tw/news/life/breakingnews/2976327,國5銜接蘇花改啟動可行性研究 原國5銜接台9線案將暫停
https://news.ltn.com.tw/news/life/breakingnews/2973222,再推國6貫穿中央山脈 傅崐萁：「300度一樣可以穿越」
https://news.ltn.com.tw/news/life/paper/1329922,交部不滿南方澳斷橋懲處名單 退回重議
https://news.ltn.com.tw/news/life/breakingnews/2968028,退回南方澳大橋懲處名單 黃玉霖：月底前會重新提出
https://news.ltn.com.tw/news/life/paper/1329713,南方澳斷橋完成拆除 重建啟動
https://news.ltn.com.tw/news/life/breakingnews/2967039,大功告成！2000噸南方澳斷橋27天拆光
https://news.ltn.com.tw/news/politics/breakingnews/2965828,蘇花改通車被批政策買票 蘇揆：執政有效率、明年才能通車
https://news.ltn.com.tw/news/life/breakingnews/2964910,11/02 各報重點新聞一覽
https://news.ltn.com.tw/news/life/paper/1328999,蔡總統：蘇花改 明年1/5全線通車
https://news.ltn.com.tw/news/life/paper/1329006,交部再推蘇花安計畫 盼119年完成
https://news.ltn.com.tw/news/life/paper/1329005,最後一哩路 蘇花改進度逾9成
https://news.ltn.com.tw/news/politics/paper/1329043,加持蕭美琴 總統︰花蓮最努力立委
https://news.ltn.com.tw/news/life/breakingnews/2964520,蘇花改明年1/5全線通車 交通部再推蘇花安計畫
https://news.ltn.com.tw/news/politics/breakingnews/2964319,花蓮有史以來最認真立委 小英有信心蕭美琴將順利連任
https://news.ltn.com.tw/news/life/breakingnews/2964348,蔡英文臉書宣布：明年1/5 蘇花改如期全線通車
https://news.ltn.com.tw/news/life/breakingnews/2964236,蘇花改進度逾9成 蔡英文：明年春節前一定給東部民眾好消息
https://news.ltn.com.tw/news/politics/breakingnews/2963996,韓國瑜開「政府補貼學貸利息」支票 蔡總統：利率去年已調降
https://news.ltn.com.tw/news/life/paper/1328563,南方澳斷橋 交通部促十一月五日前拆完
https://news.ltn.com.tw/news/life/breakingnews/2962074,南方澳斷橋事發滿月  交通部要求11/5前完成斷橋拆除
https://news.ltn.com.tw/news/life/paper/1328326,蘇花改3客運未停蘇澳轉運站 地方反彈
https://news.ltn.com.tw/news/life/breakingnews/2960992,蘇花改3客運路線均未停靠蘇澳轉運站 地方發出怒吼
https://news.ltn.com.tw/news/life/paper/1327615,花蓮火車站—水源村 公車新路線上路
https://sports.ltn.com.tw/news/breakingnews/2958599,路跑》2019蘇花改南澳通車馬拉松 再加開報名千人
https://news.ltn.com.tw/news/life/paper/1326650,宜縣府支持延伸 民宿憂旅客不過夜
https://news.ltn.com.tw/news/life/breakingnews/2954493,高鐵東延宜蘭帶來觀光財？ 中小型飯店、民宿憂反遭吞噬
https://news.ltn.com.tw/news/life/paper/1325980,蘇花改將通車 加開羅東往花蓮公車
https://news.ltn.com.tw/news/life/breakingnews/2951238,蘇花改明年全線通車 宜縣將加開羅東往返花蓮市區公車路線
https://news.ltn.com.tw/news/life/paper/1325067,蘇花改收尾 隧道通風機抵台
https://news.ltn.com.tw/news/life/paper/1325068,《今、明上午10到11點救災演練》蘇澳到東澳段全線封閉
https://news.ltn.com.tw/news/life/breakingnews/2946963,蘇花改救災演練！明後天上午10～11點 蘇澳到東澳段封閉
https://news.ltn.com.tw/news/life/breakingnews/2946887,隧道通風機空運來台 蘇花改將完成全線通車最後一哩路
https://news.ltn.com.tw/news/life/breakingnews/2944730,國慶收假日 蘇花改、蘇花公路估午後湧車潮
https://news.ltn.com.tw/news/life/paper/1324167,東澳隧道「童聲版」廣播 駕駛讚有效
https://news.ltn.com.tw/news/life/breakingnews/2943426,蘇花改「童聲版」隧道廣播 駕駛人回神大讚「這招有效」
https://news.ltn.com.tw/news/life/paper/1323719,花蓮轉運站設前站 議員憂交通亂
https://news.ltn.com.tw/news/life/paper/1323488,雙十連假前三天 國五0到5點免收費
https://news.ltn.com.tw/news/life/paper/1323452,全台103座危橋 交部商討即刻派修
https://news.ltn.com.tw/news/life/breakingnews/2940336,安全第一！南方澳跨港大橋重建改用「鋼筋混凝土」
https://news.ltn.com.tw/news/life/breakingnews/2940098,南方澳斷橋》交通部找來蘇花改團隊重建、造價估5.2億
https://news.ltn.com.tw/news/life/paper/1322752,南方澳斷橋》9日拆斷橋 先處理300噸橋拱
https://news.ltn.com.tw/news/life/paper/1322095,15智慧公車觀光站牌 花蓮啟用
https://news.ltn.com.tw/news/life/breakingnews/2933672,花蓮智慧站牌上路 4客運新路線整合納入
https://estate.ltn.com.tw/article/8301,台開跨界投資航運 今啟動蘇澳首航花蓮
https://news.ltn.com.tw/news/politics/breakingnews/2926351,力挺兄弟做事！ 傅崐萁挺韓勤走各縣市
https://news.ltn.com.tw/news/life/paper/1319937,蘇花改「絕版」貫通石 「蘭博」扭蛋轉得到
https://news.ltn.com.tw/news/life/paper/1319985,蘇花改貫通石 來蘭博百元帶回家
https://news.ltn.com.tw/news/life/paper/1319989,花蓮新興路拓寬工程 進度近四成
https://news.ltn.com.tw/news/life/paper/1319533,蘇花改明年通車 花蓮擬增4條客運線
https://news.ltn.com.tw/news/life/breakingnews/2914802,連假宜警忙疏導交通 國5往宜蘭至中午車流未歇
https://news.ltn.com.tw/news/life/paper/1316968,爭取高鐵東延 林姿妙盼蘇揆關心宜蘭
https://news.ltn.com.tw/news/life/breakingnews/2911172,高鐵可望南延 林姿妙續爭取延伸：盼蘇院長多關心宜蘭
https://news.ltn.com.tw/news/life/breakingnews/2910865,中橫青山上線復建可行性評估 交部政次黃玉霖現場踏勘
https://news.ltn.com.tw/news/life/breakingnews/2908414,2.5億元智慧公路你來規劃！公路總局辦比賽蒐集民間創意
https://news.ltn.com.tw/news/life/breakingnews/2888895,找人氣演員加持 公路總局形象微電影《心的公路》今首播
https://news.ltn.com.tw/news/life/breakingnews/2885467,西高鐵東快鐵 林佳龍：環島一日生活圈漸成形
https://news.ltn.com.tw/news/life/breakingnews/2884564,台鐵上半年客運量創新高  每日平均64.5萬人次
https://news.ltn.com.tw/news/life/paper/1309742,蘇花改仁水隧道南口施工 明起交管
https://news.ltn.com.tw/news/life/breakingnews/2876857,統一發票盃路跑賽移師花蓮 免費報名還抽電動機車
https://news.ltn.com.tw/news/life/paper/1308794,蘇花改進度92％ 蘇揆視察仁水隧道
https://news.ltn.com.tw/news/life/paper/1308743,去年觀光外匯4132億 4年來首度正成長
https://news.ltn.com.tw/news/life/breakingnews/2875788,蘇花改掀警備競賽？花蓮擁「瑞典戰車」 宜蘭派「德國寶馬」應戰
https://news.ltn.com.tw/news/politics/breakingnews/2875841,花蓮憂中客自由行限縮 蘇貞昌：早有因應
https://news.ltn.com.tw/news/life/breakingnews/2875737,視察蘇花改仁水隧道 蘇揆見證完工前最後一哩路
https://news.ltn.com.tw/news/life/breakingnews/2874529,蘇花改全線通車提前到明年1/5 傳有這個特殊考量？
https://news.ltn.com.tw/news/life/breakingnews/2869166,蘇花改路跑紀念衫竟印「Chinese Taipei」 主辦單位：網站放錯圖
https://news.ltn.com.tw/news/life/paper/1307106,蘇花改南澳段馬拉松 報名
https://news.ltn.com.tw/news/life/paper/1307105,隧道機電試運轉 蘇花改拚明年1/5 通車
https://news.ltn.com.tw/news/life/breakingnews/2868286,蘇花改明年1/5全線通車  12月2馬拉松賽暖場
https://news.ltn.com.tw/news/life/breakingnews/2868169,蘇花改將完成最後一哩路 預計明年1/5全線通車
https://news.ltn.com.tw/news/society/breakingnews/2864730,不知前方沒有路？小轎車衝出蘇花改 飛10公尺「迫降」排水溝
https://talk.ltn.com.tw/article/paper/1306001,自由廣場》高耗碳公路改直鐵 對生態正面
https://news.ltn.com.tw/news/life/paper/1304936,蘇花公路設落石告警系統 展開測試
https://news.ltn.com.tw/news/life/breakingnews/2853526,國內知名露營地宜蘭縣南澳農場 8/1日開始收費
https://news.ltn.com.tw/news/life/breakingnews/2849024,交通影響救災 徐榛蔚：花蓮需改善道路建設
https://news.ltn.com.tw/news/life/paper/1299873,少一橫 粉鳥林漁港變成粉「烏」林
https://news.ltn.com.tw/news/local/paper/1298106,花蓮拚聯外交通 議長盼柯P支持
https://news.ltn.com.tw/news/politics/breakingnews/2831030,花東車禍死亡率全國第一 柯文哲：交通基礎建設要做好
https://news.ltn.com.tw/news/local/paper/1295036,韓國瑜喊國6延花東 蕭美琴批空頭支票
https://news.ltn.com.tw/news/politics/breakingnews/2817982,韓國瑜打穿中央山脈通花蓮？ 在地立委批：主張像發大財
https://news.ltn.com.tw/news/life/breakingnews/2817784,打臉馬政府國6評估案？ 徐榛蔚：可以開國際標來做啊！
https://news.ltn.com.tw/news/focus/paper/1294937,酸國道六東延口號 蔡：韓應完整評估
https://news.ltn.com.tw/news/politics/breakingnews/2817041,韓國瑜要建環島高速公路？藍營人士怒：自以為是的落後概念
https://news.ltn.com.tw/news/life/breakingnews/2816886,國道6號通花蓮？ 網友：中央山脈宛如「嘆息之牆」難穿
https://news.ltn.com.tw/news/politics/breakingnews/2816599,韓國瑜開蘇花改2期支票 被公路總局打臉了...
https://news.ltn.com.tw/news/politics/breakingnews/2816558,韓國瑜開宜花東交通建設支票 交通部：已評估不可行
https://news.ltn.com.tw/news/politics/paper/1294671,花蓮造勢 韓喊建設不分城鄉
https://news.ltn.com.tw/news/politics/breakingnews/2816278,韓國瑜花蓮造勢 正式登記參加國民黨總統初選
https://news.ltn.com.tw/news/politics/breakingnews/2816235,徐榛蔚現身韓粉造勢會 表態支持韓國瑜選總統
https://news.ltn.com.tw/news/local/paper/1294391,國五北上 今明實施高乘載管制
https://news.ltn.com.tw/news/life/breakingnews/2815063,端午連假首日蘇花改上午交通順暢 下午可能有另一波車潮
https://news.ltn.com.tw/news/politics/breakingnews/2814524,韓國瑜挑端午連假造勢  花蓮人不滿：這時間點來亂的
https://news.ltn.com.tw/news/life/breakingnews/2814452,端午連假強碰韓國瑜8日花蓮造勢 易塞地雷時段看這裡
https://news.ltn.com.tw/news/society/breakingnews/2810005,宜蘭縣金岳瀑布傳溺水 34歲蘇花改工人送醫不治
https://news.ltn.com.tw/news/local/paper/1290549,蘇花改挖到泉脈 蘇澳規劃開發
https://news.ltn.com.tw/news/life/breakingnews/2798471,蘇花改挖隧道意外引出泉脈 地方盼打造「戲水天堂」
https://news.ltn.com.tw/news/local/paper/1290281,蘇花改將通車 花蓮客運轉運站沒著落
https://news.ltn.com.tw/news/society/breakingnews/2795516,陳屍2天才發現！宜蘭粉鳥林秘境驚傳遊客跌落礁石身亡
https://news.ltn.com.tw/news/local/paper/1289384,花蓮市新興路拓寬支線工程 封路改道
https://news.ltn.com.tw/news/life/breakingnews/2793516,花蓮禿山有救了？ 法院：金昌石礦應先做環差報告
https://news.ltn.com.tw/news/life/paper/1285789,大台北-花蓮直達客運 蘇花改全線通車後上路
https://news.ltn.com.tw/news/life/breakingnews/2777190,蘇花改大台北往返花蓮客運路線核定 未來凌晨也有車可往返
https://news.ltn.com.tw/news/local/paper/1285320,蘇花改最高排氣排煙隧道 貫通
https://news.ltn.com.tw/news/life/breakingnews/2774974,蘇花改最高排氣隧道貫通 仁水工程進度逾82％
https://news.ltn.com.tw/news/local/paper/1284368,花蓮春遊補助 林佳龍：加碼800萬
https://news.ltn.com.tw/news/life/breakingnews/2771198,林佳龍行銷花蓮春遊 加碼團體補助800萬
https://estate.ltn.com.tw/article/7363,力拚活化創新 台開宣布標售百億資產
https://news.ltn.com.tw/news/life/breakingnews/2762899,花蓮6.1強震撼全台 各地災情初步彙整
https://news.ltn.com.tw/news/local/paper/1282243,台九丁線禁大貨車 7.17起開罰
https://news.ltn.com.tw/news/life/breakingnews/2762398,公路隧道設自行車偵測系統 教練：確實較安全
https://news.ltn.com.tw/news/society/breakingnews/2762348,蘇花改谷風隧道傳氣爆工安？工程處：無人受傷不影響施工
https://news.ltn.com.tw/news/life/breakingnews/2761700,舊蘇花公路禁行大貨車勸導期再延3個月 7/17起開罰
https://news.ltn.com.tw/news/society/paper/1281347,重機環島 擦撞貨車 騎士彈進「火」車燒死
https://news.ltn.com.tw/news/local/paper/1279814,清明收假日 雪隧頭城端塞爆了
https://news.ltn.com.tw/news/life/paper/1279669,收假日估湧北返車潮 趁早出發可省時省錢
https://news.ltn.com.tw/news/life/breakingnews/2750755,大車注意！行駛台9丁須通行證、載運危險品 違者4/17起開罰
https://news.ltn.com.tw/news/local/paper/1279401,蘇花改宜蘭端3大隧道 將區間測速
https://news.ltn.com.tw/news/life/breakingnews/2750171,配合明年全線通車 蘇花改3隧道將設區間測速
https://news.ltn.com.tw/news/life/paper/1279217,連假首日 國五、蘇花改塞爆
https://news.ltn.com.tw/news/life/breakingnews/2749172,蘇花改車流下午紓解 明上午恐有另波南下車潮
https://news.ltn.com.tw/news/life/breakingnews/2748721,蘇花改南下車流爆大量 估下午3點才能紓解
https://news.ltn.com.tw/news/local/paper/1278699,清明連假國5、蘇花改避塞 管制時段報你知
https://news.ltn.com.tw/news/life/breakingnews/2746248,清明連假將啟動 國5、蘇花改塞車時段看這…
https://news.ltn.com.tw/news/society/breakingnews/2740025,蘇花改通車滿1年 雙向測速桿年「閃」2萬3800張罰單
https://news.ltn.com.tw/news/life/paper/1277072,蘇花改2測速桿 年拍2.38萬張、進帳3000萬
https://news.ltn.com.tw/news/life/breakingnews/2735202,要去南方澳觀景台 google導航多花25分鐘可能因為...
https://news.ltn.com.tw/news/life/breakingnews/2726919,台開投資花蓮 樂多坊積木旅館動土
https://news.ltn.com.tw/news/local/paper/1273877,蘇花和平崇德段 改善可行性研究啟動
https://news.ltn.com.tw/news/life/breakingnews/2725533,蘇花和平－崇德段可行性研究 明年10月出爐
https://news.ltn.com.tw/news/focus/paper/1273771,北─花客運新路線 業者搶著要
https://news.ltn.com.tw/news/life/breakingnews/2724250,蘇花改通車台北－花蓮客運新路線業者搶著要 至少4家申請
https://news.ltn.com.tw/news/local/paper/1272445,國五接台九 冬山擬設匣道出口
https://news.ltn.com.tw/news/life/breakingnews/2719369,國五銜接台九線 匣道出口方向擬改成冬山
https://news.ltn.com.tw/news/local/paper/1271942,立院交委會明到宜蘭 聚焦六大交通建設
https://news.ltn.com.tw/news/life/breakingnews/2716588,交委7日赴宜考察交通建設 林姿妙：中央重視就要推
https://news.ltn.com.tw/news/life/breakingnews/2715765,228連假國道「成績單」 嚴重壅塞減少21％
https://news.ltn.com.tw/news/local/paper/1271425,粉鳥林路塌損商機 宜蘭縣府：4月中修復
https://news.ltn.com.tw/news/life/breakingnews/2715138,粉鳥林沙灘道路崩塌快修復了 秘境美景最快4月中開放
https://news.ltn.com.tw/news/life/paper/1271059,今北返估爆最大量 上國道宜趁早
https://news.ltn.com.tw/news/life/breakingnews/2713463,國5北上紫爆 高公局估將塞車到深夜
https://news.ltn.com.tw/news/local/paper/1270791,林佳龍視察蘇花改 盼明年一月如期通車
https://news.ltn.com.tw/news/life/paper/1270809,國五今車流量最大 南下北上都會塞
https://news.ltn.com.tw/news/life/breakingnews/2712781,228連假 高公局預估國5明天從早塞到半夜
https://news.ltn.com.tw/news/life/breakingnews/2712509,228連假首日 交長林佳龍到蘇花改慰問施工團隊
https://news.ltn.com.tw/news/life/breakingnews/2712397,228連假國5紫爆 蘇花改也回堵
https://news.ltn.com.tw/news/local/paper/1270287,228連假國旅熱 花蓮訂房率達9成
https://news.ltn.com.tw/news/life/breakingnews/2710350,228連假首日蘇花改估清晨5點開始塞 「交通快打」嚴陣以待
https://news.ltn.com.tw/news/life/breakingnews/2710111,228連假國旅熱當頭 花蓮訂房率達9成
https://news.ltn.com.tw/news/life/breakingnews/2710072,蘇花改、南迴拓寬、西濱快 公總明年春節前3大工程完工通車
https://news.ltn.com.tw/news/life/breakingnews/2708843,暖冬補助春節加溫 900萬人次造訪台南 較高雄多一倍
https://news.ltn.com.tw/news/life/paper/1269797,暖冬補助春節加溫 台東、南投國旅人潮創新高／900萬人次造訪台南 較高雄450萬人次多一倍
https://ec.ltn.com.tw/article/breakingnews/2707117,蘇花改不到1年將通車  邱復生：將翻轉花蓮
https://news.ltn.com.tw/news/local/paper/1269131,228連假 蘇花改禁大貨車時段延長
https://news.ltn.com.tw/news/life/breakingnews/2705441,228連假 蘇花改大貨車管制時段延長
https://talk.ltn.com.tw/article/paper/1267961,自由廣場》高鐵延伸到宜蘭？
https://estate.ltn.com.tw/article/6928,2019重大建設 聚焦交通利多
https://news.ltn.com.tw/news/politics/breakingnews/2697681,林姿妙帶領縣府一級主管拜天公 祈求縣政順利推動
https://news.ltn.com.tw/news/local/paper/1266967,陳美伶返鄉 盼花蓮人勇於講英文
https://news.ltn.com.tw/news/life/breakingnews/2696758,雪隧塞車難解 林姿妙再提高鐵延伸宜蘭
https://news.ltn.com.tw/news/politics/breakingnews/2696350,國發會主委陳美伶訪花 期許花蓮人勇於「講英文」
https://news.ltn.com.tw/news/life/breakingnews/2694053,用路人注意！午後國道9大地雷路段將開始塞...
https://news.ltn.com.tw/news/life/breakingnews/2693715,蘇花路廊湧現北返車潮 塞車路段傍晚才能紓解
https://news.ltn.com.tw/news/life/paper/1266211,初二南下車流 國道爆大量
https://news.ltn.com.tw/news/life/breakingnews/2692853,國5明下午起連4天北上高乘載管制 估這天最塞...
https://news.ltn.com.tw/news/life/paper/1266155,初二回娘家 車潮壅塞天氣回暖
https://news.ltn.com.tw/news/life/breakingnews/2692441,通車一週年  蘇花改初一預估車流創第二高紀錄
https://news.ltn.com.tw/news/life/breakingnews/2692210,國5、蘇花改上午南下湧車潮  蘇花改入口處回堵4公里
https://news.ltn.com.tw/news/life/breakingnews/2691945,春節連假第3天 除夕雪隧、蘇花改上午順暢
https://news.ltn.com.tw/news/focus/paper/1266040,【春節交通】國道南下車潮已分流 除夕可順暢
https://news.ltn.com.tw/news/life/breakingnews/2691517,隧道廣播提醒行車安全 林佳龍親上陣
https://news.ltn.com.tw/news/life/breakingnews/2691442,連假第2天國5 蘇花改順暢 估初一後現車潮
https://news.ltn.com.tw/news/focus/paper/1265932,春節連假首日 國道全線順暢
https://news.ltn.com.tw/news/life/breakingnews/2690873,視察蘇澳交控中心 林佳龍：車流順暢是宣導有做好
https://news.ltn.com.tw/news/life/breakingnews/2690746,春節連假首日 國5、蘇花改上午順暢
https://news.ltn.com.tw/news/life/breakingnews/2690056,蘇花改明年初通車 大台北往返花蓮開放3國道客運路線
https://news.ltn.com.tw/news/life/breakingnews/2689057,春節9天連假 蘇花改面臨最長假期考驗
https://ent.ltn.com.tw/news/breakingnews/2688483,殺人償命組幫派關到死   改善治安有法寶 
https://news.ltn.com.tw/news/local/paper/1263751,蘇花東澳段車禍交管 機車暫行蘇花改
https://news.ltn.com.tw/news/local/paper/1263750,春節不施工 蘇花路廊雙向、雙線通車
https://news.ltn.com.tw/news/society/breakingnews/2681650,化學槽車翻覆 舊蘇花公路蘇澳-東澳段16:30恢復雙線通車
https://auto.ltn.com.tw/news/11784,春節9天連假繃緊神經！公路總局：有信心蘇花改尖峰維持40公里時速
https://news.ltn.com.tw/news/life/breakingnews/2682078,春節連假到宜蘭 搭客運便宜又快速
https://news.ltn.com.tw/news/life/breakingnews/2682023,春節9天連假繃緊神經！公路總局：有信心蘇花改尖峰維持40公里時速
https://news.ltn.com.tw/news/life/breakingnews/2681985,舊蘇花公路事故封閉 蘇花改15:00起兩時段開放機車通行
https://news.ltn.com.tw/news/local/paper/1263510,剩29公里 蘇花改拚明年1.10通車
https://news.ltn.com.tw/news/local/paper/1263514,關心兒少 蘇貞昌訪幸夫愛兒園
https://news.ltn.com.tw/news/life/breakingnews/2680815,蘇花改倒數352天！ 明年元月10日正式全線通車
https://news.ltn.com.tw/news/life/breakingnews/2678262,交通部宣布今年施政重點 南迴、西濱工程年底通車
https://estate.ltn.com.tw/article/6783,台開跨界合作百麗航運 打造花蓮蘇澳航線
https://news.ltn.com.tw/news/local/paper/1262054,省20分鐘 蘇花改開放大貨車通行
https://ec.ltn.com.tw/article/paper/1262185,慧洋結盟台開 打造台灣藍色公路
https://news.ltn.com.tw/news/life/breakingnews/2675330,蘇花改何時開放機車上路？ 公路總局這麼說…
https://news.ltn.com.tw/news/life/breakingnews/2674911,蘇花改開放大貨車首日 違規率36％
https://news.ltn.com.tw/news/life/breakingnews/2674331,等了11個多月 蘇花改蘇澳到東澳段今開放大貨車通行
https://news.ltn.com.tw/news/local/paper/1261826,蘇花改蘇澳到東澳段 今起大貨車通行
https://news.ltn.com.tw/news/life/breakingnews/2673482,21噸以上大貨車通行蘇花路廊 春節有管制時段
https://news.ltn.com.tw/news/life/paper/1261337,東澳-南澳等3路段 明年底決定是否納蘇花改
https://news.ltn.com.tw/news/local/paper/1261056,排煙超強 宜蘭縣新式水霧消防車曝光
https://news.ltn.com.tw/news/life/breakingnews/2670389,雪隧、蘇花改救災利器 水霧排煙車宜蘭首度曝光
https://news.ltn.com.tw/news/life/paper/1260180,蘇花改蘇澳-東澳 17日通行大貨車
https://news.ltn.com.tw/news/life/breakingnews/2666626,舊蘇花將轉型「太平洋景觀大道」 九宮里段極具觀光潛力
https://news.ltn.com.tw/news/life/breakingnews/2666533,配合蘇花改開放大貨車 舊蘇花將祭科技執法抓違規車
https://news.ltn.com.tw/news/life/breakingnews/2666237,交通部核定 蘇花改1/17開放大貨車通行
https://news.ltn.com.tw/news/life/breakingnews/2666183,久等了！1/17上午9點 大貨車將可開上蘇花改
https://news.ltn.com.tw/news/local/paper/1258744,大貨車走蘇花改 拚春節前開放
https://news.ltn.com.tw/news/life/breakingnews/2660855,搬走最大石頭！蘇花改行駛大貨車箭在弦上
https://news.ltn.com.tw/news/life/breakingnews/2659507,宜蘭粉鳥林秘境聯外道路因雨坍方 暫時禁止通行
https://news.ltn.com.tw/news/life/breakingnews/2658649,收假了！蘇花改、蘇花公路午後恐湧北返車潮
https://news.ltn.com.tw/news/life/breakingnews/2657979,高乘載前壅塞提前紓解 國5交通可望較預期好
https://news.ltn.com.tw/news/life/paper/1257878,今湧北返車潮 國五恐塞至深夜
https://news.ltn.com.tw/news/life/breakingnews/2657318,連假第二天 蘇花改、蘇花公路今天行車較順了
https://news.ltn.com.tw/news/life/breakingnews/2657206,12/30 各報重點新聞一覽
https://news.ltn.com.tw/news/life/paper/1257685,連假首日 國五與蘇花改南下塞爆
https://news.ltn.com.tw/news/life/breakingnews/2656615,元旦連假第一天 蘇花改南下塞爆
https://news.ltn.com.tw/news/local/paper/1255938,5千萬元打造 蘇澳轉運站啟用
https://news.ltn.com.tw/news/life/breakingnews/2650040,宜縣5大轉運中心完成 蘇澳轉運站今啟用
https://news.ltn.com.tw/news/local/paper/1254480,《宜蘭》粉鳥林漁港「上彩妝」 最快年底完工
https://news.ltn.com.tw/news/life/breakingnews/2644264,東澳小漁村大玩色彩！ 粉鳥林漁港年底大變身
https://news.ltn.com.tw/news/local/paper/1254262,蘇花改開放大貨車通行 環評卡關
https://news.ltn.com.tw/news/life/breakingnews/2643595,蘇花改通行大貨車 公路總局：最快春節前開放
https://news.ltn.com.tw/news/politics/breakingnews/2630203,卸任前最後一件事...吳宏謀：再到台東慰問普悠瑪家屬
https://news.ltn.com.tw/news/life/breakingnews/2626887,淡江大橋主橋段今日與廠商簽約  預定明年春節後開工
https://news.ltn.com.tw/news/focus/paper/1248644,賴助講︰陳歐珀爭取到80億建設
https://news.ltn.com.tw/news/politics/breakingnews/2620155,賴清德力挺陳歐珀 批「連公文也不會看的人」沒資格當縣長
https://news.ltn.com.tw/news/politics/paper/1247652,一週大事（11月11日至17日）
https://news.ltn.com.tw/news/politics/breakingnews/2615198,蔡英文催票盼花蓮更好 劉曉玫誓言「終結傅家王朝」
https://news.ltn.com.tw/news/life/paper/1246631,蘇花改8隧道全貫通 邁向2020通車
https://news.ltn.com.tw/news/focus/paper/1246757,蘇花改最後一座 仁水隧道貫通
https://news.ltn.com.tw/news/life/breakingnews/2611296,逾2800天克難施工 蘇花改最後隧道「仁水」今貫通
https://news.ltn.com.tw/news/local/paper/1246080,蘇花改 仁水隧道13日貫通 全段啟動評估
https://news.ltn.com.tw/news/life/breakingnews/2608865,蘇花改「仁水隧道」13日貫通 瓶頸段接續啟動可行性評估
https://news.ltn.com.tw/news/local/paper/1245667,8度宜蘭站台 小英：全力推動蘇花改
https://news.ltn.com.tw/news/politics/breakingnews/2607825,一週親征宜蘭兩次 蔡英文允諾：加速評估東部交通建設
https://news.ltn.com.tw/news/local/paper/1245161,蘇花改今救災演練 大貨車上路…快了
https://news.ltn.com.tw/news/life/breakingnews/2605294,蘇花改開放大貨車通行不遠了？ 公路總局這麼說
https://news.ltn.com.tw/news/life/breakingnews/2604700,明天上午10點救災演練   蘇花改將封路模擬救災
https://news.ltn.com.tw/news/society/breakingnews/2603088,盼重振花蓮 劉曉玫：時至今日還有「花蓮王」非常可恥
https://talk.ltn.com.tw/article/paper/1242554,自由廣場》「公」路的「公」益性質
https://news.ltn.com.tw/news/life/paper/1241856,和平-和中、大清水-崇德段 交部允諾研究納入蘇花改
https://news.ltn.com.tw/news/life/breakingnews/2589701,北宜直鐵可避開新馬站彎道？ 交部：仍是必經路段
https://news.ltn.com.tw/news/local/paper/1241281,劉曉玫促花蓮聯外陸海空交通 多元選擇
https://news.ltn.com.tw/news/life/breakingnews/2588308,普悠瑪翻車釀18死 徐榛蔚要求啟動蘇花改實質評估規劃
https://news.ltn.com.tw/news/politics/paper/1240226,拚戰東台灣 國民黨打造「宜花東黃金廊帶」
https://news.ltn.com.tw/news/politics/breakingnews/2583497,國民黨推宜花東共同政見 吳敦義喊蘇花改轉為高速公路
https://news.ltn.com.tw/news/politics/breakingnews/2583179,提北捷延伸、第二條北宜高 林信華：要有勇氣去爭取
https://news.ltn.com.tw/news/politics/breakingnews/2579576,不只會批公文 賴清德挺陳歐珀：已幫宜蘭爭取60億預算
https://news.ltn.com.tw/news/politics/breakingnews/2572807,「花蓮－吉安」鐵路高架化 2縣長參選人交鋒
https://news.ltn.com.tw/news/politics/breakingnews/2569712,中常會到花蓮 蔡英文：對民進黨「挑戰性」很高的地方
https://news.ltn.com.tw/news/life/breakingnews/2569146,蘇花改最大規模抽坍已修復 仍定後年春節前全線通車
https://news.ltn.com.tw/news/life/breakingnews/2558942,秋節連假首日  國五南下午後湧現第二波車流
https://news.ltn.com.tw/news/life/breakingnews/2558481,國5今首辦日間免費車流略增 實際分流效果看明天
https://news.ltn.com.tw/news/local/paper/1233144,秋節搭國道客運 轉乘宜蘭市區公車一段票免費
https://news.ltn.com.tw/news/life/breakingnews/2554309,搭國道客運中秋來宜蘭 市區公車1段票免費
https://news.ltn.com.tw/news/life/breakingnews/2553675,蘇花改防災演練   19日上午10~12點管制通行
https://news.ltn.com.tw/news/life/paper/1231727,東澳—南澳納蘇花改 年底評估可行性
https://news.ltn.com.tw/news/life/breakingnews/2549116,「東澳－南澳」擬納蘇花改 預計今年底可行性研究
https://news.ltn.com.tw/news/life/paper/1229029,大貨車走蘇花改 最快月中開放
https://news.ltn.com.tw/news/life/breakingnews/2522565,南北兩側工程人員可互視！蘇花改谷風隧道貫通剩22公尺待克服
https://news.ltn.com.tw/news/life/paper/1223012,百元婚戒送新人 替代役「鈔」有心
https://news.ltn.com.tw/news/local/paper/1222408,大貨車父親節前上蘇花改？四工處：本週機率不高
https://news.ltn.com.tw/news/life/breakingnews/2510939,蘇花改8/8前開放大貨車行駛？ 公路總局：等交通部核定
https://news.ltn.com.tw/news/local/paper/1220425,〈蘇花改〉仁水隧道剩168米 10月下旬貫通
https://news.ltn.com.tw/news/local/paper/1218652,蘇花改工程 藍綠花蓮縣長參選人互槓
https://news.ltn.com.tw/news/politics/breakingnews/2496033,蘇花改東澳到南澳可行性評估 劉曉玫：受益者都是花蓮人
https://news.ltn.com.tw/news/life/paper/1218462,東澳-南澳納蘇花改評估 賴揆拍板
https://news.ltn.com.tw/news/local/paper/1218410,民進黨選情嚴峻 賴清德：宜蘭人勇於突破困境
https://news.ltn.com.tw/news/politics/breakingnews/2495300,宜蘭參拜、端建設牛肉 賴清德：支持陳歐珀延續民主香火
https://news.ltn.com.tw/news/politics/breakingnews/2495265,賴清德諷新北政績小確幸 市府酸回：謝謝肯定
https://news.ltn.com.tw/news/life/breakingnews/2495039,賴揆拍板  蘇花公路東澳-南澳段納蘇花改可行性評估
https://news.ltn.com.tw/news/politics/breakingnews/2495020,被侯友宜感謝... 賴清德讚蘇貞昌政績才是關鍵
https://news.ltn.com.tw/news/local/paper/1215866,花市新興路拓寬 趕蘇花改全線通車前
https://news.ltn.com.tw/news/local/paper/1215844,童玩節今重新開放 太平山遊樂區明開園
https://news.ltn.com.tw/news/life/breakingnews/2484612,風雨趨緩 蘇花公路 北宜公路台7線 台7甲線 恢復車輛通行
https://news.ltn.com.tw/news/life/breakingnews/2484453,蘇花改首度開放機車、大貨車通行 卻「等嘸車」…
https://news.ltn.com.tw/news/life/breakingnews/2484140,明上午8點至8點半 機車、大貨車有機會走蘇花改
https://news.ltn.com.tw/news/life/breakingnews/2484003,蘇花公路、台7線、台7甲線部分路段 今晚6時起封閉
https://news.ltn.com.tw/news/life/breakingnews/2483876,宜蘭縣市區公車、122路線 下午5點後停駛
https://news.ltn.com.tw/news/life/breakingnews/2483772,強颱瑪莉亞侵台   花蓮夏戀嘉年華照常舉行
https://news.ltn.com.tw/news/life/breakingnews/2482312,今、明10點到下午1點    蘇花改演練封閉
https://playing.ltn.com.tw/article/16109,【台灣好好玩】夏季遊宜蘭 划獨木舟追日出
https://news.ltn.com.tw/news/lifeweekly/paper/1213063,【台灣好好玩】夏季遊宜蘭 划獨木舟追日出
https://news.ltn.com.tw/news/local/paper/1212534,回應酒駕率最高 陳金德促中央支持東部交通建設
https://news.ltn.com.tw/news/life/breakingnews/2472104,蘇花改東澳及東岳隧道  今晚8點~明晨5點施工管制
https://news.ltn.com.tw/news/politics/breakingnews/2471809,酒駕率高肇因交通建設不足？陳金德:中央欠宜花東太多
https://news.ltn.com.tw/news/local/paper/1211646,60歲台鐵宿舍夷平 蘇澳人心疼
https://news.ltn.com.tw/news/local/paper/1210700,蘇花改蘇澳至東澳段開放大貨車 公路總局：最快8月8日
https://news.ltn.com.tw/news/local/paper/1210701,省道拓寬封路 舊台9線復出救援
https://news.ltn.com.tw/news/life/breakingnews/2465179,蘇花改最快8/8開放大貨車 下個月先防災演練
https://news.ltn.com.tw/news/society/breakingnews/2463760,蘇花改東澳端傳火燒車 一度單線雙向通行
https://news.ltn.com.tw/news/life/breakingnews/2460027,蘇花改今天一路順暢 端午節下午恐出現北返車潮
https://news.ltn.com.tw/news/politics/breakingnews/2454767,宜蘭縣府組改案 議會三讀過關
https://news.ltn.com.tw/news/local/paper/1207083,花蓮中原路拓寬 首段年底完工
https://ent.ltn.com.tw/news/breakingnews/2450151,暑假遊玩花蓮好山好水  理想大地多重優惠
https://auto.ltn.com.tw/news/10198,機車、大貨車「可」上蘇花改 但前提是…
https://news.ltn.com.tw/news/life/breakingnews/2448634,機車、大貨車「可」上蘇花改 但前提是…
https://news.ltn.com.tw/news/politics/breakingnews/2448415,宜縣府組改 議會法規會通過財稅合併版本
https://auto.ltn.com.tw/news/10177,蘇花改蘇澳到東澳段 大貨車可望在父親節前夕通行
https://news.ltn.com.tw/news/life/breakingnews/2445786,蘇花改蘇澳到東澳段 大貨車可望在父親節前夕通行
https://news.ltn.com.tw/news/politics/breakingnews/2445738,宜縣府組改案6月5日送議會法規會 財稅合併版本恐生變
https://news.ltn.com.tw/news/life/breakingnews/2437971,直擊谷風隧道施工現場！ 蘇花改開工以來最大難題
https://news.ltn.com.tw/news/life/paper/1203648,12萬人次拚1067天 蘇花改中仁隧道貫通
https://news.ltn.com.tw/news/life/paper/1203649,谷風隧道直擊／解決抽坍比開挖難 跟時間賽跑
https://news.ltn.com.tw/news/life/paper/1203650,隧道裡的軍師／工程前進或叫停 全靠專業地質師
https://news.ltn.com.tw/news/local/paper/1203611,蘇花改仁水隧道 10月底主隧可貫通
https://news.ltn.com.tw/news/life/breakingnews/2437437,蘇花改「仁水隧道」 10月下旬可望貫通
https://news.ltn.com.tw/news/life/breakingnews/2437240,1067天克難施工 蘇花改中仁隧道全線貫通
https://news.ltn.com.tw/news/local/paper/1200535,蘇花改公車到東澳、南澳 開始收費
https://news.ltn.com.tw/news/politics/breakingnews/2425686,赴宜縣議會施政總報告 陳金德：想做的事情還很多但時間很短
https://news.ltn.com.tw/news/local/paper/1198624,開放大客車首日 129輛上蘇花改
https://news.ltn.com.tw/news/politics/breakingnews/2418109,5、6日闖蘇花改遊覽車 立委陳歐珀籲撤銷罰單
https://news.ltn.com.tw/news/life/breakingnews/2417633,蘇花改今開放大客車通行 公車暌違36年上路了
https://news.ltn.com.tw/news/life/breakingnews/2417607,05/07 各報重點新聞一覽
https://news.ltn.com.tw/news/life/paper/1198434,蘇花改今起開放大客車／客運新增兩條路線 七天免費搭乘
https://news.ltn.com.tw/news/local/paper/1198397,全長4.7KM 蘇花改中仁隧道北上線貫通
https://news.ltn.com.tw/news/local/paper/1198393,停駛36年 蘇花2客運路線今上路
https://news.ltn.com.tw/news/life/breakingnews/2417483,蘇花改新闢兩線公車 到南澳、東澳連7天免費
https://news.ltn.com.tw/news/life/breakingnews/2416999,久等了！ 蘇花改明上午7點半開放大客車通行
https://news.ltn.com.tw/news/local/paper/1198140,單日新高 14遊覽車誤闖蘇花改
https://news.ltn.com.tw/news/life/breakingnews/2416792,衝太快！14遊覽車誤闖蘇花改 司機吃單冤喊：不是5/5開放
https://auto.ltn.com.tw/news/9956,蘇花改 5/5 開放大客車無望！
https://news.ltn.com.tw/news/life/paper/1197366,暌違36年 蘇花公路將有公車上路啦
https://news.ltn.com.tw/news/life/breakingnews/2413594,蘇花改5/5開放大客車無望！
https://news.ltn.com.tw/news/life/breakingnews/2413310,等了36年   蘇花公路最快5/5日將再度行駛公車
https://news.ltn.com.tw/news/life/breakingnews/2413189,蘇花改最快5/5開放大客車 大都會、國光客運「準備好了」
https://news.ltn.com.tw/news/life/paper/1195542,公總：蘇花改最快五月五日開放大客車
https://news.ltn.com.tw/news/local/paper/1195485,國道5號銜接蘇花改 賀陳旦：110年再評估
https://news.ltn.com.tw/news/life/breakingnews/2406505,蘇花改提前5/1開放大客車？公路總局：時間未定
https://auto.ltn.com.tw/news/9909,蘇花改開放機車行駛？ 賀陳旦：長隧道安全需被考量
https://news.ltn.com.tw/news/life/breakingnews/2406138,國5銜接蘇花改工程 賀陳旦：待評估後再訂時間表
https://news.ltn.com.tw/news/life/breakingnews/2406145,蘇花改提早5/1開放行駛大客車？   賀陳旦：儘速決定
https://news.ltn.com.tw/news/life/breakingnews/2405929,蘇花改開放機車行駛？  賀陳旦：長隧道安全需被考量
https://news.ltn.com.tw/news/politics/breakingnews/2405901,立院考察宜蘭交通刻意避開陳歐珀？陳金德：不曉得他在場
https://news.ltn.com.tw/news/life/breakingnews/2403612,注意！蘇花改消防演習 今明10至12點封閉2小時
https://news.ltn.com.tw/news/society/breakingnews/2400389,砂石車撞山壁    台九丁九宮里路段恢復雙向通車
https://news.ltn.com.tw/news/local/paper/1193559,蘇花改限制車種 立委批不合時宜
https://news.ltn.com.tw/news/local/paper/1192936,蘇澳轉運站 公所促巴士串聯景點
https://news.ltn.com.tw/news/life/breakingnews/2396921,縣道193拓寬規避法規 律師批「看到鬼」
https://news.ltn.com.tw/news/local/paper/1192710,蘇花公路搶通 恢復雙向通車
https://news.ltn.com.tw/news/life/breakingnews/2395908,蘇花和仁段坍方中斷   今早搶通！
https://news.ltn.com.tw/news/local/paper/1192442,大客車走蘇花改 車距訂100公尺
https://news.ltn.com.tw/news/local/paper/1192441,蘇花改放行機車? 公路總局：不宜冒進
https://auto.ltn.com.tw/news/9833,陳金德提蘇花改機車解禁 公路總局：安全考量不宜冒進
https://news.ltn.com.tw/news/life/breakingnews/2395388,蘇花改可望5/5開放行駛大客車 車距擬訂100公尺
https://news.ltn.com.tw/news/life/breakingnews/2395382,陳金德提蘇花改機車解禁  公路總局：安全考量不宜冒進
https://news.ltn.com.tw/news/life/breakingnews/2395224,蘇花改機車解禁？ 陳金德：沒什麼不可以
https://auto.ltn.com.tw/news/9829,蘇花改 5/5 開放大客車通行？ 公路總局：已做好準備
https://news.ltn.com.tw/news/life/paper/1192252,蘇花改蘇澳-東澳段5/5開放大客車上路？公路總局：已做好準備
https://news.ltn.com.tw/news/life/breakingnews/2394784,蘇花改5/5開放大客車通行？ 公路總局：已做好準備
https://news.ltn.com.tw/news/local/paper/1191328,解蘇花改塞車 陳金德籲開放二線道
https://news.ltn.com.tw/news/local/paper/1191329,蘇澳到東澳花7小時 遭譏「蘇花牛」
https://news.ltn.com.tw/news/society/breakingnews/2391046,兩車相撞中斷舊蘇花公路交通 4:40開放單線雙向通車
https://news.ltn.com.tw/news/life/breakingnews/2390944,蘇花改塞車話題延燒 網友諷變「蘇花牛」
https://news.ltn.com.tw/news/life/breakingnews/2390600,清明連假蘇花改塞爆   陳金德籲賀陳旦體民所苦
https://news.ltn.com.tw/news/local/paper/1191021,《小檔案》雪隧與蘇花改隧道群
https://news.ltn.com.tw/news/local/paper/1191042,增建東澳至南澳隧道 陳金德力推
https://news.ltn.com.tw/news/local/paper/1191020,全台首座長隧道救災整合中心 2020年完工
https://news.ltn.com.tw/news/life/breakingnews/2390378,注意! 蘇花改東澳隧道 明起週間每晚封閉半小時測試
https://news.ltn.com.tw/news/life/breakingnews/2390286,宜蘭爭取到前瞻 斥資上億元打造全台首座長隧道救災中心
https://news.ltn.com.tw/news/local/paper/1190791,蘇花改塞爆惹怨 公路總局：車流量去年2倍
https://news.ltn.com.tw/news/local/paper/1190788,有車潮沒人潮 粉鳥林攤商嘆難賺
https://news.ltn.com.tw/news/life/breakingnews/2389434,塞車東澳市區爽賺 粉鳥林攤商嘆：看得到吃不到
https://news.ltn.com.tw/news/life/breakingnews/2389326,連假大塞車 意外讓東澳商機倍增
https://news.ltn.com.tw/news/life/paper/1190611,清明連假今結束 車潮應不會爆量
https://news.ltn.com.tw/news/local/paper/1190555,〈連假收假日〉國5估近午會塞 注意北上高乘載管制
https://news.ltn.com.tw/news/local/paper/1190556,花蓮市區天天塞 店家：總比蕭條好
https://news.ltn.com.tw/news/life/breakingnews/2388559,東部北返車流湧現 公路總局籲勿任意超車
https://news.ltn.com.tw/news/life/breakingnews/2388426,蘇花改湧現北返車潮 蘇澳下午恐大塞
https://news.ltn.com.tw/news/local/paper/1190317,蘇花改、蘇花公路北返車潮 預估今天下午最塞
https://news.ltn.com.tw/news/life/breakingnews/2387898,蘇花湧現北返車流 預估明天下午北上最塞
https://news.ltn.com.tw/news/local/paper/1190118,蘇花改順暢 明恐有返鄉車潮
https://news.ltn.com.tw/news/local/paper/1190119,想讓也讓不出… 救護車卡車陣
https://news.ltn.com.tw/news/local/paper/1190120,宜花塞爆取消訂房？ 花蓮業者：僅5％
https://news.ltn.com.tw/news/life/breakingnews/2387259,清明連假國道塞到「紫爆」 立委籲大膽用通行費「以價制量」
https://news.ltn.com.tw/news/life/breakingnews/2387028,蘇花改遇塞車救護車卡卡 議員批動線規劃不良
https://news.ltn.com.tw/news/life/breakingnews/2387021,蘇花塞取消花蓮訂房？ 業者：不要過度放大
https://news.ltn.com.tw/news/life/breakingnews/2386886,騎機車闖蘇花改   男子囂張開直播看是否「窒息」
https://news.ltn.com.tw/news/life/breakingnews/2386854,蘇花改昨車流量破表 今交通順暢
https://news.ltn.com.tw/news/life/breakingnews/2386763,換7種交通工具花10小時 宜花塞爆返鄉難
https://news.ltn.com.tw/news/life/breakingnews/2386665,04/05 各報重點新聞一覽
https://news.ltn.com.tw/news/life/paper/1189929,蘇澳鎮變停車場 民怨回不了家
https://news.ltn.com.tw/news/life/paper/1189927,連假首日國道塞爆 今天車更多
https://news.ltn.com.tw/news/focus/paper/1190030,清明連假 國道塞爆
https://news.ltn.com.tw/news/life/paper/1189928,交通部長賀陳旦也困車陣中／清明假期最後一天 擬實施高乘載
https://news.ltn.com.tw/news/life/breakingnews/2386511,蘇花改多塞？ 網友臉書抱怨：午餐、晚餐都在蘇澳吃
https://news.ltn.com.tw/news/life/breakingnews/2386474,每小時湧入超過900輛 「蘇花改停車場」惡夢成真
https://news.ltn.com.tw/news/life/breakingnews/2386461,塞車塞到被腳踏車超車 網友：桃園到花蓮要開10小時
https://news.ltn.com.tw/news/life/breakingnews/2386431,連假首日國道塞爆 學者：交通部低估了
https://news.ltn.com.tw/news/life/breakingnews/2386373,蘇花改大塞動不了 駕駛、乘客下車路上聊天透氣
https://news.ltn.com.tw/news/life/breakingnews/2386258,連假首日國5南下塞爆、北上順暢
https://news.ltn.com.tw/news/life/breakingnews/2386194,清明連假首日 賀陳旦走國5到宜蘭也多花50分
https://news.ltn.com.tw/news/life/breakingnews/2386167,連假第1天9條省道壅塞   公路總局籲：下午再走蘇花改
https://news.ltn.com.tw/news/life/breakingnews/2386046,連假首日 蘇花改南下塞爆
https://news.ltn.com.tw/news/life/breakingnews/2383231,防止蘇花塞爆！   蘇澳鎮長：清明連假行車請分流
https://news.ltn.com.tw/news/local/paper/1187929,睽違40年 蘇澳白米社區「夢田」實現
https://news.ltn.com.tw/news/life/breakingnews/2379623,「夢田終於化作水田」 蘇澳白米社區睽違40年再種稻
https://news.ltn.com.tw/news/local/paper/1187604,清明連假迎車潮 宜縣府：蘇花改大考驗
https://news.ltn.com.tw/news/life/breakingnews/2378420,清明連假遊客湧入東部 蘇花改塞不塞正式考驗
https://auto.ltn.com.tw/news/9693,獨家》注意！蘇花改 2 測桿 啟用 24 天賺 420 萬
https://news.ltn.com.tw/news/life/paper/1186844,蘇花改2測速桿 通車24天進帳500萬
https://news.ltn.com.tw/news/life/breakingnews/2375748,獨家》注意！蘇花改2測桿 啟用24天賺500萬
https://news.ltn.com.tw/news/local/paper/1185287,東澳獨木舟合法化 僅1業者申請
https://news.ltn.com.tw/news/life/breakingnews/2370281,車亂停、廁所少又攀防波堤 東澳粉鳥林亂象有解
https://news.ltn.com.tw/news/politics/breakingnews/2366099,觀光局長寫信宣傳花蓮觀光 立委譏：不要太迷信自己的魅力
https://news.ltn.com.tw/news/local/paper/1183619,突破「零投標」 淡江大橋最快6月開工
https://news.ltn.com.tw/news/life/breakingnews/2363593,可望開工！淡江大橋7度流標 終於有人投標
https://news.ltn.com.tw/news/life/paper/1183350,謠言終結站─蘇花改尚未開放大客車是官僚心態？ 公路總局：循序漸進是較好模式
https://news.ltn.com.tw/news/life/breakingnews/2362825,立委促蘇花改5月開放大客車 公路總局稱盡速處理
https://news.ltn.com.tw/news/local/paper/1182767,權責整合 宜縣府擬增設交通處
https://news.ltn.com.tw/news/life/breakingnews/2361471,雪隧、蘇花改讓宜蘭交通變複雜 縣府擬成立交通處
https://news.ltn.com.tw/news/life/paper/1181017,管制車輛硬闖蘇花改 不僅挨罰還要記點
https://news.ltn.com.tw/news/life/breakingnews/2355246,蘇花改新規定！機車、遊覽車、大貨車闖入開罰、記點
https://news.ltn.com.tw/news/life/breakingnews/2349028,蘇花改通車了 想騎白米橋下單車道還要再等等
https://news.ltn.com.tw/news/life/breakingnews/2347460,在蘇花公路停了16年 行動咖啡車「撤哨」另謀出路
https://news.ltn.com.tw/news/local/paper/1178092,宜縣公共高爾夫球場 選定南澳
https://news.ltn.com.tw/news/life/breakingnews/2345964,乘客集資助遊覽車闖蘇花改？ 公路總局、警方駁斥
https://news.ltn.com.tw/news/life/breakingnews/2345725,宜縣擬建公共高爾夫球場 南澳農場是首選
https://news.ltn.com.tw/news/life/paper/1177909,悼震災罹難者 全國今下半旗
https://news.ltn.com.tw/news/life/breakingnews/2345087,受花蓮震災影響 國5春節連假車流量較去年少
https://news.ltn.com.tw/news/focus/paper/1177842,收假前又震 宜蘭震度5級
https://news.ltn.com.tw/news/politics/breakingnews/2344574,政院振興花蓮觀光補助6千萬 傅崑萁：盼有消費券當配套
https://news.ltn.com.tw/news/life/breakingnews/2344217,花蓮強震影響出遊意願？ 蘇花南下車流減逾14％
https://news.ltn.com.tw/news/life/breakingnews/2343768,回娘家、出遊車多 下午4點國道將湧北返車潮
https://news.ltn.com.tw/news/life/breakingnews/2343353,助花蓮震後重建   賀陳旦邀民眾走蘇花改遊花蓮
https://news.ltn.com.tw/news/life/paper/1177486,除夕熱爆了 東北季風今晚快閃
https://news.ltn.com.tw/news/life/breakingnews/2343164,除夕又見重機挑戰蘇花改 6台重機都被警方攔下
https://news.ltn.com.tw/news/life/breakingnews/2343030,今年車流量少？蘇花改首遇連假很順暢 午後車速55以上
https://news.ltn.com.tw/news/life/breakingnews/2342853,返鄉狀況不斷！ 國道3號1貨車翻覆、4客車追撞（不斷更新）
https://news.ltn.com.tw/news/life/breakingnews/2343008,花蓮震災影響蘇花改上午沒塞  6台車走路肩被罰
https://news.ltn.com.tw/news/life/breakingnews/2342824,02/15 各報重點新聞一覽
https://news.ltn.com.tw/news/focus/paper/1177394,蘇花改今南下車流量 估爆1.2萬輛次上限
https://estate.ltn.com.tw/article/4805,取得建照 台開在花蓮搶蓋「樂多坊」系列旅館
https://news.ltn.com.tw/news/life/breakingnews/2342162,蘇花改明天南下車潮估1萬2000輛次 上午最塞
https://news.ltn.com.tw/news/local/paper/1176343,蘇花改「過頭關」公路總局：挑戰在春節
https://news.ltn.com.tw/news/politics/paper/1176449,一週大事（2月4日至10日）
https://news.ltn.com.tw/news/life/breakingnews/2338971,蘇花改通車後第一個假日不塞  春節連假剉咧等
https://news.ltn.com.tw/news/life/paper/1176158,蘇花改通車5天 27車輛誤闖挨罰
https://news.ltn.com.tw/news/life/breakingnews/2338272,4天27車違規闖蘇花改 罰鍰累計3萬300元
https://news.ltn.com.tw/news/life/breakingnews/2338165,蘇花改已通車路段有2支測速照相 續採購抓違規行駛路肩
https://news.ltn.com.tw/news/life/breakingnews/2337173,花蓮震後助重振觀光 賀陳旦：會提特別救濟方案
https://news.ltn.com.tw/news/politics/breakingnews/2336540,春節將到 賴揆：服務不打烊監控物價、交通
https://news.ltn.com.tw/news/life/paper/1175233,蘇花改通車2天 開出123張超速罰單
https://news.ltn.com.tw/news/local/paper/1175185,解決蘇花改塞車 陳金德促開放成2線道
https://news.ltn.com.tw/news/local/paper/1175188,宜蘭旅宿業者 憂遊客直奔花蓮
https://news.ltn.com.tw/news/life/breakingnews/2334522,蘇花改通車滿1天 開罰123件超速 遊覽車也亂入
https://news.ltn.com.tw/news/life/breakingnews/2334446,蘇花落石熱區險又砸車 這段蘇花改108年底完工
https://news.ltn.com.tw/news/life/breakingnews/2334341,蘇花改通車 礁溪旅宿業者憂觀光客不住了
https://news.ltn.com.tw/news/life/breakingnews/2334338,宜蘭春節疏運 陳金德籲交部開放蘇花改為2線道
https://news.ltn.com.tw/news/society/breakingnews/2333977,疑不熟路況 休旅車出蘇澳隧道直撞卡路堤
https://news.ltn.com.tw/news/life/paper/1174941,蘇花改通車 7機車硬闖挨罰
https://news.ltn.com.tw/news/local/paper/1174875,蘇花改平穩、舒適 民眾：等了20年
https://news.ltn.com.tw/news/life/breakingnews/2333596,機車若要上蘇花改 前提是先滿足這條件…
https://ent.ltn.com.tw/news/breakingnews/2333421,慶祝蘇花改通車 理想大地開車入住再折500元
https://auto.ltn.com.tw/news/9388,機車不甩警方管制 組隊硬闖蘇花改 抓到罰 900
https://news.ltn.com.tw/news/society/breakingnews/2333297,機車不甩警方管制 組隊硬闖蘇花改 抓到罰900
https://news.ltn.com.tw/news/society/breakingnews/2333156,騎士硬闖蘇花改 警方全面追查中
https://news.ltn.com.tw/news/life/breakingnews/2332903,「給這群人一個掌聲」 蘇花改紀錄片道出工程辛酸
https://news.ltn.com.tw/news/life/breakingnews/2332898,這條路等了5年 蘇花改蘇澳到東澳下午4點通車了
https://news.ltn.com.tw/news/life/breakingnews/2332714,蘇花改今通車  機車族不滿糾眾「路過」抗議
https://news.ltn.com.tw/news/life/breakingnews/2332635,02/05 各報重點新聞一覽
https://news.ltn.com.tw/news/focus/paper/1174767,蘇花改「截彎取直」 台9線讓出「最長」省道寶座
https://news.ltn.com.tw/news/life/paper/1174183,等5年…蘇花改蘇澳到東澳段5日通車
https://news.ltn.com.tw/news/life/breakingnews/2330414,蘇花改蘇澳到東澳段 5日下午4點通車
https://news.ltn.com.tw/news/local/paper/1173802,國5蘇澳服務區 一期工程啟用
https://news.ltn.com.tw/news/life/breakingnews/2329422,上蘇花改前第一個「方便」點 國五蘇澳服務區今開張
https://news.ltn.com.tw/news/life/breakingnews/2329106,國道5號蘇澳服務區   今日上午10點啟用
https://news.ltn.com.tw/news/local/paper/1173508,蘇花改二期 策略評估月底出爐
https://news.ltn.com.tw/news/local/paper/1173530,國民黨提名 徐榛蔚參選花蓮縣長
https://news.ltn.com.tw/news/life/breakingnews/2328233,蘇花改2期計畫 策略評估預計2月底出爐
https://news.ltn.com.tw/news/life/breakingnews/2327092,爭取機車行駛蘇花改 上千重機網友洗版蕭美琴臉書
https://news.ltn.com.tw/news/life/breakingnews/2326824,東澳隧道未通車就生事故？ 交控系統在測試啦
https://news.ltn.com.tw/news/local/paper/1172915,春節疏運 蘇花改低速20km就管制
https://news.ltn.com.tw/news/local/paper/1172916,春節搭國五客運 公路總局：候車20分鐘內
https://news.ltn.com.tw/news/life/paper/1172979,迎戰春節疏運 祭8項新措施
https://news.ltn.com.tw/news/life/breakingnews/2326386,春節遊宜蘭 搭客運、鐵路優惠最高可享85折
https://news.ltn.com.tw/news/life/breakingnews/2326371,春節車潮挑戰蘇花改極限 公路總局祭出兩項措施
https://news.ltn.com.tw/news/life/breakingnews/2326160,遇山開山 遇水築橋 蘇花改空拍影片超震撼
https://news.ltn.com.tw/news/life/breakingnews/2325901,注意了！春節疏運重點在這裡…
https://news.ltn.com.tw/news/focus/paper/1172565,穿山英雄 「坑夫」拿命拚進度
https://news.ltn.com.tw/news/focus/paper/1172563,蘇花改蘇澳–東澳段 預定2月5日通車
https://news.ltn.com.tw/news/focus/paper/1172566,東澳隧道最會坍 「國家隊」救援成功
https://news.ltn.com.tw/news/focus/paper/1172567,還有兩段未完工 蘇花改全線通車預約明年底
https://news.ltn.com.tw/news/focus/paper/1172564,避免蘇澳塞車 國五擬接台九線
https://news.ltn.com.tw/news/local/paper/1172141,蘇花改防救災 宜縣砸2億購裝備
https://news.ltn.com.tw/news/local/paper/1172140,蘇澳←→東澳省20分鐘 鄉親走蘇花改喊讚
https://news.ltn.com.tw/news/life/breakingnews/2323469,蘇花改蘇澳東澳段下月將通車 宜蘭鄉親今率先體驗
https://news.ltn.com.tw/news/focus/paper/1170789,搶先體驗蘇花改 近7000人雨中開跑
https://news.ltn.com.tw/news/life/breakingnews/2318613,蘇花改將通車全線禁行機車 擅闖罰900至1800元
https://news.ltn.com.tw/news/life/breakingnews/2318235,東部交通新里程碑  6722人搶先體驗蘇花改
https://news.ltn.com.tw/news/life/breakingnews/2317734,「一生只能跑一次」蘇花改蘇澳東澳段馬拉松明開跑
https://news.ltn.com.tw/news/life/breakingnews/2315264,01/18 各報重點新聞一覽
https://news.ltn.com.tw/news/life/paper/1169588,蘇花改拚明年底竣工 最大挑戰是長隧道
https://news.ltn.com.tw/news/focus/paper/1169729,蘇花改蘇澳－東澳段 農曆年前通車
https://news.ltn.com.tw/news/local/paper/1169557,蘇花改、建地飽和 美崙房價見2字頭
https://news.ltn.com.tw/news/local/paper/1169559,蘇花改蘇澳東澳將通車 陳金德：東澳南澳應蓋隧道
https://news.ltn.com.tw/news/life/breakingnews/2314786,蘇花改第一段過年前通車  行車可省20分鐘
https://news.ltn.com.tw/news/life/breakingnews/2314726,蘇花改蘇澳－東澳段春節前通車 地方擔心蘇澳大塞車
https://news.ltn.com.tw/news/life/breakingnews/2314373,蘇花改蘇澳-東澳將通車   陳金德：南澳-東澳也該做隧道
https://news.ltn.com.tw/news/local/paper/1168929,蘇花改東澳至南澳段 評估改善
https://news.ltn.com.tw/news/life/paper/1168234,國五蘇澳服務區月底啟用
https://news.ltn.com.tw/news/life/breakingnews/2310449,提早開張！國5蘇澳服務區 預計月底啟用
https://news.ltn.com.tw/news/local/paper/1166207,南港轉運站 將成北台最大轉運站
https://news.ltn.com.tw/news/life/breakingnews/2302637,因應蘇花改通車 台9線2重要路口避車道完工
https://news.ltn.com.tw/news/local/paper/1165305,公地建停車場 花市公所拚農曆年前啟用
https://news.ltn.com.tw/news/life/breakingnews/2298568,東西貴鬆鬆... 專家直言這地方未來「比墾丁更慘」！
https://news.ltn.com.tw/news/local/paper/1163769,花市舊東洋廣場後方國有地 闢停車場試營運
https://news.ltn.com.tw/news/local/paper/1162937,全長6公里 蘇澳首條單車道完工
https://news.ltn.com.tw/news/local/paper/1162934,花蓮市區2千坪國有地 可望暫做停車場
https://news.ltn.com.tw/news/local/paper/1158585,蘇花改隧道安全 立委促專案調查
https://news.ltn.com.tw/news/life/breakingnews/2277223,蘇花改抽坍近2月才揭露 立委會勘促專案調查
https://news.ltn.com.tw/news/life/paper/1158072,蘇花改谷風隧道坍方搶修 108年完工目標不變
https://news.ltn.com.tw/news/life/breakingnews/2275228,途經地質破碎帶 湧水、抽坍成蘇花改長隧道最大難題
https://news.ltn.com.tw/news/life/breakingnews/2274643,12/06 各報重點新聞一覽
https://news.ltn.com.tw/news/local/paper/1157721,蘇花改東澳隧道 設首座水霧自動設備
https://news.ltn.com.tw/news/life/breakingnews/2274620,蘇花改最大坍方 公路總局：通車時程不變
https://news.ltn.com.tw/news/life/breakingnews/2274600,逾萬立方公尺土石崩落 蘇花改動工以來最大坍方
https://news.ltn.com.tw/news/life/breakingnews/2273735,連雪隧都沒有 蘇花改東澳隧道水霧設備曝光
https://news.ltn.com.tw/news/politics/breakingnews/2271115,賴清德下鄉座談 傅崐萁爭取372億建設經費
https://news.ltn.com.tw/news/local/paper/1153491,花蓮憂蘇花改通車塞 工程處老神在在
https://news.ltn.com.tw/news/life/breakingnews/2259058,蘇花改明年春節通車   傅崐萁：執政黨會被罵翻
https://news.ltn.com.tw/news/life/breakingnews/2258929,趕在明年春節通車 蘇花改東澳隧道工程車呈「趕工隊形」
https://news.ltn.com.tw/news/local/paper/1152455,蘇澳海山西路拓寬 將動工
https://news.ltn.com.tw/news/life/breakingnews/2255855,因應蘇花改龐大車流 蘇澳鎮海山西路終於要拓寬
https://news.ltn.com.tw/news/local/paper/1148908,吳澤成高升 藍綠議員都祝福
https://news.ltn.com.tw/news/life/breakingnews/2240944,超艱鉅東澳隧道土建完工 蘇花改通車日期更近了
https://news.ltn.com.tw/news/local/paper/1147701,學者︰環評制度該修正
https://news.ltn.com.tw/news/local/paper/1147700,花蓮193線2次環差審查 有條件通過
https://news.ltn.com.tw/news/local/paper/1145829,搭蘇花改 蘇澳大型建設動起來
https://news.ltn.com.tw/news/local/paper/1145828,搶蘇花改商機 蘇澳釋鎮有地招商
https://news.ltn.com.tw/news/life/breakingnews/2231083,搶蘇花改通車後錢潮！蘇澳鎮公所首度釋出公有地上權招商
https://news.ltn.com.tw/news/local/paper/1141926,花蓮市區連假塞爆 議員促禁路邊停車
https://news.ltn.com.tw/news/local/paper/1141673,全運會聖火傳遞 從蘇花改起跑
https://news.ltn.com.tw/news/local/paper/1140920,力圖轉型 白米社區「木益客棧」啟用
https://news.ltn.com.tw/news/life/breakingnews/2213406,蘇花改、大南澳陸橋禁行機車 公路總局解釋原因
https://news.ltn.com.tw/news/life/breakingnews/2213304,曾是台灣社造典範 白米木屐村圖轉型留下旅客的心
https://news.ltn.com.tw/news/local/paper/1140622,大南澳陸橋、蘇花改禁行 機車族不滿
https://news.ltn.com.tw/news/life/breakingnews/2212670,不滿大南澳陸橋、蘇花改禁行機車 宜花2立委臉書被騎士灌爆
https://news.ltn.com.tw/news/local/paper/1140070,蘇花改單線道 花蓮人唱衰塞到爆
https://news.ltn.com.tw/news/local/paper/1140067,大南澳陸橋通車 免卡南澳平交道
https://news.ltn.com.tw/news/life/breakingnews/2210441,大南澳陸橋今通車 禁行機車、重機 最高可罰1800
https://news.ltn.com.tw/news/life/breakingnews/2210313,蘇花改只單線道、禁行機車    花蓮人罵翻
https://news.ltn.com.tw/news/life/breakingnews/2210180,南澳立體平交道下午通車   暫先開放汽車通行
https://news.ltn.com.tw/news/life/breakingnews/2207230,蘇花改「蘇澳東澳段」農曆春節前通車 行車時間節省20分鐘
https://news.ltn.com.tw/news/life/breakingnews/2206929,1.2億工程被譏為蘇澳迷宮 箕山橋週六完成改善
https://news.ltn.com.tw/news/life/paper/1139016,漢本遺址完成搶救 蘇花改可望如期完工
https://news.ltn.com.tw/news/life/paper/1139015,蘇花改鼓音橋順利推進 預計年底前完成
https://news.ltn.com.tw/news/life/breakingnews/2206140,漢本遺址考古完成 蘇花改可望108年底完工
https://news.ltn.com.tw/news/life/breakingnews/2206028,僅次12.9K雪隧！蘇花改鼓音橋串聯兩隧道長12.6K
https://news.ltn.com.tw/news/local/paper/1138404,蘇澳箕山橋改建 新路型騎士霧煞煞
https://news.ltn.com.tw/news/life/breakingnews/2204193,蘇澳箕山橋新設計宛如迷宮 民怨：看得霧煞煞
https://news.ltn.com.tw/news/life/breakingnews/2194809,台鐵花蓮站長交接 未來新列車運能將提高
https://news.ltn.com.tw/news/life/breakingnews/2187996,蘇花改蘇澳東澳段 預計明年春節前通車
https://news.ltn.com.tw/news/local/paper/1133334,和平電廠不來電 花縣議員再提北電南送
https://news.ltn.com.tw/news/life/breakingnews/2185712,和平電廠「北電南送」？ 台電：將向上級反映
https://news.ltn.com.tw/news/local/paper/1133039,《連2起死亡車禍》蘇花和平段 增設警示設施
https://news.ltn.com.tw/news/local/paper/1132472,4大工程同步進行 蘇澳如大型工地
https://news.ltn.com.tw/news/life/breakingnews/2163725,台鐵部分車站改用發電機 不影響列車行駛
https://news.ltn.com.tw/news/local/paper/1126440,蘇花改仁水隧道 明年8月底貫通
https://news.ltn.com.tw/news/life/breakingnews/2160096,蘇花改仁水隧道只差1公里 明年8月底可望貫通
https://news.ltn.com.tw/news/life/breakingnews/2156309,只有這次機會 蘇花改馬拉松再釋出2000名額
https://news.ltn.com.tw/news/society/breakingnews/2154087,金岳瀑布湍急有漩渦 遊客跳水救人險喪命
https://news.ltn.com.tw/news/life/breakingnews/2151624,一生僅一次 蘇花改馬拉松今起開放報名
https://news.ltn.com.tw/news/local/paper/1122434,蘇澳箕山橋匝道拓寬 住戶憂安全
https://news.ltn.com.tw/news/life/breakingnews/2144464,避免蘇花改完工塞車 蘇澳箕山橋施工卻惹民怨
https://ec.ltn.com.tw/article/paper/1121462,明年公建預算2389億 7年最高
https://ec.ltn.com.tw/article/breakingnews/2141967,明年公共建設預算2389億元 創7年新高
https://news.ltn.com.tw/news/local/paper/1120860,台九線大清水崇德段 增2座明隧道
https://news.ltn.com.tw/news/politics/breakingnews/2130284,前瞻計畫 環團呼籲加速花東軌道建設
https://news.ltn.com.tw/news/politics/breakingnews/2126100,角逐縣長寶座 江聰淵：讓宜蘭驕傲繼續流傳
https://news.ltn.com.tw/news/politics/breakingnews/2123702,藍委徐榛蔚砲轟蕭美琴 爭建環島高速公路
https://news.ltn.com.tw/news/local/paper/1114995,蘇花改銜接國五 學者：一定要做
https://news.ltn.com.tw/news/local/paper/1114996,蘇澳交流道銜接台九線 4年內完成
https://news.ltn.com.tw/news/local/paper/1114993,〈安全回家的路〉蘇花改全新路廊 明年初通車
https://news.ltn.com.tw/news/local/paper/1114994,東澳到南澳未納入 鄉長︰出門像賭命
https://news.ltn.com.tw/news/society/paper/1114618,表兄弟會游泳 深潭跳水溺斃
https://news.ltn.com.tw/news/society/breakingnews/2114891,工地停電休假去玩水 2表兄弟金岳瀑布跳水溺死
https://news.ltn.com.tw/news/life/breakingnews/2107200,宜長隧道救災力待提升 葉俊榮：強化竹山訓練量能
https://news.ltn.com.tw/news/politics/breakingnews/2103186,消防退休人員協會怨補助僅28萬 吳敦義：有夠夭壽
https://news.ltn.com.tw/news/life/paper/1110735,蘇澳服務區環差案通過
https://news.ltn.com.tw/news/life/breakingnews/2099955,蘇澳服務區環差通過  最快明年啟用
https://news.ltn.com.tw/news/local/paper/1110561,國五銜接蘇花改 交通部：視通車後狀況
https://news.ltn.com.tw/news/life/breakingnews/2099014,國5銜接蘇花改？ 交通部：視改善計畫效果再研究
https://news.ltn.com.tw/news/local/paper/1108292,蘇花改長隧道 首見複合型點排式通風系統
https://news.ltn.com.tw/news/life/breakingnews/2090220,蘇花本周起假日白天全線放行 不實施封路管制
https://news.ltn.com.tw/news/local/paper/1108024,蘇花車流量尖峰 全年僅25天
https://news.ltn.com.tw/news/local/paper/1108025,為花蓮找出路 城市規劃跨界對談
https://news.ltn.com.tw/news/life/breakingnews/2089276,蘇花如何改？ 跨界探討永續發展可行性
https://news.ltn.com.tw/news/local/paper/1107779,蘇花改沿線 賀陳旦：會持續改善
https://news.ltn.com.tw/news/life/breakingnews/2088165,視察蘇花公路  賀陳旦：沿線持續改善中
https://news.ltn.com.tw/news/politics/breakingnews/2087943,傅崐萁酸層級不夠 綠搬出政績看花蓮改變
https://news.ltn.com.tw/news/politics/breakingnews/2087099,花縣府LINE替傅崐萁拉民調票 縣府人員自請記大過
https://news.ltn.com.tw/news/life/breakingnews/2086759,蘇花路斷點在舊礦區？環團籲政府修改礦業法
https://news.ltn.com.tw/news/politics/breakingnews/2086411,扯！坍方期間 花蓮縣政府line民眾支持傅崐萁北市長民調
https://news.ltn.com.tw/news/local/paper/1107246,落石扯上蘇花改二期 吳澤成：失焦
https://talk.ltn.com.tw/article/paper/1107290,自由廣場》誰說後山只有一條路
https://news.ltn.com.tw/news/local/paper/1107245,花蓮對外交通 行政院東辦：評估新計劃
https://news.ltn.com.tw/news/focus/paper/1107144,改善蘇花 政院年底提方案
https://news.ltn.com.tw/news/politics/breakingnews/2085749,回擊傅崐萁  蔡英文臉書po文：改善東部交通不靠口水
https://news.ltn.com.tw/news/life/breakingnews/2085735,花蓮要求蘇花改二期工程 吳澤成：有點失焦
https://news.ltn.com.tw/news/politics/breakingnews/2085687,蘇花坍方挨批 蔡英文：應放下黨派成見支持前瞻
https://news.ltn.com.tw/news/politics/breakingnews/2085353,回應批評 林全指示：蘇花公路年底前提改善方案
https://news.ltn.com.tw/news/life/paper/1106875,蘇花改沒二期 交長籲別混淆
https://news.ltn.com.tw/news/life/paper/1106874,政院反擊傅崐萁 別把天災無限上綱
https://talk.ltn.com.tw/article/paper/1107001,自由廣場》炒完股票炒新聞？
https://news.ltn.com.tw/news/politics/breakingnews/2084639,傅崐萁批蘇花改二期 綠正妹發言人：他是記憶不清楚嗎？
https://news.ltn.com.tw/news/politics/breakingnews/2084368,賀陳旦：「蘇花改二期」不要流於喊話
https://news.ltn.com.tw/news/life/breakingnews/2084244,蘇花中斷掀戰火 蕭美琴：做個解決問題的人
https://news.ltn.com.tw/news/politics/breakingnews/2084090,蘇花公路坍方被罵 政院反擊：勿把天災無限上綱
https://news.ltn.com.tw/news/politics/breakingnews/2084100,蘇花公路又斷腸 藍委點名「神隱部長」下台
https://news.ltn.com.tw/news/politics/breakingnews/2084006,蘇花重創 綠營籲傅崐萁勿噴政治口水
https://news.ltn.com.tw/news/focus/paper/1106662,花東農產繞道北上 新增運費全額補貼
https://news.ltn.com.tw/news/focus/paper/1106660,蘇花改要二期? 交部：事故路段年底改善
https://news.ltn.com.tw/news/focus/paper/1106661,黨政人士：新政府很重視東部交通
https://news.ltn.com.tw/news/politics/breakingnews/2083493,駁傅崐萁  黨政人士：蔡是歷年來最重視東部交通的政府
https://news.ltn.com.tw/news/politics/breakingnews/2083474,傅崐萁批中央未關心花蓮  黨政人士:傅忙到北市跑攤
https://news.ltn.com.tw/news/life/breakingnews/2083419,傅崐萁質問何時做蘇花改2期  交通部：從未有2期計畫
https://news.ltn.com.tw/news/life/breakingnews/2083332,大學校長受困蘇花 痛批政府「東部交通政策交白卷」
https://news.ltn.com.tw/news/life/breakingnews/2083250,花蓮港海運接駁爆滿 18:00加開1班
https://news.ltn.com.tw/news/life/breakingnews/2083217,蘇花頻斷 傅崐萁怒：總統與交通部長都沒出面
https://news.ltn.com.tw/news/focus/paper/1106396,蘇花路斷 車湧中橫南迴像逃難
https://news.ltn.com.tw/news/local/paper/1104922,大花蓮鐵路雙軌併高架案 立委要求重評估
https://news.ltn.com.tw/news/life/breakingnews/2076852,「花蓮-吉安鐵路高架」有譜 多位立委簽署支持
https://news.ltn.com.tw/news/life/paper/1100215,國5接蘇花改 高公局：恐有安全性問題
https://news.ltn.com.tw/news/life/breakingnews/2058955,國5直接銜接蘇花改  高公局：可能有安全性問題
https://news.ltn.com.tw/news/life/breakingnews/2058563,05/06 各報重點新聞一覽
https://news.ltn.com.tw/news/focus/paper/1099948,蘇花改小檔案
https://news.ltn.com.tw/news/focus/paper/1099950,蘇花改大家談
https://news.ltn.com.tw/news/focus/paper/1099951,銜接需砸百億 高公局估「益成比」低
https://news.ltn.com.tw/news/focus/paper/1099947,疏散蘇澳車流 國五擬增交流道
https://news.ltn.com.tw/news/focus/paper/1100001,蘇花改未接國5 蘇澳恐塞爆// 宜代縣長 轟交部沒整合
https://news.ltn.com.tw/news/focus/paper/1099949,不要再塞車了 蘇澳人卑微的請求
https://news.ltn.com.tw/news/local/paper/1099511,批前瞻輕軌錢坑 傅崐萁：要蘇花改二期
https://news.ltn.com.tw/news/local/paper/1098467,前瞻城鄉建設上千億 蕭美琴：協助爭取
https://news.ltn.com.tw/news/life/breakingnews/2052091,傅崐萁質疑前瞻漠視花蓮 蕭美琴釋疑
https://news.ltn.com.tw/news/local/paper/1093287,花蓮193縣道拓寬8度退回 環委：浪費時間
https://news.ltn.com.tw/news/life/breakingnews/2031644,193縣道拓寬八度退件   環委：浪費大家時間
https://news.ltn.com.tw/news/local/paper/1092264,即時交通資訊 宜縣擬開發APP
https://news.ltn.com.tw/news/life/breakingnews/2027976,統整路況、停車場等資訊 宜縣擬開發APP疏導交通
https://news.ltn.com.tw/news/local/paper/1091974,蘇花改通車交通瓶頸 交長：專案處理
https://news.ltn.com.tw/news/local/paper/1091975,清明蘇花塞爆／蘇花改二期 花縣長籲速落實
https://news.ltn.com.tw/news/politics/breakingnews/2027037,傅崐萁批來不及準備前瞻計畫 東服許傳盛這樣回
https://news.ltn.com.tw/news/life/breakingnews/2026895,蘇花改交通瓶頸 交部、宜縣府成立專案小組改善
https://news.ltn.com.tw/news/local/paper/1091738,連假蘇澳大塞車 東服關心蘇花改
https://news.ltn.com.tw/news/local/paper/1091736,南澳平交道回堵 改善工程10月完工
https://news.ltn.com.tw/news/local/paper/1088819,蘇花改永樂段堆積土石 地方憂釀災
https://news.ltn.com.tw/news/life/breakingnews/2015055,蘇花改永樂段堆土石 蘇澳鎮長要求4月底前清除
https://news.ltn.com.tw/news/politics/paper/1088189,吳赴花蓮拜票 大打交通牌
https://news.ltn.com.tw/news/politics/breakingnews/2012813,吳敦義再訪花 大打「交通牌」
https://news.ltn.com.tw/news/life/breakingnews/2004266,金昌石礦開發明辯論 環團控經部為財團護航
https://news.ltn.com.tw/news/politics/breakingnews/1998125,解決東部運輸困難 林全：增班次、智慧化交通
https://news.ltn.com.tw/news/life/breakingnews/1996440,北宜高頭蘇段設休息站 環評決議補件再審
https://news.ltn.com.tw/news/local/paper/1082742,籲建東部快鐵 近千民眾連署
https://news.ltn.com.tw/news/life/breakingnews/1990827,「我們需要東部快鐵」 東部快鐵促進會宜蘭成立
https://news.ltn.com.tw/news/local/paper/1081689,東部快鐵促進會 爭列特別預算
https://news.ltn.com.tw/news/politics/breakingnews/1986982,北宜直鐵促進會更名 將結合宜花東力量爭取
https://news.ltn.com.tw/news/local/paper/1081216,花193線北段拓寬 二次環差環委嗆駁回
https://news.ltn.com.tw/news/local/paper/1080922,國道六號東延 花蓮縣議長連署力爭
https://news.ltn.com.tw/news/politics/breakingnews/1984608,花蓮縣議長賴進坤 爭取國道6號東延
https://auto.ltn.com.tw/news/7192,解決雪隧龜速車，3 月起最低限速 70 公里
https://news.ltn.com.tw/news/society/breakingnews/1977445,失言惹議遭網友起底  李奇嶽認「不用牽拖」
https://news.ltn.com.tw/news/local/paper/1078082,爭取原博館 花縣改推東方夏威夷樂園舊址
https://news.ltn.com.tw/news/politics/breakingnews/1971886,反同婚反年改大匯流 花蓮發起罷免蕭美琴
https://news.ltn.com.tw/news/local/paper/1073019,促建直鐵 林聰賢：宜蘭聯外還差一脈
https://news.ltn.com.tw/news/life/breakingnews/1953240,宜蘭任督二脈還差一脈？林聰賢爭建直線鐵路
https://news.ltn.com.tw/news/local/paper/1072433,蘇花改蘇澳到東澳段 年底前完工
https://news.ltn.com.tw/news/life/breakingnews/1951817,蘇花改工程處：蘇花改全線108年通車
https://news.ltn.com.tw/news/life/breakingnews/1949405,箕山橋N形路口險象環生 改善工程預計5月完工
https://news.ltn.com.tw/news/local/paper/1070822,蘇花改未銜接國5 宜縣憂蘇澳塞爆
https://news.ltn.com.tw/news/politics/breakingnews/1945686,北宜直鐵、鐵路高架捷運化 宜蘭副縣長催生
https://news.ltn.com.tw/news/life/breakingnews/1945131,蘇花改、國5不連貫 宜縣憂車流匯蘇澳成停車場
https://ec.ltn.com.tw/article/paper/1068477,顏炳立︰房市再跌2年
https://news.ltn.com.tw/news/life/breakingnews/1937399,全台最大聯合礦區「金昌」 環署要求重提審查
https://ec.ltn.com.tw/article/breakingnews/1936934,顏炳立：今年房市不會落底、還會續盤
https://news.ltn.com.tw/news/local/paper/1066830,花市新興路拓寬 設高牆防軍營「曝光」
https://news.ltn.com.tw/news/local/paper/1065827,就職七週年 傅崐萁誓言掃除地方垃圾
https://news.ltn.com.tw/news/politics/breakingnews/1928610,傅崐萁就職7週年 誓言「掃除地方垃圾」
https://news.ltn.com.tw/news/local/paper/1064244,東海道超馬 跨年登場
https://news.ltn.com.tw/news/life/breakingnews/1909568,中客不來引爆花蓮飯店求售潮？ 房仲業說真相是...
https://news.ltn.com.tw/news/local/paper/1057025,蘇澳轉運站 經費到位下月發包
https://news.ltn.com.tw/news/local/paper/1056652,促參案成功要件 宜縣府：嚴選廠商
https://news.ltn.com.tw/news/local/paper/1048153,拚觀光 縣長︰目標明年恢復榮景
https://news.ltn.com.tw/news/life/paper/1046954,谷風隧道貫通 蘇花改拚108年通車
https://news.ltn.com.tw/news/life/breakingnews/1870590,蘇花改谷風隧道南下線貫通爆破 拚108年底全線通車
https://news.ltn.com.tw/news/local/paper/1045912,參觀深溝國小食農教育 閣揆學種蔥
https://news.ltn.com.tw/news/politics/breakingnews/1859468,總質詢提「鄉道」 蔡其昌虧徐榛蔚還有3年好發揮
https://news.ltn.com.tw/news/local/paper/1037685,蘇花改2外勞 疑墜谷失蹤
https://news.ltn.com.tw/news/society/breakingnews/1842940,2外勞颱風夜開車外出失聯 溪床尋獲車體
https://news.ltn.com.tw/news/life/paper/1035320,中秋沒玩到！ 交部憂國慶連假爆車潮
https://news.ltn.com.tw/news/local/paper/1035283,新興路拓寬工程 107年底完工
https://news.ltn.com.tw/news/life/breakingnews/1835153,中秋連假2颱干擾沒出遊 交部憂國慶連假爆車潮
https://news.ltn.com.tw/news/local/paper/1034949,國立原博館尋址 宜蘭爭設南澳
https://news.ltn.com.tw/news/local/paper/1031054,林揆視察花東 承諾改善交通
https://news.ltn.com.tw/news/politics/breakingnews/1822108,林揆視察花東交通 掀蘇花改爭議
https://news.ltn.com.tw/news/local/paper/1026186,國民黨︰人民投不信任票 民進黨︰得票率有成長
https://news.ltn.com.tw/news/politics/breakingnews/1807712,張美慧選前之夜 市區金三角熱鬧遊行
https://news.ltn.com.tw/news/politics/breakingnews/1807669,魏嘉賢選前之夜 洪秀柱「打響」藍軍聲勢
https://news.ltn.com.tw/news/local/paper/1025544,決戰花蓮市長 藍綠車拚到今夜
https://news.ltn.com.tw/news/politics/breakingnews/1806372,花蓮市長補選倒數決戰 洪秀柱盼收復失土
https://news.ltn.com.tw/news/local/paper/1025192,破停工謠言 東服︰蘇花改108年全線通車
https://news.ltn.com.tw/news/local/paper/1023840,花蓮市長補選 蘇花改又成藍綠攻防
https://news.ltn.com.tw/news/politics/breakingnews/1801293,花蓮市長補選 蘇花改成藍綠攻防
https://news.ltn.com.tw/news/local/paper/1022778,挺魏嘉賢 國民黨中常會移師花蓮火力全開
https://news.ltn.com.tw/news/local/paper/1022780,智慧科技圖書館喊卡 縣長再轟中央
https://news.ltn.com.tw/news/politics/breakingnews/1798697,洪秀柱花蓮參拜 誓言輔選「火力全開」
https://news.ltn.com.tw/news/politics/breakingnews/1798325,花蓮市長補選之戰 洪秀柱：指標性選舉
https://news.ltn.com.tw/news/life/breakingnews/1795715,感謝13名英雄！公路總局祭蘇花「開路先鋒爺」
https://news.ltn.com.tw/news/focus/paper/1021833,酒駕又超載 蘇花公路翻車 4死3傷
https://news.ltn.com.tw/news/local/paper/1021436,中客轉運湧人潮 台鐵蘇澳新站沒錢潮
https://news.ltn.com.tw/news/local/paper/1021126,張美慧推活化空間 闢停車場
https://news.ltn.com.tw/news/life/breakingnews/1787636,交通安全「答題有禮」 1100個獎品等你拿
https://news.ltn.com.tw/news/society/paper/1018790,兒財路被擋 鄉代會主席找黑道出頭
https://news.ltn.com.tw/news/local/paper/1018338,「蘇花改」未交管害撞車 居民嗆封路
https://news.ltn.com.tw/news/local/paper/1018339,漢本挖掘未定案 通車有變數
https://news.ltn.com.tw/news/society/breakingnews/1784811,不滿蘇花改工程污染影響交通安全 居民集結抗議
https://news.ltn.com.tw/news/focus/paper/1018059,監院疑關說華航人事 立委喊廢了吧／監委林雅鋒否認透過高層「關切」 俞智也聲明不應波及家人
https://news.ltn.com.tw/news/local/paper/1016320,輔選魏嘉賢 郝龍斌發揚龍馬精神
https://news.ltn.com.tw/news/politics/breakingnews/1779127,搶救漢本遺址 林昶佐：遙祭未知黃陵 卻挖眼前台灣遺址
https://news.ltn.com.tw/news/local/paper/1014230,宋楚瑜塞在雪隧 親民黨催生差別費率
https://news.ltn.com.tw/news/politics/breakingnews/1772249,宋楚瑜遲到半小時 雪隧塞車成話題
https://news.ltn.com.tw/news/local/paper/1010366,東服中心：蘇花改不延期、改線 與遺址共存
https://news.ltn.com.tw/news/life/breakingnews/1760561,7/15前繳今年度機車燃料使用費 有機會抽中大獎
https://news.ltn.com.tw/news/local/paper/1007054,漢本列國定遺址 林聰賢：有效保護協調
https://news.ltn.com.tw/news/politics/breakingnews/1749477,漢本列國定遺址 林聰賢：才能有效保護與協調工程
https://news.ltn.com.tw/news/life/paper/1006815,漢本升格成國定遺址 文化部不容工程破壞
https://news.ltn.com.tw/news/politics/breakingnews/1748723,漢本成國定遺址 文化部：不容許蘇花改工程破壞
https://news.ltn.com.tw/news/politics/breakingnews/1748538,獨家》南澳漢本遺址 確定升格國定遺址
https://news.ltn.com.tw/news/life/breakingnews/1746860,視察台鐵出軌現場 賀陳旦要求加強安全
https://news.ltn.com.tw/news/local/paper/1004533,漢本遺址爭國定 7/1文資會確認
https://news.ltn.com.tw/news/life/breakingnews/1741436,「搶救是合法的破壞」漢本前線主張遺址現地保留
https://news.ltn.com.tw/news/local/paper/1003507,原民博落腳三鶯 花蓮縣府六大理由拚翻盤
https://news.ltn.com.tw/news/politics/breakingnews/1737570,批蔡政府黑白搞 國民黨：928教師也該一起放假
https://news.ltn.com.tw/news/focus/paper/1001863,把脈雪隧通車10週年／年湧950萬輛次...中央地方開藥方 無速效藥
https://news.ltn.com.tw/news/local/paper/1001376,納北都生活圈 林聰賢：宜蘭要新定位
https://news.ltn.com.tw/news/politics/breakingnews/1732064,雪隧10年 宜縣長林聰賢：應將宜蘭納入北部生活圈規劃
https://news.ltn.com.tw/news/politics/breakingnews/1731975,雪隧塞車難解 吳澤成：憂心蘇花改未接國五衝擊更大
https://news.ltn.com.tw/news/politics/breakingnews/1731718,解決雪隧塞車困境  宜蘭縣議長促收入城稅
https://news.ltn.com.tw/news/local/paper/1001013,市長補選提名 國民黨謝宜萱、魏嘉賢領表
https://talk.ltn.com.tw/article/paper/1001079,自由廣場》第三者環評 確實不是好政策
https://news.ltn.com.tw/news/local/paper/996645,《小檔案》精緻農業—大南澳有機耕作
https://news.ltn.com.tw/news/local/paper/994850,蘇花公路坍方搶通 用路人注意落石
https://news.ltn.com.tw/news/local/paper/993424,蘇澳隧道貫通 蘇西社區冷泉水位降
https://news.ltn.com.tw/news/local/paper/992955,台鐵實名制購票 蕭美琴︰應擴大
https://news.ltn.com.tw/news/life/breakingnews/1703127,日本遊客來台 最常到北市、最愛逛九份
https://news.ltn.com.tw/news/local/paper/990149,地震又下大雨 蘇花公路落石阻路
https://news.ltn.com.tw/news/society/breakingnews/1697486,連續地震加大雨 蘇花巨大落石如小汽車
https://news.ltn.com.tw/news/local/paper/989873,花蓮發觀音隧道貫通石 近千人索取
https://news.ltn.com.tw/news/local/paper/989585,拓寬車禍多 民怨民有街變危路
https://news.ltn.com.tw/news/life/paper/989269,搶末批貫通石 他從南非飛回來
https://news.ltn.com.tw/news/life/breakingnews/1694797,頭香！ 台中男求抱孫 苦等一天獲貫通石
https://news.ltn.com.tw/news/society/breakingnews/1693793,為搶貫通石 台中男子苦等一天獲頭香
https://news.ltn.com.tw/news/society/breakingnews/1693280,宜縣警力不足遭猛批 警察局長：全力爭取
https://news.ltn.com.tw/news/local/paper/988046,30米路這麼寬 環團快閃反193線拓寬
https://news.ltn.com.tw/news/life/breakingnews/1688004,陳建宇對新任交長喊話 「聽聽地方政府的聲音」
https://news.ltn.com.tw/news/local/paper/986403,搶救蘇花改、花東快 議會再熱吵
https://news.ltn.com.tw/news/life/paper/986088,見證蘇花改觀音隧道貫通// 馬:希望新政府完成東澳至南澳段「最後一哩路」
https://news.ltn.com.tw/news/politics/breakingnews/1684438,8年沒接觸實務？ 賀陳旦：張揆說法太狹隘
https://news.ltn.com.tw/news/politics/breakingnews/1684334,沖之鳥礁事件！張善政：比照釣魚台 強力護漁
https://news.ltn.com.tw/news/politics/breakingnews/1683759,蘇花改撿到助孕貫通石 馬英九：要送給太太
https://news.ltn.com.tw/news/politics/breakingnews/1683743,見證觀音隧道貫通 馬英九：希望新政府完成最後一哩路
https://news.ltn.com.tw/news/politics/breakingnews/1683629,蘇花改問題  張善政：賀陳旦8年沒接觸實務
https://news.ltn.com.tw/news/local/paper/985590,搶救蘇花改 傅崐萁：包圍總統府抗議
https://news.ltn.com.tw/news/politics/breakingnews/1682776,搶救蘇花改 傅崐萁：花東不是二等公民
https://news.ltn.com.tw/news/politics/breakingnews/1682706,抗議未上台內閣 傅崐萁：不排除包圍總統府抗議
https://news.ltn.com.tw/news/life/breakingnews/1680921,4/30 各報重點新聞一覽
https://news.ltn.com.tw/news/local/paper/983632,市民廣場將變更商業區 縣庫估增20億
https://news.ltn.com.tw/news/life/breakingnews/1677241,新金雞母！ 花蓮市民廣場變商業區 縣府估賺20億
https://news.ltn.com.tw/news/local/paper/979826,花蓮193線拓寬環差審查 限期補正
https://news.ltn.com.tw/news/life/breakingnews/1665984,花蓮193縣道環差初審 結論「限期補正」
https://news.ltn.com.tw/news/life/paper/976965,蘇花改最後貫通石 5月發放
https://news.ltn.com.tw/news/life/breakingnews/1657189,最後一次！蘇花改觀音隧道貫通石 提前至五月中旬發放
https://news.ltn.com.tw/news/local/paper/973537,花蓮交通不便 學者︰留不住人才
https://news.ltn.com.tw/news/local/paper/973218,《完工近四個月》花蓮16股大道 最快4月中通車
https://news.ltn.com.tw/news/life/breakingnews/1642437,漢本遺址加入新團隊 蘇花改拚如期完工
https://news.ltn.com.tw/news/life/breakingnews/1638142,花東快速公路評估出爐 效益低興建可能性不高
https://news.ltn.com.tw/news/local/paper/970124,蘇花改半套 蕭美琴促瓶頸路段盡早評估
https://news.ltn.com.tw/news/politics/breakingnews/1636942,蘇花改做半套 蕭美琴要求大清水路段列評估
https://news.ltn.com.tw/news/life/paper/966388,關心漢本遺址 她上台大人類學
https://news.ltn.com.tw/news/life/breakingnews/1625783,台大繁星放榜 原民生為了漢本遺址選台大人類學系
https://news.ltn.com.tw/news/local/paper/965954,蘇花改經14斷層 耐規模7強震
https://news.ltn.com.tw/news/local/paper/965955,漢本列縣定遺址 蘇花改路線不變
https://news.ltn.com.tw/news/local/paper/965963,自行車路網 花蓮市規劃一心四環
https://news.ltn.com.tw/news/local/paper/965957,不要民粹 林聰賢：北宜直鐵應多方對話
https://news.ltn.com.tw/news/focus/paper/965560,搶救漢本 宜蘭列縣定遺址
https://news.ltn.com.tw/news/focus/paper/965559,藍委提案千億建花東快 被轟錢坑法案
https://news.ltn.com.tw/news/local/paper/965351,徐榛蔚成立花蓮服務處 傅崐萁牽手站台
https://news.ltn.com.tw/news/life/breakingnews/1619606,03/03 各報重點新聞一覽
https://news.ltn.com.tw/news/society/paper/964220,拖板車蘇花過彎翻滾 對撞遊覽車2死
https://news.ltn.com.tw/news/politics/breakingnews/1617853,200億修71公里路！ 藍委提案挨轟錢坑
https://news.ltn.com.tw/news/local/paper/962438,挖到百年「紅樓」遺址 一中學生盼保留
https://news.ltn.com.tw/news/local/paper/961338,蕭美琴如願 進立院交通委員會
https://news.ltn.com.tw/news/politics/breakingnews/1610793,實現承諾！蕭美琴入交通委員會
https://news.ltn.com.tw/news/local/paper/958751,震災應變 議員促成立專責特搜隊
https://news.ltn.com.tw/news/society/paper/957528,貫通石送子 好孕連連
https://news.ltn.com.tw/news/local/paper/957078,《蘇花改工程剩餘土石方》加工混凝土含鋼纖 被退貨
https://news.ltn.com.tw/news/local/paper/956505,因應蘇花改車潮 花蓮縣爭設停車場、轉運站
https://talk.ltn.com.tw/article/paper/956528,《自由廣場》公路可以跟文化平行
https://news.ltn.com.tw/news/local/paper/955796,蘇花改東澳隧道趕工 百人春節僅休3天
https://talk.ltn.com.tw/article/paper/955389,自由廣場》這塊土地，是祖先身上的灰塵
https://news.ltn.com.tw/news/life/paper/955005,具保存價值 漢本遺址保住啦
https://news.ltn.com.tw/news/life/breakingnews/1590731,漢本遺址 預定3月完成宜縣定遺址法定程序
https://news.ltn.com.tw/news/local/paper/954650,一人一信 促漢本列國定遺址
https://talk.ltn.com.tw/article/paper/954729,自由廣場》漢本遺址的「死人骨頭」非常重要
https://news.ltn.com.tw/news/life/breakingnews/1589753,蘇花改漢本遺址審議前夕  民團發起一人一信聲援
https://news.ltn.com.tw/news/local/paper/953443,縣長聘王廷升 任縣府常駐顧問
https://news.ltn.com.tw/news/local/paper/953129,小英承諾 給花蓮人安心回家的路
https://news.ltn.com.tw/news/local/paper/952691,漢本遺址挖掘增人手 年底可完成
https://news.ltn.com.tw/news/politics/breakingnews/1584462,盼蘇花改如期完工 蕭美琴邀官員確認進度
https://estate.ltn.com.tw/article/408,觀光飯店搶駐郊區 商機新亮點
https://news.ltn.com.tw/news/local/paper/951860,蘇花改延期通車? 花蓮縣府、立委：應如期完工
https://ent.ltn.com.tw/news/paper/951919,觀光飯店搶駐郊區 商機新亮點
https://news.ltn.com.tw/news/life/breakingnews/1581684,蘇花改要改線？ 烏龍訊息誤傳
https://news.ltn.com.tw/news/local/paper/951555,蘇花改漢本遺址爭議 工程處：10月可挖完
https://news.ltn.com.tw/news/life/paper/950972,蘇花改「路過」漢本遺址 文史團體籲改道
https://news.ltn.com.tw/news/life/breakingnews/1578668,捍衛「漢本遺址」田秋堇赴交通部抗議
https://news.ltn.com.tw/news/politics/breakingnews/1569351,挺她會被刁難...這家店的老闆仍要說實話！
https://news.ltn.com.tw/news/local/paper/946982,花蓮市區找停車位 手機App搞定
https://news.ltn.com.tw/news/local/paper/946680,李志鏞談漁業 主張捍衛漁權
https://news.ltn.com.tw/news/local/paper/946684,駁對手 王廷升︰花東快更重要
https://talk.ltn.com.tw/article/breakingnews/1559106,故事》花蓮縣長也不懂的事：蘇花改路線上的漢本遺址，如何改寫我們對臺灣歷史的認識？
https://news.ltn.com.tw/news/local/paper/945408,宜縣消防人力缺4成 消局︰107年補足
https://news.ltn.com.tw/news/life/paper/944977,環島一號線啟用 一人也能騎透透
https://news.ltn.com.tw/news/life/breakingnews/1556688,自行車環島1號線啟用 一個人也能環島
https://news.ltn.com.tw/news/local/paper/941582,花蓮193縣道拓寬 環差分析被退件
https://talk.ltn.com.tw/article/paper/941331,自由廣場》〈青年論政〉看看海昏侯 看看蘇花改
https://news.ltn.com.tw/news/politics/breakingnews/1537695,「國民黨執政真的很不錯」傳單 固票意味濃
https://talk.ltn.com.tw/article/breakingnews/1534499,芭樂人類學》考古遺址與工程：台灣遺址悲歌
https://news.ltn.com.tw/news/local/paper/939958,193縣道拓寬爭議 縣府回4訴求
https://news.ltn.com.tw/news/local/paper/938259,林聰賢挺蕭美琴 合作拚交通
https://news.ltn.com.tw/news/local/paper/937414,十六股大道將完工 縣府盼中央接管
https://news.ltn.com.tw/news/local/paper/937126,駁跳票說 公路總局︰僅Ｃ段
https://news.ltn.com.tw/news/local/paper/937125,傳考古挖掘擋蘇花改 縣長斥霸權
https://news.ltn.com.tw/news/life/breakingnews/1526196,赴蘇花改會勘  傅崐萁斥「考古霸權」
https://news.ltn.com.tw/news/life/breakingnews/1526180,駁斥蘇花改三度跳票  公路總局僅認C段延宕
https://news.ltn.com.tw/news/local/paper/936808,蘇花改蘇澳至東澳 106年如期通車
https://news.ltn.com.tw/news/local/paper/936809,海山西路 將配合拓寬成25米
https://news.ltn.com.tw/news/life/paper/936677,真假難辨! 網拍貫通石 喊價1888元
https://news.ltn.com.tw/news/local/paper/936310,最艱困選區 小英「全力改變花蓮」
https://news.ltn.com.tw/news/local/paper/936065,蘇花改延宕 傅崐萁：重考古更要重人命
https://news.ltn.com.tw/news/life/breakingnews/1521877,蘇花改通車又跳票 中研院槓上公路總局
https://news.ltn.com.tw/news/life/breakingnews/1521864,11/27 各報重點新聞一覽
https://news.ltn.com.tw/news/society/breakingnews/1518379,1200顆觀音貫通石 1小時發光
https://news.ltn.com.tw/news/local/paper/934879,卡到蘇花改 殉職碑暫遷大清水
https://news.ltn.com.tw/news/local/paper/934880,小檔案︰吳錦文紀念碑
https://news.ltn.com.tw/news/local/paper/934878,參選立委 王廷升鄭天財搶首日登記
https://news.ltn.com.tw/news/local/paper/934877,蘇花改貫通石 今再發1200顆
https://news.ltn.com.tw/news/life/breakingnews/1517911,蘇花改貫通石明發放1200顆 已有民眾漏夜排隊
https://news.ltn.com.tw/news/life/breakingnews/1516803,蘇澳海山西路商機大 成觀光工廠聚落
https://news.ltn.com.tw/news/local/paper/934122,觀音隧道貫通石 24日再送1200顆
https://news.ltn.com.tw/news/life/breakingnews/1515143,觀音隧道貫通石能助孕？ 婦產科醫師：有安撫效果
https://news.ltn.com.tw/news/local/paper/933838,東部火車票難買 交長推差別票價
https://news.ltn.com.tw/news/life/breakingnews/1510919,助妳好孕！新自強隧道貫通石3分鐘搶光
https://news.ltn.com.tw/news/life/paper/932318,蘇花改最長隧道 觀音隧道北上線貫通
https://news.ltn.com.tw/news/life/breakingnews/1508217,蘇花改最長觀音隧道 北上線貫通
https://news.ltn.com.tw/news/politics/breakingnews/1507135,監委關切蘇花改 縣議長：花蓮人要一條安全回家的路
https://news.ltn.com.tw/news/society/breakingnews/1506232,蓋國家級帆船訓練場 蘇澳豆腐岬海岸大改造
https://news.ltn.com.tw/news/local/paper/930309,【小檔案】193縣道拓寬計畫
https://news.ltn.com.tw/news/local/paper/930308,193縣道拓寬公聽會 新城人槓環團
https://news.ltn.com.tw/news/local/paper/929725,雨後清水斷崖 遊客搶拍
https://news.ltn.com.tw/news/society/breakingnews/1497592,蘇花放晴 清水斷崖湧入遊客觀景
https://news.ltn.com.tw/news/local/paper/928062,蘇花改添利器 引進「紅螞蟻」鑽堡機
https://news.ltn.com.tw/news/local/paper/927095,蘇花改再延宕 縣長︰絕不會蘇花停
https://news.ltn.com.tw/news/local/paper/927093,蘇澳箕山橋拓寬 聖愛路預留寬度增
https://news.ltn.com.tw/news/life/breakingnews/1487598,因應蘇花改通車 蘇澳鎮箕山橋拓寬五倍
https://news.ltn.com.tw/news/local/paper/922921,南澳農場 宜縣府擬打造成「武陵農場」
https://news.ltn.com.tw/news/focus/paper/922544,登記參選前 宋揶揄國民黨還能換三次
https://news.ltn.com.tw/news/politics/breakingnews/1470195,談換柱 宋楚瑜：國民黨還可以換3次
https://news.ltn.com.tw/news/life/paper/922081,蘇花改又延 花蓮縣長要中央補償
https://news.ltn.com.tw/news/local/paper/922365,砸1.2億元 蘇澳箕山橋改善動工
https://news.ltn.com.tw/news/life/breakingnews/1469109,蘇花改再延 傅崐萁遺憾：中央降稅、開返鄉專車
https://news.ltn.com.tw/news/life/paper/921782,蘇花改全線通 再延到108年底
https://news.ltn.com.tw/news/life/breakingnews/1467754,公路總局長：蘇花改再改108年底全線通車
https://news.ltn.com.tw/news/focus/paper/919474,杜鵑狂啼! 蘇澳瞬間陣風逾17級
https://news.ltn.com.tw/news/life/breakingnews/1459090,杜鵑颱風威力強 蘇花改組合屋遭吹走
https://news.ltn.com.tw/news/life/breakingnews/1458524,颱風來襲花蓮火車站擠爆 在地人變苦主哭哭
https://news.ltn.com.tw/news/local/paper/918954,花蓮市新路徵名 網路票選抽獎
https://news.ltn.com.tw/news/local/paper/915208,中客湧入 花蓮新城站旅客10年增28倍
https://news.ltn.com.tw/news/life/breakingnews/1436218,蘇花改大缺工 疑受宜縣農舍趕建影響
https://news.ltn.com.tw/news/local/paper/912817,消防人力少3成 蘇花改救災隱憂
https://news.ltn.com.tw/news/local/paper/911907,建案非法僱用外勞 宜議員促連罰包商
https://news.ltn.com.tw/news/life/paper/910985,蘇花改通車後 北花直達客運可望復駛
https://news.ltn.com.tw/news/local/paper/909904,花蓮市區增劃停車格 暫不收費
https://ent.ltn.com.tw/news/breakingnews/1411398,苦等22hr求「貫通石」助孕！齊柏林竟說...
https://news.ltn.com.tw/news/life/paper/906103,排隊22小時求好孕 搶光觀音貫通石
https://news.ltn.com.tw/news/society/breakingnews/1409482,求子求孫等22小時 蘇花改貫通石1千顆發完（影音）
https://news.ltn.com.tw/news/local/paper/905067,蘇花改遇風襲 工程恐誤一週
https://news.ltn.com.tw/news/focus/paper/905135,「地在搖、房在晃」暴雨灌宜蘭 淹成水世界
https://news.ltn.com.tw/news/life/breakingnews/1405473,宜蘭丟丟噹公園傳災情  幾米火車車廂被吹斷
https://news.ltn.com.tw/news/life/breakingnews/1405177,蘇迪勒颱風風雨強 蘇花改工寮坍塌4人輕傷
https://news.ltn.com.tw/news/life/breakingnews/1400901,觀音菩薩加持 蘇花改將發放1000顆貫通石
https://news.ltn.com.tw/news/local/paper/903600,交長︰有信心蘇花改106年底完工
https://news.ltn.com.tw/news/local/paper/903601,蘇花改出土遺址 漢本人疑最早台商
https://news.ltn.com.tw/news/life/paper/903481,觀音得道日 蘇花改觀音隧道通了
https://news.ltn.com.tw/news/life/breakingnews/1399607,蘇花改觀音隧道貫通 預計106年12月完工
https://news.ltn.com.tw/news/life/breakingnews/1399451,觀音菩薩得道日 蘇花改觀音隧道貫通
https://news.ltn.com.tw/news/local/paper/902285,因應蘇花改車流 箕山橋將拓寬
https://news.ltn.com.tw/news/life/breakingnews/1390834,政風人員穿比基尼 「音浪頭城」宣傳廉政
https://news.ltn.com.tw/news/life/paper/900474,漢本遺址新文物出土 蘇花改通車恐延半年
https://news.ltn.com.tw/news/life/breakingnews/1386803,網媒：核廢料最終場址鎖定大南澳地區
https://news.ltn.com.tw/news/local/paper/897140,宜蘭副縣長吳澤成 擬以無黨籍選立委
https://news.ltn.com.tw/news/politics/breakingnews/1376346,宜蘭副縣長吳澤成 表態想參選立委
https://news.ltn.com.tw/news/local/paper/895698,探討在地議題 蘇澳國中獲環教獎
https://news.ltn.com.tw/news/life/breakingnews/1370187,確認不影響東部列車調度 蘇花改環差過關
https://news.ltn.com.tw/news/local/paper/893712,蘇澳蘇港路不平 盼公路總局接管
https://news.ltn.com.tw/news/local/paper/888932,載客量銳減 花蓮航站盼包機
https://news.ltn.com.tw/news/local/paper/888620,警擴建監視器 律師提醒勿侵犯隱私
https://news.ltn.com.tw/news/local/paper/886604,飛車肇逃 193縣道成野貓墳場
https://news.ltn.com.tw/news/society/breakingnews/1339135,不忍再收貓屍 新城鄉民自設「貓牌」籲減速
https://news.ltn.com.tw/news/local/paper/884648,南迴鐵路電氣化 交長允夜間施工不停駛
https://news.ltn.com.tw/news/local/paper/883557,解塞車苦 花蓮市郊將設2停車場
https://news.ltn.com.tw/news/local/paper/882172,基福公路延伸頭城 地方再爭取
https://news.ltn.com.tw/news/local/paper/881275,花縣發展計畫 環團：還是一堆開發案
https://news.ltn.com.tw/news/local/paper/879549,193縣道三棧到七星潭 新城人盼速拓寬
https://news.ltn.com.tw/news/society/paper/877820,掃黑 逮南澳鄉代主席
https://news.ltn.com.tw/news/society/breakingnews/1307627,南澳鄉代會主席列治平掃黑對象 被拘提到案
https://news.ltn.com.tw/news/local/paper/874969,隧道為家 邵厚潔擔蘇花改使命
https://news.ltn.com.tw/news/life/breakingnews/1298093,蘇花改幕後英雄 1457名各國工程人員攜手打拼
https://news.ltn.com.tw/news/local/paper/874434,花市有異見 佳林5號橋暫緩改建
https://news.ltn.com.tw/news/life/breakingnews/1296180,新城佳林五號橋暫緩改建 嘉邑行善團祈請諸神「退駕」
https://ec.ltn.com.tw/article/breakingnews/1294689,炒完都市炒鄉村！東部鄉鎮土地價格飆漲逾150％
https://news.ltn.com.tw/news/local/paper/871846,蘇花改遇斷層 通車再延一年
https://news.ltn.com.tw/news/politics/breakingnews/1284558,4/12各報重點新聞一覽
https://news.ltn.com.tw/news/life/paper/870858,不用炸藥改以機械挖掘/蘇花改武塔隧道 貫通
https://news.ltn.com.tw/news/politics/breakingnews/1284501,4/11 晚安新聞
https://news.ltn.com.tw/news/life/breakingnews/1284167,蘇花改武塔隧道南下線貫通
https://news.ltn.com.tw/news/life/breakingnews/1281898,蘇花公路武塔隧道 11日貫通
https://news.ltn.com.tw/news/life/paper/869983,蘇花改遇斷層帶 後年恐難完工
https://news.ltn.com.tw/news/life/breakingnews/1280803,蘇花改東澳段遇斷層帶 2017年完工添變數
https://news.ltn.com.tw/news/local/paper/869778,桃園航空城炒手 轉戰花蓮炒房
https://news.ltn.com.tw/news/local/paper/865872,去年遊客數破千萬 用水量增百萬噸
https://ent.ltn.com.tw/news/paper/864638,交通建設大邁進 東部土地交易熱
https://news.ltn.com.tw/news/life/paper/863658,床放觀音隧道貫通石 求子15年好孕到
https://news.ltn.com.tw/news/life/breakingnews/1259582,蘇花改貫通石助不孕夫妻一舉得男
https://talk.ltn.com.tw/article/paper/860437,自由廣場》靜思：台灣沒多大 幹嘛挖挖挖
https://news.ltn.com.tw/news/life/paper/858831,全台原民放狼煙 爭取自決權
https://news.ltn.com.tw/news/local/paper/853397,春節、二二八連假 國道客運停駛全程車
https://news.ltn.com.tw/news/local/paper/851767,包商倒閉 工程延後 蘇花改最快108年通車
https://news.ltn.com.tw/news/local/paper/849842,消防衣汰舊換新 宜縣砸千萬保安全
https://news.ltn.com.tw/news/local/paper/842659,《蟬連逾10年》花蓮地王 每坪113.7萬元
https://news.ltn.com.tw/news/local/paper/842145,傅崐萁連任就職 自認最清廉
https://news.ltn.com.tw/news/local/paper/837476,拓寬台9線 交通部補助16.6億
https://news.ltn.com.tw/news/life/paper/837110,千顆蘇花改貫通石 半小時秒殺
https://news.ltn.com.tw/news/life/breakingnews/1175831,蘇花改貫通石 千顆發放半小時秒殺
https://news.ltn.com.tw/news/local/paper/834865,發展面臨轉型 考驗五星縣長
https://news.ltn.com.tw/news/local/paper/834259,傅崐萁推觀光 蔡啟塔爭福利
https://news.ltn.com.tw/news/life/breakingnews/1165222,求才淡季 住宿業職缺反大增32.2％
https://news.ltn.com.tw/news/local/paper/828378,林聰賢蘇澳拚觀光 邱淑媞礁溪拜票
https://news.ltn.com.tw/news/local/paper/828101,「毒」你千遍不厭倦 林世奇行動劇諷魏家
https://news.ltn.com.tw/news/life/paper/825761,蘇花改首座主隧道 東岳隧道貫通
https://news.ltn.com.tw/news/life/breakingnews/1143533,蘇花改貫通首座隧道 東澳到蘇澳106年通車
https://news.ltn.com.tw/news/local/paper/824199,花蓮大橋以南 193縣道發展單車道
https://news.ltn.com.tw/news/local/paper/822713,兩人都選縣長 傅崐萁夫妻萬人造勢
https://news.ltn.com.tw/news/local/paper/820071,拓寬193縣道配合款 縣長打包票
https://news.ltn.com.tw/news/local/paper/819460,全國最長行善橋 仁本橋通車
https://news.ltn.com.tw/news/life/breakingnews/1123802,全國最長「行善橋」 仁本橋完工通車
https://news.ltn.com.tw/news/local/paper/818465,北迴線票難買 葉匡時鼓勵鐵公路聯運
https://news.ltn.com.tw/news/local/paper/818150,迎蘇花改通車 傅崐萁：積極拓寬聯外道
https://news.ltn.com.tw/news/local/paper/818151,嘉邑行善團助建 仁本橋6日通車
https://news.ltn.com.tw/news/local/paper/817846,選情初探》南澳鄉等山地原住民縣議員：國民黨內戰 三同志搶一席
https://news.ltn.com.tw/news/local/paper/816794,蘇花改通車前 193縣道先拓寬
https://news.ltn.com.tw/news/local/paper/816198,爭取10多年 美崙對外交通有解
https://news.ltn.com.tw/news/local/paper/811609,大南澳整合 打造全國首處有機休閒農業區
https://news.ltn.com.tw/news/local/paper/811610,花蓮火車站擴建 空間增6倍
https://news.ltn.com.tw/news/local/paper/810321,半歲兒哭聲中 柯賜海登記選縣長
https://news.ltn.com.tw/news/politics/breakingnews/1096917,柯賜海帶稚子 完成花蓮縣長登記
https://news.ltn.com.tw/news/local/paper/809687,人口降至33.3萬 創43年來新低
https://news.ltn.com.tw/news/local/paper/808384,蘇花改通車遊客增 水公司盼增地下水井
https://news.ltn.com.tw/news/life/breakingnews/1091677,北宜直鐵公聽會 公民團體：效益在哪？
https://news.ltn.com.tw/news/local/paper/804105,和平溪大橋 橋面月底接合
https://news.ltn.com.tw/news/local/paper/796024,核廢選址大南澳？ 宜蘭嚴拒
https://news.ltn.com.tw/news/local/paper/792453,電動公車開跑 半年內免費搭乘
https://news.ltn.com.tw/news/life/breakingnews/1042026,花東鐵路電氣化 未完全驗收就搶通
https://news.ltn.com.tw/news/local/paper/791077,改善南澳平交道 地方盼高架化
https://news.ltn.com.tw/news/life/breakingnews/1040520,南澳平交道改善 地方盼鐵路高架
https://news.ltn.com.tw/news/life/breakingnews/1016759,號稱超六星 花蓮卿蓬國際酒店動土
https://news.ltn.com.tw/news/local/paper/780744,國內線冷清 花蓮朝觀光機場挺進
https://news.ltn.com.tw/news/local/paper/780437,因應蘇花改通車 規劃交通紓導
https://news.ltn.com.tw/news/local/paper/779093,因應蘇花改車潮 蘇澳箕山橋將拓寬
https://news.ltn.com.tw/news/life/breakingnews/1007191,因應蘇花改開通 蘇澳箕山橋將擴建
https://news.ltn.com.tw/news/local/paper/778793,首批綠能公車 下月初啟動
https://news.ltn.com.tw/news/local/paper/777447,花東快等交通建設 交部考察
https://news.ltn.com.tw/news/local/paper/777133,疏導蘇花改車流 規劃東西分流
https://news.ltn.com.tw/news/local/paper/777134,紓解蘇花改車潮 2-18道路進度超前
https://news.ltn.com.tw/news/local/paper/774930,嚴重缺工 陽大附醫進度小落後
https://news.ltn.com.tw/news/local/paper/774141,綠博聯合婚禮 新人打扮農情蜜意
https://news.ltn.com.tw/news/local/paper/773362,北宜直鐵 宜縣府盼長短程分離營運
https://news.ltn.com.tw/news/life/paper/772921,學者︰經6斷層30礦坑 北宜直鐵風險高
https://news.ltn.com.tw/news/local/paper/770778,交通利多 房產交易比去年增2成
https://news.ltn.com.tw/news/local/paper/769835,《小檔案》呂家華
https://news.ltn.com.tw/news/local/paper/768110,蘇花改配套 拓寬花蓮民有街惹議
https://news.ltn.com.tw/news/local/paper/764915,蘇花改觀音隧道工程 使用人車定位系統
https://news.ltn.com.tw/news/life/breakingnews/970572,3/19 各報重點新聞一覽
https://news.ltn.com.tw/news/local/paper/762257,因應蘇花改 花蓮公所擬闢停車場
https://news.ltn.com.tw/news/local/paper/761662,仁水隧道改雙孔? 工程單位：重做環評費時
https://news.ltn.com.tw/news/life/paper/760400,路長160公里 花東快經費 初估千億
https://news.ltn.com.tw/news/local/paper/758289,花東首條快速路評估 年底出爐
https://news.ltn.com.tw/news/local/paper/756115,蘇花改徵才 招募在地百名鄉親
https://news.ltn.com.tw/news/local/paper/756112,南澳平交道 蘇花瓶頸改善有譜
https://news.ltn.com.tw/news/local/paper/755508,陽大附醫蘭陽院區 缺工延宕
https://news.ltn.com.tw/news/local/paper/755511,86歲嬤想抱曾孫 排長龍領貫通石
https://news.ltn.com.tw/news/local/paper/755201,縣長拜會交部 普悠瑪不漲了
https://news.ltn.com.tw/news/local/paper/753519,〈送子招好孕？〉觀音隧道貫通石 民眾搶領
https://news.ltn.com.tw/news/local/paper/752462,因應蘇花改 市區道路大改造
https://news.ltn.com.tw/news/society/breakingnews/945731,新車走蘇花遇落石 駕駛命大駝石塊求援
https://news.ltn.com.tw/news/life/paper/751168,初一現車潮 國道今明會更塞
https://news.ltn.com.tw/news/society/breakingnews/944075,蘇花改包商 行賄不成反被判刑
https://news.ltn.com.tw/news/local/paper/748565,新城站旅客多 村長盼設遊客中心
https://news.ltn.com.tw/news/local/paper/747815,2月招末標 蘇花改將全面施工
https://ec.ltn.com.tw/article/paper/746414,觀光題材熱 花蓮房產漲15％
https://news.ltn.com.tw/news/focus/paper/741940,破壞水脈、地質更不穩 環團籲北宜直鐵別蓋了
https://news.ltn.com.tw/news/society/breakingnews/925019,蘇花改傳工安意外 1工人重傷
https://news.ltn.com.tw/news/politics/breakingnews/924843,馬談歷史定位 網友：死亡之握最有效率
https://news.ltn.com.tw/news/local/paper/741021,房市熱 土增稅較去年同期增3.5億
https://news.ltn.com.tw/news/local/paper/740283,每坪98萬 統大鞋坊蟬聯地王
https://news.ltn.com.tw/news/local/paper/740017,路線變更 蘇花改將分段通
https://news.ltn.com.tw/news/local/paper/740016,落石不斷 蘇花武塔到漢本夜間封路
https://news.ltn.com.tw/news/local/paper/738428,蘇花改展示館開幕 參訪先預約
https://news.ltn.com.tw/news/local/paper/737880,市區停車格太「迷你」 將重新劃設
https://news.ltn.com.tw/news/local/paper/736802,蘇花改工安事故多 立委促懲處
https://news.ltn.com.tw/news/local/paper/732158,市區5路段 增設停車格
https://news.ltn.com.tw/news/local/paper/731844,首批綠能公車 明年底啟用
https://news.ltn.com.tw/news/local/paper/731032,IMAX影城動工 東台灣第一家
https://news.ltn.com.tw/news/local/paper/730806,捷運延伸基隆 議會找北捷評估
https://news.ltn.com.tw/news/local/paper/728104,「花東快」可行性評估 後年8月完成
https://news.ltn.com.tw/news/local/paper/723469,沈世宏視察蘇花改 要求保護遺址
https://news.ltn.com.tw/news/local/paper/719225,〈蘇花改工程〉強風殺人 工人7樓高墜死
https://news.ltn.com.tw/news/local/paper/717990,花蓮美崙聯外路 下月動工
https://news.ltn.com.tw/news/local/paper/715092,台九線拓寬 鳳林到玉里鎮段納入
https://news.ltn.com.tw/news/local/paper/694033,南下卡卡 花蓮新生橋下將闢迴轉道
https://news.ltn.com.tw/news/life/breakingnews/823603,蘇花改施工 隧道增設紅綠燈
https://news.ltn.com.tw/news/local/paper/679958,藍色公路試航 麗娜輪抵花 盼常態營運
https://news.ltn.com.tw/news/local/paper/675846,視察蘇花改 花縣長：以雪隧為鑑
https://news.ltn.com.tw/news/local/paper/667657,中橫推綠能公車 太管處促先提高運能
https://news.ltn.com.tw/news/local/paper/665385,遊覽車塞爆 太魯閣擬推綠能公車
https://news.ltn.com.tw/news/local/paper/664254,《反對計程收費》國5平原線 宜縣長：聯絡性道路
https://news.ltn.com.tw/news/local/paper/664260,花蓮娛樂文化展售中心 動土
https://news.ltn.com.tw/news/local/paper/658690,長隧道趕工 蘇花改關鍵 拚106年通車
https://news.ltn.com.tw/news/local/paper/653420,蘇花改緩衝期 先提升品質
https://news.ltn.com.tw/news/local/paper/653419,觀光復甦╱去年遊客890萬人次 歷年第2高
https://news.ltn.com.tw/news/local/paper/653113,一天800人次 鐵公路聯運不叫座
https://news.ltn.com.tw/news/local/paper/651970,《列優先施工》蘇花改東澳段 地方聲聲催
https://news.ltn.com.tw/news/focus/paper/652033,新任交長葉匡時／「面對2個老闆 只能乖乖做夥計」
https://news.ltn.com.tw/news/local/paper/651728,交通不便、就業難 人口流失主因
https://news.ltn.com.tw/news/life/paper/651596,21高中職 面臨倒閉風險
https://news.ltn.com.tw/news/local/paper/650481,《憂污染有機田》南澳設混凝土場 農民堅拒
https://ec.ltn.com.tw/article/paper/650612,《台股點金術》大南港案土地 貢獻工信每股近7元
https://ec.ltn.com.tw/article/paper/642998,〈熱門權證〉鋼鐵水泥轉強 可介入
https://news.ltn.com.tw/news/life/paper/641028,漢本遺址搶挖 讓「蘇花改」搭便道趕工
https://news.ltn.com.tw/news/life/paper/640764,交部明年將評估花東快速路可行性／蘇花路搶修 最快29日通行小客車
https://news.ltn.com.tw/news/politics/breakingnews/742246,花東快有譜　交通部長：明年評估
https://news.ltn.com.tw/news/local/paper/639881,交通陷困境 綠號召1.13北上抗議
https://news.ltn.com.tw/news/local/paper/639880,北迴線一票難求╱毛治國︰明年解決
https://news.ltn.com.tw/news/life/breakingnews/739417,蘇花斷　綠委籲開放藍色公路
https://news.ltn.com.tw/news/local/paper/639091,退房逾5成…花蓮業者4訴求 向中央呼救
https://news.ltn.com.tw/news/local/paper/639092,【看問題】路斷…非第一次 應變…仍無機制
https://news.ltn.com.tw/news/politics/breakingnews/738007,12/15各報重點新聞一覽
https://news.ltn.com.tw/news/local/paper/638420,台鐵加開班次 疏運花蓮旅客
https://news.ltn.com.tw/news/local/paper/637305,花東快速路 明年進行可行性規劃
https://news.ltn.com.tw/news/local/paper/634820,《20幾億剩1億200萬》基港盈餘縮水 藍綠猛轟「差太多」
https://news.ltn.com.tw/news/local/paper/627406,逝世6週年／回顧「陳青天」從政路 特展明開幕
https://news.ltn.com.tw/news/local/paper/627407,住宿垃圾多╱議員促推低碳旅遊
https://news.ltn.com.tw/news/life/paper/626781,蘇花改生態停工機制 花蓮議員批
https://news.ltn.com.tw/news/politics/breakingnews/711346,蘇花改鳥類少於97隻就停工？　傅崐萁轟不合理
https://news.ltn.com.tw/news/politics/breakingnews/710872,10/19各報重點新聞一覽
https://news.ltn.com.tw/news/local/paper/623003,1天推進2公尺 蘇花改 隧道工程順利
https://news.ltn.com.tw/news/local/paper/621255,《蘇花改和中大清水段》可望提前半年通車
https://news.ltn.com.tw/news/life/paper/619949,蘇花改挖隧道 排煙比照雪隧
https://news.ltn.com.tw/news/local/paper/617705,安居隱憂 蘇花改經土石流區
https://news.ltn.com.tw/news/local/paper/617001,《閱讀延伸》蘇花改和平溪橋 進度超前逾10％
https://news.ltn.com.tw/news/local/paper/617000,《砂石車禁行蘇花改》運礦砂 鐵路、海運為主
https://news.ltn.com.tw/news/local/paper/613440,《路小彎曲、落石頻傳…將加強太魯閣口至天祥段安全設施》 安全暢遊太魯閣 太管處啟動保護計劃
https://news.ltn.com.tw/news/life/paper/608771,胡志強提中橫改 青山德基段隧道化
https://news.ltn.com.tw/news/life/paper/608513,梨山賓館年底重開張 廣告掀話題
https://news.ltn.com.tw/news/life/paper/596701,【地理解題】算簡單 圖表題10年來最少 難題不多
https://news.ltn.com.tw/news/life/breakingnews/661670,指考》地理難考題生活化　iPod及蘇花改入題
https://news.ltn.com.tw/news/life/paper/585560,大貨車走雪隧 高公局傾向不放行
https://news.ltn.com.tw/news/local/paper/583192,蘇花改救災體制 直升機納入
https://news.ltn.com.tw/news/local/paper/583187,蘇花改穿祖墳？ 隧道口距墓34公尺
https://news.ltn.com.tw/news/life/paper/582255,「蘇花改」穿祖墳 泰雅人盼改道
https://talk.ltn.com.tw/article/paper/571652,《武塔故事》讓靈魂回家
https://news.ltn.com.tw/news/life/paper/565599,山里隧道貫通／花東鐵路電氣化 明年底上路
https://news.ltn.com.tw/news/focus/paper/562999,新國道// 高雄建國七 中部國四延伸
https://news.ltn.com.tw/news/local/paper/555029,國五礁溪上下匝道 交部允興建
https://news.ltn.com.tw/news/local/paper/554076,選前夜激鬥 賴坤成高喊 離勝利最近的一次
https://news.ltn.com.tw/news/local/paper/553837,選前大動作 賴坤成告王廷升、張智超、傅（左山右昆）萁
https://news.ltn.com.tw/news/politics/paper/552816,宋攻後山藍票倉 籲「把我宋進總統府」
https://news.ltn.com.tw/news/local/paper/551823,電視政見會 選將攻防猛 歷屆最激烈
https://news.ltn.com.tw/news/politics/breakingnews/580360,總統大選》環境和文化若衝突　馬：文化優先
https://news.ltn.com.tw/news/focus/paper/540605,有了雪隧 環團:不需砸錢蓋直鐵
https://talk.ltn.com.tw/article/paper/537364,德國向法國買電？
https://ec.ltn.com.tw/article/paper/530933,政府釋利多 營造股Q4可望上攻
https://news.ltn.com.tw/news/local/paper/527901,蘇花改谷風隧道 工信得標
https://news.ltn.com.tw/news/life/paper/527041,蘇花改急就章 環團批路線不當
https://news.ltn.com.tw/news/local/paper/522293,北宜直鐵 宜縣長促中央速核定
https://news.ltn.com.tw/news/focus/paper/518280,細數政見 馬自誇：兌現九成
https://news.ltn.com.tw/news/life/paper/517450,環團批 蘇花改分標起跑 太魯閣國家公園恐破相
https://news.ltn.com.tw/news/life/paper/515960,迴頭彎新工法 開隧道不挖山壁
https://news.ltn.com.tw/news/local/paper/510241,蘇花改將闢建直升機平台
https://news.ltn.com.tw/news/society/paper/501319,山崩預警系統 奧國捐贈花縣
https://news.ltn.com.tw/news/local/paper/492968,停車亂象 議員看不下去
https://news.ltn.com.tw/news/local/paper/488755,兆豐農場 規劃五星級旅館
https://talk.ltn.com.tw/article/paper/479619,陳椒華被打，馬政府知恥嗎？
https://news.ltn.com.tw/news/local/paper/477448,《兩強搶頭香》王廷升尋連任 何禮臺籲公平
https://news.ltn.com.tw/news/local/paper/476010,綠色旅遊趣 fun心慢遊中橫布洛灣
https://news.ltn.com.tw/news/local/paper/474648,《蘇花改重車減量》鐵路接港埠 複式運礦石
https://news.ltn.com.tw/news/local/paper/472700,航空減價1成 搭乘率近7成
https://news.ltn.com.tw/news/local/paper/471933,蘇花改還早／遊客直直落 花蓮人請命
https://news.ltn.com.tw/news/life/paper/471843,馬視察蘇花 要求汛期前每月演習
https://news.ltn.com.tw/news/focus/paper/471992,馬吳視察蘇花 副手話題發燒
https://news.ltn.com.tw/news/politics/breakingnews/467527,蘇花改　傅崐萁向馬爭5年完工通車
https://news.ltn.com.tw/news/local/paper/471677,花蓮拚觀光 蘇花公路健行
https://news.ltn.com.tw/news/life/breakingnews/466987,蘇花健行活動開跑　傅崐萁領隊
https://news.ltn.com.tw/news/focus/paper/464176,蘇花改動工 預計106年通車
https://news.ltn.com.tw/news/focus/paper/460530,拿催生蘇花改魄力 改善用路安全！
https://news.ltn.com.tw/news/local/paper/458689,談氣候變遷 李遠哲：國光石化不應設廠
https://news.ltn.com.tw/news/life/paper/455178,蘇花改採國際標？政院今與交通部研議
https://news.ltn.com.tw/news/local/paper/453649,花蓮對外航空 減價近一成
https://news.ltn.com.tw/news/life/paper/452323,蘇花公路 增建六座明隧道
https://news.ltn.com.tw/news/local/paper/451849,水災後 宜蘭餅生意掉五成
https://ec.ltn.com.tw/article/paper/450457,蘇花改啟動  東鋼明年獲利豐
https://news.ltn.com.tw/news/life/paper/446833,隧道改雙孔 蘇花改經費增30億
https://news.ltn.com.tw/news/local/paper/446655,轉運效應 新城火車站運量增4倍
https://news.ltn.com.tw/news/life/paper/444372,環團建議 地質資料應註記在地籍謄本
https://news.ltn.com.tw/news/local/paper/444460,蘇花砂石車呼嘯過 觀光界罵
https://ec.ltn.com.tw/article/paper/444008,吳揆：社會住宅地點 今公布
https://news.ltn.com.tw/news/life/paper/443805,蘇花公路提前搶通 昨天下午開放通行
https://news.ltn.com.tw/news/politics/paper/443721,《一周大事》2010年11月7日至13日
https://ec.ltn.com.tw/article/paper/442851,蘇花改將動工 鋼鐵股打入強心針
https://news.ltn.com.tw/news/life/paper/442649,反國光石化 環團邀總統遊行
https://news.ltn.com.tw/news/life/paper/442322,蘇花改有條件過關／環團︰環評史上最黑暗的一天
https://news.ltn.com.tw/news/politics/breakingnews/430672,蘇花改環評過關　立委：飆車式環評
https://news.ltn.com.tw/news/life/breakingnews/430624,蘇花改通過環評　各界意見不一
https://news.ltn.com.tw/news/life/paper/441789,南迴公路改線案 明年動工
https://news.ltn.com.tw/news/life/paper/441028,蘇花改 新永春隧道安全存疑
https://news.ltn.com.tw/news/life/paper/440771,落髮抗議 蘇花改環評草率
https://news.ltn.com.tw/news/local/paper/440849,《蘇花改工期5～7年》交通黑暗期 府會要中央救觀光
https://news.ltn.com.tw/news/politics/breakingnews/428188,不滿蘇花改通過草率　綠黨成員剃髮抗議
https://news.ltn.com.tw/news/life/paper/440449,蘇花改環評 環團批調查不周延
https://news.ltn.com.tw/news/local/paper/440551,蘇花改有譜 縣議會復會有望
https://news.ltn.com.tw/news/local/paper/440549,《消失的C517》見證蘇花高20年變折
https://news.ltn.com.tw/news/life/breakingnews/427991,蘇花改應二階段環評？　環保署：照程序走
https://news.ltn.com.tw/news/focus/paper/440301,蘇花改環評初審 有條件過關
https://news.ltn.com.tw/news/focus/paper/440322,搶快闖關 環團批最壞示範
https://news.ltn.com.tw/news/focus/paper/440320,有譜啦 花蓮人開心回家
https://news.ltn.com.tw/news/focus/paper/440323,長隧道他山石 首重地質調查
https://news.ltn.com.tw/news/focus/paper/440324,蘇花高誰拖延 藍綠互批對方
https://news.ltn.com.tw/news/focus/paper/440321,大家談
https://news.ltn.com.tw/news/world/breakingnews/427669,包裹炸彈襲法國總統　希臘及時攔截
https://news.ltn.com.tw/news/politics/breakingnews/427641,毛治國：蘇花改望105年底分段通車
https://news.ltn.com.tw/news/life/breakingnews/427640,蘇花改有譜　花蓮民眾振臂高呼
https://news.ltn.com.tw/news/politics/breakingnews/427581,蘇花改環評初審　有條件過關
https://news.ltn.com.tw/news/life/breakingnews/427528,吳揆承諾　12月蘇花改「雲開見月」
https://news.ltn.com.tw/news/life/breakingnews/427342,花蓮萬人北上陳情　環團徹夜靜坐
https://news.ltn.com.tw/news/local/paper/439987,花蓮人喚蘇花高 吳揆只談蘇花改
https://news.ltn.com.tw/news/life/paper/439913,《星期專訪》陳宏宇：建蘇花改 政府準備好了嗎？
https://news.ltn.com.tw/news/life/paper/439915,「環評應審慎」環團憂草率放行
https://news.ltn.com.tw/news/life/paper/439914,花蓮人繞南迴 北上爭活路
https://news.ltn.com.tw/news/politics/breakingnews/427152,花蓮人要蘇花高　吳敦義猛談蘇花改
https://news.ltn.com.tw/news/life/paper/439443,爭建蘇花高 臉書連署達1.6萬人
https://news.ltn.com.tw/news/life/breakingnews/426558,速建蘇花高？　立委建議網友連署
https://talk.ltn.com.tw/article/paper/439340,蘇花 要改不要炒
https://news.ltn.com.tw/news/politics/breakingnews/426267,政院安撫蘇花改動工　地方不接受
https://news.ltn.com.tw/news/life/paper/438881,要安全的路 台東宜蘭紛聲援
https://news.ltn.com.tw/news/politics/breakingnews/425520,蘇花交通成重點　謝長廷憂環評遭干涉
https://news.ltn.com.tw/news/politics/breakingnews/425480,馬曾提「花東幸福工程」　綠批跳票
https://news.ltn.com.tw/news/focus/paper/438454,環保人士︰蘇花改環評 絕不能草率
https://news.ltn.com.tw/news/focus/paper/438452,蘇花奪命…花蓮爭建「全新省道」
https://news.ltn.com.tw/news/local/paper/438330,阿里山遇雨即坍 張花冠促建纜車
https://news.ltn.com.tw/news/focus/paper/438453,蘇花崩坍／鐵路接駁應急 花東觀光剉咧等
https://news.ltn.com.tw/news/politics/breakingnews/425113,梅姬》傅崐萁嗆中央　准財團污染卻封回家路
https://news.ltn.com.tw/news/politics/breakingnews/425041,梅姬》催生蘇花改　花蓮縣府會同聲一氣
https://news.ltn.com.tw/news/politics/breakingnews/424789,梅姬》盼2016年蘇花改通車　交通部：未因意外趕進度
https://news.ltn.com.tw/news/focus/paper/438173,蘇花改小檔案
https://news.ltn.com.tw/news/focus/paper/438170,蘇花改趕環評 最快下月初過關
https://news.ltn.com.tw/news/focus/paper/437972,毛治國：蘇花改105年完工
https://news.ltn.com.tw/news/focus/paper/437728,蘇花再斷魂 花蓮砲轟中央
https://news.ltn.com.tw/news/focus/paper/437730,路基流失嚴重 搶修蘇花恐逾2個月
https://news.ltn.com.tw/news/politics/paper/426546,吳反擊綠︰以前做衰  現在唱衰
https://news.ltn.com.tw/news/local/paper/399022,若12月通過／蘇花改 明年初可望動工
https://news.ltn.com.tw/news/life/breakingnews/350521,蘇花改定案　毛治國：最快十月動工
https://news.ltn.com.tw/news/life/paper/385442,年底前動工 105年通車／蘇花改山區路段 擬禁行大型砂石車
https://news.ltn.com.tw/news/politics/paper/374201,《立委補選／花蓮》東發條例議題發燒 三選將交鋒
https://news.ltn.com.tw/news/politics/paper/372962,《立委補選／花蓮》政見車拚 蕭美琴推免徵營業稅
https://news.ltn.com.tw/news/life/paper/372559,趕年底動工？ 蘇花改環評先跑
https://news.ltn.com.tw/news/local/paper/371740,蘇花改年底動工 海洋公園要擴園
https://news.ltn.com.tw/news/politics/paper/370514,花蓮立委補選 博交通牌  蘇王朱跨刀拚場
https://news.ltn.com.tw/news/local/paper/367456,王廷升要求蘇花改提升標準
https://news.ltn.com.tw/news/life/paper/361160,蘇花改定案 車程快了半小時
https://news.ltn.com.tw/news/life/paper/361161,在地心聲》不符期待 觀光業傷最大
https://news.ltn.com.tw/news/local/paper/287077,蘇花高歸零 年底才會提計劃
https://news.ltn.com.tw/news/local/paper/281222,東台灣學會建議 蘇花高維持原案
