	feature	feature_idx	coef	abs_coef	t	p	r2_model	df_resid	rng_seed	n_block	round_id	threshold	q_used	rank_p	cluster	x0_indices	p_oof_center	p_final_center
0	x103	93	-0.25917377589125745	0.25917377589125745	-862.4360380597705	0.0	0.7875570980109792	799540	100042	800000	1	0.01	459	1	0	[1361, 995, 1108, 1227, 507]	0.48369998335838316	0.24133270978927612
1	x489	384	-0.21614045558307335	0.21614045558307335	-718.8529647371779	0.0	0.7875570980109792	799540	100042	800000	1	0.01	459	2	0	[1361, 995, 1108, 1227, 507]	0.48369998335838316	0.24133270978927612
2	x36	33	-0.16354393130885175	0.16354393130885175	-544.3213905464079	0.0	0.7875570980109792	799540	100042	800000	1	0.01	459	3	0	[1361, 995, 1108, 1227, 507]	0.48369998335838316	0.24133270978927612
3	x551	419	-0.1475253805091596	0.1475253805091596	-490.62661469436557	0.0	0.7875570980109792	799540	100042	800000	1	0.01	459	4	0	[1361, 995, 1108, 1227, 507]	0.48369998335838316	0.24133270978927612
4	x557	425	-0.14670270805531654	0.14670270805531654	-487.69177915365566	0.0	0.7875570980109792	799540	100042	800000	1	0.01	459	5	0	[1361, 995, 1108, 1227, 507]	0.48369998335838316	0.24133270978927612
5	x369	300	-0.13775204412203731	0.13775204412203731	-458.4123134118443	0.0	0.7875570980109792	799540	100042	800000	1	0.01	459	6	0	[1361, 995, 1108, 1227, 507]	0.48369998335838316	0.24133270978927612
6	x546	414	-0.0876657032601638	0.0876657032601638	-291.83637691675864	0.0	0.7875570980109792	799540	100042	800000	1	0.01	459	7	0	[1361, 995, 1108, 1227, 507]	0.48369998335838316	0.24133270978927612
7	x320	262	0.08366299760461697	0.08366299760461697	278.5673536380565	0.0	0.7875570980109792	799540	100042	800000	1	0.01	459	8	0	[1361, 995, 1108, 1227, 507]	0.48369998335838316	0.24133270978927612
8	x456	360	0.07763500238463568	0.07763500238463568	258.228300502518	0.0	0.7875570980109792	799540	100042	800000	1	0.01	459	9	0	[1361, 995, 1108, 1227, 507]	0.48369998335838316	0.24133270978927612
9	x1	0	0.06924609929846393	0.06924609929846393	230.36651620913756	0.0	0.7875570980109792	799540	100042	800000	1	0.01	459	10	0	[1361, 995, 1108, 1227, 507]	0.48369998335838316	0.24133270978927612
10	x480	376	0.05924196618171208	0.05924196618171208	197.10032030899097	0.0	0.7875570980109792	799540	100042	800000	1	0.01	459	11	0	[1361, 995, 1108, 1227, 507]	0.48369998335838316	0.24133270978927612
11	x32	29	0.049927328879908764	0.049927328879908764	166.17825061189274	0.0	0.7875570980109792	799540	100042	800000	1	0.01	459	12	0	[1361, 995, 1108, 1227, 507]	0.48369998335838316	0.24133270978927612
12	x434	341	0.04765877781629277	0.04765877781629277	158.58475033732515	0.0	0.7875570980109792	799540	100042	800000	1	0.01	459	13	0	[1361, 995, 1108, 1227, 507]	0.48369998335838316	0.24133270978927612
13	x292	239	0.0460569636165932	0.0460569636165932	153.2401633062455	0.0	0.7875570980109792	799540	100042	800000	1	0.01	459	14	0	[1361, 995, 1108, 1227, 507]	0.48369998335838316	0.24133270978927612
14	x552	420	0.04489277977773151	0.04489277977773151	149.40678980676452	0.0	0.7875570980109792	799540	100042	800000	1	0.01	459	15	0	[1361, 995, 1108, 1227, 507]	0.48369998335838316	0.24133270978927612
15	x248	208	0.043340516492989506	0.043340516492989506	144.1752044785258	0.0	0.7875570980109792	799540	100042	800000	1	0.01	459	16	0	[1361, 995, 1108, 1227, 507]	0.48369998335838316	0.24133270978927612
16	x468	365	0.03778892630009404	0.03778892630009404	125.7368077445723	0.0	0.7875570980109792	799540	100042	800000	1	0.01	459	17	0	[1361, 995, 1108, 1227, 507]	0.48369998335838316	0.24133270978927612
17	x417	325	-0.03730336260002683	0.03730336260002683	-124.06513335240348	0.0	0.7875570980109792	799540	100042	800000	1	0.01	459	18	0	[1361, 995, 1108, 1227, 507]	0.48369998335838316	0.24133270978927612
18	x196	173	0.037275784690812636	0.037275784690812636	124.03749786887529	0.0	0.7875570980109792	799540	100042	800000	1	0.01	459	19	0	[1361, 995, 1108, 1227, 507]	0.48369998335838316	0.24133270978927612
19	x386	306	0.03665258838154268	0.03665258838154268	121.85420208619483	0.0	0.7875570980109792	799540	100042	800000	1	0.01	459	20	0	[1361, 995, 1108, 1227, 507]	0.48369998335838316	0.24133270978927612
20	x203	180	0.03643170543088596	0.03643170543088596	121.2379946841061	0.0	0.7875570980109792	799540	100042	800000	1	0.01	459	21	0	[1361, 995, 1108, 1227, 507]	0.48369998335838316	0.24133270978927612
21	x433	340	0.03625394995502538	0.03625394995502538	120.52824634177757	0.0	0.7875570980109792	799540	100042	800000	1	0.01	459	22	0	[1361, 995, 1108, 1227, 507]	0.48369998335838316	0.24133270978927612
22	x4	3	-0.03596312508604766	0.03596312508604766	-119.76733711764983	0.0	0.7875570980109792	799540	100042	800000	1	0.01	459	23	0	[1361, 995, 1108, 1227, 507]	0.48369998335838316	0.24133270978927612
23	x28	25	-0.03585527172358152	0.03585527172358152	-119.26581522514074	0.0	0.7875570980109792	799540	100042	800000	1	0.01	459	24	0	[1361, 995, 1108, 1227, 507]	0.48369998335838316	0.24133270978927612
24	x162	148	0.035674153839832065	0.035674153839832065	118.61027125029193	0.0	0.7875570980109792	799540	100042	800000	1	0.01	459	25	0	[1361, 995, 1108, 1227, 507]	0.48369998335838316	0.24133270978927612
25	x8	6	0.03504375740148283	0.03504375740148283	116.54011616317273	0.0	0.7875570980109792	799540	100042	800000	1	0.01	459	26	0	[1361, 995, 1108, 1227, 507]	0.48369998335838316	0.24133270978927612
26	x112	102	-0.03413877681611463	0.03413877681611463	-113.48047754048171	0.0	0.7875570980109792	799540	100042	800000	1	0.01	459	27	0	[1361, 995, 1108, 1227, 507]	0.48369998335838316	0.24133270978927612
27	x19	16	0.03198000902216367	0.03198000902216367	106.45079407183519	0.0	0.7875570980109792	799540	100042	800000	1	0.01	459	28	0	[1361, 995, 1108, 1227, 507]	0.48369998335838316	0.24133270978927612
28	x337	272	0.03164344746624603	0.03164344746624603	105.26563901754032	0.0	0.7875570980109792	799540	100042	800000	1	0.01	459	29	0	[1361, 995, 1108, 1227, 507]	0.48369998335838316	0.24133270978927612
29	x287	234	-0.031150270960020533	0.031150270960020533	-103.61658372014993	0.0	0.7875570980109792	799540	100042	800000	1	0.01	459	30	0	[1361, 995, 1108, 1227, 507]	0.48369998335838316	0.24133270978927612
30	x130	120	0.030824848446597483	0.030824848446597483	102.49194623002948	0.0	0.7875570980109792	799540	100042	800000	1	0.01	459	31	0	[1361, 995, 1108, 1227, 507]	0.48369998335838316	0.24133270978927612
31	x297	242	0.030597872340211052	0.030597872340211052	101.74497272693499	0.0	0.7875570980109792	799540	100042	800000	1	0.01	459	32	0	[1361, 995, 1108, 1227, 507]	0.48369998335838316	0.24133270978927612
32	x303	248	0.029202490885550558	0.029202490885550558	97.21633243872645	0.0	0.7875570980109792	799540	100042	800000	1	0.01	459	33	0	[1361, 995, 1108, 1227, 507]	0.48369998335838316	0.24133270978927612
33	x541	409	0.027035895831980194	0.027035895831980194	89.91578150668006	0.0	0.7875570980109792	799540	100042	800000	1	0.01	459	34	0	[1361, 995, 1108, 1227, 507]	0.48369998335838316	0.24133270978927612
34	x454	358	-0.02667200089076987	0.02667200089076987	-88.7059528546641	0.0	0.7875570980109792	799540	100042	800000	1	0.01	459	35	0	[1361, 995, 1108, 1227, 507]	0.48369998335838316	0.24133270978927612
35	x419	327	-0.02498136418115051	0.02498136418115051	-83.11026380408329	0.0	0.7875570980109792	799540	100042	800000	1	0.01	459	36	0	[1361, 995, 1108, 1227, 507]	0.48369998335838316	0.24133270978927612
36	x587	455	0.024018275592194063	0.024018275592194063	79.90070615904571	0.0	0.7875570980109792	799540	100042	800000	1	0.01	459	37	0	[1361, 995, 1108, 1227, 507]	0.48369998335838316	0.24133270978927612
37	x7	5	0.022342105540014895	0.022342105540014895	74.36266426874026	0.0	0.7875570980109792	799540	100042	800000	1	0.01	459	38	0	[1361, 995, 1108, 1227, 507]	0.48369998335838316	0.24133270978927612
38	x82	74	0.021717575593452543	0.021717575593452543	72.29433999855186	0.0	0.7875570980109792	799540	100042	800000	1	0.01	459	39	0	[1361, 995, 1108, 1227, 507]	0.48369998335838316	0.24133270978927612
39	x394	314	-0.021302985141079346	0.021302985141079346	-70.8226015511751	0.0	0.7875570980109792	799540	100042	800000	1	0.01	459	40	0	[1361, 995, 1108, 1227, 507]	0.48369998335838316	0.24133270978927612
40	x34	31	0.02114715289153682	0.02114715289153682	70.39402171338472	0.0	0.7875570980109792	799540	100042	800000	1	0.01	459	41	0	[1361, 995, 1108, 1227, 507]	0.48369998335838316	0.24133270978927612
41	x83	75	-0.018888375528299153	0.018888375528299153	-62.857688621473606	0.0	0.7875570980109792	799540	100042	800000	1	0.01	459	42	0	[1361, 995, 1108, 1227, 507]	0.48369998335838316	0.24133270978927612
42	x318	260	-0.0009572771247106078	0.0009572771247106078	-3.1837143045040146	0.001454040082183103	0.7875570980109792	799540	100042	800000	1	0.01	459	43	0	[1361, 995, 1108, 1227, 507]	0.48369998335838316	0.24133270978927612
43	x136	126	-0.0009502589085352418	0.0009502589085352418	-3.1619906763846	0.0015670043253007198	0.7875570980109792	799540	100042	800000	1	0.01	459	44	0	[1361, 995, 1108, 1227, 507]	0.48369998335838316	0.24133270978927612
44	x288	235	-0.0008873707019585302	0.0008873707019585302	-2.950682108992151	0.003170822590404324	0.7875570980109792	799540	100042	800000	1	0.01	459	45	0	[1361, 995, 1108, 1227, 507]	0.48369998335838316	0.24133270978927612
45	x85	77	0.0008751942320015273	0.0008751942320015273	2.910920195901069	0.0036037599180604924	0.7875570980109792	799540	100042	800000	1	0.01	459	46	0	[1361, 995, 1108, 1227, 507]	0.48369998335838316	0.24133270978927612
46	x120	110	-0.0007496746145984317	0.0007496746145984317	-2.495551986126669	0.01257633251439654	0.7875570980109792	799540	100042	800000	1	0.01	459	47	0	[1361, 995, 1108, 1227, 507]	0.48369998335838316	0.24133270978927612
47	x47	43	0.0007235011139798965	0.0007235011139798965	2.4086649147840267	0.016011215471658354	0.7875570980109792	799540	100042	800000	1	0.01	459	48	0	[1361, 995, 1108, 1227, 507]	0.48369998335838316	0.24133270978927612
48	x569	437	0.000716978760271353	0.000716978760271353	2.384726820334385	0.017092039656697713	0.7875570980109792	799540	100042	800000	1	0.01	459	49	0	[1361, 995, 1108, 1227, 507]	0.48369998335838316	0.24133270978927612
49	x574	442	0.0007052538095890194	0.0007052538095890194	2.345744794851344	0.01898934742604459	0.7875570980109792	799540	100042	800000	1	0.01	459	50	0	[1361, 995, 1108, 1227, 507]	0.48369998335838316	0.24133270978927612
50	x49	45	-0.0006802744300113081	0.0006802744300113081	-2.2628919546198074	0.02364261750583003	0.7875570980109792	799540	100042	800000	1	0.01	459	51	0	[1361, 995, 1108, 1227, 507]	0.48369998335838316	0.24133270978927612
51	x284	232	-0.0006718194521993161	0.0006718194521993161	-2.2362743806009258	0.02533407825168544	0.7875570980109792	799540	100042	800000	1	0.01	459	52	0	[1361, 995, 1108, 1227, 507]	0.48369998335838316	0.24133270978927612
52	x447	354	-0.000668760606589548	0.000668760606589548	-2.224197999767781	0.026135403728242745	0.7875570980109792	799540	100042	800000	1	0.01	459	53	0	[1361, 995, 1108, 1227, 507]	0.48369998335838316	0.24133270978927612
53	x445	352	0.0006677193408635327	0.0006677193408635327	2.221142690929756	0.026341577349654734	0.7875570980109792	799540	100042	800000	1	0.01	459	54	0	[1361, 995, 1108, 1227, 507]	0.48369998335838316	0.24133270978927612
54	x385	305	0.0006604089128020845	0.0006604089128020845	2.197305572123067	0.0279989157619124	0.7875570980109792	799540	100042	800000	1	0.01	459	55	0	[1361, 995, 1108, 1227, 507]	0.48369998335838316	0.24133270978927612
55	x363	295	0.0006540664144496031	0.0006540664144496031	2.1774902270138408	0.029444301560875047	0.7875570980109792	799540	100042	800000	1	0.01	459	56	0	[1361, 995, 1108, 1227, 507]	0.48369998335838316	0.24133270978927612
56	x76	68	-0.000653144589799057	0.000653144589799057	-2.1735931948189893	0.029735992390928556	0.7875570980109792	799540	100042	800000	1	0.01	459	57	0	[1361, 995, 1108, 1227, 507]	0.48369998335838316	0.24133270978927612
57	x524	403	0.000652200828646943	0.000652200828646943	2.1694627631819023	0.03004786203438561	0.7875570980109792	799540	100042	800000	1	0.01	459	58	0	[1361, 995, 1108, 1227, 507]	0.48369998335838316	0.24133270978927612
58	x449	356	0.0006497712043642488	0.0006497712043642488	2.1621867059038524	0.030604083449751438	0.7875570980109792	799540	100042	800000	1	0.01	459	59	0	[1361, 995, 1108, 1227, 507]	0.48369998335838316	0.24133270978927612
59	x143	132	-0.0006440040934556574	0.0006440040934556574	-2.1434578417856236	0.032076653592784186	0.7875570980109792	799540	100042	800000	1	0.01	459	60	0	[1361, 995, 1108, 1227, 507]	0.48369998335838316	0.24133270978927612
60	x245	205	0.0006224653150011739	0.0006224653150011739	2.070938504023284	0.03836486340316194	0.7875570980109792	799540	100042	800000	1	0.01	459	61	0	[1361, 995, 1108, 1227, 507]	0.48369998335838316	0.24133270978927612
61	x113	103	0.0006140491814878026	0.0006140491814878026	2.043579334172186	0.04099544960915163	0.7875570980109792	799540	100042	800000	1	0.01	459	62	0	[1361, 995, 1108, 1227, 507]	0.48369998335838316	0.24133270978927612
62	x473	370	-0.000614186567074126	0.000614186567074126	-2.0430200867558352	0.041050776902791034	0.7875570980109792	799540	100042	800000	1	0.01	459	63	0	[1361, 995, 1108, 1227, 507]	0.48369998335838316	0.24133270978927612
63	x484	379	0.0006082955553346188	0.0006082955553346188	2.0245171409063163	0.042917301879941784	0.7875570980109792	799540	100042	800000	1	0.01	459	64	0	[1361, 995, 1108, 1227, 507]	0.48369998335838316	0.24133270978927612
64	x55	49	0.0006054088446485201	0.0006054088446485201	2.0146572214431893	0.0439409115435994	0.7875570980109792	799540	100042	800000	1	0.01	459	65	0	[1361, 995, 1108, 1227, 507]	0.48369998335838316	0.24133270978927612
65	x164	150	0.0006044656337471364	0.0006044656337471364	2.0108394298482524	0.04434275487614135	0.7875570980109792	799540	100042	800000	1	0.01	459	66	0	[1361, 995, 1108, 1227, 507]	0.48369998335838316	0.24133270978927612
66	x42	39	0.0005971340478224373	0.0005971340478224373	1.9859134897808777	0.047043271529171586	0.7875570980109792	799540	100042	800000	1	0.01	459	67	0	[1361, 995, 1108, 1227, 507]	0.48369998335838316	0.24133270978927612
67	x444	351	0.000585559048370587	0.000585559048370587	1.9495685800877256	0.051227910468319204	0.7875570980109792	799540	100042	800000	1	0.01	459	68	0	[1361, 995, 1108, 1227, 507]	0.48369998335838316	0.24133270978927612
68	x387	307	0.0005854072216739253	0.0005854072216739253	1.9480991387609095	0.05140345128217888	0.7875570980109792	799540	100042	800000	1	0.01	459	69	0	[1361, 995, 1108, 1227, 507]	0.48369998335838316	0.24133270978927612
69	x358	291	0.0005816112607291978	0.0005816112607291978	1.9356026449205315	0.05291673830333746	0.7875570980109792	799540	100042	800000	1	0.01	459	70	0	[1361, 995, 1108, 1227, 507]	0.48369998335838316	0.24133270978927612
70	x41	38	0.000581199277955095	0.000581199277955095	1.9354081499089928	0.05294058215346502	0.7875570980109792	799540	100042	800000	1	0.01	459	71	0	[1361, 995, 1108, 1227, 507]	0.48369998335838316	0.24133270978927612
71	x350	283	0.000578986093530493	0.000578986093530493	1.9254781451411345	0.05416992177742526	0.7875570980109792	799540	100042	800000	1	0.01	459	72	0	[1361, 995, 1108, 1227, 507]	0.48369998335838316	0.24133270978927612
72	x62	56	-0.0005777091328858961	0.0005777091328858961	-1.923057013540226	0.05447324483113366	0.7875570980109792	799540	100042	800000	1	0.01	459	73	0	[1361, 995, 1108, 1227, 507]	0.48369998335838316	0.24133270978927612
73	x361	293	0.000576776703377852	0.000576776703377852	1.917844769049626	0.05513105300365137	0.7875570980109792	799540	100042	800000	1	0.01	459	74	0	[1361, 995, 1108, 1227, 507]	0.48369998335838316	0.24133270978927612
74	x57	51	-0.0005705811529741115	0.0005705811529741115	-1.8973595706314825	0.05778085764714507	0.7875570980109792	799540	100042	800000	1	0.01	459	75	0	[1361, 995, 1108, 1227, 507]	0.48369998335838316	0.24133270978927612
75	x547	415	-0.0005663662753510329	0.0005663662753510329	-1.884908547587518	0.059442548244669456	0.7875570980109792	799540	100042	800000	1	0.01	459	76	0	[1361, 995, 1108, 1227, 507]	0.48369998335838316	0.24133270978927612
76	x485	380	0.0005647024477506177	0.0005647024477506177	1.8781973898678421	0.06035453071727236	0.7875570980109792	799540	100042	800000	1	0.01	459	77	0	[1361, 995, 1108, 1227, 507]	0.48369998335838316	0.24133270978927612
77	x388	308	0.0005571216427321119	0.0005571216427321119	1.85303380688651	0.06387788140379054	0.7875570980109792	799540	100042	800000	1	0.01	459	78	0	[1361, 995, 1108, 1227, 507]	0.48369998335838316	0.24133270978927612
78	x446	353	0.0005570765300069347	0.0005570765300069347	1.8521194180459297	0.06400904505795535	0.7875570980109792	799540	100042	800000	1	0.01	459	79	0	[1361, 995, 1108, 1227, 507]	0.48369998335838316	0.24133270978927612
79	x421	329	0.0005525784344813006	0.0005525784344813006	1.8385677362292907	0.06597916108115011	0.7875570980109792	799540	100042	800000	1	0.01	459	80	0	[1361, 995, 1108, 1227, 507]	0.48369998335838316	0.24133270978927612
80	x197	174	0.0005522419271754338	0.0005522419271754338	1.8365005439541164	0.06628403274989456	0.7875570980109792	799540	100042	800000	1	0.01	459	81	0	[1361, 995, 1108, 1227, 507]	0.48369998335838316	0.24133270978927612
81	x123	113	-0.0005440861436650483	0.0005440861436650483	-1.809483054394333	0.07037636579818311	0.7875570980109792	799540	100042	800000	1	0.01	459	82	0	[1361, 995, 1108, 1227, 507]	0.48369998335838316	0.24133270978927612
82	x110	100	-0.0005411824460629722	0.0005411824460629722	-1.801218692529992	0.07166879387366423	0.7875570980109792	799540	100042	800000	1	0.01	459	83	0	[1361, 995, 1108, 1227, 507]	0.48369998335838316	0.24133270978927612
83	x154	142	-0.0005303469404132743	0.0005303469404132743	-1.7647481663632358	0.07760648129368572	0.7875570980109792	799540	100042	800000	1	0.01	459	84	0	[1361, 995, 1108, 1227, 507]	0.48369998335838316	0.24133270978927612
84	x562	430	-0.0005257005474667186	0.0005257005474667186	-1.7476118965343972	0.08053163780916266	0.7875570980109792	799540	100042	800000	1	0.01	459	85	0	[1361, 995, 1108, 1227, 507]	0.48369998335838316	0.24133270978927612
85	x586	454	0.0005220876052887664	0.0005220876052887664	1.7356595846931386	0.08262442886862442	0.7875570980109792	799540	100042	800000	1	0.01	459	86	0	[1361, 995, 1108, 1227, 507]	0.48369998335838316	0.24133270978927612
86	x225	199	-0.000521860720495492	0.000521860720495492	-1.735266350391735	0.08269402430985662	0.7875570980109792	799540	100042	800000	1	0.01	459	87	0	[1361, 995, 1108, 1227, 507]	0.48369998335838316	0.24133270978927612
87	x471	368	-0.0005164199737693137	0.0005164199737693137	-1.7188348272862275	0.08564483905760813	0.7875570980109792	799540	100042	800000	1	0.01	459	88	0	[1361, 995, 1108, 1227, 507]	0.48369998335838316	0.24133270978927612
88	x81	73	-0.0005162892434777945	0.0005162892434777945	-1.7174419027220664	0.0858988482531685	0.7875570980109792	799540	100042	800000	1	0.01	459	89	0	[1361, 995, 1108, 1227, 507]	0.48369998335838316	0.24133270978927612
89	x89	80	0.000509912227616857	0.000509912227616857	1.6957065558794313	0.08994185569141232	0.7875570980109792	799540	100042	800000	1	0.01	459	90	0	[1361, 995, 1108, 1227, 507]	0.48369998335838316	0.24133270978927612
90	x220	195	-0.0005071505350962579	0.0005071505350962579	-1.686868414437495	0.09162904681835235	0.7875570980109792	799540	100042	800000	1	0.01	459	91	0	[1361, 995, 1108, 1227, 507]	0.48369998335838316	0.24133270978927612
91	x460	363	0.0005050864381524937	0.0005050864381524937	1.6807192178462118	0.09281785656830314	0.7875570980109792	799540	100042	800000	1	0.01	459	92	0	[1361, 995, 1108, 1227, 507]	0.48369998335838316	0.24133270978927612
92	x132	122	0.0005049099848834707	0.0005049099848834707	1.6802213573785558	0.09291464608982167	0.7875570980109792	799540	100042	800000	1	0.01	459	93	0	[1361, 995, 1108, 1227, 507]	0.48369998335838316	0.24133270978927612
93	x155	143	-0.0004991267040546875	0.0004991267040546875	-1.660014850526672	0.09691185720186019	0.7875570980109792	799540	100042	800000	1	0.01	459	94	0	[1361, 995, 1108, 1227, 507]	0.48369998335838316	0.24133270978927612
94	x109	99	-0.00048556285336095854	0.00048556285336095854	-1.6147399570348946	0.10636741528123851	0.7875570980109792	799540	100042	800000	1	0.01	459	95	0	[1361, 995, 1108, 1227, 507]	0.48369998335838316	0.24133270978927612
95	x478	375	0.0004839138309423932	0.0004839138309423932	1.6088345297819848	0.1076529231701963	0.7875570980109792	799540	100042	800000	1	0.01	459	96	0	[1361, 995, 1108, 1227, 507]	0.48369998335838316	0.24133270978927612
96	x383	303	-0.0004800557146819437	0.0004800557146819437	-1.596046091946423	0.11047889825475603	0.7875570980109792	799540	100042	800000	1	0.01	459	97	0	[1361, 995, 1108, 1227, 507]	0.48369998335838316	0.24133270978927612
97	x520	400	-0.00047794292698370683	0.00047794292698370683	-1.5898645724941571	0.11186573020187815	0.7875570980109792	799540	100042	800000	1	0.01	459	98	0	[1361, 995, 1108, 1227, 507]	0.48369998335838316	0.24133270978927612
98	x488	383	0.0004742783260728596	0.0004742783260728596	1.5785634401448676	0.11443662160519892	0.7875570980109792	799540	100042	800000	1	0.01	459	99	0	[1361, 995, 1108, 1227, 507]	0.48369998335838316	0.24133270978927612
99	x246	206	0.0004637246220993811	0.0004637246220993811	1.5416243829450698	0.12316529259993975	0.7875570980109792	799540	100042	800000	1	0.01	459	100	0	[1361, 995, 1108, 1227, 507]	0.48369998335838316	0.24133270978927612
100	x160	146	-0.000461261688163014	0.000461261688163014	-1.5351020555180348	0.12475915716391572	0.7875570980109792	799540	100042	800000	1	0.01	459	101	0	[1361, 995, 1108, 1227, 507]	0.48369998335838316	0.24133270978927612
101	x3	2	-0.00046063286090357514	0.00046063286090357514	-1.531933195230681	0.12553931657857448	0.7875570980109792	799540	100042	800000	1	0.01	459	102	0	[1361, 995, 1108, 1227, 507]	0.48369998335838316	0.24133270978927612
102	x483	378	-0.00045950759415469057	0.00045950759415469057	-1.5292255331760811	0.12620893848332088	0.7875570980109792	799540	100042	800000	1	0.01	459	103	0	[1361, 995, 1108, 1227, 507]	0.48369998335838316	0.24133270978927612
103	x256	216	0.00045550396485543584	0.00045550396485543584	1.5160143755064979	0.12951611278917052	0.7875570980109792	799540	100042	800000	1	0.01	459	104	0	[1361, 995, 1108, 1227, 507]	0.48369998335838316	0.24133270978927612
104	x564	432	0.00045337897514605564	0.00045337897514605564	1.508411474678042	0.13144964315291158	0.7875570980109792	799540	100042	800000	1	0.01	459	105	0	[1361, 995, 1108, 1227, 507]	0.48369998335838316	0.24133270978927612
105	x414	323	-0.0004513119067141928	0.0004513119067141928	-1.5009068063208024	0.13338006238441694	0.7875570980109792	799540	100042	800000	1	0.01	459	106	0	[1361, 995, 1108, 1227, 507]	0.48369998335838316	0.24133270978927612
106	x114	104	-0.0004508709957251108	0.0004508709957251108	-1.5007090576303368	0.13343122419028935	0.7875570980109792	799540	100042	800000	1	0.01	459	107	0	[1361, 995, 1108, 1227, 507]	0.48369998335838316	0.24133270978927612
107	x573	441	0.00045038808731895743	0.00045038808731895743	1.49813225184815	0.13409928790251657	0.7875570980109792	799540	100042	800000	1	0.01	459	108	0	[1361, 995, 1108, 1227, 507]	0.48369998335838316	0.24133270978927612
108	x39	36	-0.0004494847759833384	0.0004494847759833384	-1.4949719537418178	0.13492215652854805	0.7875570980109792	799540	100042	800000	1	0.01	459	109	0	[1361, 995, 1108, 1227, 507]	0.48369998335838316	0.24133270978927612
109	x548	416	-0.0004489368729737507	0.0004489368729737507	-1.4938477520569782	0.13521581182180736	0.7875570980109792	799540	100042	800000	1	0.01	459	110	0	[1361, 995, 1108, 1227, 507]	0.48369998335838316	0.24133270978927612
110	x441	348	-0.0004469372067236595	0.0004469372067236595	-1.4869690524661117	0.13702337913353807	0.7875570980109792	799540	100042	800000	1	0.01	459	111	0	[1361, 995, 1108, 1227, 507]	0.48369998335838316	0.24133270978927612
111	x156	144	-0.0004386841762220508	0.0004386841762220508	-1.4591385105071148	0.1445273815251644	0.7875570980109792	799540	100042	800000	1	0.01	459	112	0	[1361, 995, 1108, 1227, 507]	0.48369998335838316	0.24133270978927612
112	x455	359	-0.00043714089290378133	0.00043714089290378133	-1.4544572413316754	0.14581997245830872	0.7875570980109792	799540	100042	800000	1	0.01	459	113	0	[1361, 995, 1108, 1227, 507]	0.48369998335838316	0.24133270978927612
113	x409	318	-0.0004352905618988729	0.0004352905618988729	-1.4474307634285941	0.14777670693274508	0.7875570980109792	799540	100042	800000	1	0.01	459	114	0	[1361, 995, 1108, 1227, 507]	0.48369998335838316	0.24133270978927612
114	x13	11	0.0004340216114363858	0.0004340216114363858	1.443126958182421	0.1489851022708632	0.7875570980109792	799540	100042	800000	1	0.01	459	115	0	[1361, 995, 1108, 1227, 507]	0.48369998335838316	0.24133270978927612
115	x353	286	0.0004325058995217799	0.0004325058995217799	1.4397626414223317	0.14993495553744834	0.7875570980109792	799540	100042	800000	1	0.01	459	116	0	[1361, 995, 1108, 1227, 507]	0.48369998335838316	0.24133270978927612
116	x35	32	-0.0004326256095615776	0.0004326256095615776	-1.439392764594264	0.15003966468249422	0.7875570980109792	799540	100042	800000	1	0.01	459	117	0	[1361, 995, 1108, 1227, 507]	0.48369998335838316	0.24133270978927612
117	x481	377	0.00043243114052289556	0.00043243114052289556	1.4373875953683266	0.15060828284521402	0.7875570980109792	799540	100042	800000	1	0.01	459	118	0	[1361, 995, 1108, 1227, 507]	0.48369998335838316	0.24133270978927612
118	x384	304	0.00043218249989219386	0.00043218249989219386	1.4370321894836962	0.15070923863726335	0.7875570980109792	799540	100042	800000	1	0.01	459	119	0	[1361, 995, 1108, 1227, 507]	0.48369998335838316	0.24133270978927612
119	x161	147	0.0004318891236874576	0.0004318891236874576	1.436759440180118	0.15078675016418402	0.7875570980109792	799540	100042	800000	1	0.01	459	120	0	[1361, 995, 1108, 1227, 507]	0.48369998335838316	0.24133270978927612
120	x321	263	0.00042621115775038693	0.00042621115775038693	1.4186174980981516	0.15601095141166058	0.7875570980109792	799540	100042	800000	1	0.01	459	121	0	[1361, 995, 1108, 1227, 507]	0.48369998335838316	0.24133270978927612
121	x324	265	-0.00042309008051380584	0.00042309008051380584	-1.4071151456239979	0.15939363643456775	0.7875570980109792	799540	100042	800000	1	0.01	459	122	0	[1361, 995, 1108, 1227, 507]	0.48369998335838316	0.24133270978927612
122	x342	277	0.0004227582336436306	0.0004227582336436306	1.405858355355399	0.15976657818404755	0.7875570980109792	799540	100042	800000	1	0.01	459	123	0	[1361, 995, 1108, 1227, 507]	0.48369998335838316	0.24133270978927612
123	x469	366	-0.000409123922107893	0.000409123922107893	-1.3601542513128781	0.1737814997363628	0.7875570980109792	799540	100042	800000	1	0.01	459	124	0	[1361, 995, 1108, 1227, 507]	0.48369998335838316	0.24133270978927612
124	x572	440	0.00040856993354902857	0.00040856993354902857	1.3589269930980152	0.1741701076165689	0.7875570980109792	799540	100042	800000	1	0.01	459	125	0	[1361, 995, 1108, 1227, 507]	0.48369998335838316	0.24133270978927612
125	x351	284	0.0004072077330918013	0.0004072077330918013	1.3541766350912	0.17568041410948418	0.7875570980109792	799540	100042	800000	1	0.01	459	126	0	[1361, 995, 1108, 1227, 507]	0.48369998335838316	0.24133270978927612
126	x105	95	-0.0004070360349610596	0.0004070360349610596	-1.3535847592647883	0.17586927460814786	0.7875570980109792	799540	100042	800000	1	0.01	459	127	0	[1361, 995, 1108, 1227, 507]	0.48369998335838316	0.24133270978927612
127	x356	289	-0.0004063893415455324	0.0004063893415455324	-1.3522158219507499	0.17630666613607487	0.7875570980109792	799540	100042	800000	1	0.01	459	128	0	[1361, 995, 1108, 1227, 507]	0.48369998335838316	0.24133270978927612
128	x118	108	0.0004051152982109162	0.0004051152982109162	1.3479365498048124	0.1776791730657003	0.7875570980109792	799540	100042	800000	1	0.01	459	129	0	[1361, 995, 1108, 1227, 507]	0.48369998335838316	0.24133270978927612
129	x140	130	0.00040338567253947076	0.00040338567253947076	1.3426832692565507	0.17937493562941353	0.7875570980109792	799540	100042	800000	1	0.01	459	130	0	[1361, 995, 1108, 1227, 507]	0.48369998335838316	0.24133270978927612
130	x420	328	-0.00040099218657151076	0.00040099218657151076	-1.3336836839013495	0.1823079241676099	0.7875570980109792	799540	100042	800000	1	0.01	459	131	0	[1361, 995, 1108, 1227, 507]	0.48369998335838316	0.24133270978927612
131	x390	310	0.00039337305218492124	0.00039337305218492124	1.3096134932483605	0.19032699772980433	0.7875570980109792	799540	100042	800000	1	0.01	459	132	0	[1361, 995, 1108, 1227, 507]	0.48369998335838316	0.24133270978927612
132	x346	280	-0.0003916350081530007	0.0003916350081530007	-1.303255703220839	0.1924878539163913	0.7875570980109792	799540	100042	800000	1	0.01	459	133	0	[1361, 995, 1108, 1227, 507]	0.48369998335838316	0.24133270978927612
133	x108	98	-0.00038972095892958117	0.00038972095892958117	-1.2962719150230804	0.1948821950282079	0.7875570980109792	799540	100042	800000	1	0.01	459	134	0	[1361, 995, 1108, 1227, 507]	0.48369998335838316	0.24133270978927612
134	x424	331	-0.0003864047615639039	0.0003864047615639039	-1.2860524144189467	0.19842514220034765	0.7875570980109792	799540	100042	800000	1	0.01	459	135	0	[1361, 995, 1108, 1227, 507]	0.48369998335838316	0.24133270978927612
135	x11	9	-0.0003840158079603294	0.0003840158079603294	-1.2771102535182461	0.2015636962659856	0.7875570980109792	799540	100042	800000	1	0.01	459	136	0	[1361, 995, 1108, 1227, 507]	0.48369998335838316	0.24133270978927612
136	x88	79	-0.000382762067370021	0.000382762067370021	-1.273407967294718	0.2028736818467057	0.7875570980109792	799540	100042	800000	1	0.01	459	137	0	[1361, 995, 1108, 1227, 507]	0.48369998335838316	0.24133270978927612
137	x590	458	0.0003794421349989225	0.0003794421349989225	1.26263094509825	0.20672220970920774	0.7875570980109792	799540	100042	800000	1	0.01	459	138	0	[1361, 995, 1108, 1227, 507]	0.48369998335838316	0.24133270978927612
138	x209	185	-0.00037880903806379715	0.00037880903806379715	-1.2590909978198839	0.20799783320825282	0.7875570980109792	799540	100042	800000	1	0.01	459	139	0	[1361, 995, 1108, 1227, 507]	0.48369998335838316	0.24133270978927612
139	x491	386	0.0003774137172415561	0.0003774137172415561	1.256305382683354	0.2090056381804142	0.7875570980109792	799540	100042	800000	1	0.01	459	140	0	[1361, 995, 1108, 1227, 507]	0.48369998335838316	0.24133270978927612
140	x498	392	0.0003756690888252276	0.0003756690888252276	1.250269542469221	0.21120146646659468	0.7875570980109792	799540	100042	800000	1	0.01	459	141	0	[1361, 995, 1108, 1227, 507]	0.48369998335838316	0.24133270978927612
141	x64	58	0.0003640358175591356	0.0003640358175591356	1.211613312925343	0.22566079414235768	0.7875570980109792	799540	100042	800000	1	0.01	459	142	0	[1361, 995, 1108, 1227, 507]	0.48369998335838316	0.24133270978927612
142	x24	21	0.0003635256583190616	0.0003635256583190616	1.209212610818711	0.22658153161549902	0.7875570980109792	799540	100042	800000	1	0.01	459	143	0	[1361, 995, 1108, 1227, 507]	0.48369998335838316	0.24133270978927612
143	x570	438	-0.00036320602406379136	0.00036320602406379136	-1.207148668078308	0.22737525206859022	0.7875570980109792	799540	100042	800000	1	0.01	459	144	0	[1361, 995, 1108, 1227, 507]	0.48369998335838316	0.24133270978927612
144	x273	222	0.00036236208542911097	0.00036236208542911097	1.205112213839628	0.22816034202172458	0.7875570980109792	799540	100042	800000	1	0.01	459	145	0	[1361, 995, 1108, 1227, 507]	0.48369998335838316	0.24133270978927612
145	x137	127	0.00036083517720477456	0.00036083517720477456	1.2005260381892016	0.22993546203924456	0.7875570980109792	799540	100042	800000	1	0.01	459	146	0	[1361, 995, 1108, 1227, 507]	0.48369998335838316	0.24133270978927612
146	x63	57	-0.0003580844363578887	0.0003580844363578887	-1.1904631570578734	0.2338647559468859	0.7875570980109792	799540	100042	800000	1	0.01	459	147	0	[1361, 995, 1108, 1227, 507]	0.48369998335838316	0.24133270978927612
147	x561	429	0.0003552994492246198	0.0003552994492246198	1.18231872490023	0.23707961009555184	0.7875570980109792	799540	100042	800000	1	0.01	459	148	0	[1361, 995, 1108, 1227, 507]	0.48369998335838316	0.24133270978927612
148	x166	152	-0.0003543834762829928	0.0003543834762829928	-1.1799040692424356	0.23803872230212575	0.7875570980109792	799540	100042	800000	1	0.01	459	149	0	[1361, 995, 1108, 1227, 507]	0.48369998335838316	0.24133270978927612
149	x470	367	-0.00035123714025168604	0.00035123714025168604	-1.1682909289813759	0.24268978143023487	0.7875570980109792	799540	100042	800000	1	0.01	459	150	0	[1361, 995, 1108, 1227, 507]	0.48369998335838316	0.24133270978927612
150	x104	94	0.0003482926333283527	0.0003482926333283527	1.1585578281759359	0.2466368131961811	0.7875570980109792	799540	100042	800000	1	0.01	459	151	0	[1361, 995, 1108, 1227, 507]	0.48369998335838316	0.24133270978927612
151	x56	50	0.00034406136363110624	0.00034406136363110624	1.1454904471005432	0.2520063932706653	0.7875570980109792	799540	100042	800000	1	0.01	459	152	0	[1361, 995, 1108, 1227, 507]	0.48369998335838316	0.24133270978927612
152	x554	422	0.0003434132149118541	0.0003434132149118541	1.1422882960128926	0.2533345466425056	0.7875570980109792	799540	100042	800000	1	0.01	459	153	0	[1361, 995, 1108, 1227, 507]	0.48369998335838316	0.24133270978927612
153	x302	247	0.0003430108556803998	0.0003430108556803998	1.1404633305494893	0.25409366299350244	0.7875570980109792	799540	100042	800000	1	0.01	459	154	0	[1361, 995, 1108, 1227, 507]	0.48369998335838316	0.24133270978927612
154	x555	423	-0.00034255122895935757	0.00034255122895935757	-1.1395857176225328	0.25445927977532923	0.7875570980109792	799540	100042	800000	1	0.01	459	155	0	[1361, 995, 1108, 1227, 507]	0.48369998335838316	0.24133270978927612
155	x416	324	0.0003405030058830473	0.0003405030058830473	1.1329624261681306	0.25723037226298434	0.7875570980109792	799540	100042	800000	1	0.01	459	156	0	[1361, 995, 1108, 1227, 507]	0.48369998335838316	0.24133270978927612
156	x68	62	-0.00033995242126408647	0.00033995242126408647	-1.131513472821363	0.2578393754064235	0.7875570980109792	799540	100042	800000	1	0.01	459	157	0	[1361, 995, 1108, 1227, 507]	0.48369998335838316	0.24133270978927612
157	x165	151	-0.0003400147204301768	0.0003400147204301768	-1.131306231256148	0.2579265618639246	0.7875570980109792	799540	100042	800000	1	0.01	459	158	0	[1361, 995, 1108, 1227, 507]	0.48369998335838316	0.24133270978927612
158	x436	343	0.000339411566374786	0.000339411566374786	1.1289522818542819	0.2589183027154879	0.7875570980109792	799540	100042	800000	1	0.01	459	159	0	[1361, 995, 1108, 1227, 507]	0.48369998335838316	0.24133270978927612
159	x249	209	0.0003366955959905971	0.0003366955959905971	1.119897545947901	0.26275776059242245	0.7875570980109792	799540	100042	800000	1	0.01	459	160	0	[1361, 995, 1108, 1227, 507]	0.48369998335838316	0.24133270978927612
160	x448	355	-0.0003326345589770743	0.0003326345589770743	-1.107078435674381	0.2682603510688527	0.7875570980109792	799540	100042	800000	1	0.01	459	161	0	[1361, 995, 1108, 1227, 507]	0.48369998335838316	0.24133270978927612
161	x67	61	0.0003294984661966464	0.0003294984661966464	1.0960277072583677	0.27306697947527464	0.7875570980109792	799540	100042	800000	1	0.01	459	162	0	[1361, 995, 1108, 1227, 507]	0.48369998335838316	0.24133270978927612
162	x78	70	0.0003273342542280137	0.0003273342542280137	1.0888981423715298	0.2761991337337413	0.7875570980109792	799540	100042	800000	1	0.01	459	163	0	[1361, 995, 1108, 1227, 507]	0.48369998335838316	0.24133270978927612
163	x360	292	0.0003270409751473352	0.0003270409751473352	1.08824732882007	0.2764862639802836	0.7875570980109792	799540	100042	800000	1	0.01	459	164	0	[1361, 995, 1108, 1227, 507]	0.48369998335838316	0.24133270978927612
164	x474	371	0.0003265801274235155	0.0003265801274235155	1.0875360481212681	0.2768003041854808	0.7875570980109792	799540	100042	800000	1	0.01	459	165	0	[1361, 995, 1108, 1227, 507]	0.48369998335838316	0.24133270978927612
165	x20	17	0.00032557049167329134	0.00032557049167329134	1.0820585196861836	0.27922685216527704	0.7875570980109792	799540	100042	800000	1	0.01	459	166	0	[1361, 995, 1108, 1227, 507]	0.48369998335838316	0.24133270978927612
166	x461	364	-0.0003238626975557833	0.0003238626975557833	-1.0785887116034958	0.28077144114457414	0.7875570980109792	799540	100042	800000	1	0.01	459	167	0	[1361, 995, 1108, 1227, 507]	0.48369998335838316	0.24133270978927612
167	x301	246	0.0003239847701806739	0.0003239847701806739	1.077846103766569	0.2811027661356808	0.7875570980109792	799540	100042	800000	1	0.01	459	168	0	[1361, 995, 1108, 1227, 507]	0.48369998335838316	0.24133270978927612
168	x540	408	0.00032371316744257873	0.00032371316744257873	1.0774111597576346	0.2812969457553161	0.7875570980109792	799540	100042	800000	1	0.01	459	169	0	[1361, 995, 1108, 1227, 507]	0.48369998335838316	0.24133270978927612
169	x107	97	0.0003218516058747493	0.0003218516058747493	1.0712711363228797	0.28404785744255767	0.7875570980109792	799540	100042	800000	1	0.01	459	170	0	[1361, 995, 1108, 1227, 507]	0.48369998335838316	0.24133270978927612
170	x357	290	-0.00032150590178370964	0.00032150590178370964	-1.0701091363901536	0.2845705101647472	0.7875570980109792	799540	100042	800000	1	0.01	459	171	0	[1361, 995, 1108, 1227, 507]	0.48369998335838316	0.24133270978927612
171	x300	245	0.00032042580056240206	0.00032042580056240206	1.0658985513897523	0.2864698257819109	0.7875570980109792	799540	100042	800000	1	0.01	459	172	0	[1361, 995, 1108, 1227, 507]	0.48369998335838316	0.24133270978927612
172	x65	59	-0.00032019105595710554	0.00032019105595710554	-1.0641556838263095	0.28725850031068656	0.7875570980109792	799540	100042	800000	1	0.01	459	173	0	[1361, 995, 1108, 1227, 507]	0.48369998335838316	0.24133270978927612
173	x52	47	0.0003192450166474992	0.0003192450166474992	1.0621958981475994	0.2881470824278305	0.7875570980109792	799540	100042	800000	1	0.01	459	174	0	[1361, 995, 1108, 1227, 507]	0.48369998335838316	0.24133270978927612
174	x205	182	-0.0003147769655055278	0.0003147769655055278	-1.0473960684941965	0.29491726084792014	0.7875570980109792	799540	100042	800000	1	0.01	459	175	0	[1361, 995, 1108, 1227, 507]	0.48369998335838316	0.24133270978927612
175	x214	189	-0.0003124530261815013	0.0003124530261815013	-1.0394822355011353	0.2985808300503942	0.7875570980109792	799540	100042	800000	1	0.01	459	176	0	[1361, 995, 1108, 1227, 507]	0.48369998335838316	0.24133270978927612
176	x60	54	-0.00031172260619213046	0.00031172260619213046	-1.0361776615510059	0.3001195796098173	0.7875570980109792	799540	100042	800000	1	0.01	459	177	0	[1361, 995, 1108, 1227, 507]	0.48369998335838316	0.24133270978927612
177	x229	202	0.00031022310765458787	0.00031022310765458787	1.0315597984278344	0.3022786934533744	0.7875570980109792	799540	100042	800000	1	0.01	459	178	0	[1361, 995, 1108, 1227, 507]	0.48369998335838316	0.24133270978927612
178	x167	153	0.00030931670097172616	0.00030931670097172616	1.029065907041247	0.3034490167684413	0.7875570980109792	799540	100042	800000	1	0.01	459	179	0	[1361, 995, 1108, 1227, 507]	0.48369998335838316	0.24133270978927612
179	x172	158	0.0003091693244562775	0.0003091693244562775	1.0289249524903072	0.3035152531399445	0.7875570980109792	799540	100042	800000	1	0.01	459	180	0	[1361, 995, 1108, 1227, 507]	0.48369998335838316	0.24133270978927612
180	x431	338	-0.0003088335216453701	0.0003088335216453701	-1.0275828755587302	0.30414639371140606	0.7875570980109792	799540	100042	800000	1	0.01	459	181	0	[1361, 995, 1108, 1227, 507]	0.48369998335838316	0.24133270978927612
181	x309	254	0.00030622059726715365	0.00030622059726715365	1.0190838316384607	0.3081634777090339	0.7875570980109792	799540	100042	800000	1	0.01	459	182	0	[1361, 995, 1108, 1227, 507]	0.48369998335838316	0.24133270978927612
182	x542	410	0.00030396047578638846	0.00030396047578638846	1.0122505514677218	0.3114185776509357	0.7875570980109792	799540	100042	800000	1	0.01	459	183	0	[1361, 995, 1108, 1227, 507]	0.48369998335838316	0.24133270978927612
183	x543	411	-0.0003021730943153689	0.0003021730943153689	-1.005454621129653	0.31467829418613225	0.7875570980109792	799540	100042	800000	1	0.01	459	184	0	[1361, 995, 1108, 1227, 507]	0.48369998335838316	0.24133270978927612
184	x545	413	-0.00030177643941150286	0.00030177643941150286	-1.0040574985094093	0.3153512036418661	0.7875570980109792	799540	100042	800000	1	0.01	459	185	0	[1361, 995, 1108, 1227, 507]	0.48369998335838316	0.24133270978927612
185	x157	145	0.0003004184868940344	0.0003004184868940344	0.9995276126188002	0.31753947218673745	0.7875570980109792	799540	100042	800000	1	0.01	459	186	0	[1361, 995, 1108, 1227, 507]	0.48369998335838316	0.24133270978927612
186	x347	281	-0.0002995185378227	0.0002995185378227	-0.9969542371616635	0.3187870251378893	0.7875570980109792	799540	100042	800000	1	0.01	459	187	0	[1361, 995, 1108, 1227, 507]	0.48369998335838316	0.24133270978927612
187	x453	357	-0.0002984240891983268	0.0002984240891983268	-0.9925662720084856	0.3209216685925723	0.7875570980109792	799540	100042	800000	1	0.01	459	188	0	[1361, 995, 1108, 1227, 507]	0.48369998335838316	0.24133270978927612
188	x125	115	0.0002970670890565956	0.0002970670890565956	0.9874950836967801	0.3234002906914121	0.7875570980109792	799540	100042	800000	1	0.01	459	189	0	[1361, 995, 1108, 1227, 507]	0.48369998335838316	0.24133270978927612
189	x122	112	0.0002967508176341443	0.0002967508176341443	0.98728247832138	0.32350447666079385	0.7875570980109792	799540	100042	800000	1	0.01	459	190	0	[1361, 995, 1108, 1227, 507]	0.48369998335838316	0.24133270978927612
190	x16	13	-0.00029555915043619554	0.00029555915043619554	-0.9829759088461135	0.32561959312584665	0.7875570980109792	799540	100042	800000	1	0.01	459	191	0	[1361, 995, 1108, 1227, 507]	0.48369998335838316	0.24133270978927612
191	x199	176	0.00029477254671475767	0.00029477254671475767	0.9804782257804262	0.32685040932279963	0.7875570980109792	799540	100042	800000	1	0.01	459	192	0	[1361, 995, 1108, 1227, 507]	0.48369998335838316	0.24133270978927612
192	x48	44	-0.0002933762086356025	0.0002933762086356025	-0.9765929551301785	0.32877100366581646	0.7875570980109792	799540	100042	800000	1	0.01	459	193	0	[1361, 995, 1108, 1227, 507]	0.48369998335838316	0.24133270978927612
193	x168	154	-0.0002928692946779924	0.0002928692946779924	-0.9744120277062258	0.3298522946337037	0.7875570980109792	799540	100042	800000	1	0.01	459	194	0	[1361, 995, 1108, 1227, 507]	0.48369998335838316	0.24133270978927612
194	x497	391	-0.0002896887779170819	0.0002896887779170819	-0.9641382841308965	0.33497689254817775	0.7875570980109792	799540	100042	800000	1	0.01	459	195	0	[1361, 995, 1108, 1227, 507]	0.48369998335838316	0.24133270978927612
195	x25	22	0.0002890728141312797	0.0002890728141312797	0.9607736633232877	0.3366662740856802	0.7875570980109792	799540	100042	800000	1	0.01	459	196	0	[1361, 995, 1108, 1227, 507]	0.48369998335838316	0.24133270978927612
196	x213	188	-0.00028619473939479347	0.00028619473939479347	-0.9515907100729155	0.3413048824221907	0.7875570980109792	799540	100042	800000	1	0.01	459	197	0	[1361, 995, 1108, 1227, 507]	0.48369998335838316	0.24133270978927612
197	x322	264	0.0002850174334161346	0.0002850174334161346	0.9482423553230475	0.34300637588947946	0.7875570980109792	799540	100042	800000	1	0.01	459	198	0	[1361, 995, 1108, 1227, 507]	0.48369998335838316	0.24133270978927612
198	x566	434	0.00028124774676404734	0.00028124774676404734	0.9352487951336285	0.34966037956988727	0.7875570980109792	799540	100042	800000	1	0.01	459	199	0	[1361, 995, 1108, 1227, 507]	0.48369998335838316	0.24133270978927612
199	x521	401	0.0002801676112690064	0.0002801676112690064	0.9321240499408547	0.35127270184834847	0.7875570980109792	799540	100042	800000	1	0.01	459	200	0	[1361, 995, 1108, 1227, 507]	0.48369998335838316	0.24133270978927612
200	x281	229	-0.0002781911837409194	0.0002781911837409194	-0.9260395518640725	0.3544257055612674	0.7875570980109792	799540	100042	800000	1	0.01	459	201	0	[1361, 995, 1108, 1227, 507]	0.48369998335838316	0.24133270978927612
201	x517	397	0.00027811411082793807	0.00027811411082793807	0.9247705815273526	0.35508553530796794	0.7875570980109792	799540	100042	800000	1	0.01	459	202	0	[1361, 995, 1108, 1227, 507]	0.48369998335838316	0.24133270978927612
202	x589	457	-0.00027712363823561675	0.00027712363823561675	-0.9220933258711161	0.3564801762030285	0.7875570980109792	799540	100042	800000	1	0.01	459	203	0	[1361, 995, 1108, 1227, 507]	0.48369998335838316	0.24133270978927612
203	x580	448	0.0002751087697358722	0.0002751087697358722	0.9152610307617322	0.36005488778981865	0.7875570980109792	799540	100042	800000	1	0.01	459	204	0	[1361, 995, 1108, 1227, 507]	0.48369998335838316	0.24133270978927612
204	x340	275	0.0002749686946070274	0.0002749686946070274	0.9146274319407219	0.36038752835861143	0.7875570980109792	799540	100042	800000	1	0.01	459	205	0	[1361, 995, 1108, 1227, 507]	0.48369998335838316	0.24133270978927612
205	x17	14	0.00027449435018513503	0.00027449435018513503	0.913281980479564	0.36109453234908984	0.7875570980109792	799540	100042	800000	1	0.01	459	206	0	[1361, 995, 1108, 1227, 507]	0.48369998335838316	0.24133270978927612
206	x115	105	-0.00027296382448965253	0.00027296382448965253	-0.9079305799704059	0.36391517354232017	0.7875570980109792	799540	100042	800000	1	0.01	459	207	0	[1361, 995, 1108, 1227, 507]	0.48369998335838316	0.24133270978927612
207	x355	288	0.0002729046490100045	0.0002729046490100045	0.9075480290896922	0.36411733655673606	0.7875570980109792	799540	100042	800000	1	0.01	459	208	0	[1361, 995, 1108, 1227, 507]	0.48369998335838316	0.24133270978927612
208	x289	236	-0.00027216504680972086	0.00027216504680972086	-0.9052707874259492	0.365322221283194	0.7875570980109792	799540	100042	800000	1	0.01	459	209	0	[1361, 995, 1108, 1227, 507]	0.48369998335838316	0.24133270978927612
209	x291	238	-0.0002719973371346203	0.0002719973371346203	-0.9046121731379535	0.3656711565949238	0.7875570980109792	799540	100042	800000	1	0.01	459	210	0	[1361, 995, 1108, 1227, 507]	0.48369998335838316	0.24133270978927612
210	x18	15	0.00026801263392262217	0.00026801263392262217	0.8921407828749508	0.3723177461706324	0.7875570980109792	799540	100042	800000	1	0.01	459	211	0	[1361, 995, 1108, 1227, 507]	0.48369998335838316	0.24133270978927612
211	x349	282	-0.00026505149376552655	0.00026505149376552655	-0.8824877407008642	0.3775133717027006	0.7875570980109792	799540	100042	800000	1	0.01	459	212	0	[1361, 995, 1108, 1227, 507]	0.48369998335838316	0.24133270978927612
212	x94	85	-0.0002649817392957173	0.0002649817392957173	-0.8819052017937231	0.37782833896489276	0.7875570980109792	799540	100042	800000	1	0.01	459	213	0	[1361, 995, 1108, 1227, 507]	0.48369998335838316	0.24133270978927612
213	x427	334	-0.0002627357252764664	0.0002627357252764664	-0.8744991421675294	0.38184674984748157	0.7875570980109792	799540	100042	800000	1	0.01	459	214	0	[1361, 995, 1108, 1227, 507]	0.48369998335838316	0.24133270978927612
214	x412	321	-0.00026213109578869097	0.00026213109578869097	-0.8708529028319713	0.38383473672027857	0.7875570980109792	799540	100042	800000	1	0.01	459	215	0	[1361, 995, 1108, 1227, 507]	0.48369998335838316	0.24133270978927612
215	x526	405	0.00026147073220463365	0.00026147073220463365	0.869028376101914	0.38483187111006656	0.7875570980109792	799540	100042	800000	1	0.01	459	216	0	[1361, 995, 1108, 1227, 507]	0.48369998335838316	0.24133270978927612
216	x588	456	0.0002562745627198523	0.0002562745627198523	0.8523272715133346	0.3940327290335157	0.7875570980109792	799540	100042	800000	1	0.01	459	217	0	[1361, 995, 1108, 1227, 507]	0.48369998335838316	0.24133270978927612
217	x310	255	0.00025563678462262106	0.00025563678462262106	0.850946193753699	0.3947994975255752	0.7875570980109792	799540	100042	800000	1	0.01	459	218	0	[1361, 995, 1108, 1227, 507]	0.48369998335838316	0.24133270978927612
218	x426	333	-0.000255372591660648	0.000255372591660648	-0.8498702207407229	0.3953974980510402	0.7875570980109792	799540	100042	800000	1	0.01	459	219	0	[1361, 995, 1108, 1227, 507]	0.48369998335838316	0.24133270978927612
219	x204	181	-0.0002544289344988602	0.0002544289344988602	-0.845944081328725	0.39758419290110014	0.7875570980109792	799540	100042	800000	1	0.01	459	220	0	[1361, 995, 1108, 1227, 507]	0.48369998335838316	0.24133270978927612
220	x96	87	0.000251993981276612	0.000251993981276612	0.838833691255893	0.40156289246695454	0.7875570980109792	799540	100042	800000	1	0.01	459	221	0	[1361, 995, 1108, 1227, 507]	0.48369998335838316	0.24133270978927612
221	x528	407	0.0002520958004671202	0.0002520958004671202	0.8383535520337987	0.40183241837606476	0.7875570980109792	799540	100042	800000	1	0.01	459	222	0	[1361, 995, 1108, 1227, 507]	0.48369998335838316	0.24133270978927612
222	x77	69	-0.0002515666687723154	0.0002515666687723154	-0.83675489139135	0.40273060775891656	0.7875570980109792	799540	100042	800000	1	0.01	459	223	0	[1361, 995, 1108, 1227, 507]	0.48369998335838316	0.24133270978927612
223	x312	257	-0.00025090576004813017	0.00025090576004813017	-0.8355810237884531	0.4033908975565904	0.7875570980109792	799540	100042	800000	1	0.01	459	224	0	[1361, 995, 1108, 1227, 507]	0.48369998335838316	0.24133270978927612
224	x133	123	-0.00025075961538586675	0.00025075961538586675	-0.8348967816285067	0.40377607646455516	0.7875570980109792	799540	100042	800000	1	0.01	459	225	0	[1361, 995, 1108, 1227, 507]	0.48369998335838316	0.24133270978927612
225	x475	372	0.0002483046712916073	0.0002483046712916073	0.8270008706338062	0.4082368148158111	0.7875570980109792	799540	100042	800000	1	0.01	459	226	0	[1361, 995, 1108, 1227, 507]	0.48369998335838316	0.24133270978927612
226	x439	346	-0.0002471207011933572	0.0002471207011933572	-0.8217929242574809	0.41119500654165086	0.7875570980109792	799540	100042	800000	1	0.01	459	227	0	[1361, 995, 1108, 1227, 507]	0.48369998335838316	0.24133270978927612
227	x523	402	0.00024683333017236564	0.00024683333017236564	0.8211618309922772	0.4115543394088925	0.7875570980109792	799540	100042	800000	1	0.01	459	228	0	[1361, 995, 1108, 1227, 507]	0.48369998335838316	0.24133270978927612
228	x274	223	0.00024657420474591673	0.00024657420474591673	0.8203708671213829	0.4120049626651461	0.7875570980109792	799540	100042	800000	1	0.01	459	229	0	[1361, 995, 1108, 1227, 507]	0.48369998335838316	0.24133270978927612
229	x579	447	-0.00024540121230982816	0.00024540121230982816	-0.8162936960087125	0.41433242223406974	0.7875570980109792	799540	100042	800000	1	0.01	459	230	0	[1361, 995, 1108, 1227, 507]	0.48369998335838316	0.24133270978927612
230	x576	444	0.00024297685992079622	0.00024297685992079622	0.8088161131381401	0.41862116712617325	0.7875570980109792	799540	100042	800000	1	0.01	459	231	0	[1361, 995, 1108, 1227, 507]	0.48369998335838316	0.24133270978927612
231	x31	28	0.0002423864269896268	0.0002423864269896268	0.8065324880838599	0.4199361231363802	0.7875570980109792	799540	100042	800000	1	0.01	459	232	0	[1361, 995, 1108, 1227, 507]	0.48369998335838316	0.24133270978927612
232	x584	452	0.00024034510601982821	0.00024034510601982821	0.7996015430960495	0.42394193070665676	0.7875570980109792	799540	100042	800000	1	0.01	459	233	0	[1361, 995, 1108, 1227, 507]	0.48369998335838316	0.24133270978927612
233	x106	96	-0.00023994801823069975	0.00023994801823069975	-0.7980406455310511	0.42484714051822003	0.7875570980109792	799540	100042	800000	1	0.01	459	234	0	[1361, 995, 1108, 1227, 507]	0.48369998335838316	0.24133270978927612
234	x97	88	0.00023981026868983047	0.00023981026868983047	0.7977585375238944	0.4250108635524843	0.7875570980109792	799540	100042	800000	1	0.01	459	235	0	[1361, 995, 1108, 1227, 507]	0.48369998335838316	0.24133270978927612
235	x176	162	0.00023970415574192593	0.00023970415574192593	0.7976562183980552	0.4250702541632878	0.7875570980109792	799540	100042	800000	1	0.01	459	236	0	[1361, 995, 1108, 1227, 507]	0.48369998335838316	0.24133270978927612
236	x59	53	0.0002396232561516585	0.0002396232561516585	0.7973419440019702	0.42525270343056487	0.7875570980109792	799540	100042	800000	1	0.01	459	237	0	[1361, 995, 1108, 1227, 507]	0.48369998335838316	0.24133270978927612
237	x74	67	0.00023958343810482369	0.00023958343810482369	0.7969423816451399	0.4254847319023771	0.7875570980109792	799540	100042	800000	1	0.01	459	238	0	[1361, 995, 1108, 1227, 507]	0.48369998335838316	0.24133270978927612
238	x5	4	-0.0002387466712085583	0.0002387466712085583	-0.7945620239859931	0.42686855211788866	0.7875570980109792	799540	100042	800000	1	0.01	459	239	0	[1361, 995, 1108, 1227, 507]	0.48369998335838316	0.24133270978927612
239	x91	82	-0.00023811220302983547	0.00023811220302983547	-0.792089111384372	0.42830895361075716	0.7875570980109792	799540	100042	800000	1	0.01	459	240	0	[1361, 995, 1108, 1227, 507]	0.48369998335838316	0.24133270978927612
240	x54	48	-0.00023694005336487395	0.00023694005336487395	-0.788131744809136	0.43061988207064705	0.7875570980109792	799540	100042	800000	1	0.01	459	241	0	[1361, 995, 1108, 1227, 507]	0.48369998335838316	0.24133270978927612
241	x367	298	-0.00023660521085353353	0.00023660521085353353	-0.7875112957067855	0.43098285209795695	0.7875570980109792	799540	100042	800000	1	0.01	459	242	0	[1361, 995, 1108, 1227, 507]	0.48369998335838316	0.24133270978927612
242	x305	250	-0.00023461765149015821	0.00023461765149015821	-0.7802109236375754	0.4352669645771927	0.7875570980109792	799540	100042	800000	1	0.01	459	243	0	[1361, 995, 1108, 1227, 507]	0.48369998335838316	0.24133270978927612
243	x339	274	-0.00023371106604168894	0.00023371106604168894	-0.7775573127813151	0.4368302646527815	0.7875570980109792	799540	100042	800000	1	0.01	459	244	0	[1361, 995, 1108, 1227, 507]	0.48369998335838316	0.24133270978927612
244	x406	315	-0.00022979756425027686	0.00022979756425027686	-0.7650040347341966	0.4442693678594106	0.7875570980109792	799540	100042	800000	1	0.01	459	245	0	[1361, 995, 1108, 1227, 507]	0.48369998335838316	0.24133270978927612
245	x280	228	0.00022819001247029598	0.00022819001247029598	0.7588688079571986	0.447931263346536	0.7875570980109792	799540	100042	800000	1	0.01	459	246	0	[1361, 995, 1108, 1227, 507]	0.48369998335838316	0.24133270978927612
246	x72	65	-0.00022693237498473226	0.00022693237498473226	-0.7553886103777373	0.45001606764737256	0.7875570980109792	799540	100042	800000	1	0.01	459	247	0	[1361, 995, 1108, 1227, 507]	0.48369998335838316	0.24133270978927612
247	x116	106	-0.0002259839146853537	0.0002259839146853537	-0.7519549782578483	0.4520783553654356	0.7875570980109792	799540	100042	800000	1	0.01	459	248	0	[1361, 995, 1108, 1227, 507]	0.48369998335838316	0.24133270978927612
248	x211	186	0.00022548910912987478	0.00022548910912987478	0.7503390190645906	0.45305076885445206	0.7875570980109792	799540	100042	800000	1	0.01	459	249	0	[1361, 995, 1108, 1227, 507]	0.48369998335838316	0.24133270978927612
249	x218	193	0.00022476468981294818	0.00022476468981294818	0.7474318386006185	0.454803152481313	0.7875570980109792	799540	100042	800000	1	0.01	459	250	0	[1361, 995, 1108, 1227, 507]	0.48369998335838316	0.24133270978927612
250	x425	332	0.0002247018056847448	0.0002247018056847448	0.7474077834224762	0.45481766831709936	0.7875570980109792	799540	100042	800000	1	0.01	459	251	0	[1361, 995, 1108, 1227, 507]	0.48369998335838316	0.24133270978927612
251	x185	169	0.00022422506140584538	0.00022422506140584538	0.7458577313878526	0.4557535804357956	0.7875570980109792	799540	100042	800000	1	0.01	459	252	0	[1361, 995, 1108, 1227, 507]	0.48369998335838316	0.24133270978927612
252	x408	317	0.00022166166588800235	0.00022166166588800235	0.7369784128237536	0.4611356934093612	0.7875570980109792	799540	100042	800000	1	0.01	459	253	0	[1361, 995, 1108, 1227, 507]	0.48369998335838316	0.24133270978927612
253	x90	81	0.00022100471626344557	0.00022100471626344557	0.7344602302379376	0.4626685054013442	0.7875570980109792	799540	100042	800000	1	0.01	459	254	0	[1361, 995, 1108, 1227, 507]	0.48369998335838316	0.24133270978927612
254	x247	207	0.00021845504994636027	0.00021845504994636027	0.7263498052384313	0.4676245667264839	0.7875570980109792	799540	100042	800000	1	0.01	459	255	0	[1361, 995, 1108, 1227, 507]	0.48369998335838316	0.24133270978927612
255	x153	141	0.00021838064441211292	0.00021838064441211292	0.7260948388287198	0.4677808453511816	0.7875570980109792	799540	100042	800000	1	0.01	459	256	0	[1361, 995, 1108, 1227, 507]	0.48369998335838316	0.24133270978927612
256	x215	190	-0.00021652825078859634	0.00021652825078859634	-0.7208380073228703	0.4710093987782803	0.7875570980109792	799540	100042	800000	1	0.01	459	257	0	[1361, 995, 1108, 1227, 507]	0.48369998335838316	0.24133270978927612
257	x87	78	0.0002144255907907447	0.0002144255907907447	0.7130400520441328	0.47582118145313357	0.7875570980109792	799540	100042	800000	1	0.01	459	258	0	[1361, 995, 1108, 1227, 507]	0.48369998335838316	0.24133270978927612
258	x26	23	-0.00021329458998867998	0.00021329458998867998	-0.709628804597551	0.4779345593551374	0.7875570980109792	799540	100042	800000	1	0.01	459	259	0	[1361, 995, 1108, 1227, 507]	0.48369998335838316	0.24133270978927612
259	x202	179	-0.00021281122794617922	0.00021281122794617922	-0.7075657340224119	0.47921518457235923	0.7875570980109792	799540	100042	800000	1	0.01	459	260	0	[1361, 995, 1108, 1227, 507]	0.48369998335838316	0.24133270978927612
260	x181	165	0.0002110068835181483	0.0002110068835181483	0.7018816827759669	0.48275315733474655	0.7875570980109792	799540	100042	800000	1	0.01	459	261	0	[1361, 995, 1108, 1227, 507]	0.48369998335838316	0.24133270978927612
261	x255	215	0.00021046519259859805	0.00021046519259859805	0.7003097172610125	0.483734108321603	0.7875570980109792	799540	100042	800000	1	0.01	459	262	0	[1361, 995, 1108, 1227, 507]	0.48369998335838316	0.24133270978927612
262	x268	217	-0.0002099453369255688	0.0002099453369255688	-0.6978943564049146	0.4852434670074516	0.7875570980109792	799540	100042	800000	1	0.01	459	263	0	[1361, 995, 1108, 1227, 507]	0.48369998335838316	0.24133270978927612
263	x152	140	0.0002084458109495648	0.0002084458109495648	0.6928721567553708	0.4883899856247981	0.7875570980109792	799540	100042	800000	1	0.01	459	264	0	[1361, 995, 1108, 1227, 507]	0.48369998335838316	0.24133270978927612
264	x208	184	-0.00020572383110179805	0.00020572383110179805	-0.6841911521543511	0.49385466688952573	0.7875570980109792	799540	100042	800000	1	0.01	459	265	0	[1361, 995, 1108, 1227, 507]	0.48369998335838316	0.24133270978927612
265	x429	336	-0.00020518341510074209	0.00020518341510074209	-0.6826339843498799	0.49483835179523206	0.7875570980109792	799540	100042	800000	1	0.01	459	266	0	[1361, 995, 1108, 1227, 507]	0.48369998335838316	0.24133270978927612
266	x101	91	0.0002045413218193004	0.0002045413218193004	0.6805424359865587	0.4961612585537053	0.7875570980109792	799540	100042	800000	1	0.01	459	267	0	[1361, 995, 1108, 1227, 507]	0.48369998335838316	0.24133270978927612
267	x563	431	0.00020419407708979927	0.00020419407708979927	0.6790065934625918	0.4971338807790251	0.7875570980109792	799540	100042	800000	1	0.01	459	268	0	[1361, 995, 1108, 1227, 507]	0.48369998335838316	0.24133270978927612
268	x275	224	-0.00020267319887060475	0.00020267319887060475	-0.6742896907090336	0.5001273519629928	0.7875570980109792	799540	100042	800000	1	0.01	459	269	0	[1361, 995, 1108, 1227, 507]	0.48369998335838316	0.24133270978927612
269	x239	203	0.00020220973891359032	0.00020220973891359032	0.672967309195504	0.5009682832598551	0.7875570980109792	799540	100042	800000	1	0.01	459	270	0	[1361, 995, 1108, 1227, 507]	0.48369998335838316	0.24133270978927612
270	x145	134	-0.00020201980963174067	0.00020201980963174067	-0.6718350843272771	0.5016888847655145	0.7875570980109792	799540	100042	800000	1	0.01	459	271	0	[1361, 995, 1108, 1227, 507]	0.48369998335838316	0.24133270978927612
271	x378	302	0.00020087210301383658	0.00020087210301383658	0.668520013883612	0.5038019038369616	0.7875570980109792	799540	100042	800000	1	0.01	459	272	0	[1361, 995, 1108, 1227, 507]	0.48369998335838316	0.24133270978927612
272	x149	138	-0.00020014626521433775	0.00020014626521433775	-0.6661134493105667	0.5053387808078327	0.7875570980109792	799540	100042	800000	1	0.01	459	273	0	[1361, 995, 1108, 1227, 507]	0.48369998335838316	0.24133270978927612
273	x299	244	-0.00019858589061049349	0.00019858589061049349	-0.6608756145578801	0.5086922761275998	0.7875570980109792	799540	100042	800000	1	0.01	459	274	0	[1361, 995, 1108, 1227, 507]	0.48369998335838316	0.24133270978927612
274	x40	37	-0.00019648140599826366	0.00019648140599826366	-0.6534641975993029	0.5134572512844506	0.7875570980109792	799540	100042	800000	1	0.01	459	275	0	[1361, 995, 1108, 1227, 507]	0.48369998335838316	0.24133270978927612
275	x170	156	0.00019547126733740914	0.00019547126733740914	0.6507895449067947	0.5151825371625801	0.7875570980109792	799540	100042	800000	1	0.01	459	276	0	[1361, 995, 1108, 1227, 507]	0.48369998335838316	0.24133270978927612
276	x184	168	0.00019475591717215568	0.00019475591717215568	0.6476997769953026	0.5171793344888351	0.7875570980109792	799540	100042	800000	1	0.01	459	277	0	[1361, 995, 1108, 1227, 507]	0.48369998335838316	0.24133270978927612
277	x571	439	-0.00019406547231421833	0.00019406547231421833	-0.645472164926862	0.5186214360815782	0.7875570980109792	799540	100042	800000	1	0.01	459	278	0	[1361, 995, 1108, 1227, 507]	0.48369998335838316	0.24133270978927612
278	x422	330	0.0001931769004332676	0.0001931769004332676	0.6423957054736568	0.5206164715910813	0.7875570980109792	799540	100042	800000	1	0.01	459	279	0	[1361, 995, 1108, 1227, 507]	0.48369998335838316	0.24133270978927612
279	x177	163	-0.0001924848341859755	0.0001924848341859755	-0.6403012803215193	0.521976932034	0.7875570980109792	799540	100042	800000	1	0.01	459	280	0	[1361, 995, 1108, 1227, 507]	0.48369998335838316	0.24133270978927612
280	x440	347	-0.00019226491365424443	0.00019226491365424443	-0.6390290793483945	0.5228041978367045	0.7875570980109792	799540	100042	800000	1	0.01	459	281	0	[1361, 995, 1108, 1227, 507]	0.48369998335838316	0.24133270978927612
281	x111	101	-0.0001918886189978709	0.0001918886189978709	-0.6385107320415019	0.5231414531072414	0.7875570980109792	799540	100042	800000	1	0.01	459	282	0	[1361, 995, 1108, 1227, 507]	0.48369998335838316	0.24133270978927612
282	x253	213	0.0001912149494619704	0.0001912149494619704	0.6359233180541141	0.5248265854704743	0.7875570980109792	799540	100042	800000	1	0.01	459	283	0	[1361, 995, 1108, 1227, 507]	0.48369998335838316	0.24133270978927612
283	x428	335	-0.00018936727480995874	0.00018936727480995874	-0.6296855752057917	0.5289005019732858	0.7875570980109792	799540	100042	800000	1	0.01	459	284	0	[1361, 995, 1108, 1227, 507]	0.48369998335838316	0.24133270978927612
284	x338	273	0.00018832621827252817	0.00018832621827252817	0.626925412945995	0.5307083071777081	0.7875570980109792	799540	100042	800000	1	0.01	459	285	0	[1361, 995, 1108, 1227, 507]	0.48369998335838316	0.24133270978927612
285	x129	119	-0.00018776470904819574	0.00018776470904819574	-0.6248966547429173	0.5320390663764178	0.7875570980109792	799540	100042	800000	1	0.01	459	286	0	[1361, 995, 1108, 1227, 507]	0.48369998335838316	0.24133270978927612
286	x61	55	-0.0001874940055968302	0.0001874940055968302	-0.623777557231538	0.5327738584320487	0.7875570980109792	799540	100042	800000	1	0.01	459	287	0	[1361, 995, 1108, 1227, 507]	0.48369998335838316	0.24133270978927612
287	x269	218	0.00018641010551921264	0.00018641010551921264	0.6203860968725581	0.5350038003936083	0.7875570980109792	799540	100042	800000	1	0.01	459	288	0	[1361, 995, 1108, 1227, 507]	0.48369998335838316	0.24133270978927612
288	x565	433	0.00018626229783568304	0.00018626229783568304	0.619729290476899	0.535436204963057	0.7875570980109792	799540	100042	800000	1	0.01	459	289	0	[1361, 995, 1108, 1227, 507]	0.48369998335838316	0.24133270978927612
289	x345	279	-0.00018548704638370509	0.00018548704638370509	-0.6173645109869533	0.5369945005348834	0.7875570980109792	799540	100042	800000	1	0.01	459	290	0	[1361, 995, 1108, 1227, 507]	0.48369998335838316	0.24133270978927612
290	x146	135	-0.0001845598988146472	0.0001845598988146472	-0.6142564858039363	0.5390460270196787	0.7875570980109792	799540	100042	800000	1	0.01	459	291	0	[1361, 995, 1108, 1227, 507]	0.48369998335838316	0.24133270978927612
291	x200	177	0.00018327495637747839	0.00018327495637747839	0.6097698602628492	0.5420144428708552	0.7875570980109792	799540	100042	800000	1	0.01	459	292	0	[1361, 995, 1108, 1227, 507]	0.48369998335838316	0.24133270978927612
292	x216	191	-0.0001805766551832947	0.0001805766551832947	-0.6005951296162461	0.5481098529073284	0.7875570980109792	799540	100042	800000	1	0.01	459	293	0	[1361, 995, 1108, 1227, 507]	0.48369998335838316	0.24133270978927612
293	x317	259	-0.0001799182899107889	0.0001799182899107889	-0.599119097749791	0.5490936369540705	0.7875570980109792	799540	100042	800000	1	0.01	459	294	0	[1361, 995, 1108, 1227, 507]	0.48369998335838316	0.24133270978927612
294	x270	219	0.00017758726672837012	0.00017758726672837012	0.5911902890486795	0.5543930957627914	0.7875570980109792	799540	100042	800000	1	0.01	459	295	0	[1361, 995, 1108, 1227, 507]	0.48369998335838316	0.24133270978927612
295	x496	390	-0.0001766703588056297	0.0001766703588056297	-0.5881695684010992	0.5564186474990804	0.7875570980109792	799540	100042	800000	1	0.01	459	296	0	[1361, 995, 1108, 1227, 507]	0.48369998335838316	0.24133270978927612
296	x79	71	-0.00017662193423555333	0.00017662193423555333	-0.5875861756071952	0.556810258364262	0.7875570980109792	799540	100042	800000	1	0.01	459	297	0	[1361, 995, 1108, 1227, 507]	0.48369998335838316	0.24133270978927612
297	x29	26	-0.0001749045812012702	0.0001749045812012702	-0.5817283741149539	0.5607498202204915	0.7875570980109792	799540	100042	800000	1	0.01	459	298	0	[1361, 995, 1108, 1227, 507]	0.48369998335838316	0.24133270978927612
298	x278	226	-0.0001745058222523904	0.0001745058222523904	-0.580344222415631	0.5616826747351715	0.7875570980109792	799540	100042	800000	1	0.01	459	299	0	[1361, 995, 1108, 1227, 507]	0.48369998335838316	0.24133270978927612
299	x9	7	0.0001709682147668519	0.0001709682147668519	0.568989216697024	0.5693636177191079	0.7875570980109792	799540	100042	800000	1	0.01	459	300	0	[1361, 995, 1108, 1227, 507]	0.48369998335838316	0.24133270978927612
300	x128	118	0.00017108131153047783	0.00017108131153047783	0.5689360915514168	0.5693996710509446	0.7875570980109792	799540	100042	800000	1	0.01	459	301	0	[1361, 995, 1108, 1227, 507]	0.48369998335838316	0.24133270978927612
301	x188	171	0.00017101077618804936	0.00017101077618804936	0.5686426649500569	0.5695988243771899	0.7875570980109792	799540	100042	800000	1	0.01	459	302	0	[1361, 995, 1108, 1227, 507]	0.48369998335838316	0.24133270978927612
302	x336	271	0.0001685876897960827	0.0001685876897960827	0.5607235158329252	0.574986190773527	0.7875570980109792	799540	100042	800000	1	0.01	459	303	0	[1361, 995, 1108, 1227, 507]	0.48369998335838316	0.24133270978927612
303	x250	210	-0.00016852306211811432	0.00016852306211811432	-0.5606948976458059	0.5750057032326451	0.7875570980109792	799540	100042	800000	1	0.01	459	304	0	[1361, 995, 1108, 1227, 507]	0.48369998335838316	0.24133270978927612
304	x560	428	-0.00016828826146160015	0.00016828826146160015	-0.5598123055067276	0.5756076260869655	0.7875570980109792	799540	100042	800000	1	0.01	459	305	0	[1361, 995, 1108, 1227, 507]	0.48369998335838316	0.24133270978927612
305	x272	221	0.00016816464767910726	0.00016816464767910726	0.5593818770422184	0.5759012838017303	0.7875570980109792	799540	100042	800000	1	0.01	459	306	0	[1361, 995, 1108, 1227, 507]	0.48369998335838316	0.24133270978927612
306	x186	170	0.000167888696234622	0.000167888696234622	0.5588741037719662	0.5762478005444732	0.7875570980109792	799540	100042	800000	1	0.01	459	307	0	[1361, 995, 1108, 1227, 507]	0.48369998335838316	0.24133270978927612
307	x99	89	-0.00016698212757577322	0.00016698212757577322	-0.555679227987155	0.5784303145923615	0.7875570980109792	799540	100042	800000	1	0.01	459	308	0	[1361, 995, 1108, 1227, 507]	0.48369998335838316	0.24133270978927612
308	x311	256	-0.000165968644011235	0.000165968644011235	-0.5523527457076911	0.580706853732819	0.7875570980109792	799540	100042	800000	1	0.01	459	309	0	[1361, 995, 1108, 1227, 507]	0.48369998335838316	0.24133270978927612
309	x183	167	-0.000165676275800772	0.000165676275800772	-0.5505186579947767	0.5819638369876132	0.7875570980109792	799540	100042	800000	1	0.01	459	310	0	[1361, 995, 1108, 1227, 507]	0.48369998335838316	0.24133270978927612
310	x171	157	0.00016201419577947402	0.00016201419577947402	0.5394331756265368	0.5895881449512349	0.7875570980109792	799540	100042	800000	1	0.01	459	311	0	[1361, 995, 1108, 1227, 507]	0.48369998335838316	0.24133270978927612
311	x582	450	-0.00016053480341396547	0.00016053480341396547	-0.5339673789761279	0.5933642519507167	0.7875570980109792	799540	100042	800000	1	0.01	459	312	0	[1361, 995, 1108, 1227, 507]	0.48369998335838316	0.24133270978927612
312	x334	269	0.00016017053688275397	0.00016017053688275397	0.532862441495605	0.5941289541270687	0.7875570980109792	799540	100042	800000	1	0.01	459	313	0	[1361, 995, 1108, 1227, 507]	0.48369998335838316	0.24133270978927612
313	x518	398	-0.00015895499745560642	0.00015895499745560642	-0.5286665602983789	0.5970369250350825	0.7875570980109792	799540	100042	800000	1	0.01	459	314	0	[1361, 995, 1108, 1227, 507]	0.48369998335838316	0.24133270978927612
314	x182	166	0.00015613986300656412	0.00015613986300656412	0.5196666761422231	0.603296060824025	0.7875570980109792	799540	100042	800000	1	0.01	459	315	0	[1361, 995, 1108, 1227, 507]	0.48369998335838316	0.24133270978927612
315	x147	136	0.00015031643489361293	0.00015031643489361293	0.49962192259885835	0.6173414559822878	0.7875570980109792	799540	100042	800000	1	0.01	459	316	0	[1361, 995, 1108, 1227, 507]	0.48369998335838316	0.24133270978927612
316	x228	201	-0.00014864946815054103	0.00014864946815054103	-0.4945013034842985	0.6209523218842796	0.7875570980109792	799540	100042	800000	1	0.01	459	317	0	[1361, 995, 1108, 1227, 507]	0.48369998335838316	0.24133270978927612
317	x556	424	-0.0001484129310058807	0.0001484129310058807	-0.49360837464787627	0.621582920764133	0.7875570980109792	799540	100042	800000	1	0.01	459	318	0	[1361, 995, 1108, 1227, 507]	0.48369998335838316	0.24133270978927612
318	x71	64	0.00014812837410867517	0.00014812837410867517	0.49240697202258565	0.6224318067459436	0.7875570980109792	799540	100042	800000	1	0.01	459	319	0	[1361, 995, 1108, 1227, 507]	0.48369998335838316	0.24133270978927612
319	x304	249	0.00014622054020129826	0.00014622054020129826	0.486190613674353	0.6268321589523349	0.7875570980109792	799540	100042	800000	1	0.01	459	320	0	[1361, 995, 1108, 1227, 507]	0.48369998335838316	0.24133270978927612
320	x306	251	0.0001456885989382883	0.0001456885989382883	0.4847054967389608	0.6278853995983827	0.7875570980109792	799540	100042	800000	1	0.01	459	321	0	[1361, 995, 1108, 1227, 507]	0.48369998335838316	0.24133270978927612
321	x84	76	0.00014285191432448412	0.00014285191432448412	0.4750077013302834	0.634781613805137	0.7875570980109792	799540	100042	800000	1	0.01	459	322	0	[1361, 995, 1108, 1227, 507]	0.48369998335838316	0.24133270978927612
322	x174	160	0.0001421674828040835	0.0001421674828040835	0.47286189349106733	0.6363118422913129	0.7875570980109792	799540	100042	800000	1	0.01	459	323	0	[1361, 995, 1108, 1227, 507]	0.48369998335838316	0.24133270978927612
323	x577	445	-0.00014209918527755574	0.00014209918527755574	-0.4728381719246264	0.6363287674169937	0.7875570980109792	799540	100042	800000	1	0.01	459	324	0	[1361, 995, 1108, 1227, 507]	0.48369998335838316	0.24133270978927612
324	x549	417	0.00014205280942995957	0.00014205280942995957	0.47280160925145515	0.6363548549293818	0.7875570980109792	799540	100042	800000	1	0.01	459	325	0	[1361, 995, 1108, 1227, 507]	0.48369998335838316	0.24133270978927612
325	x377	301	0.0001419389609123623	0.0001419389609123623	0.4719109122970516	0.6369905075483866	0.7875570980109792	799540	100042	800000	1	0.01	459	326	0	[1361, 995, 1108, 1227, 507]	0.48369998335838316	0.24133270978927612
326	x252	212	-0.0001418099853612299	0.0001418099853612299	-0.4718569254380572	0.6370290442724871	0.7875570980109792	799540	100042	800000	1	0.01	459	327	0	[1361, 995, 1108, 1227, 507]	0.48369998335838316	0.24133270978927612
327	x141	131	-0.00014158787919683045	0.00014158787919683045	-0.471159375129277	0.6375270556214361	0.7875570980109792	799540	100042	800000	1	0.01	459	328	0	[1361, 995, 1108, 1227, 507]	0.48369998335838316	0.24133270978927612
328	x418	326	0.0001412639533192919	0.0001412639533192919	0.4701340555861419	0.6382593727123298	0.7875570980109792	799540	100042	800000	1	0.01	459	329	0	[1361, 995, 1108, 1227, 507]	0.48369998335838316	0.24133270978927612
329	x45	41	-0.00013885497645450785	0.00013885497645450785	-0.4621968760949339	0.6439402690294627	0.7875570980109792	799540	100042	800000	1	0.01	459	330	0	[1361, 995, 1108, 1227, 507]	0.48369998335838316	0.24133270978927612
330	x51	46	-0.00013822850495108	0.00013822850495108	-0.4602699657854704	0.6453225815053705	0.7875570980109792	799540	100042	800000	1	0.01	459	331	0	[1361, 995, 1108, 1227, 507]	0.48369998335838316	0.24133270978927612
331	x432	339	-0.0001377580443077756	0.0001377580443077756	-0.4582970910669443	0.6467391383021286	0.7875570980109792	799540	100042	800000	1	0.01	459	332	0	[1361, 995, 1108, 1227, 507]	0.48369998335838316	0.24133270978927612
332	x307	252	0.0001365498437749706	0.0001365498437749706	0.4545287667532303	0.6494484152550182	0.7875570980109792	799540	100042	800000	1	0.01	459	333	0	[1361, 995, 1108, 1227, 507]	0.48369998335838316	0.24133270978927612
333	x585	453	-0.0001350637883172392	0.0001350637883172392	-0.4494567969401863	0.653102288964477	0.7875570980109792	799540	100042	800000	1	0.01	459	334	0	[1361, 995, 1108, 1227, 507]	0.48369998335838316	0.24133270978927612
334	x457	361	-0.00013446600230386315	0.00013446600230386315	-0.4470100340345713	0.6548679361717639	0.7875570980109792	799540	100042	800000	1	0.01	459	335	0	[1361, 995, 1108, 1227, 507]	0.48369998335838316	0.24133270978927612
335	x66	60	-0.00013332234061479	0.00013332234061479	-0.443843421095767	0.6571559130007654	0.7875570980109792	799540	100042	800000	1	0.01	459	336	0	[1361, 995, 1108, 1227, 507]	0.48369998335838316	0.24133270978927612
336	x283	231	0.000131642091655645	0.000131642091655645	0.43763565303413626	0.6616505399964546	0.7875570980109792	799540	100042	800000	1	0.01	459	337	0	[1361, 995, 1108, 1227, 507]	0.48369998335838316	0.24133270978927612
337	x411	320	-0.00013103945888223853	0.00013103945888223853	-0.43605131612483494	0.6627996158263607	0.7875570980109792	799540	100042	800000	1	0.01	459	338	0	[1361, 995, 1108, 1227, 507]	0.48369998335838316	0.24133270978927612
338	x490	385	0.00013020219000863719	0.00013020219000863719	0.4332966157504833	0.6647994133206065	0.7875570980109792	799540	100042	800000	1	0.01	459	339	0	[1361, 995, 1108, 1227, 507]	0.48369998335838316	0.24133270978927612
339	x354	287	0.0001299662392025734	0.0001299662392025734	0.43252993745559454	0.6653564151567484	0.7875570980109792	799540	100042	800000	1	0.01	459	340	0	[1361, 995, 1108, 1227, 507]	0.48369998335838316	0.24133270978927612
340	x527	406	0.00012693349365848204	0.00012693349365848204	0.4217853045136646	0.6731818464362194	0.7875570980109792	799540	100042	800000	1	0.01	459	341	0	[1361, 995, 1108, 1227, 507]	0.48369998335838316	0.24133270978927612
341	x121	111	-0.0001252674396731295	0.0001252674396731295	-0.4166444242763577	0.6769386222480858	0.7875570980109792	799540	100042	800000	1	0.01	459	342	0	[1361, 995, 1108, 1227, 507]	0.48369998335838316	0.24133270978927612
342	x567	435	-0.00012400236564263865	0.00012400236564263865	-0.41220924818101956	0.6801861696865794	0.7875570980109792	799540	100042	800000	1	0.01	459	343	0	[1361, 995, 1108, 1227, 507]	0.48369998335838316	0.24133270978927612
343	x223	197	0.00012260783797352995	0.00012260783797352995	0.4078636017923587	0.6833739255005958	0.7875570980109792	799540	100042	800000	1	0.01	459	344	0	[1361, 995, 1108, 1227, 507]	0.48369998335838316	0.24133270978927612
344	x500	393	-0.0001224729518218152	0.0001224729518218152	-0.4078513114708898	0.6833829491285643	0.7875570980109792	799540	100042	800000	1	0.01	459	345	0	[1361, 995, 1108, 1227, 507]	0.48369998335838316	0.24133270978927612
345	x368	299	0.00012176615836856967	0.00012176615836856967	0.40491075350127814	0.6855432219421023	0.7875570980109792	799540	100042	800000	1	0.01	459	346	0	[1361, 995, 1108, 1227, 507]	0.48369998335838316	0.24133270978927612
346	x525	404	0.00012109474349012678	0.00012109474349012678	0.40263858537810676	0.6872142274823623	0.7875570980109792	799540	100042	800000	1	0.01	459	347	0	[1361, 995, 1108, 1227, 507]	0.48369998335838316	0.24133270978927612
347	x335	270	-0.000120478608671017	0.000120478608671017	-0.4008605020490592	0.6885229386169913	0.7875570980109792	799540	100042	800000	1	0.01	459	348	0	[1361, 995, 1108, 1227, 507]	0.48369998335838316	0.24133270978927612
348	x93	84	-0.00011732820726551058	0.00011732820726551058	-0.3903682074544097	0.6962643975011302	0.7875570980109792	799540	100042	800000	1	0.01	459	349	0	[1361, 995, 1108, 1227, 507]	0.48369998335838316	0.24133270978927612
349	x254	214	-0.00011691096604009067	0.00011691096604009067	-0.3889341030472037	0.6973249974216248	0.7875570980109792	799540	100042	800000	1	0.01	459	350	0	[1361, 995, 1108, 1227, 507]	0.48369998335838316	0.24133270978927612
350	x226	200	0.00011475164400169786	0.00011475164400169786	0.38186350137104247	0.7025627155701804	0.7875570980109792	799540	100042	800000	1	0.01	459	351	0	[1361, 995, 1108, 1227, 507]	0.48369998335838316	0.24133270978927612
351	x126	116	-0.00011345558929006247	0.00011345558929006247	-0.3773686247285941	0.705899780233082	0.7875570980109792	799540	100042	800000	1	0.01	459	352	0	[1361, 995, 1108, 1227, 507]	0.48369998335838316	0.24133270978927612
352	x559	427	-0.00011128102954983554	0.00011128102954983554	-0.3702622864762232	0.711187169190834	0.7875570980109792	799540	100042	800000	1	0.01	459	353	0	[1361, 995, 1108, 1227, 507]	0.48369998335838316	0.24133270978927612
353	x575	443	-0.00011061224032688977	0.00011061224032688977	-0.3679865784019485	0.7128833393991219	0.7875570980109792	799540	100042	800000	1	0.01	459	354	0	[1361, 995, 1108, 1227, 507]	0.48369998335838316	0.24133270978927612
354	x486	381	0.00011012927851415117	0.00011012927851415117	0.36668421272630847	0.7138546809796409	0.7875570980109792	799540	100042	800000	1	0.01	459	355	0	[1361, 995, 1108, 1227, 507]	0.48369998335838316	0.24133270978927612
355	x131	121	0.00010978889747356764	0.00010978889747356764	0.3652398042195942	0.7149325047548261	0.7875570980109792	799540	100042	800000	1	0.01	459	356	0	[1361, 995, 1108, 1227, 507]	0.48369998335838316	0.24133270978927612
356	x44	40	-0.00010901087013169191	0.00010901087013169191	-0.3626130478044727	0.7168940578774523	0.7875570980109792	799540	100042	800000	1	0.01	459	357	0	[1361, 995, 1108, 1227, 507]	0.48369998335838316	0.24133270978927612
357	x73	66	0.00010812524576981964	0.00010812524576981964	0.3597502316913739	0.7190340190139162	0.7875570980109792	799540	100042	800000	1	0.01	459	358	0	[1361, 995, 1108, 1227, 507]	0.48369998335838316	0.24133270978927612
358	x492	387	0.0001074629981261028	0.0001074629981261028	0.3573919803915055	0.7207984739210738	0.7875570980109792	799540	100042	800000	1	0.01	459	359	0	[1361, 995, 1108, 1227, 507]	0.48369998335838316	0.24133270978927612
359	x512	396	-0.00010723713009986773	0.00010723713009986773	-0.356615039229403	0.7213801112504814	0.7875570980109792	799540	100042	800000	1	0.01	459	360	0	[1361, 995, 1108, 1227, 507]	0.48369998335838316	0.24133270978927612
360	x319	261	-0.00010544891461355984	0.00010544891461355984	-0.35059938931571416	0.7258890071120724	0.7875570980109792	799540	100042	800000	1	0.01	459	361	0	[1361, 995, 1108, 1227, 507]	0.48369998335838316	0.24133270978927612
361	x22	19	-0.00010512324748847107	0.00010512324748847107	-0.3498441433984964	0.7264557603561617	0.7875570980109792	799540	100042	800000	1	0.01	459	362	0	[1361, 995, 1108, 1227, 507]	0.48369998335838316	0.24133270978927612
362	x438	345	-0.00010503895973519445	0.00010503895973519445	-0.3491133468845717	0.727004308802552	0.7875570980109792	799540	100042	800000	1	0.01	459	363	0	[1361, 995, 1108, 1227, 507]	0.48369998335838316	0.24133270978927612
363	x222	196	-0.00010339615966164118	0.00010339615966164118	-0.34397775579706796	0.7308631052506684	0.7875570980109792	799540	100042	800000	1	0.01	459	364	0	[1361, 995, 1108, 1227, 507]	0.48369998335838316	0.24133270978927612
364	x175	161	0.00010043632755173098	0.00010043632755173098	0.33408939108428676	0.7383121929135104	0.7875570980109792	799540	100042	800000	1	0.01	459	365	0	[1361, 995, 1108, 1227, 507]	0.48369998335838316	0.24133270978927612
365	x581	449	9.812487151220093e-05	9.812487151220093e-05	0.32625978642573894	0.744227896163371	0.7875570980109792	799540	100042	800000	1	0.01	459	366	0	[1361, 995, 1108, 1227, 507]	0.48369998335838316	0.24133270978927612
366	x37	34	9.662189663237461e-05	9.662189663237461e-05	0.32161827853104974	0.7477419788193982	0.7875570980109792	799540	100042	800000	1	0.01	459	367	0	[1361, 995, 1108, 1227, 507]	0.48369998335838316	0.24133270978927612
367	x393	313	9.615674485175145e-05	9.615674485175145e-05	0.31995739220657304	0.7490007136869195	0.7875570980109792	799540	100042	800000	1	0.01	459	368	0	[1361, 995, 1108, 1227, 507]	0.48369998335838316	0.24133270978927612
368	x135	125	9.608705966044423e-05	9.608705966044423e-05	0.31957847998354755	0.7492879735001694	0.7875570980109792	799540	100042	800000	1	0.01	459	369	0	[1361, 995, 1108, 1227, 507]	0.48369998335838316	0.24133270978927612
369	x413	322	-9.314939478623097e-05	9.314939478623097e-05	-0.3098242004802779	0.756694727964704	0.7875570980109792	799540	100042	800000	1	0.01	459	370	0	[1361, 995, 1108, 1227, 507]	0.48369998335838316	0.24133270978927612
370	x364	296	8.992764951400644e-05	8.992764951400644e-05	0.29918941871231836	0.7647956001544042	0.7875570980109792	799540	100042	800000	1	0.01	459	371	0	[1361, 995, 1108, 1227, 507]	0.48369998335838316	0.24133270978927612
371	x501	394	-8.956573243250476e-05	8.956573243250476e-05	-0.29791664563601955	0.7657668605326712	0.7875570980109792	799540	100042	800000	1	0.01	459	372	0	[1361, 995, 1108, 1227, 507]	0.48369998335838316	0.24133270978927612
372	x477	374	-8.790171063739157e-05	8.790171063739157e-05	-0.29256169594032394	0.7698572713848012	0.7875570980109792	799540	100042	800000	1	0.01	459	373	0	[1361, 995, 1108, 1227, 507]	0.48369998335838316	0.24133270978927612
373	x366	297	-8.410926170275946e-05	8.410926170275946e-05	-0.27972309516468924	0.7796900303553808	0.7875570980109792	799540	100042	800000	1	0.01	459	374	0	[1361, 995, 1108, 1227, 507]	0.48369998335838316	0.24133270978927612
374	x410	319	8.329037784601661e-05	8.329037784601661e-05	0.27702884980906634	0.7817580254130343	0.7875570980109792	799540	100042	800000	1	0.01	459	375	0	[1361, 995, 1108, 1227, 507]	0.48369998335838316	0.24133270978927612
375	x212	187	-8.303783679923622e-05	8.303783679923622e-05	-0.2763720809298225	0.782262369563307	0.7875570980109792	799540	100042	800000	1	0.01	459	376	0	[1361, 995, 1108, 1227, 507]	0.48369998335838316	0.24133270978927612
376	x69	63	8.302077321712928e-05	8.302077321712928e-05	0.2761202600750845	0.7824557714336421	0.7875570980109792	799540	100042	800000	1	0.01	459	377	0	[1361, 995, 1108, 1227, 507]	0.48369998335838316	0.24133270978927612
377	x198	175	-8.056577889683073e-05	8.056577889683073e-05	-0.26810373424080575	0.7886195406823532	0.7875570980109792	799540	100042	800000	1	0.01	459	378	0	[1361, 995, 1108, 1227, 507]	0.48369998335838316	0.24133270978927612
378	x144	133	-8.026611894280468e-05	8.026611894280468e-05	-0.2669309780244156	0.78952237356595	0.7875570980109792	799540	100042	800000	1	0.01	459	379	0	[1361, 995, 1108, 1227, 507]	0.48369998335838316	0.24133270978927612
379	x362	294	-7.953926325288451e-05	7.953926325288451e-05	-0.2646132880836467	0.791307450732999	0.7875570980109792	799540	100042	800000	1	0.01	459	380	0	[1361, 995, 1108, 1227, 507]	0.48369998335838316	0.24133270978927612
380	x124	114	-7.940956730643189e-05	7.940956730643189e-05	-0.2641070394662659	0.7916975077874111	0.7875570980109792	799540	100042	800000	1	0.01	459	381	0	[1361, 995, 1108, 1227, 507]	0.48369998335838316	0.24133270978927612
381	x333	268	7.858864394517146e-05	7.858864394517146e-05	0.2612592979653981	0.793892619587365	0.7875570980109792	799540	100042	800000	1	0.01	459	382	0	[1361, 995, 1108, 1227, 507]	0.48369998335838316	0.24133270978927612
382	x583	451	-7.789932321402925e-05	7.789932321402925e-05	-0.2590594602325431	0.7955894299889639	0.7875570980109792	799540	100042	800000	1	0.01	459	383	0	[1361, 995, 1108, 1227, 507]	0.48369998335838316	0.24133270978927612
383	x217	192	-7.639679481756623e-05	7.639679481756623e-05	-0.25442304337899374	0.7991688159307422	0.7875570980109792	799540	100042	800000	1	0.01	459	384	0	[1361, 995, 1108, 1227, 507]	0.48369998335838316	0.24133270978927612
384	x2	1	-7.575173608767337e-05	7.575173608767337e-05	-0.2519907932514908	0.8010482449183872	0.7875570980109792	799540	100042	800000	1	0.01	459	385	0	[1361, 995, 1108, 1227, 507]	0.48369998335838316	0.24133270978927612
385	x15	12	-7.366882097823757e-05	7.366882097823757e-05	-0.24533205812683653	0.806199394229409	0.7875570980109792	799540	100042	800000	1	0.01	459	386	0	[1361, 995, 1108, 1227, 507]	0.48369998335838316	0.24133270978927612
386	x286	233	7.289742617761294e-05	7.289742617761294e-05	0.24250965635106314	0.8083853376572423	0.7875570980109792	799540	100042	800000	1	0.01	459	387	0	[1361, 995, 1108, 1227, 507]	0.48369998335838316	0.24133270978927612
387	x282	230	7.088002808828094e-05	7.088002808828094e-05	0.235781635673168	0.8136021794475272	0.7875570980109792	799540	100042	800000	1	0.01	459	388	0	[1361, 995, 1108, 1227, 507]	0.48369998335838316	0.24133270978927612
388	x308	253	7.033565762514043e-05	7.033565762514043e-05	0.23400355291824554	0.8149822803180313	0.7875570980109792	799540	100042	800000	1	0.01	459	389	0	[1361, 995, 1108, 1227, 507]	0.48369998335838316	0.24133270978927612
389	x46	42	-6.967867897356127e-05	6.967867897356127e-05	-0.23176244996091294	0.816722582896752	0.7875570980109792	799540	100042	800000	1	0.01	459	390	0	[1361, 995, 1108, 1227, 507]	0.48369998335838316	0.24133270978927612
390	x240	204	6.686826554988869e-05	6.686826554988869e-05	0.22279346131915181	0.8236963141413797	0.7875570980109792	799540	100042	800000	1	0.01	459	391	0	[1361, 995, 1108, 1227, 507]	0.48369998335838316	0.24133270978927612
391	x487	382	6.669487483039932e-05	6.669487483039932e-05	0.22190334353824243	0.8243891843269138	0.7875570980109792	799540	100042	800000	1	0.01	459	392	0	[1361, 995, 1108, 1227, 507]	0.48369998335838316	0.24133270978927612
392	x550	418	-6.224741008360709e-05	6.224741008360709e-05	-0.2071329088758944	0.8359061145522434	0.7875570980109792	799540	100042	800000	1	0.01	459	393	0	[1361, 995, 1108, 1227, 507]	0.48369998335838316	0.24133270978927612
393	x290	237	-6.132263100982151e-05	6.132263100982151e-05	-0.20401415207061335	0.8383424916624447	0.7875570980109792	799540	100042	800000	1	0.01	459	394	0	[1361, 995, 1108, 1227, 507]	0.48369998335838316	0.24133270978927612
394	x139	129	6.105211959294266e-05	6.105211959294266e-05	0.20305540313257567	0.8390917803311686	0.7875570980109792	799540	100042	800000	1	0.01	459	395	0	[1361, 995, 1108, 1227, 507]	0.48369998335838316	0.24133270978927612
395	x494	388	-6.007537056263507e-05	6.007537056263507e-05	-0.19983271829024293	0.8416114627112801	0.7875570980109792	799540	100042	800000	1	0.01	459	396	0	[1361, 995, 1108, 1227, 507]	0.48369998335838316	0.24133270978927612
396	x344	278	-5.922059141718618e-05	5.922059141718618e-05	-0.19702186182157108	0.8438104799031949	0.7875570980109792	799540	100042	800000	1	0.01	459	397	0	[1361, 995, 1108, 1227, 507]	0.48369998335838316	0.24133270978927612
397	x23	20	-5.874480141886716e-05	5.874480141886716e-05	-0.19553343033605805	0.8449754187997323	0.7875570980109792	799540	100042	800000	1	0.01	459	398	0	[1361, 995, 1108, 1227, 507]	0.48369998335838316	0.24133270978927612
398	x352	285	-5.7998643632506785e-05	5.7998643632506785e-05	-0.19288530631473266	0.8470488417978262	0.7875570980109792	799540	100042	800000	1	0.01	459	399	0	[1361, 995, 1108, 1227, 507]	0.48369998335838316	0.24133270978927612
399	x391	311	5.7584542666095955e-05	5.7584542666095955e-05	0.1916385820184743	0.8480253671865023	0.7875570980109792	799540	100042	800000	1	0.01	459	400	0	[1361, 995, 1108, 1227, 507]	0.48369998335838316	0.24133270978927612
400	x173	159	5.633434389548726e-05	5.633434389548726e-05	0.18747763067706333	0.8512862084398383	0.7875570980109792	799540	100042	800000	1	0.01	459	401	0	[1361, 995, 1108, 1227, 507]	0.48369998335838316	0.24133270978927612
401	x442	349	-5.564687923006974e-05	5.564687923006974e-05	-0.18506346232995602	0.8531793063228318	0.7875570980109792	799540	100042	800000	1	0.01	459	402	0	[1361, 995, 1108, 1227, 507]	0.48369998335838316	0.24133270978927612
402	x30	27	5.497975412549647e-05	5.497975412549647e-05	0.1831547789883032	0.8546766216721804	0.7875570980109792	799540	100042	800000	1	0.01	459	403	0	[1361, 995, 1108, 1227, 507]	0.48369998335838316	0.24133270978927612
403	x298	243	-5.4190360616428837e-05	5.4190360616428837e-05	-0.18038052660541304	0.8568538868067351	0.7875570980109792	799540	100042	800000	1	0.01	459	404	0	[1361, 995, 1108, 1227, 507]	0.48369998335838316	0.24133270978927612
404	x224	198	-5.233089505523535e-05	5.233089505523535e-05	-0.17411163159485804	0.8617777762123353	0.7875570980109792	799540	100042	800000	1	0.01	459	405	0	[1361, 995, 1108, 1227, 507]	0.48369998335838316	0.24133270978927612
405	x119	109	5.1676571008834594e-05	5.1676571008834594e-05	0.17186312341401344	0.8635451819050981	0.7875570980109792	799540	100042	800000	1	0.01	459	406	0	[1361, 995, 1108, 1227, 507]	0.48369998335838316	0.24133270978927612
406	x389	309	5.11076192624731e-05	5.11076192624731e-05	0.17018058220116097	0.8648681651787661	0.7875570980109792	799540	100042	800000	1	0.01	459	407	0	[1361, 995, 1108, 1227, 507]	0.48369998335838316	0.24133270978927612
407	x100	90	5.1167644211660714e-05	5.1167644211660714e-05	0.17017508133644896	0.8648724911356896	0.7875570980109792	799540	100042	800000	1	0.01	459	408	0	[1361, 995, 1108, 1227, 507]	0.48369998335838316	0.24133270978927612
408	x38	35	4.9562916029385304e-05	4.9562916029385304e-05	0.16490354931628365	0.8690199403873528	0.7875570980109792	799540	100042	800000	1	0.01	459	409	0	[1361, 995, 1108, 1227, 507]	0.48369998335838316	0.24133270978927612
409	x476	373	-4.561240871197388e-05	4.561240871197388e-05	-0.151801527904852	0.8793435153090734	0.7875570980109792	799540	100042	800000	1	0.01	459	410	0	[1361, 995, 1108, 1227, 507]	0.48369998335838316	0.24133270978927612
410	x127	117	4.4125473911942474e-05	4.4125473911942474e-05	0.14674163135352492	0.8833359942017063	0.7875570980109792	799540	100042	800000	1	0.01	459	411	0	[1361, 995, 1108, 1227, 507]	0.48369998335838316	0.24133270978927612
411	x519	399	-4.395168429039068e-05	4.395168429039068e-05	-0.1462180182670302	0.8837493187715495	0.7875570980109792	799540	100042	800000	1	0.01	459	412	0	[1361, 995, 1108, 1227, 507]	0.48369998335838316	0.24133270978927612
412	x271	220	4.3516500571219933e-05	4.3516500571219933e-05	0.14462486926232307	0.8850070972891526	0.7875570980109792	799540	100042	800000	1	0.01	459	413	0	[1361, 995, 1108, 1227, 507]	0.48369998335838316	0.24133270978927612
413	x472	369	4.331682812460882e-05	4.331682812460882e-05	0.14409243443400788	0.8854275151409693	0.7875570980109792	799540	100042	800000	1	0.01	459	414	0	[1361, 995, 1108, 1227, 507]	0.48369998335838316	0.24133270978927612
414	x443	350	-4.176324351263381e-05	4.176324351263381e-05	-0.1389962383110574	0.8894531565941899	0.7875570980109792	799540	100042	800000	1	0.01	459	415	0	[1361, 995, 1108, 1227, 507]	0.48369998335838316	0.24133270978927612
415	x117	107	-4.146127565596926e-05	4.146127565596926e-05	-0.1378220782676889	0.8903810696450069	0.7875570980109792	799540	100042	800000	1	0.01	459	416	0	[1361, 995, 1108, 1227, 507]	0.48369998335838316	0.24133270978927612
416	x27	24	-4.051095667519503e-05	4.051095667519503e-05	-0.13483987215945434	0.8927385142160231	0.7875570980109792	799540	100042	800000	1	0.01	459	417	0	[1361, 995, 1108, 1227, 507]	0.48369998335838316	0.24133270978927612
417	x58	52	-3.919574942596223e-05	3.919574942596223e-05	-0.13034868137014294	0.8962905992080566	0.7875570980109792	799540	100042	800000	1	0.01	459	418	0	[1361, 995, 1108, 1227, 507]	0.48369998335838316	0.24133270978927612
418	x134	124	-3.785915162168024e-05	3.785915162168024e-05	-0.12584790581527378	0.899852351481286	0.7875570980109792	799540	100042	800000	1	0.01	459	419	0	[1361, 995, 1108, 1227, 507]	0.48369998335838316	0.24133270978927612
419	x10	8	-3.637502965186545e-05	3.637502965186545e-05	-0.12100620559926659	0.9036861503665221	0.7875570980109792	799540	100042	800000	1	0.01	459	420	0	[1361, 995, 1108, 1227, 507]	0.48369998335838316	0.24133270978927612
420	x341	276	3.256738751900208e-05	3.256738751900208e-05	0.1082876594604501	0.913767538548214	0.7875570980109792	799540	100042	800000	1	0.01	459	421	0	[1361, 995, 1108, 1227, 507]	0.48369998335838316	0.24133270978927612
421	x325	266	-3.0142300978120472e-05	3.0142300978120472e-05	-0.10032691591110018	0.9200848146402798	0.7875570980109792	799540	100042	800000	1	0.01	459	422	0	[1361, 995, 1108, 1227, 507]	0.48369998335838316	0.24133270978927612
422	x189	172	-2.9541176046722956e-05	2.9541176046722956e-05	-0.09833886303780254	0.9216632441288455	0.7875570980109792	799540	100042	800000	1	0.01	459	423	0	[1361, 995, 1108, 1227, 507]	0.48369998335838316	0.24133270978927612
423	x296	241	-2.8421142810073555e-05	2.8421142810073555e-05	-0.09459019192908047	0.924640364313996	0.7875570980109792	799540	100042	800000	1	0.01	459	424	0	[1361, 995, 1108, 1227, 507]	0.48369998335838316	0.24133270978927612
424	x12	10	-2.7137220515263633e-05	2.7137220515263633e-05	-0.09031180257473567	0.9280394640037373	0.7875570980109792	799540	100042	800000	1	0.01	459	425	0	[1361, 995, 1108, 1227, 507]	0.48369998335838316	0.24133270978927612
425	x169	155	2.610976475350313e-05	2.610976475350313e-05	0.08683400150900918	0.9308034821378166	0.7875570980109792	799540	100042	800000	1	0.01	459	426	0	[1361, 995, 1108, 1227, 507]	0.48369998335838316	0.24133270978927612
426	x430	337	2.5906311086401687e-05	2.5906311086401687e-05	0.08616182899570747	0.9313377954481936	0.7875570980109792	799540	100042	800000	1	0.01	459	427	0	[1361, 995, 1108, 1227, 507]	0.48369998335838316	0.24133270978927612
427	x251	211	2.549805453666006e-05	2.549805453666006e-05	0.08476902421282721	0.932445041196319	0.7875570980109792	799540	100042	800000	1	0.01	459	428	0	[1361, 995, 1108, 1227, 507]	0.48369998335838316	0.24133270978927612
428	x568	436	-2.5110404128675032e-05	2.5110404128675032e-05	-0.08354874740673761	0.9334152389416195	0.7875570980109792	799540	100042	800000	1	0.01	459	429	0	[1361, 995, 1108, 1227, 507]	0.48369998335838316	0.24133270978927612
429	x544	412	2.505223090617532e-05	2.505223090617532e-05	0.08339682981908503	0.9335360300484059	0.7875570980109792	799540	100042	800000	1	0.01	459	430	0	[1361, 995, 1108, 1227, 507]	0.48369998335838316	0.24133270978927612
430	x151	139	-2.5004628562250734e-05	2.5004628562250734e-05	-0.0831812879711896	0.9337074120299103	0.7875570980109792	799540	100042	800000	1	0.01	459	431	0	[1361, 995, 1108, 1227, 507]	0.48369998335838316	0.24133270978927612
431	x458	362	-2.377666860854886e-05	2.377666860854886e-05	-0.07910228123574885	0.9369512888335567	0.7875570980109792	799540	100042	800000	1	0.01	459	432	0	[1361, 995, 1108, 1227, 507]	0.48369998335838316	0.24133270978927612
432	x178	164	-2.3745062487581106e-05	2.3745062487581106e-05	-0.07899474930127476	0.9370368192332524	0.7875570980109792	799540	100042	800000	1	0.01	459	433	0	[1361, 995, 1108, 1227, 507]	0.48369998335838316	0.24133270978927612
433	x313	258	2.2698644729813945e-05	2.2698644729813945e-05	0.07549221647958165	0.9398231091031723	0.7875570980109792	799540	100042	800000	1	0.01	459	434	0	[1361, 995, 1108, 1227, 507]	0.48369998335838316	0.24133270978927612
434	x578	446	-2.138667208647893e-05	2.138667208647893e-05	-0.07113026368836306	0.9432941000159312	0.7875570980109792	799540	100042	800000	1	0.01	459	435	0	[1361, 995, 1108, 1227, 507]	0.48369998335838316	0.24133270978927612
435	x102	92	-2.128618445260344e-05	2.128618445260344e-05	-0.07073124913812644	0.9436116675882271	0.7875570980109792	799540	100042	800000	1	0.01	459	436	0	[1361, 995, 1108, 1227, 507]	0.48369998335838316	0.24133270978927612
436	x295	240	2.0868266198541885e-05	2.0868266198541885e-05	0.06945709833509074	0.9446257980805849	0.7875570980109792	799540	100042	800000	1	0.01	459	437	0	[1361, 995, 1108, 1227, 507]	0.48369998335838316	0.24133270978927612
437	x95	86	2.0702775255635847e-05	2.0702775255635847e-05	0.06888231614134441	0.9450833119817634	0.7875570980109792	799540	100042	800000	1	0.01	459	438	0	[1361, 995, 1108, 1227, 507]	0.48369998335838316	0.24133270978927612
438	x33	30	-1.8406494552575317e-05	1.8406494552575317e-05	-0.06126217948148119	0.9511504259154249	0.7875570980109792	799540	100042	800000	1	0.01	459	439	0	[1361, 995, 1108, 1227, 507]	0.48369998335838316	0.24133270978927612
439	x392	312	1.7270216838881837e-05	1.7270216838881837e-05	0.05746085238272401	0.9541781041906403	0.7875570980109792	799540	100042	800000	1	0.01	459	440	0	[1361, 995, 1108, 1227, 507]	0.48369998335838316	0.24133270978927612
440	x279	227	1.6893704104632894e-05	1.6893704104632894e-05	0.056187137796907184	0.9551927415671643	0.7875570980109792	799540	100042	800000	1	0.01	459	441	0	[1361, 995, 1108, 1227, 507]	0.48369998335838316	0.24133270978927612
441	x407	316	1.661168037770039e-05	1.661168037770039e-05	0.055273399712519565	0.9559206675253717	0.7875570980109792	799540	100042	800000	1	0.01	459	442	0	[1361, 995, 1108, 1227, 507]	0.48369998335838316	0.24133270978927612
442	x148	137	-1.630252238676381e-05	1.630252238676381e-05	-0.054222644087949586	0.956757793394758	0.7875570980109792	799540	100042	800000	1	0.01	459	443	0	[1361, 995, 1108, 1227, 507]	0.48369998335838316	0.24133270978927612
443	x276	225	-1.6077161877206974e-05	1.6077161877206974e-05	-0.05349300426125266	0.9573391178259888	0.7875570980109792	799540	100042	800000	1	0.01	459	444	0	[1361, 995, 1108, 1227, 507]	0.48369998335838316	0.24133270978927612
444	x138	128	1.6049951919640127e-05	1.6049951919640127e-05	0.05337022721219308	0.9574369399692202	0.7875570980109792	799540	100042	800000	1	0.01	459	445	0	[1361, 995, 1108, 1227, 507]	0.48369998335838316	0.24133270978927612
445	x495	389	-1.5798826594068346e-05	1.5798826594068346e-05	-0.05256387493633524	0.9580794139155577	0.7875570980109792	799540	100042	800000	1	0.01	459	446	0	[1361, 995, 1108, 1227, 507]	0.48369998335838316	0.24133270978927612
446	x80	72	1.572354648767798e-05	1.572354648767798e-05	0.05235376919201765	0.958246823483982	0.7875570980109792	799540	100042	800000	1	0.01	459	447	0	[1361, 995, 1108, 1227, 507]	0.48369998335838316	0.24133270978927612
447	x206	183	-1.5585109845041165e-05	1.5585109845041165e-05	-0.051876582101018094	0.9586270468806901	0.7875570980109792	799540	100042	800000	1	0.01	459	448	0	[1361, 995, 1108, 1227, 507]	0.48369998335838316	0.24133270978927612
448	x92	83	-1.4537663133041485e-05	1.4537663133041485e-05	-0.048367779101802705	0.9614231498704291	0.7875570980109792	799540	100042	800000	1	0.01	459	449	0	[1361, 995, 1108, 1227, 507]	0.48369998335838316	0.24133270978927612
449	x553	421	-1.4485562747309277e-05	1.4485562747309277e-05	-0.04818983781313827	0.9615649610664138	0.7875570980109792	799540	100042	800000	1	0.01	459	450	0	[1361, 995, 1108, 1227, 507]	0.48369998335838316	0.24133270978927612
450	x219	194	-1.3140123903431504e-05	1.3140123903431504e-05	-0.04373028784409301	0.9651194070153931	0.7875570980109792	799540	100042	800000	1	0.01	459	451	0	[1361, 995, 1108, 1227, 507]	0.48369998335838316	0.24133270978927612
451	x201	178	-1.2750787081380123e-05	1.2750787081380123e-05	-0.042418389231153895	0.9661651796478535	0.7875570980109792	799540	100042	800000	1	0.01	459	452	0	[1361, 995, 1108, 1227, 507]	0.48369998335838316	0.24133270978927612
452	x437	344	1.2193901062457372e-05	1.2193901062457372e-05	0.04060126775092333	0.9676137836102275	0.7875570980109792	799540	100042	800000	1	0.01	459	453	0	[1361, 995, 1108, 1227, 507]	0.48369998335838316	0.24133270978927612
453	x511	395	-1.1140688205729512e-05	1.1140688205729512e-05	-0.03705862301404163	0.9704382726525931	0.7875570980109792	799540	100042	800000	1	0.01	459	454	0	[1361, 995, 1108, 1227, 507]	0.48369998335838316	0.24133270978927612
454	x435	342	-9.579286512061893e-06	9.579286512061893e-06	-0.03187239814698763	0.9745738184960172	0.7875570980109792	799540	100042	800000	1	0.01	459	455	0	[1361, 995, 1108, 1227, 507]	0.48369998335838316	0.24133270978927612
455	x21	18	8.772833440393104e-06	8.772833440393104e-06	0.02919655224476883	0.9767078382602595	0.7875570980109792	799540	100042	800000	1	0.01	459	456	0	[1361, 995, 1108, 1227, 507]	0.48369998335838316	0.24133270978927612
456	x332	267	6.7438229344671015e-06	6.7438229344671015e-06	0.02243007051105401	0.982104899180126	0.7875570980109792	799540	100042	800000	1	0.01	459	457	0	[1361, 995, 1108, 1227, 507]	0.48369998335838316	0.24133270978927612
457	x163	149	4.267647049480174e-06	4.267647049480174e-06	0.01419625105308934	0.9886734144547471	0.7875570980109792	799540	100042	800000	1	0.01	459	458	0	[1361, 995, 1108, 1227, 507]	0.48369998335838316	0.24133270978927612
458	x558	426	-2.6504409269479934e-06	2.6504409269479934e-06	-0.008821723984424592	0.992961376128513	0.7875570980109792	799540	100042	800000	1	0.01	459	459	0	[1361, 995, 1108, 1227, 507]	0.48369998335838316	0.24133270978927612
459	x103	93	-0.2591331227372918	0.2591331227372918	-861.88645596791	0.0	0.7880817311779925	799953	200042	800000	2	0.005	46	1	0	[1361, 995, 1108, 1227, 507]	0.48369998335838316	0.24133270978927612
460	x489	384	-0.21694210574956918	0.21694210574956918	-721.7324729188907	0.0	0.7880817311779925	799953	200042	800000	2	0.005	46	2	0	[1361, 995, 1108, 1227, 507]	0.48369998335838316	0.24133270978927612
461	x36	33	-0.16358514633312793	0.16358514633312793	-544.2011592043061	0.0	0.7880817311779925	799953	200042	800000	2	0.005	46	3	0	[1361, 995, 1108, 1227, 507]	0.48369998335838316	0.24133270978927612
462	x551	419	-0.14737342820998062	0.14737342820998062	-490.1266905837018	0.0	0.7880817311779925	799953	200042	800000	2	0.005	46	4	0	[1361, 995, 1108, 1227, 507]	0.48369998335838316	0.24133270978927612
463	x557	425	-0.1471307452348628	0.1471307452348628	-488.90397810926083	0.0	0.7880817311779925	799953	200042	800000	2	0.005	46	5	0	[1361, 995, 1108, 1227, 507]	0.48369998335838316	0.24133270978927612
464	x369	300	-0.1376261814632056	0.1376261814632056	-457.95173796223696	0.0	0.7880817311779925	799953	200042	800000	2	0.005	46	6	0	[1361, 995, 1108, 1227, 507]	0.48369998335838316	0.24133270978927612
465	x546	414	-0.0874048710956962	0.0874048710956962	-290.63732941010255	0.0	0.7880817311779925	799953	200042	800000	2	0.005	46	7	0	[1361, 995, 1108, 1227, 507]	0.48369998335838316	0.24133270978927612
466	x320	262	0.08384994259752962	0.08384994259752962	278.9346711398407	0.0	0.7880817311779925	799953	200042	800000	2	0.005	46	8	0	[1361, 995, 1108, 1227, 507]	0.48369998335838316	0.24133270978927612
467	x456	360	0.07726309129487335	0.07726309129487335	256.7476046154514	0.0	0.7880817311779925	799953	200042	800000	2	0.005	46	9	0	[1361, 995, 1108, 1227, 507]	0.48369998335838316	0.24133270978927612
468	x1	0	0.06956264669711172	0.06956264669711172	231.43410348578973	0.0	0.7880817311779925	799953	200042	800000	2	0.005	46	10	0	[1361, 995, 1108, 1227, 507]	0.48369998335838316	0.24133270978927612
469	x480	376	0.05912134385091005	0.05912134385091005	196.4904163170156	0.0	0.7880817311779925	799953	200042	800000	2	0.005	46	11	0	[1361, 995, 1108, 1227, 507]	0.48369998335838316	0.24133270978927612
470	x32	29	0.049669228305104944	0.049669228305104944	165.17682336769772	0.0	0.7880817311779925	799953	200042	800000	2	0.005	46	12	0	[1361, 995, 1108, 1227, 507]	0.48369998335838316	0.24133270978927612
471	x434	341	0.04792830522143366	0.04792830522143366	159.21361858049175	0.0	0.7880817311779925	799953	200042	800000	2	0.005	46	13	0	[1361, 995, 1108, 1227, 507]	0.48369998335838316	0.24133270978927612
472	x292	239	0.04631116680454415	0.04631116680454415	154.00682337323957	0.0	0.7880817311779925	799953	200042	800000	2	0.005	46	14	0	[1361, 995, 1108, 1227, 507]	0.48369998335838316	0.24133270978927612
473	x552	420	0.04490790616571732	0.04490790616571732	149.2404187277192	0.0	0.7880817311779925	799953	200042	800000	2	0.005	46	15	0	[1361, 995, 1108, 1227, 507]	0.48369998335838316	0.24133270978927612
474	x248	208	0.043428718648726404	0.043428718648726404	144.4022654201849	0.0	0.7880817311779925	799953	200042	800000	2	0.005	46	16	0	[1361, 995, 1108, 1227, 507]	0.48369998335838316	0.24133270978927612
475	x468	365	0.03832111865541295	0.03832111865541295	127.41813816528683	0.0	0.7880817311779925	799953	200042	800000	2	0.005	46	17	0	[1361, 995, 1108, 1227, 507]	0.48369998335838316	0.24133270978927612
476	x417	325	-0.03725961301004632	0.03725961301004632	-123.82300214565174	0.0	0.7880817311779925	799953	200042	800000	2	0.005	46	18	0	[1361, 995, 1108, 1227, 507]	0.48369998335838316	0.24133270978927612
477	x196	173	0.037227313426409864	0.037227313426409864	123.77411612314991	0.0	0.7880817311779925	799953	200042	800000	2	0.005	46	19	0	[1361, 995, 1108, 1227, 507]	0.48369998335838316	0.24133270978927612
478	x162	148	0.03696088835018179	0.03696088835018179	122.89574046988848	0.0	0.7880817311779925	799953	200042	800000	2	0.005	46	20	0	[1361, 995, 1108, 1227, 507]	0.48369998335838316	0.24133270978927612
479	x433	340	0.03695190141547607	0.03695190141547607	122.97205948587548	0.0	0.7880817311779925	799953	200042	800000	2	0.005	46	21	0	[1361, 995, 1108, 1227, 507]	0.48369998335838316	0.24133270978927612
480	x386	306	0.036541364628410476	0.036541364628410476	121.53666676546545	0.0	0.7880817311779925	799953	200042	800000	2	0.005	46	22	0	[1361, 995, 1108, 1227, 507]	0.48369998335838316	0.24133270978927612
481	x28	25	-0.036435172586418645	0.036435172586418645	-121.0670890027023	0.0	0.7880817311779925	799953	200042	800000	2	0.005	46	23	0	[1361, 995, 1108, 1227, 507]	0.48369998335838316	0.24133270978927612
482	x203	180	0.03626268003120542	0.03626268003120542	120.62057659544655	0.0	0.7880817311779925	799953	200042	800000	2	0.005	46	24	0	[1361, 995, 1108, 1227, 507]	0.48369998335838316	0.24133270978927612
483	x4	3	-0.03609206334904922	0.03609206334904922	-120.03382613685149	0.0	0.7880817311779925	799953	200042	800000	2	0.005	46	25	0	[1361, 995, 1108, 1227, 507]	0.48369998335838316	0.24133270978927612
484	x112	102	-0.03483027052545946	0.03483027052545946	-115.90202929111955	0.0	0.7880817311779925	799953	200042	800000	2	0.005	46	26	0	[1361, 995, 1108, 1227, 507]	0.48369998335838316	0.24133270978927612
485	x8	6	0.034756565553405436	0.034756565553405436	115.59568544796977	0.0	0.7880817311779925	799953	200042	800000	2	0.005	46	27	0	[1361, 995, 1108, 1227, 507]	0.48369998335838316	0.24133270978927612
486	x19	16	0.03229341233199196	0.03229341233199196	107.41543804794314	0.0	0.7880817311779925	799953	200042	800000	2	0.005	46	28	0	[1361, 995, 1108, 1227, 507]	0.48369998335838316	0.24133270978927612
487	x337	272	0.03190954585798655	0.03190954585798655	106.07259677392464	0.0	0.7880817311779925	799953	200042	800000	2	0.005	46	29	0	[1361, 995, 1108, 1227, 507]	0.48369998335838316	0.24133270978927612
488	x287	234	-0.031105083358402636	0.031105083358402636	-103.38022802660973	0.0	0.7880817311779925	799953	200042	800000	2	0.005	46	30	0	[1361, 995, 1108, 1227, 507]	0.48369998335838316	0.24133270978927612
489	x297	242	0.03088718298292032	0.03088718298292032	102.7125021275391	0.0	0.7880817311779925	799953	200042	800000	2	0.005	46	31	0	[1361, 995, 1108, 1227, 507]	0.48369998335838316	0.24133270978927612
490	x130	120	0.030229434790322005	0.030229434790322005	100.52123744029574	0.0	0.7880817311779925	799953	200042	800000	2	0.005	46	32	0	[1361, 995, 1108, 1227, 507]	0.48369998335838316	0.24133270978927612
491	x303	248	0.028745061766094617	0.028745061766094617	95.50725099215279	0.0	0.7880817311779925	799953	200042	800000	2	0.005	46	33	0	[1361, 995, 1108, 1227, 507]	0.48369998335838316	0.24133270978927612
492	x541	409	0.027318160721193616	0.027318160721193616	90.82421588505147	0.0	0.7880817311779925	799953	200042	800000	2	0.005	46	34	0	[1361, 995, 1108, 1227, 507]	0.48369998335838316	0.24133270978927612
493	x454	358	-0.026558568429368292	0.026558568429368292	-88.35558873281691	0.0	0.7880817311779925	799953	200042	800000	2	0.005	46	35	0	[1361, 995, 1108, 1227, 507]	0.48369998335838316	0.24133270978927612
494	x419	327	-0.024925810509700243	0.024925810509700243	-82.89204869066006	0.0	0.7880817311779925	799953	200042	800000	2	0.005	46	36	0	[1361, 995, 1108, 1227, 507]	0.48369998335838316	0.24133270978927612
495	x587	455	0.023765000193983386	0.023765000193983386	79.03296992368118	0.0	0.7880817311779925	799953	200042	800000	2	0.005	46	37	0	[1361, 995, 1108, 1227, 507]	0.48369998335838316	0.24133270978927612
496	x7	5	0.022261257135684682	0.022261257135684682	74.04871102891819	0.0	0.7880817311779925	799953	200042	800000	2	0.005	46	38	0	[1361, 995, 1108, 1227, 507]	0.48369998335838316	0.24133270978927612
497	x82	74	0.02125771381959598	0.02125771381959598	70.70091915674843	0.0	0.7880817311779925	799953	200042	800000	2	0.005	46	39	0	[1361, 995, 1108, 1227, 507]	0.48369998335838316	0.24133270978927612
498	x394	314	-0.02085995916677213	0.02085995916677213	-69.4014687041148	0.0	0.7880817311779925	799953	200042	800000	2	0.005	46	40	0	[1361, 995, 1108, 1227, 507]	0.48369998335838316	0.24133270978927612
499	x34	31	0.020765086089901866	0.020765086089901866	69.04780551456479	0.0	0.7880817311779925	799953	200042	800000	2	0.005	46	41	0	[1361, 995, 1108, 1227, 507]	0.48369998335838316	0.24133270978927612
500	x83	75	-0.01961374242933505	0.01961374242933505	-65.26896721121162	0.0	0.7880817311779925	799953	200042	800000	2	0.005	46	42	0	[1361, 995, 1108, 1227, 507]	0.48369998335838316	0.24133270978927612
501	x85	77	-0.0006428010490210089	0.0006428010490210089	-2.1374566983733785	0.03256116633040361	0.7880817311779925	799953	200042	800000	2	0.005	46	43	0	[1361, 995, 1108, 1227, 507]	0.48369998335838316	0.24133270978927612
502	x288	235	0.0004991169313794985	0.0004991169313794985	1.6599550891827668	0.0969238796565399	0.7880817311779925	799953	200042	800000	2	0.005	46	44	0	[1361, 995, 1108, 1227, 507]	0.48369998335838316	0.24133270978927612
503	x318	260	0.0001611885067634535	0.0001611885067634535	0.5363054409346597	0.5917476200019487	0.7880817311779925	799953	200042	800000	2	0.005	46	45	0	[1361, 995, 1108, 1227, 507]	0.48369998335838316	0.24133270978927612
504	x136	126	0.00014867704679724707	0.00014867704679724707	0.4947346594730633	0.620787568405735	0.7880817311779925	799953	200042	800000	2	0.005	46	46	0	[1361, 995, 1108, 1227, 507]	0.48369998335838316	0.24133270978927612
505	x103	93	-0.25908481655554494	0.25908481655554494	-861.2984329150601	0.0	0.7872947823353885	799957	300042	800000	3	0.001	42	1	0	[1361, 995, 1108, 1227, 507]	0.48369998335838316	0.24133270978927612
506	x489	384	-0.21676447221634296	0.21676447221634296	-720.6882366641662	0.0	0.7872947823353885	799957	300042	800000	3	0.001	42	2	0	[1361, 995, 1108, 1227, 507]	0.48369998335838316	0.24133270978927612
507	x36	33	-0.16347262776882454	0.16347262776882454	-543.9583880449348	0.0	0.7872947823353885	799957	300042	800000	3	0.001	42	3	0	[1361, 995, 1108, 1227, 507]	0.48369998335838316	0.24133270978927612
508	x557	425	-0.14763315564888133	0.14763315564888133	-490.6569373257593	0.0	0.7872947823353885	799957	300042	800000	3	0.001	42	4	0	[1361, 995, 1108, 1227, 507]	0.48369998335838316	0.24133270978927612
509	x551	419	-0.14677771752347515	0.14677771752347515	-488.20001460330457	0.0	0.7872947823353885	799957	300042	800000	3	0.001	42	5	0	[1361, 995, 1108, 1227, 507]	0.48369998335838316	0.24133270978927612
510	x369	300	-0.13784135486941693	0.13784135486941693	-458.6678138415084	0.0	0.7872947823353885	799957	300042	800000	3	0.001	42	6	0	[1361, 995, 1108, 1227, 507]	0.48369998335838316	0.24133270978927612
511	x546	414	-0.08745843038121698	0.08745843038121698	-290.9066106905993	0.0	0.7872947823353885	799957	300042	800000	3	0.001	42	7	0	[1361, 995, 1108, 1227, 507]	0.48369998335838316	0.24133270978927612
512	x320	262	0.08346697880096277	0.08346697880096277	277.36574743719905	0.0	0.7872947823353885	799957	300042	800000	3	0.001	42	8	0	[1361, 995, 1108, 1227, 507]	0.48369998335838316	0.24133270978927612
513	x456	360	0.07779877244611727	0.07779877244611727	258.8268664486544	0.0	0.7872947823353885	799957	300042	800000	3	0.001	42	9	0	[1361, 995, 1108, 1227, 507]	0.48369998335838316	0.24133270978927612
514	x1	0	0.0691843032475969	0.0691843032475969	230.12719493129055	0.0	0.7872947823353885	799957	300042	800000	3	0.001	42	10	0	[1361, 995, 1108, 1227, 507]	0.48369998335838316	0.24133270978927612
515	x480	376	0.05857200127569313	0.05857200127569313	194.7931322028307	0.0	0.7872947823353885	799957	300042	800000	3	0.001	42	11	0	[1361, 995, 1108, 1227, 507]	0.48369998335838316	0.24133270978927612
516	x32	29	0.04994062911260163	0.04994062911260163	166.04798564881497	0.0	0.7872947823353885	799957	300042	800000	3	0.001	42	12	0	[1361, 995, 1108, 1227, 507]	0.48369998335838316	0.24133270978927612
517	x434	341	0.048042592484253493	0.048042592484253493	159.75481903168568	0.0	0.7872947823353885	799957	300042	800000	3	0.001	42	13	0	[1361, 995, 1108, 1227, 507]	0.48369998335838316	0.24133270978927612
518	x292	239	0.04596010824330543	0.04596010824330543	152.86114132116992	0.0	0.7872947823353885	799957	300042	800000	3	0.001	42	14	0	[1361, 995, 1108, 1227, 507]	0.48369998335838316	0.24133270978927612
519	x552	420	0.04476478576944198	0.04476478576944198	148.83950079009108	0.0	0.7872947823353885	799957	300042	800000	3	0.001	42	15	0	[1361, 995, 1108, 1227, 507]	0.48369998335838316	0.24133270978927612
520	x248	208	0.04326269138254172	0.04326269138254172	143.88665287302243	0.0	0.7872947823353885	799957	300042	800000	3	0.001	42	16	0	[1361, 995, 1108, 1227, 507]	0.48369998335838316	0.24133270978927612
521	x468	365	0.038134111814590844	0.038134111814590844	126.90820421070575	0.0	0.7872947823353885	799957	300042	800000	3	0.001	42	17	0	[1361, 995, 1108, 1227, 507]	0.48369998335838316	0.24133270978927612
522	x196	173	0.03709653551937146	0.03709653551937146	123.41896130818759	0.0	0.7872947823353885	799957	300042	800000	3	0.001	42	18	0	[1361, 995, 1108, 1227, 507]	0.48369998335838316	0.24133270978927612
523	x417	325	-0.03695273913973834	0.03695273913973834	-122.83389475135984	0.0	0.7872947823353885	799957	300042	800000	3	0.001	42	19	0	[1361, 995, 1108, 1227, 507]	0.48369998335838316	0.24133270978927612
524	x203	180	0.03658177622429252	0.03658177622429252	121.59881226345622	0.0	0.7872947823353885	799957	300042	800000	3	0.001	42	20	0	[1361, 995, 1108, 1227, 507]	0.48369998335838316	0.24133270978927612
525	x162	148	0.036463966202403705	0.036463966202403705	121.33213657086058	0.0	0.7872947823353885	799957	300042	800000	3	0.001	42	21	0	[1361, 995, 1108, 1227, 507]	0.48369998335838316	0.24133270978927612
526	x433	340	0.03637358779896895	0.03637358779896895	120.8076202439601	0.0	0.7872947823353885	799957	300042	800000	3	0.001	42	22	0	[1361, 995, 1108, 1227, 507]	0.48369998335838316	0.24133270978927612
527	x386	306	0.03635144865506609	0.03635144865506609	120.91867871293148	0.0	0.7872947823353885	799957	300042	800000	3	0.001	42	23	0	[1361, 995, 1108, 1227, 507]	0.48369998335838316	0.24133270978927612
528	x4	3	-0.036333332856186354	0.036333332856186354	-120.9023670622273	0.0	0.7872947823353885	799957	300042	800000	3	0.001	42	24	0	[1361, 995, 1108, 1227, 507]	0.48369998335838316	0.24133270978927612
529	x28	25	-0.03596198093359784	0.03596198093359784	-119.69290249926836	0.0	0.7872947823353885	799957	300042	800000	3	0.001	42	25	0	[1361, 995, 1108, 1227, 507]	0.48369998335838316	0.24133270978927612
530	x8	6	0.034281811950440666	0.034281811950440666	114.04324501849275	0.0	0.7872947823353885	799957	300042	800000	3	0.001	42	26	0	[1361, 995, 1108, 1227, 507]	0.48369998335838316	0.24133270978927612
531	x112	102	-0.034238925077876174	0.034238925077876174	-113.82375454515824	0.0	0.7872947823353885	799957	300042	800000	3	0.001	42	27	0	[1361, 995, 1108, 1227, 507]	0.48369998335838316	0.24133270978927612
532	x19	16	0.03229951890044513	0.03229951890044513	107.39516473051171	0.0	0.7872947823353885	799957	300042	800000	3	0.001	42	28	0	[1361, 995, 1108, 1227, 507]	0.48369998335838316	0.24133270978927612
533	x337	272	0.031662923986564846	0.031662923986564846	105.28202804882426	0.0	0.7872947823353885	799957	300042	800000	3	0.001	42	29	0	[1361, 995, 1108, 1227, 507]	0.48369998335838316	0.24133270978927612
534	x297	242	0.03105628640872665	0.03105628640872665	103.29975057415493	0.0	0.7872947823353885	799957	300042	800000	3	0.001	42	30	0	[1361, 995, 1108, 1227, 507]	0.48369998335838316	0.24133270978927612
535	x287	234	-0.030495418170423987	0.030495418170423987	-101.43815525646161	0.0	0.7872947823353885	799957	300042	800000	3	0.001	42	31	0	[1361, 995, 1108, 1227, 507]	0.48369998335838316	0.24133270978927612
536	x130	120	0.030466595126912747	0.030466595126912747	101.33735510022663	0.0	0.7872947823353885	799957	300042	800000	3	0.001	42	32	0	[1361, 995, 1108, 1227, 507]	0.48369998335838316	0.24133270978927612
537	x303	248	0.029024118404615058	0.029024118404615058	96.53247735604816	0.0	0.7872947823353885	799957	300042	800000	3	0.001	42	33	0	[1361, 995, 1108, 1227, 507]	0.48369998335838316	0.24133270978927612
538	x541	409	0.027290164605635398	0.027290164605635398	90.72499484518818	0.0	0.7872947823353885	799957	300042	800000	3	0.001	42	34	0	[1361, 995, 1108, 1227, 507]	0.48369998335838316	0.24133270978927612
539	x454	358	-0.02669295156553846	0.02669295156553846	-88.6992868514273	0.0	0.7872947823353885	799957	300042	800000	3	0.001	42	35	0	[1361, 995, 1108, 1227, 507]	0.48369998335838316	0.24133270978927612
540	x419	327	-0.025238444849502165	0.025238444849502165	-83.96923187295482	0.0	0.7872947823353885	799957	300042	800000	3	0.001	42	36	0	[1361, 995, 1108, 1227, 507]	0.48369998335838316	0.24133270978927612
541	x587	455	0.023322879397266114	0.023322879397266114	77.59983442647666	0.0	0.7872947823353885	799957	300042	800000	3	0.001	42	37	0	[1361, 995, 1108, 1227, 507]	0.48369998335838316	0.24133270978927612
542	x7	5	0.022760502528307306	0.022760502528307306	75.692646974301	0.0	0.7872947823353885	799957	300042	800000	3	0.001	42	38	0	[1361, 995, 1108, 1227, 507]	0.48369998335838316	0.24133270978927612
543	x34	31	0.021665442299282935	0.021665442299282935	71.96182016413773	0.0	0.7872947823353885	799957	300042	800000	3	0.001	42	39	0	[1361, 995, 1108, 1227, 507]	0.48369998335838316	0.24133270978927612
544	x82	74	0.02110543639202862	0.02110543639202862	70.19311866409664	0.0	0.7872947823353885	799957	300042	800000	3	0.001	42	40	0	[1361, 995, 1108, 1227, 507]	0.48369998335838316	0.24133270978927612
545	x394	314	-0.02077923914173609	0.02077923914173609	-69.07982016141119	0.0	0.7872947823353885	799957	300042	800000	3	0.001	42	41	0	[1361, 995, 1108, 1227, 507]	0.48369998335838316	0.24133270978927612
546	x83	75	-0.019994407194533038	0.019994407194533038	-66.4509746987739	0.0	0.7872947823353885	799957	300042	800000	3	0.001	42	42	0	[1361, 995, 1108, 1227, 507]	0.48369998335838316	0.24133270978927612
547	x1	0	-0.1820024254726082	0.1820024254726082	-637.95559735311	0.0	0.6742146537929414	799540	101042	800000	1	0.01	459	1	1	[376, 274, 207, 59, 134]	0.4924161612987518	0.09765449911355972
548	x87	78	0.1113787704188332	0.1113787704188332	390.12973841492845	0.0	0.6742146537929414	799540	101042	800000	1	0.01	459	2	1	[376, 274, 207, 59, 134]	0.4924161612987518	0.09765449911355972
549	x486	381	-0.10971811896539448	0.10971811896539448	-384.81064667525663	0.0	0.6742146537929414	799540	101042	800000	1	0.01	459	3	1	[376, 274, 207, 59, 134]	0.4924161612987518	0.09765449911355972
550	x478	375	0.0924300055223073	0.0924300055223073	323.99831011621814	0.0	0.6742146537929414	799540	101042	800000	1	0.01	459	4	1	[376, 274, 207, 59, 134]	0.4924161612987518	0.09765449911355972
551	x576	444	-0.08567787662143289	0.08567787662143289	-300.25959214466855	0.0	0.6742146537929414	799540	101042	800000	1	0.01	459	5	1	[376, 274, 207, 59, 134]	0.4924161612987518	0.09765449911355972
552	x585	453	0.08004715879327662	0.08004715879327662	280.59444322795	0.0	0.6742146537929414	799540	101042	800000	1	0.01	459	6	1	[376, 274, 207, 59, 134]	0.4924161612987518	0.09765449911355972
553	x127	117	0.07776781422727326	0.07776781422727326	272.50479263696906	0.0	0.6742146537929414	799540	101042	800000	1	0.01	459	7	1	[376, 274, 207, 59, 134]	0.4924161612987518	0.09765449911355972
554	x118	108	-0.07206784244892028	0.07206784244892028	-252.61524529409616	0.0	0.6742146537929414	799540	101042	800000	1	0.01	459	8	1	[376, 274, 207, 59, 134]	0.4924161612987518	0.09765449911355972
555	x542	410	0.06792904236070568	0.06792904236070568	237.99136521052802	0.0	0.6742146537929414	799540	101042	800000	1	0.01	459	9	1	[376, 274, 207, 59, 134]	0.4924161612987518	0.09765449911355972
556	x280	228	-0.06599734038647469	0.06599734038647469	-231.61467069933477	0.0	0.6742146537929414	799540	101042	800000	1	0.01	459	10	1	[376, 274, 207, 59, 134]	0.4924161612987518	0.09765449911355972
557	x7	5	-0.05386965642705386	0.05386965642705386	-188.8443133993593	0.0	0.6742146537929414	799540	101042	800000	1	0.01	459	11	1	[376, 274, 207, 59, 134]	0.4924161612987518	0.09765449911355972
558	x56	50	0.05128553181330355	0.05128553181330355	179.87417280400732	0.0	0.6742146537929414	799540	101042	800000	1	0.01	459	12	1	[376, 274, 207, 59, 134]	0.4924161612987518	0.09765449911355972
559	x552	420	0.04881174122548359	0.04881174122548359	171.3034266935727	0.0	0.6742146537929414	799540	101042	800000	1	0.01	459	13	1	[376, 274, 207, 59, 134]	0.4924161612987518	0.09765449911355972
560	x116	106	-0.047948140903697395	0.047948140903697395	-167.94930594908595	0.0	0.6742146537929414	799540	101042	800000	1	0.01	459	14	1	[376, 274, 207, 59, 134]	0.4924161612987518	0.09765449911355972
561	x524	403	-0.04377451863553719	0.04377451863553719	-153.39963100322387	0.0	0.6742146537929414	799540	101042	800000	1	0.01	459	15	1	[376, 274, 207, 59, 134]	0.4924161612987518	0.09765449911355972
562	x55	49	-0.03998150638446393	0.03998150638446393	-140.16137811661812	0.0	0.6742146537929414	799540	101042	800000	1	0.01	459	16	1	[376, 274, 207, 59, 134]	0.4924161612987518	0.09765449911355972
563	x291	238	0.039918860611995705	0.039918860611995705	139.8558919628763	0.0	0.6742146537929414	799540	101042	800000	1	0.01	459	17	1	[376, 274, 207, 59, 134]	0.4924161612987518	0.09765449911355972
564	x138	128	0.03805720448266915	0.03805720448266915	133.43563073888333	0.0	0.6742146537929414	799540	101042	800000	1	0.01	459	18	1	[376, 274, 207, 59, 134]	0.4924161612987518	0.09765449911355972
565	x276	225	-0.03594119536223465	0.03594119536223465	-125.94886417951774	0.0	0.6742146537929414	799540	101042	800000	1	0.01	459	19	1	[376, 274, 207, 59, 134]	0.4924161612987518	0.09765449911355972
566	x5	4	0.031215371203669372	0.031215371203669372	109.4798005884036	0.0	0.6742146537929414	799540	101042	800000	1	0.01	459	20	1	[376, 274, 207, 59, 134]	0.4924161612987518	0.09765449911355972
567	x54	48	-0.02954119560096105	0.02954119560096105	-103.54349168768645	0.0	0.6742146537929414	799540	101042	800000	1	0.01	459	21	1	[376, 274, 207, 59, 134]	0.4924161612987518	0.09765449911355972
568	x172	158	0.028898993167930383	0.028898993167930383	101.24180828414806	0.0	0.6742146537929414	799540	101042	800000	1	0.01	459	22	1	[376, 274, 207, 59, 134]	0.4924161612987518	0.09765449911355972
569	x21	18	0.028021158137177163	0.028021158137177163	98.18195872672423	0.0	0.6742146537929414	799540	101042	800000	1	0.01	459	23	1	[376, 274, 207, 59, 134]	0.4924161612987518	0.09765449911355972
570	x572	440	0.025292796011390367	0.025292796011390367	88.54778878305817	0.0	0.6742146537929414	799540	101042	800000	1	0.01	459	24	1	[376, 274, 207, 59, 134]	0.4924161612987518	0.09765449911355972
571	x91	82	-0.024996093888880116	0.024996093888880116	-87.59661696655277	0.0	0.6742146537929414	799540	101042	800000	1	0.01	459	25	1	[376, 274, 207, 59, 134]	0.4924161612987518	0.09765449911355972
572	x571	439	-0.024156218089873532	0.024156218089873532	-84.67558897016401	0.0	0.6742146537929414	799540	101042	800000	1	0.01	459	26	1	[376, 274, 207, 59, 134]	0.4924161612987518	0.09765449911355972
573	x406	315	0.02407066718226088	0.02407066718226088	84.411058166866	0.0	0.6742146537929414	799540	101042	800000	1	0.01	459	27	1	[376, 274, 207, 59, 134]	0.4924161612987518	0.09765449911355972
574	x317	259	-0.02398601136526933	0.02398601136526933	-84.11377544498978	0.0	0.6742146537929414	799540	101042	800000	1	0.01	459	28	1	[376, 274, 207, 59, 134]	0.4924161612987518	0.09765449911355972
575	x176	162	0.023964715681413066	0.023964715681413066	84.00832013602323	0.0	0.6742146537929414	799540	101042	800000	1	0.01	459	29	1	[376, 274, 207, 59, 134]	0.4924161612987518	0.09765449911355972
576	x141	131	-0.022991795253012492	0.022991795253012492	-80.55052798603752	0.0	0.6742146537929414	799540	101042	800000	1	0.01	459	30	1	[376, 274, 207, 59, 134]	0.4924161612987518	0.09765449911355972
577	x160	146	0.02298957130988646	0.02298957130988646	80.52519159822903	0.0	0.6742146537929414	799540	101042	800000	1	0.01	459	31	1	[376, 274, 207, 59, 134]	0.4924161612987518	0.09765449911355972
578	x377	301	-0.022182305701177213	0.022182305701177213	-77.72319088575728	0.0	0.6742146537929414	799540	101042	800000	1	0.01	459	32	1	[376, 274, 207, 59, 134]	0.4924161612987518	0.09765449911355972
579	x85	77	-0.021524044758863322	0.021524044758863322	-75.42231056152438	0.0	0.6742146537929414	799540	101042	800000	1	0.01	459	33	1	[376, 274, 207, 59, 134]	0.4924161612987518	0.09765449911355972
580	x407	316	-0.021292298129832903	0.021292298129832903	-74.64984832856348	0.0	0.6742146537929414	799540	101042	800000	1	0.01	459	34	1	[376, 274, 207, 59, 134]	0.4924161612987518	0.09765449911355972
581	x573	441	0.019868619035870817	0.019868619035870817	69.61512204136648	0.0	0.6742146537929414	799540	101042	800000	1	0.01	459	35	1	[376, 274, 207, 59, 134]	0.4924161612987518	0.09765449911355972
582	x488	383	0.019526477440418917	0.019526477440418917	68.40402591272945	0.0	0.6742146537929414	799540	101042	800000	1	0.01	459	36	1	[376, 274, 207, 59, 134]	0.4924161612987518	0.09765449911355972
583	x432	339	0.018955706523130944	0.018955706523130944	66.4458414610099	0.0	0.6742146537929414	799540	101042	800000	1	0.01	459	37	1	[376, 274, 207, 59, 134]	0.4924161612987518	0.09765449911355972
584	x454	358	-0.018387139614714637	0.018387139614714637	-64.38642322917913	0.0	0.6742146537929414	799540	101042	800000	1	0.01	459	38	1	[376, 274, 207, 59, 134]	0.4924161612987518	0.09765449911355972
585	x578	446	-0.018277934830754038	0.018277934830754038	-64.10073569646097	0.0	0.6742146537929414	799540	101042	800000	1	0.01	459	39	1	[376, 274, 207, 59, 134]	0.4924161612987518	0.09765449911355972
586	x558	426	0.01814515207961305	0.01814515207961305	63.615206043417835	0.0	0.6742146537929414	799540	101042	800000	1	0.01	459	40	1	[376, 274, 207, 59, 134]	0.4924161612987518	0.09765449911355972
587	x20	17	0.018096212092589336	0.018096212092589336	63.43634624454248	0.0	0.6742146537929414	799540	101042	800000	1	0.01	459	41	1	[376, 274, 207, 59, 134]	0.4924161612987518	0.09765449911355972
588	x497	391	-0.018026271060161393	0.018026271060161393	-63.17149241606742	0.0	0.6742146537929414	799540	101042	800000	1	0.01	459	42	1	[376, 274, 207, 59, 134]	0.4924161612987518	0.09765449911355972
589	x3	2	-0.017921630959669043	0.017921630959669043	-62.81608895641243	0.0	0.6742146537929414	799540	101042	800000	1	0.01	459	43	1	[376, 274, 207, 59, 134]	0.4924161612987518	0.09765449911355972
590	x188	171	0.016605606701396984	0.016605606701396984	58.18117969659735	0.0	0.6742146537929414	799540	101042	800000	1	0.01	459	44	1	[376, 274, 207, 59, 134]	0.4924161612987518	0.09765449911355972
591	x559	427	0.015990753911822718	0.015990753911822718	56.07823806711145	0.0	0.6742146537929414	799540	101042	800000	1	0.01	459	45	1	[376, 274, 207, 59, 134]	0.4924161612987518	0.09765449911355972
592	x387	307	-0.014493677477767742	0.014493677477767742	-50.76581855558445	0.0	0.6742146537929414	799540	101042	800000	1	0.01	459	46	1	[376, 274, 207, 59, 134]	0.4924161612987518	0.09765449911355972
593	x426	333	0.01427643058873558	0.01427643058873558	50.00614558582549	0.0	0.6742146537929414	799540	101042	800000	1	0.01	459	47	1	[376, 274, 207, 59, 134]	0.4924161612987518	0.09765449911355972
594	x268	217	0.014249554416674828	0.014249554416674828	49.94322781886954	0.0	0.6742146537929414	799540	101042	800000	1	0.01	459	48	1	[376, 274, 207, 59, 134]	0.4924161612987518	0.09765449911355972
595	x575	443	0.013112435289080763	0.013112435289080763	45.93588666368767	0.0	0.6742146537929414	799540	101042	800000	1	0.01	459	49	1	[376, 274, 207, 59, 134]	0.4924161612987518	0.09765449911355972
596	x92	83	0.012869385903107818	0.012869385903107818	45.071899251994516	0.0	0.6742146537929414	799540	101042	800000	1	0.01	459	50	1	[376, 274, 207, 59, 134]	0.4924161612987518	0.09765449911355972
597	x519	399	-0.012768701398903697	0.012768701398903697	-44.76202160445856	0.0	0.6742146537929414	799540	101042	800000	1	0.01	459	51	1	[376, 274, 207, 59, 134]	0.4924161612987518	0.09765449911355972
598	x457	361	-0.012246802388732853	0.012246802388732853	-42.88586228765898	0.0	0.6742146537929414	799540	101042	800000	1	0.01	459	52	1	[376, 274, 207, 59, 134]	0.4924161612987518	0.09765449911355972
599	x438	345	0.012002539422264574	0.012002539422264574	42.105705516099015	0.0	0.6742146537929414	799540	101042	800000	1	0.01	459	53	1	[376, 274, 207, 59, 134]	0.4924161612987518	0.09765449911355972
600	x42	39	0.011914135595705056	0.011914135595705056	41.743168264485384	0.0	0.6742146537929414	799540	101042	800000	1	0.01	459	54	1	[376, 274, 207, 59, 134]	0.4924161612987518	0.09765449911355972
601	x554	422	0.01164735815092852	0.01164735815092852	40.826998903100296	0.0	0.6742146537929414	799540	101042	800000	1	0.01	459	55	1	[376, 274, 207, 59, 134]	0.4924161612987518	0.09765449911355972
602	x447	354	0.011494160896841523	0.011494160896841523	40.292716753614485	0.0	0.6742146537929414	799540	101042	800000	1	0.01	459	56	1	[376, 274, 207, 59, 134]	0.4924161612987518	0.09765449911355972
603	x345	279	-0.01144344851477841	0.01144344851477841	-40.10494703588106	0.0	0.6742146537929414	799540	101042	800000	1	0.01	459	57	1	[376, 274, 207, 59, 134]	0.4924161612987518	0.09765449911355972
604	x307	252	0.011158230308216898	0.011158230308216898	39.06219704342341	0.0	0.6742146537929414	799540	101042	800000	1	0.01	459	58	1	[376, 274, 207, 59, 134]	0.4924161612987518	0.09765449911355972
605	x214	189	-0.010850100323937916	0.010850100323937916	-38.007976324971715	0.0	0.6742146537929414	799540	101042	800000	1	0.01	459	59	1	[376, 274, 207, 59, 134]	0.4924161612987518	0.09765449911355972
606	x517	397	0.010570401147882444	0.010570401147882444	37.0611629641884	2.141743020012315e-300	0.6742146537929414	799540	101042	800000	1	0.01	459	60	1	[376, 274, 207, 59, 134]	0.4924161612987518	0.09765449911355972
607	x181	165	-0.01051528052321006	0.01051528052321006	-36.853968786046536	4.498692321250665e-297	0.6742146537929414	799540	101042	800000	1	0.01	459	61	1	[376, 274, 207, 59, 134]	0.4924161612987518	0.09765449911355972
608	x82	74	-0.010043442328582309	0.010043442328582309	-35.18309905849598	5.85653078469366e-271	0.6742146537929414	799540	101042	800000	1	0.01	459	62	1	[376, 274, 207, 59, 134]	0.4924161612987518	0.09765449911355972
609	x17	14	-0.008955770684609144	0.008955770684609144	-31.39293642218444	3.424033815654629e-216	0.6742146537929414	799540	101042	800000	1	0.01	459	63	1	[376, 274, 207, 59, 134]	0.4924161612987518	0.09765449911355972
610	x440	347	0.008075887798522524	0.008075887798522524	28.31775434980884	2.5555771023177993e-176	0.6742146537929414	799540	101042	800000	1	0.01	459	64	1	[376, 274, 207, 59, 134]	0.4924161612987518	0.09765449911355972
611	x289	236	0.0078010852042110935	0.0078010852042110935	27.329832776173287	2.2339459541059497e-164	0.6742146537929414	799540	101042	800000	1	0.01	459	65	1	[376, 274, 207, 59, 134]	0.4924161612987518	0.09765449911355972
612	x391	311	-0.00763450219413916	0.00763450219413916	-26.763658853273	1.0057109594494552e-157	0.6742146537929414	799540	101042	800000	1	0.01	459	66	1	[376, 274, 207, 59, 134]	0.4924161612987518	0.09765449911355972
613	x472	369	-0.0075516688713185	0.0075516688713185	-26.45901707987983	3.350454601513236e-154	0.6742146537929414	799540	101042	800000	1	0.01	459	67	1	[376, 274, 207, 59, 134]	0.4924161612987518	0.09765449911355972
614	x564	432	-0.007227955265596947	0.007227955265596947	-25.33993122548347	1.320445483263382e-141	0.6742146537929414	799540	101042	800000	1	0.01	459	68	1	[376, 274, 207, 59, 134]	0.4924161612987518	0.09765449911355972
615	x34	31	0.007060805840739959	0.007060805840739959	24.763756545031093	2.480062090262475e-135	0.6742146537929414	799540	101042	800000	1	0.01	459	69	1	[376, 274, 207, 59, 134]	0.4924161612987518	0.09765449911355972
616	x337	272	0.0057367724247037255	0.0057367724247037255	20.105051439683574	7.016144063993882e-90	0.6742146537929414	799540	101042	800000	1	0.01	459	70	1	[376, 274, 207, 59, 134]	0.4924161612987518	0.09765449911355972
617	x292	239	-0.00509104617523356	0.00509104617523356	-17.846148583443096	3.197098464592511e-71	0.6742146537929414	799540	101042	800000	1	0.01	459	71	1	[376, 274, 207, 59, 134]	0.4924161612987518	0.09765449911355972
618	x587	455	0.004532129011143779	0.004532129011143779	15.866634584089276	1.1004788402580945e-56	0.6742146537929414	799540	101042	800000	1	0.01	459	72	1	[376, 274, 207, 59, 134]	0.4924161612987518	0.09765449911355972
619	x40	37	0.004484595863632254	0.004484595863632254	15.708989466206825	1.3379783230736306e-55	0.6742146537929414	799540	101042	800000	1	0.01	459	73	1	[376, 274, 207, 59, 134]	0.4924161612987518	0.09765449911355972
620	x579	447	-0.004322402032044268	0.004322402032044268	-15.146144290010236	8.168839570725034e-52	0.6742146537929414	799540	101042	800000	1	0.01	459	74	1	[376, 274, 207, 59, 134]	0.4924161612987518	0.09765449911355972
621	x551	419	-0.004102878449110012	0.004102878449110012	-14.377356917718547	7.275873562760526e-47	0.6742146537929414	799540	101042	800000	1	0.01	459	75	1	[376, 274, 207, 59, 134]	0.4924161612987518	0.09765449911355972
622	x28	25	-0.0007860981841003294	0.0007860981841003294	-2.7537874017530455	0.0058911351801935906	0.6742146537929414	799540	101042	800000	1	0.01	459	76	1	[376, 274, 207, 59, 134]	0.4924161612987518	0.09765449911355972
623	x436	343	0.0007650148474966938	0.0007650148474966938	2.6830336024729653	0.007295915991007403	0.6742146537929414	799540	101042	800000	1	0.01	459	77	1	[376, 274, 207, 59, 134]	0.4924161612987518	0.09765449911355972
624	x556	424	0.0007457195965418349	0.0007457195965418349	2.613745444389443	0.008955741028554893	0.6742146537929414	799540	101042	800000	1	0.01	459	78	1	[376, 274, 207, 59, 134]	0.4924161612987518	0.09765449911355972
625	x201	178	0.0007333772596592935	0.0007333772596592935	2.570943945649256	0.010142353297948537	0.6742146537929414	799540	101042	800000	1	0.01	459	79	1	[376, 274, 207, 59, 134]	0.4924161612987518	0.09765449911355972
626	x468	365	0.0007121691801976992	0.0007121691801976992	2.4977558220722833	0.012498424251433429	0.6742146537929414	799540	101042	800000	1	0.01	459	80	1	[376, 274, 207, 59, 134]	0.4924161612987518	0.09765449911355972
627	x143	132	0.0006970167699929495	0.0006970167699929495	2.4442739613930127	0.014514614598872023	0.6742146537929414	799540	101042	800000	1	0.01	459	81	1	[376, 274, 207, 59, 134]	0.4924161612987518	0.09765449911355972
628	x435	342	0.0006657710400052042	0.0006657710400052042	2.3332593974418385	0.01963478167026224	0.6742146537929414	799540	101042	800000	1	0.01	459	82	1	[376, 274, 207, 59, 134]	0.4924161612987518	0.09765449911355972
629	x299	244	0.0006567557219815533	0.0006567557219815533	2.3007751426646195	0.0214046002319985	0.6742146537929414	799540	101042	800000	1	0.01	459	83	1	[376, 274, 207, 59, 134]	0.4924161612987518	0.09765449911355972
630	x353	286	-0.0006503115273539333	0.0006503115273539333	-2.2791519036501273	0.022658299351736216	0.6742146537929414	799540	101042	800000	1	0.01	459	84	1	[376, 274, 207, 59, 134]	0.4924161612987518	0.09765449911355972
631	x251	211	-0.0006369573552595401	0.0006369573552595401	-2.231709999365027	0.025634411940322663	0.6742146537929414	799540	101042	800000	1	0.01	459	85	1	[376, 274, 207, 59, 134]	0.4924161612987518	0.09765449911355972
632	x577	445	-0.0005649868647314409	0.0005649868647314409	-1.979689705242885	0.04773874843118116	0.6742146537929414	799540	101042	800000	1	0.01	459	86	1	[376, 274, 207, 59, 134]	0.4924161612987518	0.09765449911355972
633	x511	395	-0.0005571239226817052	0.0005571239226817052	-1.9506369413539604	0.05110059838135945	0.6742146537929414	799540	101042	800000	1	0.01	459	87	1	[376, 274, 207, 59, 134]	0.4924161612987518	0.09765449911355972
634	x183	167	0.0005472636871932313	0.0005472636871932313	1.9179890555716728	0.05511275469402794	0.6742146537929414	799540	101042	800000	1	0.01	459	88	1	[376, 274, 207, 59, 134]	0.4924161612987518	0.09765449911355972
635	x496	390	-0.0005254036902659354	0.0005254036902659354	-1.839941616854366	0.06577717966581052	0.6742146537929414	799540	101042	800000	1	0.01	459	89	1	[376, 274, 207, 59, 134]	0.4924161612987518	0.09765449911355972
636	x218	193	0.0005204669720777307	0.0005204669720777307	1.8239712761946243	0.06815678792605942	0.6742146537929414	799540	101042	800000	1	0.01	459	90	1	[376, 274, 207, 59, 134]	0.4924161612987518	0.09765449911355972
637	x16	13	0.0005155670543385378	0.0005155670543385378	1.807169162569484	0.07073628322705863	0.6742146537929414	799540	101042	800000	1	0.01	459	91	1	[376, 274, 207, 59, 134]	0.4924161612987518	0.09765449911355972
638	x275	224	0.0005103642595903289	0.0005103642595903289	1.788765601865934	0.07365295130714297	0.6742146537929414	799540	101042	800000	1	0.01	459	92	1	[376, 274, 207, 59, 134]	0.4924161612987518	0.09765449911355972
639	x61	55	0.0005061985741614857	0.0005061985741614857	1.775661637604495	0.07578908429637894	0.6742146537929414	799540	101042	800000	1	0.01	459	93	1	[376, 274, 207, 59, 134]	0.4924161612987518	0.09765449911355972
640	x546	414	0.0005050140028848692	0.0005050140028848692	1.7689742112112166	0.07689855952676061	0.6742146537929414	799540	101042	800000	1	0.01	459	94	1	[376, 274, 207, 59, 134]	0.4924161612987518	0.09765449911355972
641	x461	364	-0.0004964186852987764	0.0004964186852987764	-1.7390530173778975	0.08202582258932871	0.6742146537929414	799540	101042	800000	1	0.01	459	95	1	[376, 274, 207, 59, 134]	0.4924161612987518	0.09765449911355972
642	x165	151	-0.0004911926987340644	0.0004911926987340644	-1.7211499835477437	0.08522399801767476	0.6742146537929414	799540	101042	800000	1	0.01	459	96	1	[376, 274, 207, 59, 134]	0.4924161612987518	0.09765449911355972
643	x417	325	0.00048718433727842946	0.00048718433727842946	1.7081438377313367	0.08761004462994298	0.6742146537929414	799540	101042	800000	1	0.01	459	97	1	[376, 274, 207, 59, 134]	0.4924161612987518	0.09765449911355972
644	x589	457	0.0004850922832496396	0.0004850922832496396	1.7015477985395098	0.08884055907413792	0.6742146537929414	799540	101042	800000	1	0.01	459	98	1	[376, 274, 207, 59, 134]	0.4924161612987518	0.09765449911355972
645	x320	262	0.00048170008810658713	0.00048170008810658713	1.6876613524760429	0.09147664465680938	0.6742146537929414	799540	101042	800000	1	0.01	459	99	1	[376, 274, 207, 59, 134]	0.4924161612987518	0.09765449911355972
646	x408	317	-0.0004792289322378838	0.0004792289322378838	-1.6800155744589318	0.09295467619735372	0.6742146537929414	799540	101042	800000	1	0.01	459	100	1	[376, 274, 207, 59, 134]	0.4924161612987518	0.09765449911355972
647	x106	96	-0.00047679796241926586	0.00047679796241926586	-1.671207352681792	0.09468111980947044	0.6742146537929414	799540	101042	800000	1	0.01	459	101	1	[376, 274, 207, 59, 134]	0.4924161612987518	0.09765449911355972
648	x312	257	0.0004746324196838895	0.0004746324196838895	1.6635707252225949	0.0961986381177529	0.6742146537929414	799540	101042	800000	1	0.01	459	102	1	[376, 274, 207, 59, 134]	0.4924161612987518	0.09765449911355972
649	x229	202	-0.00047102129915379523	0.00047102129915379523	-1.6510139216660107	0.09873612496900727	0.6742146537929414	799540	101042	800000	1	0.01	459	103	1	[376, 274, 207, 59, 134]	0.4924161612987518	0.09765449911355972
650	x341	276	-0.0004681132540331306	0.0004681132540331306	-1.6408232638211309	0.100834500998843	0.6742146537929414	799540	101042	800000	1	0.01	459	104	1	[376, 274, 207, 59, 134]	0.4924161612987518	0.09765449911355972
651	x226	200	0.000464346806046065	0.000464346806046065	1.627433962180664	0.10364535741853059	0.6742146537929414	799540	101042	800000	1	0.01	459	105	1	[376, 274, 207, 59, 134]	0.4924161612987518	0.09765449911355972
652	x568	436	-0.0004586482471131006	0.0004586482471131006	-1.6078746490411806	0.10786302990782222	0.6742146537929414	799540	101042	800000	1	0.01	459	106	1	[376, 274, 207, 59, 134]	0.4924161612987518	0.09765449911355972
653	x173	159	0.00045834330829058886	0.00045834330829058886	1.6064786645036386	0.10816917395636416	0.6742146537929414	799540	101042	800000	1	0.01	459	107	1	[376, 274, 207, 59, 134]	0.4924161612987518	0.09765449911355972
654	x196	173	0.00045294240608757537	0.00045294240608757537	1.587248751749194	0.11245671260096755	0.6742146537929414	799540	101042	800000	1	0.01	459	108	1	[376, 274, 207, 59, 134]	0.4924161612987518	0.09765449911355972
655	x527	406	-0.000451485972613132	0.000451485972613132	-1.581709637912211	0.11371626703912711	0.6742146537929414	799540	101042	800000	1	0.01	459	109	1	[376, 274, 207, 59, 134]	0.4924161612987518	0.09765449911355972
656	x288	235	-0.0004436778998845089	0.0004436778998845089	-1.5542717351024982	0.12012000843899942	0.6742146537929414	799540	101042	800000	1	0.01	459	110	1	[376, 274, 207, 59, 134]	0.4924161612987518	0.09765449911355972
657	x36	33	0.00043782342326279455	0.00043782342326279455	1.5331797613618132	0.1252319651063085	0.6742146537929414	799540	101042	800000	1	0.01	459	111	1	[376, 274, 207, 59, 134]	0.4924161612987518	0.09765449911355972
658	x224	198	0.0004235563824682481	0.0004235563824682481	1.4842611139273825	0.13774005645266466	0.6742146537929414	799540	101042	800000	1	0.01	459	112	1	[376, 274, 207, 59, 134]	0.4924161612987518	0.09765449911355972
659	x4	3	0.00041237393327660124	0.00041237393327660124	1.4451484472017653	0.14841658517748532	0.6742146537929414	799540	101042	800000	1	0.01	459	113	1	[376, 274, 207, 59, 134]	0.4924161612987518	0.09765449911355972
660	x360	292	-0.00041173205352618484	0.00041173205352618484	-1.4434003230866512	0.14890812494015465	0.6742146537929414	799540	101042	800000	1	0.01	459	114	1	[376, 274, 207, 59, 134]	0.4924161612987518	0.09765449911355972
661	x356	289	-0.00040413081952172717	0.00040413081952172717	-1.4173065493222876	0.15639371084245743	0.6742146537929414	799540	101042	800000	1	0.01	459	115	1	[376, 274, 207, 59, 134]	0.4924161612987518	0.09765449911355972
662	x144	133	0.0004043986169669592	0.0004043986169669592	1.417080415293307	0.1564598074571791	0.6742146537929414	799540	101042	800000	1	0.01	459	116	1	[376, 274, 207, 59, 134]	0.4924161612987518	0.09765449911355972
663	x427	334	0.00040417059749826395	0.00040417059749826395	1.416595662151065	0.15660156712045037	0.6742146537929414	799540	101042	800000	1	0.01	459	117	1	[376, 274, 207, 59, 134]	0.4924161612987518	0.09765449911355972
664	x439	346	0.0004023373413687386	0.0004023373413687386	1.4112810645081766	0.1581621446581777	0.6742146537929414	799540	101042	800000	1	0.01	459	118	1	[376, 274, 207, 59, 134]	0.4924161612987518	0.09765449911355972
665	x197	174	-0.0004006536387546388	0.0004006536387546388	-1.4042390889878709	0.16024805396721997	0.6742146537929414	799540	101042	800000	1	0.01	459	119	1	[376, 274, 207, 59, 134]	0.4924161612987518	0.09765449911355972
666	x124	114	0.00039092909041711806	0.00039092909041711806	1.3694712088633585	0.17085241319654326	0.6742146537929414	799540	101042	800000	1	0.01	459	120	1	[376, 274, 207, 59, 134]	0.4924161612987518	0.09765449911355972
667	x12	10	0.00038989381126860106	0.00038989381126860106	1.3670517712709458	0.17160946305331223	0.6742146537929414	799540	101042	800000	1	0.01	459	121	1	[376, 274, 207, 59, 134]	0.4924161612987518	0.09765449911355972
668	x520	400	-0.000389919866903619	0.000389919866903619	-1.3668430124381479	0.1716749018529406	0.6742146537929414	799540	101042	800000	1	0.01	459	122	1	[376, 274, 207, 59, 134]	0.4924161612987518	0.09765449911355972
669	x367	298	-0.0003879830013409931	0.0003879830013409931	-1.3592014727384791	0.17408313811129883	0.6742146537929414	799540	101042	800000	1	0.01	459	123	1	[376, 274, 207, 59, 134]	0.4924161612987518	0.09765449911355972
670	x425	332	-0.0003873303002209843	0.0003873303002209843	-1.356905584608906	0.1748115952356144	0.6742146537929414	799540	101042	800000	1	0.01	459	124	1	[376, 274, 207, 59, 134]	0.4924161612987518	0.09765449911355972
671	x544	412	-0.00038540846083644795	0.00038540846083644795	-1.3511923059376871	0.17663422094092734	0.6742146537929414	799540	101042	800000	1	0.01	459	125	1	[376, 274, 207, 59, 134]	0.4924161612987518	0.09765449911355972
672	x424	331	0.0003848156751347354	0.0003848156751347354	1.3483901887291094	0.17753329989307293	0.6742146537929414	799540	101042	800000	1	0.01	459	126	1	[376, 274, 207, 59, 134]	0.4924161612987518	0.09765449911355972
673	x64	58	0.0003839339666269308	0.0003839339666269308	1.346094733849386	0.17827234842515843	0.6742146537929414	799540	101042	800000	1	0.01	459	127	1	[376, 274, 207, 59, 134]	0.4924161612987518	0.09765449911355972
674	x99	89	-0.0003837590628074003	0.0003837590628074003	-1.3457118292884993	0.17839585151577791	0.6742146537929414	799540	101042	800000	1	0.01	459	128	1	[376, 274, 207, 59, 134]	0.4924161612987518	0.09765449911355972
675	x489	384	-0.00037890673626869004	0.00037890673626869004	-1.3289231681848057	0.18387369858648214	0.6742146537929414	799540	101042	800000	1	0.01	459	129	1	[376, 274, 207, 59, 134]	0.4924161612987518	0.09765449911355972
676	x119	109	-0.0003790260329885534	0.0003790260329885534	-1.3288555705197462	0.18389600352627927	0.6742146537929414	799540	101042	800000	1	0.01	459	130	1	[376, 274, 207, 59, 134]	0.4924161612987518	0.09765449911355972
677	x274	223	-0.0003723543657294784	0.0003723543657294784	-1.3059791255410802	0.19156003213494835	0.6742146537929414	799540	101042	800000	1	0.01	459	131	1	[376, 274, 207, 59, 134]	0.4924161612987518	0.09765449911355972
678	x283	231	0.00037248667869387654	0.00037248667869387654	1.3055424367958106	0.19170858238157415	0.6742146537929414	799540	101042	800000	1	0.01	459	132	1	[376, 274, 207, 59, 134]	0.4924161612987518	0.09765449911355972
679	x548	416	-0.00037030154787206197	0.00037030154787206197	-1.2973283760911785	0.19451859920433648	0.6742146537929414	799540	101042	800000	1	0.01	459	133	1	[376, 274, 207, 59, 134]	0.4924161612987518	0.09765449911355972
680	x95	86	-0.00036749606986747994	0.00036749606986747994	-1.2885497391741818	0.19755503916452666	0.6742146537929414	799540	101042	800000	1	0.01	459	134	1	[376, 274, 207, 59, 134]	0.4924161612987518	0.09765449911355972
681	x473	370	0.0003672008098239356	0.0003672008098239356	1.2872304921376239	0.19801433483107567	0.6742146537929414	799540	101042	800000	1	0.01	459	135	1	[376, 274, 207, 59, 134]	0.4924161612987518	0.09765449911355972
682	x219	194	0.0003660297027832721	0.0003660297027832721	1.2840537926370392	0.19912350632589276	0.6742146537929414	799540	101042	800000	1	0.01	459	136	1	[376, 274, 207, 59, 134]	0.4924161612987518	0.09765449911355972
683	x562	430	-0.0003658461289095026	0.0003658461289095026	-1.2827369429003748	0.19958462432091706	0.6742146537929414	799540	101042	800000	1	0.01	459	137	1	[376, 274, 207, 59, 134]	0.4924161612987518	0.09765449911355972
684	x205	182	0.00036589821602906717	0.00036589821602906717	1.2820195959761904	0.19983614387378434	0.6742146537929414	799540	101042	800000	1	0.01	459	138	1	[376, 274, 207, 59, 134]	0.4924161612987518	0.09765449911355972
685	x386	306	0.00036429745190006264	0.00036429745190006264	1.2769915647075039	0.20160559617547336	0.6742146537929414	799540	101042	800000	1	0.01	459	139	1	[376, 274, 207, 59, 134]	0.4924161612987518	0.09765449911355972
686	x570	438	-0.0003635064614251285	0.0003635064614251285	-1.2741803883937537	0.20259986423849058	0.6742146537929414	799540	101042	800000	1	0.01	459	140	1	[376, 274, 207, 59, 134]	0.4924161612987518	0.09765449911355972
687	x66	60	0.0003593223053588507	0.0003593223053588507	1.2589894675593933	0.2080345037539225	0.6742146537929414	799540	101042	800000	1	0.01	459	141	1	[376, 274, 207, 59, 134]	0.4924161612987518	0.09765449911355972
688	x37	34	0.00035276235899345726	0.00035276235899345726	1.2362003268836288	0.21638447239236144	0.6742146537929414	799540	101042	800000	1	0.01	459	142	1	[376, 274, 207, 59, 134]	0.4924161612987518	0.09765449911355972
689	x346	280	0.0003516206328159909	0.0003516206328159909	1.2329851606541242	0.2175816631451572	0.6742146537929414	799540	101042	800000	1	0.01	459	143	1	[376, 274, 207, 59, 134]	0.4924161612987518	0.09765449911355972
690	x368	299	-0.00034936242503200724	0.00034936242503200724	-1.223843820679022	0.22101151056141932	0.6742146537929414	799540	101042	800000	1	0.01	459	144	1	[376, 274, 207, 59, 134]	0.4924161612987518	0.09765449911355972
691	x48	44	-0.00034722642865016957	0.00034722642865016957	-1.2180039855698823	0.22322281761481447	0.6742146537929414	799540	101042	800000	1	0.01	459	145	1	[376, 274, 207, 59, 134]	0.4924161612987518	0.09765449911355972
692	x206	183	0.00034429328862326425	0.00034429328862326425	1.2065122200117213	0.2276204071650447	0.6742146537929414	799540	101042	800000	1	0.01	459	146	1	[376, 274, 207, 59, 134]	0.4924161612987518	0.09765449911355972
693	x325	266	-0.00034205739129398245	0.00034205739129398245	-1.2000877475891485	0.2301056191053079	0.6742146537929414	799540	101042	800000	1	0.01	459	147	1	[376, 274, 207, 59, 134]	0.4924161612987518	0.09765449911355972
694	x392	312	0.00033854666159776025	0.00033854666159776025	1.185726086131876	0.23573084167105854	0.6742146537929414	799540	101042	800000	1	0.01	459	148	1	[376, 274, 207, 59, 134]	0.4924161612987518	0.09765449911355972
695	x269	218	0.0003375258958222714	0.0003375258958222714	1.182471870717792	0.23701887211113562	0.6742146537929414	799540	101042	800000	1	0.01	459	149	1	[376, 274, 207, 59, 134]	0.4924161612987518	0.09765449911355972
696	x22	19	0.0003367791134249505	0.0003367791134249505	1.1809536129685436	0.23762150267532098	0.6742146537929414	799540	101042	800000	1	0.01	459	150	1	[376, 274, 207, 59, 134]	0.4924161612987518	0.09765449911355972
697	x240	204	0.0003349940736370674	0.0003349940736370674	1.1744251130911743	0.24022514101222822	0.6742146537929414	799540	101042	800000	1	0.01	459	151	1	[376, 274, 207, 59, 134]	0.4924161612987518	0.09765449911355972
698	x282	230	-0.0003346332978080642	0.0003346332978080642	-1.173038218710516	0.24078082921635752	0.6742146537929414	799540	101042	800000	1	0.01	459	152	1	[376, 274, 207, 59, 134]	0.4924161612987518	0.09765449911355972
699	x420	328	-0.0003311414439688587	0.0003311414439688587	-1.1604969229300368	0.24584689233295723	0.6742146537929414	799540	101042	800000	1	0.01	459	153	1	[376, 274, 207, 59, 134]	0.4924161612987518	0.09765449911355972
700	x555	423	0.0003287398072501775	0.0003287398072501775	1.1522052750008687	0.2492370750740985	0.6742146537929414	799540	101042	800000	1	0.01	459	154	1	[376, 274, 207, 59, 134]	0.4924161612987518	0.09765449911355972
701	x102	92	-0.00032397822078281894	0.00032397822078281894	-1.135718329066994	0.25607480748215256	0.6742146537929414	799540	101042	800000	1	0.01	459	155	1	[376, 274, 207, 59, 134]	0.4924161612987518	0.09765449911355972
702	x495	389	-0.000322064904845978	0.000322064904845978	-1.128852054669073	0.25896058792864673	0.6742146537929414	799540	101042	800000	1	0.01	459	156	1	[376, 274, 207, 59, 134]	0.4924161612987518	0.09765449911355972
703	x225	199	0.00032220651282673926	0.00032220651282673926	1.1287760207580966	0.258992669344514	0.6742146537929414	799540	101042	800000	1	0.01	459	157	1	[376, 274, 207, 59, 134]	0.4924161612987518	0.09765449911355972
704	x565	433	0.00032136860057688444	0.00032136860057688444	1.1265472333171107	0.2599342977256364	0.6742146537929414	799540	101042	800000	1	0.01	459	158	1	[376, 274, 207, 59, 134]	0.4924161612987518	0.09765449911355972
705	x60	54	-0.00032099072451916694	0.00032099072451916694	-1.1259649702811765	0.26018068484187784	0.6742146537929414	799540	101042	800000	1	0.01	459	159	1	[376, 274, 207, 59, 134]	0.4924161612987518	0.09765449911355972
706	x362	294	-0.0003211960552557366	0.0003211960552557366	-1.1255927152272678	0.2603382908489474	0.6742146537929414	799540	101042	800000	1	0.01	459	160	1	[376, 274, 207, 59, 134]	0.4924161612987518	0.09765449911355972
707	x253	213	0.0003207697524353053	0.0003207697524353053	1.1241287622919744	0.2609587425562148	0.6742146537929414	799540	101042	800000	1	0.01	459	161	1	[376, 274, 207, 59, 134]	0.4924161612987518	0.09765449911355972
708	x83	75	-0.0003156762908764268	0.0003156762908764268	-1.1057468370284729	0.2688364440551073	0.6742146537929414	799540	101042	800000	1	0.01	459	162	1	[376, 274, 207, 59, 134]	0.4924161612987518	0.09765449911355972
709	x586	454	-0.0003154558369642795	0.0003154558369642795	-1.105617048398025	0.26889264024538784	0.6742146537929414	799540	101042	800000	1	0.01	459	163	1	[376, 274, 207, 59, 134]	0.4924161612987518	0.09765449911355972
710	x429	336	0.00031546297022718323	0.00031546297022718323	1.1046115421684755	0.2693282799989325	0.6742146537929414	799540	101042	800000	1	0.01	459	164	1	[376, 274, 207, 59, 134]	0.4924161612987518	0.09765449911355972
711	x512	396	-0.00031266200059183415	0.00031266200059183415	-1.095181241222215	0.27343757214590886	0.6742146537929414	799540	101042	800000	1	0.01	459	165	1	[376, 274, 207, 59, 134]	0.4924161612987518	0.09765449911355972
712	x157	145	-0.0003117206040884396	0.0003117206040884396	-1.093148562869412	0.2743289061661974	0.6742146537929414	799540	101042	800000	1	0.01	459	166	1	[376, 274, 207, 59, 134]	0.4924161612987518	0.09765449911355972
713	x388	308	-0.00030997979946984703	0.00030997979946984703	-1.0870760916086937	0.27700351069217743	0.6742146537929414	799540	101042	800000	1	0.01	459	167	1	[376, 274, 207, 59, 134]	0.4924161612987518	0.09765449911355972
714	x97	88	0.00031027051779035743	0.00031027051779035743	1.0870491006817629	0.2770154383066805	0.6742146537929414	799540	101042	800000	1	0.01	459	168	1	[376, 274, 207, 59, 134]	0.4924161612987518	0.09765449911355972
715	x220	195	0.0003044364370355825	0.0003044364370355825	1.0673032285220423	0.2858352529503722	0.6742146537929414	799540	101042	800000	1	0.01	459	169	1	[376, 274, 207, 59, 134]	0.4924161612987518	0.09765449911355972
716	x366	297	-0.00030440695602669744	0.00030440695602669744	-1.0665014359889344	0.28619735193979756	0.6742146537929414	799540	101042	800000	1	0.01	459	170	1	[376, 274, 207, 59, 134]	0.4924161612987518	0.09765449911355972
717	x249	209	-0.00030331553094977847	0.00030331553094977847	-1.0630214864987608	0.2877725285347121	0.6742146537929414	799540	101042	800000	1	0.01	459	171	1	[376, 274, 207, 59, 134]	0.4924161612987518	0.09765449911355972
718	x470	367	0.0003012918781594382	0.0003012918781594382	1.0560933866962896	0.2909258706145333	0.6742146537929414	799540	101042	800000	1	0.01	459	172	1	[376, 274, 207, 59, 134]	0.4924161612987518	0.09765449911355972
719	x156	144	-0.000297991352065381	0.000297991352065381	-1.0449368333393334	0.29605248067908274	0.6742146537929414	799540	101042	800000	1	0.01	459	173	1	[376, 274, 207, 59, 134]	0.4924161612987518	0.09765449911355972
720	x500	393	0.0002972355130767283	0.0002972355130767283	1.0429591703828824	0.2969675185243744	0.6742146537929414	799540	101042	800000	1	0.01	459	174	1	[376, 274, 207, 59, 134]	0.4924161612987518	0.09765449911355972
721	x297	242	-0.00029464853424113104	0.00029464853424113104	-1.0329523836840049	0.3016264949914528	0.6742146537929414	799540	101042	800000	1	0.01	459	175	1	[376, 274, 207, 59, 134]	0.4924161612987518	0.09765449911355972
722	x296	241	-0.0002925594315963229	0.0002925594315963229	-1.0256078633462755	0.30507676976787645	0.6742146537929414	799540	101042	800000	1	0.01	459	176	1	[376, 274, 207, 59, 134]	0.4924161612987518	0.09765449911355972
723	x153	141	-0.0002913106177721815	0.0002913106177721815	-1.0216103382407926	0.3069656717622816	0.6742146537929414	799540	101042	800000	1	0.01	459	177	1	[376, 274, 207, 59, 134]	0.4924161612987518	0.09765449911355972
724	x140	130	0.0002859419767092346	0.0002859419767092346	1.0019898210806597	0.3163488122600688	0.6742146537929414	799540	101042	800000	1	0.01	459	178	1	[376, 274, 207, 59, 134]	0.4924161612987518	0.09765449911355972
725	x460	363	0.0002845533244546092	0.0002845533244546092	0.9976292505930827	0.31845947366895694	0.6742146537929414	799540	101042	800000	1	0.01	459	179	1	[376, 274, 207, 59, 134]	0.4924161612987518	0.09765449911355972
726	x389	309	-0.0002819196322374965	0.0002819196322374965	-0.9884309016922083	0.3229419587923651	0.6742146537929414	799540	101042	800000	1	0.01	459	180	1	[376, 274, 207, 59, 134]	0.4924161612987518	0.09765449911355972
727	x110	100	0.00028124041584171613	0.00028124041584171613	0.9854196225760673	0.32441829313495185	0.6742146537929414	799540	101042	800000	1	0.01	459	181	1	[376, 274, 207, 59, 134]	0.4924161612987518	0.09765449911355972
728	x580	448	0.00028041608887430903	0.00028041608887430903	0.9823845745697775	0.325910720028018	0.6742146537929414	799540	101042	800000	1	0.01	459	182	1	[376, 274, 207, 59, 134]	0.4924161612987518	0.09765449911355972
729	x385	305	0.0002802538471743629	0.0002802538471743629	0.9813882498695744	0.32640161527871925	0.6742146537929414	799540	101042	800000	1	0.01	459	183	1	[376, 274, 207, 59, 134]	0.4924161612987518	0.09765449911355972
730	x566	434	0.00027926801336774674	0.00027926801336774674	0.9786723452574263	0.32774219668698956	0.6742146537929414	799540	101042	800000	1	0.01	459	184	1	[376, 274, 207, 59, 134]	0.4924161612987518	0.09765449911355972
731	x35	32	-0.0002788238833988177	0.0002788238833988177	-0.9768495163544425	0.3286439533540605	0.6742146537929414	799540	101042	800000	1	0.01	459	185	1	[376, 274, 207, 59, 134]	0.4924161612987518	0.09765449911355972
732	x281	229	-0.0002780838356091329	0.0002780838356091329	-0.9747475117794095	0.32968581389118967	0.6742146537929414	799540	101042	800000	1	0.01	459	186	1	[376, 274, 207, 59, 134]	0.4924161612987518	0.09765449911355972
733	x437	344	-0.00027707550964657744	0.00027707550964657744	-0.9705565994272299	0.3317694206864136	0.6742146537929414	799540	101042	800000	1	0.01	459	187	1	[376, 274, 207, 59, 134]	0.4924161612987518	0.09765449911355972
734	x129	119	-0.0002761343747850648	0.0002761343747850648	-0.9669769062195694	0.33355587098977324	0.6742146537929414	799540	101042	800000	1	0.01	459	188	1	[376, 274, 207, 59, 134]	0.4924161612987518	0.09765449911355972
735	x146	135	0.0002745768600735524	0.0002745768600735524	0.9628825031989717	0.33560678229189755	0.6742146537929414	799540	101042	800000	1	0.01	459	189	1	[376, 274, 207, 59, 134]	0.4924161612987518	0.09765449911355972
736	x96	87	-0.0002736017382598386	0.0002736017382598386	-0.9573682870705741	0.33838168877216823	0.6742146537929414	799540	101042	800000	1	0.01	459	190	1	[376, 274, 207, 59, 134]	0.4924161612987518	0.09765449911355972
737	x434	341	0.00026975772733934606	0.00026975772733934606	0.9452835488197013	0.34451442060679616	0.6742146537929414	799540	101042	800000	1	0.01	459	191	1	[376, 274, 207, 59, 134]	0.4924161612987518	0.09765449911355972
738	x78	70	0.0002685355648040548	0.0002685355648040548	0.941134059455594	0.34663644769263857	0.6742146537929414	799540	101042	800000	1	0.01	459	192	1	[376, 274, 207, 59, 134]	0.4924161612987518	0.09765449911355972
739	x543	411	0.0002675319197498854	0.0002675319197498854	0.93824799195522	0.3481172635972336	0.6742146537929414	799540	101042	800000	1	0.01	459	193	1	[376, 274, 207, 59, 134]	0.4924161612987518	0.09765449911355972
740	x10	8	-0.0002615910274734297	0.0002615910274734297	-0.9168713755162559	0.35921032174692147	0.6742146537929414	799540	101042	800000	1	0.01	459	194	1	[376, 274, 207, 59, 134]	0.4924161612987518	0.09765449911355972
741	x71	64	0.0002608705526275378	0.0002608705526275378	0.9150362000936404	0.3601729022390828	0.6742146537929414	799540	101042	800000	1	0.01	459	195	1	[376, 274, 207, 59, 134]	0.4924161612987518	0.09765449911355972
742	x228	201	0.00026057935431274834	0.00026057935431274834	0.9134518250669131	0.3610052349548417	0.6742146537929414	799540	101042	800000	1	0.01	459	196	1	[376, 274, 207, 59, 134]	0.4924161612987518	0.09765449911355972
743	x133	123	0.0002599189342239181	0.0002599189342239181	0.91147721506092	0.36204426036368054	0.6742146537929414	799540	101042	800000	1	0.01	459	197	1	[376, 274, 207, 59, 134]	0.4924161612987518	0.09765449911355972
744	x94	85	0.00025906833759198285	0.00025906833759198285	0.9078653906971867	0.3639496185333959	0.6742146537929414	799540	101042	800000	1	0.01	459	198	1	[376, 274, 207, 59, 134]	0.4924161612987518	0.09765449911355972
745	x384	304	0.00025842421244375534	0.00025842421244375534	0.9061366489231493	0.3648638023919831	0.6742146537929414	799540	101042	800000	1	0.01	459	199	1	[376, 274, 207, 59, 134]	0.4924161612987518	0.09765449911355972
746	x355	288	0.0002582733391919203	0.0002582733391919203	0.9054521006941839	0.365226197619427	0.6742146537929414	799540	101042	800000	1	0.01	459	200	1	[376, 274, 207, 59, 134]	0.4924161612987518	0.09765449911355972
747	x246	206	-0.0002573888675767423	0.0002573888675767423	-0.9021044522039006	0.3670016557948569	0.6742146537929414	799540	101042	800000	1	0.01	459	201	1	[376, 274, 207, 59, 134]	0.4924161612987518	0.09765449911355972
748	x286	233	-0.00025658686721785227	0.00025658686721785227	-0.8996263703094877	0.3683193897642414	0.6742146537929414	799540	101042	800000	1	0.01	459	202	1	[376, 274, 207, 59, 134]	0.4924161612987518	0.09765449911355972
749	x444	351	0.000253080341157196	0.000253080341157196	0.887166214758803	0.3749896859095798	0.6742146537929414	799540	101042	800000	1	0.01	459	203	1	[376, 274, 207, 59, 134]	0.4924161612987518	0.09765449911355972
750	x47	43	-0.0002532190959020227	0.0002532190959020227	-0.8871102704384486	0.3750198019466272	0.6742146537929414	799540	101042	800000	1	0.01	459	204	1	[376, 274, 207, 59, 134]	0.4924161612987518	0.09765449911355972
751	x148	137	-0.0002514377594203729	0.0002514377594203729	-0.881356224018295	0.3781253085232733	0.6742146537929414	799540	101042	800000	1	0.01	459	205	1	[376, 274, 207, 59, 134]	0.4924161612987518	0.09765449911355972
752	x319	261	-0.0002502958437105194	0.0002502958437105194	-0.8768870079155267	0.38054827708302574	0.6742146537929414	799540	101042	800000	1	0.01	459	206	1	[376, 274, 207, 59, 134]	0.4924161612987518	0.09765449911355972
753	x471	368	-0.00024763766066206844	0.00024763766066206844	-0.8672320183334737	0.38581515651637466	0.6742146537929414	799540	101042	800000	1	0.01	459	207	1	[376, 274, 207, 59, 134]	0.4924161612987518	0.09765449911355972
754	x128	118	-0.00024692852479315744	0.00024692852479315744	-0.8649160893370937	0.3870851055309803	0.6742146537929414	799540	101042	800000	1	0.01	459	208	1	[376, 274, 207, 59, 134]	0.4924161612987518	0.09765449911355972
755	x204	181	-0.00024613350512013875	0.00024613350512013875	-0.8622567491405935	0.3885465060874347	0.6742146537929414	799540	101042	800000	1	0.01	459	209	1	[376, 274, 207, 59, 134]	0.4924161612987518	0.09765449911355972
756	x273	222	0.0002447347131050625	0.0002447347131050625	0.8576162797167209	0.39110463970026343	0.6742146537929414	799540	101042	800000	1	0.01	459	210	1	[376, 274, 207, 59, 134]	0.4924161612987518	0.09765449911355972
757	x518	398	0.00024471474324696076	0.00024471474324696076	0.857521893805511	0.3911567773583098	0.6742146537929414	799540	101042	800000	1	0.01	459	211	1	[376, 274, 207, 59, 134]	0.4924161612987518	0.09765449911355972
758	x175	161	0.00024360738243635801	0.00024360738243635801	0.8540035188664853	0.39310329552206624	0.6742146537929414	799540	101042	800000	1	0.01	459	212	1	[376, 274, 207, 59, 134]	0.4924161612987518	0.09765449911355972
759	x521	401	0.0002414740466257811	0.0002414740466257811	0.8456383167134717	0.3977547964171575	0.6742146537929414	799540	101042	800000	1	0.01	459	213	1	[376, 274, 207, 59, 134]	0.4924161612987518	0.09765449911355972
760	x441	348	-0.0002398714721494428	0.0002398714721494428	-0.8396118989807526	0.4011262764718597	0.6742146537929414	799540	101042	800000	1	0.01	459	214	1	[376, 274, 207, 59, 134]	0.4924161612987518	0.09765449911355972
761	x49	45	0.00023782948651772146	0.00023782948651772146	0.8336573026676714	0.4044743740257256	0.6742146537929414	799540	101042	800000	1	0.01	459	215	1	[376, 274, 207, 59, 134]	0.4924161612987518	0.09765449911355972
762	x547	415	-0.00023688603611877524	0.00023688603611877524	-0.8305962846703657	0.4062019823329448	0.6742146537929414	799540	101042	800000	1	0.01	459	216	1	[376, 274, 207, 59, 134]	0.4924161612987518	0.09765449911355972
763	x126	116	-0.00023559694342221632	0.00023559694342221632	-0.825425177719854	0.4091304918404107	0.6742146537929414	799540	101042	800000	1	0.01	459	217	1	[376, 274, 207, 59, 134]	0.4924161612987518	0.09765449911355972
764	x414	323	0.00023555358500014048	0.00023555358500014048	0.8253875065349623	0.40915187183632873	0.6742146537929414	799540	101042	800000	1	0.01	459	218	1	[376, 274, 207, 59, 134]	0.4924161612987518	0.09765449911355972
765	x13	11	-0.00023386064068790135	0.00023386064068790135	-0.8194742067660786	0.41251615643030815	0.6742146537929414	799540	101042	800000	1	0.01	459	219	1	[376, 274, 207, 59, 134]	0.4924161612987518	0.09765449911355972
766	x431	338	0.00023187064325794625	0.00023187064325794625	0.8128113043785213	0.4163264952872673	0.6742146537929414	799540	101042	800000	1	0.01	459	220	1	[376, 274, 207, 59, 134]	0.4924161612987518	0.09765449911355972
767	x469	366	0.00022739436164088172	0.00022739436164088172	0.7978255809689576	0.42497195115810793	0.6742146537929414	799540	101042	800000	1	0.01	459	221	1	[376, 274, 207, 59, 134]	0.4924161612987518	0.09765449911355972
768	x494	388	-0.0002261671622420997	0.0002261671622420997	-0.7918488022461869	0.42844907748123284	0.6742146537929414	799540	101042	800000	1	0.01	459	222	1	[376, 274, 207, 59, 134]	0.4924161612987518	0.09765449911355972
769	x270	219	0.00022594862322378146	0.00022594862322378146	0.7915969330273478	0.42859597063757693	0.6742146537929414	799540	101042	800000	1	0.01	459	223	1	[376, 274, 207, 59, 134]	0.4924161612987518	0.09765449911355972
770	x526	405	-0.00022521909015949643	0.00022521909015949643	-0.7896826929250834	0.4297133354670385	0.6742146537929414	799540	101042	800000	1	0.01	459	224	1	[376, 274, 207, 59, 134]	0.4924161612987518	0.09765449911355972
771	x169	155	0.00022469448623822132	0.00022469448623822132	0.7869763842337438	0.4312959240031292	0.6742146537929414	799540	101042	800000	1	0.01	459	225	1	[376, 274, 207, 59, 134]	0.4924161612987518	0.09765449911355972
772	x311	256	-0.0002241567102547128	0.0002241567102547128	-0.7855462663043593	0.43213358777005917	0.6742146537929414	799540	101042	800000	1	0.01	459	226	1	[376, 274, 207, 59, 134]	0.4924161612987518	0.09765449911355972
773	x561	429	0.00022365558402307576	0.00022365558402307576	0.7838531416601103	0.4331265197997777	0.6742146537929414	799540	101042	800000	1	0.01	459	227	1	[376, 274, 207, 59, 134]	0.4924161612987518	0.09765449911355972
774	x247	207	0.00022121077912434442	0.00022121077912434442	0.7754500411687789	0.4380740047578877	0.6742146537929414	799540	101042	800000	1	0.01	459	228	1	[376, 274, 207, 59, 134]	0.4924161612987518	0.09765449911355972
775	x203	180	0.00022087084408809496	0.00022087084408809496	0.7737452425753651	0.43908168837343564	0.6742146537929414	799540	101042	800000	1	0.01	459	229	1	[376, 274, 207, 59, 134]	0.4924161612987518	0.09765449911355972
776	x24	21	-0.00021862404631004927	0.00021862404631004927	-0.7661466206849661	0.44358929182160634	0.6742146537929414	799540	101042	800000	1	0.01	459	230	1	[376, 274, 207, 59, 134]	0.4924161612987518	0.09765449911355972
777	x57	51	0.00021561104227789542	0.00021561104227789542	0.7548562969967589	0.4503354329166731	0.6742146537929414	799540	101042	800000	1	0.01	459	231	1	[376, 274, 207, 59, 134]	0.4924161612987518	0.09765449911355972
778	x107	97	0.00021537144913380513	0.00021537144913380513	0.7545105747822412	0.4505429202177097	0.6742146537929414	799540	101042	800000	1	0.01	459	232	1	[376, 274, 207, 59, 134]	0.4924161612987518	0.09765449911355972
779	x101	91	-0.00021274327286271733	0.00021274327286271733	-0.7452399882665816	0.45612687179369305	0.6742146537929414	799540	101042	800000	1	0.01	459	233	1	[376, 274, 207, 59, 134]	0.4924161612987518	0.09765449911355972
780	x46	42	0.00021209520311878208	0.00021209520311878208	0.742890867760463	0.4575479733382215	0.6742146537929414	799540	101042	800000	1	0.01	459	234	1	[376, 274, 207, 59, 134]	0.4924161612987518	0.09765449911355972
781	x272	221	-0.00021078876158827	0.00021078876158827	-0.7388487839738869	0.45999904189927543	0.6742146537929414	799540	101042	800000	1	0.01	459	235	1	[376, 274, 207, 59, 134]	0.4924161612987518	0.09765449911355972
782	x484	379	0.00021060962862711578	0.00021060962862711578	0.737746589816676	0.46066867134067835	0.6742146537929414	799540	101042	800000	1	0.01	459	236	1	[376, 274, 207, 59, 134]	0.4924161612987518	0.09765449911355972
783	x250	210	0.00021044405480957778	0.00021044405480957778	0.7367538437302199	0.46127227274605376	0.6742146537929414	799540	101042	800000	1	0.01	459	237	1	[376, 274, 207, 59, 134]	0.4924161612987518	0.09765449911355972
784	x394	314	-0.00020919825157941787	0.00020919825157941787	-0.7326323062429602	0.46378293628293465	0.6742146537929414	799540	101042	800000	1	0.01	459	238	1	[376, 274, 207, 59, 134]	0.4924161612987518	0.09765449911355972
785	x569	437	-0.00020813787390558616	0.00020813787390558616	-0.729597117214087	0.46563669859430445	0.6742146537929414	799540	101042	800000	1	0.01	459	239	1	[376, 274, 207, 59, 134]	0.4924161612987518	0.09765449911355972
786	x313	258	-0.00020642307266617607	0.00020642307266617607	-0.7238325889270872	0.46916873124238223	0.6742146537929414	799540	101042	800000	1	0.01	459	240	1	[376, 274, 207, 59, 134]	0.4924161612987518	0.09765449911355972
787	x208	184	-0.00020586546924147278	0.00020586546924147278	-0.7212300238595085	0.47076821309921957	0.6742146537929414	799540	101042	800000	1	0.01	459	241	1	[376, 274, 207, 59, 134]	0.4924161612987518	0.09765449911355972
788	x300	245	0.00020440144628739083	0.00020440144628739083	0.7157104877847859	0.4741703425312914	0.6742146537929414	799540	101042	800000	1	0.01	459	242	1	[376, 274, 207, 59, 134]	0.4924161612987518	0.09765449911355972
789	x93	84	-0.00020407493257024742	0.00020407493257024742	-0.7153281742674521	0.4744064920444965	0.6742146537929414	799540	101042	800000	1	0.01	459	243	1	[376, 274, 207, 59, 134]	0.4924161612987518	0.09765449911355972
790	x245	205	0.00020370974977361605	0.00020370974977361605	0.713795271027626	0.47535399265371514	0.6742146537929414	799540	101042	800000	1	0.01	459	244	1	[376, 274, 207, 59, 134]	0.4924161612987518	0.09765449911355972
791	x15	12	0.00020321721792133164	0.00020321721792133164	0.7119567852556237	0.4764917444371517	0.6742146537929414	799540	101042	800000	1	0.01	459	245	1	[376, 274, 207, 59, 134]	0.4924161612987518	0.09765449911355972
792	x222	196	0.0002028351118043633	0.0002028351118043633	0.710546469651745	0.4773655321105045	0.6742146537929414	799540	101042	800000	1	0.01	459	246	1	[376, 274, 207, 59, 134]	0.4924161612987518	0.09765449911355972
793	x409	318	-0.00020193328454967119	0.00020193328454967119	-0.7072580838293413	0.479406314929691	0.6742146537929414	799540	101042	800000	1	0.01	459	247	1	[376, 274, 207, 59, 134]	0.4924161612987518	0.09765449911355972
794	x26	23	0.00020197213005504483	0.00020197213005504483	0.7071841014315171	0.47945228334149703	0.6742146537929414	799540	101042	800000	1	0.01	459	248	1	[376, 274, 207, 59, 134]	0.4924161612987518	0.09765449911355972
795	x73	66	-0.0002016153157998506	0.0002016153157998506	-0.7066265096262802	0.4797988162198432	0.6742146537929414	799540	101042	800000	1	0.01	459	249	1	[376, 274, 207, 59, 134]	0.4924161612987518	0.09765449911355972
796	x525	404	0.00019950747697015662	0.00019950747697015662	0.6991195464869837	0.48447752736465544	0.6742146537929414	799540	101042	800000	1	0.01	459	250	1	[376, 274, 207, 59, 134]	0.4924161612987518	0.09765449911355972
797	x557	425	-0.0001993159755879417	0.0001993159755879417	-0.6987886074057158	0.484684352569303	0.6742146537929414	799540	101042	800000	1	0.01	459	251	1	[376, 274, 207, 59, 134]	0.4924161612987518	0.09765449911355972
798	x334	269	0.0001951660867130749	0.0001951660867130749	0.6845854196521642	0.493605768671147	0.6742146537929414	799540	101042	800000	1	0.01	459	252	1	[376, 274, 207, 59, 134]	0.4924161612987518	0.09765449911355972
799	x80	72	0.0001940493605481972	0.0001940493605481972	0.6800833282490453	0.49645189704690695	0.6742146537929414	799540	101042	800000	1	0.01	459	253	1	[376, 274, 207, 59, 134]	0.4924161612987518	0.09765449911355972
800	x216	191	-0.00019339646952444371	0.00019339646952444371	-0.6780114514284011	0.49776462871735316	0.6742146537929414	799540	101042	800000	1	0.01	459	254	1	[376, 274, 207, 59, 134]	0.4924161612987518	0.09765449911355972
801	x306	251	-0.00019172206078744655	0.00019172206078744655	-0.6720789394818867	0.5015336374511089	0.6742146537929414	799540	101042	800000	1	0.01	459	255	1	[376, 274, 207, 59, 134]	0.4924161612987518	0.09765449911355972
802	x574	442	0.00019142683627965565	0.00019142683627965565	0.6709009860947422	0.5022838019342987	0.6742146537929414	799540	101042	800000	1	0.01	459	256	1	[376, 274, 207, 59, 134]	0.4924161612987518	0.09765449911355972
803	x11	9	0.0001912573006452193	0.0001912573006452193	0.670124210875136	0.5027788057873006	0.6742146537929414	799540	101042	800000	1	0.01	459	257	1	[376, 274, 207, 59, 134]	0.4924161612987518	0.09765449911355972
804	x308	253	0.0001902448505863777	0.0001902448505863777	0.6670141622645829	0.5047632797495668	0.6742146537929414	799540	101042	800000	1	0.01	459	258	1	[376, 274, 207, 59, 134]	0.4924161612987518	0.09765449911355972
805	x487	382	0.00018959167574101454	0.00018959167574101454	0.6644445119723938	0.5064060434507627	0.6742146537929414	799540	101042	800000	1	0.01	459	259	1	[376, 274, 207, 59, 134]	0.4924161612987518	0.09765449911355972
806	x215	190	-0.00018544323610045034	0.00018544323610045034	-0.6499211405609475	0.5157433484789473	0.6742146537929414	799540	101042	800000	1	0.01	459	260	1	[376, 274, 207, 59, 134]	0.4924161612987518	0.09765449911355972
807	x485	380	0.00018535726812984172	0.00018535726812984172	0.649601698020103	0.515949722588952	0.6742146537929414	799540	101042	800000	1	0.01	459	261	1	[376, 274, 207, 59, 134]	0.4924161612987518	0.09765449911355972
808	x52	47	-0.00018531647066327817	0.00018531647066327817	-0.6493029040349074	0.5161427955785616	0.6742146537929414	799540	101042	800000	1	0.01	459	262	1	[376, 274, 207, 59, 134]	0.4924161612987518	0.09765449911355972
809	x209	185	-0.0001838884172022688	0.0001838884172022688	-0.6441795916476706	0.5194591680326536	0.6742146537929414	799540	101042	800000	1	0.01	459	263	1	[376, 274, 207, 59, 134]	0.4924161612987518	0.09765449911355972
810	x390	310	0.00018310443549387437	0.00018310443549387437	0.6417126621337996	0.5210599502335509	0.6742146537929414	799540	101042	800000	1	0.01	459	264	1	[376, 274, 207, 59, 134]	0.4924161612987518	0.09765449911355972
811	x125	115	0.0001827083832939009	0.0001827083832939009	0.6407161098768923	0.5217073291279245	0.6742146537929414	799540	101042	800000	1	0.01	459	265	1	[376, 274, 207, 59, 134]	0.4924161612987518	0.09765449911355972
812	x545	413	-0.0001823950616099629	0.0001823950616099629	-0.6395838798283731	0.5224433485835296	0.6742146537929414	799540	101042	800000	1	0.01	459	266	1	[376, 274, 207, 59, 134]	0.4924161612987518	0.09765449911355972
813	x184	168	-0.00018189060157296617	0.00018189060157296617	-0.6377402894848478	0.5236429368211483	0.6742146537929414	799540	101042	800000	1	0.01	459	267	1	[376, 274, 207, 59, 134]	0.4924161612987518	0.09765449911355972
814	x121	111	-0.00018175769952386204	0.00018175769952386204	-0.6370122751420376	0.5241170303432063	0.6742146537929414	799540	101042	800000	1	0.01	459	268	1	[376, 274, 207, 59, 134]	0.4924161612987518	0.09765449911355972
815	x212	187	-0.0001798303365693046	0.0001798303365693046	-0.6303008187832259	0.5284979675317014	0.6742146537929414	799540	101042	800000	1	0.01	459	269	1	[376, 274, 207, 59, 134]	0.4924161612987518	0.09765449911355972
816	x185	169	-0.00017650007790338994	0.00017650007790338994	-0.6179630801045979	0.5365998518935939	0.6742146537929414	799540	101042	800000	1	0.01	459	270	1	[376, 274, 207, 59, 134]	0.4924161612987518	0.09765449911355972
817	x19	16	-0.00017597270310527183	0.00017597270310527183	-0.6170561495677798	0.5371978663449486	0.6742146537929414	799540	101042	800000	1	0.01	459	271	1	[376, 274, 207, 59, 134]	0.4924161612987518	0.09765449911355972
818	x475	372	0.00017565794823853963	0.00017565794823853963	0.615656828596041	0.5381212112182332	0.6742146537929414	799540	101042	800000	1	0.01	459	272	1	[376, 274, 207, 59, 134]	0.4924161612987518	0.09765449911355972
819	x550	418	-0.0001718987925575917	0.0001718987925575917	-0.6026414192735893	0.5467474309131868	0.6742146537929414	799540	101042	800000	1	0.01	459	273	1	[376, 274, 207, 59, 134]	0.4924161612987518	0.09765449911355972
820	x32	29	-0.0001715127332992141	0.0001715127332992141	-0.6012691882612606	0.5476608786623542	0.6742146537929414	799540	101042	800000	1	0.01	459	274	1	[376, 274, 207, 59, 134]	0.4924161612987518	0.09765449911355972
821	x347	281	-0.0001708665554801039	0.0001708665554801039	-0.5991052844201608	0.5491028477335702	0.6742146537929414	799540	101042	800000	1	0.01	459	275	1	[376, 274, 207, 59, 134]	0.4924161612987518	0.09765449911355972
822	x252	212	0.0001699287834205101	0.0001699287834205101	0.5954898873418901	0.5515162254043176	0.6742146537929414	799540	101042	800000	1	0.01	459	276	1	[376, 274, 207, 59, 134]	0.4924161612987518	0.09765449911355972
823	x322	264	-0.00016953306140731457	0.00016953306140731457	-0.5936531492190879	0.5527442927324674	0.6742146537929414	799540	101042	800000	1	0.01	459	277	1	[376, 274, 207, 59, 134]	0.4924161612987518	0.09765449911355972
824	x38	35	-0.00016784746506785962	0.00016784746506785962	-0.5881039236151085	0.556462705806088	0.6742146537929414	799540	101042	800000	1	0.01	459	278	1	[376, 274, 207, 59, 134]	0.4924161612987518	0.09765449911355972
825	x501	394	0.00016719602836566126	0.00016719602836566126	0.5861379236122779	0.5577829986776993	0.6742146537929414	799540	101042	800000	1	0.01	459	279	1	[376, 274, 207, 59, 134]	0.4924161612987518	0.09765449911355972
826	x476	373	-0.00016464134901803904	0.00016464134901803904	-0.5767855859957806	0.5640844702252449	0.6742146537929414	799540	101042	800000	1	0.01	459	280	1	[376, 274, 207, 59, 134]	0.4924161612987518	0.09765449911355972
827	x528	407	0.00016214093096035372	0.00016214093096035372	0.5684957110625853	0.5696985768205898	0.6742146537929414	799540	101042	800000	1	0.01	459	281	1	[376, 274, 207, 59, 134]	0.4924161612987518	0.09765449911355972
828	x112	102	-0.00016147287502264369	0.00016147287502264369	-0.56610297090841	0.5713239427050605	0.6742146537929414	799540	101042	800000	1	0.01	459	282	1	[376, 274, 207, 59, 134]	0.4924161612987518	0.09765449911355972
829	x199	176	0.00016135136950423904	0.00016135136950423904	0.5653146336415183	0.5718599356113421	0.6742146537929414	799540	101042	800000	1	0.01	459	283	1	[376, 274, 207, 59, 134]	0.4924161612987518	0.09765449911355972
830	x198	175	-0.0001612085488582247	0.0001612085488582247	-0.5648744279389502	0.5721593367785613	0.6742146537929414	799540	101042	800000	1	0.01	459	284	1	[376, 274, 207, 59, 134]	0.4924161612987518	0.09765449911355972
831	x455	359	-0.0001601467303867946	0.0001601467303867946	-0.5614119333014717	0.5745169081953632	0.6742146537929414	799540	101042	800000	1	0.01	459	285	1	[376, 274, 207, 59, 134]	0.4924161612987518	0.09765449911355972
832	x560	428	-0.00015776323140662203	0.00015776323140662203	-0.5529356973419193	0.580307597032998	0.6742146537929414	799540	101042	800000	1	0.01	459	286	1	[376, 274, 207, 59, 134]	0.4924161612987518	0.09765449911355972
833	x456	360	0.00015754484120146604	0.00015754484120146604	0.5521873970180514	0.580820122511978	0.6742146537929414	799540	101042	800000	1	0.01	459	287	1	[376, 274, 207, 59, 134]	0.4924161612987518	0.09765449911355972
834	x182	166	0.00015697252200992364	0.00015697252200992364	0.5500759402652415	0.5822674418305653	0.6742146537929414	799540	101042	800000	1	0.01	459	288	1	[376, 274, 207, 59, 134]	0.4924161612987518	0.09765449911355972
835	x178	164	-0.00015614241046392488	0.00015614241046392488	-0.5471711955580536	0.5842612760439578	0.6742146537929414	799540	101042	800000	1	0.01	459	289	1	[376, 274, 207, 59, 134]	0.4924161612987518	0.09765449911355972
836	x168	154	0.00015519947815497185	0.00015519947815497185	0.5440674160332516	0.5863952335744262	0.6742146537929414	799540	101042	800000	1	0.01	459	290	1	[376, 274, 207, 59, 134]	0.4924161612987518	0.09765449911355972
837	x84	76	0.00015504019365482222	0.00015504019365482222	0.5433009259876463	0.5869227782909445	0.6742146537929414	799540	101042	800000	1	0.01	459	291	1	[376, 274, 207, 59, 134]	0.4924161612987518	0.09765449911355972
838	x352	285	-0.00015499416742948254	0.00015499416742948254	-0.5427669630344627	0.5872904136949721	0.6742146537929414	799540	101042	800000	1	0.01	459	292	1	[376, 274, 207, 59, 134]	0.4924161612987518	0.09765449911355972
839	x583	451	-0.0001523621380527032	0.0001523621380527032	-0.534037578893573	0.5933156834108763	0.6742146537929414	799540	101042	800000	1	0.01	459	293	1	[376, 274, 207, 59, 134]	0.4924161612987518	0.09765449911355972
840	x303	248	-0.00015230024567740826	0.00015230024567740826	-0.533529703889904	0.5936671030448681	0.6742146537929414	799540	101042	800000	1	0.01	459	294	1	[376, 274, 207, 59, 134]	0.4924161612987518	0.09765449911355972
841	x104	94	-0.0001510408545490373	0.0001510408545490373	-0.5295160850083726	0.5964476362404286	0.6742146537929414	799540	101042	800000	1	0.01	459	295	1	[376, 274, 207, 59, 134]	0.4924161612987518	0.09765449911355972
842	x67	61	0.00014999752583761758	0.00014999752583761758	0.5258591658324142	0.598986208208057	0.6742146537929414	799540	101042	800000	1	0.01	459	296	1	[376, 274, 207, 59, 134]	0.4924161612987518	0.09765449911355972
843	x335	270	0.0001496317416130053	0.0001496317416130053	0.5242349669919657	0.6001152683664255	0.6742146537929414	799540	101042	800000	1	0.01	459	297	1	[376, 274, 207, 59, 134]	0.4924161612987518	0.09765449911355972
844	x68	62	-0.00014907959891281904	0.00014907959891281904	-0.5224277915393009	0.6013726548215628	0.6742146537929414	799540	101042	800000	1	0.01	459	298	1	[376, 274, 207, 59, 134]	0.4924161612987518	0.09765449911355972
845	x541	409	0.00014830394550942482	0.00014830394550942482	0.5195973975152897	0.6033443562041543	0.6742146537929414	799540	101042	800000	1	0.01	459	299	1	[376, 274, 207, 59, 134]	0.4924161612987518	0.09765449911355972
846	x41	38	-0.00014656364633318684	0.00014656364633318684	-0.5140832216753419	0.6071939495199117	0.6742146537929414	799540	101042	800000	1	0.01	459	300	1	[376, 274, 207, 59, 134]	0.4924161612987518	0.09765449911355972
847	x217	192	0.00014630609965318923	0.00014630609965318923	0.5128580615382247	0.6080507533027463	0.6742146537929414	799540	101042	800000	1	0.01	459	301	1	[376, 274, 207, 59, 134]	0.4924161612987518	0.09765449911355972
848	x383	303	-0.0001428173763892843	0.0001428173763892843	-0.5008670328525353	0.6164648433111641	0.6742146537929414	799540	101042	800000	1	0.01	459	302	1	[376, 274, 207, 59, 134]	0.4924161612987518	0.09765449911355972
849	x135	125	0.00014287361806283438	0.00014287361806283438	0.5008150617287649	0.6165014223575118	0.6742146537929414	799540	101042	800000	1	0.01	459	303	1	[376, 274, 207, 59, 134]	0.4924161612987518	0.09765449911355972
850	x421	329	0.0001430255867390737	0.0001430255867390737	0.50055517029056	0.6166843570836061	0.6742146537929414	799540	101042	800000	1	0.01	459	304	1	[376, 274, 207, 59, 134]	0.4924161612987518	0.09765449911355972
851	x433	340	-0.00014242847393471	0.00014242847393471	-0.4992673713358103	0.6175911755748608	0.6742146537929414	799540	101042	800000	1	0.01	459	305	1	[376, 274, 207, 59, 134]	0.4924161612987518	0.09765449911355972
852	x287	234	0.0001417801809920093	0.0001417801809920093	0.49689103801341244	0.619266028329376	0.6742146537929414	799540	101042	800000	1	0.01	459	306	1	[376, 274, 207, 59, 134]	0.4924161612987518	0.09765449911355972
853	x63	57	0.0001398458524009603	0.0001398458524009603	0.4901033944679361	0.6240608706855731	0.6742146537929414	799540	101042	800000	1	0.01	459	307	1	[376, 274, 207, 59, 134]	0.4924161612987518	0.09765449911355972
854	x310	255	-0.00013957685306682186	0.00013957685306682186	-0.48940025150767946	0.6245584923067957	0.6742146537929414	799540	101042	800000	1	0.01	459	308	1	[376, 274, 207, 59, 134]	0.4924161612987518	0.09765449911355972
855	x309	254	0.00013919921820893194	0.00013919921820893194	0.4882048538022173	0.625404880750015	0.6742146537929414	799540	101042	800000	1	0.01	459	309	1	[376, 274, 207, 59, 134]	0.4924161612987518	0.09765449911355972
856	x162	148	0.00013903497817243526	0.00013903497817243526	0.48722290180957206	0.6261005109376554	0.6742146537929414	799540	101042	800000	1	0.01	459	310	1	[376, 274, 207, 59, 134]	0.4924161612987518	0.09765449911355972
857	x304	249	-0.00013731693051152939	0.00013731693051152939	-0.48102411384852284	0.6304994921737239	0.6742146537929414	799540	101042	800000	1	0.01	459	311	1	[376, 274, 207, 59, 134]	0.4924161612987518	0.09765449911355972
858	x344	278	-0.00013602348455083154	0.00013602348455083154	-0.47671670756852513	0.6335639942717786	0.6742146537929414	799540	101042	800000	1	0.01	459	312	1	[376, 274, 207, 59, 134]	0.4924161612987518	0.09765449911355972
859	x117	107	0.0001355653817046264	0.0001355653817046264	0.4749513932097723	0.6348217486210717	0.6742146537929414	799540	101042	800000	1	0.01	459	313	1	[376, 274, 207, 59, 134]	0.4924161612987518	0.09765449911355972
860	x151	139	0.0001347936522501542	0.0001347936522501542	0.4725504787057088	0.6365340490684206	0.6742146537929414	799540	101042	800000	1	0.01	459	314	1	[376, 274, 207, 59, 134]	0.4924161612987518	0.09765449911355972
861	x123	113	0.00013418107735340562	0.00013418107735340562	0.470031543441833	0.6383326096982019	0.6742146537929414	799540	101042	800000	1	0.01	459	315	1	[376, 274, 207, 59, 134]	0.4924161612987518	0.09765449911355972
862	x567	435	-0.00013175381730494122	0.00013175381730494122	-0.4620080131850718	0.6440756997587707	0.6742146537929414	799540	101042	800000	1	0.01	459	316	1	[376, 274, 207, 59, 134]	0.4924161612987518	0.09765449911355972
863	x8	6	-0.0001313748586468516	0.0001313748586468516	-0.46065152285626476	0.6450487654368631	0.6742146537929414	799540	101042	800000	1	0.01	459	317	1	[376, 274, 207, 59, 134]	0.4924161612987518	0.09765449911355972
864	x416	324	-0.00012811101130756467	0.00012811101130756467	-0.44935913969968344	0.6531727238210133	0.6742146537929414	799540	101042	800000	1	0.01	459	318	1	[376, 274, 207, 59, 134]	0.4924161612987518	0.09765449911355972
865	x490	385	-0.00012647508157899505	0.00012647508157899505	-0.4434143099464054	0.6574662072092946	0.6742146537929414	799540	101042	800000	1	0.01	459	319	1	[376, 274, 207, 59, 134]	0.4924161612987518	0.09765449911355972
866	x354	287	0.00012620267629834755	0.00012620267629834755	0.44220562931586693	0.658340532503205	0.6742146537929414	799540	101042	800000	1	0.01	459	320	1	[376, 274, 207, 59, 134]	0.4924161612987518	0.09765449911355972
867	x89	80	0.00012539226959732493	0.00012539226959732493	0.4395573862283386	0.6602578291009885	0.6742146537929414	799540	101042	800000	1	0.01	459	321	1	[376, 274, 207, 59, 134]	0.4924161612987518	0.09765449911355972
868	x166	152	0.00012340419343295417	0.00012340419343295417	0.4323675858025376	0.6654743894730841	0.6742146537929414	799540	101042	800000	1	0.01	459	322	1	[376, 274, 207, 59, 134]	0.4924161612987518	0.09765449911355972
869	x27	24	-0.0001231701830259988	0.0001231701830259988	-0.4317247943134579	0.6659415610782506	0.6742146537929414	799540	101042	800000	1	0.01	459	323	1	[376, 274, 207, 59, 134]	0.4924161612987518	0.09765449911355972
870	x584	452	0.00012308423473820706	0.00012308423473820706	0.43154450284480184	0.6660726176145082	0.6742146537929414	799540	101042	800000	1	0.01	459	324	1	[376, 274, 207, 59, 134]	0.4924161612987518	0.09765449911355972
871	x161	147	-0.00012295241966633376	0.00012295241966633376	-0.4310154367514346	0.666457262440177	0.6742146537929414	799540	101042	800000	1	0.01	459	325	1	[376, 274, 207, 59, 134]	0.4924161612987518	0.09765449911355972
872	x2	1	-0.00012162509695578084	0.00012162509695578084	-0.42629716568741394	0.6698914376848053	0.6742146537929414	799540	101042	800000	1	0.01	459	326	1	[376, 274, 207, 59, 134]	0.4924161612987518	0.09765449911355972
873	x523	402	0.00012018837034170814	0.00012018837034170814	0.4213096664875512	0.6735290857474632	0.6742146537929414	799540	101042	800000	1	0.01	459	327	1	[376, 274, 207, 59, 134]	0.4924161612987518	0.09765449911355972
874	x492	387	-0.0001198545034567469	0.0001198545034567469	-0.42004729777329924	0.6744510146916249	0.6742146537929414	799540	101042	800000	1	0.01	459	328	1	[376, 274, 207, 59, 134]	0.4924161612987518	0.09765449911355972
875	x284	232	0.00011695213304644166	0.00011695213304644166	0.4097771775991699	0.6819695191345454	0.6742146537929414	799540	101042	800000	1	0.01	459	329	1	[376, 274, 207, 59, 134]	0.4924161612987518	0.09765449911355972
876	x255	215	-0.00011692848792035079	0.00011692848792035079	-0.40968608808904605	0.6820363463813414	0.6742146537929414	799540	101042	800000	1	0.01	459	330	1	[376, 274, 207, 59, 134]	0.4924161612987518	0.09765449911355972
877	x480	376	-0.00011616355103159963	0.00011616355103159963	-0.4074489437649666	0.6836783948931989	0.6742146537929414	799540	101042	800000	1	0.01	459	331	1	[376, 274, 207, 59, 134]	0.4924161612987518	0.09765449911355972
878	x167	153	0.00011599008816281995	0.00011599008816281995	0.40648612107366305	0.6843855614318118	0.6742146537929414	799540	101042	800000	1	0.01	459	332	1	[376, 274, 207, 59, 134]	0.4924161612987518	0.09765449911355972
879	x164	150	0.00011566152624903823	0.00011566152624903823	0.40542586570344435	0.6851646098047146	0.6742146537929414	799540	101042	800000	1	0.01	459	333	1	[376, 274, 207, 59, 134]	0.4924161612987518	0.09765449911355972
880	x23	20	-0.00011516414707173365	0.00011516414707173365	-0.4033844756355797	0.68666551337376	0.6742146537929414	799540	101042	800000	1	0.01	459	334	1	[376, 274, 207, 59, 134]	0.4924161612987518	0.09765449911355972
881	x364	296	-0.00011414604630645925	0.00011414604630645925	-0.39999407191965675	0.6891609899124866	0.6742146537929414	799540	101042	800000	1	0.01	459	335	1	[376, 274, 207, 59, 134]	0.4924161612987518	0.09765449911355972
882	x170	156	0.00011275910769160833	0.00011275910769160833	0.39518778700465484	0.692704410677708	0.6742146537929414	799540	101042	800000	1	0.01	459	336	1	[376, 274, 207, 59, 134]	0.4924161612987518	0.09765449911355972
883	x449	356	0.00011237637878041407	0.00011237637878041407	0.39380982679359744	0.6937215537842456	0.6742146537929414	799540	101042	800000	1	0.01	459	337	1	[376, 274, 207, 59, 134]	0.4924161612987518	0.09765449911355972
884	x483	378	0.00011024377528329387	0.00011024377528329387	0.3864076918101911	0.6991948572533546	0.6742146537929414	799540	101042	800000	1	0.01	459	338	1	[376, 274, 207, 59, 134]	0.4924161612987518	0.09765449911355972
885	x481	377	0.00010989781820446116	0.00010989781820446116	0.38555719355686296	0.6998247435728779	0.6742146537929414	799540	101042	800000	1	0.01	459	339	1	[376, 274, 207, 59, 134]	0.4924161612987518	0.09765449911355972
886	x333	268	-0.00010948475104176122	0.00010948475104176122	-0.3837907057910212	0.7011336792889987	0.6742146537929414	799540	101042	800000	1	0.01	459	340	1	[376, 274, 207, 59, 134]	0.4924161612987518	0.09765449911355972
887	x65	59	-0.00010753752950580911	0.00010753752950580911	-0.37724077949265417	0.7059947776091082	0.6742146537929414	799540	101042	800000	1	0.01	459	341	1	[376, 274, 207, 59, 134]	0.4924161612987518	0.09765449911355972
888	x271	220	-0.00010529583478643377	0.00010529583478643377	-0.36926397072158335	0.7119310757595172	0.6742146537929414	799540	101042	800000	1	0.01	459	342	1	[376, 274, 207, 59, 134]	0.4924161612987518	0.09765449911355972
889	x474	371	-0.00010517846912894202	0.00010517846912894202	-0.3685303776540684	0.712477896013105	0.6742146537929414	799540	101042	800000	1	0.01	459	343	1	[376, 274, 207, 59, 134]	0.4924161612987518	0.09765449911355972
890	x59	53	-0.0001048045836808913	0.0001048045836808913	-0.36717782201340704	0.713486478372683	0.6742146537929414	799540	101042	800000	1	0.01	459	344	1	[376, 274, 207, 59, 134]	0.4924161612987518	0.09765449911355972
891	x58	52	0.00010176046015820284	0.00010176046015820284	0.35689392148569815	0.7211713145507518	0.6742146537929414	799540	101042	800000	1	0.01	459	345	1	[376, 274, 207, 59, 134]	0.4924161612987518	0.09765449911355972
892	x163	149	9.930273459112346e-05	9.930273459112346e-05	0.34821074466776936	0.7276820107364661	0.6742146537929414	799540	101042	800000	1	0.01	459	346	1	[376, 274, 207, 59, 134]	0.4924161612987518	0.09765449911355972
893	x45	41	9.866478583497264e-05	9.866478583497264e-05	0.3456003080828485	0.7296432053285331	0.6742146537929414	799540	101042	800000	1	0.01	459	347	1	[376, 274, 207, 59, 134]	0.4924161612987518	0.09765449911355972
894	x132	122	9.792967956371464e-05	9.792967956371464e-05	0.3432790217082286	0.7313886515363686	0.6742146537929414	799540	101042	800000	1	0.01	459	348	1	[376, 274, 207, 59, 134]	0.4924161612987518	0.09765449911355972
895	x77	69	-9.704461985590578e-05	9.704461985590578e-05	-0.33991902541500046	0.7339175979400502	0.6742146537929414	799540	101042	800000	1	0.01	459	349	1	[376, 274, 207, 59, 134]	0.4924161612987518	0.09765449911355972
896	x298	243	9.591372744786962e-05	9.591372744786962e-05	0.3361833736132926	0.7367326781662649	0.6742146537929414	799540	101042	800000	1	0.01	459	350	1	[376, 274, 207, 59, 134]	0.4924161612987518	0.09765449911355972
897	x422	330	-9.492374280273393e-05	9.492374280273393e-05	-0.33266759148640834	0.7393853029155752	0.6742146537929414	799540	101042	800000	1	0.01	459	351	1	[376, 274, 207, 59, 134]	0.4924161612987518	0.09765449911355972
898	x442	349	9.46989230093477e-05	9.46989230093477e-05	0.33195328882033637	0.7399246179668058	0.6742146537929414	799540	101042	800000	1	0.01	459	352	1	[376, 274, 207, 59, 134]	0.4924161612987518	0.09765449911355972
899	x491	386	9.400639578529875e-05	9.400639578529875e-05	0.3297494970374315	0.7415893367032753	0.6742146537929414	799540	101042	800000	1	0.01	459	353	1	[376, 274, 207, 59, 134]	0.4924161612987518	0.09765449911355972
900	x302	247	-9.171774196866502e-05	9.171774196866502e-05	-0.32190671336462173	0.7475234513120113	0.6742146537929414	799540	101042	800000	1	0.01	459	354	1	[376, 274, 207, 59, 134]	0.4924161612987518	0.09765449911355972
901	x445	352	9.021744746039916e-05	9.021744746039916e-05	0.31599880958377496	0.7520034941758298	0.6742146537929414	799540	101042	800000	1	0.01	459	355	1	[376, 274, 207, 59, 134]	0.4924161612987518	0.09765449911355972
902	x108	98	-8.962820938248515e-05	8.962820938248515e-05	-0.3139237963617541	0.7535789983452861	0.6742146537929414	799540	101042	800000	1	0.01	459	356	1	[376, 274, 207, 59, 134]	0.4924161612987518	0.09765449911355972
903	x324	265	8.876484406443672e-05	8.876484406443672e-05	0.31118488061872146	0.7556601574807172	0.6742146537929414	799540	101042	800000	1	0.01	459	357	1	[376, 274, 207, 59, 134]	0.4924161612987518	0.09765449911355972
904	x443	350	8.835129597468566e-05	8.835129597468566e-05	0.309667391251643	0.7568139833167769	0.6742146537929414	799540	101042	800000	1	0.01	459	358	1	[376, 274, 207, 59, 134]	0.4924161612987518	0.09765449911355972
905	x149	138	8.778142996626579e-05	8.778142996626579e-05	0.30753939544197634	0.7584329218083949	0.6742146537929414	799540	101042	800000	1	0.01	459	359	1	[376, 274, 207, 59, 134]	0.4924161612987518	0.09765449911355972
906	x549	417	-8.680003650980826e-05	8.680003650980826e-05	-0.3040332908821738	0.7611026075880263	0.6742146537929414	799540	101042	800000	1	0.01	459	360	1	[376, 274, 207, 59, 134]	0.4924161612987518	0.09765449911355972
907	x418	326	-8.651310531735444e-05	8.651310531735444e-05	-0.3031655820221477	0.761763755897455	0.6742146537929414	799540	101042	800000	1	0.01	459	361	1	[376, 274, 207, 59, 134]	0.4924161612987518	0.09765449911355972
908	x211	186	-8.572165325183129e-05	8.572165325183129e-05	-0.30040199642867854	0.7638706191432468	0.6742146537929414	799540	101042	800000	1	0.01	459	362	1	[376, 274, 207, 59, 134]	0.4924161612987518	0.09765449911355972
909	x430	337	-8.481294013846792e-05	8.481294013846792e-05	-0.29689081563671865	0.7665499453954145	0.6742146537929414	799540	101042	800000	1	0.01	459	363	1	[376, 274, 207, 59, 134]	0.4924161612987518	0.09765449911355972
910	x103	93	-8.375351763415358e-05	8.375351763415358e-05	-0.29352273617958496	0.7691226996480719	0.6742146537929414	799540	101042	800000	1	0.01	459	364	1	[376, 274, 207, 59, 134]	0.4924161612987518	0.09765449911355972
911	x155	143	-8.28761829205663e-05	8.28761829205663e-05	-0.2904327935864979	0.7714852340089859	0.6742146537929414	799540	101042	800000	1	0.01	459	365	1	[376, 274, 207, 59, 134]	0.4924161612987518	0.09765449911355972
912	x321	263	-8.261040569908423e-05	8.261040569908423e-05	-0.28949599320559044	0.772201920715746	0.6742146537929414	799540	101042	800000	1	0.01	459	366	1	[376, 274, 207, 59, 134]	0.4924161612987518	0.09765449911355972
913	x419	327	8.137921254933692e-05	8.137921254933692e-05	0.2851515948893759	0.7755280769531343	0.6742146537929414	799540	101042	800000	1	0.01	459	367	1	[376, 274, 207, 59, 134]	0.4924161612987518	0.09765449911355972
914	x51	46	8.104124247415422e-05	8.104124247415422e-05	0.2839770217105057	0.776428063593376	0.6742146537929414	799540	101042	800000	1	0.01	459	368	1	[376, 274, 207, 59, 134]	0.4924161612987518	0.09765449911355972
915	x74	67	8.077969589118641e-05	8.077969589118641e-05	0.28296679823223064	0.7772023616894147	0.6742146537929414	799540	101042	800000	1	0.01	459	369	1	[376, 274, 207, 59, 134]	0.4924161612987518	0.09765449911355972
916	x39	36	-8.063003939624932e-05	8.063003939624932e-05	-0.28231074849745963	0.7777053176100757	0.6742146537929414	799540	101042	800000	1	0.01	459	370	1	[376, 274, 207, 59, 134]	0.4924161612987518	0.09765449911355972
917	x145	134	8.000752126322176e-05	8.000752126322176e-05	0.28070989694347587	0.7789329898233216	0.6742146537929414	799540	101042	800000	1	0.01	459	371	1	[376, 274, 207, 59, 134]	0.4924161612987518	0.09765449911355972
918	x139	129	-7.79562766532051e-05	7.79562766532051e-05	-0.27325073936594224	0.7846605496588777	0.6742146537929414	799540	101042	800000	1	0.01	459	372	1	[376, 274, 207, 59, 134]	0.4924161612987518	0.09765449911355972
919	x448	355	7.570491596007055e-05	7.570491596007055e-05	0.2652478986259996	0.7908185665295459	0.6742146537929414	799540	101042	800000	1	0.01	459	373	1	[376, 274, 207, 59, 134]	0.4924161612987518	0.09765449911355972
920	x350	283	-7.492975424272127e-05	7.492975424272127e-05	-0.26241220048531677	0.793003735151325	0.6742146537929414	799540	101042	800000	1	0.01	459	374	1	[376, 274, 207, 59, 134]	0.4924161612987518	0.09765449911355972
921	x120	110	-7.41990381726698e-05	7.41990381726698e-05	-0.25997225700165205	0.7948852406410047	0.6742146537929414	799540	101042	800000	1	0.01	459	375	1	[376, 274, 207, 59, 134]	0.4924161612987518	0.09765449911355972
922	x349	282	7.373528590311879e-05	7.373528590311879e-05	0.2584883570556406	0.7960300999475609	0.6742146537929414	799540	101042	800000	1	0.01	459	376	1	[376, 274, 207, 59, 134]	0.4924161612987518	0.09765449911355972
923	x81	73	-7.12809388846435e-05	7.12809388846435e-05	-0.24968649750001826	0.8028298651186875	0.6742146537929414	799540	101042	800000	1	0.01	459	377	1	[376, 274, 207, 59, 134]	0.4924161612987518	0.09765449911355972
924	x147	136	7.01681419747594e-05	7.01681419747594e-05	0.24600554969862837	0.8056779996102634	0.6742146537929414	799540	101042	800000	1	0.01	459	378	1	[376, 274, 207, 59, 134]	0.4924161612987518	0.09765449911355972
925	x177	163	-6.93988352597109e-05	6.93988352597109e-05	-0.24308960514191108	0.8079360459928985	0.6742146537929414	799540	101042	800000	1	0.01	459	379	1	[376, 274, 207, 59, 134]	0.4924161612987518	0.09765449911355972
926	x301	246	-6.751243310081147e-05	6.751243310081147e-05	-0.23667474491854926	0.8129091896346329	0.6742146537929414	799540	101042	800000	1	0.01	459	380	1	[376, 274, 207, 59, 134]	0.4924161612987518	0.09765449911355972
927	x72	65	6.73124805882073e-05	6.73124805882073e-05	0.2357119689418928	0.8136562420626425	0.6742146537929414	799540	101042	800000	1	0.01	459	381	1	[376, 274, 207, 59, 134]	0.4924161612987518	0.09765449911355972
928	x279	227	6.695047241923305e-05	6.695047241923305e-05	0.23460146827127085	0.8145181299133233	0.6742146537929414	799540	101042	800000	1	0.01	459	382	1	[376, 274, 207, 59, 134]	0.4924161612987518	0.09765449911355972
929	x458	362	-6.537359159160892e-05	6.537359159160892e-05	-0.22923036410936892	0.8186899323131438	0.6742146537929414	799540	101042	800000	1	0.01	459	383	1	[376, 274, 207, 59, 134]	0.4924161612987518	0.09765449911355972
930	x223	197	6.426339515224332e-05	6.426339515224332e-05	0.22519610343686727	0.821826778165997	0.6742146537929414	799540	101042	800000	1	0.01	459	384	1	[376, 274, 207, 59, 134]	0.4924161612987518	0.09765449911355972
931	x88	79	-6.323486528166495e-05	6.323486528166495e-05	-0.22185066959763236	0.8244301901650113	0.6742146537929414	799540	101042	800000	1	0.01	459	385	1	[376, 274, 207, 59, 134]	0.4924161612987518	0.09765449911355972
932	x351	284	-6.319729973926047e-05	6.319729973926047e-05	-0.2216677868648365	0.8245725652286497	0.6742146537929414	799540	101042	800000	1	0.01	459	386	1	[376, 274, 207, 59, 134]	0.4924161612987518	0.09765449911355972
933	x339	274	-6.14723331048665e-05	6.14723331048665e-05	-0.21547937600188266	0.8293936449330779	0.6742146537929414	799540	101042	800000	1	0.01	459	387	1	[376, 274, 207, 59, 134]	0.4924161612987518	0.09765449911355972
934	x69	63	6.135268947502077e-05	6.135268947502077e-05	0.21506923558470303	0.8297133939507582	0.6742146537929414	799540	101042	800000	1	0.01	459	388	1	[376, 274, 207, 59, 134]	0.4924161612987518	0.09765449911355972
935	x137	127	-6.072472384720246e-05	6.072472384720246e-05	-0.2127561892503419	0.8315171914870799	0.6742146537929414	799540	101042	800000	1	0.01	459	389	1	[376, 274, 207, 59, 134]	0.4924161612987518	0.09765449911355972
936	x186	170	-6.041527757976907e-05	6.041527757976907e-05	-0.21165604382594183	0.8323754369922238	0.6742146537929414	799540	101042	800000	1	0.01	459	390	1	[376, 274, 207, 59, 134]	0.4924161612987518	0.09765449911355972
937	x393	313	-5.9922894387780105e-05	5.9922894387780105e-05	-0.21019054561932463	0.8335190118102076	0.6742146537929414	799540	101042	800000	1	0.01	459	391	1	[376, 274, 207, 59, 134]	0.4924161612987518	0.09765449911355972
938	x338	273	-5.914213431489102e-05	5.914213431489102e-05	-0.20744246919081774	0.8356643710724087	0.6742146537929414	799540	101042	800000	1	0.01	459	392	1	[376, 274, 207, 59, 134]	0.4924161612987518	0.09765449911355972
939	x410	319	-5.893250107350664e-05	5.893250107350664e-05	-0.20672687974113071	0.8362232164698483	0.6742146537929414	799540	101042	800000	1	0.01	459	393	1	[376, 274, 207, 59, 134]	0.4924161612987518	0.09765449911355972
940	x76	68	-5.67753964515317e-05	5.67753964515317e-05	-0.19903770416266092	0.8422333015567657	0.6742146537929414	799540	101042	800000	1	0.01	459	394	1	[376, 274, 207, 59, 134]	0.4924161612987518	0.09765449911355972
941	x581	449	-5.6714092938207585e-05	5.6714092938207585e-05	-0.19883553532841738	0.8423914483354542	0.6742146537929414	799540	101042	800000	1	0.01	459	395	1	[376, 274, 207, 59, 134]	0.4924161612987518	0.09765449911355972
942	x189	172	-5.383239039168365e-05	5.383239039168365e-05	-0.1888439616049839	0.850215163246763	0.6742146537929414	799540	101042	800000	1	0.01	459	396	1	[376, 274, 207, 59, 134]	0.4924161612987518	0.09765449911355972
943	x9	7	-5.2805836816510624e-05	5.2805836816510624e-05	-0.1848473070790436	0.8533488483710825	0.6742146537929414	799540	101042	800000	1	0.01	459	397	1	[376, 274, 207, 59, 134]	0.4924161612987518	0.09765449911355972
944	x254	214	-5.191178208247598e-05	5.191178208247598e-05	-0.18187108701432636	0.8556839413744819	0.6742146537929414	799540	101042	800000	1	0.01	459	398	1	[376, 274, 207, 59, 134]	0.4924161612987518	0.09765449911355972
945	x358	291	-5.189217507279075e-05	5.189217507279075e-05	-0.18179992295702843	0.8557397910723852	0.6742146537929414	799540	101042	800000	1	0.01	459	399	1	[376, 274, 207, 59, 134]	0.4924161612987518	0.09765449911355972
946	x105	95	5.037360336627404e-05	5.037360336627404e-05	0.17656396351967235	0.8598509469567546	0.6742146537929414	799540	101042	800000	1	0.01	459	400	1	[376, 274, 207, 59, 134]	0.4924161612987518	0.09765449911355972
947	x295	240	-4.9978610651748244e-05	4.9978610651748244e-05	-0.17503283668016417	0.8610538762296372	0.6742146537929414	799540	101042	800000	1	0.01	459	401	1	[376, 274, 207, 59, 134]	0.4924161612987518	0.09765449911355972
948	x109	99	4.759982156819824e-05	4.759982156819824e-05	0.16684402816099805	0.8674928169216819	0.6742146537929414	799540	101042	800000	1	0.01	459	402	1	[376, 274, 207, 59, 134]	0.4924161612987518	0.09765449911355972
949	x62	56	-4.6567585063816814e-05	4.6567585063816814e-05	-0.16319098852208924	0.8703681024593597	0.6742146537929414	799540	101042	800000	1	0.01	459	403	1	[376, 274, 207, 59, 134]	0.4924161612987518	0.09765449911355972
950	x453	357	4.5742558854075874e-05	4.5742558854075874e-05	0.1603512912148705	0.8726043975183757	0.6742146537929414	799540	101042	800000	1	0.01	459	404	1	[376, 274, 207, 59, 134]	0.4924161612987518	0.09765449911355972
951	x202	179	4.564338082853269e-05	4.564338082853269e-05	0.1600753782030523	0.8728217368344648	0.6742146537929414	799540	101042	800000	1	0.01	459	405	1	[376, 274, 207, 59, 134]	0.4924161612987518	0.09765449911355972
952	x256	216	-4.543127051750129e-05	4.543127051750129e-05	-0.15931166392488075	0.8734233718787124	0.6742146537929414	799540	101042	800000	1	0.01	459	406	1	[376, 274, 207, 59, 134]	0.4924161612987518	0.09765449911355972
953	x332	267	-4.412030156894609e-05	4.412030156894609e-05	-0.15469515055900218	0.8770616923124355	0.6742146537929414	799540	101042	800000	1	0.01	459	407	1	[376, 274, 207, 59, 134]	0.4924161612987518	0.09765449911355972
954	x115	105	4.290770530380277e-05	4.290770530380277e-05	0.15036670417558287	0.8804753467179505	0.6742146537929414	799540	101042	800000	1	0.01	459	408	1	[376, 274, 207, 59, 134]	0.4924161612987518	0.09765449911355972
955	x413	322	4.200972083556276e-05	4.200972083556276e-05	0.147189915670668	0.8829821571463972	0.6742146537929414	799540	101042	800000	1	0.01	459	409	1	[376, 274, 207, 59, 134]	0.4924161612987518	0.09765449911355972
956	x33	30	-4.142715522394205e-05	4.142715522394205e-05	-0.1452501105756915	0.8845134394991517	0.6742146537929414	799540	101042	800000	1	0.01	459	410	1	[376, 274, 207, 59, 134]	0.4924161612987518	0.09765449911355972
957	x342	277	-3.8891061794984715e-05	3.8891061794984715e-05	-0.13631672719372595	0.8915709352485439	0.6742146537929414	799540	101042	800000	1	0.01	459	411	1	[376, 274, 207, 59, 134]	0.4924161612987518	0.09765449911355972
958	x154	142	-3.630715997980733e-05	3.630715997980733e-05	-0.1273673921253023	0.8986496553585932	0.6742146537929414	799540	101042	800000	1	0.01	459	412	1	[376, 274, 207, 59, 134]	0.4924161612987518	0.09765449911355972
959	x563	431	-3.6337014514785425e-05	3.6337014514785425e-05	-0.12733526507435383	0.8986750820007485	0.6742146537929414	799540	101042	800000	1	0.01	459	413	1	[376, 274, 207, 59, 134]	0.4924161612987518	0.09765449911355972
960	x31	28	3.6030758827844946e-05	3.6030758827844946e-05	0.12636257012500207	0.899444961092962	0.6742146537929414	799540	101042	800000	1	0.01	459	414	1	[376, 274, 207, 59, 134]	0.4924161612987518	0.09765449911355972
961	x363	295	-3.466194603893269e-05	3.466194603893269e-05	-0.12158511749965693	0.9032276311049419	0.6742146537929414	799540	101042	800000	1	0.01	459	415	1	[376, 274, 207, 59, 134]	0.4924161612987518	0.09765449911355972
962	x25	22	3.282290655216675e-05	3.282290655216675e-05	0.11504996530094248	0.9084055472548411	0.6742146537929414	799540	101042	800000	1	0.01	459	416	1	[376, 274, 207, 59, 134]	0.4924161612987518	0.09765449911355972
963	x477	374	3.279750103354814e-05	3.279750103354814e-05	0.1149575965346819	0.9084787610810172	0.6742146537929414	799540	101042	800000	1	0.01	459	417	1	[376, 274, 207, 59, 134]	0.4924161612987518	0.09765449911355972
964	x136	126	-3.206752592113289e-05	3.206752592113289e-05	-0.11242065709975724	0.9104899053754254	0.6742146537929414	799540	101042	800000	1	0.01	459	418	1	[376, 274, 207, 59, 134]	0.4924161612987518	0.09765449911355972
965	x336	271	-3.1578563158304313e-05	3.1578563158304313e-05	-0.11058957703691484	0.9119418408616579	0.6742146537929414	799540	101042	800000	1	0.01	459	419	1	[376, 274, 207, 59, 134]	0.4924161612987518	0.09765449911355972
966	x582	450	-3.0932980810003135e-05	3.0932980810003135e-05	-0.10845017817978148	0.9136386265991354	0.6742146537929414	799540	101042	800000	1	0.01	459	420	1	[376, 274, 207, 59, 134]	0.4924161612987518	0.09765449911355972
967	x248	208	-2.9272684687216107e-05	2.9272684687216107e-05	-0.10260924418716541	0.918273131502665	0.6742146537929414	799540	101042	800000	1	0.01	459	421	1	[376, 274, 207, 59, 134]	0.4924161612987518	0.09765449911355972
968	x361	293	-2.900984494361923e-05	2.900984494361923e-05	-0.10171754390539867	0.9189809018585507	0.6742146537929414	799540	101042	800000	1	0.01	459	422	1	[376, 274, 207, 59, 134]	0.4924161612987518	0.09765449911355972
969	x122	112	-2.8963915000434694e-05	2.8963915000434694e-05	-0.10145368706897412	0.9191903456021926	0.6742146537929414	799540	101042	800000	1	0.01	459	423	1	[376, 274, 207, 59, 134]	0.4924161612987518	0.09765449911355972
970	x30	27	-2.7516951558141526e-05	2.7516951558141526e-05	-0.09646204736440775	0.9231536393130162	0.6742146537929414	799540	101042	800000	1	0.01	459	424	1	[376, 274, 207, 59, 134]	0.4924161612987518	0.09765449911355972
971	x134	124	-2.669979158479138e-05	2.669979158479138e-05	-0.09357328012795878	0.925448159276998	0.6742146537929414	799540	101042	800000	1	0.01	459	425	1	[376, 274, 207, 59, 134]	0.4924161612987518	0.09765449911355972
972	x278	226	2.52619431178344e-05	2.52619431178344e-05	0.08852999125737392	0.9294554705112956	0.6742146537929414	799540	101042	800000	1	0.01	459	426	1	[376, 274, 207, 59, 134]	0.4924161612987518	0.09765449911355972
973	x540	408	-2.4949636060089436e-05	2.4949636060089436e-05	-0.08742158953274179	0.9303364310012958	0.6742146537929414	799540	101042	800000	1	0.01	459	427	1	[376, 274, 207, 59, 134]	0.4924161612987518	0.09765449911355972
974	x239	203	-2.2324348747722946e-05	2.2324348747722946e-05	-0.0782351183892125	0.9376410467596352	0.6742146537929414	799540	101042	800000	1	0.01	459	428	1	[376, 274, 207, 59, 134]	0.4924161612987518	0.09765449911355972
975	x590	458	2.188363933795499e-05	2.188363933795499e-05	0.07672180682291312	0.9388448755303751	0.6742146537929414	799540	101042	800000	1	0.01	459	429	1	[376, 274, 207, 59, 134]	0.4924161612987518	0.09765449911355972
976	x90	81	-2.0884949889384054e-05	2.0884949889384054e-05	-0.07318355057320138	0.9416600743321639	0.6742146537929414	799540	101042	800000	1	0.01	459	430	1	[376, 274, 207, 59, 134]	0.4924161612987518	0.09765449911355972
977	x113	103	-1.9195994891109744e-05	1.9195994891109744e-05	-0.06727325550249239	0.9463641844820079	0.6742146537929414	799540	101042	800000	1	0.01	459	431	1	[376, 274, 207, 59, 134]	0.4924161612987518	0.09765449911355972
978	x130	120	-1.8658443670590338e-05	1.8658443670590338e-05	-0.06541061897361018	0.9478470858231016	0.6742146537929414	799540	101042	800000	1	0.01	459	432	1	[376, 274, 207, 59, 134]	0.4924161612987518	0.09765449911355972
979	x340	275	1.84336083289362e-05	1.84336083289362e-05	0.06460654818710629	0.9484872870573615	0.6742146537929414	799540	101042	800000	1	0.01	459	433	1	[376, 274, 207, 59, 134]	0.4924161612987518	0.09765449911355972
980	x290	237	1.802267563918178e-05	1.802267563918178e-05	0.06320256861459986	0.9496052152117427	0.6742146537929414	799540	101042	800000	1	0.01	459	434	1	[376, 274, 207, 59, 134]	0.4924161612987518	0.09765449911355972
981	x18	15	1.777796846824906e-05	1.777796846824906e-05	0.06234863538277259	0.9502852139357504	0.6742146537929414	799540	101042	800000	1	0.01	459	435	1	[376, 274, 207, 59, 134]	0.4924161612987518	0.09765449911355972
982	x305	250	1.71648052794913e-05	1.71648052794913e-05	0.06020345047062184	0.9519936126705113	0.6742146537929414	799540	101042	800000	1	0.01	459	436	1	[376, 274, 207, 59, 134]	0.4924161612987518	0.09765449911355972
983	x29	26	-1.6440058325404648e-05	1.6440058325404648e-05	-0.057598169718166246	0.95406872200127	0.6742146537929414	799540	101042	800000	1	0.01	459	437	1	[376, 274, 207, 59, 134]	0.4924161612987518	0.09765449911355972
984	x378	302	-1.6118748227668338e-05	1.6118748227668338e-05	-0.05648267482505039	0.9549573110905084	0.6742146537929414	799540	101042	800000	1	0.01	459	438	1	[376, 274, 207, 59, 134]	0.4924161612987518	0.09765449911355972
985	x498	392	1.4660672647049837e-05	1.4660672647049837e-05	0.05141925826324162	0.958991452041223	0.6742146537929414	799540	101042	800000	1	0.01	459	439	1	[376, 274, 207, 59, 134]	0.4924161612987518	0.09765449911355972
986	x553	421	1.4282523970081104e-05	1.4282523970081104e-05	0.050027616106857416	0.9601003938956307	0.6742146537929414	799540	101042	800000	1	0.01	459	440	1	[376, 274, 207, 59, 134]	0.4924161612987518	0.09765449911355972
987	x152	140	-1.3945118693374713e-05	1.3945118693374713e-05	-0.04894017759371948	0.9609669823425315	0.6742146537929414	799540	101042	800000	1	0.01	459	441	1	[376, 274, 207, 59, 134]	0.4924161612987518	0.09765449911355972
988	x318	260	1.2179868141875097e-05	1.2179868141875097e-05	0.04270706182747289	0.9659350608475845	0.6742146537929414	799540	101042	800000	1	0.01	459	442	1	[376, 274, 207, 59, 134]	0.4924161612987518	0.09765449911355972
989	x588	456	-1.191843573355227e-05	1.191843573355227e-05	-0.04177896594997082	0.9666749135424176	0.6742146537929414	799540	101042	800000	1	0.01	459	443	1	[376, 274, 207, 59, 134]	0.4924161612987518	0.09765449911355972
990	x412	321	-1.1686034403231669e-05	1.1686034403231669e-05	-0.04097761979159896	0.9673137479238632	0.6742146537929414	799540	101042	800000	1	0.01	459	444	1	[376, 274, 207, 59, 134]	0.4924161612987518	0.09765449911355972
991	x174	160	-1.078112399279055e-05	1.078112399279055e-05	-0.03776305241475928	0.9698766126764233	0.6742146537929414	799540	101042	800000	1	0.01	459	445	1	[376, 274, 207, 59, 134]	0.4924161612987518	0.09765449911355972
992	x171	157	-1.071682662647719e-05	1.071682662647719e-05	-0.037541955622372995	0.9700528973331829	0.6742146537929414	799540	101042	800000	1	0.01	459	446	1	[376, 274, 207, 59, 134]	0.4924161612987518	0.09765449911355972
993	x357	290	1.051230539713692e-05	1.051230539713692e-05	0.0368308582218253	0.9706198786258706	0.6742146537929414	799540	101042	800000	1	0.01	459	447	1	[376, 274, 207, 59, 134]	0.4924161612987518	0.09765449911355972
994	x369	300	9.97028688487347e-06	9.97028688487347e-06	0.03495808766834461	0.9721131703516064	0.6742146537929414	799540	101042	800000	1	0.01	459	448	1	[376, 274, 207, 59, 134]	0.4924161612987518	0.09765449911355972
995	x200	177	-9.94399224181381e-06	9.94399224181381e-06	-0.03481628761311273	0.9722262415595175	0.6742146537929414	799540	101042	800000	1	0.01	459	449	1	[376, 274, 207, 59, 134]	0.4924161612987518	0.09765449911355972
996	x213	188	8.5004361487046e-06	8.5004361487046e-06	0.0297859661423868	0.9762377586321922	0.6742146537929414	799540	101042	800000	1	0.01	459	450	1	[376, 274, 207, 59, 134]	0.4924161612987518	0.09765449911355972
997	x114	104	-7.989691540319238e-06	7.989691540319238e-06	-0.027995702090716945	0.9776655860267398	0.6742146537929414	799540	101042	800000	1	0.01	459	451	1	[376, 274, 207, 59, 134]	0.4924161612987518	0.09765449911355972
998	x131	121	-7.96679714224879e-06	7.96679714224879e-06	-0.027926045031437523	0.9777211425798811	0.6742146537929414	799540	101042	800000	1	0.01	459	452	1	[376, 274, 207, 59, 134]	0.4924161612987518	0.09765449911355972
999	x44	40	5.848904698078608e-06	5.848904698078608e-06	0.020482299307692693	0.983658637332603	0.6742146537929414	799540	101042	800000	1	0.01	459	453	1	[376, 274, 207, 59, 134]	0.4924161612987518	0.09765449911355972
1000	x428	335	5.732937184700951e-06	5.732937184700951e-06	0.020087001169498818	0.9839739746311026	0.6742146537929414	799540	101042	800000	1	0.01	459	454	1	[376, 274, 207, 59, 134]	0.4924161612987518	0.09765449911355972
1001	x111	101	-4.3865644350405385e-06	4.3865644350405385e-06	-0.015378390393868773	0.9877303071938248	0.6742146537929414	799540	101042	800000	1	0.01	459	455	1	[376, 274, 207, 59, 134]	0.4924161612987518	0.09765449911355972
1002	x100	90	-3.5502331293953176e-06	3.5502331293953176e-06	-0.012433378377684278	0.9900798580473472	0.6742146537929414	799540	101042	800000	1	0.01	459	456	1	[376, 274, 207, 59, 134]	0.4924161612987518	0.09765449911355972
1003	x79	71	-2.30747602752497e-06	2.30747602752497e-06	-0.008088098180241159	0.9935467037133013	0.6742146537929414	799540	101042	800000	1	0.01	459	457	1	[376, 274, 207, 59, 134]	0.4924161612987518	0.09765449911355972
1004	x446	353	1.2325630790358586e-06	1.2325630790358586e-06	0.004318638557299653	0.9965542367598311	0.6742146537929414	799540	101042	800000	1	0.01	459	458	1	[376, 274, 207, 59, 134]	0.4924161612987518	0.09765449911355972
1005	x411	320	7.724887843779119e-07	7.724887843779119e-07	0.0027044622193409815	0.9978421546550875	0.6742146537929414	799540	101042	800000	1	0.01	459	459	1	[376, 274, 207, 59, 134]	0.4924161612987518	0.09765449911355972
1006	x1	0	-0.1822704622405503	0.1822704622405503	-637.9669983274906	0.0	0.6743242587996658	799921	201042	800000	2	0.005	78	1	1	[376, 274, 207, 59, 134]	0.4924161612987518	0.09765449911355972
1007	x87	78	0.11166396076368341	0.11166396076368341	390.3039952135795	0.0	0.6743242587996658	799921	201042	800000	2	0.005	78	2	1	[376, 274, 207, 59, 134]	0.4924161612987518	0.09765449911355972
1008	x486	381	-0.10945824740529081	0.10945824740529081	-383.3576320513571	0.0	0.6743242587996658	799921	201042	800000	2	0.005	78	3	1	[376, 274, 207, 59, 134]	0.4924161612987518	0.09765449911355972
1009	x478	375	0.09200727155285215	0.09200727155285215	322.1439803388901	0.0	0.6743242587996658	799921	201042	800000	2	0.005	78	4	1	[376, 274, 207, 59, 134]	0.4924161612987518	0.09765449911355972
1010	x576	444	-0.0859967893923018	0.0859967893923018	-301.1321805209598	0.0	0.6743242587996658	799921	201042	800000	2	0.005	78	5	1	[376, 274, 207, 59, 134]	0.4924161612987518	0.09765449911355972
1011	x585	453	0.08016733448888247	0.08016733448888247	280.6057602779206	0.0	0.6743242587996658	799921	201042	800000	2	0.005	78	6	1	[376, 274, 207, 59, 134]	0.4924161612987518	0.09765449911355972
1012	x127	117	0.07794176687469738	0.07794176687469738	272.6673238659008	0.0	0.6743242587996658	799921	201042	800000	2	0.005	78	7	1	[376, 274, 207, 59, 134]	0.4924161612987518	0.09765449911355972
1013	x118	108	-0.07258739385915579	0.07258739385915579	-254.19833644533466	0.0	0.6743242587996658	799921	201042	800000	2	0.005	78	8	1	[376, 274, 207, 59, 134]	0.4924161612987518	0.09765449911355972
1014	x542	410	0.0671414273333647	0.0671414273333647	235.06382122167145	0.0	0.6743242587996658	799921	201042	800000	2	0.005	78	9	1	[376, 274, 207, 59, 134]	0.4924161612987518	0.09765449911355972
1015	x280	228	-0.066804954325798	0.066804954325798	-233.84120408279847	0.0	0.6743242587996658	799921	201042	800000	2	0.005	78	10	1	[376, 274, 207, 59, 134]	0.4924161612987518	0.09765449911355972
1016	x7	5	-0.05419915852585503	0.05419915852585503	-189.6800538697254	0.0	0.6743242587996658	799921	201042	800000	2	0.005	78	11	1	[376, 274, 207, 59, 134]	0.4924161612987518	0.09765449911355972
1017	x56	50	0.05213882922228929	0.05213882922228929	182.4838555839019	0.0	0.6743242587996658	799921	201042	800000	2	0.005	78	12	1	[376, 274, 207, 59, 134]	0.4924161612987518	0.09765449911355972
1018	x552	420	0.0488136334016563	0.0488136334016563	170.96151564511038	0.0	0.6743242587996658	799921	201042	800000	2	0.005	78	13	1	[376, 274, 207, 59, 134]	0.4924161612987518	0.09765449911355972
1019	x116	106	-0.04778915443886732	0.04778915443886732	-167.2825432512733	0.0	0.6743242587996658	799921	201042	800000	2	0.005	78	14	1	[376, 274, 207, 59, 134]	0.4924161612987518	0.09765449911355972
1020	x524	403	-0.04370512034083715	0.04370512034083715	-153.05797892948576	0.0	0.6743242587996658	799921	201042	800000	2	0.005	78	15	1	[376, 274, 207, 59, 134]	0.4924161612987518	0.09765449911355972
1021	x291	238	0.04031275851831505	0.04031275851831505	141.16712282810153	0.0	0.6743242587996658	799921	201042	800000	2	0.005	78	16	1	[376, 274, 207, 59, 134]	0.4924161612987518	0.09765449911355972
1022	x55	49	-0.04022155935227887	0.04022155935227887	-140.68205577060996	0.0	0.6743242587996658	799921	201042	800000	2	0.005	78	17	1	[376, 274, 207, 59, 134]	0.4924161612987518	0.09765449911355972
1023	x138	128	0.038145743983601446	0.038145743983601446	133.46364991157117	0.0	0.6743242587996658	799921	201042	800000	2	0.005	78	18	1	[376, 274, 207, 59, 134]	0.4924161612987518	0.09765449911355972
1024	x276	225	-0.03543226170619077	0.03543226170619077	-123.93328136351904	0.0	0.6743242587996658	799921	201042	800000	2	0.005	78	19	1	[376, 274, 207, 59, 134]	0.4924161612987518	0.09765449911355972
1025	x5	4	0.03160434500473077	0.03160434500473077	110.66766738516984	0.0	0.6743242587996658	799921	201042	800000	2	0.005	78	20	1	[376, 274, 207, 59, 134]	0.4924161612987518	0.09765449911355972
1026	x54	48	-0.02965559625484792	0.02965559625484792	-103.88320425041633	0.0	0.6743242587996658	799921	201042	800000	2	0.005	78	21	1	[376, 274, 207, 59, 134]	0.4924161612987518	0.09765449911355972
1027	x172	158	0.02855428984598452	0.02855428984598452	99.96201044368411	0.0	0.6743242587996658	799921	201042	800000	2	0.005	78	22	1	[376, 274, 207, 59, 134]	0.4924161612987518	0.09765449911355972
1028	x21	18	0.027407481109612733	0.027407481109612733	95.9310694188041	0.0	0.6743242587996658	799921	201042	800000	2	0.005	78	23	1	[376, 274, 207, 59, 134]	0.4924161612987518	0.09765449911355972
1029	x572	440	0.025457767683709186	0.025457767683709186	89.12119313638655	0.0	0.6743242587996658	799921	201042	800000	2	0.005	78	24	1	[376, 274, 207, 59, 134]	0.4924161612987518	0.09765449911355972
1030	x91	82	-0.025355198320792284	0.025355198320792284	-88.79177170296039	0.0	0.6743242587996658	799921	201042	800000	2	0.005	78	25	1	[376, 274, 207, 59, 134]	0.4924161612987518	0.09765449911355972
1031	x176	162	0.02457382097244966	0.02457382097244966	85.97618771381437	0.0	0.6743242587996658	799921	201042	800000	2	0.005	78	26	1	[376, 274, 207, 59, 134]	0.4924161612987518	0.09765449911355972
1032	x406	315	0.02424709987311968	0.02424709987311968	84.86505884269285	0.0	0.6743242587996658	799921	201042	800000	2	0.005	78	27	1	[376, 274, 207, 59, 134]	0.4924161612987518	0.09765449911355972
1033	x317	259	-0.024167093615337466	0.024167093615337466	-84.60144017829131	0.0	0.6743242587996658	799921	201042	800000	2	0.005	78	28	1	[376, 274, 207, 59, 134]	0.4924161612987518	0.09765449911355972
1034	x571	439	-0.023429830847380814	0.023429830847380814	-82.0340071201544	0.0	0.6743242587996658	799921	201042	800000	2	0.005	78	29	1	[376, 274, 207, 59, 134]	0.4924161612987518	0.09765449911355972
1035	x160	146	0.02337549356727918	0.02337549356727918	81.81592235256764	0.0	0.6743242587996658	799921	201042	800000	2	0.005	78	30	1	[376, 274, 207, 59, 134]	0.4924161612987518	0.09765449911355972
1036	x141	131	-0.022893397151341463	0.022893397151341463	-80.09880696889334	0.0	0.6743242587996658	799921	201042	800000	2	0.005	78	31	1	[376, 274, 207, 59, 134]	0.4924161612987518	0.09765449911355972
1037	x377	301	-0.02240668110545943	0.02240668110545943	-78.39650948383331	0.0	0.6743242587996658	799921	201042	800000	2	0.005	78	32	1	[376, 274, 207, 59, 134]	0.4924161612987518	0.09765449911355972
1038	x407	316	-0.02219410644948938	0.02219410644948938	-77.63367329524327	0.0	0.6743242587996658	799921	201042	800000	2	0.005	78	33	1	[376, 274, 207, 59, 134]	0.4924161612987518	0.09765449911355972
1039	x85	77	-0.02112687541938906	0.02112687541938906	-73.92732817170412	0.0	0.6743242587996658	799921	201042	800000	2	0.005	78	34	1	[376, 274, 207, 59, 134]	0.4924161612987518	0.09765449911355972
1040	x573	441	0.019706684296075784	0.019706684296075784	68.98457525893224	0.0	0.6743242587996658	799921	201042	800000	2	0.005	78	35	1	[376, 274, 207, 59, 134]	0.4924161612987518	0.09765449911355972
1041	x488	383	0.01955804144068867	0.01955804144068867	68.46691157101309	0.0	0.6743242587996658	799921	201042	800000	2	0.005	78	36	1	[376, 274, 207, 59, 134]	0.4924161612987518	0.09765449911355972
1042	x558	426	0.01914637365031355	0.01914637365031355	67.04883188982191	0.0	0.6743242587996658	799921	201042	800000	2	0.005	78	37	1	[376, 274, 207, 59, 134]	0.4924161612987518	0.09765449911355972
1043	x578	446	-0.018979250261558785	0.018979250261558785	-66.39094530521473	0.0	0.6743242587996658	799921	201042	800000	2	0.005	78	38	1	[376, 274, 207, 59, 134]	0.4924161612987518	0.09765449911355972
1044	x432	339	0.018816871591489977	0.018816871591489977	65.83383671710104	0.0	0.6743242587996658	799921	201042	800000	2	0.005	78	39	1	[376, 274, 207, 59, 134]	0.4924161612987518	0.09765449911355972
1045	x454	358	-0.0184380075571584	0.0184380075571584	-64.5397700862156	0.0	0.6743242587996658	799921	201042	800000	2	0.005	78	40	1	[376, 274, 207, 59, 134]	0.4924161612987518	0.09765449911355972
1046	x497	391	-0.01823712398853331	0.01823712398853331	-63.85652459511789	0.0	0.6743242587996658	799921	201042	800000	2	0.005	78	41	1	[376, 274, 207, 59, 134]	0.4924161612987518	0.09765449911355972
1047	x3	2	-0.018195805431543723	0.018195805431543723	-63.63019913239751	0.0	0.6743242587996658	799921	201042	800000	2	0.005	78	42	1	[376, 274, 207, 59, 134]	0.4924161612987518	0.09765449911355972
1048	x20	17	0.017976681351699747	0.017976681351699747	62.92765377080695	0.0	0.6743242587996658	799921	201042	800000	2	0.005	78	43	1	[376, 274, 207, 59, 134]	0.4924161612987518	0.09765449911355972
1049	x188	171	0.016850075653913426	0.016850075653913426	58.966690352425914	0.0	0.6743242587996658	799921	201042	800000	2	0.005	78	44	1	[376, 274, 207, 59, 134]	0.4924161612987518	0.09765449911355972
1050	x559	427	0.015857325061440358	0.015857325061440358	55.57518101879178	0.0	0.6743242587996658	799921	201042	800000	2	0.005	78	45	1	[376, 274, 207, 59, 134]	0.4924161612987518	0.09765449911355972
1051	x426	333	0.01442212908935098	0.01442212908935098	50.47114806439492	0.0	0.6743242587996658	799921	201042	800000	2	0.005	78	46	1	[376, 274, 207, 59, 134]	0.4924161612987518	0.09765449911355972
1052	x387	307	-0.014265731455410074	0.014265731455410074	-49.952993739752166	0.0	0.6743242587996658	799921	201042	800000	2	0.005	78	47	1	[376, 274, 207, 59, 134]	0.4924161612987518	0.09765449911355972
1053	x268	217	0.01379218403663915	0.01379218403663915	48.24058189310696	0.0	0.6743242587996658	799921	201042	800000	2	0.005	78	48	1	[376, 274, 207, 59, 134]	0.4924161612987518	0.09765449911355972
1054	x519	399	-0.0136282952985945	0.0136282952985945	-47.713569060746835	0.0	0.6743242587996658	799921	201042	800000	2	0.005	78	49	1	[376, 274, 207, 59, 134]	0.4924161612987518	0.09765449911355972
1055	x575	443	0.012870058619119353	0.012870058619119353	45.045848860956646	0.0	0.6743242587996658	799921	201042	800000	2	0.005	78	50	1	[376, 274, 207, 59, 134]	0.4924161612987518	0.09765449911355972
1056	x92	83	0.012598310969843504	0.012598310969843504	44.096445561778744	0.0	0.6743242587996658	799921	201042	800000	2	0.005	78	51	1	[376, 274, 207, 59, 134]	0.4924161612987518	0.09765449911355972
1057	x457	361	-0.012297335179521855	0.012297335179521855	-43.05054231299932	0.0	0.6743242587996658	799921	201042	800000	2	0.005	78	52	1	[376, 274, 207, 59, 134]	0.4924161612987518	0.09765449911355972
1058	x554	422	0.012175592507956032	0.012175592507956032	42.630691544614315	0.0	0.6743242587996658	799921	201042	800000	2	0.005	78	53	1	[376, 274, 207, 59, 134]	0.4924161612987518	0.09765449911355972
1059	x438	345	0.011910224946795027	0.011910224946795027	41.7168661462501	0.0	0.6743242587996658	799921	201042	800000	2	0.005	78	54	1	[376, 274, 207, 59, 134]	0.4924161612987518	0.09765449911355972
1060	x42	39	0.011877884831341744	0.011877884831341744	41.56915512656205	0.0	0.6743242587996658	799921	201042	800000	2	0.005	78	55	1	[376, 274, 207, 59, 134]	0.4924161612987518	0.09765449911355972
1061	x307	252	0.011873499718731036	0.011873499718731036	41.57682271050656	0.0	0.6743242587996658	799921	201042	800000	2	0.005	78	56	1	[376, 274, 207, 59, 134]	0.4924161612987518	0.09765449911355972
1062	x447	354	0.011839408179590089	0.011839408179590089	41.44486074536728	0.0	0.6743242587996658	799921	201042	800000	2	0.005	78	57	1	[376, 274, 207, 59, 134]	0.4924161612987518	0.09765449911355972
1063	x517	397	0.011726294780961764	0.011726294780961764	41.04408338773967	0.0	0.6743242587996658	799921	201042	800000	2	0.005	78	58	1	[376, 274, 207, 59, 134]	0.4924161612987518	0.09765449911355972
1064	x345	279	-0.011419754948289368	0.011419754948289368	-39.97458971619178	0.0	0.6743242587996658	799921	201042	800000	2	0.005	78	59	1	[376, 274, 207, 59, 134]	0.4924161612987518	0.09765449911355972
1065	x214	189	-0.010896293767426934	0.010896293767426934	-38.1629310504089	0.0	0.6743242587996658	799921	201042	800000	2	0.005	78	60	1	[376, 274, 207, 59, 134]	0.4924161612987518	0.09765449911355972
1066	x82	74	-0.01044759377827206	0.01044759377827206	-36.55640886936864	2.4652570734253367e-292	0.6743242587996658	799921	201042	800000	2	0.005	78	61	1	[376, 274, 207, 59, 134]	0.4924161612987518	0.09765449911355972
1067	x181	165	-0.009926887605935063	0.009926887605935063	-34.77098567971853	1.0549291292346055e-264	0.6743242587996658	799921	201042	800000	2	0.005	78	62	1	[376, 274, 207, 59, 134]	0.4924161612987518	0.09765449911355972
1068	x17	14	-0.009480545884543758	0.009480545884543758	-33.18205967506798	2.8547449813756976e-241	0.6743242587996658	799921	201042	800000	2	0.005	78	63	1	[376, 274, 207, 59, 134]	0.4924161612987518	0.09765449911355972
1069	x472	369	-0.008362204920435684	0.008362204920435684	-29.27018587930211	3.127875924067115e-188	0.6743242587996658	799921	201042	800000	2	0.005	78	64	1	[376, 274, 207, 59, 134]	0.4924161612987518	0.09765449911355972
1070	x440	347	0.008361067414590764	0.008361067414590764	29.256204449543702	4.709275609963885e-188	0.6743242587996658	799921	201042	800000	2	0.005	78	65	1	[376, 274, 207, 59, 134]	0.4924161612987518	0.09765449911355972
1071	x289	236	0.007948856290104715	0.007948856290104715	27.818848802981606	3.0957696077995633e-170	0.6743242587996658	799921	201042	800000	2	0.005	78	66	1	[376, 274, 207, 59, 134]	0.4924161612987518	0.09765449911355972
1072	x34	31	0.007445696071380703	0.007445696071380703	26.073451173568696	8.431239919002493e-150	0.6743242587996658	799921	201042	800000	2	0.005	78	67	1	[376, 274, 207, 59, 134]	0.4924161612987518	0.09765449911355972
1073	x391	311	-0.00745297491048026	0.00745297491048026	-26.07322180223855	8.481845085176914e-150	0.6743242587996658	799921	201042	800000	2	0.005	78	68	1	[376, 274, 207, 59, 134]	0.4924161612987518	0.09765449911355972
1074	x564	432	-0.0073767311820951125	0.0073767311820951125	-25.820212480347383	6.044372829570428e-147	0.6743242587996658	799921	201042	800000	2	0.005	78	69	1	[376, 274, 207, 59, 134]	0.4924161612987518	0.09765449911355972
1075	x337	272	0.006030696718784311	0.006030696718784311	21.10943560227432	6.933457989548074e-99	0.6743242587996658	799921	201042	800000	2	0.005	78	70	1	[376, 274, 207, 59, 134]	0.4924161612987518	0.09765449911355972
1076	x292	239	-0.004943461881502408	0.004943461881502408	-17.307663116434792	4.235802092983634e-67	0.6743242587996658	799921	201042	800000	2	0.005	78	71	1	[376, 274, 207, 59, 134]	0.4924161612987518	0.09765449911355972
1077	x587	455	0.004577978943106115	0.004577978943106115	16.025699788284754	8.63079574427683e-58	0.6743242587996658	799921	201042	800000	2	0.005	78	72	1	[376, 274, 207, 59, 134]	0.4924161612987518	0.09765449911355972
1078	x579	447	-0.00442504742937985	0.00442504742937985	-15.49555726787336	3.785376503816059e-54	0.6743242587996658	799921	201042	800000	2	0.005	78	73	1	[376, 274, 207, 59, 134]	0.4924161612987518	0.09765449911355972
1079	x40	37	0.004160909270473432	0.004160909270473432	14.570985558517648	4.3579983224912556e-48	0.6743242587996658	799921	201042	800000	2	0.005	78	74	1	[376, 274, 207, 59, 134]	0.4924161612987518	0.09765449911355972
1080	x551	419	-0.004128609116527321	0.004128609116527321	-14.44207211886592	2.8514402448489123e-47	0.6743242587996658	799921	201042	800000	2	0.005	78	75	1	[376, 274, 207, 59, 134]	0.4924161612987518	0.09765449911355972
1081	x28	25	-0.00030285054229655495	0.00030285054229655495	-1.0601374077122894	0.2890824118105765	0.6743242587996658	799921	201042	800000	2	0.005	78	76	1	[376, 274, 207, 59, 134]	0.4924161612987518	0.09765449911355972
1082	x436	343	0.00014229296612513218	0.00014229296612513218	0.4981440393081852	0.6183826590162794	0.6743242587996658	799921	201042	800000	2	0.005	78	77	1	[376, 274, 207, 59, 134]	0.4924161612987518	0.09765449911355972
1083	x556	424	7.741212018357266e-06	7.741212018357266e-06	0.027092844447891732	0.9783856887291993	0.6743242587996658	799921	201042	800000	2	0.005	78	78	1	[376, 274, 207, 59, 134]	0.4924161612987518	0.09765449911355972
1084	x1	0	-0.18273844184318838	0.18273844184318838	-639.5725082676473	0.0	0.674935903035468	799924	301042	800000	3	0.001	75	1	1	[376, 274, 207, 59, 134]	0.4924161612987518	0.09765449911355972
1085	x87	78	0.11187423283198437	0.11187423283198437	391.7521630642928	0.0	0.674935903035468	799924	301042	800000	3	0.001	75	2	1	[376, 274, 207, 59, 134]	0.4924161612987518	0.09765449911355972
1086	x486	381	-0.10980089394535485	0.10980089394535485	-384.9017106885411	0.0	0.674935903035468	799924	301042	800000	3	0.001	75	3	1	[376, 274, 207, 59, 134]	0.4924161612987518	0.09765449911355972
1087	x478	375	0.0921820499217621	0.0921820499217621	322.9439847269397	0.0	0.674935903035468	799924	301042	800000	3	0.001	75	4	1	[376, 274, 207, 59, 134]	0.4924161612987518	0.09765449911355972
1088	x576	444	-0.08606507643844778	0.08606507643844778	-301.36709690698154	0.0	0.674935903035468	799924	301042	800000	3	0.001	75	5	1	[376, 274, 207, 59, 134]	0.4924161612987518	0.09765449911355972
1089	x585	453	0.08025435630595977	0.08025435630595977	281.0547742799641	0.0	0.674935903035468	799924	301042	800000	3	0.001	75	6	1	[376, 274, 207, 59, 134]	0.4924161612987518	0.09765449911355972
1090	x127	117	0.07755803056329094	0.07755803056329094	271.7200074758657	0.0	0.674935903035468	799924	301042	800000	3	0.001	75	7	1	[376, 274, 207, 59, 134]	0.4924161612987518	0.09765449911355972
1091	x118	108	-0.0727399428985601	0.0727399428985601	-254.71860210941236	0.0	0.674935903035468	799924	301042	800000	3	0.001	75	8	1	[376, 274, 207, 59, 134]	0.4924161612987518	0.09765449911355972
1092	x542	410	0.06781014829226416	0.06781014829226416	237.44843889950076	0.0	0.674935903035468	799924	301042	800000	3	0.001	75	9	1	[376, 274, 207, 59, 134]	0.4924161612987518	0.09765449911355972
1093	x280	228	-0.0662982028857161	0.0662982028857161	-232.15852517923088	0.0	0.674935903035468	799924	301042	800000	3	0.001	75	10	1	[376, 274, 207, 59, 134]	0.4924161612987518	0.09765449911355972
1094	x7	5	-0.053992252246488334	0.053992252246488334	-189.01301316006985	0.0	0.674935903035468	799924	301042	800000	3	0.001	75	11	1	[376, 274, 207, 59, 134]	0.4924161612987518	0.09765449911355972
1095	x56	50	0.05153819051687116	0.05153819051687116	180.50804439888498	0.0	0.674935903035468	799924	301042	800000	3	0.001	75	12	1	[376, 274, 207, 59, 134]	0.4924161612987518	0.09765449911355972
1096	x552	420	0.04927871824948113	0.04927871824948113	172.5192168018501	0.0	0.674935903035468	799924	301042	800000	3	0.001	75	13	1	[376, 274, 207, 59, 134]	0.4924161612987518	0.09765449911355972
1097	x116	106	-0.04843789412179142	0.04843789412179142	-169.67757060110577	0.0	0.674935903035468	799924	301042	800000	3	0.001	75	14	1	[376, 274, 207, 59, 134]	0.4924161612987518	0.09765449911355972
1098	x524	403	-0.044284021404169045	0.044284021404169045	-155.05592885098264	0.0	0.674935903035468	799924	301042	800000	3	0.001	75	15	1	[376, 274, 207, 59, 134]	0.4924161612987518	0.09765449911355972
1099	x291	238	0.04045109007699314	0.04045109007699314	141.68572627097174	0.0	0.674935903035468	799924	301042	800000	3	0.001	75	16	1	[376, 274, 207, 59, 134]	0.4924161612987518	0.09765449911355972
1100	x55	49	-0.040379133628047084	0.040379133628047084	-141.40256690500425	0.0	0.674935903035468	799924	301042	800000	3	0.001	75	17	1	[376, 274, 207, 59, 134]	0.4924161612987518	0.09765449911355972
1101	x138	128	0.03817823124729868	0.03817823124729868	133.66583253897377	0.0	0.674935903035468	799924	301042	800000	3	0.001	75	18	1	[376, 274, 207, 59, 134]	0.4924161612987518	0.09765449911355972
1102	x276	225	-0.035642499401247085	0.035642499401247085	-124.8619846475356	0.0	0.674935903035468	799924	301042	800000	3	0.001	75	19	1	[376, 274, 207, 59, 134]	0.4924161612987518	0.09765449911355972
1103	x5	4	0.03167240729859193	0.03167240729859193	110.85455653186226	0.0	0.674935903035468	799924	301042	800000	3	0.001	75	20	1	[376, 274, 207, 59, 134]	0.4924161612987518	0.09765449911355972
1104	x54	48	-0.029826290152538543	0.029826290152538543	-104.49719723908979	0.0	0.674935903035468	799924	301042	800000	3	0.001	75	21	1	[376, 274, 207, 59, 134]	0.4924161612987518	0.09765449911355972
1105	x172	158	0.028772471531950124	0.028772471531950124	100.72394621679716	0.0	0.674935903035468	799924	301042	800000	3	0.001	75	22	1	[376, 274, 207, 59, 134]	0.4924161612987518	0.09765449911355972
1106	x21	18	0.028123816742418987	0.028123816742418987	98.47036752165707	0.0	0.674935903035468	799924	301042	800000	3	0.001	75	23	1	[376, 274, 207, 59, 134]	0.4924161612987518	0.09765449911355972
1107	x572	440	0.02575449525402755	0.02575449525402755	90.22118755941436	0.0	0.674935903035468	799924	301042	800000	3	0.001	75	24	1	[376, 274, 207, 59, 134]	0.4924161612987518	0.09765449911355972
1108	x91	82	-0.025487581088379584	0.025487581088379584	-89.24249061905512	0.0	0.674935903035468	799924	301042	800000	3	0.001	75	25	1	[376, 274, 207, 59, 134]	0.4924161612987518	0.09765449911355972
1109	x176	162	0.024609426049926088	0.024609426049926088	86.15513318252823	0.0	0.674935903035468	799924	301042	800000	3	0.001	75	26	1	[376, 274, 207, 59, 134]	0.4924161612987518	0.09765449911355972
1110	x571	439	-0.024356037334423944	0.024356037334423944	-85.3081489012126	0.0	0.674935903035468	799924	301042	800000	3	0.001	75	27	1	[376, 274, 207, 59, 134]	0.4924161612987518	0.09765449911355972
1111	x406	315	0.024234149062379327	0.024234149062379327	84.79893746366244	0.0	0.674935903035468	799924	301042	800000	3	0.001	75	28	1	[376, 274, 207, 59, 134]	0.4924161612987518	0.09765449911355972
1112	x317	259	-0.023732588692531403	0.023732588692531403	-83.12355524777007	0.0	0.674935903035468	799924	301042	800000	3	0.001	75	29	1	[376, 274, 207, 59, 134]	0.4924161612987518	0.09765449911355972
1113	x141	131	-0.023093895092215863	0.023093895092215863	-80.8522927568251	0.0	0.674935903035468	799924	301042	800000	3	0.001	75	30	1	[376, 274, 207, 59, 134]	0.4924161612987518	0.09765449911355972
1114	x160	146	0.022907295649668872	0.022907295649668872	80.16372671053952	0.0	0.674935903035468	799924	301042	800000	3	0.001	75	31	1	[376, 274, 207, 59, 134]	0.4924161612987518	0.09765449911355972
1115	x377	301	-0.022075591158684852	0.022075591158684852	-77.28493464277325	0.0	0.674935903035468	799924	301042	800000	3	0.001	75	32	1	[376, 274, 207, 59, 134]	0.4924161612987518	0.09765449911355972
1116	x407	316	-0.022063800098790883	0.022063800098790883	-77.29613370278463	0.0	0.674935903035468	799924	301042	800000	3	0.001	75	33	1	[376, 274, 207, 59, 134]	0.4924161612987518	0.09765449911355972
1117	x85	77	-0.02108471928826075	0.02108471928826075	-73.8544421795178	0.0	0.674935903035468	799924	301042	800000	3	0.001	75	34	1	[376, 274, 207, 59, 134]	0.4924161612987518	0.09765449911355972
1118	x488	383	0.019864637157238782	0.019864637157238782	69.61430546299293	0.0	0.674935903035468	799924	301042	800000	3	0.001	75	35	1	[376, 274, 207, 59, 134]	0.4924161612987518	0.09765449911355972
1119	x573	441	0.01937774640568436	0.01937774640568436	67.83254073790184	0.0	0.674935903035468	799924	301042	800000	3	0.001	75	36	1	[376, 274, 207, 59, 134]	0.4924161612987518	0.09765449911355972
1120	x432	339	0.0190007806127638	0.0190007806127638	66.51146372553207	0.0	0.674935903035468	799924	301042	800000	3	0.001	75	37	1	[376, 274, 207, 59, 134]	0.4924161612987518	0.09765449911355972
1121	x558	426	0.01880781244998572	0.01880781244998572	65.84909315658207	0.0	0.674935903035468	799924	301042	800000	3	0.001	75	38	1	[376, 274, 207, 59, 134]	0.4924161612987518	0.09765449911355972
1122	x578	446	-0.01861383311622777	0.01861383311622777	-65.18390742174827	0.0	0.674935903035468	799924	301042	800000	3	0.001	75	39	1	[376, 274, 207, 59, 134]	0.4924161612987518	0.09765449911355972
1123	x20	17	0.018400173349160866	0.018400173349160866	64.45495851514225	0.0	0.674935903035468	799924	301042	800000	3	0.001	75	40	1	[376, 274, 207, 59, 134]	0.4924161612987518	0.09765449911355972
1124	x454	358	-0.01796469152136336	0.01796469152136336	-62.938838010071805	0.0	0.674935903035468	799924	301042	800000	3	0.001	75	41	1	[376, 274, 207, 59, 134]	0.4924161612987518	0.09765449911355972
1125	x3	2	-0.017749758955810227	0.017749758955810227	-62.14483629109297	0.0	0.674935903035468	799924	301042	800000	3	0.001	75	42	1	[376, 274, 207, 59, 134]	0.4924161612987518	0.09765449911355972
1126	x497	391	-0.017645187301426623	0.017645187301426623	-61.830557244524385	0.0	0.674935903035468	799924	301042	800000	3	0.001	75	43	1	[376, 274, 207, 59, 134]	0.4924161612987518	0.09765449911355972
1127	x188	171	0.017470837616652694	0.017470837616652694	61.18490562669288	0.0	0.674935903035468	799924	301042	800000	3	0.001	75	44	1	[376, 274, 207, 59, 134]	0.4924161612987518	0.09765449911355972
1128	x559	427	0.015773846260898228	0.015773846260898228	55.21163531224286	0.0	0.674935903035468	799924	301042	800000	3	0.001	75	45	1	[376, 274, 207, 59, 134]	0.4924161612987518	0.09765449911355972
1129	x426	333	0.014391889654871285	0.014391889654871285	50.40626937280905	0.0	0.674935903035468	799924	301042	800000	3	0.001	75	46	1	[376, 274, 207, 59, 134]	0.4924161612987518	0.09765449911355972
1130	x387	307	-0.01436061338855899	0.01436061338855899	-50.25545840377668	0.0	0.674935903035468	799924	301042	800000	3	0.001	75	47	1	[376, 274, 207, 59, 134]	0.4924161612987518	0.09765449911355972
1131	x268	217	0.0136450287655376	0.0136450287655376	47.78092606505103	0.0	0.674935903035468	799924	301042	800000	3	0.001	75	48	1	[376, 274, 207, 59, 134]	0.4924161612987518	0.09765449911355972
1132	x575	443	0.012987474765329654	0.012987474765329654	45.465357003647846	0.0	0.674935903035468	799924	301042	800000	3	0.001	75	49	1	[376, 274, 207, 59, 134]	0.4924161612987518	0.09765449911355972
1133	x519	399	-0.012958450622231926	0.012958450622231926	-45.352658249854564	0.0	0.674935903035468	799924	301042	800000	3	0.001	75	50	1	[376, 274, 207, 59, 134]	0.4924161612987518	0.09765449911355972
1134	x92	83	0.012545230707545457	0.012545230707545457	43.94481529045406	0.0	0.674935903035468	799924	301042	800000	3	0.001	75	51	1	[376, 274, 207, 59, 134]	0.4924161612987518	0.09765449911355972
1135	x457	361	-0.012270363518260524	0.012270363518260524	-43.0148176540853	0.0	0.674935903035468	799924	301042	800000	3	0.001	75	52	1	[376, 274, 207, 59, 134]	0.4924161612987518	0.09765449911355972
1136	x42	39	0.011854388107996707	0.011854388107996707	41.50001011607237	0.0	0.674935903035468	799924	301042	800000	3	0.001	75	53	1	[376, 274, 207, 59, 134]	0.4924161612987518	0.09765449911355972
1137	x447	354	0.011810121215461102	0.011810121215461102	41.34953652156144	0.0	0.674935903035468	799924	301042	800000	3	0.001	75	54	1	[376, 274, 207, 59, 134]	0.4924161612987518	0.09765449911355972
1138	x554	422	0.01172647903122297	0.01172647903122297	41.099458145781384	0.0	0.674935903035468	799924	301042	800000	3	0.001	75	55	1	[376, 274, 207, 59, 134]	0.4924161612987518	0.09765449911355972
1139	x438	345	0.011624923825307719	0.011624923825307719	40.724101314156435	0.0	0.674935903035468	799924	301042	800000	3	0.001	75	56	1	[376, 274, 207, 59, 134]	0.4924161612987518	0.09765449911355972
1140	x307	252	0.011418189293625508	0.011418189293625508	39.98750141014232	0.0	0.674935903035468	799924	301042	800000	3	0.001	75	57	1	[376, 274, 207, 59, 134]	0.4924161612987518	0.09765449911355972
1141	x214	189	-0.010995692404658542	0.010995692404658542	-38.47895797400877	0.0	0.674935903035468	799924	301042	800000	3	0.001	75	58	1	[376, 274, 207, 59, 134]	0.4924161612987518	0.09765449911355972
1142	x517	397	0.010728511730754972	0.010728511730754972	37.580859729943754	8.23858122359806e-309	0.674935903035468	799924	301042	800000	3	0.001	75	59	1	[376, 274, 207, 59, 134]	0.4924161612987518	0.09765449911355972
1143	x345	279	-0.010494560827562548	0.010494560827562548	-36.76994733003953	9.884458444030664e-296	0.674935903035468	799924	301042	800000	3	0.001	75	60	1	[376, 274, 207, 59, 134]	0.4924161612987518	0.09765449911355972
1144	x82	74	-0.009995107531211076	0.009995107531211076	-34.99651174123581	4.0638180062427265e-268	0.674935903035468	799924	301042	800000	3	0.001	75	61	1	[376, 274, 207, 59, 134]	0.4924161612987518	0.09765449911355972
1145	x181	165	-0.00994488664029665	0.00994488664029665	-34.826625553714976	1.5237716706545099e-265	0.674935903035468	799924	301042	800000	3	0.001	75	62	1	[376, 274, 207, 59, 134]	0.4924161612987518	0.09765449911355972
1146	x17	14	-0.009310175381692404	0.009310175381692404	-32.585655108040775	9.318336601205221e-233	0.674935903035468	799924	301042	800000	3	0.001	75	63	1	[376, 274, 207, 59, 134]	0.4924161612987518	0.09765449911355972
1147	x564	432	-0.008266161178181233	0.008266161178181233	-28.94138982846468	4.486239611371646e-184	0.674935903035468	799924	301042	800000	3	0.001	75	64	1	[376, 274, 207, 59, 134]	0.4924161612987518	0.09765449911355972
1148	x440	347	0.008081184993845419	0.008081184993845419	28.296097720865095	4.717896174325701e-176	0.674935903035468	799924	301042	800000	3	0.001	75	65	1	[376, 274, 207, 59, 134]	0.4924161612987518	0.09765449911355972
1149	x472	369	-0.007952844209550539	0.007952844209550539	-27.849314508979656	1.3254880012746012e-170	0.674935903035468	799924	301042	800000	3	0.001	75	66	1	[376, 274, 207, 59, 134]	0.4924161612987518	0.09765449911355972
1150	x391	311	-0.007859983386454257	0.007859983386454257	-27.54160464874448	6.6798687719157995e-167	0.674935903035468	799924	301042	800000	3	0.001	75	67	1	[376, 274, 207, 59, 134]	0.4924161612987518	0.09765449911355972
1151	x289	236	0.007634739032911431	0.007634739032911431	26.747946997203062	1.531442503806223e-157	0.674935903035468	799924	301042	800000	3	0.001	75	68	1	[376, 274, 207, 59, 134]	0.4924161612987518	0.09765449911355972
1152	x34	31	0.007086144991242006	0.007086144991242006	24.819409551302872	6.233322042486783e-136	0.674935903035468	799924	301042	800000	3	0.001	75	69	1	[376, 274, 207, 59, 134]	0.4924161612987518	0.09765449911355972
1153	x337	272	0.006111105931255642	0.006111105931255642	21.400445374315503	1.4134037934915233e-101	0.674935903035468	799924	301042	800000	3	0.001	75	70	1	[376, 274, 207, 59, 134]	0.4924161612987518	0.09765449911355972
1154	x292	239	-0.0052340094938558126	0.0052340094938558126	-18.333798425593077	4.608115056536751e-75	0.674935903035468	799924	301042	800000	3	0.001	75	71	1	[376, 274, 207, 59, 134]	0.4924161612987518	0.09765449911355972
1155	x587	455	0.004767279021201344	0.004767279021201344	16.69893989294118	1.3671913020476754e-62	0.674935903035468	799924	301042	800000	3	0.001	75	72	1	[376, 274, 207, 59, 134]	0.4924161612987518	0.09765449911355972
1156	x579	447	-0.0045161342715147644	0.0045161342715147644	-15.815733802722777	2.4719286212069193e-56	0.674935903035468	799924	301042	800000	3	0.001	75	73	1	[376, 274, 207, 59, 134]	0.4924161612987518	0.09765449911355972
1157	x40	37	0.004513042862277527	0.004513042862277527	15.798579676554613	3.24510695187622e-56	0.674935903035468	799924	301042	800000	3	0.001	75	74	1	[376, 274, 207, 59, 134]	0.4924161612987518	0.09765449911355972
1158	x551	419	-0.003995376223905896	0.003995376223905896	-13.982406198561197	2.020461837190273e-44	0.674935903035468	799924	301042	800000	3	0.001	75	75	1	[376, 274, 207, 59, 134]	0.4924161612987518	0.09765449911355972
