,feature_idx,feature,block_id,coef,se,t,p,abs_coef,n_grid,k,delta,r2_block,adj_r2_block,df_resid,rank_p,cluster,x0_indices,p_oof_center,p_final_center
0,102,x112,10,-0.09822978238974302,2.3478938614919267e-06,-41837.40330038798,0.0,0.09822978238974302,282475249,3,0.1,0.8610442807591638,0.8610442758399461,282475238,1,0,"[1361, 995, 1108, 1227, 507, 1180, 1296, 1321, 1308, 1215]",0.500756424665451,0.08694328367710114
1,120,x130,12,0.08072581468016556,2.998451023307207e-06,26922.505671320672,0.0,0.08072581468016556,282475249,3,0.1,0.7297749667600337,0.7297749571937073,282475238,2,0,"[1361, 995, 1108, 1227, 507, 1180, 1296, 1321, 1308, 1215]",0.500756424665451,0.08694328367710114
2,384,x489,38,-0.07466567946331845,1.5488044866291094e-06,-48208.589339655344,0.0,0.07466567946331845,282475249,3,0.1,0.8916284124702142,0.8916284086337155,282475238,3,0,"[1361, 995, 1108, 1227, 507, 1180, 1296, 1321, 1308, 1215]",0.500756424665451,0.08694328367710114
3,63,x69,6,-0.07171561941504478,1.4565506983684746e-06,-49236.61050410093,0.0,0.07171561941504478,282475249,3,0.1,0.8956392471548467,0.8956392434603369,282475238,4,0,"[1361, 995, 1108, 1227, 507, 1180, 1296, 1321, 1308, 1215]",0.500756424665451,0.08694328367710114
4,425,x557,42,-0.05693212531658651,1.8808586712410907e-06,-30269.2202168596,0.0,0.05693212531658651,282475249,3,0.1,0.7921177496796149,0.7921177423203061,282475238,5,0,"[1361, 995, 1108, 1227, 507, 1180, 1296, 1321, 1308, 1215]",0.500756424665451,0.08694328367710114
5,419,x551,41,-0.050496304673789606,1.7346376905064895e-06,-29110.57735580818,0.0,0.050496304673789606,282475249,3,0.1,0.7499999999974544,0.7499999911471211,282475238,6,0,"[1361, 995, 1108, 1227, 507, 1180, 1296, 1321, 1308, 1215]",0.500756424665451,0.08694328367710114
6,33,x36,3,-0.04491956790491027,1.5813957505906853e-06,-28405.013664752703,0.0,0.04491956790491027,282475249,3,0.1,0.7457385127698084,0.7457385037686128,282475238,7,0,"[1361, 995, 1108, 1227, 507, 1180, 1296, 1321, 1308, 1215]",0.500756424665451,0.08694328367710114
7,272,x337,27,0.03825745678373744,1.2534197036132437e-06,30522.46320482464,0.0,0.03825745678373744,282475249,3,0.1,0.7673369828708615,0.7673369746342805,282475238,8,0,"[1361, 995, 1108, 1227, 507, 1180, 1296, 1321, 1308, 1215]",0.500756424665451,0.08694328367710114
8,300,x369,30,-0.03808924738242212,1.35522367730543e-06,-28105.506139144778,0.0,0.03808924738242212,282475249,3,0.1,0.7494611580488618,0.7494611491794527,282475238,9,0,"[1361, 995, 1108, 1227, 507, 1180, 1296, 1321, 1308, 1215]",0.500756424665451,0.08694328367710114
9,230,x282,23,-0.03532652604685279,1.750209785800646e-06,-20184.166683019896,0.0,0.03532652604685279,282475249,3,0.1,0.6471896647924122,0.6471896523024561,282475238,10,0,"[1361, 995, 1108, 1227, 507, 1180, 1296, 1321, 1308, 1215]",0.500756424665451,0.08694328367710114
10,372,x475,37,0.03246128863217925,1.391076151336392e-06,23335.378585129245,0.0,0.03246128863217925,282475249,3,0.1,0.777391714574788,0.7773917066941579,282475238,11,0,"[1361, 995, 1108, 1227, 507, 1180, 1296, 1321, 1308, 1215]",0.500756424665451,0.08694328367710114
11,262,x320,26,0.03029582489814078,9.217617988052696e-07,32867.303610768366,0.0,0.03029582489814078,282475249,3,0.1,0.7927144588551923,0.7927144515170078,282475238,12,0,"[1361, 995, 1108, 1227, 507, 1180, 1296, 1321, 1308, 1215]",0.500756424665451,0.08694328367710114
12,348,x441,34,-0.025312776565986437,1.3192625523281796e-06,-19187.06516857884,0.0,0.025312776565986437,282475249,3,0.1,0.63394796652263,0.6339479535639,282475238,13,0,"[1361, 995, 1108, 1227, 507, 1180, 1296, 1321, 1308, 1215]",0.500756424665451,0.08694328367710114
13,420,x552,42,0.023800282910160633,1.8808586712411551e-06,12653.94538891916,0.0,0.023800282910160633,282475249,3,0.1,0.7921177496796149,0.7921177423203061,282475238,14,0,"[1361, 995, 1108, 1227, 507, 1180, 1296, 1321, 1308, 1215]",0.500756424665451,0.08694328367710114
14,360,x456,36,0.022185349038659485,9.392694319330197e-07,23619.79245188674,0.0,0.022185349038659485,282475249,3,0.1,0.7657306360180111,0.7657306277245632,282475238,15,0,"[1361, 995, 1108, 1227, 507, 1180, 1296, 1321, 1308, 1215]",0.500756424665451,0.08694328367710114
15,371,x474,37,0.021829068139413866,1.3910761513363925e-06,15692.21650334736,0.0,0.021829068139413866,282475249,3,0.1,0.777391714574788,0.7773917066941579,282475238,16,0,"[1361, 995, 1108, 1227, 507, 1180, 1296, 1321, 1308, 1215]",0.500756424665451,0.08694328367710114
16,5,x7,0,0.021493399483939992,1.2256133951292864e-06,17536.850991802938,0.0,0.021493399483939992,282475249,3,0.1,0.7095893392238554,0.7095893289429308,282475238,17,0,"[1361, 995, 1108, 1227, 507, 1180, 1296, 1321, 1308, 1215]",0.500756424665451,0.08694328367710114
17,376,x480,37,0.01945882753276101,1.3910761513363755e-06,13988.326601722956,0.0,0.01945882753276101,282475249,3,0.1,0.777391714574788,0.7773917066941579,282475238,18,0,"[1361, 995, 1108, 1227, 507, 1180, 1296, 1321, 1308, 1215]",0.500756424665451,0.08694328367710114
18,365,x468,36,0.017954579421450425,9.392694319329876e-07,19115.472952739932,0.0,0.017954579421450425,282475249,3,0.1,0.7657306360180111,0.7657306277245632,282475238,19,0,"[1361, 995, 1108, 1227, 507, 1180, 1296, 1321, 1308, 1215]",0.500756424665451,0.08694328367710114
19,93,x103,9,-0.017351633203881153,1.332829331816538e-06,-13018.64596589594,0.0,0.017351633203881153,282475249,3,0.1,0.37499999997973066,0.3749999778538974,282475238,20,0,"[1361, 995, 1108, 1227, 507, 1180, 1296, 1321, 1308, 1215]",0.500756424665451,0.08694328367710114
20,6,x8,0,0.017007660075729625,1.2256133951293133e-06,13876.855575599484,0.0,0.017007660075729625,282475249,3,0.1,0.7095893392238554,0.7095893289429308,282475238,21,0,"[1361, 995, 1108, 1227, 507, 1180, 1296, 1321, 1308, 1215]",0.500756424665451,0.08694328367710114
21,173,x196,17,0.016886724957398003,5.80088974179286e-07,29110.577358050046,0.0,0.016886724957398003,282475249,3,0.1,0.7500000000263258,0.7499999911759925,282475238,22,0,"[1361, 995, 1108, 1227, 507, 1180, 1296, 1321, 1308, 1215]",0.500756424665451,0.08694328367710114
22,29,x32,2,0.016467597867753755,6.976394417597551e-07,23604.740331503035,0.0,0.016467597867753755,282475249,3,0.1,0.7496529098709703,0.7496529010083497,282475238,23,0,"[1361, 995, 1108, 1227, 507, 1180, 1296, 1321, 1308, 1215]",0.500756424665451,0.08694328367710114
23,0,x1,0,0.015820479738066794,1.2256133951293281e-06,12908.213798036531,0.0,0.015820479738066794,282475249,3,0.1,0.7095893392238554,0.7095893289429308,282475238,24,0,"[1361, 995, 1108, 1227, 507, 1180, 1296, 1321, 1308, 1215]",0.500756424665451,0.08694328367710114
24,239,x292,23,0.015335930810025981,1.7502097858003085e-06,8762.338626174123,0.0,0.015335930810025981,282475249,3,0.1,0.6471896647924122,0.6471896523024561,282475238,25,0,"[1361, 995, 1108, 1227, 507, 1180, 1296, 1321, 1308, 1215]",0.500756424665451,0.08694328367710114
25,111,x121,11,-0.014648267201014932,6.751055636293606e-07,-21697.74327183144,0.0,0.014648267201014932,282475249,3,0.1,0.6249999998789815,0.6249999866034815,282475238,26,0,"[1361, 995, 1108, 1227, 507, 1180, 1296, 1321, 1308, 1215]",0.500756424665451,0.08694328367710114
26,126,x136,12,-0.013691824657227522,2.9984510233071706e-06,-4566.299249445799,0.0,0.013691824657227522,282475249,3,0.1,0.7297749667600337,0.7297749571937073,282475238,27,0,"[1361, 995, 1108, 1227, 507, 1180, 1296, 1321, 1308, 1215]",0.500756424665451,0.08694328367710114
27,341,x434,34,0.01357822176666057,1.3192625523281616e-06,10292.281655913353,0.0,0.01357822176666057,282475249,3,0.1,0.63394796652263,0.6339479535639,282475238,28,0,"[1361, 995, 1108, 1227, 507, 1180, 1296, 1321, 1308, 1215]",0.500756424665451,0.08694328367710114
28,248,x303,24,0.013552251062831486,5.9472178634073e-07,22787.54768043269,0.0,0.013552251062831486,282475249,3,0.1,0.7128026892979034,0.7128026791307357,282475238,29,0,"[1361, 995, 1108, 1227, 507, 1180, 1296, 1321, 1308, 1215]",0.500756424665451,0.08694328367710114
29,180,x203,18,0.013461176838193619,6.203952488576954e-07,21697.743274112832,0.0,0.013461176838193619,282475249,3,0.1,0.6249999999283125,0.6249999866528125,282475238,30,0,"[1361, 995, 1108, 1227, 507, 1180, 1296, 1321, 1308, 1215]",0.500756424665451,0.08694328367710114
30,156,x170,15,-0.013430030750376493,6.268893391175161e-07,-21423.28783144119,0.0,0.013430030750376493,282475249,3,0.1,0.6190142215412153,0.6190142080538108,282475238,31,0,"[1361, 995, 1108, 1227, 507, 1180, 1296, 1321, 1308, 1215]",0.500756424665451,0.08694328367710114
31,208,x248,20,0.013061607522625087,4.486894011561508e-07,29110.577359235296,0.0,0.013061607522625087,282475249,3,0.1,0.7500000000415796,0.7499999911912463,282475238,32,0,"[1361, 995, 1108, 1227, 507, 1180, 1296, 1321, 1308, 1215]",0.500756424665451,0.08694328367710114
32,49,x55,4,0.012932661920777055,9.933953159424444e-07,13018.645964227953,0.0,0.012932661920777055,282475249,3,0.1,0.37499999991967303,0.37499997779383976,282475238,33,0,"[1361, 995, 1108, 1227, 507, 1180, 1296, 1321, 1308, 1215]",0.500756424665451,0.08694328367710114
33,121,x131,12,0.012430272800929943,2.998451023307207e-06,4145.564728024039,0.0,0.012430272800929943,282475249,3,0.1,0.7297749667600337,0.7297749571937073,282475238,34,0,"[1361, 995, 1108, 1227, 507, 1180, 1296, 1321, 1308, 1215]",0.500756424665451,0.08694328367710114
34,358,x454,35,-0.012053320450439952,4.1405295027618117e-07,-29110.57738484935,0.0,0.012053320450439952,282475249,3,0.1,0.7500000003715216,0.7499999915211883,282475238,35,0,"[1361, 995, 1108, 1227, 507, 1180, 1296, 1321, 1308, 1215]",0.500756424665451,0.08694328367710114
35,455,x587,45,0.01189570075699266,2.4175378331362898e-06,4920.58514822094,0.0,0.01189570075699266,40353607,3,0.1,0.37500000000862455,0.3749998606158462,40353597,36,0,"[1361, 995, 1108, 1227, 507, 1180, 1296, 1321, 1308, 1215]",0.500756424665451,0.08694328367710114
36,325,x417,32,-0.011867194303442965,4.076591871466319e-07,-29110.57735876421,0.0,0.011867194303442965,282475249,3,0.1,0.7500000000356106,0.7499999911852773,282475238,37,0,"[1361, 995, 1108, 1227, 507, 1180, 1296, 1321, 1308, 1215]",0.500756424665451,0.08694328367710114
37,25,x28,2,-0.011853208499294606,6.976394417598658e-07,-16990.450639364215,0.0,0.011853208499294606,282475249,3,0.1,0.7496529098709703,0.7496529010083497,282475238,38,0,"[1361, 995, 1108, 1227, 507, 1180, 1296, 1321, 1308, 1215]",0.500756424665451,0.08694328367710114
38,234,x287,23,-0.010203725872859976,1.750209785800646e-06,-5830.0016121737135,0.0,0.010203725872859976,282475249,3,0.1,0.6471896647924122,0.6471896523024561,282475238,39,0,"[1361, 995, 1108, 1227, 507, 1180, 1296, 1321, 1308, 1215]",0.500756424665451,0.08694328367710114
39,306,x386,30,0.010057560795422998,1.3552236773054136e-06,7421.329012949664,0.0,0.010057560795422998,282475249,3,0.1,0.7494611580488618,0.7494611491794527,282475238,40,0,"[1361, 995, 1108, 1227, 507, 1180, 1296, 1321, 1308, 1215]",0.500756424665451,0.08694328367710114
40,16,x19,1,0.009739037070957099,3.3455320898495864e-07,29110.577359295217,0.0,0.009739037070957099,282475249,3,0.1,0.7500000000423646,0.7499999911920313,282475238,41,0,"[1361, 995, 1108, 1227, 507, 1180, 1296, 1321, 1308, 1215]",0.500756424665451,0.08694328367710114
41,148,x162,14,0.00911657033222088,4.201621437840109e-07,21697.74328100191,0.0,0.00911657033222088,282475249,3,0.1,0.6250000000771503,0.6249999868016504,282475238,42,0,"[1361, 995, 1108, 1227, 507, 1180, 1296, 1321, 1308, 1215]",0.500756424665451,0.08694328367710114
42,250,x305,25,-0.008848910885197792,6.797105404996037e-07,-13018.645964639049,0.0,0.008848910885197792,282475249,3,0.1,0.3749999999344854,0.37499997780865213,282475238,43,0,"[1361, 995, 1108, 1227, 507, 1180, 1296, 1321, 1308, 1215]",0.500756424665451,0.08694328367710114
43,75,x83,7,-0.008754682328020007,3.007388764349681e-07,-29110.577361331343,0.0,0.008754682328020007,282475249,3,0.1,0.7500000000686086,0.7499999912182753,282475238,44,0,"[1361, 995, 1108, 1227, 507, 1180, 1296, 1321, 1308, 1215]",0.500756424665451,0.08694328367710114
44,134,x145,13,-0.008519153509821254,3.9262855130804383e-07,-21697.74327781221,0.0,0.008519153509821254,282475249,3,0.1,0.6250000000082516,0.6249999867327517,282475238,45,0,"[1361, 995, 1108, 1227, 507, 1180, 1296, 1321, 1308, 1215]",0.500756424665451,0.08694328367710114
45,314,x394,31,-0.008415018341371032,3.878291966632833e-07,-21697.743268867467,0.0,0.008415018341371032,282475249,3,0.1,0.6249999998148528,0.6249999865393528,282475238,46,0,"[1361, 995, 1108, 1227, 507, 1180, 1296, 1321, 1308, 1215]",0.500756424665451,0.08694328367710114
46,242,x297,24,0.008019057995811037,5.947217863407217e-07,13483.713191594505,0.0,0.008019057995811037,282475249,3,0.1,0.7128026892979034,0.7128026791307357,282475238,47,0,"[1361, 995, 1108, 1227, 507, 1180, 1296, 1321, 1308, 1215]",0.500756424665451,0.08694328367710114
47,440,x572,44,-0.0075996560709817055,5.837516507298928e-07,-13018.64596267863,0.0,0.0075996560709817055,282475249,3,0.1,0.37499999986394617,0.3749999777381129,282475238,48,0,"[1361, 995, 1108, 1227, 507, 1180, 1296, 1321, 1308, 1215]",0.500756424665451,0.08694328367710114
48,31,x34,3,0.0073570577541784395,1.5813957505906855e-06,4652.255927354313,0.0,0.0073570577541784395,282475249,3,0.1,0.7457385127698084,0.7457385037686128,282475238,49,0,"[1361, 995, 1108, 1227, 507, 1180, 1296, 1321, 1308, 1215]",0.500756424665451,0.08694328367710114
49,50,x56,5,-0.006464147674185888,4.96529953427301e-07,-13018.645963988818,0.0,0.006464147674185888,282475249,3,0.1,0.37499999991116406,0.3749999777853309,282475238,50,0,"[1361, 995, 1108, 1227, 507, 1180, 1296, 1321, 1308, 1215]",0.500756424665451,0.08694328367710114
50,3,x4,0,-0.0059375475963320806,1.2256133951293281e-06,-4844.551813751631,0.0,0.0059375475963320806,282475249,3,0.1,0.7095893392238554,0.7095893289429308,282475238,51,0,"[1361, 995, 1108, 1227, 507, 1180, 1296, 1321, 1308, 1215]",0.500756424665451,0.08694328367710114
51,340,x433,34,0.005131709191180825,1.3192625523281616e-06,3889.8316200400504,0.0,0.005131709191180825,282475249,3,0.1,0.63394796652263,0.6339479535639,282475238,52,0,"[1361, 995, 1108, 1227, 507, 1180, 1296, 1321, 1308, 1215]",0.500756424665451,0.08694328367710114
52,85,x94,8,-5.716877055446094e-17,1.1969621672683593e-11,-4.776155179986043e-06,0.9999961891795253,5.716877055446094e-17,282475249,3,0.1,0.0,-3.540133319823724e-08,282475238,53,0,"[1361, 995, 1108, 1227, 507, 1180, 1296, 1321, 1308, 1215]",0.500756424665451,0.08694328367710114
53,165,x181,16,-5.716877055446094e-17,1.1969621672683593e-11,-4.776155179986043e-06,0.9999961891795253,5.716877055446094e-17,282475249,3,0.1,0.0,-3.540133319823724e-08,282475238,54,0,"[1361, 995, 1108, 1227, 507, 1180, 1296, 1321, 1308, 1215]",0.500756424665451,0.08694328367710114
54,195,x220,19,-5.716877055446094e-17,1.1969621672683593e-11,-4.776155179986043e-06,0.9999961891795253,5.716877055446094e-17,282475249,3,0.1,0.0,-3.540133319823724e-08,282475238,55,0,"[1361, 995, 1108, 1227, 507, 1180, 1296, 1321, 1308, 1215]",0.500756424665451,0.08694328367710114
55,215,x255,21,-5.716877055446094e-17,1.1969621672683593e-11,-4.776155179986043e-06,0.9999961891795253,5.716877055446094e-17,282475249,3,0.1,0.0,-3.540133319823724e-08,282475238,56,0,"[1361, 995, 1108, 1227, 507, 1180, 1296, 1321, 1308, 1215]",0.500756424665451,0.08694328367710114
56,225,x276,22,-5.716877055446094e-17,1.1969621672683593e-11,-4.776155179986043e-06,0.9999961891795253,5.716877055446094e-17,282475249,3,0.1,0.0,-3.540133319823724e-08,282475238,57,0,"[1361, 995, 1108, 1227, 507, 1180, 1296, 1321, 1308, 1215]",0.500756424665451,0.08694328367710114
57,285,x352,28,-5.716877055446094e-17,1.1969621672683593e-11,-4.776155179986043e-06,0.9999961891795253,5.716877055446094e-17,282475249,3,0.1,0.0,-3.540133319823724e-08,282475238,58,0,"[1361, 995, 1108, 1227, 507, 1180, 1296, 1321, 1308, 1215]",0.500756424665451,0.08694328367710114
58,295,x363,29,-5.716877055446094e-17,1.1969621672683593e-11,-4.776155179986043e-06,0.9999961891795253,5.716877055446094e-17,282475249,3,0.1,0.0,-3.540133319823724e-08,282475238,59,0,"[1361, 995, 1108, 1227, 507, 1180, 1296, 1321, 1308, 1215]",0.500756424665451,0.08694328367710114
59,335,x428,33,-5.716877055446094e-17,1.1969621672683593e-11,-4.776155179986043e-06,0.9999961891795253,5.716877055446094e-17,282475249,3,0.1,0.0,-3.540133319823724e-08,282475238,60,0,"[1361, 995, 1108, 1227, 507, 1180, 1296, 1321, 1308, 1215]",0.500756424665451,0.08694328367710114
60,395,x511,39,-5.716877055446094e-17,1.1969621672683593e-11,-4.776155179986043e-06,0.9999961891795253,5.716877055446094e-17,282475249,3,0.1,0.0,-3.540133319823724e-08,282475238,61,0,"[1361, 995, 1108, 1227, 507, 1180, 1296, 1321, 1308, 1215]",0.500756424665451,0.08694328367710114
61,405,x526,40,-5.716877055446094e-17,1.1969621672683593e-11,-4.776155179986043e-06,0.9999961891795253,5.716877055446094e-17,282475249,3,0.1,0.0,-3.540133319823724e-08,282475238,62,0,"[1361, 995, 1108, 1227, 507, 1180, 1296, 1321, 1308, 1215]",0.500756424665451,0.08694328367710114
62,435,x567,43,-5.716877055446094e-17,1.1969621672683593e-11,-4.776155179986043e-06,0.9999961891795253,5.716877055446094e-17,282475249,3,0.1,0.0,-3.540133319823724e-08,282475238,63,0,"[1361, 995, 1108, 1227, 507, 1180, 1296, 1321, 1308, 1215]",0.500756424665451,0.08694328367710114
63,84,x93,8,-3.075721183169529e-17,1.1969621672684002e-11,-2.569606013687688e-06,0.9999979497510361,3.075721183169529e-17,282475249,3,0.1,0.0,-3.540133319823724e-08,282475238,64,0,"[1361, 995, 1108, 1227, 507, 1180, 1296, 1321, 1308, 1215]",0.500756424665451,0.08694328367710114
64,164,x178,16,-3.075721183169529e-17,1.1969621672684002e-11,-2.569606013687688e-06,0.9999979497510361,3.075721183169529e-17,282475249,3,0.1,0.0,-3.540133319823724e-08,282475238,65,0,"[1361, 995, 1108, 1227, 507, 1180, 1296, 1321, 1308, 1215]",0.500756424665451,0.08694328367710114
65,194,x219,19,-3.075721183169529e-17,1.1969621672684002e-11,-2.569606013687688e-06,0.9999979497510361,3.075721183169529e-17,282475249,3,0.1,0.0,-3.540133319823724e-08,282475238,66,0,"[1361, 995, 1108, 1227, 507, 1180, 1296, 1321, 1308, 1215]",0.500756424665451,0.08694328367710114
66,214,x254,21,-3.075721183169529e-17,1.1969621672684002e-11,-2.569606013687688e-06,0.9999979497510361,3.075721183169529e-17,282475249,3,0.1,0.0,-3.540133319823724e-08,282475238,67,0,"[1361, 995, 1108, 1227, 507, 1180, 1296, 1321, 1308, 1215]",0.500756424665451,0.08694328367710114
67,224,x275,22,-3.075721183169529e-17,1.1969621672684002e-11,-2.569606013687688e-06,0.9999979497510361,3.075721183169529e-17,282475249,3,0.1,0.0,-3.540133319823724e-08,282475238,68,0,"[1361, 995, 1108, 1227, 507, 1180, 1296, 1321, 1308, 1215]",0.500756424665451,0.08694328367710114
68,284,x351,28,-3.075721183169529e-17,1.1969621672684002e-11,-2.569606013687688e-06,0.9999979497510361,3.075721183169529e-17,282475249,3,0.1,0.0,-3.540133319823724e-08,282475238,69,0,"[1361, 995, 1108, 1227, 507, 1180, 1296, 1321, 1308, 1215]",0.500756424665451,0.08694328367710114
69,294,x362,29,-3.075721183169529e-17,1.1969621672684002e-11,-2.569606013687688e-06,0.9999979497510361,3.075721183169529e-17,282475249,3,0.1,0.0,-3.540133319823724e-08,282475238,70,0,"[1361, 995, 1108, 1227, 507, 1180, 1296, 1321, 1308, 1215]",0.500756424665451,0.08694328367710114
70,334,x427,33,-3.075721183169529e-17,1.1969621672684002e-11,-2.569606013687688e-06,0.9999979497510361,3.075721183169529e-17,282475249,3,0.1,0.0,-3.540133319823724e-08,282475238,71,0,"[1361, 995, 1108, 1227, 507, 1180, 1296, 1321, 1308, 1215]",0.500756424665451,0.08694328367710114
71,394,x501,39,-3.075721183169529e-17,1.1969621672684002e-11,-2.569606013687688e-06,0.9999979497510361,3.075721183169529e-17,282475249,3,0.1,0.0,-3.540133319823724e-08,282475238,72,0,"[1361, 995, 1108, 1227, 507, 1180, 1296, 1321, 1308, 1215]",0.500756424665451,0.08694328367710114
72,404,x525,40,-3.075721183169529e-17,1.1969621672684002e-11,-2.569606013687688e-06,0.9999979497510361,3.075721183169529e-17,282475249,3,0.1,0.0,-3.540133319823724e-08,282475238,73,0,"[1361, 995, 1108, 1227, 507, 1180, 1296, 1321, 1308, 1215]",0.500756424665451,0.08694328367710114
73,434,x566,43,-3.075721183169529e-17,1.1969621672684002e-11,-2.569606013687688e-06,0.9999979497510361,3.075721183169529e-17,282475249,3,0.1,0.0,-3.540133319823724e-08,282475238,74,0,"[1361, 995, 1108, 1227, 507, 1180, 1296, 1321, 1308, 1215]",0.500756424665451,0.08694328367710114
74,86,x95,8,2.6221188144601175e-17,1.1969621672683858e-11,2.1906446888326585e-06,0.9999982521184261,2.6221188144601175e-17,282475249,3,0.1,0.0,-3.540133319823724e-08,282475238,75,0,"[1361, 995, 1108, 1227, 507, 1180, 1296, 1321, 1308, 1215]",0.500756424665451,0.08694328367710114
75,166,x182,16,2.6221188144601175e-17,1.1969621672683858e-11,2.1906446888326585e-06,0.9999982521184261,2.6221188144601175e-17,282475249,3,0.1,0.0,-3.540133319823724e-08,282475238,76,0,"[1361, 995, 1108, 1227, 507, 1180, 1296, 1321, 1308, 1215]",0.500756424665451,0.08694328367710114
76,196,x222,19,2.6221188144601175e-17,1.1969621672683858e-11,2.1906446888326585e-06,0.9999982521184261,2.6221188144601175e-17,282475249,3,0.1,0.0,-3.540133319823724e-08,282475238,77,0,"[1361, 995, 1108, 1227, 507, 1180, 1296, 1321, 1308, 1215]",0.500756424665451,0.08694328367710114
77,216,x256,21,2.6221188144601175e-17,1.1969621672683858e-11,2.1906446888326585e-06,0.9999982521184261,2.6221188144601175e-17,282475249,3,0.1,0.0,-3.540133319823724e-08,282475238,78,0,"[1361, 995, 1108, 1227, 507, 1180, 1296, 1321, 1308, 1215]",0.500756424665451,0.08694328367710114
78,226,x278,22,2.6221188144601175e-17,1.1969621672683858e-11,2.1906446888326585e-06,0.9999982521184261,2.6221188144601175e-17,282475249,3,0.1,0.0,-3.540133319823724e-08,282475238,79,0,"[1361, 995, 1108, 1227, 507, 1180, 1296, 1321, 1308, 1215]",0.500756424665451,0.08694328367710114
79,286,x353,28,2.6221188144601175e-17,1.1969621672683858e-11,2.1906446888326585e-06,0.9999982521184261,2.6221188144601175e-17,282475249,3,0.1,0.0,-3.540133319823724e-08,282475238,80,0,"[1361, 995, 1108, 1227, 507, 1180, 1296, 1321, 1308, 1215]",0.500756424665451,0.08694328367710114
80,296,x364,29,2.6221188144601175e-17,1.1969621672683858e-11,2.1906446888326585e-06,0.9999982521184261,2.6221188144601175e-17,282475249,3,0.1,0.0,-3.540133319823724e-08,282475238,81,0,"[1361, 995, 1108, 1227, 507, 1180, 1296, 1321, 1308, 1215]",0.500756424665451,0.08694328367710114
81,336,x429,33,2.6221188144601175e-17,1.1969621672683858e-11,2.1906446888326585e-06,0.9999982521184261,2.6221188144601175e-17,282475249,3,0.1,0.0,-3.540133319823724e-08,282475238,82,0,"[1361, 995, 1108, 1227, 507, 1180, 1296, 1321, 1308, 1215]",0.500756424665451,0.08694328367710114
82,396,x512,39,2.6221188144601175e-17,1.1969621672683858e-11,2.1906446888326585e-06,0.9999982521184261,2.6221188144601175e-17,282475249,3,0.1,0.0,-3.540133319823724e-08,282475238,83,0,"[1361, 995, 1108, 1227, 507, 1180, 1296, 1321, 1308, 1215]",0.500756424665451,0.08694328367710114
83,406,x527,40,2.6221188144601175e-17,1.1969621672683858e-11,2.1906446888326585e-06,0.9999982521184261,2.6221188144601175e-17,282475249,3,0.1,0.0,-3.540133319823724e-08,282475238,84,0,"[1361, 995, 1108, 1227, 507, 1180, 1296, 1321, 1308, 1215]",0.500756424665451,0.08694328367710114
84,436,x568,43,2.6221188144601175e-17,1.1969621672683858e-11,2.1906446888326585e-06,0.9999982521184261,2.6221188144601175e-17,282475249,3,0.1,0.0,-3.540133319823724e-08,282475238,85,0,"[1361, 995, 1108, 1227, 507, 1180, 1296, 1321, 1308, 1215]",0.500756424665451,0.08694328367710114
85,87,x96,8,-1.4625336189059674e-17,1.1969621672683662e-11,-1.2218712160666465e-06,0.9999990250878221,1.4625336189059674e-17,282475249,3,0.1,0.0,-3.540133319823724e-08,282475238,86,0,"[1361, 995, 1108, 1227, 507, 1180, 1296, 1321, 1308, 1215]",0.500756424665451,0.08694328367710114
86,167,x183,16,-1.4625336189059674e-17,1.1969621672683662e-11,-1.2218712160666465e-06,0.9999990250878221,1.4625336189059674e-17,282475249,3,0.1,0.0,-3.540133319823724e-08,282475238,87,0,"[1361, 995, 1108, 1227, 507, 1180, 1296, 1321, 1308, 1215]",0.500756424665451,0.08694328367710114
87,197,x223,19,-1.4625336189059674e-17,1.1969621672683662e-11,-1.2218712160666465e-06,0.9999990250878221,1.4625336189059674e-17,282475249,3,0.1,0.0,-3.540133319823724e-08,282475238,88,0,"[1361, 995, 1108, 1227, 507, 1180, 1296, 1321, 1308, 1215]",0.500756424665451,0.08694328367710114
88,217,x268,21,-1.4625336189059674e-17,1.1969621672683662e-11,-1.2218712160666465e-06,0.9999990250878221,1.4625336189059674e-17,282475249,3,0.1,0.0,-3.540133319823724e-08,282475238,89,0,"[1361, 995, 1108, 1227, 507, 1180, 1296, 1321, 1308, 1215]",0.500756424665451,0.08694328367710114
89,227,x279,22,-1.4625336189059674e-17,1.1969621672683662e-11,-1.2218712160666465e-06,0.9999990250878221,1.4625336189059674e-17,282475249,3,0.1,0.0,-3.540133319823724e-08,282475238,90,0,"[1361, 995, 1108, 1227, 507, 1180, 1296, 1321, 1308, 1215]",0.500756424665451,0.08694328367710114
90,287,x354,28,-1.4625336189059674e-17,1.1969621672683662e-11,-1.2218712160666465e-06,0.9999990250878221,1.4625336189059674e-17,282475249,3,0.1,0.0,-3.540133319823724e-08,282475238,91,0,"[1361, 995, 1108, 1227, 507, 1180, 1296, 1321, 1308, 1215]",0.500756424665451,0.08694328367710114
91,297,x366,29,-1.4625336189059674e-17,1.1969621672683662e-11,-1.2218712160666465e-06,0.9999990250878221,1.4625336189059674e-17,282475249,3,0.1,0.0,-3.540133319823724e-08,282475238,92,0,"[1361, 995, 1108, 1227, 507, 1180, 1296, 1321, 1308, 1215]",0.500756424665451,0.08694328367710114
92,337,x430,33,-1.4625336189059674e-17,1.1969621672683662e-11,-1.2218712160666465e-06,0.9999990250878221,1.4625336189059674e-17,282475249,3,0.1,0.0,-3.540133319823724e-08,282475238,93,0,"[1361, 995, 1108, 1227, 507, 1180, 1296, 1321, 1308, 1215]",0.500756424665451,0.08694328367710114
93,397,x517,39,-1.4625336189059674e-17,1.1969621672683662e-11,-1.2218712160666465e-06,0.9999990250878221,1.4625336189059674e-17,282475249,3,0.1,0.0,-3.540133319823724e-08,282475238,94,0,"[1361, 995, 1108, 1227, 507, 1180, 1296, 1321, 1308, 1215]",0.500756424665451,0.08694328367710114
94,407,x528,40,-1.4625336189059674e-17,1.1969621672683662e-11,-1.2218712160666465e-06,0.9999990250878221,1.4625336189059674e-17,282475249,3,0.1,0.0,-3.540133319823724e-08,282475238,95,0,"[1361, 995, 1108, 1227, 507, 1180, 1296, 1321, 1308, 1215]",0.500756424665451,0.08694328367710114
95,437,x569,43,-1.4625336189059674e-17,1.1969621672683662e-11,-1.2218712160666465e-06,0.9999990250878221,1.4625336189059674e-17,282475249,3,0.1,0.0,-3.540133319823724e-08,282475238,96,0,"[1361, 995, 1108, 1227, 507, 1180, 1296, 1321, 1308, 1215]",0.500756424665451,0.08694328367710114
96,83,x92,8,-1.3928141322224645e-17,1.1969621672684002e-11,-1.1636241898948403e-06,0.9999990715622251,1.3928141322224645e-17,282475249,3,0.1,0.0,-3.540133319823724e-08,282475238,97,0,"[1361, 995, 1108, 1227, 507, 1180, 1296, 1321, 1308, 1215]",0.500756424665451,0.08694328367710114
97,163,x177,16,-1.3928141322224645e-17,1.1969621672684002e-11,-1.1636241898948403e-06,0.9999990715622251,1.3928141322224645e-17,282475249,3,0.1,0.0,-3.540133319823724e-08,282475238,98,0,"[1361, 995, 1108, 1227, 507, 1180, 1296, 1321, 1308, 1215]",0.500756424665451,0.08694328367710114
98,193,x218,19,-1.3928141322224645e-17,1.1969621672684002e-11,-1.1636241898948403e-06,0.9999990715622251,1.3928141322224645e-17,282475249,3,0.1,0.0,-3.540133319823724e-08,282475238,99,0,"[1361, 995, 1108, 1227, 507, 1180, 1296, 1321, 1308, 1215]",0.500756424665451,0.08694328367710114
99,213,x253,21,-1.3928141322224645e-17,1.1969621672684002e-11,-1.1636241898948403e-06,0.9999990715622251,1.3928141322224645e-17,282475249,3,0.1,0.0,-3.540133319823724e-08,282475238,100,0,"[1361, 995, 1108, 1227, 507, 1180, 1296, 1321, 1308, 1215]",0.500756424665451,0.08694328367710114
100,223,x274,22,-1.3928141322224645e-17,1.1969621672684002e-11,-1.1636241898948403e-06,0.9999990715622251,1.3928141322224645e-17,282475249,3,0.1,0.0,-3.540133319823724e-08,282475238,101,0,"[1361, 995, 1108, 1227, 507, 1180, 1296, 1321, 1308, 1215]",0.500756424665451,0.08694328367710114
101,283,x350,28,-1.3928141322224645e-17,1.1969621672684002e-11,-1.1636241898948403e-06,0.9999990715622251,1.3928141322224645e-17,282475249,3,0.1,0.0,-3.540133319823724e-08,282475238,102,0,"[1361, 995, 1108, 1227, 507, 1180, 1296, 1321, 1308, 1215]",0.500756424665451,0.08694328367710114
102,293,x361,29,-1.3928141322224645e-17,1.1969621672684002e-11,-1.1636241898948403e-06,0.9999990715622251,1.3928141322224645e-17,282475249,3,0.1,0.0,-3.540133319823724e-08,282475238,103,0,"[1361, 995, 1108, 1227, 507, 1180, 1296, 1321, 1308, 1215]",0.500756424665451,0.08694328367710114
103,333,x426,33,-1.3928141322224645e-17,1.1969621672684002e-11,-1.1636241898948403e-06,0.9999990715622251,1.3928141322224645e-17,282475249,3,0.1,0.0,-3.540133319823724e-08,282475238,104,0,"[1361, 995, 1108, 1227, 507, 1180, 1296, 1321, 1308, 1215]",0.500756424665451,0.08694328367710114
104,393,x500,39,-1.3928141322224645e-17,1.1969621672684002e-11,-1.1636241898948403e-06,0.9999990715622251,1.3928141322224645e-17,282475249,3,0.1,0.0,-3.540133319823724e-08,282475238,105,0,"[1361, 995, 1108, 1227, 507, 1180, 1296, 1321, 1308, 1215]",0.500756424665451,0.08694328367710114
105,403,x524,40,-1.3928141322224645e-17,1.1969621672684002e-11,-1.1636241898948403e-06,0.9999990715622251,1.3928141322224645e-17,282475249,3,0.1,0.0,-3.540133319823724e-08,282475238,106,0,"[1361, 995, 1108, 1227, 507, 1180, 1296, 1321, 1308, 1215]",0.500756424665451,0.08694328367710114
106,433,x565,43,-1.3928141322224645e-17,1.1969621672684002e-11,-1.1636241898948403e-06,0.9999990715622251,1.3928141322224645e-17,282475249,3,0.1,0.0,-3.540133319823724e-08,282475238,107,0,"[1361, 995, 1108, 1227, 507, 1180, 1296, 1321, 1308, 1215]",0.500756424665451,0.08694328367710114
107,88,x97,8,8.665532034394005e-18,1.1969621672684165e-11,7.239603950198015e-07,0.9999994223631787,8.665532034394005e-18,282475249,3,0.1,0.0,-3.540133319823724e-08,282475238,108,0,"[1361, 995, 1108, 1227, 507, 1180, 1296, 1321, 1308, 1215]",0.500756424665451,0.08694328367710114
108,168,x184,16,8.665532034394005e-18,1.1969621672684165e-11,7.239603950198015e-07,0.9999994223631787,8.665532034394005e-18,282475249,3,0.1,0.0,-3.540133319823724e-08,282475238,109,0,"[1361, 995, 1108, 1227, 507, 1180, 1296, 1321, 1308, 1215]",0.500756424665451,0.08694328367710114
109,198,x224,19,8.665532034394005e-18,1.1969621672684165e-11,7.239603950198015e-07,0.9999994223631787,8.665532034394005e-18,282475249,3,0.1,0.0,-3.540133319823724e-08,282475238,110,0,"[1361, 995, 1108, 1227, 507, 1180, 1296, 1321, 1308, 1215]",0.500756424665451,0.08694328367710114
110,218,x269,21,8.665532034394005e-18,1.1969621672684165e-11,7.239603950198015e-07,0.9999994223631787,8.665532034394005e-18,282475249,3,0.1,0.0,-3.540133319823724e-08,282475238,111,0,"[1361, 995, 1108, 1227, 507, 1180, 1296, 1321, 1308, 1215]",0.500756424665451,0.08694328367710114
111,228,x280,22,8.665532034394005e-18,1.1969621672684165e-11,7.239603950198015e-07,0.9999994223631787,8.665532034394005e-18,282475249,3,0.1,0.0,-3.540133319823724e-08,282475238,112,0,"[1361, 995, 1108, 1227, 507, 1180, 1296, 1321, 1308, 1215]",0.500756424665451,0.08694328367710114
112,288,x355,28,8.665532034394005e-18,1.1969621672684165e-11,7.239603950198015e-07,0.9999994223631787,8.665532034394005e-18,282475249,3,0.1,0.0,-3.540133319823724e-08,282475238,113,0,"[1361, 995, 1108, 1227, 507, 1180, 1296, 1321, 1308, 1215]",0.500756424665451,0.08694328367710114
113,298,x367,29,8.665532034394005e-18,1.1969621672684165e-11,7.239603950198015e-07,0.9999994223631787,8.665532034394005e-18,282475249,3,0.1,0.0,-3.540133319823724e-08,282475238,114,0,"[1361, 995, 1108, 1227, 507, 1180, 1296, 1321, 1308, 1215]",0.500756424665451,0.08694328367710114
114,338,x431,33,8.665532034394005e-18,1.1969621672684165e-11,7.239603950198015e-07,0.9999994223631787,8.665532034394005e-18,282475249,3,0.1,0.0,-3.540133319823724e-08,282475238,115,0,"[1361, 995, 1108, 1227, 507, 1180, 1296, 1321, 1308, 1215]",0.500756424665451,0.08694328367710114
115,398,x518,39,8.665532034394005e-18,1.1969621672684165e-11,7.239603950198015e-07,0.9999994223631787,8.665532034394005e-18,282475249,3,0.1,0.0,-3.540133319823724e-08,282475238,116,0,"[1361, 995, 1108, 1227, 507, 1180, 1296, 1321, 1308, 1215]",0.500756424665451,0.08694328367710114
116,408,x540,40,8.665532034394005e-18,1.1969621672684165e-11,7.239603950198015e-07,0.9999994223631787,8.665532034394005e-18,282475249,3,0.1,0.0,-3.540133319823724e-08,282475238,117,0,"[1361, 995, 1108, 1227, 507, 1180, 1296, 1321, 1308, 1215]",0.500756424665451,0.08694328367710114
117,438,x570,43,8.665532034394005e-18,1.1969621672684165e-11,7.239603950198015e-07,0.9999994223631787,8.665532034394005e-18,282475249,3,0.1,0.0,-3.540133319823724e-08,282475238,118,0,"[1361, 995, 1108, 1227, 507, 1180, 1296, 1321, 1308, 1215]",0.500756424665451,0.08694328367710114
118,80,x89,8,-6.0339995766389654e-18,1.1969621672684002e-11,-5.041094649139345e-07,0.9999995977788414,6.0339995766389654e-18,282475249,3,0.1,0.0,-3.540133319823724e-08,282475238,119,0,"[1361, 995, 1108, 1227, 507, 1180, 1296, 1321, 1308, 1215]",0.500756424665451,0.08694328367710114
119,160,x174,16,-6.0339995766389654e-18,1.1969621672684002e-11,-5.041094649139345e-07,0.9999995977788414,6.0339995766389654e-18,282475249,3,0.1,0.0,-3.540133319823724e-08,282475238,120,0,"[1361, 995, 1108, 1227, 507, 1180, 1296, 1321, 1308, 1215]",0.500756424665451,0.08694328367710114
120,190,x215,19,-6.0339995766389654e-18,1.1969621672684002e-11,-5.041094649139345e-07,0.9999995977788414,6.0339995766389654e-18,282475249,3,0.1,0.0,-3.540133319823724e-08,282475238,121,0,"[1361, 995, 1108, 1227, 507, 1180, 1296, 1321, 1308, 1215]",0.500756424665451,0.08694328367710114
121,210,x250,21,-6.0339995766389654e-18,1.1969621672684002e-11,-5.041094649139345e-07,0.9999995977788414,6.0339995766389654e-18,282475249,3,0.1,0.0,-3.540133319823724e-08,282475238,122,0,"[1361, 995, 1108, 1227, 507, 1180, 1296, 1321, 1308, 1215]",0.500756424665451,0.08694328367710114
122,220,x271,22,-6.0339995766389654e-18,1.1969621672684002e-11,-5.041094649139345e-07,0.9999995977788414,6.0339995766389654e-18,282475249,3,0.1,0.0,-3.540133319823724e-08,282475238,123,0,"[1361, 995, 1108, 1227, 507, 1180, 1296, 1321, 1308, 1215]",0.500756424665451,0.08694328367710114
123,280,x346,28,-6.0339995766389654e-18,1.1969621672684002e-11,-5.041094649139345e-07,0.9999995977788414,6.0339995766389654e-18,282475249,3,0.1,0.0,-3.540133319823724e-08,282475238,124,0,"[1361, 995, 1108, 1227, 507, 1180, 1296, 1321, 1308, 1215]",0.500756424665451,0.08694328367710114
124,290,x357,29,-6.0339995766389654e-18,1.1969621672684002e-11,-5.041094649139345e-07,0.9999995977788414,6.0339995766389654e-18,282475249,3,0.1,0.0,-3.540133319823724e-08,282475238,125,0,"[1361, 995, 1108, 1227, 507, 1180, 1296, 1321, 1308, 1215]",0.500756424665451,0.08694328367710114
125,330,x422,33,-6.0339995766389654e-18,1.1969621672684002e-11,-5.041094649139345e-07,0.9999995977788414,6.0339995766389654e-18,282475249,3,0.1,0.0,-3.540133319823724e-08,282475238,126,0,"[1361, 995, 1108, 1227, 507, 1180, 1296, 1321, 1308, 1215]",0.500756424665451,0.08694328367710114
126,390,x496,39,-6.0339995766389654e-18,1.1969621672684002e-11,-5.041094649139345e-07,0.9999995977788414,6.0339995766389654e-18,282475249,3,0.1,0.0,-3.540133319823724e-08,282475238,127,0,"[1361, 995, 1108, 1227, 507, 1180, 1296, 1321, 1308, 1215]",0.500756424665451,0.08694328367710114
127,400,x520,40,-6.0339995766389654e-18,1.1969621672684002e-11,-5.041094649139345e-07,0.9999995977788414,6.0339995766389654e-18,282475249,3,0.1,0.0,-3.540133319823724e-08,282475238,128,0,"[1361, 995, 1108, 1227, 507, 1180, 1296, 1321, 1308, 1215]",0.500756424665451,0.08694328367710114
128,430,x562,43,-6.0339995766389654e-18,1.1969621672684002e-11,-5.041094649139345e-07,0.9999995977788414,6.0339995766389654e-18,282475249,3,0.1,0.0,-3.540133319823724e-08,282475238,129,0,"[1361, 995, 1108, 1227, 507, 1180, 1296, 1321, 1308, 1215]",0.500756424665451,0.08694328367710114
129,81,x90,8,2.9238917658696116e-18,1.1969621672684002e-11,2.442760386104981e-07,0.9999998050959202,2.9238917658696116e-18,282475249,3,0.1,0.0,-3.540133319823724e-08,282475238,130,0,"[1361, 995, 1108, 1227, 507, 1180, 1296, 1321, 1308, 1215]",0.500756424665451,0.08694328367710114
130,161,x175,16,2.9238917658696116e-18,1.1969621672684002e-11,2.442760386104981e-07,0.9999998050959202,2.9238917658696116e-18,282475249,3,0.1,0.0,-3.540133319823724e-08,282475238,131,0,"[1361, 995, 1108, 1227, 507, 1180, 1296, 1321, 1308, 1215]",0.500756424665451,0.08694328367710114
131,191,x216,19,2.9238917658696116e-18,1.1969621672684002e-11,2.442760386104981e-07,0.9999998050959202,2.9238917658696116e-18,282475249,3,0.1,0.0,-3.540133319823724e-08,282475238,132,0,"[1361, 995, 1108, 1227, 507, 1180, 1296, 1321, 1308, 1215]",0.500756424665451,0.08694328367710114
132,211,x251,21,2.9238917658696116e-18,1.1969621672684002e-11,2.442760386104981e-07,0.9999998050959202,2.9238917658696116e-18,282475249,3,0.1,0.0,-3.540133319823724e-08,282475238,133,0,"[1361, 995, 1108, 1227, 507, 1180, 1296, 1321, 1308, 1215]",0.500756424665451,0.08694328367710114
133,221,x272,22,2.9238917658696116e-18,1.1969621672684002e-11,2.442760386104981e-07,0.9999998050959202,2.9238917658696116e-18,282475249,3,0.1,0.0,-3.540133319823724e-08,282475238,134,0,"[1361, 995, 1108, 1227, 507, 1180, 1296, 1321, 1308, 1215]",0.500756424665451,0.08694328367710114
134,281,x347,28,2.9238917658696116e-18,1.1969621672684002e-11,2.442760386104981e-07,0.9999998050959202,2.9238917658696116e-18,282475249,3,0.1,0.0,-3.540133319823724e-08,282475238,135,0,"[1361, 995, 1108, 1227, 507, 1180, 1296, 1321, 1308, 1215]",0.500756424665451,0.08694328367710114
135,291,x358,29,2.9238917658696116e-18,1.1969621672684002e-11,2.442760386104981e-07,0.9999998050959202,2.9238917658696116e-18,282475249,3,0.1,0.0,-3.540133319823724e-08,282475238,136,0,"[1361, 995, 1108, 1227, 507, 1180, 1296, 1321, 1308, 1215]",0.500756424665451,0.08694328367710114
136,331,x424,33,2.9238917658696116e-18,1.1969621672684002e-11,2.442760386104981e-07,0.9999998050959202,2.9238917658696116e-18,282475249,3,0.1,0.0,-3.540133319823724e-08,282475238,137,0,"[1361, 995, 1108, 1227, 507, 1180, 1296, 1321, 1308, 1215]",0.500756424665451,0.08694328367710114
137,391,x497,39,2.9238917658696116e-18,1.1969621672684002e-11,2.442760386104981e-07,0.9999998050959202,2.9238917658696116e-18,282475249,3,0.1,0.0,-3.540133319823724e-08,282475238,138,0,"[1361, 995, 1108, 1227, 507, 1180, 1296, 1321, 1308, 1215]",0.500756424665451,0.08694328367710114
138,401,x521,40,2.9238917658696116e-18,1.1969621672684002e-11,2.442760386104981e-07,0.9999998050959202,2.9238917658696116e-18,282475249,3,0.1,0.0,-3.540133319823724e-08,282475238,139,0,"[1361, 995, 1108, 1227, 507, 1180, 1296, 1321, 1308, 1215]",0.500756424665451,0.08694328367710114
139,431,x563,43,2.9238917658696116e-18,1.1969621672684002e-11,2.442760386104981e-07,0.9999998050959202,2.9238917658696116e-18,282475249,3,0.1,0.0,-3.540133319823724e-08,282475238,140,0,"[1361, 995, 1108, 1227, 507, 1180, 1296, 1321, 1308, 1215]",0.500756424665451,0.08694328367710114
140,82,x91,8,-1.7790011889473907e-18,1.1969621672684e-11,-1.4862635073982899e-07,0.9999998814133295,1.7790011889473907e-18,282475249,3,0.1,0.0,-3.540133319823724e-08,282475238,141,0,"[1361, 995, 1108, 1227, 507, 1180, 1296, 1321, 1308, 1215]",0.500756424665451,0.08694328367710114
141,162,x176,16,-1.7790011889473907e-18,1.1969621672684e-11,-1.4862635073982899e-07,0.9999998814133295,1.7790011889473907e-18,282475249,3,0.1,0.0,-3.540133319823724e-08,282475238,142,0,"[1361, 995, 1108, 1227, 507, 1180, 1296, 1321, 1308, 1215]",0.500756424665451,0.08694328367710114
142,192,x217,19,-1.7790011889473907e-18,1.1969621672684e-11,-1.4862635073982899e-07,0.9999998814133295,1.7790011889473907e-18,282475249,3,0.1,0.0,-3.540133319823724e-08,282475238,143,0,"[1361, 995, 1108, 1227, 507, 1180, 1296, 1321, 1308, 1215]",0.500756424665451,0.08694328367710114
143,212,x252,21,-1.7790011889473907e-18,1.1969621672684e-11,-1.4862635073982899e-07,0.9999998814133295,1.7790011889473907e-18,282475249,3,0.1,0.0,-3.540133319823724e-08,282475238,144,0,"[1361, 995, 1108, 1227, 507, 1180, 1296, 1321, 1308, 1215]",0.500756424665451,0.08694328367710114
144,222,x273,22,-1.7790011889473907e-18,1.1969621672684e-11,-1.4862635073982899e-07,0.9999998814133295,1.7790011889473907e-18,282475249,3,0.1,0.0,-3.540133319823724e-08,282475238,145,0,"[1361, 995, 1108, 1227, 507, 1180, 1296, 1321, 1308, 1215]",0.500756424665451,0.08694328367710114
145,282,x349,28,-1.7790011889473907e-18,1.1969621672684e-11,-1.4862635073982899e-07,0.9999998814133295,1.7790011889473907e-18,282475249,3,0.1,0.0,-3.540133319823724e-08,282475238,146,0,"[1361, 995, 1108, 1227, 507, 1180, 1296, 1321, 1308, 1215]",0.500756424665451,0.08694328367710114
146,292,x360,29,-1.7790011889473907e-18,1.1969621672684e-11,-1.4862635073982899e-07,0.9999998814133295,1.7790011889473907e-18,282475249,3,0.1,0.0,-3.540133319823724e-08,282475238,147,0,"[1361, 995, 1108, 1227, 507, 1180, 1296, 1321, 1308, 1215]",0.500756424665451,0.08694328367710114
147,332,x425,33,-1.7790011889473907e-18,1.1969621672684e-11,-1.4862635073982899e-07,0.9999998814133295,1.7790011889473907e-18,282475249,3,0.1,0.0,-3.540133319823724e-08,282475238,148,0,"[1361, 995, 1108, 1227, 507, 1180, 1296, 1321, 1308, 1215]",0.500756424665451,0.08694328367710114
148,392,x498,39,-1.7790011889473907e-18,1.1969621672684e-11,-1.4862635073982899e-07,0.9999998814133295,1.7790011889473907e-18,282475249,3,0.1,0.0,-3.540133319823724e-08,282475238,149,0,"[1361, 995, 1108, 1227, 507, 1180, 1296, 1321, 1308, 1215]",0.500756424665451,0.08694328367710114
149,402,x523,40,-1.7790011889473907e-18,1.1969621672684e-11,-1.4862635073982899e-07,0.9999998814133295,1.7790011889473907e-18,282475249,3,0.1,0.0,-3.540133319823724e-08,282475238,150,0,"[1361, 995, 1108, 1227, 507, 1180, 1296, 1321, 1308, 1215]",0.500756424665451,0.08694328367710114
150,432,x564,43,-1.7790011889473907e-18,1.1969621672684e-11,-1.4862635073982899e-07,0.9999998814133295,1.7790011889473907e-18,282475249,3,0.1,0.0,-3.540133319823724e-08,282475238,151,0,"[1361, 995, 1108, 1227, 507, 1180, 1296, 1321, 1308, 1215]",0.500756424665451,0.08694328367710114
151,370,x473,37,-1.179965130389727e-14,1.3910761513363925e-06,-8.482390624382042e-09,0.9999999932320316,1.179965130389727e-14,282475249,3,0.1,0.777391714574788,0.7773917066941579,282475238,152,0,"[1361, 995, 1108, 1227, 507, 1180, 1296, 1321, 1308, 1215]",0.500756424665451,0.08694328367710114
152,89,x99,8,-5.451838505734696e-20,1.1969621672681694e-11,-4.5547291759249536e-09,0.9999999963658519,5.451838505734696e-20,282475249,3,0.1,0.0,-3.540133319823724e-08,282475238,153,0,"[1361, 995, 1108, 1227, 507, 1180, 1296, 1321, 1308, 1215]",0.500756424665451,0.08694328367710114
153,169,x185,16,-5.451838505734696e-20,1.1969621672681694e-11,-4.5547291759249536e-09,0.9999999963658519,5.451838505734696e-20,282475249,3,0.1,0.0,-3.540133319823724e-08,282475238,154,0,"[1361, 995, 1108, 1227, 507, 1180, 1296, 1321, 1308, 1215]",0.500756424665451,0.08694328367710114
154,199,x225,19,-5.451838505734696e-20,1.1969621672681694e-11,-4.5547291759249536e-09,0.9999999963658519,5.451838505734696e-20,282475249,3,0.1,0.0,-3.540133319823724e-08,282475238,155,0,"[1361, 995, 1108, 1227, 507, 1180, 1296, 1321, 1308, 1215]",0.500756424665451,0.08694328367710114
155,219,x270,21,-5.451838505734696e-20,1.1969621672681694e-11,-4.5547291759249536e-09,0.9999999963658519,5.451838505734696e-20,282475249,3,0.1,0.0,-3.540133319823724e-08,282475238,156,0,"[1361, 995, 1108, 1227, 507, 1180, 1296, 1321, 1308, 1215]",0.500756424665451,0.08694328367710114
156,229,x281,22,-5.451838505734696e-20,1.1969621672681694e-11,-4.5547291759249536e-09,0.9999999963658519,5.451838505734696e-20,282475249,3,0.1,0.0,-3.540133319823724e-08,282475238,157,0,"[1361, 995, 1108, 1227, 507, 1180, 1296, 1321, 1308, 1215]",0.500756424665451,0.08694328367710114
157,289,x356,28,-5.451838505734696e-20,1.1969621672681694e-11,-4.5547291759249536e-09,0.9999999963658519,5.451838505734696e-20,282475249,3,0.1,0.0,-3.540133319823724e-08,282475238,158,0,"[1361, 995, 1108, 1227, 507, 1180, 1296, 1321, 1308, 1215]",0.500756424665451,0.08694328367710114
158,299,x368,29,-5.451838505734696e-20,1.1969621672681694e-11,-4.5547291759249536e-09,0.9999999963658519,5.451838505734696e-20,282475249,3,0.1,0.0,-3.540133319823724e-08,282475238,159,0,"[1361, 995, 1108, 1227, 507, 1180, 1296, 1321, 1308, 1215]",0.500756424665451,0.08694328367710114
159,339,x432,33,-5.451838505734696e-20,1.1969621672681694e-11,-4.5547291759249536e-09,0.9999999963658519,5.451838505734696e-20,282475249,3,0.1,0.0,-3.540133319823724e-08,282475238,160,0,"[1361, 995, 1108, 1227, 507, 1180, 1296, 1321, 1308, 1215]",0.500756424665451,0.08694328367710114
160,399,x519,39,-5.451838505734696e-20,1.1969621672681694e-11,-4.5547291759249536e-09,0.9999999963658519,5.451838505734696e-20,282475249,3,0.1,0.0,-3.540133319823724e-08,282475238,161,0,"[1361, 995, 1108, 1227, 507, 1180, 1296, 1321, 1308, 1215]",0.500756424665451,0.08694328367710114
161,409,x541,40,-5.451838505734696e-20,1.1969621672681694e-11,-4.5547291759249536e-09,0.9999999963658519,5.451838505734696e-20,282475249,3,0.1,0.0,-3.540133319823724e-08,282475238,162,0,"[1361, 995, 1108, 1227, 507, 1180, 1296, 1321, 1308, 1215]",0.500756424665451,0.08694328367710114
162,439,x571,43,-5.451838505734696e-20,1.1969621672681694e-11,-4.5547291759249536e-09,0.9999999963658519,5.451838505734696e-20,282475249,3,0.1,0.0,-3.540133319823724e-08,282475238,163,0,"[1361, 995, 1108, 1227, 507, 1180, 1296, 1321, 1308, 1215]",0.500756424665451,0.08694328367710114
163,240,x295,24,-1.1625384277727601e-15,5.947217863407218e-07,-1.9547601155252293e-09,0.9999999984403269,1.1625384277727601e-15,282475249,3,0.1,0.7128026892979034,0.7128026791307357,282475238,164,0,"[1361, 995, 1108, 1227, 507, 1180, 1296, 1321, 1308, 1215]",0.500756424665451,0.08694328367710114
164,241,x296,24,7.139323418034461e-16,5.947217863407218e-07,1.2004476012157177e-09,0.9999999990421813,7.139323418034461e-16,282475249,3,0.1,0.7128026892979034,0.7128026791307357,282475238,165,0,"[1361, 995, 1108, 1227, 507, 1180, 1296, 1321, 1308, 1215]",0.500756424665451,0.08694328367710114
165,10,x12,1,2.241915627654575e-16,3.3455320898496266e-07,6.701222906982617e-10,0.9999999994653199,2.241915627654575e-16,282475249,3,0.1,0.7500000000423646,0.7499999911920313,282475238,166,0,"[1361, 995, 1108, 1227, 507, 1180, 1296, 1321, 1308, 1215]",0.500756424665451,0.08694328367710114
166,150,x164,15,2.85499829852475e-16,6.268893391175238e-07,4.5542301015100206e-10,0.9999999996366251,2.85499829852475e-16,282475249,3,0.1,0.6190142215412153,0.6190142080538108,282475238,167,0,"[1361, 995, 1108, 1227, 507, 1180, 1296, 1321, 1308, 1215]",0.500756424665451,0.08694328367710114
167,206,x246,20,1.9358623996400604e-16,4.4868940115613933e-07,4.314482122046828e-10,0.999999999655754,1.9358623996400604e-16,282475249,3,0.1,0.7500000000415796,0.7499999911912463,282475238,168,0,"[1361, 995, 1108, 1227, 507, 1180, 1296, 1321, 1308, 1215]",0.500756424665451,0.08694328367710114
168,76,x84,7,1.0568687958074244e-16,3.007388764349748e-07,3.514240687255938e-10,0.9999999997196041,1.0568687958074244e-16,282475249,3,0.1,0.7500000000686086,0.7499999912182753,282475238,169,0,"[1361, 995, 1108, 1227, 507, 1180, 1296, 1321, 1308, 1215]",0.500756424665451,0.08694328367710114
169,116,x126,11,2.135215451515265e-16,6.751055636293524e-07,3.1627875202751913e-10,0.9999999997476461,2.135215451515265e-16,282475249,3,0.1,0.6249999998789815,0.6249999866034815,282475238,170,0,"[1361, 995, 1108, 1227, 507, 1180, 1296, 1321, 1308, 1215]",0.500756424665451,0.08694328367710114
170,207,x247,20,-1.3890212557946696e-16,4.4868940115613197e-07,-3.095730035555993e-10,0.9999999997529965,1.3890212557946696e-16,282475249,3,0.1,0.7500000000415796,0.7499999911912463,282475238,171,0,"[1361, 995, 1108, 1227, 507, 1180, 1296, 1321, 1308, 1215]",0.500756424665451,0.08694328367710114
171,46,x51,4,-2.9758265249556494e-16,9.933953159426237e-07,-2.9956115930866e-10,0.9999999997609847,2.9758265249556494e-16,282475249,3,0.1,0.37499999991967303,0.37499997779383976,282475238,172,0,"[1361, 995, 1108, 1227, 507, 1180, 1296, 1321, 1308, 1215]",0.500756424665451,0.08694328367710114
172,20,x23,2,-1.9892360280699859e-16,6.976394417598897e-07,-2.851381256558358e-10,0.9999999997724927,1.9892360280699859e-16,282475249,3,0.1,0.7496529098709703,0.7496529010083497,282475238,173,0,"[1361, 995, 1108, 1227, 507, 1180, 1296, 1321, 1308, 1215]",0.500756424665451,0.08694328367710114
173,186,x211,18,1.599956073984397e-16,6.203952488576879e-07,2.578930249595464e-10,0.999999999794231,1.599956073984397e-16,282475249,3,0.1,0.6249999999283125,0.6249999866528125,282475238,174,0,"[1361, 995, 1108, 1227, 507, 1180, 1296, 1321, 1308, 1215]",0.500756424665451,0.08694328367710114
174,320,x411,32,-1.0191686355307607e-16,4.076591871466458e-07,-2.5000506983892375e-10,0.9999999998005247,1.0191686355307607e-16,282475249,3,0.1,0.7500000000356106,0.7499999911852773,282475238,175,0,"[1361, 995, 1108, 1227, 507, 1180, 1296, 1321, 1308, 1215]",0.500756424665451,0.08694328367710114
175,66,x73,6,3.5498334255787324e-16,1.456550698368457e-06,2.437150611753541e-10,0.9999999998055435,3.5498334255787324e-16,282475249,3,0.1,0.8956392471548467,0.8956392434603369,282475238,176,0,"[1361, 995, 1108, 1227, 507, 1180, 1296, 1321, 1308, 1215]",0.500756424665451,0.08694328367710114
176,386,x491,38,3.614271438263104e-16,1.5488044866290908e-06,2.3335879185948237e-10,0.9999999998138067,3.614271438263104e-16,282475249,3,0.1,0.8916284124702142,0.8916284086337155,282475238,177,0,"[1361, 995, 1108, 1227, 507, 1180, 1296, 1321, 1308, 1215]",0.500756424665451,0.08694328367710114
177,70,x78,7,-6.624284463843621e-17,3.007388764349784e-07,-2.202669818538021e-10,0.9999999998242524,6.624284463843621e-17,282475249,3,0.1,0.7500000000686086,0.7499999912182753,282475238,178,0,"[1361, 995, 1108, 1227, 507, 1180, 1296, 1321, 1308, 1215]",0.500756424665451,0.08694328367710114
178,176,x199,17,1.1697224424231465e-16,5.800889741792792e-07,2.0164535002205342e-10,0.9999999998391103,1.1697224424231465e-16,282475249,3,0.1,0.7500000000263258,0.7499999911759925,282475238,179,0,"[1361, 995, 1108, 1227, 507, 1180, 1296, 1321, 1308, 1215]",0.500756424665451,0.08694328367710114
179,356,x449,35,8.345799701509643e-17,4.140529502761705e-07,2.0156358494591213e-10,0.9999999998391755,8.345799701509643e-17,282475249,3,0.1,0.7500000003715216,0.7499999915211883,282475238,180,0,"[1361, 995, 1108, 1227, 507, 1180, 1296, 1321, 1308, 1215]",0.500756424665451,0.08694328367710114
180,56,x62,5,9.685173775138725e-17,4.965299534272949e-07,1.9505719057404035e-10,0.9999999998443667,9.685173775138725e-17,282475249,3,0.1,0.37499999991116406,0.3749999777853309,282475238,181,0,"[1361, 995, 1108, 1227, 507, 1180, 1296, 1321, 1308, 1215]",0.500756424665451,0.08694328367710114
181,326,x418,32,7.81772798171477e-17,4.0765918714664083e-07,1.9177117131675538e-10,0.9999999998469888,7.81772798171477e-17,282475249,3,0.1,0.7500000000356106,0.7499999911852773,282475238,182,0,"[1361, 995, 1108, 1227, 507, 1180, 1296, 1321, 1308, 1215]",0.500756424665451,0.08694328367710114
182,172,x189,17,-1.0880908935687538e-16,5.80088974179286e-07,-1.8757310378260376e-10,0.9999999998503382,1.0880908935687538e-16,282475249,3,0.1,0.7500000000263258,0.7499999911759925,282475238,183,0,"[1361, 995, 1108, 1227, 507, 1180, 1296, 1321, 1308, 1215]",0.500756424665451,0.08694328367710114
183,135,x146,13,-6.497388550708281e-17,3.9262855130803044e-07,-1.654843624861825e-10,0.9999999998679627,6.497388550708281e-17,282475249,3,0.1,0.6250000000082516,0.6249999867327517,282475238,184,0,"[1361, 995, 1108, 1227, 507, 1180, 1296, 1321, 1308, 1215]",0.500756424665451,0.08694328367710114
184,446,x578,44,9.42565615097721e-17,5.837516507298857e-07,1.6146688646091146e-10,0.9999999998711682,9.42565615097721e-17,282475249,3,0.1,0.37499999986394617,0.3749999777381129,282475238,185,0,"[1361, 995, 1108, 1227, 507, 1180, 1296, 1321, 1308, 1215]",0.500756424665451,0.08694328367710114
185,21,x24,2,-1.1211287932226846e-16,6.976394417598897e-07,-1.607031836380245e-10,0.9999999998717775,1.1211287932226846e-16,282475249,3,0.1,0.7496529098709703,0.7496529010083497,282475238,186,0,"[1361, 995, 1108, 1227, 507, 1180, 1296, 1321, 1308, 1215]",0.500756424665451,0.08694328367710114
186,315,x406,31,-6.119451956757832e-17,3.8782919666327004e-07,-1.5778729423692674e-10,0.999999999874104,6.119451956757832e-17,282475249,3,0.1,0.6249999998148528,0.6249999865393528,282475238,187,0,"[1361, 995, 1108, 1227, 507, 1180, 1296, 1321, 1308, 1215]",0.500756424665451,0.08694328367710114
187,11,x13,1,-5.0387765228266264e-17,3.3455320898496266e-07,-1.506121115416683e-10,0.999999999879829,5.0387765228266264e-17,282475249,3,0.1,0.7500000000423646,0.7499999911920313,282475238,188,0,"[1361, 995, 1108, 1227, 507, 1180, 1296, 1321, 1308, 1215]",0.500756424665451,0.08694328367710114
188,133,x144,13,-5.746542517883472e-17,3.9262855130804383e-07,-1.4636079059301313e-10,0.999999999883221,5.746542517883472e-17,282475249,3,0.1,0.6250000000082516,0.6249999867327517,282475238,189,0,"[1361, 995, 1108, 1227, 507, 1180, 1296, 1321, 1308, 1215]",0.500756424665451,0.08694328367710114
189,146,x160,14,6.003722732517398e-17,4.2016214378400005e-07,1.42890615476387e-10,0.9999999998859896,6.003722732517398e-17,282475249,3,0.1,0.6250000000771503,0.6249999868016504,282475238,190,0,"[1361, 995, 1108, 1227, 507, 1180, 1296, 1321, 1308, 1215]",0.500756424665451,0.08694328367710114
190,266,x325,26,1.3120865808028784e-16,9.217617988052586e-07,1.4234551513238445e-10,0.9999999998864249,1.3120865808028784e-16,282475249,3,0.1,0.7927144588551923,0.7927144515170078,282475238,191,0,"[1361, 995, 1108, 1227, 507, 1180, 1296, 1321, 1308, 1215]",0.500756424665451,0.08694328367710114
191,310,x390,31,5.214685193663501e-17,3.8782919666328333e-07,1.3445829345826523e-10,0.9999999998927178,5.214685193663501e-17,282475249,3,0.1,0.6249999998148528,0.6249999865393528,282475238,192,0,"[1361, 995, 1108, 1227, 507, 1180, 1296, 1321, 1308, 1215]",0.500756424665451,0.08694328367710114
192,416,x548,41,2.2453917597573653e-16,1.7346376905068031e-06,1.294444235845779e-10,0.9999999998967184,2.2453917597573653e-16,282475249,3,0.1,0.7499999999974544,0.7499999911471211,282475238,193,0,"[1361, 995, 1108, 1227, 507, 1180, 1296, 1321, 1308, 1215]",0.500756424665451,0.08694328367710114
193,45,x49,4,-1.2768228161983448e-16,9.93395315942602e-07,-1.2853118951812324e-10,0.9999999998974469,1.2768228161983448e-16,282475249,3,0.1,0.37499999991967303,0.37499997779383976,282475238,194,0,"[1361, 995, 1108, 1227, 507, 1180, 1296, 1321, 1308, 1215]",0.500756424665451,0.08694328367710114
194,276,x341,27,-1.5549262402618206e-16,1.253419703613229e-06,-1.2405471493542345e-10,0.9999999999010185,1.5549262402618206e-16,282475249,3,0.1,0.7673369828708615,0.7673369746342805,282475238,195,0,"[1361, 995, 1108, 1227, 507, 1180, 1296, 1321, 1308, 1215]",0.500756424665451,0.08694328367710114
195,200,x226,20,5.307632515252457e-17,4.4868940115614473e-07,1.182919075328323e-10,0.9999999999056166,5.307632515252457e-17,282475249,3,0.1,0.7500000000415796,0.7499999911912463,282475238,196,0,"[1361, 995, 1108, 1227, 507, 1180, 1296, 1321, 1308, 1215]",0.500756424665451,0.08694328367710114
196,245,x300,24,-7.009654044561033e-17,5.947217863407015e-07,-1.1786442342546662e-10,0.9999999999059579,7.009654044561033e-17,282475249,3,0.1,0.7128026892979034,0.7128026791307357,282475238,197,0,"[1361, 995, 1108, 1227, 507, 1180, 1296, 1321, 1308, 1215]",0.500756424665451,0.08694328367710114
197,350,x443,35,4.635620355085817e-17,4.1405295027617555e-07,1.1195718692485667e-10,0.9999999999106712,4.635620355085817e-17,282475249,3,0.1,0.7500000003715216,0.7499999915211883,282475238,198,0,"[1361, 995, 1108, 1227, 507, 1180, 1296, 1321, 1308, 1215]",0.500756424665451,0.08694328367710114
198,145,x157,14,-4.624611766682389e-17,4.201621437839908e-07,-1.100673117533393e-10,0.9999999999121791,4.624611766682389e-17,282475249,3,0.1,0.6250000000771503,0.6249999868016504,282475238,199,0,"[1361, 995, 1108, 1227, 507, 1180, 1296, 1321, 1308, 1215]",0.500756424665451,0.08694328367710114
199,12,x15,1,-3.663404875181018e-17,3.345532089849626e-07,-1.0950141193670869e-10,0.9999999999126306,3.663404875181018e-17,282475249,3,0.1,0.7500000000423646,0.7499999911920313,282475238,200,0,"[1361, 995, 1108, 1227, 507, 1180, 1296, 1321, 1308, 1215]",0.500756424665451,0.08694328367710114
200,1,x2,0,1.288238020755065e-16,1.2256133951293281e-06,1.0510965577519072e-10,0.9999999999161346,1.288238020755065e-16,282475249,3,0.1,0.7095893392238554,0.7095893289429308,282475238,201,0,"[1361, 995, 1108, 1227, 507, 1180, 1296, 1321, 1308, 1215]",0.500756424665451,0.08694328367710114
201,355,x448,35,-4.315010624021819e-17,4.140529502761614e-07,-1.0421398087234569e-10,0.9999999999168492,4.315010624021819e-17,282475249,3,0.1,0.7500000003715216,0.7499999915211883,282475238,202,0,"[1361, 995, 1108, 1227, 507, 1180, 1296, 1321, 1308, 1215]",0.500756424665451,0.08694328367710114
202,255,x310,25,-7.069609262815655e-17,6.797105404995805e-07,-1.0400911625733452e-10,0.9999999999170128,7.069609262815655e-17,282475249,3,0.1,0.3749999999344854,0.37499997780865213,282475238,203,0,"[1361, 995, 1108, 1227, 507, 1180, 1296, 1321, 1308, 1215]",0.500756424665451,0.08694328367710114
203,15,x18,1,-3.0997963689955206e-17,3.345532089849512e-07,-9.26548090332308e-11,0.9999999999260722,3.0997963689955206e-17,282475249,3,0.1,0.7500000000423646,0.7499999911920313,282475238,204,0,"[1361, 995, 1108, 1227, 507, 1180, 1296, 1321, 1308, 1215]",0.500756424665451,0.08694328367710114
204,74,x82,7,-2.7805096439475463e-17,3.007388764349784e-07,-9.245594307288402e-11,0.9999999999262308,2.7805096439475463e-17,282475249,3,0.1,0.7500000000686086,0.7499999912182753,282475238,205,0,"[1361, 995, 1108, 1227, 507, 1180, 1296, 1321, 1308, 1215]",0.500756424665451,0.08694328367710114
205,155,x169,15,-5.5482402574994137e-17,6.268893391175024e-07,-8.850430070018254e-11,0.9999999999293838,5.5482402574994137e-17,282475249,3,0.1,0.6190142215412153,0.6190142080538108,282475238,206,0,"[1361, 995, 1108, 1227, 507, 1180, 1296, 1321, 1308, 1215]",0.500756424665451,0.08694328367710114
206,36,x39,3,1.3504475949340122e-16,1.5813957505906662e-06,8.539592916128726e-11,0.9999999999318641,1.3504475949340122e-16,282475249,3,0.1,0.7457385127698084,0.7457385037686128,282475238,207,0,"[1361, 995, 1108, 1227, 507, 1180, 1296, 1321, 1308, 1215]",0.500756424665451,0.08694328367710114
207,26,x29,2,5.904358520617548e-17,6.976394417598812e-07,8.463338176125877e-11,0.9999999999324722,5.904358520617548e-17,282475249,3,0.1,0.7496529098709703,0.7496529010083497,282475238,208,0,"[1361, 995, 1108, 1227, 507, 1180, 1296, 1321, 1308, 1215]",0.500756424665451,0.08694328367710114
208,55,x61,5,-4.201891691697397e-17,4.965299534272839e-07,-8.462514018930699e-11,0.9999999999324789,4.201891691697397e-17,282475249,3,0.1,0.37499999991116406,0.3749999777853309,282475238,209,0,"[1361, 995, 1108, 1227, 507, 1180, 1296, 1321, 1308, 1215]",0.500756424665451,0.08694328367710114
209,14,x17,1,-2.6795548709353387e-17,3.3455320898496266e-07,-8.009353367331707e-11,0.9999999999360945,2.6795548709353387e-17,282475249,3,0.1,0.7500000000423646,0.7499999911920313,282475238,210,0,"[1361, 995, 1108, 1227, 507, 1180, 1296, 1321, 1308, 1215]",0.500756424665451,0.08694328367710114
210,136,x147,13,-2.9723131804093985e-17,3.926285513080391e-07,-7.570293017426163e-11,0.9999999999395977,2.9723131804093985e-17,282475249,3,0.1,0.6250000000082516,0.6249999867327517,282475238,211,0,"[1361, 995, 1108, 1227, 507, 1180, 1296, 1321, 1308, 1215]",0.500756424665451,0.08694328367710114
211,275,x340,27,-9.10708737267952e-17,1.2534197036132014e-06,-7.265792412889912e-11,0.9999999999420273,9.10708737267952e-17,282475249,3,0.1,0.7673369828708615,0.7673369746342805,282475238,212,0,"[1361, 995, 1108, 1227, 507, 1180, 1296, 1321, 1308, 1215]",0.500756424665451,0.08694328367710114
212,445,x577,44,-4.233756828204706e-17,5.837516507298728e-07,-7.252667847553289e-11,0.9999999999421321,4.233756828204706e-17,282475249,3,0.1,0.37499999986394617,0.3749999777381129,282475238,213,0,"[1361, 995, 1108, 1227, 507, 1180, 1296, 1321, 1308, 1215]",0.500756424665451,0.08694328367710114
213,130,x140,13,-2.714937521548883e-17,3.926285513080439e-07,-6.914773549972502e-11,0.9999999999448281,2.714937521548883e-17,282475249,3,0.1,0.6250000000082516,0.6249999867327517,282475238,214,0,"[1361, 995, 1108, 1227, 507, 1180, 1296, 1321, 1308, 1215]",0.500756424665451,0.08694328367710114
214,380,x485,38,-1.0020826553161952e-16,1.5488044866291097e-06,-6.470039723975585e-11,0.9999999999483764,1.0020826553161952e-16,282475249,3,0.1,0.8916284124702142,0.8916284086337155,282475238,215,0,"[1361, 995, 1108, 1227, 507, 1180, 1296, 1321, 1308, 1215]",0.500756424665451,0.08694328367710114
215,175,x198,17,-3.697978074935528e-17,5.800889741792664e-07,-6.374846341748832e-11,0.9999999999491362,3.697978074935528e-17,282475249,3,0.1,0.7500000000263258,0.7499999911759925,282475238,216,0,"[1361, 995, 1108, 1227, 507, 1180, 1296, 1321, 1308, 1215]",0.500756424665451,0.08694328367710114
216,366,x469,36,-5.925721576583332e-17,9.392694319330084e-07,-6.3088623723102e-11,0.9999999999496627,5.925721576583332e-17,282475249,3,0.1,0.7657306360180111,0.7657306277245632,282475238,217,0,"[1361, 995, 1108, 1227, 507, 1180, 1296, 1321, 1308, 1215]",0.500756424665451,0.08694328367710114
217,354,x447,35,-2.552886274921687e-17,4.1405295027617555e-07,-6.165603392558604e-11,0.9999999999508056,2.552886274921687e-17,282475249,3,0.1,0.7500000003715216,0.7499999915211883,282475238,218,0,"[1361, 995, 1108, 1227, 507, 1180, 1296, 1321, 1308, 1215]",0.500756424665451,0.08694328367710114
218,54,x60,5,-3.0177587574574776e-17,4.965299534273009e-07,-6.077697300288493e-11,0.999999999951507,3.0177587574574776e-17,282475249,3,0.1,0.37499999991116406,0.3749999777853309,282475238,219,0,"[1361, 995, 1108, 1227, 507, 1180, 1296, 1321, 1308, 1215]",0.500756424665451,0.08694328367710114
219,256,x311,25,-3.983576776687759e-17,6.797105404995954e-07,-5.860695898227181e-11,0.9999999999532385,3.983576776687759e-17,282475249,3,0.1,0.3749999999344854,0.37499997780865213,282475238,220,0,"[1361, 995, 1108, 1227, 507, 1180, 1296, 1321, 1308, 1215]",0.500756424665451,0.08694328367710114
220,147,x161,14,-2.3788805494074484e-17,4.201621437839932e-07,-5.6618155266992326e-11,0.9999999999548252,2.3788805494074484e-17,282475249,3,0.1,0.6250000000771503,0.6249999868016504,282475238,221,0,"[1361, 995, 1108, 1227, 507, 1180, 1296, 1321, 1308, 1215]",0.500756424665451,0.08694328367710114
221,270,x335,27,-7.022125692521914e-17,1.2534197036132442e-06,-5.6023737877098704e-11,0.9999999999552995,7.022125692521914e-17,282475249,3,0.1,0.7673369828708615,0.7673369746342805,282475238,222,0,"[1361, 995, 1108, 1227, 507, 1180, 1296, 1321, 1308, 1215]",0.500756424665451,0.08694328367710114
222,204,x240,20,-2.4956571061749938e-17,4.4868940115614473e-07,-5.5621039849490465e-11,0.9999999999556208,2.4956571061749938e-17,282475249,3,0.1,0.7500000000415796,0.7499999911912463,282475238,223,0,"[1361, 995, 1108, 1227, 507, 1180, 1296, 1321, 1308, 1215]",0.500756424665451,0.08694328367710114
223,244,x299,24,-3.255881145595188e-17,5.947217863407218e-07,-5.474629012043393e-11,0.9999999999563189,3.255881145595188e-17,282475249,3,0.1,0.7128026892979034,0.7128026791307357,282475238,224,0,"[1361, 995, 1108, 1227, 507, 1180, 1296, 1321, 1308, 1215]",0.500756424665451,0.08694328367710114
224,317,x408,31,-2.0915381822754142e-17,3.878291966632723e-07,-5.3929363757813345e-11,0.9999999999569706,2.0915381822754142e-17,282475249,3,0.1,0.6249999998148528,0.6249999865393528,282475238,225,0,"[1361, 995, 1108, 1227, 507, 1180, 1296, 1321, 1308, 1215]",0.500756424665451,0.08694328367710114
225,324,x416,32,-2.1671162270056645e-17,4.0765918714664576e-07,-5.315999970892587e-11,0.9999999999575844,2.1671162270056645e-17,282475249,3,0.1,0.7500000000356106,0.7499999911852773,282475238,226,0,"[1361, 995, 1108, 1227, 507, 1180, 1296, 1321, 1308, 1215]",0.500756424665451,0.08694328367710114
226,106,x116,10,1.246509872490685e-16,2.3478938614918988e-06,5.309055460022489e-11,0.9999999999576399,1.246509872490685e-16,282475249,3,0.1,0.8610442807591638,0.8610442758399461,282475238,227,0,"[1361, 995, 1108, 1227, 507, 1180, 1296, 1321, 1308, 1215]",0.500756424665451,0.08694328367710114
227,247,x302,24,3.141193784402346e-17,5.94721786340705e-07,5.2817869742589436e-11,0.9999999999578575,3.141193784402346e-17,282475249,3,0.1,0.7128026892979034,0.7128026791307357,282475238,228,0,"[1361, 995, 1108, 1227, 507, 1180, 1296, 1321, 1308, 1215]",0.500756424665451,0.08694328367710114
228,154,x168,15,-3.276444098880304e-17,6.268893391175238e-07,-5.2265111151715806e-11,0.9999999999582985,3.276444098880304e-17,282475249,3,0.1,0.6190142215412153,0.6190142080538108,282475238,229,0,"[1361, 995, 1108, 1227, 507, 1180, 1296, 1321, 1308, 1215]",0.500756424665451,0.08694328367710114
229,174,x197,17,-3.017572381682811e-17,5.80088974179286e-07,-5.2019130099000647e-11,0.9999999999584948,3.017572381682811e-17,282475249,3,0.1,0.7500000000263258,0.7499999911759925,282475238,230,0,"[1361, 995, 1108, 1227, 507, 1180, 1296, 1321, 1308, 1215]",0.500756424665451,0.08694328367710114
230,246,x301,24,-3.084504069407957e-17,5.947217863407146e-07,-5.1864655713837463e-11,0.999999999958618,3.084504069407957e-17,282475249,3,0.1,0.7128026892979034,0.7128026791307357,282475238,231,0,"[1361, 995, 1108, 1227, 507, 1180, 1296, 1321, 1308, 1215]",0.500756424665451,0.08694328367710114
231,444,x576,44,-3.0124374393103653e-17,5.837516507298928e-07,-5.160477808574536e-11,0.9999999999588254,3.0124374393103653e-17,282475249,3,0.1,0.37499999986394617,0.3749999777381129,282475238,232,0,"[1361, 995, 1108, 1227, 507, 1180, 1296, 1321, 1308, 1215]",0.500756424665451,0.08694328367710114
232,95,x105,9,-6.840027772871893e-17,1.3328293318164925e-06,-5.131960716643086e-11,0.999999999959053,6.840027772871893e-17,282475249,3,0.1,0.37499999997973066,0.3749999778538974,282475238,233,0,"[1361, 995, 1108, 1227, 507, 1180, 1296, 1321, 1308, 1215]",0.500756424665451,0.08694328367710114
233,144,x156,14,-2.132470034007378e-17,4.2016214378400514e-07,-5.075350232179955e-11,0.9999999999595046,2.132470034007378e-17,282475249,3,0.1,0.6250000000771503,0.6249999868016504,282475238,234,0,"[1361, 995, 1108, 1227, 507, 1180, 1296, 1321, 1308, 1215]",0.500756424665451,0.08694328367710114
234,265,x324,26,-4.654380272501791e-17,9.217617988052383e-07,-5.049439322105416e-11,0.9999999999597113,4.654380272501791e-17,282475249,3,0.1,0.7927144588551923,0.7927144515170078,282475238,235,0,"[1361, 995, 1108, 1227, 507, 1180, 1296, 1321, 1308, 1215]",0.500756424665451,0.08694328367710114
235,346,x439,34,6.588282498418985e-17,1.3192625523281456e-06,4.993913066654116e-11,0.9999999999601543,6.588282498418985e-17,282475249,3,0.1,0.63394796652263,0.6339479535639,282475238,236,0,"[1361, 995, 1108, 1227, 507, 1180, 1296, 1321, 1308, 1215]",0.500756424665451,0.08694328367710114
236,13,x16,1,-1.6671642946257657e-17,3.3455320898496266e-07,-4.9832560258021636e-11,0.9999999999602394,1.6671642946257657e-17,282475249,3,0.1,0.7500000000423646,0.7499999911920313,282475238,237,0,"[1361, 995, 1108, 1227, 507, 1180, 1296, 1321, 1308, 1215]",0.500756424665451,0.08694328367710114
237,71,x79,7,1.465920471589967e-17,3.007388764349784e-07,4.87439631672265e-11,0.999999999961108,1.465920471589967e-17,282475249,3,0.1,0.7500000000686086,0.7499999912182753,282475238,238,0,"[1361, 995, 1108, 1227, 507, 1180, 1296, 1321, 1308, 1215]",0.500756424665451,0.08694328367710114
238,137,x148,13,-1.8700548241486934e-17,3.926285513080327e-07,-4.762910944501234e-11,0.9999999999619975,1.8700548241486934e-17,282475249,3,0.1,0.6250000000082516,0.6249999867327517,282475238,239,0,"[1361, 995, 1108, 1227, 507, 1180, 1296, 1321, 1308, 1215]",0.500756424665451,0.08694328367710114
239,184,x208,18,-2.908528074142916e-17,6.203952488576953e-07,-4.6881856034491754e-11,0.9999999999625937,2.908528074142916e-17,282475249,3,0.1,0.6249999999283125,0.6249999866528125,282475238,240,0,"[1361, 995, 1108, 1227, 507, 1180, 1296, 1321, 1308, 1215]",0.500756424665451,0.08694328367710114
240,254,x309,25,-3.144930947912698e-17,6.797105404996037e-07,-4.6268679982527535e-11,0.9999999999630831,3.144930947912698e-17,282475249,3,0.1,0.3749999999344854,0.37499997780865213,282475238,241,0,"[1361, 995, 1108, 1227, 507, 1180, 1296, 1321, 1308, 1215]",0.500756424665451,0.08694328367710114
241,185,x209,18,-2.747375871038603e-17,6.203952488576742e-07,-4.428428290025288e-11,0.9999999999646663,2.747375871038603e-17,282475249,3,0.1,0.6249999999283125,0.6249999866528125,282475238,242,0,"[1361, 995, 1108, 1227, 507, 1180, 1296, 1321, 1308, 1215]",0.500756424665451,0.08694328367710114
242,24,x27,2,-3.068266768632707e-17,6.976394417598896e-07,-4.39806952555978e-11,0.9999999999649085,3.068266768632707e-17,282475249,3,0.1,0.7496529098709703,0.7496529010083497,282475238,243,0,"[1361, 995, 1108, 1227, 507, 1180, 1296, 1321, 1308, 1215]",0.500756424665451,0.08694328367710114
243,44,x48,4,-4.3141262205698014e-17,9.933953159426358e-07,-4.3428091026140124e-11,0.9999999999653495,4.3141262205698014e-17,282475249,3,0.1,0.37499999991967303,0.37499997779383976,282475238,244,0,"[1361, 995, 1108, 1227, 507, 1180, 1296, 1321, 1308, 1215]",0.500756424665451,0.08694328367710114
244,32,x35,3,6.772796188440314e-17,1.581395750590685e-06,4.282796501704605e-11,0.9999999999658282,6.772796188440314e-17,282475249,3,0.1,0.7457385127698084,0.7457385037686128,282475238,245,0,"[1361, 995, 1108, 1227, 507, 1180, 1296, 1321, 1308, 1215]",0.500756424665451,0.08694328367710114
245,347,x440,34,-5.582476759938484e-17,1.3192625523281242e-06,-4.231513090466334e-11,0.9999999999662375,5.582476759938484e-17,282475249,3,0.1,0.63394796652263,0.6339479535639,282475238,246,0,"[1361, 995, 1108, 1227, 507, 1180, 1296, 1321, 1308, 1215]",0.500756424665451,0.08694328367710114
246,73,x81,7,-1.2697124349102647e-17,3.007388764349784e-07,-4.221976386830003e-11,0.9999999999663136,1.2697124349102647e-17,282475249,3,0.1,0.7500000000686086,0.7499999912182753,282475238,247,0,"[1361, 995, 1108, 1227, 507, 1180, 1296, 1321, 1308, 1215]",0.500756424665451,0.08694328367710114
247,132,x143,13,-1.6524363322314723e-17,3.926285513080438e-07,-4.208650457859912e-11,0.99999999996642,1.6524363322314723e-17,282475249,3,0.1,0.6250000000082516,0.6249999867327517,282475238,248,0,"[1361, 995, 1108, 1227, 507, 1180, 1296, 1321, 1308, 1215]",0.500756424665451,0.08694328367710114
248,170,x186,17,2.4305294665083708e-17,5.800889741792862e-07,4.1899252954205867e-11,0.9999999999665692,2.4305294665083708e-17,282475249,3,0.1,0.7500000000263258,0.7499999911759925,282475238,249,0,"[1361, 995, 1108, 1227, 507, 1180, 1296, 1321, 1308, 1215]",0.500756424665451,0.08694328367710114
249,375,x478,37,-5.817203038079265e-17,1.391076151336345e-06,-4.181800566770508e-11,0.999999999966634,5.817203038079265e-17,282475249,3,0.1,0.777391714574788,0.7773917066941579,282475238,250,0,"[1361, 995, 1108, 1227, 507, 1180, 1296, 1321, 1308, 1215]",0.500756424665451,0.08694328367710114
250,313,x393,31,1.603084580871657e-17,3.878291966632833e-07,4.133480910318026e-11,0.9999999999670195,1.603084580871657e-17,282475249,3,0.1,0.6249999998148528,0.6249999865393528,282475238,251,0,"[1361, 995, 1108, 1227, 507, 1180, 1296, 1321, 1308, 1215]",0.500756424665451,0.08694328367710114
251,357,x453,35,1.6209462405147088e-17,4.140529502761638e-07,3.914828379881305e-11,0.9999999999687641,1.6209462405147088e-17,282475249,3,0.1,0.7500000003715216,0.7499999915211883,282475238,252,0,"[1361, 995, 1108, 1227, 507, 1180, 1296, 1321, 1308, 1215]",0.500756424665451,0.08694328367710114
252,364,x461,36,-3.6610234730497227e-17,9.392694319330196e-07,-3.89773514242375e-11,0.9999999999689004,3.6610234730497227e-17,282475249,3,0.1,0.7657306360180111,0.7657306277245632,282475238,253,0,"[1361, 995, 1108, 1227, 507, 1180, 1296, 1321, 1308, 1215]",0.500756424665451,0.08694328367710114
253,114,x124,11,-2.5806349841583047e-17,6.751055636293606e-07,-3.822565126385328e-11,0.9999999999695004,2.5806349841583047e-17,282475249,3,0.1,0.6249999998789815,0.6249999866034815,282475238,254,0,"[1361, 995, 1108, 1227, 507, 1180, 1296, 1321, 1308, 1215]",0.500756424665451,0.08694328367710114
254,235,x288,23,-6.64722226904857e-17,1.7502097858005861e-06,-3.7979574351471124e-11,0.9999999999696967,6.64722226904857e-17,282475249,3,0.1,0.6471896647924122,0.6471896523024561,282475238,255,0,"[1361, 995, 1108, 1227, 507, 1180, 1296, 1321, 1308, 1215]",0.500756424665451,0.08694328367710114
255,410,x542,41,-6.523739344958619e-17,1.734637690506824e-06,-3.7608656727921795e-11,0.9999999999699927,6.523739344958619e-17,282475249,3,0.1,0.7499999999974544,0.7499999911471211,282475238,256,0,"[1361, 995, 1108, 1227, 507, 1180, 1296, 1321, 1308, 1215]",0.500756424665451,0.08694328367710114
256,152,x166,15,2.3063946226521907e-17,6.268893391175236e-07,3.679109658969346e-11,0.999999999970645,2.3063946226521907e-17,282475249,3,0.1,0.6190142215412153,0.6190142080538108,282475238,257,0,"[1361, 995, 1108, 1227, 507, 1180, 1296, 1321, 1308, 1215]",0.500756424665451,0.08694328367710114
257,62,x68,6,-5.295191298121276e-17,1.4565506983684742e-06,-3.635432191994812e-11,0.9999999999709934,5.295191298121276e-17,282475249,3,0.1,0.8956392471548467,0.8956392434603369,282475238,258,0,"[1361, 995, 1108, 1227, 507, 1180, 1296, 1321, 1308, 1215]",0.500756424665451,0.08694328367710114
258,4,x5,0,-4.3927310608006257e-17,1.2256133951293281e-06,-3.584108233687426e-11,0.9999999999714031,4.3927310608006257e-17,282475249,3,0.1,0.7095893392238554,0.7095893289429308,282475238,259,0,"[1361, 995, 1108, 1227, 507, 1180, 1296, 1321, 1308, 1215]",0.500756424665451,0.08694328367710114
259,205,x245,20,-1.604186034376053e-17,4.486894011561294e-07,-3.575270622044063e-11,0.9999999999714735,1.604186034376053e-17,282475249,3,0.1,0.7500000000415796,0.7499999911912463,282475238,260,0,"[1361, 995, 1108, 1227, 507, 1180, 1296, 1321, 1308, 1215]",0.500756424665451,0.08694328367710114
260,305,x385,30,4.8448445038698755e-17,1.3552236773053837e-06,3.574940864007755e-11,0.9999999999714762,4.8448445038698755e-17,282475249,3,0.1,0.7494611580488618,0.7494611491794527,282475238,261,0,"[1361, 995, 1108, 1227, 507, 1180, 1296, 1321, 1308, 1215]",0.500756424665451,0.08694328367710114
261,264,x322,26,-3.270151221834736e-17,9.217617988052697e-07,-3.547718321667596e-11,0.9999999999716933,3.270151221834736e-17,282475249,3,0.1,0.7927144588551923,0.7927144515170078,282475238,262,0,"[1361, 995, 1108, 1227, 507, 1180, 1296, 1321, 1308, 1215]",0.500756424665451,0.08694328367710114
262,157,x171,15,-2.214557863573294e-17,6.268893391175059e-07,-3.532613693336698e-11,0.9999999999718137,2.214557863573294e-17,282475249,3,0.1,0.6190142215412153,0.6190142080538108,282475238,263,0,"[1361, 995, 1108, 1227, 507, 1180, 1296, 1321, 1308, 1215]",0.500756424665451,0.08694328367710114
263,60,x66,6,4.932546149710127e-17,1.4565506983684746e-06,3.3864568910888014e-11,0.9999999999729798,4.932546149710127e-17,282475249,3,0.1,0.8956392471548467,0.8956392434603369,282475238,264,0,"[1361, 995, 1108, 1227, 507, 1180, 1296, 1321, 1308, 1215]",0.500756424665451,0.08694328367710114
264,274,x339,27,-4.177858903217131e-17,1.253419703613244e-06,-3.333168364254671e-11,0.9999999999734053,4.177858903217131e-17,282475249,3,0.1,0.7673369828708615,0.7673369746342805,282475238,265,0,"[1361, 995, 1108, 1227, 507, 1180, 1296, 1321, 1308, 1215]",0.500756424665451,0.08694328367710114
265,345,x438,34,-4.347181567214802e-17,1.3192625523281165e-06,-3.295160284465958e-11,0.9999999999737086,4.347181567214802e-17,282475249,3,0.1,0.63394796652263,0.6339479535639,282475238,266,0,"[1361, 995, 1108, 1227, 507, 1180, 1296, 1321, 1308, 1215]",0.500756424665451,0.08694328367710114
266,231,x283,23,5.760672236752886e-17,1.750209785800646e-06,3.291418139407571e-11,0.9999999999737381,5.760672236752886e-17,282475249,3,0.1,0.6471896647924122,0.6471896523024561,282475238,267,0,"[1361, 995, 1108, 1227, 507, 1180, 1296, 1321, 1308, 1215]",0.500756424665451,0.08694328367710114
267,115,x125,11,-2.206126454671545e-17,6.751055636293376e-07,-3.2678244315029886e-11,0.9999999999739266,2.206126454671545e-17,282475249,3,0.1,0.6249999998789815,0.6249999866034815,282475238,268,0,"[1361, 995, 1108, 1227, 507, 1180, 1296, 1321, 1308, 1215]",0.500756424665451,0.08694328367710114
268,57,x63,5,-1.6097848234103612e-17,4.965299534272869e-07,-3.2420699140079217e-11,0.999999999974132,1.6097848234103612e-17,282475249,3,0.1,0.37499999991116406,0.3749999777853309,282475238,269,0,"[1361, 995, 1108, 1227, 507, 1180, 1296, 1321, 1308, 1215]",0.500756424665451,0.08694328367710114
269,72,x80,7,9.419143947929575e-18,3.0073887643497834e-07,3.132000777413975e-11,0.9999999999750102,9.419143947929575e-18,282475249,3,0.1,0.7500000000686086,0.7499999912182753,282475238,270,0,"[1361, 995, 1108, 1227, 507, 1180, 1296, 1321, 1308, 1215]",0.500756424665451,0.08694328367710114
270,140,x152,14,-1.2525461626413927e-17,4.201621437840052e-07,-2.981101894047112e-11,0.9999999999762141,1.2525461626413927e-17,282475249,3,0.1,0.6250000000771503,0.6249999868016504,282475238,271,0,"[1361, 995, 1108, 1227, 507, 1180, 1296, 1321, 1308, 1215]",0.500756424665451,0.08694328367710114
271,2,x3,0,-3.6210350439172917e-17,1.225613395129328e-06,-2.954467581953277e-11,0.9999999999764269,3.6210350439172917e-17,282475249,3,0.1,0.7095893392238554,0.7095893289429308,282475238,272,0,"[1361, 995, 1108, 1227, 507, 1180, 1296, 1321, 1308, 1215]",0.500756424665451,0.08694328367710114
272,243,x298,24,-1.740329450372611e-17,5.947217863407218e-07,-2.92629173900073e-11,0.9999999999766516,1.740329450372611e-17,282475249,3,0.1,0.7128026892979034,0.7128026791307357,282475238,273,0,"[1361, 995, 1108, 1227, 507, 1180, 1296, 1321, 1308, 1215]",0.500756424665451,0.08694328367710114
273,260,x318,26,2.686399509066144e-17,9.217617988052698e-07,2.9144183590034736e-11,0.9999999999767462,2.686399509066144e-17,282475249,3,0.1,0.7927144588551923,0.7927144515170078,282475238,274,0,"[1361, 995, 1108, 1227, 507, 1180, 1296, 1321, 1308, 1215]",0.500756424665451,0.08694328367710114
274,153,x167,15,-1.8108395304015846e-17,6.268893391175238e-07,-2.8886111429980852e-11,0.9999999999769522,1.8108395304015846e-17,282475249,3,0.1,0.6190142215412153,0.6190142080538108,282475238,275,0,"[1361, 995, 1108, 1227, 507, 1180, 1296, 1321, 1308, 1215]",0.500756424665451,0.08694328367710114
275,77,x85,7,-8.479368260296094e-18,3.0073887643496987e-07,-2.8195118505503982e-11,0.9999999999775036,8.479368260296094e-18,282475249,3,0.1,0.7500000000686086,0.7499999912182753,282475238,276,0,"[1361, 995, 1108, 1227, 507, 1180, 1296, 1321, 1308, 1215]",0.500756424665451,0.08694328367710114
276,187,x212,18,-1.6993833764228182e-17,6.203952488576778e-07,-2.7391946981410015e-11,0.9999999999781444,1.6993833764228182e-17,282475249,3,0.1,0.6249999999283125,0.6249999866528125,282475238,277,0,"[1361, 995, 1108, 1227, 507, 1180, 1296, 1321, 1308, 1215]",0.500756424665451,0.08694328367710114
277,383,x488,38,-4.235839304762783e-17,1.5488044866291094e-06,-2.7349089838846362e-11,0.9999999999781786,4.235839304762783e-17,282475249,3,0.1,0.8916284124702142,0.8916284086337155,282475238,278,0,"[1361, 995, 1108, 1227, 507, 1180, 1296, 1321, 1308, 1215]",0.500756424665451,0.08694328367710114
278,447,x579,44,-1.5817565015902975e-17,5.837516507298762e-07,-2.709639449606003e-11,0.9999999999783802,1.5817565015902975e-17,282475249,3,0.1,0.37499999986394617,0.3749999777381129,282475238,279,0,"[1361, 995, 1108, 1227, 507, 1180, 1296, 1321, 1308, 1215]",0.500756424665451,0.08694328367710114
279,203,x239,20,-1.21334847964831e-17,4.4868940115614473e-07,-2.7042057969763867e-11,0.9999999999784237,1.21334847964831e-17,282475249,3,0.1,0.7500000000415796,0.7499999911912463,282475238,280,0,"[1361, 995, 1108, 1227, 507, 1180, 1296, 1321, 1308, 1215]",0.500756424665451,0.08694328367710114
280,323,x414,32,-1.0996832167919323e-17,4.0765918714664576e-07,-2.6975553390296763e-11,0.9999999999784768,1.0996832167919323e-17,282475249,3,0.1,0.7500000000356106,0.7499999911852773,282475238,281,0,"[1361, 995, 1108, 1227, 507, 1180, 1296, 1321, 1308, 1215]",0.500756424665451,0.08694328367710114
281,53,x59,5,-1.3105718513211995e-17,4.965299534273009e-07,-2.639461813481684e-11,0.9999999999789402,1.3105718513211995e-17,282475249,3,0.1,0.37499999991116406,0.3749999777853309,282475238,282,0,"[1361, 995, 1108, 1227, 507, 1180, 1296, 1321, 1308, 1215]",0.500756424665451,0.08694328367710114
282,92,x102,9,-3.503970337573147e-17,1.3328293318165378e-06,-2.628971507400367e-11,0.9999999999790239,3.503970337573147e-17,282475249,3,0.1,0.37499999997973066,0.3749999778538974,282475238,283,0,"[1361, 995, 1108, 1227, 507, 1180, 1296, 1321, 1308, 1215]",0.500756424665451,0.08694328367710114
283,117,x127,11,-1.7152636061592608e-17,6.751055636293415e-07,-2.540733921578234e-11,0.9999999999797278,1.7152636061592608e-17,282475249,3,0.1,0.6249999998789815,0.6249999866034815,282475238,284,0,"[1361, 995, 1108, 1227, 507, 1180, 1296, 1321, 1308, 1215]",0.500756424665451,0.08694328367710114
284,94,x104,9,-3.2720097070814505e-17,1.332829331816538e-06,-2.454935248627795e-11,0.9999999999804126,3.2720097070814505e-17,282475249,3,0.1,0.37499999997973066,0.3749999778538974,282475238,285,0,"[1361, 995, 1108, 1227, 507, 1180, 1296, 1321, 1308, 1215]",0.500756424665451,0.08694328367710114
285,78,x87,7,7.29626757270509e-18,3.007388764349825e-07,2.4261138630284427e-11,0.9999999999806424,7.29626757270509e-18,282475249,3,0.1,0.7500000000686086,0.7499999912182753,282475238,286,0,"[1361, 995, 1108, 1227, 507, 1180, 1296, 1321, 1308, 1215]",0.500756424665451,0.08694328367710114
286,374,x477,37,-3.323848636172979e-17,1.3910761513363925e-06,-2.3894081089520457e-11,0.9999999999809353,3.323848636172979e-17,282475249,3,0.1,0.777391714574788,0.7773917066941579,282475238,287,0,"[1361, 995, 1108, 1227, 507, 1180, 1296, 1321, 1308, 1215]",0.500756424665451,0.08694328367710114
287,316,x407,31,-9.004897855512204e-18,3.878291966632786e-07,-2.3218720851824995e-11,0.9999999999814742,9.004897855512204e-18,282475249,3,0.1,0.6249999998148528,0.6249999865393528,282475238,288,0,"[1361, 995, 1108, 1227, 507, 1180, 1296, 1321, 1308, 1215]",0.500756424665451,0.08694328367710114
288,344,x437,34,-3.0482003950157765e-17,1.3192625523281614e-06,-2.310533555005015e-11,0.9999999999815645,3.0482003950157765e-17,282475249,3,0.1,0.63394796652263,0.6339479535639,282475238,289,0,"[1361, 995, 1108, 1227, 507, 1180, 1296, 1321, 1308, 1215]",0.500756424665451,0.08694328367710114
289,143,x155,14,-9.621898444496446e-18,4.2016214378400514e-07,-2.2900441143604845e-11,0.999999999981728,9.621898444496446e-18,282475249,3,0.1,0.6250000000771503,0.6249999868016504,282475238,290,0,"[1361, 995, 1108, 1227, 507, 1180, 1296, 1321, 1308, 1215]",0.500756424665451,0.08694328367710114
290,443,x575,44,-1.3161930049778727e-17,5.837516507298928e-07,-2.2547139752533002e-11,0.99999999998201,1.3161930049778727e-17,282475249,3,0.1,0.37499999986394617,0.3749999777381129,282475238,291,0,"[1361, 995, 1108, 1227, 507, 1180, 1296, 1321, 1308, 1215]",0.500756424665451,0.08694328367710114
291,351,x444,35,-9.328922343361087e-18,4.1405295027617555e-07,-2.253074718375668e-11,0.999999999982023,9.328922343361087e-18,282475249,3,0.1,0.7500000003715216,0.7499999915211883,282475238,292,0,"[1361, 995, 1108, 1227, 507, 1180, 1296, 1321, 1308, 1215]",0.500756424665451,0.08694328367710114
292,318,x409,31,8.71056942282181e-18,3.8782919666328857e-07,2.2459808332543575e-11,0.9999999999820797,8.71056942282181e-18,282475249,3,0.1,0.6249999998148528,0.6249999865393528,282475238,293,0,"[1361, 995, 1108, 1227, 507, 1180, 1296, 1321, 1308, 1215]",0.500756424665451,0.08694328367710114
293,261,x319,26,2.061947003097221e-17,9.217617988052698e-07,2.236962961330995e-11,0.9999999999821516,2.061947003097221e-17,282475249,3,0.1,0.7927144588551923,0.7927144515170078,282475238,294,0,"[1361, 995, 1108, 1227, 507, 1180, 1296, 1321, 1308, 1215]",0.500756424665451,0.08694328367710114
294,353,x446,35,-9.172199983764361e-18,4.1405295027617555e-07,-2.2152239170488832e-11,0.999999999982325,9.172199983764361e-18,282475249,3,0.1,0.7500000003715216,0.7499999915211883,282475238,295,0,"[1361, 995, 1108, 1227, 507, 1180, 1296, 1321, 1308, 1215]",0.500756424665451,0.08694328367710114
295,18,x21,1,7.371944203611138e-18,3.345532089849672e-07,2.2035192028130832e-11,0.9999999999824185,7.371944203611138e-18,282475249,3,0.1,0.7500000000423646,0.7499999911920313,282475238,296,0,"[1361, 995, 1108, 1227, 507, 1180, 1296, 1321, 1308, 1215]",0.500756424665451,0.08694328367710114
296,23,x26,2,-1.532581167595424e-17,6.976394417598896e-07,-2.196809807268467e-11,0.999999999982472,1.532581167595424e-17,282475249,3,0.1,0.7496529098709703,0.7496529010083497,282475238,297,0,"[1361, 995, 1108, 1227, 507, 1180, 1296, 1321, 1308, 1215]",0.500756424665451,0.08694328367710114
297,113,x123,11,-1.467803484307943e-17,6.751055636293606e-07,-2.17418365865191e-11,0.9999999999826525,1.467803484307943e-17,282475249,3,0.1,0.6249999998789815,0.6249999866034815,282475238,298,0,"[1361, 995, 1108, 1227, 507, 1180, 1296, 1321, 1308, 1215]",0.500756424665451,0.08694328367710114
298,138,x149,13,8.415874762964047e-18,3.926285513080492e-07,2.143469886468115e-11,0.9999999999828977,8.415874762964047e-18,282475249,3,0.1,0.6250000000082516,0.6249999867327517,282475238,299,0,"[1361, 995, 1108, 1227, 507, 1180, 1296, 1321, 1308, 1215]",0.500756424665451,0.08694328367710114
299,110,x120,11,1.4407006027093826e-17,6.751055636293606e-07,2.1340375199460524e-11,0.999999999982973,1.4407006027093826e-17,282475249,3,0.1,0.6249999998789815,0.6249999866034815,282475238,300,0,"[1361, 995, 1108, 1227, 507, 1180, 1296, 1321, 1308, 1215]",0.500756424665451,0.08694328367710114
300,17,x20,1,-7.126494181739795e-18,3.345532089849532e-07,-2.1301526903184823e-11,0.9999999999830038,7.126494181739795e-18,282475249,3,0.1,0.7500000000423646,0.7499999911920313,282475238,301,0,"[1361, 995, 1108, 1227, 507, 1180, 1296, 1321, 1308, 1215]",0.500756424665451,0.08694328367710114
301,328,x420,32,8.677021900411296e-18,4.0765918714665137e-07,2.128499043807842e-11,0.9999999999830171,8.677021900411296e-18,282475249,3,0.1,0.7500000000356106,0.7499999911852773,282475238,302,0,"[1361, 995, 1108, 1227, 507, 1180, 1296, 1321, 1308, 1215]",0.500756424665451,0.08694328367710114
302,253,x308,25,-1.4206783095723184e-17,6.797105404996037e-07,-2.0901225226374825e-11,0.9999999999833233,1.4206783095723184e-17,282475249,3,0.1,0.3749999999344854,0.37499997780865213,282475238,303,0,"[1361, 995, 1108, 1227, 507, 1180, 1296, 1321, 1308, 1215]",0.500756424665451,0.08694328367710114
303,327,x419,32,-8.177654539412055e-18,4.076591871466342e-07,-2.006002758493106e-11,0.9999999999839944,8.177654539412055e-18,282475249,3,0.1,0.7500000000356106,0.7499999911852773,282475238,304,0,"[1361, 995, 1108, 1227, 507, 1180, 1296, 1321, 1308, 1215]",0.500756424665451,0.08694328367710114
304,183,x206,18,-1.2375465236309267e-17,6.203952488576953e-07,-1.9947711171379263e-11,0.9999999999840841,1.2375465236309267e-17,282475249,3,0.1,0.6249999999283125,0.6249999866528125,282475238,305,0,"[1361, 995, 1108, 1227, 507, 1180, 1296, 1321, 1308, 1215]",0.500756424665451,0.08694328367710114
305,361,x457,36,-1.8422929662750745e-17,9.392694319330197e-07,-1.9614105427487715e-11,0.9999999999843503,1.8422929662750745e-17,282475249,3,0.1,0.7657306360180111,0.7657306277245632,282475238,306,0,"[1361, 995, 1108, 1227, 507, 1180, 1296, 1321, 1308, 1215]",0.500756424665451,0.08694328367710114
306,257,x312,25,-1.3286741243357963e-17,6.797105404995844e-07,-1.9547646316610395e-11,0.9999999999844031,1.3286741243357963e-17,282475249,3,0.1,0.3749999999344854,0.37499997780865213,282475238,307,0,"[1361, 995, 1108, 1227, 507, 1180, 1296, 1321, 1308, 1215]",0.500756424665451,0.08694328367710114
307,90,x100,9,-2.5703294885512945e-17,1.332829331816538e-06,-1.9284760825665087e-11,0.999999999984613,2.5703294885512945e-17,282475249,3,0.1,0.37499999997973066,0.3749999778538974,282475238,308,0,"[1361, 995, 1108, 1227, 507, 1180, 1296, 1321, 1308, 1215]",0.500756424665451,0.08694328367710114
308,307,x387,30,-2.5646950945299482e-17,1.3552236773053916e-06,-1.8924515100188952e-11,0.9999999999849005,2.5646950945299482e-17,282475249,3,0.1,0.7494611580488618,0.7494611491794527,282475238,309,0,"[1361, 995, 1108, 1227, 507, 1180, 1296, 1321, 1308, 1215]",0.500756424665451,0.08694328367710114
309,105,x115,10,-4.4227036121357707e-17,2.347893861491847e-06,-1.883689754751347e-11,0.9999999999849702,4.4227036121357707e-17,282475249,3,0.1,0.8610442807591638,0.8610442758399461,282475238,310,0,"[1361, 995, 1108, 1227, 507, 1180, 1296, 1321, 1308, 1215]",0.500756424665451,0.08694328367710114
310,415,x547,41,-3.2504094690791054e-17,1.734637690506765e-06,-1.873826152209062e-11,0.9999999999850491,3.2504094690791054e-17,282475249,3,0.1,0.7499999999974544,0.7499999911471211,282475238,311,0,"[1361, 995, 1108, 1227, 507, 1180, 1296, 1321, 1308, 1215]",0.500756424665451,0.08694328367710114
311,47,x52,4,-1.8091895315734295e-17,9.933953159426076e-07,-1.821218101734993e-11,0.9999999999854687,1.8091895315734295e-17,282475249,3,0.1,0.37499999991967303,0.37499997779383976,282475238,312,0,"[1361, 995, 1108, 1227, 507, 1180, 1296, 1321, 1308, 1215]",0.500756424665451,0.08694328367710114
312,424,x556,42,-3.2730516637240075e-17,1.880858671241155e-06,-1.7401901130424448e-11,0.9999999999861153,3.2730516637240075e-17,282475249,3,0.1,0.7921177496796149,0.7921177423203061,282475238,313,0,"[1361, 995, 1108, 1227, 507, 1180, 1296, 1321, 1308, 1215]",0.500756424665451,0.08694328367710114
313,35,x38,3,-2.7470566343635508e-17,1.5813957505906315e-06,-1.737108901005684e-11,0.99999999998614,2.7470566343635508e-17,282475249,3,0.1,0.7457385127698084,0.7457385037686128,282475238,314,0,"[1361, 995, 1108, 1227, 507, 1180, 1296, 1321, 1308, 1215]",0.500756424665451,0.08694328367710114
314,267,x332,26,-1.5981637344274538e-17,9.217617988052437e-07,-1.7338142419212202e-11,0.9999999999861662,1.5981637344274538e-17,282475249,3,0.1,0.7927144588551923,0.7927144515170078,282475238,315,0,"[1361, 995, 1108, 1227, 507, 1180, 1296, 1321, 1308, 1215]",0.500756424665451,0.08694328367710114
315,301,x377,30,-2.3245309129033203e-17,1.35522367730543e-06,-1.7152378251870192e-11,0.9999999999863143,2.3245309129033203e-17,282475249,3,0.1,0.7494611580488618,0.7494611491794527,282475238,316,0,"[1361, 995, 1108, 1227, 507, 1180, 1296, 1321, 1308, 1215]",0.500756424665451,0.08694328367710114
316,414,x546,41,-2.9671425216541677e-17,1.734637690506824e-06,-1.7105257990717543e-11,0.999999999986352,2.9671425216541677e-17,282475249,3,0.1,0.7499999999974544,0.7499999911471211,282475238,317,0,"[1361, 995, 1108, 1227, 507, 1180, 1296, 1321, 1308, 1215]",0.500756424665451,0.08694328367710114
317,201,x228,20,7.673556892364274e-18,4.4868940115614473e-07,1.710215768991134e-11,0.9999999999863545,7.673556892364274e-18,282475249,3,0.1,0.7500000000415796,0.7499999911912463,282475238,318,0,"[1361, 995, 1108, 1227, 507, 1180, 1296, 1321, 1308, 1215]",0.500756424665451,0.08694328367710114
318,177,x200,17,-9.838526760788105e-18,5.800889741792696e-07,-1.6960375388461744e-11,0.9999999999864675,9.838526760788105e-18,282475249,3,0.1,0.7500000000263258,0.7499999911759925,282475238,319,0,"[1361, 995, 1108, 1227, 507, 1180, 1296, 1321, 1308, 1215]",0.500756424665451,0.08694328367710114
319,58,x64,5,8.355269279631228e-18,4.965299534273077e-07,1.6827321739522092e-11,0.9999999999865736,8.355269279631228e-18,282475249,3,0.1,0.37499999991116406,0.3749999777853309,282475238,320,0,"[1361, 995, 1108, 1227, 507, 1180, 1296, 1321, 1308, 1215]",0.500756424665451,0.08694328367710114
320,451,x583,45,-3.9822099813953815e-17,2.4175378331362906e-06,-1.6472172335062195e-11,0.999999999986857,3.9822099813953815e-17,40353607,3,0.1,0.37500000000862455,0.3749998606158462,40353597,321,0,"[1361, 995, 1108, 1227, 507, 1180, 1296, 1321, 1308, 1215]",0.500756424665451,0.08694328367710114
321,263,x321,26,-1.4839463405737264e-17,9.217617988052697e-07,-1.6099021921901357e-11,0.9999999999871549,1.4839463405737264e-17,282475249,3,0.1,0.7927144588551923,0.7927144515170078,282475238,322,0,"[1361, 995, 1108, 1227, 507, 1180, 1296, 1321, 1308, 1215]",0.500756424665451,0.08694328367710114
322,271,x336,27,-1.9751907813017316e-17,1.2534197036132442e-06,-1.5758414963541994e-11,0.9999999999874265,1.9751907813017316e-17,282475249,3,0.1,0.7673369828708615,0.7673369746342805,282475238,323,0,"[1361, 995, 1108, 1227, 507, 1180, 1296, 1321, 1308, 1215]",0.500756424665451,0.08694328367710114
323,141,x153,14,6.585283129377847e-18,4.201621437840052e-07,1.5673194805392024e-11,0.9999999999874944,6.585283129377847e-18,282475249,3,0.1,0.6250000000771503,0.6249999868016504,282475238,324,0,"[1361, 995, 1108, 1227, 507, 1180, 1296, 1321, 1308, 1215]",0.500756424665451,0.08694328367710114
324,104,x114,10,-3.5227669729382026e-17,2.347893861491927e-06,-1.5003944729851303e-11,0.9999999999880287,3.5227669729382026e-17,282475249,3,0.1,0.8610442807591638,0.8610442758399461,282475238,325,0,"[1361, 995, 1108, 1227, 507, 1180, 1296, 1321, 1308, 1215]",0.500756424665451,0.08694328367710114
325,125,x135,12,-4.491874764864873e-17,2.9984510233071046e-06,-1.4980650775848307e-11,0.9999999999880471,4.491874764864873e-17,282475249,3,0.1,0.7297749667600337,0.7297749571937073,282475238,326,0,"[1361, 995, 1108, 1227, 507, 1180, 1296, 1321, 1308, 1215]",0.500756424665451,0.08694328367710114
326,34,x37,3,-2.3690481963507185e-17,1.5813957505906853e-06,-1.4980742141654475e-11,0.9999999999880471,2.3690481963507185e-17,282475249,3,0.1,0.7457385127698084,0.7457385037686128,282475238,327,0,"[1361, 995, 1108, 1227, 507, 1180, 1296, 1321, 1308, 1215]",0.500756424665451,0.08694328367710114
327,387,x492,38,-2.282148411033421e-17,1.5488044866290656e-06,-1.4734903151013334e-11,0.9999999999882434,2.282148411033421e-17,282475249,3,0.1,0.8916284124702142,0.8916284086337155,282475238,328,0,"[1361, 995, 1108, 1227, 507, 1180, 1296, 1321, 1308, 1215]",0.500756424665451,0.08694328367710114
328,30,x33,3,-2.310989811734614e-17,1.5813957505906855e-06,-1.4613608332205328e-11,0.99999999998834,2.310989811734614e-17,282475249,3,0.1,0.7457385127698084,0.7457385037686128,282475238,329,0,"[1361, 995, 1108, 1227, 507, 1180, 1296, 1321, 1308, 1215]",0.500756424665451,0.08694328367710114
329,448,x580,44,8.35167194984474e-18,5.837516507299008e-07,1.4306892219323283e-11,0.9999999999885849,8.35167194984474e-18,282475249,3,0.1,0.37499999986394617,0.3749999777381129,282475238,330,0,"[1361, 995, 1108, 1227, 507, 1180, 1296, 1321, 1308, 1215]",0.500756424665451,0.08694328367710114
330,96,x106,9,-1.8954123015991893e-17,1.332829331816522e-06,-1.4220967804001727e-11,0.9999999999886533,1.8954123015991893e-17,282475249,3,0.1,0.37499999997973066,0.3749999778538974,282475238,331,0,"[1361, 995, 1108, 1227, 507, 1180, 1296, 1321, 1308, 1215]",0.500756424665451,0.08694328367710114
331,273,x338,27,-1.7643499169594345e-17,1.253419703613244e-06,-1.4076289944009397e-11,0.9999999999887688,1.7643499169594345e-17,282475249,3,0.1,0.7673369828708615,0.7673369746342805,282475238,332,0,"[1361, 995, 1108, 1227, 507, 1180, 1296, 1321, 1308, 1215]",0.500756424665451,0.08694328367710114
332,131,x141,13,-5.4475070292380534e-18,3.926285513080439e-07,-1.3874454649540024e-11,0.9999999999889297,5.4475070292380534e-18,282475249,3,0.1,0.6250000000082516,0.6249999867327517,282475238,333,0,"[1361, 995, 1108, 1227, 507, 1180, 1296, 1321, 1308, 1215]",0.500756424665451,0.08694328367710114
333,158,x172,15,8.298811838204386e-18,6.268893391175323e-07,1.323808098234142e-11,0.9999999999894376,8.298811838204386e-18,282475249,3,0.1,0.6190142215412153,0.6190142080538108,282475238,334,0,"[1361, 995, 1108, 1227, 507, 1180, 1296, 1321, 1308, 1215]",0.500756424665451,0.08694328367710114
334,64,x71,6,-1.9265459883561253e-17,1.4565506983684746e-06,-1.3226769178128206e-11,0.9999999999894467,1.9265459883561253e-17,282475249,3,0.1,0.8956392471548467,0.8956392434603369,282475238,335,0,"[1361, 995, 1108, 1227, 507, 1180, 1296, 1321, 1308, 1215]",0.500756424665451,0.08694328367710114
335,118,x128,11,8.793699037594794e-18,6.751055636293698e-07,1.3025665186818841e-11,0.999999999989607,8.793699037594794e-18,282475249,3,0.1,0.6249999998789815,0.6249999866034815,282475238,336,0,"[1361, 995, 1108, 1227, 507, 1180, 1296, 1321, 1308, 1215]",0.500756424665451,0.08694328367710114
336,188,x213,18,8.025929721518978e-18,6.203952488577039e-07,1.293680075128982e-11,0.999999999989678,8.025929721518978e-18,282475249,3,0.1,0.6249999999283125,0.6249999866528125,282475238,337,0,"[1361, 995, 1108, 1227, 507, 1180, 1296, 1321, 1308, 1215]",0.500756424665451,0.08694328367710114
337,238,x291,23,2.2535824723094943e-17,1.7502097858006698e-06,1.287607057503993e-11,0.9999999999897262,2.2535824723094943e-17,282475249,3,0.1,0.6471896647924122,0.6471896523024561,282475238,338,0,"[1361, 995, 1108, 1227, 507, 1180, 1296, 1321, 1308, 1215]",0.500756424665451,0.08694328367710114
338,232,x284,23,2.2043097180216047e-17,1.7502097858006456e-06,1.2594545727632462e-11,0.9999999999899511,2.2043097180216047e-17,282475249,3,0.1,0.6471896647924122,0.6471896523024561,282475238,339,0,"[1361, 995, 1108, 1227, 507, 1180, 1296, 1321, 1308, 1215]",0.500756424665451,0.08694328367710114
339,385,x490,38,1.9400714714123697e-17,1.5488044866290567e-06,1.2526251622855884e-11,0.9999999999900056,1.9400714714123697e-17,282475249,3,0.1,0.8916284124702142,0.8916284086337155,282475238,340,0,"[1361, 995, 1108, 1227, 507, 1180, 1296, 1321, 1308, 1215]",0.500756424665451,0.08694328367710114
340,258,x313,25,8.446951260367393e-18,6.797105404996129e-07,1.2427277137939577e-11,0.9999999999900844,8.446951260367393e-18,282475249,3,0.1,0.3749999999344854,0.37499997780865213,282475238,341,0,"[1361, 995, 1108, 1227, 507, 1180, 1296, 1321, 1308, 1215]",0.500756424665451,0.08694328367710114
341,178,x201,17,7.101751071854728e-18,5.800889741792941e-07,1.2242520351127577e-11,0.999999999990232,7.101751071854728e-18,282475249,3,0.1,0.7500000000263258,0.7499999911759925,282475238,342,0,"[1361, 995, 1108, 1227, 507, 1180, 1296, 1321, 1308, 1215]",0.500756424665451,0.08694328367710114
342,343,x436,34,-1.605576870737488e-17,1.3192625523281614e-06,-1.2170260331456047e-11,0.9999999999902895,1.605576870737488e-17,282475249,3,0.1,0.63394796652263,0.6339479535639,282475238,343,0,"[1361, 995, 1108, 1227, 507, 1180, 1296, 1321, 1308, 1215]",0.500756424665451,0.08694328367710114
343,373,x476,37,-1.6515954838216455e-17,1.3910761513363925e-06,-1.1872789870166164e-11,0.9999999999905269,1.6515954838216455e-17,282475249,3,0.1,0.777391714574788,0.7773917066941579,282475238,344,0,"[1361, 995, 1108, 1227, 507, 1180, 1296, 1321, 1308, 1215]",0.500756424665451,0.08694328367710114
344,427,x559,42,-2.2139823646776967e-17,1.8808586712411018e-06,-1.1771125595613095e-11,0.999999999990608,2.2139823646776967e-17,282475249,3,0.1,0.7921177496796149,0.7921177423203061,282475238,345,0,"[1361, 995, 1108, 1227, 507, 1180, 1296, 1321, 1308, 1215]",0.500756424665451,0.08694328367710114
345,304,x384,30,-1.5774566288628182e-17,1.35522367730543e-06,-1.1639824888532427e-11,0.9999999999907128,1.5774566288628182e-17,282475249,3,0.1,0.7494611580488618,0.7494611491794527,282475238,346,0,"[1361, 995, 1108, 1227, 507, 1180, 1296, 1321, 1308, 1215]",0.500756424665451,0.08694328367710114
346,124,x134,12,-3.386885459544254e-17,2.9984510233072066e-06,-1.1295450328245198e-11,0.9999999999909874,3.386885459544254e-17,282475249,3,0.1,0.7297749667600337,0.7297749571937073,282475238,347,0,"[1361, 995, 1108, 1227, 507, 1180, 1296, 1321, 1308, 1215]",0.500756424665451,0.08694328367710114
347,101,x111,10,2.6073727681712385e-17,2.347893861491927e-06,1.1105156033392541e-11,0.9999999999911395,2.6073727681712385e-17,282475249,3,0.1,0.8610442807591638,0.8610442758399461,282475238,348,0,"[1361, 995, 1108, 1227, 507, 1180, 1296, 1321, 1308, 1215]",0.500756424665451,0.08694328367710114
348,67,x74,6,-1.5451646589876656e-17,1.4565506983684333e-06,-1.0608382260353134e-11,0.9999999999915359,1.5451646589876656e-17,282475249,3,0.1,0.8956392471548467,0.8956392434603369,282475238,349,0,"[1361, 995, 1108, 1227, 507, 1180, 1296, 1321, 1308, 1215]",0.500756424665451,0.08694328367710114
349,91,x101,9,1.3959179247933567e-17,1.332829331816538e-06,1.04733433716591e-11,0.9999999999916436,1.3959179247933567e-17,282475249,3,0.1,0.37499999997973066,0.3749999778538974,282475238,350,0,"[1361, 995, 1108, 1227, 507, 1180, 1296, 1321, 1308, 1215]",0.500756424665451,0.08694328367710114
350,367,x470,36,-9.684473029669655e-18,9.39269431932993e-07,-1.031064431612477e-11,0.9999999999917732,9.684473029669655e-18,282475249,3,0.1,0.7657306360180111,0.7657306277245632,282475238,351,0,"[1361, 995, 1108, 1227, 507, 1180, 1296, 1321, 1308, 1215]",0.500756424665451,0.08694328367710114
351,454,x586,45,2.4458933211884005e-17,2.417537833136305e-06,1.0117290772716924e-11,0.9999999999919276,2.4458933211884005e-17,40353607,3,0.1,0.37500000000862455,0.3749998606158462,40353597,352,0,"[1361, 995, 1108, 1227, 507, 1180, 1296, 1321, 1308, 1215]",0.500756424665451,0.08694328367710114
352,277,x342,27,-1.2642397871419095e-17,1.2534197036132084e-06,-1.0086324504852686e-11,0.9999999999919524,1.2642397871419095e-17,282475249,3,0.1,0.7673369828708615,0.7673369746342805,282475238,353,0,"[1361, 995, 1108, 1227, 507, 1180, 1296, 1321, 1308, 1215]",0.500756424665451,0.08694328367710114
353,171,x188,17,-5.7541975275877896e-18,5.800889741792862e-07,-9.919508530098969e-12,0.9999999999920852,5.7541975275877896e-18,282475249,3,0.1,0.7500000000263258,0.7499999911759925,282475238,354,0,"[1361, 995, 1108, 1227, 507, 1180, 1296, 1321, 1308, 1215]",0.500756424665451,0.08694328367710114
354,426,x558,42,-1.811216589896287e-17,1.8808586712411322e-06,-9.629732513081964e-12,0.9999999999923166,1.811216589896287e-17,282475249,3,0.1,0.7921177496796149,0.7921177423203061,282475238,355,0,"[1361, 995, 1108, 1227, 507, 1180, 1296, 1321, 1308, 1215]",0.500756424665451,0.08694328367710114
355,97,x107,9,-1.2723791360215051e-17,1.3328293318165001e-06,-9.546452089911557e-12,0.999999999992383,1.2723791360215051e-17,282475249,3,0.1,0.37499999997973066,0.3749999778538974,282475238,356,0,"[1361, 995, 1108, 1227, 507, 1180, 1296, 1321, 1308, 1215]",0.500756424665451,0.08694328367710114
356,268,x333,26,8.710005066680686e-18,9.217617988052823e-07,9.449301411677001e-12,0.9999999999924607,8.710005066680686e-18,282475249,3,0.1,0.7927144588551923,0.7927144515170078,282475238,357,0,"[1361, 995, 1108, 1227, 507, 1180, 1296, 1321, 1308, 1215]",0.500756424665451,0.08694328367710114
357,363,x460,36,-8.782312183333176e-18,9.392694319330196e-07,-9.350152240405767e-12,0.9999999999925397,8.782312183333176e-18,282475249,3,0.1,0.7657306360180111,0.7657306277245632,282475238,358,0,"[1361, 995, 1108, 1227, 507, 1180, 1296, 1321, 1308, 1215]",0.500756424665451,0.08694328367710114
358,413,x545,41,-1.6093565605058082e-17,1.734637690506824e-06,-9.27776773970355e-12,0.9999999999925973,1.6093565605058082e-17,282475249,3,0.1,0.7499999999974544,0.7499999911471211,282475238,359,0,"[1361, 995, 1108, 1227, 507, 1180, 1296, 1321, 1308, 1215]",0.500756424665451,0.08694328367710114
359,342,x435,34,-1.2119765819774202e-17,1.3192625523281612e-06,-9.186773169893978e-12,0.9999999999926699,1.2119765819774202e-17,282475249,3,0.1,0.63394796652263,0.6339479535639,282475238,360,0,"[1361, 995, 1108, 1227, 507, 1180, 1296, 1321, 1308, 1215]",0.500756424665451,0.08694328367710114
360,7,x9,0,-1.1142952819336863e-17,1.2256133951292934e-06,-9.091735504540043e-12,0.9999999999927458,1.1142952819336863e-17,282475249,3,0.1,0.7095893392238554,0.7095893289429308,282475238,361,0,"[1361, 995, 1108, 1227, 507, 1180, 1296, 1321, 1308, 1215]",0.500756424665451,0.08694328367710114
361,368,x471,36,7.98864904980621e-18,9.392694319330325e-07,8.505173040035416e-12,0.9999999999932139,7.98864904980621e-18,282475249,3,0.1,0.7657306360180111,0.7657306277245632,282475238,362,0,"[1361, 995, 1108, 1227, 507, 1180, 1296, 1321, 1308, 1215]",0.500756424665451,0.08694328367710114
362,37,x40,3,-1.3223471998957239e-17,1.5813957505906406e-06,-8.3618992867651e-12,0.999999999993328,1.3223471998957239e-17,282475249,3,0.1,0.7457385127698084,0.7457385037686128,282475238,363,0,"[1361, 995, 1108, 1227, 507, 1180, 1296, 1321, 1308, 1215]",0.500756424665451,0.08694328367710114
363,452,x584,45,-1.9300761346046005e-17,2.4175378331362906e-06,-7.983643970943353e-12,0.99999999999363,1.9300761346046005e-17,40353607,3,0.1,0.37500000000862455,0.3749998606158462,40353597,364,0,"[1361, 995, 1108, 1227, 507, 1180, 1296, 1321, 1308, 1215]",0.500756424665451,0.08694328367710114
364,43,x47,4,-7.795704823566803e-18,9.933953159426358e-07,-7.847535314951063e-12,0.9999999999937386,7.795704823566803e-18,282475249,3,0.1,0.37499999991967303,0.37499997779383976,282475238,365,0,"[1361, 995, 1108, 1227, 507, 1180, 1296, 1321, 1308, 1215]",0.500756424665451,0.08694328367710114
365,322,x413,32,-3.1877298908524232e-18,4.076591871466457e-07,-7.81959536632671e-12,0.9999999999937608,3.1877298908524232e-18,282475249,3,0.1,0.7500000000356106,0.7499999911852773,282475238,366,0,"[1361, 995, 1108, 1227, 507, 1180, 1296, 1321, 1308, 1215]",0.500756424665451,0.08694328367710114
366,418,x550,41,1.3196591599667449e-17,1.7346376905068478e-06,7.607693336705664e-12,0.99999999999393,1.3196591599667449e-17,282475249,3,0.1,0.7499999999974544,0.7499999911471211,282475238,367,0,"[1361, 995, 1108, 1227, 507, 1180, 1296, 1321, 1308, 1215]",0.500756424665451,0.08694328367710114
367,236,x289,23,-1.3119721575085654e-17,1.7502097858006249e-06,-7.496085144492607e-12,0.999999999994019,1.3119721575085654e-17,282475249,3,0.1,0.6471896647924122,0.6471896523024561,282475238,368,0,"[1361, 995, 1108, 1227, 507, 1180, 1296, 1321, 1308, 1215]",0.500756424665451,0.08694328367710114
368,278,x344,27,9.344293636941796e-18,1.2534197036132611e-06,7.455039688625278e-12,0.9999999999940516,9.344293636941796e-18,282475249,3,0.1,0.7673369828708615,0.7673369746342805,282475238,369,0,"[1361, 995, 1108, 1227, 507, 1180, 1296, 1321, 1308, 1215]",0.500756424665451,0.08694328367710114
369,127,x137,12,-2.1794174060442283e-17,2.998451023307122e-06,-7.268477587606064e-12,0.9999999999942006,2.1794174060442283e-17,282475249,3,0.1,0.7297749667600337,0.7297749571937073,282475238,370,0,"[1361, 995, 1108, 1227, 507, 1180, 1296, 1321, 1308, 1215]",0.500756424665451,0.08694328367710114
370,381,x486,38,-1.1178018299476745e-17,1.5488044866291097e-06,-7.217191321420501e-12,0.9999999999942415,1.1178018299476745e-17,282475249,3,0.1,0.8916284124702142,0.8916284086337155,282475238,371,0,"[1361, 995, 1108, 1227, 507, 1180, 1296, 1321, 1308, 1215]",0.500756424665451,0.08694328367710114
371,423,x555,42,-1.3566110773887458e-17,1.880858671241155e-06,-7.212722030271075e-12,0.999999999994245,1.3566110773887458e-17,282475249,3,0.1,0.7921177496796149,0.7921177423203061,282475238,372,0,"[1361, 995, 1108, 1227, 507, 1180, 1296, 1321, 1308, 1215]",0.500756424665451,0.08694328367710114
372,251,x306,25,4.82993594899404e-18,6.797105404996037e-07,7.1058717810141945e-12,0.9999999999943303,4.82993594899404e-18,282475249,3,0.1,0.3749999999344854,0.37499997780865213,282475238,373,0,"[1361, 995, 1108, 1227, 507, 1180, 1296, 1321, 1308, 1215]",0.500756424665451,0.08694328367710114
373,382,x487,38,1.1000890497941285e-17,1.5488044866291092e-06,7.102827111434923e-12,0.9999999999943328,1.1000890497941285e-17,282475249,3,0.1,0.8916284124702142,0.8916284086337155,282475238,374,0,"[1361, 995, 1108, 1227, 507, 1180, 1296, 1321, 1308, 1215]",0.500756424665451,0.08694328367710114
374,453,x585,45,-1.7126383192343815e-17,2.4175378331362906e-06,-7.0842255114268986e-12,0.9999999999943476,1.7126383192343815e-17,40353607,3,0.1,0.37500000000862455,0.3749998606158462,40353597,375,0,"[1361, 995, 1108, 1227, 507, 1180, 1296, 1321, 1308, 1215]",0.500756424665451,0.08694328367710114
375,8,x10,0,8.50638014333551e-18,1.2256133951293449e-06,6.940508464692319e-12,0.9999999999944624,8.50638014333551e-18,282475249,3,0.1,0.7095893392238554,0.7095893289429308,282475238,376,0,"[1361, 995, 1108, 1227, 507, 1180, 1296, 1321, 1308, 1215]",0.500756424665451,0.08694328367710114
376,237,x290,23,-1.2024360317938535e-17,1.7502097858005963e-06,-6.870239451002867e-12,0.9999999999945184,1.2024360317938535e-17,282475249,3,0.1,0.6471896647924122,0.6471896523024561,282475238,377,0,"[1361, 995, 1108, 1227, 507, 1180, 1296, 1321, 1308, 1215]",0.500756424665451,0.08694328367710114
377,48,x54,4,6.420105722111279e-18,9.933953159426493e-07,6.462790410904176e-12,0.9999999999948435,6.420105722111279e-18,282475249,3,0.1,0.37499999991967303,0.37499997779383976,282475238,378,0,"[1361, 995, 1108, 1227, 507, 1180, 1296, 1321, 1308, 1215]",0.500756424665451,0.08694328367710114
378,450,x582,45,-1.5527773796885168e-17,2.4175378331362906e-06,-6.422970339513101e-12,0.9999999999948752,1.5527773796885168e-17,40353607,3,0.1,0.37500000000862455,0.3749998606158462,40353597,379,0,"[1361, 995, 1108, 1227, 507, 1180, 1296, 1321, 1308, 1215]",0.500756424665451,0.08694328367710114
379,321,x412,32,2.593107341469684e-18,4.076591871466458e-07,6.3609687288535814e-12,0.9999999999949247,2.593107341469684e-18,282475249,3,0.1,0.7500000000356106,0.7499999911852773,282475238,380,0,"[1361, 995, 1108, 1227, 507, 1180, 1296, 1321, 1308, 1215]",0.500756424665451,0.08694328367710114
380,98,x108,9,8.421776752429209e-18,1.3328293318165562e-06,6.318721048066144e-12,0.9999999999949585,8.421776752429209e-18,282475249,3,0.1,0.37499999997973066,0.3749999778538974,282475238,381,0,"[1361, 995, 1108, 1227, 507, 1180, 1296, 1321, 1308, 1215]",0.500756424665451,0.08694328367710114
381,103,x113,10,-1.4798090694108508e-17,2.347893861491927e-06,-6.302708540966722e-12,0.9999999999949711,1.4798090694108508e-17,282475249,3,0.1,0.8610442807591638,0.8610442758399461,282475238,382,0,"[1361, 995, 1108, 1227, 507, 1180, 1296, 1321, 1308, 1215]",0.500756424665451,0.08694328367710114
382,202,x229,20,2.7899725113369883e-18,4.486894011561446e-07,6.21804861926318e-12,0.9999999999950389,2.7899725113369883e-18,282475249,3,0.1,0.7500000000415796,0.7499999911912463,282475238,383,0,"[1361, 995, 1108, 1227, 507, 1180, 1296, 1321, 1308, 1215]",0.500756424665451,0.08694328367710114
383,302,x378,30,8.375613432418788e-18,1.3552236773054297e-06,6.180244318835906e-12,0.9999999999950688,8.375613432418788e-18,282475249,3,0.1,0.7494611580488618,0.7494611491794527,282475238,384,0,"[1361, 995, 1108, 1227, 507, 1180, 1296, 1321, 1308, 1215]",0.500756424665451,0.08694328367710114
384,27,x30,2,-4.2574978002120796e-18,6.976394417598699e-07,-6.1027194641863815e-12,0.9999999999951308,4.2574978002120796e-18,282475249,3,0.1,0.7496529098709703,0.7496529010083497,282475238,385,0,"[1361, 995, 1108, 1227, 507, 1180, 1296, 1321, 1308, 1215]",0.500756424665451,0.08694328367710114
385,122,x132,12,-1.8025300464880473e-17,2.9984510233072062e-06,-6.01153739873299e-12,0.9999999999952034,1.8025300464880473e-17,282475249,3,0.1,0.7297749667600337,0.7297749571937073,282475238,386,0,"[1361, 995, 1108, 1227, 507, 1180, 1296, 1321, 1308, 1215]",0.500756424665451,0.08694328367710114
386,378,x483,37,8.286821673242387e-18,1.3910761513364115e-06,5.957130143652603e-12,0.9999999999952469,8.286821673242387e-18,282475249,3,0.1,0.777391714574788,0.7773917066941579,282475238,387,0,"[1361, 995, 1108, 1227, 507, 1180, 1296, 1321, 1308, 1215]",0.500756424665451,0.08694328367710114
387,303,x383,30,-7.960934217508506e-18,1.35522367730543e-06,-5.874258508630182e-12,0.9999999999953129,7.960934217508506e-18,282475249,3,0.1,0.7494611580488618,0.7494611491794527,282475238,388,0,"[1361, 995, 1108, 1227, 507, 1180, 1296, 1321, 1308, 1215]",0.500756424665451,0.08694328367710114
388,377,x481,37,-8.157784335211328e-18,1.3910761513363529e-06,-5.86436934266644e-12,0.9999999999953211,8.157784335211328e-18,282475249,3,0.1,0.777391714574788,0.7773917066941579,282475238,389,0,"[1361, 995, 1108, 1227, 507, 1180, 1296, 1321, 1308, 1215]",0.500756424665451,0.08694328367710114
389,412,x544,41,9.701992429905183e-18,1.7346376905068237e-06,5.593094444448783e-12,0.9999999999955373,9.701992429905183e-18,282475249,3,0.1,0.7499999999974544,0.7499999911471211,282475238,390,0,"[1361, 995, 1108, 1227, 507, 1180, 1296, 1321, 1308, 1215]",0.500756424665451,0.08694328367710114
390,352,x445,35,-2.3103614908597737e-18,4.140529502761755e-07,-5.579869650291709e-12,0.999999999995548,2.3103614908597737e-18,282475249,3,0.1,0.7500000003715216,0.7499999915211883,282475238,391,0,"[1361, 995, 1108, 1227, 507, 1180, 1296, 1321, 1308, 1215]",0.500756424665451,0.08694328367710114
391,308,x388,30,7.34714859136152e-18,1.3552236773054483e-06,5.421354950032781e-12,0.9999999999956743,7.34714859136152e-18,282475249,3,0.1,0.7494611580488618,0.7494611491794527,282475238,392,0,"[1361, 995, 1108, 1227, 507, 1180, 1296, 1321, 1308, 1215]",0.500756424665451,0.08694328367710114
392,107,x117,10,-1.2485364773077551e-17,2.3478938614918602e-06,-5.317687046187133e-12,0.999999999995757,1.2485364773077551e-17,282475249,3,0.1,0.8610442807591638,0.8610442758399461,282475238,393,0,"[1361, 995, 1108, 1227, 507, 1180, 1296, 1321, 1308, 1215]",0.500756424665451,0.08694328367710114
393,428,x560,42,9.94764084722987e-18,1.8808586712411807e-06,5.288882678604135e-12,0.99999999999578,9.94764084722987e-18,282475249,3,0.1,0.7921177496796149,0.7921177423203061,282475238,394,0,"[1361, 995, 1108, 1227, 507, 1180, 1296, 1321, 1308, 1215]",0.500756424665451,0.08694328367710114
394,42,x46,4,5.2393351134052996e-18,9.933953159426356e-07,5.274169335531525e-12,0.9999999999957918,5.2393351134052996e-18,282475249,3,0.1,0.37499999991967303,0.37499997779383976,282475238,395,0,"[1361, 995, 1108, 1227, 507, 1180, 1296, 1321, 1308, 1215]",0.500756424665451,0.08694328367710114
395,68,x76,6,7.535461855509e-18,1.4565506983684945e-06,5.173497815043163e-12,0.9999999999958722,7.535461855509e-18,282475249,3,0.1,0.8956392471548467,0.8956392434603369,282475238,396,0,"[1361, 995, 1108, 1227, 507, 1180, 1296, 1321, 1308, 1215]",0.500756424665451,0.08694328367710114
396,311,x391,31,2.0058083952348354e-18,3.8782919666328333e-07,5.171886006757494e-12,0.9999999999958735,2.0058083952348354e-18,282475249,3,0.1,0.6249999998148528,0.6249999865393528,282475238,397,0,"[1361, 995, 1108, 1227, 507, 1180, 1296, 1321, 1308, 1215]",0.500756424665451,0.08694328367710114
397,411,x543,41,-8.874818405574688e-18,1.734637690506824e-06,-5.116237502588599e-12,0.9999999999959179,8.874818405574688e-18,282475249,3,0.1,0.7499999999974544,0.7499999911471211,282475238,398,0,"[1361, 995, 1108, 1227, 507, 1180, 1296, 1321, 1308, 1215]",0.500756424665451,0.08694328367710114
398,151,x165,15,3.1859294289257432e-18,6.268893391175238e-07,5.082124116850666e-12,0.999999999995945,3.1859294289257432e-18,282475249,3,0.1,0.6190142215412153,0.6190142080538108,282475238,399,0,"[1361, 995, 1108, 1227, 507, 1180, 1296, 1321, 1308, 1215]",0.500756424665451,0.08694328367710114
399,456,x588,45,-1.2121934730244978e-17,2.4175378331362966e-06,-5.0141654720327865e-12,0.9999999999959994,1.2121934730244978e-17,40353607,3,0.1,0.37500000000862455,0.3749998606158462,40353597,400,0,"[1361, 995, 1108, 1227, 507, 1180, 1296, 1321, 1308, 1215]",0.500756424665451,0.08694328367710114
400,123,x133,12,-1.4925349646533555e-17,2.9984510233072066e-06,-4.977686655715762e-12,0.9999999999960283,1.4925349646533555e-17,282475249,3,0.1,0.7297749667600337,0.7297749571937073,282475238,401,0,"[1361, 995, 1108, 1227, 507, 1180, 1296, 1321, 1308, 1215]",0.500756424665451,0.08694328367710114
401,388,x494,38,7.626387509608052e-18,1.5488044866291306e-06,4.924047919183379e-12,0.9999999999960711,7.626387509608052e-18,282475249,3,0.1,0.8916284124702142,0.8916284086337155,282475238,402,0,"[1361, 995, 1108, 1227, 507, 1180, 1296, 1321, 1308, 1215]",0.500756424665451,0.08694328367710114
402,422,x554,42,-8.704389001240956e-18,1.8808586712411547e-06,-4.627880411395844e-12,0.9999999999963074,8.704389001240956e-18,282475249,3,0.1,0.7921177496796149,0.7921177423203061,282475238,403,0,"[1361, 995, 1108, 1227, 507, 1180, 1296, 1321, 1308, 1215]",0.500756424665451,0.08694328367710114
403,181,x204,18,2.853871046739721e-18,6.203952488576954e-07,4.6000852714369096e-12,0.9999999999963298,2.853871046739721e-18,282475249,3,0.1,0.6249999999283125,0.6249999866528125,282475238,404,0,"[1361, 995, 1108, 1227, 507, 1180, 1296, 1321, 1308, 1215]",0.500756424665451,0.08694328367710114
404,182,x205,18,-2.8123745504625857e-18,6.203952488576952e-07,-4.533198079193675e-12,0.9999999999963831,2.8123745504625857e-18,282475249,3,0.1,0.6249999999283125,0.6249999866528125,282475238,405,0,"[1361, 995, 1108, 1227, 507, 1180, 1296, 1321, 1308, 1215]",0.500756424665451,0.08694328367710114
405,38,x41,3,7.003904746522503e-18,1.5813957505907069e-06,4.4289386410114596e-12,0.9999999999964664,7.003904746522503e-18,282475249,3,0.1,0.7457385127698084,0.7457385037686128,282475238,406,0,"[1361, 995, 1108, 1227, 507, 1180, 1296, 1321, 1308, 1215]",0.500756424665451,0.08694328367710114
406,100,x110,10,9.795492252878946e-18,2.347893861491927e-06,4.17203367389639e-12,0.9999999999966711,9.795492252878946e-18,282475249,3,0.1,0.8610442807591638,0.8610442758399461,282475238,407,0,"[1361, 995, 1108, 1227, 507, 1180, 1296, 1321, 1308, 1215]",0.500756424665451,0.08694328367710114
407,362,x458,36,-3.838063308223871e-18,9.392694319330195e-07,-4.086221884518401e-12,0.9999999999967397,3.838063308223871e-18,282475249,3,0.1,0.7657306360180111,0.7657306277245632,282475238,408,0,"[1361, 995, 1108, 1227, 507, 1180, 1296, 1321, 1308, 1215]",0.500756424665451,0.08694328367710114
408,108,x118,10,8.68955878185163e-18,2.347893861491959e-06,3.701001533489205e-12,0.999999999997047,8.68955878185163e-18,282475249,3,0.1,0.8610442807591638,0.8610442758399461,282475238,409,0,"[1361, 995, 1108, 1227, 507, 1180, 1296, 1321, 1308, 1215]",0.500756424665451,0.08694328367710114
409,457,x589,45,8.471627726974258e-18,2.4175378331363186e-06,3.5042379113396757e-12,0.999999999997204,8.471627726974258e-18,40353607,3,0.1,0.37500000000862455,0.3749998606158462,40353597,410,0,"[1361, 995, 1108, 1227, 507, 1180, 1296, 1321, 1308, 1215]",0.500756424665451,0.08694328367710114
410,142,x154,14,1.3173285753787424e-18,4.201621437840051e-07,3.1352862100207397e-12,0.9999999999974984,1.3173285753787424e-18,282475249,3,0.1,0.6250000000771503,0.6249999868016504,282475238,411,0,"[1361, 995, 1108, 1227, 507, 1180, 1296, 1321, 1308, 1215]",0.500756424665451,0.08694328367710114
411,417,x549,41,5.2838612713243e-18,1.7346376905067747e-06,3.0460892786093093e-12,0.9999999999975697,5.2838612713243e-18,282475249,3,0.1,0.7499999999974544,0.7499999911471211,282475238,412,0,"[1361, 995, 1108, 1227, 507, 1180, 1296, 1321, 1308, 1215]",0.500756424665451,0.08694328367710114
412,128,x138,12,9.001411635288314e-18,2.9984510233072477e-06,3.002020565058251e-12,0.9999999999976046,9.001411635288314e-18,282475249,3,0.1,0.7297749667600337,0.7297749571937073,282475238,413,0,"[1361, 995, 1108, 1227, 507, 1180, 1296, 1321, 1308, 1215]",0.500756424665451,0.08694328367710114
413,442,x574,44,-1.6755235551105423e-18,5.837516507298927e-07,-2.870267780854332e-12,0.9999999999977098,1.6755235551105423e-18,282475249,3,0.1,0.37499999986394617,0.3749999777381129,282475238,414,0,"[1361, 995, 1108, 1227, 507, 1180, 1296, 1321, 1308, 1215]",0.500756424665451,0.08694328367710114
414,112,x122,11,-1.905042695009537e-18,6.751055636293605e-07,-2.8218441642934285e-12,0.9999999999977485,1.905042695009537e-18,282475249,3,0.1,0.6249999998789815,0.6249999866034815,282475238,415,0,"[1361, 995, 1108, 1227, 507, 1180, 1296, 1321, 1308, 1215]",0.500756424665451,0.08694328367710114
415,421,x553,42,-5.256012301978568e-18,1.8808586712411551e-06,-2.7944748759406743e-12,0.9999999999977702,5.256012301978568e-18,282475249,3,0.1,0.7921177496796149,0.7921177423203061,282475238,416,0,"[1361, 995, 1108, 1227, 507, 1180, 1296, 1321, 1308, 1215]",0.500756424665451,0.08694328367710114
416,252,x307,25,-1.87773370480419e-18,6.797105404996036e-07,-2.762549045398076e-12,0.9999999999977958,1.87773370480419e-18,282475249,3,0.1,0.3749999999344854,0.37499997780865213,282475238,417,0,"[1361, 995, 1108, 1227, 507, 1180, 1296, 1321, 1308, 1215]",0.500756424665451,0.08694328367710114
417,40,x44,4,-2.4729880864615926e-18,9.93395315942636e-07,-2.4894299849954157e-12,0.9999999999980138,2.4729880864615926e-18,282475249,3,0.1,0.37499999991967303,0.37499997779383976,282475238,418,0,"[1361, 995, 1108, 1227, 507, 1180, 1296, 1321, 1308, 1215]",0.500756424665451,0.08694328367710114
418,65,x72,6,-3.317537331523475e-18,1.4565506983684249e-06,-2.277666912136776e-12,0.9999999999981828,3.317537331523475e-18,282475249,3,0.1,0.8956392471548467,0.8956392434603369,282475238,419,0,"[1361, 995, 1108, 1227, 507, 1180, 1296, 1321, 1308, 1215]",0.500756424665451,0.08694328367710114
419,233,x286,23,3.952227531265148e-18,1.750209785800646e-06,2.258145031143894e-12,0.9999999999981981,3.952227531265148e-18,282475249,3,0.1,0.6471896647924122,0.6471896523024561,282475238,420,0,"[1361, 995, 1108, 1227, 507, 1180, 1296, 1321, 1308, 1215]",0.500756424665451,0.08694328367710114
420,312,x392,31,-8.462023314952663e-19,3.878291966632832e-07,-2.181894346211244e-12,0.999999999998259,8.462023314952663e-19,282475249,3,0.1,0.6249999998148528,0.6249999865393528,282475238,421,0,"[1361, 995, 1108, 1227, 507, 1180, 1296, 1321, 1308, 1215]",0.500756424665451,0.08694328367710114
421,61,x67,6,-3.0221916276878094e-18,1.4565506983684746e-06,-2.074896281381112e-12,0.9999999999983444,3.0221916276878094e-18,282475249,3,0.1,0.8956392471548467,0.8956392434603369,282475238,422,0,"[1361, 995, 1108, 1227, 507, 1180, 1296, 1321, 1308, 1215]",0.500756424665451,0.08694328367710114
422,51,x57,5,8.414438100308983e-19,4.96529953427301e-07,1.6946486394684296e-12,0.999999999998648,8.414438100308983e-19,282475249,3,0.1,0.37499999991116406,0.3749999777853309,282475238,423,0,"[1361, 995, 1108, 1227, 507, 1180, 1296, 1321, 1308, 1215]",0.500756424665451,0.08694328367710114
423,441,x573,44,8.361970216426289e-19,5.837516507298928e-07,1.432453373959785e-12,0.9999999999988569,8.361970216426289e-19,282475249,3,0.1,0.37499999986394617,0.3749999777381129,282475238,424,0,"[1361, 995, 1108, 1227, 507, 1180, 1296, 1321, 1308, 1215]",0.500756424665451,0.08694328367710114
424,41,x45,4,-1.4201162324374585e-18,9.93395315942636e-07,-1.4295580114447244e-12,0.9999999999988594,1.4201162324374585e-18,282475249,3,0.1,0.37499999991967303,0.37499997779383976,282475238,425,0,"[1361, 995, 1108, 1227, 507, 1180, 1296, 1321, 1308, 1215]",0.500756424665451,0.08694328367710114
425,28,x31,2,-6.579419472767931e-19,6.976394417598992e-07,-9.43097405182592e-13,0.9999999999992475,6.579419472767931e-19,282475249,3,0.1,0.7496529098709703,0.7496529010083497,282475238,426,0,"[1361, 995, 1108, 1227, 507, 1180, 1296, 1321, 1308, 1215]",0.500756424665451,0.08694328367710114
426,22,x25,2,-5.474039738417307e-19,6.976394417598895e-07,-7.846516998248128e-13,0.9999999999993738,5.474039738417307e-19,282475249,3,0.1,0.7496529098709703,0.7496529010083497,282475238,427,0,"[1361, 995, 1108, 1227, 507, 1180, 1296, 1321, 1308, 1215]",0.500756424665451,0.08694328367710114
427,52,x58,5,-3.7302437552896668e-19,4.965299534273009e-07,-7.51262583363126e-13,0.9999999999994005,3.7302437552896668e-19,282475249,3,0.1,0.37499999991116406,0.3749999777853309,282475238,428,0,"[1361, 995, 1108, 1227, 507, 1180, 1296, 1321, 1308, 1215]",0.500756424665451,0.08694328367710114
428,359,x455,35,-6.249997188713822e-20,4.140529502760957e-07,-1.5094680969055396e-13,0.9999999999998797,6.249997188713822e-20,282475249,3,0.1,0.7500000003715216,0.7499999915211883,282475238,429,0,"[1361, 995, 1108, 1227, 507, 1180, 1296, 1321, 1308, 1215]",0.500756424665451,0.08694328367710114
429,79,x88,7,-3.8033285964806667e-20,3.007388764349204e-07,-1.2646614370469337e-13,0.9999999999998992,3.8033285964806667e-20,282475249,3,0.1,0.7500000000686086,0.7499999912182753,282475238,430,0,"[1361, 995, 1108, 1227, 507, 1180, 1296, 1321, 1308, 1215]",0.500756424665451,0.08694328367710114
430,319,x410,31,-4.626659995195497e-20,3.8782919666320853e-07,-1.1929633031762938e-13,0.999999999999905,4.626659995195497e-20,282475249,3,0.1,0.6249999998148528,0.6249999865393528,282475238,431,0,"[1361, 995, 1108, 1227, 507, 1180, 1296, 1321, 1308, 1215]",0.500756424665451,0.08694328367710114
431,139,x151,13,-4.626298125997939e-20,3.926285513079682e-07,-1.178288769521803e-13,0.9999999999999061,4.626298125997939e-20,282475249,3,0.1,0.6250000000082516,0.6249999867327517,282475238,432,0,"[1361, 995, 1108, 1227, 507, 1180, 1296, 1321, 1308, 1215]",0.500756424665451,0.08694328367710114
432,19,x22,1,-3.71421970348136e-20,3.345532089848982e-07,-1.1102029822852547e-13,0.9999999999999114,3.71421970348136e-20,282475249,3,0.1,0.7500000000423646,0.7499999911920313,282475238,433,0,"[1361, 995, 1108, 1227, 507, 1180, 1296, 1321, 1308, 1215]",0.500756424665451,0.08694328367710114
433,349,x442,34,-1.244897983316438e-19,1.3192625523279071e-06,-9.436317138842084e-14,0.9999999999999247,1.244897983316438e-19,282475249,3,0.1,0.63394796652263,0.6339479535639,282475238,434,0,"[1361, 995, 1108, 1227, 507, 1180, 1296, 1321, 1308, 1215]",0.500756424665451,0.08694328367710114
434,59,x65,5,-4.672964121040166e-20,4.965299534272053e-07,-9.411243146130267e-14,0.999999999999925,4.672964121040166e-20,282475249,3,0.1,0.37499999991116406,0.3749999777853309,282475238,435,0,"[1361, 995, 1108, 1227, 507, 1180, 1296, 1321, 1308, 1215]",0.500756424665451,0.08694328367710114
435,449,x581,44,-4.672965515706127e-20,5.837516507297803e-07,-8.00505747583616e-14,0.9999999999999363,4.672965515706127e-20,282475249,3,0.1,0.37499999986394617,0.3749999777381129,282475238,436,0,"[1361, 995, 1108, 1227, 507, 1180, 1296, 1321, 1308, 1215]",0.500756424665451,0.08694328367710114
436,329,x421,32,-3.1892287525293366e-20,4.076591871465672e-07,-7.82327211819392e-14,0.9999999999999376,3.1892287525293366e-20,282475249,3,0.1,0.7500000000356106,0.7499999911852773,282475238,437,0,"[1361, 995, 1108, 1227, 507, 1180, 1296, 1321, 1308, 1215]",0.500756424665451,0.08694328367710114
437,259,x317,25,-5.097996188728524e-20,6.797105404994726e-07,-7.500245891408948e-14,0.99999999999994,5.097996188728524e-20,282475249,3,0.1,0.3749999999344854,0.37499997780865213,282475238,438,0,"[1361, 995, 1108, 1227, 507, 1180, 1296, 1321, 1308, 1215]",0.500756424665451,0.08694328367710114
438,159,x173,15,-4.3412410711217714e-20,6.268893391174029e-07,-6.925051680147891e-14,0.9999999999999447,4.3412410711217714e-20,282475249,3,0.1,0.6190142215412153,0.6190142080538108,282475238,439,0,"[1361, 995, 1108, 1227, 507, 1180, 1296, 1321, 1308, 1215]",0.500756424665451,0.08694328367710114
439,189,x214,18,-3.894180147035515e-20,6.203952488575758e-07,-6.276934187046784e-14,0.9999999999999498,3.894180147035515e-20,282475249,3,0.1,0.6249999999283125,0.6249999866528125,282475238,440,0,"[1361, 995, 1108, 1227, 507, 1180, 1296, 1321, 1308, 1215]",0.500756424665451,0.08694328367710114
440,179,x202,17,-3.548768422542562e-20,5.800889741791743e-07,-6.117627778676655e-14,0.9999999999999512,3.548768422542562e-20,282475249,3,0.1,0.7500000000263258,0.7499999911759925,282475238,441,0,"[1361, 995, 1108, 1227, 507, 1180, 1296, 1321, 1308, 1215]",0.500756424665451,0.08694328367710114
441,119,x129,11,-3.8943226205946386e-20,6.751055636292305e-07,-5.768464711888243e-14,0.9999999999999538,3.8943226205946386e-20,282475249,3,0.1,0.6249999998789815,0.6249999866034815,282475238,442,0,"[1361, 995, 1108, 1227, 507, 1180, 1296, 1321, 1308, 1215]",0.500756424665451,0.08694328367710114
442,209,x249,20,-2.4507266574372025e-20,4.486894011560582e-07,-5.461966899870714e-14,0.9999999999999563,2.4507266574372025e-20,282475249,3,0.1,0.7500000000415796,0.7499999911912463,282475238,443,0,"[1361, 995, 1108, 1227, 507, 1180, 1296, 1321, 1308, 1215]",0.500756424665451,0.08694328367710114
443,149,x163,14,-2.1814880328331112e-20,4.2016214378392414e-07,-5.192014714098042e-14,0.9999999999999585,2.1814880328331112e-20,282475249,3,0.1,0.6250000000771503,0.6249999868016504,282475238,444,0,"[1361, 995, 1108, 1227, 507, 1180, 1296, 1321, 1308, 1215]",0.500756424665451,0.08694328367710114
444,269,x334,26,-3.539697324550358e-20,9.21761798805092e-07,-3.840143222618876e-14,0.9999999999999694,3.539697324550358e-20,282475249,3,0.1,0.7927144588551923,0.7927144515170078,282475238,445,0,"[1361, 995, 1108, 1227, 507, 1180, 1296, 1321, 1308, 1215]",0.500756424665451,0.08694328367710114
445,99,x109,9,-4.6868571865560266e-20,1.3328293318162812e-06,-3.5164721203795273e-14,0.9999999999999718,4.6868571865560266e-20,282475249,3,0.1,0.37499999997973066,0.3749999778538974,282475238,446,0,"[1361, 995, 1108, 1227, 507, 1180, 1296, 1321, 1308, 1215]",0.500756424665451,0.08694328367710114
446,369,x472,36,-3.0150962648174336e-20,9.392694319328386e-07,-3.210044064367065e-14,0.9999999999999742,3.0150962648174336e-20,282475249,3,0.1,0.7657306360180111,0.7657306277245632,282475238,447,0,"[1361, 995, 1108, 1227, 507, 1180, 1296, 1321, 1308, 1215]",0.500756424665451,0.08694328367710114
447,249,x304,24,-1.5749132604990186e-20,5.947217863406071e-07,-2.64815128127329e-14,0.9999999999999789,1.5749132604990186e-20,282475249,3,0.1,0.7128026892979034,0.7128026791307357,282475238,448,0,"[1361, 995, 1108, 1227, 507, 1180, 1296, 1321, 1308, 1215]",0.500756424665451,0.08694328367710114
448,279,x345,27,-3.11330462619409e-20,1.2534197036130023e-06,-2.4838484804570565e-14,0.99999999999998,3.11330462619409e-20,282475249,3,0.1,0.7673369828708615,0.7673369746342805,282475238,449,0,"[1361, 995, 1108, 1227, 507, 1180, 1296, 1321, 1308, 1215]",0.500756424665451,0.08694328367710114
449,9,x11,0,-2.842404740368219e-20,1.2256133951290918e-06,-2.3191691210822915e-14,0.9999999999999813,2.842404740368219e-20,282475249,3,0.1,0.7095893392238554,0.7095893289429308,282475238,450,0,"[1361, 995, 1108, 1227, 507, 1180, 1296, 1321, 1308, 1215]",0.500756424665451,0.08694328367710114
450,379,x484,37,-2.674242826178996e-20,1.3910761513361242e-06,-1.9224273405955486e-14,0.9999999999999847,2.674242826178996e-20,282475249,3,0.1,0.777391714574788,0.7773917066941579,282475238,451,0,"[1361, 995, 1108, 1227, 507, 1180, 1296, 1321, 1308, 1215]",0.500756424665451,0.08694328367710114
451,39,x42,3,-2.974013598844568e-20,1.5813957505903805e-06,-1.8806257685555833e-14,0.9999999999999849,2.974013598844568e-20,282475249,3,0.1,0.7457385127698084,0.7457385037686128,282475238,452,0,"[1361, 995, 1108, 1227, 507, 1180, 1296, 1321, 1308, 1215]",0.500756424665451,0.08694328367710114
452,69,x77,6,-2.51962547074554e-20,1.4565506983681938e-06,-1.729857720413256e-14,0.9999999999999862,2.51962547074554e-20,282475249,3,0.1,0.8956392471548467,0.8956392434603369,282475238,453,0,"[1361, 995, 1108, 1227, 507, 1180, 1296, 1321, 1308, 1215]",0.500756424665451,0.08694328367710114
453,109,x119,10,-3.481637374033129e-20,2.3478938614914744e-06,-1.4828768161698145e-14,0.999999999999988,3.481637374033129e-20,282475249,3,0.1,0.8610442807591638,0.8610442758399461,282475238,454,0,"[1361, 995, 1108, 1227, 507, 1180, 1296, 1321, 1308, 1215]",0.500756424665451,0.08694328367710114
454,309,x389,30,-1.8873232070727397e-20,1.3552236773051688e-06,-1.3926285665445564e-14,0.9999999999999889,1.8873232070727397e-20,282475249,3,0.1,0.7494611580488618,0.7494611491794527,282475238,455,0,"[1361, 995, 1108, 1227, 507, 1180, 1296, 1321, 1308, 1215]",0.500756424665451,0.08694328367710114
455,458,x590,45,-2.4857388394684926e-20,2.4175378331363063e-06,-1.0282109365145729e-14,0.9999999999999918,2.4857388394684926e-20,40353607,3,0.1,0.37500000000862455,0.3749998606158462,40353597,456,0,"[1361, 995, 1108, 1227, 507, 1180, 1296, 1321, 1308, 1215]",0.500756424665451,0.08694328367710114
456,429,x561,42,-1.714982376732322e-20,1.8808586712407924e-06,-9.118082091733971e-15,0.9999999999999927,1.714982376732322e-20,282475249,3,0.1,0.7921177496796149,0.7921177423203061,282475238,457,0,"[1361, 995, 1108, 1227, 507, 1180, 1296, 1321, 1308, 1215]",0.500756424665451,0.08694328367710114
457,129,x139,12,-1.2159909035627796e-20,2.998451023306629e-06,-4.055396916978188e-15,0.9999999999999967,1.2159909035627796e-20,282475249,3,0.1,0.7297749667600337,0.7297749571937073,282475238,458,0,"[1361, 995, 1108, 1227, 507, 1180, 1296, 1321, 1308, 1215]",0.500756424665451,0.08694328367710114
458,389,x495,38,2.0842471506223967e-21,1.5488044866288109e-06,1.3457135284770846e-15,0.9999999999999989,2.0842471506223967e-21,282475249,3,0.1,0.8916284124702142,0.8916284086337155,282475238,459,0,"[1361, 995, 1108, 1227, 507, 1180, 1296, 1321, 1308, 1215]",0.500756424665451,0.08694328367710114
459,0,x1,0,-0.03600040892110608,1.0264676570198792e-06,-35072.13176655295,0.0,0.03600040892110608,282475249,3,0.1,0.8344752902893503,0.8344752844295549,282475238,1,1,"[376, 274, 207, 59, 134, 178, 237, 117, 176, 144]",0.49436649978160857,0.02595708519220352
460,444,x576,44,-0.024446299818807554,1.223171338983012e-06,-19985.997905357293,0.0,0.024446299818807554,282475249,3,0.1,0.6270808734760194,0.6270808602741851,282475238,2,1,"[376, 274, 207, 59, 134, 178, 237, 117, 176, 144]",0.49436649978160857,0.02595708519220352
461,453,x585,45,0.02059091718829405,1.9425226627781983e-06,10600.091099500944,0.0,0.02059091718829405,40353607,3,0.1,0.74357228904956,0.7435722318588862,40353597,3,1,"[376, 274, 207, 59, 134, 178, 237, 117, 176, 144]",0.49436649978160857,0.02595708519220352
462,113,x123,11,-0.020540062414141864,8.306773341544118e-07,-24726.88439856208,0.0,0.020540062414141864,282475249,3,0.1,0.7868028758767333,0.7868028683292708,282475238,4,1,"[376, 274, 207, 59, 134, 178, 237, 117, 176, 144]",0.49436649978160857,0.02595708519220352
463,117,x127,11,0.017246401545648733,8.306773341543883e-07,20761.854015440545,0.0,0.017246401545648733,282475249,3,0.1,0.7868028758767333,0.7868028683292708,282475238,5,1,"[376, 274, 207, 59, 134, 178, 237, 117, 176, 144]",0.49436649978160857,0.02595708519220352
464,58,x64,5,0.01693854087506842,1.4440618814679744e-06,11729.7887939881,0.0,0.01693854087506842,282475249,3,0.1,0.445700443813113,0.44570042419016975,282475238,6,1,"[376, 274, 207, 59, 134, 178, 237, 117, 176, 144]",0.49436649978160857,0.02595708519220352
465,265,x324,26,-0.016182196264102635,6.876757261328363e-07,-23531.725272758526,0.0,0.016182196264102635,282475249,3,0.1,0.6838420346495717,0.6838420234571583,282475238,7,1,"[376, 274, 207, 59, 134, 178, 237, 117, 176, 144]",0.49436649978160857,0.02595708519220352
466,78,x87,7,0.01583830281038637,6.619894426595636e-07,23925.310268930403,0.0,0.01583830281038637,282475249,3,0.1,0.6972933241357641,0.6972933134195443,282475238,8,1,"[376, 274, 207, 59, 134, 178, 237, 117, 176, 144]",0.49436649978160857,0.02595708519220352
467,162,x176,16,0.015563511821840485,3.243362110820748e-07,47985.736066646175,0.0,0.015563511821840485,282475249,3,0.1,0.890729731526898,0.8907297276585848,282475238,9,1,"[376, 274, 207, 59, 134, 178, 237, 117, 176, 144]",0.49436649978160857,0.02595708519220352
468,108,x118,10,-0.014973645432479686,6.605784805072441e-07,-22667.47384955947,0.0,0.014973645432479686,282475249,3,0.1,0.7070133470821063,0.7070133367099882,282475238,10,1,"[376, 274, 207, 59, 134, 178, 237, 117, 176, 144]",0.49436649978160857,0.02595708519220352
469,128,x138,12,0.014900238709333618,3.224543274928189e-07,46208.834674936865,0.0,0.014900238709333618,282475249,3,0.1,0.8882306965641102,0.8882306926073279,282475238,11,1,"[376, 274, 207, 59, 134, 178, 237, 117, 176, 144]",0.49436649978160857,0.02595708519220352
470,175,x198,17,0.013086911747041257,5.418167750008507e-07,24153.75889205481,0.0,0.013086911747041257,282475249,3,0.1,0.7092985765134643,0.7092985662222464,282475238,12,1,"[376, 274, 207, 59, 134, 178, 237, 117, 176, 144]",0.49436649978160857,0.02595708519220352
471,82,x91,8,-0.012353183321502748,6.429605178433821e-07,-19212.973392110904,0.0,0.012353183321502748,282475249,3,0.1,0.5754790781359667,0.5754790631073601,282475238,13,1,"[376, 274, 207, 59, 134, 178, 237, 117, 176, 144]",0.49436649978160857,0.02595708519220352
472,50,x56,5,0.012267815563568589,1.4440618814679548e-06,8495.353087706875,0.0,0.012267815563568589,282475249,3,0.1,0.445700443813113,0.44570042419016975,282475238,14,1,"[376, 274, 207, 59, 134, 178, 237, 117, 176, 144]",0.49436649978160857,0.02595708519220352
473,5,x7,0,-0.011853658111655695,1.026467657019844e-06,-11548.009360636423,0.0,0.011853658111655695,282475249,3,0.1,0.8344752902893503,0.8344752844295549,282475238,15,1,"[376, 274, 207, 59, 134, 178, 237, 117, 176, 144]",0.49436649978160857,0.02595708519220352
474,228,x280,22,-0.011382751090794627,4.457712058539588e-07,-25534.962647461318,0.0,0.011382751090794627,282475249,3,0.1,0.7482446098473875,0.7482446009349111,282475238,16,1,"[376, 274, 207, 59, 134, 178, 237, 117, 176, 144]",0.49436649978160857,0.02595708519220352
475,439,x571,43,-0.010791822355616527,4.08845077765783e-07,-26395.87203688652,0.0,0.010791822355616527,282475249,3,0.1,0.7722409080336678,0.7722408999706923,282475238,17,1,"[376, 274, 207, 59, 134, 178, 237, 117, 176, 144]",0.49436649978160857,0.02595708519220352
476,403,x524,40,-0.010649655014276503,3.6583455164052756e-07,-29110.577353942645,0.0,0.010649655014276503,282475249,3,0.1,0.7499999999734237,0.7499999911230903,282475238,18,1,"[376, 274, 207, 59, 134, 178, 237, 117, 176, 144]",0.49436649978160857,0.02595708519220352
477,364,x461,36,0.01034349964730688,3.651621574082213e-07,28325.77099642803,0.0,0.01034349964730688,282475249,3,0.1,0.7645997022489295,0.7645996939154451,282475238,19,1,"[376, 274, 207, 59, 134, 178, 237, 117, 176, 144]",0.49436649978160857,0.02595708519220352
478,254,x309,25,0.00962528983896743,3.7910463495134233e-07,25389.53352602198,0.0,0.00962528983896743,282475249,3,0.1,0.7577581032897611,0.7577580947140751,282475238,20,1,"[376, 274, 207, 59, 134, 178, 237, 117, 176, 144]",0.49436649978160857,0.02595708519220352
479,420,x552,42,0.009260927487396655,3.8373195330503557e-07,24133.845012471436,0.0,0.009260927487396655,282475249,3,0.1,0.7334868660099279,0.7334868565750077,282475238,21,1,"[376, 274, 207, 59, 134, 178, 237, 117, 176, 144]",0.49436649978160857,0.02595708519220352
480,238,x291,23,0.008877793444116822,4.882122950547843e-07,18184.28895388759,0.0,0.008877793444116822,282475249,3,0.1,0.6572797975041147,0.6572797853713626,282475238,22,1,"[376, 274, 207, 59, 134, 178, 237, 117, 176, 144]",0.49436649978160857,0.02595708519220352
481,106,x116,10,-0.00733461554687,6.605784805072272e-07,-11103.321956897677,0.0,0.00733461554687,282475249,3,0.1,0.7070133470821063,0.7070133367099882,282475238,23,1,"[376, 274, 207, 59, 134, 178, 237, 117, 176, 144]",0.49436649978160857,0.02595708519220352
482,320,x411,32,0.007276180181272164,2.0614471247334833e-07,35296.46768026065,0.0,0.007276180181272164,282475249,3,0.1,0.8199441873094088,0.819944180935193,282475238,24,1,"[376, 274, 207, 59, 134, 178, 237, 117, 176, 144]",0.49436649978160857,0.02595708519220352
483,354,x447,35,0.007092099237654867,1.4623516995483342e-07,48497.904025723445,0.0,0.007092099237654867,282475249,3,0.1,0.8927793181473683,0.8927793143516133,282475238,25,1,"[376, 274, 207, 59, 134, 178, 237, 117, 176, 144]",0.49436649978160857,0.02595708519220352
484,277,x342,27,0.0070709415844503656,2.778994211923057e-07,25444.24725360364,0.0,0.0070709415844503656,282475249,3,0.1,0.7158058053893078,0.7158057953284545,282475238,26,1,"[376, 274, 207, 59, 134, 178, 237, 117, 176, 144]",0.49436649978160857,0.02595708519220352
485,4,x5,0,0.006980835415519151,1.0264676570198792e-06,6800.833292484301,0.0,0.006980835415519151,282475249,3,0.1,0.8344752902893503,0.8344752844295549,282475238,27,1,"[376, 274, 207, 59, 134, 178, 237, 117, 176, 144]",0.49436649978160857,0.02595708519220352
486,435,x567,43,-0.0066053428288013446,4.088450777658479e-07,-16156.102122829836,0.0,0.0066053428288013446,282475249,3,0.1,0.7722409080336678,0.7722408999706923,282475238,28,1,"[376, 274, 207, 59, 134, 178, 237, 117, 176, 144]",0.49436649978160857,0.02595708519220352
487,49,x55,4,-0.006445181289950522,3.6963312670709624e-07,-17436.698240138518,0.0,0.006445181289950522,282475249,3,0.1,0.624285986458869,0.6242859731580921,282475238,29,1,"[376, 274, 207, 59, 134, 178, 237, 117, 176, 144]",0.49436649978160857,0.02595708519220352
488,225,x276,22,-0.0061041859871875034,4.457712058539375e-07,-13693.540334203677,0.0,0.0061041859871875034,282475249,3,0.1,0.7482446098473875,0.7482446009349111,282475238,30,1,"[376, 274, 207, 59, 134, 178, 237, 117, 176, 144]",0.49436649978160857,0.02595708519220352
489,370,x473,37,0.005850052516883761,2.854479773537747e-07,20494.28610815974,0.0,0.005850052516883761,282475249,3,0.1,0.7394452484716934,0.7394452392477078,282475238,31,1,"[376, 274, 207, 59, 134, 178, 237, 117, 176, 144]",0.49436649978160857,0.02595708519220352
490,446,x578,44,-0.005840385711220195,1.2231713389829972e-06,-4774.789536906717,0.0,0.005840385711220195,282475249,3,0.1,0.6270808734760194,0.6270808602741851,282475238,32,1,"[376, 274, 207, 59, 134, 178, 237, 117, 176, 144]",0.49436649978160857,0.02595708519220352
491,253,x308,25,0.005830489411276736,3.7910463495134233e-07,15379.631040451597,0.0,0.005830489411276736,282475249,3,0.1,0.7577581032897611,0.7577580947140751,282475238,33,1,"[376, 274, 207, 59, 134, 178, 237, 117, 176, 144]",0.49436649978160857,0.02595708519220352
492,53,x59,5,0.005690886094849941,1.4440618814679548e-06,3940.8879687793547,0.0,0.005690886094849941,282475249,3,0.1,0.445700443813113,0.44570042419016975,282475238,34,1,"[376, 274, 207, 59, 134, 178, 237, 117, 176, 144]",0.49436649978160857,0.02595708519220352
493,172,x189,17,0.005573685261972099,5.41816775000869e-07,10287.029710298577,0.0,0.005573685261972099,282475249,3,0.1,0.7092985765134643,0.7092985662222464,282475238,35,1,"[376, 274, 207, 59, 134, 178, 237, 117, 176, 144]",0.49436649978160857,0.02595708519220352
494,230,x282,23,-0.00497092207558028,4.882122950547776e-07,-10181.8862939995,0.0,0.00497092207558028,282475249,3,0.1,0.6572797975041147,0.6572797853713626,282475238,36,1,"[376, 274, 207, 59, 134, 178, 237, 117, 176, 144]",0.49436649978160857,0.02595708519220352
495,141,x153,14,0.0048979562802278775,4.3429372610161004e-07,11277.980744032027,0.0,0.0048979562802278775,282475249,3,0.1,0.4631295446885608,0.463129525682631,282475238,37,1,"[376, 274, 207, 59, 134, 178, 237, 117, 176, 144]",0.49436649978160857,0.02595708519220352
496,449,x581,44,0.004864144115360361,1.2231713389827761e-06,3976.6661957641363,0.0,0.004864144115360361,282475249,3,0.1,0.6270808734760194,0.6270808602741851,282475238,38,1,"[376, 274, 207, 59, 134, 178, 237, 117, 176, 144]",0.49436649978160857,0.02595708519220352
497,14,x17,1,-0.004831379409825286,3.059691733335741e-07,-15790.412338559392,0.0,0.004831379409825286,282475249,3,0.1,0.5661645596510403,0.5661645442926874,282475238,39,1,"[376, 274, 207, 59, 134, 178, 237, 117, 176, 144]",0.49436649978160857,0.02595708519220352
498,48,x54,4,-0.004752655513584793,3.6963312670717253e-07,-12857.764010285528,0.0,0.004752655513584793,282475249,3,0.1,0.624285986458869,0.6242859731580921,282475238,40,1,"[376, 274, 207, 59, 134, 178, 237, 117, 176, 144]",0.49436649978160857,0.02595708519220352
499,269,x334,26,0.004716950628915583,6.876757261327272e-07,6859.265856950099,0.0,0.004716950628915583,282475249,3,0.1,0.6838420346495717,0.6838420234571583,282475238,41,1,"[376, 274, 207, 59, 134, 178, 237, 117, 176, 144]",0.49436649978160857,0.02595708519220352
500,282,x349,28,0.004691393291116079,2.841515483571304e-07,16510.180283162812,0.0,0.004691393291116079,282475249,3,0.1,0.6442787888519055,0.6442787762589004,282475238,42,1,"[376, 274, 207, 59, 134, 178, 237, 117, 176, 144]",0.49436649978160857,0.02595708519220352
501,146,x160,14,0.004687224400742773,4.342937261016048e-07,10792.751815268402,0.0,0.004687224400742773,282475249,3,0.1,0.4631295446885608,0.463129525682631,282475238,43,1,"[376, 274, 207, 59, 134, 178, 237, 117, 176, 144]",0.49436649978160857,0.02595708519220352
502,235,x288,23,0.0046401845063285575,4.88212295054761e-07,9504.440083402826,0.0,0.0046401845063285575,282475249,3,0.1,0.6572797975041147,0.6572797853713626,282475238,44,1,"[376, 274, 207, 59, 134, 178, 237, 117, 176, 144]",0.49436649978160857,0.02595708519220352
503,77,x85,7,-0.004626191071839883,6.619894426595357e-07,-6988.3154831808315,0.0,0.004626191071839883,282475249,3,0.1,0.6972933241357641,0.6972933134195443,282475238,45,1,"[376, 274, 207, 59, 134, 178, 237, 117, 176, 144]",0.49436649978160857,0.02595708519220352
504,376,x480,37,0.0044982347859284216,2.854479773537713e-07,15758.509931053088,0.0,0.0044982347859284216,282475249,3,0.1,0.7394452484716934,0.7394452392477078,282475238,46,1,"[376, 274, 207, 59, 134, 178, 237, 117, 176, 144]",0.49436649978160857,0.02595708519220352
505,441,x573,44,0.004229136322709673,1.223171338983012e-06,3457.5175103644324,0.0,0.004229136322709673,282475249,3,0.1,0.6270808734760194,0.6270808602741851,282475238,47,1,"[376, 274, 207, 59, 134, 178, 237, 117, 176, 144]",0.49436649978160857,0.02595708519220352
506,456,x588,45,0.004190083745182794,1.942522662778203e-06,2157.0321033939035,0.0,0.004190083745182794,40353607,3,0.1,0.74357228904956,0.7435722318588862,40353597,48,1,"[376, 274, 207, 59, 134, 178, 237, 117, 176, 144]",0.49436649978160857,0.02595708519220352
507,301,x377,30,-0.004149377916237768,1.6931446455457094e-07,-24506.931095071337,0.0,0.004149377916237768,282475249,3,0.1,0.7497469420417502,0.7497469331824582,282475238,49,1,"[376, 274, 207, 59, 134, 178, 237, 117, 176, 144]",0.49436649978160857,0.02595708519220352
508,247,x302,24,-0.0040160658370169315,1.8509140727237633e-07,-21697.743272906126,0.0,0.0040160658370169315,282475249,3,0.1,0.6249999999022329,0.624999986626733,282475238,50,1,"[376, 274, 207, 59, 134, 178, 237, 117, 176, 144]",0.49436649978160857,0.02595708519220352
509,9,x11,0,0.0038960783035233214,1.0264676570196812e-06,3795.617209056027,0.0,0.0038960783035233214,282475249,3,0.1,0.8344752902893503,0.8344752844295549,282475238,51,1,"[376, 274, 207, 59, 134, 178, 237, 117, 176, 144]",0.49436649978160857,0.02595708519220352
510,440,x572,44,0.003855823361868207,1.223171338983012e-06,3152.316637073981,0.0,0.003855823361868207,282475249,3,0.1,0.6270808734760194,0.6270808602741851,282475238,52,1,"[376, 274, 207, 59, 134, 178, 237, 117, 176, 144]",0.49436649978160857,0.02595708519220352
511,447,x579,44,-0.0038446187474147245,1.2231713389829773e-06,-3143.156338678918,0.0,0.0038446187474147245,282475249,3,0.1,0.6270808734760194,0.6270808602741851,282475238,53,1,"[376, 274, 207, 59, 134, 178, 237, 117, 176, 144]",0.49436649978160857,0.02595708519220352
512,333,x426,33,0.0037404872020895194,3.3070185685424535e-07,11310.75355206764,0.0,0.0037404872020895194,282475249,3,0.1,0.4714151471150101,0.47141512840240163,282475238,54,1,"[376, 274, 207, 59, 134, 178, 237, 117, 176, 144]",0.49436649978160857,0.02595708519220352
513,347,x440,34,0.0037386675816382425,3.463073056770016e-07,10795.809156637519,0.0,0.0037386675816382425,282475249,3,0.1,0.4341439991547891,0.4341439791227323,282475238,55,1,"[376, 274, 207, 59, 134, 178, 237, 117, 176, 144]",0.49436649978160857,0.02595708519220352
514,100,x110,10,-0.0037003154755851824,6.605784805072352e-07,-5601.628852250589,0.0,0.0037003154755851824,282475249,3,0.1,0.7070133470821063,0.7070133367099882,282475238,56,1,"[376, 274, 207, 59, 134, 178, 237, 117, 176, 144]",0.49436649978160857,0.02595708519220352
515,338,x431,33,0.003682401278341585,3.307018568542499e-07,11135.109168632604,0.0,0.003682401278341585,282475249,3,0.1,0.4714151471150101,0.47141512840240163,282475238,57,1,"[376, 274, 207, 59, 134, 178, 237, 117, 176, 144]",0.49436649978160857,0.02595708519220352
516,131,x141,13,-0.0036249975008623963,1.2452509815119315e-07,-29110.57734289899,0.0,0.0036249975008623963,282475249,3,0.1,0.7499999998311556,0.7499999909808224,282475238,58,1,"[376, 274, 207, 59, 134, 178, 237, 117, 176, 144]",0.49436649978160857,0.02595708519220352
517,75,x83,7,0.0035914141038544374,6.619894426595319e-07,5425.183352510863,0.0,0.0035914141038544374,282475249,3,0.1,0.6972933241357641,0.6972933134195443,282475238,59,1,"[376, 274, 207, 59, 134, 178, 237, 117, 176, 144]",0.49436649978160857,0.02595708519220352
518,426,x558,42,0.003497431757012883,3.8373195330503096e-07,9114.257300936188,0.0,0.003497431757012883,282475249,3,0.1,0.7334868660099279,0.7334868565750077,282475238,60,1,"[376, 274, 207, 59, 134, 178, 237, 117, 176, 144]",0.49436649978160857,0.02595708519220352
519,158,x172,15,0.0034413041014757285,3.930561838866557e-07,8755.247322271072,0.0,0.0034413041014757285,282475249,3,0.1,0.42013632256663125,0.420136302038684,282475238,61,1,"[376, 274, 207, 59, 134, 178, 237, 117, 176, 144]",0.49436649978160857,0.02595708519220352
520,287,x354,28,-0.003415056091594631,2.841515483571224e-07,-12018.432105471336,0.0,0.003415056091594631,282475249,3,0.1,0.6442787888519055,0.6442787762589004,282475238,62,1,"[376, 274, 207, 59, 134, 178, 237, 117, 176, 144]",0.49436649978160857,0.02595708519220352
521,361,x457,36,-0.003400229259717242,3.6516215740822135e-07,-9311.559784427674,0.0,0.003400229259717242,282475249,3,0.1,0.7645997022489295,0.7645996939154451,282475238,63,1,"[376, 274, 207, 59, 134, 178, 237, 117, 176, 144]",0.49436649978160857,0.02595708519220352
522,122,x132,12,0.0033753810032289867,3.2245432749281447e-07,10467.780133309587,0.0,0.0033753810032289867,282475249,3,0.1,0.8882306965641102,0.8882306926073279,282475238,64,1,"[376, 274, 207, 59, 134, 178, 237, 117, 176, 144]",0.49436649978160857,0.02595708519220352
523,156,x170,15,0.0033445971808870882,3.930561838866456e-07,8509.208907018861,0.0,0.0033445971808870882,282475249,3,0.1,0.42013632256663125,0.420136302038684,282475238,65,1,"[376, 274, 207, 59, 134, 178, 237, 117, 176, 144]",0.49436649978160857,0.02595708519220352
524,31,x34,3,0.0033433696019250425,2.1120101907858883e-07,15830.272110007954,0.0,0.0033433696019250425,282475249,3,0.1,0.6114058514500585,0.6114058376933076,282475238,66,1,"[376, 274, 207, 59, 134, 178, 237, 117, 176, 144]",0.49436649978160857,0.02595708519220352
525,311,x391,31,-0.003331093763817947,1.8741545438711867e-07,-17773.847811597003,0.0,0.003331093763817947,282475249,3,0.1,0.6836873267420316,0.6836873155441413,282475238,67,1,"[376, 274, 207, 59, 134, 178, 237, 117, 176, 144]",0.49436649978160857,0.02595708519220352
526,316,x407,31,-0.003217003897440467,1.874154543871164e-07,-17165.094031122844,0.0,0.003217003897440467,282475249,3,0.1,0.6836873267420316,0.6836873155441413,282475238,68,1,"[376, 274, 207, 59, 134, 178, 237, 117, 176, 144]",0.49436649978160857,0.02595708519220352
527,18,x21,1,0.0031940223589409546,3.059691733335783e-07,10439.033201095457,0.0,0.0031940223589409546,282475249,3,0.1,0.5661645596510403,0.5661645442926874,282475238,69,1,"[376, 274, 207, 59, 134, 178, 237, 117, 176, 144]",0.49436649978160857,0.02595708519220352
528,427,x559,42,0.003007553950481327,3.837319533050247e-07,7837.642720596302,0.0,0.003007553950481327,282475249,3,0.1,0.7334868660099279,0.7334868565750077,282475238,70,1,"[376, 274, 207, 59, 134, 178, 237, 117, 176, 144]",0.49436649978160857,0.02595708519220352
529,344,x437,34,0.002983603201750624,3.463073056770114e-07,8615.478659677268,0.0,0.002983603201750624,282475249,3,0.1,0.4341439991547891,0.4341439791227323,282475238,71,1,"[376, 274, 207, 59, 134, 178, 237, 117, 176, 144]",0.49436649978160857,0.02595708519220352
530,154,x168,15,0.002930959097432827,3.930561838866503e-07,7456.8451473035675,0.0,0.002930959097432827,282475249,3,0.1,0.42013632256663125,0.420136302038684,282475238,72,1,"[376, 274, 207, 59, 134, 178, 237, 117, 176, 144]",0.49436649978160857,0.02595708519220352
531,378,x483,37,-0.002802516101413086,2.854479773537786e-07,-9817.957469496107,0.0,0.002802516101413086,282475249,3,0.1,0.7394452484716934,0.7394452392477078,282475238,73,1,"[376, 274, 207, 59, 134, 178, 237, 117, 176, 144]",0.49436649978160857,0.02595708519220352
532,443,x575,44,0.002781660346250625,1.223171338983012e-06,2274.1379376689742,0.0,0.002781660346250625,282475249,3,0.1,0.6270808734760194,0.6270808602741851,282475238,74,1,"[376, 274, 207, 59, 134, 178, 237, 117, 176, 144]",0.49436649978160857,0.02595708519220352
533,193,x218,19,0.002765996685745756,1.1690489406491297e-07,23660.23003459462,0.0,0.002765996685745756,282475249,3,0.1,0.7180437948019718,0.7180437848203463,282475238,75,1,"[376, 274, 207, 59, 134, 178, 237, 117, 176, 144]",0.49436649978160857,0.02595708519220352
534,283,x350,28,0.0027635492351850512,2.8415154835713044e-07,9725.617372711751,0.0,0.0027635492351850512,282475249,3,0.1,0.6442787888519055,0.6442787762589004,282475238,76,1,"[376, 274, 207, 59, 134, 178, 237, 117, 176, 144]",0.49436649978160857,0.02595708519220352
535,307,x387,30,-0.0026539386231068454,1.6931446455456612e-07,-15674.612503360826,0.0,0.0026539386231068454,282475249,3,0.1,0.7497469420417502,0.7497469331824582,282475238,77,1,"[376, 274, 207, 59, 134, 178, 237, 117, 176, 144]",0.49436649978160857,0.02595708519220352
536,109,x119,10,-0.0023974190935055293,6.605784805071079e-07,-3629.272167124029,0.0,0.0023974190935055293,282475249,3,0.1,0.7070133470821063,0.7070133367099882,282475238,78,1,"[376, 274, 207, 59, 134, 178, 237, 117, 176, 144]",0.49436649978160857,0.02595708519220352
537,83,x92,8,0.002387115845874863,6.429605178433822e-07,3712.6942940162576,0.0,0.002387115845874863,282475249,3,0.1,0.5754790781359667,0.5754790631073601,282475238,79,1,"[376, 274, 207, 59, 134, 178, 237, 117, 176, 144]",0.49436649978160857,0.02595708519220352
538,399,x519,39,-0.002347615332974439,1.342184777627991e-07,-17490.999541235447,0.0,0.002347615332974439,282475249,3,0.1,0.7137305148370966,0.7137305047027752,282475238,80,1,"[376, 274, 207, 59, 134, 178, 237, 117, 176, 144]",0.49436649978160857,0.02595708519220352
539,422,x554,42,0.0022478661901494247,3.837319533050355e-07,5857.907246943689,0.0,0.0022478661901494247,282475249,3,0.1,0.7334868660099279,0.7334868565750077,282475238,81,1,"[376, 274, 207, 59, 134, 178, 237, 117, 176, 144]",0.49436649978160857,0.02595708519220352
540,39,x42,3,0.002196134001741683,2.1120101907854812e-07,10398.311576919594,0.0,0.002196134001741683,282475249,3,0.1,0.6114058514500585,0.6114058376933076,282475238,82,1,"[376, 274, 207, 59, 134, 178, 237, 117, 176, 144]",0.49436649978160857,0.02595708519220352
541,264,x322,26,-0.002195774265307026,6.876757261328598e-07,-3193.037331206889,0.0,0.002195774265307026,282475249,3,0.1,0.6838420346495717,0.6838420234571583,282475238,83,1,"[376, 274, 207, 59, 134, 178, 237, 117, 176, 144]",0.49436649978160857,0.02595708519220352
542,384,x489,38,-0.002191318389104326,1.659688756677056e-07,-13203.188732155248,0.0,0.002191318389104326,282475249,3,0.1,0.49867271024910265,0.4986726925014483,282475238,84,1,"[376, 274, 207, 59, 134, 178, 237, 117, 176, 144]",0.49436649978160857,0.02595708519220352
543,67,x74,6,-0.002140293030866446,1.6440212263953927e-07,-13018.645966993727,0.0,0.002140293030866446,282475249,3,0.1,0.37500000001905653,0.37499997789322326,282475238,85,1,"[376, 274, 207, 59, 134, 178, 237, 117, 176, 144]",0.49436649978160857,0.02595708519220352
544,397,x517,39,0.0019934253479317278,1.3421847776282117e-07,14852.093252423336,0.0,0.0019934253479317278,282475249,3,0.1,0.7137305148370966,0.7137305047027752,282475238,86,1,"[376, 274, 207, 59, 134, 178, 237, 117, 176, 144]",0.49436649978160857,0.02595708519220352
545,59,x65,5,0.0019602805472242,1.4440618814676765e-06,1357.4768314165756,0.0,0.0019602805472242,282475249,3,0.1,0.445700443813113,0.44570042419016975,282475238,87,1,"[376, 274, 207, 59, 134, 178, 237, 117, 176, 144]",0.49436649978160857,0.02595708519220352
546,369,x472,36,-0.001947672619502537,3.6516215740815094e-07,-5333.719773502089,0.0,0.001947672619502537,282475249,3,0.1,0.7645997022489295,0.7645996939154451,282475238,88,1,"[376, 274, 207, 59, 134, 178, 237, 117, 176, 144]",0.49436649978160857,0.02595708519220352
547,391,x497,39,-0.0017894444845982587,1.3421847776282498e-07,-13332.325879603204,0.0,0.0017894444845982587,282475249,3,0.1,0.7137305148370966,0.7137305047027752,282475238,89,1,"[376, 274, 207, 59, 134, 178, 237, 117, 176, 144]",0.49436649978160857,0.02595708519220352
548,372,x475,37,0.0017343433216983751,2.8544797735377466e-07,6075.86481353444,0.0,0.0017343433216983751,282475249,3,0.1,0.7394452484716934,0.7394452392477078,282475238,90,1,"[376, 274, 207, 59, 134, 178, 237, 117, 176, 144]",0.49436649978160857,0.02595708519220352
549,279,x345,27,-0.0017220204636318596,2.7789942119226e-07,-6196.560094454133,0.0,0.0017220204636318596,282475249,3,0.1,0.7158058053893078,0.7158057953284545,282475238,91,1,"[376, 274, 207, 59, 134, 178, 237, 117, 176, 144]",0.49436649978160857,0.02595708519220352
550,383,x488,38,0.0017140279238929514,1.659688756677056e-07,10327.40576808323,0.0,0.0017140279238929514,282475249,3,0.1,0.49867271024910265,0.4986726925014483,282475238,92,1,"[376, 274, 207, 59, 134, 178, 237, 117, 176, 144]",0.49436649978160857,0.02595708519220352
551,236,x289,23,0.0016626132767532777,4.882122950547718e-07,3405.512916397879,0.0,0.0016626132767532777,282475249,3,0.1,0.6572797975041147,0.6572797853713626,282475238,93,1,"[376, 274, 207, 59, 134, 178, 237, 117, 176, 144]",0.49436649978160857,0.02595708519220352
552,425,x557,42,0.0015426431617135182,3.837319533050225e-07,4020.106088187281,0.0,0.0015426431617135182,282475249,3,0.1,0.7334868660099279,0.7334868565750077,282475238,94,1,"[376, 274, 207, 59, 134, 178, 237, 117, 176, 144]",0.49436649978160857,0.02595708519220352
553,38,x41,3,-0.0014983750829338893,2.1120101907859172e-07,-7094.544758689431,0.0,0.0014983750829338893,282475249,3,0.1,0.6114058514500585,0.6114058376933076,282475238,95,1,"[376, 274, 207, 59, 134, 178, 237, 117, 176, 144]",0.49436649978160857,0.02595708519220352
554,191,x216,19,-0.001476704123981148,1.1690489406491298e-07,-12631.670690888173,0.0,0.001476704123981148,282475249,3,0.1,0.7180437948019718,0.7180437848203463,282475238,96,1,"[376, 274, 207, 59, 134, 178, 237, 117, 176, 144]",0.49436649978160857,0.02595708519220352
555,340,x433,34,-0.001415433241880853,3.4630730567701146e-07,-4087.2173895198657,0.0,0.001415433241880853,282475249,3,0.1,0.4341439991547891,0.4341439791227323,282475238,97,1,"[376, 274, 207, 59, 134, 178, 237, 117, 176, 144]",0.49436649978160857,0.02595708519220352
556,272,x337,27,0.0014079701828800051,2.778994211923135e-07,5066.473966873265,0.0,0.0014079701828800051,282475249,3,0.1,0.7158058053893078,0.7158057953284545,282475238,98,1,"[376, 274, 207, 59, 134, 178, 237, 117, 176, 144]",0.49436649978160857,0.02595708519220352
557,323,x414,32,-0.0013119708366539954,2.0614471247334833e-07,-6364.319612726497,0.0,0.0013119708366539954,282475249,3,0.1,0.8199441873094088,0.819944180935193,282475238,99,1,"[376, 274, 207, 59, 134, 178, 237, 117, 176, 144]",0.49436649978160857,0.02595708519220352
558,37,x40,3,0.0012563465815540545,2.1120101907858285e-07,5948.582005120903,0.0,0.0012563465815540545,282475249,3,0.1,0.6114058514500585,0.6114058376933076,282475238,100,1,"[376, 274, 207, 59, 134, 178, 237, 117, 176, 144]",0.49436649978160857,0.02595708519220352
559,217,x268,21,0.0012132365788731366,9.319222469279699e-08,13018.645953270285,0.0,0.0012132365788731366,282475249,3,0.1,0.37499999952530627,0.374999977399473,282475238,101,1,"[376, 274, 207, 59, 134, 178, 237, 117, 176, 144]",0.49436649978160857,0.02595708519220352
560,239,x292,23,-0.0011417279935920493,4.882122950546835e-07,-2338.5891858052596,0.0,0.0011417279935920493,282475249,3,0.1,0.6572797975041147,0.6572797853713626,282475238,102,1,"[376, 274, 207, 59, 134, 178, 237, 117, 176, 144]",0.49436649978160857,0.02595708519220352
561,345,x438,34,0.0010528716579488455,3.463073056769996e-07,3040.281393690428,0.0,0.0010528716579488455,282475249,3,0.1,0.4341439991547891,0.4341439791227323,282475238,103,1,"[376, 274, 207, 59, 134, 178, 237, 117, 176, 144]",0.49436649978160857,0.02595708519220352
562,17,x20,1,0.0009831904811083622,3.0596917333356544e-07,3213.364504653856,0.0,0.0009831904811083622,282475249,3,0.1,0.5661645596510403,0.5661645442926874,282475238,104,1,"[376, 274, 207, 59, 134, 178, 237, 117, 176, 144]",0.49436649978160857,0.02595708519220352
563,252,x307,25,0.0005934844282252551,3.791046349513423e-07,1565.4897711852777,0.0,0.0005934844282252551,282475249,3,0.1,0.7577581032897611,0.7577580947140751,282475238,105,1,"[376, 274, 207, 59, 134, 178, 237, 117, 176, 144]",0.49436649978160857,0.02595708519220352
564,24,x27,2,-1.1141871496894652e-17,2.1352547207187985e-13,-5.218052623316025e-05,0.9999583659637998,1.1141871496894652e-17,282475249,3,0.1,0.0,-3.540133319823724e-08,282475238,106,1,"[376, 274, 207, 59, 134, 178, 237, 117, 176, 144]",0.49436649978160857,0.02595708519220352
565,94,x104,9,-1.1141871496894652e-17,2.1352547207187985e-13,-5.218052623316025e-05,0.9999583659637998,1.1141871496894652e-17,282475249,3,0.1,0.0,-3.540133319823724e-08,282475238,107,1,"[376, 274, 207, 59, 134, 178, 237, 117, 176, 144]",0.49436649978160857,0.02595708519220352
566,184,x208,18,-1.1141871496894652e-17,2.1352547207187985e-13,-5.218052623316025e-05,0.9999583659637998,1.1141871496894652e-17,282475249,3,0.1,0.0,-3.540133319823724e-08,282475238,108,1,"[376, 274, 207, 59, 134, 178, 237, 117, 176, 144]",0.49436649978160857,0.02595708519220352
567,204,x240,20,-1.1141871496894652e-17,2.1352547207187985e-13,-5.218052623316025e-05,0.9999583659637998,1.1141871496894652e-17,282475249,3,0.1,0.0,-3.540133319823724e-08,282475238,109,1,"[376, 274, 207, 59, 134, 178, 237, 117, 176, 144]",0.49436649978160857,0.02595708519220352
568,294,x362,29,-1.1141871496894652e-17,2.1352547207187985e-13,-5.218052623316025e-05,0.9999583659637998,1.1141871496894652e-17,282475249,3,0.1,0.0,-3.540133319823724e-08,282475238,110,1,"[376, 274, 207, 59, 134, 178, 237, 117, 176, 144]",0.49436649978160857,0.02595708519220352
569,414,x546,41,-1.1141871496894652e-17,2.1352547207187985e-13,-5.218052623316025e-05,0.9999583659637998,1.1141871496894652e-17,282475249,3,0.1,0.0,-3.540133319823724e-08,282475238,111,1,"[376, 274, 207, 59, 134, 178, 237, 117, 176, 144]",0.49436649978160857,0.02595708519220352
570,27,x30,2,-1.0198753614782245e-17,2.135254720718738e-13,-4.776363923152593e-05,0.9999618901297376,1.0198753614782245e-17,282475249,3,0.1,0.0,-3.540133319823724e-08,282475238,112,1,"[376, 274, 207, 59, 134, 178, 237, 117, 176, 144]",0.49436649978160857,0.02595708519220352
571,97,x107,9,-1.0198753614782245e-17,2.135254720718738e-13,-4.776363923152593e-05,0.9999618901297376,1.0198753614782245e-17,282475249,3,0.1,0.0,-3.540133319823724e-08,282475238,113,1,"[376, 274, 207, 59, 134, 178, 237, 117, 176, 144]",0.49436649978160857,0.02595708519220352
572,187,x212,18,-1.0198753614782245e-17,2.135254720718738e-13,-4.776363923152593e-05,0.9999618901297376,1.0198753614782245e-17,282475249,3,0.1,0.0,-3.540133319823724e-08,282475238,114,1,"[376, 274, 207, 59, 134, 178, 237, 117, 176, 144]",0.49436649978160857,0.02595708519220352
573,207,x247,20,-1.0198753614782245e-17,2.135254720718738e-13,-4.776363923152593e-05,0.9999618901297376,1.0198753614782245e-17,282475249,3,0.1,0.0,-3.540133319823724e-08,282475238,115,1,"[376, 274, 207, 59, 134, 178, 237, 117, 176, 144]",0.49436649978160857,0.02595708519220352
574,297,x366,29,-1.0198753614782245e-17,2.135254720718738e-13,-4.776363923152593e-05,0.9999618901297376,1.0198753614782245e-17,282475249,3,0.1,0.0,-3.540133319823724e-08,282475238,116,1,"[376, 274, 207, 59, 134, 178, 237, 117, 176, 144]",0.49436649978160857,0.02595708519220352
575,417,x549,41,-1.0198753614782245e-17,2.135254720718738e-13,-4.776363923152593e-05,0.9999618901297376,1.0198753614782245e-17,282475249,3,0.1,0.0,-3.540133319823724e-08,282475238,117,1,"[376, 274, 207, 59, 134, 178, 237, 117, 176, 144]",0.49436649978160857,0.02595708519220352
576,25,x28,2,-8.80828430354102e-18,2.1352547207187258e-13,-4.12516793339586e-05,0.9999670859219907,8.80828430354102e-18,282475249,3,0.1,0.0,-3.540133319823724e-08,282475238,118,1,"[376, 274, 207, 59, 134, 178, 237, 117, 176, 144]",0.49436649978160857,0.02595708519220352
577,95,x105,9,-8.80828430354102e-18,2.1352547207187258e-13,-4.12516793339586e-05,0.9999670859219907,8.80828430354102e-18,282475249,3,0.1,0.0,-3.540133319823724e-08,282475238,119,1,"[376, 274, 207, 59, 134, 178, 237, 117, 176, 144]",0.49436649978160857,0.02595708519220352
578,185,x209,18,-8.80828430354102e-18,2.1352547207187258e-13,-4.12516793339586e-05,0.9999670859219907,8.80828430354102e-18,282475249,3,0.1,0.0,-3.540133319823724e-08,282475238,120,1,"[376, 274, 207, 59, 134, 178, 237, 117, 176, 144]",0.49436649978160857,0.02595708519220352
579,205,x245,20,-8.80828430354102e-18,2.1352547207187258e-13,-4.12516793339586e-05,0.9999670859219907,8.80828430354102e-18,282475249,3,0.1,0.0,-3.540133319823724e-08,282475238,121,1,"[376, 274, 207, 59, 134, 178, 237, 117, 176, 144]",0.49436649978160857,0.02595708519220352
580,295,x363,29,-8.80828430354102e-18,2.1352547207187258e-13,-4.12516793339586e-05,0.9999670859219907,8.80828430354102e-18,282475249,3,0.1,0.0,-3.540133319823724e-08,282475238,122,1,"[376, 274, 207, 59, 134, 178, 237, 117, 176, 144]",0.49436649978160857,0.02595708519220352
581,415,x547,41,-8.80828430354102e-18,2.1352547207187258e-13,-4.12516793339586e-05,0.9999670859219907,8.80828430354102e-18,282475249,3,0.1,0.0,-3.540133319823724e-08,282475238,123,1,"[376, 274, 207, 59, 134, 178, 237, 117, 176, 144]",0.49436649978160857,0.02595708519220352
582,23,x26,2,-6.979294212602104e-18,2.1352547207187985e-13,-3.2686002961991524e-05,0.9999739203429101,6.979294212602104e-18,282475249,3,0.1,0.0,-3.540133319823724e-08,282475238,124,1,"[376, 274, 207, 59, 134, 178, 237, 117, 176, 144]",0.49436649978160857,0.02595708519220352
583,93,x103,9,-6.979294212602104e-18,2.1352547207187985e-13,-3.2686002961991524e-05,0.9999739203429101,6.979294212602104e-18,282475249,3,0.1,0.0,-3.540133319823724e-08,282475238,125,1,"[376, 274, 207, 59, 134, 178, 237, 117, 176, 144]",0.49436649978160857,0.02595708519220352
584,183,x206,18,-6.979294212602104e-18,2.1352547207187985e-13,-3.2686002961991524e-05,0.9999739203429101,6.979294212602104e-18,282475249,3,0.1,0.0,-3.540133319823724e-08,282475238,126,1,"[376, 274, 207, 59, 134, 178, 237, 117, 176, 144]",0.49436649978160857,0.02595708519220352
585,203,x239,20,-6.979294212602104e-18,2.1352547207187985e-13,-3.2686002961991524e-05,0.9999739203429101,6.979294212602104e-18,282475249,3,0.1,0.0,-3.540133319823724e-08,282475238,127,1,"[376, 274, 207, 59, 134, 178, 237, 117, 176, 144]",0.49436649978160857,0.02595708519220352
586,293,x361,29,-6.979294212602104e-18,2.1352547207187985e-13,-3.2686002961991524e-05,0.9999739203429101,6.979294212602104e-18,282475249,3,0.1,0.0,-3.540133319823724e-08,282475238,128,1,"[376, 274, 207, 59, 134, 178, 237, 117, 176, 144]",0.49436649978160857,0.02595708519220352
587,413,x545,41,-6.979294212602104e-18,2.1352547207187985e-13,-3.2686002961991524e-05,0.9999739203429101,6.979294212602104e-18,282475249,3,0.1,0.0,-3.540133319823724e-08,282475238,129,1,"[376, 274, 207, 59, 134, 178, 237, 117, 176, 144]",0.49436649978160857,0.02595708519220352
588,20,x23,2,-3.867858180976695e-18,2.1352547207187985e-13,-1.8114270599409538e-05,0.9999855469031722,3.867858180976695e-18,282475249,3,0.1,0.0,-3.540133319823724e-08,282475238,130,1,"[376, 274, 207, 59, 134, 178, 237, 117, 176, 144]",0.49436649978160857,0.02595708519220352
589,90,x100,9,-3.867858180976695e-18,2.1352547207187985e-13,-1.8114270599409538e-05,0.9999855469031722,3.867858180976695e-18,282475249,3,0.1,0.0,-3.540133319823724e-08,282475238,131,1,"[376, 274, 207, 59, 134, 178, 237, 117, 176, 144]",0.49436649978160857,0.02595708519220352
590,180,x203,18,-3.867858180976695e-18,2.1352547207187985e-13,-1.8114270599409538e-05,0.9999855469031722,3.867858180976695e-18,282475249,3,0.1,0.0,-3.540133319823724e-08,282475238,132,1,"[376, 274, 207, 59, 134, 178, 237, 117, 176, 144]",0.49436649978160857,0.02595708519220352
591,200,x226,20,-3.867858180976695e-18,2.1352547207187985e-13,-1.8114270599409538e-05,0.9999855469031722,3.867858180976695e-18,282475249,3,0.1,0.0,-3.540133319823724e-08,282475238,133,1,"[376, 274, 207, 59, 134, 178, 237, 117, 176, 144]",0.49436649978160857,0.02595708519220352
592,290,x357,29,-3.867858180976695e-18,2.1352547207187985e-13,-1.8114270599409538e-05,0.9999855469031722,3.867858180976695e-18,282475249,3,0.1,0.0,-3.540133319823724e-08,282475238,134,1,"[376, 274, 207, 59, 134, 178, 237, 117, 176, 144]",0.49436649978160857,0.02595708519220352
593,410,x542,41,-3.867858180976695e-18,2.1352547207187985e-13,-1.8114270599409538e-05,0.9999855469031722,3.867858180976695e-18,282475249,3,0.1,0.0,-3.540133319823724e-08,282475238,135,1,"[376, 274, 207, 59, 134, 178, 237, 117, 176, 144]",0.49436649978160857,0.02595708519220352
594,22,x25,2,-3.8049198349590866e-18,2.1352547207187983e-13,-1.781951257636477e-05,0.9999857820860476,3.8049198349590866e-18,282475249,3,0.1,0.0,-3.540133319823724e-08,282475238,136,1,"[376, 274, 207, 59, 134, 178, 237, 117, 176, 144]",0.49436649978160857,0.02595708519220352
595,92,x102,9,-3.8049198349590866e-18,2.1352547207187983e-13,-1.781951257636477e-05,0.9999857820860476,3.8049198349590866e-18,282475249,3,0.1,0.0,-3.540133319823724e-08,282475238,137,1,"[376, 274, 207, 59, 134, 178, 237, 117, 176, 144]",0.49436649978160857,0.02595708519220352
596,182,x205,18,-3.8049198349590866e-18,2.1352547207187983e-13,-1.781951257636477e-05,0.9999857820860476,3.8049198349590866e-18,282475249,3,0.1,0.0,-3.540133319823724e-08,282475238,138,1,"[376, 274, 207, 59, 134, 178, 237, 117, 176, 144]",0.49436649978160857,0.02595708519220352
597,202,x229,20,-3.8049198349590866e-18,2.1352547207187983e-13,-1.781951257636477e-05,0.9999857820860476,3.8049198349590866e-18,282475249,3,0.1,0.0,-3.540133319823724e-08,282475238,139,1,"[376, 274, 207, 59, 134, 178, 237, 117, 176, 144]",0.49436649978160857,0.02595708519220352
598,292,x360,29,-3.8049198349590866e-18,2.1352547207187983e-13,-1.781951257636477e-05,0.9999857820860476,3.8049198349590866e-18,282475249,3,0.1,0.0,-3.540133319823724e-08,282475238,140,1,"[376, 274, 207, 59, 134, 178, 237, 117, 176, 144]",0.49436649978160857,0.02595708519220352
599,412,x544,41,-3.8049198349590866e-18,2.1352547207187983e-13,-1.781951257636477e-05,0.9999857820860476,3.8049198349590866e-18,282475249,3,0.1,0.0,-3.540133319823724e-08,282475238,141,1,"[376, 274, 207, 59, 134, 178, 237, 117, 176, 144]",0.49436649978160857,0.02595708519220352
600,21,x24,2,-3.1253018463467283e-18,2.1352547207187985e-13,-1.4636669883088453e-05,0.9999883216270895,3.1253018463467283e-18,282475249,3,0.1,0.0,-3.540133319823724e-08,282475238,142,1,"[376, 274, 207, 59, 134, 178, 237, 117, 176, 144]",0.49436649978160857,0.02595708519220352
601,91,x101,9,-3.1253018463467283e-18,2.1352547207187985e-13,-1.4636669883088453e-05,0.9999883216270895,3.1253018463467283e-18,282475249,3,0.1,0.0,-3.540133319823724e-08,282475238,143,1,"[376, 274, 207, 59, 134, 178, 237, 117, 176, 144]",0.49436649978160857,0.02595708519220352
602,181,x204,18,-3.1253018463467283e-18,2.1352547207187985e-13,-1.4636669883088453e-05,0.9999883216270895,3.1253018463467283e-18,282475249,3,0.1,0.0,-3.540133319823724e-08,282475238,144,1,"[376, 274, 207, 59, 134, 178, 237, 117, 176, 144]",0.49436649978160857,0.02595708519220352
603,201,x228,20,-3.1253018463467283e-18,2.1352547207187985e-13,-1.4636669883088453e-05,0.9999883216270895,3.1253018463467283e-18,282475249,3,0.1,0.0,-3.540133319823724e-08,282475238,145,1,"[376, 274, 207, 59, 134, 178, 237, 117, 176, 144]",0.49436649978160857,0.02595708519220352
604,291,x358,29,-3.1253018463467283e-18,2.1352547207187985e-13,-1.4636669883088453e-05,0.9999883216270895,3.1253018463467283e-18,282475249,3,0.1,0.0,-3.540133319823724e-08,282475238,146,1,"[376, 274, 207, 59, 134, 178, 237, 117, 176, 144]",0.49436649978160857,0.02595708519220352
605,411,x543,41,-3.1253018463467283e-18,2.1352547207187985e-13,-1.4636669883088453e-05,0.9999883216270895,3.1253018463467283e-18,282475249,3,0.1,0.0,-3.540133319823724e-08,282475238,147,1,"[376, 274, 207, 59, 134, 178, 237, 117, 176, 144]",0.49436649978160857,0.02595708519220352
606,28,x31,2,2.5278728976014984e-18,2.1352547207188278e-13,1.1838741640859113e-05,0.999990554050834,2.5278728976014984e-18,282475249,3,0.1,0.0,-3.540133319823724e-08,282475238,148,1,"[376, 274, 207, 59, 134, 178, 237, 117, 176, 144]",0.49436649978160857,0.02595708519220352
607,98,x108,9,2.5278728976014984e-18,2.1352547207188278e-13,1.1838741640859113e-05,0.999990554050834,2.5278728976014984e-18,282475249,3,0.1,0.0,-3.540133319823724e-08,282475238,149,1,"[376, 274, 207, 59, 134, 178, 237, 117, 176, 144]",0.49436649978160857,0.02595708519220352
608,188,x213,18,2.5278728976014984e-18,2.1352547207188278e-13,1.1838741640859113e-05,0.999990554050834,2.5278728976014984e-18,282475249,3,0.1,0.0,-3.540133319823724e-08,282475238,150,1,"[376, 274, 207, 59, 134, 178, 237, 117, 176, 144]",0.49436649978160857,0.02595708519220352
609,208,x248,20,2.5278728976014984e-18,2.1352547207188278e-13,1.1838741640859113e-05,0.999990554050834,2.5278728976014984e-18,282475249,3,0.1,0.0,-3.540133319823724e-08,282475238,151,1,"[376, 274, 207, 59, 134, 178, 237, 117, 176, 144]",0.49436649978160857,0.02595708519220352
610,298,x367,29,2.5278728976014984e-18,2.1352547207188278e-13,1.1838741640859113e-05,0.999990554050834,2.5278728976014984e-18,282475249,3,0.1,0.0,-3.540133319823724e-08,282475238,152,1,"[376, 274, 207, 59, 134, 178, 237, 117, 176, 144]",0.49436649978160857,0.02595708519220352
611,418,x550,41,2.5278728976014984e-18,2.1352547207188278e-13,1.1838741640859113e-05,0.999990554050834,2.5278728976014984e-18,282475249,3,0.1,0.0,-3.540133319823724e-08,282475238,153,1,"[376, 274, 207, 59, 134, 178, 237, 117, 176, 144]",0.49436649978160857,0.02595708519220352
612,26,x29,2,-4.40920455647604e-20,2.1352547207187728e-13,-2.064954833581544e-07,0.999999835240442,4.40920455647604e-20,282475249,3,0.1,0.0,-3.540133319823724e-08,282475238,154,1,"[376, 274, 207, 59, 134, 178, 237, 117, 176, 144]",0.49436649978160857,0.02595708519220352
613,96,x106,9,-4.40920455647604e-20,2.1352547207187728e-13,-2.064954833581544e-07,0.999999835240442,4.40920455647604e-20,282475249,3,0.1,0.0,-3.540133319823724e-08,282475238,155,1,"[376, 274, 207, 59, 134, 178, 237, 117, 176, 144]",0.49436649978160857,0.02595708519220352
614,186,x211,18,-4.40920455647604e-20,2.1352547207187728e-13,-2.064954833581544e-07,0.999999835240442,4.40920455647604e-20,282475249,3,0.1,0.0,-3.540133319823724e-08,282475238,156,1,"[376, 274, 207, 59, 134, 178, 237, 117, 176, 144]",0.49436649978160857,0.02595708519220352
615,206,x246,20,-4.40920455647604e-20,2.1352547207187728e-13,-2.064954833581544e-07,0.999999835240442,4.40920455647604e-20,282475249,3,0.1,0.0,-3.540133319823724e-08,282475238,157,1,"[376, 274, 207, 59, 134, 178, 237, 117, 176, 144]",0.49436649978160857,0.02595708519220352
616,296,x364,29,-4.40920455647604e-20,2.1352547207187728e-13,-2.064954833581544e-07,0.999999835240442,4.40920455647604e-20,282475249,3,0.1,0.0,-3.540133319823724e-08,282475238,158,1,"[376, 274, 207, 59, 134, 178, 237, 117, 176, 144]",0.49436649978160857,0.02595708519220352
617,416,x548,41,-4.40920455647604e-20,2.1352547207187728e-13,-2.064954833581544e-07,0.999999835240442,4.40920455647604e-20,282475249,3,0.1,0.0,-3.540133319823724e-08,282475238,159,1,"[376, 274, 207, 59, 134, 178, 237, 117, 176, 144]",0.49436649978160857,0.02595708519220352
618,29,x32,2,-6.1953477936455485e-21,2.1352547207183868e-13,-2.9014560808750632e-08,0.9999999768497301,6.1953477936455485e-21,282475249,3,0.1,0.0,-3.540133319823724e-08,282475238,160,1,"[376, 274, 207, 59, 134, 178, 237, 117, 176, 144]",0.49436649978160857,0.02595708519220352
619,99,x109,9,-6.1953477936455485e-21,2.1352547207183868e-13,-2.9014560808750632e-08,0.9999999768497301,6.1953477936455485e-21,282475249,3,0.1,0.0,-3.540133319823724e-08,282475238,161,1,"[376, 274, 207, 59, 134, 178, 237, 117, 176, 144]",0.49436649978160857,0.02595708519220352
620,189,x214,18,-6.1953477936455485e-21,2.1352547207183868e-13,-2.9014560808750632e-08,0.9999999768497301,6.1953477936455485e-21,282475249,3,0.1,0.0,-3.540133319823724e-08,282475238,162,1,"[376, 274, 207, 59, 134, 178, 237, 117, 176, 144]",0.49436649978160857,0.02595708519220352
621,209,x249,20,-6.1953477936455485e-21,2.1352547207183868e-13,-2.9014560808750632e-08,0.9999999768497301,6.1953477936455485e-21,282475249,3,0.1,0.0,-3.540133319823724e-08,282475238,163,1,"[376, 274, 207, 59, 134, 178, 237, 117, 176, 144]",0.49436649978160857,0.02595708519220352
622,299,x368,29,-6.1953477936455485e-21,2.1352547207183868e-13,-2.9014560808750632e-08,0.9999999768497301,6.1953477936455485e-21,282475249,3,0.1,0.0,-3.540133319823724e-08,282475238,164,1,"[376, 274, 207, 59, 134, 178, 237, 117, 176, 144]",0.49436649978160857,0.02595708519220352
623,419,x551,41,-6.1953477936455485e-21,2.1352547207183868e-13,-2.9014560808750632e-08,0.9999999768497301,6.1953477936455485e-21,282475249,3,0.1,0.0,-3.540133319823724e-08,282475238,165,1,"[376, 274, 207, 59, 134, 178, 237, 117, 176, 144]",0.49436649978160857,0.02595708519220352
624,310,x390,31,-1.9216517508597263e-15,1.8741545438711867e-07,-1.025343271260027e-08,0.9999999918189444,1.9216517508597263e-15,282475249,3,0.1,0.6836873267420316,0.6836873155441413,282475238,166,1,"[376, 274, 207, 59, 134, 178, 237, 117, 176, 144]",0.49436649978160857,0.02595708519220352
625,300,x369,30,1.7115289504760166e-15,1.6931446455457094e-07,1.0108580829043001e-08,0.9999999919345193,1.7115289504760166e-15,282475249,3,0.1,0.7497469420417502,0.7497469331824582,282475238,167,1,"[376, 274, 207, 59, 134, 178, 237, 117, 176, 144]",0.49436649978160857,0.02595708519220352
626,390,x496,39,-6.970354223935894e-16,1.3421847776282498e-07,-5.19328958286435e-09,0.9999999958563546,6.970354223935894e-16,282475249,3,0.1,0.7137305148370966,0.7137305047027752,282475238,168,1,"[376, 274, 207, 59, 134, 178, 237, 117, 176, 144]",0.49436649978160857,0.02595708519220352
627,140,x152,14,-2.2449091503371645e-15,4.3429372610161004e-07,-5.1691033404703885e-09,0.9999999958756522,2.2449091503371645e-15,282475249,3,0.1,0.4631295446885608,0.463129525682631,282475238,169,1,"[376, 274, 207, 59, 134, 178, 237, 117, 176, 144]",0.49436649978160857,0.02595708519220352
628,430,x562,43,-7.887746681200261e-16,4.088450777658619e-07,-1.929275197417793e-09,0.9999999984606611,7.887746681200261e-16,282475249,3,0.1,0.7722409080336678,0.7722408999706923,282475238,170,1,"[376, 274, 207, 59, 134, 178, 237, 117, 176, 144]",0.49436649978160857,0.02595708519220352
629,30,x33,3,-2.535396327387977e-16,2.1120101907858883e-07,-1.2004659534547724e-09,0.9999999990421669,2.535396327387977e-16,282475249,3,0.1,0.6114058514500585,0.6114058376933076,282475238,171,1,"[376, 274, 207, 59, 134, 178, 237, 117, 176, 144]",0.49436649978160857,0.02595708519220352
630,280,x346,28,-2.2241212319273417e-16,2.841515483571305e-07,-7.827236011158374e-10,0.9999999993754769,2.2241212319273417e-16,282475249,3,0.1,0.6442787888519055,0.6442787762589004,282475238,172,1,"[376, 274, 207, 59, 134, 178, 237, 117, 176, 144]",0.49436649978160857,0.02595708519220352
631,70,x78,7,-4.765255005618175e-16,6.619894426595546e-07,-7.198385198521711e-10,0.9999999994256519,4.765255005618175e-16,282475249,3,0.1,0.6972933241357641,0.6972933134195443,282475238,173,1,"[376, 274, 207, 59, 134, 178, 237, 117, 176, 144]",0.49436649978160857,0.02595708519220352
632,281,x347,28,-1.7903617083676288e-16,2.841515483571305e-07,-6.300728321625918e-10,0.9999999994972746,1.7903617083676288e-16,282475249,3,0.1,0.6442787888519055,0.6442787762589004,282475238,174,1,"[376, 274, 207, 59, 134, 178, 237, 117, 176, 144]",0.49436649978160857,0.02595708519220352
633,120,x130,12,1.7053060074159904e-16,3.224543274928145e-07,5.288519526704106e-10,0.9999999995780371,1.7053060074159904e-16,282475249,3,0.1,0.8882306965641102,0.8882306926073279,282475238,175,1,"[376, 274, 207, 59, 134, 178, 237, 117, 176, 144]",0.49436649978160857,0.02595708519220352
634,271,x336,27,-1.2009568205426145e-16,2.7789942119231363e-07,-4.321552075891231e-10,0.99999999965519,1.2009568205426145e-16,282475249,3,0.1,0.7158058053893078,0.7158057953284545,282475238,176,1,"[376, 274, 207, 59, 134, 178, 237, 117, 176, 144]",0.49436649978160857,0.02595708519220352
635,371,x474,37,1.1613050839049075e-16,2.854479773537747e-07,4.068359827491875e-10,0.9999999996753919,1.1613050839049075e-16,282475249,3,0.1,0.7394452484716934,0.7394452392477078,282475238,177,1,"[376, 274, 207, 59, 134, 178, 237, 117, 176, 144]",0.49436649978160857,0.02595708519220352
636,421,x553,42,1.5593388282805968e-16,3.8373195330503557e-07,4.0636147572549156e-10,0.9999999996757705,1.5593388282805968e-16,282475249,3,0.1,0.7334868660099279,0.7334868565750077,282475238,178,1,"[376, 274, 207, 59, 134, 178, 237, 117, 176, 144]",0.49436649978160857,0.02595708519220352
637,10,x12,1,-1.149766529107202e-16,3.059691733335741e-07,-3.7577855199605415e-10,0.9999999997001721,1.149766529107202e-16,282475249,3,0.1,0.5661645596510403,0.5661645442926874,282475238,179,1,"[376, 274, 207, 59, 134, 178, 237, 117, 176, 144]",0.49436649978160857,0.02595708519220352
638,396,x512,39,4.688038047681469e-17,1.3421847776282334e-07,3.4928410199716857e-10,0.9999999997213116,4.688038047681469e-17,282475249,3,0.1,0.7137305148370966,0.7137305047027752,282475238,180,1,"[376, 274, 207, 59, 134, 178, 237, 117, 176, 144]",0.49436649978160857,0.02595708519220352
639,306,x386,30,5.863313302419903e-17,1.6931446455456887e-07,3.462972474233114e-10,0.9999999997236948,5.863313302419903e-17,282475249,3,0.1,0.7497469420417502,0.7497469331824582,282475238,181,1,"[376, 274, 207, 59, 134, 178, 237, 117, 176, 144]",0.49436649978160857,0.02595708519220352
640,270,x335,27,7.421169846411427e-17,2.7789942119231363e-07,2.670451710396253e-10,0.9999999997869289,7.421169846411427e-17,282475249,3,0.1,0.7158058053893078,0.7158057953284545,282475238,182,1,"[376, 274, 207, 59, 134, 178, 237, 117, 176, 144]",0.49436649978160857,0.02595708519220352
641,220,x271,22,-9.8912977614284e-17,4.4577120585395276e-07,-2.2189180529235592e-10,0.9999999998229561,9.8912977614284e-17,282475249,3,0.1,0.7482446098473875,0.7482446009349111,282475238,183,1,"[376, 274, 207, 59, 134, 178, 237, 117, 176, 144]",0.49436649978160857,0.02595708519220352
642,330,x422,33,6.615568569744975e-17,3.307018568542454e-07,2.0004630855945698e-10,0.9999999998403861,6.615568569744975e-17,282475249,3,0.1,0.4714151471150101,0.47141512840240163,282475238,184,1,"[376, 274, 207, 59, 134, 178, 237, 117, 176, 144]",0.49436649978160857,0.02595708519220352
643,166,x182,16,-5.821056452410288e-17,3.2433621108207095e-07,-1.7947599600395255e-10,0.9999999998567988,5.821056452410288e-17,282475249,3,0.1,0.890729731526898,0.8907297276585848,282475238,185,1,"[376, 274, 207, 59, 134, 178, 237, 117, 176, 144]",0.49436649978160857,0.02595708519220352
644,121,x131,12,4.9314820794842253e-17,3.224543274928145e-07,1.5293583180688178e-10,0.9999999998779747,4.9314820794842253e-17,282475249,3,0.1,0.8882306965641102,0.8882306926073279,282475238,186,1,"[376, 274, 207, 59, 134, 178, 237, 117, 176, 144]",0.49436649978160857,0.02595708519220352
645,46,x51,4,-5.640413966668048e-17,3.69633126707163e-07,-1.5259492613432865e-10,0.999999999878247,5.640413966668048e-17,282475249,3,0.1,0.624285986458869,0.6242859731580921,282475238,187,1,"[376, 274, 207, 59, 134, 178, 237, 117, 176, 144]",0.49436649978160857,0.02595708519220352
646,331,x424,33,-4.8911345449514564e-17,3.307018568542454e-07,-1.47901635372649e-10,0.9999999998819917,4.8911345449514564e-17,282475249,3,0.1,0.4714151471150101,0.47141512840240163,282475238,188,1,"[376, 274, 207, 59, 134, 178, 237, 117, 176, 144]",0.49436649978160857,0.02595708519220352
647,355,x448,35,-2.1381884668722832e-17,1.4623516995482844e-07,-1.4621574738366717e-10,0.9999999998833369,2.1381884668722832e-17,282475249,3,0.1,0.8927793181473683,0.8927793143516133,282475238,189,1,"[376, 274, 207, 59, 134, 178, 237, 117, 176, 144]",0.49436649978160857,0.02595708519220352
648,116,x126,11,1.1867937658724953e-16,8.306773341544018e-07,1.4287060896883703e-10,0.9999999998860059,1.1867937658724953e-16,282475249,3,0.1,0.7868028758767333,0.7868028683292708,282475238,190,1,"[376, 274, 207, 59, 134, 178, 237, 117, 176, 144]",0.49436649978160857,0.02595708519220352
649,215,x255,21,-1.309546150592153e-17,9.319222469279646e-08,-1.405209667339745e-10,0.9999999998878806,1.309546150592153e-17,282475249,3,0.1,0.37499999952530627,0.374999977399473,282475238,191,1,"[376, 274, 207, 59, 134, 178, 237, 117, 176, 144]",0.49436649978160857,0.02595708519220352
650,431,x563,43,-5.560007754919378e-17,4.088450777658619e-07,-1.359930217407067e-10,0.9999999998914932,5.560007754919378e-17,282475249,3,0.1,0.7722409080336678,0.7722408999706923,282475238,192,1,"[376, 274, 207, 59, 134, 178, 237, 117, 176, 144]",0.49436649978160857,0.02595708519220352
651,150,x164,15,5.2615002754861143e-17,3.9305618388665034e-07,1.3386127711969613e-10,0.9999999998931941,5.2615002754861143e-17,282475249,3,0.1,0.42013632256663125,0.420136302038684,282475238,193,1,"[376, 274, 207, 59, 134, 178, 237, 117, 176, 144]",0.49436649978160857,0.02595708519220352
652,276,x341,27,3.683127907125352e-17,2.7789942119231024e-07,1.325345656109365e-10,0.9999999998942528,3.683127907125352e-17,282475249,3,0.1,0.7158058053893078,0.7158057953284545,282475238,194,1,"[376, 274, 207, 59, 134, 178, 237, 117, 176, 144]",0.49436649978160857,0.02595708519220352
653,226,x278,22,5.749307378201539e-17,4.457712058539473e-07,1.2897439993208635e-10,0.9999999998970934,5.749307378201539e-17,282475249,3,0.1,0.7482446098473875,0.7482446009349111,282475238,195,1,"[376, 274, 207, 59, 134, 178, 237, 117, 176, 144]",0.49436649978160857,0.02595708519220352
654,210,x250,21,-1.1805314217388279e-17,9.319222469279965e-08,-1.2667702972327903e-10,0.9999999998989264,1.1805314217388279e-17,282475249,3,0.1,0.37499999952530627,0.374999977399473,282475238,196,1,"[376, 274, 207, 59, 134, 178, 237, 117, 176, 144]",0.49436649978160857,0.02595708519220352
655,36,x39,3,2.6120268781975615e-17,2.112010190785863e-07,1.2367491831209613e-10,0.9999999999013216,2.6120268781975615e-17,282475249,3,0.1,0.6114058514500585,0.6114058376933076,282475238,197,1,"[376, 274, 207, 59, 134, 178, 237, 117, 176, 144]",0.49436649978160857,0.02595708519220352
656,360,x456,36,4.480299362192448e-17,3.6516215740822135e-07,1.2269341910979676e-10,0.999999999902105,4.480299362192448e-17,282475249,3,0.1,0.7645997022489295,0.7645996939154451,282475238,198,1,"[376, 274, 207, 59, 134, 178, 237, 117, 176, 144]",0.49436649978160857,0.02595708519220352
657,195,x220,19,-1.3730573545549006e-17,1.1690489406490898e-07,-1.1745080182806883e-10,0.9999999999062879,1.3730573545549006e-17,282475249,3,0.1,0.7180437948019718,0.7180437848203463,282475238,199,1,"[376, 274, 207, 59, 134, 178, 237, 117, 176, 144]",0.49436649978160857,0.02595708519220352
658,341,x434,34,-3.953231633413598e-17,3.4630730567701146e-07,-1.141538618622339e-10,0.9999999999089184,3.953231633413598e-17,282475249,3,0.1,0.4341439991547891,0.4341439791227323,282475238,200,1,"[376, 274, 207, 59, 134, 178, 237, 117, 176, 144]",0.49436649978160857,0.02595708519220352
659,250,x305,25,-4.199079281841285e-17,3.7910463495134233e-07,-1.1076306894481078e-10,0.9999999999116238,4.199079281841285e-17,282475249,3,0.1,0.7577581032897611,0.7577580947140751,282475238,201,1,"[376, 274, 207, 59, 134, 178, 237, 117, 176, 144]",0.49436649978160857,0.02595708519220352
660,190,x215,19,-1.2401514980556343e-17,1.1690489406491298e-07,-1.0608208561114848e-10,0.9999999999153586,1.2401514980556343e-17,282475249,3,0.1,0.7180437948019718,0.7180437848203463,282475238,202,1,"[376, 274, 207, 59, 134, 178, 237, 117, 176, 144]",0.49436649978160857,0.02595708519220352
661,227,x279,22,4.6737076359494244e-17,4.4577120585394006e-07,1.0484543583285629e-10,0.9999999999163454,4.6737076359494244e-17,282475249,3,0.1,0.7482446098473875,0.7482446009349111,282475238,203,1,"[376, 274, 207, 59, 134, 178, 237, 117, 176, 144]",0.49436649978160857,0.02595708519220352
662,16,x19,1,-3.178143296537629e-17,3.059691733335704e-07,-1.0387135612099027e-10,0.9999999999171227,3.178143296537629e-17,282475249,3,0.1,0.5661645596510403,0.5661645442926874,282475238,204,1,"[376, 274, 207, 59, 134, 178, 237, 117, 176, 144]",0.49436649978160857,0.02595708519220352
663,112,x122,11,8.556879525507128e-17,8.306773341544117e-07,1.0301087045089062e-10,0.9999999999178093,8.556879525507128e-17,282475249,3,0.1,0.7868028758767333,0.7868028683292708,282475238,205,1,"[376, 274, 207, 59, 134, 178, 237, 117, 176, 144]",0.49436649978160857,0.02595708519220352
664,135,x146,13,-1.2485947570507563e-17,1.245250981511889e-07,-1.002685222166866e-10,0.9999999999199973,1.2485947570507563e-17,282475249,3,0.1,0.7499999998311556,0.7499999909808224,282475238,206,1,"[376, 274, 207, 59, 134, 178, 237, 117, 176, 144]",0.49436649978160857,0.02595708519220352
665,214,x254,21,-9.15988646874044e-18,9.319222469279964e-08,-9.829024362209657e-11,0.9999999999215756,9.15988646874044e-18,282475249,3,0.1,0.37499999952530627,0.374999977399473,282475238,207,1,"[376, 274, 207, 59, 134, 178, 237, 117, 176, 144]",0.49436649978160857,0.02595708519220352
666,332,x425,33,-3.113662000834442e-17,3.307018568542453e-07,-9.415314538759208e-11,0.9999999999248768,3.113662000834442e-17,282475249,3,0.1,0.4714151471150101,0.47141512840240163,282475238,208,1,"[376, 274, 207, 59, 134, 178, 237, 117, 176, 144]",0.49436649978160857,0.02595708519220352
667,101,x111,10,6.197574422881797e-17,6.605784805072352e-07,9.382041053052311e-11,0.9999999999251421,6.197574422881797e-17,282475249,3,0.1,0.7070133470821063,0.7070133367099882,282475238,209,1,"[376, 274, 207, 59, 134, 178, 237, 117, 176, 144]",0.49436649978160857,0.02595708519220352
668,395,x511,39,-1.2243152716577767e-17,1.342184777628204e-07,-9.121808651572428e-11,0.9999999999272187,1.2243152716577767e-17,282475249,3,0.1,0.7137305148370966,0.7137305047027752,282475238,210,1,"[376, 274, 207, 59, 134, 178, 237, 117, 176, 144]",0.49436649978160857,0.02595708519220352
669,366,x469,36,-3.284359663268474e-17,3.651621574082169e-07,-8.99424980556479e-11,0.9999999999282363,3.284359663268474e-17,282475249,3,0.1,0.7645997022489295,0.7645996939154451,282475238,211,1,"[376, 274, 207, 59, 134, 178, 237, 117, 176, 144]",0.49436649978160857,0.02595708519220352
670,350,x443,35,-1.3127690153351463e-17,1.4623516995483344e-07,-8.977108692393297e-11,0.9999999999283731,1.3127690153351463e-17,282475249,3,0.1,0.8927793181473683,0.8927793143516133,282475238,212,1,"[376, 274, 207, 59, 134, 178, 237, 117, 176, 144]",0.49436649978160857,0.02595708519220352
671,385,x490,38,-1.4674354345324006e-17,1.6596887566769994e-07,-8.841630267294664e-11,0.999999999929454,1.4674354345324006e-17,282475249,3,0.1,0.49867271024910265,0.4986726925014483,282475238,213,1,"[376, 274, 207, 59, 134, 178, 237, 117, 176, 144]",0.49436649978160857,0.02595708519220352
672,194,x219,19,-1.0171233375802314e-17,1.1690489406491297e-07,-8.700434192391128e-11,0.9999999999305804,1.0171233375802314e-17,282475249,3,0.1,0.7180437948019718,0.7180437848203463,282475238,214,1,"[376, 274, 207, 59, 134, 178, 237, 117, 176, 144]",0.49436649978160857,0.02595708519220352
673,375,x478,37,-2.4572976797170007e-17,2.85447977353765e-07,-8.608565744614094e-11,0.9999999999313136,2.4572976797170007e-17,282475249,3,0.1,0.7394452484716934,0.7394452392477078,282475238,215,1,"[376, 274, 207, 59, 134, 178, 237, 117, 176, 144]",0.49436649978160857,0.02595708519220352
674,134,x145,13,-1.0521861419704222e-17,1.2452509815119315e-07,-8.449590946661225e-11,0.9999999999325819,1.0521861419704222e-17,282475249,3,0.1,0.7499999998311556,0.7499999909808224,282475238,216,1,"[376, 274, 207, 59, 134, 178, 237, 117, 176, 144]",0.49436649978160857,0.02595708519220352
675,325,x417,32,-1.6832908275796e-17,2.061447124733413e-07,-8.165578478260915e-11,0.9999999999348481,1.6832908275796e-17,282475249,3,0.1,0.8199441873094088,0.819944180935193,282475238,217,1,"[376, 274, 207, 59, 134, 178, 237, 117, 176, 144]",0.49436649978160857,0.02595708519220352
676,315,x406,31,-1.4439689862777742e-17,1.8741545438711226e-07,-7.704642026453233e-11,0.9999999999385258,1.4439689862777742e-17,282475249,3,0.1,0.6836873267420316,0.6836873155441413,282475238,218,1,"[376, 274, 207, 59, 134, 178, 237, 117, 176, 144]",0.49436649978160857,0.02595708519220352
677,65,x72,6,-1.2444829470570452e-17,1.6440212263953831e-07,-7.569749873519881e-11,0.9999999999396021,1.2444829470570452e-17,282475249,3,0.1,0.37500000001905653,0.37499997789322326,282475238,219,1,"[376, 274, 207, 59, 134, 178, 237, 117, 176, 144]",0.49436649978160857,0.02595708519220352
678,40,x44,4,-2.790524266624659e-17,3.6963312670716755e-07,-7.549443123465989e-11,0.9999999999397642,2.790524266624659e-17,282475249,3,0.1,0.624285986458869,0.6242859731580921,282475238,220,1,"[376, 274, 207, 59, 134, 178, 237, 117, 176, 144]",0.49436649978160857,0.02595708519220352
679,406,x527,40,-2.746740745477203e-17,3.6583455164052317e-07,-7.508150154652995e-11,0.9999999999400935,2.746740745477203e-17,282475249,3,0.1,0.7499999999734237,0.7499999911230903,282475238,221,1,"[376, 274, 207, 59, 134, 178, 237, 117, 176, 144]",0.49436649978160857,0.02595708519220352
680,353,x446,35,1.078889007123388e-17,1.4623516995483342e-07,7.377766972586803e-11,0.999999999941134,1.078889007123388e-17,282475249,3,0.1,0.8927793181473683,0.8927793143516133,282475238,222,1,"[376, 274, 207, 59, 134, 178, 237, 117, 176, 144]",0.49436649978160857,0.02595708519220352
681,110,x120,11,6.017596868702044e-17,8.306773341544119e-07,7.244204965370407e-11,0.9999999999421996,6.017596868702044e-17,282475249,3,0.1,0.7868028758767333,0.7868028683292708,282475238,223,1,"[376, 274, 207, 59, 134, 178, 237, 117, 176, 144]",0.49436649978160857,0.02595708519220352
682,380,x485,38,-1.168511017363407e-17,1.659688756677056e-07,-7.040543069671328e-11,0.9999999999438245,1.168511017363407e-17,282475249,3,0.1,0.49867271024910265,0.4986726925014483,282475238,224,1,"[376, 274, 207, 59, 134, 178, 237, 117, 176, 144]",0.49436649978160857,0.02595708519220352
683,392,x498,39,9.43855203186384e-18,1.3421847776282496e-07,7.032229979945484e-11,0.9999999999438909,9.43855203186384e-18,282475249,3,0.1,0.7137305148370966,0.7137305047027752,282475238,225,1,"[376, 274, 207, 59, 134, 178, 237, 117, 176, 144]",0.49436649978160857,0.02595708519220352
684,45,x49,4,-2.592325089045113e-17,3.696331267071549e-07,-7.013237996655276e-11,0.9999999999440423,2.592325089045113e-17,282475249,3,0.1,0.624285986458869,0.6242859731580921,282475238,226,1,"[376, 274, 207, 59, 134, 178, 237, 117, 176, 144]",0.49436649978160857,0.02595708519220352
685,165,x181,16,-2.223390315106436e-17,3.243362110820638e-07,-6.855202222683277e-11,0.9999999999453033,2.223390315106436e-17,282475249,3,0.1,0.890729731526898,0.8907297276585848,282475238,227,1,"[376, 274, 207, 59, 134, 178, 237, 117, 176, 144]",0.49436649978160857,0.02595708519220352
686,35,x38,3,-1.4317039485142058e-17,2.1120101907858163e-07,-6.778868562094917e-11,0.9999999999459126,1.4317039485142058e-17,282475249,3,0.1,0.6114058514500585,0.6114058376933076,282475238,228,1,"[376, 274, 207, 59, 134, 178, 237, 117, 176, 144]",0.49436649978160857,0.02595708519220352
687,405,x526,40,-2.3862757018038057e-17,3.658345516405151e-07,-6.5228275762992e-11,0.9999999999479554,2.3862757018038057e-17,282475249,3,0.1,0.7499999999734237,0.7499999911230903,282475238,229,1,"[376, 274, 207, 59, 134, 178, 237, 117, 176, 144]",0.49436649978160857,0.02595708519220352
688,245,x300,24,-1.2064959327791463e-17,1.8509140727237524e-07,-6.518378948860124e-11,0.9999999999479907,1.2064959327791463e-17,282475249,3,0.1,0.6249999999022329,0.624999986626733,282475238,230,1,"[376, 274, 207, 59, 134, 178, 237, 117, 176, 144]",0.49436649978160857,0.02595708519220352
689,15,x18,1,-1.9280474515848005e-17,3.059691733335637e-07,-6.30144347738871e-11,0.9999999999497218,1.9280474515848005e-17,282475249,3,0.1,0.5661645596510403,0.5661645442926874,282475238,231,1,"[376, 274, 207, 59, 134, 178, 237, 117, 176, 144]",0.49436649978160857,0.02595708519220352
690,356,x449,35,-9.200619827762393e-18,1.4623516995483167e-07,-6.291660091484306e-11,0.9999999999497997,9.200619827762393e-18,282475249,3,0.1,0.8927793181473683,0.8927793143516133,282475238,232,1,"[376, 274, 207, 59, 134, 178, 237, 117, 176, 144]",0.49436649978160857,0.02595708519220352
691,394,x501,39,-8.443001198061668e-18,1.3421847776282498e-07,-6.290490950866795e-11,0.999999999949809,8.443001198061668e-18,282475249,3,0.1,0.7137305148370966,0.7137305047027752,282475238,233,1,"[376, 274, 207, 59, 134, 178, 237, 117, 176, 144]",0.49436649978160857,0.02595708519220352
692,137,x148,13,-7.827889142982445e-18,1.245250981511896e-07,-6.286193915284751e-11,0.9999999999498435,7.827889142982445e-18,282475249,3,0.1,0.7499999998311556,0.7499999909808224,282475238,234,1,"[376, 274, 207, 59, 134, 178, 237, 117, 176, 144]",0.49436649978160857,0.02595708519220352
693,365,x468,36,-2.255279968445018e-17,3.6516215740820885e-07,-6.176105389595114e-11,0.9999999999507219,2.255279968445018e-17,282475249,3,0.1,0.7645997022489295,0.7645996939154451,282475238,235,1,"[376, 274, 207, 59, 134, 178, 237, 117, 176, 144]",0.49436649978160857,0.02595708519220352
694,197,x223,19,-6.8743199332842875e-18,1.1690489406490966e-07,-5.880267022411762e-11,0.9999999999530824,6.8743199332842875e-18,282475249,3,0.1,0.7180437948019718,0.7180437848203463,282475238,236,1,"[376, 274, 207, 59, 134, 178, 237, 117, 176, 144]",0.49436649978160857,0.02595708519220352
695,11,x13,1,1.7932812392025987e-17,3.059691733335741e-07,5.860986646676086e-11,0.9999999999532361,1.7932812392025987e-17,282475249,3,0.1,0.5661645596510403,0.5661645442926874,282475238,237,1,"[376, 274, 207, 59, 134, 178, 237, 117, 176, 144]",0.49436649978160857,0.02595708519220352
696,111,x121,11,4.8556870082593943e-17,8.306773341544119e-07,5.84545503845033e-11,0.99999999995336,4.8556870082593943e-17,282475249,3,0.1,0.7868028758767333,0.7868028683292708,282475238,238,1,"[376, 274, 207, 59, 134, 178, 237, 117, 176, 144]",0.49436649978160857,0.02595708519220352
697,64,x71,6,-9.45677594418581e-18,1.6440212263954393e-07,-5.752222533598332e-11,0.999999999954104,9.45677594418581e-18,282475249,3,0.1,0.37500000001905653,0.37499997789322326,282475238,239,1,"[376, 274, 207, 59, 134, 178, 237, 117, 176, 144]",0.49436649978160857,0.02595708519220352
698,161,x175,16,-1.782343782071889e-17,3.2433621108207487e-07,-5.4953585852332044e-11,0.9999999999561533,1.782343782071889e-17,282475249,3,0.1,0.890729731526898,0.8907297276585848,282475238,240,1,"[376, 274, 207, 59, 134, 178, 237, 117, 176, 144]",0.49436649978160857,0.02595708519220352
699,160,x174,16,1.771195410294521e-17,3.2433621108207487e-07,5.460985698714694e-11,0.9999999999564277,1.771195410294521e-17,282475249,3,0.1,0.890729731526898,0.8907297276585848,282475238,241,1,"[376, 274, 207, 59, 134, 178, 237, 117, 176, 144]",0.49436649978160857,0.02595708519220352
700,47,x52,4,1.9961602028868037e-17,3.69633126707157e-07,5.400382321436974e-11,0.9999999999569111,1.9961602028868037e-17,282475249,3,0.1,0.624285986458869,0.6242859731580921,282475238,242,1,"[376, 274, 207, 59, 134, 178, 237, 117, 176, 144]",0.49436649978160857,0.02595708519220352
701,304,x384,30,-9.051936791596017e-18,1.693144645545709e-07,-5.346227692601261e-11,0.9999999999573432,9.051936791596017e-18,282475249,3,0.1,0.7497469420417502,0.7497469331824582,282475238,243,1,"[376, 274, 207, 59, 134, 178, 237, 117, 176, 144]",0.49436649978160857,0.02595708519220352
702,314,x394,31,-9.627073904352133e-18,1.8741545438711867e-07,-5.136755629803503e-11,0.9999999999590148,9.627073904352133e-18,282475249,3,0.1,0.6836873267420316,0.6836873155441413,282475238,244,1,"[376, 274, 207, 59, 134, 178, 237, 117, 176, 144]",0.49436649978160857,0.02595708519220352
703,286,x353,28,1.4418833955449112e-17,2.8415154835712705e-07,5.0743464319706076e-11,0.9999999999595126,1.4418833955449112e-17,282475249,3,0.1,0.6442787888519055,0.6442787762589004,282475238,245,1,"[376, 274, 207, 59, 134, 178, 237, 117, 176, 144]",0.49436649978160857,0.02595708519220352
704,244,x299,24,-9.373260070885542e-18,1.8509140727238154e-07,-5.064124914827516e-11,0.9999999999595941,9.373260070885542e-18,282475249,3,0.1,0.6249999999022329,0.624999986626733,282475238,246,1,"[376, 274, 207, 59, 134, 178, 237, 117, 176, 144]",0.49436649978160857,0.02595708519220352
705,213,x253,21,-4.669152661418644e-18,9.319222469279964e-08,-5.0102384365327846e-11,0.999999999960024,4.669152661418644e-18,282475249,3,0.1,0.37499999952530627,0.374999977399473,282475238,247,1,"[376, 274, 207, 59, 134, 178, 237, 117, 176, 144]",0.49436649978160857,0.02595708519220352
706,6,x8,0,-5.067605293459521e-17,1.0264676570198667e-06,-4.93693616043612e-11,0.9999999999606088,5.067605293459521e-17,282475249,3,0.1,0.8344752902893503,0.8344752844295549,282475238,248,1,"[376, 274, 207, 59, 134, 178, 237, 117, 176, 144]",0.49436649978160857,0.02595708519220352
707,246,x301,24,9.13186969067173e-18,1.8509140727237935e-07,4.933708066324942e-11,0.9999999999606346,9.13186969067173e-18,282475249,3,0.1,0.6249999999022329,0.624999986626733,282475238,249,1,"[376, 274, 207, 59, 134, 178, 237, 117, 176, 144]",0.49436649978160857,0.02595708519220352
708,241,x296,24,-8.796766514282539e-18,1.8509140727238157e-07,-4.7526606685404727e-11,0.9999999999620792,8.796766514282539e-18,282475249,3,0.1,0.6249999999022329,0.624999986626733,282475238,250,1,"[376, 274, 207, 59, 134, 178, 237, 117, 176, 144]",0.49436649978160857,0.02595708519220352
709,133,x144,13,-5.84087512791985e-18,1.2452509815119315e-07,-4.6905203968023414e-11,0.999999999962575,5.84087512791985e-18,282475249,3,0.1,0.7499999998311556,0.7499999909808224,282475238,251,1,"[376, 274, 207, 59, 134, 178, 237, 117, 176, 144]",0.49436649978160857,0.02595708519220352
710,402,x523,40,1.6905702108501414e-17,3.6583455164052756e-07,4.6211332507250747e-11,0.9999999999631286,1.6905702108501414e-17,282475249,3,0.1,0.7499999999734237,0.7499999911230903,282475238,252,1,"[376, 274, 207, 59, 134, 178, 237, 117, 176, 144]",0.49436649978160857,0.02595708519220352
711,324,x416,32,-9.498849038846939e-18,2.0614471247334833e-07,-4.6078548049467966e-11,0.9999999999632347,9.498849038846939e-18,282475249,3,0.1,0.8199441873094088,0.819944180935193,282475238,253,1,"[376, 274, 207, 59, 134, 178, 237, 117, 176, 144]",0.49436649978160857,0.02595708519220352
712,125,x135,12,-1.4259286532036153e-17,3.224543274928035e-07,-4.4221104560472646e-11,0.9999999999647167,1.4259286532036153e-17,282475249,3,0.1,0.8882306965641102,0.8882306926073279,282475238,254,1,"[376, 274, 207, 59, 134, 178, 237, 117, 176, 144]",0.49436649978160857,0.02595708519220352
713,196,x222,19,5.0697999439246536e-18,1.1690489406491156e-07,4.336687513791888e-11,0.9999999999653983,5.0697999439246536e-18,282475249,3,0.1,0.7180437948019718,0.7180437848203463,282475238,255,1,"[376, 274, 207, 59, 134, 178, 237, 117, 176, 144]",0.49436649978160857,0.02595708519220352
714,312,x392,31,-8.030061628241878e-18,1.8741545438711861e-07,-4.284631517983182e-11,0.9999999999658136,8.030061628241878e-18,282475249,3,0.1,0.6836873267420316,0.6836873155441413,282475238,256,1,"[376, 274, 207, 59, 134, 178, 237, 117, 176, 144]",0.49436649978160857,0.02595708519220352
715,387,x492,38,-7.060161693190795e-18,1.659688756677009e-07,-4.2539070441897133e-11,0.9999999999660587,7.060161693190795e-18,282475249,3,0.1,0.49867271024910265,0.4986726925014483,282475238,257,1,"[376, 274, 207, 59, 134, 178, 237, 117, 176, 144]",0.49436649978160857,0.02595708519220352
716,107,x117,10,-2.793202837383086e-17,6.605784805072164e-07,-4.2284193624327006e-11,0.9999999999662621,2.793202837383086e-17,282475249,3,0.1,0.7070133470821063,0.7070133367099882,282475238,258,1,"[376, 274, 207, 59, 134, 178, 237, 117, 176, 144]",0.49436649978160857,0.02595708519220352
717,34,x37,3,-8.853537088938211e-18,2.1120101907858883e-07,-4.1919954399669685e-11,0.9999999999665528,8.853537088938211e-18,282475249,3,0.1,0.6114058514500585,0.6114058376933076,282475238,259,1,"[376, 274, 207, 59, 134, 178, 237, 117, 176, 144]",0.49436649978160857,0.02595708519220352
718,266,x325,26,-2.8258733854665124e-17,6.876757261328515e-07,-4.1093109413034365e-11,0.9999999999672124,2.8258733854665124e-17,282475249,3,0.1,0.6838420346495717,0.6838420234571583,282475238,260,1,"[376, 274, 207, 59, 134, 178, 237, 117, 176, 144]",0.49436649978160857,0.02595708519220352
719,334,x427,33,-1.2583330118551258e-17,3.3070185685424535e-07,-3.805037636694395e-11,0.9999999999696403,1.2583330118551258e-17,282475249,3,0.1,0.4714151471150101,0.47141512840240163,282475238,261,1,"[376, 274, 207, 59, 134, 178, 237, 117, 176, 144]",0.49436649978160857,0.02595708519220352
720,357,x453,35,-5.470008012788757e-18,1.462351699548293e-07,-3.740555718900175e-11,0.9999999999701545,5.470008012788757e-18,282475249,3,0.1,0.8927793181473683,0.8927793143516133,282475238,262,1,"[376, 274, 207, 59, 134, 178, 237, 117, 176, 144]",0.49436649978160857,0.02595708519220352
721,335,x428,33,-1.2342686360952059e-17,3.307018568542341e-07,-3.732270050842937e-11,0.9999999999702207,1.2342686360952059e-17,282475249,3,0.1,0.4714151471150101,0.47141512840240163,282475238,263,1,"[376, 274, 207, 59, 134, 178, 237, 117, 176, 144]",0.49436649978160857,0.02595708519220352
722,255,x310,25,-1.4121682490255535e-17,3.791046349513294e-07,-3.725009189631385e-11,0.9999999999702789,1.4121682490255535e-17,282475249,3,0.1,0.7577581032897611,0.7577580947140751,282475238,264,1,"[376, 274, 207, 59, 134, 178, 237, 117, 176, 144]",0.49436649978160857,0.02595708519220352
723,275,x340,27,-1.0301333638884912e-17,2.778994211923041e-07,-3.706856817005198e-11,0.9999999999704237,1.0301333638884912e-17,282475249,3,0.1,0.7158058053893078,0.7158057953284545,282475238,265,1,"[376, 274, 207, 59, 134, 178, 237, 117, 176, 144]",0.49436649978160857,0.02595708519220352
724,221,x272,22,1.635622873663298e-17,4.4577120585395276e-07,3.669198127164755e-11,0.9999999999707241,1.635622873663298e-17,282475249,3,0.1,0.7482446098473875,0.7482446009349111,282475238,266,1,"[376, 274, 207, 59, 134, 178, 237, 117, 176, 144]",0.49436649978160857,0.02595708519220352
725,305,x385,30,-6.127987307384496e-18,1.6931446455456514e-07,-3.61929343928535e-11,0.9999999999711222,6.127987307384496e-18,282475249,3,0.1,0.7497469420417502,0.7497469331824582,282475238,267,1,"[376, 274, 207, 59, 134, 178, 237, 117, 176, 144]",0.49436649978160857,0.02595708519220352
726,76,x84,7,-2.3880286263796755e-17,6.619894426595465e-07,-3.607351526310988e-11,0.9999999999712175,2.3880286263796755e-17,282475249,3,0.1,0.6972933241357641,0.6972933134195443,282475238,268,1,"[376, 274, 207, 59, 134, 178, 237, 117, 176, 144]",0.49436649978160857,0.02595708519220352
727,285,x352,28,-1.023829398923407e-17,2.8415154835712075e-07,-3.6031103995135074e-11,0.9999999999712514,1.023829398923407e-17,282475249,3,0.1,0.6442787888519055,0.6442787762589004,282475238,269,1,"[376, 274, 207, 59, 134, 178, 237, 117, 176, 144]",0.49436649978160857,0.02595708519220352
728,164,x178,16,-1.150039160755793e-17,3.2433621108207487e-07,-3.545824121577254e-11,0.9999999999717084,1.150039160755793e-17,282475249,3,0.1,0.890729731526898,0.8907297276585848,282475238,270,1,"[376, 274, 207, 59, 134, 178, 237, 117, 176, 144]",0.49436649978160857,0.02595708519220352
729,374,x477,37,-1.0013109850321981e-17,2.854479773537747e-07,-3.507858049353794e-11,0.9999999999720115,1.0013109850321981e-17,282475249,3,0.1,0.7394452484716934,0.7394452392477078,282475238,271,1,"[376, 274, 207, 59, 134, 178, 237, 117, 176, 144]",0.49436649978160857,0.02595708519220352
730,284,x351,28,-9.665587676989327e-18,2.8415154835713044e-07,-3.4015607984093466e-11,0.9999999999728595,9.665587676989327e-18,282475249,3,0.1,0.6442787888519055,0.6442787762589004,282475238,272,1,"[376, 274, 207, 59, 134, 178, 237, 117, 176, 144]",0.49436649978160857,0.02595708519220352
731,60,x66,6,-5.543491576571423e-18,1.6440212263954393e-07,-3.371909977540666e-11,0.999999999973096,5.543491576571423e-18,282475249,3,0.1,0.37500000001905653,0.37499997789322326,282475238,273,1,"[376, 274, 207, 59, 134, 178, 237, 117, 176, 144]",0.49436649978160857,0.02595708519220352
732,61,x67,6,5.531642959831447e-18,1.6440212263954393e-07,3.3647028827965457e-11,0.9999999999731537,5.531642959831447e-18,282475249,3,0.1,0.37500000001905653,0.37499997789322326,282475238,274,1,"[376, 274, 207, 59, 134, 178, 237, 117, 176, 144]",0.49436649978160857,0.02595708519220352
733,455,x587,45,-6.48728875823413e-17,1.9425226627781974e-06,-3.3396206296795554e-11,0.9999999999733535,6.48728875823413e-17,40353607,3,0.1,0.74357228904956,0.7435722318588862,40353597,275,1,"[376, 274, 207, 59, 134, 178, 237, 117, 176, 144]",0.49436649978160857,0.02595708519220352
734,404,x525,40,-1.2205168463149968e-17,3.6583455164052756e-07,-3.336253617493976e-11,0.9999999999733804,1.2205168463149968e-17,282475249,3,0.1,0.7499999999734237,0.7499999911230903,282475238,276,1,"[376, 274, 207, 59, 134, 178, 237, 117, 176, 144]",0.49436649978160857,0.02595708519220352
735,51,x57,5,-4.7385191264708005e-17,1.4440618814679548e-06,-3.2813823197478764e-11,0.9999999999738185,4.7385191264708005e-17,282475249,3,0.1,0.445700443813113,0.44570042419016975,282475238,277,1,"[376, 274, 207, 59, 134, 178, 237, 117, 176, 144]",0.49436649978160857,0.02595708519220352
736,256,x311,25,1.2375460303307735e-17,3.791046349513378e-07,3.2643917173147355e-11,0.999999999973954,1.2375460303307735e-17,282475249,3,0.1,0.7577581032897611,0.7577580947140751,282475238,278,1,"[376, 274, 207, 59, 134, 178, 237, 117, 176, 144]",0.49436649978160857,0.02595708519220352
737,105,x115,10,-2.1005849120076606e-17,6.605784805072126e-07,-3.179917260390872e-11,0.9999999999746281,2.1005849120076606e-17,282475249,3,0.1,0.7070133470821063,0.7070133367099882,282475238,279,1,"[376, 274, 207, 59, 134, 178, 237, 117, 176, 144]",0.49436649978160857,0.02595708519220352
738,274,x339,27,-8.790727986859382e-18,2.778994211923136e-07,-3.1632768248106466e-11,0.9999999999747609,8.790727986859382e-18,282475249,3,0.1,0.7158058053893078,0.7158057953284545,282475238,280,1,"[376, 274, 207, 59, 134, 178, 237, 117, 176, 144]",0.49436649978160857,0.02595708519220352
739,130,x140,13,-3.9188444944018965e-18,1.2452509815119315e-07,-3.147031845454801e-11,0.9999999999748903,3.9188444944018965e-18,282475249,3,0.1,0.7499999998311556,0.7499999909808224,282475238,281,1,"[376, 274, 207, 59, 134, 178, 237, 117, 176, 144]",0.49436649978160857,0.02595708519220352
740,377,x481,37,8.652754498770222e-18,2.854479773537666e-07,3.0312894766273055e-11,0.9999999999758138,8.652754498770222e-18,282475249,3,0.1,0.7394452484716934,0.7394452392477078,282475238,282,1,"[376, 274, 207, 59, 134, 178, 237, 117, 176, 144]",0.49436649978160857,0.02595708519220352
741,136,x147,13,3.740297620458177e-18,1.2452509815119165e-07,3.003649606376467e-11,0.9999999999760345,3.740297620458177e-18,282475249,3,0.1,0.7499999998311556,0.7499999909808224,282475238,283,1,"[376, 274, 207, 59, 134, 178, 237, 117, 176, 144]",0.49436649978160857,0.02595708519220352
742,176,x199,17,1.5670719686659938e-17,5.418167750008626e-07,2.8922544317006407e-11,0.9999999999769231,1.5670719686659938e-17,282475249,3,0.1,0.7092985765134643,0.7092985662222464,282475238,284,1,"[376, 274, 207, 59, 134, 178, 237, 117, 176, 144]",0.49436649978160857,0.02595708519220352
743,192,x217,19,-3.3801470727239136e-18,1.1690489406491295e-07,-2.891364899442998e-11,0.9999999999769302,3.3801470727239136e-18,282475249,3,0.1,0.7180437948019718,0.7180437848203463,282475238,285,1,"[376, 274, 207, 59, 134, 178, 237, 117, 176, 144]",0.49436649978160857,0.02595708519220352
744,63,x69,6,-4.68670721303942e-18,1.6440212263954393e-07,-2.850758334376954e-11,0.9999999999772542,4.68670721303942e-18,282475249,3,0.1,0.37500000001905653,0.37499997789322326,282475238,286,1,"[376, 274, 207, 59, 134, 178, 237, 117, 176, 144]",0.49436649978160857,0.02595708519220352
745,157,x171,15,-1.0818490514839542e-17,3.930561838866392e-07,-2.75240308086838e-11,0.9999999999780389,1.0818490514839542e-17,282475249,3,0.1,0.42013632256663125,0.420136302038684,282475238,287,1,"[376, 274, 207, 59, 134, 178, 237, 117, 176, 144]",0.49436649978160857,0.02595708519220352
746,44,x48,4,-9.94668050167774e-18,3.696331267071675e-07,-2.690960247607284e-11,0.9999999999785294,9.94668050167774e-18,282475249,3,0.1,0.624285986458869,0.6242859731580921,282475238,288,1,"[376, 274, 207, 59, 134, 178, 237, 117, 176, 144]",0.49436649978160857,0.02595708519220352
747,211,x251,21,2.443432875739899e-18,9.319222469279965e-08,2.6219278312053076e-11,0.9999999999790801,2.443432875739899e-18,282475249,3,0.1,0.37499999952530627,0.374999977399473,282475238,289,1,"[376, 274, 207, 59, 134, 178, 237, 117, 176, 144]",0.49436649978160857,0.02595708519220352
748,155,x169,15,-1.0251400460116394e-17,3.930561838866369e-07,-2.608125983096871e-11,0.9999999999791902,1.0251400460116394e-17,282475249,3,0.1,0.42013632256663125,0.420136302038684,282475238,290,1,"[376, 274, 207, 59, 134, 178, 237, 117, 176, 144]",0.49436649978160857,0.02595708519220352
749,261,x319,26,-1.7836239377482095e-17,6.876757261328598e-07,-2.5936991374966915e-11,0.9999999999793052,1.7836239377482095e-17,282475249,3,0.1,0.6838420346495717,0.6838420234571583,282475238,291,1,"[376, 274, 207, 59, 134, 178, 237, 117, 176, 144]",0.49436649978160857,0.02595708519220352
750,436,x568,43,1.0546385824251898e-17,4.088450777658569e-07,2.5795555328396907e-11,0.999999999979418,1.0546385824251898e-17,282475249,3,0.1,0.7722409080336678,0.7722408999706923,282475238,292,1,"[376, 274, 207, 59, 134, 178, 237, 117, 176, 144]",0.49436649978160857,0.02595708519220352
751,86,x95,8,1.6317613890002797e-17,6.429605178433745e-07,2.5378873876634797e-11,0.9999999999797506,1.6317613890002797e-17,282475249,3,0.1,0.5754790781359667,0.5754790631073601,282475238,293,1,"[376, 274, 207, 59, 134, 178, 237, 117, 176, 144]",0.49436649978160857,0.02595708519220352
752,80,x89,8,1.6129068995280436e-17,6.429605178433822e-07,2.5085628973580757e-11,0.9999999999799845,1.6129068995280436e-17,282475249,3,0.1,0.5754790781359667,0.5754790631073601,282475238,294,1,"[376, 274, 207, 59, 134, 178, 237, 117, 176, 144]",0.49436649978160857,0.02595708519220352
753,218,x269,21,2.3278400325298544e-18,9.319222469280092e-08,2.4978908274841082e-11,0.9999999999800697,2.3278400325298544e-18,282475249,3,0.1,0.37499999952530627,0.374999977399473,282475238,295,1,"[376, 274, 207, 59, 134, 178, 237, 117, 176, 144]",0.49436649978160857,0.02595708519220352
754,327,x419,32,-5.134387612888949e-18,2.0614471247334248e-07,-2.4906715051218695e-11,0.9999999999801272,5.134387612888949e-18,282475249,3,0.1,0.8199441873094088,0.819944180935193,282475238,296,1,"[376, 274, 207, 59, 134, 178, 237, 117, 176, 144]",0.49436649978160857,0.02595708519220352
755,102,x112,10,1.605383327356151e-17,6.60578480507235e-07,2.430268885119348e-11,0.9999999999806093,1.605383327356151e-17,282475249,3,0.1,0.7070133470821063,0.7070133367099882,282475238,297,1,"[376, 274, 207, 59, 134, 178, 237, 117, 176, 144]",0.49436649978160857,0.02595708519220352
756,124,x134,12,-7.791229061329098e-18,3.224543274928145e-07,-2.4162271667768872e-11,0.9999999999807212,7.791229061329098e-18,282475249,3,0.1,0.8882306965641102,0.8882306926073279,282475238,298,1,"[376, 274, 207, 59, 134, 178, 237, 117, 176, 144]",0.49436649978160857,0.02595708519220352
757,317,x408,31,-4.493647260918621e-18,1.8741545438711335e-07,-2.3976930160929157e-11,0.9999999999808691,4.493647260918621e-18,282475249,3,0.1,0.6836873267420316,0.6836873155441413,282475238,299,1,"[376, 274, 207, 59, 134, 178, 237, 117, 176, 144]",0.49436649978160857,0.02595708519220352
758,142,x154,14,-1.001805327592283e-17,4.3429372610160994e-07,-2.3067460278205693e-11,0.9999999999815947,1.001805327592283e-17,282475249,3,0.1,0.4631295446885608,0.463129525682631,282475238,300,1,"[376, 274, 207, 59, 134, 178, 237, 117, 176, 144]",0.49436649978160857,0.02595708519220352
759,174,x197,17,-1.2435290229184123e-17,5.418167750008691e-07,-2.2951098605546456e-11,0.9999999999816878,1.2435290229184123e-17,282475249,3,0.1,0.7092985765134643,0.7092985662222464,282475238,301,1,"[376, 274, 207, 59, 134, 178, 237, 117, 176, 144]",0.49436649978160857,0.02595708519220352
760,198,x224,19,2.6608074465170163e-18,1.1690489406491457e-07,2.2760445298718903e-11,0.9999999999818396,2.6608074465170163e-18,282475249,3,0.1,0.7180437948019718,0.7180437848203463,282475238,302,1,"[376, 274, 207, 59, 134, 178, 237, 117, 176, 144]",0.49436649978160857,0.02595708519220352
761,71,x79,7,1.4730936072172576e-17,6.619894426595546e-07,2.225252416864954e-11,0.9999999999822451,1.4730936072172576e-17,282475249,3,0.1,0.6972933241357641,0.6972933134195443,282475238,303,1,"[376, 274, 207, 59, 134, 178, 237, 117, 176, 144]",0.49436649978160857,0.02595708519220352
762,243,x298,24,-4.092807230618419e-18,1.8509140727238154e-07,-2.211235675892518e-11,0.999999999982357,4.092807230618419e-18,282475249,3,0.1,0.6249999999022329,0.624999986626733,282475238,304,1,"[376, 274, 207, 59, 134, 178, 237, 117, 176, 144]",0.49436649978160857,0.02595708519220352
763,132,x143,13,-2.7121928289538538e-18,1.2452509815119313e-07,-2.1780290633947732e-11,0.9999999999826217,2.7121928289538538e-18,282475249,3,0.1,0.7499999998311556,0.7499999909808224,282475238,305,1,"[376, 274, 207, 59, 134, 178, 237, 117, 176, 144]",0.49436649978160857,0.02595708519220352
764,424,x556,42,-8.35210041689948e-18,3.8373195330503557e-07,-2.1765454622592354e-11,0.9999999999826337,8.35210041689948e-18,282475249,3,0.1,0.7334868660099279,0.7334868565750077,282475238,306,1,"[376, 274, 207, 59, 134, 178, 237, 117, 176, 144]",0.49436649978160857,0.02595708519220352
765,32,x35,3,-4.5482440301784736e-18,2.112010190785888e-07,-2.153514244401469e-11,0.9999999999828173,4.5482440301784736e-18,282475249,3,0.1,0.6114058514500585,0.6114058376933076,282475238,307,1,"[376, 274, 207, 59, 134, 178, 237, 117, 176, 144]",0.49436649978160857,0.02595708519220352
766,138,x149,13,2.672041806966709e-18,1.2452509815119485e-07,2.145785746518659e-11,0.9999999999828793,2.672041806966709e-18,282475249,3,0.1,0.7499999998311556,0.7499999909808224,282475238,308,1,"[376, 274, 207, 59, 134, 178, 237, 117, 176, 144]",0.49436649978160857,0.02595708519220352
767,81,x90,8,-1.3775091045405418e-17,6.429605178433822e-07,-2.1424474229941553e-11,0.9999999999829059,1.3775091045405418e-17,282475249,3,0.1,0.5754790781359667,0.5754790631073601,282475238,309,1,"[376, 274, 207, 59, 134, 178, 237, 117, 176, 144]",0.49436649978160857,0.02595708519220352
768,144,x156,14,-9.200079575245132e-18,4.3429372610161e-07,-2.1184002950787793e-11,0.9999999999830975,9.200079575245132e-18,282475249,3,0.1,0.4631295446885608,0.463129525682631,282475238,310,1,"[376, 274, 207, 59, 134, 178, 237, 117, 176, 144]",0.49436649978160857,0.02595708519220352
769,434,x566,43,-8.468439294393684e-18,4.0884507776586183e-07,-2.0713076309172067e-11,0.9999999999834734,8.468439294393684e-18,282475249,3,0.1,0.7722409080336678,0.7722408999706923,282475238,311,1,"[376, 274, 207, 59, 134, 178, 237, 117, 176, 144]",0.49436649978160857,0.02595708519220352
770,12,x15,1,-6.33674482551022e-18,3.0596917333357407e-07,-2.0710402804539288e-11,0.9999999999834754,6.33674482551022e-18,282475249,3,0.1,0.5661645596510403,0.5661645442926874,282475238,312,1,"[376, 274, 207, 59, 134, 178, 237, 117, 176, 144]",0.49436649978160857,0.02595708519220352
771,126,x136,12,6.658607294498268e-18,3.2245432749281066e-07,2.064976874793757e-11,0.9999999999835238,6.658607294498268e-18,282475249,3,0.1,0.8882306965641102,0.8882306926073279,282475238,313,1,"[376, 274, 207, 59, 134, 178, 237, 117, 176, 144]",0.49436649978160857,0.02595708519220352
772,152,x166,15,-8.034440986062271e-18,3.9305618388665024e-07,-2.0440947924073997e-11,0.9999999999836904,8.034440986062271e-18,282475249,3,0.1,0.42013632256663125,0.420136302038684,282475238,314,1,"[376, 274, 207, 59, 134, 178, 237, 117, 176, 144]",0.49436649978160857,0.02595708519220352
773,303,x383,30,-3.4570056959464824e-18,1.693144645545709e-07,-2.0417663104219142e-11,0.999999999983709,3.4570056959464824e-18,282475249,3,0.1,0.7497469420417502,0.7497469331824582,282475238,315,1,"[376, 274, 207, 59, 134, 178, 237, 117, 176, 144]",0.49436649978160857,0.02595708519220352
774,373,x476,37,-5.774625586449527e-18,2.854479773537747e-07,-2.023004555850346e-11,0.9999999999838589,5.774625586449527e-18,282475249,3,0.1,0.7394452484716934,0.7394452392477078,282475238,316,1,"[376, 274, 207, 59, 134, 178, 237, 117, 176, 144]",0.49436649978160857,0.02595708519220352
775,234,x287,23,-9.607186309497698e-18,4.882122950547776e-07,-1.9678296525530496e-11,0.999999999984299,9.607186309497698e-18,282475249,3,0.1,0.6572797975041147,0.6572797853713626,282475238,317,1,"[376, 274, 207, 59, 134, 178, 237, 117, 176, 144]",0.49436649978160857,0.02595708519220352
776,442,x574,44,2.3923965118282775e-17,1.2231713389830118e-06,1.9558964763002058e-11,0.999999999984394,2.3923965118282775e-17,282475249,3,0.1,0.6270808734760194,0.6270808602741851,282475238,318,1,"[376, 274, 207, 59, 134, 178, 237, 117, 176, 144]",0.49436649978160857,0.02595708519220352
777,167,x183,16,-6.29171399320026e-18,3.2433621108206566e-07,-1.939874049897034e-11,0.9999999999845219,6.29171399320026e-18,282475249,3,0.1,0.890729731526898,0.8907297276585848,282475238,319,1,"[376, 274, 207, 59, 134, 178, 237, 117, 176, 144]",0.49436649978160857,0.02595708519220352
778,171,x188,17,-1.0510059593871272e-17,5.418167750008692e-07,-1.9397811361330426e-11,0.9999999999845228,1.0510059593871272e-17,282475249,3,0.1,0.7092985765134643,0.7092985662222464,282475238,320,1,"[376, 274, 207, 59, 134, 178, 237, 117, 176, 144]",0.49436649978160857,0.02595708519220352
779,41,x45,4,7.148251011601449e-18,3.6963312670716755e-07,1.9338772677873294e-11,0.9999999999845699,7.148251011601449e-18,282475249,3,0.1,0.624285986458869,0.6242859731580921,282475238,321,1,"[376, 274, 207, 59, 134, 178, 237, 117, 176, 144]",0.49436649978160857,0.02595708519220352
780,163,x177,16,-6.228958558728793e-18,3.2433621108207487e-07,-1.9205251667543604e-11,0.9999999999846765,6.228958558728793e-18,282475249,3,0.1,0.890729731526898,0.8907297276585848,282475238,322,1,"[376, 274, 207, 59, 134, 178, 237, 117, 176, 144]",0.49436649978160857,0.02595708519220352
781,147,x161,14,-8.213611134985507e-18,4.342937261015977e-07,-1.8912571472570695e-11,0.9999999999849098,8.213611134985507e-18,282475249,3,0.1,0.4631295446885608,0.463129525682631,282475238,323,1,"[376, 274, 207, 59, 134, 178, 237, 117, 176, 144]",0.49436649978160857,0.02595708519220352
782,33,x36,3,-3.966910309240296e-18,2.1120101907858883e-07,-1.8782628637621257e-11,0.9999999999850135,3.966910309240296e-18,282475249,3,0.1,0.6114058514500585,0.6114058376933076,282475238,324,1,"[376, 274, 207, 59, 134, 178, 237, 117, 176, 144]",0.49436649978160857,0.02595708519220352
783,342,x435,34,-6.2028960342454e-18,3.4630730567701136e-07,-1.791153675525004e-11,0.9999999999857088,6.2028960342454e-18,282475249,3,0.1,0.4341439991547891,0.4341439791227323,282475238,325,1,"[376, 274, 207, 59, 134, 178, 237, 117, 176, 144]",0.49436649978160857,0.02595708519220352
784,212,x252,21,-1.6081017296320252e-18,9.319222469279963e-08,-1.7255749982715812e-11,0.9999999999862319,1.6081017296320252e-18,282475249,3,0.1,0.37499999952530627,0.374999977399473,282475238,326,1,"[376, 274, 207, 59, 134, 178, 237, 117, 176, 144]",0.49436649978160857,0.02595708519220352
785,382,x487,38,-2.8474009286027747e-18,1.6596887566770558e-07,-1.7156234367121312e-11,0.9999999999863114,2.8474009286027747e-18,282475249,3,0.1,0.49867271024910265,0.4986726925014483,282475238,327,1,"[376, 274, 207, 59, 134, 178, 237, 117, 176, 144]",0.49436649978160857,0.02595708519220352
786,313,x393,31,-3.195584201775618e-18,1.8741545438711867e-07,-1.7050804119786907e-11,0.9999999999863953,3.195584201775618e-18,282475249,3,0.1,0.6836873267420316,0.6836873155441413,282475238,328,1,"[376, 274, 207, 59, 134, 178, 237, 117, 176, 144]",0.49436649978160857,0.02595708519220352
787,321,x412,32,3.4665092948315204e-18,2.0614471247334833e-07,1.681590205850995e-11,0.999999999986583,3.4665092948315204e-18,282475249,3,0.1,0.8199441873094088,0.819944180935193,282475238,329,1,"[376, 274, 207, 59, 134, 178, 237, 117, 176, 144]",0.49436649978160857,0.02595708519220352
788,1,x2,0,1.7245858918535716e-17,1.0264676570198792e-06,1.6801171279575664e-11,0.9999999999865945,1.7245858918535716e-17,282475249,3,0.1,0.8344752902893503,0.8344752844295549,282475238,330,1,"[376, 274, 207, 59, 134, 178, 237, 117, 176, 144]",0.49436649978160857,0.02595708519220352
789,358,x454,35,2.4471258280561438e-18,1.4623516995483543e-07,1.6734181174145287e-11,0.999999999986648,2.4471258280561438e-18,282475249,3,0.1,0.8927793181473683,0.8927793143516133,282475238,331,1,"[376, 274, 207, 59, 134, 178, 237, 117, 176, 144]",0.49436649978160857,0.02595708519220352
790,151,x165,15,-6.575409198321852e-18,3.9305618388665034e-07,-1.6728929521734913e-11,0.9999999999866522,6.575409198321852e-18,282475249,3,0.1,0.42013632256663125,0.420136302038684,282475238,332,1,"[376, 274, 207, 59, 134, 178, 237, 117, 176, 144]",0.49436649978160857,0.02595708519220352
791,445,x577,44,-2.0349358542987197e-17,1.2231713389829703e-06,-1.6636556052651683e-11,0.999999999986726,2.0349358542987197e-17,282475249,3,0.1,0.6270808734760194,0.6270808602741851,282475238,333,1,"[376, 274, 207, 59, 134, 178, 237, 117, 176, 144]",0.49436649978160857,0.02595708519220352
792,257,x312,25,-6.286123764669549e-18,3.791046349513316e-07,-1.658150068641747e-11,0.9999999999867699,6.286123764669549e-18,282475249,3,0.1,0.7577581032897611,0.7577580947140751,282475238,334,1,"[376, 274, 207, 59, 134, 178, 237, 117, 176, 144]",0.49436649978160857,0.02595708519220352
793,363,x460,36,-5.8079503467565166e-18,3.651621574082213e-07,-1.5905126609994543e-11,0.9999999999873097,5.8079503467565166e-18,282475249,3,0.1,0.7645997022489295,0.7645996939154451,282475238,335,1,"[376, 274, 207, 59, 134, 178, 237, 117, 176, 144]",0.49436649978160857,0.02595708519220352
794,407,x528,40,-5.794085502444655e-18,3.6583455164051724e-07,-1.583799418743296e-11,0.9999999999873632,5.794085502444655e-18,282475249,3,0.1,0.7499999999734237,0.7499999911230903,282475238,336,1,"[376, 274, 207, 59, 134, 178, 237, 117, 176, 144]",0.49436649978160857,0.02595708519220352
795,85,x94,8,-1.0138048670652087e-17,6.429605178433603e-07,-1.5767762388672745e-11,0.9999999999874192,1.0138048670652087e-17,282475249,3,0.1,0.5754790781359667,0.5754790631073601,282475238,337,1,"[376, 274, 207, 59, 134, 178, 237, 117, 176, 144]",0.49436649978160857,0.02595708519220352
796,66,x73,6,2.565639626636839e-18,1.6440212263954194e-07,1.5605878959738884e-11,0.9999999999875484,2.565639626636839e-18,282475249,3,0.1,0.37500000001905653,0.37499997789322326,282475238,338,1,"[376, 274, 207, 59, 134, 178, 237, 117, 176, 144]",0.49436649978160857,0.02595708519220352
797,153,x167,15,-6.0950617490839405e-18,3.930561838866503e-07,-1.5506846092113988e-11,0.9999999999876272,6.0950617490839405e-18,282475249,3,0.1,0.42013632256663125,0.420136302038684,282475238,339,1,"[376, 274, 207, 59, 134, 178, 237, 117, 176, 144]",0.49436649978160857,0.02595708519220352
798,84,x93,8,-9.957639391052212e-18,6.429605178433822e-07,-1.548717085218875e-11,0.999999999987643,9.957639391052212e-18,282475249,3,0.1,0.5754790781359667,0.5754790631073601,282475238,340,1,"[376, 274, 207, 59, 134, 178, 237, 117, 176, 144]",0.49436649978160857,0.02595708519220352
799,104,x114,10,-1.0118811922147275e-17,6.605784805072351e-07,-1.5318107114808512e-11,0.9999999999877778,1.0118811922147275e-17,282475249,3,0.1,0.7070133470821063,0.7070133367099882,282475238,341,1,"[376, 274, 207, 59, 134, 178, 237, 117, 176, 144]",0.49436649978160857,0.02595708519220352
800,308,x388,30,2.5751286143308677e-18,1.6931446455457324e-07,1.5209147199002925e-11,0.9999999999878648,2.5751286143308677e-18,282475249,3,0.1,0.7497469420417502,0.7497469331824582,282475238,342,1,"[376, 274, 207, 59, 134, 178, 237, 117, 176, 144]",0.49436649978160857,0.02595708519220352
801,273,x338,27,-4.165797386973329e-18,2.778994211923136e-07,-1.4990306093838494e-11,0.9999999999880396,4.165797386973329e-18,282475249,3,0.1,0.7158058053893078,0.7158057953284545,282475238,343,1,"[376, 274, 207, 59, 134, 178, 237, 117, 176, 144]",0.49436649978160857,0.02595708519220352
802,388,x494,38,2.4683684679285204e-18,1.6596887566770789e-07,1.487247809565528e-11,0.9999999999881335,2.4683684679285204e-18,282475249,3,0.1,0.49867271024910265,0.4986726925014483,282475238,344,1,"[376, 274, 207, 59, 134, 178, 237, 117, 176, 144]",0.49436649978160857,0.02595708519220352
803,260,x318,26,1.008947562450703e-17,6.876757261328598e-07,1.4671850759143606e-11,0.9999999999882936,1.008947562450703e-17,282475249,3,0.1,0.6838420346495717,0.6838420234571583,282475238,345,1,"[376, 274, 207, 59, 134, 178, 237, 117, 176, 144]",0.49436649978160857,0.02595708519220352
804,74,x82,7,-9.642142559187715e-18,6.619894426595545e-07,-1.4565402312837853e-11,0.9999999999883786,9.642142559187715e-18,282475249,3,0.1,0.6972933241357641,0.6972933134195443,282475238,346,1,"[376, 274, 207, 59, 134, 178, 237, 117, 176, 144]",0.49436649978160857,0.02595708519220352
805,242,x297,24,-2.6693838298360305e-18,1.8509140727238154e-07,-1.4421975980266607e-11,0.999999999988493,2.6693838298360305e-18,282475249,3,0.1,0.6249999999022329,0.624999986626733,282475238,347,1,"[376, 274, 207, 59, 134, 178, 237, 117, 176, 144]",0.49436649978160857,0.02595708519220352
806,248,x303,24,2.6598710094379526e-18,1.8509140727238408e-07,1.4370580723521298e-11,0.9999999999885338,2.6598710094379526e-18,282475249,3,0.1,0.6249999999022329,0.624999986626733,282475238,348,1,"[376, 274, 207, 59, 134, 178, 237, 117, 176, 144]",0.49436649978160857,0.02595708519220352
807,127,x137,12,4.615749295763952e-18,3.2245432749280536e-07,1.4314428128947779e-11,0.9999999999885787,4.615749295763952e-18,282475249,3,0.1,0.8882306965641102,0.8882306926073279,282475238,349,1,"[376, 274, 207, 59, 134, 178, 237, 117, 176, 144]",0.49436649978160857,0.02595708519220352
808,454,x586,45,-2.7621496884081873e-17,1.9425226627782097e-06,-1.4219394920508887e-11,0.9999999999886544,2.7621496884081873e-17,40353607,3,0.1,0.74357228904956,0.7435722318588862,40353597,350,1,"[376, 274, 207, 59, 134, 178, 237, 117, 176, 144]",0.49436649978160857,0.02595708519220352
809,351,x444,35,-2.0478884561935297e-18,1.4623516995483344e-07,-1.400407615231032e-11,0.9999999999888263,2.0478884561935297e-18,282475249,3,0.1,0.8927793181473683,0.8927793143516133,282475238,351,1,"[376, 274, 207, 59, 134, 178, 237, 117, 176, 144]",0.49436649978160857,0.02595708519220352
810,318,x409,31,2.606451896984389e-18,1.874154543871212e-07,1.3907347745189466e-11,0.9999999999889035,2.606451896984389e-18,282475249,3,0.1,0.6836873267420316,0.6836873155441413,282475238,352,1,"[376, 274, 207, 59, 134, 178, 237, 117, 176, 144]",0.49436649978160857,0.02595708519220352
811,43,x47,4,-5.127197590257922e-18,3.696331267071675e-07,-1.387104461099834e-11,0.9999999999889324,5.127197590257922e-18,282475249,3,0.1,0.624285986458869,0.6242859731580921,282475238,353,1,"[376, 274, 207, 59, 134, 178, 237, 117, 176, 144]",0.49436649978160857,0.02595708519220352
812,68,x76,6,2.25709501870886e-18,1.6440212263954618e-07,1.3729111172472941e-11,0.9999999999890457,2.25709501870886e-18,282475249,3,0.1,0.37500000001905653,0.37499997789322326,282475238,354,1,"[376, 274, 207, 59, 134, 178, 237, 117, 176, 144]",0.49436649978160857,0.02595708519220352
813,240,x295,24,-2.522177221026995e-18,1.8509140727238157e-07,-1.3626657542861213e-11,0.9999999999891276,2.522177221026995e-18,282475249,3,0.1,0.6249999999022329,0.624999986626733,282475238,355,1,"[376, 274, 207, 59, 134, 178, 237, 117, 176, 144]",0.49436649978160857,0.02595708519220352
814,393,x500,39,-1.772922123381428e-18,1.3421847776282498e-07,-1.3209225383365814e-11,0.9999999999894607,1.772922123381428e-18,282475249,3,0.1,0.7137305148370966,0.7137305047027752,282475238,356,1,"[376, 274, 207, 59, 134, 178, 237, 117, 176, 144]",0.49436649978160857,0.02595708519220352
815,145,x157,14,-5.693413726401391e-18,4.342937261015952e-07,-1.3109592389252059e-11,0.9999999999895401,5.693413726401391e-18,282475249,3,0.1,0.4631295446885608,0.463129525682631,282475238,357,1,"[376, 274, 207, 59, 134, 178, 237, 117, 176, 144]",0.49436649978160857,0.02595708519220352
816,87,x96,8,-8.334241417409325e-18,6.42960517843364e-07,-1.2962291130043676e-11,0.9999999999896576,8.334241417409325e-18,282475249,3,0.1,0.5754790781359667,0.5754790631073601,282475238,358,1,"[376, 274, 207, 59, 134, 178, 237, 117, 176, 144]",0.49436649978160857,0.02595708519220352
817,337,x430,33,-4.274940014551587e-18,3.30701856854236e-07,-1.2926870309155415e-11,0.9999999999896858,4.274940014551587e-18,282475249,3,0.1,0.4714151471150101,0.47141512840240163,282475238,359,1,"[376, 274, 207, 59, 134, 178, 237, 117, 176, 144]",0.49436649978160857,0.02595708519220352
818,328,x420,32,2.634316193178296e-18,2.0614471247335114e-07,1.2778965618722046e-11,0.9999999999898037,2.634316193178296e-18,282475249,3,0.1,0.8199441873094088,0.819944180935193,282475238,360,1,"[376, 274, 207, 59, 134, 178, 237, 117, 176, 144]",0.49436649978160857,0.02595708519220352
819,267,x332,26,-8.676178304813668e-18,6.876757261328403e-07,-1.2616670874227811e-11,0.9999999999899334,8.676178304813668e-18,282475249,3,0.1,0.6838420346495717,0.6838420234571583,282475238,361,1,"[376, 274, 207, 59, 134, 178, 237, 117, 176, 144]",0.49436649978160857,0.02595708519220352
820,367,x470,36,-4.60358772141358e-18,3.6516215740821097e-07,-1.2606968241419597e-11,0.9999999999899409,4.60358772141358e-18,282475249,3,0.1,0.7645997022489295,0.7645996939154451,282475238,362,1,"[376, 274, 207, 59, 134, 178, 237, 117, 176, 144]",0.49436649978160857,0.02595708519220352
821,237,x290,23,5.98175492783701e-18,4.882122950547637e-07,1.2252364367771658e-11,0.999999999990224,5.98175492783701e-18,282475249,3,0.1,0.6572797975041147,0.6572797853713626,282475238,363,1,"[376, 274, 207, 59, 134, 178, 237, 117, 176, 144]",0.49436649978160857,0.02595708519220352
822,224,x275,22,-5.451535913022168e-18,4.457712058539527e-07,-1.2229448294173236e-11,0.9999999999902425,5.451535913022168e-18,282475249,3,0.1,0.7482446098473875,0.7482446009349111,282475238,364,1,"[376, 274, 207, 59, 134, 178, 237, 117, 176, 144]",0.49436649978160857,0.02595708519220352
823,177,x200,17,-6.525472049956304e-18,5.418167750008537e-07,-1.2043687739173491e-11,0.9999999999903906,6.525472049956304e-18,282475249,3,0.1,0.7092985765134643,0.7092985662222464,282475238,365,1,"[376, 274, 207, 59, 134, 178, 237, 117, 176, 144]",0.49436649978160857,0.02595708519220352
824,346,x439,34,-4.112013772917076e-18,3.463073056770073e-07,-1.1873886878818129e-11,0.999999999990526,4.112013772917076e-18,282475249,3,0.1,0.4341439991547891,0.4341439791227323,282475238,366,1,"[376, 274, 207, 59, 134, 178, 237, 117, 176, 144]",0.49436649978160857,0.02595708519220352
825,143,x155,14,-5.0984940247484464e-18,4.3429372610161e-07,-1.1739736768740637e-11,0.999999999990633,5.0984940247484464e-18,282475249,3,0.1,0.4631295446885608,0.463129525682631,282475238,367,1,"[376, 274, 207, 59, 134, 178, 237, 117, 176, 144]",0.49436649978160857,0.02595708519220352
826,433,x565,43,-4.74294744864819e-18,4.0884507776586183e-07,-1.1600842731349673e-11,0.9999999999907438,4.74294744864819e-18,282475249,3,0.1,0.7722409080336678,0.7722408999706923,282475238,368,1,"[376, 274, 207, 59, 134, 178, 237, 117, 176, 144]",0.49436649978160857,0.02595708519220352
827,336,x429,33,3.692903946080199e-18,3.307018568542414e-07,1.11668678888243e-11,0.9999999999910902,3.692903946080199e-18,282475249,3,0.1,0.4714151471150101,0.47141512840240163,282475238,369,1,"[376, 274, 207, 59, 134, 178, 237, 117, 176, 144]",0.49436649978160857,0.02595708519220352
828,56,x62,5,1.607884268842357e-17,1.4440618814679374e-06,1.1134455451506612e-11,0.999999999991116,1.607884268842357e-17,282475249,3,0.1,0.445700443813113,0.44570042419016975,282475238,370,1,"[376, 274, 207, 59, 134, 178, 237, 117, 176, 144]",0.49436649978160857,0.02595708519220352
829,55,x61,5,-1.499854162295611e-17,1.4440618814679054e-06,-1.0386356578923003e-11,0.9999999999917129,1.499854162295611e-17,282475249,3,0.1,0.445700443813113,0.44570042419016975,282475238,371,1,"[376, 274, 207, 59, 134, 178, 237, 117, 176, 144]",0.49436649978160857,0.02595708519220352
830,288,x355,28,2.937406465630976e-18,2.8415154835713436e-07,1.0337464225037804e-11,0.9999999999917519,2.937406465630976e-18,282475249,3,0.1,0.6442787888519055,0.6442787762589004,282475238,372,1,"[376, 274, 207, 59, 134, 178, 237, 117, 176, 144]",0.49436649978160857,0.02595708519220352
831,52,x58,5,1.4759683460166568e-17,1.4440618814679545e-06,1.0220949427155212e-11,0.999999999991845,1.4759683460166568e-17,282475249,3,0.1,0.445700443813113,0.44570042419016975,282475238,373,1,"[376, 274, 207, 59, 134, 178, 237, 117, 176, 144]",0.49436649978160857,0.02595708519220352
832,400,x520,40,-3.734206670536605e-18,3.658345516405276e-07,-1.0207364651018175e-11,0.9999999999918558,3.734206670536605e-18,282475249,3,0.1,0.7499999999734237,0.7499999911230903,282475238,374,1,"[376, 274, 207, 59, 134, 178, 237, 117, 176, 144]",0.49436649978160857,0.02595708519220352
833,432,x564,43,-4.0075109180518855e-18,4.088450777658618e-07,-9.802028044341321e-12,0.9999999999921791,4.0075109180518855e-18,282475249,3,0.1,0.7722409080336678,0.7722408999706923,282475238,375,1,"[376, 274, 207, 59, 134, 178, 237, 117, 176, 144]",0.49436649978160857,0.02595708519220352
834,362,x458,36,-3.533959167841795e-18,3.6516215740822124e-07,-9.677780394673041e-12,0.9999999999922784,3.533959167841795e-18,282475249,3,0.1,0.7645997022489295,0.7645996939154451,282475238,376,1,"[376, 274, 207, 59, 134, 178, 237, 117, 176, 144]",0.49436649978160857,0.02595708519220352
835,343,x436,34,-3.165655652996599e-18,3.463073056770114e-07,-9.141174907667396e-12,0.9999999999927065,3.165655652996599e-18,282475249,3,0.1,0.4341439991547891,0.4341439791227323,282475238,377,1,"[376, 274, 207, 59, 134, 178, 237, 117, 176, 144]",0.49436649978160857,0.02595708519220352
836,263,x321,26,-6.255847160591425e-18,6.876757261328598e-07,-9.097088820876582e-12,0.9999999999927416,6.255847160591425e-18,282475249,3,0.1,0.6838420346495717,0.6838420234571583,282475238,378,1,"[376, 274, 207, 59, 134, 178, 237, 117, 176, 144]",0.49436649978160857,0.02595708519220352
837,233,x286,23,-4.410560841403619e-18,4.882122950547776e-07,-9.034104396958606e-12,0.999999999992792,4.410560841403619e-18,282475249,3,0.1,0.6572797975041147,0.6572797853713626,282475238,379,1,"[376, 274, 207, 59, 134, 178, 237, 117, 176, 144]",0.49436649978160857,0.02595708519220352
838,173,x196,17,-4.703311172850409e-18,5.418167750008691e-07,-8.680630408393807e-12,0.9999999999930738,4.703311172850409e-18,282475249,3,0.1,0.7092985765134643,0.7092985662222464,282475238,380,1,"[376, 274, 207, 59, 134, 178, 237, 117, 176, 144]",0.49436649978160857,0.02595708519220352
839,114,x124,11,-7.206536862645545e-18,8.306773341544118e-07,-8.675494763537085e-12,0.999999999993078,7.206536862645545e-18,282475249,3,0.1,0.7868028758767333,0.7868028683292708,282475238,381,1,"[376, 274, 207, 59, 134, 178, 237, 117, 176, 144]",0.49436649978160857,0.02595708519220352
840,123,x133,12,-2.744235124713353e-18,3.224543274928145e-07,-8.510461453721705e-12,0.9999999999932097,2.744235124713353e-18,282475249,3,0.1,0.8882306965641102,0.8882306926073279,282475238,382,1,"[376, 274, 207, 59, 134, 178, 237, 117, 176, 144]",0.49436649978160857,0.02595708519220352
841,223,x274,22,-3.732981988549102e-18,4.457712058539527e-07,-8.374210670242646e-12,0.9999999999933185,3.732981988549102e-18,282475249,3,0.1,0.7482446098473875,0.7482446009349111,282475238,383,1,"[376, 274, 207, 59, 134, 178, 237, 117, 176, 144]",0.49436649978160857,0.02595708519220352
842,222,x273,22,3.581798921163428e-18,4.457712058539526e-07,8.035061202084299e-12,0.9999999999935889,3.581798921163428e-18,282475249,3,0.1,0.7482446098473875,0.7482446009349111,282475238,384,1,"[376, 274, 207, 59, 134, 178, 237, 117, 176, 144]",0.49436649978160857,0.02595708519220352
843,103,x113,10,-5.148578039469136e-18,6.605784805072351e-07,-7.794044449519038e-12,0.9999999999937814,5.148578039469136e-18,282475249,3,0.1,0.7070133470821063,0.7070133367099882,282475238,385,1,"[376, 274, 207, 59, 134, 178, 237, 117, 176, 144]",0.49436649978160857,0.02595708519220352
844,322,x413,32,1.5080152386002158e-18,2.0614471247334828e-07,7.315323398339319e-12,0.9999999999941631,1.5080152386002158e-18,282475249,3,0.1,0.8199441873094088,0.819944180935193,282475238,386,1,"[376, 274, 207, 59, 134, 178, 237, 117, 176, 144]",0.49436649978160857,0.02595708519220352
845,408,x540,40,2.6130012401193835e-18,3.658345516405326e-07,7.142576414397585e-12,0.999999999994301,2.6130012401193835e-18,282475249,3,0.1,0.7499999999734237,0.7499999911230903,282475238,387,1,"[376, 274, 207, 59, 134, 178, 237, 117, 176, 144]",0.49436649978160857,0.02595708519220352
846,168,x184,16,2.3107465015255368e-18,3.243362110820793e-07,7.124540592665305e-12,0.9999999999943154,2.3107465015255368e-18,282475249,3,0.1,0.890729731526898,0.8907297276585848,282475238,388,1,"[376, 274, 207, 59, 134, 178, 237, 117, 176, 144]",0.49436649978160857,0.02595708519220352
847,452,x584,45,-1.3357964935119946e-17,1.9425226627781983e-06,-6.8766069972204954e-12,0.9999999999945133,1.3357964935119946e-17,40353607,3,0.1,0.74357228904956,0.7435722318588862,40353597,389,1,"[376, 274, 207, 59, 134, 178, 237, 117, 176, 144]",0.49436649978160857,0.02595708519220352
848,348,x441,34,2.3298001461034435e-18,3.463073056770162e-07,6.727551246857996e-12,0.9999999999946323,2.3298001461034435e-18,282475249,3,0.1,0.4341439991547891,0.4341439791227323,282475238,390,1,"[376, 274, 207, 59, 134, 178, 237, 117, 176, 144]",0.49436649978160857,0.02595708519220352
849,54,x60,5,-9.560027872329844e-18,1.4440618814679548e-06,-6.620234212270488e-12,0.9999999999947178,9.560027872329844e-18,282475249,3,0.1,0.445700443813113,0.44570042419016975,282475238,391,1,"[376, 274, 207, 59, 134, 178, 237, 117, 176, 144]",0.49436649978160857,0.02595708519220352
850,428,x560,42,2.5275799619462313e-18,3.837319533050408e-07,6.58683734877032e-12,0.9999999999947444,2.5275799619462313e-18,282475249,3,0.1,0.7334868660099279,0.7334868565750077,282475238,392,1,"[376, 274, 207, 59, 134, 178, 237, 117, 176, 144]",0.49436649978160857,0.02595708519220352
851,258,x313,25,2.469489072358268e-18,3.791046349513475e-07,6.5140039046876605e-12,0.9999999999948026,2.469489072358268e-18,282475249,3,0.1,0.7577581032897611,0.7577580947140751,282475238,393,1,"[376, 274, 207, 59, 134, 178, 237, 117, 176, 144]",0.49436649978160857,0.02595708519220352
852,3,x4,0,-6.35218900214911e-18,1.0264676570198792e-06,-6.188396642317284e-12,0.9999999999950624,6.35218900214911e-18,282475249,3,0.1,0.8344752902893503,0.8344752844295549,282475238,394,1,"[376, 274, 207, 59, 134, 178, 237, 117, 176, 144]",0.49436649978160857,0.02595708519220352
853,148,x162,14,2.630698562267334e-18,4.3429372610161597e-07,6.0574178353472316e-12,0.999999999995167,2.630698562267334e-18,282475249,3,0.1,0.4631295446885608,0.463129525682631,282475238,395,1,"[376, 274, 207, 59, 134, 178, 237, 117, 176, 144]",0.49436649978160857,0.02595708519220352
854,73,x81,7,-3.9850435266713236e-18,6.619894426595545e-07,-6.019799214110333e-12,0.9999999999951967,3.9850435266713236e-18,282475249,3,0.1,0.6972933241357641,0.6972933134195443,282475238,396,1,"[376, 274, 207, 59, 134, 178, 237, 117, 176, 144]",0.49436649978160857,0.02595708519220352
855,438,x570,43,2.3447666242492474e-18,4.0884507776586744e-07,5.73509808913982e-12,0.9999999999954241,2.3447666242492474e-18,282475249,3,0.1,0.7722409080336678,0.7722408999706923,282475238,397,1,"[376, 274, 207, 59, 134, 178, 237, 117, 176, 144]",0.49436649978160857,0.02595708519220352
856,232,x284,23,2.7760692422286683e-18,4.882122950547775e-07,5.686192810685345e-12,0.9999999999954632,2.7760692422286683e-18,282475249,3,0.1,0.6572797975041147,0.6572797853713626,282475238,398,1,"[376, 274, 207, 59, 134, 178, 237, 117, 176, 144]",0.49436649978160857,0.02595708519220352
857,216,x256,21,-5.123586648992798e-19,9.319222469279853e-08,-5.497869233063524e-12,0.9999999999956133,5.123586648992798e-19,282475249,3,0.1,0.37499999952530627,0.374999977399473,282475238,399,1,"[376, 274, 207, 59, 134, 178, 237, 117, 176, 144]",0.49436649978160857,0.02595708519220352
858,62,x68,6,-8.785283970596819e-19,1.644021226395439e-07,-5.343777701616901e-12,0.9999999999957363,8.785283970596819e-19,282475249,3,0.1,0.37500000001905653,0.37499997789322326,282475238,400,1,"[376, 274, 207, 59, 134, 178, 237, 117, 176, 144]",0.49436649978160857,0.02595708519220352
859,386,x491,38,-8.471855178985948e-19,1.659688756677036e-07,-5.104484286528497e-12,0.9999999999959273,8.471855178985948e-19,282475249,3,0.1,0.49867271024910265,0.4986726925014483,282475238,401,1,"[376, 274, 207, 59, 134, 178, 237, 117, 176, 144]",0.49436649978160857,0.02595708519220352
860,401,x521,40,1.755998248909576e-18,3.658345516405276e-07,4.7999792284109785e-12,0.9999999999961702,1.755998248909576e-18,282475249,3,0.1,0.7499999999734237,0.7499999911230903,282475238,402,1,"[376, 274, 207, 59, 134, 178, 237, 117, 176, 144]",0.49436649978160857,0.02595708519220352
861,115,x125,11,3.784886149897042e-18,8.306773341543835e-07,4.556385487212067e-12,0.9999999999963647,3.784886149897042e-18,282475249,3,0.1,0.7868028758767333,0.7868028683292708,282475238,403,1,"[376, 274, 207, 59, 134, 178, 237, 117, 176, 144]",0.49436649978160857,0.02595708519220352
862,178,x201,17,2.3070007463411997e-18,5.418167750008765e-07,4.257898339041769e-12,0.9999999999966027,2.3070007463411997e-18,282475249,3,0.1,0.7092985765134643,0.7092985662222464,282475238,404,1,"[376, 274, 207, 59, 134, 178, 237, 117, 176, 144]",0.49436649978160857,0.02595708519220352
863,423,x555,42,-1.6015121393144063e-18,3.8373195330503557e-07,-4.173517804604963e-12,0.99999999999667,1.6015121393144063e-18,282475249,3,0.1,0.7334868660099279,0.7334868565750077,282475238,405,1,"[376, 274, 207, 59, 134, 178, 237, 117, 176, 144]",0.49436649978160857,0.02595708519220352
864,57,x63,5,-5.980728710024515e-18,1.4440618814679139e-06,-4.14160140003488e-12,0.9999999999966955,5.980728710024515e-18,282475249,3,0.1,0.445700443813113,0.44570042419016975,282475238,406,1,"[376, 274, 207, 59, 134, 178, 237, 117, 176, 144]",0.49436649978160857,0.02595708519220352
865,437,x569,43,-1.6789554496373191e-18,4.0884507776585023e-07,-4.10658105219717e-12,0.9999999999967235,1.6789554496373191e-18,282475249,3,0.1,0.7722409080336678,0.7722408999706923,282475238,407,1,"[376, 274, 207, 59, 134, 178, 237, 117, 176, 144]",0.49436649978160857,0.02595708519220352
866,88,x97,8,2.5255444748747494e-18,6.42960517843391e-07,3.927993095666114e-12,0.9999999999968661,2.5255444748747494e-18,282475249,3,0.1,0.5754790781359667,0.5754790631073601,282475238,408,1,"[376, 274, 207, 59, 134, 178, 237, 117, 176, 144]",0.49436649978160857,0.02595708519220352
867,7,x9,0,-3.95313273219865e-18,1.02646765701985e-06,-3.851200478810804e-12,0.9999999999969273,3.95313273219865e-18,282475249,3,0.1,0.8344752902893503,0.8344752844295549,282475238,409,1,"[376, 274, 207, 59, 134, 178, 237, 117, 176, 144]",0.49436649978160857,0.02595708519220352
868,170,x186,17,-2.0537103436714294e-18,5.418167750008692e-07,-3.7904148384260244e-12,0.9999999999969755,2.0537103436714294e-18,282475249,3,0.1,0.7092985765134643,0.7092985662222464,282475238,410,1,"[376, 274, 207, 59, 134, 178, 237, 117, 176, 144]",0.49436649978160857,0.02595708519220352
869,381,x486,38,-6.284246836158424e-19,1.659688756677056e-07,-3.786400800075565e-12,0.9999999999969789,6.284246836158424e-19,282475249,3,0.1,0.49867271024910265,0.4986726925014483,282475238,411,1,"[376, 274, 207, 59, 134, 178, 237, 117, 176, 144]",0.49436649978160857,0.02595708519220352
870,302,x378,30,5.89989894827319e-19,1.6931446455457089e-07,3.4845805783897595e-12,0.9999999999972196,5.89989894827319e-19,282475249,3,0.1,0.7497469420417502,0.7497469331824582,282475238,412,1,"[376, 274, 207, 59, 134, 178, 237, 117, 176, 144]",0.49436649978160857,0.02595708519220352
871,231,x283,23,1.6672756191158857e-18,4.882122950547776e-07,3.4150627421802575e-12,0.9999999999972751,1.6672756191158857e-18,282475249,3,0.1,0.6572797975041147,0.6572797853713626,282475238,413,1,"[376, 274, 207, 59, 134, 178, 237, 117, 176, 144]",0.49436649978160857,0.02595708519220352
872,13,x16,1,-1.0203270480857173e-18,3.059691733335741e-07,-3.3347380619070897e-12,0.9999999999973392,1.0203270480857173e-18,282475249,3,0.1,0.5661645596510403,0.5661645442926874,282475238,414,1,"[376, 274, 207, 59, 134, 178, 237, 117, 176, 144]",0.49436649978160857,0.02595708519220352
873,448,x580,44,3.6164784914203716e-18,1.2231713389830287e-06,2.9566409677545178e-12,0.9999999999976408,3.6164784914203716e-18,282475249,3,0.1,0.6270808734760194,0.6270808602741851,282475238,415,1,"[376, 274, 207, 59, 134, 178, 237, 117, 176, 144]",0.49436649978160857,0.02595708519220352
874,2,x3,0,-2.5493807572126626e-18,1.026467657019879e-06,-2.4836445062616234e-12,0.9999999999980183,2.5493807572126626e-18,282475249,3,0.1,0.8344752902893503,0.8344752844295549,282475238,416,1,"[376, 274, 207, 59, 134, 178, 237, 117, 176, 144]",0.49436649978160857,0.02595708519220352
875,268,x333,26,1.5589407743092305e-18,6.876757261328692e-07,2.266970775711254e-12,0.9999999999981912,1.5589407743092305e-18,282475249,3,0.1,0.6838420346495717,0.6838420234571583,282475238,417,1,"[376, 274, 207, 59, 134, 178, 237, 117, 176, 144]",0.49436649978160857,0.02595708519220352
876,398,x518,39,3.0275947800484174e-19,1.342184777628268e-07,2.255721291518731e-12,0.9999999999982001,3.0275947800484174e-19,282475249,3,0.1,0.7137305148370966,0.7137305047027752,282475238,418,1,"[376, 274, 207, 59, 134, 178, 237, 117, 176, 144]",0.49436649978160857,0.02595708519220352
877,8,x10,0,2.206433916085249e-18,1.0264676570198931e-06,2.149540612405762e-12,0.9999999999982849,2.206433916085249e-18,282475249,3,0.1,0.8344752902893503,0.8344752844295549,282475238,419,1,"[376, 274, 207, 59, 134, 178, 237, 117, 176, 144]",0.49436649978160857,0.02595708519220352
878,72,x80,7,-1.3180915310160847e-18,6.619894426595544e-07,-1.9911065737251467e-12,0.9999999999984115,1.3180915310160847e-18,282475249,3,0.1,0.6972933241357641,0.6972933134195443,282475238,420,1,"[376, 274, 207, 59, 134, 178, 237, 117, 176, 144]",0.49436649978160857,0.02595708519220352
879,451,x583,45,3.778347175443584e-18,1.9425226627781983e-06,1.9450723782237822e-12,0.9999999999984479,3.778347175443584e-18,40353607,3,0.1,0.74357228904956,0.7435722318588862,40353597,421,1,"[376, 274, 207, 59, 134, 178, 237, 117, 176, 144]",0.49436649978160857,0.02595708519220352
880,450,x582,45,3.629747591492144e-18,1.9425226627781983e-06,1.8685741283969755e-12,0.9999999999985092,3.629747591492144e-18,40353607,3,0.1,0.74357228904956,0.7435722318588862,40353597,422,1,"[376, 274, 207, 59, 134, 178, 237, 117, 176, 144]",0.49436649978160857,0.02595708519220352
881,118,x128,11,1.533865365649085e-18,8.306773341544232e-07,1.8465236772235546e-12,0.9999999999985267,1.533865365649085e-18,282475249,3,0.1,0.7868028758767333,0.7868028683292708,282475238,423,1,"[376, 274, 207, 59, 134, 178, 237, 117, 176, 144]",0.49436649978160857,0.02595708519220352
882,262,x320,26,-1.2682858073909683e-18,6.876757261328597e-07,-1.8443079480544787e-12,0.9999999999985285,1.2682858073909683e-18,282475249,3,0.1,0.6838420346495717,0.6838420234571583,282475238,424,1,"[376, 274, 207, 59, 134, 178, 237, 117, 176, 144]",0.49436649978160857,0.02595708519220352
883,457,x589,45,2.705092290434293e-18,1.9425226627782207e-06,1.392566656888026e-12,0.9999999999988889,2.705092290434293e-18,40353607,3,0.1,0.74357228904956,0.7435722318588862,40353597,425,1,"[376, 274, 207, 59, 134, 178, 237, 117, 176, 144]",0.49436649978160857,0.02595708519220352
884,42,x46,4,-4.687249126473142e-19,3.6963312670716744e-07,-1.268081453691378e-12,0.9999999999989884,4.687249126473142e-19,282475249,3,0.1,0.624285986458869,0.6242859731580921,282475238,426,1,"[376, 274, 207, 59, 134, 178, 237, 117, 176, 144]",0.49436649978160857,0.02595708519220352
885,352,x445,35,1.5680200289114288e-19,1.462351699548334e-07,1.072259176363478e-12,0.9999999999991445,1.5680200289114288e-19,282475249,3,0.1,0.8927793181473683,0.8927793143516133,282475238,427,1,"[376, 274, 207, 59, 134, 178, 237, 117, 176, 144]",0.49436649978160857,0.02595708519220352
886,368,x471,36,3.663077138874406e-19,3.651621574082263e-07,1.0031371171847187e-12,0.9999999999991998,3.663077138874406e-19,282475249,3,0.1,0.7645997022489295,0.7645996939154451,282475238,428,1,"[376, 274, 207, 59, 134, 178, 237, 117, 176, 144]",0.49436649978160857,0.02595708519220352
887,326,x418,32,1.043876058059341e-19,2.0614471247334582e-07,5.063802246173607e-13,0.9999999999995959,1.043876058059341e-19,282475249,3,0.1,0.8199441873094088,0.819944180935193,282475238,429,1,"[376, 274, 207, 59, 134, 178, 237, 117, 176, 144]",0.49436649978160857,0.02595708519220352
888,339,x432,33,1.5682265886574766e-19,3.307018568541816e-07,4.742116066644779e-13,0.9999999999996216,1.5682265886574766e-19,282475249,3,0.1,0.4714151471150101,0.47141512840240163,282475238,430,1,"[376, 274, 207, 59, 134, 178, 237, 117, 176, 144]",0.49436649978160857,0.02595708519220352
889,278,x344,27,-1.208119927946106e-19,2.778994211923174e-07,-4.347327974857635e-13,0.9999999999996532,1.208119927946106e-19,282475249,3,0.1,0.7158058053893078,0.7158057953284545,282475238,431,1,"[376, 274, 207, 59, 134, 178, 237, 117, 176, 144]",0.49436649978160857,0.02595708519220352
890,129,x139,12,9.680321968638813e-20,3.2245432749275237e-07,3.0020753772815754e-13,0.9999999999997604,9.680321968638813e-20,282475249,3,0.1,0.8882306965641102,0.8882306926073279,282475238,432,1,"[376, 274, 207, 59, 134, 178, 237, 117, 176, 144]",0.49436649978160857,0.02595708519220352
891,379,x484,37,-5.345371821011981e-20,2.8544797735371966e-07,-1.8726255728160708e-13,0.9999999999998506,5.345371821011981e-20,282475249,3,0.1,0.7394452484716934,0.7394452392477078,282475238,433,1,"[376, 274, 207, 59, 134, 178, 237, 117, 176, 144]",0.49436649978160857,0.02595708519220352
892,219,x270,21,-1.421928848034788e-20,9.319222469278168e-08,-1.525802021276272e-13,0.9999999999998781,1.421928848034788e-20,282475249,3,0.1,0.37499999952530627,0.374999977399473,282475238,434,1,"[376, 274, 207, 59, 134, 178, 237, 117, 176, 144]",0.49436649978160857,0.02595708519220352
893,69,x77,6,-1.7508921624143302e-20,1.6440212263951224e-07,-1.0650058127616429e-13,0.9999999999999152,1.7508921624143302e-20,282475249,3,0.1,0.37500000001905653,0.37499997789322326,282475238,435,1,"[376, 274, 207, 59, 134, 178, 237, 117, 176, 144]",0.49436649978160857,0.02595708519220352
894,229,x281,22,3.1330261045498793e-20,4.457712058538668e-07,7.028327678878728e-14,0.9999999999999438,3.1330261045498793e-20,282475249,3,0.1,0.7482446098473875,0.7482446009349111,282475238,436,1,"[376, 274, 207, 59, 134, 178, 237, 117, 176, 144]",0.49436649978160857,0.02595708519220352
895,19,x22,1,1.7242715304416214e-20,3.0596917333351514e-07,5.635442001087202e-14,0.9999999999999549,1.7242715304416214e-20,282475249,3,0.1,0.5661645596510403,0.5661645442926874,282475238,437,1,"[376, 274, 207, 59, 134, 178, 237, 117, 176, 144]",0.49436649978160857,0.02595708519220352
896,251,x306,25,2.1263797737655924e-20,3.7910463495134233e-07,5.608952193471628e-14,0.9999999999999551,2.1263797737655924e-20,282475249,3,0.1,0.7577581032897611,0.7577580947140751,282475238,438,1,"[376, 274, 207, 59, 134, 178, 237, 117, 176, 144]",0.49436649978160857,0.02595708519220352
897,199,x225,19,-6.183285168143773e-21,1.1690489406489044e-07,-5.28915852292002e-14,0.9999999999999578,6.183285168143773e-21,282475249,3,0.1,0.7180437948019718,0.7180437848203463,282475238,439,1,"[376, 274, 207, 59, 134, 178, 237, 117, 176, 144]",0.49436649978160857,0.02595708519220352
898,289,x356,28,1.4152062509255034e-20,2.841515483570757e-07,4.980462922366698e-14,0.9999999999999603,1.4152062509255034e-20,282475249,3,0.1,0.6442787888519055,0.6442787762589004,282475238,440,1,"[376, 274, 207, 59, 134, 178, 237, 117, 176, 144]",0.49436649978160857,0.02595708519220352
899,139,x151,13,-6.1959665145073886e-21,1.2452509815116915e-07,-4.97567687678969e-14,0.9999999999999603,6.1959665145073886e-21,282475249,3,0.1,0.7499999998311556,0.7499999909808224,282475238,441,1,"[376, 274, 207, 59, 134, 178, 237, 117, 176, 144]",0.49436649978160857,0.02595708519220352
900,329,x421,32,-9.255859853251502e-21,2.0614471247330858e-07,-4.489981694024746e-14,0.999999999999964,9.255859853251502e-21,282475249,3,0.1,0.8199441873094088,0.819944180935193,282475238,442,1,"[376, 274, 207, 59, 134, 178, 237, 117, 176, 144]",0.49436649978160857,0.02595708519220352
901,309,x389,30,7.592065665182686e-21,1.6931446455453828e-07,4.4840029971197107e-14,0.9999999999999643,7.592065665182686e-21,282475249,3,0.1,0.7497469420417502,0.7497469331824582,282475238,443,1,"[376, 274, 207, 59, 134, 178, 237, 117, 176, 144]",0.49436649978160857,0.02595708519220352
902,319,x410,31,-7.92044805925731e-21,1.8741545438708254e-07,-4.226144575515444e-14,0.9999999999999662,7.92044805925731e-21,282475249,3,0.1,0.6836873267420316,0.6836873155441413,282475238,444,1,"[376, 274, 207, 59, 134, 178, 237, 117, 176, 144]",0.49436649978160857,0.02595708519220352
903,349,x442,34,-1.005794185275974e-20,3.4630730567694466e-07,-2.904340072496872e-14,0.9999999999999767,1.005794185275974e-20,282475249,3,0.1,0.4341439991547891,0.4341439791227323,282475238,445,1,"[376, 274, 207, 59, 134, 178, 237, 117, 176, 144]",0.49436649978160857,0.02595708519220352
904,389,x495,38,-4.678129185746045e-21,1.659688756676736e-07,-2.81867860279614e-14,0.9999999999999774,4.678129185746045e-21,282475249,3,0.1,0.49867271024910265,0.4986726925014483,282475238,446,1,"[376, 274, 207, 59, 134, 178, 237, 117, 176, 144]",0.49436649978160857,0.02595708519220352
905,359,x455,35,-3.712083663810589e-21,1.4623516995480523e-07,-2.5384342665022572e-14,0.9999999999999798,3.712083663810589e-21,282475249,3,0.1,0.8927793181473683,0.8927793143516133,282475238,447,1,"[376, 274, 207, 59, 134, 178, 237, 117, 176, 144]",0.49436649978160857,0.02595708519220352
906,159,x173,15,8.154628308832616e-21,3.9305618388657453e-07,2.0746724369526325e-14,0.9999999999999833,8.154628308832616e-21,282475249,3,0.1,0.42013632256663125,0.420136302038684,282475238,448,1,"[376, 274, 207, 59, 134, 178, 237, 117, 176, 144]",0.49436649978160857,0.02595708519220352
907,249,x304,24,-3.155420743846365e-21,1.850914072723459e-07,-1.7047905088340692e-14,0.9999999999999862,3.155420743846365e-21,282475249,3,0.1,0.6249999999022329,0.624999986626733,282475238,449,1,"[376, 274, 207, 59, 134, 178, 237, 117, 176, 144]",0.49436649978160857,0.02595708519220352
908,149,x163,14,-6.893513093246574e-21,4.342937261015263e-07,-1.587292811049049e-14,0.9999999999999873,6.893513093246574e-21,282475249,3,0.1,0.4631295446885608,0.463129525682631,282475238,450,1,"[376, 274, 207, 59, 134, 178, 237, 117, 176, 144]",0.49436649978160857,0.02595708519220352
909,169,x185,16,-4.065447976813275e-21,3.2433621108201235e-07,-1.2534671855635871e-14,0.99999999999999,4.065447976813275e-21,282475249,3,0.1,0.890729731526898,0.8907297276585848,282475238,451,1,"[376, 274, 207, 59, 134, 178, 237, 117, 176, 144]",0.49436649978160857,0.02595708519220352
910,409,x541,40,-4.1047372184718436e-21,3.6583455164045705e-07,-1.1220201044613161e-14,0.9999999999999909,4.1047372184718436e-21,282475249,3,0.1,0.7499999999734237,0.7499999911230903,282475238,452,1,"[376, 274, 207, 59, 134, 178, 237, 117, 176, 144]",0.49436649978160857,0.02595708519220352
911,429,x561,42,4.026188109423287e-21,3.837319533049616e-07,1.049218881760303e-14,0.9999999999999918,4.026188109423287e-21,282475249,3,0.1,0.7334868660099279,0.7334868565750077,282475238,453,1,"[376, 274, 207, 59, 134, 178, 237, 117, 176, 144]",0.49436649978160857,0.02595708519220352
912,259,x317,25,-2.7383620570657453e-21,3.7910463495126927e-07,-7.223235499132683e-15,0.9999999999999942,2.7383620570657453e-21,282475249,3,0.1,0.7577581032897611,0.7577580947140751,282475238,454,1,"[376, 274, 207, 59, 134, 178, 237, 117, 176, 144]",0.49436649978160857,0.02595708519220352
913,89,x99,8,-3.2958466407055782e-21,6.429605178432582e-07,-5.126048255281896e-15,0.999999999999996,3.2958466407055782e-21,282475249,3,0.1,0.5754790781359667,0.5754790631073601,282475238,455,1,"[376, 274, 207, 59, 134, 178, 237, 117, 176, 144]",0.49436649978160857,0.02595708519220352
914,119,x129,11,-2.0648610585547525e-21,8.306773341542517e-07,-2.4857558689224092e-15,0.999999999999998,2.0648610585547525e-21,282475249,3,0.1,0.7868028758767333,0.7868028683292708,282475238,456,1,"[376, 274, 207, 59, 134, 178, 237, 117, 176, 144]",0.49436649978160857,0.02595708519220352
915,179,x202,17,-6.5262508668847605e-22,5.418167750007647e-07,-1.204512515670182e-15,0.9999999999999989,6.5262508668847605e-22,282475249,3,0.1,0.7092985765134643,0.7092985662222464,282475238,457,1,"[376, 274, 207, 59, 134, 178, 237, 117, 176, 144]",0.49436649978160857,0.02595708519220352
916,458,x590,45,2.029514169574468e-21,1.942522662778211e-06,1.0447827500101549e-15,0.9999999999999991,2.029514169574468e-21,40353607,3,0.1,0.74357228904956,0.7435722318588862,40353597,458,1,"[376, 274, 207, 59, 134, 178, 237, 117, 176, 144]",0.49436649978160857,0.02595708519220352
917,79,x88,7,2.856486789155486e-22,6.619894426594269e-07,4.3150035409629036e-16,0.9999999999999996,2.856486789155486e-22,282475249,3,0.1,0.6972933241357641,0.6972933134195443,282475238,459,1,"[376, 274, 207, 59, 134, 178, 237, 117, 176, 144]",0.49436649978160857,0.02595708519220352
