	feature	feature_idx	coef	abs_coef	t	p	r2_model	df_resid	rng_seed	n_block	round_id	threshold	q_used	rank_p	cluster	x0_indices	p_oof_center	p_final_center
0	x112	102	-0.11467924909691675	0.11467924909691675	-418.87344316963987	0.0	0.7141464181297398	399540	100042	400000	1	0.01	459	1	0	[1361, 995, 1108, 1227, 507, 1180, 1296, 1321, 1308, 1215]	0.500756424665451	0.08694328367710114
1	x130	120	0.09674047540034184	0.09674047540034184	353.02316455155943	0.0	0.7141464181297398	399540	100042	400000	1	0.01	459	2	0	[1361, 995, 1108, 1227, 507, 1180, 1296, 1321, 1308, 1215]	0.500756424665451	0.08694328367710114
2	x489	384	-0.09556114551097238	0.09556114551097238	-348.8096013768793	0.0	0.7141464181297398	399540	100042	400000	1	0.01	459	3	0	[1361, 995, 1108, 1227, 507, 1180, 1296, 1321, 1308, 1215]	0.500756424665451	0.08694328367710114
3	x69	63	-0.08954238195881009	0.08954238195881009	-327.03922242726367	0.0	0.7141464181297398	399540	100042	400000	1	0.01	459	4	0	[1361, 995, 1108, 1227, 507, 1180, 1296, 1321, 1308, 1215]	0.500756424665451	0.08694328367710114
4	x36	33	-0.06607481101886138	0.06607481101886138	-241.21711488477905	0.0	0.7141464181297398	399540	100042	400000	1	0.01	459	5	0	[1361, 995, 1108, 1227, 507, 1180, 1296, 1321, 1308, 1215]	0.500756424665451	0.08694328367710114
5	x557	425	-0.0637480740207445	0.0637480740207445	-232.60239220419354	0.0	0.7141464181297398	399540	100042	400000	1	0.01	459	6	0	[1361, 995, 1108, 1227, 507, 1180, 1296, 1321, 1308, 1215]	0.500756424665451	0.08694328367710114
6	x551	419	-0.058736618413278235	0.058736618413278235	-214.60549505324204	0.0	0.7141464181297398	399540	100042	400000	1	0.01	459	7	0	[1361, 995, 1108, 1227, 507, 1180, 1296, 1321, 1308, 1215]	0.500756424665451	0.08694328367710114
7	x369	300	-0.055254121356327665	0.055254121356327665	-201.7408851759604	0.0	0.7141464181297398	399540	100042	400000	1	0.01	459	8	0	[1361, 995, 1108, 1227, 507, 1180, 1296, 1321, 1308, 1215]	0.500756424665451	0.08694328367710114
8	x337	272	0.04646374255662945	0.04646374255662945	169.45560211100573	0.0	0.7141464181297398	399540	100042	400000	1	0.01	459	9	0	[1361, 995, 1108, 1227, 507, 1180, 1296, 1321, 1308, 1215]	0.500756424665451	0.08694328367710114
9	x282	230	-0.042486526466174394	0.042486526466174394	-154.9003603917255	0.0	0.7141464181297398	399540	100042	400000	1	0.01	459	10	0	[1361, 995, 1108, 1227, 507, 1180, 1296, 1321, 1308, 1215]	0.500756424665451	0.08694328367710114
10	x475	372	0.03927733295912339	0.03927733295912339	143.33245849409994	0.0	0.7141464181297398	399540	100042	400000	1	0.01	459	11	0	[1361, 995, 1108, 1227, 507, 1180, 1296, 1321, 1308, 1215]	0.500756424665451	0.08694328367710114
11	x320	262	0.036770178657529615	0.036770178657529615	134.1100295266012	0.0	0.7141464181297398	399540	100042	400000	1	0.01	459	12	0	[1361, 995, 1108, 1227, 507, 1180, 1296, 1321, 1308, 1215]	0.500756424665451	0.08694328367710114
12	x441	348	-0.03601370414696408	0.03601370414696408	-131.55786235734757	0.0	0.7141464181297398	399540	100042	400000	1	0.01	459	13	0	[1361, 995, 1108, 1227, 507, 1180, 1296, 1321, 1308, 1215]	0.500756424665451	0.08694328367710114
13	x456	360	0.028292960931889762	0.028292960931889762	103.2685319079357	0.0	0.7141464181297398	399540	100042	400000	1	0.01	459	14	0	[1361, 995, 1108, 1227, 507, 1180, 1296, 1321, 1308, 1215]	0.500756424665451	0.08694328367710114
14	x552	420	0.026743587032808908	0.026743587032808908	97.61651509009651	0.0	0.7141464181297398	399540	100042	400000	1	0.01	459	15	0	[1361, 995, 1108, 1227, 507, 1180, 1296, 1321, 1308, 1215]	0.500756424665451	0.08694328367710114
15	x474	371	0.026663386174298764	0.026663386174298764	97.30286204957083	0.0	0.7141464181297398	399540	100042	400000	1	0.01	459	16	0	[1361, 995, 1108, 1227, 507, 1180, 1296, 1321, 1308, 1215]	0.500756424665451	0.08694328367710114
16	x7	5	0.026652182735980755	0.026652182735980755	97.12670380838445	0.0	0.7141464181297398	399540	100042	400000	1	0.01	459	17	0	[1361, 995, 1108, 1227, 507, 1180, 1296, 1321, 1308, 1215]	0.500756424665451	0.08694328367710114
17	x480	376	0.023399428111097877	0.023399428111097877	85.25317978845567	0.0	0.7141464181297398	399540	100042	400000	1	0.01	459	18	0	[1361, 995, 1108, 1227, 507, 1180, 1296, 1321, 1308, 1215]	0.500756424665451	0.08694328367710114
18	x103	93	-0.023138525066570874	0.023138525066570874	-84.44121853280849	0.0	0.7141464181297398	399540	100042	400000	1	0.01	459	19	0	[1361, 995, 1108, 1227, 507, 1180, 1296, 1321, 1308, 1215]	0.500756424665451	0.08694328367710114
19	x468	365	0.022877999525973688	0.022877999525973688	83.44154694525338	0.0	0.7141464181297398	399540	100042	400000	1	0.01	459	20	0	[1361, 995, 1108, 1227, 507, 1180, 1296, 1321, 1308, 1215]	0.500756424665451	0.08694328367710114
20	x196	173	0.022256690966129675	0.022256690966129675	81.30902961477092	0.0	0.7141464181297398	399540	100042	400000	1	0.01	459	21	0	[1361, 995, 1108, 1227, 507, 1180, 1296, 1321, 1308, 1215]	0.500756424665451	0.08694328367710114
21	x8	6	0.021038399120648366	0.021038399120648366	76.78878223609267	0.0	0.7141464181297398	399540	100042	400000	1	0.01	459	22	0	[1361, 995, 1108, 1227, 507, 1180, 1296, 1321, 1308, 1215]	0.500756424665451	0.08694328367710114
22	x32	29	0.020190910461014833	0.020190910461014833	73.60350942515761	0.0	0.7141464181297398	399540	100042	400000	1	0.01	459	23	0	[1361, 995, 1108, 1227, 507, 1180, 1296, 1321, 1308, 1215]	0.500756424665451	0.08694328367710114
23	x1	0	0.019882034656636585	0.019882034656636585	72.47567681543741	0.0	0.7141464181297398	399540	100042	400000	1	0.01	459	24	0	[1361, 995, 1108, 1227, 507, 1180, 1296, 1321, 1308, 1215]	0.500756424665451	0.08694328367710114
24	x434	341	0.01939038152087422	0.01939038152087422	70.81845421681928	0.0	0.7141464181297398	399540	100042	400000	1	0.01	459	25	0	[1361, 995, 1108, 1227, 507, 1180, 1296, 1321, 1308, 1215]	0.500756424665451	0.08694328367710114
25	x292	239	0.01900722284801814	0.01900722284801814	69.31463231583359	0.0	0.7141464181297398	399540	100042	400000	1	0.01	459	26	0	[1361, 995, 1108, 1227, 507, 1180, 1296, 1321, 1308, 1215]	0.500756424665451	0.08694328367710114
26	x121	111	-0.018514816401938177	0.018514816401938177	-67.55285514698355	0.0	0.7141464181297398	399540	100042	400000	1	0.01	459	27	0	[1361, 995, 1108, 1227, 507, 1180, 1296, 1321, 1308, 1215]	0.500756424665451	0.08694328367710114
27	x170	156	-0.018032607336169997	0.018032607336169997	-65.8350691720465	0.0	0.7141464181297398	399540	100042	400000	1	0.01	459	28	0	[1361, 995, 1108, 1227, 507, 1180, 1296, 1321, 1308, 1215]	0.500756424665451	0.08694328367710114
28	x203	180	0.017971201889934497	0.017971201889934497	65.59317041509243	0.0	0.7141464181297398	399540	100042	400000	1	0.01	459	29	0	[1361, 995, 1108, 1227, 507, 1180, 1296, 1321, 1308, 1215]	0.500756424665451	0.08694328367710114
29	x248	208	0.017615617142986106	0.017615617142986106	64.31758763170838	0.0	0.7141464181297398	399540	100042	400000	1	0.01	459	30	0	[1361, 995, 1108, 1227, 507, 1180, 1296, 1321, 1308, 1215]	0.500756424665451	0.08694328367710114
30	x303	248	0.01732526495466867	0.01732526495466867	63.23606411063337	0.0	0.7141464181297398	399540	100042	400000	1	0.01	459	31	0	[1361, 995, 1108, 1227, 507, 1180, 1296, 1321, 1308, 1215]	0.500756424665451	0.08694328367710114
31	x55	49	0.01703212704065682	0.01703212704065682	62.2696519788559	0.0	0.7141464181297398	399540	100042	400000	1	0.01	459	32	0	[1361, 995, 1108, 1227, 507, 1180, 1296, 1321, 1308, 1215]	0.500756424665451	0.08694328367710114
32	x136	126	-0.016389615520259845	0.016389615520259845	-59.78357371896289	0.0	0.7141464181297398	399540	100042	400000	1	0.01	459	33	0	[1361, 995, 1108, 1227, 507, 1180, 1296, 1321, 1308, 1215]	0.500756424665451	0.08694328367710114
33	x454	358	-0.016315900586412028	0.016315900586412028	-59.46190675340158	0.0	0.7141464181297398	399540	100042	400000	1	0.01	459	34	0	[1361, 995, 1108, 1227, 507, 1180, 1296, 1321, 1308, 1215]	0.500756424665451	0.08694328367710114
34	x587	455	0.015926626264773636	0.015926626264773636	58.16216102516175	0.0	0.7141464181297398	399540	100042	400000	1	0.01	459	35	0	[1361, 995, 1108, 1227, 507, 1180, 1296, 1321, 1308, 1215]	0.500756424665451	0.08694328367710114
35	x417	325	-0.01477187278190443	0.01477187278190443	-53.918610402908655	0.0	0.7141464181297398	399540	100042	400000	1	0.01	459	36	0	[1361, 995, 1108, 1227, 507, 1180, 1296, 1321, 1308, 1215]	0.500756424665451	0.08694328367710114
36	x131	121	0.014695493422039517	0.014695493422039517	53.67767148828698	0.0	0.7141464181297398	399540	100042	400000	1	0.01	459	37	0	[1361, 995, 1108, 1227, 507, 1180, 1296, 1321, 1308, 1215]	0.500756424665451	0.08694328367710114
37	x386	306	0.014657383755312756	0.014657383755312756	53.44640128464741	0.0	0.7141464181297398	399540	100042	400000	1	0.01	459	38	0	[1361, 995, 1108, 1227, 507, 1180, 1296, 1321, 1308, 1215]	0.500756424665451	0.08694328367710114
38	x28	25	-0.014369004280983309	0.014369004280983309	-52.43333414335597	0.0	0.7141464181297398	399540	100042	400000	1	0.01	459	39	0	[1361, 995, 1108, 1227, 507, 1180, 1296, 1321, 1308, 1215]	0.500756424665451	0.08694328367710114
39	x19	16	0.013042715667026025	0.013042715667026025	47.577168299675044	0.0	0.7141464181297398	399540	100042	400000	1	0.01	459	40	0	[1361, 995, 1108, 1227, 507, 1180, 1296, 1321, 1308, 1215]	0.500756424665451	0.08694328367710114
40	x287	234	-0.013008784225761055	0.013008784225761055	-47.45342519637224	0.0	0.7141464181297398	399540	100042	400000	1	0.01	459	41	0	[1361, 995, 1108, 1227, 507, 1180, 1296, 1321, 1308, 1215]	0.500756424665451	0.08694328367710114
41	x162	148	0.012176527830147206	0.012176527830147206	44.4537509973511	0.0	0.7141464181297398	399540	100042	400000	1	0.01	459	42	0	[1361, 995, 1108, 1227, 507, 1180, 1296, 1321, 1308, 1215]	0.500756424665451	0.08694328367710114
42	x305	250	-0.011703628907897626	0.011703628907897626	-42.70140485294723	0.0	0.7141464181297398	399540	100042	400000	1	0.01	459	43	0	[1361, 995, 1108, 1227, 507, 1180, 1296, 1321, 1308, 1215]	0.500756424665451	0.08694328367710114
43	x83	75	-0.011294886994687782	0.011294886994687782	-41.15855014824615	0.0	0.7141464181297398	399540	100042	400000	1	0.01	459	44	0	[1361, 995, 1108, 1227, 507, 1180, 1296, 1321, 1308, 1215]	0.500756424665451	0.08694328367710114
44	x34	31	0.011215841495190044	0.011215841495190044	40.96261194488365	0.0	0.7141464181297398	399540	100042	400000	1	0.01	459	45	0	[1361, 995, 1108, 1227, 507, 1180, 1296, 1321, 1308, 1215]	0.500756424665451	0.08694328367710114
45	x145	134	-0.010832057114335129	0.010832057114335129	-39.525887130974475	0.0	0.7141464181297398	399540	100042	400000	1	0.01	459	46	0	[1361, 995, 1108, 1227, 507, 1180, 1296, 1321, 1308, 1215]	0.500756424665451	0.08694328367710114
46	x394	314	-0.01061552763465051	0.01061552763465051	-38.758447357389	0.0	0.7141464181297398	399540	100042	400000	1	0.01	459	47	0	[1361, 995, 1108, 1227, 507, 1180, 1296, 1321, 1308, 1215]	0.500756424665451	0.08694328367710114
47	x297	242	0.010280158477629454	0.010280158477629454	37.516418808889064	1.7158555465689863e-307	0.7141464181297398	399540	100042	400000	1	0.01	459	48	0	[1361, 995, 1108, 1227, 507, 1180, 1296, 1321, 1308, 1215]	0.500756424665451	0.08694328367710114
48	x572	440	-0.009553484578985673	0.009553484578985673	-34.847684142614575	1.1610070425044292e-265	0.7141464181297398	399540	100042	400000	1	0.01	459	49	0	[1361, 995, 1108, 1227, 507, 1180, 1296, 1321, 1308, 1215]	0.500756424665451	0.08694328367710114
49	x56	50	-0.00841364956054599	0.00841364956054599	-30.69949955317202	1.0079154833218023e-206	0.7141464181297398	399540	100042	400000	1	0.01	459	50	0	[1361, 995, 1108, 1227, 507, 1180, 1296, 1321, 1308, 1215]	0.500756424665451	0.08694328367710114
50	x4	3	-0.007019088709232019	0.007019088709232019	-25.623217208946574	1.101928394589002e-144	0.7141464181297398	399540	100042	400000	1	0.01	459	51	0	[1361, 995, 1108, 1227, 507, 1180, 1296, 1321, 1308, 1215]	0.500756424665451	0.08694328367710114
51	x433	340	0.006723907883661877	0.006723907883661877	24.524051344269147	1.0267942308759181e-132	0.7141464181297398	399540	100042	400000	1	0.01	459	52	0	[1361, 995, 1108, 1227, 507, 1180, 1296, 1321, 1308, 1215]	0.500756424665451	0.08694328367710114
52	x543	411	-0.0008407426193157034	0.0008407426193157034	-3.068096187615716	0.0021544167642197735	0.7141464181297398	399540	100042	400000	1	0.01	459	53	0	[1361, 995, 1108, 1227, 507, 1180, 1296, 1321, 1308, 1215]	0.500756424665451	0.08694328367710114
53	x68	62	-0.000750195537441012	0.000750195537441012	-2.732544512731049	0.0062849940527397955	0.7141464181297398	399540	100042	400000	1	0.01	459	54	0	[1361, 995, 1108, 1227, 507, 1180, 1296, 1321, 1308, 1215]	0.500756424665451	0.08694328367710114
54	x127	117	0.0007078355063085149	0.0007078355063085149	2.5814668627373374	0.009838496422619629	0.7141464181297398	399540	100042	400000	1	0.01	459	55	0	[1361, 995, 1108, 1227, 507, 1180, 1296, 1321, 1308, 1215]	0.500756424665451	0.08694328367710114
55	x220	195	-0.0006953311800291216	0.0006953311800291216	-2.5353586275409317	0.011233603869290834	0.7141464181297398	399540	100042	400000	1	0.01	459	56	0	[1361, 995, 1108, 1227, 507, 1180, 1296, 1321, 1308, 1215]	0.500756424665451	0.08694328367710114
56	x496	390	0.0006943257480824063	0.0006943257480824063	2.5305297383914698	0.011389423577750213	0.7141464181297398	399540	100042	400000	1	0.01	459	57	0	[1361, 995, 1108, 1227, 507, 1180, 1296, 1321, 1308, 1215]	0.500756424665451	0.08694328367710114
57	x104	94	0.0006777074958057132	0.0006777074958057132	2.475455064184584	0.01330706198374439	0.7141464181297398	399540	100042	400000	1	0.01	459	58	0	[1361, 995, 1108, 1227, 507, 1180, 1296, 1321, 1308, 1215]	0.500756424665451	0.08694328367710114
58	x77	69	-0.0006360869368617886	0.0006360869368617886	-2.3219984816162333	0.020233517434825054	0.7141464181297398	399540	100042	400000	1	0.01	459	59	0	[1361, 995, 1108, 1227, 507, 1180, 1296, 1321, 1308, 1215]	0.500756424665451	0.08694328367710114
59	x215	190	-0.0006345828698694309	0.0006345828698694309	-2.317589984290427	0.02047211766683447	0.7141464181297398	399540	100042	400000	1	0.01	459	60	0	[1361, 995, 1108, 1227, 507, 1180, 1296, 1321, 1308, 1215]	0.500756424665451	0.08694328367710114
60	x208	184	0.0006295159344771891	0.0006295159344771891	2.2978104326947593	0.021573094857001332	0.7141464181297398	399540	100042	400000	1	0.01	459	61	0	[1361, 995, 1108, 1227, 507, 1180, 1296, 1321, 1308, 1215]	0.500756424665451	0.08694328367710114
61	x37	34	-0.0006259661049775013	0.0006259661049775013	-2.286188901326897	0.022243730659880043	0.7141464181297398	399540	100042	400000	1	0.01	459	62	0	[1361, 995, 1108, 1227, 507, 1180, 1296, 1321, 1308, 1215]	0.500756424665451	0.08694328367710114
62	x427	334	-0.0006252219624964699	0.0006252219624964699	-2.279932348245037	0.02261222566142868	0.7141464181297398	399540	100042	400000	1	0.01	459	63	0	[1361, 995, 1108, 1227, 507, 1180, 1296, 1321, 1308, 1215]	0.500756424665451	0.08694328367710114
63	x116	106	-0.0006076718649397719	0.0006076718649397719	-2.2156484896533613	0.026716146712540013	0.7141464181297398	399540	100042	400000	1	0.01	459	64	0	[1361, 995, 1108, 1227, 507, 1180, 1296, 1321, 1308, 1215]	0.500756424665451	0.08694328367710114
64	x114	104	0.0006037055736802424	0.0006037055736802424	2.202739276513077	0.027613699099389735	0.7141464181297398	399540	100042	400000	1	0.01	459	65	0	[1361, 995, 1108, 1227, 507, 1180, 1296, 1321, 1308, 1215]	0.500756424665451	0.08694328367710114
65	x290	237	0.0005862063043017341	0.0005862063043017341	2.135759604133381	0.03269961943678249	0.7141464181297398	399540	100042	400000	1	0.01	459	66	0	[1361, 995, 1108, 1227, 507, 1180, 1296, 1321, 1308, 1215]	0.500756424665451	0.08694328367710114
66	x26	23	0.0005817987926893856	0.0005817987926893856	2.1260156491030098	0.03350256794133105	0.7141464181297398	399540	100042	400000	1	0.01	459	67	0	[1361, 995, 1108, 1227, 507, 1180, 1296, 1321, 1308, 1215]	0.500756424665451	0.08694328367710114
67	x580	448	0.00057429869260111	0.00057429869260111	2.094622676905165	0.03620517591221268	0.7141464181297398	399540	100042	400000	1	0.01	459	68	0	[1361, 995, 1108, 1227, 507, 1180, 1296, 1321, 1308, 1215]	0.500756424665451	0.08694328367710114
68	x118	108	0.0005714267522194124	0.0005714267522194124	2.0860177220580973	0.03697765048144469	0.7141464181297398	399540	100042	400000	1	0.01	459	69	0	[1361, 995, 1108, 1227, 507, 1180, 1296, 1321, 1308, 1215]	0.500756424665451	0.08694328367710114
69	x500	393	-0.000563337412948881	0.000563337412948881	-2.056623310729765	0.03972312202306957	0.7141464181297398	399540	100042	400000	1	0.01	459	70	0	[1361, 995, 1108, 1227, 507, 1180, 1296, 1321, 1308, 1215]	0.500756424665451	0.08694328367710114
70	x46	42	-0.0005636959449707574	0.0005636959449707574	-2.055624927677488	0.03981933150083384	0.7141464181297398	399540	100042	400000	1	0.01	459	71	0	[1361, 995, 1108, 1227, 507, 1180, 1296, 1321, 1308, 1215]	0.500756424665451	0.08694328367710114
71	x255	215	-0.000559767820917887	0.000559767820917887	-2.0423954944546536	0.041112971351888156	0.7141464181297398	399540	100042	400000	1	0.01	459	72	0	[1361, 995, 1108, 1227, 507, 1180, 1296, 1321, 1308, 1215]	0.500756424665451	0.08694328367710114
72	x178	164	-0.0005538759308564038	0.0005538759308564038	-2.022114859689243	0.04316515227307855	0.7141464181297398	399540	100042	400000	1	0.01	459	73	0	[1361, 995, 1108, 1227, 507, 1180, 1296, 1321, 1308, 1215]	0.500756424665451	0.08694328367710114
73	x548	416	-0.0005502747203282229	0.0005502747203282229	-2.0076658780046026	0.04467948093171272	0.7141464181297398	399540	100042	400000	1	0.01	459	74	0	[1361, 995, 1108, 1227, 507, 1180, 1296, 1321, 1308, 1215]	0.500756424665451	0.08694328367710114
74	x51	46	-0.0005432542941595773	0.0005432542941595773	-1.9813498637220366	0.04755273644310351	0.7141464181297398	399540	100042	400000	1	0.01	459	75	0	[1361, 995, 1108, 1227, 507, 1180, 1296, 1321, 1308, 1215]	0.500756424665451	0.08694328367710114
75	x310	255	-0.0005399913337100485	0.0005399913337100485	-1.9704761231815324	0.04878451814610223	0.7141464181297398	399540	100042	400000	1	0.01	459	76	0	[1361, 995, 1108, 1227, 507, 1180, 1296, 1321, 1308, 1215]	0.500756424665451	0.08694328367710114
76	x256	216	-0.0005359203654261757	0.0005359203654261757	-1.9552814896097095	0.05055055088243702	0.7141464181297398	399540	100042	400000	1	0.01	459	77	0	[1361, 995, 1108, 1227, 507, 1180, 1296, 1321, 1308, 1215]	0.500756424665451	0.08694328367710114
77	x47	43	0.0005359836940123055	0.0005359836940123055	1.9551411532914482	0.05056710820646743	0.7141464181297398	399540	100042	400000	1	0.01	459	78	0	[1361, 995, 1108, 1227, 507, 1180, 1296, 1321, 1308, 1215]	0.500756424665451	0.08694328367710114
78	x307	252	-0.0005333824336913131	0.0005333824336913131	-1.9456417214229078	0.05169849199207296	0.7141464181297398	399540	100042	400000	1	0.01	459	79	0	[1361, 995, 1108, 1227, 507, 1180, 1296, 1321, 1308, 1215]	0.500756424665451	0.08694328367710114
79	x82	74	-0.0005330734418961209	0.0005330734418961209	-1.9449553356135691	0.05178105477361422	0.7141464181297398	399540	100042	400000	1	0.01	459	80	0	[1361, 995, 1108, 1227, 507, 1180, 1296, 1321, 1308, 1215]	0.500756424665451	0.08694328367710114
80	x562	430	-0.0005310727248949858	0.0005310727248949858	-1.9359147571121762	0.052878846542178996	0.7141464181297398	399540	100042	400000	1	0.01	459	81	0	[1361, 995, 1108, 1227, 507, 1180, 1296, 1321, 1308, 1215]	0.500756424665451	0.08694328367710114
81	x413	322	-0.0005272314161791929	0.0005272314161791929	-1.924085897895325	0.05434452689284513	0.7141464181297398	399540	100042	400000	1	0.01	459	82	0	[1361, 995, 1108, 1227, 507, 1180, 1296, 1321, 1308, 1215]	0.500756424665451	0.08694328367710114
82	x42	39	-0.0005268074931483051	0.0005268074931483051	-1.9223032326009837	0.054568323698392984	0.7141464181297398	399540	100042	400000	1	0.01	459	83	0	[1361, 995, 1108, 1227, 507, 1180, 1296, 1321, 1308, 1215]	0.500756424665451	0.08694328367710114
83	x300	245	-0.0005243505061799713	0.0005243505061799713	-1.9148528069950366	0.05551199105052066	0.7141464181297398	399540	100042	400000	1	0.01	459	84	0	[1361, 995, 1108, 1227, 507, 1180, 1296, 1321, 1308, 1215]	0.500756424665451	0.08694328367710114
84	x140	130	0.0005222405423779654	0.0005222405423779654	1.9060984638611267	0.056638148792089	0.7141464181297398	399540	100042	400000	1	0.01	459	85	0	[1361, 995, 1108, 1227, 507, 1180, 1296, 1321, 1308, 1215]	0.500756424665451	0.08694328367710114
85	x360	292	-0.0005223956215583033	0.0005223956215583033	-1.9050062354019905	0.056779977823197166	0.7141464181297398	399540	100042	400000	1	0.01	459	86	0	[1361, 995, 1108, 1227, 507, 1180, 1296, 1321, 1308, 1215]	0.500756424665451	0.08694328367710114
86	x573	441	0.0005204409774397491	0.0005204409774397491	1.898970940460305	0.05756901652045307	0.7141464181297398	399540	100042	400000	1	0.01	459	87	0	[1361, 995, 1108, 1227, 507, 1180, 1296, 1321, 1308, 1215]	0.500756424665451	0.08694328367710114
87	x585	453	0.0005185917539529467	0.0005185917539529467	1.8941902028548099	0.05820048958083669	0.7141464181297398	399540	100042	400000	1	0.01	459	88	0	[1361, 995, 1108, 1227, 507, 1180, 1296, 1321, 1308, 1215]	0.500756424665451	0.08694328367710114
88	x564	432	-0.0005185307914750987	0.0005185307914750987	-1.89137905387845	0.05857448522931786	0.7141464181297398	399540	100042	400000	1	0.01	459	89	0	[1361, 995, 1108, 1227, 507, 1180, 1296, 1321, 1308, 1215]	0.500756424665451	0.08694328367710114
89	x485	380	0.0005153388686776969	0.0005153388686776969	1.880709634729604	0.06001215502884171	0.7141464181297398	399540	100042	400000	1	0.01	459	90	0	[1361, 995, 1108, 1227, 507, 1180, 1296, 1321, 1308, 1215]	0.500756424665451	0.08694328367710114
90	x563	431	0.0005057664155963064	0.0005057664155963064	1.8444155121632428	0.06512334813594774	0.7141464181297398	399540	100042	400000	1	0.01	459	91	0	[1361, 995, 1108, 1227, 507, 1180, 1296, 1321, 1308, 1215]	0.500756424665451	0.08694328367710114
91	x64	58	-0.0005038153325004863	0.0005038153325004863	-1.8381045472564579	0.06604774321019252	0.7141464181297398	399540	100042	400000	1	0.01	459	92	0	[1361, 995, 1108, 1227, 507, 1180, 1296, 1321, 1308, 1215]	0.500756424665451	0.08694328367710114
92	x521	401	0.0005021943433106802	0.0005021943433106802	1.833211791291159	0.06677182462077576	0.7141464181297398	399540	100042	400000	1	0.01	459	93	0	[1361, 995, 1108, 1227, 507, 1180, 1296, 1321, 1308, 1215]	0.500756424665451	0.08694328367710114
93	x212	187	0.0005004421031421966	0.0005004421031421966	1.8282308383059815	0.06751565984300308	0.7141464181297398	399540	100042	400000	1	0.01	459	94	0	[1361, 995, 1108, 1227, 507, 1180, 1296, 1321, 1308, 1215]	0.500756424665451	0.08694328367710114
94	x214	189	-0.0004948859946242027	0.0004948859946242027	-1.8050775228528668	0.07106330434854526	0.7141464181297398	399540	100042	400000	1	0.01	459	95	0	[1361, 995, 1108, 1227, 507, 1180, 1296, 1321, 1308, 1215]	0.500756424665451	0.08694328367710114
95	x554	422	0.0004934005003367059	0.0004934005003367059	1.7993097629512704	0.07197044885634372	0.7141464181297398	399540	100042	400000	1	0.01	459	96	0	[1361, 995, 1108, 1227, 507, 1180, 1296, 1321, 1308, 1215]	0.500756424665451	0.08694328367710114
96	x171	157	0.0004887075907214917	0.0004887075907214917	1.784757613484619	0.0743013997894716	0.7141464181297398	399540	100042	400000	1	0.01	459	97	0	[1361, 995, 1108, 1227, 507, 1180, 1296, 1321, 1308, 1215]	0.500756424665451	0.08694328367710114
97	x317	259	-0.0004891053658822646	0.0004891053658822646	-1.784013661663048	0.0744222039414917	0.7141464181297398	399540	100042	400000	1	0.01	459	98	0	[1361, 995, 1108, 1227, 507, 1180, 1296, 1321, 1308, 1215]	0.500756424665451	0.08694328367710114
98	x279	227	0.0004874813678885129	0.0004874813678885129	1.778284553674406	0.07535789220767221	0.7141464181297398	399540	100042	400000	1	0.01	459	99	0	[1361, 995, 1108, 1227, 507, 1180, 1296, 1321, 1308, 1215]	0.500756424665451	0.08694328367710114
99	x151	139	-0.00048529685424881315	0.00048529685424881315	-1.7707596695826058	0.0766014374920719	0.7141464181297398	399540	100042	400000	1	0.01	459	100	0	[1361, 995, 1108, 1227, 507, 1180, 1296, 1321, 1308, 1215]	0.500756424665451	0.08694328367710114
100	x147	136	0.00047808894120537334	0.00047808894120537334	1.7466582483408832	0.0806974051987617	0.7141464181297398	399540	100042	400000	1	0.01	459	101	0	[1361, 995, 1108, 1227, 507, 1180, 1296, 1321, 1308, 1215]	0.500756424665451	0.08694328367710114
101	x322	264	-0.0004697159679724485	0.0004697159679724485	-1.7136562358694698	0.08659265459852551	0.7141464181297398	399540	100042	400000	1	0.01	459	102	0	[1361, 995, 1108, 1227, 507, 1180, 1296, 1321, 1308, 1215]	0.500756424665451	0.08694328367710114
102	x432	339	-0.0004657541423523715	0.0004657541423523715	-1.6995647949570993	0.0892135954785517	0.7141464181297398	399540	100042	400000	1	0.01	459	103	0	[1361, 995, 1108, 1227, 507, 1180, 1296, 1321, 1308, 1215]	0.500756424665451	0.08694328367710114
103	x393	313	-0.00046551868125977374	0.00046551868125977374	-1.6979244480417164	0.08952280101431442	0.7141464181297398	399540	100042	400000	1	0.01	459	104	0	[1361, 995, 1108, 1227, 507, 1180, 1296, 1321, 1308, 1215]	0.500756424665451	0.08694328367710114
104	x281	229	-0.0004576187889895979	0.0004576187889895979	-1.6687065474540486	0.09517633445550189	0.7141464181297398	399540	100042	400000	1	0.01	459	105	0	[1361, 995, 1108, 1227, 507, 1180, 1296, 1321, 1308, 1215]	0.500756424665451	0.08694328367710114
105	x288	235	-0.0004542946437155794	0.0004542946437155794	-1.658387808410746	0.09724000074202026	0.7141464181297398	399540	100042	400000	1	0.01	459	106	0	[1361, 995, 1108, 1227, 507, 1180, 1296, 1321, 1308, 1215]	0.500756424665451	0.08694328367710114
106	x540	408	0.00045357556734981693	0.00045357556734981693	1.6561894234269707	0.09768424971255113	0.7141464181297398	399540	100042	400000	1	0.01	459	107	0	[1361, 995, 1108, 1227, 507, 1180, 1296, 1321, 1308, 1215]	0.500756424665451	0.08694328367710114
107	x271	220	-0.0004520108453559247	0.0004520108453559247	-1.6503007304912087	0.09888222898554858	0.7141464181297398	399540	100042	400000	1	0.01	459	108	0	[1361, 995, 1108, 1227, 507, 1180, 1296, 1321, 1308, 1215]	0.500756424665451	0.08694328367710114
108	x411	320	-0.0004504905724465279	0.0004504905724465279	-1.644367574640897	0.10010108545287712	0.7141464181297398	399540	100042	400000	1	0.01	459	109	0	[1361, 995, 1108, 1227, 507, 1180, 1296, 1321, 1308, 1215]	0.500756424665451	0.08694328367710114
109	x2	1	0.0004493415407855876	0.0004493415407855876	1.6404469010380076	0.10091306753550411	0.7141464181297398	399540	100042	400000	1	0.01	459	110	0	[1361, 995, 1108, 1227, 507, 1180, 1296, 1321, 1308, 1215]	0.500756424665451	0.08694328367710114
110	x342	277	-0.00044845232734693293	0.00044845232734693293	-1.6368716094596534	0.10165808674695463	0.7141464181297398	399540	100042	400000	1	0.01	459	111	0	[1361, 995, 1108, 1227, 507, 1180, 1296, 1321, 1308, 1215]	0.500756424665451	0.08694328367710114
111	x144	133	-0.00044738461844874035	0.00044738461844874035	-1.6328662765056265	0.10249791215718057	0.7141464181297398	399540	100042	400000	1	0.01	459	112	0	[1361, 995, 1108, 1227, 507, 1180, 1296, 1321, 1308, 1215]	0.500756424665451	0.08694328367710114
112	x418	326	-0.00044561193830428686	0.00044561193830428686	-1.6265665673256577	0.10382997335128476	0.7141464181297398	399540	100042	400000	1	0.01	459	113	0	[1361, 995, 1108, 1227, 507, 1180, 1296, 1321, 1308, 1215]	0.500756424665451	0.08694328367710114
113	x392	312	-0.0004421774301496252	0.0004421774301496252	-1.612827597887773	0.10678275829182264	0.7141464181297398	399540	100042	400000	1	0.01	459	114	0	[1361, 995, 1108, 1227, 507, 1180, 1296, 1321, 1308, 1215]	0.500756424665451	0.08694328367710114
114	x48	44	-0.0004406185978334528	0.0004406185978334528	-1.6090318865836861	0.10761015951507392	0.7141464181297398	399540	100042	400000	1	0.01	459	115	0	[1361, 995, 1108, 1227, 507, 1180, 1296, 1321, 1308, 1215]	0.500756424665451	0.08694328367710114
115	x356	289	0.0004407191646609647	0.0004407191646609647	1.6080048157411724	0.10783491421542982	0.7141464181297398	399540	100042	400000	1	0.01	459	116	0	[1361, 995, 1108, 1227, 507, 1180, 1296, 1321, 1308, 1215]	0.500756424665451	0.08694328367710114
116	x22	19	0.0004330100438963913	0.0004330100438963913	1.5802245678765672	0.11405623900159685	0.7141464181297398	399540	100042	400000	1	0.01	459	117	0	[1361, 995, 1108, 1227, 507, 1180, 1296, 1321, 1308, 1215]	0.500756424665451	0.08694328367710114
117	x67	61	0.0004316926040519982	0.0004316926040519982	1.5769195751274858	0.11481482345366543	0.7141464181297398	399540	100042	400000	1	0.01	459	118	0	[1361, 995, 1108, 1227, 507, 1180, 1296, 1321, 1308, 1215]	0.500756424665451	0.08694328367710114
118	x519	399	0.00043092763473435986	0.00043092763473435986	1.5744419158120904	0.11538611165551332	0.7141464181297398	399540	100042	400000	1	0.01	459	119	0	[1361, 995, 1108, 1227, 507, 1180, 1296, 1321, 1308, 1215]	0.500756424665451	0.08694328367710114
119	x52	47	0.00043167003475490316	0.00043167003475490316	1.574135694776389	0.11545687374005079	0.7141464181297398	399540	100042	400000	1	0.01	459	120	0	[1361, 995, 1108, 1227, 507, 1180, 1296, 1321, 1308, 1215]	0.500756424665451	0.08694328367710114
120	x45	41	0.0004300208399138933	0.0004300208399138933	1.5693451989260137	0.11656831773075582	0.7141464181297398	399540	100042	400000	1	0.01	459	121	0	[1361, 995, 1108, 1227, 507, 1180, 1296, 1321, 1308, 1215]	0.500756424665451	0.08694328367710114
121	x100	90	-0.00042822439417927353	0.00042822439417927353	-1.5632235003604062	0.11800082644956505	0.7141464181297398	399540	100042	400000	1	0.01	459	122	0	[1361, 995, 1108, 1227, 507, 1180, 1296, 1321, 1308, 1215]	0.500756424665451	0.08694328367710114
122	x355	288	-0.000427595460020715	0.000427595460020715	-1.5604745331500078	0.11864857561444467	0.7141464181297398	399540	100042	400000	1	0.01	459	123	0	[1361, 995, 1108, 1227, 507, 1180, 1296, 1321, 1308, 1215]	0.500756424665451	0.08694328367710114
123	x476	373	-0.0004276206083268337	0.0004276206083268337	-1.559607024077589	0.1188535676405834	0.7141464181297398	399540	100042	400000	1	0.01	459	124	0	[1361, 995, 1108, 1227, 507, 1180, 1296, 1321, 1308, 1215]	0.500756424665451	0.08694328367710114
124	x575	443	0.00042494852672598376	0.00042494852672598376	1.5503491517337888	0.1210585280295529	0.7141464181297398	399540	100042	400000	1	0.01	459	125	0	[1361, 995, 1108, 1227, 507, 1180, 1296, 1321, 1308, 1215]	0.500756424665451	0.08694328367710114
125	x117	107	0.00042401563410283033	0.00042401563410283033	1.5469519262048999	0.12187563041225878	0.7141464181297398	399540	100042	400000	1	0.01	459	126	0	[1361, 995, 1108, 1227, 507, 1180, 1296, 1321, 1308, 1215]	0.500756424665451	0.08694328367710114
126	x492	387	-0.00042019395553384234	0.00042019395553384234	-1.5345649794897525	0.12489151230660027	0.7141464181297398	399540	100042	400000	1	0.01	459	127	0	[1361, 995, 1108, 1227, 507, 1180, 1296, 1321, 1308, 1215]	0.500756424665451	0.08694328367710114
127	x269	218	0.00041935155261345705	0.00041935155261345705	1.5298346848288709	0.12605844552030224	0.7141464181297398	399540	100042	400000	1	0.01	459	128	0	[1361, 995, 1108, 1227, 507, 1180, 1296, 1321, 1308, 1215]	0.500756424665451	0.08694328367710114
128	x472	369	-0.0004164917875219982	0.0004164917875219982	-1.5174072281356694	0.1291646913134726	0.7141464181297398	399540	100042	400000	1	0.01	459	129	0	[1361, 995, 1108, 1227, 507, 1180, 1296, 1321, 1308, 1215]	0.500756424665451	0.08694328367710114
129	x384	304	0.0004156984555628725	0.0004156984555628725	1.5158501422212693	0.12955804086096995	0.7141464181297398	399540	100042	400000	1	0.01	459	130	0	[1361, 995, 1108, 1227, 507, 1180, 1296, 1321, 1308, 1215]	0.500756424665451	0.08694328367710114
130	x54	48	0.00041463567092345807	0.00041463567092345807	1.5128782941348349	0.13031136734788112	0.7141464181297398	399540	100042	400000	1	0.01	459	131	0	[1361, 995, 1108, 1227, 507, 1180, 1296, 1321, 1308, 1215]	0.500756424665451	0.08694328367710114
131	x27	24	0.0004149041351260623	0.0004149041351260623	1.5120858781010535	0.13051280783443106	0.7141464181297398	399540	100042	400000	1	0.01	459	132	0	[1361, 995, 1108, 1227, 507, 1180, 1296, 1321, 1308, 1215]	0.500756424665451	0.08694328367710114
132	x189	172	0.00041090236164062596	0.00041090236164062596	1.499328901665652	0.13378911824455025	0.7141464181297398	399540	100042	400000	1	0.01	459	133	0	[1361, 995, 1108, 1227, 507, 1180, 1296, 1321, 1308, 1215]	0.500756424665451	0.08694328367710114
133	x97	88	0.0004109724114970979	0.0004109724114970979	1.4990797568993264	0.13385373254018845	0.7141464181297398	399540	100042	400000	1	0.01	459	134	0	[1361, 995, 1108, 1227, 507, 1180, 1296, 1321, 1308, 1215]	0.500756424665451	0.08694328367710114
134	x160	146	-0.0004050849884406013	0.0004050849884406013	-1.4784472010922085	0.13928890774501926	0.7141464181297398	399540	100042	400000	1	0.01	459	135	0	[1361, 995, 1108, 1227, 507, 1180, 1296, 1321, 1308, 1215]	0.500756424665451	0.08694328367710114
135	x156	144	-0.0004023664654176301	0.0004023664654176301	-1.4681690388430448	0.14205909930341828	0.7141464181297398	399540	100042	400000	1	0.01	459	136	0	[1361, 995, 1108, 1227, 507, 1180, 1296, 1321, 1308, 1215]	0.500756424665451	0.08694328367710114
136	x495	389	-0.0003982204960765717	0.0003982204960765717	-1.4488327256841986	0.14738508700618286	0.7141464181297398	399540	100042	400000	1	0.01	459	137	0	[1361, 995, 1108, 1227, 507, 1180, 1296, 1321, 1308, 1215]	0.500756424665451	0.08694328367710114
137	x40	37	-0.00039480478525892864	0.00039480478525892864	-1.4417666319630609	0.14936900293795857	0.7141464181297398	399540	100042	400000	1	0.01	459	138	0	[1361, 995, 1108, 1227, 507, 1180, 1296, 1321, 1308, 1215]	0.500756424665451	0.08694328367710114
138	x188	171	-0.000393919074167709	0.000393919074167709	-1.4357222509109968	0.15108217394950113	0.7141464181297398	399540	100042	400000	1	0.01	459	139	0	[1361, 995, 1108, 1227, 507, 1180, 1296, 1321, 1308, 1215]	0.500756424665451	0.08694328367710114
139	x455	359	-0.00039087250145914256	0.00039087250145914256	-1.4257419415157442	0.15394362642052048	0.7141464181297398	399540	100042	400000	1	0.01	459	140	0	[1361, 995, 1108, 1227, 507, 1180, 1296, 1321, 1308, 1215]	0.500756424665451	0.08694328367710114
140	x363	295	0.0003894209622701227	0.0003894209622701227	1.4219051997947463	0.15505455408759508	0.7141464181297398	399540	100042	400000	1	0.01	459	141	0	[1361, 995, 1108, 1227, 507, 1180, 1296, 1321, 1308, 1215]	0.500756424665451	0.08694328367710114
141	x581	449	0.0003895070342331643	0.0003895070342331643	1.4208779330368908	0.15535302963780642	0.7141464181297398	399540	100042	400000	1	0.01	459	142	0	[1361, 995, 1108, 1227, 507, 1180, 1296, 1321, 1308, 1215]	0.500756424665451	0.08694328367710114
142	x11	9	0.00038697385124277807	0.00038697385124277807	1.4116693887407818	0.15804810945956835	0.7141464181297398	399540	100042	400000	1	0.01	459	143	0	[1361, 995, 1108, 1227, 507, 1180, 1296, 1321, 1308, 1215]	0.500756424665451	0.08694328367710114
143	x458	362	-0.00038660353616880956	0.00038660353616880956	-1.4106035473566514	0.15836232361913868	0.7141464181297398	399540	100042	400000	1	0.01	459	144	0	[1361, 995, 1108, 1227, 507, 1180, 1296, 1321, 1308, 1215]	0.500756424665451	0.08694328367710114
144	x334	269	-0.0003847041843716347	0.0003847041843716347	-1.4036579773564974	0.16042149883474838	0.7141464181297398	399540	100042	400000	1	0.01	459	145	0	[1361, 995, 1108, 1227, 507, 1180, 1296, 1321, 1308, 1215]	0.500756424665451	0.08694328367710114
145	x478	375	-0.0003839449721905354	0.0003839449721905354	-1.4004901453730383	0.1613673689518051	0.7141464181297398	399540	100042	400000	1	0.01	459	146	0	[1361, 995, 1108, 1227, 507, 1180, 1296, 1321, 1308, 1215]	0.500756424665451	0.08694328367710114
146	x59	53	0.0003788340000083825	0.0003788340000083825	1.382700243365534	0.1667575700576722	0.7141464181297398	399540	100042	400000	1	0.01	459	147	0	[1361, 995, 1108, 1227, 507, 1180, 1296, 1321, 1308, 1215]	0.500756424665451	0.08694328367710114
147	x460	363	0.00037860515771993	0.00037860515771993	1.3817231282330864	0.16705750268283012	0.7141464181297398	399540	100042	400000	1	0.01	459	148	0	[1361, 995, 1108, 1227, 507, 1180, 1296, 1321, 1308, 1215]	0.500756424665451	0.08694328367710114
148	x453	357	-0.0003785606298631224	0.0003785606298631224	-1.3813467215673634	0.16717315155774065	0.7141464181297398	399540	100042	400000	1	0.01	459	149	0	[1361, 995, 1108, 1227, 507, 1180, 1296, 1321, 1308, 1215]	0.500756424665451	0.08694328367710114
149	x449	356	-0.00037582269168739485	0.00037582269168739485	-1.3723339375447878	0.16996027572359174	0.7141464181297398	399540	100042	400000	1	0.01	459	150	0	[1361, 995, 1108, 1227, 507, 1180, 1296, 1321, 1308, 1215]	0.500756424665451	0.08694328367710114
150	x436	343	-0.0003747219077640365	0.0003747219077640365	-1.3670230229826763	0.17161885833706472	0.7141464181297398	399540	100042	400000	1	0.01	459	151	0	[1361, 995, 1108, 1227, 507, 1180, 1296, 1321, 1308, 1215]	0.500756424665451	0.08694328367710114
151	x71	64	-0.0003701730958594144	0.0003701730958594144	-1.3506083608127961	0.1768216860770465	0.7141464181297398	399540	100042	400000	1	0.01	459	152	0	[1361, 995, 1108, 1227, 507, 1180, 1296, 1321, 1308, 1215]	0.500756424665451	0.08694328367710114
152	x72	65	-0.00036560164009782236	0.00036560164009782236	-1.3338484023973913	0.18225430475652882	0.7141464181297398	399540	100042	400000	1	0.01	459	153	0	[1361, 995, 1108, 1227, 507, 1180, 1296, 1321, 1308, 1215]	0.500756424665451	0.08694328367710114
153	x152	140	0.00036434624503445023	0.00036434624503445023	1.329210992956764	0.1837791283007015	0.7141464181297398	399540	100042	400000	1	0.01	459	154	0	[1361, 995, 1108, 1227, 507, 1180, 1296, 1321, 1308, 1215]	0.500756424665451	0.08694328367710114
154	x445	352	0.0003641511478581937	0.0003641511478581937	1.3276259975387537	0.18430245021418123	0.7141464181297398	399540	100042	400000	1	0.01	459	155	0	[1361, 995, 1108, 1227, 507, 1180, 1296, 1321, 1308, 1215]	0.500756424665451	0.08694328367710114
155	x16	13	0.0003634934241516695	0.0003634934241516695	1.3256138389676362	0.18496839783664437	0.7141464181297398	399540	100042	400000	1	0.01	459	156	0	[1361, 995, 1108, 1227, 507, 1180, 1296, 1321, 1308, 1215]	0.500756424665451	0.08694328367710114
156	x61	55	-0.0003609078408478847	0.0003609078408478847	-1.3173562175911404	0.18772000482939516	0.7141464181297398	399540	100042	400000	1	0.01	459	157	0	[1361, 995, 1108, 1227, 507, 1180, 1296, 1321, 1308, 1215]	0.500756424665451	0.08694328367710114
157	x318	260	-0.0003600189213031931	0.0003600189213031931	-1.3144457261112055	0.18869700570136225	0.7141464181297398	399540	100042	400000	1	0.01	459	158	0	[1361, 995, 1108, 1227, 507, 1180, 1296, 1321, 1308, 1215]	0.500756424665451	0.08694328367710114
158	x442	349	0.0003515126327398013	0.0003515126327398013	1.2826547035393538	0.19961381999950506	0.7141464181297398	399540	100042	400000	1	0.01	459	159	0	[1361, 995, 1108, 1227, 507, 1180, 1296, 1321, 1308, 1215]	0.500756424665451	0.08694328367710114
159	x383	303	-0.00034956520262541577	0.00034956520262541577	-1.2754726219513055	0.20214275014293864	0.7141464181297398	399540	100042	400000	1	0.01	459	160	0	[1361, 995, 1108, 1227, 507, 1180, 1296, 1321, 1308, 1215]	0.500756424665451	0.08694328367710114
160	x579	447	0.0003486145305984158	0.0003486145305984158	1.2725011268903057	0.2031958644738624	0.7141464181297398	399540	100042	400000	1	0.01	459	161	0	[1361, 995, 1108, 1227, 507, 1180, 1296, 1321, 1308, 1215]	0.500756424665451	0.08694328367710114
161	x280	228	-0.0003470340884446177	0.0003470340884446177	-1.2654752994964256	0.20570173534800731	0.7141464181297398	399540	100042	400000	1	0.01	459	162	0	[1361, 995, 1108, 1227, 507, 1180, 1296, 1321, 1308, 1215]	0.500756424665451	0.08694328367710114
162	x526	405	0.0003463244133018133	0.0003463244133018133	1.2645409006719317	0.20603668768718642	0.7141464181297398	399540	100042	400000	1	0.01	459	163	0	[1361, 995, 1108, 1227, 507, 1180, 1296, 1321, 1308, 1215]	0.500756424665451	0.08694328367710114
163	x412	321	0.0003446618073785243	0.0003446618073785243	1.2570063383553778	0.20875207524953704	0.7141464181297398	399540	100042	400000	1	0.01	459	164	0	[1361, 995, 1108, 1227, 507, 1180, 1296, 1321, 1308, 1215]	0.500756424665451	0.08694328367710114
164	x567	435	0.00034414301284801463	0.00034414301284801463	1.253881202758754	0.20988592191522445	0.7141464181297398	399540	100042	400000	1	0.01	459	165	0	[1361, 995, 1108, 1227, 507, 1180, 1296, 1321, 1308, 1215]	0.500756424665451	0.08694328367710114
165	x407	316	0.0003419520619025422	0.0003419520619025422	1.2480252450366192	0.21202254369807214	0.7141464181297398	399540	100042	400000	1	0.01	459	166	0	[1361, 995, 1108, 1227, 507, 1180, 1296, 1321, 1308, 1215]	0.500756424665451	0.08694328367710114
166	x247	207	0.0003404150358221176	0.0003404150358221176	1.2412194802171312	0.21452540913952284	0.7141464181297398	399540	100042	400000	1	0.01	459	167	0	[1361, 995, 1108, 1227, 507, 1180, 1296, 1321, 1308, 1215]	0.500756424665451	0.08694328367710114
167	x123	113	-0.00033942116878668847	0.00033942116878668847	-1.2376793103086374	0.21583572100862883	0.7141464181297398	399540	100042	400000	1	0.01	459	168	0	[1361, 995, 1108, 1227, 507, 1180, 1296, 1321, 1308, 1215]	0.500756424665451	0.08694328367710114
168	x501	394	-0.00033823667378414665	0.00033823667378414665	-1.23493304561235	0.21685614982789736	0.7141464181297398	399540	100042	400000	1	0.01	459	169	0	[1361, 995, 1108, 1227, 507, 1180, 1296, 1321, 1308, 1215]	0.500756424665451	0.08694328367710114
169	x347	281	-0.0003381528247781668	0.0003381528247781668	-1.2329681803114227	0.2175883614446418	0.7141464181297398	399540	100042	400000	1	0.01	459	170	0	[1361, 995, 1108, 1227, 507, 1180, 1296, 1321, 1308, 1215]	0.500756424665451	0.08694328367710114
170	x477	374	0.00033600451646835245	0.00033600451646835245	1.2256064436924647	0.22034753424416134	0.7141464181297398	399540	100042	400000	1	0.01	459	171	0	[1361, 995, 1108, 1227, 507, 1180, 1296, 1321, 1308, 1215]	0.500756424665451	0.08694328367710114
171	x361	293	0.00033343238270881325	0.00033343238270881325	1.2157083368904689	0.22409676550155772	0.7141464181297398	399540	100042	400000	1	0.01	459	172	0	[1361, 995, 1108, 1227, 507, 1180, 1296, 1321, 1308, 1215]	0.500756424665451	0.08694328367710114
172	x524	403	-0.00033027997967850504	0.00033027997967850504	-1.2064769577062708	0.22763435283580707	0.7141464181297398	399540	100042	400000	1	0.01	459	173	0	[1361, 995, 1108, 1227, 507, 1180, 1296, 1321, 1308, 1215]	0.500756424665451	0.08694328367710114
173	x568	436	-0.0003272913813291163	0.0003272913813291163	-1.1943607135400411	0.23233760664974581	0.7141464181297398	399540	100042	400000	1	0.01	459	174	0	[1361, 995, 1108, 1227, 507, 1180, 1296, 1321, 1308, 1215]	0.500756424665451	0.08694328367710114
174	x487	382	-0.0003271986715089995	0.0003271986715089995	-1.1938835081130017	0.23252424835579397	0.7141464181297398	399540	100042	400000	1	0.01	459	175	0	[1361, 995, 1108, 1227, 507, 1180, 1296, 1321, 1308, 1215]	0.500756424665451	0.08694328367710114
175	x225	199	0.0003248826808725068	0.0003248826808725068	1.1867716353156037	0.23531841563985118	0.7141464181297398	399540	100042	400000	1	0.01	459	176	0	[1361, 995, 1108, 1227, 507, 1180, 1296, 1321, 1308, 1215]	0.500756424665451	0.08694328367710114
176	x461	364	0.0003247010986855342	0.0003247010986855342	1.183942251401652	0.23643662775249752	0.7141464181297398	399540	100042	400000	1	0.01	459	177	0	[1361, 995, 1108, 1227, 507, 1180, 1296, 1321, 1308, 1215]	0.500756424665451	0.08694328367710114
177	x275	224	0.00031804784060071595	0.00031804784060071595	1.1618866468963742	0.24528220589385735	0.7141464181297398	399540	100042	400000	1	0.01	459	178	0	[1361, 995, 1108, 1227, 507, 1180, 1296, 1321, 1308, 1215]	0.500756424665451	0.08694328367710114
178	x569	437	0.0003174266159504941	0.0003174266159504941	1.1591103492163402	0.24641190065218568	0.7141464181297398	399540	100042	400000	1	0.01	459	179	0	[1361, 995, 1108, 1227, 507, 1180, 1296, 1321, 1308, 1215]	0.500756424665451	0.08694328367710114
179	x166	152	0.00031674641185787145	0.00031674641185787145	1.155950258494631	0.247702194709799	0.7141464181297398	399540	100042	400000	1	0.01	459	180	0	[1361, 995, 1108, 1227, 507, 1180, 1296, 1321, 1308, 1215]	0.500756424665451	0.08694328367710114
180	x108	98	0.00031643655082351784	0.00031643655082351784	1.1534477622670005	0.24872733695103216	0.7141464181297398	399540	100042	400000	1	0.01	459	181	0	[1361, 995, 1108, 1227, 507, 1180, 1296, 1321, 1308, 1215]	0.500756424665451	0.08694328367710114
181	x143	132	-0.00031590564217697886	0.00031590564217697886	-1.15308000869806	0.2488782361014082	0.7141464181297398	399540	100042	400000	1	0.01	459	182	0	[1361, 995, 1108, 1227, 507, 1180, 1296, 1321, 1308, 1215]	0.500756424665451	0.08694328367710114
182	x73	66	-0.00031551650903007607	0.00031551650903007607	-1.1507883857926433	0.2498199927202857	0.7141464181297398	399540	100042	400000	1	0.01	459	183	0	[1361, 995, 1108, 1227, 507, 1180, 1296, 1321, 1308, 1215]	0.500756424665451	0.08694328367710114
183	x251	211	0.00031056331265265623	0.00031056331265265623	1.132520363230075	0.25741640788235975	0.7141464181297398	399540	100042	400000	1	0.01	459	184	0	[1361, 995, 1108, 1227, 507, 1180, 1296, 1321, 1308, 1215]	0.500756424665451	0.08694328367710114
184	x308	253	-0.0003097444881479423	0.0003097444881479423	-1.1304756635803077	0.25827652606707363	0.7141464181297398	399540	100042	400000	1	0.01	459	185	0	[1361, 995, 1108, 1227, 507, 1180, 1296, 1321, 1308, 1215]	0.500756424665451	0.08694328367710114
185	x357	290	-0.0003060116401295505	0.0003060116401295505	-1.1171666145258525	0.2639237641324975	0.7141464181297398	399540	100042	400000	1	0.01	459	186	0	[1361, 995, 1108, 1227, 507, 1180, 1296, 1321, 1308, 1215]	0.500756424665451	0.08694328367710114
186	x245	205	0.0003030408875253851	0.0003030408875253851	1.1039321039939107	0.26962325611623233	0.7141464181297398	399540	100042	400000	1	0.01	459	187	0	[1361, 995, 1108, 1227, 507, 1180, 1296, 1321, 1308, 1215]	0.500756424665451	0.08694328367710114
187	x590	458	-0.0002999517226563797	0.0002999517226563797	-1.0955549073639494	0.27327426477441985	0.7141464181297398	399540	100042	400000	1	0.01	459	188	0	[1361, 995, 1108, 1227, 507, 1180, 1296, 1321, 1308, 1215]	0.500756424665451	0.08694328367710114
188	x176	162	0.0002985895562474925	0.0002985895562474925	1.0890783339785226	0.2761200001919555	0.7141464181297398	399540	100042	400000	1	0.01	459	189	0	[1361, 995, 1108, 1227, 507, 1180, 1296, 1321, 1308, 1215]	0.500756424665451	0.08694328367710114
189	x199	176	-0.0002968027494949857	0.0002968027494949857	-1.0840364988705433	0.27834927029216056	0.7141464181297398	399540	100042	400000	1	0.01	459	190	0	[1361, 995, 1108, 1227, 507, 1180, 1296, 1321, 1308, 1215]	0.500756424665451	0.08694328367710114
190	x105	95	-0.0002966840882473159	0.0002966840882473159	-1.0821758568770359	0.27917504733100346	0.7141464181297398	399540	100042	400000	1	0.01	459	191	0	[1361, 995, 1108, 1227, 507, 1180, 1296, 1321, 1308, 1215]	0.500756424665451	0.08694328367710114
191	x439	346	0.0002931688962084846	0.0002931688962084846	1.0706127994015908	0.2843442126904529	0.7141464181297398	399540	100042	400000	1	0.01	459	192	0	[1361, 995, 1108, 1227, 507, 1180, 1296, 1321, 1308, 1215]	0.500756424665451	0.08694328367710114
192	x228	201	0.0002912059792093279	0.0002912059792093279	1.0629495646312757	0.28780546647463895	0.7141464181297398	399540	100042	400000	1	0.01	459	193	0	[1361, 995, 1108, 1227, 507, 1180, 1296, 1321, 1308, 1215]	0.500756424665451	0.08694328367710114
193	x346	280	0.00029037799516772874	0.00029037799516772874	1.0594504659492137	0.2893953172342139	0.7141464181297398	399540	100042	400000	1	0.01	459	194	0	[1361, 995, 1108, 1227, 507, 1180, 1296, 1321, 1308, 1215]	0.500756424665451	0.08694328367710114
194	x306	251	-0.0002898389083409866	0.0002898389083409866	-1.0570947561266042	0.2904689833471508	0.7141464181297398	399540	100042	400000	1	0.01	459	195	0	[1361, 995, 1108, 1227, 507, 1180, 1296, 1321, 1308, 1215]	0.500756424665451	0.08694328367710114
195	x498	392	-0.0002883541415182204	0.0002883541415182204	-1.0517330939079217	0.2929226591243771	0.7141464181297398	399540	100042	400000	1	0.01	459	196	0	[1361, 995, 1108, 1227, 507, 1180, 1296, 1321, 1308, 1215]	0.500756424665451	0.08694328367710114
196	x133	123	-0.00028752494270437744	0.00028752494270437744	-1.0497219151819026	0.2938466198221347	0.7141464181297398	399540	100042	400000	1	0.01	459	197	0	[1361, 995, 1108, 1227, 507, 1180, 1296, 1321, 1308, 1215]	0.500756424665451	0.08694328367710114
197	x213	188	0.00028681543279962215	0.00028681543279962215	1.0461585864159064	0.29548845269613727	0.7141464181297398	399540	100042	400000	1	0.01	459	198	0	[1361, 995, 1108, 1227, 507, 1180, 1296, 1321, 1308, 1215]	0.500756424665451	0.08694328367710114
198	x24	21	-0.0002862677907837042	0.0002862677907837042	-1.044712067549081	0.29615669782486076	0.7141464181297398	399540	100042	400000	1	0.01	459	199	0	[1361, 995, 1108, 1227, 507, 1180, 1296, 1321, 1308, 1215]	0.500756424665451	0.08694328367710114
199	x270	219	-0.0002846817769780931	0.0002846817769780931	-1.038846729419957	0.2988766532644453	0.7141464181297398	399540	100042	400000	1	0.01	459	200	0	[1361, 995, 1108, 1227, 507, 1180, 1296, 1321, 1308, 1215]	0.500756424665451	0.08694328367710114
200	x486	381	0.0002836623759925511	0.0002836623759925511	1.0354923790888084	0.3004396503746493	0.7141464181297398	399540	100042	400000	1	0.01	459	201	0	[1361, 995, 1108, 1227, 507, 1180, 1296, 1321, 1308, 1215]	0.500756424665451	0.08694328367710114
201	x497	391	-0.0002833707388716548	0.0002833707388716548	-1.0343123596731254	0.30099078665835116	0.7141464181297398	399540	100042	400000	1	0.01	459	202	0	[1361, 995, 1108, 1227, 507, 1180, 1296, 1321, 1308, 1215]	0.500756424665451	0.08694328367710114
202	x139	129	-0.00028230285993537086	0.00028230285993537086	-1.0300600851905288	0.3029824243504545	0.7141464181297398	399540	100042	400000	1	0.01	459	203	0	[1361, 995, 1108, 1227, 507, 1180, 1296, 1321, 1308, 1215]	0.500756424665451	0.08694328367710114
203	x29	26	0.0002811587988753235	0.0002811587988753235	1.0254859381518469	0.30513457793267323	0.7141464181297398	399540	100042	400000	1	0.01	459	204	0	[1361, 995, 1108, 1227, 507, 1180, 1296, 1321, 1308, 1215]	0.500756424665451	0.08694328367710114
204	x577	445	-0.00027767729342477405	0.00027767729342477405	-1.0128871010156841	0.3111147036526776	0.7141464181297398	399540	100042	400000	1	0.01	459	205	0	[1361, 995, 1108, 1227, 507, 1180, 1296, 1321, 1308, 1215]	0.500756424665451	0.08694328367710114
205	x168	154	-0.0002755517562287743	0.0002755517562287743	-1.0058092238025267	0.3145079585687406	0.7141464181297398	399540	100042	400000	1	0.01	459	206	0	[1361, 995, 1108, 1227, 507, 1180, 1296, 1321, 1308, 1215]	0.500756424665451	0.08694328367710114
206	x387	307	0.00027541249992838965	0.00027541249992838965	1.0057970408404848	0.31451382018775187	0.7141464181297398	399540	100042	400000	1	0.01	459	207	0	[1361, 995, 1108, 1227, 507, 1180, 1296, 1321, 1308, 1215]	0.500756424665451	0.08694328367710114
207	x9	7	-0.00027434906840615055	0.00027434906840615055	-1.000746033333576	0.31695021215757946	0.7141464181297398	399540	100042	400000	1	0.01	459	208	0	[1361, 995, 1108, 1227, 507, 1180, 1296, 1321, 1308, 1215]	0.500756424665451	0.08694328367710114
208	x216	191	-0.0002707729967441046	0.0002707729967441046	-0.9878586848476636	0.3232224601340319	0.7141464181297398	399540	100042	400000	1	0.01	459	209	0	[1361, 995, 1108, 1227, 507, 1180, 1296, 1321, 1308, 1215]	0.500756424665451	0.08694328367710114
209	x12	10	0.00026772708093039535	0.00026772708093039535	0.9770323345893954	0.32855373628905127	0.7141464181297398	399540	100042	400000	1	0.01	459	210	0	[1361, 995, 1108, 1227, 507, 1180, 1296, 1321, 1308, 1215]	0.500756424665451	0.08694328367710114
210	x525	404	-0.00026732042192715037	0.00026732042192715037	-0.9754567764399245	0.32933432277753394	0.7141464181297398	399540	100042	400000	1	0.01	459	211	0	[1361, 995, 1108, 1227, 507, 1180, 1296, 1321, 1308, 1215]	0.500756424665451	0.08694328367710114
211	x169	155	0.00026680576389189343	0.00026680576389189343	0.9731436368404346	0.33048250805409984	0.7141464181297398	399540	100042	400000	1	0.01	459	212	0	[1361, 995, 1108, 1227, 507, 1180, 1296, 1321, 1308, 1215]	0.500756424665451	0.08694328367710114
212	x296	241	-0.0002665571068612151	0.0002665571068612151	-0.9724888363027347	0.3308080047622389	0.7141464181297398	399540	100042	400000	1	0.01	459	213	0	[1361, 995, 1108, 1227, 507, 1180, 1296, 1321, 1308, 1215]	0.500756424665451	0.08694328367710114
213	x165	151	-0.00026517005632231846	0.00026517005632231846	-0.9677290227525773	0.3331803052926391	0.7141464181297398	399540	100042	400000	1	0.01	459	214	0	[1361, 995, 1108, 1227, 507, 1180, 1296, 1321, 1308, 1215]	0.500756424665451	0.08694328367710114
214	x368	299	-0.00026351697296108766	0.00026351697296108766	-0.9611608023753657	0.336471903432045	0.7141464181297398	399540	100042	400000	1	0.01	459	215	0	[1361, 995, 1108, 1227, 507, 1180, 1296, 1321, 1308, 1215]	0.500756424665451	0.08694328367710114
215	x309	254	0.0002612990212429751	0.0002612990212429751	0.9540272403681492	0.3400704310229443	0.7141464181297398	399540	100042	400000	1	0.01	459	216	0	[1361, 995, 1108, 1227, 507, 1180, 1296, 1321, 1308, 1215]	0.500756424665451	0.08694328367710114
216	x202	179	-0.0002606543337196659	0.0002606543337196659	-0.9510346559801826	0.34158735884671343	0.7141464181297398	399540	100042	400000	1	0.01	459	217	0	[1361, 995, 1108, 1227, 507, 1180, 1296, 1321, 1308, 1215]	0.500756424665451	0.08694328367710114
217	x473	370	0.00026028063559141326	0.00026028063559141326	0.9499106144037668	0.34215824756472124	0.7141464181297398	399540	100042	400000	1	0.01	459	218	0	[1361, 995, 1108, 1227, 507, 1180, 1296, 1321, 1308, 1215]	0.500756424665451	0.08694328367710114
218	x528	407	-0.00025960031972695164	0.00025960031972695164	-0.9480298161352037	0.3431148489021515	0.7141464181297398	399540	100042	400000	1	0.01	459	219	0	[1361, 995, 1108, 1227, 507, 1180, 1296, 1321, 1308, 1215]	0.500756424665451	0.08694328367710114
219	x389	309	0.00025712498482617017	0.00025712498482617017	0.9386366328297183	0.3479179052691377	0.7141464181297398	399540	100042	400000	1	0.01	459	220	0	[1361, 995, 1108, 1227, 507, 1180, 1296, 1321, 1308, 1215]	0.500756424665451	0.08694328367710114
220	x246	206	-0.00025519538016541727	0.00025519538016541727	-0.9319966757271306	0.3513388065777767	0.7141464181297398	399540	100042	400000	1	0.01	459	221	0	[1361, 995, 1108, 1227, 507, 1180, 1296, 1321, 1308, 1215]	0.500756424665451	0.08694328367710114
221	x338	273	0.0002548660369622123	0.0002548660369622123	0.930877970794762	0.351917253412963	0.7141464181297398	399540	100042	400000	1	0.01	459	222	0	[1361, 995, 1108, 1227, 507, 1180, 1296, 1321, 1308, 1215]	0.500756424665451	0.08694328367710114
222	x44	40	-0.0002550740569053843	0.0002550740569053843	-0.9299750023412919	0.3523845893249641	0.7141464181297398	399540	100042	400000	1	0.01	459	223	0	[1361, 995, 1108, 1227, 507, 1180, 1296, 1321, 1308, 1215]	0.500756424665451	0.08694328367710114
223	x586	454	0.0002528785680203063	0.0002528785680203063	0.9236230290826531	0.35568317725700926	0.7141464181297398	399540	100042	400000	1	0.01	459	224	0	[1361, 995, 1108, 1227, 507, 1180, 1296, 1321, 1308, 1215]	0.500756424665451	0.08694328367710114
224	x132	122	-0.0002520367668358158	0.0002520367668358158	-0.9186236727255112	0.3582930000255867	0.7141464181297398	399540	100042	400000	1	0.01	459	225	0	[1361, 995, 1108, 1227, 507, 1180, 1296, 1321, 1308, 1215]	0.500756424665451	0.08694328367710114
225	x558	426	0.00025122126778949044	0.00025122126778949044	0.9156238473363632	0.35986477170269693	0.7141464181297398	399540	100042	400000	1	0.01	459	226	0	[1361, 995, 1108, 1227, 507, 1180, 1296, 1321, 1308, 1215]	0.500756424665451	0.08694328367710114
226	x544	412	-0.0002507465566380682	0.0002507465566380682	-0.9150490471593711	0.3601664343908292	0.7141464181297398	399540	100042	400000	1	0.01	459	227	0	[1361, 995, 1108, 1227, 507, 1180, 1296, 1321, 1308, 1215]	0.500756424665451	0.08694328367710114
227	x431	338	-0.0002459983748750751	0.0002459983748750751	-0.8981374573992671	0.36911281279207897	0.7141464181297398	399540	100042	400000	1	0.01	459	228	0	[1361, 995, 1108, 1227, 507, 1180, 1296, 1321, 1308, 1215]	0.500756424665451	0.08694328367710114
228	x76	68	0.00024284404426196395	0.00024284404426196395	0.8866868246477071	0.3752480674445715	0.7141464181297398	399540	100042	400000	1	0.01	459	229	0	[1361, 995, 1108, 1227, 507, 1180, 1296, 1321, 1308, 1215]	0.500756424665451	0.08694328367710114
229	x304	249	0.00024133139371696876	0.00024133139371696876	0.8809031379596955	0.3783707788073165	0.7141464181297398	399540	100042	400000	1	0.01	459	230	0	[1361, 995, 1108, 1227, 507, 1180, 1296, 1321, 1308, 1215]	0.500756424665451	0.08694328367710114
230	x157	145	-0.0002373459365053209	0.0002373459365053209	-0.8671011741739323	0.38588709806421073	0.7141464181297398	399540	100042	400000	1	0.01	459	231	0	[1361, 995, 1108, 1227, 507, 1180, 1296, 1321, 1308, 1215]	0.500756424665451	0.08694328367710114
231	x128	118	-0.00023350482314219508	0.00023350482314219508	-0.8514545734036119	0.39451739772695493	0.7141464181297398	399540	100042	400000	1	0.01	459	232	0	[1361, 995, 1108, 1227, 507, 1180, 1296, 1321, 1308, 1215]	0.500756424665451	0.08694328367710114
232	x65	59	0.00023137849414222984	0.00023137849414222984	0.8436264158048971	0.39887870333266384	0.7141464181297398	399540	100042	400000	1	0.01	459	233	0	[1361, 995, 1108, 1227, 507, 1180, 1296, 1321, 1308, 1215]	0.500756424665451	0.08694328367710114
233	x553	421	-0.00023132545812549777	0.00023132545812549777	-0.8435447419896936	0.3989243587643102	0.7141464181297398	399540	100042	400000	1	0.01	459	234	0	[1361, 995, 1108, 1227, 507, 1180, 1296, 1321, 1308, 1215]	0.500756424665451	0.08694328367710114
234	x30	27	0.0002243598145951897	0.0002243598145951897	0.8188253471840118	0.4128865555272696	0.7141464181297398	399540	100042	400000	1	0.01	459	235	0	[1361, 995, 1108, 1227, 507, 1180, 1296, 1321, 1308, 1215]	0.500756424665451	0.08694328367710114
235	x249	209	-0.00022347467674156628	0.00022347467674156628	-0.8156876173184863	0.4146793092234029	0.7141464181297398	399540	100042	400000	1	0.01	459	236	0	[1361, 995, 1108, 1227, 507, 1180, 1296, 1321, 1308, 1215]	0.500756424665451	0.08694328367710114
236	x101	91	-0.00022279197985722364	0.00022279197985722364	-0.8133395689357381	0.41602388116112354	0.7141464181297398	399540	100042	400000	1	0.01	459	237	0	[1361, 995, 1108, 1227, 507, 1180, 1296, 1321, 1308, 1215]	0.500756424665451	0.08694328367710114
237	x391	311	-0.00022225130690676432	0.00022225130690676432	-0.8112840735756666	0.41720303728217867	0.7141464181297398	399540	100042	400000	1	0.01	459	238	0	[1361, 995, 1108, 1227, 507, 1180, 1296, 1321, 1308, 1215]	0.500756424665451	0.08694328367710114
238	x89	80	-0.00022165820819254966	0.00022165820819254966	-0.8093582626988595	0.41830958425643305	0.7141464181297398	399540	100042	400000	1	0.01	459	239	0	[1361, 995, 1108, 1227, 507, 1180, 1296, 1321, 1308, 1215]	0.500756424665451	0.08694328367710114
239	x129	119	0.00022135903273202246	0.00022135903273202246	0.8077411051376105	0.41924011622593294	0.7141464181297398	399540	100042	400000	1	0.01	459	240	0	[1361, 995, 1108, 1227, 507, 1180, 1296, 1321, 1308, 1215]	0.500756424665451	0.08694328367710114
240	x13	11	0.0002200562575313309	0.0002200562575313309	0.8028310109611342	0.42207289300508954	0.7141464181297398	399540	100042	400000	1	0.01	459	241	0	[1361, 995, 1108, 1227, 507, 1180, 1296, 1321, 1308, 1215]	0.500756424665451	0.08694328367710114
241	x352	285	-0.000219688262618903	0.000219688262618903	-0.8013477900695679	0.422930807998918	0.7141464181297398	399540	100042	400000	1	0.01	459	242	0	[1361, 995, 1108, 1227, 507, 1180, 1296, 1321, 1308, 1215]	0.500756424665451	0.08694328367710114
242	x63	57	0.000217803121532786	0.000217803121532786	0.795582881332643	0.42627499245197764	0.7141464181297398	399540	100042	400000	1	0.01	459	243	0	[1361, 995, 1108, 1227, 507, 1180, 1296, 1321, 1308, 1215]	0.500756424665451	0.08694328367710114
243	x291	238	0.0002176957074934462	0.0002176957074934462	0.7945906450456567	0.4268521338284845	0.7141464181297398	399540	100042	400000	1	0.01	459	244	0	[1361, 995, 1108, 1227, 507, 1180, 1296, 1321, 1308, 1215]	0.500756424665451	0.08694328367710114
244	x153	141	-0.00021512045580306075	0.00021512045580306075	-0.7850666580595267	0.43241495272492214	0.7141464181297398	399540	100042	400000	1	0.01	459	245	0	[1361, 995, 1108, 1227, 507, 1180, 1296, 1321, 1308, 1215]	0.500756424665451	0.08694328367710114
245	x298	243	-0.00021465628534904097	0.00021465628534904097	-0.7825366447326697	0.43389972207743155	0.7141464181297398	399540	100042	400000	1	0.01	459	246	0	[1361, 995, 1108, 1227, 507, 1180, 1296, 1321, 1308, 1215]	0.500756424665451	0.08694328367710114
246	x110	100	-0.0002139522956022954	0.0002139522956022954	-0.7801282712499843	0.4353158393450598	0.7141464181297398	399540	100042	400000	1	0.01	459	247	0	[1361, 995, 1108, 1227, 507, 1180, 1296, 1321, 1308, 1215]	0.500756424665451	0.08694328367710114
247	x85	77	0.0002122787201887378	0.0002122787201887378	0.7747068992944143	0.4385133317212715	0.7141464181297398	399540	100042	400000	1	0.01	459	248	0	[1361, 995, 1108, 1227, 507, 1180, 1296, 1321, 1308, 1215]	0.500756424665451	0.08694328367710114
248	x319	261	-0.00021109391396718303	0.00021109391396718303	-0.77034366133494	0.4410965188465519	0.7141464181297398	399540	100042	400000	1	0.01	459	249	0	[1361, 995, 1108, 1227, 507, 1180, 1296, 1321, 1308, 1215]	0.500756424665451	0.08694328367710114
249	x49	45	-0.00020769833194522462	0.00020769833194522462	-0.758156064969194	0.4483580067017192	0.7141464181297398	399540	100042	400000	1	0.01	459	250	0	[1361, 995, 1108, 1227, 507, 1180, 1296, 1321, 1308, 1215]	0.500756424665451	0.08694328367710114
250	x321	263	-0.00020752549278784616	0.00020752549278784616	-0.7571089526825288	0.44898503735736095	0.7141464181297398	399540	100042	400000	1	0.01	459	251	0	[1361, 995, 1108, 1227, 507, 1180, 1296, 1321, 1308, 1215]	0.500756424665451	0.08694328367710114
251	x62	56	-0.00020768379980653714	0.00020768379980653714	-0.7565944115590403	0.44929333656109816	0.7141464181297398	399540	100042	400000	1	0.01	459	252	0	[1361, 995, 1108, 1227, 507, 1180, 1296, 1321, 1308, 1215]	0.500756424665451	0.08694328367710114
252	x422	330	-0.00020652891365837526	0.00020652891365837526	-0.7545000448765612	0.4505494631292962	0.7141464181297398	399540	100042	400000	1	0.01	459	253	0	[1361, 995, 1108, 1227, 507, 1180, 1296, 1321, 1308, 1215]	0.500756424665451	0.08694328367710114
253	x457	361	-0.0002068445280407666	0.0002068445280407666	-0.7542485780363904	0.4507004176105467	0.7141464181297398	399540	100042	400000	1	0.01	459	254	0	[1361, 995, 1108, 1227, 507, 1180, 1296, 1321, 1308, 1215]	0.500756424665451	0.08694328367710114
254	x420	328	0.0002057996036751787	0.0002057996036751787	0.749664421041866	0.4534572823558094	0.7141464181297398	399540	100042	400000	1	0.01	459	255	0	[1361, 995, 1108, 1227, 507, 1180, 1296, 1321, 1308, 1215]	0.500756424665451	0.08694328367710114
255	x10	8	-0.00020375892730758666	0.00020375892730758666	-0.7442147407516737	0.4567470092386582	0.7141464181297398	399540	100042	400000	1	0.01	459	256	0	[1361, 995, 1108, 1227, 507, 1180, 1296, 1321, 1308, 1215]	0.500756424665451	0.08694328367710114
256	x146	135	0.00020373353770021	0.00020373353770021	0.7441735619191672	0.45677191799503114	0.7141464181297398	399540	100042	400000	1	0.01	459	257	0	[1361, 995, 1108, 1227, 507, 1180, 1296, 1321, 1308, 1215]	0.500756424665451	0.08694328367710114
257	x344	278	0.00020364561606862617	0.00020364561606862617	0.7427347150890784	0.4576427444541977	0.7141464181297398	399540	100042	400000	1	0.01	459	258	0	[1361, 995, 1108, 1227, 507, 1180, 1296, 1321, 1308, 1215]	0.500756424665451	0.08694328367710114
258	x353	286	0.00020027941558621473	0.00020027941558621473	0.7310398151668656	0.46475526255384236	0.7141464181297398	399540	100042	400000	1	0.01	459	259	0	[1361, 995, 1108, 1227, 507, 1180, 1296, 1321, 1308, 1215]	0.500756424665451	0.08694328367710114
259	x78	70	-0.00020004610797686524	0.00020004610797686524	-0.7297892078108892	0.4655194701075749	0.7141464181297398	399540	100042	400000	1	0.01	459	260	0	[1361, 995, 1108, 1227, 507, 1180, 1296, 1321, 1308, 1215]	0.500756424665451	0.08694328367710114
260	x588	456	-0.00019822782402138364	0.00019822782402138364	-0.723582731611229	0.4693223696899872	0.7141464181297398	399540	100042	400000	1	0.01	459	261	0	[1361, 995, 1108, 1227, 507, 1180, 1296, 1321, 1308, 1215]	0.500756424665451	0.08694328367710114
261	x408	317	0.0001978368105465538	0.0001978368105465538	0.7218953792598966	0.470359224858232	0.7141464181297398	399540	100042	400000	1	0.01	459	262	0	[1361, 995, 1108, 1227, 507, 1180, 1296, 1321, 1308, 1215]	0.500756424665451	0.08694328367710114
262	x444	351	-0.00019765671145214537	0.00019765671145214537	-0.7212275971927827	0.4707699170109174	0.7141464181297398	399540	100042	400000	1	0.01	459	263	0	[1361, 995, 1108, 1227, 507, 1180, 1296, 1321, 1308, 1215]	0.500756424665451	0.08694328367710114
263	x488	383	0.00019720300080957259	0.00019720300080957259	0.7190176919638096	0.4721304394374616	0.7141464181297398	399540	100042	400000	1	0.01	459	264	0	[1361, 995, 1108, 1227, 507, 1180, 1296, 1321, 1308, 1215]	0.500756424665451	0.08694328367710114
264	x240	204	-0.00019679359756513074	0.00019679359756513074	-0.7184874078370753	0.47245722947366653	0.7141464181297398	399540	100042	400000	1	0.01	459	265	0	[1361, 995, 1108, 1227, 507, 1180, 1296, 1321, 1308, 1215]	0.500756424665451	0.08694328367710114
265	x102	92	0.0001965793123554539	0.0001965793123554539	0.7168024982006775	0.4734963890435139	0.7141464181297398	399540	100042	400000	1	0.01	459	266	0	[1361, 995, 1108, 1227, 507, 1180, 1296, 1321, 1308, 1215]	0.500756424665451	0.08694328367710114
266	x511	395	-0.0001963014168900318	0.0001963014168900318	-0.7163939954612668	0.47374852025619474	0.7141464181297398	399540	100042	400000	1	0.01	459	267	0	[1361, 995, 1108, 1227, 507, 1180, 1296, 1321, 1308, 1215]	0.500756424665451	0.08694328367710114
267	x362	294	0.00019510180114377837	0.00019510180114377837	0.7110906209534898	0.47702849672383174	0.7141464181297398	399540	100042	400000	1	0.01	459	268	0	[1361, 995, 1108, 1227, 507, 1180, 1296, 1321, 1308, 1215]	0.500756424665451	0.08694328367710114
268	x137	127	0.00019413085789846214	0.00019413085789846214	0.7078312184664725	0.4790504900591471	0.7141464181297398	399540	100042	400000	1	0.01	459	269	0	[1361, 995, 1108, 1227, 507, 1180, 1296, 1321, 1308, 1215]	0.500756424665451	0.08694328367710114
269	x161	147	0.0001930343404451084	0.0001930343404451084	0.7045579038943227	0.48108581412512696	0.7141464181297398	399540	100042	400000	1	0.01	459	270	0	[1361, 995, 1108, 1227, 507, 1180, 1296, 1321, 1308, 1215]	0.500756424665451	0.08694328367710114
270	x289	236	0.00019257575613559693	0.00019257575613559693	0.7030725482629016	0.48201094857452287	0.7141464181297398	399540	100042	400000	1	0.01	459	271	0	[1361, 995, 1108, 1227, 507, 1180, 1296, 1321, 1308, 1215]	0.500756424665451	0.08694328367710114
271	x254	214	-0.00019133984834870528	0.00019133984834870528	-0.697469808639981	0.4855092331486831	0.7141464181297398	399540	100042	400000	1	0.01	459	272	0	[1361, 995, 1108, 1227, 507, 1180, 1296, 1321, 1308, 1215]	0.500756424665451	0.08694328367710114
272	x299	244	0.00018812896269401587	0.00018812896269401587	0.6861605739142002	0.49261225482956883	0.7141464181297398	399540	100042	400000	1	0.01	459	273	0	[1361, 995, 1108, 1227, 507, 1180, 1296, 1321, 1308, 1215]	0.500756424665451	0.08694328367710114
273	x301	246	-0.0001878376878643698	0.0001878376878643698	-0.6852508827441921	0.4931860179039147	0.7141464181297398	399540	100042	400000	1	0.01	459	274	0	[1361, 995, 1108, 1227, 507, 1180, 1296, 1321, 1308, 1215]	0.500756424665451	0.08694328367710114
274	x354	287	-0.00018687675077415128	0.00018687675077415128	-0.68251192388603	0.4949157013097296	0.7141464181297398	399540	100042	400000	1	0.01	459	275	0	[1361, 995, 1108, 1227, 507, 1180, 1296, 1321, 1308, 1215]	0.500756424665451	0.08694328367710114
275	x312	257	-0.00018390722933774636	0.00018390722933774636	-0.6713773548241302	0.501980555357221	0.7141464181297398	399540	100042	400000	1	0.01	459	276	0	[1361, 995, 1108, 1227, 507, 1180, 1296, 1321, 1308, 1215]	0.500756424665451	0.08694328367710114
276	x268	217	0.00017758715113790085	0.00017758715113790085	0.6482717748460995	0.5168095587706384	0.7141464181297398	399540	100042	400000	1	0.01	459	277	0	[1361, 995, 1108, 1227, 507, 1180, 1296, 1321, 1308, 1215]	0.500756424665451	0.08694328367710114
277	x183	167	0.00017767105786538527	0.00017767105786538527	0.6475934058789518	0.5172483354645886	0.7141464181297398	399540	100042	400000	1	0.01	459	278	0	[1361, 995, 1108, 1227, 507, 1180, 1296, 1321, 1308, 1215]	0.500756424665451	0.08694328367710114
278	x164	150	-0.00017667765462816228	0.00017667765462816228	-0.6433889585917453	0.5199721153761823	0.7141464181297398	399540	100042	400000	1	0.01	459	279	0	[1361, 995, 1108, 1227, 507, 1180, 1296, 1321, 1308, 1215]	0.500756424665451	0.08694328367710114
279	x204	181	0.00017600951725273506	0.00017600951725273506	0.6419772166816518	0.5208883444420385	0.7141464181297398	399540	100042	400000	1	0.01	459	280	0	[1361, 995, 1108, 1227, 507, 1180, 1296, 1321, 1308, 1215]	0.500756424665451	0.08694328367710114
280	x366	297	0.00017351863147765446	0.00017351863147765446	0.6328757082178867	0.5268151743516192	0.7141464181297398	399540	100042	400000	1	0.01	459	281	0	[1361, 995, 1108, 1227, 507, 1180, 1296, 1321, 1308, 1215]	0.500756424665451	0.08694328367710114
281	x206	183	0.00017314087503985135	0.00017314087503985135	0.6320233804896881	0.5273719612064505	0.7141464181297398	399540	100042	400000	1	0.01	459	282	0	[1361, 995, 1108, 1227, 507, 1180, 1296, 1321, 1308, 1215]	0.500756424665451	0.08694328367710114
282	x172	158	-0.00016858040734959523	0.00016858040734959523	-0.6162207823626733	0.5377491649833324	0.7141464181297398	399540	100042	400000	1	0.01	459	283	0	[1361, 995, 1108, 1227, 507, 1180, 1296, 1321, 1308, 1215]	0.500756424665451	0.08694328367710114
283	x576	444	0.00016868889791112995	0.00016868889791112995	0.6154759165557994	0.538240819911569	0.7141464181297398	399540	100042	400000	1	0.01	459	284	0	[1361, 995, 1108, 1227, 507, 1180, 1296, 1321, 1308, 1215]	0.500756424665451	0.08694328367710114
284	x60	54	-0.00016703657841206896	0.00016703657841206896	-0.6101206347276412	0.5417822455255098	0.7141464181297398	399540	100042	400000	1	0.01	459	285	0	[1361, 995, 1108, 1227, 507, 1180, 1296, 1321, 1308, 1215]	0.500756424665451	0.08694328367710114
285	x574	442	-0.0001670865745808805	0.0001670865745808805	-0.6097298010319135	0.5420411567892286	0.7141464181297398	399540	100042	400000	1	0.01	459	286	0	[1361, 995, 1108, 1227, 507, 1180, 1296, 1321, 1308, 1215]	0.500756424665451	0.08694328367710114
286	x560	428	-0.00016546678896328532	0.00016546678896328532	-0.6037122659610763	0.5460353004557441	0.7141464181297398	399540	100042	400000	1	0.01	459	287	0	[1361, 995, 1108, 1227, 507, 1180, 1296, 1321, 1308, 1215]	0.500756424665451	0.08694328367710114
287	x517	397	0.00016501845063548163	0.00016501845063548163	0.6017280431195006	0.5473555213605177	0.7141464181297398	399540	100042	400000	1	0.01	459	288	0	[1361, 995, 1108, 1227, 507, 1180, 1296, 1321, 1308, 1215]	0.500756424665451	0.08694328367710114
288	x113	103	0.00016473567953963761	0.00016473567953963761	0.6008205551345785	0.5479598526644377	0.7141464181297398	399540	100042	400000	1	0.01	459	289	0	[1361, 995, 1108, 1227, 507, 1180, 1296, 1321, 1308, 1215]	0.500756424665451	0.08694328367710114
289	x3	2	0.0001633924682778128	0.0001633924682778128	0.5969845691991446	0.5505180212625856	0.7141464181297398	399540	100042	400000	1	0.01	459	290	0	[1361, 995, 1108, 1227, 507, 1180, 1296, 1321, 1308, 1215]	0.500756424665451	0.08694328367710114
290	x135	125	-0.00016322643805952538	0.00016322643805952538	-0.5958155355846484	0.5512988015777818	0.7141464181297398	399540	100042	400000	1	0.01	459	291	0	[1361, 995, 1108, 1227, 507, 1180, 1296, 1321, 1308, 1215]	0.500756424665451	0.08694328367710114
291	x406	315	-0.00016294939122336516	0.00016294939122336516	-0.5944076815616127	0.5522398085460836	0.7141464181297398	399540	100042	400000	1	0.01	459	292	0	[1361, 995, 1108, 1227, 507, 1180, 1296, 1321, 1308, 1215]	0.500756424665451	0.08694328367710114
292	x109	99	0.00016055935474632965	0.00016055935474632965	0.5858433215759071	0.557981139291549	0.7141464181297398	399540	100042	400000	1	0.01	459	293	0	[1361, 995, 1108, 1227, 507, 1180, 1296, 1321, 1308, 1215]	0.500756424665451	0.08694328367710114
293	x209	185	0.00015970536677529685	0.00015970536677529685	0.5827929006845498	0.5600330535924318	0.7141464181297398	399540	100042	400000	1	0.01	459	294	0	[1361, 995, 1108, 1227, 507, 1180, 1296, 1321, 1308, 1215]	0.500756424665451	0.08694328367710114
294	x141	131	0.00015944890620611416	0.00015944890620611416	0.5820755888813222	0.5605160955160549	0.7141464181297398	399540	100042	400000	1	0.01	459	295	0	[1361, 995, 1108, 1227, 507, 1180, 1296, 1321, 1308, 1215]	0.500756424665451	0.08694328367710114
295	x491	386	0.00015834924907957853	0.00015834924907957853	0.5780464970291167	0.5632330533732343	0.7141464181297398	399540	100042	400000	1	0.01	459	296	0	[1361, 995, 1108, 1227, 507, 1180, 1296, 1321, 1308, 1215]	0.500756424665451	0.08694328367710114
296	x41	38	-0.00015796729275826532	0.00015796729275826532	-0.5764049124611985	0.5643418494569764	0.7141464181297398	399540	100042	400000	1	0.01	459	297	0	[1361, 995, 1108, 1227, 507, 1180, 1296, 1321, 1308, 1215]	0.500756424665451	0.08694328367710114
297	x17	14	-0.0001567252044103811	0.0001567252044103811	-0.572285540617621	0.5671288659604057	0.7141464181297398	399540	100042	400000	1	0.01	459	298	0	[1361, 995, 1108, 1227, 507, 1180, 1296, 1321, 1308, 1215]	0.500756424665451	0.08694328367710114
298	x96	87	-0.00015442024229679526	0.00015442024229679526	-0.5636133436895011	0.5730176199514367	0.7141464181297398	399540	100042	400000	1	0.01	459	299	0	[1361, 995, 1108, 1227, 507, 1180, 1296, 1321, 1308, 1215]	0.500756424665451	0.08694328367710114
299	x336	271	-0.0001543134162203127	0.0001543134162203127	-0.563413508423003	0.5731536570123288	0.7141464181297398	399540	100042	400000	1	0.01	459	300	0	[1361, 995, 1108, 1227, 507, 1180, 1296, 1321, 1308, 1215]	0.500756424665451	0.08694328367710114
300	x148	137	-0.00014835955245294952	0.00014835955245294952	-0.541027376623795	0.5884890147808054	0.7141464181297398	399540	100042	400000	1	0.01	459	301	0	[1361, 995, 1108, 1227, 507, 1180, 1296, 1321, 1308, 1215]	0.500756424665451	0.08694328367710114
301	x388	308	-0.0001475699954471703	0.0001475699954471703	-0.538405458661603	0.5902974585837049	0.7141464181297398	399540	100042	400000	1	0.01	459	302	0	[1361, 995, 1108, 1227, 507, 1180, 1296, 1321, 1308, 1215]	0.500756424665451	0.08694328367710114
302	x80	72	-0.00014727253753385686	0.00014727253753385686	-0.5372250622960143	0.5911124606166471	0.7141464181297398	399540	100042	400000	1	0.01	459	303	0	[1361, 995, 1108, 1227, 507, 1180, 1296, 1321, 1308, 1215]	0.500756424665451	0.08694328367710114
303	x589	457	0.0001452919188683652	0.0001452919188683652	0.5305860125661128	0.5957059855172859	0.7141464181297398	399540	100042	400000	1	0.01	459	304	0	[1361, 995, 1108, 1227, 507, 1180, 1296, 1321, 1308, 1215]	0.500756424665451	0.08694328367710114
304	x518	398	-0.00014447592593441294	0.00014447592593441294	-0.5272168873455073	0.5980432755210945	0.7141464181297398	399540	100042	400000	1	0.01	459	305	0	[1361, 995, 1108, 1227, 507, 1180, 1296, 1321, 1308, 1215]	0.500756424665451	0.08694328367710114
305	x115	105	0.00014423358142137113	0.00014423358142137113	0.5265501999219452	0.5985062749777371	0.7141464181297398	399540	100042	400000	1	0.01	459	306	0	[1361, 995, 1108, 1227, 507, 1180, 1296, 1321, 1308, 1215]	0.500756424665451	0.08694328367710114
306	x483	378	-0.00014376557872527546	0.00014376557872527546	-0.5244869594114829	0.5999401785796982	0.7141464181297398	399540	100042	400000	1	0.01	459	307	0	[1361, 995, 1108, 1227, 507, 1180, 1296, 1321, 1308, 1215]	0.500756424665451	0.08694328367710114
307	x490	385	0.00014156599302393236	0.00014156599302393236	0.5164738670809512	0.6055237722327458	0.7141464181297398	399540	100042	400000	1	0.01	459	308	0	[1361, 995, 1108, 1227, 507, 1180, 1296, 1321, 1308, 1215]	0.500756424665451	0.08694328367710114
308	x481	377	0.00014060766836260967	0.00014060766836260967	0.5127316575306277	0.6081393251857854	0.7141464181297398	399540	100042	400000	1	0.01	459	309	0	[1361, 995, 1108, 1227, 507, 1180, 1296, 1321, 1308, 1215]	0.500756424665451	0.08694328367710114
309	x94	85	0.00013962427237624168	0.00013962427237624168	0.5098731541451018	0.6101406124522888	0.7141464181297398	399540	100042	400000	1	0.01	459	310	0	[1361, 995, 1108, 1227, 507, 1180, 1296, 1321, 1308, 1215]	0.500756424665451	0.08694328367710114
310	x512	396	-0.00013417711492341554	0.00013417711492341554	-0.4894076457143016	0.6245533928745814	0.7141464181297398	399540	100042	400000	1	0.01	459	311	0	[1361, 995, 1108, 1227, 507, 1180, 1296, 1321, 1308, 1215]	0.500756424665451	0.08694328367710114
311	x549	417	-0.00013419769734391543	0.00013419769734391543	-0.4893917410920306	0.6245646506777555	0.7141464181297398	399540	100042	400000	1	0.01	459	312	0	[1361, 995, 1108, 1227, 507, 1180, 1296, 1321, 1308, 1215]	0.500756424665451	0.08694328367710114
312	x448	355	0.00013346727901692639	0.00013346727901692639	0.486386367819897	0.6266935208107794	0.7141464181297398	399540	100042	400000	1	0.01	459	313	0	[1361, 995, 1108, 1227, 507, 1180, 1296, 1321, 1308, 1215]	0.500756424665451	0.08694328367710114
313	x340	275	-0.00013239443188935778	0.00013239443188935778	-0.4833427456432918	0.628852658575896	0.7141464181297398	399540	100042	400000	1	0.01	459	314	0	[1361, 995, 1108, 1227, 507, 1180, 1296, 1321, 1308, 1215]	0.500756424665451	0.08694328367710114
314	x226	200	-0.0001316097269543055	0.0001316097269543055	-0.48023734808378166	0.6310588956377599	0.7141464181297398	399540	100042	400000	1	0.01	459	315	0	[1361, 995, 1108, 1227, 507, 1180, 1296, 1321, 1308, 1215]	0.500756424665451	0.08694328367710114
315	x23	20	0.0001310128108330683	0.0001310128108330683	0.47867656388644675	0.6321690028387019	0.7141464181297398	399540	100042	400000	1	0.01	459	316	0	[1361, 995, 1108, 1227, 507, 1180, 1296, 1321, 1308, 1215]	0.500756424665451	0.08694328367710114
316	x443	350	0.0001310643397266183	0.0001310643397266183	0.47810278691051183	0.6325773101863265	0.7141464181297398	399540	100042	400000	1	0.01	459	317	0	[1361, 995, 1108, 1227, 507, 1180, 1296, 1321, 1308, 1215]	0.500756424665451	0.08694328367710114
317	x124	114	-0.0001306868241897411	0.0001306868241897411	-0.4767471164465221	0.6335424682030587	0.7141464181297398	399540	100042	400000	1	0.01	459	318	0	[1361, 995, 1108, 1227, 507, 1180, 1296, 1321, 1308, 1215]	0.500756424665451	0.08694328367710114
318	x95	86	0.00012803558731715246	0.00012803558731715246	0.4672125541803892	0.6403480673497314	0.7141464181297398	399540	100042	400000	1	0.01	459	319	0	[1361, 995, 1108, 1227, 507, 1180, 1296, 1321, 1308, 1215]	0.500756424665451	0.08694328367710114
319	x149	138	-0.00012680490446109088	0.00012680490446109088	-0.4628074643299204	0.6435026324717988	0.7141464181297398	399540	100042	400000	1	0.01	459	320	0	[1361, 995, 1108, 1227, 507, 1180, 1296, 1321, 1308, 1215]	0.500756424665451	0.08694328367710114
320	x250	210	0.00012668994208694828	0.00012668994208694828	0.4621182635753689	0.6439967653258009	0.7141464181297398	399540	100042	400000	1	0.01	459	321	0	[1361, 995, 1108, 1227, 507, 1180, 1296, 1321, 1308, 1215]	0.500756424665451	0.08694328367710114
321	x484	379	-0.00012611588032611202	0.00012611588032611202	-0.461297170899034	0.6445856655310357	0.7141464181297398	399540	100042	400000	1	0.01	459	322	0	[1361, 995, 1108, 1227, 507, 1180, 1296, 1321, 1308, 1215]	0.500756424665451	0.08694328367710114
322	x333	268	-0.00012397688754760063	0.00012397688754760063	-0.4525271982663003	0.6508894777569649	0.7141464181297398	399540	100042	400000	1	0.01	459	323	0	[1361, 995, 1108, 1227, 507, 1180, 1296, 1321, 1308, 1215]	0.500756424665451	0.08694328367710114
323	x106	96	-0.00012376760831397113	0.00012376760831397113	-0.4514435095538454	0.651670175723309	0.7141464181297398	399540	100042	400000	1	0.01	459	324	0	[1361, 995, 1108, 1227, 507, 1180, 1296, 1321, 1308, 1215]	0.500756424665451	0.08694328367710114
324	x390	310	-0.00012335725677156602	0.00012335725677156602	-0.45018738655694024	0.6525755747195505	0.7141464181297398	399540	100042	400000	1	0.01	459	325	0	[1361, 995, 1108, 1227, 507, 1180, 1296, 1321, 1308, 1215]	0.500756424665451	0.08694328367710114
325	x25	22	-0.0001220170117044931	0.0001220170117044931	-0.445465144522534	0.6559838847120518	0.7141464181297398	399540	100042	400000	1	0.01	459	326	0	[1361, 995, 1108, 1227, 507, 1180, 1296, 1321, 1308, 1215]	0.500756424665451	0.08694328367710114
326	x111	101	-0.00012177172469797765	0.00012177172469797765	-0.4444998184527081	0.6566815008482013	0.7141464181297398	399540	100042	400000	1	0.01	459	327	0	[1361, 995, 1108, 1227, 507, 1180, 1296, 1321, 1308, 1215]	0.500756424665451	0.08694328367710114
327	x428	335	0.00011990575983244799	0.00011990575983244799	0.43739601283454393	0.6618244116291938	0.7141464181297398	399540	100042	400000	1	0.01	459	328	0	[1361, 995, 1108, 1227, 507, 1180, 1296, 1321, 1308, 1215]	0.500756424665451	0.08694328367710114
328	x358	291	-0.00011964652990971211	0.00011964652990971211	-0.4364541667830091	0.6625074819701927	0.7141464181297398	399540	100042	400000	1	0.01	459	329	0	[1361, 995, 1108, 1227, 507, 1180, 1296, 1321, 1308, 1215]	0.500756424665451	0.08694328367710114
329	x440	347	-0.0001185996950072475	0.0001185996950072475	-0.43246044919647	0.66540702519359	0.7141464181297398	399540	100042	400000	1	0.01	459	330	0	[1361, 995, 1108, 1227, 507, 1180, 1296, 1321, 1308, 1215]	0.500756424665451	0.08694328367710114
330	x341	276	-0.00011787316054481441	0.00011787316054481441	-0.4306819818079541	0.666699854169353	0.7141464181297398	399540	100042	400000	1	0.01	459	331	0	[1361, 995, 1108, 1227, 507, 1180, 1296, 1321, 1308, 1215]	0.500756424665451	0.08694328367710114
331	x561	429	-0.00011696850879325366	0.00011696850879325366	-0.42658525879141435	0.669681666384764	0.7141464181297398	399540	100042	400000	1	0.01	459	332	0	[1361, 995, 1108, 1227, 507, 1180, 1296, 1321, 1308, 1215]	0.500756424665451	0.08694328367710114
332	x134	124	-0.00011626390233614918	0.00011626390233614918	-0.4243465181860061	0.6713133469600677	0.7141464181297398	399540	100042	400000	1	0.01	459	333	0	[1361, 995, 1108, 1227, 507, 1180, 1296, 1321, 1308, 1215]	0.500756424665451	0.08694328367710114
333	x471	368	-0.00011575092828154154	0.00011575092828154154	-0.4228362518559277	0.6724149637627856	0.7141464181297398	399540	100042	400000	1	0.01	459	334	0	[1361, 995, 1108, 1227, 507, 1180, 1296, 1321, 1308, 1215]	0.500756424665451	0.08694328367710114
334	x550	418	-0.00011585194919095378	0.00011585194919095378	-0.4224575893618177	0.6726912777613124	0.7141464181297398	399540	100042	400000	1	0.01	459	335	0	[1361, 995, 1108, 1227, 507, 1180, 1296, 1321, 1308, 1215]	0.500756424665451	0.08694328367710114
335	x447	354	-0.00011386886768743152	0.00011386886768743152	-0.4152798897674455	0.6779372441888672	0.7141464181297398	399540	100042	400000	1	0.01	459	336	0	[1361, 995, 1108, 1227, 507, 1180, 1296, 1321, 1308, 1215]	0.500756424665451	0.08694328367710114
336	x446	353	-0.00011319871325726394	0.00011319871325726394	-0.41334513912407844	0.6793539845576646	0.7141464181297398	399540	100042	400000	1	0.01	459	337	0	[1361, 995, 1108, 1227, 507, 1180, 1296, 1321, 1308, 1215]	0.500756424665451	0.08694328367710114
337	x58	52	0.00011326354388097241	0.00011326354388097241	0.41300529796313895	0.6796029537781653	0.7141464181297398	399540	100042	400000	1	0.01	459	338	0	[1361, 995, 1108, 1227, 507, 1180, 1296, 1321, 1308, 1215]	0.500756424665451	0.08694328367710114
338	x125	115	-0.0001102506001265059	0.0001102506001265059	-0.40226070091599797	0.6874923887322968	0.7141464181297398	399540	100042	400000	1	0.01	459	339	0	[1361, 995, 1108, 1227, 507, 1180, 1296, 1321, 1308, 1215]	0.500756424665451	0.08694328367710114
339	x81	73	-0.00010947550057213899	0.00010947550057213899	-0.40021765480824606	0.6889964261977637	0.7141464181297398	399540	100042	400000	1	0.01	459	340	0	[1361, 995, 1108, 1227, 507, 1180, 1296, 1321, 1308, 1215]	0.500756424665451	0.08694328367710114
340	x173	159	0.0001096527689024397	0.0001096527689024397	0.39991327405052673	0.6892206088331962	0.7141464181297398	399540	100042	400000	1	0.01	459	341	0	[1361, 995, 1108, 1227, 507, 1180, 1296, 1321, 1308, 1215]	0.500756424665451	0.08694328367710114
341	x21	18	0.00010641945924323011	0.00010641945924323011	0.3884173943801289	0.6977073808471365	0.7141464181297398	399540	100042	400000	1	0.01	459	342	0	[1361, 995, 1108, 1227, 507, 1180, 1296, 1321, 1308, 1215]	0.500756424665451	0.08694328367710114
342	x197	174	-0.00010299197077202153	0.00010299197077202153	-0.3754395157574556	0.7073338205602829	0.7141464181297398	399540	100042	400000	1	0.01	459	343	0	[1361, 995, 1108, 1227, 507, 1180, 1296, 1321, 1308, 1215]	0.500756424665451	0.08694328367710114
343	x311	256	0.00010263496531074828	0.00010263496531074828	0.3747259138246068	0.7078645166958859	0.7141464181297398	399540	100042	400000	1	0.01	459	344	0	[1361, 995, 1108, 1227, 507, 1180, 1296, 1321, 1308, 1215]	0.500756424665451	0.08694328367710114
344	x99	89	-0.00010163466320979928	0.00010163466320979928	-0.37088091212584823	0.7107264294081507	0.7141464181297398	399540	100042	400000	1	0.01	459	345	0	[1361, 995, 1108, 1227, 507, 1180, 1296, 1321, 1308, 1215]	0.500756424665451	0.08694328367710114
345	x582	450	0.00010132593303379806	0.00010132593303379806	0.3697367582291477	0.7115788364709775	0.7141464181297398	399540	100042	400000	1	0.01	459	346	0	[1361, 995, 1108, 1227, 507, 1180, 1296, 1321, 1308, 1215]	0.500756424665451	0.08694328367710114
346	x437	344	-0.00010107995235303305	0.00010107995235303305	-0.3686968793397163	0.7123538704148968	0.7141464181297398	399540	100042	400000	1	0.01	459	347	0	[1361, 995, 1108, 1227, 507, 1180, 1296, 1321, 1308, 1215]	0.500756424665451	0.08694328367710114
347	x184	168	0.00010078604864774739	0.00010078604864774739	0.36817435765537926	0.7127434241967807	0.7141464181297398	399540	100042	400000	1	0.01	459	348	0	[1361, 995, 1108, 1227, 507, 1180, 1296, 1321, 1308, 1215]	0.500756424665451	0.08694328367710114
348	x350	283	-0.00010038273891580304	0.00010038273891580304	-0.3664415088120715	0.7140358449095269	0.7141464181297398	399540	100042	400000	1	0.01	459	349	0	[1361, 995, 1108, 1227, 507, 1180, 1296, 1321, 1308, 1215]	0.500756424665451	0.08694328367710114
349	x274	223	9.956856604168953e-05	9.956856604168953e-05	0.3635164586955668	0.7162193126991598	0.7141464181297398	399540	100042	400000	1	0.01	459	350	0	[1361, 995, 1108, 1227, 507, 1180, 1296, 1321, 1308, 1215]	0.500756424665451	0.08694328367710114
350	x578	446	9.962554692104961e-05	9.962554692104961e-05	0.3634509909434255	0.716268209176001	0.7141464181297398	399540	100042	400000	1	0.01	459	351	0	[1361, 995, 1108, 1227, 507, 1180, 1296, 1321, 1308, 1215]	0.500756424665451	0.08694328367710114
351	x349	282	9.851953726033478e-05	9.851953726033478e-05	0.35963741470988275	0.7191184903003685	0.7141464181297398	399540	100042	400000	1	0.01	459	352	0	[1361, 995, 1108, 1227, 507, 1180, 1296, 1321, 1308, 1215]	0.500756424665451	0.08694328367710114
352	x469	366	9.822892555313038e-05	9.822892555313038e-05	0.3582576233962383	0.7201507170965927	0.7141464181297398	399540	100042	400000	1	0.01	459	353	0	[1361, 995, 1108, 1227, 507, 1180, 1296, 1321, 1308, 1215]	0.500756424665451	0.08694328367710114
353	x570	438	-9.798032349511072e-05	9.798032349511072e-05	-0.3568192582711823	0.7212273064813791	0.7141464181297398	399540	100042	400000	1	0.01	459	354	0	[1361, 995, 1108, 1227, 507, 1180, 1296, 1321, 1308, 1215]	0.500756424665451	0.08694328367710114
354	x252	212	9.633349316166025e-05	9.633349316166025e-05	0.3514046232026419	0.7252849997768753	0.7141464181297398	399540	100042	400000	1	0.01	459	355	0	[1361, 995, 1108, 1227, 507, 1180, 1296, 1321, 1308, 1215]	0.500756424665451	0.08694328367710114
355	x239	203	-9.619313179440619e-05	9.619313179440619e-05	-0.35102216052907886	0.7255719083232358	0.7141464181297398	399540	100042	400000	1	0.01	459	356	0	[1361, 995, 1108, 1227, 507, 1180, 1296, 1321, 1308, 1215]	0.500756424665451	0.08694328367710114
356	x185	169	9.451716285637565e-05	9.451716285637565e-05	0.3447308538670411	0.7302969018132286	0.7141464181297398	399540	100042	400000	1	0.01	459	357	0	[1361, 995, 1108, 1227, 507, 1180, 1296, 1321, 1308, 1215]	0.500756424665451	0.08694328367710114
357	x367	298	-9.41808161309529e-05	9.41808161309529e-05	-0.3435244784859956	0.7312041095793946	0.7141464181297398	399540	100042	400000	1	0.01	459	358	0	[1361, 995, 1108, 1227, 507, 1180, 1296, 1321, 1308, 1215]	0.500756424665451	0.08694328367710114
358	x435	342	9.324301531742891e-05	9.324301531742891e-05	0.34000665738761426	0.7338516931628098	0.7141464181297398	399540	100042	400000	1	0.01	459	359	0	[1361, 995, 1108, 1227, 507, 1180, 1296, 1321, 1308, 1215]	0.500756424665451	0.08694328367710114
359	x177	163	9.217337707851686e-05	9.217337707851686e-05	0.3366147271770249	0.7364075296002028	0.7141464181297398	399540	100042	400000	1	0.01	459	360	0	[1361, 995, 1108, 1227, 507, 1180, 1296, 1321, 1308, 1215]	0.500756424665451	0.08694328367710114
360	x583	451	9.124617301558928e-05	9.124617301558928e-05	0.3331228925805596	0.7390416943496841	0.7141464181297398	399540	100042	400000	1	0.01	459	361	0	[1361, 995, 1108, 1227, 507, 1180, 1296, 1321, 1308, 1215]	0.500756424665451	0.08694328367710114
361	x276	225	-8.744520990559003e-05	8.744520990559003e-05	-0.3190192957083709	0.7497120476021382	0.7141464181297398	399540	100042	400000	1	0.01	459	362	0	[1361, 995, 1108, 1227, 507, 1180, 1296, 1321, 1308, 1215]	0.500756424665451	0.08694328367710114
362	x470	367	8.737996296696541e-05	8.737996296696541e-05	0.3188060628438457	0.7498737471676928	0.7141464181297398	399540	100042	400000	1	0.01	459	363	0	[1361, 995, 1108, 1227, 507, 1180, 1296, 1321, 1308, 1215]	0.500756424665451	0.08694328367710114
363	x175	161	-8.468006352160656e-05	8.468006352160656e-05	-0.3087919648040195	0.7574799428086286	0.7141464181297398	399540	100042	400000	1	0.01	459	364	0	[1361, 995, 1108, 1227, 507, 1180, 1296, 1321, 1308, 1215]	0.500756424665451	0.08694328367710114
364	x205	182	-8.419611924984366e-05	8.419611924984366e-05	-0.3073049792518417	0.7586114062163077	0.7141464181297398	399540	100042	400000	1	0.01	459	365	0	[1361, 995, 1108, 1227, 507, 1180, 1296, 1321, 1308, 1215]	0.500756424665451	0.08694328367710114
365	x120	110	-8.230431307147811e-05	8.230431307147811e-05	-0.3005490103808248	0.7637585747669551	0.7141464181297398	399540	100042	400000	1	0.01	459	366	0	[1361, 995, 1108, 1227, 507, 1180, 1296, 1321, 1308, 1215]	0.500756424665451	0.08694328367710114
366	x87	78	8.116139097921818e-05	8.116139097921818e-05	0.29649962995990714	0.7668487036346576	0.7141464181297398	399540	100042	400000	1	0.01	459	367	0	[1361, 995, 1108, 1227, 507, 1180, 1296, 1321, 1308, 1215]	0.500756424665451	0.08694328367710114
367	x33	30	-7.932007719538568e-05	7.932007719538568e-05	-0.2893120566148515	0.7723427369141741	0.7141464181297398	399540	100042	400000	1	0.01	459	368	0	[1361, 995, 1108, 1227, 507, 1180, 1296, 1321, 1308, 1215]	0.500756424665451	0.08694328367710114
368	x219	194	7.909362978556243e-05	7.909362978556243e-05	0.2883852400520625	0.7730520143680735	0.7141464181297398	399540	100042	400000	1	0.01	459	369	0	[1361, 995, 1108, 1227, 507, 1180, 1296, 1321, 1308, 1215]	0.500756424665451	0.08694328367710114
369	x494	388	-7.838310252419032e-05	7.838310252419032e-05	-0.2859891382408037	0.7748865889770491	0.7141464181297398	399540	100042	400000	1	0.01	459	370	0	[1361, 995, 1108, 1227, 507, 1180, 1296, 1321, 1308, 1215]	0.500756424665451	0.08694328367710114
370	x546	414	7.759654350255971e-05	7.759654350255971e-05	0.2832312312055612	0.7769997358089411	0.7141464181297398	399540	100042	400000	1	0.01	459	371	0	[1361, 995, 1108, 1227, 507, 1180, 1296, 1321, 1308, 1215]	0.500756424665451	0.08694328367710114
371	x409	318	-7.724314533757926e-05	7.724314533757926e-05	-0.28171937271087755	0.7781588445408336	0.7141464181297398	399540	100042	400000	1	0.01	459	372	0	[1361, 995, 1108, 1227, 507, 1180, 1296, 1321, 1308, 1215]	0.500756424665451	0.08694328367710114
372	x182	166	7.587588099388973e-05	7.587588099388973e-05	0.27670704231417137	0.7820052070967818	0.7141464181297398	399540	100042	400000	1	0.01	459	373	0	[1361, 995, 1108, 1227, 507, 1180, 1296, 1321, 1308, 1215]	0.500756424665451	0.08694328367710114
373	x520	400	-7.413736441558224e-05	7.413736441558224e-05	-0.2705677095731237	0.7867236735081493	0.7141464181297398	399540	100042	400000	1	0.01	459	374	0	[1361, 995, 1108, 1227, 507, 1180, 1296, 1321, 1308, 1215]	0.500756424665451	0.08694328367710114
374	x351	284	-7.38211161312871e-05	7.38211161312871e-05	-0.2696264860649844	0.7874477610589827	0.7141464181297398	399540	100042	400000	1	0.01	459	375	0	[1361, 995, 1108, 1227, 507, 1180, 1296, 1321, 1308, 1215]	0.500756424665451	0.08694328367710114
375	x138	128	7.343038376668825e-05	7.343038376668825e-05	0.26800489265774347	0.7886956910182106	0.7141464181297398	399540	100042	400000	1	0.01	459	376	0	[1361, 995, 1108, 1227, 507, 1180, 1296, 1321, 1308, 1215]	0.500756424665451	0.08694328367710114
376	x218	193	-7.2439850178722e-05	7.2439850178722e-05	-0.2641749479310968	0.7916452504581781	0.7141464181297398	399540	100042	400000	1	0.01	459	377	0	[1361, 995, 1108, 1227, 507, 1180, 1296, 1321, 1308, 1215]	0.500756424665451	0.08694328367710114
377	x119	109	7.154248584785935e-05	7.154248584785935e-05	0.26112867184305755	0.79399341618497	0.7141464181297398	399540	100042	400000	1	0.01	459	378	0	[1361, 995, 1108, 1227, 507, 1180, 1296, 1321, 1308, 1215]	0.500756424665451	0.08694328367710114
378	x20	17	-7.018760360756398e-05	7.018760360756398e-05	-0.2560942058590897	0.7978782277401683	0.7141464181297398	399540	100042	400000	1	0.01	459	379	0	[1361, 995, 1108, 1227, 507, 1180, 1296, 1321, 1308, 1215]	0.500756424665451	0.08694328367710114
379	x325	266	-6.894101223146224e-05	6.894101223146224e-05	-0.2517147192610968	0.8012617083988494	0.7141464181297398	399540	100042	400000	1	0.01	459	380	0	[1361, 995, 1108, 1227, 507, 1180, 1296, 1321, 1308, 1215]	0.500756424665451	0.08694328367710114
380	x429	336	6.7938224477699e-05	6.7938224477699e-05	0.24794271860066056	0.8041788543829107	0.7141464181297398	399540	100042	400000	1	0.01	459	381	0	[1361, 995, 1108, 1227, 507, 1180, 1296, 1321, 1308, 1215]	0.500756424665451	0.08694328367710114
381	x222	196	-6.733476600672805e-05	6.733476600672805e-05	-0.24570251564302045	0.805912650890331	0.7141464181297398	399540	100042	400000	1	0.01	459	382	0	[1361, 995, 1108, 1227, 507, 1180, 1296, 1321, 1308, 1215]	0.500756424665451	0.08694328367710114
382	x79	71	-6.610023785934808e-05	6.610023785934808e-05	-0.24118086008806813	0.8094150683070498	0.7141464181297398	399540	100042	400000	1	0.01	459	383	0	[1361, 995, 1108, 1227, 507, 1180, 1296, 1321, 1308, 1215]	0.500756424665451	0.08694328367710114
383	x425	332	6.539457782877547e-05	6.539457782877547e-05	0.23862792395507204	0.811394232752886	0.7141464181297398	399540	100042	400000	1	0.01	459	384	0	[1361, 995, 1108, 1227, 507, 1180, 1296, 1321, 1308, 1215]	0.500756424665451	0.08694328367710114
384	x335	270	6.283370993149803e-05	6.283370993149803e-05	0.2294978787777836	0.8184820866041819	0.7141464181297398	399540	100042	400000	1	0.01	459	385	0	[1361, 995, 1108, 1227, 507, 1180, 1296, 1321, 1308, 1215]	0.500756424665451	0.08694328367710114
385	x556	424	6.020517182986471e-05	6.020517182986471e-05	0.21966147913642248	0.8261349193272448	0.7141464181297398	399540	100042	400000	1	0.01	459	386	0	[1361, 995, 1108, 1227, 507, 1180, 1296, 1321, 1308, 1215]	0.500756424665451	0.08694328367710114
386	x332	267	-5.9983550266944245e-05	5.9983550266944245e-05	-0.21897715581186378	0.8266679547949374	0.7141464181297398	399540	100042	400000	1	0.01	459	387	0	[1361, 995, 1108, 1227, 507, 1180, 1296, 1321, 1308, 1215]	0.500756424665451	0.08694328367710114
387	x38	35	5.9558758469145395e-05	5.9558758469145395e-05	0.2175479460103059	0.827781457143667	0.7141464181297398	399540	100042	400000	1	0.01	459	388	0	[1361, 995, 1108, 1227, 507, 1180, 1296, 1321, 1308, 1215]	0.500756424665451	0.08694328367710114
388	x5	4	5.9423920635261185e-05	5.9423920635261185e-05	0.21691561831768585	0.8282742164760607	0.7141464181297398	399540	100042	400000	1	0.01	459	389	0	[1361, 995, 1108, 1227, 507, 1180, 1296, 1321, 1308, 1215]	0.500756424665451	0.08694328367710114
389	x92	83	-5.931860662876005e-05	5.931860662876005e-05	-0.21668594622426265	0.8284532117286088	0.7141464181297398	399540	100042	400000	1	0.01	459	390	0	[1361, 995, 1108, 1227, 507, 1180, 1296, 1321, 1308, 1215]	0.500756424665451	0.08694328367710114
390	x253	213	5.766434760985533e-05	5.766434760985533e-05	0.21037010968738978	0.8333789269440027	0.7141464181297398	399540	100042	400000	1	0.01	459	391	0	[1361, 995, 1108, 1227, 507, 1180, 1296, 1321, 1308, 1215]	0.500756424665451	0.08694328367710114
391	x385	305	-5.7491789948252274e-05	5.7491789948252274e-05	-0.20952598161819885	0.8340377619100166	0.7141464181297398	399540	100042	400000	1	0.01	459	392	0	[1361, 995, 1108, 1227, 507, 1180, 1296, 1321, 1308, 1215]	0.500756424665451	0.08694328367710114
392	x273	222	5.7306409475468144e-05	5.7306409475468144e-05	0.2090297866883282	0.8344250923563197	0.7141464181297398	399540	100042	400000	1	0.01	459	393	0	[1361, 995, 1108, 1227, 507, 1180, 1296, 1321, 1308, 1215]	0.500756424665451	0.08694328367710114
393	x424	331	-5.664620701529511e-05	5.664620701529511e-05	-0.20653752295511457	0.8363711626880583	0.7141464181297398	399540	100042	400000	1	0.01	459	394	0	[1361, 995, 1108, 1227, 507, 1180, 1296, 1321, 1308, 1215]	0.500756424665451	0.08694328367710114
394	x324	265	5.597456302651579e-05	5.597456302651579e-05	0.20433673634082075	0.8380904681669377	0.7141464181297398	399540	100042	400000	1	0.01	459	395	0	[1361, 995, 1108, 1227, 507, 1180, 1296, 1321, 1308, 1215]	0.500756424665451	0.08694328367710114
395	x224	198	5.58499299013118e-05	5.58499299013118e-05	0.20380472542824732	0.8385062037868576	0.7141464181297398	399540	100042	400000	1	0.01	459	396	0	[1361, 995, 1108, 1227, 507, 1180, 1296, 1321, 1308, 1215]	0.500756424665451	0.08694328367710114
396	x154	142	-5.51650969456447e-05	5.51650969456447e-05	-0.2013741630166066	0.8404061188271099	0.7141464181297398	399540	100042	400000	1	0.01	459	397	0	[1361, 995, 1108, 1227, 507, 1180, 1296, 1321, 1308, 1215]	0.500756424665451	0.08694328367710114
397	x283	231	5.5010920350150566e-05	5.5010920350150566e-05	0.20049546815863634	0.8410932039788925	0.7141464181297398	399540	100042	400000	1	0.01	459	398	0	[1361, 995, 1108, 1227, 507, 1180, 1296, 1321, 1308, 1215]	0.500756424665451	0.08694328367710114
398	x523	402	5.4818937099083616e-05	5.4818937099083616e-05	0.20021879583238453	0.8413095697472175	0.7141464181297398	399540	100042	400000	1	0.01	459	399	0	[1361, 995, 1108, 1227, 507, 1180, 1296, 1321, 1308, 1215]	0.500756424665451	0.08694328367710114
399	x201	178	-5.459973420189987e-05	5.459973420189987e-05	-0.1994571460631143	0.8419052637825919	0.7141464181297398	399540	100042	400000	1	0.01	459	400	0	[1361, 995, 1108, 1227, 507, 1180, 1296, 1321, 1308, 1215]	0.500756424665451	0.08694328367710114
400	x84	76	5.415949690274829e-05	5.415949690274829e-05	0.19757555138119043	0.8433772653919072	0.7141464181297398	399540	100042	400000	1	0.01	459	401	0	[1361, 995, 1108, 1227, 507, 1180, 1296, 1321, 1308, 1215]	0.500756424665451	0.08694328367710114
401	x31	28	5.286053401039962e-05	5.286053401039962e-05	0.19277334396376464	0.8471365783203646	0.7141464181297398	399540	100042	400000	1	0.01	459	402	0	[1361, 995, 1108, 1227, 507, 1180, 1296, 1321, 1308, 1215]	0.500756424665451	0.08694328367710114
402	x313	258	5.193220889790808e-05	5.193220889790808e-05	0.18957459477315589	0.8496425929095477	0.7141464181297398	399540	100042	400000	1	0.01	459	403	0	[1361, 995, 1108, 1227, 507, 1180, 1296, 1321, 1308, 1215]	0.500756424665451	0.08694328367710114
403	x426	333	-5.151836466455801e-05	5.151836466455801e-05	-0.18782310804045926	0.8510154159252671	0.7141464181297398	399540	100042	400000	1	0.01	459	404	0	[1361, 995, 1108, 1227, 507, 1180, 1296, 1321, 1308, 1215]	0.500756424665451	0.08694328367710114
404	x377	301	-5.0796801002556864e-05	5.0796801002556864e-05	-0.18553631555754818	0.8528084931867635	0.7141464181297398	399540	100042	400000	1	0.01	459	405	0	[1361, 995, 1108, 1227, 507, 1180, 1296, 1321, 1308, 1215]	0.500756424665451	0.08694328367710114
405	x566	434	5.03595969169564e-05	5.03595969169564e-05	0.18358187472533083	0.8543415764761597	0.7141464181297398	399540	100042	400000	1	0.01	459	406	0	[1361, 995, 1108, 1227, 507, 1180, 1296, 1321, 1308, 1215]	0.500756424665451	0.08694328367710114
406	x272	221	4.9889196800846815e-05	4.9889196800846815e-05	0.18199395092508802	0.8555875654179668	0.7141464181297398	399540	100042	400000	1	0.01	459	407	0	[1361, 995, 1108, 1227, 507, 1180, 1296, 1321, 1308, 1215]	0.500756424665451	0.08694328367710114
407	x93	84	4.951223456071454e-05	4.951223456071454e-05	0.18068775237198928	0.856612764388081	0.7141464181297398	399540	100042	400000	1	0.01	459	408	0	[1361, 995, 1108, 1227, 507, 1180, 1296, 1321, 1308, 1215]	0.500756424665451	0.08694328367710114
408	x18	15	-4.944278731031443e-05	4.944278731031443e-05	-0.1803501046957951	0.8568778141022024	0.7141464181297398	399540	100042	400000	1	0.01	459	409	0	[1361, 995, 1108, 1227, 507, 1180, 1296, 1321, 1308, 1215]	0.500756424665451	0.08694328367710114
409	x91	82	4.883954807733512e-05	4.883954807733512e-05	0.17836780982885755	0.8584342183681796	0.7141464181297398	399540	100042	400000	1	0.01	459	410	0	[1361, 995, 1108, 1227, 507, 1180, 1296, 1321, 1308, 1215]	0.500756424665451	0.08694328367710114
410	x565	433	4.864596777071556e-05	4.864596777071556e-05	0.17754550361350033	0.8590800162122711	0.7141464181297398	399540	100042	400000	1	0.01	459	411	0	[1361, 995, 1108, 1227, 507, 1180, 1296, 1321, 1308, 1215]	0.500756424665451	0.08694328367710114
411	x107	97	-4.711085155575961e-05	4.711085155575961e-05	-0.17196848898399228	0.8634623891501597	0.7141464181297398	399540	100042	400000	1	0.01	459	412	0	[1361, 995, 1108, 1227, 507, 1180, 1296, 1321, 1308, 1215]	0.500756424665451	0.08694328367710114
412	x74	67	4.709920758446075e-05	4.709920758446075e-05	0.1717068626041195	0.8636680773324955	0.7141464181297398	399540	100042	400000	1	0.01	459	413	0	[1361, 995, 1108, 1227, 507, 1180, 1296, 1321, 1308, 1215]	0.500756424665451	0.08694328367710114
413	x217	192	-4.460801360973092e-05	4.460801360973092e-05	-0.16280343692876473	0.8706732844329678	0.7141464181297398	399540	100042	400000	1	0.01	459	414	0	[1361, 995, 1108, 1227, 507, 1180, 1296, 1321, 1308, 1215]	0.500756424665451	0.08694328367710114
414	x416	324	-4.387148661671967e-05	4.387148661671967e-05	-0.16015342710785907	0.8727602964965872	0.7141464181297398	399540	100042	400000	1	0.01	459	415	0	[1361, 995, 1108, 1227, 507, 1180, 1296, 1321, 1308, 1215]	0.500756424665451	0.08694328367710114
415	x278	226	4.351424127153862e-05	4.351424127153862e-05	0.15885234135648182	0.8737852901755216	0.7141464181297398	399540	100042	400000	1	0.01	459	416	0	[1361, 995, 1108, 1227, 507, 1180, 1296, 1321, 1308, 1215]	0.500756424665451	0.08694328367710114
416	x378	302	-4.117559351462155e-05	4.117559351462155e-05	-0.15019747842615597	0.880608891071201	0.7141464181297398	399540	100042	400000	1	0.01	459	417	0	[1361, 995, 1108, 1227, 507, 1180, 1296, 1321, 1308, 1215]	0.500756424665451	0.08694328367710114
417	x410	319	3.830331764461731e-05	3.830331764461731e-05	0.13966793056509055	0.8889224360985579	0.7141464181297398	399540	100042	400000	1	0.01	459	418	0	[1361, 995, 1108, 1227, 507, 1180, 1296, 1321, 1308, 1215]	0.500756424665451	0.08694328367710114
418	x295	240	-3.576125539021684e-05	3.576125539021684e-05	-0.13059625057659813	0.8960947746799053	0.7141464181297398	399540	100042	400000	1	0.01	459	419	0	[1361, 995, 1108, 1227, 507, 1180, 1296, 1321, 1308, 1215]	0.500756424665451	0.08694328367710114
419	x174	160	-3.548643095859507e-05	3.548643095859507e-05	-0.12964923348232663	0.8968440145184156	0.7141464181297398	399540	100042	400000	1	0.01	459	420	0	[1361, 995, 1108, 1227, 507, 1180, 1296, 1321, 1308, 1215]	0.500756424665451	0.08694328367710114
420	x223	197	3.4700013797941024e-05	3.4700013797941024e-05	0.12656827365615944	0.8992821725915725	0.7141464181297398	399540	100042	400000	1	0.01	459	421	0	[1361, 995, 1108, 1227, 507, 1180, 1296, 1321, 1308, 1215]	0.500756424665451	0.08694328367710114
421	x559	427	3.332101179482148e-05	3.332101179482148e-05	0.12150391833222751	0.9032919724232875	0.7141464181297398	399540	100042	400000	1	0.01	459	422	0	[1361, 995, 1108, 1227, 507, 1180, 1296, 1321, 1308, 1215]	0.500756424665451	0.08694328367710114
422	x584	452	3.330348697550899e-05	3.330348697550899e-05	0.12146989837921207	0.9033189168284372	0.7141464181297398	399540	100042	400000	1	0.01	459	423	0	[1361, 995, 1108, 1227, 507, 1180, 1296, 1321, 1308, 1215]	0.500756424665451	0.08694328367710114
423	x430	337	-3.188340310034105e-05	3.188340310034105e-05	-0.11623731188265958	0.9074645249730964	0.7141464181297398	399540	100042	400000	1	0.01	459	424	0	[1361, 995, 1108, 1227, 507, 1180, 1296, 1321, 1308, 1215]	0.500756424665451	0.08694328367710114
424	x229	202	-3.165932316541561e-05	3.165932316541561e-05	-0.11545678174790956	0.9080831325196207	0.7141464181297398	399540	100042	400000	1	0.01	459	425	0	[1361, 995, 1108, 1227, 507, 1180, 1296, 1321, 1308, 1215]	0.500756424665451	0.08694328367710114
425	x414	323	2.86314944126165e-05	2.86314944126165e-05	0.10459015024326135	0.9167010833039537	0.7141464181297398	399540	100042	400000	1	0.01	459	426	0	[1361, 995, 1108, 1227, 507, 1180, 1296, 1321, 1308, 1215]	0.500756424665451	0.08694328367710114
426	x284	232	-2.7374773672586106e-05	2.7374773672586106e-05	-0.10000688996524579	0.9203389056457468	0.7141464181297398	399540	100042	400000	1	0.01	459	427	0	[1361, 995, 1108, 1227, 507, 1180, 1296, 1321, 1308, 1215]	0.500756424665451	0.08694328367710114
427	x186	170	-2.7317516446880584e-05	2.7317516446880584e-05	-0.09962825174173129	0.9206395137458548	0.7141464181297398	399540	100042	400000	1	0.01	459	428	0	[1361, 995, 1108, 1227, 507, 1180, 1296, 1321, 1308, 1215]	0.500756424665451	0.08694328367710114
428	x66	60	2.5760779822126806e-05	2.5760779822126806e-05	0.09407951131975986	0.9250460429583658	0.7141464181297398	399540	100042	400000	1	0.01	459	429	0	[1361, 995, 1108, 1227, 507, 1180, 1296, 1321, 1308, 1215]	0.500756424665451	0.08694328367710114
429	x419	327	2.478312939180673e-05	2.478312939180673e-05	0.09047863433616096	0.9279069169913143	0.7141464181297398	399540	100042	400000	1	0.01	459	430	0	[1361, 995, 1108, 1227, 507, 1180, 1296, 1321, 1308, 1215]	0.500756424665451	0.08694328367710114
430	x286	233	2.3545217279361135e-05	2.3545217279361135e-05	0.08593796938882665	0.9315157709998602	0.7141464181297398	399540	100042	400000	1	0.01	459	431	0	[1361, 995, 1108, 1227, 507, 1180, 1296, 1321, 1308, 1215]	0.500756424665451	0.08694328367710114
431	x547	415	2.3477627619933647e-05	2.3477627619933647e-05	0.08571488382917428	0.9316931130396606	0.7141464181297398	399540	100042	400000	1	0.01	459	432	0	[1361, 995, 1108, 1227, 507, 1180, 1296, 1321, 1308, 1215]	0.500756424665451	0.08694328367710114
432	x126	116	-2.3264413724906733e-05	2.3264413724906733e-05	-0.08491096978938065	0.932332213198934	0.7141464181297398	399540	100042	400000	1	0.01	459	433	0	[1361, 995, 1108, 1227, 507, 1180, 1296, 1321, 1308, 1215]	0.500756424665451	0.08694328367710114
433	x302	247	-2.22160623587701e-05	2.22160623587701e-05	-0.08100573435188493	0.9354374327154873	0.7141464181297398	399540	100042	400000	1	0.01	459	434	0	[1361, 995, 1108, 1227, 507, 1180, 1296, 1321, 1308, 1215]	0.500756424665451	0.08694328367710114
434	x57	51	2.043883552169683e-05	2.043883552169683e-05	0.07464862022661475	0.9404943260342928	0.7141464181297398	399540	100042	400000	1	0.01	459	435	0	[1361, 995, 1108, 1227, 507, 1180, 1296, 1321, 1308, 1215]	0.500756424665451	0.08694328367710114
435	x39	36	-1.9698650465009143e-05	1.9698650465009143e-05	-0.07189773461584487	0.9426833288879386	0.7141464181297398	399540	100042	400000	1	0.01	459	436	0	[1361, 995, 1108, 1227, 507, 1180, 1296, 1321, 1308, 1215]	0.500756424665451	0.08694328367710114
436	x90	81	-1.875613216930035e-05	1.875613216930035e-05	-0.06851988733600067	0.9453718237628856	0.7141464181297398	399540	100042	400000	1	0.01	459	437	0	[1361, 995, 1108, 1227, 507, 1180, 1296, 1321, 1308, 1215]	0.500756424665451	0.08694328367710114
437	x122	112	-1.8651451046915063e-05	1.8651451046915063e-05	-0.06803308727262466	0.9457593295014687	0.7141464181297398	399540	100042	400000	1	0.01	459	438	0	[1361, 995, 1108, 1227, 507, 1180, 1296, 1321, 1308, 1215]	0.500756424665451	0.08694328367710114
438	x181	165	1.8619019554170216e-05	1.8619019554170216e-05	0.0679445300536858	0.9458298247747043	0.7141464181297398	399540	100042	400000	1	0.01	459	439	0	[1361, 995, 1108, 1227, 507, 1180, 1296, 1321, 1308, 1215]	0.500756424665451	0.08694328367710114
439	x88	79	-1.8550816767893194e-05	1.8550816767893194e-05	-0.06760491168574037	0.9461001792162856	0.7141464181297398	399540	100042	400000	1	0.01	459	440	0	[1361, 995, 1108, 1227, 507, 1180, 1296, 1321, 1308, 1215]	0.500756424665451	0.08694328367710114
440	x555	423	-1.567754325821009e-05	1.567754325821009e-05	-0.05719841165613399	0.95438717200861	0.7141464181297398	399540	100042	400000	1	0.01	459	441	0	[1361, 995, 1108, 1227, 507, 1180, 1296, 1321, 1308, 1215]	0.500756424665451	0.08694328367710114
441	x163	149	-1.508515928048059e-05	1.508515928048059e-05	-0.055099926646514114	0.9560588821355522	0.7141464181297398	399540	100042	400000	1	0.01	459	442	0	[1361, 995, 1108, 1227, 507, 1180, 1296, 1321, 1308, 1215]	0.500756424665451	0.08694328367710114
442	x345	279	1.4526183729947842e-05	1.4526183729947842e-05	0.05297797087703685	0.9577494862396607	0.7141464181297398	399540	100042	400000	1	0.01	459	443	0	[1361, 995, 1108, 1227, 507, 1180, 1296, 1321, 1308, 1215]	0.500756424665451	0.08694328367710114
443	x35	32	-1.3152150270234555e-05	1.3152150270234555e-05	-0.04800750686329485	0.9617102838906979	0.7141464181297398	399540	100042	400000	1	0.01	459	444	0	[1361, 995, 1108, 1227, 507, 1180, 1296, 1321, 1308, 1215]	0.500756424665451	0.08694328367710114
444	x545	413	-1.1546810975609743e-05	1.1546810975609743e-05	-0.042140960198405145	0.9663863486978674	0.7141464181297398	399540	100042	400000	1	0.01	459	445	0	[1361, 995, 1108, 1227, 507, 1180, 1296, 1321, 1308, 1215]	0.500756424665451	0.08694328367710114
445	x15	12	1.147614562924559e-05	1.147614562924559e-05	0.041811460022880206	0.9666490201186502	0.7141464181297398	399540	100042	400000	1	0.01	459	446	0	[1361, 995, 1108, 1227, 507, 1180, 1296, 1321, 1308, 1215]	0.500756424665451	0.08694328367710114
446	x155	143	1.1255610381429421e-05	1.1255610381429421e-05	0.04106505710347199	0.967244052003756	0.7141464181297398	399540	100042	400000	1	0.01	459	447	0	[1361, 995, 1108, 1227, 507, 1180, 1296, 1321, 1308, 1215]	0.500756424665451	0.08694328367710114
447	x541	409	-9.328086008583554e-06	9.328086008583554e-06	-0.03403912982807326	0.9728459646819039	0.7141464181297398	399540	100042	400000	1	0.01	459	448	0	[1361, 995, 1108, 1227, 507, 1180, 1296, 1321, 1308, 1215]	0.500756424665451	0.08694328367710114
448	x542	410	-9.304044736270704e-06	9.304044736270704e-06	-0.03392125148410173	0.9729399636497904	0.7141464181297398	399540	100042	400000	1	0.01	459	449	0	[1361, 995, 1108, 1227, 507, 1180, 1296, 1321, 1308, 1215]	0.500756424665451	0.08694328367710114
449	x527	406	-9.266084611000309e-06	9.266084611000309e-06	-0.03384361263858502	0.973001874899228	0.7141464181297398	399540	100042	400000	1	0.01	459	450	0	[1361, 995, 1108, 1227, 507, 1180, 1296, 1321, 1308, 1215]	0.500756424665451	0.08694328367710114
450	x167	153	-8.205913618824075e-06	8.205913618824075e-06	-0.029972217057296555	0.9760892257592764	0.7141464181297398	399540	100042	400000	1	0.01	459	451	0	[1361, 995, 1108, 1227, 507, 1180, 1296, 1321, 1308, 1215]	0.500756424665451	0.08694328367710114
451	x200	177	6.738458896365557e-06	6.738458896365557e-06	0.024594987115013206	0.9803780300771647	0.7141464181297398	399540	100042	400000	1	0.01	459	452	0	[1361, 995, 1108, 1227, 507, 1180, 1296, 1321, 1308, 1215]	0.500756424665451	0.08694328367710114
452	x339	274	6.09907954779395e-06	6.09907954779395e-06	0.022254907671384	0.9822446295428334	0.7141464181297398	399540	100042	400000	1	0.01	459	453	0	[1361, 995, 1108, 1227, 507, 1180, 1296, 1321, 1308, 1215]	0.500756424665451	0.08694328367710114
453	x198	175	5.70345885290082e-06	5.70345885290082e-06	0.020805816909786036	0.983400567911044	0.7141464181297398	399540	100042	400000	1	0.01	459	454	0	[1361, 995, 1108, 1227, 507, 1180, 1296, 1321, 1308, 1215]	0.500756424665451	0.08694328367710114
454	x421	329	4.989993263566399e-06	4.989993263566399e-06	0.018212571675085085	0.9854692826481279	0.7141464181297398	399540	100042	400000	1	0.01	459	455	0	[1361, 995, 1108, 1227, 507, 1180, 1296, 1321, 1308, 1215]	0.500756424665451	0.08694328367710114
455	x438	345	-4.866317411277758e-06	4.866317411277758e-06	-0.01775104839514802	0.9858374651839146	0.7141464181297398	399540	100042	400000	1	0.01	459	456	0	[1361, 995, 1108, 1227, 507, 1180, 1296, 1321, 1308, 1215]	0.500756424665451	0.08694328367710114
456	x571	439	4.693359091319836e-06	4.693359091319836e-06	0.017132459740681043	0.9863309521351928	0.7141464181297398	399540	100042	400000	1	0.01	459	457	0	[1361, 995, 1108, 1227, 507, 1180, 1296, 1321, 1308, 1215]	0.500756424665451	0.08694328367710114
457	x364	296	-1.7154844692476087e-06	1.7154844692476087e-06	-0.006258658942569685	0.9950063483840406	0.7141464181297398	399540	100042	400000	1	0.01	459	458	0	[1361, 995, 1108, 1227, 507, 1180, 1296, 1321, 1308, 1215]	0.500756424665451	0.08694328367710114
458	x211	186	-1.0074434331419744e-06	1.0074434331419744e-06	-0.0036779892656569665	0.9970653976027516	0.7141464181297398	399540	100042	400000	1	0.01	459	459	0	[1361, 995, 1108, 1227, 507, 1180, 1296, 1321, 1308, 1215]	0.500756424665451	0.08694328367710114
459	x112	102	-0.11454347905827049	0.11454347905827049	-419.16919803954	0.0	0.7145118709013611	399944	200042	400000	2	0.005	55	1	0	[1361, 995, 1108, 1227, 507, 1180, 1296, 1321, 1308, 1215]	0.500756424665451	0.08694328367710114
460	x130	120	0.09712161488470385	0.09712161488470385	355.2054153896354	0.0	0.7145118709013611	399944	200042	400000	2	0.005	55	2	0	[1361, 995, 1108, 1227, 507, 1180, 1296, 1321, 1308, 1215]	0.500756424665451	0.08694328367710114
461	x489	384	-0.09593273664597424	0.09593273664597424	-350.4248967413413	0.0	0.7145118709013611	399944	200042	400000	2	0.005	55	3	0	[1361, 995, 1108, 1227, 507, 1180, 1296, 1321, 1308, 1215]	0.500756424665451	0.08694328367710114
462	x69	63	-0.08966640435826632	0.08966640435826632	-327.89042902244745	0.0	0.7145118709013611	399944	200042	400000	2	0.005	55	4	0	[1361, 995, 1108, 1227, 507, 1180, 1296, 1321, 1308, 1215]	0.500756424665451	0.08694328367710114
463	x36	33	-0.0655221983233517	0.0655221983233517	-239.2007261134189	0.0	0.7145118709013611	399944	200042	400000	2	0.005	55	5	0	[1361, 995, 1108, 1227, 507, 1180, 1296, 1321, 1308, 1215]	0.500756424665451	0.08694328367710114
464	x557	425	-0.0638681646920265	0.0638681646920265	-233.32285698941104	0.0	0.7145118709013611	399944	200042	400000	2	0.005	55	6	0	[1361, 995, 1108, 1227, 507, 1180, 1296, 1321, 1308, 1215]	0.500756424665451	0.08694328367710114
465	x551	419	-0.05931986354917329	0.05931986354917329	-217.121862580102	0.0	0.7145118709013611	399944	200042	400000	2	0.005	55	7	0	[1361, 995, 1108, 1227, 507, 1180, 1296, 1321, 1308, 1215]	0.500756424665451	0.08694328367710114
466	x369	300	-0.055208729695654386	0.055208729695654386	-202.04655700087673	0.0	0.7145118709013611	399944	200042	400000	2	0.005	55	8	0	[1361, 995, 1108, 1227, 507, 1180, 1296, 1321, 1308, 1215]	0.500756424665451	0.08694328367710114
467	x337	272	0.04610674056286997	0.04610674056286997	168.47958060891142	0.0	0.7145118709013611	399944	200042	400000	2	0.005	55	9	0	[1361, 995, 1108, 1227, 507, 1180, 1296, 1321, 1308, 1215]	0.500756424665451	0.08694328367710114
468	x282	230	-0.04277219504727629	0.04277219504727629	-156.48072099541153	0.0	0.7145118709013611	399944	200042	400000	2	0.005	55	10	0	[1361, 995, 1108, 1227, 507, 1180, 1296, 1321, 1308, 1215]	0.500756424665451	0.08694328367710114
469	x475	372	0.039814997879820894	0.039814997879820894	145.4782262411586	0.0	0.7145118709013611	399944	200042	400000	2	0.005	55	11	0	[1361, 995, 1108, 1227, 507, 1180, 1296, 1321, 1308, 1215]	0.500756424665451	0.08694328367710114
470	x320	262	0.036972454098048106	0.036972454098048106	135.20624926970612	0.0	0.7145118709013611	399944	200042	400000	2	0.005	55	12	0	[1361, 995, 1108, 1227, 507, 1180, 1296, 1321, 1308, 1215]	0.500756424665451	0.08694328367710114
471	x441	348	-0.03537557316997921	0.03537557316997921	-129.42300302019984	0.0	0.7145118709013611	399944	200042	400000	2	0.005	55	13	0	[1361, 995, 1108, 1227, 507, 1180, 1296, 1321, 1308, 1215]	0.500756424665451	0.08694328367710114
472	x456	360	0.028344326921755838	0.028344326921755838	103.67935533658441	0.0	0.7145118709013611	399944	200042	400000	2	0.005	55	14	0	[1361, 995, 1108, 1227, 507, 1180, 1296, 1321, 1308, 1215]	0.500756424665451	0.08694328367710114
473	x552	420	0.027057432376348157	0.027057432376348157	99.05482966281056	0.0	0.7145118709013611	399944	200042	400000	2	0.005	55	15	0	[1361, 995, 1108, 1227, 507, 1180, 1296, 1321, 1308, 1215]	0.500756424665451	0.08694328367710114
474	x7	5	0.026412406006025922	0.026412406006025922	96.63100003196072	0.0	0.7145118709013611	399944	200042	400000	2	0.005	55	16	0	[1361, 995, 1108, 1227, 507, 1180, 1296, 1321, 1308, 1215]	0.500756424665451	0.08694328367710114
475	x474	371	0.0261244308101289	0.0261244308101289	95.6231681287132	0.0	0.7145118709013611	399944	200042	400000	2	0.005	55	17	0	[1361, 995, 1108, 1227, 507, 1180, 1296, 1321, 1308, 1215]	0.500756424665451	0.08694328367710114
476	x480	376	0.023863616381958278	0.023863616381958278	87.13792407029264	0.0	0.7145118709013611	399944	200042	400000	2	0.005	55	18	0	[1361, 995, 1108, 1227, 507, 1180, 1296, 1321, 1308, 1215]	0.500756424665451	0.08694328367710114
477	x103	93	-0.02334762054675863	0.02334762054675863	-85.40682021656059	0.0	0.7145118709013611	399944	200042	400000	2	0.005	55	19	0	[1361, 995, 1108, 1227, 507, 1180, 1296, 1321, 1308, 1215]	0.500756424665451	0.08694328367710114
478	x468	365	0.023220436258916167	0.023220436258916167	85.04424898687866	0.0	0.7145118709013611	399944	200042	400000	2	0.005	55	20	0	[1361, 995, 1108, 1227, 507, 1180, 1296, 1321, 1308, 1215]	0.500756424665451	0.08694328367710114
479	x196	173	0.022240154443405435	0.022240154443405435	81.30152171643981	0.0	0.7145118709013611	399944	200042	400000	2	0.005	55	21	0	[1361, 995, 1108, 1227, 507, 1180, 1296, 1321, 1308, 1215]	0.500756424665451	0.08694328367710114
480	x8	6	0.02110909788865117	0.02110909788865117	77.16783837075623	0.0	0.7145118709013611	399944	200042	400000	2	0.005	55	22	0	[1361, 995, 1108, 1227, 507, 1180, 1296, 1321, 1308, 1215]	0.500756424665451	0.08694328367710114
481	x32	29	0.020216812944316813	0.020216812944316813	73.91276976674055	0.0	0.7145118709013611	399944	200042	400000	2	0.005	55	23	0	[1361, 995, 1108, 1227, 507, 1180, 1296, 1321, 1308, 1215]	0.500756424665451	0.08694328367710114
482	x1	0	0.019938225122577792	0.019938225122577792	72.86403664605295	0.0	0.7145118709013611	399944	200042	400000	2	0.005	55	24	0	[1361, 995, 1108, 1227, 507, 1180, 1296, 1321, 1308, 1215]	0.500756424665451	0.08694328367710114
483	x292	239	0.018933741988253913	0.018933741988253913	69.26887575764566	0.0	0.7145118709013611	399944	200042	400000	2	0.005	55	25	0	[1361, 995, 1108, 1227, 507, 1180, 1296, 1321, 1308, 1215]	0.500756424665451	0.08694328367710114
484	x434	341	0.018853676484943325	0.018853676484943325	68.9549899024606	0.0	0.7145118709013611	399944	200042	400000	2	0.005	55	26	0	[1361, 995, 1108, 1227, 507, 1180, 1296, 1321, 1308, 1215]	0.500756424665451	0.08694328367710114
485	x121	111	-0.018568955358653823	0.018568955358653823	-67.83346829672448	0.0	0.7145118709013611	399944	200042	400000	2	0.005	55	27	0	[1361, 995, 1108, 1227, 507, 1180, 1296, 1321, 1308, 1215]	0.500756424665451	0.08694328367710114
486	x170	156	-0.017862180712378224	0.017862180712378224	-65.28574570516997	0.0	0.7145118709013611	399944	200042	400000	2	0.005	55	28	0	[1361, 995, 1108, 1227, 507, 1180, 1296, 1321, 1308, 1215]	0.500756424665451	0.08694328367710114
487	x303	248	0.017736741169379847	0.017736741169379847	64.84571723366831	0.0	0.7145118709013611	399944	200042	400000	2	0.005	55	29	0	[1361, 995, 1108, 1227, 507, 1180, 1296, 1321, 1308, 1215]	0.500756424665451	0.08694328367710114
488	x203	180	0.017485663008810413	0.017485663008810413	63.99403417339829	0.0	0.7145118709013611	399944	200042	400000	2	0.005	55	30	0	[1361, 995, 1108, 1227, 507, 1180, 1296, 1321, 1308, 1215]	0.500756424665451	0.08694328367710114
489	x248	208	0.017039636698621297	0.017039636698621297	62.39547407364719	0.0	0.7145118709013611	399944	200042	400000	2	0.005	55	31	0	[1361, 995, 1108, 1227, 507, 1180, 1296, 1321, 1308, 1215]	0.500756424665451	0.08694328367710114
490	x55	49	0.016805204094877586	0.016805204094877586	61.429420079889404	0.0	0.7145118709013611	399944	200042	400000	2	0.005	55	32	0	[1361, 995, 1108, 1227, 507, 1180, 1296, 1321, 1308, 1215]	0.500756424665451	0.08694328367710114
491	x136	126	-0.01625493989374961	0.01625493989374961	-59.43172772586301	0.0	0.7145118709013611	399944	200042	400000	2	0.005	55	33	0	[1361, 995, 1108, 1227, 507, 1180, 1296, 1321, 1308, 1215]	0.500756424665451	0.08694328367710114
492	x587	455	0.015818947738835288	0.015818947738835288	57.84194459451107	0.0	0.7145118709013611	399944	200042	400000	2	0.005	55	34	0	[1361, 995, 1108, 1227, 507, 1180, 1296, 1321, 1308, 1215]	0.500756424665451	0.08694328367710114
493	x454	358	-0.015763607300470106	0.015763607300470106	-57.611800537154835	0.0	0.7145118709013611	399944	200042	400000	2	0.005	55	35	0	[1361, 995, 1108, 1227, 507, 1180, 1296, 1321, 1308, 1215]	0.500756424665451	0.08694328367710114
494	x417	325	-0.015439796126207543	0.015439796126207543	-56.43354507930107	0.0	0.7145118709013611	399944	200042	400000	2	0.005	55	36	0	[1361, 995, 1108, 1227, 507, 1180, 1296, 1321, 1308, 1215]	0.500756424665451	0.08694328367710114
495	x131	121	0.015179666593737968	0.015179666593737968	55.52469859436982	0.0	0.7145118709013611	399944	200042	400000	2	0.005	55	37	0	[1361, 995, 1108, 1227, 507, 1180, 1296, 1321, 1308, 1215]	0.500756424665451	0.08694328367710114
496	x386	306	0.014720184482188672	0.014720184482188672	53.69297307149309	0.0	0.7145118709013611	399944	200042	400000	2	0.005	55	38	0	[1361, 995, 1108, 1227, 507, 1180, 1296, 1321, 1308, 1215]	0.500756424665451	0.08694328367710114
497	x28	25	-0.014267882765918088	0.014267882765918088	-52.13726539055094	0.0	0.7145118709013611	399944	200042	400000	2	0.005	55	39	0	[1361, 995, 1108, 1227, 507, 1180, 1296, 1321, 1308, 1215]	0.500756424665451	0.08694328367710114
498	x19	16	0.01307331774094664	0.01307331774094664	47.82693522373638	0.0	0.7145118709013611	399944	200042	400000	2	0.005	55	40	0	[1361, 995, 1108, 1227, 507, 1180, 1296, 1321, 1308, 1215]	0.500756424665451	0.08694328367710114
499	x162	148	0.012393611254039644	0.012393611254039644	45.306777286756436	0.0	0.7145118709013611	399944	200042	400000	2	0.005	55	41	0	[1361, 995, 1108, 1227, 507, 1180, 1296, 1321, 1308, 1215]	0.500756424665451	0.08694328367710114
500	x83	75	-0.012020107212867547	0.012020107212867547	-43.95018835363917	0.0	0.7145118709013611	399944	200042	400000	2	0.005	55	42	0	[1361, 995, 1108, 1227, 507, 1180, 1296, 1321, 1308, 1215]	0.500756424665451	0.08694328367710114
501	x287	234	-0.011808534824282289	0.011808534824282289	-43.161419944712755	0.0	0.7145118709013611	399944	200042	400000	2	0.005	55	43	0	[1361, 995, 1108, 1227, 507, 1180, 1296, 1321, 1308, 1215]	0.500756424665451	0.08694328367710114
502	x305	250	-0.011644079387320556	0.011644079387320556	-42.61216406302049	0.0	0.7145118709013611	399944	200042	400000	2	0.005	55	44	0	[1361, 995, 1108, 1227, 507, 1180, 1296, 1321, 1308, 1215]	0.500756424665451	0.08694328367710114
503	x145	134	-0.011173304198844764	0.011173304198844764	-40.90973554636101	0.0	0.7145118709013611	399944	200042	400000	2	0.005	55	45	0	[1361, 995, 1108, 1227, 507, 1180, 1296, 1321, 1308, 1215]	0.500756424665451	0.08694328367710114
504	x34	31	0.010961704988075542	0.010961704988075542	40.08903289002931	0.0	0.7145118709013611	399944	200042	400000	2	0.005	55	46	0	[1361, 995, 1108, 1227, 507, 1180, 1296, 1321, 1308, 1215]	0.500756424665451	0.08694328367710114
505	x394	314	-0.010337148766455473	0.010337148766455473	-37.780132791162124	0.0	0.7145118709013611	399944	200042	400000	2	0.005	55	47	0	[1361, 995, 1108, 1227, 507, 1180, 1296, 1321, 1308, 1215]	0.500756424665451	0.08694328367710114
506	x297	242	0.010184377947483314	0.010184377947483314	37.19354890618743	2.8668244479137816e-302	0.7145118709013611	399944	200042	400000	2	0.005	55	48	0	[1361, 995, 1108, 1227, 507, 1180, 1296, 1321, 1308, 1215]	0.500756424665451	0.08694328367710114
507	x572	440	-0.009788894257954348	0.009788894257954348	-35.76498086574217	1.0756770145806744e-279	0.7145118709013611	399944	200042	400000	2	0.005	55	49	0	[1361, 995, 1108, 1227, 507, 1180, 1296, 1321, 1308, 1215]	0.500756424665451	0.08694328367710114
508	x56	50	-0.008578370861545831	0.008578370861545831	-31.35347718303754	1.5963214340570897e-215	0.7145118709013611	399944	200042	400000	2	0.005	55	50	0	[1361, 995, 1108, 1227, 507, 1180, 1296, 1321, 1308, 1215]	0.500756424665451	0.08694328367710114
509	x4	3	-0.007211387954319435	0.007211387954319435	-26.33072231672652	1.1531329596198383e-152	0.7145118709013611	399944	200042	400000	2	0.005	55	51	0	[1361, 995, 1108, 1227, 507, 1180, 1296, 1321, 1308, 1215]	0.500756424665451	0.08694328367710114
510	x433	340	0.0070942109948928115	0.0070942109948928115	25.948548631305137	2.5081298368074548e-148	0.7145118709013611	399944	200042	400000	2	0.005	55	52	0	[1361, 995, 1108, 1227, 507, 1180, 1296, 1321, 1308, 1215]	0.500756424665451	0.08694328367710114
511	x543	411	-0.00014853932879638597	0.00014853932879638597	-0.5426999787972143	0.5873366912449516	0.7145118709013611	399944	200042	400000	2	0.005	55	53	0	[1361, 995, 1108, 1227, 507, 1180, 1296, 1321, 1308, 1215]	0.500756424665451	0.08694328367710114
512	x127	117	0.00011791438528960649	0.00011791438528960649	0.43120201658148866	0.6663217201802663	0.7145118709013611	399944	200042	400000	2	0.005	55	54	0	[1361, 995, 1108, 1227, 507, 1180, 1296, 1321, 1308, 1215]	0.500756424665451	0.08694328367710114
513	x68	62	5.80989941686265e-05	5.80989941686265e-05	0.21239158455694765	0.8318016588108746	0.7145118709013611	399944	200042	400000	2	0.005	55	55	0	[1361, 995, 1108, 1227, 507, 1180, 1296, 1321, 1308, 1215]	0.500756424665451	0.08694328367710114
514	x112	102	-0.11458591455478616	0.11458591455478616	-418.94911285955175	0.0	0.7133224937441459	399947	300042	400000	3	0.001	52	1	0	[1361, 995, 1108, 1227, 507, 1180, 1296, 1321, 1308, 1215]	0.500756424665451	0.08694328367710114
515	x130	120	0.09635189254364245	0.09635189254364245	351.91156377922147	0.0	0.7133224937441459	399947	300042	400000	3	0.001	52	2	0	[1361, 995, 1108, 1227, 507, 1180, 1296, 1321, 1308, 1215]	0.500756424665451	0.08694328367710114
516	x489	384	-0.09490706676497217	0.09490706676497217	-346.29217427157545	0.0	0.7133224937441459	399947	300042	400000	3	0.001	52	3	0	[1361, 995, 1108, 1227, 507, 1180, 1296, 1321, 1308, 1215]	0.500756424665451	0.08694328367710114
517	x69	63	-0.08997307907881391	0.08997307907881391	-329.04083231759677	0.0	0.7133224937441459	399947	300042	400000	3	0.001	52	4	0	[1361, 995, 1108, 1227, 507, 1180, 1296, 1321, 1308, 1215]	0.500756424665451	0.08694328367710114
518	x36	33	-0.06618024592229943	0.06618024592229943	-241.88583110483242	0.0	0.7133224937441459	399947	300042	400000	3	0.001	52	5	0	[1361, 995, 1108, 1227, 507, 1180, 1296, 1321, 1308, 1215]	0.500756424665451	0.08694328367710114
519	x557	425	-0.0636746315105046	0.0636746315105046	-232.62689136014725	0.0	0.7133224937441459	399947	300042	400000	3	0.001	52	6	0	[1361, 995, 1108, 1227, 507, 1180, 1296, 1321, 1308, 1215]	0.500756424665451	0.08694328367710114
520	x551	419	-0.059074690143972555	0.059074690143972555	-215.85867536994004	0.0	0.7133224937441459	399947	300042	400000	3	0.001	52	7	0	[1361, 995, 1108, 1227, 507, 1180, 1296, 1321, 1308, 1215]	0.500756424665451	0.08694328367710114
521	x369	300	-0.055542061332196954	0.055542061332196954	-202.6947898101978	0.0	0.7133224937441459	399947	300042	400000	3	0.001	52	8	0	[1361, 995, 1108, 1227, 507, 1180, 1296, 1321, 1308, 1215]	0.500756424665451	0.08694328367710114
522	x337	272	0.04651414996718434	0.04651414996718434	170.0060400765709	0.0	0.7133224937441459	399947	300042	400000	3	0.001	52	9	0	[1361, 995, 1108, 1227, 507, 1180, 1296, 1321, 1308, 1215]	0.500756424665451	0.08694328367710114
523	x282	230	-0.04276961645840227	0.04276961645840227	-156.37820498129133	0.0	0.7133224937441459	399947	300042	400000	3	0.001	52	10	0	[1361, 995, 1108, 1227, 507, 1180, 1296, 1321, 1308, 1215]	0.500756424665451	0.08694328367710114
524	x475	372	0.038816785707721416	0.038816785707721416	141.9580527745879	0.0	0.7133224937441459	399947	300042	400000	3	0.001	52	11	0	[1361, 995, 1108, 1227, 507, 1180, 1296, 1321, 1308, 1215]	0.500756424665451	0.08694328367710114
525	x320	262	0.03695617259433343	0.03695617259433343	135.01689323321708	0.0	0.7133224937441459	399947	300042	400000	3	0.001	52	12	0	[1361, 995, 1108, 1227, 507, 1180, 1296, 1321, 1308, 1215]	0.500756424665451	0.08694328367710114
526	x441	348	-0.03601871657368329	0.03601871657368329	-131.5666263494792	0.0	0.7133224937441459	399947	300042	400000	3	0.001	52	13	0	[1361, 995, 1108, 1227, 507, 1180, 1296, 1321, 1308, 1215]	0.500756424665451	0.08694328367710114
527	x456	360	0.028962328643896133	0.028962328643896133	105.77094440806171	0.0	0.7133224937441459	399947	300042	400000	3	0.001	52	14	0	[1361, 995, 1108, 1227, 507, 1180, 1296, 1321, 1308, 1215]	0.500756424665451	0.08694328367710114
528	x552	420	0.026906035372761337	0.026906035372761337	98.2765773192656	0.0	0.7133224937441459	399947	300042	400000	3	0.001	52	15	0	[1361, 995, 1108, 1227, 507, 1180, 1296, 1321, 1308, 1215]	0.500756424665451	0.08694328367710114
529	x7	5	0.02661993807202803	0.02661993807202803	97.22987076105352	0.0	0.7133224937441459	399947	300042	400000	3	0.001	52	16	0	[1361, 995, 1108, 1227, 507, 1180, 1296, 1321, 1308, 1215]	0.500756424665451	0.08694328367710114
530	x474	371	0.02629725204528905	0.02629725204528905	96.15840980805464	0.0	0.7133224937441459	399947	300042	400000	3	0.001	52	17	0	[1361, 995, 1108, 1227, 507, 1180, 1296, 1321, 1308, 1215]	0.500756424665451	0.08694328367710114
531	x480	376	0.023536827530984402	0.023536827530984402	85.94914722021397	0.0	0.7133224937441459	399947	300042	400000	3	0.001	52	18	0	[1361, 995, 1108, 1227, 507, 1180, 1296, 1321, 1308, 1215]	0.500756424665451	0.08694328367710114
532	x468	365	0.023075669283601646	0.023075669283601646	84.30709242887136	0.0	0.7133224937441459	399947	300042	400000	3	0.001	52	19	0	[1361, 995, 1108, 1227, 507, 1180, 1296, 1321, 1308, 1215]	0.500756424665451	0.08694328367710114
533	x103	93	-0.022929412988507612	0.022929412988507612	-83.77833389103975	0.0	0.7133224937441459	399947	300042	400000	3	0.001	52	20	0	[1361, 995, 1108, 1227, 507, 1180, 1296, 1321, 1308, 1215]	0.500756424665451	0.08694328367710114
534	x196	173	0.02246091643886278	0.02246091643886278	82.03024749957606	0.0	0.7133224937441459	399947	300042	400000	3	0.001	52	21	0	[1361, 995, 1108, 1227, 507, 1180, 1296, 1321, 1308, 1215]	0.500756424665451	0.08694328367710114
535	x8	6	0.02124107831197386	0.02124107831197386	77.58792218798519	0.0	0.7133224937441459	399947	300042	400000	3	0.001	52	22	0	[1361, 995, 1108, 1227, 507, 1180, 1296, 1321, 1308, 1215]	0.500756424665451	0.08694328367710114
536	x32	29	0.020247690507385063	0.020247690507385063	73.98705620901858	0.0	0.7133224937441459	399947	300042	400000	3	0.001	52	23	0	[1361, 995, 1108, 1227, 507, 1180, 1296, 1321, 1308, 1215]	0.500756424665451	0.08694328367710114
537	x1	0	0.019977829173613126	0.019977829173613126	73.02633432514236	0.0	0.7133224937441459	399947	300042	400000	3	0.001	52	24	0	[1361, 995, 1108, 1227, 507, 1180, 1296, 1321, 1308, 1215]	0.500756424665451	0.08694328367710114
538	x434	341	0.01964789410080788	0.01964789410080788	71.78094671117427	0.0	0.7133224937441459	399947	300042	400000	3	0.001	52	25	0	[1361, 995, 1108, 1227, 507, 1180, 1296, 1321, 1308, 1215]	0.500756424665451	0.08694328367710114
539	x292	239	0.018313124337284777	0.018313124337284777	66.96982282590304	0.0	0.7133224937441459	399947	300042	400000	3	0.001	52	26	0	[1361, 995, 1108, 1227, 507, 1180, 1296, 1321, 1308, 1215]	0.500756424665451	0.08694328367710114
540	x121	111	-0.018249488523243557	0.018249488523243557	-66.75506932065959	0.0	0.7133224937441459	399947	300042	400000	3	0.001	52	27	0	[1361, 995, 1108, 1227, 507, 1180, 1296, 1321, 1308, 1215]	0.500756424665451	0.08694328367710114
541	x203	180	0.018020238076137594	0.018020238076137594	65.83848716175902	0.0	0.7133224937441459	399947	300042	400000	3	0.001	52	28	0	[1361, 995, 1108, 1227, 507, 1180, 1296, 1321, 1308, 1215]	0.500756424665451	0.08694328367710114
542	x170	156	-0.017962839000742657	0.017962839000742657	-65.6371884074809	0.0	0.7133224937441459	399947	300042	400000	3	0.001	52	29	0	[1361, 995, 1108, 1227, 507, 1180, 1296, 1321, 1308, 1215]	0.500756424665451	0.08694328367710114
543	x248	208	0.017111669102456185	0.017111669102456185	62.45038064107248	0.0	0.7133224937441459	399947	300042	400000	3	0.001	52	30	0	[1361, 995, 1108, 1227, 507, 1180, 1296, 1321, 1308, 1215]	0.500756424665451	0.08694328367710114
544	x55	49	0.01710296922294404	0.01710296922294404	62.508348390438	0.0	0.7133224937441459	399947	300042	400000	3	0.001	52	31	0	[1361, 995, 1108, 1227, 507, 1180, 1296, 1321, 1308, 1215]	0.500756424665451	0.08694328367710114
545	x303	248	0.016950209181596697	0.016950209181596697	61.98641683499191	0.0	0.7133224937441459	399947	300042	400000	3	0.001	52	32	0	[1361, 995, 1108, 1227, 507, 1180, 1296, 1321, 1308, 1215]	0.500756424665451	0.08694328367710114
546	x136	126	-0.016634719363382327	0.016634719363382327	-60.76668042485253	0.0	0.7133224937441459	399947	300042	400000	3	0.001	52	33	0	[1361, 995, 1108, 1227, 507, 1180, 1296, 1321, 1308, 1215]	0.500756424665451	0.08694328367710114
547	x587	455	0.016260757250624182	0.016260757250624182	59.42147228106116	0.0	0.7133224937441459	399947	300042	400000	3	0.001	52	34	0	[1361, 995, 1108, 1227, 507, 1180, 1296, 1321, 1308, 1215]	0.500756424665451	0.08694328367710114
548	x454	358	-0.015595308812266182	0.015595308812266182	-56.925377963941514	0.0	0.7133224937441459	399947	300042	400000	3	0.001	52	35	0	[1361, 995, 1108, 1227, 507, 1180, 1296, 1321, 1308, 1215]	0.500756424665451	0.08694328367710114
549	x131	121	0.015157770836388857	0.015157770836388857	55.361177580968956	0.0	0.7133224937441459	399947	300042	400000	3	0.001	52	36	0	[1361, 995, 1108, 1227, 507, 1180, 1296, 1321, 1308, 1215]	0.500756424665451	0.08694328367710114
550	x417	325	-0.014649144506905779	0.014649144506905779	-53.57911874444724	0.0	0.7133224937441459	399947	300042	400000	3	0.001	52	37	0	[1361, 995, 1108, 1227, 507, 1180, 1296, 1321, 1308, 1215]	0.500756424665451	0.08694328367710114
551	x386	306	0.014288032173045457	0.014288032173045457	52.25179882797084	0.0	0.7133224937441459	399947	300042	400000	3	0.001	52	38	0	[1361, 995, 1108, 1227, 507, 1180, 1296, 1321, 1308, 1215]	0.500756424665451	0.08694328367710114
552	x28	25	-0.014152441408172105	0.014152441408172105	-51.6951663782271	0.0	0.7133224937441459	399947	300042	400000	3	0.001	52	39	0	[1361, 995, 1108, 1227, 507, 1180, 1296, 1321, 1308, 1215]	0.500756424665451	0.08694328367710114
553	x19	16	0.012743203045665858	0.012743203045665858	46.5318231809675	0.0	0.7133224937441459	399947	300042	400000	3	0.001	52	40	0	[1361, 995, 1108, 1227, 507, 1180, 1296, 1321, 1308, 1215]	0.500756424665451	0.08694328367710114
554	x287	234	-0.012621407947652947	0.012621407947652947	-46.1075078936038	0.0	0.7133224937441459	399947	300042	400000	3	0.001	52	41	0	[1361, 995, 1108, 1227, 507, 1180, 1296, 1321, 1308, 1215]	0.500756424665451	0.08694328367710114
555	x162	148	0.011840078011183534	0.011840078011183534	43.259819521399045	0.0	0.7133224937441459	399947	300042	400000	3	0.001	52	42	0	[1361, 995, 1108, 1227, 507, 1180, 1296, 1321, 1308, 1215]	0.500756424665451	0.08694328367710114
556	x305	250	-0.011788847277103028	0.011788847277103028	-43.1056742398083	0.0	0.7133224937441459	399947	300042	400000	3	0.001	52	43	0	[1361, 995, 1108, 1227, 507, 1180, 1296, 1321, 1308, 1215]	0.500756424665451	0.08694328367710114
557	x83	75	-0.011599713445845964	0.011599713445845964	-42.39001109987672	0.0	0.7133224937441459	399947	300042	400000	3	0.001	52	44	0	[1361, 995, 1108, 1227, 507, 1180, 1296, 1321, 1308, 1215]	0.500756424665451	0.08694328367710114
558	x145	134	-0.011157007233126952	0.011157007233126952	-40.74883289429986	0.0	0.7133224937441459	399947	300042	400000	3	0.001	52	45	0	[1361, 995, 1108, 1227, 507, 1180, 1296, 1321, 1308, 1215]	0.500756424665451	0.08694328367710114
559	x394	314	-0.010805264793547513	0.010805264793547513	-39.4273923604375	0.0	0.7133224937441459	399947	300042	400000	3	0.001	52	46	0	[1361, 995, 1108, 1227, 507, 1180, 1296, 1321, 1308, 1215]	0.500756424665451	0.08694328367710114
560	x34	31	0.010719180327552215	0.010719180327552215	39.18516979822475	0.0	0.7133224937441459	399947	300042	400000	3	0.001	52	47	0	[1361, 995, 1108, 1227, 507, 1180, 1296, 1321, 1308, 1215]	0.500756424665451	0.08694328367710114
561	x572	440	-0.010215447017352367	0.010215447017352367	-37.31414019498162	3.2484934279447117e-304	0.7133224937441459	399947	300042	400000	3	0.001	52	48	0	[1361, 995, 1108, 1227, 507, 1180, 1296, 1321, 1308, 1215]	0.500756424665451	0.08694328367710114
562	x297	242	0.010121573192150686	0.010121573192150686	36.970104029934724	1.112051132176207e-298	0.7133224937441459	399947	300042	400000	3	0.001	52	49	0	[1361, 995, 1108, 1227, 507, 1180, 1296, 1321, 1308, 1215]	0.500756424665451	0.08694328367710114
563	x56	50	-0.008518915967959464	0.008518915967959464	-31.12631667835498	1.9086139208634337e-212	0.7133224937441459	399947	300042	400000	3	0.001	52	50	0	[1361, 995, 1108, 1227, 507, 1180, 1296, 1321, 1308, 1215]	0.500756424665451	0.08694328367710114
564	x4	3	-0.007407258233189301	0.007407258233189301	-27.05265413229236	4.970463512846324e-161	0.7133224937441459	399947	300042	400000	3	0.001	52	51	0	[1361, 995, 1108, 1227, 507, 1180, 1296, 1321, 1308, 1215]	0.500756424665451	0.08694328367710114
565	x433	340	0.0071173319407783035	0.0071173319407783035	25.980011933164015	1.1082495229197608e-148	0.7133224937441459	399947	300042	400000	3	0.001	52	52	0	[1361, 995, 1108, 1227, 507, 1180, 1296, 1321, 1308, 1215]	0.500756424665451	0.08694328367710114
566	x1	0	-0.08066730291566485	0.08066730291566485	-338.2549815169248	0.0	0.5875447350402911	399540	101042	400000	1	0.01	459	1	1	[376, 274, 207, 59, 134, 178, 237, 117, 176, 144]	0.49436649978160857	0.02595708519220352
567	x123	113	-0.05172318200573033	0.05172318200573033	-216.5373736352494	0.0	0.5875447350402911	399540	101042	400000	1	0.01	459	2	1	[376, 274, 207, 59, 134, 178, 237, 117, 176, 144]	0.49436649978160857	0.02595708519220352
568	x576	444	-0.044380749192441386	0.044380749192441386	-186.14278688823083	0.0	0.5875447350402911	399540	101042	400000	1	0.01	459	3	1	[376, 274, 207, 59, 134, 178, 237, 117, 176, 144]	0.49436649978160857	0.02595708519220352
569	x87	78	0.03886798262901245	0.03886798262901245	162.8861609011979	0.0	0.5875447350402911	399540	101042	400000	1	0.01	459	4	1	[376, 274, 207, 59, 134, 178, 237, 117, 176, 144]	0.49436649978160857	0.02595708519220352
570	x127	117	0.03815720208485202	0.03815720208485202	159.7812184517052	0.0	0.5875447350402911	399540	101042	400000	1	0.01	459	5	1	[376, 274, 207, 59, 134, 178, 237, 117, 176, 144]	0.49436649978160857	0.02595708519220352
571	x64	58	0.03595522039648168	0.03595522039648168	150.70302241428456	0.0	0.5875447350402911	399540	101042	400000	1	0.01	459	6	1	[376, 274, 207, 59, 134, 178, 237, 117, 176, 144]	0.49436649978160857	0.02595708519220352
572	x138	128	0.03592828862594764	0.03592828862594764	150.6043601360608	0.0	0.5875447350402911	399540	101042	400000	1	0.01	459	7	1	[376, 274, 207, 59, 134, 178, 237, 117, 176, 144]	0.49436649978160857	0.02595708519220352
573	x585	453	0.03308603113790011	0.03308603113790011	138.73717408506957	0.0	0.5875447350402911	399540	101042	400000	1	0.01	459	8	1	[376, 274, 207, 59, 134, 178, 237, 117, 176, 144]	0.49436649978160857	0.02595708519220352
574	x176	162	0.03266065290275195	0.03266065290275195	136.76499371615358	0.0	0.5875447350402911	399540	101042	400000	1	0.01	459	9	1	[376, 274, 207, 59, 134, 178, 237, 117, 176, 144]	0.49436649978160857	0.02595708519220352
575	x91	82	-0.032196707477244076	0.032196707477244076	-134.7891377789326	0.0	0.5875447350402911	399540	101042	400000	1	0.01	459	10	1	[376, 274, 207, 59, 134, 178, 237, 117, 176, 144]	0.49436649978160857	0.02595708519220352
576	x324	265	-0.03003862879101839	0.03003862879101839	-125.87202878701841	0.0	0.5875447350402911	399540	101042	400000	1	0.01	459	11	1	[376, 274, 207, 59, 134, 178, 237, 117, 176, 144]	0.49436649978160857	0.02595708519220352
577	x198	175	0.02911712354699597	0.02911712354699597	122.02406960913288	0.0	0.5875447350402911	399540	101042	400000	1	0.01	459	12	1	[376, 274, 207, 59, 134, 178, 237, 117, 176, 144]	0.49436649978160857	0.02595708519220352
578	x118	108	-0.02747931162700962	0.02747931162700962	-115.1394019099322	0.0	0.5875447350402911	399540	101042	400000	1	0.01	459	13	1	[376, 274, 207, 59, 134, 178, 237, 117, 176, 144]	0.49436649978160857	0.02595708519220352
579	x280	228	-0.02647090059229386	0.02647090059229386	-110.9171431676152	0.0	0.5875447350402911	399540	101042	400000	1	0.01	459	14	1	[376, 274, 207, 59, 134, 178, 237, 117, 176, 144]	0.49436649978160857	0.02595708519220352
580	x56	50	0.026436788299339258	0.026436788299339258	110.88067734260831	0.0	0.5875447350402911	399540	101042	400000	1	0.01	459	15	1	[376, 274, 207, 59, 134, 178, 237, 117, 176, 144]	0.49436649978160857	0.02595708519220352
581	x461	364	0.024827928440137988	0.024827928440137988	103.9461041556708	0.0	0.5875447350402911	399540	101042	400000	1	0.01	459	16	1	[376, 274, 207, 59, 134, 178, 237, 117, 176, 144]	0.49436649978160857	0.02595708519220352
582	x7	5	-0.024122302455259582	0.024122302455259582	-101.01253063916964	0.0	0.5875447350402911	399540	101042	400000	1	0.01	459	17	1	[376, 274, 207, 59, 134, 178, 237, 117, 176, 144]	0.49436649978160857	0.02595708519220352
583	x552	420	0.019308644480983402	0.019308644480983402	80.89477889373315	0.0	0.5875447350402911	399540	101042	400000	1	0.01	459	18	1	[376, 274, 207, 59, 134, 178, 237, 117, 176, 144]	0.49436649978160857	0.02595708519220352
584	x571	439	-0.018882347338550997	0.018882347338550997	-79.12050170597273	0.0	0.5875447350402911	399540	101042	400000	1	0.01	459	19	1	[376, 274, 207, 59, 134, 178, 237, 117, 176, 144]	0.49436649978160857	0.02595708519220352
585	x309	254	0.018716936349045917	0.018716936349045917	78.40534007838302	0.0	0.5875447350402911	399540	101042	400000	1	0.01	459	20	1	[376, 274, 207, 59, 134, 178, 237, 117, 176, 144]	0.49436649978160857	0.02595708519220352
586	x524	403	-0.018569590423933885	0.018569590423933885	-77.8514261734871	0.0	0.5875447350402911	399540	101042	400000	1	0.01	459	21	1	[376, 274, 207, 59, 134, 178, 237, 117, 176, 144]	0.49436649978160857	0.02595708519220352
587	x291	238	0.018539919862328127	0.018539919862328127	77.68788664593283	0.0	0.5875447350402911	399540	101042	400000	1	0.01	459	22	1	[376, 274, 207, 59, 134, 178, 237, 117, 176, 144]	0.49436649978160857	0.02595708519220352
588	x308	253	0.016781488999551425	0.016781488999551425	70.38180015764749	0.0	0.5875447350402911	399540	101042	400000	1	0.01	459	23	1	[376, 274, 207, 59, 134, 178, 237, 117, 176, 144]	0.49436649978160857	0.02595708519220352
589	x116	106	-0.016656548864935204	0.016656548864935204	-69.7673949692138	0.0	0.5875447350402911	399540	101042	400000	1	0.01	459	24	1	[376, 274, 207, 59, 134, 178, 237, 117, 176, 144]	0.49436649978160857	0.02595708519220352
590	x189	172	0.015175506518246692	0.015175506518246692	63.65926261551845	0.0	0.5875447350402911	399540	101042	400000	1	0.01	459	25	1	[376, 274, 207, 59, 134, 178, 237, 117, 176, 144]	0.49436649978160857	0.02595708519220352
591	x578	446	-0.014867914325355428	0.014867914325355428	-62.29437865282251	0.0	0.5875447350402911	399540	101042	400000	1	0.01	459	26	1	[376, 274, 207, 59, 134, 178, 237, 117, 176, 144]	0.49436649978160857	0.02595708519220352
592	x276	225	-0.014058306665677426	0.014058306665677426	-58.93747570248187	0.0	0.5875447350402911	399540	101042	400000	1	0.01	459	27	1	[376, 274, 207, 59, 134, 178, 237, 117, 176, 144]	0.49436649978160857	0.02595708519220352
593	x411	320	0.013987999426317276	0.013987999426317276	58.51667206931944	0.0	0.5875447350402911	399540	101042	400000	1	0.01	459	28	1	[376, 274, 207, 59, 134, 178, 237, 117, 176, 144]	0.49436649978160857	0.02595708519220352
594	x342	277	0.013549341695478355	0.013549341695478355	56.776341055222474	0.0	0.5875447350402911	399540	101042	400000	1	0.01	459	29	1	[376, 274, 207, 59, 134, 178, 237, 117, 176, 144]	0.49436649978160857	0.02595708519220352
595	x567	435	-0.013237463334953806	0.013237463334953806	-55.449112219230976	0.0	0.5875447350402911	399540	101042	400000	1	0.01	459	30	1	[376, 274, 207, 59, 134, 178, 237, 117, 176, 144]	0.49436649978160857	0.02595708519220352
596	x447	354	0.012768359397499372	0.012768359397499372	53.48884821742589	0.0	0.5875447350402911	399540	101042	400000	1	0.01	459	31	1	[376, 274, 207, 59, 134, 178, 237, 117, 176, 144]	0.49436649978160857	0.02595708519220352
597	x5	4	0.012222115697654367	0.012222115697654367	51.147258439575204	0.0	0.5875447350402911	399540	101042	400000	1	0.01	459	32	1	[376, 274, 207, 59, 134, 178, 237, 117, 176, 144]	0.49436649978160857	0.02595708519220352
598	x473	370	0.011891034161066353	0.011891034161066353	49.84851163723143	0.0	0.5875447350402911	399540	101042	400000	1	0.01	459	33	1	[376, 274, 207, 59, 134, 178, 237, 117, 176, 144]	0.49436649978160857	0.02595708519220352
599	x55	49	-0.011866092464215819	0.011866092464215819	-49.783832582318325	0.0	0.5875447350402911	399540	101042	400000	1	0.01	459	34	1	[376, 274, 207, 59, 134, 178, 237, 117, 176, 144]	0.49436649978160857	0.02595708519220352
600	x59	53	0.011460238495279688	0.011460238495279688	47.99832298347298	0.0	0.5875447350402911	399540	101042	400000	1	0.01	459	35	1	[376, 274, 207, 59, 134, 178, 237, 117, 176, 144]	0.49436649978160857	0.02595708519220352
601	x11	9	0.010622365954427303	0.010622365954427303	44.48572089173381	0.0	0.5875447350402911	399540	101042	400000	1	0.01	459	36	1	[376, 274, 207, 59, 134, 178, 237, 117, 176, 144]	0.49436649978160857	0.02595708519220352
602	x426	333	0.010586570960505722	0.010586570960505722	44.338503136200075	0.0	0.5875447350402911	399540	101042	400000	1	0.01	459	37	1	[376, 274, 207, 59, 134, 178, 237, 117, 176, 144]	0.49436649978160857	0.02595708519220352
603	x288	235	0.01052351082373995	0.01052351082373995	44.07167536400565	0.0	0.5875447350402911	399540	101042	400000	1	0.01	459	38	1	[376, 274, 207, 59, 134, 178, 237, 117, 176, 144]	0.49436649978160857	0.02595708519220352
604	x153	141	0.010448180551470645	0.010448180551470645	43.730149230095776	0.0	0.5875447350402911	399540	101042	400000	1	0.01	459	39	1	[376, 274, 207, 59, 134, 178, 237, 117, 176, 144]	0.49436649978160857	0.02595708519220352
605	x54	48	-0.010361290665368283	0.010361290665368283	-43.36507343695908	0.0	0.5875447350402911	399540	101042	400000	1	0.01	459	40	1	[376, 274, 207, 59, 134, 178, 237, 117, 176, 144]	0.49436649978160857	0.02595708519220352
606	x282	230	-0.010156786837479143	0.010156786837479143	-42.573513621949886	0.0	0.5875447350402911	399540	101042	400000	1	0.01	459	41	1	[376, 274, 207, 59, 134, 178, 237, 117, 176, 144]	0.49436649978160857	0.02595708519220352
607	x588	456	0.010008317125124008	0.010008317125124008	41.93884733185997	0.0	0.5875447350402911	399540	101042	400000	1	0.01	459	42	1	[376, 274, 207, 59, 134, 178, 237, 117, 176, 144]	0.49436649978160857	0.02595708519220352
608	x349	282	0.00947147597159225	0.00947147597159225	39.72512320017786	0.0	0.5875447350402911	399540	101042	400000	1	0.01	459	43	1	[376, 274, 207, 59, 134, 178, 237, 117, 176, 144]	0.49436649978160857	0.02595708519220352
609	x160	146	0.009340970123015852	0.009340970123015852	39.12488417417105	0.0	0.5875447350402911	399540	101042	400000	1	0.01	459	44	1	[376, 274, 207, 59, 134, 178, 237, 117, 176, 144]	0.49436649978160857	0.02595708519220352
610	x334	269	0.009303178763452501	0.009303178763452501	39.00427914718173	0.0	0.5875447350402911	399540	101042	400000	1	0.01	459	45	1	[376, 274, 207, 59, 134, 178, 237, 117, 176, 144]	0.49436649978160857	0.02595708519220352
611	x302	247	-0.009187417981303906	0.009187417981303906	-38.53300441620605	0.0	0.5875447350402911	399540	101042	400000	1	0.01	459	46	1	[376, 274, 207, 59, 134, 178, 237, 117, 176, 144]	0.49436649978160857	0.02595708519220352
612	x377	301	-0.00885078023598611	0.00885078023598611	-37.08255517613501	1.750890921062346e-300	0.5875447350402911	399540	101042	400000	1	0.01	459	47	1	[376, 274, 207, 59, 134, 178, 237, 117, 176, 144]	0.49436649978160857	0.02595708519220352
613	x85	77	-0.008788843242194058	0.008788843242194058	-36.802256250941845	5.349490672596354e-296	0.5875447350402911	399540	101042	400000	1	0.01	459	48	1	[376, 274, 207, 59, 134, 178, 237, 117, 176, 144]	0.49436649978160857	0.02595708519220352
614	x132	122	0.008691663923471146	0.008691663923471146	36.4205023104422	6.059773872725762e-290	0.5875447350402911	399540	101042	400000	1	0.01	459	49	1	[376, 274, 207, 59, 134, 178, 237, 117, 176, 144]	0.49436649978160857	0.02595708519220352
615	x83	75	0.008613440790336713	0.008613440790336713	36.082744978865	1.220844692744367e-284	0.5875447350402911	399540	101042	400000	1	0.01	459	50	1	[376, 274, 207, 59, 134, 178, 237, 117, 176, 144]	0.49436649978160857	0.02595708519220352
616	x141	131	-0.008600256166344435	0.008600256166344435	-36.047671016081885	4.3118021599779776e-284	0.5875447350402911	399540	101042	400000	1	0.01	459	51	1	[376, 274, 207, 59, 134, 178, 237, 117, 176, 144]	0.49436649978160857	0.02595708519220352
617	x440	347	0.008390998546805467	0.008390998546805467	35.16371767618245	1.8665268363506495e-270	0.5875447350402911	399540	101042	400000	1	0.01	459	52	1	[376, 274, 207, 59, 134, 178, 237, 117, 176, 144]	0.49436649978160857	0.02595708519220352
618	x480	376	0.008104982415114636	0.008104982415114636	33.93660681833757	4.408128191938005e-252	0.5875447350402911	399540	101042	400000	1	0.01	459	53	1	[376, 274, 207, 59, 134, 178, 237, 117, 176, 144]	0.49436649978160857	0.02595708519220352
619	x573	441	0.008043009831354368	0.008043009831354368	33.72629968446545	5.347099261084675e-249	0.5875447350402911	399540	101042	400000	1	0.01	459	54	1	[376, 274, 207, 59, 134, 178, 237, 117, 176, 144]	0.49436649978160857	0.02595708519220352
620	x581	449	0.007753872820843964	0.007753872820843964	32.495853196052295	2.4519881762551617e-231	0.5875447350402911	399540	101042	400000	1	0.01	459	55	1	[376, 274, 207, 59, 134, 178, 237, 117, 176, 144]	0.49436649978160857	0.02595708519220352
621	x34	31	0.0075708221694045785	0.0075708221694045785	31.728161809024066	1.1983007377266325e-220	0.5875447350402911	399540	101042	400000	1	0.01	459	56	1	[376, 274, 207, 59, 134, 178, 237, 117, 176, 144]	0.49436649978160857	0.02595708519220352
622	x170	156	0.007534957551444151	0.007534957551444151	31.566130118935426	2.0054124543334088e-218	0.5875447350402911	399540	101042	400000	1	0.01	459	57	1	[376, 274, 207, 59, 134, 178, 237, 117, 176, 144]	0.49436649978160857	0.02595708519220352
623	x21	18	0.007421508212365044	0.007421508212365044	31.137137441738375	1.3642084786168037e-212	0.5875447350402911	399540	101042	400000	1	0.01	459	58	1	[376, 274, 207, 59, 134, 178, 237, 117, 176, 144]	0.49436649978160857	0.02595708519220352
624	x558	426	0.00740033737741908	0.00740033737741908	31.019554256057148	5.2447836215813e-211	0.5875447350402911	399540	101042	400000	1	0.01	459	59	1	[376, 274, 207, 59, 134, 178, 237, 117, 176, 144]	0.49436649978160857	0.02595708519220352
625	x110	100	-0.007345357568600152	0.007345357568600152	-30.75800605648047	1.673606663776754e-207	0.5875447350402911	399540	101042	400000	1	0.01	459	60	1	[376, 274, 207, 59, 134, 178, 237, 117, 176, 144]	0.49436649978160857	0.02595708519220352
626	x172	158	0.007215560750976922	0.007215560750976922	30.271259289347068	4.6353546598125526e-201	0.5875447350402911	399540	101042	400000	1	0.01	459	61	1	[376, 274, 207, 59, 134, 178, 237, 117, 176, 144]	0.49436649978160857	0.02595708519220352
627	x354	287	-0.007181808058819908	0.007181808058819908	-30.105916941044597	6.780748394215823e-199	0.5875447350402911	399540	101042	400000	1	0.01	459	62	1	[376, 274, 207, 59, 134, 178, 237, 117, 176, 144]	0.49436649978160857	0.02595708519220352
628	x407	316	-0.00714351645502183	0.00714351645502183	-29.936632034622914	1.086168127128199e-196	0.5875447350402911	399540	101042	400000	1	0.01	459	63	1	[376, 274, 207, 59, 134, 178, 237, 117, 176, 144]	0.49436649978160857	0.02595708519220352
629	x572	440	0.00710539828894812	0.00710539828894812	29.7404648222114	3.7597817918607906e-194	0.5875447350402911	399540	101042	400000	1	0.01	459	64	1	[376, 274, 207, 59, 134, 178, 237, 117, 176, 144]	0.49436649978160857	0.02595708519220352
630	x20	17	0.007087229137860938	0.007087229137860938	29.67067113485253	2.982634867220411e-193	0.5875447350402911	399540	101042	400000	1	0.01	459	65	1	[376, 274, 207, 59, 134, 178, 237, 117, 176, 144]	0.49436649978160857	0.02595708519220352
631	x559	427	0.006419936608410112	0.006419936608410112	26.88359156935208	4.739540768535021e-159	0.5875447350402911	399540	101042	400000	1	0.01	459	66	1	[376, 274, 207, 59, 134, 178, 237, 117, 176, 144]	0.49436649978160857	0.02595708519220352
632	x437	344	0.006362405570631112	0.006362405570631112	26.69223915101297	7.961545279256795e-157	0.5875447350402911	399540	101042	400000	1	0.01	459	67	1	[376, 274, 207, 59, 134, 178, 237, 117, 176, 144]	0.49436649978160857	0.02595708519220352
633	x168	154	0.006287922752685256	0.006287922752685256	26.337728846668483	9.591861341503466e-153	0.5875447350402911	399540	101042	400000	1	0.01	459	68	1	[376, 274, 207, 59, 134, 178, 237, 117, 176, 144]	0.49436649978160857	0.02595708519220352
634	x483	378	-0.006133239934077088	0.006133239934077088	-25.703828817531907	1.3925646711977984e-145	0.5875447350402911	399540	101042	400000	1	0.01	459	69	1	[376, 274, 207, 59, 134, 178, 237, 117, 176, 144]	0.49436649978160857	0.02595708519220352
635	x387	307	-0.005807534988495888	0.005807534988495888	-24.33153543378233	1.1329673206117718e-130	0.5875447350402911	399540	101042	400000	1	0.01	459	70	1	[376, 274, 207, 59, 134, 178, 237, 117, 176, 144]	0.49436649978160857	0.02595708519220352
636	x350	283	0.005715850530555664	0.005715850530555664	23.949388202248354	1.1526077735317523e-126	0.5875447350402911	399540	101042	400000	1	0.01	459	71	1	[376, 274, 207, 59, 134, 178, 237, 117, 176, 144]	0.49436649978160857	0.02595708519220352
637	x431	338	0.0055747722389521874	0.0055747722389521874	23.359817629548612	1.3203143604181629e-120	0.5875447350402911	399540	101042	400000	1	0.01	459	72	1	[376, 274, 207, 59, 134, 178, 237, 117, 176, 144]	0.49436649978160857	0.02595708519220352
638	x119	109	-0.0054123639438651274	0.0054123639438651274	-22.679590732939378	8.41182593386862e-114	0.5875447350402911	399540	101042	400000	1	0.01	459	73	1	[376, 274, 207, 59, 134, 178, 237, 117, 176, 144]	0.49436649978160857	0.02595708519220352
639	x17	14	-0.005295162449883725	0.005295162449883725	-22.17270764635517	7.332685060389104e-109	0.5875447350402911	399540	101042	400000	1	0.01	459	74	1	[376, 274, 207, 59, 134, 178, 237, 117, 176, 144]	0.49436649978160857	0.02595708519220352
640	x497	391	-0.005274933195447157	0.005274933195447157	-22.10302219271999	3.4338602582834215e-108	0.5875447350402911	399540	101042	400000	1	0.01	459	75	1	[376, 274, 207, 59, 134, 178, 237, 117, 176, 144]	0.49436649978160857	0.02595708519220352
641	x391	311	-0.005122760028313648	0.005122760028313648	-21.464706817501035	3.803031252783884e-102	0.5875447350402911	399540	101042	400000	1	0.01	459	76	1	[376, 274, 207, 59, 134, 178, 237, 117, 176, 144]	0.49436649978160857	0.02595708519220352
642	x575	443	0.004965354211749449	0.004965354211749449	20.791340895587815	5.8298670933682975e-96	0.5875447350402911	399540	101042	400000	1	0.01	459	77	1	[376, 274, 207, 59, 134, 178, 237, 117, 176, 144]	0.49436649978160857	0.02595708519220352
643	x218	193	0.004941641422669571	0.004941641422669571	20.719122231513204	2.614753041985843e-95	0.5875447350402911	399540	101042	400000	1	0.01	459	78	1	[376, 274, 207, 59, 134, 178, 237, 117, 176, 144]	0.49436649978160857	0.02595708519220352
644	x554	422	0.004943767610244108	0.004943767610244108	20.681958851572706	5.648740401645326e-95	0.5875447350402911	399540	101042	400000	1	0.01	459	79	1	[376, 274, 207, 59, 134, 178, 237, 117, 176, 144]	0.49436649978160857	0.02595708519220352
645	x92	83	0.004922323096998308	0.004922323096998308	20.64628534668377	1.1816817885112708e-94	0.5875447350402911	399540	101042	400000	1	0.01	459	80	1	[376, 274, 207, 59, 134, 178, 237, 117, 176, 144]	0.49436649978160857	0.02595708519220352
646	x42	39	0.004652006912725267	0.004652006912725267	19.502854359864898	1.1370794406330853e-84	0.5875447350402911	399540	101042	400000	1	0.01	459	81	1	[376, 274, 207, 59, 134, 178, 237, 117, 176, 144]	0.49436649978160857	0.02595708519220352
647	x519	399	-0.004630070251528389	0.004630070251528389	-19.391700835847658	9.911866623231372e-84	0.5875447350402911	399540	101042	400000	1	0.01	459	82	1	[376, 274, 207, 59, 134, 178, 237, 117, 176, 144]	0.49436649978160857	0.02595708519220352
648	x457	361	-0.004541480640415688	0.004541480640415688	-19.024936262786937	1.151191658062316e-80	0.5875447350402911	399540	101042	400000	1	0.01	459	83	1	[376, 274, 207, 59, 134, 178, 237, 117, 176, 144]	0.49436649978160857	0.02595708519220352
649	x322	264	-0.004505223268908706	0.004505223268908706	-18.86965657962083	2.194259102585066e-79	0.5875447350402911	399540	101042	400000	1	0.01	459	84	1	[376, 274, 207, 59, 134, 178, 237, 117, 176, 144]	0.49436649978160857	0.02595708519220352
650	x472	369	-0.004440616758183794	0.004440616758183794	-18.606218091558613	3.0851547077502925e-77	0.5875447350402911	399540	101042	400000	1	0.01	459	85	1	[376, 274, 207, 59, 134, 178, 237, 117, 176, 144]	0.49436649978160857	0.02595708519220352
651	x65	59	0.004227416930313695	0.004227416930313695	17.731064159804586	2.5691634559343915e-70	0.5875447350402911	399540	101042	400000	1	0.01	459	86	1	[376, 274, 207, 59, 134, 178, 237, 117, 176, 144]	0.49436649978160857	0.02595708519220352
652	x517	397	0.004221915504548699	0.004221915504548699	17.705613408239554	4.0373865907035295e-70	0.5875447350402911	399540	101042	400000	1	0.01	459	87	1	[376, 274, 207, 59, 134, 178, 237, 117, 176, 144]	0.49436649978160857	0.02595708519220352
653	x307	252	0.004208682889701957	0.004208682889701957	17.628748518367487	1.575004683275876e-69	0.5875447350402911	399540	101042	400000	1	0.01	459	88	1	[376, 274, 207, 59, 134, 178, 237, 117, 176, 144]	0.49436649978160857	0.02595708519220352
654	x292	239	-0.00418757424607513	0.00418757424607513	-17.530372511740563	8.916331892983947e-69	0.5875447350402911	399540	101042	400000	1	0.01	459	89	1	[376, 274, 207, 59, 134, 178, 237, 117, 176, 144]	0.49436649978160857	0.02595708519220352
655	x216	191	-0.004040534010254509	0.004040534010254509	-16.942899108508193	2.287210304035979e-64	0.5875447350402911	399540	101042	400000	1	0.01	459	90	1	[376, 274, 207, 59, 134, 178, 237, 117, 176, 144]	0.49436649978160857	0.02595708519220352
656	x579	447	-0.0036631366753583187	0.0036631366753583187	-15.356185464118465	3.3346343553797147e-53	0.5875447350402911	399540	101042	400000	1	0.01	459	91	1	[376, 274, 207, 59, 134, 178, 237, 117, 176, 144]	0.49436649978160857	0.02595708519220352
657	x488	383	0.0034803418150767358	0.0034803418150767358	14.585549143801229	3.571791818684019e-48	0.5875447350402911	399540	101042	400000	1	0.01	459	92	1	[376, 274, 207, 59, 134, 178, 237, 117, 176, 144]	0.49436649978160857	0.02595708519220352
658	x489	384	-0.003464661959236947	0.003464661959236947	-14.523244523964456	8.878495099568764e-48	0.5875447350402911	399540	101042	400000	1	0.01	459	93	1	[376, 274, 207, 59, 134, 178, 237, 117, 176, 144]	0.49436649978160857	0.02595708519220352
659	x345	279	-0.0034453617675654323	0.0034453617675654323	-14.431601980611255	3.3647946811756217e-47	0.5875447350402911	399540	101042	400000	1	0.01	459	94	1	[376, 274, 207, 59, 134, 178, 237, 117, 176, 144]	0.49436649978160857	0.02595708519220352
660	x40	37	0.0034157269642086704	0.0034157269642086704	14.30393259569736	2.123266691177057e-46	0.5875447350402911	399540	101042	400000	1	0.01	459	95	1	[376, 274, 207, 59, 134, 178, 237, 117, 176, 144]	0.49436649978160857	0.02595708519220352
661	x289	236	0.0031897020709652935	0.0031897020709652935	13.374671015252646	8.676754976702079e-41	0.5875447350402911	399540	101042	400000	1	0.01	459	96	1	[376, 274, 207, 59, 134, 178, 237, 117, 176, 144]	0.49436649978160857	0.02595708519220352
662	x301	246	0.003142797032503521	0.003142797032503521	13.181310721161523	1.145884393922589e-39	0.5875447350402911	399540	101042	400000	1	0.01	459	97	1	[376, 274, 207, 59, 134, 178, 237, 117, 176, 144]	0.49436649978160857	0.02595708519220352
663	x414	323	-0.002963081704963941	0.002963081704963941	-12.430916043708478	1.8029495428186957e-35	0.5875447350402911	399540	101042	400000	1	0.01	459	98	1	[376, 274, 207, 59, 134, 178, 237, 117, 176, 144]	0.49436649978160857	0.02595708519220352
664	x41	38	-0.0028743073248861865	0.0028743073248861865	-12.036542310090326	2.3138624890943712e-33	0.5875447350402911	399540	101042	400000	1	0.01	459	99	1	[376, 274, 207, 59, 134, 178, 237, 117, 176, 144]	0.49436649978160857	0.02595708519220352
665	x557	425	0.0028694483619061415	0.0028694483619061415	12.022968798598303	2.727152280441973e-33	0.5875447350402911	399540	101042	400000	1	0.01	459	100	1	[376, 274, 207, 59, 134, 178, 237, 117, 176, 144]	0.49436649978160857	0.02595708519220352
666	x74	67	-0.002862479771111386	0.002862479771111386	-11.986019475145001	4.2617995350520426e-33	0.5875447350402911	399540	101042	400000	1	0.01	459	101	1	[376, 274, 207, 59, 134, 178, 237, 117, 176, 144]	0.49436649978160857	0.02595708519220352
667	x587	455	0.002729465106735713	0.002729465106735713	11.436805489460612	2.7677273337264276e-30	0.5875447350402911	399540	101042	400000	1	0.01	459	102	1	[376, 274, 207, 59, 134, 178, 237, 117, 176, 144]	0.49436649978160857	0.02595708519220352
668	x268	217	0.0026926631090320756	0.0026926631090320756	11.293202841079966	1.4324722150439292e-29	0.5875447350402911	399540	101042	400000	1	0.01	459	103	1	[376, 274, 207, 59, 134, 178, 237, 117, 176, 144]	0.49436649978160857	0.02595708519220352
669	x224	198	0.0026805726010221804	0.0026805726010221804	11.228556328456651	2.9826113891846204e-29	0.5875447350402911	399540	101042	400000	1	0.01	459	104	1	[376, 274, 207, 59, 134, 178, 237, 117, 176, 144]	0.49436649978160857	0.02595708519220352
670	x438	345	0.0025406553855771134	0.0025406553855771134	10.655810496916038	1.6516144642152235e-26	0.5875447350402911	399540	101042	400000	1	0.01	459	105	1	[376, 274, 207, 59, 134, 178, 237, 117, 176, 144]	0.49436649978160857	0.02595708519220352
671	x475	372	0.0025091536031688483	0.0025091536031688483	10.511967051853388	7.668371316266562e-26	0.5875447350402911	399540	101042	400000	1	0.01	459	106	1	[376, 274, 207, 59, 134, 178, 237, 117, 176, 144]	0.49436649978160857	0.02595708519220352
672	x212	187	0.0021409467636657313	0.0021409467636657313	8.981693013659564	2.677465594958306e-19	0.5875447350402911	399540	101042	400000	1	0.01	459	107	1	[376, 274, 207, 59, 134, 178, 237, 117, 176, 144]	0.49436649978160857	0.02595708519220352
673	x337	272	0.002018468615269529	0.002018468615269529	8.461536128040752	2.6474952657285125e-17	0.5875447350402911	399540	101042	400000	1	0.01	459	108	1	[376, 274, 207, 59, 134, 178, 237, 117, 176, 144]	0.49436649978160857	0.02595708519220352
674	x433	340	-0.0020051444109037797	0.0020051444109037797	-8.4004824211099	4.460747632715149e-17	0.5875447350402911	399540	101042	400000	1	0.01	459	109	1	[376, 274, 207, 59, 134, 178, 237, 117, 176, 144]	0.49436649978160857	0.02595708519220352
675	x106	96	0.0012201225760809966	0.0012201225760809966	5.114131189770841	3.1533335562432485e-07	0.5875447350402911	399540	101042	400000	1	0.01	459	110	1	[376, 274, 207, 59, 134, 178, 237, 117, 176, 144]	0.49436649978160857	0.02595708519220352
676	x32	29	0.00065939612271061	0.00065939612271061	2.7631941515055316	0.005724132636781459	0.5875447350402911	399540	101042	400000	1	0.01	459	111	1	[376, 274, 207, 59, 134, 178, 237, 117, 176, 144]	0.49436649978160857	0.02595708519220352
677	x325	266	0.0006274469243270357	0.0006274469243270357	2.632284380159469	0.00848160991900354	0.5875447350402911	399540	101042	400000	1	0.01	459	112	1	[376, 274, 207, 59, 134, 178, 237, 117, 176, 144]	0.49436649978160857	0.02595708519220352
678	x99	89	0.0006099811769511521	0.0006099811769511521	2.5566377978318786	0.010569286416702108	0.5875447350402911	399540	101042	400000	1	0.01	459	113	1	[376, 274, 207, 59, 134, 178, 237, 117, 176, 144]	0.49436649978160857	0.02595708519220352
679	x562	430	0.0006042479036865398	0.0006042479036865398	2.5317851095153032	0.011348731492251556	0.5875447350402911	399540	101042	400000	1	0.01	459	114	1	[376, 274, 207, 59, 134, 178, 237, 117, 176, 144]	0.49436649978160857	0.02595708519220352
680	x520	400	0.0005937307574116435	0.0005937307574116435	2.4876485898714176	0.012859476891165575	0.5875447350402911	399540	101042	400000	1	0.01	459	115	1	[376, 274, 207, 59, 134, 178, 237, 117, 176, 144]	0.49436649978160857	0.02595708519220352
681	x173	159	-0.000589548589872878	0.000589548589872878	-2.4687203181154875	0.013560130434942324	0.5875447350402911	399540	101042	400000	1	0.01	459	116	1	[376, 274, 207, 59, 134, 178, 237, 117, 176, 144]	0.49436649978160857	0.02595708519220352
682	x367	298	-0.0005800070655095018	0.0005800070655095018	-2.429010700125097	0.015140523445648878	0.5875447350402911	399540	101042	400000	1	0.01	459	117	1	[376, 274, 207, 59, 134, 178, 237, 117, 176, 144]	0.49436649978160857	0.02595708519220352
683	x219	194	-0.0005715654313968182	0.0005715654313968182	-2.395455872472601	0.016600169533981312	0.5875447350402911	399540	101042	400000	1	0.01	459	118	1	[376, 274, 207, 59, 134, 178, 237, 117, 176, 144]	0.49436649978160857	0.02595708519220352
684	x548	416	-0.0005612037060211774	0.0005612037060211774	-2.348473080613454	0.01885104637779578	0.5875447350402911	399540	101042	400000	1	0.01	459	119	1	[376, 274, 207, 59, 134, 178, 237, 117, 176, 144]	0.49436649978160857	0.02595708519220352
685	x16	13	0.0005538967715483634	0.0005538967715483634	2.321264980461065	0.02027304750996603	0.5875447350402911	399540	101042	400000	1	0.01	459	120	1	[376, 274, 207, 59, 134, 178, 237, 117, 176, 144]	0.49436649978160857	0.02595708519220352
686	x582	450	-0.0005385125682638104	0.0005385125682638104	-2.2564153138813547	0.024045171577826437	0.5875447350402911	399540	101042	400000	1	0.01	459	121	1	[376, 274, 207, 59, 134, 178, 237, 117, 176, 144]	0.49436649978160857	0.02595708519220352
687	x121	111	-0.0005291648911448663	0.0005291648911448663	-2.216893276327917	0.02663094612254651	0.5875447350402911	399540	101042	400000	1	0.01	459	122	1	[376, 274, 207, 59, 134, 178, 237, 117, 176, 144]	0.49436649978160857	0.02595708519220352
688	x165	151	-0.0005120461460998608	0.0005120461460998608	-2.144294721542898	0.03200988093555709	0.5875447350402911	399540	101042	400000	1	0.01	459	123	1	[376, 274, 207, 59, 134, 178, 237, 117, 176, 144]	0.49436649978160857	0.02595708519220352
689	x255	215	-0.0005109561195304205	0.0005109561195304205	-2.142511659055274	0.032152933908321676	0.5875447350402911	399540	101042	400000	1	0.01	459	124	1	[376, 274, 207, 59, 134, 178, 237, 117, 176, 144]	0.49436649978160857	0.02595708519220352
690	x203	180	0.000509733176339728	0.000509733176339728	2.1357514856636053	0.03270028151680118	0.5875447350402911	399540	101042	400000	1	0.01	459	125	1	[376, 274, 207, 59, 134, 178, 237, 117, 176, 144]	0.49436649978160857	0.02595708519220352
691	x355	288	0.0005012875013203595	0.0005012875013203595	2.100973171181985	0.03564394624569462	0.5875447350402911	399540	101042	400000	1	0.01	459	126	1	[376, 274, 207, 59, 134, 178, 237, 117, 176, 144]	0.49436649978160857	0.02595708519220352
692	x424	331	0.00048248444746875756	0.00048248444746875756	2.0192795906004055	0.043458834366472875	0.5875447350402911	399540	101042	400000	1	0.01	459	127	1	[376, 274, 207, 59, 134, 178, 237, 117, 176, 144]	0.49436649978160857	0.02595708519220352
693	x442	349	-0.0004801892412101316	0.0004801892412101316	-2.009808571110585	0.04445212428871629	0.5875447350402911	399540	101042	400000	1	0.01	459	128	1	[376, 274, 207, 59, 134, 178, 237, 117, 176, 144]	0.49436649978160857	0.02595708519220352
694	x410	319	-0.0004696844013313701	0.0004696844013313701	-1.969069234904727	0.048945831096335095	0.5875447350402911	399540	101042	400000	1	0.01	459	129	1	[376, 274, 207, 59, 134, 178, 237, 117, 176, 144]	0.49436649978160857	0.02595708519220352
695	x546	414	-0.000465858538084201	0.000465858538084201	-1.9522308136540771	0.050911504827462414	0.5875447350402911	399540	101042	400000	1	0.01	459	130	1	[376, 274, 207, 59, 134, 178, 237, 117, 176, 144]	0.49436649978160857	0.02595708519220352
696	x204	181	0.0004602070251032142	0.0004602070251032142	1.9273889973182552	0.05393187787972646	0.5875447350402911	399540	101042	400000	1	0.01	459	131	1	[376, 274, 207, 59, 134, 178, 237, 117, 176, 144]	0.49436649978160857	0.02595708519220352
697	x455	359	-0.00045992614300868274	0.00045992614300868274	-1.9268043092726461	0.05400473059007856	0.5875447350402911	399540	101042	400000	1	0.01	459	132	1	[376, 274, 207, 59, 134, 178, 237, 117, 176, 144]	0.49436649978160857	0.02595708519220352
698	x565	433	0.00045205268067587535	0.00045205268067587535	1.8929114531171654	0.05837036791475511	0.5875447350402911	399540	101042	400000	1	0.01	459	133	1	[376, 274, 207, 59, 134, 178, 237, 117, 176, 144]	0.49436649978160857	0.02595708519220352
699	x109	99	0.0004459629303026005	0.0004459629303026005	1.8689035412870576	0.061636966642808086	0.5875447350402911	399540	101042	400000	1	0.01	459	134	1	[376, 274, 207, 59, 134, 178, 237, 117, 176, 144]	0.49436649978160857	0.02595708519220352
700	x358	291	0.00044133550138808226	0.00044133550138808226	1.8490821139719826	0.06444669482123878	0.5875447350402911	399540	101042	400000	1	0.01	459	135	1	[376, 274, 207, 59, 134, 178, 237, 117, 176, 144]	0.49436649978160857	0.02595708519220352
701	x201	178	0.000434898236185446	0.000434898236185446	1.82172406556077	0.06849761184550694	0.5875447350402911	399540	101042	400000	1	0.01	459	136	1	[376, 274, 207, 59, 134, 178, 237, 117, 176, 144]	0.49436649978160857	0.02595708519220352
702	x114	104	-0.00042983190891930076	0.00042983190891930076	-1.8020024418705471	0.0715457748300014	0.5875447350402911	399540	101042	400000	1	0.01	459	137	1	[376, 274, 207, 59, 134, 178, 237, 117, 176, 144]	0.49436649978160857	0.02595708519220352
703	x162	148	-0.00043050441124334944	0.00043050441124334944	-1.8008946669147539	0.07172023752840755	0.5875447350402911	399540	101042	400000	1	0.01	459	138	1	[376, 274, 207, 59, 134, 178, 237, 117, 176, 144]	0.49436649978160857	0.02595708519220352
704	x39	36	0.00042239752167647977	0.00042239752167647977	1.7695511682464433	0.07680270231662897	0.5875447350402911	399540	101042	400000	1	0.01	459	139	1	[376, 274, 207, 59, 134, 178, 237, 117, 176, 144]	0.49436649978160857	0.02595708519220352
705	x122	112	0.0004098290666243167	0.0004098290666243167	1.7157394372678214	0.08621051847476813	0.5875447350402911	399540	101042	400000	1	0.01	459	140	1	[376, 274, 207, 59, 134, 178, 237, 117, 176, 144]	0.49436649978160857	0.02595708519220352
706	x48	44	0.0004035991438479824	0.0004035991438479824	1.690987191706751	0.09084002888677123	0.5875447350402911	399540	101042	400000	1	0.01	459	141	1	[376, 274, 207, 59, 134, 178, 237, 117, 176, 144]	0.49436649978160857	0.02595708519220352
707	x281	229	0.0004029527676288699	0.0004029527676288699	1.690006731001635	0.09102744703553592	0.5875447350402911	399540	101042	400000	1	0.01	459	142	1	[376, 274, 207, 59, 134, 178, 237, 117, 176, 144]	0.49436649978160857	0.02595708519220352
708	x103	93	0.0004002942072833728	0.0004002942072833728	1.67674704927779	0.09359273833215166	0.5875447350402911	399540	101042	400000	1	0.01	459	143	1	[376, 274, 207, 59, 134, 178, 237, 117, 176, 144]	0.49436649978160857	0.02595708519220352
709	x542	410	0.0003980238259619372	0.0003980238259619372	1.6667197508081315	0.09557092751131196	0.5875447350402911	399540	101042	400000	1	0.01	459	144	1	[376, 274, 207, 59, 134, 178, 237, 117, 176, 144]	0.49436649978160857	0.02595708519220352
710	x335	270	-0.00039282400825440026	0.00039282400825440026	-1.6471384455609672	0.09953037885120983	0.5875447350402911	399540	101042	400000	1	0.01	459	145	1	[376, 274, 207, 59, 134, 178, 237, 117, 176, 144]	0.49436649978160857	0.02595708519220352
711	x171	157	0.00039322208032133176	0.00039322208032133176	1.6471179783526766	0.09953458487430648	0.5875447350402911	399540	101042	400000	1	0.01	459	146	1	[376, 274, 207, 59, 134, 178, 237, 117, 176, 144]	0.49436649978160857	0.02595708519220352
712	x62	56	-0.00039198714329852425	0.00039198714329852425	-1.6423034974659867	0.10052790963719348	0.5875447350402911	399540	101042	400000	1	0.01	459	147	1	[376, 274, 207, 59, 134, 178, 237, 117, 176, 144]	0.49436649978160857	0.02595708519220352
713	x202	179	0.00038160226998030074	0.00038160226998030074	1.5978920035975976	0.11006780479872036	0.5875447350402911	399540	101042	400000	1	0.01	459	148	1	[376, 274, 207, 59, 134, 178, 237, 117, 176, 144]	0.49436649978160857	0.02595708519220352
714	x385	305	-0.0003804548505212873	0.0003804548505212873	-1.5949603689256227	0.11072188934702881	0.5875447350402911	399540	101042	400000	1	0.01	459	149	1	[376, 274, 207, 59, 134, 178, 237, 117, 176, 144]	0.49436649978160857	0.02595708519220352
715	x435	342	0.0003768344164886696	0.0003768344164886696	1.5792745738871927	0.11427388288311449	0.5875447350402911	399540	101042	400000	1	0.01	459	150	1	[376, 274, 207, 59, 134, 178, 237, 117, 176, 144]	0.49436649978160857	0.02595708519220352
716	x540	408	0.00037469755672208223	0.00037469755672208223	1.5725352231739376	0.11582726884922538	0.5875447350402911	399540	101042	400000	1	0.01	459	151	1	[376, 274, 207, 59, 134, 178, 237, 117, 176, 144]	0.49436649978160857	0.02595708519220352
717	x511	395	0.00037358546816579385	0.00037358546816579385	1.564490153384103	0.11770329557519747	0.5875447350402911	399540	101042	400000	1	0.01	459	152	1	[376, 274, 207, 59, 134, 178, 237, 117, 176, 144]	0.49436649978160857	0.02595708519220352
718	x496	390	0.00037137249680522724	0.00037137249680522724	1.5557784095754874	0.11976158591836766	0.5875447350402911	399540	101042	400000	1	0.01	459	153	1	[376, 274, 207, 59, 134, 178, 237, 117, 176, 144]	0.49436649978160857	0.02595708519220352
719	x102	92	0.0003708108304525484	0.0003708108304525484	1.5537527671925868	0.12024419309945054	0.5875447350402911	399540	101042	400000	1	0.01	459	154	1	[376, 274, 207, 59, 134, 178, 237, 117, 176, 144]	0.49436649978160857	0.02595708519220352
720	x366	297	-0.000370643929603214	0.000370643929603214	-1.5514530008993188	0.12079395423183234	0.5875447350402911	399540	101042	400000	1	0.01	459	155	1	[376, 274, 207, 59, 134, 178, 237, 117, 176, 144]	0.49436649978160857	0.02595708519220352
721	x303	248	0.00036422167220022834	0.00036422167220022834	1.5241819429272223	0.12746405893725038	0.5875447350402911	399540	101042	400000	1	0.01	459	156	1	[376, 274, 207, 59, 134, 178, 237, 117, 176, 144]	0.49436649978160857	0.02595708519220352
722	x94	85	-0.00035976342022667575	0.00035976342022667575	-1.5056903754916147	0.13214746635769503	0.5875447350402911	399540	101042	400000	1	0.01	459	157	1	[376, 274, 207, 59, 134, 178, 237, 117, 176, 144]	0.49436649978160857	0.02595708519220352
723	x47	43	0.00035462259833028985	0.00035462259833028985	1.4858372607616046	0.1373229608135264	0.5875447350402911	399540	101042	400000	1	0.01	459	158	1	[376, 274, 207, 59, 134, 178, 237, 117, 176, 144]	0.49436649978160857	0.02595708519220352
724	x306	251	-0.0003531869618611935	0.0003531869618611935	-1.4787805422536924	0.13919976622087252	0.5875447350402911	399540	101042	400000	1	0.01	459	159	1	[376, 274, 207, 59, 134, 178, 237, 117, 176, 144]	0.49436649978160857	0.02595708519220352
725	x412	321	-0.00035075005111593363	0.00035075005111593363	-1.4699987077591672	0.14156289140310832	0.5875447350402911	399540	101042	400000	1	0.01	459	160	1	[376, 274, 207, 59, 134, 178, 237, 117, 176, 144]	0.49436649978160857	0.02595708519220352
726	x577	445	0.0003503652175468662	0.0003503652175468662	1.4664119146447685	0.14253688938578102	0.5875447350402911	399540	101042	400000	1	0.01	459	161	1	[376, 274, 207, 59, 134, 178, 237, 117, 176, 144]	0.49436649978160857	0.02595708519220352
727	x271	220	0.00034896373701061246	0.00034896373701061246	1.461486481166296	0.14388276932464822	0.5875447350402911	399540	101042	400000	1	0.01	459	162	1	[376, 274, 207, 59, 134, 178, 237, 117, 176, 144]	0.49436649978160857	0.02595708519220352
728	x84	76	-0.00034810643965584823	0.00034810643965584823	-1.458768939433447	0.14462950035719174	0.5875447350402911	399540	101042	400000	1	0.01	459	163	1	[376, 274, 207, 59, 134, 178, 237, 117, 176, 144]	0.49436649978160857	0.02595708519220352
729	x495	389	0.0003467352534156667	0.0003467352534156667	1.4533983380494753	0.14611397307588836	0.5875447350402911	399540	101042	400000	1	0.01	459	164	1	[376, 274, 207, 59, 134, 178, 237, 117, 176, 144]	0.49436649978160857	0.02595708519220352
730	x444	351	0.0003419009674834646	0.0003419009674834646	1.4326424966087046	0.15196081290852603	0.5875447350402911	399540	101042	400000	1	0.01	459	165	1	[376, 274, 207, 59, 134, 178, 237, 117, 176, 144]	0.49436649978160857	0.02595708519220352
731	x157	145	-0.0003400233353806277	0.0003400233353806277	-1.425117186330663	0.15412411061833084	0.5875447350402911	399540	101042	400000	1	0.01	459	166	1	[376, 274, 207, 59, 134, 178, 237, 117, 176, 144]	0.49436649978160857	0.02595708519220352
732	x26	23	-0.00033980377532873845	0.00033980377532873845	-1.423531855978369	0.15458281505955979	0.5875447350402911	399540	101042	400000	1	0.01	459	167	1	[376, 274, 207, 59, 134, 178, 237, 117, 176, 144]	0.49436649978160857	0.02595708519220352
733	x161	147	0.0003372449800632005	0.0003372449800632005	1.4142231777800516	0.15729716392797893	0.5875447350402911	399540	101042	400000	1	0.01	459	168	1	[376, 274, 207, 59, 134, 178, 237, 117, 176, 144]	0.49436649978160857	0.02595708519220352
734	x421	329	0.0003370751060476474	0.0003370751060476474	1.4130011821860962	0.15765615550218942	0.5875447350402911	399540	101042	400000	1	0.01	459	169	1	[376, 274, 207, 59, 134, 178, 237, 117, 176, 144]	0.49436649978160857	0.02595708519220352
735	x484	379	0.0003362570603554704	0.0003362570603554704	1.4078615628458118	0.15917284468100032	0.5875447350402911	399540	101042	400000	1	0.01	459	170	1	[376, 274, 207, 59, 134, 178, 237, 117, 176, 144]	0.49436649978160857	0.02595708519220352
736	x441	348	0.00033244600749542824	0.00033244600749542824	1.3928723165264272	0.16365918017171818	0.5875447350402911	399540	101042	400000	1	0.01	459	171	1	[376, 274, 207, 59, 134, 178, 237, 117, 176, 144]	0.49436649978160857	0.02595708519220352
737	x175	161	-0.00032981899802778824	0.00032981899802778824	-1.382577699510574	0.16679516357482907	0.5875447350402911	399540	101042	400000	1	0.01	459	172	1	[376, 274, 207, 59, 134, 178, 237, 117, 176, 144]	0.49436649978160857	0.02595708519220352
738	x107	97	0.0003240337401290269	0.0003240337401290269	1.358853174857237	0.17419388639371927	0.5875447350402911	399540	101042	400000	1	0.01	459	173	1	[376, 274, 207, 59, 134, 178, 237, 117, 176, 144]	0.49436649978160857	0.02595708519220352
739	x205	182	-0.00032446093667823237	0.00032446093667823237	-1.3586608658164783	0.17425484537441974	0.5875447350402911	399540	101042	400000	1	0.01	459	174	1	[376, 274, 207, 59, 134, 178, 237, 117, 176, 144]	0.49436649978160857	0.02595708519220352
740	x208	184	0.000322570003853056	0.000322570003853056	1.3506363628055094	0.17681271152416567	0.5875447350402911	399540	101042	400000	1	0.01	459	175	1	[376, 274, 207, 59, 134, 178, 237, 117, 176, 144]	0.49436649978160857	0.02595708519220352
741	x272	221	-0.0003219349228944655	0.0003219349228944655	-1.3503729360527907	0.17689715241475906	0.5875447350402911	399540	101042	400000	1	0.01	459	176	1	[376, 274, 207, 59, 134, 178, 237, 117, 176, 144]	0.49436649978160857	0.02595708519220352
742	x563	431	0.000318901637597811	0.000318901637597811	1.3371589940433073	0.18117150506664728	0.5875447350402911	399540	101042	400000	1	0.01	459	177	1	[376, 274, 207, 59, 134, 178, 237, 117, 176, 144]	0.49436649978160857	0.02595708519220352
743	x290	237	-0.00031794349696701767	0.00031794349696701767	-1.333732333552312	0.18229235444551029	0.5875447350402911	399540	101042	400000	1	0.01	459	178	1	[376, 274, 207, 59, 134, 178, 237, 117, 176, 144]	0.49436649978160857	0.02595708519220352
744	x445	352	-0.0003166022363390352	0.0003166022363390352	-1.3268110015554904	0.18457196856814462	0.5875447350402911	399540	101042	400000	1	0.01	459	179	1	[376, 274, 207, 59, 134, 178, 237, 117, 176, 144]	0.49436649978160857	0.02595708519220352
745	x417	325	0.0003162281527359286	0.0003162281527359286	1.3258005161877338	0.18490653998573736	0.5875447350402911	399540	101042	400000	1	0.01	459	180	1	[376, 274, 207, 59, 134, 178, 237, 117, 176, 144]	0.49436649978160857	0.02595708519220352
746	x105	95	0.0003113783586472028	0.0003113783586472028	1.3057223038785186	0.19164776210024947	0.5875447350402911	399540	101042	400000	1	0.01	459	181	1	[376, 274, 207, 59, 134, 178, 237, 117, 176, 144]	0.49436649978160857	0.02595708519220352
747	x340	275	0.0003105215993361017	0.0003105215993361017	1.3013011266878824	0.193156152117989	0.5875447350402911	399540	101042	400000	1	0.01	459	182	1	[376, 274, 207, 59, 134, 178, 237, 117, 176, 144]	0.49436649978160857	0.02595708519220352
748	x67	61	0.0003036960211433288	0.0003036960211433288	1.2725453843109382	0.20318015014483162	0.5875447350402911	399540	101042	400000	1	0.01	459	183	1	[376, 274, 207, 59, 134, 178, 237, 117, 176, 144]	0.49436649978160857	0.02595708519220352
749	x45	41	0.000302892292226364	0.000302892292226364	1.2707371338787146	0.203822920180267	0.5875447350402911	399540	101042	400000	1	0.01	459	184	1	[376, 274, 207, 59, 134, 178, 237, 117, 176, 144]	0.49436649978160857	0.02595708519220352
750	x252	212	0.00030306930706818235	0.00030306930706818235	1.2678720491933957	0.20484438600004182	0.5875447350402911	399540	101042	400000	1	0.01	459	185	1	[376, 274, 207, 59, 134, 178, 237, 117, 176, 144]	0.49436649978160857	0.02595708519220352
751	x184	168	0.00030231019814537757	0.00030231019814537757	1.2658930521386922	0.2055521123321506	0.5875447350402911	399540	101042	400000	1	0.01	459	186	1	[376, 274, 207, 59, 134, 178, 237, 117, 176, 144]	0.49436649978160857	0.02595708519220352
752	x310	255	-0.00030073047628746615	0.00030073047628746615	-1.2598378293202483	0.2077286059305556	0.5875447350402911	399540	101042	400000	1	0.01	459	187	1	[376, 274, 207, 59, 134, 178, 237, 117, 176, 144]	0.49436649978160857	0.02595708519220352
753	x197	174	0.0003000209363982603	0.0003000209363982603	1.2569654142776896	0.2087668943874283	0.5875447350402911	399540	101042	400000	1	0.01	459	188	1	[376, 274, 207, 59, 134, 178, 237, 117, 176, 144]	0.49436649978160857	0.02595708519220352
754	x206	183	-0.0002977552633969156	0.0002977552633969156	-1.246982801721247	0.21240453469840778	0.5875447350402911	399540	101042	400000	1	0.01	459	189	1	[376, 274, 207, 59, 134, 178, 237, 117, 176, 144]	0.49436649978160857	0.02595708519220352
755	x188	171	0.0002926346614024552	0.0002926346614024552	1.2265517330241231	0.2199918427878208	0.5875447350402911	399540	101042	400000	1	0.01	459	190	1	[376, 274, 207, 59, 134, 178, 237, 117, 176, 144]	0.49436649978160857	0.02595708519220352
756	x333	268	-0.00029068938660158826	0.00029068938660158826	-1.218713397596689	0.22295371068276545	0.5875447350402911	399540	101042	400000	1	0.01	459	191	1	[376, 274, 207, 59, 134, 178, 237, 117, 176, 144]	0.49436649978160857	0.02595708519220352
757	x389	309	0.0002891845658350379	0.0002891845658350379	1.2124033395764031	0.2253587400844798	0.5875447350402911	399540	101042	400000	1	0.01	459	192	1	[376, 274, 207, 59, 134, 178, 237, 117, 176, 144]	0.49436649978160857	0.02595708519220352
758	x112	102	0.00028842834947048247	0.00028842834947048247	1.208440621737663	0.22687853782833797	0.5875447350402911	399540	101042	400000	1	0.01	459	193	1	[376, 274, 207, 59, 134, 178, 237, 117, 176, 144]	0.49436649978160857	0.02595708519220352
759	x78	70	0.0002885584374425326	0.0002885584374425326	1.2080262972339288	0.22703786232427242	0.5875447350402911	399540	101042	400000	1	0.01	459	194	1	[376, 274, 207, 59, 134, 178, 237, 117, 176, 144]	0.49436649978160857	0.02595708519220352
760	x543	411	-0.0002862942122932366	0.0002862942122932366	-1.1997307736620484	0.23024462875561516	0.5875447350402911	399540	101042	400000	1	0.01	459	195	1	[376, 274, 207, 59, 134, 178, 237, 117, 176, 144]	0.49436649978160857	0.02595708519220352
761	x199	176	0.0002848899238331694	0.0002848899238331694	1.193615576063395	0.23262908694562937	0.5875447350402911	399540	101042	400000	1	0.01	459	196	1	[376, 274, 207, 59, 134, 178, 237, 117, 176, 144]	0.49436649978160857	0.02595708519220352
762	x443	350	-0.00028390995320536473	0.00028390995320536473	-1.190716813587418	0.23376548248970383	0.5875447350402911	399540	101042	400000	1	0.01	459	197	1	[376, 274, 207, 59, 134, 178, 237, 117, 176, 144]	0.49436649978160857	0.02595708519220352
763	x287	234	-0.00028247533327636703	0.00028247533327636703	-1.1831233824567156	0.2367609561567697	0.5875447350402911	399540	101042	400000	1	0.01	459	198	1	[376, 274, 207, 59, 134, 178, 237, 117, 176, 144]	0.49436649978160857	0.02595708519220352
764	x481	377	0.00027846695640636036	0.00027846695640636036	1.1663664463631553	0.24346701480166308	0.5875447350402911	399540	101042	400000	1	0.01	459	199	1	[376, 274, 207, 59, 134, 178, 237, 117, 176, 144]	0.49436649978160857	0.02595708519220352
765	x512	396	-0.0002775517908355055	0.0002775517908355055	-1.162636563265892	0.24497768394845432	0.5875447350402911	399540	101042	400000	1	0.01	459	200	1	[376, 274, 207, 59, 134, 178, 237, 117, 176, 144]	0.49436649978160857	0.02595708519220352
766	x249	209	0.00027384970162851245	0.00027384970162851245	1.1476496417368538	0.2511139150343713	0.5875447350402911	399540	101042	400000	1	0.01	459	201	1	[376, 274, 207, 59, 134, 178, 237, 117, 176, 144]	0.49436649978160857	0.02595708519220352
767	x209	185	0.00027263848326269344	0.00027263848326269344	1.1423738103939158	0.25329935716960084	0.5875447350402911	399540	101042	400000	1	0.01	459	202	1	[376, 274, 207, 59, 134, 178, 237, 117, 176, 144]	0.49436649978160857	0.02595708519220352
768	x485	380	0.000270095960778895	0.000270095960778895	1.1307077424492196	0.2581788002364134	0.5875447350402911	399540	101042	400000	1	0.01	459	203	1	[376, 274, 207, 59, 134, 178, 237, 117, 176, 144]	0.49436649978160857	0.02595708519220352
769	x80	72	0.0002670558447438182	0.0002670558447438182	1.1192777367070768	0.26302234350920306	0.5875447350402911	399540	101042	400000	1	0.01	459	204	1	[376, 274, 207, 59, 134, 178, 237, 117, 176, 144]	0.49436649978160857	0.02595708519220352
770	x152	140	0.00026625115864683776	0.00026625115864683776	1.1153621749351668	0.26469592253548263	0.5875447350402911	399540	101042	400000	1	0.01	459	205	1	[376, 274, 207, 59, 134, 178, 237, 117, 176, 144]	0.49436649978160857	0.02595708519220352
771	x346	280	-0.00026357729279184304	0.00026357729279184304	-1.1046294887571646	0.2693208331227857	0.5875447350402911	399540	101042	400000	1	0.01	459	206	1	[376, 274, 207, 59, 134, 178, 237, 117, 176, 144]	0.49436649978160857	0.02595708519220352
772	x298	243	0.0002630547340310346	0.0002630547340310346	1.1017122613462007	0.27058744834215237	0.5875447350402911	399540	101042	400000	1	0.01	459	207	1	[376, 274, 207, 59, 134, 178, 237, 117, 176, 144]	0.49436649978160857	0.02595708519220352
773	x408	317	-0.00026274412541785105	0.00026274412541785105	-1.1007970711213306	0.27098564995876273	0.5875447350402911	399540	101042	400000	1	0.01	459	208	1	[376, 274, 207, 59, 134, 178, 237, 117, 176, 144]	0.49436649978160857	0.02595708519220352
774	x226	200	0.00026260966831488994	0.00026260966831488994	1.099791328116412	0.2714237142246651	0.5875447350402911	399540	101042	400000	1	0.01	459	209	1	[376, 274, 207, 59, 134, 178, 237, 117, 176, 144]	0.49436649978160857	0.02595708519220352
775	x186	170	0.00026135114190376765	0.00026135114190376765	1.0954245031028478	0.273331364419455	0.5875447350402911	399540	101042	400000	1	0.01	459	210	1	[376, 274, 207, 59, 134, 178, 237, 117, 176, 144]	0.49436649978160857	0.02595708519220352
776	x211	186	0.000260466691188276	0.000260466691188276	1.0916429002133232	0.27499075020112695	0.5875447350402911	399540	101042	400000	1	0.01	459	211	1	[376, 274, 207, 59, 134, 178, 237, 117, 176, 144]	0.49436649978160857	0.02595708519220352
777	x468	365	0.0002600904121294956	0.0002600904121294956	1.0911666045712893	0.27520023768860946	0.5875447350402911	399540	101042	400000	1	0.01	459	212	1	[376, 274, 207, 59, 134, 178, 237, 117, 176, 144]	0.49436649978160857	0.02595708519220352
778	x279	227	0.00025884241763700003	0.00025884241763700003	1.0850227963840884	0.27791221348018813	0.5875447350402911	399540	101042	400000	1	0.01	459	213	1	[376, 274, 207, 59, 134, 178, 237, 117, 176, 144]	0.49436649978160857	0.02595708519220352
779	x583	451	0.0002537532872861213	0.0002537532872861213	1.0633930109573992	0.2876044036167377	0.5875447350402911	399540	101042	400000	1	0.01	459	214	1	[376, 274, 207, 59, 134, 178, 237, 117, 176, 144]	0.49436649978160857	0.02595708519220352
780	x357	290	0.00025291670612228527	0.00025291670612228527	1.0596451208775093	0.2893067187247071	0.5875447350402911	399540	101042	400000	1	0.01	459	215	1	[376, 274, 207, 59, 134, 178, 237, 117, 176, 144]	0.49436649978160857	0.02595708519220352
781	x568	436	0.0002521072251583763	0.0002521072251583763	1.0551532791890212	0.29135586604043845	0.5875447350402911	399540	101042	400000	1	0.01	459	216	1	[376, 274, 207, 59, 134, 178, 237, 117, 176, 144]	0.49436649978160857	0.02595708519220352
782	x166	152	-0.0002487904860407531	0.0002487904860407531	-1.042850901890125	0.29701798310786937	0.5875447350402911	399540	101042	400000	1	0.01	459	217	1	[376, 274, 207, 59, 134, 178, 237, 117, 176, 144]	0.49436649978160857	0.02595708519220352
783	x430	337	-0.00024766922639201386	0.00024766922639201386	-1.0387267307174648	0.29893247422269564	0.5875447350402911	399540	101042	400000	1	0.01	459	218	1	[376, 274, 207, 59, 134, 178, 237, 117, 176, 144]	0.49436649978160857	0.02595708519220352
784	x413	322	0.00024668542101118117	0.00024668542101118117	1.0335405222880283	0.3013516427875063	0.5875447350402911	399540	101042	400000	1	0.01	459	219	1	[376, 274, 207, 59, 134, 178, 237, 117, 176, 144]	0.49436649978160857	0.02595708519220352
785	x527	406	-0.0002450479769513521	0.0002450479769513521	-1.02657498255716	0.30462126069769985	0.5875447350402911	399540	101042	400000	1	0.01	459	220	1	[376, 274, 207, 59, 134, 178, 237, 117, 176, 144]	0.49436649978160857	0.02595708519220352
786	x217	192	-0.0002442821274640254	0.0002442821274640254	-1.0236652344261274	0.30599404130270313	0.5875447350402911	399540	101042	400000	1	0.01	459	221	1	[376, 274, 207, 59, 134, 178, 237, 117, 176, 144]	0.49436649978160857	0.02595708519220352
787	x222	196	-0.00024399764539941235	0.00024399764539941235	-1.0230297546398037	0.30629439706110945	0.5875447350402911	399540	101042	400000	1	0.01	459	222	1	[376, 274, 207, 59, 134, 178, 237, 117, 176, 144]	0.49436649978160857	0.02595708519220352
788	x384	304	0.00024023762744691224	0.00024023762744691224	1.005304482555361	0.31475086614338676	0.5875447350402911	399540	101042	400000	1	0.01	459	223	1	[376, 274, 207, 59, 134, 178, 237, 117, 176, 144]	0.49436649978160857	0.02595708519220352
789	x214	189	-0.00023989104666683275	0.00023989104666683275	-1.005149985917812	0.3148252425541876	0.5875447350402911	399540	101042	400000	1	0.01	459	224	1	[376, 274, 207, 59, 134, 178, 237, 117, 176, 144]	0.49436649978160857	0.02595708519220352
790	x251	211	-0.00023929767426070748	0.00023929767426070748	-1.0032346685451814	0.3157482570134869	0.5875447350402911	399540	101042	400000	1	0.01	459	225	1	[376, 274, 207, 59, 134, 178, 237, 117, 176, 144]	0.49436649978160857	0.02595708519220352
791	x174	160	-0.00023820432864434687	0.00023820432864434687	-0.9985512363962481	0.3180127372415314	0.5875447350402911	399540	101042	400000	1	0.01	459	226	1	[376, 274, 207, 59, 134, 178, 237, 117, 176, 144]	0.49436649978160857	0.02595708519220352
792	x57	51	0.00023626210515168363	0.00023626210515168363	0.9890789548458121	0.3226251123395306	0.5875447350402911	399540	101042	400000	1	0.01	459	227	1	[376, 274, 207, 59, 134, 178, 237, 117, 176, 144]	0.49436649978160857	0.02595708519220352
793	x79	71	-0.0002343339253127389	0.0002343339253127389	-0.9814589511686145	0.32636706180507713	0.5875447350402911	399540	101042	400000	1	0.01	459	228	1	[376, 274, 207, 59, 134, 178, 237, 117, 176, 144]	0.49436649978160857	0.02595708519220352
794	x297	242	0.00023349160867815527	0.00023349160867815527	0.9783582200729423	0.32789777670922415	0.5875447350402911	399540	101042	400000	1	0.01	459	229	1	[376, 274, 207, 59, 134, 178, 237, 117, 176, 144]	0.49436649978160857	0.02595708519220352
795	x353	286	-0.00023166752860563956	0.00023166752860563956	-0.9711994806156097	0.3314495404184502	0.5875447350402911	399540	101042	400000	1	0.01	459	230	1	[376, 274, 207, 59, 134, 178, 237, 117, 176, 144]	0.49436649978160857	0.02595708519220352
796	x95	86	0.00023119560415113668	0.00023119560415113668	0.9679845050980631	0.3330526941936417	0.5875447350402911	399540	101042	400000	1	0.01	459	231	1	[376, 274, 207, 59, 134, 178, 237, 117, 176, 144]	0.49436649978160857	0.02595708519220352
797	x500	393	0.00022825117995799583	0.00022825117995799583	0.9567889832057255	0.33867435286999537	0.5875447350402911	399540	101042	400000	1	0.01	459	232	1	[376, 274, 207, 59, 134, 178, 237, 117, 176, 144]	0.49436649978160857	0.02595708519220352
798	x134	124	0.00022795446508476567	0.00022795446508476567	0.9560130648976212	0.3390662123007655	0.5875447350402911	399540	101042	400000	1	0.01	459	233	1	[376, 274, 207, 59, 134, 178, 237, 117, 176, 144]	0.49436649978160857	0.02595708519220352
799	x113	103	-0.00022715559981014889	0.00022715559981014889	-0.9515680180976456	0.34131668329652176	0.5875447350402911	399540	101042	400000	1	0.01	459	234	1	[376, 274, 207, 59, 134, 178, 237, 117, 176, 144]	0.49436649978160857	0.02595708519220352
800	x73	66	-0.00022626232391274217	0.00022626232391274217	-0.948405707420419	0.34292352861755937	0.5875447350402911	399540	101042	400000	1	0.01	459	235	1	[376, 274, 207, 59, 134, 178, 237, 117, 176, 144]	0.49436649978160857	0.02595708519220352
801	x240	204	-0.00022425425610431623	0.00022425425610431623	-0.9412693869115772	0.34656739564837535	0.5875447350402911	399540	101042	400000	1	0.01	459	236	1	[376, 274, 207, 59, 134, 178, 237, 117, 176, 144]	0.49436649978160857	0.02595708519220352
802	x29	26	-0.00022225995160257301	0.00022225995160257301	-0.9315164561076507	0.35158703907512523	0.5875447350402911	399540	101042	400000	1	0.01	459	237	1	[376, 274, 207, 59, 134, 178, 237, 117, 176, 144]	0.49436649978160857	0.02595708519220352
803	x556	424	0.0002218643164786283	0.0002218643164786283	0.9295824249095672	0.3525878922227804	0.5875447350402911	399540	101042	400000	1	0.01	459	238	1	[376, 274, 207, 59, 134, 178, 237, 117, 176, 144]	0.49436649978160857	0.02595708519220352
804	x4	3	-0.00022132365546358447	0.00022132365546358447	-0.927902008780232	0.35345896286356815	0.5875447350402911	399540	101042	400000	1	0.01	459	239	1	[376, 274, 207, 59, 134, 178, 237, 117, 176, 144]	0.49436649978160857	0.02595708519220352
805	x90	81	0.00021584289296430027	0.00021584289296430027	0.9052360222094256	0.3653409078591703	0.5875447350402911	399540	101042	400000	1	0.01	459	240	1	[376, 274, 207, 59, 134, 178, 237, 117, 176, 144]	0.49436649978160857	0.02595708519220352
806	x356	289	0.0002154545888231548	0.0002154545888231548	0.9032389927769747	0.36639961178032054	0.5875447350402911	399540	101042	400000	1	0.01	459	241	1	[376, 274, 207, 59, 134, 178, 237, 117, 176, 144]	0.49436649978160857	0.02595708519220352
807	x63	57	-0.00021532383651446586	0.00021532383651446586	-0.901783030056852	0.36717267974061785	0.5875447350402911	399540	101042	400000	1	0.01	459	242	1	[376, 274, 207, 59, 134, 178, 237, 117, 176, 144]	0.49436649978160857	0.02595708519220352
808	x428	335	-0.00021308664787901067	0.00021308664787901067	-0.892964971161318	0.37187646945591013	0.5875447350402911	399540	101042	400000	1	0.01	459	243	1	[376, 274, 207, 59, 134, 178, 237, 117, 176, 144]	0.49436649978160857	0.02595708519220352
809	x253	213	-0.00021255297617694344	0.00021255297617694344	-0.8890509343440235	0.37397624190335477	0.5875447350402911	399540	101042	400000	1	0.01	459	244	1	[376, 274, 207, 59, 134, 178, 237, 117, 176, 144]	0.49436649978160857	0.02595708519220352
810	x270	219	0.00021008136239352994	0.00021008136239352994	0.8808370080659517	0.3784065757424673	0.5875447350402911	399540	101042	400000	1	0.01	459	245	1	[376, 274, 207, 59, 134, 178, 237, 117, 176, 144]	0.49436649978160857	0.02595708519220352
811	x60	54	-0.00020818528739690215	0.00020818528739690215	-0.8721290352059299	0.38313851202274607	0.5875447350402911	399540	101042	400000	1	0.01	459	246	1	[376, 274, 207, 59, 134, 178, 237, 117, 176, 144]	0.49436649978160857	0.02595708519220352
812	x77	69	0.00020748762535582015	0.00020748762535582015	0.8703612881031153	0.3841035182231306	0.5875447350402911	399540	101042	400000	1	0.01	459	247	1	[376, 274, 207, 59, 134, 178, 237, 117, 176, 144]	0.49436649978160857	0.02595708519220352
813	x19	16	-0.00020753820590886307	0.00020753820590886307	-0.8690220842464499	0.3848355736127005	0.5875447350402911	399540	101042	400000	1	0.01	459	248	1	[376, 274, 207, 59, 134, 178, 237, 117, 176, 144]	0.49436649978160857	0.02595708519220352
814	x229	202	0.00020726357550158216	0.00020726357550158216	0.8688032011366886	0.3849553037895278	0.5875447350402911	399540	101042	400000	1	0.01	459	249	1	[376, 274, 207, 59, 134, 178, 237, 117, 176, 144]	0.49436649978160857	0.02595708519220352
815	x239	203	0.00020567012140939244	0.00020567012140939244	0.8616976037063198	0.38885446174578775	0.5875447350402911	399540	101042	400000	1	0.01	459	250	1	[376, 274, 207, 59, 134, 178, 237, 117, 176, 144]	0.49436649978160857	0.02595708519220352
816	x3	2	0.0002053868052506835	0.0002053868052506835	0.8612155350040627	0.3891198623409191	0.5875447350402911	399540	101042	400000	1	0.01	459	251	1	[376, 274, 207, 59, 134, 178, 237, 117, 176, 144]	0.49436649978160857	0.02595708519220352
817	x458	362	-0.00020429905915618084	0.00020429905915618084	-0.8551369828708313	0.39247583056307267	0.5875447350402911	399540	101042	400000	1	0.01	459	252	1	[376, 274, 207, 59, 134, 178, 237, 117, 176, 144]	0.49436649978160857	0.02595708519220352
818	x501	394	-0.00020391803826560898	0.00020391803826560898	-0.8535068267265671	0.3933788151968346	0.5875447350402911	399540	101042	400000	1	0.01	459	253	1	[376, 274, 207, 59, 134, 178, 237, 117, 176, 144]	0.49436649978160857	0.02595708519220352
819	x312	257	0.00020131848825501286	0.00020131848825501286	0.8435390706232992	0.3989275291588785	0.5875447350402911	399540	101042	400000	1	0.01	459	254	1	[376, 274, 207, 59, 134, 178, 237, 117, 176, 144]	0.49436649978160857	0.02595708519220352
820	x361	293	-0.00020149251787420305	0.00020149251787420305	-0.8428549524456282	0.3993100746279108	0.5875447350402911	399540	101042	400000	1	0.01	459	255	1	[376, 274, 207, 59, 134, 178, 237, 117, 176, 144]	0.49436649978160857	0.02595708519220352
821	x362	294	0.00020076483559254758	0.00020076483559254758	0.8414873421185123	0.40007547687934586	0.5875447350402911	399540	101042	400000	1	0.01	459	256	1	[376, 274, 207, 59, 134, 178, 237, 117, 176, 144]	0.49436649978160857	0.02595708519220352
822	x275	224	-0.00019904711232942923	0.00019904711232942923	-0.83439802203034	0.40405723036728436	0.5875447350402911	399540	101042	400000	1	0.01	459	257	1	[376, 274, 207, 59, 134, 178, 237, 117, 176, 144]	0.49436649978160857	0.02595708519220352
823	x30	27	-0.00019760627559275198	0.00019760627559275198	-0.8278928125148464	0.40773170026981176	0.5875447350402911	399540	101042	400000	1	0.01	459	258	1	[376, 274, 207, 59, 134, 178, 237, 117, 176, 144]	0.49436649978160857	0.02595708519220352
824	x18	15	-0.00019748324805805544	0.00019748324805805544	-0.8274442253076386	0.4079858168074211	0.5875447350402911	399540	101042	400000	1	0.01	459	259	1	[376, 274, 207, 59, 134, 178, 237, 117, 176, 144]	0.49436649978160857	0.02595708519220352
825	x369	300	-0.0001958218227628698	0.0001958218227628698	-0.8203983216672384	0.4119895613854949	0.5875447350402911	399540	101042	400000	1	0.01	459	260	1	[376, 274, 207, 59, 134, 178, 237, 117, 176, 144]	0.49436649978160857	0.02595708519220352
826	x133	123	-0.00019547311875276502	0.00019547311875276502	-0.8184272631870678	0.41311374764170705	0.5875447350402911	399540	101042	400000	1	0.01	459	261	1	[376, 274, 207, 59, 134, 178, 237, 117, 176, 144]	0.49436649978160857	0.02595708519220352
827	x247	207	-0.00019436731317621289	0.00019436731317621289	-0.8139631312339785	0.4156665575377203	0.5875447350402911	399540	101042	400000	1	0.01	459	262	1	[376, 274, 207, 59, 134, 178, 237, 117, 176, 144]	0.49436649978160857	0.02595708519220352
828	x541	409	-0.00019428488655139463	0.00019428488655139463	-0.8136751246677861	0.41583157312845775	0.5875447350402911	399540	101042	400000	1	0.01	459	263	1	[376, 274, 207, 59, 134, 178, 237, 117, 176, 144]	0.49436649978160857	0.02595708519220352
829	x100	90	0.00019397659698391226	0.00019397659698391226	0.8130562833912318	0.416186273850921	0.5875447350402911	399540	101042	400000	1	0.01	459	264	1	[376, 274, 207, 59, 134, 178, 237, 117, 176, 144]	0.49436649978160857	0.02595708519220352
830	x296	241	0.00019241976458851383	0.00019241976458851383	0.8062089260420321	0.42012287268045423	0.5875447350402911	399540	101042	400000	1	0.01	459	265	1	[376, 274, 207, 59, 134, 178, 237, 117, 176, 144]	0.49436649978160857	0.02595708519220352
831	x547	415	0.00018969020738290624	0.00018969020738290624	0.7950883443841743	0.42656258651292134	0.5875447350402911	399540	101042	400000	1	0.01	459	266	1	[376, 274, 207, 59, 134, 178, 237, 117, 176, 144]	0.49436649978160857	0.02595708519220352
832	x360	292	-0.00018962013188230685	0.00018962013188230685	-0.7938596909833175	0.427277589719944	0.5875447350402911	399540	101042	400000	1	0.01	459	267	1	[376, 274, 207, 59, 134, 178, 237, 117, 176, 144]	0.49436649978160857	0.02595708519220352
833	x147	136	-0.00018880659934170107	0.00018880659934170107	-0.7909748336858313	0.42895914685429126	0.5875447350402911	399540	101042	400000	1	0.01	459	268	1	[376, 274, 207, 59, 134, 178, 237, 117, 176, 144]	0.49436649978160857	0.02595708519220352
834	x474	371	-0.00018530683078528745	0.00018530683078528745	-0.7769809340669316	0.43717047905803574	0.5875447350402911	399540	101042	400000	1	0.01	459	269	1	[376, 274, 207, 59, 134, 178, 237, 117, 176, 144]	0.49436649978160857	0.02595708519220352
835	x136	126	0.00018460748184569932	0.00018460748184569932	0.7729476754034764	0.4395538051716459	0.5875447350402911	399540	101042	400000	1	0.01	459	270	1	[376, 274, 207, 59, 134, 178, 237, 117, 176, 144]	0.49436649978160857	0.02595708519220352
836	x448	355	0.00018324044898862865	0.00018324044898862865	0.7666871466869579	0.4432680004938977	0.5875447350402911	399540	101042	400000	1	0.01	459	271	1	[376, 274, 207, 59, 134, 178, 237, 117, 176, 144]	0.49436649978160857	0.02595708519220352
837	x131	121	-0.00018282208782353557	0.00018282208782353557	-0.7663075018523646	0.4434938083843878	0.5875447350402911	399540	101042	400000	1	0.01	459	272	1	[376, 274, 207, 59, 134, 178, 237, 117, 176, 144]	0.49436649978160857	0.02595708519220352
838	x72	65	0.0001791929131126644	0.0001791929131126644	0.751295202243451	0.4524754584828652	0.5875447350402911	399540	101042	400000	1	0.01	459	273	1	[376, 274, 207, 59, 134, 178, 237, 117, 176, 144]	0.49436649978160857	0.02595708519220352
839	x368	299	-0.0001795439399463878	0.0001795439399463878	-0.7510988361621878	0.4525936184915651	0.5875447350402911	399540	101042	400000	1	0.01	459	274	1	[376, 274, 207, 59, 134, 178, 237, 117, 176, 144]	0.49436649978160857	0.02595708519220352
840	x416	324	0.00017873505825794425	0.00017873505825794425	0.7490250409855624	0.4538425536670706	0.5875447350402911	399540	101042	400000	1	0.01	459	275	1	[376, 274, 207, 59, 134, 178, 237, 117, 176, 144]	0.49436649978160857	0.02595708519220352
841	x392	312	-0.00017825896744138635	0.00017825896744138635	-0.747921297745502	0.45450807059862375	0.5875447350402911	399540	101042	400000	1	0.01	459	276	1	[376, 274, 207, 59, 134, 178, 237, 117, 176, 144]	0.49436649978160857	0.02595708519220352
842	x339	274	0.00017843236631340047	0.00017843236631340047	0.7477675322182373	0.454600829231542	0.5875447350402911	399540	101042	400000	1	0.01	459	277	1	[376, 274, 207, 59, 134, 178, 237, 117, 176, 144]	0.49436649978160857	0.02595708519220352
843	x143	132	0.00017786451465299832	0.00017786451465299832	0.7455607396907489	0.4559332452892272	0.5875447350402911	399540	101042	400000	1	0.01	459	278	1	[376, 274, 207, 59, 134, 178, 237, 117, 176, 144]	0.49436649978160857	0.02595708519220352
844	x317	259	0.00017598057897594713	0.00017598057897594713	0.7365805245811589	0.4613779145008693	0.5875447350402911	399540	101042	400000	1	0.01	459	279	1	[376, 274, 207, 59, 134, 178, 237, 117, 176, 144]	0.49436649978160857	0.02595708519220352
845	x351	284	-0.00017566455525083358	0.00017566455525083358	-0.7362974706031088	0.46155011748847574	0.5875447350402911	399540	101042	400000	1	0.01	459	280	1	[376, 274, 207, 59, 134, 178, 237, 117, 176, 144]	0.49436649978160857	0.02595708519220352
846	x93	84	0.0001752959941004898	0.0001752959941004898	0.733931560700565	0.46299088134677047	0.5875447350402911	399540	101042	400000	1	0.01	459	281	1	[376, 274, 207, 59, 134, 178, 237, 117, 176, 144]	0.49436649978160857	0.02595708519220352
847	x36	33	-0.00017460243052501692	0.00017460243052501692	-0.7310085777113876	0.46477434229719006	0.5875447350402911	399540	101042	400000	1	0.01	459	282	1	[376, 274, 207, 59, 134, 178, 237, 117, 176, 144]	0.49436649978160857	0.02595708519220352
848	x167	153	0.00017200759944995176	0.00017200759944995176	0.7203838187180892	0.47128913150500074	0.5875447350402911	399540	101042	400000	1	0.01	459	283	1	[376, 274, 207, 59, 134, 178, 237, 117, 176, 144]	0.49436649978160857	0.02595708519220352
849	x2	1	-0.0001718591998492762	0.0001718591998492762	-0.7201086235786839	0.4714585396180009	0.5875447350402911	399540	101042	400000	1	0.01	459	284	1	[376, 274, 207, 59, 134, 178, 237, 117, 176, 144]	0.49436649978160857	0.02595708519220352
850	x304	249	-0.00017149351411342947	0.00017149351411342947	-0.7183107508109302	0.4725661228353988	0.5875447350402911	399540	101042	400000	1	0.01	459	285	1	[376, 274, 207, 59, 134, 178, 237, 117, 176, 144]	0.49436649978160857	0.02595708519220352
851	x422	330	0.0001703834037211918	0.0001703834037211918	0.7132225676728761	0.47570846012548706	0.5875447350402911	399540	101042	400000	1	0.01	459	286	1	[376, 274, 207, 59, 134, 178, 237, 117, 176, 144]	0.49436649978160857	0.02595708519220352
852	x117	107	-0.0001696022446585887	0.0001696022446585887	-0.7105851753440646	0.47734174707667165	0.5875447350402911	399540	101042	400000	1	0.01	459	287	1	[376, 274, 207, 59, 134, 178, 237, 117, 176, 144]	0.49436649978160857	0.02595708519220352
853	x487	382	-0.00016603654493181296	0.00016603654493181296	-0.6948015502352115	0.48718008058374873	0.5875447350402911	399540	101042	400000	1	0.01	459	288	1	[376, 274, 207, 59, 134, 178, 237, 117, 176, 144]	0.49436649978160857	0.02595708519220352
854	x185	169	-0.00016296302193079354	0.00016296302193079354	-0.6819069218695036	0.4952982035496999	0.5875447350402911	399540	101042	400000	1	0.01	459	289	1	[376, 274, 207, 59, 134, 178, 237, 117, 176, 144]	0.49436649978160857	0.02595708519220352
855	x521	401	-0.00015857761990933293	0.00015857761990933293	-0.664593560431162	0.5063108727080412	0.5875447350402911	399540	101042	400000	1	0.01	459	290	1	[376, 274, 207, 59, 134, 178, 237, 117, 176, 144]	0.49436649978160857	0.02595708519220352
856	x550	418	0.00015619305130421102	0.00015619305130421102	0.654466959212832	0.5128113840717465	0.5875447350402911	399540	101042	400000	1	0.01	459	291	1	[376, 274, 207, 59, 134, 178, 237, 117, 176, 144]	0.49436649978160857	0.02595708519220352
857	x68	62	0.00015508471432526246	0.00015508471432526246	0.6498047937532457	0.5158186956386215	0.5875447350402911	399540	101042	400000	1	0.01	459	292	1	[376, 274, 207, 59, 134, 178, 237, 117, 176, 144]	0.49436649978160857	0.02595708519220352
858	x223	197	0.00015409033581324024	0.00015409033581324024	0.645887318461007	0.5183527039644936	0.5875447350402911	399540	101042	400000	1	0.01	459	293	1	[376, 274, 207, 59, 134, 178, 237, 117, 176, 144]	0.49436649978160857	0.02595708519220352
859	x305	250	-0.00015376782821119536	0.00015376782821119536	-0.6448723585048107	0.5190102760899944	0.5875447350402911	399540	101042	400000	1	0.01	459	294	1	[376, 274, 207, 59, 134, 178, 237, 117, 176, 144]	0.49436649978160857	0.02595708519220352
860	x338	273	-0.00015341392837724748	0.00015341392837724748	-0.6425446033601417	0.5205200071364338	0.5875447350402911	399540	101042	400000	1	0.01	459	295	1	[376, 274, 207, 59, 134, 178, 237, 117, 176, 144]	0.49436649978160857	0.02595708519220352
861	x498	392	0.0001529610487020886	0.0001529610487020886	0.6407966400138628	0.5216551837576731	0.5875447350402911	399540	101042	400000	1	0.01	459	296	1	[376, 274, 207, 59, 134, 178, 237, 117, 176, 144]	0.49436649978160857	0.02595708519220352
862	x135	125	0.00015222212373687408	0.00015222212373687408	0.6378017020871467	0.5236031369656033	0.5875447350402911	399540	101042	400000	1	0.01	459	297	1	[376, 274, 207, 59, 134, 178, 237, 117, 176, 144]	0.49436649978160857	0.02595708519220352
863	x248	208	0.00015106722423673653	0.00015106722423673653	0.6328726381899606	0.5268171793222631	0.5875447350402911	399540	101042	400000	1	0.01	459	298	1	[376, 274, 207, 59, 134, 178, 237, 117, 176, 144]	0.49436649978160857	0.02595708519220352
864	x409	318	-0.0001484488785139028	0.0001484488785139028	-0.6222926255963951	0.5337498244700686	0.5875447350402911	399540	101042	400000	1	0.01	459	299	1	[376, 274, 207, 59, 134, 178, 237, 117, 176, 144]	0.49436649978160857	0.02595708519220352
865	x590	458	-0.00014857387685223512	0.00014857387685223512	-0.6216370651541627	0.5341808977042339	0.5875447350402911	399540	101042	400000	1	0.01	459	300	1	[376, 274, 207, 59, 134, 178, 237, 117, 176, 144]	0.49436649978160857	0.02595708519220352
866	x49	45	0.00014755615487832042	0.00014755615487832042	0.6179526114098496	0.5366069290740851	0.5875447350402911	399540	101042	400000	1	0.01	459	301	1	[376, 274, 207, 59, 134, 178, 237, 117, 176, 144]	0.49436649978160857	0.02595708519220352
867	x300	245	0.00014733385698293476	0.00014733385698293476	0.6177111970753192	0.536766081785492	0.5875447350402911	399540	101042	400000	1	0.01	459	302	1	[376, 274, 207, 59, 134, 178, 237, 117, 176, 144]	0.49436649978160857	0.02595708519220352
868	x196	173	0.00014580819471670506	0.00014580819471670506	0.6110784612130424	0.5411479859130943	0.5875447350402911	399540	101042	400000	1	0.01	459	303	1	[376, 274, 207, 59, 134, 178, 237, 117, 176, 144]	0.49436649978160857	0.02595708519220352
869	x215	190	0.00014579062786982427	0.00014579062786982427	0.6104794922738508	0.5415445715086551	0.5875447350402911	399540	101042	400000	1	0.01	459	304	1	[376, 274, 207, 59, 134, 178, 237, 117, 176, 144]	0.49436649978160857	0.02595708519220352
870	x456	360	0.00014485074265724708	0.00014485074265724708	0.6071622543671663	0.5437435840354372	0.5875447350402911	399540	101042	400000	1	0.01	459	305	1	[376, 274, 207, 59, 134, 178, 237, 117, 176, 144]	0.49436649978160857	0.02595708519220352
871	x97	88	-0.0001446513528554594	0.0001446513528554594	-0.6064256382650622	0.5442324923854244	0.5875447350402911	399540	101042	400000	1	0.01	459	306	1	[376, 274, 207, 59, 134, 178, 237, 117, 176, 144]	0.49436649978160857	0.02595708519220352
872	x61	55	-0.00014328632394405968	0.00014328632394405968	-0.600379731761135	0.5482535329353871	0.5875447350402911	399540	101042	400000	1	0.01	459	307	1	[376, 274, 207, 59, 134, 178, 237, 117, 176, 144]	0.49436649978160857	0.02595708519220352
873	x393	313	0.00014230810590639399	0.00014230810590639399	0.5965532761943602	0.5508060121277321	0.5875447350402911	399540	101042	400000	1	0.01	459	308	1	[376, 274, 207, 59, 134, 178, 237, 117, 176, 144]	0.49436649978160857	0.02595708519220352
874	x69	63	0.00014107249703727498	0.00014107249703727498	0.591550256210369	0.5541521270879743	0.5875447350402911	399540	101042	400000	1	0.01	459	309	1	[376, 274, 207, 59, 134, 178, 237, 117, 176, 144]	0.49436649978160857	0.02595708519220352
875	x284	232	-0.00014031875550825064	0.00014031875550825064	-0.5884361470548292	0.5562399138417609	0.5875447350402911	399540	101042	400000	1	0.01	459	310	1	[376, 274, 207, 59, 134, 178, 237, 117, 176, 144]	0.49436649978160857	0.02595708519220352
876	x88	79	-0.00013686204055862308	0.00013686204055862308	-0.5737606699655746	0.5661300896539193	0.5875447350402911	399540	101042	400000	1	0.01	459	311	1	[376, 274, 207, 59, 134, 178, 237, 117, 176, 144]	0.49436649978160857	0.02595708519220352
877	x52	47	0.00013614425046075	0.00013614425046075	0.5707167148278443	0.5681920075366411	0.5875447350402911	399540	101042	400000	1	0.01	459	312	1	[376, 274, 207, 59, 134, 178, 237, 117, 176, 144]	0.49436649978160857	0.02595708519220352
878	x352	285	-0.00013599369456074493	0.00013599369456074493	-0.5700181925824315	0.5686656795733289	0.5875447350402911	399540	101042	400000	1	0.01	459	313	1	[376, 274, 207, 59, 134, 178, 237, 117, 176, 144]	0.49436649978160857	0.02595708519220352
879	x295	240	-0.00013563411604784295	0.00013563411604784295	-0.5681267422643311	0.5699492296592349	0.5875447350402911	399540	101042	400000	1	0.01	459	314	1	[376, 274, 207, 59, 134, 178, 237, 117, 176, 144]	0.49436649978160857	0.02595708519220352
880	x344	278	0.00013507318161832773	0.00013507318161832773	0.5659906761289519	0.5714004366940924	0.5875447350402911	399540	101042	400000	1	0.01	459	315	1	[376, 274, 207, 59, 134, 178, 237, 117, 176, 144]	0.49436649978160857	0.02595708519220352
881	x425	332	-0.00013435493020558993	0.00013435493020558993	-0.5629580222655042	0.5734637846369747	0.5875447350402911	399540	101042	400000	1	0.01	459	316	1	[376, 274, 207, 59, 134, 178, 237, 117, 176, 144]	0.49436649978160857	0.02595708519220352
882	x347	281	-0.00013200033352148144	0.00013200033352148144	-0.5533419335424604	0.5800296016206639	0.5875447350402911	399540	101042	400000	1	0.01	459	317	1	[376, 274, 207, 59, 134, 178, 237, 117, 176, 144]	0.49436649978160857	0.02595708519220352
883	x115	105	-0.00013151535047696892	0.00013151535047696892	-0.5511704434634335	0.5815171475234953	0.5875447350402911	399540	101042	400000	1	0.01	459	318	1	[376, 274, 207, 59, 134, 178, 237, 117, 176, 144]	0.49436649978160857	0.02595708519220352
884	x140	130	0.0001315888320249486	0.0001315888320249486	0.5510435007316509	0.5816041628530896	0.5875447350402911	399540	101042	400000	1	0.01	459	319	1	[376, 274, 207, 59, 134, 178, 237, 117, 176, 144]	0.49436649978160857	0.02595708519220352
885	x486	381	-0.00013113998767793603	0.00013113998767793603	-0.5496003857430973	0.582593801389451	0.5875447350402911	399540	101042	400000	1	0.01	459	320	1	[376, 274, 207, 59, 134, 178, 237, 117, 176, 144]	0.49436649978160857	0.02595708519220352
886	x427	334	0.00013094374597120057	0.00013094374597120057	0.5482687758513194	0.5835076701717306	0.5875447350402911	399540	101042	400000	1	0.01	459	321	1	[376, 274, 207, 59, 134, 178, 237, 117, 176, 144]	0.49436649978160857	0.02595708519220352
887	x476	373	0.00012929607414569936	0.00012929607414569936	0.5415541335223799	0.5881259980190431	0.5875447350402911	399540	101042	400000	1	0.01	459	322	1	[376, 274, 207, 59, 134, 178, 237, 117, 176, 144]	0.49436649978160857	0.02595708519220352
888	x220	195	-0.0001278720131752189	0.0001278720131752189	-0.5355721838028906	0.5922545555081167	0.5875447350402911	399540	101042	400000	1	0.01	459	323	1	[376, 274, 207, 59, 134, 178, 237, 117, 176, 144]	0.49436649978160857	0.02595708519220352
889	x22	19	-0.00012708706954246398	0.00012708706954246398	-0.5324079881471523	0.5944437498540667	0.5875447350402911	399540	101042	400000	1	0.01	459	324	1	[376, 274, 207, 59, 134, 178, 237, 117, 176, 144]	0.49436649978160857	0.02595708519220352
890	x12	10	-0.00012659453154900813	0.00012659453154900813	-0.5309772749691438	0.5954348221203625	0.5875447350402911	399540	101042	400000	1	0.01	459	325	1	[376, 274, 207, 59, 134, 178, 237, 117, 176, 144]	0.49436649978160857	0.02595708519220352
891	x81	73	-0.00012656221385218044	0.00012656221385218044	-0.5299862454286164	0.596121761867012	0.5875447350402911	399540	101042	400000	1	0.01	459	326	1	[376, 274, 207, 59, 134, 178, 237, 117, 176, 144]	0.49436649978160857	0.02595708519220352
892	x378	302	-0.00012482542350122577	0.00012482542350122577	-0.5221724973373604	0.6015505226374138	0.5875447350402911	399540	101042	400000	1	0.01	459	327	1	[376, 274, 207, 59, 134, 178, 237, 117, 176, 144]	0.49436649978160857	0.02595708519220352
893	x154	142	0.0001247036567137808	0.0001247036567137808	0.5219100262790636	0.6017332664073296	0.5875447350402911	399540	101042	400000	1	0.01	459	328	1	[376, 274, 207, 59, 134, 178, 237, 117, 176, 144]	0.49436649978160857	0.02595708519220352
894	x526	405	0.00012459142662165205	0.00012459142662165205	0.5217896944193194	0.6018170550535872	0.5875447350402911	399540	101042	400000	1	0.01	459	329	1	[376, 274, 207, 59, 134, 178, 237, 117, 176, 144]	0.49436649978160857	0.02595708519220352
895	x286	233	-0.0001206596044710142	0.0001206596044710142	-0.5055284785114078	0.6131879802490984	0.5875447350402911	399540	101042	400000	1	0.01	459	330	1	[376, 274, 207, 59, 134, 178, 237, 117, 176, 144]	0.49436649978160857	0.02595708519220352
896	x28	25	-0.00012015217826814386	0.00012015217826814386	-0.5030210650456881	0.6149497392739388	0.5875447350402911	399540	101042	400000	1	0.01	459	331	1	[376, 274, 207, 59, 134, 178, 237, 117, 176, 144]	0.49436649978160857	0.02595708519220352
897	x589	457	-0.00011967335743713125	0.00011967335743713125	-0.5015957022747711	0.615952219528371	0.5875447350402911	399540	101042	400000	1	0.01	459	332	1	[376, 274, 207, 59, 134, 178, 237, 117, 176, 144]	0.49436649978160857	0.02595708519220352
898	x469	366	0.00011736639672707976	0.00011736639672707976	0.4919279313656838	0.6227705622047213	0.5875447350402911	399540	101042	400000	1	0.01	459	333	1	[376, 274, 207, 59, 134, 178, 237, 117, 176, 144]	0.49436649978160857	0.02595708519220352
899	x586	454	-0.00011633820506278135	0.00011633820506278135	-0.4875184302916774	0.6258912527084464	0.5875447350402911	399540	101042	400000	1	0.01	459	334	1	[376, 274, 207, 59, 134, 178, 237, 117, 176, 144]	0.49436649978160857	0.02595708519220352
900	x149	138	-0.00011430747650109306	0.00011430747650109306	-0.4793752242161338	0.631671978232272	0.5875447350402911	399540	101042	400000	1	0.01	459	335	1	[376, 274, 207, 59, 134, 178, 237, 117, 176, 144]	0.49436649978160857	0.02595708519220352
901	x37	34	-0.00011396707621975752	0.00011396707621975752	-0.4775027156461471	0.6330044487409584	0.5875447350402911	399540	101042	400000	1	0.01	459	336	1	[376, 274, 207, 59, 134, 178, 237, 117, 176, 144]	0.49436649978160857	0.02595708519220352
902	x125	115	-0.00011336620004855591	0.00011336620004855591	-0.47557911498660244	0.6343745173276356	0.5875447350402911	399540	101042	400000	1	0.01	459	337	1	[376, 274, 207, 59, 134, 178, 237, 117, 176, 144]	0.49436649978160857	0.02595708519220352
903	x96	87	-0.00011183564486562614	0.00011183564486562614	-0.4681013171537715	0.6397123927315671	0.5875447350402911	399540	101042	400000	1	0.01	459	338	1	[376, 274, 207, 59, 134, 178, 237, 117, 176, 144]	0.49436649978160857	0.02595708519220352
904	x126	116	-0.0001108806560466396	0.0001108806560466396	-0.46465364383543545	0.6421797632530633	0.5875447350402911	399540	101042	400000	1	0.01	459	339	1	[376, 274, 207, 59, 134, 178, 237, 117, 176, 144]	0.49436649978160857	0.02595708519220352
905	x311	256	-0.00010985050453641707	0.00010985050453641707	-0.45999935349183074	0.6455169348672432	0.5875447350402911	399540	101042	400000	1	0.01	459	340	1	[376, 274, 207, 59, 134, 178, 237, 117, 176, 144]	0.49436649978160857	0.02595708519220352
906	x129	119	0.00010967280597113785	0.00010967280597113785	0.4595873224730107	0.6458127105852095	0.5875447350402911	399540	101042	400000	1	0.01	459	341	1	[376, 274, 207, 59, 134, 178, 237, 117, 176, 144]	0.49436649978160857	0.02595708519220352
907	x254	214	0.00010863020394245901	0.00010863020394245901	0.4552859496566371	0.6489037804666649	0.5875447350402911	399540	101042	400000	1	0.01	459	342	1	[376, 274, 207, 59, 134, 178, 237, 117, 176, 144]	0.49436649978160857	0.02595708519220352
908	x320	262	0.00010847507301036618	0.00010847507301036618	0.4545663463866925	0.6494214975482125	0.5875447350402911	399540	101042	400000	1	0.01	459	343	1	[376, 274, 207, 59, 134, 178, 237, 117, 176, 144]	0.49436649978160857	0.02595708519220352
909	x420	328	-0.00010801611124861827	0.00010801611124861827	-0.4529958117485783	0.6505520033787702	0.5875447350402911	399540	101042	400000	1	0.01	459	344	1	[376, 274, 207, 59, 134, 178, 237, 117, 176, 144]	0.49436649978160857	0.02595708519220352
910	x490	385	-0.00010784753881200172	0.00010784753881200172	-0.4524518940602281	0.6509437151396172	0.5875447350402911	399540	101042	400000	1	0.01	459	345	1	[376, 274, 207, 59, 134, 178, 237, 117, 176, 144]	0.49436649978160857	0.02595708519220352
911	x25	22	0.0001071989467371461	0.0001071989467371461	0.44926480739767516	0.6532408854307454	0.5875447350402911	399540	101042	400000	1	0.01	459	346	1	[376, 274, 207, 59, 134, 178, 237, 117, 176, 144]	0.49436649978160857	0.02595708519220352
912	x434	341	0.00010530115341389914	0.00010530115341389914	0.44098040134186406	0.6592274241262523	0.5875447350402911	399540	101042	400000	1	0.01	459	347	1	[376, 274, 207, 59, 134, 178, 237, 117, 176, 144]	0.49436649978160857	0.02595708519220352
913	x574	442	0.00010516085051271407	0.00010516085051271407	0.44048177820648493	0.6595884452307222	0.5875447350402911	399540	101042	400000	1	0.01	459	348	1	[376, 274, 207, 59, 134, 178, 237, 117, 176, 144]	0.49436649978160857	0.02595708519220352
914	x429	336	0.00010433614119241442	0.00010433614119241442	0.43717936701719345	0.6619815083047526	0.5875447350402911	399540	101042	400000	1	0.01	459	349	1	[376, 274, 207, 59, 134, 178, 237, 117, 176, 144]	0.49436649978160857	0.02595708519220352
915	x525	404	-0.00010289609707784445	0.00010289609707784445	-0.43083601889390727	0.666587840093207	0.5875447350402911	399540	101042	400000	1	0.01	459	350	1	[376, 274, 207, 59, 134, 178, 237, 117, 176, 144]	0.49436649978160857	0.02595708519220352
916	x364	296	0.00010111428272732783	0.00010111428272732783	0.42359923679287836	0.6718583400465461	0.5875447350402911	399540	101042	400000	1	0.01	459	351	1	[376, 274, 207, 59, 134, 178, 237, 117, 176, 144]	0.49436649978160857	0.02595708519220352
917	x274	223	9.92572414467715e-05	9.92572414467715e-05	0.41598914450450153	0.677418170148065	0.5875447350402911	399540	101042	400000	1	0.01	459	352	1	[376, 274, 207, 59, 134, 178, 237, 117, 176, 144]	0.49436649978160857	0.02595708519220352
918	x9	7	9.911421926189246e-05	9.911421926189246e-05	0.41510853196884223	0.6780626767769009	0.5875447350402911	399540	101042	400000	1	0.01	459	353	1	[376, 274, 207, 59, 134, 178, 237, 117, 176, 144]	0.49436649978160857	0.02595708519220352
919	x313	258	-9.88416723746245e-05	9.88416723746245e-05	-0.4147170803544098	0.6783492498100512	0.5875447350402911	399540	101042	400000	1	0.01	459	354	1	[376, 274, 207, 59, 134, 178, 237, 117, 176, 144]	0.49436649978160857	0.02595708519220352
920	x246	206	9.80487683066908e-05	9.80487683066908e-05	0.41054564557140655	0.6814059469089037	0.5875447350402911	399540	101042	400000	1	0.01	459	355	1	[376, 274, 207, 59, 134, 178, 237, 117, 176, 144]	0.49436649978160857	0.02595708519220352
921	x101	91	-9.78837207801752e-05	9.78837207801752e-05	-0.410237527314921	0.6816319346731101	0.5875447350402911	399540	101042	400000	1	0.01	459	356	1	[376, 274, 207, 59, 134, 178, 237, 117, 176, 144]	0.49436649978160857	0.02595708519220352
922	x169	155	-9.782849878844914e-05	9.782849878844914e-05	-0.4095555815224685	0.6821322058932986	0.5875447350402911	399540	101042	400000	1	0.01	459	357	1	[376, 274, 207, 59, 134, 178, 237, 117, 176, 144]	0.49436649978160857	0.02595708519220352
923	x453	357	-9.570354834953475e-05	9.570354834953475e-05	-0.4006518652817561	0.6886766685972074	0.5875447350402911	399540	101042	400000	1	0.01	459	358	1	[376, 274, 207, 59, 134, 178, 237, 117, 176, 144]	0.49436649978160857	0.02595708519220352
924	x383	303	8.970665177668254e-05	8.970665177668254e-05	0.37590759379792016	0.7069857944261955	0.5875447350402911	399540	101042	400000	1	0.01	459	359	1	[376, 274, 207, 59, 134, 178, 237, 117, 176, 144]	0.49436649978160857	0.02595708519220352
925	x470	367	8.93422992858192e-05	8.93422992858192e-05	0.3744444774435341	0.7080738561765139	0.5875447350402911	399540	101042	400000	1	0.01	459	360	1	[376, 274, 207, 59, 134, 178, 237, 117, 176, 144]	0.49436649978160857	0.02595708519220352
926	x544	412	-8.827365655372431e-05	8.827365655372431e-05	-0.3697101747753543	0.7115986457234629	0.5875447350402911	399540	101042	400000	1	0.01	459	361	1	[376, 274, 207, 59, 134, 178, 237, 117, 176, 144]	0.49436649978160857	0.02595708519220352
927	x89	80	8.812832063817498e-05	8.812832063817498e-05	0.3691568658875236	0.7120110003411132	0.5875447350402911	399540	101042	400000	1	0.01	459	362	1	[376, 274, 207, 59, 134, 178, 237, 117, 176, 144]	0.49436649978160857	0.02595708519220352
928	x155	143	-8.761229473563476e-05	8.761229473563476e-05	-0.3669811754352058	0.7136332540399584	0.5875447350402911	399540	101042	400000	1	0.01	459	363	1	[376, 274, 207, 59, 134, 178, 237, 117, 176, 144]	0.49436649978160857	0.02595708519220352
929	x156	144	-8.719218950640334e-05	8.719218950640334e-05	-0.3651552955414967	0.7149956798200501	0.5875447350402911	399540	101042	400000	1	0.01	459	364	1	[376, 274, 207, 59, 134, 178, 237, 117, 176, 144]	0.49436649978160857	0.02595708519220352
930	x492	387	-8.690185174180332e-05	8.690185174180332e-05	-0.36446042759934544	0.715514411770702	0.5875447350402911	399540	101042	400000	1	0.01	459	365	1	[376, 274, 207, 59, 134, 178, 237, 117, 176, 144]	0.49436649978160857	0.02595708519220352
931	x46	42	8.426794620799402e-05	8.426794620799402e-05	0.35330825445101105	0.7238575443189477	0.5875447350402911	399540	101042	400000	1	0.01	459	366	1	[376, 274, 207, 59, 134, 178, 237, 117, 176, 144]	0.49436649978160857	0.02595708519220352
932	x128	118	8.3738625860474e-05	8.3738625860474e-05	0.35100777991369286	0.7255826968503822	0.5875447350402911	399540	101042	400000	1	0.01	459	367	1	[376, 274, 207, 59, 134, 178, 237, 117, 176, 144]	0.49436649978160857	0.02595708519220352
933	x8	6	8.346527051369969e-05	8.346527051369969e-05	0.3494348062051704	0.726763090778034	0.5875447350402911	399540	101042	400000	1	0.01	459	368	1	[376, 274, 207, 59, 134, 178, 237, 117, 176, 144]	0.49436649978160857	0.02595708519220352
934	x549	417	8.3088343050226e-05	8.3088343050226e-05	0.34820633495002945	0.7276854139937959	0.5875447350402911	399540	101042	400000	1	0.01	459	369	1	[376, 274, 207, 59, 134, 178, 237, 117, 176, 144]	0.49436649978160857	0.02595708519220352
935	x269	218	-8.24888745359792e-05	8.24888745359792e-05	-0.34570130166329444	0.7295673879385344	0.5875447350402911	399540	101042	400000	1	0.01	459	370	1	[376, 274, 207, 59, 134, 178, 237, 117, 176, 144]	0.49436649978160857	0.02595708519220352
936	x124	114	8.248706948920021e-05	8.248706948920021e-05	0.3456558619967042	0.7296015408035321	0.5875447350402911	399540	101042	400000	1	0.01	459	371	1	[376, 274, 207, 59, 134, 178, 237, 117, 176, 144]	0.49436649978160857	0.02595708519220352
937	x250	210	8.238781373480162e-05	8.238781373480162e-05	0.34530008834740145	0.7298689620381482	0.5875447350402911	399540	101042	400000	1	0.01	459	372	1	[376, 274, 207, 59, 134, 178, 237, 117, 176, 144]	0.49436649978160857	0.02595708519220352
938	x478	375	-7.947743148448689e-05	7.947743148448689e-05	-0.3329055596748615	0.7392057472530011	0.5875447350402911	399540	101042	400000	1	0.01	459	373	1	[376, 274, 207, 59, 134, 178, 237, 117, 176, 144]	0.49436649978160857	0.02595708519220352
939	x560	428	-7.824485494464286e-05	7.824485494464286e-05	-0.3277306440536805	0.7431155030193111	0.5875447350402911	399540	101042	400000	1	0.01	459	374	1	[376, 274, 207, 59, 134, 178, 237, 117, 176, 144]	0.49436649978160857	0.02595708519220352
940	x566	434	-7.818803166676104e-05	7.818803166676104e-05	-0.32762619437910734	0.7431944855496637	0.5875447350402911	399540	101042	400000	1	0.01	459	375	1	[376, 274, 207, 59, 134, 178, 237, 117, 176, 144]	0.49436649978160857	0.02595708519220352
941	x151	139	-7.744983066403194e-05	7.744983066403194e-05	-0.3242114609607259	0.7457781154504579	0.5875447350402911	399540	101042	400000	1	0.01	459	376	1	[376, 274, 207, 59, 134, 178, 237, 117, 176, 144]	0.49436649978160857	0.02595708519220352
942	x390	310	7.708840994343905e-05	7.708840994343905e-05	0.3229217914991567	0.746754641462311	0.5875447350402911	399540	101042	400000	1	0.01	459	377	1	[376, 274, 207, 59, 134, 178, 237, 117, 176, 144]	0.49436649978160857	0.02595708519220352
943	x394	314	-7.659347193039503e-05	7.659347193039503e-05	-0.32121089247051704	0.7480507461925388	0.5875447350402911	399540	101042	400000	1	0.01	459	378	1	[376, 274, 207, 59, 134, 178, 237, 117, 176, 144]	0.49436649978160857	0.02595708519220352
944	x432	339	-7.644833533179347e-05	7.644833533179347e-05	-0.32028726296342586	0.7487507451929616	0.5875447350402911	399540	101042	400000	1	0.01	459	379	1	[376, 274, 207, 59, 134, 178, 237, 117, 176, 144]	0.49436649978160857	0.02595708519220352
945	x460	363	7.330139927537709e-05	7.330139927537709e-05	0.30723407619173154	0.7586653700578427	0.5875447350402911	399540	101042	400000	1	0.01	459	380	1	[376, 274, 207, 59, 134, 178, 237, 117, 176, 144]	0.49436649978160857	0.02595708519220352
946	x51	46	-7.31506033173973e-05	7.31506033173973e-05	-0.306635457985512	0.7591210211782077	0.5875447350402911	399540	101042	400000	1	0.01	459	381	1	[376, 274, 207, 59, 134, 178, 237, 117, 176, 144]	0.49436649978160857	0.02595708519220352
947	x336	271	7.215787314169796e-05	7.215787314169796e-05	0.3025904991450975	0.762202113346127	0.5875447350402911	399540	101042	400000	1	0.01	459	382	1	[376, 274, 207, 59, 134, 178, 237, 117, 176, 144]	0.49436649978160857	0.02595708519220352
948	x130	120	-7.129444054973528e-05	7.129444054973528e-05	-0.299158558009789	0.7648192236088969	0.5875447350402911	399540	101042	400000	1	0.01	459	383	1	[376, 274, 207, 59, 134, 178, 237, 117, 176, 144]	0.49436649978160857	0.02595708519220352
949	x164	150	7.116556482811463e-05	7.116556482811463e-05	0.2983697418575673	0.7654211355532045	0.5875447350402911	399540	101042	400000	1	0.01	459	384	1	[376, 274, 207, 59, 134, 178, 237, 117, 176, 144]	0.49436649978160857	0.02595708519220352
950	x108	98	7.08189355591601e-05	7.08189355591601e-05	0.29670723823433104	0.7666901846878774	0.5875447350402911	399540	101042	400000	1	0.01	459	385	1	[376, 274, 207, 59, 134, 178, 237, 117, 176, 144]	0.49436649978160857	0.02595708519220352
951	x27	24	-6.992868569620496e-05	6.992868569620496e-05	-0.2927780005300235	0.7696919968582631	0.5875447350402911	399540	101042	400000	1	0.01	459	386	1	[376, 274, 207, 59, 134, 178, 237, 117, 176, 144]	0.49436649978160857	0.02595708519220352
952	x225	199	-6.864812582135125e-05	6.864812582135125e-05	-0.28778316590367164	0.773512873424603	0.5875447350402911	399540	101042	400000	1	0.01	459	387	1	[376, 274, 207, 59, 134, 178, 237, 117, 176, 144]	0.49436649978160857	0.02595708519220352
953	x104	94	-6.753109670445585e-05	6.753109670445585e-05	-0.28309548727580586	0.7771037874601471	0.5875447350402911	399540	101042	400000	1	0.01	459	388	1	[376, 274, 207, 59, 134, 178, 237, 117, 176, 144]	0.49436649978160857	0.02595708519220352
954	x363	295	6.748058168645445e-05	6.748058168645445e-05	0.28265633068731083	0.7774404410812628	0.5875447350402911	399540	101042	400000	1	0.01	459	389	1	[376, 274, 207, 59, 134, 178, 237, 117, 176, 144]	0.49436649978160857	0.02595708519220352
955	x564	432	6.690989755936683e-05	6.690989755936683e-05	0.2804637604262853	0.7791218703772461	0.5875447350402911	399540	101042	400000	1	0.01	459	390	1	[376, 274, 207, 59, 134, 178, 237, 117, 176, 144]	0.49436649978160857	0.02595708519220352
956	x436	343	6.633388065810409e-05	6.633388065810409e-05	0.27820142814462306	0.7808578825814066	0.5875447350402911	399540	101042	400000	1	0.01	459	391	1	[376, 274, 207, 59, 134, 178, 237, 117, 176, 144]	0.49436649978160857	0.02595708519220352
957	x111	101	6.6142788133899e-05	6.6142788133899e-05	0.27715839279690485	0.7816586296803384	0.5875447350402911	399540	101042	400000	1	0.01	459	392	1	[376, 274, 207, 59, 134, 178, 237, 117, 176, 144]	0.49436649978160857	0.02595708519220352
958	x553	421	-6.413372284958465e-05	6.413372284958465e-05	-0.2689909900618944	0.7879367550111164	0.5875447350402911	399540	101042	400000	1	0.01	459	393	1	[376, 274, 207, 59, 134, 178, 237, 117, 176, 144]	0.49436649978160857	0.02595708519220352
959	x570	438	-6.120372254097601e-05	6.120372254097601e-05	-0.25605223861502013	0.7979106326712637	0.5875447350402911	399540	101042	400000	1	0.01	459	394	1	[376, 274, 207, 59, 134, 178, 237, 117, 176, 144]	0.49436649978160857	0.02595708519220352
960	x15	12	6.1028251878773134e-05	6.1028251878773134e-05	0.2556429112216478	0.7982267123259796	0.5875447350402911	399540	101042	400000	1	0.01	459	395	1	[376, 274, 207, 59, 134, 178, 237, 117, 176, 144]	0.49436649978160857	0.02595708519220352
961	x561	429	6.052663757903213e-05	6.052663757903213e-05	0.2535994606039655	0.79980514387648	0.5875447350402911	399540	101042	400000	1	0.01	459	396	1	[376, 274, 207, 59, 134, 178, 237, 117, 176, 144]	0.49436649978160857	0.02595708519220352
962	x182	166	5.9277448875922274e-05	5.9277448875922274e-05	0.2484851721596135	0.8037591690050636	0.5875447350402911	399540	101042	400000	1	0.01	459	397	1	[376, 274, 207, 59, 134, 178, 237, 117, 176, 144]	0.49436649978160857	0.02595708519220352
963	x341	276	5.905061003179367e-05	5.905061003179367e-05	0.2475524509776242	0.8044808314944932	0.5875447350402911	399540	101042	400000	1	0.01	459	398	1	[376, 274, 207, 59, 134, 178, 237, 117, 176, 144]	0.49436649978160857	0.02595708519220352
964	x545	413	-5.726906271872937e-05	5.726906271872937e-05	-0.24035447078238167	0.8100555940848557	0.5875447350402911	399540	101042	400000	1	0.01	459	399	1	[376, 274, 207, 59, 134, 178, 237, 117, 176, 144]	0.49436649978160857	0.02595708519220352
965	x528	407	5.702156890268597e-05	5.702156890268597e-05	0.23888158203787438	0.8111975300899746	0.5875447350402911	399540	101042	400000	1	0.01	459	400	1	[376, 274, 207, 59, 134, 178, 237, 117, 176, 144]	0.49436649978160857	0.02595708519220352
966	x419	327	-5.5877935434352605e-05	5.5877935434352605e-05	-0.23405482332641564	0.8149425375159923	0.5875447350402911	399540	101042	400000	1	0.01	459	401	1	[376, 274, 207, 59, 134, 178, 237, 117, 176, 144]	0.49436649978160857	0.02595708519220352
967	x477	374	-5.562517524915353e-05	5.562517524915353e-05	-0.2332057005626966	0.8156017989381164	0.5875447350402911	399540	101042	400000	1	0.01	459	402	1	[376, 274, 207, 59, 134, 178, 237, 117, 176, 144]	0.49436649978160857	0.02595708519220352
968	x551	419	5.441177992971752e-05	5.441177992971752e-05	0.2277370734663383	0.8198507657231747	0.5875447350402911	399540	101042	400000	1	0.01	459	403	1	[376, 274, 207, 59, 134, 178, 237, 117, 176, 144]	0.49436649978160857	0.02595708519220352
969	x278	226	5.427201048971195e-05	5.427201048971195e-05	0.22733423781416204	0.8201639683598579	0.5875447350402911	399540	101042	400000	1	0.01	459	404	1	[376, 274, 207, 59, 134, 178, 237, 117, 176, 144]	0.49436649978160857	0.02595708519220352
970	x494	388	5.339964228599927e-05	5.339964228599927e-05	0.22387971635163192	0.8228510136248746	0.5875447350402911	399540	101042	400000	1	0.01	459	405	1	[376, 274, 207, 59, 134, 178, 237, 117, 176, 144]	0.49436649978160857	0.02595708519220352
971	x82	74	-5.227215831082646e-05	5.227215831082646e-05	-0.21908782330009843	0.8265817478751125	0.5875447350402911	399540	101042	400000	1	0.01	459	406	1	[376, 274, 207, 59, 134, 178, 237, 117, 176, 144]	0.49436649978160857	0.02595708519220352
972	x299	244	5.073366360074391e-05	5.073366360074391e-05	0.21273801903680048	0.8315314191039586	0.5875447350402911	399540	101042	400000	1	0.01	459	407	1	[376, 274, 207, 59, 134, 178, 237, 117, 176, 144]	0.49436649978160857	0.02595708519220352
973	x146	135	-5.072626958400221e-05	5.072626958400221e-05	-0.21235351170622577	0.8318313592565174	0.5875447350402911	399540	101042	400000	1	0.01	459	408	1	[376, 274, 207, 59, 134, 178, 237, 117, 176, 144]	0.49436649978160857	0.02595708519220352
974	x76	68	5.02670667291154e-05	5.02670667291154e-05	0.2106475118098386	0.8331624424023577	0.5875447350402911	399540	101042	400000	1	0.01	459	409	1	[376, 274, 207, 59, 134, 178, 237, 117, 176, 144]	0.49436649978160857	0.02595708519220352
975	x332	267	5.00265031948365e-05	5.00265031948365e-05	0.20964821070865106	0.8339423558912444	0.5875447350402911	399540	101042	400000	1	0.01	459	410	1	[376, 274, 207, 59, 134, 178, 237, 117, 176, 144]	0.49436649978160857	0.02595708519220352
976	x228	201	4.9738638952987115e-05	4.9738638952987115e-05	0.20853819459142783	0.8348088694437512	0.5875447350402911	399540	101042	400000	1	0.01	459	411	1	[376, 274, 207, 59, 134, 178, 237, 117, 176, 144]	0.49436649978160857	0.02595708519220352
977	x449	356	4.841021607586615e-05	4.841021607586615e-05	0.2025500408163325	0.8394868452368804	0.5875447350402911	399540	101042	400000	1	0.01	459	412	1	[376, 274, 207, 59, 134, 178, 237, 117, 176, 144]	0.49436649978160857	0.02595708519220352
978	x145	134	4.7697191497523995e-05	4.7697191497523995e-05	0.1998748725603751	0.8415785444103049	0.5875447350402911	399540	101042	400000	1	0.01	459	413	1	[376, 274, 207, 59, 134, 178, 237, 117, 176, 144]	0.49436649978160857	0.02595708519220352
979	x120	110	4.731835827969705e-05	4.731835827969705e-05	0.19813210743564233	0.842941805461104	0.5875447350402911	399540	101042	400000	1	0.01	459	414	1	[376, 274, 207, 59, 134, 178, 237, 117, 176, 144]	0.49436649978160857	0.02595708519220352
980	x35	32	-4.685871116878536e-05	4.685871116878536e-05	-0.19655453451389693	0.8441762526154262	0.5875447350402911	399540	101042	400000	1	0.01	459	415	1	[376, 274, 207, 59, 134, 178, 237, 117, 176, 144]	0.49436649978160857	0.02595708519220352
981	x71	64	4.627159145918739e-05	4.627159145918739e-05	0.19377261214891578	0.846354031378739	0.5875447350402911	399540	101042	400000	1	0.01	459	416	1	[376, 274, 207, 59, 134, 178, 237, 117, 176, 144]	0.49436649978160857	0.02595708519220352
982	x181	165	4.596458635839639e-05	4.596458635839639e-05	0.1926120465828165	0.8472629076829798	0.5875447350402911	399540	101042	400000	1	0.01	459	417	1	[376, 274, 207, 59, 134, 178, 237, 117, 176, 144]	0.49436649978160857	0.02595708519220352
983	x163	149	4.561078987396869e-05	4.561078987396869e-05	0.19113039516968922	0.8484235317984409	0.5875447350402911	399540	101042	400000	1	0.01	459	418	1	[376, 274, 207, 59, 134, 178, 237, 117, 176, 144]	0.49436649978160857	0.02595708519220352
984	x580	448	4.382270967956372e-05	4.382270967956372e-05	0.18366055683559157	0.8542798467612269	0.5875447350402911	399540	101042	400000	1	0.01	459	419	1	[376, 274, 207, 59, 134, 178, 237, 117, 176, 144]	0.49436649978160857	0.02595708519220352
985	x388	308	-4.3535973372316263e-05	4.3535973372316263e-05	-0.18255355446366467	0.8551484226052628	0.5875447350402911	399540	101042	400000	1	0.01	459	420	1	[376, 274, 207, 59, 134, 178, 237, 117, 176, 144]	0.49436649978160857	0.02595708519220352
986	x454	358	4.188847901938561e-05	4.188847901938561e-05	0.17546436657599757	0.8607148566522435	0.5875447350402911	399540	101042	400000	1	0.01	459	421	1	[376, 274, 207, 59, 134, 178, 237, 117, 176, 144]	0.49436649978160857	0.02595708519220352
987	x31	28	4.024279350732267e-05	4.024279350732267e-05	0.1687314533392592	0.8660079627104668	0.5875447350402911	399540	101042	400000	1	0.01	459	422	1	[376, 274, 207, 59, 134, 178, 237, 117, 176, 144]	0.49436649978160857	0.02595708519220352
988	x24	21	3.849220626977519e-05	3.849220626977519e-05	0.16144884541360152	0.8717399797878317	0.5875447350402911	399540	101042	400000	1	0.01	459	423	1	[376, 274, 207, 59, 134, 178, 237, 117, 176, 144]	0.49436649978160857	0.02595708519220352
989	x245	205	-3.608476882185591e-05	3.608476882185591e-05	-0.15110435244503828	0.8798934754568165	0.5875447350402911	399540	101042	400000	1	0.01	459	424	1	[376, 274, 207, 59, 134, 178, 237, 117, 176, 144]	0.49436649978160857	0.02595708519220352
990	x139	129	3.148165094359113e-05	3.148165094359113e-05	0.13181403134821876	0.8951314543570572	0.5875447350402911	399540	101042	400000	1	0.01	459	425	1	[376, 274, 207, 59, 134, 178, 237, 117, 176, 144]	0.49436649978160857	0.02595708519220352
991	x555	423	-3.0749195559132655e-05	3.0749195559132655e-05	-0.12884516804438317	0.8974802292987811	0.5875447350402911	399540	101042	400000	1	0.01	459	426	1	[376, 274, 207, 59, 134, 178, 237, 117, 176, 144]	0.49436649978160857	0.02595708519220352
992	x148	137	3.0729221545428836e-05	3.0729221545428836e-05	0.12882472766693104	0.8974964035575019	0.5875447350402911	399540	101042	400000	1	0.01	459	427	1	[376, 274, 207, 59, 134, 178, 237, 117, 176, 144]	0.49436649978160857	0.02595708519220352
993	x137	127	2.9122573850968656e-05	2.9122573850968656e-05	0.12185901534066369	0.9030107359594652	0.5875447350402911	399540	101042	400000	1	0.01	459	428	1	[376, 274, 207, 59, 134, 178, 237, 117, 176, 144]	0.49436649978160857	0.02595708519220352
994	x471	368	2.9004702255863706e-05	2.9004702255863706e-05	0.12156372027692601	0.9032446084942138	0.5875447350402911	399540	101042	400000	1	0.01	459	429	1	[376, 274, 207, 59, 134, 178, 237, 117, 176, 144]	0.49436649978160857	0.02595708519220352
995	x446	353	-2.847030555129406e-05	2.847030555129406e-05	-0.119406363712604	0.904953479888424	0.5875447350402911	399540	101042	400000	1	0.01	459	430	1	[376, 274, 207, 59, 134, 178, 237, 117, 176, 144]	0.49436649978160857	0.02595708519220352
996	x33	30	2.7513792263126152e-05	2.7513792263126152e-05	0.11538534903029021	0.908139749162628	0.5875447350402911	399540	101042	400000	1	0.01	459	431	1	[376, 274, 207, 59, 134, 178, 237, 117, 176, 144]	0.49436649978160857	0.02595708519220352
997	x13	11	2.7140092195827617e-05	2.7140092195827617e-05	0.1136183227860325	0.9095404190139093	0.5875447350402911	399540	101042	400000	1	0.01	459	432	1	[376, 274, 207, 59, 134, 178, 237, 117, 176, 144]	0.49436649978160857	0.02595708519220352
998	x23	20	-2.554338087343073e-05	2.554338087343073e-05	-0.10701052358465203	0.9147806848122411	0.5875447350402911	399540	101042	400000	1	0.01	459	433	1	[376, 274, 207, 59, 134, 178, 237, 117, 176, 144]	0.49436649978160857	0.02595708519220352
999	x38	35	-2.3888435440642994e-05	2.3888435440642994e-05	-0.10014141730952429	0.9202321045622186	0.5875447350402911	399540	101042	400000	1	0.01	459	434	1	[376, 274, 207, 59, 134, 178, 237, 117, 176, 144]	0.49436649978160857	0.02595708519220352
1000	x318	260	2.323626082831748e-05	2.323626082831748e-05	0.09746174204177152	0.9223597638628269	0.5875447350402911	399540	101042	400000	1	0.01	459	435	1	[376, 274, 207, 59, 134, 178, 237, 117, 176, 144]	0.49436649978160857	0.02595708519220352
1001	x418	326	-2.2486890681533886e-05	2.2486890681533886e-05	-0.09408484754164215	0.9250418040737503	0.5875447350402911	399540	101042	400000	1	0.01	459	436	1	[376, 274, 207, 59, 134, 178, 237, 117, 176, 144]	0.49436649978160857	0.02595708519220352
1002	x386	306	2.1633096731769565e-05	2.1633096731769565e-05	0.09064789837625514	0.9277724166117951	0.5875447350402911	399540	101042	400000	1	0.01	459	437	1	[376, 274, 207, 59, 134, 178, 237, 117, 176, 144]	0.49436649978160857	0.02595708519220352
1003	x406	315	-2.0569425615722688e-05	2.0569425615722688e-05	-0.08620048947512875	0.9313070848074777	0.5875447350402911	399540	101042	400000	1	0.01	459	438	1	[376, 274, 207, 59, 134, 178, 237, 117, 176, 144]	0.49436649978160857	0.02595708519220352
1004	x183	167	-2.0457337073423143e-05	2.0457337073423143e-05	-0.08560858296063875	0.931777618191554	0.5875447350402911	399540	101042	400000	1	0.01	459	439	1	[376, 274, 207, 59, 134, 178, 237, 117, 176, 144]	0.49436649978160857	0.02595708519220352
1005	x178	164	2.0385560102223657e-05	2.0385560102223657e-05	0.08543474379772735	0.9319158153782636	0.5875447350402911	399540	101042	400000	1	0.01	459	440	1	[376, 274, 207, 59, 134, 178, 237, 117, 176, 144]	0.49436649978160857	0.02595708519220352
1006	x439	346	-1.9801854539001977e-05	1.9801854539001977e-05	-0.08294986569462384	0.9338914450931679	0.5875447350402911	399540	101042	400000	1	0.01	459	441	1	[376, 274, 207, 59, 134, 178, 237, 117, 176, 144]	0.49436649978160857	0.02595708519220352
1007	x321	263	-1.963100924428784e-05	1.963100924428784e-05	-0.0822405857330357	0.9344554411857873	0.5875447350402911	399540	101042	400000	1	0.01	459	442	1	[376, 274, 207, 59, 134, 178, 237, 117, 176, 144]	0.49436649978160857	0.02595708519220352
1008	x44	40	1.897533737379476e-05	1.897533737379476e-05	0.07948395634015863	0.9366477320294465	0.5875447350402911	399540	101042	400000	1	0.01	459	443	1	[376, 274, 207, 59, 134, 178, 237, 117, 176, 144]	0.49436649978160857	0.02595708519220352
1009	x10	8	-1.877676324388779e-05	1.877676324388779e-05	-0.078759163168721	0.9372242256159975	0.5875447350402911	399540	101042	400000	1	0.01	459	444	1	[376, 274, 207, 59, 134, 178, 237, 117, 176, 144]	0.49436649978160857	0.02595708519220352
1010	x213	188	1.7986625900675794e-05	1.7986625900675794e-05	0.0752918483767612	0.9399825448229346	0.5875447350402911	399540	101042	400000	1	0.01	459	445	1	[376, 274, 207, 59, 134, 178, 237, 117, 176, 144]	0.49436649978160857	0.02595708519220352
1011	x584	452	-1.781161049038332e-05	1.781161049038332e-05	-0.07466661845381736	0.9404800055010438	0.5875447350402911	399540	101042	400000	1	0.01	459	446	1	[376, 274, 207, 59, 134, 178, 237, 117, 176, 144]	0.49436649978160857	0.02595708519220352
1012	x256	216	-1.731128287133315e-05	1.731128287133315e-05	-0.07257537366540227	0.9421440603256432	0.5875447350402911	399540	101042	400000	1	0.01	459	447	1	[376, 274, 207, 59, 134, 178, 237, 117, 176, 144]	0.49436649978160857	0.02595708519220352
1013	x491	386	1.6554565832366724e-05	1.6554565832366724e-05	0.06947790421997006	0.9446092547936682	0.5875447350402911	399540	101042	400000	1	0.01	459	448	1	[376, 274, 207, 59, 134, 178, 237, 117, 176, 144]	0.49436649978160857	0.02595708519220352
1014	x58	52	-1.6209648653243084e-05	1.6209648653243084e-05	-0.06799375190065446	0.9457906420606036	0.5875447350402911	399540	101042	400000	1	0.01	459	449	1	[376, 274, 207, 59, 134, 178, 237, 117, 176, 144]	0.49436649978160857	0.02595708519220352
1015	x144	133	-1.5810865045374565e-05	1.5810865045374565e-05	-0.06628065142972363	0.9471544204321409	0.5875447350402911	399540	101042	400000	1	0.01	459	450	1	[376, 274, 207, 59, 134, 178, 237, 117, 176, 144]	0.49436649978160857	0.02595708519220352
1016	x66	60	1.4019837113565599e-05	1.4019837113565599e-05	0.05874788910976595	0.9531529445656819	0.5875447350402911	399540	101042	400000	1	0.01	459	451	1	[376, 274, 207, 59, 134, 178, 237, 117, 176, 144]	0.49436649978160857	0.02595708519220352
1017	x319	261	1.2814870116425832e-05	1.2814870116425832e-05	0.05366448885407034	0.9572025026326393	0.5875447350402911	399540	101042	400000	1	0.01	459	452	1	[376, 274, 207, 59, 134, 178, 237, 117, 176, 144]	0.49436649978160857	0.02595708519220352
1018	x200	177	1.245744630918476e-05	1.245744630918476e-05	0.05217346775786686	0.9583904998769621	0.5875447350402911	399540	101042	400000	1	0.01	459	453	1	[376, 274, 207, 59, 134, 178, 237, 117, 176, 144]	0.49436649978160857	0.02595708519220352
1019	x518	398	-1.2063895181989484e-05	1.2063895181989484e-05	-0.050523634017152284	0.959705141486249	0.5875447350402911	399540	101042	400000	1	0.01	459	454	1	[376, 274, 207, 59, 134, 178, 237, 117, 176, 144]	0.49436649978160857	0.02595708519220352
1020	x283	231	1.1320241158980503e-05	1.1320241158980503e-05	0.047431798204738494	0.9621691099369418	0.5875447350402911	399540	101042	400000	1	0.01	459	455	1	[376, 274, 207, 59, 134, 178, 237, 117, 176, 144]	0.49436649978160857	0.02595708519220352
1021	x569	437	-1.0730633682404458e-05	1.0730633682404458e-05	-0.04499457890714564	0.9641116524716131	0.5875447350402911	399540	101042	400000	1	0.01	459	456	1	[376, 274, 207, 59, 134, 178, 237, 117, 176, 144]	0.49436649978160857	0.02595708519220352
1022	x273	222	5.768644732602217e-06	5.768644732602217e-06	0.024186705767384603	0.9807036943691295	0.5875447350402911	399540	101042	400000	1	0.01	459	457	1	[376, 274, 207, 59, 134, 178, 237, 117, 176, 144]	0.49436649978160857	0.02595708519220352
1023	x177	163	-4.894401248982724e-06	4.894401248982724e-06	-0.0205018813388626	0.9836430215391302	0.5875447350402911	399540	101042	400000	1	0.01	459	458	1	[376, 274, 207, 59, 134, 178, 237, 117, 176, 144]	0.49436649978160857	0.02595708519220352
1024	x523	402	-1.5152419100440202e-06	1.5152419100440202e-06	-0.006346500649249209	0.9949362622783795	0.5875447350402911	399540	101042	400000	1	0.01	459	459	1	[376, 274, 207, 59, 134, 178, 237, 117, 176, 144]	0.49436649978160857	0.02595708519220352
1025	x1	0	-0.08117957086760966	0.08117957086760966	-339.05060227687426	0.0	0.5870998282525914	399887	201042	400000	2	0.005	112	1	1	[376, 274, 207, 59, 134, 178, 237, 117, 176, 144]	0.49436649978160857	0.02595708519220352
1026	x123	113	-0.05186585516091952	0.05186585516091952	-216.61319980928533	0.0	0.5870998282525914	399887	201042	400000	2	0.005	112	2	1	[376, 274, 207, 59, 134, 178, 237, 117, 176, 144]	0.49436649978160857	0.02595708519220352
1027	x576	444	-0.04485644592606902	0.04485644592606902	-187.2045893708622	0.0	0.5870998282525914	399887	201042	400000	2	0.005	112	3	1	[376, 274, 207, 59, 134, 178, 237, 117, 176, 144]	0.49436649978160857	0.02595708519220352
1028	x87	78	0.038693061048108435	0.038693061048108435	161.61607089784826	0.0	0.5870998282525914	399887	201042	400000	2	0.005	112	4	1	[376, 274, 207, 59, 134, 178, 237, 117, 176, 144]	0.49436649978160857	0.02595708519220352
1029	x127	117	0.03811801901403858	0.03811801901403858	159.26596206221728	0.0	0.5870998282525914	399887	201042	400000	2	0.005	112	5	1	[376, 274, 207, 59, 134, 178, 237, 117, 176, 144]	0.49436649978160857	0.02595708519220352
1030	x138	128	0.036203227562149026	0.036203227562149026	151.18637107311744	0.0	0.5870998282525914	399887	201042	400000	2	0.005	112	6	1	[376, 274, 207, 59, 134, 178, 237, 117, 176, 144]	0.49436649978160857	0.02595708519220352
1031	x64	58	0.03535841750951204	0.03535841750951204	147.50796361380978	0.0	0.5870998282525914	399887	201042	400000	2	0.005	112	7	1	[376, 274, 207, 59, 134, 178, 237, 117, 176, 144]	0.49436649978160857	0.02595708519220352
1032	x585	453	0.03319326178061576	0.03319326178061576	138.50222692429983	0.0	0.5870998282525914	399887	201042	400000	2	0.005	112	8	1	[376, 274, 207, 59, 134, 178, 237, 117, 176, 144]	0.49436649978160857	0.02595708519220352
1033	x176	162	0.032899390575854275	0.032899390575854275	137.524149782136	0.0	0.5870998282525914	399887	201042	400000	2	0.005	112	9	1	[376, 274, 207, 59, 134, 178, 237, 117, 176, 144]	0.49436649978160857	0.02595708519220352
1034	x91	82	-0.03200964917155411	0.03200964917155411	-133.73130796937772	0.0	0.5870998282525914	399887	201042	400000	2	0.005	112	10	1	[376, 274, 207, 59, 134, 178, 237, 117, 176, 144]	0.49436649978160857	0.02595708519220352
1035	x324	265	-0.030009227120100363	0.030009227120100363	-125.3578592501137	0.0	0.5870998282525914	399887	201042	400000	2	0.005	112	11	1	[376, 274, 207, 59, 134, 178, 237, 117, 176, 144]	0.49436649978160857	0.02595708519220352
1036	x198	175	0.029282104529639023	0.029282104529639023	122.28132317559215	0.0	0.5870998282525914	399887	201042	400000	2	0.005	112	12	1	[376, 274, 207, 59, 134, 178, 237, 117, 176, 144]	0.49436649978160857	0.02595708519220352
1037	x118	108	-0.026907732893733573	0.026907732893733573	-112.45168802449447	0.0	0.5870998282525914	399887	201042	400000	2	0.005	112	13	1	[376, 274, 207, 59, 134, 178, 237, 117, 176, 144]	0.49436649978160857	0.02595708519220352
1038	x56	50	0.02678755308995571	0.02678755308995571	111.88068424364968	0.0	0.5870998282525914	399887	201042	400000	2	0.005	112	14	1	[376, 274, 207, 59, 134, 178, 237, 117, 176, 144]	0.49436649978160857	0.02595708519220352
1039	x280	228	-0.026463962064211605	0.026463962064211605	-110.5489199984234	0.0	0.5870998282525914	399887	201042	400000	2	0.005	112	15	1	[376, 274, 207, 59, 134, 178, 237, 117, 176, 144]	0.49436649978160857	0.02595708519220352
1040	x461	364	0.02509508989596087	0.02509508989596087	104.88767157507088	0.0	0.5870998282525914	399887	201042	400000	2	0.005	112	16	1	[376, 274, 207, 59, 134, 178, 237, 117, 176, 144]	0.49436649978160857	0.02595708519220352
1041	x7	5	-0.02440452825149418	0.02440452825149418	-101.84620726234098	0.0	0.5870998282525914	399887	201042	400000	2	0.005	112	17	1	[376, 274, 207, 59, 134, 178, 237, 117, 176, 144]	0.49436649978160857	0.02595708519220352
1042	x552	420	0.01968472310129288	0.01968472310129288	82.28201707456643	0.0	0.5870998282525914	399887	201042	400000	2	0.005	112	18	1	[376, 274, 207, 59, 134, 178, 237, 117, 176, 144]	0.49436649978160857	0.02595708519220352
1043	x524	403	-0.019230872944818983	0.019230872944818983	-80.2992795528225	0.0	0.5870998282525914	399887	201042	400000	2	0.005	112	19	1	[376, 274, 207, 59, 134, 178, 237, 117, 176, 144]	0.49436649978160857	0.02595708519220352
1044	x571	439	-0.018982246308596833	0.018982246308596833	-79.24870355373083	0.0	0.5870998282525914	399887	201042	400000	2	0.005	112	20	1	[376, 274, 207, 59, 134, 178, 237, 117, 176, 144]	0.49436649978160857	0.02595708519220352
1045	x309	254	0.01854525907730465	0.01854525907730465	77.38138695666628	0.0	0.5870998282525914	399887	201042	400000	2	0.005	112	21	1	[376, 274, 207, 59, 134, 178, 237, 117, 176, 144]	0.49436649978160857	0.02595708519220352
1046	x291	238	0.018516183608450122	0.018516183608450122	77.33791025868018	0.0	0.5870998282525914	399887	201042	400000	2	0.005	112	22	1	[376, 274, 207, 59, 134, 178, 237, 117, 176, 144]	0.49436649978160857	0.02595708519220352
1047	x116	106	-0.017406051203719165	0.017406051203719165	-72.62900978491773	0.0	0.5870998282525914	399887	201042	400000	2	0.005	112	23	1	[376, 274, 207, 59, 134, 178, 237, 117, 176, 144]	0.49436649978160857	0.02595708519220352
1048	x308	253	0.016345006179314805	0.016345006179314805	68.36064131781497	0.0	0.5870998282525914	399887	201042	400000	2	0.005	112	24	1	[376, 274, 207, 59, 134, 178, 237, 117, 176, 144]	0.49436649978160857	0.02595708519220352
1049	x189	172	0.015442478978589904	0.015442478978589904	64.4890690974367	0.0	0.5870998282525914	399887	201042	400000	2	0.005	112	25	1	[376, 274, 207, 59, 134, 178, 237, 117, 176, 144]	0.49436649978160857	0.02595708519220352
1050	x578	446	-0.015257011089961416	0.015257011089961416	-63.73791067043104	0.0	0.5870998282525914	399887	201042	400000	2	0.005	112	26	1	[376, 274, 207, 59, 134, 178, 237, 117, 176, 144]	0.49436649978160857	0.02595708519220352
1051	x411	320	0.014564899162306983	0.014564899162306983	60.83480375135601	0.0	0.5870998282525914	399887	201042	400000	2	0.005	112	27	1	[376, 274, 207, 59, 134, 178, 237, 117, 176, 144]	0.49436649978160857	0.02595708519220352
1052	x276	225	-0.0142416302442587	0.0142416302442587	-59.50732083256648	0.0	0.5870998282525914	399887	201042	400000	2	0.005	112	28	1	[376, 274, 207, 59, 134, 178, 237, 117, 176, 144]	0.49436649978160857	0.02595708519220352
1053	x567	435	-0.013542384831833844	0.013542384831833844	-56.5794687126159	0.0	0.5870998282525914	399887	201042	400000	2	0.005	112	29	1	[376, 274, 207, 59, 134, 178, 237, 117, 176, 144]	0.49436649978160857	0.02595708519220352
1054	x342	277	0.013063023678128307	0.013063023678128307	54.5151732985759	0.0	0.5870998282525914	399887	201042	400000	2	0.005	112	30	1	[376, 274, 207, 59, 134, 178, 237, 117, 176, 144]	0.49436649978160857	0.02595708519220352
1055	x55	49	-0.01281644483825855	0.01281644483825855	-53.53940338993682	0.0	0.5870998282525914	399887	201042	400000	2	0.005	112	31	1	[376, 274, 207, 59, 134, 178, 237, 117, 176, 144]	0.49436649978160857	0.02595708519220352
1056	x447	354	0.012597273778990758	0.012597273778990758	52.61533612210841	0.0	0.5870998282525914	399887	201042	400000	2	0.005	112	32	1	[376, 274, 207, 59, 134, 178, 237, 117, 176, 144]	0.49436649978160857	0.02595708519220352
1057	x59	53	0.012063996820430026	0.012063996820430026	50.42999715287789	0.0	0.5870998282525914	399887	201042	400000	2	0.005	112	33	1	[376, 274, 207, 59, 134, 178, 237, 117, 176, 144]	0.49436649978160857	0.02595708519220352
1058	x5	4	0.012038080227244362	0.012038080227244362	50.26323566508301	0.0	0.5870998282525914	399887	201042	400000	2	0.005	112	34	1	[376, 274, 207, 59, 134, 178, 237, 117, 176, 144]	0.49436649978160857	0.02595708519220352
1059	x473	370	0.011461157468683859	0.011461157468683859	47.84870992445521	0.0	0.5870998282525914	399887	201042	400000	2	0.005	112	35	1	[376, 274, 207, 59, 134, 178, 237, 117, 176, 144]	0.49436649978160857	0.02595708519220352
1060	x11	9	0.010777337204785797	0.010777337204785797	44.94728011130156	0.0	0.5870998282525914	399887	201042	400000	2	0.005	112	36	1	[376, 274, 207, 59, 134, 178, 237, 117, 176, 144]	0.49436649978160857	0.02595708519220352
1061	x426	333	0.010677825525979135	0.010677825525979135	44.597931172566675	0.0	0.5870998282525914	399887	201042	400000	2	0.005	112	37	1	[376, 274, 207, 59, 134, 178, 237, 117, 176, 144]	0.49436649978160857	0.02595708519220352
1062	x288	235	0.010302510013623497	0.010302510013623497	43.05748951590228	0.0	0.5870998282525914	399887	201042	400000	2	0.005	112	38	1	[376, 274, 207, 59, 134, 178, 237, 117, 176, 144]	0.49436649978160857	0.02595708519220352
1063	x282	230	-0.010151790117836264	0.010151790117836264	-42.38884170345545	0.0	0.5870998282525914	399887	201042	400000	2	0.005	112	39	1	[376, 274, 207, 59, 134, 178, 237, 117, 176, 144]	0.49436649978160857	0.02595708519220352
1064	x153	141	0.010143410735807433	0.010143410735807433	42.345761524505214	0.0	0.5870998282525914	399887	201042	400000	2	0.005	112	40	1	[376, 274, 207, 59, 134, 178, 237, 117, 176, 144]	0.49436649978160857	0.02595708519220352
1065	x160	146	0.010033225053656532	0.010033225053656532	41.91865116084004	0.0	0.5870998282525914	399887	201042	400000	2	0.005	112	41	1	[376, 274, 207, 59, 134, 178, 237, 117, 176, 144]	0.49436649978160857	0.02595708519220352
1066	x588	456	0.009901781569868326	0.009901781569868326	41.32373950325517	0.0	0.5870998282525914	399887	201042	400000	2	0.005	112	42	1	[376, 274, 207, 59, 134, 178, 237, 117, 176, 144]	0.49436649978160857	0.02595708519220352
1067	x349	282	0.009780490588439949	0.009780490588439949	40.87069282347205	0.0	0.5870998282525914	399887	201042	400000	2	0.005	112	43	1	[376, 274, 207, 59, 134, 178, 237, 117, 176, 144]	0.49436649978160857	0.02595708519220352
1068	x54	48	-0.00970155634547461	0.00970155634547461	-40.50950964909395	0.0	0.5870998282525914	399887	201042	400000	2	0.005	112	44	1	[376, 274, 207, 59, 134, 178, 237, 117, 176, 144]	0.49436649978160857	0.02595708519220352
1069	x334	269	0.009591856435738809	0.009591856435738809	40.07697863995021	0.0	0.5870998282525914	399887	201042	400000	2	0.005	112	45	1	[376, 274, 207, 59, 134, 178, 237, 117, 176, 144]	0.49436649978160857	0.02595708519220352
1070	x141	131	-0.0095351312534588	0.0095351312534588	-39.81101097145291	0.0	0.5870998282525914	399887	201042	400000	2	0.005	112	46	1	[376, 274, 207, 59, 134, 178, 237, 117, 176, 144]	0.49436649978160857	0.02595708519220352
1071	x85	77	-0.009011351733243213	0.009011351733243213	-37.63900225308496	1.73423716561441e-309	0.5870998282525914	399887	201042	400000	2	0.005	112	47	1	[376, 274, 207, 59, 134, 178, 237, 117, 176, 144]	0.49436649978160857	0.02595708519220352
1072	x302	247	-0.008907288832793897	0.008907288832793897	-37.25779870435764	2.6399503185246046e-303	0.5870998282525914	399887	201042	400000	2	0.005	112	48	1	[376, 274, 207, 59, 134, 178, 237, 117, 176, 144]	0.49436649978160857	0.02595708519220352
1073	x377	301	-0.00863207599815632	0.00863207599815632	-36.088792008264605	9.811351850145582e-285	0.5870998282525914	399887	201042	400000	2	0.005	112	49	1	[376, 274, 207, 59, 134, 178, 237, 117, 176, 144]	0.49436649978160857	0.02595708519220352
1074	x83	75	0.008412383018664807	0.008412383018664807	35.097937127226075	1.8707599174572486e-269	0.5870998282525914	399887	201042	400000	2	0.005	112	50	1	[376, 274, 207, 59, 134, 178, 237, 117, 176, 144]	0.49436649978160857	0.02595708519220352
1075	x440	347	0.008201391256316897	0.008201391256316897	34.21682972425002	3.2009861184589223e-256	0.5870998282525914	399887	201042	400000	2	0.005	112	51	1	[376, 274, 207, 59, 134, 178, 237, 117, 176, 144]	0.49436649978160857	0.02595708519220352
1076	x132	122	0.008054431795384483	0.008054431795384483	33.64455707688682	8.34303510568809e-248	0.5870998282525914	399887	201042	400000	2	0.005	112	52	1	[376, 274, 207, 59, 134, 178, 237, 117, 176, 144]	0.49436649978160857	0.02595708519220352
1077	x480	376	0.007843420465786594	0.007843420465786594	32.81120398184408	8.412129729935077e-236	0.5870998282525914	399887	201042	400000	2	0.005	112	53	1	[376, 274, 207, 59, 134, 178, 237, 117, 176, 144]	0.49436649978160857	0.02595708519220352
1078	x573	441	0.007848758436999979	0.007848758436999979	32.79424899689081	1.4656243441461891e-235	0.5870998282525914	399887	201042	400000	2	0.005	112	54	1	[376, 274, 207, 59, 134, 178, 237, 117, 176, 144]	0.49436649978160857	0.02595708519220352
1079	x572	440	0.0076783747820396995	0.0076783747820396995	32.06167454549441	2.922683289685283e-225	0.5870998282525914	399887	201042	400000	2	0.005	112	55	1	[376, 274, 207, 59, 134, 178, 237, 117, 176, 144]	0.49436649978160857	0.02595708519220352
1080	x21	18	0.007480524905265888	0.007480524905265888	31.222787998578667	9.472528022437732e-214	0.5870998282525914	399887	201042	400000	2	0.005	112	56	1	[376, 274, 207, 59, 134, 178, 237, 117, 176, 144]	0.49436649978160857	0.02595708519220352
1081	x581	449	0.007463280737362939	0.007463280737362939	31.177932992485243	3.8318040722016203e-213	0.5870998282525914	399887	201042	400000	2	0.005	112	57	1	[376, 274, 207, 59, 134, 178, 237, 117, 176, 144]	0.49436649978160857	0.02595708519220352
1082	x172	158	0.007450195765100759	0.007450195765100759	31.106465736642456	3.537067580092012e-212	0.5870998282525914	399887	201042	400000	2	0.005	112	58	1	[376, 274, 207, 59, 134, 178, 237, 117, 176, 144]	0.49436649978160857	0.02595708519220352
1083	x170	156	0.007303081547297149	0.007303081547297149	30.49236757452125	5.649501842613363e-204	0.5870998282525914	399887	201042	400000	2	0.005	112	59	1	[376, 274, 207, 59, 134, 178, 237, 117, 176, 144]	0.49436649978160857	0.02595708519220352
1084	x558	426	0.007252935110519709	0.007252935110519709	30.310083530818428	1.4314114314171282e-201	0.5870998282525914	399887	201042	400000	2	0.005	112	60	1	[376, 274, 207, 59, 134, 178, 237, 117, 176, 144]	0.49436649978160857	0.02595708519220352
1085	x34	31	0.007218769391230554	0.007218769391230554	30.19628028909922	4.4587518644276534e-200	0.5870998282525914	399887	201042	400000	2	0.005	112	61	1	[376, 274, 207, 59, 134, 178, 237, 117, 176, 144]	0.49436649978160857	0.02595708519220352
1086	x354	287	-0.007047838110515654	0.007047838110515654	-29.467130388590814	1.217537077309082e-190	0.5870998282525914	399887	201042	400000	2	0.005	112	62	1	[376, 274, 207, 59, 134, 178, 237, 117, 176, 144]	0.49436649978160857	0.02595708519220352
1087	x110	100	-0.00696783734610794	0.00696783734610794	-29.090854804510542	7.335208489507146e-186	0.5870998282525914	399887	201042	400000	2	0.005	112	63	1	[376, 274, 207, 59, 134, 178, 237, 117, 176, 144]	0.49436649978160857	0.02595708519220352
1088	x407	316	-0.006868830399937869	0.006868830399937869	-28.681686547621464	9.861070113562714e-181	0.5870998282525914	399887	201042	400000	2	0.005	112	64	1	[376, 274, 207, 59, 134, 178, 237, 117, 176, 144]	0.49436649978160857	0.02595708519220352
1089	x20	17	0.006864296405487389	0.006864296405487389	28.673309101689117	1.2536402781269546e-180	0.5870998282525914	399887	201042	400000	2	0.005	112	65	1	[376, 274, 207, 59, 134, 178, 237, 117, 176, 144]	0.49436649978160857	0.02595708519220352
1090	x168	154	0.006788188280560091	0.006788188280560091	28.368620318405792	7.398726076976484e-177	0.5870998282525914	399887	201042	400000	2	0.005	112	66	1	[376, 274, 207, 59, 134, 178, 237, 117, 176, 144]	0.49436649978160857	0.02595708519220352
1091	x559	427	0.0066377760376285675	0.0066377760376285675	27.70796660998575	8.095739836290725e-169	0.5870998282525914	399887	201042	400000	2	0.005	112	67	1	[376, 274, 207, 59, 134, 178, 237, 117, 176, 144]	0.49436649978160857	0.02595708519220352
1092	x437	344	0.006249647579720781	0.006249647579720781	26.086105559911502	7.005317875512776e-150	0.5870998282525914	399887	201042	400000	2	0.005	112	68	1	[376, 274, 207, 59, 134, 178, 237, 117, 176, 144]	0.49436649978160857	0.02595708519220352
1093	x431	338	0.0060891514999181	0.0060891514999181	25.444111613806186	1.0665372160851198e-142	0.5870998282525914	399887	201042	400000	2	0.005	112	69	1	[376, 274, 207, 59, 134, 178, 237, 117, 176, 144]	0.49436649978160857	0.02595708519220352
1094	x483	378	-0.005957003791815304	0.005957003791815304	-24.85435779044518	2.9466810375075288e-136	0.5870998282525914	399887	201042	400000	2	0.005	112	70	1	[376, 274, 207, 59, 134, 178, 237, 117, 176, 144]	0.49436649978160857	0.02595708519220352
1095	x350	283	0.005611426961810239	0.005611426961810239	23.433838249411163	2.3341898304908485e-121	0.5870998282525914	399887	201042	400000	2	0.005	112	71	1	[376, 274, 207, 59, 134, 178, 237, 117, 176, 144]	0.49436649978160857	0.02595708519220352
1096	x387	307	-0.0055417720430555005	0.0055417720430555005	-23.159469652196734	1.3977090107391932e-118	0.5870998282525914	399887	201042	400000	2	0.005	112	72	1	[376, 274, 207, 59, 134, 178, 237, 117, 176, 144]	0.49436649978160857	0.02595708519220352
1097	x497	391	-0.005501659647154664	0.005501659647154664	-22.9548743137625	1.5677154318767616e-116	0.5870998282525914	399887	201042	400000	2	0.005	112	73	1	[376, 274, 207, 59, 134, 178, 237, 117, 176, 144]	0.49436649978160857	0.02595708519220352
1098	x391	311	-0.005448380409271719	0.005448380409271719	-22.738740115791302	2.1932845981621566e-114	0.5870998282525914	399887	201042	400000	2	0.005	112	74	1	[376, 274, 207, 59, 134, 178, 237, 117, 176, 144]	0.49436649978160857	0.02595708519220352
1099	x519	399	-0.005440675866918576	0.005440675866918576	-22.7218728758188	3.2189052111639016e-114	0.5870998282525914	399887	201042	400000	2	0.005	112	75	1	[376, 274, 207, 59, 134, 178, 237, 117, 176, 144]	0.49436649978160857	0.02595708519220352
1100	x17	14	-0.005433780770923666	0.005433780770923666	-22.65525543221694	1.4606598245494162e-113	0.5870998282525914	399887	201042	400000	2	0.005	112	76	1	[376, 274, 207, 59, 134, 178, 237, 117, 176, 144]	0.49436649978160857	0.02595708519220352
1101	x575	443	0.005343215445634753	0.005343215445634753	22.306639924015546	3.720559430585121e-110	0.5870998282525914	399887	201042	400000	2	0.005	112	77	1	[376, 274, 207, 59, 134, 178, 237, 117, 176, 144]	0.49436649978160857	0.02595708519220352
1102	x42	39	0.004891101044325916	0.004891101044325916	20.44276873153199	7.774490553984357e-93	0.5870998282525914	399887	201042	400000	2	0.005	112	78	1	[376, 274, 207, 59, 134, 178, 237, 117, 176, 144]	0.49436649978160857	0.02595708519220352
1103	x92	83	0.0048188616293946	0.0048188616293946	20.134401623066317	4.088188575115335e-90	0.5870998282525914	399887	201042	400000	2	0.005	112	79	1	[376, 274, 207, 59, 134, 178, 237, 117, 176, 144]	0.49436649978160857	0.02595708519220352
1104	x554	422	0.0048145922816983065	0.0048145922816983065	20.104489516012894	7.469188627597368e-90	0.5870998282525914	399887	201042	400000	2	0.005	112	80	1	[376, 274, 207, 59, 134, 178, 237, 117, 176, 144]	0.49436649978160857	0.02595708519220352
1105	x218	193	0.004767178171373003	0.004767178171373003	19.90699326413296	3.906094412000545e-88	0.5870998282525914	399887	201042	400000	2	0.005	112	81	1	[376, 274, 207, 59, 134, 178, 237, 117, 176, 144]	0.49436649978160857	0.02595708519220352
1106	x472	369	-0.004521012461838171	0.004521012461838171	-18.884453635923023	1.658511181419741e-79	0.5870998282525914	399887	201042	400000	2	0.005	112	82	1	[376, 274, 207, 59, 134, 178, 237, 117, 176, 144]	0.49436649978160857	0.02595708519220352
1107	x65	59	0.0044670209652168825	0.0044670209652168825	18.653360861406327	1.2795701684919242e-77	0.5870998282525914	399887	201042	400000	2	0.005	112	83	1	[376, 274, 207, 59, 134, 178, 237, 117, 176, 144]	0.49436649978160857	0.02595708519220352
1108	x119	109	-0.00444277100356893	0.00444277100356893	-18.544962034051192	9.647500166684554e-77	0.5870998282525914	399887	201042	400000	2	0.005	112	84	1	[376, 274, 207, 59, 134, 178, 237, 117, 176, 144]	0.49436649978160857	0.02595708519220352
1109	x517	397	0.004272434844869143	0.004272434844869143	17.84422637149019	3.416089127706285e-71	0.5870998282525914	399887	201042	400000	2	0.005	112	85	1	[376, 274, 207, 59, 134, 178, 237, 117, 176, 144]	0.49436649978160857	0.02595708519220352
1110	x457	361	-0.0042465631418763085	0.0042465631418763085	-17.741785263850133	2.1231940830551013e-70	0.5870998282525914	399887	201042	400000	2	0.005	112	86	1	[376, 274, 207, 59, 134, 178, 237, 117, 176, 144]	0.49436649978160857	0.02595708519220352
1111	x322	264	-0.004178705850567332	0.004178705850567332	-17.438595219355417	4.454487582506276e-68	0.5870998282525914	399887	201042	400000	2	0.005	112	87	1	[376, 274, 207, 59, 134, 178, 237, 117, 176, 144]	0.49436649978160857	0.02595708519220352
1112	x216	191	-0.004018529709366582	0.004018529709366582	-16.78739472062251	3.1727325691616953e-63	0.5870998282525914	399887	201042	400000	2	0.005	112	88	1	[376, 274, 207, 59, 134, 178, 237, 117, 176, 144]	0.49436649978160857	0.02595708519220352
1113	x307	252	0.004006834695003256	0.004006834695003256	16.73701994050471	7.399222941401671e-63	0.5870998282525914	399887	201042	400000	2	0.005	112	89	1	[376, 274, 207, 59, 134, 178, 237, 117, 176, 144]	0.49436649978160857	0.02595708519220352
1114	x289	236	0.003984323076026462	0.003984323076026462	16.638365022950687	3.8567819411468415e-62	0.5870998282525914	399887	201042	400000	2	0.005	112	90	1	[376, 274, 207, 59, 134, 178, 237, 117, 176, 144]	0.49436649978160857	0.02595708519220352
1115	x488	383	0.00392092086251393	0.00392092086251393	16.361812411093904	3.748401587403401e-60	0.5870998282525914	399887	201042	400000	2	0.005	112	91	1	[376, 274, 207, 59, 134, 178, 237, 117, 176, 144]	0.49436649978160857	0.02595708519220352
1116	x292	239	-0.003915206332477645	0.003915206332477645	-16.344056988067912	5.015663947750927e-60	0.5870998282525914	399887	201042	400000	2	0.005	112	92	1	[376, 274, 207, 59, 134, 178, 237, 117, 176, 144]	0.49436649978160857	0.02595708519220352
1117	x579	447	-0.0038992147885933805	0.0038992147885933805	-16.297382858733496	1.0768777261372008e-59	0.5870998282525914	399887	201042	400000	2	0.005	112	93	1	[376, 274, 207, 59, 134, 178, 237, 117, 176, 144]	0.49436649978160857	0.02595708519220352
1118	x345	279	-0.003865246675034319	0.003865246675034319	-16.148879040150597	1.2070418699109112e-58	0.5870998282525914	399887	201042	400000	2	0.005	112	94	1	[376, 274, 207, 59, 134, 178, 237, 117, 176, 144]	0.49436649978160857	0.02595708519220352
1119	x74	67	-0.0037726188819652805	0.0037726188819652805	-15.750276554522793	7.108458519469014e-56	0.5870998282525914	399887	201042	400000	2	0.005	112	95	1	[376, 274, 207, 59, 134, 178, 237, 117, 176, 144]	0.49436649978160857	0.02595708519220352
1120	x301	246	0.003260678278241795	0.003260678278241795	13.631169577637719	2.671204006798047e-42	0.5870998282525914	399887	201042	400000	2	0.005	112	96	1	[376, 274, 207, 59, 134, 178, 237, 117, 176, 144]	0.49436649978160857	0.02595708519220352
1121	x40	37	0.003222464102562521	0.003222464102562521	13.455306718930307	2.925444453705538e-41	0.5870998282525914	399887	201042	400000	2	0.005	112	97	1	[376, 274, 207, 59, 134, 178, 237, 117, 176, 144]	0.49436649978160857	0.02595708519220352
1122	x489	384	-0.0031693301007173344	0.0031693301007173344	-13.230848336133	5.936531894036365e-40	0.5870998282525914	399887	201042	400000	2	0.005	112	98	1	[376, 274, 207, 59, 134, 178, 237, 117, 176, 144]	0.49436649978160857	0.02595708519220352
1123	x268	217	0.0029845673089871736	0.0029845673089871736	12.467837033024814	1.1354376385520456e-35	0.5870998282525914	399887	201042	400000	2	0.005	112	99	1	[376, 274, 207, 59, 134, 178, 237, 117, 176, 144]	0.49436649978160857	0.02595708519220352
1124	x475	372	0.002931889754981522	0.002931889754981522	12.253184718067509	1.638484083810817e-34	0.5870998282525914	399887	201042	400000	2	0.005	112	100	1	[376, 274, 207, 59, 134, 178, 237, 117, 176, 144]	0.49436649978160857	0.02595708519220352
1125	x557	425	0.0029231168779151246	0.0029231168779151246	12.218991800118324	2.496175336812806e-34	0.5870998282525914	399887	201042	400000	2	0.005	112	101	1	[376, 274, 207, 59, 134, 178, 237, 117, 176, 144]	0.49436649978160857	0.02595708519220352
1126	x587	455	0.00287253585274233	0.00287253585274233	12.015029345710364	3.0020270929367224e-33	0.5870998282525914	399887	201042	400000	2	0.005	112	102	1	[376, 274, 207, 59, 134, 178, 237, 117, 176, 144]	0.49436649978160857	0.02595708519220352
1127	x41	38	-0.002781956375899322	0.002781956375899322	-11.621046842706265	3.2591263180263485e-31	0.5870998282525914	399887	201042	400000	2	0.005	112	103	1	[376, 274, 207, 59, 134, 178, 237, 117, 176, 144]	0.49436649978160857	0.02595708519220352
1128	x414	323	-0.002703158857881285	0.002703158857881285	-11.296624679750302	1.3777579128533433e-29	0.5870998282525914	399887	201042	400000	2	0.005	112	104	1	[376, 274, 207, 59, 134, 178, 237, 117, 176, 144]	0.49436649978160857	0.02595708519220352
1129	x438	345	0.0026340021304361483	0.0026340021304361483	10.995202600164344	4.067671955439985e-28	0.5870998282525914	399887	201042	400000	2	0.005	112	105	1	[376, 274, 207, 59, 134, 178, 237, 117, 176, 144]	0.49436649978160857	0.02595708519220352
1130	x224	198	0.0023911996952201402	0.0023911996952201402	9.987043480181883	1.7478993293175573e-23	0.5870998282525914	399887	201042	400000	2	0.005	112	106	1	[376, 274, 207, 59, 134, 178, 237, 117, 176, 144]	0.49436649978160857	0.02595708519220352
1131	x212	187	0.00202636730850391	0.00202636730850391	8.459855932426356	2.6859046186581875e-17	0.5870998282525914	399887	201042	400000	2	0.005	112	107	1	[376, 274, 207, 59, 134, 178, 237, 117, 176, 144]	0.49436649978160857	0.02595708519220352
1132	x433	340	-0.0016914929243380555	0.0016914929243380555	-7.06002008201438	1.6674759781719826e-12	0.5870998282525914	399887	201042	400000	2	0.005	112	108	1	[376, 274, 207, 59, 134, 178, 237, 117, 176, 144]	0.49436649978160857	0.02595708519220352
1133	x337	272	0.0015261330218509133	0.0015261330218509133	6.376021884122734	1.8194399239083325e-10	0.5870998282525914	399887	201042	400000	2	0.005	112	109	1	[376, 274, 207, 59, 134, 178, 237, 117, 176, 144]	0.49436649978160857	0.02595708519220352
1134	x106	96	0.001473042275456386	0.001473042275456386	6.144641904167916	8.021931311476564e-10	0.5870998282525914	399887	201042	400000	2	0.005	112	110	1	[376, 274, 207, 59, 134, 178, 237, 117, 176, 144]	0.49436649978160857	0.02595708519220352
1135	x32	29	0.00015927847796110944	0.00015927847796110944	0.6656210398892728	0.5056537385687304	0.5870998282525914	399887	201042	400000	2	0.005	112	111	1	[376, 274, 207, 59, 134, 178, 237, 117, 176, 144]	0.49436649978160857	0.02595708519220352
1136	x325	266	0.00011914546103714825	0.00011914546103714825	0.49762774562818984	0.6187467175650995	0.5870998282525914	399887	201042	400000	2	0.005	112	112	1	[376, 274, 207, 59, 134, 178, 237, 117, 176, 144]	0.49436649978160857	0.02595708519220352
1137	x1	0	-0.08075417312645188	0.08075417312645188	-338.13468628066244	0.0	0.586655144314695	399889	301042	400000	3	0.001	110	1	1	[376, 274, 207, 59, 134, 178, 237, 117, 176, 144]	0.49436649978160857	0.02595708519220352
1138	x123	113	-0.05224754113748082	0.05224754113748082	-218.85051962455114	0.0	0.586655144314695	399889	301042	400000	3	0.001	110	2	1	[376, 274, 207, 59, 134, 178, 237, 117, 176, 144]	0.49436649978160857	0.02595708519220352
1139	x576	444	-0.04473641758065388	0.04473641758065388	-187.4434741687973	0.0	0.586655144314695	399889	301042	400000	3	0.001	110	3	1	[376, 274, 207, 59, 134, 178, 237, 117, 176, 144]	0.49436649978160857	0.02595708519220352
1140	x87	78	0.03851133178541657	0.03851133178541657	161.3646684055362	0.0	0.586655144314695	399889	301042	400000	3	0.001	110	4	1	[376, 274, 207, 59, 134, 178, 237, 117, 176, 144]	0.49436649978160857	0.02595708519220352
1141	x127	117	0.038174673635956634	0.038174673635956634	160.1407306698771	0.0	0.586655144314695	399889	301042	400000	3	0.001	110	5	1	[376, 274, 207, 59, 134, 178, 237, 117, 176, 144]	0.49436649978160857	0.02595708519220352
1142	x138	128	0.03608201179747392	0.03608201179747392	151.23363320931432	0.0	0.586655144314695	399889	301042	400000	3	0.001	110	6	1	[376, 274, 207, 59, 134, 178, 237, 117, 176, 144]	0.49436649978160857	0.02595708519220352
1143	x64	58	0.0358010318467073	0.0358010318467073	150.0251034075397	0.0	0.586655144314695	399889	301042	400000	3	0.001	110	7	1	[376, 274, 207, 59, 134, 178, 237, 117, 176, 144]	0.49436649978160857	0.02595708519220352
1144	x176	162	0.032849525639101644	0.032849525639101644	137.6402290383657	0.0	0.586655144314695	399889	301042	400000	3	0.001	110	8	1	[376, 274, 207, 59, 134, 178, 237, 117, 176, 144]	0.49436649978160857	0.02595708519220352
1145	x585	453	0.032746217066481356	0.032746217066481356	137.23689460242343	0.0	0.586655144314695	399889	301042	400000	3	0.001	110	9	1	[376, 274, 207, 59, 134, 178, 237, 117, 176, 144]	0.49436649978160857	0.02595708519220352
1146	x91	82	-0.03164135195690746	0.03164135195690746	-132.62754612894184	0.0	0.586655144314695	399889	301042	400000	3	0.001	110	10	1	[376, 274, 207, 59, 134, 178, 237, 117, 176, 144]	0.49436649978160857	0.02595708519220352
1147	x324	265	-0.029696288266748208	0.029696288266748208	-124.43667979008823	0.0	0.586655144314695	399889	301042	400000	3	0.001	110	11	1	[376, 274, 207, 59, 134, 178, 237, 117, 176, 144]	0.49436649978160857	0.02595708519220352
1148	x198	175	0.029435374360634082	0.029435374360634082	123.25263857968035	0.0	0.586655144314695	399889	301042	400000	3	0.001	110	12	1	[376, 274, 207, 59, 134, 178, 237, 117, 176, 144]	0.49436649978160857	0.02595708519220352
1149	x118	108	-0.02692272891553882	0.02692272891553882	-112.76121326770172	0.0	0.586655144314695	399889	301042	400000	3	0.001	110	13	1	[376, 274, 207, 59, 134, 178, 237, 117, 176, 144]	0.49436649978160857	0.02595708519220352
1150	x56	50	0.02647192945518334	0.02647192945518334	111.06907004575542	0.0	0.586655144314695	399889	301042	400000	3	0.001	110	14	1	[376, 274, 207, 59, 134, 178, 237, 117, 176, 144]	0.49436649978160857	0.02595708519220352
1151	x280	228	-0.0262663438094529	0.0262663438094529	-110.07630371033268	0.0	0.586655144314695	399889	301042	400000	3	0.001	110	15	1	[376, 274, 207, 59, 134, 178, 237, 117, 176, 144]	0.49436649978160857	0.02595708519220352
1152	x461	364	0.02477023532661628	0.02477023532661628	103.71013765565473	0.0	0.586655144314695	399889	301042	400000	3	0.001	110	16	1	[376, 274, 207, 59, 134, 178, 237, 117, 176, 144]	0.49436649978160857	0.02595708519220352
1153	x7	5	-0.0241109800809939	0.0241109800809939	-101.06677136076641	0.0	0.586655144314695	399889	301042	400000	3	0.001	110	17	1	[376, 274, 207, 59, 134, 178, 237, 117, 176, 144]	0.49436649978160857	0.02595708519220352
1154	x552	420	0.019458504055036897	0.019458504055036897	81.52449321171879	0.0	0.586655144314695	399889	301042	400000	3	0.001	110	18	1	[376, 274, 207, 59, 134, 178, 237, 117, 176, 144]	0.49436649978160857	0.02595708519220352
1155	x571	439	-0.01927232233443884	0.01927232233443884	-80.78358628852384	0.0	0.586655144314695	399889	301042	400000	3	0.001	110	19	1	[376, 274, 207, 59, 134, 178, 237, 117, 176, 144]	0.49436649978160857	0.02595708519220352
1156	x309	254	0.01861502725732961	0.01861502725732961	78.00335284028266	0.0	0.586655144314695	399889	301042	400000	3	0.001	110	20	1	[376, 274, 207, 59, 134, 178, 237, 117, 176, 144]	0.49436649978160857	0.02595708519220352
1157	x291	238	0.018583530469118262	0.018583530469118262	77.92285215766427	0.0	0.586655144314695	399889	301042	400000	3	0.001	110	21	1	[376, 274, 207, 59, 134, 178, 237, 117, 176, 144]	0.49436649978160857	0.02595708519220352
1158	x524	403	-0.018352595573090658	0.018352595573090658	-76.9288254687896	0.0	0.586655144314695	399889	301042	400000	3	0.001	110	22	1	[376, 274, 207, 59, 134, 178, 237, 117, 176, 144]	0.49436649978160857	0.02595708519220352
1159	x116	106	-0.017566052868140638	0.017566052868140638	-73.5220552603327	0.0	0.586655144314695	399889	301042	400000	3	0.001	110	23	1	[376, 274, 207, 59, 134, 178, 237, 117, 176, 144]	0.49436649978160857	0.02595708519220352
1160	x308	253	0.016161889929584602	0.016161889929584602	67.72669367040784	0.0	0.586655144314695	399889	301042	400000	3	0.001	110	24	1	[376, 274, 207, 59, 134, 178, 237, 117, 176, 144]	0.49436649978160857	0.02595708519220352
1161	x189	172	0.015272409991960058	0.015272409991960058	64.0657804366948	0.0	0.586655144314695	399889	301042	400000	3	0.001	110	25	1	[376, 274, 207, 59, 134, 178, 237, 117, 176, 144]	0.49436649978160857	0.02595708519220352
1162	x578	446	-0.01472780637968092	0.01472780637968092	-61.70432713370874	0.0	0.586655144314695	399889	301042	400000	3	0.001	110	26	1	[376, 274, 207, 59, 134, 178, 237, 117, 176, 144]	0.49436649978160857	0.02595708519220352
1163	x411	320	0.014687185162349127	0.014687185162349127	61.52242728600493	0.0	0.586655144314695	399889	301042	400000	3	0.001	110	27	1	[376, 274, 207, 59, 134, 178, 237, 117, 176, 144]	0.49436649978160857	0.02595708519220352
1164	x276	225	-0.014392524378825058	0.014392524378825058	-60.253501418835086	0.0	0.586655144314695	399889	301042	400000	3	0.001	110	28	1	[376, 274, 207, 59, 134, 178, 237, 117, 176, 144]	0.49436649978160857	0.02595708519220352
1165	x567	435	-0.013703969412783241	0.013703969412783241	-57.47418149295391	0.0	0.586655144314695	399889	301042	400000	3	0.001	110	29	1	[376, 274, 207, 59, 134, 178, 237, 117, 176, 144]	0.49436649978160857	0.02595708519220352
1166	x342	277	0.013210211771157939	0.013210211771157939	55.2905869103384	0.0	0.586655144314695	399889	301042	400000	3	0.001	110	30	1	[376, 274, 207, 59, 134, 178, 237, 117, 176, 144]	0.49436649978160857	0.02595708519220352
1167	x447	354	0.012240998885417438	0.012240998885417438	51.247208431391975	0.0	0.586655144314695	399889	301042	400000	3	0.001	110	31	1	[376, 274, 207, 59, 134, 178, 237, 117, 176, 144]	0.49436649978160857	0.02595708519220352
1168	x5	4	0.012229500082329486	0.012229500082329486	51.16442166986796	0.0	0.586655144314695	399889	301042	400000	3	0.001	110	32	1	[376, 274, 207, 59, 134, 178, 237, 117, 176, 144]	0.49436649978160857	0.02595708519220352
1169	x473	370	0.012137108964475047	0.012137108964475047	50.85396628502348	0.0	0.586655144314695	399889	301042	400000	3	0.001	110	33	1	[376, 274, 207, 59, 134, 178, 237, 117, 176, 144]	0.49436649978160857	0.02595708519220352
1170	x55	49	-0.012018612633765796	0.012018612633765796	-50.307927825684466	0.0	0.586655144314695	399889	301042	400000	3	0.001	110	34	1	[376, 274, 207, 59, 134, 178, 237, 117, 176, 144]	0.49436649978160857	0.02595708519220352
1171	x59	53	0.011778797618503062	0.011778797618503062	49.36816929214691	0.0	0.586655144314695	399889	301042	400000	3	0.001	110	35	1	[376, 274, 207, 59, 134, 178, 237, 117, 176, 144]	0.49436649978160857	0.02595708519220352
1172	x288	235	0.01097255401159408	0.01097255401159408	45.99323830833753	0.0	0.586655144314695	399889	301042	400000	3	0.001	110	36	1	[376, 274, 207, 59, 134, 178, 237, 117, 176, 144]	0.49436649978160857	0.02595708519220352
1173	x11	9	0.010687109186423599	0.010687109186423599	44.785514489813316	0.0	0.586655144314695	399889	301042	400000	3	0.001	110	37	1	[376, 274, 207, 59, 134, 178, 237, 117, 176, 144]	0.49436649978160857	0.02595708519220352
1174	x153	141	0.01051761007755639	0.01051761007755639	44.09408156000316	0.0	0.586655144314695	399889	301042	400000	3	0.001	110	38	1	[376, 274, 207, 59, 134, 178, 237, 117, 176, 144]	0.49436649978160857	0.02595708519220352
1175	x588	456	0.010171825165485388	0.010171825165485388	42.63392396947302	0.0	0.586655144314695	399889	301042	400000	3	0.001	110	39	1	[376, 274, 207, 59, 134, 178, 237, 117, 176, 144]	0.49436649978160857	0.02595708519220352
1176	x282	230	-0.009751301695206658	0.009751301695206658	-40.81252478309315	0.0	0.586655144314695	399889	301042	400000	3	0.001	110	40	1	[376, 274, 207, 59, 134, 178, 237, 117, 176, 144]	0.49436649978160857	0.02595708519220352
1177	x426	333	0.009714821014484796	0.009714821014484796	40.69777812679352	0.0	0.586655144314695	399889	301042	400000	3	0.001	110	41	1	[376, 274, 207, 59, 134, 178, 237, 117, 176, 144]	0.49436649978160857	0.02595708519220352
1178	x54	48	-0.009709445372499478	0.009709445372499478	-40.66630220270848	0.0	0.586655144314695	399889	301042	400000	3	0.001	110	42	1	[376, 274, 207, 59, 134, 178, 237, 117, 176, 144]	0.49436649978160857	0.02595708519220352
1179	x160	146	0.009547017599484104	0.009547017599484104	40.01327888893464	0.0	0.586655144314695	399889	301042	400000	3	0.001	110	43	1	[376, 274, 207, 59, 134, 178, 237, 117, 176, 144]	0.49436649978160857	0.02595708519220352
1180	x349	282	0.009496584846263766	0.009496584846263766	39.77739862421048	0.0	0.586655144314695	399889	301042	400000	3	0.001	110	44	1	[376, 274, 207, 59, 134, 178, 237, 117, 176, 144]	0.49436649978160857	0.02595708519220352
1181	x334	269	0.009275002891669626	0.009275002891669626	38.85191932291632	0.0	0.586655144314695	399889	301042	400000	3	0.001	110	45	1	[376, 274, 207, 59, 134, 178, 237, 117, 176, 144]	0.49436649978160857	0.02595708519220352
1182	x377	301	-0.008997568881164833	0.008997568881164833	-37.702796722278855	0.0	0.586655144314695	399889	301042	400000	3	0.001	110	46	1	[376, 274, 207, 59, 134, 178, 237, 117, 176, 144]	0.49436649978160857	0.02595708519220352
1183	x141	131	-0.008751545181533942	0.008751545181533942	-36.648544455941305	1.489683457949569e-293	0.586655144314695	399889	301042	400000	3	0.001	110	47	1	[376, 274, 207, 59, 134, 178, 237, 117, 176, 144]	0.49436649978160857	0.02595708519220352
1184	x85	77	-0.008715677207939015	0.008715677207939015	-36.497958477055796	3.620272305411737e-291	0.586655144314695	399889	301042	400000	3	0.001	110	48	1	[376, 274, 207, 59, 134, 178, 237, 117, 176, 144]	0.49436649978160857	0.02595708519220352
1185	x83	75	0.008700639705947267	0.008700639705947267	36.4192584210651	6.333803752373616e-290	0.586655144314695	399889	301042	400000	3	0.001	110	49	1	[376, 274, 207, 59, 134, 178, 237, 117, 176, 144]	0.49436649978160857	0.02595708519220352
1186	x302	247	-0.0086441692820478	0.0086441692820478	-36.1850853063131	3.0497188954190207e-286	0.586655144314695	399889	301042	400000	3	0.001	110	50	1	[376, 274, 207, 59, 134, 178, 237, 117, 176, 144]	0.49436649978160857	0.02595708519220352
1187	x440	347	0.008437213475643355	0.008437213475643355	35.310543223794646	1.0688392883875314e-272	0.586655144314695	399889	301042	400000	3	0.001	110	51	1	[376, 274, 207, 59, 134, 178, 237, 117, 176, 144]	0.49436649978160857	0.02595708519220352
1188	x132	122	0.008324264976929735	0.008324264976929735	34.85331065747244	9.539258027840303e-266	0.586655144314695	399889	301042	400000	3	0.001	110	52	1	[376, 274, 207, 59, 134, 178, 237, 117, 176, 144]	0.49436649978160857	0.02595708519220352
1189	x573	441	0.007924026632713002	0.007924026632713002	33.221322019107866	1.1348244729960075e-241	0.586655144314695	399889	301042	400000	3	0.001	110	53	1	[376, 274, 207, 59, 134, 178, 237, 117, 176, 144]	0.49436649978160857	0.02595708519220352
1190	x480	376	0.007912424885335686	0.007912424885335686	33.13479817465359	1.9923237132479966e-240	0.586655144314695	399889	301042	400000	3	0.001	110	54	1	[376, 274, 207, 59, 134, 178, 237, 117, 176, 144]	0.49436649978160857	0.02595708519220352
1191	x581	449	0.007698782772771695	0.007698782772771695	32.25104720287808	6.689651696004716e-228	0.586655144314695	399889	301042	400000	3	0.001	110	55	1	[376, 274, 207, 59, 134, 178, 237, 117, 176, 144]	0.49436649978160857	0.02595708519220352
1192	x170	156	0.007645052609579466	0.007645052609579466	32.026053267705386	9.135111796389441e-225	0.586655144314695	399889	301042	400000	3	0.001	110	56	1	[376, 274, 207, 59, 134, 178, 237, 117, 176, 144]	0.49436649978160857	0.02595708519220352
1193	x558	426	0.0075245085139633945	0.0075245085139633945	31.515264752470916	9.946906875186838e-218	0.586655144314695	399889	301042	400000	3	0.001	110	57	1	[376, 274, 207, 59, 134, 178, 237, 117, 176, 144]	0.49436649978160857	0.02595708519220352
1194	x21	18	0.0072915342524524996	0.0072915342524524996	30.55914524315083	7.37629901493356e-205	0.586655144314695	399889	301042	400000	3	0.001	110	58	1	[376, 274, 207, 59, 134, 178, 237, 117, 176, 144]	0.49436649978160857	0.02595708519220352
1195	x407	316	-0.007185786419152337	0.007185786419152337	-30.09476605232497	9.477256162751237e-199	0.586655144314695	399889	301042	400000	3	0.001	110	59	1	[376, 274, 207, 59, 134, 178, 237, 117, 176, 144]	0.49436649978160857	0.02595708519220352
1196	x172	158	0.007154505555113617	0.007154505555113617	29.97797400282295	3.1509636360907365e-197	0.586655144314695	399889	301042	400000	3	0.001	110	60	1	[376, 274, 207, 59, 134, 178, 237, 117, 176, 144]	0.49436649978160857	0.02595708519220352
1197	x572	440	0.007123710702259374	0.007123710702259374	29.860860881680487	1.0434839368067027e-195	0.586655144314695	399889	301042	400000	3	0.001	110	61	1	[376, 274, 207, 59, 134, 178, 237, 117, 176, 144]	0.49436649978160857	0.02595708519220352
1198	x34	31	0.0071042159285007525	0.0071042159285007525	29.803480792424153	5.7687269452936195e-195	0.586655144314695	399889	301042	400000	3	0.001	110	62	1	[376, 274, 207, 59, 134, 178, 237, 117, 176, 144]	0.49436649978160857	0.02595708519220352
1199	x20	17	0.007070404393035839	0.007070404393035839	29.610262924532655	1.7832372559292468e-192	0.586655144314695	399889	301042	400000	3	0.001	110	63	1	[376, 274, 207, 59, 134, 178, 237, 117, 176, 144]	0.49436649978160857	0.02595708519220352
1200	x354	287	-0.007047455113439999	0.007047455113439999	-29.56277781693948	7.256362237961915e-192	0.586655144314695	399889	301042	400000	3	0.001	110	64	1	[376, 274, 207, 59, 134, 178, 237, 117, 176, 144]	0.49436649978160857	0.02595708519220352
1201	x110	100	-0.006963999305607028	0.006963999305607028	-29.164919637030152	8.499035688262137e-187	0.586655144314695	399889	301042	400000	3	0.001	110	65	1	[376, 274, 207, 59, 134, 178, 237, 117, 176, 144]	0.49436649978160857	0.02595708519220352
1202	x168	154	0.006759083347168163	0.006759083347168163	28.31840207136459	3.067896897356836e-176	0.586655144314695	399889	301042	400000	3	0.001	110	66	1	[376, 274, 207, 59, 134, 178, 237, 117, 176, 144]	0.49436649978160857	0.02595708519220352
1203	x437	344	0.006691395155666849	0.006691395155666849	28.05489504492874	5.130464416770314e-173	0.586655144314695	399889	301042	400000	3	0.001	110	67	1	[376, 274, 207, 59, 134, 178, 237, 117, 176, 144]	0.49436649978160857	0.02595708519220352
1204	x559	427	0.00623083615141919	0.00623083615141919	26.085622010532983	7.09420983350135e-150	0.586655144314695	399889	301042	400000	3	0.001	110	68	1	[376, 274, 207, 59, 134, 178, 237, 117, 176, 144]	0.49436649978160857	0.02595708519220352
1205	x350	283	0.00592261501576941	0.00592261501576941	24.841938366462983	4.012039229211824e-136	0.586655144314695	399889	301042	400000	3	0.001	110	69	1	[376, 274, 207, 59, 134, 178, 237, 117, 176, 144]	0.49436649978160857	0.02595708519220352
1206	x483	378	-0.00592265836592875	0.00592265836592875	-24.80936517724074	9.007087368484892e-136	0.586655144314695	399889	301042	400000	3	0.001	110	70	1	[376, 274, 207, 59, 134, 178, 237, 117, 176, 144]	0.49436649978160857	0.02595708519220352
1207	x497	391	-0.00555130192447583	0.00555130192447583	-23.27925715730576	8.647117260190188e-120	0.586655144314695	399889	301042	400000	3	0.001	110	71	1	[376, 274, 207, 59, 134, 178, 237, 117, 176, 144]	0.49436649978160857	0.02595708519220352
1208	x387	307	-0.005523247604515683	0.005523247604515683	-23.142854183585065	2.0538173313831313e-118	0.586655144314695	399889	301042	400000	3	0.001	110	72	1	[376, 274, 207, 59, 134, 178, 237, 117, 176, 144]	0.49436649978160857	0.02595708519220352
1209	x431	338	0.00550628080208322	0.00550628080208322	23.070978348162253	1.0820141971947273e-117	0.586655144314695	399889	301042	400000	3	0.001	110	73	1	[376, 274, 207, 59, 134, 178, 237, 117, 176, 144]	0.49436649978160857	0.02595708519220352
1210	x575	443	0.005288905611546303	0.005288905611546303	22.167392351466095	8.249426088878195e-109	0.586655144314695	399889	301042	400000	3	0.001	110	74	1	[376, 274, 207, 59, 134, 178, 237, 117, 176, 144]	0.49436649978160857	0.02595708519220352
1211	x391	311	-0.005293290533656617	0.005293290533656617	-22.16020312321959	9.675640114815763e-109	0.586655144314695	399889	301042	400000	3	0.001	110	75	1	[376, 274, 207, 59, 134, 178, 237, 117, 176, 144]	0.49436649978160857	0.02595708519220352
1212	x92	83	0.0051049086764826165	0.0051049086764826165	21.397710748908615	1.6005793642384863e-101	0.586655144314695	399889	301042	400000	3	0.001	110	76	1	[376, 274, 207, 59, 134, 178, 237, 117, 176, 144]	0.49436649978160857	0.02595708519220352
1213	x17	14	-0.005019669957037672	0.005019669957037672	-21.009201569912037	6.10628195767218e-98	0.586655144314695	399889	301042	400000	3	0.001	110	77	1	[376, 274, 207, 59, 134, 178, 237, 117, 176, 144]	0.49436649978160857	0.02595708519220352
1214	x519	399	-0.004979532798186202	0.004979532798186202	-20.873369138166044	1.0533626538129774e-96	0.586655144314695	399889	301042	400000	3	0.001	110	78	1	[376, 274, 207, 59, 134, 178, 237, 117, 176, 144]	0.49436649978160857	0.02595708519220352
1215	x472	369	-0.004967648880902929	0.004967648880902929	-20.80678907243159	4.225733596779864e-96	0.586655144314695	399889	301042	400000	3	0.001	110	79	1	[376, 274, 207, 59, 134, 178, 237, 117, 176, 144]	0.49436649978160857	0.02595708519220352
1216	x119	109	-0.004963580404188703	0.004963580404188703	-20.791356975323254	5.827319430188436e-96	0.586655144314695	399889	301042	400000	3	0.001	110	80	1	[376, 274, 207, 59, 134, 178, 237, 117, 176, 144]	0.49436649978160857	0.02595708519220352
1217	x42	39	0.004788677925675448	0.004788677925675448	20.078613700164116	1.2571434961358171e-89	0.586655144314695	399889	301042	400000	3	0.001	110	81	1	[376, 274, 207, 59, 134, 178, 237, 117, 176, 144]	0.49436649978160857	0.02595708519220352
1218	x554	422	0.004752811369763772	0.004752811369763772	19.914427594578424	3.367902529222268e-88	0.586655144314695	399889	301042	400000	3	0.001	110	82	1	[376, 274, 207, 59, 134, 178, 237, 117, 176, 144]	0.49436649978160857	0.02595708519220352
1219	x218	193	0.004680696020646614	0.004680696020646614	19.643380884437537	7.231949566916473e-86	0.586655144314695	399889	301042	400000	3	0.001	110	83	1	[376, 274, 207, 59, 134, 178, 237, 117, 176, 144]	0.49436649978160857	0.02595708519220352
1220	x216	191	-0.0046803915847777	0.0046803915847777	-19.62606377799444	1.0166259425378131e-85	0.586655144314695	399889	301042	400000	3	0.001	110	84	1	[376, 274, 207, 59, 134, 178, 237, 117, 176, 144]	0.49436649978160857	0.02595708519220352
1221	x457	361	-0.004530448955333495	0.004530448955333495	-18.98229394628623	2.5923956350162618e-80	0.586655144314695	399889	301042	400000	3	0.001	110	85	1	[376, 274, 207, 59, 134, 178, 237, 117, 176, 144]	0.49436649978160857	0.02595708519220352
1222	x322	264	-0.004472342780868136	0.004472342780868136	-18.716957566551823	3.890157145970427e-78	0.586655144314695	399889	301042	400000	3	0.001	110	86	1	[376, 274, 207, 59, 134, 178, 237, 117, 176, 144]	0.49436649978160857	0.02595708519220352
1223	x65	59	0.004437363179926345	0.004437363179926345	18.598938591065355	3.533274973123913e-77	0.586655144314695	399889	301042	400000	3	0.001	110	87	1	[376, 274, 207, 59, 134, 178, 237, 117, 176, 144]	0.49436649978160857	0.02595708519220352
1224	x307	252	0.0042314900169580436	0.0042314900169580436	17.75911029661957	1.5599708660073337e-70	0.586655144314695	399889	301042	400000	3	0.001	110	88	1	[376, 274, 207, 59, 134, 178, 237, 117, 176, 144]	0.49436649978160857	0.02595708519220352
1225	x517	397	0.004229724741525956	0.004229724741525956	17.70782331128066	3.881882617510447e-70	0.586655144314695	399889	301042	400000	3	0.001	110	89	1	[376, 274, 207, 59, 134, 178, 237, 117, 176, 144]	0.49436649978160857	0.02595708519220352
1226	x488	383	0.004126999999394957	0.004126999999394957	17.287595680866435	6.170650294099893e-67	0.586655144314695	399889	301042	400000	3	0.001	110	90	1	[376, 274, 207, 59, 134, 178, 237, 117, 176, 144]	0.49436649978160857	0.02595708519220352
1227	x292	239	-0.0040183365222912085	0.0040183365222912085	-16.83709752465706	1.3724997587107555e-63	0.586655144314695	399889	301042	400000	3	0.001	110	91	1	[376, 274, 207, 59, 134, 178, 237, 117, 176, 144]	0.49436649978160857	0.02595708519220352
1228	x40	37	0.003947455359266289	0.003947455359266289	16.53786376366167	2.0528704632618986e-61	0.586655144314695	399889	301042	400000	3	0.001	110	92	1	[376, 274, 207, 59, 134, 178, 237, 117, 176, 144]	0.49436649978160857	0.02595708519220352
1229	x489	384	-0.0039041407736031615	0.0039041407736031615	-16.359963737990853	3.8638614934827674e-60	0.586655144314695	399889	301042	400000	3	0.001	110	93	1	[376, 274, 207, 59, 134, 178, 237, 117, 176, 144]	0.49436649978160857	0.02595708519220352
1230	x289	236	0.003731095480486765	0.003731095480486765	15.620491838693217	5.4814781524028095e-55	0.586655144314695	399889	301042	400000	3	0.001	110	94	1	[376, 274, 207, 59, 134, 178, 237, 117, 176, 144]	0.49436649978160857	0.02595708519220352
1231	x345	279	-0.0036558207416959904	0.0036558207416959904	-15.326602582505918	5.258360279731518e-53	0.586655144314695	399889	301042	400000	3	0.001	110	95	1	[376, 274, 207, 59, 134, 178, 237, 117, 176, 144]	0.49436649978160857	0.02595708519220352
1232	x301	246	0.0035493224788863804	0.0035493224788863804	14.863354930469631	5.87792799035964e-50	0.586655144314695	399889	301042	400000	3	0.001	110	96	1	[376, 274, 207, 59, 134, 178, 237, 117, 176, 144]	0.49436649978160857	0.02595708519220352
1233	x579	447	-0.0034884580990445528	0.0034884580990445528	-14.6196866104554	2.1651651868180225e-48	0.586655144314695	399889	301042	400000	3	0.001	110	97	1	[376, 274, 207, 59, 134, 178, 237, 117, 176, 144]	0.49436649978160857	0.02595708519220352
1234	x74	67	-0.0033774486251986467	0.0033774486251986467	-14.153298394171097	1.8277003450068458e-45	0.586655144314695	399889	301042	400000	3	0.001	110	98	1	[376, 274, 207, 59, 134, 178, 237, 117, 176, 144]	0.49436649978160857	0.02595708519220352
1235	x557	425	0.0033745789911663196	0.0033745789911663196	14.137302453436439	2.2940802421532308e-45	0.586655144314695	399889	301042	400000	3	0.001	110	99	1	[376, 274, 207, 59, 134, 178, 237, 117, 176, 144]	0.49436649978160857	0.02595708519220352
1236	x587	455	0.0028608444783218	0.0028608444783218	11.974131843679261	4.918591765018692e-33	0.586655144314695	399889	301042	400000	3	0.001	110	100	1	[376, 274, 207, 59, 134, 178, 237, 117, 176, 144]	0.49436649978160857	0.02595708519220352
1237	x41	38	-0.0027226557393816007	0.0027226557393816007	-11.415489106766014	3.53721292884745e-30	0.586655144314695	399889	301042	400000	3	0.001	110	101	1	[376, 274, 207, 59, 134, 178, 237, 117, 176, 144]	0.49436649978160857	0.02595708519220352
1238	x268	217	0.0026465434116739344	0.0026465434116739344	11.082437016756407	1.5412960801471775e-28	0.586655144314695	399889	301042	400000	3	0.001	110	102	1	[376, 274, 207, 59, 134, 178, 237, 117, 176, 144]	0.49436649978160857	0.02595708519220352
1239	x475	372	0.002611048793589445	0.002611048793589445	10.946836047593187	6.944002744394534e-28	0.586655144314695	399889	301042	400000	3	0.001	110	103	1	[376, 274, 207, 59, 134, 178, 237, 117, 176, 144]	0.49436649978160857	0.02595708519220352
1240	x414	323	-0.00259454896882281	0.00259454896882281	-10.874727359985098	1.5346796115283198e-27	0.586655144314695	399889	301042	400000	3	0.001	110	104	1	[376, 274, 207, 59, 134, 178, 237, 117, 176, 144]	0.49436649978160857	0.02595708519220352
1241	x224	198	0.0025707225487294626	0.0025707225487294626	10.76437940487173	5.113666239468243e-27	0.586655144314695	399889	301042	400000	3	0.001	110	105	1	[376, 274, 207, 59, 134, 178, 237, 117, 176, 144]	0.49436649978160857	0.02595708519220352
1242	x212	187	0.0025408328022875994	0.0025408328022875994	10.640439770434815	1.9479700605534907e-26	0.586655144314695	399889	301042	400000	3	0.001	110	106	1	[376, 274, 207, 59, 134, 178, 237, 117, 176, 144]	0.49436649978160857	0.02595708519220352
1243	x438	345	0.002535575499277014	0.002535575499277014	10.635832133816349	2.046674534848465e-26	0.586655144314695	399889	301042	400000	3	0.001	110	107	1	[376, 274, 207, 59, 134, 178, 237, 117, 176, 144]	0.49436649978160857	0.02595708519220352
1244	x433	340	-0.0023338009240068437	0.0023338009240068437	-9.77538623138356	1.4444773229827017e-22	0.586655144314695	399889	301042	400000	3	0.001	110	108	1	[376, 274, 207, 59, 134, 178, 237, 117, 176, 144]	0.49436649978160857	0.02595708519220352
1245	x337	272	0.0014646037245163645	0.0014646037245163645	6.148633686033587	7.822675742400754e-10	0.586655144314695	399889	301042	400000	3	0.001	110	109	1	[376, 274, 207, 59, 134, 178, 237, 117, 176, 144]	0.49436649978160857	0.02595708519220352
1246	x106	96	0.0012880438371730407	0.0012880438371730407	5.390771723293289	7.019531124330237e-08	0.586655144314695	399889	301042	400000	3	0.001	110	110	1	[376, 274, 207, 59, 134, 178, 237, 117, 176, 144]	0.49436649978160857	0.02595708519220352
