X1	X2	X3	X4	X5	X6	X7	X8	X9	X10
-1.9646627031699095	-2.2090831787224063	-2.7315792286593736	-2.5015208337028145	-2.7962738474865168	-2.953927735612044	-2.2161274673687665	-2.0174121023151486	-1.8451292293786072	-2.3154427497742236
-2.8325591649843855	-2.7625870770642384	-2.8126363946575585	-2.732509532251539	-2.6491426143260486	-3.2028370505617834	-2.493749606403735	-2.776195532685999	-2.7878059239909807	-2.1174666763003955
-3.371078599060108	-3.064903045760792	-3.621314846201975	-3.2377520500713617	-2.527004224513864	-2.839672797368702	-3.486610562669428	-2.985095776422144	-3.1981998365187216	-3.1144066256487912
-0.9976152038038599	-1.353308764816169	-1.5503164724324496	-1.6177758921238494	-1.2811046172618414	-1.3354064321730128	-1.1724546468362669	-0.8199779546726316	-1.0068687604620823	-0.8884692945744459
-2.1628434346497207	-2.1791077375894576	-1.8403988384878063	-2.1965758960312805	-2.5686560218465435	-1.902843973673349	-1.9748082432939518	-2.1640114862247417	-2.310944745035249	-1.6295218431282403
-0.9851135373922537	-1.9063807254530498	-1.632306896487971	-1.957295830000149	-1.302985381975284	-1.0852630316166372	-1.133379463801428	-1.8241816281229444	-1.069236493859692	-1.3705050761385291
-1.765029271244184	-1.919375792911362	-1.753583013058408	-2.037490533552261	-1.5558207804903288	-2.1934898548432433	-1.2082289292098793	-1.7492370577744332	-1.3542290236109151	-1.5516739298549294
-2.132810537818728	-1.9755516750776791	-2.3874907281278763	-1.7903869707189393	-2.1665676692385465	-2.30941890249752	-2.1337235650346815	-2.093817023468379	-1.722516314784785	-2.321895690575135
-2.2018279659690236	-2.6969342167788484	-2.560989589804625	-1.7018759307144014	-2.9282108962836646	-2.69839442931677	-1.976502813719779	-2.6764731866649725	-2.2999000217176944	-2.4061798858590335
-1.6507246208654465	-1.6579389363783306	-0.9760570014399326	-1.239659732554128	-1.2942835690138794	-0.9262362222409926	-1.0285209994087943	-1.5993225594387677	-0.5879395150315267	-0.9052356726331272
-2.810266276943811	-2.649591228603087	-2.7659005240092704	-2.4840491930306574	-1.8496956900363677	-2.060719252449767	-2.3408752995868065	-2.0743401043065077	-2.2259602663034332	-2.6018515951792187
-2.485502688506956	-2.2869444187604957	-2.008019830247831	-1.512201556694784	-2.390897955550087	-2.3598032924842176	-2.2037996459117037	-2.623206576555372	-2.2229363516876375	-1.4159688779162267
-3.5131223788328736	-2.393637952724264	-2.584984357117114	-3.129174207601948	-2.264848000059359	-2.0747939009798757	-2.731210699898158	-1.6176675441764337	-3.440305656576516	-2.2958169951817706
-2.5209255474536008	-2.427721195751341	-2.3563537581112297	-1.7597979375649682	-2.658279481494265	-2.2097330217434736	-2.287881892926817	-1.8774563183412107	-2.7433060397726226	-2.2082005456913016
-1.5184683141883317	-1.5024577740699965	-2.7448439902049007	-1.784374858483654	-1.5963965200629424	-2.0551270113296667	-1.8183767027412345	-2.0042670374933973	-1.2794799987340575	-1.9647668368977396
-0.995061759490917	-1.2335474186218458	-1.194908065567191	-0.9703577848262945	-1.7710753985645367	-0.9405299176580657	-0.9335182978436434	-0.8523939438168358	-1.0351996292100945	-1.0498155622430791
-3.402022287592855	-3.276944592192172	-3.187364425957278	-3.851432289064359	-3.0015644887347905	-3.251044979133341	-3.4581689161636424	-3.9931709737242373	-3.717553857467146	-3.394254854925543
-0.9179554269916235	-0.9010052117282366	-0.5436855906002922	-1.1373370622409844	-1.6182925260198302	-1.0876972844673136	-1.4630712525854042	-1.1201430657656777	-0.27196129786093337	-0.5365887460335128
-2.2778659319769146	-1.6803958781840218	-2.251319162627182	-1.3992558423817256	-2.325299262591018	-2.327410506091446	-1.649731897134493	-2.4495958613041737	-2.2198812180640766	-1.4856985588822087
-2.015239111015959	-1.282625286473786	-1.8426249898993958	-1.9046120859029139	-1.2761834262893954	-1.5454235718685736	-1.819746921936242	-1.149087425540753	-1.5539210981382405	-1.873164180810718
-2.269611740197832	-2.023288760711765	-1.3673323886487339	-2.390119478083153	-1.9550215569017755	-1.3389675210993435	-1.9382973132886077	-0.9441053662016219	-2.164828943394598	-1.3632037475310872
-1.3315609785219693	-1.921971250483234	-1.776019975008429	-1.474965381219454	-1.9656394285343102	-1.409466286934716	-0.9439198003224742	-1.2839845486305554	-0.7466652402191782	-1.44732643689942
0.36684871558729837	-1.395695327018038	0.04957212125897659	-0.4125383605146433	-0.6955805184314168	-0.6186402516156206	-1.5513739890303626	0.21109163085922766	-0.362719699501429	-0.3120045307452515
-1.2118036643875039	-1.1760795001677486	-1.1214379414052376	-0.931910356192498	-1.1181360143552066	-1.4486571448108445	-0.7950196210034555	-1.4650435455585042	-0.9186665560143379	-0.8317845399725539
-1.7977692926480342	-2.308303200979957	-1.9324822578161505	-2.6766692114337047	-2.0729986777815954	-2.6684884188347886	-2.2986831755382724	-2.9112571451993503	-2.4007935337235535	-2.599687288926326
-2.697931659225158	-1.7409014395470406	-2.8813767201558744	-2.109724162864665	-2.240981229446686	-2.5657186638839833	-2.101953420996276	-2.649078695304093	-2.865186686079566	-2.2576510159661125
-2.168981188487618	-2.422515076767977	-1.9824526425947446	-1.826305679609413	-2.5760957586009448	-2.1168593509471485	-2.8417401923732557	-2.054954156904081	-1.6783944324715803	-2.740930536608363
-1.2856543001020957	-1.3727305318435201	-1.6370871163795042	-1.52926613425595	-2.2215764983967055	-2.5768570639058748	-1.8949745309673878	-1.7414485943884628	-1.9041866267372265	-1.6117736356271137
-1.9438682250029669	-2.481365718349855	-2.5790267395296924	-2.3983497467983668	-2.7166587803161715	-1.878887998552796	-2.908683110322352	-2.675952228700801	-2.520386672470588	-2.092771279349069
-1.0552928000775839	-0.5884655410110431	-0.884294578724713	-0.08044296568717058	-1.1692486519641823	-0.654410253584065	-1.6304053002265515	-0.8896181436617736	-0.9060585648681905	-0.668270332183662
-4.237274194657195	-3.5007850164215855	-3.526543946864621	-3.5915354468723955	-2.783811353883815	-3.1707220467125614	-2.900126038694993	-3.361597032196366	-3.0251341480851526	-3.473654200137955
-1.93506458893269	-1.9729980202389208	-2.544126878169564	-2.289852663163456	-2.2537386806117317	-3.0034496757864373	-2.7967994102703755	-2.1417954122011973	-1.3541615572713233	-2.4805983207077054
-0.9463236286237935	-1.5680920803506397	-1.3981933251191685	-1.3409502894707566	-1.4158448665692358	-1.5846573577673864	-1.375926760497228	-1.8363315111340024	-1.4352019047686677	-1.235962360874883
-0.5699063806412334	-1.5233559555714895	-1.0560035665205043	-1.3714026393367855	-0.6034431083419924	-1.251085254953171	-1.431501001734576	-0.8406626916835165	-0.7331433860482717	-0.8894033122430789
-2.935788638668756	-2.8064431992576635	-2.2960495578247495	-2.430718093533882	-2.6755758937233503	-1.4991755883925277	-1.7090259173586497	-2.0917808859565605	-2.955459307507189	-2.1161687321559324
-1.1271044745521346	-1.2706976868174575	-1.3815986995224976	-1.7220023823153834	-1.318176300063524	-1.595687378425673	-0.9241055972276631	-1.162310540762601	-0.37603900077908325	-1.4506418224238762
-2.672356055206705	-3.01529813998646	-2.7786653620950337	-2.6745367770917086	-2.6209136172307317	-2.578815619085605	-2.959764583109465	-2.414358375752287	-2.5436527707602155	-2.6315802573732205
-2.5840555487233328	-3.1388009312372684	-2.64600087396034	-3.159472170995689	-2.62577049474633	-3.4006196041879226	-2.785481827669976	-2.210242097010561	-2.6999720262779245	-3.832456339192061
-2.316349855633295	-2.172460639539752	-1.736996397134278	-2.1424566560529263	-1.3317595995701241	-2.0042554274999027	-1.389864048278631	-2.0778663252496643	-1.1891306833798196	-2.0538982387042384
-2.234927128618479	-2.6615845909828657	-2.3437571911790607	-1.9324749593816524	-2.7236576870417992	-3.127559913763461	-2.3224356393654917	-2.145875698023716	-2.533159173275612	-2.3432854858788
-1.8080628961455045	-1.4607508433081717	-2.0104598766421806	-2.302412061744839	-1.862826068463129	-1.833708434628638	-2.084732250350595	-1.7845532062656664	-1.0746827274110782	-1.7935394089344139
-2.2530313117988774	-2.5954408873681545	-2.1007568539258235	-2.0721456196944485	-2.0363936836371272	-2.4089460673741874	-2.2346270407008753	-2.558361850561722	-2.2410144054837846	-1.3736665248666373
-0.8920733619891288	-0.6847815431872883	-0.5119581242712787	-0.11306209428435343	-0.5019404969151928	-0.6182166451340212	-1.3315297725265682	-0.22283097663325102	-0.8980143963979177	-0.9286928478993357
-1.9619980011441616	-1.689754559295744	-2.2008433071736544	-2.6328605527066666	-2.0372001998119846	-2.2848836095002034	-2.965750849129803	-1.4632382756463755	-1.8194085771431154	-2.2311396179952223
-2.1526163560310283	-1.701243348829033	-1.5849003214670612	-2.0691954662508953	-1.9547237557649464	-2.185551955597889	-2.2452514517769533	-1.5852493881575533	-2.0701771043716644	-2.043274806961103
-3.222666006115957	-3.585014525552879	-3.155176367446444	-2.136849378876864	-3.591061177835708	-3.0299808318725643	-2.9820164016816486	-1.8107329860985288	-3.4461626242792613	-2.9938458239711854
-4.041091233386496	-3.9668058299786972	-4.320021718738728	-4.336517920423223	-4.013528223939262	-4.726951845321977	-4.285703110204503	-3.9612001407781277	-3.974664127706757	-4.518121078161432
-1.0749970201101675	-1.8928247031417689	-0.7495381052614705	-1.5845020006803263	-0.9112858156301318	-1.7892710606547082	-1.273905072029649	-1.2741825380147813	-1.6583591514630465	-0.780939702871883
-3.009863077762077	-2.4043975204000514	-1.7090329570429263	-2.0005635881351935	-1.6790063119811462	-2.396571736577847	-1.5439576172269618	-2.30409806282227	-2.2886272715364004	-1.9678328904944233
-1.2458257975597578	-1.173824110263579	-1.0259190900374118	-1.4870853412965543	-1.5452064078338172	-1.517119033578	-1.1737760181453543	-1.4645969907840628	-1.52869117473295	-1.7189013333772827
-2.3107277088059694	-1.8605206034531645	-2.3929575168143673	-1.904120308437907	-3.066316996029647	-2.572880467110394	-2.221342298983089	-2.669073814140798	-2.07300913423689	-2.1120061623880204
-2.4139057356521145	-1.7861364272505726	-2.792043574780646	-2.1617422186878503	-2.4530530295912905	-2.109806298560924	-2.1401819075363617	-2.391754774305598	-2.5953474676006865	-2.2207467779891608
-2.388087668988556	-2.7907650371857553	-1.9677554438154339	-1.8258649762363566	-2.8187618558398095	-1.8120367968128486	-2.0090669169029627	-2.2562421728881703	-3.136536260369367	-2.052387238397547
-1.317260696096695	-1.8818055555754594	-0.34234580260083747	-1.1516862520617113	-0.7551072560133898	-1.0570840103668482	-1.4613264285675447	-0.7735423592419433	-0.17524899874803923	-0.6431438886425127
-1.1216055619969232	-0.45786345694588193	-1.3829614431530552	-1.0685398790931373	-0.9061791773656316	-0.5578957665681143	-0.8825187571249795	-0.7883371809323565	-0.22387948627081622	-1.024461934581058
-2.8497280104731795	-3.1024438575425446	-2.782438598343456	-2.2253672148240558	-2.5039810212421507	-1.9070632831553624	-2.3235283737185264	-2.292833644045661	-1.9482418714808722	-2.5510970899411154
-2.856625120993855	-2.1268938173695666	-2.837556175623034	-2.4632849181015186	-2.7763167964266486	-2.814362012151021	-2.9214034781670235	-2.5838627585798593	-2.3973524685887404	-2.674092055958063
-3.9903605937538176	-2.3922413750061566	-3.4684470552277302	-2.9192929715356604	-3.38074752336854	-2.754397579615622	-2.936634930233881	-4.261560391508392	-3.5864149134788765	-3.673071135211198
-2.606430025794282	-1.91149087137788	-3.085925443122936	-2.130175117812513	-2.5864587701200117	-1.7995386845837233	-2.6065214037142885	-2.7180092065390253	-2.8842616009703903	-2.680552760019842
-1.6416462111567132	-1.1136231124836034	-1.136658032769328	-1.4203536376065649	-1.4641662160670847	-2.076923099724656	-1.9535425813679723	-1.639949655228276	-1.1026499013270152	-1.540835085903741
-0.2552235253588526	-0.21332685972142174	-1.2944786172572853	-0.23513027012093013	-0.8863956866939586	-0.323841711363392	0.5084319961311259	-0.2523438627438652	-0.6819925030635061	-0.6860619332703723
-2.226860347480981	-1.826606217804339	-1.7835729125390123	-2.059277823493648	-2.0331351719938033	-2.420365625432613	-2.8855199434378775	-2.3839540852720065	-2.960487518596867	-2.4440075018841916
-2.910778390704682	-3.2727666783043885	-3.244676170129097	-2.7250561933642454	-2.954631884698381	-3.0423377992058085	-3.4567379261744393	-3.3638548562721517	-3.6362312983970524	-3.3653641407123818
-0.07466790332801954	-0.39070504956400987	-0.2415441797551483	-0.12936394238337345	0.12620041990564435	0.08990035416051345	0.7379606120262063	0.7563193073842385	-0.28910970961374316	-0.27757932562057697
-3.214424490329685	-2.6924439675457155	-2.730995031668166	-2.980684554319362	-3.2040492292917904	-3.192484869538891	-2.958138133645039	-2.9425622449318123	-3.4474987307530913	-3.0476009447687016
-0.393855027778524	-1.3946924636391862	-0.8447973852576363	-0.49593860717616645	-1.8422787502343785	-1.1193020318816689	-1.2480979670405188	-0.5906360790966569	-0.5920306295129507	-1.291845813207934
-2.0602096067137037	-2.3069711937661173	-2.161467214407009	-2.206969519333516	-2.0123490578779952	-1.87136026026771	-2.2933710135291387	-2.015969727979547	-2.3970480175666964	-2.7601082988260717
-2.925627031259963	-2.102977902534627	-2.8460129430758223	-3.0292073321959627	-2.2806963239228257	-2.769466445643087	-2.467716593845855	-3.7367427865093514	-2.835371110294312	-3.6200847833198138
-1.4918797167609472	-1.8124940309438669	-0.9505586327468161	-1.9144312885863302	-1.6733163028254916	-2.0416599982352253	-2.257316557263973	-1.1487952468599274	-2.3012401284272888	-1.5835825441413585
-1.663906112489224	-2.1709408609329577	-2.746830134029804	-1.9212546812679867	-2.634622038917687	-2.4345497354443744	-2.0359622060036555	-2.797137825468463	-2.71702043146839	-2.1108107361511808
-3.498861561339015	-3.0942423977897153	-3.958561061627173	-3.2702496856797243	-3.699399170540489	-3.7161500339268025	-3.3697773663081554	-3.697190628902489	-3.6702722879205734	-3.112952597348985
-2.1417342799264953	-2.0584112982660203	-1.9513385085627875	-1.4215560610155926	-2.0380056431191265	-1.687616779293199	-1.8468395536847277	-1.89747709558828	-1.4910334229420736	-1.4732446865044975
-2.5210307086928214	-2.11790033616463	-2.317142829002498	-2.124696811892197	-2.7347998118367376	-1.948955492222854	-2.717083389924205	-2.123232959177223	-3.0801736306816943	-2.783443839578595
-2.318702980301203	-2.5776592477660643	-2.0809940197525623	-2.349986751355098	-2.4630133877376417	-2.6423505646042282	-2.1675545168691874	-2.070636150245965	-1.9335067183199082	-2.0156206357887005
-2.0928679183024888	-1.109790361759838	-1.7800282548368807	-1.4716163191861025	-1.94605447761511	-1.137205581530806	-0.6638950445676473	-1.1065645069868544	-1.6843924601218245	-0.9655176741970546
-2.351442939501583	-1.7771051129188555	-1.9097065027712736	-1.7619331510599625	-2.500272843816799	-2.7364131909831255	-2.501626896443781	-1.2312291146176055	-1.5173932895520852	-1.9612970354427013
-0.28204689694201335	-1.9802219645228858	-1.540107393359129	-2.0586231861850415	-1.8325168244231336	-0.9545701470168098	-2.2591240228552456	-1.840790276187421	-1.685828227252932	-1.5450216124112006
-2.5839369328964983	-3.142177621268779	-2.6972783460725562	-2.832465277845844	-2.6925330748176917	-3.094908561818604	-2.9962611670207426	-2.7915137522893647	-2.9759021375208894	-2.5812790885577477
-0.4695211656038898	-0.3693678774309477	0.03574681099470345	-0.021658293849966093	-0.22253884933710122	-0.05818024824949153	0.46692697630124025	0.08812081034950836	-0.6960930487950132	-0.3245433145194738
-2.0572135799289133	-1.4970292481122012	-2.2568444268663144	-1.9588576724271796	-2.052126209974713	-2.0432168513726365	-1.1224416691409647	-2.3754015755797386	-1.728850540999634	-2.281520127135037
-2.5566864599794155	-2.359536036924922	-1.8134931923901496	-1.7010789509017956	-2.974177859933891	-2.0775115775728312	-1.934624358504398	-1.1876045222133405	-2.4488157423847268	-2.37767264151963
-1.471024811848844	-1.6014121765658977	-1.2282173958943683	-1.6175074884494545	-1.8019644936238368	-1.260929443483532	-0.9529874876319686	-1.9083578295943968	-1.7451076124378901	-1.5246470257686822
-1.6255411050507516	-1.104519151857732	-1.6200848643281653	-1.7963117829306352	-2.3129398905229293	-1.9457434689659865	-1.743203889234553	-2.055663530785293	-1.236056401112224	-2.08511714073455
-1.4282317167545195	-1.244331733887586	-1.1961566658220808	-0.8068887194768612	-1.500350202779966	-1.6986103215664499	-1.2977177952236576	-2.137956991543153	-1.5202187984803928	-0.7108837541697639
-1.624577605205591	-1.5405009260054732	-1.5475184666793727	-2.090150640824175	-1.1475160590961675	-1.9382011021505643	-1.9125862104536777	-1.9272501074641002	-1.5850186740632497	-1.8333753342422894
-2.7613912801381586	-2.2620859758102974	-2.7199445626480223	-2.9291019973374444	-2.373950059456629	-2.360624878945423	-3.099791729225816	-2.728234826856921	-2.590704974847519	-2.444253288478973
-2.6438043569571326	-3.867640716871516	-1.8539439188044562	-2.31040024720308	-2.1867389575340064	-2.738487045165308	-2.345791268605049	-1.9167861982713292	-2.3152205398244723	-2.9791803116243996
-4.296129253500085	-3.7066809777364673	-3.9572148986885614	-4.183530368960556	-4.75650232849461	-4.142415040753201	-3.841328909129957	-4.317777880701143	-3.8260649991709226	-3.7753596124858726
-3.382811727967023	-2.9054570228648986	-3.172534677400009	-2.298442900731817	-2.492611258012313	-2.824832671798697	-2.9315482476174792	-3.050544412180692	-2.680639598583755	-2.809278183248667
-2.7158067768296656	-2.1047243862245772	-2.3806795806496064	-1.9598766898199924	-2.4061083039208166	-1.9990518959066794	-2.7650628011749734	-2.351612769339666	-2.2711515494428514	-2.8389349034504217
-2.5291269871647417	-2.6854974513689545	-2.475170268706262	-3.0089323855630785	-2.7998309782662805	-2.936661018150783	-3.17106304128042	-2.9270487541767722	-2.4071509916119433	-2.1019855826609497
-0.7773196193866712	-1.3516430978398102	-1.796516509782207	-1.2684171112312626	-1.3542187902781828	-1.332860735165489	-1.4128433470306834	-1.3312383803128935	-1.8075699674729555	-1.0926781443340545
-1.6213123875332403	-1.6881187033424834	-1.6805205716303877	-1.7951011525474707	-1.3056491118724214	-1.5446620558378312	-1.3769174143083758	-1.5452480210697497	-1.899598295652727	-2.0527528192146205
-2.5879813409533248	-3.1670765996174053	-2.790053366667693	-3.0343023512037623	-2.4982131273320403	-2.3412991802805854	-2.6276435468703756	-2.063706050174364	-3.1673733762012732	-2.9063240696415606
-1.6702586927697938	-1.794854993443136	-1.6621181116388386	-1.545864627069736	-1.0592555779771295	-1.3936287438463557	-1.3975933491441401	-1.8070448667750332	-1.7875299901834065	-0.9867202219919313
-0.6649642963446956	-1.4512057022292448	-2.333498828227207	-1.4561595550338389	-0.8573190367374093	-0.8910836545296843	-1.2112462151418355	-1.1140043268670583	-1.0528770636095226	-1.3739203921912595
-2.473451794871052	-1.9831896643867295	-1.8583110389582416	-1.9748275111030962	-2.0424625372833836	-2.354427060497425	-2.0873160187417357	-2.1190349013900938	-2.6131515583976563	-1.5968428017803415
-1.3441507102214119	-2.435639422684411	-2.274836132121859	-2.1808633655597123	-2.0499615485044513	-2.9721336146917485	-2.0891649913893784	-2.7162418125454	-2.1663210012563394	-2.9831688652195028
-1.1001178509366962	-1.4553563934428064	-1.4607884060053233	-1.0178792912958778	-2.0230871067868814	-1.134297326116417	-1.2466923643589078	-1.2293660799002017	-1.5933198212997588	-1.2981654663060351
-1.3482986445719463	-1.4015493517158872	-1.6566978803808703	-2.6533207312247575	-1.6705986112784759	-1.7394230135202486	-1.9879108138060728	-1.7319763228952487	-1.8671828893524567	-1.7924306531256642
-2.418131193788925	-3.0266160192357474	-3.1874874343224526	-2.7468258278576427	-2.513974437057025	-3.7084911584507037	-3.1812175990040465	-3.3756798827577192	-2.7804751648780384	-3.1138926469242434
-1.8535381681563652	-1.788790253651141	-1.413256778839857	-1.6452066350406944	-1.853247466329009	-1.9728501830915008	-1.8126569164380306	-1.9522449816686618	-2.2386836911870986	-1.7532917276905098
-1.5817621273522375	-1.5297222125058303	-1.1954413984655299	-0.7213872778272672	-1.7216756887619438	-0.692533763317257	-1.3640317196341778	-1.7826047757273344	-1.0866511063065252	-1.5345717075104743
-3.3428261566162747	-3.406359212861944	-3.334556027210079	-3.3804656786079588	-4.156257082672497	-3.2420039281077893	-2.776000135955034	-2.973272794626178	-3.854691732900688	-2.463028748778245
-1.6688920278369388	-2.0641577943408174	-2.0986108455658945	-1.9940862288181085	-1.8286187029804088	-1.6723086746389415	-2.1652716768315488	-1.9779020740656312	-2.5121691186251134	-1.6715629080392533
-2.2436747911742234	-3.1647351635536984	-2.1465730880632305	-2.017447091316221	-2.5418210037763203	-2.2406516732586703	-1.3198352189793852	-1.5559827760005647	-1.872594426051255	-1.9216172683285664
-4.465760584947821	-4.204503172100074	-4.6913455783635705	-3.995191956850727	-4.584471160512281	-4.196708441222519	-3.6911435889938016	-3.691867826466506	-3.593835428356754	-4.420008312306419
-1.9385486985997118	-2.5782845089716133	-1.9295889019500947	-2.2571757579927816	-2.567831638257064	-1.6018519230121777	-1.8459971634390708	-1.9922835364367693	-2.2101365838482003	-2.2013936389609245
-1.8901220985348464	-2.420191388553085	-2.411592891785397	-3.1108904515250293	-3.215569858632897	-2.679309226378107	-2.9719789684508124	-2.106826224602063	-3.121535801300046	-1.85514891170623
-1.0594323581590062	-1.0267251054795328	-0.4484300069302454	-1.2363730959324308	-1.088092532651205	-1.3579136555522027	-0.879117485709876	-1.6549384141782846	-0.7928229367060964	-1.5633741906566372
-2.8924054569947573	-3.3003942670325266	-2.502549013482531	-2.432028109878681	-3.0156180467350753	-3.7887520195443516	-2.105772274830585	-2.9565582001548663	-2.021264221464289	-3.5497833176998137
-3.47671420346226	-3.5410740120575817	-3.394780360989722	-3.027196610262056	-2.85311908254214	-2.996268989314483	-3.0991145688523334	-3.192626256471182	-3.4019829698956965	-2.699738059298253
-0.26941471376715165	-0.9853582773663776	-1.3910443995895556	-1.2013527490502534	-0.554947807176152	-0.7796512607766528	-1.1075691260394571	-0.46651813058875535	-1.4295163623644465	-0.7722729972333315
-1.3213397395274682	-1.450675272080074	-2.130207064648861	-1.4277937094436641	-0.8956829930030499	-2.0874610635008057	-1.0098132868139262	-1.1610977516892644	-1.5055173605136545	-1.3574312630446914
-1.3038883073613672	-1.4514609020422906	-1.6513079946273355	-1.6534176056244765	-1.4084317921948535	-0.6641321635312802	-1.6849077044122678	-1.4986217087690576	-1.2680492231828817	-1.1264297122950206
-1.8706911723201918	-1.90423488594012	-1.9416705461233257	-1.7558786112498193	-2.063414335120789	-1.7456728269063095	-2.773455118718645	-1.817103305870218	-2.06623752687701	-1.5733811622729121
-1.7564389665779632	-1.3795054616808766	-1.6472209378201197	-1.6759317462283347	-1.2247970984940972	-1.0248038444540533	-0.36953080500245705	-1.9720173639046819	-1.1141850552640267	-1.1437216386044844
-1.9808150202639763	-1.8748540742284834	-2.6607078022716086	-1.5275274223779198	-1.7206899855319375	-2.1232489778958303	-1.3196480739748608	-2.0072591518165717	-1.7860329514733986	-1.3868452279352455
-1.9625839633257003	-1.9384067826988371	-0.2802268665428156	-0.25754767500059894	-0.8900492810949021	-0.6437878356525188	-0.9824405763377548	-1.2187028787691514	-0.5906359664204535	-1.173931908617151
-1.2544919783727033	-2.054670091322725	-2.064221958455585	-1.7403408720747024	-2.0133508549327463	-1.3505003845455836	-2.343786086512345	-1.24143967146808	-1.9051582956223163	-1.631704192240495
-1.9950492406152047	-1.9916219113403157	-0.9054253118769866	-0.8393798066819305	-1.0960384856803533	-1.1034991259012652	-1.556728204941773	-1.3028935511538091	-1.1080588096701987	-1.439038377051047
-0.7625356478439402	-0.6154527380613286	-1.0510892496492645	-1.496101339799115	-1.007370256093591	-0.3732106029912623	-0.9822567430323457	-0.9550309894638485	-1.8150850816491972	-0.36294651804837774
-3.00980767822313	-1.5907384459813616	-2.1862225872980257	-2.708890917568051	-2.7508784280978835	-2.375883404379083	-2.6755001071272386	-2.600781301249234	-2.0838779846013513	-2.4560211992202987
-1.8403524830639637	-2.3307996441949608	-2.9389325195202187	-1.9932829076794745	-2.260147841217941	-2.229546520376542	-2.1568646828856837	-1.9119939230162033	-2.088403330975685	-2.1863136029808934
-1.753157024060493	-0.8875239582202381	-2.1650144983901245	-1.1870121512679703	-1.5578502970111168	-1.4678317009962898	-1.5161014641587016	-1.9663541173348558	-2.29070145810887	-1.4242844607253384
-2.2469157345570943	-2.2331724759838067	-2.874436230466566	-1.3671623242968285	-2.321236678257781	-2.183725279588545	-1.9349801066388455	-3.0001446159085643	-2.8690010747140766	-1.9623434326173168
-2.9857459845198613	-3.67724408021484	-2.262224648047672	-3.1589804156718087	-3.1517007513547304	-3.7018305980885957	-3.060193529932774	-3.3760783198440247	-3.7131854600098286	-3.251834232188671
-1.7158950905784955	-1.1874382563470354	-1.9332396987855498	-1.6560328847794372	-1.6526217161629502	-2.0166459762792455	-1.8698520692683054	-1.961135804825186	-1.6450597815047292	-2.268223825983031
-1.6610932624017085	-1.272959562800777	-1.9714271571777604	-1.9839332477289267	-1.491208066657185	-2.640021023821421	-3.103491180208679	-1.8060438223881887	-1.5092924980583327	-2.1211501589988484
-1.8024583209517129	-1.7857391666054747	-2.177425278469425	-2.2263453074301043	-1.595051360198127	-1.8207459068668026	-2.0223146530011786	-2.6078071766239073	-2.3348433735723195	-2.03861262700233
-2.1414639048819195	-2.4360630419531035	-1.2206544026494708	-1.0867713982348253	-1.9488824304666919	-1.603299690882282	-1.6725371089462446	-2.052505485557736	-1.3630679880581864	-2.609780542386899
-2.0954177973627193	-2.8151104762572885	-2.076263962232068	-2.142145754849789	-2.6466419453535672	-2.366015753665199	-3.248573694135774	-2.2258195708067476	-2.773309860058527	-1.924578896763533
-2.069295701083761	-2.150125890463961	-2.187480853161359	-2.2603951352719265	-1.970387953548759	-0.9763530461227385	-2.539907313062151	-1.9688331452375423	-1.890573959623631	-1.286333193963554
-3.1460402734284028	-2.7441128550697145	-2.8063063113773006	-2.371932182028538	-1.8221095564722734	-2.6827593158508183	-1.5529671709773387	-2.24738136373169	-1.8752917606486252	-2.3253385511884117
-1.3327761630167618	-2.6648392288378053	-1.63389543250469	-1.8527759796994343	-1.5502673194078822	-2.014104949185871	-2.1727449671709516	-1.6478531668682186	-2.162363337513602	-1.3127042203425066
-1.725250895992978	-0.8950059657110605	-1.0335453354737079	-0.9655456162830163	-1.5750180021754208	-1.0142902971961103	-0.9358584832050203	-1.1427701885787331	-1.1018169811126992	-1.4912223232609418
-3.0410812551705266	-2.895061009544178	-2.0773087721566275	-2.777835169077724	-2.3627540156591005	-2.2436975809049584	-2.33669835781389	-1.9087313423796242	-2.0425827922243953	-2.1098581459060703
-1.3459825248621229	-1.921394204725934	-2.188566643303891	-0.9377558725633246	-1.7971995861586116	-1.92305683043197	-1.7949437086943154	-2.3958464414546166	-1.895427212009027	-2.007076903777593
-2.7299288612229247	-2.3258777067343845	-2.0747147722056676	-1.9259100932813524	-1.0199427294116923	-1.544847974292065	-1.3412469394082116	-1.3091960371593765	-2.0977931450572647	-2.0562986594910835
-1.9680065814078762	-2.2990646312277745	-2.3588826211467206	-2.0454673004205532	-2.9348205878093427	-3.2818973162522163	-2.4852248371419217	-2.4628509577625564	-3.3099464252778215	-2.1915244772145077
-2.2233630947352947	-1.8443661735954595	-1.858508909573697	-1.3685252376400558	-1.3968588237627593	-1.4256810320272202	-1.4132937355269255	-2.4426965565108554	-1.4609456331516584	-1.5604665703288148
-1.3595917537410984	-1.6242098839713557	-1.4205872135879418	-1.6982559918692388	-1.3732167718229666	-1.2594099150253504	-1.1168278806053389	-0.7753862790078769	-1.48942987807373	-1.5708558644934978
-1.3054857562909803	-1.4547289779329773	-1.2670628690836434	-0.9375493004289221	-1.402278682721529	-1.4778798759819602	-1.5574147944697903	-0.864482138135896	-1.0504307917952396	-1.9090677374402236
-2.4738366945494086	-1.713625238196006	-2.0557010163165925	-2.828196566467691	-2.1311198548513772	-1.5566975644374659	-1.5810019622273392	-2.144933751954001	-2.007676990750398	-2.4006947023066707
-2.125673571731286	-1.3590654506247626	-2.2680838616758177	-1.357441684206211	-2.1707019030578643	-2.3837496465792114	-1.681328421240581	-2.031372760531106	-1.8602167149569118	-2.7854586702124893
-1.8948149366868845	-1.8962849052167772	-2.1373685295953524	-2.8196048695825557	-3.0376753708607653	-2.8227791209826996	-2.4873384192056776	-2.047239096785309	-2.6478831858570597	-2.182315023324455
-1.4589727291222647	-2.4960644160784473	-2.2929229664410347	-2.6181998638755735	-2.6015066882412166	-2.4365138534925377	-2.370210253750499	-2.5992118320396544	-2.7339799183164897	-2.9683875421992223
0.14560406102259016	0.1282068424937468	-1.0470474478283245	-0.13638910177569752	-0.4577293212367557	-0.13865062772475034	-0.8958359237234257	0.23762224423788014	-0.7055311699217075	-0.4239145783129379
-2.4029828316111854	-2.272879719820393	-1.575172155332989	-2.5363997297103476	-2.388686967307071	-2.157555344216011	-1.888505840011421	-2.128315820859417	-2.773461211139606	-2.6030068988430064
-2.1021713075945048	-2.6702794984577336	-2.32670979089775	-2.1799359867199377	-1.5449278195396992	-1.3248334348010973	-1.5780663990190282	-1.7528821432025206	-1.5949487999741367	-2.0609928447792467
-0.5454501565530476	-1.7068707233093512	-1.7735826120014693	-1.526580506062185	-1.5963082271628393	-1.3857755811107433	-1.5665549785310662	-1.5023775178853178	-0.7605381450576019	-2.050058853733041
-1.3511443311805638	-1.0255834890542088	-0.8350570631222427	-1.036248132487557	-1.3174208417053306	-1.3785741663836872	-1.0185549586559275	-1.0562132245115583	-0.7312363860005073	-0.1184851381141736
-2.3074507388586647	-2.5659995745192155	-2.023767689572902	-1.596033301137818	-2.389262220932082	-1.6497492777727556	-1.6546856526361557	-2.086511398044973	-2.5357695702440277	-2.1301901541788877
-3.300565017804895	-3.5133018119854684	-3.1234826096584376	-2.95853993681887	-3.917458576936068	-2.8685042145417032	-3.1398933079149343	-2.8525856121548085	-3.1998741564131974	-2.9644966028798354
-0.7807450544065511	-0.01057765707009084	-1.5318610025036987	-0.20448112103743465	-1.264311074077703	-1.573885039423284	-0.7617623238340514	-0.6329734179625492	-0.7334151790856838	-0.6357384371517341
-3.7236605405554206	-3.461754534302525	-4.318659618462278	-3.628738890204403	-3.9114828012098206	-4.14075016913915	-3.155409204404514	-4.193843644268153	-3.9235682236470435	-3.506541911844687
-1.7592810777380474	-1.8074625112502138	-1.901866770210585	-2.172480629025651	-0.9791773504243915	-1.0311889597739199	-0.9130384538828231	-1.602817500589789	-1.5973410171658853	-1.190510988920797
-1.5664285196417298	-1.5143337703325297	-2.2001620503230837	-1.0750822886505298	-1.3878379103199339	-1.5466303412365674	-1.2522148543933864	-1.6153682873409314	-1.4256057785962077	-1.4565814308818898
-1.4469169613832857	-0.7767923694085213	-1.0800112225714589	-1.412309778819362	-1.7213051207952552	-1.0384828436286848	-1.290440128878252	-1.4509940986945864	-0.732909845951053	-1.369502891331047
-2.924942486608506	-2.753412486410054	-3.467020663800525	-3.072672161305513	-2.129759481292259	-2.9022709740883745	-3.2141307235390455	-2.2228890832080594	-3.3864350873394593	-2.7471456288722966
-1.1905177984865747	-1.2258892343692696	-0.11098564582557047	-1.2844157426732405	-0.4520842998535102	-1.4869702675701033	-0.328422739738778	-1.1882383601759963	-1.0611934048619	-1.3049342647634932
-1.9373445245221574	-2.1951029218907196	-2.4383728346847504	-2.483261282196015	-2.097441407683234	-2.153528992167702	-2.4717693519200052	-2.6470026661209722	-1.2083521085615412	-1.9388839370419202
0.3621820255742123	0.5022362525755737	0.370803922154185	-0.38648943939154234	-0.5468326695275754	0.4886496244344447	0.5539993543724329	-0.12315449113299715	0.1928640747331154	0.4959224435957714
-2.029473550383086	-1.8641965877579834	-2.0936613589296007	-1.8315786386003745	-1.73232243969502	-1.8240577771757935	-1.6283442622158002	-1.8003955321043992	-1.7422655784550223	-1.9556735115768502
-2.1077958866660653	-2.4802863988485364	-2.3713859024787296	-1.3470165743141074	-2.0671178728041615	-2.495597099839178	-2.2258472946277625	-2.801833617761553	-2.023674110492198	-2.275277726557878
-1.1868718530349895	-1.3705785887985125	-2.088883404326171	-2.306078355313015	-1.7802835700844206	-1.4312551500334187	-1.3199944754992647	-1.2494100037393094	-1.2326072021816659	-1.2848985567161622
-2.708024214404176	-2.5282366956424482	-2.878430373636405	-2.6162231201225286	-2.326066806094977	-2.5427404307440122	-2.453812593572883	-2.9729723745922323	-2.969033507973263	-2.898485105458358
-2.1476698495581994	-1.8587095609673605	-1.1738638819427911	-0.795040588473497	-1.9470575797000318	-1.7661605550584363	-1.2283061886440372	-1.903802891533635	-1.8599400548033858	-1.889424967618114
-1.5292811636546388	-1.5030603131800855	-1.1748187056769306	-1.4876379827474586	-1.5120425652285865	-1.7501073721624918	-1.916888519234736	-1.6264816194226697	-1.5471098525358313	-1.9249848736376993
-0.6944737643740513	0.0016368681784255656	-0.862181079413685	-0.5386293404888749	-0.6456029381608743	-0.40998958019696286	-1.0019149985618663	-0.8899230772869025	-0.7465702972109545	-0.7993010893334751
-2.660815459863221	-2.8136187551702907	-3.6930220370214224	-3.522131140963456	-2.658316210631973	-2.7442227977006506	-2.447433888386079	-1.9388565583439206	-2.9344759717152904	-3.065450917519236
-3.6144466190102236	-4.090864742694993	-3.2398845390326314	-3.338180750693507	-3.06903124317561	-2.980589386157785	-3.2457052822767753	-3.379205372794927	-2.735248021553989	-3.8144785173038063
-0.9134616864495289	-1.3716704786493423	-0.6831730788699593	-0.7982847200869951	-1.0052855765224464	-1.6738795211774153	-1.0391544299247815	-1.0260481282503793	-0.9254074809562443	-1.522627250980752
-2.986412206262466	-1.7020642540739876	-1.678392407099746	-1.7702972986611891	-1.6290622088089775	-1.5917803517963756	-1.88673517796202	-1.7763570145801895	-1.3658566690247835	-1.9754786054475373
-3.4030155247156584	-2.8817801565803642	-2.8389205838644633	-3.728948430078514	-3.7012532639703672	-3.633373271313822	-2.5120028453559122	-3.675505572792769	-3.3508873916453847	-3.4385249720102387
-0.48304534004968236	-0.39332814206704536	-1.8116392235571774	-0.8943342471307341	-1.084356915612716	-0.6084254060186569	-0.8628548434625176	-1.0993706993571961	-0.6192101940030559	-1.4912847010081944
-2.3879593505132033	-2.318800991878934	-2.461045354499116	-1.012620169464946	-2.3273053878143712	-2.3196586923439555	-1.7422347871497739	-1.7576563877565377	-1.787522355355616	-2.386536586685922
-1.4210703672549418	-1.6177990322922107	-1.004799591104069	-1.6720483500735066	-1.540150284695009	-1.2239579689072115	-0.6435505664847994	-1.6735924268882438	-0.6838517038365737	-0.6952581581238018
-1.9083490066385185	-1.959667308528992	-1.9228893877509183	-1.8130330225209845	-1.5700219016566352	-1.8576893897748867	-1.452713655677774	-1.7527778186331786	-1.8272260586800138	-1.68837669696622
-2.6172361874098997	-2.7887984379442194	-2.4704189598343045	-2.9185577495909616	-2.835963417809986	-2.1226598438878916	-3.0307552181213735	-3.3226533632756037	-2.0805861799399823	-3.3642412811798783
-2.0568535144758755	-2.31739455605881	-2.3844688893536006	-1.8817178140531865	-2.705304516232355	-2.294909812815108	-2.0865331599188273	-1.8227037121944119	-2.1175283774724054	-2.3057836165400762
-2.6178261596706127	-2.6288630649132765	-3.0753019820784675	-2.3768754443232867	-2.013222822406713	-2.3646776188258154	-2.90224371755989	-2.6197047715320334	-2.1485052573881287	-2.14878807361428
-2.3072153169512095	-1.7825360697920751	-1.6489596751080744	-3.0555909178625007	-2.6821799374862216	-2.413609396675361	-2.3363459845292653	-2.4023173038373646	-2.3213778962955742	-2.8994350477988173
-1.8867643369163465	-1.9662885006998505	-1.5692413339385585	-1.8202676917039513	-2.0522500381786313	-2.090939500020328	-1.9765860502374564	-1.6662650341942036	-1.968450110700583	-1.7996473529459471
-0.7642933359780779	-1.7359043044157472	-1.0338620392996651	-0.9905260443405286	-0.7076208304018392	-0.33175260734810297	-0.9772195046526853	-0.3342213266827967	-0.7043413481657974	-1.0793104952223787
-2.955649578957729	-3.0663747621530617	-2.7490428065922448	-2.859347136135194	-2.869118391723941	-2.468659566405093	-2.6230654241857634	-2.221863550985131	-3.389825555643556	-1.9532500969709385
-2.739545365194104	-2.6851582975118333	-2.5179434187852356	-3.7100337760102455	-2.266622681088662	-2.0679469099268224	-2.269511930516315	-2.253595703425494	-2.9088659915123842	-2.3587990955972815
-0.49383682280910346	-0.6152503732657417	0.018649277107919637	-0.34088252159192445	-0.1001062412983742	0.3375724865138974	-0.4198693187626541	-0.5452171053410568	-0.6191071055479598	-0.8535998874989479
-3.299591890928305	-3.022186963129432	-2.385074733060304	-2.159601932496979	-2.3925880606259153	-2.8616539023368484	-2.304411285293782	-1.944698895199679	-1.9703442461193115	-2.718357090836549
-0.9165003393929076	-1.54940506885546	-1.0282499612776892	-0.9172182613602311	-1.231027379053083	-0.9272035294681344	-1.3531503388421862	-0.7922704032282268	-1.451460952161412	-1.062358139038917
-2.032621981266636	-2.088910771257932	-1.2026424638494606	-2.077354869613655	-2.5555655649696227	-2.2672966324471107	-2.482142767018855	-2.376146660930203	-2.0849157300185452	-2.2030332609331142
-0.20128531103062608	-0.7920886380610976	-0.3885617492820157	0.03200712406702344	-0.19395259987318347	-0.8711594461763086	-0.6075746262891142	-0.7087948900817949	-0.510284000204555	-0.35522633163977724
-3.0616992586326393	-2.9446706793345823	-2.898759360816076	-3.0521886843370227	-2.599172802046136	-2.772259000982269	-2.8619081071872636	-2.738930636337024	-2.8709174546872234	-2.51219625983543
-1.9299229634164747	-1.3692408432536136	-2.5748136039289236	-2.27094882342772	-1.7854548679964346	-2.3256660918592704	-2.89837083820344	-1.9538086312495118	-1.7448635079490118	-1.794052549722236
-1.508900277226511	-1.0757286507881578	-1.6524098167998276	-1.145121185168359	-0.4764730050530872	-1.3478668867491503	-1.98927234035809	-1.5457925516378417	-1.082897803060265	-1.0122112154613596
-1.1087491746583757	-1.800258701628925	-1.1062661767685649	-1.380723207746395	-1.8442196048901636	-1.3253622651656696	-1.5594890943570947	-1.425197470999592	-1.2534413611526904	-1.414694508290761
-1.3041189094059382	-2.623255564521391	-2.257257800440984	-3.1671577977629535	-2.1936964033618627	-2.428849211546593	-2.5443346215924976	-2.1515894088281207	-2.237891100995503	-2.7402457944094096
-0.35543497754067	-0.5901336311708911	-0.4776311878400179	-0.45679231085870575	-0.15173999039526764	-0.8644882311429345	0.02799817760549006	-0.41203486265927913	-0.5648734856365414	-0.8176929752833679
-1.6482046608298664	-2.8961497971409553	-3.047798370161198	-2.6272267428105596	-2.802746377362399	-3.4486686877708115	-2.049714609470898	-2.7268618528003348	-2.284896059309864	-2.3205889850224235
-2.8455388181790493	-2.603054777344689	-2.6032831303644386	-2.0052076552813816	-2.1435418062759815	-2.4950076021424636	-1.916259821652637	-2.625943763139463	-2.6663415632961454	-2.6810369449785467
-1.224741954269867	-1.2502981591973266	-1.8747908391197794	-1.6187931343567155	-1.4699399532058977	-1.2669116305170363	-1.5018120439869103	-1.8319353730640817	-1.6457813851265994	-1.4344586858710158
-2.8938376354372024	-3.5338127666462187	-2.4838212028169773	-2.654254392017931	-3.2287107693924337	-2.8035296081923153	-2.634133304502694	-2.9115185387281866	-2.6374071367027847	-2.4034145774723825
-2.706662149207606	-1.807488249909782	-2.1992886084533296	-2.1823102822336162	-2.2165458938407254	-1.7372469901942704	-2.70823732073295	-1.442633862128572	-2.2559063095406757	-2.0948410414038094
-3.315657772588824	-3.1914163485632	-3.8418847971204535	-3.6860632314926294	-3.890261357721761	-3.4502098754830826	-2.9941307574956775	-3.2271217032016453	-3.9864492788376475	-3.7404173443297486
-2.3099077218682407	-2.3336263456565005	-3.2288416703410587	-1.7447044322869614	-2.3429243947601757	-2.4418706924234224	-2.4136978368623287	-2.152487029467332	-3.1762103274557876	-2.854111703108668
-0.5763403346699156	-0.5483126598131329	-1.0667709462383388	-1.3734952719133657	-1.1714067245880664	-0.8152082270029559	-0.3753482434796529	-1.4070717571191653	-0.44889908581893234	-1.019191428675665
-3.2292181620738676	-2.1772419384497033	-3.3604079331280943	-2.5363803396188858	-2.9272008582600204	-1.9461121120512592	-2.2140939406071896	-1.7960524422675161	-2.905458508252072	-2.7002358284834784
-3.205083577561023	-2.9878387753067583	-3.5952720851777222	-3.808042311656639	-3.5484992680631207	-3.9869407463067428	-4.201066917209295	-3.8490460592231597	-4.300377759779986	-4.392101489467423
-3.1399724459233984	-2.5694430464707367	-3.727492796303176	-3.528936997463756	-2.6485811319455475	-2.522219466386194	-3.578773228376038	-2.9986513542441755	-2.8276236678050357	-2.56562412530213
-1.7557369685432447	-2.2948861126073092	-1.390802477647676	-2.139600268995072	-0.9742017014371807	-1.7717373668241663	-1.21066083248522	-1.4246292464772536	-2.4330137869927455	-2.1074651788065704
-2.4503617417469044	-2.887697343303715	-3.3551136239616337	-2.8866314353338973	-2.186837598417441	-2.6892683134580757	-3.0817784315339787	-2.949772838642141	-2.6693292606336536	-2.3129202340041943
-3.630389590400733	-3.6969813333186248	-3.552307779078282	-3.602702193187114	-3.001568469006818	-2.2372290464886113	-2.8204187824070104	-2.429277731610659	-2.6560497259761924	-3.243167599360003
-3.0187079984376775	-2.0177083563493055	-2.385067493118298	-2.4085635872380142	-1.777556428784982	-1.2215392160369383	-2.782275384263461	-2.431395961296656	-2.545526506754325	-1.8534199734548127
-1.8050816692471783	-1.5961370968948643	-1.6779870879105772	-1.704641258368847	-1.398777568574764	-1.9488178915644119	-2.1663939414152487	-1.3170854979655484	-2.1950002244440587	-1.8750997756965908
-0.148616223407519	-1.0511132128669454	-0.6556847561390748	-0.876887133204914	-1.2608063799782372	-0.733527643985805	-1.9613467560388567	-1.2043396459944233	-1.3234874461667583	-1.3167924609894424
-4.192743420108874	-3.443644983059901	-3.7674451155133872	-3.377666270688148	-2.8461552352238555	-2.7752105149097246	-3.0893779669560173	-3.281330538782819	-2.916243235790894	-3.2566959151911417
-3.0763340867377558	-2.6066126803278054	-2.825950372660373	-1.9353709037721547	-2.20092202345871	-2.7273370866650195	-2.374684241440881	-2.676779589918119	-2.48626231833577	-2.255525687310015
-2.6109562693661252	-3.1608206080559453	-2.508908454806255	-2.545313396316912	-2.975393123856039	-1.9298746176938026	-2.0486999816573115	-2.3829268674859923	-2.311700341086153	-2.9427861304427956
-2.242423103588146	-1.1197586868492517	-1.5732131433498022	-0.8932302688982523	-1.4835736161417823	-1.2860464724619987	-1.25238351888778	-1.7056180557654061	-0.7260941431662375	-1.332577757913964
-2.210347343407924	-2.556572975612373	-0.9658883691761302	-1.4077562493077518	-1.535774578977965	-1.7943020415584516	-1.8693955426921531	-0.9822862524367093	-1.2369469521747933	-1.1005353389435548
-0.6582365788044486	-0.8696249946948764	0.5002784233391617	-0.5214809039966033	-0.1372220911791293	-0.17918898105914804	-1.0822468902139595	-0.21035260548330004	0.07782299670057391	0.14591070444277277
-2.8124447194592244	-3.0280645990002557	-3.0665252046674194	-3.495407805864195	-3.074025290933686	-3.2408429019675777	-2.7342015647219284	-2.70815640304639	-3.003013124623707	-3.0774754328420726
-0.768009712635467	-0.3595912395333134	-1.078530362886306	-1.456002198783242	-1.632915331427608	-1.353236155488216	-1.2643190642857207	-1.0867164134903278	-0.9292047030735355	-0.5445950982851258
-1.668399035767402	-1.1139408279719398	-1.3253083573611875	-0.9615307990636031	-1.825864696757779	-1.6048232669346922	-0.46384483306632274	-1.723089919996125	-0.6223973917856236	-1.3017149003632928
-1.7687226339698512	-0.9743094730002444	-1.3363849130436432	-1.3112172108416997	-1.3191472231738781	-1.3686064792193178	-1.5180324694274263	-1.8650816628857343	-1.2007204644516947	-1.359880876393584
-2.1924741017182257	-2.018023235831305	-2.103385565599359	-1.757658070693191	-2.0119184772022356	-2.575497488630331	-2.361436146413053	-2.3651382673361963	-2.5489889334333524	-1.8203080337469593
-1.9326140238630916	-2.3795460237785098	-1.7421282406424081	-2.5363930313565195	-1.6865442419668275	-1.82036109087167	-2.445838861209468	-2.5379041906747153	-1.3354578070155327	-1.9853272676996614
0.2556090843517591	-0.016430649914825457	0.27036147598705584	-0.49856398156338	0.49243869592542344	-0.16799193945185054	-0.46377883582425006	-0.2582223731981721	-0.13839839920785768	0.4773003087360381
-2.7318621449235634	-2.3290201051462165	-2.421477738443934	-2.800037496517977	-2.785247459432318	-3.0865722033468876	-3.3228118957005233	-3.30852432938318	-2.7838836911370826	-3.0404068218710103
-0.42326700083284985	-0.9628591045913473	0.16854470338556204	-0.33915435404993133	-0.27827576564137413	-1.1557481090858412	-0.8978641639255613	-0.16310549344106717	-0.36437198935482407	0.1388577057924496
-2.831935535973912	-3.1773547878850277	-2.988958680666054	-2.4723628074403274	-2.7540757385305055	-3.3057533680662816	-3.332381560870866	-3.4160785972752246	-2.80884196790545	-3.1835770658066567
-2.352481098860422	-2.6334606518742008	-2.797980348641198	-2.1722827452285607	-2.89782815344447	-2.174535843695635	-3.0219943517946835	-1.7927215983352187	-1.8119956446371468	-2.3496302286697066
-1.2347824999640271	-1.827646200609899	-1.6431249130394863	-2.185382299568112	-1.5546230311631741	-2.3290194565718103	-2.059697047230167	-0.9163800678184586	-2.0463611898316927	-1.6350931566803566
-3.5198994414703915	-3.0395555881422736	-3.3742289020652185	-4.613374817637236	-3.1048243366560335	-3.272733479161878	-3.12347603388209	-3.513426981169572	-3.5427658775957136	-3.708406565746545
-1.8331306917205017	-1.9725240474266317	-1.7521309092973576	-1.7267431189566729	-1.4565661942865535	-1.640239315848079	-1.7692456485737775	-2.1790427228866145	-2.7174752910460707	-2.0080171859195075
-3.0510868353051777	-2.976221825525691	-3.3963678377445428	-3.365469421297524	-3.2982059759207036	-2.367737789103363	-3.3416634439168567	-2.4464809950428474	-2.6266242242998823	-2.294439577080441
-3.6853276019354424	-2.4232733070071504	-3.412065586598934	-2.7115486202405465	-2.7601460893507	-3.333995375230756	-3.468211951488801	-2.8386706683996543	-3.432483588620087	-3.2148374415432848
-1.5789985706857992	-2.1168165440933358	-1.683456789650485	-1.2863716894069537	-1.9024384849264369	-1.2844010890518982	-1.5070587210123132	-1.8597940019741979	-1.692383610420216	-2.689157957379991
-1.5304718258347936	-1.2532846928755679	-1.073503194685581	-1.2188415671844057	-0.410480545310014	-0.7220970265482438	-1.2539471636770623	-1.6802979340758164	-1.146601574769407	-1.4022418425604255
-2.2673408339249184	-1.8594950908155292	-1.4669813244050856	-1.8396082479214315	-1.857284949221097	-1.8661723776039998	-2.419390961191384	-1.726641564032411	-2.083768742381102	-2.1569097516965514
-3.028857453541823	-2.739521986894772	-1.8012751723650444	-2.9464156616890884	-2.145545533219252	-1.8692991142032283	-2.9502112890960808	-2.6959362186843654	-2.3129654491252123	-3.0305272550087743
-0.486075526238001	0.005384120802220949	-0.5174532659127733	0.25958004211893737	-0.015106604112913313	-0.3324521948297119	0.0455225502630614	-0.007948140344086863	-0.23440896126648414	-0.21897364959120957
-1.9864985243142839	-1.7437002017917118	-1.5536292355029557	-1.8694640002172305	-1.423450860803726	-1.942729521112684	-1.884529951623254	-1.9380214302261072	-1.3691130805219842	-2.063310721428826
-2.6689020116038575	-1.9829444832815442	-2.3054215639530797	-3.3162631660073565	-2.6668319412737715	-2.3731070115002564	-2.2636759797073	-2.7625701687149955	-2.143551322463066	-2.1837053793058194
-0.3133410405421313	-0.33060666145755935	-0.9988621697425775	-0.4554846446594709	-0.776366261516922	-0.1296697768451316	-0.04289707090081518	-1.0450989542177256	-0.4931338576315618	-1.5386781630979625
-2.8964855534000264	-2.7073550780031845	-3.072154525036514	-2.812573283177208	-2.28404796872656	-3.3662091005886596	-2.8330640754115333	-2.9277330057812025	-3.014933157610547	-2.591104904701985
-2.4974500781625233	-2.771384145421415	-2.464265786668524	-2.1801210288156234	-2.619482757340168	-2.63773772738811	-2.798500234286627	-2.669901345744541	-2.4581170281430165	-2.610777951845209
-2.2557637782098787	-1.78899911801355	-2.3581674075348893	-2.109194216714106	-2.5214002772906845	-1.4337045207470547	-1.7978871435942163	-2.160889521827279	-1.8790475077995057	-2.4719738440029655
-3.061095274375878	-3.9235130428612512	-3.7483101821925127	-3.699619780215669	-4.0448707302205715	-3.103985916410443	-3.5832965728731816	-3.9567504215629095	-4.2484399366492775	-4.5881883561960075
-3.0167842292978606	-3.6813074851199463	-3.1127590578642805	-3.541058304720228	-3.365169030223493	-3.8165245501122547	-3.531678574073024	-2.5977652947620453	-3.6885346155463896	-3.1536832881159382
-2.8109471680952534	-1.989096929062008	-2.334021376180142	-2.8461205740509117	-2.124392913311042	-1.8695284834221737	-2.363139173315859	-2.4779382370490386	-2.2398406208277284	-2.8503055794002172
-0.23816757097577912	-0.7734902068795857	-0.514037700475757	-1.5418071758416232	-0.4481269685969167	-0.48716543219111785	-0.5982976267744684	-0.14095108649705734	-0.041625095870585715	-0.592038762594518
-1.655708251486423	-0.9065097156677135	-2.3225273513462077	-1.7290065430651707	-1.9264223414107964	-1.7135852596049745	-2.3790234029028463	-2.0744651925977657	-1.3044643595521166	-1.8364722990729185
-3.132615623820643	-2.841341901539506	-3.2300838922200716	-3.2305131445814173	-3.0019184630817737	-2.954737410691932	-2.5374214174829812	-2.825907403520607	-3.2100049084513187	-2.653453806976898
-3.2123806500752807	-3.0236511874803966	-3.497933772701107	-3.1985766408086764	-2.8368139238556713	-2.6914540796171824	-2.7637584144092258	-2.9259679331899373	-3.00743274352255	-2.5762233174952343
-2.3773961245623667	-1.5900068204776028	-1.8772393698334193	-1.8100403389934705	-2.0858322648100787	-2.342310435452971	-1.6330378906193919	-1.6924589430718553	-1.845743804395025	-2.55057801071223
0.1391869279070943	-0.5567703118377361	-0.6066292770150303	-0.46703162291753153	-0.8778638999341868	-1.162353689708675	-1.0236023992414998	-0.3771176712371975	-0.27514229506853005	-0.685566298634861
-3.5476667211719475	-4.646209748846102	-3.802495226799028	-3.88800066407027	-3.67375526917431	-3.8428189681536917	-3.8529934580046072	-4.42928110916416	-4.134675323818558	-3.1910136673283622
-2.84678240116878	-2.8186433444832435	-3.161298658581843	-2.552408032913675	-3.4399546951370907	-3.130408492945861	-3.2659591527803093	-3.4737337214539012	-3.209118283382792	-3.144414119029444
-3.0719064527900035	-2.772058600316642	-2.9934088933194647	-3.3208348547566615	-3.360960465057482	-2.746263641749792	-3.312377433106927	-2.850362572730231	-2.387894916398101	-2.343726698775611
-1.3261041557979016	0.5464651694736364	-0.4841396398313589	-1.301929855193487	-0.7617407890170023	-1.0735760499872207	-0.5057448630162498	-0.5369576714991637	-0.2444912142806137	-0.24982962868901937
-1.3398481877560307	-1.09604032047441	-1.5928242999987725	-1.4041342849341967	-1.3526396726130692	-2.0810426175456245	-1.0936586227887342	-1.1039191602736378	-1.0214573626779193	-2.3794947328685874
-2.6514405560612864	-2.588229653924506	-2.3532578505708446	-2.4838266576536645	-2.7877677756504493	-2.575369660260047	-2.5417066952556895	-2.9291226914840696	-2.6528072554276565	-2.6189527149439016
-1.7517059900763499	-1.0076886464400425	-0.8269307452671462	-1.5941501393026984	-1.8838859720782124	-1.3593273584370649	-1.395280034515694	-1.501409267850835	-1.1642453875276089	-1.82659232567817
-1.367774792813915	-1.6449744117667975	-2.2297098386160052	-1.6388712207108769	-1.7694181328023877	-2.032318402100004	-1.3564906285921197	-1.0925933128565042	-2.155665090837425	-0.8911923500505032
-3.178466079076398	-4.405473950215028	-3.846702982901971	-3.5554161578532995	-4.1854831834133615	-3.2732826924402456	-3.673354515429984	-3.8525970293040146	-3.3918183201451164	-3.573550037523093
-3.4906567932249803	-2.4640779815910676	-2.9753643269625707	-2.425615755834542	-3.1176657342683782	-2.5823996394083	-2.713844362721683	-1.6559162541797323	-3.32344199860749	-2.4841748463970723
-3.2802005704245363	-2.7398412427806837	-3.026972066570127	-3.5089570779149835	-3.185355670080451	-3.236505010504194	-3.5690561333789157	-4.075167547663832	-3.292936829650267	-3.5494621885410407
-2.65485178122404	-2.1633556346680565	-3.092175237273554	-2.5378387147753574	-2.59402973575473	-2.7783756593411493	-1.8187802965679971	-3.0937403779345303	-1.955199245216497	-3.229870571413312
-3.9122485580399013	-3.792379157854331	-3.366098273275285	-4.238271419997831	-3.5374483502420166	-4.512580085358113	-3.342172762145845	-4.328945005600492	-4.119812910575624	-3.8286477553667586
-2.9920076064533383	-3.2309155988106713	-2.257468156548015	-3.0288345672348798	-2.6156307801327476	-3.1274242772866048	-2.772087498635685	-3.426649431742006	-2.9577431608468245	-3.1629487882805654
-2.8474996799046783	-3.8282036634269243	-3.469199852150363	-3.8618641974957724	-2.987365073246175	-3.3667787974720857	-3.938095818471062	-2.9897175222026635	-3.4257592800791814	-3.7529583358632026
-1.141819833346934	-1.9489588055055784	-1.6096452744675742	-1.5238619972077443	-1.1350966408869227	-2.2080912663636267	-2.553447457685867	-1.3745167610865097	-2.1188299597270874	-2.171633961192989
-0.5918543590515939	-0.865396224912695	-0.5661659712489513	-1.1580418786505466	-0.42538705756682416	0.06119903431271423	-0.21880562610327892	-0.1484655609935308	-1.3501042447452016	-0.5668238981447444
-3.083797367678824	-2.3267037477665298	-3.5498747344951775	-3.4224638721850003	-3.0167119821643302	-2.883623344144577	-2.237294335236209	-3.1663394759648282	-2.960300374582059	-2.9041103507552126
-1.9384921390188448	-2.0459913818070303	-1.6833952893115987	-1.868579218541351	-1.7108486905138005	-1.7198215562651766	-2.171914062202803	-1.9545450797151258	-1.7735622296834115	-2.742641702519717
-2.0565985814725245	-1.9869424161886475	-2.3690698142463136	-1.8531216624188043	-2.0861212853052686	-1.7746612125017127	-2.0015882711837185	-2.4985481501545204	-2.2864012409586345	-2.443972945348786
-2.433963048721759	-2.4655513627721373	-2.404319862505895	-2.4443006618059906	-3.075011441971894	-2.78742232175336	-2.222663258604813	-2.436783939275146	-1.9604133601253848	-1.998795816121715
-0.541688779951	-1.5053136486922212	-1.475768535073687	-1.5346472555013821	-1.387379780554297	-0.8279656258126062	-1.6362370333917013	-2.1847448635246542	-1.6175881022948944	-1.2778797699236466
-0.7657651558346199	-1.6717277613554467	-1.0868177989670125	-0.5502337064433067	-1.491751500667696	-0.9202308956700407	-0.8575589867053233	-1.1394536829598128	-1.9421157871758947	-1.135585769705708
-1.1853044679443405	-1.9434610973903876	-1.494747007782895	-1.3021843509613826	-1.3354326293910295	-2.021698790816908	-1.6366542978621574	-1.9720188946112143	-1.6306737816481507	-1.925190139477167
-1.5866722656015724	-0.4742642858452386	-1.6215913022761512	-1.2951114253428024	-1.0898331188798407	-1.9401819603202206	-1.3479136461550576	-1.0746062109960914	-1.9165599480352349	-0.8316784690788133
-2.0918960772624793	-2.6835605749382303	-2.5473842763798333	-2.4779680417441505	-2.39241613795806	-2.689393470026144	-2.6081827302965266	-3.3497761296604556	-2.6340196165612078	-3.036435818944304
-2.429584528977384	-3.016925622138833	-2.790731945325785	-2.9075742709910752	-2.4738523939969568	-2.8684130877487033	-2.2313572714749794	-3.0045551275522024	-2.595981684043741	-2.7103600553930765
-2.3756010407595265	-2.1127432360167098	-2.2388080044145293	-1.9581757797945285	-2.3629042811524927	-2.333618474915	-2.471084966385974	-1.882236403647694	-2.002642119612407	-2.1244715857232177
-0.6214686363991613	-0.8655324681571976	-0.8343503503923952	-1.324119868259104	-1.3113398220495702	0.042321000623938954	-1.7688331149162293	-0.7470723088251408	-0.6810566536739553	-0.5730125878870143
-1.651608519496687	-2.991588698735981	-3.044637968382795	-3.021719065381528	-3.3959982067017567	-2.7179865037273925	-2.8046273443747447	-2.863198086040666	-2.6880949106441894	-2.6497652083611314
-2.1508477222744284	-1.7610795658049212	-2.004233532918849	-1.5413875844637754	-1.9025666033272202	-1.5198121305237902	-2.1839357319722867	-1.664377243510435	-1.9043989392018765	-1.9396204013637486
-0.8955387417481102	-1.3253539387483406	-1.357259386945877	-1.0834464289738475	-1.3353056041164613	-0.9449699953147304	-1.8961612666457772	-1.5914934543459762	-0.6923933227982881	-1.1954805529360795
-3.062672774442404	-2.459425059206168	-2.315289230988058	-1.6614770424230643	-2.3749585553953607	-2.2468941517190717	-2.090802194697348	-2.6083935338612516	-2.655036702325734	-2.7377240358900234
-0.9302778110811003	-1.1168220496456975	-1.0534102803635665	-0.26266950456774385	-0.18429552088681755	-0.8249027677611029	-0.647458772144966	-0.777815545482734	-0.9312741183354869	-0.6554466090376283
-3.001405217247985	-3.1424051642361563	-2.9276592654671396	-3.3318871723270833	-3.2402442803254004	-3.317740987590825	-3.1565550673693084	-3.0285386343120435	-3.283446841961731	-2.574295543837423
-3.1963911563166123	-2.7368473915407066	-2.66671757889999	-3.127027698585808	-2.3694718944210327	-3.0040159967187607	-3.53938937070936	-2.0168005792462624	-2.5766107490887116	-2.0120345151724304
-0.031410493997680256	-0.3877465702483949	-0.9543172122868686	0.25610034815419924	0.2321506861360314	-0.31713935618744715	-0.18024814868198447	-0.28502862528462036	-0.49530768522509905	-0.5561543027197173
-1.2223841068504888	-1.5246662848516783	-1.571286758768582	-1.8317825722917631	-1.8443657332391348	-1.1530189169199156	-1.8493159314121346	-1.7538942507492428	-0.9383589806632313	-1.4348154748562718
-2.3987395314486717	-1.9325729201232618	-2.5504364008759497	-1.7679936282770101	-2.1944948494145855	-2.3836151518399786	-2.906238899373116	-2.463744698975865	-2.357211483002922	-2.7583361906552257
-2.345158012771703	-1.139635565377191	-1.0395979983705013	-1.8205906656843607	-1.212000124705441	-1.0396810458948245	-0.774058674150895	-1.0357269246111318	-1.3296288255166036	-1.1127005354677428
-2.815314073629517	-1.756619368315585	-1.4437377518312395	-1.5212622411114842	-2.2952767618379895	-2.1809796981638687	-1.948662449537703	-2.3094613516341513	-1.4037244142318372	-2.1821785667801854
-1.2692658773625567	-1.4691987035281842	-0.7204300496799108	-1.3714272430385261	-1.4027605231122071	-1.913795509460408	-1.2481917874468924	-1.6577343532153255	-1.5859965331600145	-0.5328038946646267
-0.9778210600021766	-1.1911435755143045	-1.1774365828151643	-1.3125441406286664	-1.1941949127973936	-0.7175620972862715	-1.0127064998213555	-0.9150116935557229	-1.1095718650668922	-1.0046795531725667
-1.6613830032520107	-2.0771220472665095	-0.13989250037870524	0.6318896209459708	-0.5158563447125599	-3.0528101811433195	-1.1739297589239936	-3.109423422402139	-2.054952070062482	-2.396772401603994
-1.2258458951425737	-1.7483852137683096	0.07389912520543	0.17499300045146718	-0.35302497872974375	-1.4171783005554477	-2.621874993668041	-1.2161312168788987	-1.8771275691306095	-1.4007705843368856
2.505063406125928	2.357010679484141	1.1345280490450746	1.4891761742929133	0.8324255713595732	2.029276529078219	1.9326108842270773	2.5409438522998467	2.1731839866199167	1.5387902326093972
-2.1328265142368203	-2.994941121051685	2.2311737867138817	1.6580183484801694	-0.47696806973277506	-1.9215733028159938	-2.1731240922038366	-2.547041637792679	-2.06493125471833	-2.4350116649410722
-4.760607087658342e-05	0.8678982097814868	-0.6436293865231026	-0.5738825512931169	-0.10970360454572718	0.6819310017206152	-0.20804188751746672	0.9991752160888516	0.5220862063252553	0.6675409814859564
-0.06591283605122862	1.116094392479932	-0.6345918433951229	-0.5995720255338551	-0.05704159948696879	0.6972078538570786	0.2685895955853436	-0.15959006132021314	0.9323790923685832	0.703124091478069
1.559775028015457	0.4773880819781476	-0.6282033136313501	-0.313695360977456	-0.036325571387762996	1.0649358862906266	1.2972241781045935	1.2338141092671993	0.7092596456143515	1.093570237643551
0.014515422713249243	-0.09459933787463386	-0.3021118623460434	-0.5743478992098536	-0.13337602276743932	0.334697595701683	0.7430296469135185	-0.2482955459783522	0.47036759201642264	-0.20766179795476866
0.5560092513320946	1.4677095658693942	0.1574037308206177	-0.288733186354882	-0.10258865516368125	0.8715863470457372	1.1189021981577638	0.22221411214097767	0.19444607435040343	0.3895058012291412
-0.14932083659133852	-0.6655551261763107	-0.570531559149041	-0.5391438767709851	-0.10140020381481585	-0.5513184042782391	0.6681491315071312	0.2586657083755369	0.2842249492089373	-0.08494465523297048
0.9875696011984637	0.9996323272421972	-0.37599056112722645	-0.22893389308088063	-0.0815626534133785	0.8623259424747198	0.6937634990760674	0.7308577839827394	0.6382585710501562	0.4166934011802541
-0.6886435206025654	0.0511246219082531	-0.6590463240942666	-0.586169467080573	-0.10185630922749368	0.05500786021142254	-0.024540027132565128	-0.5550732645000631	-0.10122090330616576	-0.4436786346447489
0.24294438214038955	0.5447647858002609	-0.5711807744471163	-0.5276253102996847	-0.1026091525762737	0.5626135847154057	0.4398606798745892	-0.786881553406747	-0.5051714253226081	0.5483357683370033
1.061894922536273	1.087846415215853	-0.4325919084625914	-0.17024371948462566	-0.10048685591652969	0.15634226104157734	1.28803209586595	0.832752752777015	-0.05160326769597896	-0.7866772186618078
1.7480636675805787	1.6155194145702936	0.7957996090684959	0.4128604622682958	0.569167972256394	1.5352400515073787	2.246257842670594	1.5410449380632212	2.1865541567450353	2.3433234978285724
0.7474976988778815	1.211355772445394	0.8473406415204386	-0.25748751035366846	0.2496745067182911	2.0769864197033305	1.5800555461373935	1.283921705588072	1.2324983243597682	1.0750044826302227
-1.1031245659286426	-1.2687918981415247	-0.20555746399956185	-0.08482941152698197	-0.14975677221811165	-0.5362187228922688	-1.339662326276282	-0.3081716565426182	-0.8446993427041264	-1.5039447584840604
1.7046398108236431	1.756801346155043	2.752393455708434	0.47249774360981545	1.318468150978244	2.165013249058502	1.6707738451546366	2.4515839348511905	1.50658567159222	1.4401525782885178
0.6071930917067183	0.7522833692627728	-0.601479845803542	-0.4142667646926446	-0.10205496774159381	0.1792475224813903	1.3693729975296884	0.6312915364225423	0.20348427262530813	0.6379373119773591
1.0103404208514797	0.9275940634707273	-0.5413733289411611	-0.24641134986380708	-0.10257761555329399	0.47419426699625855	1.6562926862294114	0.5515525588979416	1.3618397077499864	0.6785266164666082
0.9485116715121862	0.863817606302354	-0.4850786841869113	-0.287586796090387	-0.09901083845810388	1.2478952326437542	0.5122837794167167	0.3882004558214954	0.6978414831043773	-0.1932129634185258
0.3791801901758741	0.22586083050761405	-0.656613009754404	-0.5439444460870246	-0.10181426758792361	0.38748942264004926	0.773353137462181	-0.27823309115122896	-0.6882003537621673	0.24474160091509292
-1.4261356453141896	-1.09482444241839	-0.18425746083606095	-0.028319323603397863	-0.4759183321213981	-2.0967730720866964	-1.374437030636203	-1.5504803588253306	-1.8840584520118797	-2.1631358143666484
4.03189414330434	2.8568725939357726	0.6797644013092631	3.450783313298872	1.0527051641169853	2.0745265555680508	2.613310639681837	2.5967341264802313	2.3967253803421458	2.2198321456401695
1.0239495110540702	1.2291010497840802	0.06378888376739315	-0.134129695654305	-0.029763698617716577	0.4088167369614372	0.7931637521596014	1.4113557635848397	1.8819115898252639	2.052728953407114
-1.7620067760316696	-1.4597900626924858	1.6774146140232937	0.32485571124910917	-1.0428484845393224	-2.0607220773367003	-1.400158293750459	-1.5182132200124103	-2.281350036613297	-1.4930487847612073
1.3992615203501508	1.281407176031978	-0.10761855505209565	0.052622142015239674	0.49991183045212156	0.9827859983749697	1.168700954558332	1.3239065381297601	1.5769028941728889	1.6916607698520185
0.19837143673152874	0.7908821269101894	-0.3105694983473738	-0.5190506208259373	-0.10365620849059626	1.243326853555807	0.9792433446465759	1.471359243563627	-0.2824677950210384	0.8222819403070588
-1.572584005877855	-0.5023148147486699	0.04630552639682299	-0.2978623713404865	-0.2093289392940936	-0.9802426449919435	-1.1295560807522547	0.07653138166338187	-0.6438821975626983	-0.246427091428075
-3.0378494572614403	-3.100747557558005	0.902409144906714	2.7173823759708884	-2.8290037045625547	-2.519695677235781	-2.7014783989232685	-2.113068228490966	-3.1178818355523563	-2.7763773088031773
1.160833793768044	1.4634856211359943	-0.01196689418777827	0.01972216508082904	0.4772509706865666	0.4198390963823285	1.730839339370492	1.5557451868620524	0.9643751464551137	1.1773592966972635
-1.3574799401757736	-1.151947346325713	0.5768513058051937	-0.027488701440893902	-0.14186404593743962	-0.9150894746108222	-1.3157554284937716	-1.5962349777197102	-0.7096504088913739	-0.9530533493526149
-0.9846412225087234	-1.1201231068931838	-0.5478340680739592	-0.18850330988320024	-0.8031690663012554	-1.5365797203053593	-2.182682154830924	-1.2953106348506982	-1.414891428703615	-0.8544543707133351
2.7440174648337874	2.0341965705707303	0.9624904598257008	1.3764617332178468	0.31572472134710844	2.520456598620912	1.5577165521251204	2.1822568474698922	2.7725707392250882	2.0161008717695843
0.7572487350004256	0.9204960921107355	0.41079663358433993	-0.3303177503650082	-0.0999346040497579	0.8739191630810146	0.767682912367721	1.2084540606222671	1.7689075126315466	1.1246630863926592
0.429115235445335	0.6959047952111387	-0.6434790879247859	-0.4695278243829639	-0.10039841224313427	-0.19670842965806346	0.410561258761617	0.6803373378866828	0.020210094958728515	0.7882180434531473
-1.095790621781848	-1.5318664301557163	0.17054029876223678	0.012643688448194723	-0.5779864805584904	-0.8567952050314571	-1.0698068191252506	-1.2270901658855653	-1.6688294535356183	-1.5016778617340727
1.3232216595844666	2.004681221785962	-0.17313006353346672	0.3529749437687926	0.6514839229095891	1.7871371261421982	0.6223578029399391	1.1690099798545106	0.8011654563003106	1.7039198859862192
-0.23629978531073595	-0.3306856896572838	-0.4913374633935002	-0.5465653262606451	-0.10258737606513123	-0.38696627625054114	-0.44600983991147874	-1.143547899242604	0.3626363077734299	-0.33172035220798807
-0.8165828818485393	-1.16613201842138	-0.536011664104708	-0.24115013560455173	-0.18498751877609443	-0.0858935901281829	-0.11666634284321706	-0.12752180976182598	-0.35948573645074006	-0.09942982961466998
-0.8338972299174084	-0.818673172149793	-0.5891013873023634	-0.3353335231471185	-0.10198853668408833	-0.5723559096087957	-0.7769435302099891	-0.6337891197373448	-1.2679683967469138	-0.4194424826913821
1.675366878574626	1.338324647696141	0.8153829794843636	0.2095609506536437	0.06964126053856706	1.3987493645287274	1.5739922386375471	1.448631694035222	1.8119975559655068	1.516199889339996
-0.4040458774875332	-0.5048405312432027	-0.46464807161030747	-0.5025970622047016	-0.10564036596587774	-0.8355857109619526	-0.9750326945158685	-0.9351374800114605	-0.3250736181758821	-0.1950700227420326
-0.27607254318758	-0.6802774107822939	-0.4044576004035623	-0.5082479156831358	-0.41712529612458754	-0.33216735527312335	0.06666122794211211	-0.6756583015998658	-0.5532818302881141	-0.141833939135674
3.0169479243966757	2.585065133346276	3.0317406808366147	2.151138634203366	2.1769925340080545	3.429049028615906	2.675356241744463	2.7777873059117866	2.3279366377020443	2.756997257588654
1.863856049074662	2.3593159978175313	0.5264335400434244	0.9626113432326348	1.2002722529253558	0.6123196858897765	2.0349630834377646	1.6408643430899208	2.313579365653788	2.040231239770945
-0.7850215343467598	0.11775002267231548	-0.5797782209018038	-0.6061657592317689	-0.10719518733399476	-1.2612653561797367	-1.4275681219504324	-0.18106395129227765	0.3996805125525103	-0.932013468779327
0.4030072434779076	-0.10139431604962565	-0.5727183654498205	-0.5881456994169328	-0.10389643196292371	0.05046254155860321	-0.023751923809213052	-0.2482449623827602	-0.4680453386094861	0.5326191213298133
0.1339831986951379	0.6290354592363888	-0.5920493224445397	-0.544420254327248	0.023360605071286098	1.1817220245551956	0.7375760814784835	0.7753594267606123	0.931235947332765	1.0849092172225958
-0.230749028123975	2.036566234093516	-0.5579622147648569	-0.7380656743655639	-0.08994169330623304	1.4047010308647156	0.4399187964713459	1.3234074855594282	0.9275694189299574	0.7185172416677699
-0.018376495314814733	0.311306809389006	-0.5621751782923904	-0.5758669620336141	-0.11023796682835067	-0.03850160317273346	-1.096822577912762	0.446737268961992	-0.6530491225845311	-1.4072437306176824
1.1430519707573572	0.24291310538704705	-0.5320725121016046	-0.47685170461596876	0.332385626312917	0.9307274506396016	0.5975162647645332	1.2531218452420099	0.8452877142918421	0.36057447678697935
0.25296204984951964	-0.5417451651034199	-0.5718046997161754	-0.6217508218121114	-0.10258729210133681	0.8280085466996355	0.009899770939748295	0.3771859418793902	0.47066442572512496	0.4597310345091757
0.5773471929902859	1.0555620560668708	-0.5454193088367069	-0.36093210714809865	-0.10524439945874353	1.6349253601633718	0.541939944892187	0.8649450403566824	-0.13528517860560355	0.18166391351242372
-0.7813069302823259	-0.509036560611478	-0.09995988153573293	-0.4349051950507996	-0.10189461373178353	0.023910315063793288	-0.20219582774580802	-1.219406820327562	-0.7282951622155724	-0.29581251570324835
1.526347469601631	1.8674117295357444	0.5993642405934447	0.42204573429926706	-0.058125739947292795	2.151808497367665	1.3394096862718488	1.5961632673726043	2.895703322803839	1.6012790150369571
-1.7996977280102775	-0.624421695124591	-0.43865083852429004	-0.1812179079779699	-0.24624142541105076	-1.1410071414952512	-1.355000361270548	-1.9234551513865406	-1.3180627384793613	-1.103764112368172
0.41095458127019685	1.100092395757463	-0.6558963716679351	-0.41590660828274884	-0.09684034754382607	0.45734531994194594	1.4489973679629768	-0.9088731826561093	0.8458647104950162	0.9503047035750192
-1.5613112225940515	-1.468179473759643	-0.10969558635495	0.22706621280214898	-0.10960764562513974	-1.289320068899837	-1.3104752050280146	-1.7314599443277463	-1.1905647857832287	-1.406350196096986
0.7865908736408476	0.6359106623238434	-0.4368167872715443	-0.39909553847652274	-0.0634469111940791	1.4537251765585077	1.2412293832535375	0.5843819223647009	0.6064881331408468	0.8263018202449587
-0.7448134942340797	-0.9079984227824625	-0.33154453154568553	-0.33756964529943795	-0.16527544174954253	-0.37456992960786567	-0.3450229233785721	-1.0208452943478816	0.13711437762508494	-1.3901054688791705
-1.7333869742273085	-0.5280353173891752	-0.014411600098491314	-0.25406198923639156	-0.13278831318905368	-0.9280950203743046	-1.4770985912064556	-0.25559152058254275	-1.0187713203220432	-1.367743144534433
-0.09561658717812228	-0.45163761872857516	0.09449116230783344	-0.5587794217597136	-0.12118166203099281	0.2511184987025292	0.22029154507933604	-0.1525384736564738	-0.6923991631769868	-0.855119731889535
-2.2805592646241504	-1.693451880648793	0.6015234091165349	0.7755374651011524	-0.6472893853694327	-1.9624381304721337	-1.4583376886684234	-1.8606496011396496	-2.8144457507189338	-1.8510500107615284
0.690552824568395	0.9043011204310507	-0.6563250795547384	-0.35567640120446975	-0.10258721165283305	0.10246396799685593	-0.13089704707800282	0.36766488891568666	0.05348682407309465	0.08958464392982861
-2.877876098692425	-3.066412503203093	0.963273836079824	2.5095395501921063	-0.7926741521282701	-2.2399570712131855	-1.9591342854894236	-2.311939665454616	-2.1777263242057856	-2.5130809763315725
0.8351359191034188	1.5235160263795484	0.035792709514471714	-0.1293059809488362	-0.07731370143355322	1.1161152406046326	1.7566387293947319	1.1947846263865787	1.0765888468143778	1.077490301361108
1.7919169174918468	1.758279527465826	1.114868425427298	0.5269968928559586	1.709337612393235	1.665495419464575	2.0630508083755155	1.794814436954328	1.9599867648763971	2.26068893141677
2.375943743603974	2.509121558628231	0.910027842988982	1.5091168427755552	0.7086525739033381	2.3681726566224857	2.717883346696908	2.8983947030065917	1.7540948562183438	1.794540582724121
0.7245398010329904	1.291215628164902	0.41100394854838196	-0.24698739955019536	-0.0768111734986761	1.887223261369843	1.5248957587444916	1.2794407154015464	0.8185741172229093	1.0568148756993556
0.055878801805825454	-0.7293868810165354	-0.5584400166341799	-0.588108879590336	-0.03850309364315736	-0.08779993512817555	0.4375091280732937	0.44116946443488797	0.7438005776365432	0.8225649142636686
-2.3877562122317073	-2.6173424042003735	-0.5255993279244242	1.6097606332429248	-1.1208632272942851	-2.1606239648749166	-1.8957885808851989	-1.758593928476918	-2.150291902024619	-1.6125899696654238
-0.5507467574725562	-1.3649791592281386	-0.24743229727136837	-0.3112006710320274	-0.2715366443499094	-1.1692830220196977	-1.3059777717065482	-1.0074612013770807	-0.02347635392602624	-0.461245974425493
-0.8173736662718141	0.22530548785131613	-0.6373591211258738	-0.6382139867946812	-0.1936925353111156	0.10316731367343668	0.10697573629686091	-0.09370984158807234	-0.6168455837750492	-0.3141884641866035
0.2038398545416475	0.7694251972441419	-0.5671494764748188	-0.5190677079251473	-0.058102113770873536	1.31997822614636	0.17119284059272238	1.233119290305511	0.2808165843620171	0.7735426795005834
0.5316757212841041	-0.30111980446225683	-0.514477927596356	-0.629807079914639	-0.10257826070218277	-0.6174634603572553	0.3474832857337142	-0.6359113594642761	-0.9716349008542453	-0.4115863943885679
0.5439108991815347	-0.5720489330205286	-0.4823100784811077	-0.6825830521806313	-0.10257738897079825	0.7515453593856185	-0.42836154128395565	0.2929975382131368	0.5320400751910807	-0.3749950018109996
0.42167109070897657	0.7848840098016803	0.6281374741665515	-0.45822824693745084	-0.04805379235383652	0.6653927427549722	1.4959227904053776	1.1950424903594137	1.1789598688145722	0.7758967805145328
0.3058444205079392	0.7316771238366628	-0.41014388341576724	-0.4956786362405185	0.07516032701086438	0.80582457639333	0.20224215684199542	0.9139752565874347	0.7941525893682684	0.6949756160128089
0.16804133663141466	-0.36296080911827805	-0.3936995651067152	-0.5951791301353317	-0.09402017187811576	-0.46931122028783095	-0.17024846505021957	-0.44002967582585106	0.5740632394641373	0.49421435334704317
-2.2829349404196075	-2.061594595616459	0.7702397241884066	1.0705985731996426	-0.5239665974527569	-1.7521157274166221	-1.7368997686953116	-2.215977150548521	-1.7069124362696106	-1.837713020230446
-0.14647033907724286	-0.7926988554052411	-0.6371302169292957	-0.533299872116394	-0.10541941783096694	-0.9475644545105671	-0.3022169849902598	-0.7941942219944408	0.4540412161684849	0.3360479449266795
-0.37010514246831694	-0.7930205504185928	-0.5201733940393559	-0.47131760131308276	-0.12453145935303526	-1.0186420256228117	-0.8288337187065872	0.3776047068211011	-0.6481048762860433	-0.44671500856722063
-2.352341840646959	-1.819629798599146	-0.16260655055137635	0.9217191277704091	-0.44546642571309936	-1.8350739194728085	-2.1047007805756985	-1.4910144212905359	-1.5753518189440134	-1.471057813853792
-0.9266099559041103	-1.0422329820275915	-0.388933597510347	-0.23643317254999394	-0.6010061425172395	-0.41193224410099727	-0.9907949243335735	-0.6105682868594106	-1.184545427247724	-0.546782180338757
0.0971061774382935	0.3903273594452396	-0.4764034238447774	-0.5606245735688221	-0.10304777096436697	-0.550020412496697	-0.8382200363418151	-0.6113602358603389	-0.6918930263305231	0.13712293173613377
1.5590032608721955	1.4420527905166531	-0.20387644362260163	0.211650463730082	-0.0022339870881096058	0.370377940592608	1.4110690485460813	1.8255443470554384	2.4346322783079386	0.7332817563882569
1.156225499821858	0.3524905678671543	-0.016990551753683837	-0.43146538267712614	-0.028340597936584867	1.7589699308089035	0.4417970365630389	0.7570278694173197	1.222235977381956	0.388224061559064
-0.6305173908210431	-0.3432804182311112	-0.6418761583975614	-0.4982415492307533	-0.14021401745904752	-1.4842028560056084	-0.7709555093691853	-0.7100993181060538	-1.77557287015673	-0.5806186044640004
-1.9275081841465929	-1.168964062763632	0.7783344706221943	0.21340545009868692	-0.44517385514478275	-2.486807959044605	-1.3106803125469917	-1.9811181307703367	-2.6440600175224973	-1.3624940668761225
-0.25626247290475945	0.32701503193554177	-0.634986350487055	-0.6031487847005083	-0.10198659396315597	-0.3494447185332933	-0.1953406632123645	-0.3105866925015732	-0.7145618878617725	-0.6247041325306734
0.4652912112325446	0.5787505334902825	-0.6275867137479116	-0.47977788447616265	-0.09898268226255261	1.0357365908537384	-0.3602996595673438	0.07056194259150682	0.9008903892526723	0.21836572766155735
-0.01476786362049993	-0.4108520377511602	-0.6037495653847367	-0.5717481366684065	-0.10264181798795166	-0.3368947352804221	0.35869093209847364	-0.4195393902322621	0.8759596637362411	0.7701613402228653
-2.4478948484372007	-1.9355670626406072	0.6398905935362594	1.081632169984233	-0.2377119309571135	-2.382672237366854	-1.0561468675739456	-2.97177961571163	-1.9372684109646499	-2.458277633468458
1.4181521689729353	-0.4885212286136175	-0.5615100765989643	-0.8159345377682087	-0.10389659504612565	0.47798149152508845	1.6148315917178397	1.3153048189486327	0.16381320048063316	0.927630577326814
1.1879642853832992	0.7494668163229359	-0.41069244372786284	-0.2627795329207417	0.09364066252198944	0.742695527318139	1.1688390632943972	0.9222530688575747	1.5704193565590678	1.1123906379867752
-0.30128690740592357	-0.7309351168243778	-0.6271347518958283	-0.4969218815006058	-0.10017724152115859	-0.4857657613926458	0.03659070113421505	-0.22671864996641503	0.00023469505634084048	-0.17585274578521168
1.0928496249000337	0.8108137748365318	0.20864771699153256	-0.2642618043183696	-0.06436317416965825	1.223101858628659	0.46626602561450325	0.134890793990855	1.520176813523143	0.17611179693943602
2.49403901738485	3.301749141838837	1.8801765291809596	2.303368612513818	1.9330150426086843	2.864740073049384	1.949212820185443	2.7861760785217062	3.2702693894418133	3.298638032106161
-0.43380782536363266	-0.0544589760350599	-0.6121485093121471	-0.5656135320146113	-0.10602646803966635	-0.8362653324208581	0.3440874614467519	0.4182685891003793	-0.3140304354410116	-0.36326532069038864
0.19147881235067335	-1.0529781893597219	-0.5848985501307435	-0.6443160679818175	-0.1029126010500211	0.16479114959849606	-0.21000070835304938	-0.7526285305130418	-0.4590952766419255	-0.2918922831028515
0.19908590689030847	-0.42924266611116757	-0.6576381189474566	-0.6037268688120577	-0.10328622801920272	-0.5598200143769091	-0.025138659066940124	-0.3989776089210011	0.16537756741648374	-0.6568562355836184
0.9387842332530181	1.307647617339577	-0.48005321516099064	-0.14493972504061697	-0.07242212563054437	0.092417082805288	0.6728885265079009	1.209750078158142	-0.19844676770630973	0.9962416651636646
-1.6043351183303007	-1.7914640706670535	-0.3885199833233014	0.4303579072929458	-0.22841027927208143	-2.0812069397778004	-1.699986745704928	-1.1792492579970255	-0.4251221782029323	-0.6798315738914119
0.9394918673304633	1.3944147836610452	-0.3748319535826682	-0.11613399969121695	-0.056459791287844195	0.7876143934927343	0.8653919596103282	0.9863303329718289	1.0120880564070147	0.8271376498600809
0.49917735026235105	1.2124761641518884	0.8750758908737652	-0.36239441709122105	0.2276231144614299	0.6276350775167695	1.090996885600445	1.0238941579301482	1.4814205841686234	1.7884151152713712
1.5931456040674892	0.6035602748433946	-0.4750022797207865	-0.23789510081857934	0.45401752676219864	0.7617267845592843	0.8411533355711562	0.1878519991109949	1.8869848165313616	0.5257083899649757
-2.6032449258921315	-2.634573438054661	0.6582116278941041	1.8225004711412536	-0.24779217967389233	-1.5820625012246705	-1.622103524495041	-1.1109913923356247	-1.5703943878374478	-1.859057509418378
0.7389416412058557	-0.019035606344864713	-0.2009337350377063	-0.5787829067800622	-0.10032456604643486	0.32097823069479386	1.4825003781901538	0.046911499744940695	-0.3744320966052611	0.47457959669108163
3.3099598430590444	3.6233822577938555	2.935175065456337	3.616625243086449	3.439154254029978	3.485069955094077	3.6752733856292235	3.348753820154243	4.085256712877732	3.343950521387488
-0.0639877321914118	-0.13372512459962113	-0.5643015896714523	-0.5708783433051469	-0.09378365291155875	0.3060964948447293	-0.16126956172378099	0.4810900043224928	-0.6575956825725483	0.34288615007952034
-0.49187811536365617	-0.4611602819110561	-0.6371016305274739	-0.49461110664965247	-0.07638799609302141	-0.7347565352954747	0.5662318378747043	-0.06256670640377432	0.0824212206252014	-0.36381122351678435
-0.5170894085454741	-1.58923330749977	-0.06910628294630702	-0.2867361260515278	-0.10446417085323649	-1.3310248928307191	-0.2921412535053109	0.0051312832268018225	-1.7329944557262138	-0.6422543973758288
0.11116660045730963	0.7870247081471756	-0.6488191079165158	-0.5432984294175139	0.1088278274008058	0.2003236791462215	0.9308044628350751	1.0769878317363841	0.5555770352468942	0.6699575137390102
-0.736934027311961	-1.6971413404487836	0.04500872637125071	-0.13687469152421647	-0.1394094286000793	-0.430128105892713	-0.4481061980920508	-0.7137679551304298	-0.614932696769418	-1.9747252876452324
0.7212995246194449	0.4054202740301272	-0.5568077766510829	-0.4716919995317158	-0.08696363170361218	1.3521753670858143	0.29157207170470834	1.2385993643592423	0.3364607199847471	0.7355919513615761
-2.9263262620178745	-2.27874215465073	1.2346122583414185	1.7560797838000377	-1.9077483956632106	-2.670715690268794	-1.4406773364744156	-2.3510234557372467	-2.5976930460020267	-2.466911915572796
0.90695839368893	1.797786652031684	0.09305317093027485	-0.004158178148424436	-0.07223387612997419	1.583895962045149	1.1197004032443678	0.9651120525523261	0.8448906929476154	1.3108382885835312
-0.3984584080519601	-1.7594071289569162	-0.6399685268614421	-0.32891801483178446	-0.2780999946188425	-0.474257942188317	-0.65242491228518	-0.7899890298259191	-0.45546872659903903	-0.49014523023094975
-0.1774877826154419	0.2031951008255725	-0.486603195324034	-0.5864692588799874	-0.06882696521804986	-0.4204277573418843	-0.18500983177608066	-0.5257205071954025	-0.41052586624449505	0.3050461617129564
-0.15015983909716704	-0.05883250451094078	-0.6165719038261825	-0.5707813794288517	-0.19898227163544163	-0.8273924789620501	-0.48359902893941886	-0.6496485010304953	0.22201469516147226	-0.7206991171754695
1.5613303818581936	1.8333383133098162	0.10115453030897674	0.42628318443472435	0.4423396593884151	1.2200806676333533	0.7513975826360557	0.872745793860946	2.1424723286332332	0.6524059874972795
0.5205779869033286	0.21188563180056488	-0.5983432440096169	-0.5353277709703551	-0.10018759527856515	0.7563350037500055	0.2973314322186072	1.0284085115487458	0.07938440346321954	0.5669256467243202
-2.561739027761917	-1.2429724797088488	0.889438495670713	0.5386950478047627	-0.3201735939097974	-2.5703529930713116	-2.7831829866505124	-1.5832078154954274	-1.8441762914501283	-2.3647050244503016
0.10201617864268193	-0.21960781760869913	-0.6011889898785198	-0.5816960122980712	-0.11426641072411835	-0.1684460561137496	-0.5058059298827836	0.23417610503773495	-0.05658169966619187	-0.5053312742167071
1.1455367801803726	1.8115037328946135	-0.09900067592872176	0.1511962304132957	-0.06953544441901091	0.27979827532757484	1.0890220866400457	1.713878892984698	0.8950356465994692	1.2719163353214549
-0.9610696401116535	-0.9940733153858883	-0.025022623185190385	-0.24005641646973624	-0.7227965608140171	-1.7366707037005735	-1.5920440876403232	-1.4939029409588966	-1.3042035506839988	-1.3943070177737895
-0.7546727022621106	-1.3197864538148458	-0.17429085016078316	-0.2258590264305663	-0.3330188020094429	-0.44605941640877333	-0.9360700490799805	-1.065648722387996	-0.9165579303696225	-1.3101243021231197
-0.19107154444842628	0.3971286115116323	-0.48704980707293677	-0.6003809071844616	-0.08948433541011504	-0.5937350323677256	0.690778855736965	0.4867527994180484	0.11551861243013903	0.5920732271014691
1.508537874359209	2.204605804590104	-0.46285212344134347	0.5881568090100067	-0.0011134486088626766	1.3211271877388906	1.7601980785313875	1.312437999265243	0.9212320918999812	1.5407167020515191
-0.14015279976856357	0.7553527803666885	-0.5667500386099913	-0.6108577364576294	-0.10262974338657342	1.4091934123100682	0.5518797222554405	1.2017384470311787	-0.08686416381365458	-0.35482663741181447
0.23031438167196344	-0.7768045463795574	-0.5959599051117059	-0.6363797839411959	-0.10233696637377969	-0.7238972638632867	1.0030098525198257	0.3317787878253701	0.14368318457003368	0.19392464995798134
2.7221051326581134	2.6928876436815177	1.6539644231148352	1.9873785524406236	0.5257433406949853	3.0834730642843	1.9734835397456585	2.350630868774813	2.2140878702735596	2.574073476235003
-0.22936636874763813	-0.10548636310302135	-0.6083444588831025	-0.5654142687914884	-0.10231678213979088	0.21502801772933183	0.4334570913774854	0.25483296542949113	0.09436874236040015	-0.031226310927595053
2.0744206298399503	2.3387838554651132	1.0443449152132867	1.1213094201581162	1.029521208891763	3.0916393239066067	2.9134366420189113	1.738788139915964	2.8518606730718314	2.2154905560056704
-0.009874791596778447	-0.39975798931738543	-0.6251245676926087	-0.5724888319218276	-0.13258582370353653	0.35271869184385723	0.029156355717617453	-0.12968201903667345	-0.302484867529495	0.4209389815759398
2.112409068187265	1.7735440719514062	0.9646048502945457	0.7351579268647629	0.09715335552164399	1.734755362051927	2.3095889684301483	1.28430760221749	1.9513304076610998	0.6758229839236121
1.393727406684232	1.7230115036294944	-0.2852451224558729	0.2651943538795736	0.009737488276968414	0.47812882453548866	0.8486769331453397	0.7031719666717212	1.229284016780374	1.4267556937895136
0.14515854230238834	0.14842835372544932	-0.6566104454742523	-0.566339973833595	0.004669330736378923	0.3065376463727209	-0.1618344533967568	0.025132892448071	0.32887603199166676	-0.1322177140065527
1.5366601395731494	1.2913289344797079	0.2137420848692532	0.1194666653250417	0.45805542475995653	2.2928818147971244	1.0274879615692856	1.4909603469637627	1.561527822736685	1.8138775038649642
-0.11057232096548346	-0.583720928107574	-0.5902298399089551	-0.551316379421534	-0.10340932891652074	0.01927116173472961	-0.5099856298061215	0.054288130574462114	-0.39114944740526175	1.1040449642857235
-1.6920848730172442	-0.7023716713582535	-0.18632084240274943	-0.15861068834312764	-0.3040426861698638	-2.1207170088144993	-1.2644080380563627	-1.921922253519933	-0.9767371383647759	-0.8245108907124391
-0.7055992078597312	-1.0843580601987706	-0.2951272865500594	-0.3065311119943625	-0.179937385990499	-0.6236113641980277	0.5907185369160145	-0.8906553926969399	-1.284007880423642	-0.9613963856218173
0.3853576458773045	0.3923661426841583	-0.2588631834573359	-0.5210377289095605	0.5396899006255095	0.4412956773988129	0.4610749169584837	0.5944254929599337	0.5589213602578675	-0.10118589877896768
-3.008046852201365	-2.6750842432820283	-0.062477226346853564	2.2377111901884543	-1.488773673497016	-2.6722149873578895	-2.6816652993446373	-2.3158051672288944	-1.4568626205604538	-1.814247358021875
0.052220539419827516	-0.6582576106742104	-0.523055557626968	-0.585878737484082	-0.1025843334390893	0.35714179900948123	-0.0683917584928601	-0.5860350535257294	0.044200085378773166	0.14226859895390714
0.8574517289523034	0.5525498094768646	-0.5553873839358827	-0.40832565961593	-0.10002519184808532	-0.2081250884209179	0.8684481924258559	1.414916087368232	0.5522561951232136	1.1902135922571682
1.551945747490062	2.1769468896363677	0.345861572540489	0.6065956138286022	0.0222385199692709	1.6482640944517315	1.5849786731764723	1.5304404679285928	1.0515898048670727	1.0517342409031247
-1.0015743608376821	-0.5290031323846658	0.20435902079890558	-0.3887411331665698	-0.14643731678318406	-0.983332082322638	-1.4706438934994333	-1.3926332209154972	-1.4011781270286785	-1.0730867262859234
2.5887237840896953	2.037708551538698	0.39815348822590496	1.2692622761720311	0.19252149034528462	1.669077678412838	1.8680692145608413	1.9886168964117783	1.6825534143708802	1.196223782565164
-1.0397350048378466	0.005674258752241074	-0.378705559151257	-0.5759295044740981	-0.0930565987965875	-0.4547987942450552	-1.5920152104653587	-0.9119233230753765	-1.332800935889739	-1.4936964770435628
-2.1568652785231586	-1.6748706754622806	-0.006935915736424683	0.6883446742324115	-0.7215165322813861	-1.641475999360855	-0.7140817878763988	-1.9184262423642515	-1.315777110373159	-1.5819458374240567
0.8317046347480905	0.2713469816814945	0.9849449607186067	-0.4950143569981955	-0.002988785659159638	1.428452901307985	0.8730182790461217	1.5691000307064722	1.2651569176977475	0.9855613971432466
1.7996336697363224	2.0255425355988477	1.3254253647171168	0.6997926067203675	1.4121864225192555	2.5867404852528635	2.49928656633289	2.1621392815976437	1.3769140781044662	1.9274739911817513
1.5272622982874096	1.0055705307732807	0.5132692138017598	-0.037263446403160386	0.10799087372494996	0.4562909640494453	1.108241177940714	-0.12436121984498284	1.531979630185352	0.9076022348690616
0.3043129635473581	0.12271440972374796	-0.5442591450036293	-0.5608201044690022	-0.12903153736618292	0.8296145816648762	-0.22995695197547786	-0.58549076671163	0.3241213929767309	0.013398133231695655
-1.1618190715517545	-2.247321915152735	-0.5883178912245894	0.3384201039345964	-0.40528225869061335	-1.2925854142986277	-1.411587957935802	-1.6071277647669795	-1.7037643360027315	-1.8359608771804625
-0.8895154048915894	-0.6889551922993589	-0.5914968214933072	-0.3597404753162508	-0.1152361076405738	-0.04849197049194911	-0.5075420960011027	-0.2958320210022726	0.849063661752663	-0.2611537789528386
-0.3732895932299636	-0.3058206176434741	-0.6503283675544673	-0.5339802378728374	-0.10067529290250472	-0.5242183340935092	-0.09405261058601797	-1.2439575625066506	-0.1447083626682742	-0.6076622855791034
-0.9343969956001928	-0.8587357414116881	-0.6546540723496214	-0.2935060494903774	-0.10766061115301255	0.15132353041651464	0.2914262831413836	-0.20024350800506657	0.3583042752040796	0.06309214218482605
-1.7589150470712527	-0.4362721819028975	0.24951834326982186	-0.3057472174287984	-0.39611960293686205	-1.6632280078968462	-0.8483583863982972	-1.1157019395144023	-0.5894504778131586	-1.1346176356423296
1.1920226721224245	0.42916429446625165	-0.5778960137031229	-0.39512209653095465	-0.07229235573508729	1.0526927542473048	-0.28342438008772897	-0.006193757861832286	0.3991280714472043	0.2866710665867107
-0.5146337733450334	0.3631608001986108	-0.5987499921196677	-0.6391699711132814	-0.10258329153801048	0.33938402664250594	-0.4026956373528992	0.24945447107596877	0.46490505672599525	-0.453323479083835
-1.6278820049013152	-1.0287278731370524	0.38932602859861026	0.011260999313941698	-0.3118953786686171	-1.5705415984549027	-1.7429311271304349	-0.48717347349672585	-1.7465669245056645	-1.7035010462502782
-0.46676408824392074	-1.075943150703033	-0.6588957174168576	-0.3983932007331751	-0.10323350179522264	-0.9371393532653759	-0.01415843351683187	-0.7035352926035999	-0.611412641868074	-0.7381591762141082
-0.24264926928646127	0.06567743755167156	-0.6546057705116319	-0.5794364256570455	-0.07766496439897803	-0.4249412518673653	-0.5447679718897488	-0.3159707115020173	0.5903920401729639	-0.0799206645944896
0.1930402497770863	0.6588482643069081	-0.659542943212241	-0.5294293934290478	-0.10258146566981721	0.44881089620486997	-0.08531493508881356	0.772422056882667	0.4067703958934575	-0.04093491975015571
-2.6926688944151307	-2.38972388228029	1.6794181067052567	1.6744561911963192	-1.2591238654036496	-2.66066718011906	-2.6071407648994365	-2.1520839689891957	-3.1893516533129103	-2.718280117585073
0.21578901653851126	0.2633145357615415	-0.6279980493159016	-0.5540148266256902	-0.10253353359188062	-0.23411851132478556	0.12728905026988374	-0.30026755244513753	-1.0400976203844678	0.09139998365200083
0.8056615300269999	0.6304527400654077	0.5013622572146077	-0.39639464452270545	-0.0039251759862545055	1.6097101986315943	1.6004446510534585	0.9278919459731484	1.1074504017787947	0.9807894912064477
0.7258495862345017	0.9839182183149283	-0.03360781455210528	-0.3243317099063149	0.2003794149522778	1.3600750695681203	0.5590878290646951	0.8741034909964819	1.419651376457943	1.4576268561596961
-0.3266318070074393	0.6536122181310542	-0.326210311535406	-0.6484626331765587	-0.08728003293319338	0.3281694187797801	-0.13482312045916459	0.7826023131446821	0.3063935363743965	0.671628421400412
-0.5073751016500995	-0.07690175320392516	0.5930649417651822	-0.5602350446894556	-0.2652516170146378	-0.8598903185253054	-0.5434156993505581	-0.10222322214623875	-1.1434878468336795	-1.0473938789296595
0.05102633209301526	-0.3532997110108967	-0.44874495383178825	-0.5801670322532109	-0.1104894215949775	-1.4410815570910658	0.026650182832140802	-0.05979243409829897	-0.848793216791912	-0.4167899322678924
0.5291705898682174	0.6722534690846123	-0.6231022502395709	-0.44957215017560964	-0.06834573224025618	0.00040341286857178954	0.5260252716719219	0.712997345567037	0.04029314277523352	0.7395311765152115
-1.9146641391481958	-1.9201195622401737	0.38073748246721256	0.7106763845278503	-0.15574745982686553	-1.7127185675416254	-1.3627056144872505	-1.3663357406806114	-1.0697896896107146	-1.695037601276287
-0.1484184408902851	0.029168901156951418	-0.44767285873591367	-0.57538075707618	-0.09486510124348299	0.37409971609919246	0.2652174645877172	0.6119488234939214	0.3709941381027012	0.9093635493169931
1.7891133259337495	1.070145403999709	0.41377631884081484	0.09510539285313113	-0.058713000980743016	1.6709418886402914	1.500764830387474	0.4655376092930906	2.1011911588553382	1.2777904016868997
-1.1463559280343145	-0.3375615466113264	-0.20582774738686765	-0.4386606320732429	-0.19304367508438403	-0.7039016175395291	-1.3061613295111782	-0.5724452819594417	-0.5558152831298986	-0.23900735101665666
-3.0501276852987127	-2.9783073616073774	1.3256208044419544	2.6001968658026757	-1.5534457661506071	-2.7789498602035976	-3.040235727794873	-2.49692985399778	-3.232265033888106	-3.044586208850854
1.656833204690443	2.637465467838208	1.2920612441340038	0.9529730140998566	0.32901324385618397	1.4912656052371207	1.6016503091600345	1.523405690329453	1.6233957333770663	1.9241632056932212
1.0685131943423183	1.4451245438565885	0.39394958148718057	-0.03434079009219708	0.07933867473611783	0.9557195069956477	1.060521627599577	1.2761796479585206	0.70305899857093	0.9345843678730779
-0.5256937016893355	-0.7387545828942994	-0.6592926232508176	-0.4381739288668709	-0.12417269658451698	0.12325287401930535	-0.6491731695550865	-0.8501324328743868	-0.11130947104497278	-0.5855726246123006
1.5467240076022544	1.5812861770282667	0.23389713909235946	0.28070963142418404	0.15753644500054978	1.5991693457977076	1.4650474349204803	1.0773563774108124	0.7571984790199814	1.0007950445498361
-0.003033893709088339	0.2169042934537985	-0.6526359450362172	-0.5740980454847464	0.10949910269444171	0.4075241984435523	-0.015940709313480045	0.26933403357882324	-0.250977651983014	-0.6147924988689017
5.164723835069849	5.346565517497909	9.982877437650476	9.074420261295945	11.968468945553463	4.752963853306391	4.644179537033076	5.9749015534273715	5.160779972691719	4.814123443259139
0.0013134690447151563	-1.2312635176373712	-0.2627802673082814	-0.5744331808180962	-0.10313068810189248	0.3087505634504121	-1.133672492903257	0.7655660126957792	-0.47275852488280296	-0.7259616385451059
-0.5219787083681758	-0.3078737389516356	-0.5591881031766062	-0.51771760390831	-0.08557910990921862	-0.04090544990461598	0.5766348923662606	0.32855534668815345	-0.32314881711272314	-0.20250610177665138
-0.3154928398761672	-0.7257445558307861	-0.6093365940223875	-0.4938659807506715	-0.10232789272063882	-0.4564073639500782	-0.46920933166269	-0.3589672073020556	-0.3899867366068078	-0.6386567724708341
-1.1174857844569503	0.041552064493504834	-0.6041180579664946	-0.5900922999518586	-0.14118185656735446	-0.17492012947340588	0.08525380911710503	-0.4668057246298546	-0.3648110744588481	-0.0555144626655213
0.14796195208232926	0.0771406586664903	-0.5398031622010571	-0.5698800549695121	-0.09660437034107047	1.6322039169706937	-0.020988318098063573	0.5029207069534164	-0.47808928454733074	0.20109568023700922
-0.8872845843093835	-0.6625863292971897	0.24754823025587183	-0.3684523903931906	-0.642977262951488	-2.0866550378275623	-1.253385619740747	-1.8040790712608192	-2.2427437158401857	-1.6622164375349389
1.9092695494568943	1.1118446696830742	-0.480629474921395	0.16785129276329128	0.19810558830958602	1.3137068466830166	2.017283504333274	1.3616981824677463	0.7923784488958528	-0.4870827492271413
0.06396474810053678	0.4167853366920311	-0.6112524386508851	-0.564553146100035	-0.10106255129122133	1.1587072871426436	0.7956476970061818	-0.8641052635076325	-0.1717379007292808	0.1942565785735286
2.0876882406486077	2.0545152949071963	-0.027458474641875806	0.9247925272467926	-0.0707934043451195	2.308771895421713	1.6351082777530679	2.2965388911458806	2.52246902533532	2.304227471228381
-0.02008356614193375	-1.186930137682977	-0.028557157125385948	-0.5655390879425393	-0.12385704051047777	-0.4003603277581034	-1.209590990314811	-1.5258728319408035	-1.0995110060321256	-0.20552040656147263
0.8318741670415866	1.0162733906113766	-0.419528637513086	-0.2784776510630496	0.07961434228023596	0.49166646176579865	0.14776068576052012	0.8482166884170703	0.645689069210685	0.9814546311826091
4.070329607381471	4.171522574568731	6.073239939989204	5.358832808452801	6.089133047083228	4.624246840781475	3.912284354109632	3.7219392432076863	3.080150129187643	3.9395487939988234
-1.2364787103348718	-1.4206329131366915	0.044016030116521485	0.0398893588332241	-0.10864318407526684	-0.8528210880797679	-1.4642422784666682	-2.071634289625194	-1.96435130302674	-0.9754029211648948
1.474127938615796	1.7870578976287153	1.0118748972492597	0.3465858625955663	0.7499771363227575	1.907358710917998	1.6753564418389844	1.4537944443088182	0.7101460270855985	1.2253507026063892
0.0321377118349183	0.3858486055081216	-0.5244505806082428	-0.5695353994480669	0.12254907585717531	0.5203514026051473	0.11486696937963546	0.5536043331386615	0.10178507963541755	1.3691594070146453
-1.6582439790958419	-0.9881993469596867	-0.6309897404212033	-0.001307764515106991	-0.46076464254387267	-1.5230676727468186	-1.3776473782871932	-1.37031892996714	-1.3330461011764432	-1.0056382433249136
-0.2062683692407301	-1.3535107236292663	-0.11276000515459485	-0.47631916145222053	-0.13936980135540117	-0.7841637346251273	-0.8130080353011466	-0.6130459889756621	-1.4445528133381231	-1.0887502480099427
0.8954136051687488	-0.6321985733939476	-0.47749304672823234	-0.7716586378091491	-0.15246258024849194	-0.8883520570859922	-0.5221863309722029	-0.35228456025748617	-0.357754834393561	-0.5370986351103765
-1.3906721485134832	-0.6373355405537755	-0.5645811000297818	-0.26418240015442623	-0.5082308010796782	-0.6730523975802014	-0.9796778193801337	-1.0928708227293933	-1.2682886388067764	-1.282592565299989
-1.5826137591707792	-1.380441780012958	0.4349158634403137	0.18947766769154217	-0.15551822625242148	-2.062597825876521	-1.6047246872526442	-1.5980394694280107	-2.0851272379990813	-1.8359226993420834
-0.9622098849633451	-0.4668482278724776	0.6114337309469238	-0.416913602110843	-0.21579448977847562	-1.686275062402785	-0.8605660742502561	-1.1495485172631505	-1.1280815804205957	-1.9487147593483631
-1.8434000764867748	-1.3339001428651411	1.8838233499837576	0.28528624546380277	-0.8025830246232383	-2.3520950281034323	-2.132431198735536	-2.1988508458716765	-1.820213362967187	-2.8652652459210963
-1.5588948381870131	-1.050282129771656	-0.4030147475108412	-0.0017956120953880356	-0.26557694936342974	-0.8705278826851819	-2.0961180564287343	-1.9887158152137552	-1.169769709125872	-0.9562559666023577
-1.312375390947548	-1.6974630102050514	0.8858003029838513	0.2045029366239413	-0.7103698831448755	-1.262771144670481	-2.0783566471836163	-2.203032741632189	-1.3569569013006224	-2.007170118913468
0.5407780652052158	0.8094691198219586	-0.5309070455208904	-0.420918766315002	-0.103323208120595	0.5527906008349255	0.2008408849158058	-0.5238819411792315	0.19370695286680847	0.2896295265169306
0.6775091867354397	0.2908070280788919	-0.35839110866362894	-0.5050269255323048	-0.10195492888662047	0.3266981712985881	0.522916954804696	-0.29728800969756114	-0.23518822636507755	-0.9159555672463082
1.8120196360777248	0.7636429608863926	-0.2422270674584872	-0.09038475576700147	0.3612594398236744	1.4007715950841952	1.4800605364811803	1.2046161043753025	1.3217160615850998	1.1605228250337298
2.0366119409266146	0.750524436284565	0.5480306223910397	-0.03979415783952529	0.3551723853631353	-0.22665274933483123	1.320337747466618	1.762653783958912	1.3600765812814222	1.096321226499885
-0.38154724266073137	-0.6843827959342462	0.24693924590846913	-0.4826301306987413	-0.2571786439403612	-2.3142543778766056	-0.5298505240036048	-1.82428226079533	-0.6021638362478529	-0.8487258585314152
-0.5443522503633054	-0.5845979184876574	-0.43612768710979843	-0.462678157018139	-0.690312658778821	-0.7622305492150846	-1.589013054227725	-1.587287824601218	-0.7266664728513954	-0.535714244256136
0.2647531108736026	-0.3072916512265933	-0.5950875421141547	-0.6022944002236452	-0.10261649891936733	0.20508618036935752	-0.12170365118304129	-0.10539839219463368	0.37217473639332144	-0.002768568715818427
2.137951663046329	1.5506821452351154	0.26465251951488694	0.584506273489117	0.3083335408173307	1.3670966191130847	1.9280847170178557	1.6743395162847476	1.4847220577214082	1.4861177802394825
2.4263094636624887	2.3725797789721716	2.09131379870775	1.4375172931844324	0.33624871457108846	2.3425001732272324	2.61028385501382	2.2389659791025	2.7591935053347325	3.2602485551608695
0.07752463385737658	0.43235926716009043	-0.5959416268056215	-0.5621566080971465	-0.11260136521814053	0.34043043585640853	-0.17860055492760793	1.0537614453160011	-0.863037871111278	0.8498781613708307
-1.0707079505433656	-1.4632592299471276	-0.28667602978687307	-0.026448218530963782	-0.13170776809741194	-0.2659062209576686	-0.6962436128408777	-0.475416685044126	-0.9940748958569132	-0.21518500911940236
-0.7307887550532122	-0.005213813479618504	-0.646609388945356	-0.5725368158177747	-0.2308470427658249	-1.1763376037860056	-0.6697842384856212	-1.1604579073476724	-1.389030735112842	-1.0887632237565217
-0.038904234600555955	0.11220025403156778	-0.5487483131892809	-0.5753932874745443	-0.10067990347168436	0.6573999274838538	-0.04396884857024077	0.3867846352888607	1.3484292639840918	0.5443952403691572
-0.2490161994324986	0.4224420978020025	-0.6527061901768831	-0.6106236770309404	-0.10255915935050362	0.40776948960023474	0.9879041463992153	-0.24603362573272072	-0.4622360748173448	0.11854707216549368
0.2615542633002233	0.8264667569519146	-0.4673526007082414	-0.49833881286641896	-0.09871044348785894	0.6358625035184199	1.2061802852450052	-0.22161364026393288	0.5519465475262403	0.5880037388667935
-0.8877698681749675	-1.440945619537857	-0.5798550076763929	-0.12690028123703823	-0.18710449599609727	-1.4196271052436844	-1.1940673370498398	0.01764879637636887	0.014837877270419601	-1.8139818703075088
-3.19271291284104	-1.8267628557465487	0.8726999280956279	1.4639729963474561	-1.4754000497744513	-2.0965157437093866	-2.0136402952899886	-1.4862427925694797	-3.2130779434929124	-2.6488848988442637
0.3915755926715787	0.3340797425045386	-0.040455724986583244	-0.5281599237713861	-0.07195470991209456	0.8239243893294138	0.575245604048326	0.8312972272588272	1.5200776977092723	0.42977152017387105
0.2321866496201033	0.12295822856537252	-0.425492304239345	-0.5638928802172558	-0.09785844606918324	0.2072286561869075	0.3276994102290929	-0.9486244197246864	0.43290959008859076	1.1010904337409213
-0.28409269866744996	0.5466863563153022	-0.4146523513146117	-0.6281339618604732	0.004375972420385662	-0.29894345659419047	0.6837963542786301	0.418165655662683	-0.1413442947450311	-0.25761884360064313
-1.4366093248050265	-1.0180617140730293	-0.2857319844991372	-0.06284438824190883	-0.1766982576362094	-0.35561202817658305	-1.5532301000842852	-0.6994980856768614	-0.9749544956859532	-1.3272561008647965
1.6892502550096447	1.6902107125200068	1.881139444119727	0.4237472317146347	-0.07058931551484864	1.8666676092418582	1.7491731011824059	1.4628220201999282	2.6349910129647482	0.9684405452269087
-1.8018525044262372	-0.5755587000213868	0.24340799202145236	-0.21151071135972738	-0.48956113607613816	-1.3776969085607398	-1.335538540284158	-0.31503658548113633	-0.6582475064412875	-1.174713223873349
-2.713248423682478	-2.250136050571028	0.6195854358196496	1.5593075244964467	-0.8377066091024211	-2.562475743468167	-2.7645044950966957	-2.0537571648423993	-2.6700626477551173	-2.959462134448971
-0.6842336060482674	-1.003931781570712	-0.12377750180923777	-0.33385394513641314	-0.10296974456997743	-0.8914011275122101	0.2518701141700273	-1.6243757378939119	-1.6634725741787606	-0.9434910750008286
-0.5492667101568277	-0.6390105194837067	-0.6076073350698923	-0.4512316666335034	-0.1005561995555928	-0.7898685943853309	0.04781457776377691	0.07621575590462554	0.0025652913105706525	0.1319095619405307
-1.7425655208614677	-1.9883336993389025	0.8232363130599492	0.6367486064212402	-1.059995489115619	-2.165609140554486	-1.3027442478628395	-2.2747162056030605	-1.908685133051426	-2.1257181761040584
-0.1267039433203733	-0.33535715217953144	-0.43426144137458234	-0.559021549923152	-0.10258934711550662	-0.9343407812199185	-0.10428826414408846	-0.07105921534250245	-0.017116439934948578	-0.035170913121261374
0.6109074535541984	1.510347907950964	-0.6017769495251775	-0.2514787545351313	-0.039568587269986716	1.082752824186251	0.7875911484161517	0.6078696444706068	0.3622903892282626	1.0008099287751777
0.3170090846916633	0.7562006048540518	-0.6577572399814962	-0.49010804964316435	-0.10017111301138049	0.5873465963853507	0.3473738347307807	0.4338799442574961	0.60457699286964	0.14358744881589677
0.32190336622744903	0.19121129399846415	-0.5975460656463881	-0.5523617337907646	-0.10258926860879149	0.13182408337864002	0.9079504673813759	0.25893253843937253	-0.4219892051102121	0.32331420428596896
-0.7069252332292598	-0.9576990511694938	-0.06529493847376139	-0.3373138299421377	-0.48484572478702953	-0.9213674198313071	-1.7881063244090125	-1.3359621706588753	-1.3615497287856482	-1.9640659677616807
-0.5653243797511355	-0.49681404994238804	-0.6578933640083735	-0.4757340332709884	-0.11699386872137123	-0.5470059414861697	0.25208843754733745	-0.010425479711601637	0.002811665045350128	0.2723526068003736
1.691540834966593	2.004519348301208	0.5501901107810835	0.6108663354792603	-0.08088743515012015	1.378413806497107	1.490574709784992	0.5476870262907586	0.20407917968374506	1.5906314870607186
-0.8160546738550578	-0.16588438498409752	-0.0037900964115691656	-0.5265689969442603	-0.18640247047393088	0.29240483715453597	-1.9297631204993837	-0.12081105746398568	-1.0995503309523562	-0.7315058229379156
0.7688607188291443	0.668880566890275	-0.4787771095056435	-0.39417785775329367	0.33021592153858637	0.9225570624911104	0.6840339741812157	1.9844890345747603	0.7605149669880698	1.4607785788431669
-1.0359022172550914	-0.6993765515491557	-0.3510730686766497	-0.32072966967979855	-0.29035673324773625	-1.4425107630182679	-1.7299743499265534	-0.9935303274758341	-0.18504570479347796	-0.7077216662155001
1.7180622646987571	2.0061262230870867	-0.29871763059642353	0.6304062238646165	0.4076252237803964	2.3195592461601624	0.7035414445289707	1.5053846179523014	2.1811304367009448	1.6657240990604865
1.0941242286679371	2.195328061117511	0.15686173827457817	0.26538766772905403	0.13608208112520828	2.0841632238603753	0.7911517600959528	1.4022473625040492	1.2304249167149672	1.2234395845783446
-0.48609311494839547	-0.7998848551747056	-0.5205345480742193	-0.4380132414752976	-0.2479737979939749	-0.4864885975290213	-0.21136957787146646	0.2282299952981863	-0.18003198804418882	0.13670278695439803
-1.695953642482761	-0.41835962219173983	-0.18211250054734934	-0.32595927248064116	-0.10726162333624877	-0.47889768118267095	-0.5374728487112171	-1.1120827799635522	-0.5228766943672283	-0.3191378918676989
0.6687176764261357	0.9133780350395564	-0.19405460092806145	-0.36045473446780313	-0.06096271638421047	0.9118406036682933	0.5323973518017103	-0.1547560002979767	0.24316053335569515	1.0878062848876953
1.3003273029187452	0.6968398487058912	-0.2973860769969722	-0.25726590813382294	-0.10278940041758915	0.573902719724304	-0.49234356609759206	0.33329218205712885	1.2167230828897666	0.5447913497229707
-0.7033845117521861	0.5799650031467614	-0.6540720847969947	-0.7164035569733835	-0.10266633196914968	-0.9740710112304817	-0.4929241960169325	-0.1455953057773398	0.032761698060470495	-0.1464643345223001
-2.2774425306795623	-1.4423113525935927	0.4794548038483071	0.5738486538402943	-0.6494652506499905	-1.301944066855018	-0.9929150739293658	-2.2398670786244606	-1.9758119582289313	-1.5148052902808247
1.6529869565969058	1.6935416172413644	-0.1804903845729264	0.40425512667210073	-0.016063191114724394	0.9055121595115554	1.723935523409162	0.9861781887237817	1.046029343222094	1.6125088626637334
1.1722247418955245	2.5957522739712116	-0.36365714152385126	0.48930113051747276	-0.07875111270153391	0.9987215982721774	1.5668865125965983	1.1951790732789234	0.6264343220750531	1.291692300170284
0.3849753239173804	-0.061005122252530276	-0.3827044523882677	-0.5820740385507029	-0.1031648646627597	0.4833885209795506	-0.6350909725166524	0.7467865169176183	0.5981908409862362	-0.48309554920304976
0.7658971224042429	1.2381481873411324	0.08150812383054579	-0.24253004175323242	0.11502736257805946	1.1044158911368342	1.135857035482156	0.06061383441506343	1.4496677531617126	0.6464108904113157
-0.240640233497988	0.15500284267738093	-0.6581728226099329	-0.5869008683907554	-0.09741228247708612	0.5010338989414703	-0.516618709996493	-0.5271896557589543	-0.7537349189765676	-0.5378337119432333
0.4583081163020908	0.4629918164473095	-0.17169530462036883	-0.49972699503171075	-0.10248105400054784	0.5547969956382326	0.3108874529340883	0.04709644220827259	0.08533288572714606	0.15635667846890416
-0.9056764706994133	-1.513825614992861	-0.3807355585139665	-0.0948221207756763	-0.12351987262360728	-0.252851483970351	-1.4463814398857857	-1.421302833886654	-0.33496063796037484	-1.0957254062705954
1.663903890403232	2.1977292936356947	1.6503048901371147	0.7038372326529954	0.16402269355119592	1.9308092097225225	1.8680971540111158	2.7127282976135785	1.8048453293695794	1.0963508168863227
1.230534976345156	0.10750440140191107	-0.5734808624291807	-0.5276461411783596	-0.10131896989133138	0.660431830780256	0.5884677903204093	1.0511482178630924	0.3487203484548325	0.23968493375350294
0.4120444928403893	-0.1326207428179137	-0.6491117777042261	-0.5929615402617384	-0.023574141705825714	0.6771307417003078	-0.32047189446805363	-1.1088437684081127	0.9210962311676599	-0.4723053929215656
0.2419415429031116	-0.4475699839415952	-0.23680210131223683	-0.6117036322742996	-0.10501249939960358	-0.26090937428335426	-0.260384728679108	0.7905560195892372	-0.206133055104562	-0.1534570397785227
-0.5176689619986011	0.2774586410730431	-0.6338913334815187	-0.6240536616127598	-0.10275334648032058	-0.27837679660195846	-0.8735780623095369	-1.2337048552368928	-0.4773620940261543	-0.3971421634418136
2.602265187274348	2.1209116110843733	1.0005974942466171	1.3545553168332112	3.6955855564855944	2.6971347466598585	2.9877965873234515	2.707202481956621	2.773586621336755	2.524081324865688
1.9840607445498073	1.6305541235167953	0.3256490929983277	0.5564962606575811	0.5174144948107001	0.8046485265134107	1.2010721864479756	1.8325747347285044	2.784409910874602	2.42719158106614
1.7015026421419466	0.6327489448454925	-0.05060278152294998	-0.19769103077188044	0.00657654113208575	1.2513646534478806	1.0447385625942756	1.478170434937295	0.9401390497682466	1.0181379437689693
-0.6169628580176838	0.3079827310035642	-0.41873054999285575	-0.6402597957031656	-0.10186207073748763	-0.9146448995227409	-0.361192548953345	-0.32294913475025094	-0.7547927519267742	-1.040375032891617
1.098437903031342	1.3756942690910887	-0.55164072250941	-0.045878091052645044	-0.027585728383173698	1.062273552652133	2.2942113869420404	1.696309467716878	1.581619961190415	0.9083319623384917
0.5894964993912621	0.25032330539966063	-0.43586557564467476	-0.5223083659808146	-0.10348244022868187	0.04977350141315239	0.10130240966194548	-0.5870177797191622	0.5036214582095749	-0.1390801331124789
0.947536302895036	0.1487196025344716	-0.05139803533868802	-0.5246310277105735	-0.06686704060820363	0.7454537723833973	0.03576620244554838	0.5728061376767383	0.16780860444332443	0.3317677111130507
0.3265228860657104	0.5703520558416942	-0.6065200001683454	-0.5087974991712865	-0.1985406274989942	0.24012024401626908	0.9450275317364831	0.0034906682430721403	0.2237885417053893	-0.08047743130927248
-0.002673087087481831	-0.03356240094722227	-0.6550503305776278	-0.5738367679901742	-0.10296157663787132	0.2761029062603129	0.007729974705239118	0.27338390628378995	0.3725274597597652	-0.3854263563134085
0.4272582046508521	0.8333695875413457	-0.5301342842156127	-0.4494578149447873	-0.09787943530272625	0.4024322362746576	0.8882566217151077	0.831418687157643	0.6871078228881581	0.5289701587795204
-0.302611959226816	-1.3805401546280835	-0.22363718676069338	-0.42789818184422895	-0.2638727102728542	-0.6651448706708504	-0.3250862460477423	-0.38074163209961576	-0.8800334303215821	-0.5816757644667312
-1.8176914213256974	-0.5176053995781775	-0.14898132405393752	-0.24513213940227416	-0.23744640327841238	-0.24132862670347918	-1.4714498863229701	-0.7616247388619523	-1.4447258286353073	-0.266377594931213
-3.075888926615659	-2.9296709696892846	2.93571198391407	2.5747339400206637	-2.176112480218221	-2.7727865747323954	-2.9803170178599436	-2.4509584654472163	-2.5046450635058237	-2.9081230323040907
2.2733554974204644	1.0858172776061514	0.06770844551259517	0.28861853264441106	-0.08426271676855913	1.4216858412648241	0.8083005273503536	0.7928403851421418	1.2897376580336029	1.925594896276089
-0.30035537115486566	0.06459346734027314	-0.6405954979669184	-0.5806469064175069	-0.10168299277148173	1.1824516061619221	0.41614728087075176	0.11132586398919184	1.1026136442671453	0.623978572670637
0.7201337480692717	0.16135671736360885	0.11598878670421217	-0.5332678850189722	-0.09615657165342807	-0.19915476421902098	-0.07990324820426774	0.5695335156365751	0.9092353720153754	0.12751963679646927
0.2252514718170064	-0.5844077586058585	-0.6371424202129178	-0.6198632489024772	-0.07864950130867492	-0.16329285631692017	-0.5830369469037123	-0.14893440712786707	-0.2288309111977896	0.37892581149638893
-0.43810697016194144	0.31879948380274287	-0.6556589907909164	-0.6226688147611058	-0.02122515914118012	1.0858084675692095	0.27100733907795604	0.8189205402411112	-0.26933820305888656	1.2796132982503625
-0.5047845112047648	0.550296354790772	-0.1706591531441084	-0.6709260248095008	-0.08834660290496596	-0.15526072690780945	0.8887427683750245	-0.022631605306054077	0.21180588284174695	0.06288697819473532
0.18335637237727034	0.3191128772322464	-0.5538764381860264	-0.5534239857139718	-0.06614542312922568	0.5038786219113678	0.5768346389804123	0.16789178740742847	1.2482583486382102	0.3128538557251797
-0.07712730288650274	0.8687619731416552	-0.45645687658214873	-0.5972800453562012	-0.051389945257423596	0.42253394460645105	0.20323232660491816	0.9977119825867978	0.731782144077705	-0.27998722319531355
-1.2635427852351087	-1.0435287039938241	0.3765193439256156	-0.11316342833421389	-0.21549306267012744	-0.20431964767054228	-0.41954690976265413	-1.8588462593915365	-0.7488549959862367	-0.5728464535198893
-2.3783224354967936	-2.2089928961142427	0.8448147715343369	1.2617964743584142	-0.9295989634594757	-1.7399921980496806	-1.887115121364627	-2.119221273080456	-3.1591844466097863	-2.8857261429556984
1.1522782168084724	1.613585046154235	0.19303917452413197	0.07577896488078027	-0.09532224630323063	1.1892748386103318	1.9054304208931971	1.8717859478403125	0.9767525045115688	1.5526523012103512
1.2132190681757524	1.3626966327482233	-0.5474989235929731	0.003784426796963879	-0.07567303467075194	1.423131584149208	1.1055295018676257	0.6045120008252705	0.7494488152435614	0.6883501090136313
-0.5140299289876618	-0.5712722033001244	-0.18142188165423273	-0.4712651814740742	-0.135753689884865	-0.4349717658360225	-1.0099884654525235	-0.5350672820414839	-1.0645333596720044	-0.48086332978557295
-0.4660079427369236	0.4354691424127227	-0.44183579085352587	-0.6447734613238255	-0.11659868335373798	-0.3919947053445737	-0.1489074880666976	-0.7404991089840878	0.006844508558225314	0.3617767378503228
1.821695620222121	2.0279901860271625	0.8046102773416871	0.7169645341922177	0.33764578922205823	2.741131091402902	2.0695989919498277	2.5369062029448974	1.9627876977916563	1.7134571138874324
1.4642593067495775	-0.0823314823450732	-0.6336433051064515	-0.6159904274118378	-0.08413335333123062	0.5109349576522394	1.0669023347315767	0.03842377356127527	0.6613531334897831	0.6137794066821135
3.1674061313318984	4.60192917522194	3.9374472729074697	4.519111781397288	5.229337095680996	2.5895980638589307	3.8710551200600576	3.2170238410549357	3.94920323493771	3.1131240440884542
-1.2759102729875427	-0.6215785900585739	-0.07974020883879746	-0.29676305275973963	-0.10306174670670966	-0.3686455589944848	-0.11808127251256231	-0.7859458621141838	-0.38369425607054886	0.02323671412501199
0.6579277907887309	-0.23544400167203358	-0.6521633122449272	-0.6279926451353636	-0.10395621400380019	-0.09000566869124423	0.3152356593952268	0.37552602285331765	0.04685529010039442	-0.00304014067029435
0.3045990542419249	0.17940536039549135	-0.6091129012422336	-0.5547743203845714	-0.10250042328971305	0.36976037507605086	0.45677955184892044	0.2534455390672363	-0.30431397055544684	0.8151789143507184
2.674374162668371	0.6996441238117904	2.12267673891371	-0.12914520226186837	2.2535643205303675	-0.8042208635079626	2.5066385318970337	2.7237399910576663	3.108497234438535	2.5112889367902533
1.3026992423784463	0.8078318863221565	1.8028005961955773	1.0872264708421782	1.300798880886496	1.229292379778876	1.287418434337632	1.8219279798156545	1.455320485771657	1.1001958856496952
1.3058767362996764	0.9855568430751512	1.5491867716827987	-0.23511365620376945	1.5104536262476458	0.9624470259385739	1.6682816857658451	2.4334924909316733	2.0917143071151623	1.6744369024784385
2.018761760777364	0.994532900839893	2.189682577402485	-0.6024910519974372	2.445660031459599	-0.3712153742615495	1.641806674902252	2.154382251681497	2.0516735118071714	2.0094012977634477
2.287541782389681	0.944076728796223	1.858950851036643	0.7950253875277004	2.38896006157983	-0.571637332953487	1.2112958348415206	1.567868195345636	1.2292562126588145	1.469069518409103
1.7590860420917322	0.9983550658984973	1.267253738632935	0.4253010735347726	1.3931803412914112	0.7775159346666837	1.6538640848795554	1.77940872502421	0.9877311332915881	1.5473100624596352
0.7672614676224181	-0.04035955904849	0.6765262996669537	1.6011216707728404	0.6414644914640011	0.9964126448604556	0.012654502725240269	0.6389797050392145	0.8138663300542732	0.07495996999460641
1.7517332918199442	0.9999794223436691	1.255729161468972	0.0756329380181643	1.9163028309739867	1.1142652817791192	1.3508794163069677	1.7070198510635186	1.05303115970473	1.9112416442727513
2.361473671258893	0.5252578558201417	2.5250351940982707	-1.1215722334862621	3.156655385176383	-0.5557043216584255	3.3767518191877546	2.376629407971068	2.8949898515337145	2.981885567671047
0.7926315054587325	0.929856798855953	1.0262906904799383	0.8970938603206	1.2856888058905853	1.3091121168148936	0.9863105545842554	1.1303877975791035	0.9283473028612883	1.3520018032215848
1.611242836056023	0.9986635895195392	1.7763141928111534	0.4163484937270874	2.098796469806065	0.7176262719779847	1.786777402492267	2.4217594639810347	1.3650804891002415	1.9752996982020867
0.49106156622046004	-0.022215648788417378	0.3582756574749777	1.6081094745623954	0.5530041114338209	1.2485726644271775	0.41521438940391975	0.7128600863662258	-0.023424680085763594	0.6395449688475332
1.3062337182247283	0.6645766603343493	0.5532844251475559	1.0405191402018055	0.7061048165511776	1.2415436978567436	1.128778630292171	0.1021408044784391	0.5582854047571002	0.8237478992952838
0.8278937940621309	0.2943059249957016	-0.1647304951355797	1.6181547498705113	-0.17524383642574692	1.0572707639530181	0.47031973637745694	0.4881215230539395	-0.3831603053138277	-0.23464480203910432
1.796482324652251	0.9659903151000997	1.4994394929819537	1.399213882694647	1.5849885842460887	0.9209913522848634	0.8965189807418001	1.4870484253419378	1.5811349198078317	1.926444383999522
2.6809768592930463	0.3896021738004282	2.6442641048630575	-1.4880396486748346	3.3303699301305834	-1.3356620363367024	2.8845626269557796	2.9668339599437092	3.1375898403212625	2.712352267437521
2.978458886314189	0.8768220046469941	2.251595721106533	-0.06707917159802068	2.692327042321086	-1.3228427544674546	2.948577400133653	2.4413825439325527	2.156777564527915	2.1931794772515576
3.574919739916622	-0.5518593608126916	3.7108264020894377	-1.642511681801449	3.2753216865358885	-1.2246290365068764	3.8640153793605667	3.5204390188057717	3.9309780145909397	3.8314350082863307
2.8557103282746663	-0.020035586462618986	3.3222685794541427	-1.5855304907219525	3.13725380628665	-1.3880469122300774	3.9554714116660588	3.42996061144569	3.35742339610436	3.1127002921230655
2.3515211819580313	0.9997654109517891	1.879863972184331	1.3543561569902565	1.9237403841041807	-0.8225321193065204	1.930777231779379	2.7978295404969797	2.5962582116012856	1.4010297534828855
1.1506231449134041	0.988245340208242	1.0432497581735656	0.8828123759853235	0.5925015988745204	1.2122948347138356	1.2443083492237315	1.6487446981309337	0.6303274282796922	1.3533893153055194
2.2601352895278364	0.5881451197705143	2.008183097452231	-0.3171106940776172	1.6217452122707245	-0.5405027219470819	2.1332658271594767	2.391428009212995	2.400162912095582	1.6613711062511978
0.09214897637097397	0.47285613725514564	0.39918937785668707	1.515201708823421	0.9504688976071247	0.7026411190186804	0.7392112358849345	0.27442700973089695	1.3836773367166844	1.1290245324527723
3.432364127408391	0.5309120420226254	3.0286180273039442	-0.6055283930422365	3.83772500656504	-1.461511165609751	3.2263826060417147	3.559961758749578	2.7148172020706376	2.95996239218979
2.761137102447351	0.8873833170495711	2.2608675396452287	-0.6311853541418234	2.125053484827125	-1.2003966959153665	1.9867540454364998	2.442070497031924	2.4896184382853983	1.968827552968558
1.876206132906873	0.9858766785102081	1.3502037493651506	0.6820973660238787	1.908449885852586	0.8804406334902078	1.3656071505594298	1.6406903885197868	1.634190817148124	1.6682295624897063
2.06584422641241	-0.13468839891500117	2.576623829850321	-1.0241396244981786	3.7662339277502115	-0.5632445870446033	2.9252574667730302	3.760008823933907	2.640367946850721	2.8924546189165645
0.87808306066705	0.7182056352382855	0.2950569224689594	0.3636900217125754	1.1813742179371105	1.3319224617092185	1.3594106701436282	1.3304333821053558	1.1383937149760102	0.7565505692282677
2.4522404059694027	0.9989607565574687	2.181529202271559	0.053652270557825225	2.3987154217674758	-0.8822336274395316	2.1279636382244793	2.9025996457207865	2.698681627875059	2.951260323265129
2.380748656912096	0.5421271369746582	3.3512454310447763	-0.887569395325573	2.8212981854544803	-0.7356939458038412	3.223133781557628	2.579872927240128	2.7342986794715944	2.798041646053807
4.675810193534826	-0.967991420110039	4.712666479169432	-1.4392106841175403	4.315020349710209	0.32252236656488775	4.853764962939895	4.455692875222262	4.786147662956445	4.0966243206755895
3.1223594329187394	0.6840640659508362	2.8830681007775594	0.6090199280750414	2.850568559565863	-1.3841737604045536	2.60919843145947	2.863448521073497	2.764971625088017	1.8401318113479856
2.0528000743867048	0.23002968807028573	2.7473498215565524	-0.7345705339472083	2.359632868062878	0.01719463526826007	2.356720596396885	2.118960984301922	1.9451292946350536	2.3533435802811074
1.4446754723822517	0.9559477586996339	1.4466793423299964	0.9375754835620326	1.8387315047692938	0.9920745078285336	1.224345275654536	1.0194879800921322	1.2829517609269157	1.7198447270197983
2.191039440950525	0.6344201552185534	1.9786145996092395	-0.279320994512622	2.6350643183660476	-0.2984893748649444	3.326645204044832	1.8662520003787781	2.5212314315658695	2.4602399743606056
2.3278549306737566	0.6730935103982962	2.7439508084895583	0.37218848844325014	2.086052799526345	0.0453588407040875	2.2498739246518022	2.0961110979066198	2.077765075653898	2.5992681969872917
1.113612463165489	0.9732797687057183	1.7708687770482028	1.3233485716582927	0.9151996921983099	1.2676912760096	1.6035251765009204	1.5149103266731083	0.8562328037656208	0.9485417467795174
3.3378929433900835	0.5249061671110814	3.302420797315901	-1.2016552366147788	2.6282760848462066	-1.4537870239335402	3.1549087299918686	3.4105599192791374	2.9368016219119455	2.5490082286427387
0.20601751534899426	0.10806423035751511	-0.21375080378789013	1.3633643753454046	0.7949286950809216	0.35223713816855257	0.6772725971030351	0.1503424071978896	0.23385451154616455	-0.074143532496874
0.6489924408633863	0.6178123611341492	0.6737197264434474	1.498239178918879	0.801547794214333	1.148206856502636	0.755897039992885	0.6713627700642661	0.5932594542358463	1.455988277794777
0.7637733505365616	0.7776244607435544	1.4070862773259365	1.2206642101170098	1.2916685268530448	1.2280774029782513	0.43020606879126744	0.729317908882255	1.0171245566941955	1.2573167559702147
0.9049598205167422	0.7704030628483833	1.4372286183826712	1.3953501146929252	1.4638481765664184	1.222967812120915	0.7254427707744349	0.9641610489826453	0.09353684433342613	2.040579817431896
2.168777577159005	0.9968334235538615	2.0064395711194414	-0.24642827153819244	1.6913465318304306	0.10945221057122127	2.013670743894491	2.2428702340033837	2.1190537642260208	2.4056533233266006
3.1381615387240007	0.5465151537039851	3.4704302278542998	-1.2593308161186223	2.6997933282155477	-1.3480012734820757	2.203706798444369	2.9615770962955534	3.013256876732038	2.3713074108946723
1.76550030606734	0.999148086832528	1.9546738291742525	0.12070501944288954	1.680977267375341	0.0062822896801305265	1.9402176359321919	1.8118963530045036	1.7989394646865728	2.1097504282923683
3.6287753709223263	-0.5049830521657618	3.0679876859992716	-1.5876857244363605	3.2896230746398603	-1.2918920333928166	3.467733537972637	3.8398268699449574	3.5028730890963535	3.010041875595312
2.5304490011831806	-0.047699469835322875	1.8361302214124202	-0.7846147151995773	2.2787909573331318	-1.088803494010439	3.2305511421367608	2.6070235301516993	2.6564340008406644	2.4487056733257933
2.6698572601427673	-0.2568922820112949	2.7212187501795015	-0.7706736359733765	3.5244618957027614	-1.0416526506906898	3.3072731078488653	3.184920536238537	3.5282614328528323	3.113779382241959
1.5964310834793698	0.686088258536573	1.7933045711201796	-0.9568230040646799	1.973486427805396	0.81766313901527	2.0617884176299226	1.4251630976502883	1.9217027504130813	2.6702690520040138
2.833313931539731	0.20265831877626073	2.970897407205865	-0.9067536816382848	2.546265297685038	-1.3538647707376186	3.3217892663042363	2.9300393884112	3.75629767254007	2.96886448660481
1.926360906187113	0.44990554110013903	3.218635233138217	-0.5448812732829454	1.70330083699922	-0.39500175029131196	2.6317847219739168	2.982713814431379	2.300679420299769	3.1040863886810826
1.759664558305744	0.9997183551492066	1.934573777833664	0.9732236531762897	1.7301262857827167	0.7834440977709867	1.88763835223079	2.0539704766478475	1.531420957480824	2.179666941683767
3.0482543022420927	0.7420479427150805	2.3634786951174886	-1.2301708856017493	2.710404316387507	-1.430204137230577	2.2223815503712316	2.347483180568456	2.289031641184426	2.400979843503272
0.9340845262267568	0.9999357465659128	1.5209410629632376	1.190410761616652	0.5075429923427901	1.3148066519622987	1.2847743098422302	1.041216070372203	0.33784913916426307	1.0207380456536392
3.13794885344737	-0.42610368140187777	2.675137944386327	-1.2177446646523475	3.1180601435618733	-1.458583195372427	3.1533941193328108	3.5724947753689746	2.8801471263453546	3.013877033147427
2.94456730356611	-0.5514808327200447	3.41643981689785	-0.5815231728536584	2.6734105863009328	-1.4546132599499613	2.9343280304252506	3.304614796695683	2.7945991833397974	3.2880992464271315
3.2751793629686885	-0.19286155794529947	2.855479881859626	-1.0408150119827648	3.004177397584587	-1.1672736775851777	3.2868839395340976	2.729649847099683	2.9564012105389827	3.441046593435942
3.4710371698614058	0.26380694912512986	3.0960789931767807	-1.119023924557546	3.520766850469514	-1.457713618225146	2.408315104581546	3.174878283378213	2.8746635155249005	2.897514679898992
1.8822871842537483	0.9562614001720173	1.0086947682287004	1.5582673299079568	1.0603216279349825	1.2396798200907788	0.6413717546436744	1.1876323698252695	0.47462886506023305	1.0020057173573778
1.3596222265486437	0.5026973761272853	2.7575409275051093	-0.05202753266727443	1.9170374487268345	0.5054102651698925	2.0452312437728866	2.266381763459279	2.39485869284963	2.0206276058939756
2.0086671102922606	0.5567751936248084	1.2800625618805213	0.21809832401575058	1.4904005294709286	0.6480214252752767	1.2117268549166826	1.6477232775711217	1.7618365223230585	1.7775514329968571
2.6435060205619183	0.4821288594116452	2.7549633307496695	-1.3885858872132057	2.8836739649731413	-1.104383215112525	3.130547260870908	2.7405688979920666	3.3392307785093465	3.1396602370564946
2.0779340625799807	0.8393791073283596	2.022044852188388	0.07702776956046284	1.7171449915462587	0.29016479471497447	2.4148298849226166	1.8303593315291056	2.092132100506661	2.1219723209615764
-0.056138419020915986	0.3649354151528437	0.6791069461529498	1.3067958159645336	0.15192216474335596	0.39867099373343967	0.369071991628231	0.8873534530297993	0.2825150077952008	1.0036061479732994
0.06769117462450147	0.507598054028794	1.0855382995040674	1.6277302129904503	0.28136541616212374	0.38281324322204535	1.0195820008192646	0.19415646449344592	0.564127265187716	-0.18274035903034536
0.7143553113337984	0.8776303562230976	1.508304744776176	1.2637597851745228	0.5907040193352557	1.335015277596859	1.5737885825640134	2.043782218736515	1.5782953046190766	1.7774570660595637
3.105823195821694	0.15067753480082724	2.5965023872482247	0.14520696927785884	2.627629523708248	-1.4476138695120828	3.0800802042701125	2.9393411581639777	2.016460902775015	2.1625745096974116
3.1664459396065476	0.7031712481194863	2.5405222873336255	-0.4232958043231607	1.877847456254514	-1.43938218144414	2.7539362039018243	2.625632304212023	3.2094173310634324	2.7253667113658686
1.519405437308029	0.9977882828973994	1.4312796190842199	0.6561184234407688	1.9339678262149496	1.0315304732766537	1.6038220252635016	1.7151431529043961	1.1429392909825267	1.115724843618335
1.3109135558012786	0.43041472705198086	0.2034352508396804	1.2067457579212	0.8092771008165043	1.334864248560636	1.1257169971336791	0.5957724933689423	0.7780387760377294	0.6358130889305573
4.541214512274737	-0.40815301464028003	3.4690440670268377	-1.6187277547534487	4.378886510417576	-0.07589098995181646	3.7150690741178254	3.5539877734188927	4.275612540848331	4.481003492746492
1.977395846398527	0.9626798672316983	1.8731358811957408	1.070297263511367	1.2651370802454929	0.3409372487992223	1.9461212409821325	1.218276070973915	1.6056268791931148	1.0281727093577753
2.0929466312137004	0.4612848320285294	1.3893640758747983	0.22319674740216727	1.7981329556526526	-0.1443919599722029	1.6097348734696793	1.9779098781698818	2.200097620024445	1.7692546078308575
3.349941495400435	-0.4790217147635328	3.8222731568448047	-1.6168281841688492	2.8076861867942786	-1.4612638178451034	3.5791439919018186	3.34276749105836	2.9347885204955344	2.8489885124809478
1.66671540771121	0.9576774697241984	1.4800069784751564	0.06245061974412897	1.9252870255512364	0.3864670020570191	1.4036230050200722	2.255754564520633	1.2170083775893246	1.836223767765198
1.5431606163520533	0.9494336482575446	0.9271099841770172	1.5955342940141697	0.3816975624961718	1.1583582868505298	1.5364549006606865	0.7259909678089311	1.074164153519271	0.7122542661804392
1.258011507876907	0.905871295666524	1.4153816544177156	1.1321726982761018	1.2743027719667983	1.1287817330686103	0.9618717618820716	0.9519920999541576	1.0970542045137819	0.8322921004816075
3.811894617779253	0.4978754637988413	2.9791315137583263	-0.9594969737954403	3.282248455471822	-0.506158839030979	3.8340932855217913	3.262854173038772	3.315283696830938	2.8423272723795834
1.2631539502438947	0.9989093503665457	0.7666989291677304	1.2853177629374246	0.9841332753398091	1.3323372858370686	1.0977712967090085	0.9212788015771494	1.2124856470036125	1.0723013085171775
0.5207683829904506	0.9937835830337947	0.5232978047532075	1.5711152840276226	0.6811687532595159	0.8465156263353565	0.9928715123780747	0.4260022941902839	0.6657384036898484	0.9353779224692327
0.0640752538111613	0.5511311498717528	0.6960395823868502	0.9028179224097576	1.1680105425326064	-0.11408764811669839	0.7302376145286942	-0.2738013906393326	0.42213003882524136	0.766991607559359
2.540784945361431	-0.9004883469012813	2.6016129368495893	-1.0221259248405792	2.814503217808734	-0.9312078563426105	2.5241979297262187	2.933292944865294	3.8185767426624455	2.958445953365829
0.835624943979274	0.852103417048698	1.8187958508384288	0.01614969766868535	1.177449588440754	1.332016977766614	1.513015493052073	0.8997020168083512	1.4444480089927514	1.35381684703839
0.24181678321202993	0.7182055345821522	0.5624603593006796	0.7583273972609875	1.0556646845521436	0.972963950689164	1.0489080911610307	0.4388586100372509	-0.09010391587311295	0.9400961681671474
1.356012626766061	0.9802681614699841	1.2318101121272553	1.1466886211971392	0.7003740342335767	1.1179362035079523	1.0039121025822582	1.3647635782548426	2.017742823682247	1.399671172395527
4.03809814888606	-0.5004969885622227	2.996424901992999	-1.506042287163101	3.3073955433760185	-0.9153073848579613	3.4038371073193217	3.9210344048858854	3.143958258054544	3.6989364983711637
3.3475037183450653	-0.15759214486164744	3.4331165187535415	-0.569324953298988	2.9651469920898244	-1.461629295971454	3.0972845546022754	2.6165436661200467	2.9138221623717513	3.229056768777741
2.5157102867290444	0.9751963995894686	2.712108109143874	-0.29158594908807156	2.1893580628033047	-0.7068481022151754	2.06948433802434	2.248381789522822	1.8041255095901017	2.7527449195704383
1.948543791671011	0.9031330066926194	3.1802633412889145	0.308416133729535	1.4590802419082511	0.11978690425070022	1.7117657667312893	1.9168197441412793	1.536990170958882	1.9496313056810055
2.0592662176147867	0.3039561908905338	1.751825011788252	-0.2107740111986366	2.3091916924373352	-0.27323777111480696	2.5606574507033857	2.5229817743926986	2.6709528445722843	2.1826265852707705
1.9155056012785243	0.9157296969517869	1.7100853572731727	-0.11210087021579378	1.7983339915533534	0.467357974283554	0.9808251589863313	2.020170762985388	1.290301898439822	1.6214399688809775
0.3815731093670456	0.2071258675869161	0.5450374207518165	1.542718884744225	0.39046674830193173	0.6196608650268728	1.2158499806558567	0.7930348285196842	-0.11014094319001444	0.27677313258386005
1.8996467612034103	0.982665313326815	1.2748786353335921	0.5370928796783949	0.8818510987315014	0.5393532027383046	1.6247437642246374	1.2805697798420148	1.9415779313441381	1.5432083110081285
2.879210107122565	0.04918007176101632	2.527163230499255	-0.5329904281973685	2.6415962258190104	-1.4116274595066087	2.4083537246912226	3.5323932867713066	3.3507248372802154	2.7593166941265874
1.1746771308859514	0.6863892637563248	1.1319711355087918	0.8894364542098285	1.0362155083023512	1.3107176982611926	0.8601567009137754	1.3879316118693736	1.4964778844871964	1.1077753879001613
2.3839522486645124	0.8416714441575784	2.0550133396826453	-1.100852629688697	2.228225183424489	-0.6589157215652917	2.511798742617997	1.9309035979977418	1.991536706036754	2.022364875639708
2.2124267477554898	0.9840045636383551	1.5867572679589659	0.22059527045802152	1.2465899638220137	0.05793163527558517	1.779461985285348	1.4131227038940417	1.9977259368318145	1.8850775178614085
2.6058669544161246	0.8849402317383557	2.7461170694294514	-1.2517032032727509	2.986761604351176	-0.8816088079956893	2.6581641370920774	2.7749820962280554	2.9968003497137317	2.78637841982202
2.5728939496950893	0.43556850559573046	2.3783453781851946	0.3272607296223024	3.2311223374325024	-0.814323757966432	1.9249407721765415	1.9569729313838349	2.2842306148522806	2.47833767794242
1.5226770968835033	0.9842988620600669	1.7457466056064435	0.5791351380448544	1.757937474917951	0.8296909504499534	1.316590326566771	2.005310057687902	1.7501974716390216	1.2013963757539878
2.131890003637705	0.4836296361931907	1.8891886757640655	-0.2971030424009414	2.383746476859036	-0.36838144451768545	2.096620010617877	2.1736117212582333	2.102720504478841	2.4885355174922603
2.5250155439369952	0.7580924280458202	2.281633829805846	-0.9066897436612178	2.8328879468217005	-1.2257506496891868	2.030759151184515	2.6615624560337117	2.529613506913898	2.806399594413071
0.943179957827444	0.7053554031739818	1.6908265333902697	0.17731256850788085	1.2883472815393509	1.3353422828653985	0.5628622920308048	0.8682338677236805	0.2678752792567627	1.4715709631011387
1.5079850765868643	0.9821401845405879	0.9292120707503859	-0.3591915158097449	1.6569972157511412	1.2633708242078308	0.7529963388809915	1.5997951350709714	1.4793502209394134	0.7565370583056548
1.2046580409332472	0.1796924697247265	1.5434520783113284	1.634288242778533	0.4066934639180142	1.3354800396738364	0.7485555552681971	1.2790656789838755	0.8747636932323481	0.9451922811255498
1.0412363567111362	0.12245312748132683	1.4828617565684827	1.3304580213607158	0.5675286723796853	1.3304515292721513	1.395612109422858	1.1921308371902353	1.0803401075407595	1.5212131534471247
4.851949515024954	-0.5737764930392603	4.199228905757668	-1.6073183101873811	3.9274427887067116	0.7285784774184421	3.7408510909751227	4.413889167830263	3.9898733488426363	4.029867117931534
2.2183643694431705	0.530140174639797	3.0931504695584557	-0.6285458521264732	2.3832438782996883	-0.888829658700644	2.1913663260600145	2.637262504914472	2.1780367117225707	2.1830620185838545
1.3771719725191884	0.6490543285135026	1.920111210207325	-0.6960467580821501	2.5680108808111166	1.0568148506068837	2.1792254630669188	1.7249940800416845	2.0234467038945296	2.280924582729868
0.46483134054803754	0.8135977871765486	0.6336783034632321	1.4575889518304364	0.4156308419711261	1.1556377911621574	0.8150468632392163	1.133593882941466	0.8673652158350238	0.4040766411229888
2.441114999787568	0.225193051509636	2.4003814501863365	-0.5797016463093322	2.7564986327682868	-0.7930700672194696	2.4700626989928476	2.8911913377204232	2.3620720500608834	1.8643969340760274
1.0820261347168239	0.9939429044604262	1.7642770571098298	0.797965439766799	1.1112159897395357	1.3292399893018565	1.6620211795393625	1.0764217980819062	1.4071017810905262	1.1400937970044587
1.888069441555545	0.9660399378359295	2.56112451726457	0.050972471567599084	1.7667220363480218	0.5005655340904686	1.4888709513398788	1.5578686844569387	1.7569547706382755	1.9724740111268602
2.5613511710125687	0.7283962385932842	2.1946584438068024	-0.59514172024559	1.9799598242904666	-0.3783960052931704	2.288048717699723	2.6188913113963466	2.253365368115628	1.494253591126383
1.9517382743225054	0.9767056174337156	1.8596382736026948	1.3691150409089092	1.0398119000355148	0.9022312536832506	1.2747687202650106	1.8911540016084205	1.5501233401986165	1.2695479103186647
1.399283791604676	0.9826390179898861	1.3056863793536042	0.15841786136143432	2.112967118480612	1.0764920893639633	1.4965961134100116	2.1372292125045997	1.8171358787904321	1.8490299332124844
2.747500048853466	0.3182120864849447	2.8874672690454832	-0.829464318507541	2.485034553591431	-1.3858718680361142	2.5296332190996065	2.0661503795098715	2.55162607350158	2.7679637136601976
0.021255949698680388	-0.06665211909030573	0.4067863334108428	1.6127468030531606	0.14918405881365993	0.04783181397311625	-0.3088813697991526	0.01968668716074151	0.0723022629223602	-0.316700120580236
2.8746719171871726	-0.2345547981587651	2.3797574054407193	-0.9541212956317126	2.6113186019050336	-0.8652436199765109	2.74988002148113	2.364539952720995	2.4586197204446063	2.008624552870894
1.2360327432225962	0.8111489055196126	1.0488949169005886	0.8909258526394694	0.8340310375523843	1.26789985610558	1.1417443861897876	1.7028744296518141	1.181580108516202	1.8980343014511118
2.8854051813973864	0.38199854394818833	2.3923617890945867	-1.5837892911010354	3.354899776011246	-1.425011773705486	3.543000416623248	2.7908603342635363	2.8378744728343497	3.3833926749643686
2.8854397921927237	-0.3714905085185404	3.417233042501935	-1.2342428595108879	2.7754166559302895	-1.240846118242155	2.1918905994196423	2.99364967659114	2.5057499067857587	2.692460603391279
1.70624840839379	0.99942499564166	2.3521109947256607	0.7466925323581414	1.9098127679528232	0.5756341799560742	1.4633631236775129	1.6867924215318622	2.1815697725764274	1.1993277175646655
0.8672739200736783	0.9997859812396476	1.3876876886192544	1.0659818625285413	1.9253445898502939	1.3336986238152344	0.48222286690478944	0.8090289336802929	1.324298311619909	1.187732389409757
0.6756218644521261	0.5720419461471661	1.2934443669219808	1.329584309639553	0.5311920960184575	1.0695798399804088	0.6343720287282408	0.42735133311501405	0.3175028083139013	1.053893773312888
2.732390915681683	0.42033813207880105	2.4043668924026167	-0.7023440476409988	2.815535873420721	-1.4292059372492707	2.3947056205963513	3.5921665267160323	2.579407704275913	3.1089113810111773
4.4463493373991305	-0.729169492036419	3.3258173939013282	-1.6115596475683074	3.1122781115185836	-0.44761794811173305	4.027214295287413	4.227537710725457	3.465289003487286	3.4117818500454176
1.8294406518271948	0.20944885450428774	2.6751768853280193	-0.981170986278116	2.5123787758229716	-0.17502191460673922	2.820500879054165	2.988238465955634	2.887980900508759	2.7982678782711234
2.08613467429503	0.9535948730004215	2.180086488276815	-0.051976687872096305	1.7951122851103243	-0.2068317366334843	1.4845601771621033	2.17281127463812	1.3986745894512036	1.1558408598454601
2.7554432415212218	0.19702139422714587	2.7968807663423347	-0.3197248269779814	2.8592197502834096	-1.244056668099178	3.1651751217131547	3.2828540556369714	3.0695777824008976	4.038941343432543
1.1330508812195519	0.9735207651312735	1.0090811895191545	1.1006754627754178	0.9068278906411888	1.3121387797261646	1.464154169837574	1.6532012283026887	1.0305925682057324	0.8971268996506634
0.8585335935447527	0.7549719738285563	0.2602740953106908	1.5562756370592634	0.5902003370163516	1.0927139156150334	0.07868139072803548	0.533726769627082	1.0989977320339626	0.7899757998534882
2.58515830368147	0.7074958673100238	2.2964783609334525	-0.7015552792995746	2.510055735212331	-0.6099223259332169	2.6142706796411783	2.59963032162685	2.7236897092179433	2.399927435254036
3.001086740454733	0.12084751146989361	3.1238577766456057	-1.3242124278939384	2.7181014971211326	-1.4366346050237673	2.7635147338844757	3.6035735029748324	3.5666194629530548	2.9155065692962907
1.2885723168814314	0.9927072668407003	1.621302748390145	0.17528110022231463	1.2471084850393739	1.3072946891540405	1.1805951636440866	1.346886591589361	1.250533631893851	0.9118774232002858
1.7671446916269204	0.9305773889440183	2.1816591505226173	-0.6473485580981104	2.119371919837846	0.8486201979174416	1.8044383623275744	1.7749377235586834	2.7032732228636522	2.3371626691401945
3.130944626939355	-0.4958408448628747	2.976876381066683	-1.5607727291831974	2.8888428720433392	-1.4592941343033208	3.173767524953936	3.4228131571212077	3.1543541122745706	2.9227506494333095
1.7262138416085275	0.6614333273902231	2.457762423974599	-0.47748714601660147	2.1670708268895393	0.1761071088330342	1.912287535341442	2.9621335525769483	2.6396854713333617	2.5631863234817875
1.8814109311656853	0.26913754281470587	2.10942326355006	-0.6912345102907054	2.6444879808004154	0.2916019190984991	2.5903354394942832	1.8885883635060472	2.92126563161628	2.7536987387158827
2.715476320453644	0.9860726338089922	2.3910865685300804	0.48293112340329475	1.6158877804794882	-0.5353983685107804	1.7991561799773064	1.601923197934222	2.055619509402048	2.02032492258346
1.459967121636941	0.9937429495658352	1.471399537678935	0.46306829902593616	1.0938376291853475	1.1637257391762175	1.0352230145010042	1.0407790169313507	1.5269831541458927	1.8778651677530147
1.3713242546754045	0.9553156344030788	2.2720780121292137	1.1486773058315272	1.2288389701936233	0.7191717690932119	1.9754855923552639	2.5307092117858345	2.227761174512075	2.3340231190933207
0.37760261341505785	0.24745179117368118	-0.11739701256813584	1.64860508956478	0.24396953956154777	0.5459732025766778	0.06176044181643747	0.2741400588525109	0.6014435540022001	-0.6052294530590805
2.8531294967401633	0.7223365203662603	2.910010729031563	-1.2060882266202175	2.852708637568644	-1.3224643816585449	2.827670244032319	2.7434621026925523	2.257475959422581	2.469922708500296
3.550573760241191	0.11356950358311414	3.4889405954300186	-1.3149197520007163	3.4706675102536186	-0.7350305562008271	3.2964503259526055	3.2724081026864558	3.6616003611995884	3.3937630046442013
2.1076339761562344	0.9985222235048369	1.4213682821193037	-0.287978735296166	1.4397593509470377	0.11918324612777857	0.6774234689867602	1.4977943613317364	2.106353070507093	1.9933257017240666
1.0486661958166592	0.6071499544233514	1.0099857053854322	0.9288080267433456	1.379350284389135	1.2562028985230762	1.0930116818208155	0.9168496911839168	1.132876375342092	0.49919552377494125
2.3680205262540683	0.9716553613068889	2.708500458301305	-0.1606713879873554	2.7244455979978377	-0.5298627753543992	2.1990448004163943	1.4759954431808606	2.4602028780744596	2.557397855411254
2.39675824438883	0.9983593945613433	2.4165987370233957	-0.33183218594146585	2.2622797287762326	-0.25028650361752763	2.0439677381090973	2.509900575855996	1.6423753785784778	1.9882265928810674
1.1004873751385602	0.8996906640982937	0.5345149943132035	0.9665665359496655	1.6209825168229812	1.1431741924035073	1.456816965275027	0.8839757110889148	1.3485710755811327	1.5599483746441825
3.695266013820369	-0.963973832885719	3.4456379016423355	-1.5933185330615918	4.54643526943604	-1.2350016272524644	3.883142137172174	4.2416254614658335	3.6919934723346364	3.2411944871954828
1.5616042500883585	0.8532955952978684	1.6185690309658192	0.3509074786932437	1.0380203323127726	1.2108142117905492	1.3871466977784577	1.9083838320957232	0.899457984560635	2.012236268413021
3.0059214190510932	0.9998950804642582	2.405326370459776	-0.7300326704289655	2.961465147949592	-1.0066558096030116	2.584562599417673	2.138461832886459	2.309778292129879	1.6983073271129627
1.1561595573756125	0.9051267752787331	1.0672977412325784	0.674844158987525	0.9626198611632926	1.1315805770201817	1.5903873281938687	1.7964384562639961	1.4421089134363885	1.4451775097392936
1.5088223701682923	0.9869434697987082	1.318021854363519	0.5564789089290805	2.0962995565771214	1.056771369742207	1.5508186988001746	1.1444955590778778	1.7988467274424096	2.208077923876006
1.3030726425876176	0.6762211550562687	0.5412102249274935	1.405815252099175	0.8221252631962668	1.3146355474701839	1.417736015411444	1.428401432201594	1.3429249556581448	0.16502670257458818
0.574566353171521	0.6740792191045402	0.30046384923984926	0.47345934557385694	1.1866595942955656	1.2754362283541956	0.9901262231738155	0.6220245017714925	1.2889904309003115	1.0236702568992737
1.1778055001340677	0.9979617891087673	1.768085816052187	0.7580850205546741	1.9081757937850867	1.2655006946984937	1.6198284732360635	1.7232141821364901	1.2379055945834674	1.0365741343946353
2.3775698367296987	0.7516659862363031	2.1720996314361893	-0.36444334646419435	1.8440192110690503	-0.2108590349420555	1.4605781068440924	2.345047701906213	2.9233159551922796	2.997508913928483
3.0758872398123547	-0.4460090028984012	2.773264055466295	-0.9393046076975018	3.6881182029466313	-1.450952100510495	2.244936904954456	3.286685991577853	2.279190073491705	2.961494331997136
0.4761898622771019	0.8354945986271047	0.5043765556298023	1.1339313395013675	0.6870074642994788	1.2442503529237685	1.519047424696654	0.23942643110590356	0.3337612066425446	1.1787387350683929
1.3458298569844034	0.9583865935190291	2.046516226605582	0.6150276902302944	1.8978115954708492	1.1769155550667103	2.202659605160568	1.3327961415261589	0.9134777685403122	2.0768413043058445
1.8176540611077883	0.9730708200105691	2.1820548139248173	-0.1557265693629369	2.097193740294168	0.44353327354193717	3.1373742011411054	2.0256156171999438	1.2951458893147796	1.728630467165078
2.1925739010228784	0.9644355416123631	1.1185126767203042	0.6408090397125239	0.8091851786555981	-0.10997839907681191	1.8422883200722213	2.056074587382366	2.177348668131525	2.7886221739898103
1.274827428854036	0.7843262937837885	1.658174925770882	0.2120790432764125	2.691592604298542	0.7085296235702211	1.7526105162067938	2.167287448680182	2.2907598540175607	1.9293851400893924
-1.0348032242342922	-0.8554981616645888	-0.6461183602656604	1.6139606495283538	-0.7560804479277841	-1.4571337447279888	-0.1682893490925763	0.10414778567465555	0.4675289858932625	-0.8453503424488704
2.092438857725434	0.5608271170514424	2.8605489441638525	-0.6477999889957369	2.525551139155188	-0.5428359007200514	1.608008686794594	2.2455212793319186	2.5416581519179298	2.104419952241436
2.9360097565592915	0.057527118098266584	2.932739993532099	-0.5812249202779385	3.31522026844491	-1.4344086050717693	2.121448410748065	1.9382032016975939	3.090899370394374	1.9192945306406575
3.236018043540003	-0.09688025525117376	2.817341996374062	-1.6186963448410445	2.591353695278487	-1.2063978114559357	2.9594037121982835	3.121945903778858	2.791228017221916	2.75302735829249
2.392807700775489	0.4838467037831605	2.6011516956912444	-0.6206346218891009	2.4980663298794537	-0.8466398676579829	2.6964418045782197	2.0156214870421394	3.2382288521729468	2.974205487690973
1.5097321389636107	0.99686590177937	1.6488989126667861	1.4980463312780903	0.6732790971562097	1.1033497499726865	1.0493208686350717	0.9560707970250817	1.3861518022113668	1.629147552081936
4.7853147412014785	-0.8263710796695675	4.08484518685761	-1.5026936634323318	4.35841097099013	1.0350571810698876	4.439132336440296	4.683868715549157	4.352946061482488	4.792743630060702
2.259956428185713	0.43175397002772126	1.5506467009212535	-0.23871223258611962	2.2380177352870674	-0.4388939073368086	2.776850242614262	2.849935244447585	2.1483636915929907	2.579742769618928
3.1259222557626334	-0.5879424307687205	3.7722607922232743	-1.6379455717561682	3.7803772369927424	-1.336729365635737	3.6405245931152583	2.9828737831554237	3.696418226830205	3.734389037815842
2.8037763788169228	0.40525857043399854	2.66500473567304	-1.1521851023559908	2.765083958750994	-1.34991675909564	2.3187648556679346	2.5606928063641363	3.327373620581882	2.7836928286254743
1.6279398584873612	0.036445339474146	2.5299845934671232	-0.9191571364481851	2.5298315135065357	-0.21307399694707804	3.5393715102969914	3.0295716168369804	2.6985803173682603	2.4492327565942316
2.836953121952094	0.5956687391886325	2.4589899771988324	-0.5860492037527723	2.3473463534624934	-1.2058202536107963	2.7048965726447864	2.2396289571548644	2.1711231232926007	2.9528574757534907
1.4658949666846324	0.8678337369512551	2.355619804427207	-0.7864725871399413	2.2344790003209933	0.5978777889190298	2.059798227138526	1.4964892177191902	1.468730376939273	2.335633892956378
1.9486107207859342	0.9834607199344779	2.229182819317146	-0.3208196408810762	1.6964785760660266	0.6483225820480153	1.9567060793627393	2.1866432017240203	2.1204567598739175	1.949235934508365
1.3070229425922497	0.9399647182333541	0.8419345088375711	1.5939061567267117	0.7464070428224094	1.3059338483646452	0.7291941532833202	1.0902833562491567	0.8894834916530405	0.44891690679195273
2.9853717660850387	0.6380429090195793	3.2581657522222724	-1.2044681298112854	3.7218457320058205	-1.335301524081995	3.167182831135815	2.264742197310139	3.060922609689835	3.263551155915592
2.925197415596713	0.9996454608731906	2.640358098190372	-0.7296061441266415	2.316349374085028	-1.321499856506539	2.7333422423815543	2.707794011304769	2.557269553040536	2.096769331111389
2.526188841846041	-0.19650056227187146	4.040343893224366	-1.0670049390323744	3.0528032903346443	-1.2982320057725298	2.8043664427524306	3.9810134267229262	3.261045247605992	2.8425856492285
0.08932373246839975	0.4319426738882844	-0.6485119171003557	1.1950295910154078	0.6264088416403422	0.2825795308940644	-0.03965299304090397	0.06285469673406796	0.09995142207503571	1.1045336603395612
3.0756233171605594	-0.5590205559061008	3.543559893553434	-1.5145179832022824	3.374509448782445	-1.4224846542561242	3.7223864692658406	3.2854127553377475	2.8667627519552896	3.372022800743029
2.2337175054319345	0.5732856568701795	2.8687878808266203	-0.4661436738546981	2.3230259468960246	-0.4794794345518602	2.711288968863881	2.373750158624301	3.2398316985316207	3.53173003435162
1.2412923774365172	0.9248237374130521	1.1680391130749075	1.0026672530187217	0.8592500951884317	1.2255832371446618	1.982683726818668	1.105117999079659	1.4507599350749856	1.1806317930497081
3.4811916370111433	0.713662558596155	2.0348227437825384	0.49979564832328305	1.982280253225017	-1.4135861093644067	1.8475954007426663	2.5390120345138136	2.132879589046688	2.2361105417486935
3.665214040899583	-0.046425598986963815	3.622594721873198	-1.334340658840875	4.192316437264801	-1.2036786493731255	2.69108590282616	3.802802413034142	2.7340394820788623	4.2436388855458755
1.8630496776454648	0.9618459629026009	2.154717112243135	0.4311326488316477	2.2045338946884963	-0.08453694191507945	1.569923148300281	2.103106669536895	1.9763258405116386	2.3793919771153207
3.0814261569114993	0.5778986341753629	2.8875592844797335	-1.370570602024551	3.8601533279839444	-1.4616619914989053	2.9463014096247284	3.2141662817699763	3.3465685092786828	2.8451027750061932
1.028885341606461	0.994963311836866	2.046930251034487	0.09634138318916298	2.167136215706486	1.233932436011891	1.4982543447512366	2.0790275166562093	1.657209211628882	1.621277350432815
1.4255300704243257	0.9854677193317107	1.6351421564907969	0.5446385765500484	1.7933140442725115	0.892969866970194	1.8787710959377022	2.0275057323087116	1.2408046478194437	1.5138531371650032
2.2603129263517503	0.955507904343498	1.9520225720467306	0.501791434195785	1.853176322072847	-0.6839940183792803	3.06870341245796	2.1166499320098664	2.519238081115967	2.6937626396006933
0.35544314467834903	0.23749915185099577	-0.2184871488265534	1.6564540905053475	-0.5357787207571492	0.5622056033091086	0.1290768943676226	0.5777634318655616	0.09713240230788278	-0.18243482569392233
3.4472313646111283	-0.5805258131395202	3.681858695276741	-1.6437699425572092	3.9339442858899387	-1.0801214352243604	3.6886006067731287	3.842915597675437	3.564410446116761	4.207607839302653
2.543363141178104	0.5597868308921924	2.6397784732221123	-0.4121913442704227	3.225376688851763	-1.0743239438135852	2.845490255731677	2.4320481159458174	2.826893300282677	2.9796182640830886
2.958769235403135	-0.4174980782411693	2.9147652417314536	-0.2657947102155856	3.2874269169802774	-1.32818739981405	3.5095285374058904	4.044381522416235	3.757612397036292	2.9313929774966088
2.9309880272369924	-0.012615430245359495	2.5075835684136516	-0.61304789975799	2.4648272681890098	-1.333718643034681	2.1469166062892873	2.6641488747045647	3.0909278906717286	2.8613579209353133
2.0298990019727454	0.9643002552151871	2.086753502739009	0.6149322155508934	1.8292044504260567	0.4268409502711365	1.6874582877916826	1.7864072476568194	1.9435811336149782	1.8958165683031167
1.9994589302212817	0.48063805089670597	3.2501791857282303	-0.3545115437449497	2.3711476918965815	-0.02722121101385621	1.962601062773573	3.028311983694734	1.852848821817258	2.609728755208929
1.2197201755402824	0.7199659465049862	0.7581389262941622	1.2426168452341446	0.2687543742992511	1.2051101704118383	1.4492710608684627	1.0738135216692806	1.7282752106258519	1.7469127367102888
3.0573866792473856	0.9160743875875509	2.428692845043761	-0.4352976233973453	2.359270716929779	-1.3586601855091114	2.0240085720299583	2.448908225601635	2.748903278512765	2.808972345341041
1.8560653970207397	0.49299135332895844	0.6261818263063399	0.984123489445167	1.3141601735373447	0.6876523313069706	1.42648984227266	1.453930878577359	1.060650888990125	1.6068440343867116
0.9577942315235497	0.9916625564669614	0.8832171606349375	1.4154555405804716	1.7413598017953074	1.2941377815320394	1.171706220306557	1.5763730982253112	1.2934610466414478	1.4325392726474493
1.1695139952826976	0.9997095187113402	1.6151260311648485	-0.10396976578532584	0.9913230395140955	1.312339233402115	1.5504482904926207	1.0583731406139845	2.208196692717393	1.2949293812505878
2.497050156301608	0.3371016650478163	2.8099564271236055	-0.4776685263333386	2.289729131461021	-0.27648812500967007	2.726491507334546	1.8693453198582652	2.3187209581173263	2.9822892819976468
2.7743537564668355	-0.3356809553462529	3.7762226642450827	-1.2332119035567273	3.0263695977599756	-1.4516329636848686	3.140713934917459	3.715750815891324	2.8551990915913796	3.2604174427608363
-0.5177143202284094	-0.3675317489245772	-0.47674813332838983	1.4113406184780977	-0.48603022007725727	-0.7715908349417823	-0.29678687128907955	-0.46444759561978266	-0.12729550278613688	-0.060485035187017644
2.896491910292649	0.6214068605716885	3.0612441563437724	-1.6166004866421706	3.4250581016835393	-1.4085068416465067	2.70466534698235	3.236227215627861	3.1528782576663956	3.020356408045667
3.6351333809192745	-0.9698919604389995	4.073162704506026	-1.6274356963637457	3.8178599671408024	-1.234422586232513	4.275305082386687	3.8488077760071833	3.5989401742317906	3.63492519021214
2.9055970604388275	0.2885156324102545	3.3504690498149468	-1.1557368854687446	2.168811955256303	-1.4338563309726824	3.155860474677776	3.657202328487185	3.2837115519215154	3.100826560372364
1.6353241369425486	0.9977280669468416	1.7481167062769647	0.6539511462489604	1.7022110150920104	0.5545636925800231	1.651114490248709	1.927713599759173	0.8676318211535039	1.4222092104939037
4.410943261433276	-0.39967629920580555	4.13491721409195	-1.292933032947894	4.2347760264407	-0.18406044077049183	3.8711194423623425	4.062890365162335	4.171457747325947	3.558857020796335
2.7250731390387197	0.9182895256697106	2.750289348294705	-1.4923965168066045	2.279176792602882	-1.3009893909731085	2.121984660495641	2.365660068187113	3.0388034519475804	2.023412125556174
1.3208408790616215	0.9305892666150439	1.7079874308915988	0.6674792660392871	0.3765470084289275	1.0108512630995805	1.5232543669565086	1.5584500282151907	1.6761716702006937	1.5000687166674067
4.073206240449953	-0.7062372361561936	3.2782384599093732	-1.4522225354335374	4.214112291143966	-0.4325281658968471	3.612778202288925	3.734745565417617	3.6675859852786465	3.8907290812038653
0.8881513409157489	0.12310288213265623	0.2405577655759068	1.428465402817638	0.1663289657562219	1.111587360839902	0.9488328124426699	0.5980305195299989	1.1992059768996173	0.4555577434520446
1.6580656757378018	0.9834855454616711	1.9874129750391976	-0.4498425387326164	2.2148453970230326	0.3983316701066836	2.078402667782402	1.8681611148134825	2.032742012925639	1.5319709323227022
3.912332218944096	-0.5343836135517664	4.072127580255874	-1.6433871060256262	3.5346706671785837	-1.1549643011434354	3.5421381915277004	3.2380949758258857	3.7786889762329747	3.2615380537950216
3.725098469656377	-0.2876034859681871	3.7916792149821177	-0.5960632188227182	3.6124919750086897	-1.352980476809005	3.417291754995661	3.00050359634937	3.1653771335511345	3.3087827218502426
1.9583155981594254	0.8148930400628674	1.25369738569401	-1.1376832539980029	1.8671517721713906	0.24194443339580457	1.25424116758411	1.1022216120063035	1.767485855299067	1.8257279971196316
2.026657269383934	0.9997844853938415	1.6992001674375645	-0.01732511263537429	1.4691820990722178	0.07389467574902457	2.183210952195943	1.7598109876622803	1.7945757251519054	1.9361811436992251
1.0220542839473614	0.9963599280380231	1.5203952615348038	-0.6426478244680686	1.7704986892434704	1.2832096244623172	1.1613439258889886	0.9343834073091821	1.9098757550824688	1.6069171526732593
-0.2657653392062147	-0.12965442751248957	0.21221488050295356	1.4662182058646311	-0.3511209810224307	-0.557952685772822	0.09413442758857982	-0.17652470424474087	-0.2881916469940373	-0.3636733182709051
2.1194439445848885	0.9993877336803445	1.3010223112861161	-0.9388874323324299	2.05874325609136	0.28415399869831776	2.156326703974274	1.232321228223875	1.4313847536315678	0.9985936155191308
1.3313326028671744	0.8483061438966241	1.9634045601419008	0.8630496465509335	1.2715363777967625	0.8735575939892646	1.809526803834959	1.2688410147809002	1.3161267072079859	1.8936129599680795
4.364890778760691	-0.8931646727891803	4.186732067879317	-1.589338118810847	4.277362602646951	-0.03663470099438982	2.9875365487560703	3.8837701706757386	3.845283222301607	3.570704939600997
2.126987832234777	0.7321040897905213	2.582452897812908	-0.25304705796582905	2.275816195572353	-0.1397739235197242	2.2128274995628607	1.895000706649368	1.667080600290129	2.0416690272691933
2.371859364907913	0.9304659514039647	2.091493617543723	-0.13107118682643848	2.519287480970749	-0.3957689464331008	1.8217440838479524	2.9227767955879163	2.4773935207128797	2.0451366666485997
0.09725677135182509	0.7702608114122594	0.891766959543677	0.828630645927307	0.4400052013050031	0.05158203174225925	1.081060985117906	0.5241576649602768	0.2823937892045607	1.6350958368727357
1.8573901802592978	0.8220213019874951	1.9290689579731095	0.2829872610725302	1.5293654355023167	0.8693458127624659	2.164494232507985	2.346285082778068	2.673281225411488	1.0532142531187711
2.5814547669422083	-0.5402493015441951	3.1836351077035	-1.5860344530263448	2.528690487920042	-1.0361307460661457	3.298505399890784	3.3191743259513986	2.964078762446127	3.4293075432471474
1.8339214521091822	0.9816319756663723	1.283911375182233	1.6541541724725066	1.7074209010766674	0.91765871380578	1.0552468699942408	0.8990527136142699	2.139882260562072	1.980049616939768
0.674093892760615	0.5348603451844675	0.9776375685780903	0.43789447543613524	1.234598488835016	1.264380293230323	0.41254623848366445	0.8527041565274878	1.4506161695791993	1.8606237210256076
1.7374034044972788	0.9760671753035881	1.469992947932091	-0.09456071715844823	1.2232977469896387	0.974179733916688	1.6633057121517378	2.1433971037223425	2.3408217579493877	2.0816024178590147
2.210920177174133	0.9430720029845584	1.1406549858661248	0.7358751049600795	2.042675757790578	-0.013473734791299211	2.2821616922176764	2.088588784230323	1.7026042733784024	1.3765623138740959
1.5763913790218347	0.742693708779341	1.642393762323685	0.43498527761797556	1.4102086252609318	0.6095161055778603	2.6604560887347244	2.1531734450221816	2.2431093516344354	2.350068918493796
1.2935732651010778	0.9835859140466652	1.950613086250927	-0.07416148329376852	1.2482337680819537	1.059989402468183	1.513253723471909	2.0285430290943616	2.132575278592558	1.6656259919986847
2.4144855011312667	0.20542057761092647	3.569649752845671	-0.9757393124683708	3.333327332997336	-1.2275933375461618	2.012860526642468	3.5605449976342385	2.7173765613595275	3.027013805075
2.1849226209479875	0.7678107607593291	2.0433734495141103	-1.0274796588442674	2.2863913793844723	-0.3498258545231337	2.5070385389828065	2.5234251710652638	2.118846487888911	2.5771750456886515
2.252964092506244	0.947562210703502	2.086540459062527	0.18475310827962332	2.6149460061301744	-0.17675513158498238	2.227706390135358	2.376124862928005	2.4136176260766526	1.8583302670528552
2.682741666290941	0.7082897967083306	2.5057429989472806	-0.4361235623560744	1.896686277745741	-1.3396442278782876	2.7185161937722384	2.7419284155163135	2.7433378509785147	2.3552525460565343
1.35646766925232	0.8417742841421263	1.0932339127593966	0.48457520118929887	2.2186803781094695	1.1606181836922729	1.796225992039273	1.6161595210502733	1.9895809237348812	1.4303376880642276
0.5345890409589567	0.870779395351837	1.6501958193869255	1.337762663292469	1.0250445093595921	1.1883075977879343	0.4897096992209542	1.562526003091141	1.9295826057698053	1.263734274583681
3.7957203665925325	-0.4451328389421003	2.857225390307478	-1.5440742809007741	3.237007503500452	-1.1183033925621173	2.9101988404621664	3.77560251662144	3.9799341370322923	3.3264878231086543
2.5794377254431833	0.973307762558173	2.352542937269682	0.10128923707350893	1.6164947566230339	-0.980440011187873	1.6283386696030757	2.299303814969293	2.3257660290278097	2.1029026303841305
0.662237332656596	0.7114901504851305	0.940932731807103	1.5944225743274378	0.4554997453458032	1.2890011933657728	0.6153604788971219	0.8579024405047684	0.9166035137347452	1.0543254407062088
3.454299948714934	0.33240515205281934	2.967381782311203	-0.6838620581954693	2.076914977248	-1.3895022834248911	2.4709971145756784	2.4712438224861617	2.423124631719279	2.5685156433261858
1.9976590346332779	0.9598273164608481	2.0825155322539053	0.0788417099192173	2.0538762276018305	0.22263437769923747	1.8379825774880567	1.7322220370258385	1.7177432733400686	1.5595072992267462
0.8489476235788656	0.945470487889636	0.9838647824943036	0.34388393755589164	1.6031694551332674	1.3098243883916694	2.053755163754806	1.40876586085891	1.5767886457169613	1.0699960766796415
1.0917752901448528	0.43879790940548336	1.1771915054490085	1.5396918937103663	1.9663035723632876	1.335461394419115	0.03688643898299637	1.3273210946995366	1.6356564704921759	1.5986301244265604
1.3866912297079048	0.9797564246713996	1.4768286299085465	-0.049463832676835046	1.5465201323841082	1.212673556768684	1.552073873339641	1.0076520337467167	1.6357093311287818	1.2678101654737841
3.701247798430908	-0.7348355358443248	3.731862603442036	-1.628962009655416	3.9115509835696796	-0.556928193317945	4.277958363506329	4.380770769138616	3.823023709497102	3.450927489318473
1.4709978323014985	0.8559215571226845	1.2457100262750975	1.4232683414540896	1.708716355208675	1.2935823488584355	1.1741828496919982	1.6322983075557005	1.050332290202827	0.9138752283466165
0.6571175887388501	0.7066316015519025	0.5992370450432971	1.5779720926493879	0.6310747735012019	0.8232700392991128	0.33310862157435417	0.9733824988288828	0.09866578132395043	0.39930967000750095
0.06533033602340943	0.8288974866985872	0.8257814738238842	1.603917827337761	0.6824547413560258	0.5348863560677577	0.5905813174916783	0.19029969770849164	0.29610643412721416	0.8977304091217897
1.0046983293548921	0.5744463715348069	1.3954916991923842	1.1135959364145573	1.121924940904454	1.334838433961428	1.4705862498153284	0.6909227627833983	1.0737717221139484	1.4219273233572836
2.871664385818682	0.5891316567397906	2.7991607844546706	0.29116093359638895	3.0671109969320636	-1.2762469612749514	3.2070337294293743	3.078955574996144	2.5472525540149054	2.4149557581974808
2.5700166048379387	0.9060214907205311	1.3978626136924253	0.7449067437536011	2.301061808525977	-0.7380178705092925	2.3054326292730614	1.1361524969504995	1.9647772053968502	2.532487935846716
1.674426666030521	0.7359606474116273	1.7037809452009278	0.14851764344191953	2.569189621559678	0.603333855463709	2.377620380020517	2.2772326377289045	1.933636078351166	2.2109151534108804
2.672206551770339	0.6660685686481017	2.226329054902139	-1.5298785833548336	2.898820110288833	-1.130079649997325	2.7052242413315715	2.341070092830544	2.8531705281091093	2.107580535078186
0.8886119512508435	0.9806319803284311	1.2949794927655822	1.2897723414909203	2.213828375798279	1.323986144578619	1.2090329314288268	1.4688427897948264	2.5936964834395573	1.8960122186939599
1.4057789685217985	0.8458531483881795	1.5932421060006896	-0.2842659345260382	1.927806943242591	0.9373659166745736	2.300413956538768	2.1160558725051413	0.9219631326779418	2.041624404667468
1.608047506738202	0.9137061183026755	0.614755581911288	1.2850894458747784	2.2762795442695225	0.6942196896410244	1.228617421035709	0.8772037546084457	1.053824469614625	1.2337312182356903
3.26253089224297	-0.48536664616796515	4.026470496643444	-1.2129982030648994	4.042645256102688	-1.284571538409475	4.433623729640374	3.7901778114356848	4.070394387656091	3.583598972692318
2.0415115435338955	0.7130298468077481	1.0748135898382971	1.3700856648105084	0.6047352588142054	0.3858147439664226	1.3894176296868057	1.095112654731171	1.1093858518644417	1.7032793408108278
1.9695797193598645	0.9661032220207532	1.0656130879013666	1.1169859437621075	1.5405452529639527	0.38521977167496096	1.727197919854289	1.8417862774834886	1.2381518110861962	0.8417867985930263
2.326811253586529	0.8778094696547522	1.6911316436352022	-0.3539364880911344	2.0700581664702433	0.40674631821252344	1.8910344796247858	2.031465251364481	1.7416165348359534	2.007753144011951
1.9926267297186864	0.9502979462398391	1.7645626469837947	0.6128361894947801	1.543331469829821	0.4722979124094613	1.1328522935174279	0.9823152526898078	1.6716945202111848	1.4912111959189183
2.5762910624341755	0.6674938794971264	2.3646538803578343	-1.2086218111822224	3.162503092640602	-1.2362035459376415	2.6774958509259568	2.7479200068453986	2.9872143556998583	3.001287959845337
1.8949866126503696	0.7809923556906893	2.1807127288913475	0.23607487987249148	1.182705733219073	0.20948924980784464	2.3994876515217465	2.299192425823332	1.762731615073656	2.4795491655186024
0.5530503108868146	0.8373198561733876	0.8456753420560299	0.4488360177899272	1.4684146101069442	0.795919424449447	1.114863414260796	0.9609771530062745	0.9399716521335406	1.5104674218455327
1.8324440622273932	0.8025238257694373	1.7675953364881978	0.35753657851779413	1.5359921308144089	0.5427223893765147	2.102780851428889	1.869722118060404	0.8948592148452941	1.093283994300443
0.4327197727482255	0.6657381168366621	-0.05846179241366123	1.6306110332493764	0.3621645140301155	0.6066987777250957	0.8147211827165999	0.6778955586451387	-0.23426120149551632	0.13035211383737555
1.865495536387723	0.23474016430485226	2.718691197106976	0.07873180385543181	2.648402897044126	0.0381250452888497	2.7187342752719346	2.7497105193247755	2.5329834181856383	2.0264920809691556
1.3765964844092835	0.7800205459497981	2.3054797691485125	0.15737107542847598	2.229389546635211	0.7942690391075358	1.7556104244107744	1.3723255929707494	1.8435678597483807	1.9408159829934142
1.1092122921180925	0.644052753199521	0.8606851674266276	1.5406331359379357	0.6459847414527595	1.3316360077471987	0.891726180428978	0.7111311226877606	1.1425310957527093	1.74424649546624
3.012444001869849	-0.4908517282609101	3.3702575516550692	-1.4301191596356617	3.971043467403111	-1.3401421128077815	3.1801107033467053	2.9716544013517314	3.746745423288357	3.32441843265714
2.8171244607240986	0.443078009344432	2.6162674828341057	-0.822137407232905	2.029736911904691	-1.309853912654935	2.6315457350730203	2.696265885977249	2.9168495186957744	2.412307421608995
2.3923288868659123	0.3785662268213199	3.0326085492286	0.5192488879765537	2.4956506214612375	-0.16787201876840485	2.2846025533038548	2.9468471013381015	2.231863565196446	3.0576604144053
2.787452079662864	-0.22936791293558909	2.9979160973707977	-0.5527181664730938	2.8194226595632466	-1.0994486643903534	2.809524884740731	2.8448130789344273	2.753808138173894	2.597620690883046
1.1924144322546923	0.6815854543671288	1.0014348896718783	0.386645282780718	1.0154143361455046	1.3353394231049627	1.4504086362906687	1.1231321466103654	0.6170184488137433	1.0645171756057232
2.7494966327939308	0.48443258506084685	2.098763422530299	-0.851146249310796	2.3432707489578073	-1.2124555779406738	2.027620905596222	2.666832409733928	2.550867868243568	2.9415671741450033
3.335615715679838	0.034520282127623016	2.585794400528099	-1.2520520831618474	3.140955777675414	-1.450309575589511	2.7193494208963127	2.81336749086779	3.160151733620893	2.5157372166724388
2.9502950605260216	0.2153405694057916	3.466127043510063	-1.4074765102666782	3.2850897949248132	-1.434610500852224	3.0799846562857836	3.357013182009079	3.388535368000827	2.829088730647766
2.4837093469637455	0.8133571587646855	2.812716135454774	-0.795853829106361	3.295713911558951	-1.0798667650619664	2.0723694305812077	3.0811715110882947	2.5063002428276695	2.795562233336762
2.4940034490139995	0.8042786567835992	2.145740699099511	-0.8292417619287489	1.9320861946552914	-1.3121809430715021	2.4342010572591946	3.0044929744147413	2.2694715548064206	2.7798502968573477
0.37147363287072865	0.9998871082674153	0.8994511347414358	0.8718158004569458	0.5790124612464267	1.1431520458881514	1.4344362558426376	0.799344210634594	1.74915229979544	1.2571361737530538
1.6091331853926372	0.9992245357615908	2.6725733531995766	0.4524604899926396	2.0532441397015853	0.9033128753477978	2.1830688699192455	2.360734007181809	2.6308437521962995	2.1461309337565724
4.334672537046869	-0.5959187604074474	2.8548341076659214	-1.5931021977418753	3.0328667525925574	-0.582985098926586	3.833627793071374	3.229168662387364	3.156344304810081	3.315099981986739
2.032152230716208	0.8722624231266386	2.7510148265516796	-0.19358143462340707	2.044035521294394	-0.41072811193701997	2.3120125881756213	2.2517487888708434	1.9247984293285756	1.8755070548424808
1.9932825174844766	0.6584767071661382	2.2432351694203283	-0.03964806619217366	2.5905127769185836	0.07616277029059328	1.775463049291855	1.9345915326215641	2.3518251598983877	2.3903413349546954
0.10649121961098307	0.8462525543810645	0.795104094033908	0.9151372424701741	0.7406716983672121	1.0018080206129878	-0.041473023741781745	0.9173832824809351	0.9170372856760789	1.6551561626191256
2.731850357099007	0.47880762514822617	3.8135691409994337	-1.1053166825542908	3.3373074890755525	-1.3427995741887109	2.9991011728412458	2.932536348976281	2.825683589149879	2.5439792796442005
2.2487076825951164	0.39969178888748885	2.6378101568579444	-0.03252672713128805	2.724070605211586	-0.698466341054215	1.946601487174507	3.377967899036081	2.697256140786794	2.752210805557008
2.5184943887166606	0.5879723302753191	1.9335743331048914	-0.1846817242753698	2.0276759312623005	-0.7733265887053541	1.9107649884641584	2.123006911033377	1.8568947209602022	2.2444658716994534
2.3381792828368146	0.9540430159785599	2.292010916058941	0.12466452447689223	1.2894776914595567	0.027633236566729186	1.7476589120957313	1.1524668247214218	2.3682558037786	1.777727598649164
2.2441166598814006	0.8878326765023608	1.9832572257305825	0.1432491931060572	2.525440297064467	0.23941619032853678	2.3939003105121417	2.00491724013686	1.9590554012457215	2.415796686322885
1.2064601673989719	0.8420468213834373	1.447240974810408	0.14988795230234736	0.9844239819878966	1.3354914420993917	0.5531449244796556	1.2918202806594616	1.0112934968061418	1.0739851244729481
