id,name,host_id,host_name,neighbourhood_group,neighbourhood,latitude,longitude,room_type,price,minimum_nights,number_of_reviews,last_review,reviews_per_month,calculated_host_listings_count,availability_365,number_of_reviews_ltm,license
68398,Tonghua Studio C near MRT & Taipei 101,339014,Lisa,,大安區,25.0287746,121.55468591047,Entire home/apt,,30,12,2024-11-05,0.08,5,280,2,
271733,Taipei Rooftop - Whole apartment!,242033,Robyn And David,,文山區,25.00581,121.55518,Entire home/apt,1350,14,72,2024-11-25,0.46,1,25,4,
272314,"Long Stay Welcome, Taipei 101 Building is here",1425203,Chen,,大安區,25.04224,121.54265,Entire home/apt,1312,90,9,2014-12-31,0.06,1,358,0,
289296,Fabulous studio - Center Taipei (Monthly),1338052,Herman,,大安區,25.04287,121.55112,Entire home/apt,2822,30,29,2024-04-23,0.24,2,341,1,
289298,Fabulous Studio in heart of Taipei,1338052,Herman,,中山區,25.08091,121.55902,Entire home/apt,2362,30,188,2024-11-12,1.33,2,341,1,
333362,"3min walk to MRT, Quiet good sleep",1698423,Jojo,,中山區,25.07893,121.55061,Entire home/apt,1969,3,99,2024-12-23,0.63,1,316,13,
646629,Skygarden Central Apartment,3204303,Kate,,大安區,25.01708136358273,121.53232686857233,Entire home/apt,3164,2,261,2024-12-17,1.77,1,84,17,
697760,Tonghua Studio D near MRT & Taipei 101,339014,Lisa,,大安區,25.028775,121.554686,Entire home/apt,1116,30,4,2021-02-05,0.04,5,309,0,
718493,Y0uTUBE keyword「Loft style BnB  actual film,3705836,Gordon,,內湖區,25.0692,121.58582,Entire home/apt,2648,20,92,2024-07-24,0.62,11,183,2,
761561,Studio with kitchen near Guting MRT,4014285,Pei,,中正區,25.02463,121.52318,Entire home/apt,2297,5,38,2024-08-30,0.26,1,251,4,
818630,LGHomeB,4299066,思騰,,大安區,25.0178,121.55534,Private room,765,5,219,2024-05-21,1.51,4,27,1,
837546,"海婆婆TPEshort rent ,Xihu MRT,2 bed A",4377110,Alice,,內湖區,25.08353,121.56432,Private room,2025,5,3,2018-01-01,0.02,9,364,0,
837558,"HIPOPO TPE short rental, Xihu MRT C",4377110,Alice,,內湖區,25.08353,121.56499,Private room,1922,7,9,2022-08-24,0.09,9,361,0,
855470,"HIPOPO TPE short rental,MRT Xihu 6B",4377110,Alice,,內湖區,25.08374,121.56374,Private room,1922,30,1,2019-04-14,0.01,9,365,0,
858235,海婆婆短租G房,4377110,Alice,,內湖區,25.08347,121.56491,Private room,1744,8,13,2024-01-04,0.11,9,346,1,
869581,"Resort Living in Tianmu, Taipei",4581891,Sophia,,士林區,25.12665,121.53418,Entire home/apt,3281,364,35,2020-03-06,0.24,2,164,0,
889269,8-bed mixed dorm@On My Way Taipei Hostel,4717608,On My Way Taipei Hostel,,北投區,25.1327,121.50147,Shared room,600,1,55,2024-04-05,0.39,3,328,1,
963051,短期租屋套房.台北101部屋,5247611,Fiona,,信義區,25.03648,121.5581,Private room,1857,3,1,2023-01-29,0.04,4,306,0,
983054,602_Apartments for Rent near Academia Sinica,5386798,Jej,,南港區,25.03723,121.61464,Private room,420,31,51,2020-08-14,0.38,2,364,0,
995079,海婆婆短期屋HiPoPo Taipei short rental B,4377110,Alice,,內湖區,25.082,121.5706,Entire home/apt,2287,12,9,2023-06-21,0.08,9,349,0,
997692,海婆婆短期屋HiPoPo Taipei short rental A,4377110,Alice,,內湖區,25.08332,121.57057,Entire home/apt,2569,10,1,2015-01-04,0.01,9,168,0,
1000580,海婆婆short rental Xihu MRT garden room,4377110,Alice,,內湖區,25.08386,121.56448,Entire home/apt,2231,7,8,2024-04-10,0.06,9,361,1,
1015037,Zhongxiao Dunhua Studio B near MRT,339014,Lisa,,大安區,25.041624884945406,121.54974724342638,Entire home/apt,1444,30,9,2024-02-27,0.07,5,320,2,
1015088,Zhongxiao Dunhua Studio D near MRT,339014,Lisa,,大安區,25.04163628361521,121.55152065563288,Entire home/apt,1411,30,10,2024-01-14,0.09,5,258,1,
1037747,Resort Style Living in Beitou TPE,4581891,Sophia,,北投區,25.13702,121.50899,Entire home/apt,,365,92,2020-03-10,0.65,2,363,0,
1072856,Classic Mini Room,5785514,小公館人文旅舍,,松山區,25.05152,121.56966,Hotel room,2809,1,37,2022-12-30,0.26,7,165,0,
1072857,Chic & Clean for 2 with view,5785514,小公館人文旅舍,,松山區,25.05159,121.56966,Hotel room,3309,1,61,2024-12-17,0.45,7,181,8,
1097851,Studio near MRT Taipei City Hall Station & 101 BLD,6033578,Ck,,信義區,25.04173,121.56663,Entire home/apt,3792,2,298,2024-12-15,2.17,1,353,17,
1139869,No longer available,6251774,Scott,,大安區,25.02845,121.54682,Entire home/apt,6000,30,178,2020-09-04,1.62,1,0,0,
1259320,Sunlight AnHe 2BR  / next to subway,398519,Shane,,大安區,25.03397,121.55313,Entire home/apt,3951,4,192,2024-12-10,1.37,1,234,23,
1297987,Across from Taipei Main Station!,5992856,John。Annie,,中正區,25.04727,121.51671,Entire home/apt,2625,7,188,2024-12-14,1.36,1,309,11,
1599241,Tianmu long-term Home Stay 天母長期家庭住宿,6378689,Wei Wei,,士林區,25.11179,121.52735,Private room,,1,0,,,2,364,0,
1618365,Twin Bunk Bed Room@On My Way Taipei Hostel,4717608,On My Way Taipei Hostel,,北投區,25.13384,121.50158,Private room,6814,1,6,2024-05-04,0.04,3,358,1,
1631691,SUITE Near MRT 3 Minutes by walk 13T5/Double bed,8642499,Foreverinn,,中山區,25.06117,121.54287,Entire home/apt,1711,1,87,2024-11-18,0.63,6,344,4,
1664910,Near MRT Guting station's apartment,8818893,Tzu Hao,,中正區,25.02692,121.51984,Entire home/apt,2171,1,125,2024-08-27,0.92,1,223,10,
1671130,a boutique house in central taipei,8847227,Koma,,中正區,25.0454,121.51649,Entire home/apt,2503,3,365,2024-10-30,2.95,3,179,18,
1689077,MRT (3 mins walk) Foreverinn 37T6/Double bed/一張大床,8642499,Foreverinn,,中山區,25.05978,121.54351,Entire home/apt,1711,1,92,2024-12-17,0.67,6,345,3,
1701140,A-B1《月租》《可短租》中山捷運站-雙人套房(含獨立衛浴),906344,Lily,,中山區,25.05258,121.52132,Entire home/apt,1445,3,311,2024-12-16,2.32,23,173,11,
1718240,101side MRT cozy apt#A4(2~5pax)月租,8868664,Anne,,大安區,25.0265,121.55221,Entire home/apt,2571,1,140,2024-11-30,1.18,3,200,25,
1804621,Spacious Modern Flat in TPE Center,4647921,Mark,,大安區,25.044078826904297,121.5509033203125,Entire home/apt,5615,2,82,2024-10-27,0.61,1,176,3,
1805413,Near MRT 3 Minutes by walk 44D1/ Double bed/一張大床,8642499,Foreverinn,,中山區,25.05946,121.54363,Entire home/apt,1687,1,75,2024-11-02,0.55,6,345,5,
1808483,台北大安區 捷運國父紀念館站7分鐘  近101 信義商圈 五分埔 商務 獨立套房,5247611,Fiona,,大安區,25.03641,121.55653,Entire home/apt,1387,2,123,2024-12-16,1.01,4,320,15,
1828204,MRT 3 mins by walk 18D4/ Double bed/一張大床,8642499,Foreverinn,,中山區,25.06033,121.54288,Entire home/apt,1687,1,83,2024-01-17,0.61,6,347,1,
1828230,MRT (3 mins walk) Foreverinn  8D6/ Double bed/一張大床,8642499,Foreverinn,,中山區,25.05969,121.543,Entire home/apt,1711,1,23,2024-09-29,0.17,6,346,6,
1838528,"Shilin Night Market Suites 1, Taipei 士林夜市獨立衛浴優靜套房1",9610268,Simon,,士林區,25.08967,121.52408,Private room,,2,87,2024-03-21,0.65,2,70,1,
1849010,Banana Coliving Dongmen - Single Room (203),3958878,Banana Co-Living,,大安區,25.03389,121.52627,Private room,500,30,4,2015-04-24,0.03,4,357,0,
1884880,Near MRT 3 Minutes by walk 18D2/single bed,8642499,Foreverinn,,中山區,25.06024,121.54315,Entire home/apt,1664,1,34,2024-11-19,0.25,6,347,1,
1894750,8-bed Female Dorm@On My Way Taipei Hostel,4717608,On My Way Taipei Hostel,,北投區,25.1319,121.50123,Shared room,600,1,51,2024-08-27,0.38,3,329,3,
1911361,Taipei 101 Wu's Casita,6378689,Wei Wei,,信義區,25.03161,121.55981,Private room,700,30,438,2019-12-30,3.26,2,365,0,
1933639,"Suite get much natural light, 5 min to MRT",10007698,Kiki,,中山區,25.05867,121.53409,Hotel room,2297,3,381,2024-11-28,2.82,18,77,18,
1938837,Whole Floor Private Apartment Near Metro,10006796,Johnson,,士林區,25.10667,121.52732,Entire home/apt,1700,7,115,2024-12-19,1.04,3,15,5,
1980573,✼Studio w/Balcony@Taipei 101/ 5 min XinyiAnhe MRT✼,10221270,Donna Ngai Yao,,大安區,25.032166792826644,121.55338573471856,Entire home/apt,3586,14,107,2024-10-19,0.80,4,239,4,
2075962,Tonghua Studio B near MRT & Taipei 101,339014,Lisa,,大安區,25.0287746,121.55468591047,Entire home/apt,1116,30,12,2024-01-23,0.12,5,307,1,
2084454,T11-9 Central Taipe Long Stay優雅 舒適,3097566,Great,,大安區,25.04477,121.54371,Private room,886,30,3,2023-06-30,0.02,3,364,0,
2114695,T203-East-C Taipei Long Stay優雅舒適經濟,3097566,Great,,信義區,25.03594,121.57846,Private room,886,28,2,2014-02-17,0.01,3,365,0,
2183521,MRT/Loft/Taipei101/XimendingMRT10mins/4room4bath,10900462,Sarah,,中山區,25.05619,121.54344,Entire home/apt,7866,2,244,2024-12-24,1.84,6,15,9,
2257263,MRT/Loft/Taipei101/XimendingMRT10mins/4room4bath,10900462,Sarah,,中山區,25.05605,121.54333,Entire home/apt,7866,2,27,2024-04-28,0.21,6,14,2,
2257570,MRT/Loft/Taipei101/XimendingMRT10mins/4room4bath,10900462,Sarah,,中山區,25.05625,121.54356,Entire home/apt,7866,2,27,2023-12-10,0.21,6,0,0,
2365294,a Good Day,11892349,Yayoi,,大安區,25.02408,121.52896,Private room,809,4,30,2020-01-03,0.23,1,213,0,
2429479,Deluxe Xīnhài MRT apartment for 2-4,8478209,Eric,,文山區,25.00726,121.55892,Private room,11143,3,0,,,15,365,0,
2432966,"[Ximending] Ximening "" ~ about 3 minutes walk",7295452,Derek,,萬華區,25.043127059936523,121.50550079345703,Entire home/apt,5643,2,199,2024-12-23,1.57,1,80,25,
2498582,Banana Co-Living Dongmen - Sunny Single Room (201),3958878,Banana Co-Living,,大安區,25.03297,121.5282,Private room,650,30,21,2016-12-30,0.16,4,342,0,
2498747,Banana Coliving Dongmen - Single Room (302),3958878,Banana Co-Living,,大安區,25.0339,121.5265,Private room,500,30,5,2015-10-04,0.04,4,357,0,
2498893,Banana Co-living Dongmen - Female Dorm (303),3958878,Banana Co-Living,,大安區,25.0344,121.52626,Shared room,300,30,15,2016-07-18,0.11,4,365,0,
2553760,"MRT  5Mins, King Size Bed / 捷運 士林夜市",13075769,Rose,,士林區,25.09648,121.52403,Private room,1222,5,101,2019-12-31,0.77,3,176,0,
2632210,"3 rooms APT with lift in CBD, 2 mins to MRT",10007698,Kiki,,松山區,25.05152,121.5441,Entire home/apt,5906,4,132,2024-12-23,1.01,18,64,1,
2637590,A-B5《月租》《可短租》中山捷運站-雙人套房(含獨立衛浴),906344,Lily,,中山區,25.05264,121.52123,Entire home/apt,1502,3,134,2024-12-15,1.02,23,160,20,
2678719,"TMP Co-Living,long term+monthly rental+Not daily",1597675,The Meeting Place,,南港區,25.05141,121.58158,Shared room,343,30,2,2024-05-12,0.02,1,172,1,
2753686,Sunlight Corner Loft 2 BR Near MRT,9018856,Vivian,,大安區,25.0286,121.54749,Entire home/apt,4516,28,188,2024-10-22,1.47,2,211,2,
2969214,New 1F Vintag Xīnhài MRT apartment,8478209,Eric,,文山區,25.00622,121.55911,Entire home/apt,17143,3,1,2015-04-29,0.01,15,365,0,
3028074,"Luxury Apt near Raohe Mkt, MRT & Train Stn & TP101",14475460,Rebecca,,松山區,25.04946,121.5765,Entire home/apt,2351,21,281,2024-12-26,2.21,4,186,7,
3062366,W HOUSE,7767966,Kai Muo,,松山區,25.05974,121.54491,Entire home/apt,8000,3,83,2024-11-09,0.65,1,271,6,
3070785,（月租再享早鳥優惠）西門町-五星好評-月租套房- 302（拎包入住，獨立套房，月租5折優惠）,5745433,茱莉Julie 姐,,萬華區,25.0440857,121.5028873,Private room,1570,3,15,2024-11-17,0.61,6,87,5,
3106555,Daan Park Vs Nordic style Individual Suite,12341333,Wonda,,大安區,25.02654,121.53376,Entire home/apt,1980,6,198,2024-12-18,1.54,2,260,18,
3186548,台北大安區 捷運國父紀念館站7分鐘  近101 信義商圈 五分埔 商務 獨立家庭房,5247611,Fiona,,大安區,25.03484,121.55672,Entire home/apt,1871,3,74,2024-12-28,0.59,4,363,14,
3214180,"2 min to MRT, 4B2b Shopping/Restaurant District",1398361,Second,,大安區,25.0411,121.55374,Entire home/apt,13288,1,166,2024-12-11,1.30,11,229,27,
3304239,Joy's Apt 一廳一衛浴、near night market、Songshan station,943278,Joy,,松山區,25.0499,121.57453,Entire home/apt,1623,45,56,2024-08-31,0.44,1,246,1,
3399891,"Monthly Apartment at (MTC) NTNU, Taipei",17148416,Philips,,大安區,25.02643,121.5286,Entire home/apt,33000,31,13,2024-10-15,0.11,10,150,3,
3485675,捷運大套房-Taipei MRT Cozy stay,11416408,Helen,,信義區,25.03824,121.58231,Private room,1772,2,23,2024-12-09,0.18,1,333,21,
3499060,NEAR 101 & MRT Miffy for 2-4 men,8478209,Eric,,信義區,25.04123,121.56736,Private room,10800,3,3,2019-01-01,0.03,15,91,0,
3840606,Double room N1@MRT Center Station(LINE 1 & LINE 3),10007698,Kiki,,中山區,25.05031,121.54305,Entire home/apt,2367,4,203,2024-12-06,1.63,18,77,22,
3879242,Uruztopia201 @ Shilin Aegean Decor 500m to MRT,14665606,Alan,,士林區,25.09349,121.52388,Entire home/apt,1957,2,135,2024-12-18,1.62,4,209,24,
3908056,﻿﻿捷運忠孝復興站出口走路不到5分鐘獨立商務套房,5247611,Fiona,,大安區,25.02763,121.53874,Entire home/apt,1500,3,81,2020-09-30,0.70,4,245,0,
3919250,"面積140平方米近台北車站,大坪數,附廚房可煮,有浴缸,2房,迪化街商圈 MRT步行約5-10分鐘",20302753,Sammy,,大同區,25.05371,121.51119,Entire home/apt,2650,30,9,2024-12-18,0.09,1,121,5,
3933100,"~綠意小屋~在西門町熱鬧街道,提供了旅人休憩的重要據點。月租59308",22105084,Lyna,,萬華區,25.04242,121.50237,Entire home/apt,,28,65,2017-02-01,0.52,3,178,0,
3975942,Monthly Shida - MTC - NTU - NTNU,17148416,Philips,,大安區,25.02248,121.5285,Entire home/apt,22857,31,5,2024-09-22,0.08,10,205,3,
4014018,A-Luxury One-A best location東區豪華套房A,19549739,Mike,,大安區,25.0407,121.55377,Entire home/apt,1666,5,147,2024-12-07,1.18,3,281,19,
4014179,"Luxury Studio near Taipei 101,MRT_8",20812835,Luxury Flat Team,,信義區,25.02952,121.55843,Entire home/apt,3500,6,5,2016-10-30,0.04,7,73,0,
4018116,A-Luxury One-B best location東區豪華套房B,19549739,Mike,,大安區,25.04161,121.55479,Entire home/apt,1654,5,155,2024-12-10,1.24,3,330,19,
4035563,這個世界很大，能遇到是緣分！天母2人私人房間。（只接受旅者）,20923484,家哲,,士林區,25.12178,121.53437,Private room,800,2,215,2024-09-23,1.72,1,51,7,
4054999,A-Luxury One-C best location東區豪華套房C,19549739,Mike,,大安區,25.04167,121.55207,Entire home/apt,1666,5,102,2024-12-02,0.82,3,335,15,
4106145,"中山國中捷運站,全新套房,一張大床(one double bed)",21301096,Sung,,中山區,25.06146,121.54366,Entire home/apt,1687,7,13,2017-06-10,0.10,8,333,0,
4106431,中山國中捷運站/松山機場旁/兩張單床(two single beds),21301096,Sung,,中山區,25.05984,121.54377,Entire home/apt,1687,7,8,2017-06-26,0.06,8,333,0,
4118004,W Hotel 精品奢華信義計畫區  時尚住宅,20401045,Bo,,信義區,25.04081,121.56658,Entire home/apt,,4,0,,,1,180,0,
4148503,Shida Rd Ｈigh Function＆Comfort,19568984,Esther,,大安區,25.023682061454213,121.5262933781118,Entire home/apt,1574,3,121,2024-12-15,0.97,5,320,12,
4158999,(Ximending)Mr. Doggy,19843186,萊,,萬華區,25.0418,121.50569,Entire home/apt,3786,3,288,2024-12-16,2.32,13,156,26,
4266942,"天光雲彩 淡淡風輕 （獨立套房,無需與人共同衛浴)",22150553,Chen,,文山區,24.98796,121.56417,Private room,1376,30,76,2024-10-12,0.65,5,263,1,
4267155,華麗的冒險從這裡開始（獨立套房，無需與人共同衛浴）,22150553,Chen,,文山區,24.98823,121.57064,Private room,1286,60,107,2021-12-11,0.87,5,152,0,
4279943,說走就走的旅行 (獨立套房，無需與人共同衛浴）,22150553,Chen,,文山區,24.98941,121.56599,Private room,1418,30,139,2024-10-15,1.14,5,221,2,
4317397,"Luxury Studio,24hrs security,near Taipei 101,MRT_3",20812835,Luxury Flat Team,,信義區,25.03161,121.55804,Entire home/apt,2986,7,9,2024-05-21,0.08,7,79,1,
4318191,"Luxury Studio,24hrs security,near Taipei 101,MRT_7",20812835,Luxury Flat Team,,信義區,25.03121,121.55817,Entire home/apt,3500,29,1,2014-12-15,0.01,7,169,0,
4372441,~幸福小豪宅~ 歡迎國內外商務人士，家族旅遊，提供短期月租113510,22105084,Lyna,,萬華區,25.03753,121.49889,Entire home/apt,,28,83,2018-01-12,0.67,3,166,0,
4401076,BP Taipei MRT Apartment 3-2,7747610,Mimas,,中山區,25.05703,121.52275,Entire home/apt,2137,2,21,2024-11-20,0.20,1,327,6,
4408487,Wō @ Taipei 西門MRT (3-4人房) Free Wifi,20965710,NiNi,,萬華區,25.04257,121.50387,Entire home/apt,3651,3,368,2024-12-27,2.98,11,144,55,
4467294,10 Beds Mixed Dorm - Shared Bathroom,9175578,Vicky,,南港區,25.05407,121.60966,Shared room,840,1,26,2024-11-29,0.28,1,95,7,
4468613,Lady's only sofa and JP tatami,22965537,Laura,,文山區,24.992,121.56243,Shared room,1557,2,6,2024-01-01,0.05,1,69,1,
4495681,全新套房/中山國中捷運/一張大床(one double bed),21301096,Sung,,中山區,25.06172,121.54372,Private room,1687,7,8,2015-07-06,0.07,8,333,0,
4495844,MRT Apartment松山機場旁/飯店式套房/兩張單床(two single beds),21301096,Sung,,中山區,25.06122,121.54294,Entire home/apt,1687,7,17,2017-06-18,0.14,8,333,0,
4507773,Near to MRT about 5mins walk/一張大床(one double bed),21301096,Sung,,中山區,25.06184,121.54295,Entire home/apt,1687,14,6,2017-04-29,0.05,8,333,0,
4520900,Foreign sweet home,12991185,Yu-Liang,,南港區,25.06029,121.61343,Entire home/apt,3800,3,38,2024-01-01,0.31,1,35,1,
4541617,Deluxe MRT apartment roof garden,8478209,Eric,,文山區,25.00583,121.55907,Entire home/apt,8671,3,3,2018-12-26,0.04,15,91,0,
4561084,near MRT 捷運 飯店式套房/兩張單床(two single beds),21301096,Sung,,中山區,25.06174,121.54354,Private room,1687,7,4,2015-06-21,0.03,8,333,0,
4568861,原木品味酒店式公寓台北車站捷運共構,8847227,Koma,,中正區,25.04454,121.5163,Entire home/apt,1575,10,311,2024-10-28,2.52,3,163,11,
4607827,市府捷運站Metro Taipei CityHall bunk bed,19235741,Sher,,信義區,25.04162,121.56478,Private room,234869,30,4,2015-04-29,0.03,3,365,0,
4624658,Private studio w/ bath@ Da-an/XinYi,23952771,Eva,,信義區,25.02137,121.55793,Private room,834,2,96,2024-11-25,0.79,3,303,14,
4630004,cozy/兩張單床(two single beds),21301096,Sung,,松山區,25.06209,121.54687,Entire home/apt,1687,7,20,2023-10-25,0.17,8,333,0,
4702288,"Taipei Studio near Taipei 101,MRT_6",20812835,Luxury Flat Team,,信義區,25.03184,121.55827,Entire home/apt,3500,29,3,2015-07-19,0.03,7,90,0,
4702374,全新套房/松山機場/中山國中捷運站/一張大床(one double bed),21301096,Sung,,中山區,25.06165,121.54352,Private room,1687,7,12,2016-12-02,0.10,8,333,0,
4738149,市府捷運站Metro TaipeiCityHall Bunk bed,19235741,Sher,,信義區,25.04402,121.56333,Private room,328095,30,0,,,3,365,0,
4749034,Near NTU & MRT Jingmei historical building,8478209,Eric,,文山區,24.98954,121.54164,Entire home/apt,17143,3,25,2019-12-22,0.21,15,83,0,
4777225,舒適便捷的林蔭大道,24637260,Shih-Chieh,,中正區,25.03721,121.52759,Entire home/apt,1100,30,153,2024-07-08,1.27,3,358,2,
4844292,Independent and private ROOM,24926339,Lirong,,內湖區,25.07851,121.59599,Entire home/apt,1231,10,81,2024-12-21,0.68,1,108,5,
4845099,Rainbow Valley American House at Yangmingshan,9675875,Lucy,,士林區,25.13933,121.5446,Entire home/apt,24357,1,10,2024-11-17,0.08,8,364,1,
4848637,DAAN PARK-2 bunk bed private room,14971125,Daan Park,,中正區,25.03428,121.53096,Private room,694,1,17,2023-09-13,0.14,12,0,0,
4848935,"海婆婆TPEshort rental,Xihu MRT,2 bed B",4377110,Alice,,內湖區,25.08349,121.56491,Private room,2006,7,4,2020-01-02,0.03,9,362,0,
4851830,西門町的小角落,9678816,Renny,,萬華區,25.04197,121.50574,Entire home/apt,1305,2,429,2024-12-14,3.53,6,121,48,
4863470,大安公園旅店 - 4人景觀套房,14971125,Daan Park,,中正區,25.03379,121.53199,Private room,,1,22,2023-09-24,0.18,12,0,0,
4890403,2 Bunk Beds Private Room for Max 4 people,14971125,Daan Park,,中正區,25.03379,121.53199,Private room,,1,15,2023-08-11,0.12,12,0,0,
4892246,大安公園旅店 - 單人房,14971125,Daan Park,,中正區,25.03379,121.53199,Private room,,1,26,2024-06-20,0.21,12,0,2,
4894283,大安公園旅店 - Double bed private room with window,14971125,Daan Park,,中正區,25.03379,121.53199,Private room,,1,5,2018-01-04,0.04,12,0,0,
4900301,"J52  Room with balcony, 5 min to MRT stop",10007698,Kiki,,中山區,25.05874,121.53407,Hotel room,1969,2,173,2024-11-28,1.42,18,56,9,
4912003,DAAN PARK Hotel - 3 bunk bed private room,14971125,Daan Park,,中正區,25.03379,121.53199,Private room,,1,14,2023-06-01,0.12,12,0,0,
4934107,Cozy apartment near MRT night market w/balcony,24847626,蕙如,,中山區,25.06515,121.52331,Private room,,2,9,2024-06-03,0.07,13,0,1,
4938261,Near MRT night market high floor w/balcony,24847626,蕙如,,中山區,25.06513,121.5234,Private room,,365,8,2024-11-25,0.07,13,1,1,
4944433,"Family apartment, near MRT night market w/kitchen",24847626,蕙如,,中山區,25.06515,121.52331,Private room,,2,44,2018-04-05,0.36,13,0,0,
4944559,Near MRT night market high floor w/balcony,24847626,蕙如,,中山區,25.06513,121.52329,Private room,,365,36,2024-09-27,0.35,13,0,4,
4951590,"月租方案Near Taipei 101  modern  house,世貿展覽館@信義誠品@微風南山",25523787,New Apt,,信義區,25.03289,121.56319,Entire home/apt,3229,14,104,2024-05-20,0.86,26,212,4,
4969123,"3-floor townhouse in great location, near subway",9545735,Roel & Olivia,,士林區,25.09789,121.52909,Entire home/apt,3248,12,6,2015-08-15,0.05,1,213,0,
4984328,台北車站正對面-3-6人房（台北車站Z2出口步行10秒）,22516319,Sean  翔,,中正區,25.04514,121.51502,Entire home/apt,2829,1,239,2020-01-10,1.97,11,160,0,
4989673,A-B6《月租》《可短租》中山捷運站-雙人套房(含獨立衛浴),906344,Lily,,中山區,25.05266,121.52123,Entire home/apt,1502,3,54,2024-12-16,0.46,23,170,12,
5001526,Taipei APT01. MRT. Big Bathroom. Mountain View,25788750,Hua,,文山區,24.99998,121.56952,Entire home/apt,2297,5,282,2024-12-10,2.33,2,108,23,
5078278,Spacious Suite Eastvillage 180m2apt,25246943,Laurent,,大安區,25.03603,121.54622,Private room,1851,7,85,2022-06-21,0.71,5,356,0,
5081030,台北車站正對面-海洋森林3-6人房（台北車站Z2出口步行10秒）,22516319,Sean  翔,,中正區,25.04688,121.51529,Entire home/apt,1914,20,239,2019-12-06,1.98,11,179,0,
5081189,台北車站正對面（8-12人房）熱情＋海洋＋璀璨＋曖昧+蒲公英＋清新,22516319,Sean  翔,,中正區,25.0448,121.51677,Entire home/apt,5686,20,25,2019-04-21,0.21,11,363,0,
5111903,窗框裡的101(近Taipei 101)提供月租short term rental,17270019,Eunice,,信義區,25.030485333548413,121.56003310894319,Private room,1116,2,69,2024-12-09,0.78,1,76,22,
5117935,Cozy King Bed En-Suite in Daan (3-Min Walk to MRT),26449355,Three Little Birds,,大安區,25.02245,121.53153,Private room,1826,1,86,2024-12-16,0.76,4,349,12,
5118544,Twin Private Room,26449355,Three Little Birds,,大安區,25.02129,121.52943,Private room,,1,60,2024-12-12,0.50,4,361,6,
5184999,台北車站正對面-紫色璀璨3-6人房(看的到101大樓景觀),22516319,Sean  翔,,中正區,25.04504,121.51657,Entire home/apt,2971,1,334,2024-11-27,2.77,11,164,8,
5193504,Double room N2@ 2 min to MRT (LINE 1 & LINE 3),10007698,Kiki,,松山區,25.05005,121.54495,Entire home/apt,2133,4,273,2024-12-11,2.27,18,77,18,
5222553,Near Taipei 101 apartment/MRT樓中樓設計時尙好宅,25523787,New Apt,,信義區,25.03219,121.56118,Entire home/apt,3440,28,70,2024-09-12,0.58,26,54,2,
5290265,台北車站正對面-粉紅曖昧3-6人房（台北車站Z2出口步行10秒）,22516319,Sean  翔,,中正區,25.04508,121.51466,Entire home/apt,1863,20,213,2020-03-18,1.78,11,172,0,
5352519,台北車站正對面（12-18人房）熱情＋海洋＋璀璨＋曖昧+蒲公英＋清新,22516319,Sean  翔,,中正區,25.04556,121.51492,Entire home/apt,8529,20,11,2017-08-26,0.09,11,365,0,
5369168,全新近台大景美站豪华复古整层一樓公寓可住2-4人偶像剧厨房美食天堂文化,8478209,Eric,,文山區,24.99165,121.54168,Entire home/apt,7200,3,8,2019-02-22,0.07,15,91,0,
5392448,Perfect for family with BABY! 1,27639138,Li-Chin,,大同區,25.07419,121.51862,Entire home/apt,15857,2,56,2018-01-20,0.47,2,364,0,
5395912,DAAN PARK Hotel - Double bed private room,14971125,Daan Park,,中正區,25.03379,121.53199,Private room,1066,1,24,2023-05-23,0.20,12,0,0,
5448667,永春棧 Rm202 Kozzy Apartment - near MRT YongChun,28262698,Emily,,信義區,25.03989,121.57772,Private room,600,28,166,2024-12-21,1.42,6,249,5,
5472730,Culture & Heritage House in Taipei,28385059,W.J.H,,大同區,25.05335,121.50953,Private room,5066,1,52,2024-05-20,0.44,5,81,1,
5475006,"公館站100m / 採光大空間 MRT 2mins, Taipei Downtown",5363323,Olga,,中正區,25.01301,121.53317,Private room,1829,14,90,2024-10-19,0.77,8,136,3,
5475668,公館站100m/ 獨立衛浴/ 台大 Single R/private Bth / MRT 3mins,5363323,Olga,,中正區,25.01337,121.53426,Private room,1614,12,103,2024-09-03,0.87,8,139,3,
5515015,Near MRT night market / business trip w/balcony,24847626,蕙如,,中山區,25.06513,121.52333,Private room,,2,8,2024-05-19,0.07,13,0,2,
5568200,w house 2 bedrooms全新兩房一廳一衛 捷運站步行1分鐘,28610875,Ling,,內湖區,25.06596,121.61035,Entire home/apt,2133,28,155,2024-12-04,1.31,4,149,4,
5572428,6 mins MRT Standard Double Room A,27668649,昌吉一號,,大同區,25.06693,121.51755,Private room,1730,1,16,2024-12-08,0.14,2,357,2,
5575829,WZ-casa [Cozy] Ximen MRT 3mins 西門町 FreeWiFi,28321231,W,,萬華區,25.04199,121.507,Entire home/apt,2994,3,322,2024-12-02,2.71,11,171,20,
5607149,"Family apartment, near MRT night market w/kitchen",24847626,蕙如,,中山區,25.06517,121.5234,Private room,,2,18,2024-10-21,0.21,13,0,2,
5608812,近101市府站旁一分钟豪华大套房阳台精装修独立卫生间3A,8478209,Eric,,信義區,25.04044,121.56518,Private room,,3,7,2019-12-29,0.06,15,90,0,
5673023,Near MRT night market high floor w/balcony,24847626,蕙如,,中山區,25.06517,121.52335,Private room,,2,15,2024-10-06,0.18,13,0,8,
5680005,Taipei MRT walk 5 seconds 6 person with balcony,22516319,Sean  翔,,中正區,25.04663,121.51504,Entire home/apt,3186,1,197,2024-08-11,1.66,11,61,5,
5731739,信義計劃區大2房&雙衞浴@捷運台北101站2號出口@世貿中心@國際會議中心@台北101&月租優惠,25523787,New Apt,,信義區,25.030151615738447,121.56114035484477,Entire home/apt,4664,5,44,2024-11-14,0.38,26,191,3,
5770849,台北車站正對面-綠色清新2-4人房（台北車站Z2出口步行10秒）,22516319,Sean  翔,,中正區,25.04485,121.51682,Entire home/apt,2394,20,191,2020-01-28,1.61,11,86,0,
5814767,Monthly Apartment at Shida (MTC) NTNU 5 min walk,17148416,Philips,,大安區,25.02316,121.52841,Entire home/apt,33000,301,18,2024-09-05,0.18,10,305,3,
5848620,圓山 Twin w/PublicBath 雙人上下鋪/公共衛浴,26137085,Smile,,大同區,25.07132,121.51614,Private room,1157,30,1,2015-04-06,0.01,1,180,0,
5854576,"5 mins to MRTLiuzhangli Xinyi Anhe, studio for two",21506709,Maggie,,大安區,25.02378,121.5479,Entire home/apt,3337,28,109,2024-11-07,0.99,27,80,4,
5966970,WZ-Casa [Zakka] 30 sec to Ximen MRT Free Wi-Fi,28321231,W,,中正區,25.0407,121.50863,Entire home/apt,5040,3,149,2024-12-02,1.27,11,254,26,
5976179,"ChianKaiSen, GuTing, and Shida NTNU",31021039,Yu Chen,,中正區,25.02578,121.52213,Entire home/apt,3159,3,34,2024-10-29,0.33,1,132,9,
6008427,永春棧Rm205 Kozzy Apartment - for a nice long stay!,28262698,Emily,,信義區,25.03822,121.57635,Private room,650,28,56,2024-07-30,0.47,6,259,2,
6023644,"永春棧Rm206 Kozzy Apartment-MRT Yongchun, Taipei 101",28262698,Emily,,信義區,25.03995,121.57594,Private room,700,28,55,2024-08-02,0.47,6,181,1,
6046711,Culture & Heritage House with MUSIC,28385059,W.J.H,,大同區,25.05513,121.51139,Private room,5066,1,87,2023-01-19,0.74,5,58,0,
6050738,Shida Monthly Rent 月租套房電梯大樓,17148416,Philips,,大安區,25.0235,121.52978,Entire home/apt,,31,8,2024-06-20,0.07,10,151,1,
6068270,NZhome @台北西門町/Taipei ximen/ Free Wifi/ 2人,31499315,Nn,,萬華區,25.0429,121.50399,Entire home/apt,2274,3,378,2024-12-14,3.21,4,151,31,
6087214,"5 mins to MRTLiuzhangli Xinyi Anhe, studio for two",21506709,Maggie,,大安區,25.02451,121.55144,Entire home/apt,2811,28,19,2024-06-22,0.35,27,76,3,
6094681,近士林夜市，捷運5分鐘，溫馨舒適單人床，明亮通風超優質渡假小窩,13075769,Rose,,士林區,25.09551,121.52402,Private room,1068,3,45,2020-01-31,0.38,3,116,0,
6110481,"月租 象山捷運站步行5分鐘,信義計劃區,  近台北101及信義商圈",31705952,Arthas,,信義區,25.033206198501226,121.57451955369262,Entire home/apt,2297,30,113,2024-10-07,1.14,1,346,1,
6121089,"Family apartment, near MRT night market w/kitchen",24847626,蕙如,,中山區,25.06515,121.5234,Private room,,2,11,2024-06-07,0.11,13,0,2,
6146914,White Brown @ 西門,9681991,Clive,,萬華區,25.04223,121.50735,Entire home/apt,2114,2,253,2024-12-13,2.15,2,62,30,
6173828,永春棧 Rm203 Kozzy Apartment - for a nice long stay!,28262698,Emily,,信義區,25.03787,121.57706,Private room,550,28,190,2024-08-31,1.61,6,233,1,
6196233,Sunny Loft - Zhongshan/中山 MRT,32131912,Dom,,大同區,25.05317,121.51902,Entire home/apt,4643,15,236,2024-12-15,2.04,1,258,5,
6217090,到捷運站5分鐘-近士林夜市-舒適明亮環境單純-优質溫馨渡假小窩,13075769,Rose,,士林區,25.09302,121.52697,Private room,,25,50,2020-01-14,0.43,3,253,0,
6224868,MRT 1 min  Taipei 101 Luxury Apt（only months rent),20380847,Maggie,,信義區,25.04026,121.57604,Entire home/apt,2629,31,58,2024-11-24,0.50,1,194,4,
6234488,XIMENDING  MRT COZY STUDIO 2,31917261,Eva,,萬華區,25.04725,121.50651,Entire home/apt,2362,30,40,2024-10-31,0.35,7,285,2,
6243561,6-8P Apartment.。[MRT Taipei City Hall],29869318,Sabrina,,信義區,25.0441,121.56956,Entire home/apt,3857,18,132,2024-12-10,1.22,1,185,7,
6294131,Sweet Home w/ bath @NTNU/XinYi,23952771,Eva,,信義區,25.02,121.55968,Private room,956,2,37,2024-12-09,0.33,3,355,12,
6314122,更新_台北西門町Ximending  2人 豪華套房(S15),32658574,Shan,,萬華區,25.04616,121.5064,Entire home/apt,2200,4,192,2024-12-16,1.64,4,227,8,
6380635,Cozy apartment near MRT night market w/balcony,24847626,蕙如,,中山區,25.06515,121.52342,Private room,,365,6,2024-01-01,0.07,13,0,0,
6380722,Cozy apartment near MRT night market w/balcony,24847626,蕙如,,中山區,25.06515,121.52338,Private room,,2,2,2024-12-10,0.03,13,0,1,
6380940,Near MRT night market high floor w/balcony,24847626,蕙如,,中山區,25.06519,121.52333,Private room,,365,2,2024-04-07,0.02,13,0,1,
6386082,6 mins MRT Standard Double Room B,27668649,昌吉一號,,大同區,25.0648,121.51836,Private room,1730,1,23,2024-12-15,0.21,2,361,10,
6400213,月租Near Taipei 101 &Airbnb 亞太區總裁來台造訪首選@長租優惠,25523787,New Apt,,信義區,25.03253,121.56041,Entire home/apt,3722,28,147,2024-12-08,1.26,26,22,4,
6405839,信義區近101 北歐風溫馨小屋,8847227,Koma,,信義區,25.02621,121.55511,Entire home/apt,1211,6,39,2024-12-03,0.36,3,88,9,
6428212,H&K 3/2 Taipei Modern Main Station Meridien,30591050,H&K,,中正區,25.04859,121.51797,Entire home/apt,9786,10,147,2024-11-30,1.26,13,227,16,
6511572,台北車站正對面Alan的電梯大樓希臘風情加大2-8人房,32194667,Alan,,中正區,25.04723,121.51676,Entire home/apt,1867,1,130,2024-10-26,1.12,7,334,14,
6511868,近台北車站正對面Alan的電梯大樓亮彩繽紛加大2-8人房,32194667,Alan,,中正區,25.046,121.5164,Entire home/apt,1661,1,43,2023-11-20,0.37,7,332,0,
6554371,台北車站Alan的電梯大樓亮彩繽紛加大2~8人房,32194667,Alan,,中正區,25.04741,121.51644,Entire home/apt,1661,1,114,2024-06-04,0.98,7,340,4,
6567840,WZ-Casa [Cozie] Ximen MRT 3mins 西門町 FreeWiFi,28321231,W,,萬華區,25.0435,121.50428,Entire home/apt,2080,3,346,2024-11-21,3.00,11,171,29,
6597813,Ximending cozy apt#16/2~4pax,8868664,Anne,,萬華區,25.04698,121.50522,Entire home/apt,1971,1,74,2024-10-28,0.65,3,89,7,
6665799,4 Bed Female Dorm/ 1 Bed (F2),26449355,Three Little Birds,,大安區,25.02243,121.53134,Private room,613,1,60,2024-12-08,0.53,4,179,10,
6694505,A-A2《月租》《可短租》中山捷運站/特級客房/獨立衛浴,906344,Lily,,中山區,25.052007837695466,121.52043728633355,Entire home/apt,1768,3,21,2024-05-30,0.18,23,170,2,
6753698,台北市市中心大安森林公園旁套房,22937350,DSoul,,大安區,25.02731,121.5399,Private room,800,364,0,,,1,364,0,
6771979,Gin Mt. Garden House,33392962,YunLong,,士林區,25.14011,121.54855,Entire home/apt,16429,1,0,,,1,179,0,
6816756,台北車站正對面-北車景觀3-6人房（看的到101大樓景觀）,22516319,Sean  翔,,中正區,25.04517,121.51601,Entire home/apt,3114,1,206,2024-10-22,1.78,11,72,3,
6896522,StarBus @ Taipei 西門MRT 5mins (3-4人房) free Wifi,20965710,NiNi,,萬華區,25.0411,121.50565,Entire home/apt,2300,3,304,2024-12-16,2.63,11,149,43,
6898486,COZY STUDIO 1,31917261,Eva,,萬華區,25.04241,121.506,Entire home/apt,1969,30,18,2023-09-02,0.17,7,215,0,
6902353,月租City Hall Stn. 300m / Yongji C 市政府捷運站300公尺/永吉林居C,29002794,Metrohouse,,信義區,25.04074,121.56913,Entire home/apt,2286,28,186,2024-12-12,1.78,26,76,5,
6996925,Open the window can see Taipei 101,25523787,New Apt,,信義區,25.026360883577077,121.56443295113301,Entire home/apt,4664,4,37,2024-11-29,0.32,26,170,2,
7014236,Private Buddy Room (4 beds) - Shared facilities,5785514,小公館人文旅舍,,松山區,25.05161,121.5694,Hotel room,3694,1,15,2023-06-04,0.13,7,158,0,
7045673,[Black & White house] Taipei / MRT,6071613,Yi,,松山區,25.04716,121.54518,Entire home/apt,2771,2,204,2024-12-09,1.78,1,311,3,
7196744,台北車站正對面Alan電梯大樓希臘加大2-8人房,32194667,Alan,,中正區,25.04528,121.51748,Entire home/apt,1815,1,106,2024-03-21,0.92,7,350,2,
7236737,Clear Comfort 4B2b 2.5 Min to MRT,1398361,Second,,大安區,25.03315,121.55064,Entire home/apt,13288,1,154,2024-12-03,1.35,11,126,14,
7247607,The best central Taipei places,36762050,Dorothes,,中山區,25.05075,121.52618,Private room,1100,3,0,,,1,84,0,
7283802,"Room 3D  Great location , near MRT Gongguan.",38134494,GNstay,,中正區,25.0123,121.534,Private room,1257,3,15,2018-05-27,0.13,17,52,0,
7312737,步行至士林夜市只要2分鐘-兩大床四人房Quadruple Room,38126111,夜市小棧,,士林區,25.09118,121.52461,Entire home/apt,2729,1,70,2024-11-10,0.61,5,258,8,
7319733,台北車站正對面-紫色戀曲3-6人房（台北車站Z2出口步行10秒）,22516319,Sean  翔,,中正區,25.04666,121.51647,Entire home/apt,1914,20,192,2020-01-30,1.68,11,181,0,
7351938,Best location for ART VENUES,26832489,Klaire,,中正區,25.03906,121.52243,Private room,1136,3,10,2020-01-03,0.09,2,361,0,
7370637,步行至士林夜市只要2分鐘-單人房Single Bed,38126111,夜市小棧,,士林區,25.09118,121.52461,Entire home/apt,1300,1,90,2024-11-28,0.79,5,225,7,
7375824,步行至士林夜市只要2分鐘-兩小床雙人房Twin bed,38126111,夜市小棧,,士林區,25.09118,121.52461,Entire home/apt,2000,1,62,2024-12-11,0.54,5,263,12,
7462054,Spacious+Central 3BR by Taipei 101,33705816,Daisy,,大安區,25.03246,121.55255,Entire home/apt,7851,6,76,2024-12-15,0.67,4,354,11,
7658761,"Renew 2 room MRT, parlor, kitchen",8478209,Eric,,文山區,25.0062,121.55558,Entire home/apt,14254,3,0,,,15,365,0,
7681827,Luxe Daan Hidden Gem NYC Style 2.5BR Loft,20206900,Jack,,大安區,25.03546,121.53503,Entire home/apt,,4,57,2024-12-28,0.50,1,63,12,
7724648,"101 View, Large Balcony@ Daan MRT 3 Mins (1 Room)",1295140,Studio 17,,大安區,25.036320293155278,121.54319637793515,Entire home/apt,3670,4,37,2024-12-23,0.33,13,52,9,
7725908,WZ-Casa [NJ] 889 sq ft 兩房一廳 西門町 Ximen MRT 3mins,28321231,W,,萬華區,25.04065743716523,121.50461290784766,Entire home/apt,4223,3,305,2024-11-25,2.68,11,165,23,
7848303,Downtown secure new building,27532613,Mia,,中山區,25.06599,121.52398,Entire home/apt,3365,7,87,2024-09-08,0.77,1,111,5,
7861901,"永春棧Rm204 Kozzy Apartment-MRT Yongchun, Taipei 101",28262698,Emily,,信義區,25.03981829669856,121.5771159544937,Private room,750,28,45,2023-11-14,0.40,6,181,0,
7864125,"Kozzy Apartment, near MRT Yongchun, Taipei 101.",28262698,Emily,,信義區,25.03791,121.57534,Private room,650,28,44,2024-12-14,0.39,6,269,2,
7922657,舒適兩房近101,41779223,Anna,,大安區,25.04266,121.55615,Entire home/apt,9143,4,173,2024-12-29,1.67,1,238,19,
7931592,WZ-Casa [ 270°] Ximen MRT 3mins 西門町 FreeWiFi,28321231,W,,萬華區,25.04392,121.50453,Entire home/apt,4451,3,372,2024-12-11,3.28,11,151,31,
8001746,N'5 @Taipei 西門站 5mins (3-5人房) free Wifi,20965710,NiNi,,萬華區,25.04124,121.50432,Entire home/apt,4186,3,300,2024-12-24,2.74,11,144,46,
8002342,Quiet Japanese Room in Taipei City,26832489,Klaire,,中正區,25.04065,121.52408,Private room,850,30,2,2015-10-11,0.02,2,142,0,
8003570,Leisure Apartment for Taipei Home Stay in Tienmu天母,42254670,Ya-Ling,,士林區,25.11104,121.52467,Entire home/apt,1931,30,168,2020-09-07,1.49,1,303,0,
8108106,Writer & Terrace Taipei  作家與天台,42812971,Stephen,,信義區,25.04288,121.56641,Entire home/apt,4350,5,243,2024-12-21,2.16,1,153,19,
8118749,Closed to 101 shopping area,7944593,Dorothy,,信義區,25.02381,121.56947,Private room,803,3,97,2024-12-28,0.86,1,57,11,
8137719,H&K 3/2 Central Shandao Temple in Zhongzheng,30591050,H&K,,中正區,25.04451,121.52315,Entire home/apt,7321,10,156,2024-12-30,1.38,13,255,17,
8173770,BAPE HOME @ Taipei 西門站 5mins (2-3人房) free Wifi,20965710,NiNi,,萬華區,25.04214,121.50483,Entire home/apt,3086,3,335,2024-12-14,2.98,11,127,56,
8202791,公館站100m / 獨立衛浴/ 陽台/ private Bth / MRT 2mins,5363323,Olga,,中正區,25.01328,121.53408,Private room,2243,12,59,2024-08-02,0.55,8,178,4,
8214630,Wally's house Room A,43318996,Wally,,大安區,25.0229,121.54281,Private room,868,32,43,2017-07-23,0.38,2,88,0,
8229274,Private studio w/ bath@ Da-an/XinYi,23952771,Eva,,信義區,25.02155,121.55953,Private room,813,2,45,2024-11-17,0.40,3,303,27,
8260269,"*Whole apartment has 2 bathroom, 3 min to MRT",10007698,Kiki,,大安區,25.04336,121.55249,Entire home/apt,7499,4,258,2024-12-10,2.29,18,64,19,
8261590,X1 Economical ! Modern Apt located on downtown 月租房,664975682,大澄,,大安區,25.03515,121.548,Private room,1186,1,66,2024-12-31,0.64,3,357,10,
8323680,◉34%off◉ ModernHome 东区轻奢寓所 DongQu Luxury Residence,43655452,ModernHome,,大安區,25.02805,121.54213,Entire home/apt,3014,2,126,2024-12-16,1.12,1,146,18,
8383669,City central # Little apartment # C,8977689,Hsing-Wen,,中正區,25.0343,121.5275,Entire home/apt,2625,2,118,2020-03-01,1.06,1,244,0,
8384357,Wally's house Room B,43318996,Wally,,大安區,25.02316,121.54164,Private room,888,32,23,2017-07-17,0.20,2,83,0,
8393361,"Room 3C  Great location , near MRT Gongguan.",38134494,GNstay,,中正區,25.0125,121.53583,Private room,1500,3,10,2020-01-06,0.09,17,59,0,
8395269,OrigInn Space with Melodious Rhythm,28385059,W.J.H,,大同區,25.05531,121.50973,Private room,3823,1,59,2024-02-07,0.52,5,85,1,
8428125,"MRT dongmen mini loft suite (B1) taipei,永康商圈,铃阁栈房",44384630,Lillian,,中正區,25.034389,121.5289,Entire home/apt,2629,3,43,2024-12-08,0.38,2,91,4,
8431901,近國父紀念館舒適2+1房豪華大空間，附功能齊全廚房，長租優惠中,44399310,Ray,,信義區,25.0395,121.56383,Entire home/apt,4682,3,47,2024-12-27,0.68,1,144,22,
8479555,Yongchun cozy room -A 永春舒適套房MRT3min,19568984,Esther,,信義區,25.040599064709784,121.57782326234637,Entire home/apt,1474,3,104,2024-06-20,0.93,5,0,5,
8547900,WZ-Casa [EDEN] Ximen MRT 3mins 아름다운 西門町 FreeWiFi,28321231,W,,萬華區,25.04411,121.50639,Entire home/apt,4137,3,279,2024-12-12,2.60,11,160,27,
8592007,Mansion in Tianmu,23075475,Lumenz,,士林區,25.12263,121.53656,Entire home/apt,19686,3,0,,,1,362,0,
8613386,Taipei MRT 2-6p APT for Family,27884239,Chung,,文山區,24.99066,121.54441,Entire home/apt,2177,1,72,2024-12-28,0.69,1,145,14,
8620493,Taipei 2C Cozy Private Suite @Daan MRT,1295140,Studio 17,,大安區,25.03619,121.54528,Entire home/apt,2465,3,94,2024-12-01,0.84,13,165,23,
8712419,捷運東湖站Taipei Moon Stay,7080216,Tzu Ao,,內湖區,25.07615,121.62145,Entire home/apt,1400,28,30,2024-11-18,0.27,1,274,4,
8751539,Amazing view in the heart 101無敵景觀房,24535035,Michael,,信義區,25.029936480858677,121.56033640817436,Entire home/apt,6871,2,106,2024-12-08,0.95,1,114,52,
8781059,Cozy Studio,5697629,Peggy,,中正區,25.04363,121.52467,Entire home/apt,2953,28,290,2024-11-25,2.60,4,66,11,
8786862,台北西門捷運站3分鐘 4人房 獨立套房 電梯大樓（月租）(未開放國內訂房),30907882,Peter,,萬華區,25.0413,121.50764,Entire home/apt,2061,3,8,2023-08-15,0.07,3,107,0,
8880657,LIGHT @台北西門町/Taipei ximen/Free wifi/2人,31499315,Nn,,萬華區,25.04507,121.50375,Entire home/apt,1934,4,344,2024-12-15,3.08,4,163,37,
8893269,"MRT dongmen mini loft suite (B1) taipei,永康商圈,铃阁栈房",44384630,Lillian,,中正區,25.034269,121.528816,Entire home/apt,2629,3,88,2024-04-01,0.79,2,91,2,
8955566,LJNMarket,4299066,思騰,,信義區,25.02851,121.55815,Entire home/apt,6381,3,285,2024-08-11,2.56,4,24,2,
9033777,Medium Double Room - No Window,29156706,ART'OTEL Ximending,,萬華區,25.04416,121.50418,Hotel room,,1,7,2024-02-11,0.07,9,269,1,
9051375,Yongchun cozy room -B 永春舒適套房MRT3min,19568984,Esther,,信義區,25.038837966163644,121.57629652738393,Entire home/apt,1477,3,96,2024-12-10,0.86,5,298,16,
9053364,Yongchun cozy room -C 永春舒適套房MRT3min,19568984,Esther,,信義區,25.04043924749959,121.57816739064955,Entire home/apt,1486,3,107,2024-12-25,0.97,5,292,14,
9054031,Yongchun cozy room -D 永春舒適套房MRT3min,19568984,Esther,,信義區,25.03862746745994,121.57666728074692,Private room,1617,3,96,2024-09-22,0.86,5,347,8,
9121994,"No Service now, Roof loft in  Taipei",47527477,Paul,,大安區,25.02489,121.52946,Entire home/apt,4921,2,248,2021-04-23,2.25,1,37,0,
9144261,【曼哈頓寓所雙人房】017241 #1房1廳 #24小時櫃台#獨立衛浴 #北車周邊,39528362,Chia Ying,,中正區,25.04676,121.51505,Entire home/apt,2700,2,372,2024-11-26,3.34,9,37,44,
9202653,｜Spacious Central Penthouse｜Balcony｜3 min to metro,27023306,Ting,,大安區,25.04304,121.551,Entire home/apt,2943,3,77,2024-11-13,0.70,1,107,10,
9270046,信義101寵物友善之家/市政府捷運站出口/4-8人家庭房/大巨蛋步行1分鐘,24501553,Joe,,信義區,25.04179,121.56615,Entire home/apt,1929,1,296,2024-12-02,2.66,8,74,5,
9292277,Near Taipei 101 and MRT Cozy Apt@微風南山@誠品@世貿中心,25523787,New Apt,,信義區,25.0325,121.56464,Entire home/apt,,30,17,2023-12-13,0.16,26,0,0,
9311543,2023NEW4room Central Taipei 1min to Metro松江南京双鉄月租宅,48333118,Diven,,中山區,25.05391,121.53357,Entire home/apt,9929,4,207,2024-12-14,1.93,3,294,20,
9371394,F1 近101，貓空，師大夜市，政大，考試院,22150553,Chen,,文山區,24.99355,121.57053,Private room,1836,30,104,2022-10-31,0.93,5,337,0,
9372986,"Taipei downtown near MRT, Ximen cozy apartment",46263118,Tony,,中正區,25.04048,121.52743,Entire home/apt,1903,14,96,2024-12-08,0.88,2,176,16,
9393677,Luxurious Guesthouse near Xinyi district,30244947,Winney,,信義區,25.04181,121.56657,Entire home/apt,6328,2,84,2024-11-01,0.76,4,263,10,
9413296,2人臺北車站_平價簡約房(S36-2）,32658574,Shan,,中正區,25.04634,121.51768,Entire home/apt,1380,2,188,2024-12-16,1.69,4,319,5,
9438346,台北車站1分鐘【我的城市秘密花園系列】日雜鄉村風2-4人房,48916973,Moony,,中正區,25.04571,121.5158,Entire home/apt,2093,4,284,2024-12-04,2.58,1,270,16,
9457310,西門捷運站3分鐘 海洋4人房 獨立套房 電梯大樓（月租）（國內訂房尚未開放）,35512293,Sunny,,萬華區,25.04221,121.50663,Entire home/apt,2060,3,15,2019-05-08,0.14,3,108,0,
9466812,H&K 4/2 Big Apartment on Ximen Walking Street,30591050,H&K,,萬華區,25.04184,121.50649,Entire home/apt,9429,10,169,2024-12-25,1.55,13,259,22,
9471108,【日和家居四人房】009152 #雙床房101景觀#電磁爐#北車3分鐘#洗烘衣機#24小時櫃台,39528362,Chia Ying,,中正區,25.04624,121.51583,Entire home/apt,5093,2,265,2024-12-01,2.42,9,29,12,
9535176,Tesla Shida MTC Monthly 月租套房私人浴室,17148416,Philips,,大安區,25.02264,121.52747,Entire home/apt,18000,31,13,2024-11-08,0.16,10,288,1,
9669477,Luxury Studio-24hrs security-MRT-Taipei 101_9,20812835,Luxury Flat Team,,信義區,25.03192,121.5585,Entire home/apt,3500,7,5,2022-11-04,0.05,7,140,0,
9686963,Taipei 101 view+spacious+sunny house 台北101景觀陽光屋,50036082,梅寒,,信義區,25.04166,121.56996,Entire home/apt,30000,7,78,2020-01-17,0.72,1,174,0,
9715354,"安全、便利、溫馨、整潔。 Bright, comfortable & spacious 3br!",38226561,Sumei,,松山區,25.05848,121.54784,Entire home/apt,9726,2,120,2024-12-30,1.14,1,110,5,
9788632,"西門町Ximen~西門皇家~西門站3分鐘,獨立門戶,電梯大樓!有陽台(洗衣機)廚房",46543449,Teddy,,萬華區,25.04089,121.50458,Entire home/apt,3640,1,214,2024-10-07,1.94,1,143,14,
9852663,【酒精消毒】1月特優惠！屋頂眺望台北101/市政府捷運站/鄰饒河夜市【XinYi C】,50337636,B V,,信義區,25.0436,121.57001,Entire home/apt,2740,7,338,2024-11-21,3.09,7,223,20,
9868533,4 bed female dorm shared bathroom/private room,50417341,Fun Taipei,,士林區,25.08572,121.52482,Private room,1000,30,6,2020-05-15,0.05,3,119,0,
9950852,Taipei APT 02. MRT. ZOO. Mountain View,25788750,Hua,,文山區,24.99972,121.56979,Entire home/apt,1922,5,242,2024-10-26,2.21,2,91,12,
10047044,"台北市信義區安靜採光好 公寓,獨立房間一大床,乾淨房間",51569195,文彥,,信義區,25.03738,121.5888,Private room,2529,1,71,2024-12-29,0.65,1,364,7,
10057773,"HIPOPO TPE short rental, Xihu MRT E",4377110,Alice,,內湖區,25.08351,121.56503,Private room,1992,7,4,2018-03-11,0.04,9,363,0,
10150463,H Oasis nxt NTU Single Room,47100151,Gregory,,大安區,25.01943,121.5317,Private room,1491,3,75,2024-12-30,0.68,3,253,11,
10150804,台灣大學大雙人陽台房 / H Oasis NTU Large Double Rm w Patio.,47100151,Gregory,,大安區,25.0196,121.53335,Private room,2140,3,30,2024-10-31,0.27,3,235,2,
10151418,H Oasis Nxt To NTU: Medium Size Double Room,47100151,Gregory,,大安區,25.01933,121.53295,Private room,1967,3,104,2024-12-28,0.95,3,269,16,
10167061,Claire's House 15sec MRT 10mins 101 臨江夜市台大台科大師大教大,47952638,玉瑛,,大安區,25.02513,121.54312,Private room,2672,1,40,2023-12-31,0.40,1,87,0,
10196520,"Cat Nest@Shilin Night Market士林夜市旁,乾淨舒適的套房(獨立衛浴)",4762726,FuJen,,士林區,25.09246,121.52202,Private room,984,30,152,2023-12-01,1.39,7,164,0,
10214038,(Q16雙人套房)台北車站旁機場捷運A1站 住京站百貨樓上 無盥洗用品無毛巾,28662191,台北美麗的公寓,,大同區,25.04937,121.51748,Entire home/apt,3580,1,4,2019-04-14,0.05,1,269,0,
10232580,101Tower紅線地鉄舒適居,39391442,Mumu,,信義區,25.03443,121.57113,Entire home/apt,1969,30,0,,,1,364,0,
10254998,台北市中正區/台大/師大/台科大/獨立門戶雙套房/走路5秒鐘捷運台北車站12分鐘西門町9分,52064270,Celine,,中正區,25.01383,121.53348,Entire home/apt,2288,28,30,2019-06-24,0.28,10,358,0,
10296809,Lynx Nest near Shilin MRT Station,4762726,FuJen,,士林區,25.09246,121.52202,Entire home/apt,984,30,139,2024-06-21,1.29,7,150,2,
10301726,[R house] 5 mins to MRT | Detached house,47885711,Hank & Leo & Ruby,,大安區,25.0306,121.54329,Entire home/apt,4561,14,244,2024-08-10,2.24,4,118,8,
10448762,接機優惠Dec hot sale 忠孝復興豪華房子/瓊樓玉宇/10ppl,15706026,Atwood,,大安區,25.04321,121.54682,Entire home/apt,5592,2,251,2024-11-30,2.31,12,341,23,
10463842,"A Stay at Design Studio, Taipei (Monthly Rental)",32044991,Rita & Ray,,中正區,25.02738,121.52138,Private room,861,30,181,2024-10-30,1.81,1,253,4,
10483990,Ｎear by Taipei 101 XinYi & Miramar Shopping Dist.,52404075,Peter,,中山區,25.0845,121.55708,Entire home/apt,2214,3,2,2017-01-06,0.02,1,363,0,
10530378,Cozy apartment near MRT night market w/balcony,24847626,蕙如,,中山區,25.06532,121.52862,Private room,,2,5,2023-01-04,0.05,13,0,0,
10534110,Twin En-suite Private Room + Toilet,54320880,Jv,,信義區,25.030042745791366,121.55871125714373,Hotel room,,1,1,2022-11-20,0.04,8,178,0,
10554878,Double En-suite Private Room+Toilet,54320880,Jv,,信義區,25.02789,121.55714,Hotel room,,1,4,2023-05-16,0.07,8,175,0,
10558422,Basic Twin Room + Shared Bathroom,54320880,Jv,,信義區,25.02836,121.55873,Hotel room,,1,5,2024-04-05,0.07,8,175,1,
10560003,【Taipei Ximending Lift studio_8】,21867853,Teddy,,萬華區,25.04319,121.50617,Entire home/apt,,3,271,2024-11-26,2.50,16,152,26,
10578817,台北車站正對面Alan的電梯大樓樂活風2~4人房,32194667,Alan,,中正區,25.045969009399414,121.5158462524414,Entire home/apt,1666,1,51,2020-03-12,0.47,7,339,0,
10579389,台北車站正對面Alan的電梯大樓渡假風格2~6人房,32194667,Alan,,中正區,25.045969009399414,121.5158462524414,Entire home/apt,1880,1,33,2024-12-09,0.30,7,237,19,
10582424,京站/Dihua st./有電梯陽台浴缸洗衣機管理/桃園機場捷運Mrt直達台北車站35分鐘,54593521,小路,,大同區,25.049015045166016,121.51786041259766,Entire home/apt,2439,2,203,2024-12-23,1.89,1,41,8,
10619369,【Taipei Ximending Lift studio_5】,21867853,Teddy,,萬華區,25.04335,121.50603,Entire home/apt,1179,3,280,2024-11-21,2.57,16,171,21,
10619401,Standard Double + Shared Bathroom,54320880,Jv,,信義區,25.027967812656474,121.55855502940506,Hotel room,1737,1,2,2023-12-31,0.13,8,177,0,
10619884,Standard Single & Shared Bathroom,54320880,Jv,,信義區,25.02826,121.55882,Hotel room,1221,1,7,2024-04-18,0.07,8,178,1,
10620143,Basic - Bed in Mixed Dorm + Shared Bathroom,54320880,Jv,,信義區,25.02805,121.55799,Hotel room,520,1,6,2024-12-14,0.06,8,171,2,
10650328,西門町的一期一會,9678816,Renny,,萬華區,25.04434,121.50531,Entire home/apt,1169,2,266,2024-12-14,2.44,6,135,47,
10689015,Cute Child @ Taipei Ximending,47305699,Cindy & Ann,,萬華區,25.04271,121.50633,Entire home/apt,1976,3,208,2024-12-26,1.92,2,177,21,
10740773,Taipei 101 Xinyi District Peking -French Feelings,54194324,Johnny,,信義區,25.02412,121.56426,Private room,889,3,163,2024-12-19,1.57,9,86,12,
10742557,Tianmu lovely herb apartment in city 帶您看108跨年101煙火,55535137,Lina,,士林區,25.11437,121.53783,Entire home/apt,3342,3,6,2017-07-10,0.06,2,84,0,
10753725,最優惠黃金單人房 Great for Solo traveler,24750748,育嘉,,中山區,25.05938,121.54327,Entire home/apt,1570,1,47,2024-04-13,0.45,7,344,4,
10755410,Near MRT中山國中(one double bed)/一張雙人床(顏色.設計隨機安排)每日消毒清,24750748,育嘉,,松山區,25.060264587402344,121.54430389404297,Entire home/apt,1851,1,64,2024-01-07,0.60,7,344,1,
10755679,Comfy Triple room sleeps 3 -Taipei/3人家庭房/每日防疫消毒,24750748,育嘉,,中山區,25.06051,121.54318,Entire home/apt,,1,53,2024-11-01,0.49,7,0,1,
10758473,皇時悠逸單人房，交通便利，西門町商圈#201,54220191,西門町旅店,,萬華區,25.04514,121.50645,Private room,,1,27,2019-04-04,0.25,8,363,0,
10844845,皇時悠逸單人房，交通便利，西門町商圈#202,54220191,西門町旅店,,萬華區,25.04724,121.50507,Private room,760,1,12,2017-05-19,0.11,8,363,0,
10845204,皇時悠逸單人房，交通便利，西門町商圈#203,54220191,西門町旅店,,萬華區,25.04705,121.50495,Private room,760,1,8,2018-11-13,0.08,8,365,0,
10845460,皇時悠逸單人房，交通便利，西門町商圈#205,54220191,西門町旅店,,萬華區,25.0454,121.50492,Private room,,1,0,,,8,365,0,
10846244,皇時悠逸單人房，交通便利，西門町商圈#206,54220191,西門町旅店,,萬華區,25.04489,121.50642,Private room,670,1,3,2019-04-05,0.03,8,362,0,
10847380,皇時悠逸單人房，交通便利，西門町商圈#210,54220191,西門町旅店,,萬華區,25.04625,121.50778,Private room,,1,9,2019-08-02,0.09,8,363,0,
10847892,皇時悠逸單人房，交通便利，西門町商圈#213,54220191,西門町旅店,,萬華區,25.04709,121.50653,Private room,656,1,4,2019-08-14,0.04,8,358,0,
10848436,皇時悠逸單人房，交通便利，西門町商圈#223,54220191,西門町旅店,,萬華區,25.04657,121.5044,Private room,756,1,2,2019-05-06,0.02,8,364,0,
11007917,WZ-Casa [Spin] Ximen MRT 3mins 西門町 Free WiFi,28321231,W,,萬華區,25.04164,121.50559,Entire home/apt,2480,3,313,2024-12-15,2.92,11,163,26,
11024330,"[Clover Homestay] Ensuite Room, 2mins to MRT G18",8525481,Ivy,,松山區,25.05226,121.56115,Private room,,2,26,2024-12-18,0.29,2,2,5,
11026681,Perfect for family with BABY! VIP2,27639138,Li-Chin,,萬華區,25.04737,121.50361,Entire home/apt,13286,4,28,2018-03-08,0.26,2,364,0,
11076961,接機優惠Dec hot sale.camping/night market/3房2廳/光彩奪目,15706026,Atwood,,大安區,25.03287,121.55478,Entire home/apt,3764,2,253,2024-12-30,2.35,12,350,18,
11129625,1000ftApartment！100平米公寓近龍山寺西門町,49879413,Marian,,萬華區,25.02311,121.49016,Entire home/apt,2500,1,13,2024-01-02,0.12,1,87,1,
11183004,【Taipei Ximending Lift studio_2】,21867853,Teddy,,萬華區,25.04209,121.50589,Entire home/apt,1456,3,262,2024-12-04,2.43,16,173,29,
11246441,OrigInn Room with Sunshine Corner,28385059,W.J.H,,大同區,25.05419,121.510292,Private room,3823,1,47,2024-05-20,0.44,5,71,3,
11301973,Lisa Room (1-3 pax room),42159672,幼幼,,萬華區,25.04508,121.50514,Entire home/apt,1663,2,83,2024-12-21,0.77,4,325,5,
11324283,PanShi House 星巴克旁全新裝潢四人公寓 二個獨立房間 獨立客廳 空間超大（超讚房東）,59239444,Shen Wang,,大安區,25.02421,121.52794,Entire home/apt,2985,3,161,2024-12-21,1.51,1,195,23,
11327928,Cosy Apt/ 3 Mins to MTR- Wanfang Hospital Station,19717002,Whitty,,文山區,24.99743283218915,121.5580090012751,Entire home/apt,3586,3,133,2024-12-09,1.24,1,252,14,
11330930,接機優惠Dec discount/透視感北歐Loft美宅,58666148,Cookie,,大安區,25.0412,121.54198,Entire home/apt,4649,2,76,2024-12-29,0.71,21,356,2,
11402960,WZ-Casa [Provence] XimenMRT 3mins 西門町 FreeWiFi,28321231,W,,萬華區,25.04364,121.50377,Entire home/apt,3709,3,266,2024-12-16,2.48,11,174,21,
11521240,(Warm) 6~8p Taipei Ximen MRT,6848872,Jack,,萬華區,25.04473,121.50733,Entire home/apt,,1,25,2020-03-12,0.26,4,356,0,
11561837,月租City Hall Stn. 300m / Yongji B 市政府捷運站300公尺/永吉林居B,29002794,Metrohouse,,信義區,25.04211,121.57096,Entire home/apt,2257,29,145,2024-10-03,1.36,26,78,6,
11660562,《Narrow Flat ‧ 窄宅》,28858686,Steven,,大安區,25.03133,121.55522,Private room,,2,205,2024-12-29,1.93,1,3,27,
11686801,~美麗小豪宅~ 歡迎國內外商務人士，家庭旅遊住宿，提供月租105589,22105084,Lyna,,萬華區,25.03623,121.49915,Entire home/apt,3500,28,8,2017-01-02,0.08,3,135,0,
11693088,Cozy home with a lovely dog.有可愛網紅的狗狗做伴,35965190,Yumi,,大同區,25.074437789437688,121.51265302992027,Private room,1071,2,45,2024-11-17,0.42,1,354,19,
11839710,Your home in Taipei! Comfy new 2rm apt. MRT Donghu,63083993,Sandy,,內湖區,25.06769,121.60909,Entire home/apt,5179,3,239,2024-12-09,2.24,3,158,24,
11977286,接機優惠Dec hot sale MRT 2min家的溫暖，是我們最寶貴的財富 dept.6ppl.,15706026,Atwood,,大安區,25.04243,121.54405,Entire home/apt,3951,2,252,2024-12-07,2.36,12,354,9,
11984141,Taipei City Hall 101 Penhouse 市府捷運站,19235741,Sher,,信義區,25.04729,121.56741,Private room,22498,5,8,2016-05-15,0.08,3,365,0,
12044977,"Taipei 101,NanGang exhibition,MRT 5 mins,100 m²大空間",42528626,Mike,,南港區,25.04791,121.59188,Entire home/apt,4629,3,85,2020-01-04,0.82,1,82,0,
12073442,Studio 1min walking to subway MRT@ CBD,64699386,Chih,,中山區,25.05074,121.5333,Entire home/apt,1317,28,204,2024-03-31,1.92,1,353,1,
12078891,location near MRT 3minsTAIWAN,24750748,育嘉,,中山區,25.06226,121.54321,Entire home/apt,1851,1,86,2024-09-08,0.86,7,344,7,
12080926,T103E Central TAIPEI Long Stay優雅舒適,3097566,Great,,大安區,25.043,121.54326,Private room,919,25,0,,,3,364,0,
12085043,Mushroom (1-3 pax room),42159672,幼幼,,萬華區,25.04685,121.5051,Entire home/apt,1693,2,44,2024-12-28,0.42,4,287,11,
12128820,【Taipei Ximending Lift studio_6】,21867853,Teddy,,萬華區,25.04378,121.50798,Entire home/apt,1417,3,248,2024-12-17,2.36,16,164,24,
12163734,ＭＲＴ 3mins 中山國中捷運站(one double bed)/一張雙人床,24750748,育嘉,,中山區,25.06213,121.54349,Private room,,1,49,2024-10-20,0.47,7,344,4,
12177438,接機優惠 Dec hot sale.選你所愛，愛你所選 2 bedroom.臨江夜市10秒,15706026,Atwood,,大安區,25.03126,121.55543,Entire home/apt,3754,2,180,2024-10-01,1.71,12,358,6,
12195168,Taipei Son/2 mins taipei station,19141684,Tokka,,中正區,25.04666,121.51473,Entire home/apt,1500,40,51,2017-01-20,0.48,4,365,0,
12221943,Services Apartment 松山機場/一張雙人床/防疫消毒/電腦自助入住,24750748,育嘉,,松山區,25.061025619506836,121.54438781738281,Entire home/apt,1851,1,30,2024-09-14,0.28,7,344,6,
12255487,近遠企安和通化夜市商圈，走路五分鐘達信義安和捷運站，15分鐘達忠孝東區,62070287,Sabrina,,大安區,25.03057,121.55422,Entire home/apt,2514,14,62,2024-12-21,0.59,1,75,4,
12333661,"Taipei 101, XiangShan, Main Bus Station (A)",20688574,Candice,,信義區,25.02308,121.56706,Private room,1307,30,11,2017-03-02,0.10,2,274,0,
12367961,Room 2nd_ one single room,2569877,Peifen,,大同區,25.06066,121.51059,Private room,2080,1,135,2022-01-01,1.28,5,274,0,
12482688,Room _The third Double room,2569877,Peifen,,大同區,25.06065,121.51119,Private room,4380,2,21,2018-12-26,0.20,5,328,0,
12482897,Room 4th_one Double room,2569877,Peifen,,大同區,25.06105,121.51087,Private room,4080,1,45,2024-03-18,0.43,5,329,2,
12482913,Room 4th_two Double room,2569877,Peifen,,大同區,25.05889,121.50974,Private room,4880,1,58,2020-02-15,0.55,5,316,0,
12483996,Luxury Studio-24hrs security-MRT-Taipei 101_2,20812835,Luxury Flat Team,,信義區,25.03039,121.5588,Entire home/apt,3500,7,4,2023-12-31,0.22,7,149,0,
12617215,MRT EXIT 10 secs -Nordic,25729062,Lydia,,松山區,25.0522,121.54575,Entire home/apt,5071,5,160,2024-12-09,1.52,1,236,14,
12629735,Xīnhài MRT designed/kitchen/ living /2 rooms,8478209,Eric,,文山區,25.00673,121.56146,Entire home/apt,15629,3,1,2019-06-30,0.01,15,91,0,
12629805,New Xīnhai MRT 2 Room apartment,8478209,Eric,,文山區,25.00748,121.55737,Entire home/apt,16429,3,3,2018-02-18,0.03,15,91,0,
12765506,Comfortable & Clean @Daan 3min MRT,69132403,Joan,,大安區,25.02503,121.5404,Private room,1322,20,199,2024-08-16,1.89,3,354,5,
12767952,Smile Ximen @台北西門町 Ximending(3-6人),15012350,P&P,,萬華區,25.0463,121.50713,Entire home/apt,3229,2,82,2024-12-25,0.78,5,74,46,
12777687,Metro Bliss: Modern Apartment 1 Min from MRT,69525672,Issabell,,大安區,25.0416768,121.551655,Private room,,1,41,2024-12-15,2.66,22,132,33,
12796531,"台北東區清幽,舒適溫馨屋,捷運即到家",39656151,Charlie,,大安區,25.04104,121.55648,Entire home/apt,,15,10,2017-04-20,0.10,1,88,0,
12815108,4 bed female dorm shared bathroom/upper bunk,50417341,Fun Taipei,,士林區,25.08539,121.52424,Shared room,325,30,4,2020-08-29,0.05,3,150,0,
12815941,4 bed female dorm shared bathroom/lower bunk,50417341,Fun Taipei,,士林區,25.08547,121.52532,Shared room,322,30,8,2020-08-22,0.08,3,150,0,
12892380,Taipei 101~近市府獨立電梯住家~Near Taipei City Hall Station,14569453,Irene,,信義區,25.04483,121.56932,Entire home/apt,,30,162,2024-02-08,1.54,1,0,1,
12897349,Taipei Main Station On Top (Q Square Mall) RoomA,45055295,Peter,,大同區,25.04937,121.51748,Entire home/apt,2199,2,210,2024-12-27,2.00,3,124,21,
12909519,"Taipei 101, XiangShan, Main Bus Station (B)",20688574,Candice,,信義區,25.02255,121.56651,Private room,1821,3,68,2024-10-17,0.65,2,164,5,
12937970,Fantastic Location @Daan 3min MRT,69132403,Joan,,大安區,25.02453,121.5412,Private room,1219,20,226,2024-11-20,2.15,3,255,7,
12991166,Une Maison Du Tianmu Suite #316,8616847,Samuel,,士林區,25.116509833499933,121.52738780909038,Entire home/apt,3773,30,21,2024-08-19,0.24,2,365,2,
12999941,East Village Oasis in a 180m2 apt,25246943,Laurent,,大安區,25.03561,121.54852,Private room,1457,15,15,2024-07-07,0.15,5,328,2,
13032793,幽雅的獨立出入口住宅,39477807,Aaron,,內湖區,25.0688,121.60804,Entire home/apt,3937,3,9,2024-12-17,0.19,1,301,3,
13034881,接機優惠 Dec hot sale近復興𝓢𝓞𝓖𝓞2分鐘 來台北必住鋼琴房/雕闌玉砌,15706026,Atwood,,大安區,25.04044769801116,121.53757141752388,Entire home/apt,3754,2,188,2024-10-06,1.80,12,352,5,
13051589,"NEW!260M2 Big House花博公園正對面,88坪樓中樓藝廊豪宅,一覽圓山飯店及陽明山美景",63842153,Violet,,中山區,25.06747,121.52886,Entire home/apt,5250,30,36,2017-05-01,0.35,1,44,0,
13132837,Cozy 1B1B Apt 3 mins to MRT Daan Park Station,72805766,Hui Chih,,大安區,25.03384,121.53384,Entire home/apt,5743,5,1,2019-05-06,0.01,9,354,0,
13155905,台北101陽台公寓樓梯3樓2房80平米 交通便利 近象山101捷運站,45518341,宗珮,,信義區,25.027,121.56639,Entire home/apt,1980,5,3,2024-12-10,1.84,1,352,3,
13227358,"Taipei Luxury studio, MRT 2mins perfect location",33955133,Jane,,中正區,25.04485,121.52512,Entire home/apt,5200,4,50,2024-12-29,0.49,1,57,23,
13273687,AT home (studio) 앳홈- 타이베이 숙소- 交通便利 樂高迷 工業風格 飯店客房規格,23052025,Avril,,中山區,25.06111,121.52603,Entire home/apt,3214,2,26,2024-07-29,0.27,1,76,6,
13316714,BR06MRTHome,4299066,思騰,,信義區,25.02048,121.55738,Entire home/apt,4000,4,267,2024-07-24,2.56,4,59,19,
13324212,Han's House at Taipei Main Station,49524395,陳,,中正區,25.0468,121.5169,Entire home/apt,2123,2,431,2024-12-16,4.15,1,32,51,
13364884,Monthly Apartment in Shida MTC NTNU,17148416,Philips,,大安區,25.02284,121.52813,Entire home/apt,5000,31,27,2024-12-18,0.30,10,108,6,
13380983,台北車站正對面Alan的典雅風格2~6人房,32194667,Alan,,中正區,25.04732,121.5152,Entire home/apt,1815,1,95,2024-06-28,0.92,7,351,3,
13406169,忠孝復興正東區木作法式小套房,47082135,Jeanie,,大安區,25.04365,121.54311,Entire home/apt,5029,2,64,2024-12-24,0.62,1,364,4,
13540710,Taipei 101 信義區 北醫TMU人文公寓  英倫風情 ( 單人房 ),54194324,Johnny,,信義區,25.02382,121.56283,Private room,807,3,147,2024-08-31,1.43,9,60,4,
13563942,4 bed mix dorm/shilin night market/monthly rental,72226297,Happy Taipei,,士林區,25.09119,121.52587,Shared room,286,30,30,2024-11-30,0.29,9,175,5,
13610279,LOHAS Home 樂活居（月租 30days+),78772766,Chen Hsi,,士林區,25.10006,121.52856,Entire home/apt,1688,30,125,2024-12-20,1.23,1,136,5,
13611755,4 bed female dorm/shilin night market/monthly,72226297,Happy Taipei,,士林區,25.09153,121.52732,Shared room,286,30,11,2023-07-27,0.11,9,149,0,
13649155,WZ-Casa [ Z ] Ximen MRT 3mins 西門町 FreeWiFi,28321231,W,,萬華區,25.04149,121.50565,Entire home/apt,2794,3,304,2024-12-09,2.93,11,164,25,
13660847,Nice stylish*Central 2Bdr Apt*5 min mrt-YK food st,6691521,Stefano,,中正區,25.03585,121.52792,Entire home/apt,3604,21,83,2024-12-02,0.81,1,119,4,
13742219,Taipei Main Station Q square Mall Room D 2~4P,45055295,Peter,,大同區,25.04959,121.51796,Entire home/apt,2391,2,179,2024-12-24,1.73,3,103,33,
13780908,簡約舒適溫馨套房,55535137,Lina,,士林區,25.11277,121.52606,Entire home/apt,1809,2,6,2019-01-01,0.06,2,362,0,
13802886,"Taipei NTU Gongguan Loft(MRT 3mints, ShiDa Market)",79989726,Amy,,中正區,25.01572,121.53231,Entire home/apt,2558,90,152,2021-08-23,1.49,10,181,0,
13855114,Clean bedroom with queen bed/5 min walk from MRT,144459614,Chaochuan,,松山區,25.04966163635254,121.56034851074219,Private room,1650,2,43,2024-12-29,0.42,2,57,9,
13906407,C'est la vie1-11 | 兩房 1min南京復興站MRT 3分 |夜市松山 機場小巨蛋,82459487,H,,松山區,25.04989,121.54403,Entire home/apt,3522,4,128,2024-10-29,1.31,9,60,5,
13928722,【暖陽四人房】#超大景觀落地窗#15坪大空間#24 hr櫃檯#乾濕分離衛浴#台北車站,28790031,Chia Yin,,中正區,25.04741,121.51673,Entire home/apt,5514,2,240,2024-09-01,2.33,5,62,10,
13945956,Clean bedroom for one / 5 min walk from MRT,144459614,Chaochuan,,松山區,25.05046844482422,121.56078338623047,Private room,1462,2,86,2024-12-15,0.84,2,145,9,
14003706,1近內湖科技園區.萬豪酒店旁.大直美麗華.電梯住宅,83686269,Sophia,,中山區,25.0791,121.56062,Private room,,30,40,2020-11-01,0.39,4,195,0,
14025442,KAWS @Taipei mrt 西門站5mins (2-3人房) free pocket wifi,20965710,NiNi,,萬華區,25.04107,121.50538,Entire home/apt,2909,3,260,2024-12-21,2.54,11,135,37,
14031405,3bedrooms & 2full bath in Taipei city close to MRT,73426273,Sonam,,萬華區,25.03197,121.49991,Entire home/apt,1805,7,157,2024-12-14,1.61,3,290,7,
14034087,Taipei 101 信義區 平價 北醫人文 沙發背包客空間  ( 三人座沙發 ),54194324,Johnny,,信義區,25.02577,121.56383,Shared room,346,2,34,2019-12-16,0.33,9,50,0,
14066109,※絕佳採光景觀雙人床 西門町交誼廳獨立衛浴 唐吉訶德 I Play Inn 愛玩客,78964777,I Play Inn,,萬華區,25.04591,121.50671,Private room,,1,69,2023-06-12,0.67,12,353,0,
14066252,※愛玩客旅店 景觀主題雙人房 捷運西門站6號出口,78964777,I Play Inn,,萬華區,25.045912,121.506706,Private room,2478,1,22,2024-03-07,0.24,12,262,1,
14068043,Cozy mixed bunk bed Ximen Taipei Station iPLAYinn,78964777,I Play Inn,,萬華區,25.04591,121.50671,Shared room,727,1,6,2024-03-30,0.06,12,354,3,
14068140,Cozy mixed bunk bed Ximen Taipei Station iPLAYinn,78964777,I Play Inn,,萬華區,25.045912,121.506706,Shared room,727,1,14,2024-12-26,0.18,12,356,5,
14069575,Cozy mixed bunk bed Ximen Taipei Station iPLAYinn,78964777,I Play Inn,,萬華區,25.04591,121.50671,Shared room,727,1,9,2024-11-02,0.09,12,355,3,
14070634,Mixed bunk bed I Play Inn Ximending,78964777,I Play Inn,,萬華區,25.04591,121.50671,Shared room,727,1,2,2024-11-23,0.02,12,259,1,
14071140,Cozy mixed bunk bed Ximen Taipei Station iPLAYinn,78964777,I Play Inn,,萬華區,25.04591,121.50671,Shared room,727,1,15,2024-12-04,0.15,12,354,12,
14119540,【酒精消毒】1月特優惠～窗外101景觀&市政府捷運站 3min/鄰台北101【XinYi E】,50337636,B V,,信義區,25.04149,121.57045,Entire home/apt,3116,5,299,2024-12-23,2.92,7,202,43,
14158491,[Taipei  journey613] MRT Zhongshan station Studio,57698182,Taipei Journey,,中山區,25.0552,121.52641,Hotel room,,1,115,2020-01-06,1.12,27,0,0,
14164127,Modern room near Shilin NightMarket,42839297,John,,士林區,25.08972,121.52363,Entire home/apt,2243,1,48,2024-11-11,0.47,3,87,5,
14188621,Taipei Cozy Suite  MRT 3 Min walking  Flower park,25843609,Allen&Yoyo,,中山區,25.0656,121.52699,Entire home/apt,1640,30,171,2024-10-21,1.74,2,176,4,
14214031,WZ-Casa [ Oslo ] Ximen MRT 3mins 西門町 FreeWiFi,28321231,W,,萬華區,25.04151,121.50378,Entire home/apt,3794,3,162,2024-12-16,1.60,11,176,19,
14241304,"MRT 一 分鐘, 交通便利 可住6人 ,鄰近東區商圈,台北101，",73131755,May,,大安區,25.01796,121.55656,Entire home/apt,3843,5,206,2024-12-16,2.05,3,320,10,
14305998,City Hall Stn. 300m / Yongji A 市政府捷運站300公尺/永吉林居A,29002794,Metrohouse,,信義區,25.04105,121.56929,Entire home/apt,2186,29,48,2024-12-16,0.52,26,73,9,
14322882,MRT ZhongShan Elem. School Station中山國小站 THE WIND,71614710,Alvin,,中山區,25.065902173556672,121.52495373040438,Entire home/apt,3160,2,297,2024-12-19,3.00,1,105,38,
14396024,"New Chic apartment, Within one min to SYS MRT!",99236,Grace,,大安區,25.04193,121.5569,Entire home/apt,3343,3,152,2024-12-11,1.49,2,292,21,
14397837,"Near NCCU,MRT&Park, Mucha Old House 2F",88381027,Eunice,,文山區,25.00018,121.57155,Entire home/apt,2309,30,84,2024-08-24,0.87,1,261,2,
14421878,接機優惠Dec hot sale信義安和歲月靜好/Walk to night market 1min,15706026,Atwood,,大安區,25.03083,121.55659,Entire home/apt,4481,2,161,2024-07-04,1.58,12,347,4,
14529227,2萬豪酒店旁 電梯大樓.近內湖科技園區,83686269,Sophia,,中山區,25.08048,121.56048,Private room,1390,30,38,2024-09-20,0.37,4,210,1,
14541211,6 萬豪酒店旁 近內湖科技園區.電梯社區,83686269,Sophia,,中山區,25.07822,121.55896,Entire home/apt,3980,30,16,2024-12-07,0.16,4,203,1,
14582309,月租都市Tiffany棧 近市中心MRT地鐵3分鐘 大雙人電梯房 1張舒適床,56829663,子晴,,中山區,25.05892,121.52137,Entire home/apt,1834,7,235,2024-12-27,2.34,3,52,20,
14623736,Central Taipei family home台北市中心中型公寓,66676033,Rebecca,,大安區,25.03187,121.54552,Entire home/apt,4265,30,0,,,1,361,0,
14868115,Friday @Taipei MRT 西門站 5mins (3-6人房)free Wifi,20965710,NiNi,,萬華區,25.04214,121.50483,Entire home/apt,2826,3,249,2024-12-25,2.47,11,164,43,
14893120,A.K 微工業.捷運西門站6號口3分鐘2-3人房.Mrt Ximen exit6.3min*可月租*,92448004,A.K,,萬華區,25.04481,121.50856,Entire home/apt,1863,3,391,2024-12-09,3.86,17,111,30,
14964333,"接機優惠Dec discount月租&短租<大間的雅房/東區sharehouse,共用衛浴.",58666148,Cookie,,大安區,25.04429,121.55108,Private room,,1,116,2024-12-14,1.15,21,178,11,
14990683,Just@Room 8 Airport MRT A1 Sta. 4min free laundry,51651678,Alex,,中正區,25.04547,121.51472,Entire home/apt,2629,3,293,2024-12-21,2.93,2,49,16,
15035792,Cozy comfy flat in quiet safe area next to 101,94964776,Gracie,,大安區,25.03429,121.55493,Entire home/apt,3171,3,187,2024-11-04,1.89,1,109,10,
15044520,玻璃屋Modern Glass Loft Apartment,83930391,Ivan,,大安區,25.02676,121.54217,Entire home/apt,5614,4,118,2024-12-20,1.18,1,240,20,
15076839,(Forest) 6~8p MRT Taipei Ximen,6848872,Jack,,萬華區,25.04409,121.50684,Entire home/apt,,1,15,2019-12-31,0.17,4,358,0,
15092873,Kids friendly 1-bedrm -kitchen & toy room included,151488,Mavis,,大安區,25.03407,121.55152,Private room,3281,2,5,2019-11-25,0.05,2,362,0,
15107917,大巨蛋-步行至國父紀念館站7分鐘,46621732,家齊,,大安區,25.03593,121.55746,Entire home/apt,3357,3,194,2024-12-23,1.95,4,116,41,
15141830,[basement] 3mins to MRT科技大樓站,47885711,Hank & Leo & Ruby,,大安區,25.0283,121.53923,Entire home/apt,2264,14,107,2024-08-30,1.07,4,178,4,
15148535,Comfy clean room in center of city 1min to mrt,96037531,Fred,,中正區,25.04198,121.53175,Private room,723,1,45,2020-01-05,0.45,2,82,0,
15215432,Central Taipei city MRT cozycat apartment,94636406,Kate,,中山區,25.05038,121.53732,Entire home/apt,2500,20,32,2024-12-03,0.32,1,140,6,
15274263,Spacious Designer 3-bedrm by Taipei 101 適合家庭旅遊居住！,151488,Mavis,,大安區,25.02542,121.5434,Entire home/apt,10827,2,25,2024-11-24,0.36,2,201,8,
15305332,接機優惠Dec hot sale 城市多巴胺 Central Lush apt,58666148,Cookie,,大安區,25.04447,121.54283,Entire home/apt,1823,2,255,2024-12-16,2.54,21,176,15,
15364905,Cozy family room for 4 guests - shared facilities,5785514,小公館人文旅舍,,松山區,25.05151,121.56963,Hotel room,3980,1,12,2023-12-17,0.13,7,157,0,
15379517,Female cube for single traveler-shared facilities,5785514,小公館人文旅舍,,松山區,25.05151,121.56963,Hotel room,914,1,106,2024-12-26,1.06,7,177,33,
15415503,G7 Loft Studio XL Window City View Washer Dryer,48399837,Urban Abode,,中正區,25.04621,121.51689,Entire home/apt,,2,85,2024-12-20,0.86,13,3,27,
15455911,Double Bed Private Ensuite with bathroom/elevator,83232840,Play Taipei,,士林區,25.08972,121.52388,Entire home/apt,,30,48,2020-08-20,0.55,8,0,0,
15457178,Mixed cube for single traveler-shared facilities,5785514,小公館人文旅舍,,松山區,25.05151,121.56963,Hotel room,929,1,79,2024-12-23,0.81,7,180,23,
15523177,[Taipei journey606] MRT Zhongshan Station 8min 606,57698182,Taipei Journey,,中山區,25.058,121.52693,Entire home/apt,,1,46,2020-02-29,0.46,27,0,0,
15526050,2 | Art House | Pool | Gym |Taipei 101,298307200,Ellis,,信義區,25.0348,121.57355,Entire home/apt,2356,3,50,2024-11-03,0.50,5,115,6,
15527182,[Taipei  journey615]MRT Zhongshan Station 8min 615,57698182,Taipei Journey,,中山區,25.05733,121.52586,Entire home/apt,,1,73,2020-01-06,0.74,27,0,0,
15539399,近辛亥捷運站偶像劇民宿20B-全新一房一廳廚房客廳陽台可住2-4人環境清幽,8478209,Eric,,文山區,25.00551,121.55905,Private room,1557,3,5,2018-01-19,0.05,15,89,0,
15556327,Stylish City Break in Taipei.,99952183,Eric,,中正區,25.02045,121.52042,Private room,1482,1,76,2024-12-30,0.77,1,53,16,
15572071,View apartment w/ garden terrace in Taipei,5091656,Quinn,,士林區,25.12606,121.53136,Entire home/apt,3000,5,67,2024-10-15,0.78,1,233,5,
15707390,Art House | Gym & Pool | 2 mins MRT |Taipei 101,298307200,Ellis,,信義區,25.03294,121.57403,Entire home/apt,2200,10,132,2024-11-24,1.33,5,32,1,
15709563,"Riverside| Nangang Exhibition Center, MRT HSR| 2-6",14475460,Rebecca,,南港區,25.06069,121.61238,Entire home/apt,2658,7,145,2024-11-10,1.48,4,277,10,
15736839,Clean and Cozy @Daan 3min to MRT,69132403,Joan,,大安區,25.02659,121.54191,Private room,1219,10,158,2024-12-21,1.59,3,259,10,
15754576,【LOFT·紐約四人房】013182#台北車站 #電磁爐 #Wi-Fi #乾濕分離 #洗脫烘,28790031,Chia Yin,,中正區,25.04725,121.51647,Entire home/apt,4257,2,171,2024-04-06,1.73,5,19,4,
15766267,[Taipei journey608] MRT Zhongshan Station 8min 608,57698182,Taipei Journey,,中山區,25.05346,121.5252,Hotel room,,1,66,2019-11-04,0.67,27,0,0,
15769019,【LOFT·蘇活四人房】006141#台北車站 #電磁爐 #Wi-Fi #乾濕分離 #洗脫烘,28790031,Chia Yin,,中正區,25.04507,121.51627,Entire home/apt,8297,2,192,2024-06-20,1.96,5,134,5,
15769542,【LOFT·蒸氣龐克風四人房】012181#台北車站 #電磁爐 #Wi-Fi #乾濕分離 #洗脫烘,28790031,Chia Yin,,中正區,25.04569,121.51492,Entire home/apt,,2,193,2024-11-27,1.95,5,0,12,
15859205,Taipei Xinyi Distric /Yongchun MRT/Washing machine,30670839,Paul,,信義區,25.04366,121.57251,Entire home/apt,1856,13,171,2024-11-04,1.73,10,81,9,
15864975,5min MRT@Shilin BrandNew Garden GroundFloor for1-8,74275246,Joel,,士林區,25.1079,121.52648,Entire home/apt,3944,14,149,2024-12-15,1.53,5,244,10,
15891578,月租都市工業棧 市中心MRT雙連站 3分鐘 大雙人電梯房 台北車站/寧夏夜市/馬偕醫院/中山商圈,56829663,子晴,,中山區,25.056647326515325,121.52308059648358,Entire home/apt,1749,7,164,2024-12-22,1.99,3,47,20,
15907856,"Taipei NTU Gongguan Loft(MRT 3mints, ShiDa Market)",79989726,Amy,,中正區,25.01574,121.53233,Entire home/apt,2014,90,143,2021-05-01,1.45,10,149,0,
15911332,Taipei Yongchun MRT/ business trip/Xinyi District,30670839,Paul,,信義區,25.04537,121.57231,Entire home/apt,2325,13,175,2024-12-02,1.77,10,54,10,
15934211,台北車站對面Allen度假2~6人房,33338185,Allen,,中正區,25.04548,121.51705,Entire home/apt,1805,1,28,2019-05-18,0.28,6,339,0,
15943600,台北車站對面Allen典雅風格2~6人房,33338185,Allen,,中正區,25.04539,121.517,Entire home/apt,1937,1,11,2020-01-06,0.11,6,334,0,
15954301,Taipei Xinyi District/ Monthly rental/MRT Yongchun,30670839,Paul,,信義區,25.04338,121.57289,Entire home/apt,2245,13,168,2024-10-08,1.70,10,56,10,
15964784,"Shilin Night Market suite for rent, 5 mins to MRT",101237180,Jimmy,,士林區,25.08925,121.52399,Entire home/apt,1394,3,185,2024-11-26,1.92,4,51,22,
15966400,台北車站對面Allen繽紛風2~8人房,33338185,Allen,,中正區,25.04645,121.51302,Entire home/apt,1661,1,15,2024-01-21,0.15,6,340,1,
15966454,台北車站對面Allen希臘風2~8人房,33338185,Allen,,中正區,25.04794,121.51495,Entire home/apt,1815,1,51,2024-04-19,0.53,6,341,3,
16057271,內湖挑高景觀套房(月租有優惠，歡迎參觀）,54549945,Spring,,內湖區,25.06995,121.58935,Entire home/apt,1200,28,5,2023-12-30,0.06,1,91,0,
16064583,Comfortable room near the Dahu park MRT station,55073696,柏任,,內湖區,25.08472,121.59921,Private room,,5,88,2024-12-25,0.90,1,0,9,
16065284,Bonjuor你好@台北西門町 Ximending(3-5人),34871936,Nico,,萬華區,25.04319,121.5042,Entire home/apt,2207,2,190,2024-12-28,1.94,1,73,41,
16078176,Deluxe TPE city view 3 beds  room w/24hr reception,39528362,Chia Ying,,中正區,25.04565,121.51672,Entire home/apt,7071,2,341,2024-12-09,3.50,9,33,48,
16080061,3 beds Family Room#taipeimainstation#24/7reception,39528362,Chia Ying,,中正區,25.04663,121.517,Entire home/apt,6643,2,197,2024-11-26,2.01,9,60,12,
16089419,2 Bedroom and mini kitchen#MRT3mins#24h front desk,39528362,Chia Ying,,中正區,25.04728,121.5149,Entire home/apt,5171,2,264,2024-11-26,2.68,9,23,27,
16138944,DAAN PARK Hotel - 2 bunk bed private room,14971125,Daan Park,,中正區,25.03379,121.53199,Private room,,1,15,2023-10-14,0.21,12,0,0,
16142591,Xinyi Distric/Yongchun MRT/Washing machine/balcony,30670839,Paul,,信義區,25.04368,121.57374,Entire home/apt,2226,13,178,2024-07-02,1.83,10,70,7,
16149678,接機優惠Dec hot sale.Fashion101house/2big roomMrt 5min,12812606,Simon,,大安區,25.03156,121.5535,Entire home/apt,3707,2,180,2024-12-28,1.84,15,181,16,
16194730,【親子精品屋】MRT忠孝復興步行3分鐘電梯3房2廳2衛(備有嬰兒用品),16410502,Ruby,,大安區,25.04386,121.54493,Entire home/apt,8400,3,208,2024-12-16,2.12,1,146,23,
16203170,TaipeiDreamcorner尋夢角落°中山區溫馨陽台獨立套房※南京松江/復興雙捷運※（月租）,105821174,儀仙,,中山區,25.05382,121.53972,Entire home/apt,2886,3,93,2024-12-21,0.95,1,89,4,
16215192,臨近雙捷運東區溫馨甜蜜之套房,50444570,Willy,,松山區,25.04848,121.55702,Entire home/apt,1450,1,56,2024-11-17,0.64,1,289,9,
16235414,接機優惠Dec hot sale.30sec.FuxingStation/elevatorhouse,12812606,Simon,,大安區,25.04278,121.54662,Entire home/apt,4692,2,149,2024-12-22,1.52,15,362,17,
16275341,Taipei Elaine's house MRT Exit4，Monthly discount,14357781,Skaly,,中山區,25.05228,121.53234,Entire home/apt,2728,3,135,2024-12-02,1.38,2,185,21,
16297721,微風復興簡約獨立套房,28402175,Somer,,松山區,25.04931,121.54513,Entire home/apt,1837,3,233,2024-12-26,2.39,11,169,33,
16340566,DAAN PARK Hotel - Twin Superior private room,14971125,Daan Park,,中正區,25.03379,121.53199,Private room,,1,11,2023-09-06,0.15,12,0,0,
16369174,高級社區精美裝潢，無敵夜景大陽台，硬體設備優，石牌捷運站走路1分鐘，24小時警衛，生活機能優可住5人,6821174,Elayne,,北投區,25.11503,121.51694,Entire home/apt,,20,61,2021-11-30,0.62,1,168,0,
16374348,[Clover Homestay] 2 mins walk to MRT G18 Station,8525481,Ivy,,松山區,25.0513,121.56068,Private room,,2,30,2024-12-28,0.32,2,1,7,
16424173,士林夜市劍潭站舒適溫馨套房出租-生活機能超便利-適合長租(歡迎私訊洽詢),101237180,Jimmy,,士林區,25.08945,121.52422,Private room,1322,4,217,2024-11-01,2.26,4,88,4,
16430206,台北市區2-3人房近捷運和機場巴士站Taipei near MRT&Airport bus stop,5424311,Ailin,,中山區,25.06306,121.52808,Private room,1800,1,4,2023-01-01,0.04,6,20,0,
16459905,Near MRT@Shilin Warm Cozy 3 Bedrooms charming apt,168846117,Chi,,士林區,25.1085,121.5275,Entire home/apt,3752,7,122,2024-12-17,1.25,4,243,17,
16460912,designed with ❤2BR2Bath@ 4 mins to City Hall MRT,33705816,Daisy,,信義區,25.04221,121.56675,Entire home/apt,9843,4,113,2024-12-08,1.16,4,357,14,
16469777,"Ximen 시먼 Fresa loft, New lift with balcony",60566627,Sasha,,萬華區,25.04727,121.50686,Entire home/apt,4154,2,149,2024-11-22,1.54,3,56,23,
16481066,H&K 3/2 SOGO SOHO at Zhongxiao Fuxing,30591050,H&K,,大安區,25.04267,121.54638,Entire home/apt,8179,10,97,2024-12-14,1.00,13,229,15,
16526138,A.K微旅人.捷運西門站6號口3分鐘2人房.樓下西門町Mrt Ximen exit6.3min可月租,92448004,A.K,,萬華區,25.04175,121.50509,Entire home/apt,1299,5,407,2024-11-25,4.17,17,152,25,
16550758,Modern Family Loft,2488393,Nathan,,士林區,25.09355,121.52684,Entire home/apt,6070,21,29,2024-03-04,0.34,1,273,2,
16552078,"S1 Suite with sofa bed, 5 min to MRT, airport bus",10007698,Kiki,,中山區,25.05745,121.5318,Hotel room,2015,3,153,2024-12-03,1.57,18,78,13,
16553999,"Private Apartment Near Metro, Shilin Night Market.",10006796,Johnson,,士林區,25.10611,121.52802,Entire home/apt,1879,3,106,2024-12-15,1.11,3,57,8,
16581486,"Room A / Taiwan University（NTU）, Gongguan MRT",2834846,Obie,,中正區,25.01398,121.53217,Private room,1071,30,246,2024-12-27,2.56,2,338,7,
16593304,永康街美食/東門MRT捷運/NTNU[美食之旅，《鼎泰豐創始店》私密獨享空間+接機優待,54295470,Annie,,大安區,25.02793,121.529,Entire home/apt,8229,3,126,2024-12-26,1.33,2,251,29,
16621137,松菸小宅找室友  (與房東同住)/ 5mins to MRT station,41514118,Chasel,,信義區,25.042485646191803,121.5622862970082,Private room,2857,4,51,2024-12-15,0.59,1,88,1,
16739098,台北西門町Ximen Warm 優活 A+新大樓獨立門戶陽台電梯洗衣機 (2房) MRT西門站3分鐘,104593372,Cindy,,萬華區,25.04254,121.50499,Entire home/apt,,2,180,2024-11-26,1.89,2,153,28,
16815692,大安區溫馨雅房PB（近師大/台大）捷運台電大樓站旁（步行3分鐘）,26449355,Three Little Birds,,大安區,25.02141,121.5295,Private room,,2,23,2024-02-04,0.29,4,361,3,
16820621,【酒精消毒】2月超優惠現代時尚挑高4米2/科技大樓捷運站2min【Da'anC】,50337636,B V,,大安區,25.024271747983185,121.54512685738825,Entire home/apt,8171,5,374,2024-12-27,3.88,7,205,51,
16836349,全新白色木質裝潢60吋劇院電視@酒店管理五星！與台北101&MRT 為鄰,25523787,New Apt,,信義區,25.03219,121.56118,Entire home/apt,4673,28,103,2024-05-01,1.07,26,198,1,
16860797,特惠市貿台北101站/Family Condo with Lift/親子電梯歐風宅/吃玩買逛ㄧ應俱全,57593093,Angel,,信義區,25.04229,121.57737,Entire home/apt,6906,1,275,2024-12-28,2.85,7,229,19,
16877750,"Hello, Sun! Clean, warm room with private bathroom",25513137,Vivian & Eugene,,信義區,25.03836,121.55775,Private room,,1,175,2020-01-15,1.83,2,28,0,
16916799,WanlongMRT two style-room Family-friendly Soho-apt,473265295,Sharon,,文山區,24.99954,121.53869,Entire home/apt,1436,21,52,2024-10-22,0.54,1,120,5,
16965201,Central MRTGuting 3min  2B2B High Floor with View,6762184,Anna,,中正區,25.02512,121.51962,Entire home/apt,10714,3,29,2023-07-16,0.34,1,267,0,
16965572,"3 bedroom apartment in Taipei City, near MRT O10",55419912,Jerry,,中山區,25.06558,121.52948,Entire home/apt,80000,30,57,2019-02-17,0.59,2,37,0,
17025316,台北101 思泊客 · 舒活精彩客房,114196743,仁德,,信義區,25.03473,121.56429,Entire home/apt,,1,20,2023-10-23,0.21,4,0,0,
17025907,台北101 思泊客 · 品味精彩雙人房,114196743,仁德,,信義區,25.03348,121.56324,Private room,,1,14,2024-03-04,0.15,4,0,1,
17032186,COZY HOME@5mins to Ximen mrt/lift,38523879,Andrea,,萬華區,25.04245,121.5065,Entire home/apt,4886,2,211,2024-12-09,2.23,3,151,21,
17035938,(Heaven)4~6p MRT Taipei Ximen,6848872,Jack,,萬華區,25.04495,121.50489,Entire home/apt,,1,8,2020-07-29,0.09,4,361,0,
17105691,Taipei Main Station (On Top Q Square Mall) Room E,45055295,Peter,,大同區,25.04935,121.51806,Entire home/apt,2550,2,185,2024-12-24,1.93,3,114,48,
17110793,北漂小屋 Gorgeous apartment in Taipei 溫馨舒適 交通便利(含衛浴),25513137,Vivian & Eugene,,信義區,25.03816,121.56046,Private room,1257,1,107,2020-01-13,1.31,2,28,0,
17206882,XIMENDING MRT COZY STUDIO 3,31917261,Eva,,萬華區,25.04497,121.50566,Entire home/apt,2297,30,21,2024-05-23,0.26,7,297,2,
17216033,台北信義商圈 吃喝玩樂❤️盡在 Sparkle 思泊客Hotel品味時尚客房。 Vogue Room。,114196743,仁德,,信義區,25.03324,121.56199,Entire home/apt,,1,13,2023-01-16,0.35,4,0,0,
17248878,NEW Taipei MRT Ximen Loft 2-5 people Deer suite.,30569371,S,,萬華區,25.04365,121.50556,Entire home/apt,3000,2,231,2024-12-17,2.43,5,95,29,
17273007,WOOD Room 1-4 Pax,42159672,幼幼,,萬華區,25.04549,121.50633,Entire home/apt,1825,2,20,2024-12-27,0.24,4,342,5,
17287805,601_Apartments for Rent near Academia Sinica,5386798,Jej,,南港區,25.03559,121.61496,Private room,500,31,17,2020-12-03,0.18,2,364,0,
17321716,北医（医疗签）微风南山/101地铁站,44139449,Momo,,信義區,25.02671,121.56452,Entire home/apt,2443,10,41,2024-11-20,0.43,1,358,3,
17347962,「小北歐迷鹿之家」一房一廳一廚房獨立衛浴近台北101,28402175,Somer,,松山區,25.049523064491233,121.55812968969744,Entire home/apt,1990,3,148,2024-12-08,1.55,11,71,27,
17369769,MTC Shida NTNU and NTU monthly 月租,17148416,Philips,,大安區,25.02707,121.52645,Entire home/apt,5277,31,33,2024-12-21,0.35,10,211,7,
17566292,接機優惠 Dec hot sale 簡約流線時代元素 3 bd/elevator&bathtub,107844067,Debby,,松山區,25.04518,121.55247,Entire home/apt,6168,2,197,2024-11-23,2.09,14,357,10,
17583027,A.K 微海風.捷運西門站6號口3分鐘2-3人房.Mrt Ximen exit6.3min *可月租,92448004,A.K,,萬華區,25.04348,121.50672,Entire home/apt,1485,3,379,2024-12-01,3.99,17,110,27,
17629624,Puma Nest @Shilin MRT,4762726,FuJen,,士林區,25.09276,121.52217,Entire home/apt,1148,30,114,2024-11-19,1.20,7,71,4,
17661973,【Ximending Lift studio_10】,21867853,Teddy,,萬華區,25.0438,121.50811,Entire home/apt,2080,3,206,2024-12-02,2.18,16,135,32,
17686934,Ultimate Nomad Challenge Taipei,25246943,Laurent,,大安區,25.03871,121.54811,Private room,829,3,3,2020-01-18,0.03,5,361,0,
17689778,市中心的世外桃源 Downtown paradise 距台北車站不到2公里,20406246,Pauline,,中山區,25.0544,121.52476,Entire home/apt,2686,2,226,2024-10-10,2.39,2,26,26,
17839590,F-Himalaya-(2)-Double room,10354598,U,,大同區,25.05048,121.51519,Private room,690,1,4,2017-07-15,0.04,5,77,0,
17839907,F-Himalaya-Double room(1+1),10354598,U,,中正區,25.04665,121.5171,Private room,670,1,4,2017-07-02,0.04,5,76,0,
17851610,[Taipei  journey601]MRT Zhongshan Station 8min,57698182,Taipei Journey,,中山區,25.05551,121.5271,Entire home/apt,,1,46,2020-01-21,0.50,27,0,0,
17858551,台北西門町 ~ 黃金樹!(電梯/獨立衛浴間~禁菸),49127438,樂,,萬華區,25.04151,121.50493,Private room,1271,2,161,2024-12-15,1.72,10,173,22,
17859630,台北西門町 ~ 深藍色!(電梯/獨立衛浴間~禁菸),49127438,樂,,萬華區,25.04215,121.50571,Private room,1343,2,170,2024-12-02,1.83,10,174,19,
17860965,台北西門町 ~ 藍色!(電梯/獨立衛浴間~禁菸~2人以上入住，與需使用2張床者，需加收費用),49127438,樂,,萬華區,25.04362,121.50517,Private room,,2,119,2024-12-06,1.28,10,177,14,
17918107,台北西門町 ~青色(電梯/獨立衛浴間~禁菸),49127438,樂,,萬華區,25.04294,121.50341,Private room,1557,2,133,2024-12-17,1.41,10,176,13,
17928951,劍潭站摩登套房出租 距離士林夜市1分鐘-歡迎月租私訊洽詢,101237180,Jimmy,,士林區,25.0869,121.52504,Entire home/apt,1407,3,150,2024-05-09,1.62,4,57,2,
17930233,[Taipei  journey609]MRT Zhongshan Station 8min,57698182,Taipei Journey,,中山區,25.05711,121.52616,Entire home/apt,,1,32,2020-01-15,0.35,27,0,0,
17946966,"30 seconds to main station! Exist M3, big space!",122869641,Hannah,,中正區,25.04734,121.5191,Entire home/apt,1100,1,144,2024-12-15,1.56,1,91,22,
17982233,[Taipei  journey603]MRT Zhongshan Station 8min,57698182,Taipei Journey,,中山區,25.05536,121.5254,Hotel room,,1,49,2019-10-31,0.53,27,0,0,
18020148,[Taipei journey602] MRT Zhongshan Station 8min 602,57698182,Taipei Journey,,中山區,25.05322,121.52518,Entire home/apt,,1,93,2020-04-29,0.99,27,0,0,
18060986,浪漫情侶湯屋的白磺溫泉，是秋冬舒壓，美容養生&幸福增溫的最佳良方~,124323893,Lisa,,北投區,25.13437,121.51147,Entire home/apt,1100,28,126,2024-12-25,1.34,2,325,4,
18072488,6 西門行館 近北門 西門町 捷運 4房 適合8-14位,50803756,季維,,中正區,25.04284,121.51045,Entire home/apt,11529,3,115,2024-12-10,1.25,9,107,45,
18117396,西門夜市시먼 文化台北CULTURAL TPE有電梯新大樓 有陽台 歡迎家庭4-6人 西門站550m,122639677,Ta,,萬華區,25.04678,121.50722,Entire home/apt,,2,239,2024-12-21,2.56,5,53,38,
18118367,西門夜市시먼-活力台北EnergeticTPE 2+1房2衛浴 歡迎4-7人團體 新電梯大樓 有露台,122639677,Ta,,萬華區,25.04525,121.50597,Entire home/apt,3937,2,165,2024-12-03,1.78,5,74,36,
18182753,A perfect home for long stay in Taipei,8039929,Rekate,,士林區,25.111526,121.5349395,Private room,1364,2,13,2024-12-27,0.64,2,339,8,
18201847,【Spotlight三人房】#台北車站MRT# 101景觀#洗烘衣機#24小時櫃台,124956838,建吾,,中正區,25.047141797350857,121.51617710748164,Entire home/apt,5974,2,271,2024-10-12,2.90,5,77,25,
18203178,Taipei NTNU Apt Red Room 4F-1,125647931,Adam,,大安區,25.023,121.52797,Private room,,3,4,2024-12-30,0.04,12,0,1,
18219195,台北西門町Ximen Luxury輕鬆旅A+新大樓電梯陽台 洗衣機獨立門戶 MRT西門站步行 3分鐘,104593372,Cindy,,萬華區,25.04226,121.50692,Entire home/apt,5167,2,138,2024-12-26,1.54,2,153,35,
18233385,接機優惠Dec hot sale 3min zhongxiaofuxing 4ROOM/family,107844067,Debby,,大安區,25.04425,121.54352,Entire home/apt,7110,2,256,2024-10-23,2.73,14,346,28,
18247284,商務、考察、短期設籍最佳據點，住宿及商務可配套租用。位於信義精華商圈，南來北往交通、餐飲、超便捷。,65437890,Jensen,,信義區,25.03838,121.57792,Private room,850,30,0,,,1,365,0,
18255479,『 W101 五星酒店式公寓 | 巴黎香榭2房2浴 Champs-Élysées 2Bed 』長租,118193162,WilL,,信義區,25.04224,121.56764,Entire home/apt,6937,5,173,2024-12-20,1.85,3,233,26,
18258105,Mountain View nearby Tianmu Park & Hot Spring,22603222,Rica,,北投區,25.12834,121.53075,Entire home/apt,4101,5,18,2024-10-24,0.24,1,76,4,
18297846,"Taipei Ximen Penthouse, Nice VIEW, Elevator 1~6 pp",24533581,AHome,,萬華區,25.04223,121.50334,Entire home/apt,3997,7,190,2024-11-10,2.23,2,190,18,
18399556,西門夜市시먼Ximen-時尚台北ModernTPE 2+1房2套衛浴 新電梯大樓有陽台 近捷運西門站,122639677,Ta,,萬華區,25.04504,121.50701,Entire home/apt,4409,2,176,2024-12-16,1.88,5,64,36,
18400190,西門夜市시먼XIMEN-日出台北SUN TPEVILLA新電梯大樓獨立門戶(有露台) 近西門捷運站,122639677,Ta,,萬華區,25.04562,121.50689,Entire home/apt,4702,2,211,2024-12-16,2.27,5,56,44,
18421633,"Private Apartment Near Metro, Shilin Night Market",10006796,Johnson,,士林區,25.10783,121.52912,Entire home/apt,2033,3,129,2024-12-27,1.40,3,58,12,
18423691,台北西門町~黑色II(電梯/獨立洗衣機/獨立衛浴間~禁菸),49127438,樂,,萬華區,25.04156,121.50506,Private room,1614,2,86,2024-12-11,0.92,10,177,22,
18433648,【酒精消毒】1月超優惠法式風4米2/市政府捷運站3min/鄰台北101【XinYi D】,50337636,B V,,信義區,25.04329,121.56833,Entire home/apt,4057,5,348,2024-12-20,3.75,7,238,46,
18469735,蔦屋のMRT 每天每個人一個口罩免費準備 mask to provide daily,128075457,Marco,,中正區,25.04534,121.51553,Entire home/apt,12857,2,100,2020-09-14,1.08,2,89,0,
18473872,【Ximending Lift studio_11】,21867853,Teddy,,萬華區,25.04371,121.50773,Entire home/apt,2811,3,195,2024-12-16,2.09,16,147,26,
18492644,"Taipei Shangri-La 101,3 rooms ,MRT, Elevator, 5 pp",21959873,Mimi,,大安區,25.02449,121.54557,Entire home/apt,3980,28,4,2024-04-29,0.07,4,217,1,
18571669,201全新套房，鬧中取靜，雙色捷運， 旅法建築師設計,128944718,Bussy,,中正區,25.0381,121.50822,Private room,,2,88,2024-04-07,0.94,6,13,5,
18584300,Taipei/has elevator/MRT Zhongxiao Fuxing/ balcony,30670839,Paul,,大安區,25.04304,121.54281,Entire home/apt,2391,20,154,2024-10-25,1.66,10,58,10,
18587625,[Taipei journey508] MRT Zhongshan Station 8min 508,57698182,Taipei Journey,,中山區,25.05389,121.52697,Entire home/apt,,1,80,2020-01-14,0.86,27,0,0,
18596203,台北西門町~紫色浪漫(電梯/獨立衛浴間~禁菸~2人以上入住，與需使用2張床者，需加收費用),49127438,樂,,萬華區,25.0466,121.50702,Private room,1371,2,143,2024-11-24,1.54,10,168,25,
18604818,Joy house,77280964,Joy,,松山區,25.06201,121.54849,Entire home/apt,3937,3,46,2024-12-23,0.50,1,80,11,
18621578,Taipei NTNU Apt Blue Room 4F-1,125647931,Adam,,大安區,25.02349,121.52792,Private room,,1,5,2023-05-24,0.05,12,0,0,
18622727,301　旅法建築師裝潢  - ３分鐘捷運小南門.西門町.雙層觀光巴士站. 家樂福２４小時大賣場,128944718,Bussy,,中正區,25.03847,121.50835,Private room,2000,2,88,2024-10-22,0.95,6,44,4,
18639148,"501全新裝潢 近捷運小南門.西門町.雙層觀光巴士站. 旅法國建築師設計 "" 超讚房東 """,128944718,Bussy,,中正區,25.03798,121.50825,Private room,,2,56,2020-03-02,0.60,6,0,0,
18641647,[Opening Special] Huashan Park/MRT,5697629,Peggy,,中正區,25.04499,121.5269,Entire home/apt,3164,29,80,2024-12-05,0.87,4,39,1,
18676657,"Ximen MRT 5mins #WsStudio, 2 ppl (2 single beds)",22075376,Noel,,萬華區,25.04154,121.50493,Private room,1514,1,245,2024-12-16,2.64,6,62,78,
18710038,"303近捷運小南門.西門町.雙層觀光巴士站. 超讚房東 ""旅法建築師規劃設計  合法立案",128944718,Bussy,,中正區,25.03844,121.50833,Private room,2500,2,62,2023-11-23,0.67,6,30,0,
18737738,5mins MRT Spacious Stylish 4 bedroom Taipei Center,74275246,Joel,,中山區,25.06199,121.53404,Entire home/apt,3694,7,155,2024-12-24,1.67,5,267,25,
18766621,台北西門町 ~水墨(獨立門戶/電梯/獨立衛浴間～禁菸),105936980,林,,萬華區,25.04332,121.50567,Private room,2414,2,106,2024-12-10,1.15,7,175,14,
18766785,"503 全新裝潢 近捷運小南門.西門町.雙層觀光巴士站  旅法建築師設計 "" 超讚房東 ""合法立案",128944718,Bussy,,中正區,25.03805,121.50876,Hotel room,,2,48,2023-08-02,0.52,6,0,0,
18794968,Homey Taipei Xinyi A: Mid to Long term rental,130827969,Wenchi,,信義區,25.03885,121.57279,Private room,650,31,1,2018-12-04,0.01,61,315,0,
18795799,Homey Taipei Xinyi B: Mid to Long term rental 月租以上,130827969,Wenchi,,信義區,25.04044,121.5745,Private room,650,31,0,,,61,172,0,
18796471,"SHIDA, NTNU, NTU Ensuite room E  (monthly rental)",130827969,Wenchi,,大安區,25.02564,121.52745,Private room,700,31,0,,,61,106,0,
18798963,"SHIDA, NTNU, NTU Comfy room D (monthly rental)",130827969,Wenchi,,大安區,25.0234,121.52883,Private room,600,30,0,,,61,128,0,
18799589,"SHIDA, NTNU, NTU Bright room A (monthly rental)",130827969,Wenchi,,大安區,25.02397,121.52923,Private room,600,30,1,2019-11-30,0.02,61,120,0,
18799698,F-Yosemite-Taipei-八人居,10354598,U,,中正區,25.04494,121.51656,Private room,650,1,0,,,5,331,0,
18800405,Dec hot sale甜蜜舒適信義之心/捷運2分鐘/Xinyi Anhe/6PPL,12812606,Simon,,大安區,25.03405,121.55318,Entire home/apt,5311,2,195,2024-12-27,2.14,15,170,12,
18801946,UNS Co-Living/MUJI雅房/語言學習/慢遊生活/師大/台電大樓站,59725999,光輝,,大安區,25.02282,121.52924,Private room,1308,30,24,2024-11-04,0.26,2,269,4,
18804846,"Taipei NTU Gongguan Loft(MRT 3mints, ShiDa Market)",79989726,Amy,,中正區,25.01589,121.5321,Entire home/apt,1300,90,68,2024-06-16,0.74,10,181,1,
18818844,住宿新北投白磺溫泉，是舒壓美容養生良方~,124323893,Lisa,,北投區,25.13904,121.51311,Private room,984,28,48,2024-11-08,0.53,2,263,3,
18849268,台北西門町 ~ 長方格子!(電梯/獨立衛浴間~禁菸),105936980,林,,萬華區,25.04143,121.50411,Private room,1986,2,85,2024-12-15,0.93,7,173,13,
18865759,WowLoft@Ximending BrandNew MRT LOFT Space(1~9),87612162,Loft Duncan,,萬華區,25.03826,121.50621,Entire home/apt,4371,1,446,2024-12-24,4.82,5,288,78,
18909518,台北西門町  藍色大地!(電梯/獨立衛浴間~禁菸),105936980,林,,萬華區,25.043,121.50381,Private room,2386,2,166,2024-12-17,1.80,7,159,12,
18909751,台北西門町  原野森林!(電梯/獨立衛浴間~禁菸),105936980,林,,萬華區,25.04156,121.50417,Private room,1429,2,115,2024-12-07,1.26,7,153,22,
18935800,"SHIDA, NTNU, NTU Room C (monthly rental) 儘提供月租以上租期",130827969,Wenchi,,大安區,25.02317,121.52786,Private room,580,31,3,2020-03-01,0.03,61,215,0,
18936182,"Spacious room near NTUST, NTU, & Gongguan",130827969,Wenchi,,中正區,25.01269,121.53372,Private room,700,30,0,,,61,362,0,
18936196,"Spacious room near NTUST, NTU, & Gongguan 月租以上",130827969,Wenchi,,中正區,25.01275,121.53481,Private room,600,50,0,,,61,259,0,
18936207,"Spacious room (E) near NTUST, NTU, & GONGGUAN 月租以上",130827969,Wenchi,,中正區,25.01289,121.53347,Private room,650,30,0,,,61,365,0,
18936218,"Cozy room near NTUST, NTU, & Gongguan",130827969,Wenchi,,中正區,25.01253,121.53541,Private room,580,30,1,2024-07-29,0.19,61,359,1,
18944766,"203.西門町秘境，家庭溫馨套房， 旅法大師設計 "" 超讚房東 "" 合法立案",128944718,Bussy,,中正區,25.03798,121.50825,Private room,2500,2,74,2024-06-09,0.80,6,24,2,
18964686,新北投溫泉區.放鬆休閒.渡假屋,132261358,Wen,,北投區,25.13515,121.50661,Entire home/apt,1800,30,35,2024-12-11,0.40,3,140,2,
19091146,[大安區]超讚房東！日系無印風~東區地鐵3分鐘，忠孝SOGO，誠品，電梯，2套衛浴、嬰兒床、遊戲區。,89615110,Kevin,,大安區,25.04268,121.53994,Entire home/apt,7077,2,198,2024-12-07,2.15,3,155,35,
19103948,SHIDA International shared flat (Monthly rental)月租,130827969,Wenchi,,中正區,25.02188,121.52612,Private room,580,30,0,,,61,218,0,
19144139,Homey Taipei Xinyi C: Mid to Long term rental,130827969,Wenchi,,信義區,25.04025,121.57463,Private room,550,30,0,,,61,340,0,
19147088,1 min away from Gutting MRT Bright & spacious room,130827969,Wenchi,,大安區,25.02907,121.52205,Private room,600,30,0,,,61,311,0,
19155182,西門旁、地鉄站2分鐘、通風、採光良好、客廳旁有陽台的閣樓屋(Loft House),27081138,James,,萬華區,25.03351,121.50093,Entire home/apt,3371,14,180,2024-08-18,2.09,1,196,11,
19163612,"Budgeted room near Ntust, Ntu, Ntnu",130827969,Wenchi,,中正區,25.01352,121.53299,Private room,495,30,0,,,61,365,0,
19170812,【瑞典家居四人房】008151# 北車周邊#洗烘衣機#24小時櫃台#紫外線消毒,39528362,Chia Ying,,中正區,25.04515,121.51502,Entire home/apt,4714,2,252,2024-11-04,2.75,9,28,17,
19173551,Homey Taipei Xinyi F: Mid to Long term rental 月租以上,130827969,Wenchi,,信義區,25.0392,121.57471,Private room,650,31,0,,,61,150,0,
19201503,NEW [Taipei journey617] 8Min MRT Zhongshan Station,57698182,Taipei Journey,,中山區,25.05513,121.52531,Entire home/apt,,1,72,2020-01-16,0.78,27,0,0,
19203083,Homey Taipei Xinyi D: Mid to Long term rental 月租以上,130827969,Wenchi,,信義區,25.03749,121.57248,Private room,650,30,0,,,61,350,0,
19220529,『 W101 Residence | Chelsea Ambassador Suites LOFT』,118193162,WilL,,信義區,25.04024,121.56663,Entire home/apt,7171,5,127,2024-12-14,1.39,3,167,34,
19241006,NEW [Taipei journey517] 8Min MRT Zhongshan Station,57698182,Taipei Journey,,中山區,25.05559,121.5268,Entire home/apt,,1,69,2019-12-14,0.75,27,0,0,
19257448,NTNU MTC/ 1 min away from Gutting MRT/ Room F,130827969,Wenchi,,大安區,25.02837,121.52403,Private room,600,30,0,,,61,184,0,
19281972,好棧house 電梯3房-5mins toMRT捷運 龍山寺 近西門町 台北車站 夜市(整層空間),43745983,Joe,,萬華區,25.03214,121.5009,Entire home/apt,2571,4,155,2024-12-22,1.69,1,58,28,
19296085,Single bed room 1 min to Guting station !,130827969,Wenchi,,中正區,25.02777,121.52178,Private room,,30,1,2017-11-30,0.01,61,0,0,
19305100,[Taipei  journey607]MRT Zhongshan Station 8min,57698182,Taipei Journey,,中山區,25.05431,121.52523,Hotel room,,1,36,2020-02-14,0.39,27,0,0,
19315872,"Room near NTNU MTC, 1 min from Gutting 儘提供月租以上租期。",130827969,Wenchi,,大安區,25.028,121.5245,Private room,590,30,0,,,61,180,0,
19387277,Double bed room in SHIDA night market,130827969,Wenchi,,大安區,25.0226,121.52904,Private room,510,30,2,2018-08-23,0.02,61,275,0,
19459682,[Taipei  journey611]MRT Zhongshan Station 8min 611,57698182,Taipei Journey,,中山區,25.05398,121.52708,Hotel room,,1,45,2019-09-14,0.49,27,0,0,
19482920,1 min to Gutting staiton. DAAN/NTNU/ PCCU/ TKU,130827969,Wenchi,,大安區,25.02655,121.5239,Private room,520,30,0,,,61,246,0,
19496584,1 min to Gutting staiton. DAAN/NTNU/ PCCU/ TKU (H),130827969,Wenchi,,大安區,25.0284,121.52357,Private room,520,30,0,,,61,333,0,
19508482,Budgeted monthly rental (1 min to Gutting / NTNU),130827969,Wenchi,,大安區,25.02708,121.52393,Private room,500,56,0,,,61,122,0,
19513449,[Aurora極光]設計美居2-4人+空氣清淨機+洗脫烘衣機+台北車站&捷運MRT,137043804,玉婷,,中正區,25.04743,121.51662,Entire home/apt,2600,2,96,2024-12-11,1.06,2,304,9,
19583881,TP101/Ximending/MRT/Loft/2-6人/歡迎月租,83670123,Apple,,信義區,25.04129,121.57548,Entire home/apt,3035,3,176,2024-12-09,1.93,3,64,28,
19600427,鼎泰豐永康商圈+三創光華商場+華山文創園區#MRT Zhongxiao Xinsheng 6mins,137804108,Jason,,中正區,25.03874,121.5304,Entire home/apt,2043,4,61,2024-12-08,0.67,1,38,10,
19627394,新北投渡假休閒屋,132261358,Wen,,北投區,25.13492,121.50711,Entire home/apt,1800,35,20,2021-10-30,0.23,3,194,0,
19631662,台北車站對面Allen的樂活2~4人房,33338185,Allen,,中正區,25.04716,121.51705,Entire home/apt,1567,1,4,2019-09-09,0.05,6,345,0,
19683732,溫馨2-3人房Ximen station 4 minutes 獨立衛浴、電梯、對外窗,53501011,Sally,,萬華區,25.04234,121.50668,Entire home/apt,1980,1,197,2024-12-30,2.17,13,268,35,
19684277,The IceLand - 1 min to Neihu MRT station on foot.,3705836,Gordon,,內湖區,25.08509,121.59359,Entire home/apt,7030,1,142,2024-12-15,1.56,11,162,15,
19692573,"Taipei NTU Gongguan Loft(MRT 3mints, ShiDa Market)",79989726,Amy,,中正區,25.01677,121.53125,Entire home/apt,1843,90,47,2021-03-29,0.52,10,122,0,
19770582,近內科雙學區精緻裝潢2+1房社區大樓 捷運港墘站步行5分鐘,139559799,允浩,,內湖區,25.07693,121.57855,Entire home/apt,1400,60,0,,,1,181,0,
19832230,W'HOUSEWalk7minTo XimenMrt-有電梯/暖氣絕美時尚清新風3～6人房,77177354,James,,萬華區,25.04445,121.5068,Entire home/apt,3314,2,194,2024-12-15,2.17,12,319,48,
19842055,【自在的家 Enjoyable】2~5人房  獨立陽台/洗衣機/WIFI/西門站步行5分鐘,21197641,Dabao,,萬華區,25.04309,121.50526,Entire home/apt,2229,3,193,2024-12-08,2.16,7,136,47,
19842634,【優質的家 Elegant】2~4人房 西門站步行5分鐘／電梯大樓／獨立陽台／訂房首選,21197641,Dabao,,萬華區,25.04309,121.50526,Entire home/apt,2129,2,218,2024-12-27,2.42,7,151,35,
19927036,派對專案9000限平日 台北車站地鐵一分鐘4房3衛浴26人寵物友善Taipeistation1min,19538865,伯樂,,中正區,25.04512,121.52543,Entire home/apt,6018,1,120,2024-12-15,1.33,3,83,15,
19956325,台北西門雙捷運站3分鐘 4~7人房  獨立套房 電梯大樓（月租）（未開放國內訂房）,30907882,Peter,,萬華區,25.04194,121.50666,Entire home/apt,2271,3,20,2024-01-27,0.22,3,120,2,
19980159,"A.K Ocean.捷運西門站6號口,5分鐘2人房.Mrt Ximen exit6.5min*可月租",92448004,A.K,,萬華區,25.04187,121.50644,Entire home/apt,,3,316,2024-10-09,3.49,17,0,23,
20002194,《東門MRT·永康街·5》Walk4min清新漫遊+大陽台#永康街#大安森林公园#西門町,114443190,Woo Bin,,大安區,25.03017222212723,121.53051318745932,Entire home/apt,2053,3,173,2024-12-25,1.92,15,278,26,
20022845,《東門MRT·永康街·6》Walk4min像家一樣溫馨-1室1廳#永康街#西門町,114443190,Woo Bin,,大安區,25.03155,121.53054,Entire home/apt,3092,3,157,2024-12-23,1.74,15,272,36,
20043578,接機優惠2station to TaipeiDome/30 seconds Yongchun MRT,58666148,Cookie,,信義區,25.04001,121.57762,Entire home/apt,3876,2,134,2024-12-29,1.48,21,354,15,
20043720,接機優惠 Dec hot sale挑高北歐風不凡的生活格調 5 room Villa,58666148,Cookie,,松山區,25.04522,121.55098,Entire home/apt,7518,2,89,2024-12-21,0.99,21,353,10,
20057949,Dongmen Mrt Walk4min·3#Quiet#Cosy#Balcony,114443190,Woo Bin,,大安區,25.03135,121.53064,Entire home/apt,2750,3,219,2024-12-25,2.42,15,319,42,
20058047,Dongmen Mrt Walk4min·1#Quiet#Cosy#Balcony,114443190,Woo Bin,,大安區,25.031777198162608,121.53046518956972,Entire home/apt,2030,3,153,2024-12-14,1.69,15,347,29,
20059264,Dongmen Mrt Walk4min·2-Quiet、Warmest Fu Like Home,114443190,Woo Bin,,大安區,25.031256909610676,121.53044328572749,Entire home/apt,,3,182,2024-12-30,2.02,15,250,40,
20060375,Dongmen Mrt Walk4min·4-Quiet、Warmest & Like Home,114443190,Woo Bin,,大安區,25.03178,121.5299,Entire home/apt,3209,3,200,2024-12-27,2.21,15,252,51,
20074760,【台北首選住宿】台北車站西門商圈/團體/房內乾濕分離專屬衛浴/ 乾淨舒適漂亮/獨立電梯交通便利 大窗,173321819,109Yang,,中正區,25.04488,121.51063,Private room,,1,152,2024-06-09,1.69,25,88,1,
20083682,Dongmen Mrt Walk4min·8-Mini Room#cozy#clean#relax,114443190,Woo Bin,,大安區,25.02970794701371,121.52868090552212,Entire home/apt,1903,3,206,2024-12-29,2.28,15,240,46,
20131203,WowLoft@Ximending#2 BrandNew MRT LOFT Space(1~8),87612162,Loft Duncan,,萬華區,25.03846,121.506,Entire home/apt,4117,1,469,2024-12-20,5.20,5,301,86,
20161208,"Center of Taipei, 1 min to MRT Xingtian Temple",102209223,Christin,,中山區,25.06035,121.53411,Entire home/apt,1575,30,122,2020-02-16,1.35,1,174,0,
20183528,【TaipeiXimending Lift studio_12】,21867853,Teddy,,萬華區,25.04308,121.5064,Entire home/apt,1433,3,154,2024-12-13,1.71,16,179,20,
20193815,時尚簡約電梯兩房屋離小巨蛋站250公尺電梯大樓 !apt near Taipei Arena MRT,37992846,Jojo,,松山區,25.048979,121.552696,Entire home/apt,3343,2,83,2024-11-30,0.99,1,146,31,
20206353,新北投溫泉區.休閒放鬆.渡假屋,132261358,Wen,,北投區,25.13658,121.50766,Entire home/apt,1800,60,12,2018-11-29,0.14,3,351,0,
20296253,1館 台北車站30秒 臺北 5人房 Taipei main station 簡單生活,104718340,Kumiko,,中正區,25.04584,121.51669,Entire home/apt,2466,2,353,2024-12-16,3.92,11,155,63,
20352146,[Taipei journey502] MRT Zhongshan Station 8min,57698182,Taipei Journey,,中山區,25.0544,121.5256,Hotel room,,1,23,2019-11-15,0.26,27,0,0,
20357923,BABY MILO @ Taipei 西門站 5mins (2-3人房) free Wifi,20965710,NiNi,,萬華區,25.04214,121.50483,Entire home/apt,3086,3,208,2024-12-31,2.33,11,100,50,
20361123,️️️️X X @ Taipei 西門MRT 5mins (4-6人房) free Wifi,20965710,NiNi,,萬華區,25.04214,121.50483,Entire home/apt,5771,3,242,2024-12-13,2.71,11,65,58,
20363597,Love101誠品可1-5人近松菸東區忠孝敦化MRT6分鐘生活機能超便利可洗衣晾衣炊煮免費WiFi,82459487,H,,松山區,25.04547,121.55443,Entire home/apt,2074,3,146,2024-12-17,1.63,9,129,9,
20428824,"（只提供月租 ）8900 松山捷運 火車站 MRT, Train station",39285650,Kate,,信義區,25.047,121.57758,Private room,514,14,51,2024-09-21,0.57,2,167,3,
20442991,Urban escape cozy single room in Da-an nature,9113267,Jochi,,大安區,25.01695,121.55872,Private room,1526,3,49,2024-12-31,0.64,1,99,34,
20461192,西門捷運站3分鐘 北歐風4~7人房 一房一廳 電梯大樓（月租）（國內訂房尚未開放）,35512293,Sunny,,萬華區,25.041765862161455,121.5069941140868,Entire home/apt,2271,3,17,2024-12-08,0.20,3,120,3,
20491745,Cozy Double room / 10 mins to Taipei 101,41047552,Ryan,,大安區,25.03142,121.55708,Private room,,3,98,2024-11-11,1.09,5,0,5,
20492638,F-Taipei easy to go >>2+1房,10354598,U,,大同區,25.04864,121.5091,Private room,650,1,0,,,5,73,0,
20517472,『新特價有電梯』暖氣空調，步行3分鐘Taipei 101 MRT，信義商圈，夜市，大巨蛋，國父紀念館,24466415,Hung Chin,,信義區,25.0336,121.55955,Entire home/apt,3843,2,173,2024-12-22,1.93,3,176,20,
20550197,旅行者短暫的家,17231776,美惠,,信義區,25.02236,121.55681,Private room,929,2,24,2024-12-09,0.27,1,64,6,
20559000,Hospitality & Facilitate traffic,126184658,Shelly,,大同區,25.06934,121.51428,Private room,1386,2,23,2024-12-16,0.26,1,87,4,
20607088,5min walk to MRT& Train station 松山捷運站火車站旁 近夜市及購物商圈,39285650,Kate,,信義區,25.04887,121.57654,Private room,553,14,77,2023-07-31,0.86,2,158,0,
20700715,接機優惠Dec hot sale 捷運1站大巨蛋/台北東區/6床/2衛浴/開放式廚房,12812606,Simon,,大安區,25.04247,121.54882,Entire home/apt,5371,2,149,2024-12-23,1.69,15,355,14,
20701142,接機優惠 Dec hot sale.Family Villa/5 Bedrooms/4 toilet,107844067,Debby,,松山區,25.04544,121.55276,Entire home/apt,9871,2,155,2024-12-26,1.77,14,347,5,
20743643,All about what I love/近誠品捷運一分鐘/市政府/旅行民族叢林/古董美好生活,32044205,Coco,,信義區,25.04173,121.57665,Private room,3000,2,62,2020-01-04,0.70,1,89,0,
20767814,101信義商圈附近/捷運藍線信義區飯店式櫃台/小廚房獨立洗衣機，免費wifi代收垃圾，管理月租型套房,19216347,心誠,,信義區,25.04381,121.58189,Entire home/apt,1300,30,0,,,35,152,0,
20768425,台北西門町 ~ 白色!(電梯/獨立衛浴間~禁菸),49127438,樂,,萬華區,25.04204,121.50344,Entire home/apt,1271,2,105,2024-12-04,1.18,10,176,19,
20776460,Lin Sun studio home,73426273,Sonam,,中山區,25.05531,121.52457,Entire home/apt,1148,3,154,2024-12-08,1.73,3,353,12,
20777741,"RE:a - city center, 3 mins MRT, close to Taipei101",51630838,Rob & Eve,,大安區,25.03021,121.54319,Private room,990,14,74,2024-11-01,0.83,2,122,2,
20791615,5 bed female dorm/shilin night market/monthly,72226297,Happy Taipei,,士林區,25.10451,121.52206,Shared room,286,30,4,2023-01-28,0.06,9,150,0,
20807359,GNstay公館棧│4C雙人房│ 近捷運台電大樓站 師大夜市 生活便利,38134494,GNstay,,中正區,25.02211,121.52247,Private room,2208,3,5,2019-06-17,0.06,17,11,0,
20810353,"RE:b - city center, 3 mins MRT, close to Taipei101",51630838,Rob & Eve,,大安區,25.02998,121.54324,Private room,950,14,87,2024-09-02,0.98,2,114,3,
20813572,double bed private ensuite room for 1 to 3 people,83232840,Play Taipei,,士林區,25.08774,121.52255,Entire home/apt,792,30,50,2021-12-15,0.61,8,274,0,
20894718,[Taipei journey509] MRT Zhongshan Station 8min,57698182,Taipei Journey,,中山區,25.05321,121.52589,Hotel room,,1,19,2019-10-29,0.22,27,0,0,
20902719,【酒精消毒】2月超優惠～美式鄉村風&挑高4米2/ 科技大樓捷運站2min【Da'an D】,50337636,B V,,大安區,25.023951877439625,121.54473273542403,Entire home/apt,7971,5,335,2024-12-30,3.79,7,176,42,
20910737,Design忠三房/3分钟忠孝复兴站/东区SOGO精品商圈/近建国玉市/商務差旅/三房二衛,66688561,Angel,,大安區,25.0389,121.54619,Entire home/apt,3357,3,194,2024-12-14,2.19,3,54,43,
20920033,2 Double + Sofa Bed at Shilin Night Market area,83232840,Play Taipei,,士林區,25.08691,121.52493,Entire home/apt,,30,69,2020-11-30,0.81,8,0,0,
20963326,接機優惠Dec hot sale 台北西門町自由的靜謐棲所 Loft 8ppl.,107844067,Debby,,萬華區,25.041384262721323,121.49932135690385,Entire home/apt,3145,2,28,2024-11-28,1.77,14,357,16,
20984907,Close MRT &Taipei 101&Welcome long team stay&月租優惠,25523787,New Apt,,信義區,25.026410350732384,121.56373883496191,Entire home/apt,3960,4,27,2024-11-03,0.32,26,84,8,
20985359,private room with bathroom inside for 1~6 people,83232662,Fun Taipei,,士林區,25.08538,121.52342,Entire home/apt,,30,69,2021-03-09,0.78,6,0,0,
20988820,Cozy apartment near  101,25523787,New Apt,,信義區,25.026405724865082,121.56367223582376,Entire home/apt,3722,7,19,2024-01-06,0.22,26,150,1,
20989755,Lab garden (貳樓 ） 中山北路/ 近地鐵站/獨立衛浴/婚紗大道/晴光商圈/獨立陽台/,23595125,Nikita,,中山區,25.06186,121.52318,Entire home/apt,1206,28,138,2024-12-08,1.56,3,158,4,
21049093,繽紛樂園＠西門町徒步區（2-6人）/ 獨立房源/洗衣機/對外窗/電梯大樓,89010268,Silvia,,萬華區,25.04407,121.50481,Entire home/apt,4509,2,71,2024-12-26,0.80,7,57,2,
21059299,Double room N3@ 2 min to MRT (LINE 1 & LINE 3),10007698,Kiki,,中山區,25.0536,121.54397,Hotel room,2133,4,153,2024-12-12,1.73,18,79,21,
21061129,X2〖Ocean Dream〗套房 2-6人＋簡易廚房＋洗晎脫衣機 ＋陽台 ＋TPE101views,33899886,UrbanAbodeDugu,,中正區,25.04861,121.51748,Entire home/apt,4095,2,103,2024-12-15,1.18,12,24,15,
21068935,隨意のximending 每天每個人一個口罩免費準備 mask to provide daily,128075457,Marco,,萬華區,25.045,121.50752,Entire home/apt,,3,70,2020-07-27,0.80,2,179,0,
21071253,心誠飯店式24小時管理，電梯獨立套房/捷運共構短期月租套房公寓/浴室乾濕分離／代收垃圾,19216347,心誠,,南港區,25.04584,121.58241,Entire home/apt,1436,30,0,,,35,246,0,
21083767,電梯獨立套房附衛浴/近捷運/步行5分鐘至士林夜市,83232662,Fun Taipei,,士林區,25.08396,121.52253,Entire home/apt,1100,30,90,2021-07-10,1.02,6,0,0,
21084463,西門町Ximending Mrt（北歐）2-3人房／月租／獨立空間電梯房-裝潢新-寧靜-近車站,122603082,Tony,,萬華區,25.047626134555667,121.50752393926508,Entire home/apt,,2,288,2024-12-27,3.27,8,327,39,
21100732,For long term renting in Taipei.,21946346,Sofia,,萬華區,25.02869,121.49249,Shared room,401,15,50,2024-12-23,0.57,1,267,2,
21133929,E&C  The penthouse  One minute MRT to Taipei 101,144219153,Emily,,大安區,25.032799657116158,121.55581936180366,Entire home/apt,4097,3,199,2024-12-26,2.25,1,224,35,
21177190,Spacious room in SHIDA night market monthly rental,130827969,Wenchi,,大安區,25.0232,121.52761,Private room,520,30,1,2018-06-08,0.01,61,319,0,
21245848,[Taipei  journey609] MRT Zhongshan station Studio,57698182,Taipei Journey,,中山區,25.05307,121.52525,Hotel room,,1,19,2020-06-12,0.23,27,0,0,
21245850,[Taipei  journey607] MRT Zhongshan station Studio,57698182,Taipei Journey,,中山區,25.05272,121.52563,Hotel room,,1,62,2020-01-06,0.78,27,0,0,
21245851,[Taipei  journey606] MRT Zhongshan station Studio,57698182,Taipei Journey,,中山區,25.05243,121.52397,Hotel room,,1,23,2020-05-19,0.27,27,0,0,
21274837,"NiNi窩窩/MRT3mins位市中心近上引水產,松山機場,花博故宮士林寧夏夜市",8048108,Whity,,中山區,25.06192,121.54407,Private room,1068,3,56,2020-02-04,0.65,3,170,0,
21393080,台北車站大三房席夢思(Simmons)家庭屋,146527877,Eric,,大同區,25.04997890952383,121.51759373172305,Entire home/apt,,2,134,2024-12-20,1.55,3,1,35,
21435436,Ximen MRT 5mins 西門町捷運步行5分鐘(2-4people) 優質裝潢,114347966,Jenny,,萬華區,25.0424,121.50598,Entire home/apt,2129,2,146,2024-12-13,1.68,4,144,35,
21552847,The location is at two MRT line crossover room#Y3,10007698,Kiki,,中山區,25.05426,121.53495,Hotel room,,4,143,2024-11-29,1.64,18,69,25,
21553726,The location is at two MRT line crossover room#Y2,10007698,Kiki,,中山區,25.05369,121.53396,Hotel room,2301,4,122,2024-12-17,1.40,18,78,26,
21561990,西門町 Ximending MRT 2mins～陽台電梯房2~4人~裝潢新~月租～戀巴黎,122603082,Tony,,萬華區,25.042472933210114,121.50427226119945,Entire home/apt,2295,2,256,2024-12-16,2.95,8,295,44,
21568771,北投月租公寓-台北月租@全新裝潢頂級月租公寓三房-楝渼LienMei Resort,65293390,建輝kenny,,北投區,25.13496,121.50481,Entire home/apt,4500,20,45,2024-05-16,0.52,1,258,1,
21593245,Just@Room 9 MRT A1 Taipei Sta. 4min City View,51651678,Alex,,中正區,25.04736,121.51683,Entire home/apt,3571,3,178,2024-12-30,2.06,2,47,15,
21606341,The location is at two MRT line crossover room#Y1,10007698,Kiki,,中山區,25.05345,121.53372,Hotel room,2161,4,106,2024-12-16,1.22,18,40,22,
21626266,最少三十天的月租/緊臨捷運站/藍線/飯店式獨立套房 24小時管理小廚房浴室乾濕分離代收垃圾,19216347,心誠,,南港區,25.04436,121.58215,Entire home/apt,1550,30,0,,,35,246,0,
21650100,雙捷運公寓/洗衣機 2 bed rooms apartment in Taipei near MRT,95216208,Ruyun,,中山區,25.049997946627936,121.5343888475331,Entire home/apt,2966,2,5,2024-12-29,0.51,1,269,5,
21692382,大安森林。大安站一分鐘 交通極便利。 very downtown,5786677,Cherie,,大安區,25.03229,121.54063,Entire home/apt,1380,7,5,2021-06-05,0.06,2,237,0,
21702810,101附近/信義區捷運共構，藍線飯店式電梯管理套月租套房免費Wi-Fi獨立洗衣機，小廚房，代收垃圾,19216347,心誠,,信義區,25.04381,121.58189,Entire home/apt,1800,28,2,2018-08-01,0.02,35,246,0,
21703615,101 fireworks Daan-Star Downtown 頂樓101煙火。大安捷運站一分鐘。,5786677,Cherie,,大安區,25.0344,121.54212,Entire home/apt,2888,7,0,,,2,87,0,
21718399,private room & bathroom/1~6 people/monthly rental,83232662,Fun Taipei,,士林區,25.08549,121.52409,Entire home/apt,,30,68,2024-06-30,0.79,6,0,1,
21759941,市中心 絕佳地點 近捷運(2-4人)30坪 全新裝潢溫馨舒適  獨自享受時尚空間～體驗台北人文生活,3544328,Nicole,,大安區,25.02655,121.54054,Entire home/apt,,10,37,2023-07-15,0.44,1,0,0,
21761278,心誠台北短期月租/飯店式 有櫃檯電梯24小時管理大窗/兩單人床/乾濕分離免費Wi-Fi近健身房,19216347,心誠,,信義區,25.04381,121.58189,Entire home/apt,1200,24,3,2024-06-26,0.04,35,334,1,
21806594,F室『月租型需簽約•10坪 』租金含第四台WiFi水費垃圾清運 電1°6元（一樓）,61081895,Ray,,信義區,25.02532,121.56425,Private room,670,365,92,2020-12-19,1.06,6,365,0,
21843098,"Taipei NTU Gongguan Loft(MRT 3mints, ShiDa Market)",79989726,Amy,,中正區,25.01604,121.53221,Entire home/apt,2003,90,50,2020-10-11,0.58,10,122,0,
21853514,•西門町•月租優惠•台北西門町MY HOME(2~4人)《滾筒洗衣烘乾機》Ximen MRT,69899382,Maggie,,萬華區,25.04565,121.50621,Entire home/apt,2043,3,144,2024-12-23,1.68,6,102,26,
21853637,MRT Ximen Biemen station / RENEW! Muffin apartment,74396786,Zoe,,萬華區,25.04297,121.5038,Entire home/apt,1992,2,152,2024-12-02,1.78,2,90,23,
21853919,2023新上架MRT台北西門站5分鐘(國內訂房未開放)時尚典雅景觀閣樓（月租2-5人房),30569371,S,,萬華區,25.04177,121.50578,Entire home/apt,2142,2,161,2024-11-24,1.88,5,83,30,
21854628,"台北 Ximen-紅樓莊園,西門町站5分鐘,2房1廳獨立套房4-6人（早餐免費供應）",36782348,新,,萬華區,25.04168,121.50537,Entire home/apt,3234,2,171,2024-12-16,2.00,3,64,34,
21854658,西門捷運3分鐘/新裝修獨立六人Loft公寓/三張雙人床空間超大!,4073436,Calvin,,萬華區,25.042504844433203,121.50537796318531,Entire home/apt,4357,3,237,2024-12-29,2.74,1,213,46,
21856438,1 min to Ximen Station/西門站exit 6/Ximending/lift,34503406,Sunny & Billy,,萬華區,25.042582473982232,121.5071263786713,Entire home/apt,1323,2,97,2024-12-16,1.12,1,257,37,
21859322,W'house Walk6minTo Ximen Mrt-Simple&Cozy&Clean,77177354,James,,萬華區,25.04273,121.50287,Entire home/apt,2011,2,173,2024-12-13,2.01,12,343,44,
21875909,•西門町•(按摩浴缸 ♨ 暖氣+滾筒洗衣烘乾機 Ximen MRT月租優惠,69899382,Maggie,,萬華區,25.04688,121.50468,Entire home/apt,2107,4,186,2024-12-24,2.19,6,70,38,
21884255,"Spacious cozy room near NTUST, NTU & GONGGUAN 月租以上",130827969,Wenchi,,中正區,25.01256,121.53379,Private room,530,30,1,2018-03-30,0.01,61,365,0,
21908377,2024NEW4room Central Taipei 1min to Metro松江南京双鉄月租宅,48333118,Diven,,中山區,25.05203,121.53288,Entire home/apt,9786,4,126,2024-12-25,1.47,3,318,22,
21920700,J&J HOUSE  5 min walk to Ximen MRT捷運超近!不小心跌倒就到西門站!,146883297,Jenny,,中正區,25.04187,121.50853,Entire home/apt,1480,4,139,2024-12-19,1.63,2,58,33,
21932834,Comfy in center of city 1min to mrt,96037531,Fred,,中正區,25.04328,121.53016,Private room,,1,2,2019-09-22,0.02,2,0,0,
21943689,SweetHome2BR@CityCenter*2min*雙連MRT*2*Stand台北車站,146008296,Harry Chen,,中山區,25.0588,121.52185,Entire home/apt,2976,5,83,2024-12-18,0.96,9,362,10,
21943854,(經典)4~6人 台北西門町捷運站 Taipei Ximen MRT,6848872,Jack,,萬華區,25.04288,121.50765,Entire home/apt,3343,1,7,2021-12-06,0.09,4,348,0,
21976483,Deer北歐風@Taipei Mrt 西門站 5mins (2-4人房),20965710,NiNi,,萬華區,25.04214,121.50483,Entire home/apt,1950,3,110,2024-12-22,1.28,11,79,45,
21993579,"DuckNest@ShilinMRT(Ind.Bath)士林夜市旁,乾淨,舒適的套房(獨立衛浴)",4762726,FuJen,,士林區,25.09276,121.52217,Private room,820,30,48,2021-04-15,0.56,7,171,0,
22040354,[Taipei Journey502] MRT Zhongshan Station 8min,57698182,Taipei Journey,,中山區,25.0535,121.52355,Hotel room,,1,26,2020-01-08,0.31,27,0,0,
22053491,Homelike MRT Ximen 6exit 西門捷運 2~3人房,105890527,Alan,,萬華區,25.04396,121.50572,Entire home/apt,1943,3,137,2024-12-08,1.60,16,57,20,
22067127,Spacious Room D ( MRT Taipower Building & Gutting),130827969,Wenchi,,大安區,25.02155,121.53093,Private room,550,30,1,2019-03-31,0.01,61,327,0,
22090275,Uruztopia301 @ Shilin Luxor Decor 450m to MRT,14665606,Alan,,士林區,25.09226,121.52397,Entire home/apt,1600,2,101,2024-12-24,1.18,4,233,26,
22091254,"View of Taipei101, 2min walk from Guting MRT.",15154776,Jess,,大安區,25.02605,121.52472,Entire home/apt,7071,1,23,2024-01-01,0.27,1,364,1,
22095511,"【ByeBye  Kafka】電梯9F,Mrt-Walk-3min,西門町,寧夏夜市,士林夜市",118973784,Andy,,萬華區,25.04594,121.50882,Entire home/apt,,2,134,2024-12-16,1.56,20,75,31,
22112892,[限月租全新套房]松菸旁、近國父紀念館站、大巨蛋、全聯走路可到、有共用廚房、廁所開窗、有廚房包水電費,29152389,Max,,信義區,25.04547766610776,121.55969905853269,Private room,425,365,0,,,3,363,0,
22151874,F-台北便捷機場FB-新房間雅房,10354598,U,,大同區,25.05115,121.51507,Private room,650,1,0,,,5,74,0,
22156573,西門捷運站 （月租）2~3人地中海 電梯大樓（國內訂房尚未開放）,161246735,Blue Sky,,萬華區,25.03951,121.50691,Entire home/apt,1729,3,115,2024-02-18,1.35,7,84,2,
22167179,Teak floors/Dorm#1 of 2/Long stay/NTNU/MRT G08,59725999,光輝,,大安區,25.02385,121.53044,Shared room,490,30,19,2024-09-30,0.23,2,219,5,
22172055,A.K微旅者.捷運西門站6號出口3分鐘2-3人房.Mrt Ximen exit6.3min *可月租,92448004,A.K,,萬華區,25.04334,121.50614,Entire home/apt,1192,3,284,2024-12-15,3.31,17,132,39,
22194613,台北市區雙人房近捷運和機場巴士TPE near MRT & Int.Airport bus stop,5424311,Ailin,,中山區,25.06407,121.52842,Private room,1800,2,33,2024-01-01,0.39,6,19,1,
22203363,西門町 Ximending MRT 西門站（月租）近捷運／美食／獨立空間／陽台電梯房(裝潢新)簡約,122603082,Tony,,萬華區,25.039045484380395,121.50685654102342,Entire home/apt,2171,2,312,2024-12-21,3.64,8,288,61,
22243162,Daan Forrest Park/Great View/大安森林公園/無敵景觀/市中心,162533354,Brad,,大安區,25.02687,121.5356,Entire home/apt,4276,5,99,2024-11-30,1.17,1,291,15,
22284072,Relaxing MRT Ximen 6exit 3min 2~3P Room 西門捷運,105890527,Alan,,萬華區,25.04191,121.50559,Entire home/apt,1600,4,118,2024-12-14,1.40,16,49,21,
22287146,近台北101MIFFY米飛兔雅致房3B市府捷运站旁一分钟可住2-4人免费旅游咨询,8478209,Eric,,信義區,25.04076,121.56449,Private room,10814,3,0,,,15,91,0,
22310998,Tour Guide's Co-Home Room@Dongmen(1-2 person),17493658,Aj,,大安區,25.03397,121.52742,Private room,900,59,19,2020-02-22,0.22,1,60,0,
22346072,InstaTaipei 3Bdrm @ 1min walk to Taipei 101 &MRT,110107126,Luxe Taipei,,信義區,25.03327,121.56213,Entire home/apt,11132,4,116,2024-12-22,1.36,4,242,21,
22349059,舒適便捷林蔭大道双人房—1,24637260,Shih-Chieh,,中正區,25.03832,121.52762,Private room,650,30,66,2024-11-11,0.78,3,152,1,
22351014,西門捷運站（月租）電梯大樓溫馨合式4-6人房（國內訂房尚未開放）,161246735,Blue Sky,,萬華區,25.04184,121.50753,Entire home/apt,2991,3,71,2024-03-30,0.85,7,64,5,
22362603,接機優惠 Dec hot sale .綠意盡享生活怡情  Daan Forest Park,107844067,Debby,,大安區,25.03405,121.5352,Entire home/apt,7499,2,135,2024-12-21,1.58,14,333,13,
22380641,DAAN PARK - Double bed private room,14971125,Daan Park,,中正區,25.03379249572754,121.53199005126953,Private room,,1,4,2023-08-17,0.05,12,0,0,
22417265,榮星花園旁靜巷溫馨小宅～適合親子同遊！交通便捷，離機場巴士步行3分鐘,37476784,Cherry,,中山區,25.06299,121.53585,Entire home/apt,1856,3,55,2024-12-10,0.89,2,79,10,
22457416,Uruztopia202 @ Shilin European Decor 450m to MRT,14665606,Alan,,士林區,25.093545471624562,121.52183194327894,Entire home/apt,1657,2,58,2024-12-01,0.68,4,206,24,
22457555,Uruztopia302 @ Shilin Industral Decor 450m to MRT,14665606,Alan,,士林區,25.09304,121.52165,Entire home/apt,1657,2,101,2024-12-16,1.18,4,216,14,
22472344,𖥅【 台北車站 西門町】團體房- 房內私人衛浴 /全新裝潢/電梯/交通便利/房間明亮,118169489,Cing,,中正區,25.04556,121.5121,Private room,,1,19,2023-02-28,0.23,8,306,0,
22475902,3 min walk Airport MRT &  5 min Ximen MRT Station,173321819,109Yang,,中正區,25.04656,121.5124,Shared room,927,1,150,2024-04-03,1.79,25,6,3,
22481505,Deluxe Taipei 2Bd 2Br near #Taipei Station/ Q Mall,110107126,Luxe Taipei,,中正區,25.04774,121.51704,Entire home/apt,8788,4,62,2024-12-22,0.73,4,257,17,
22486515,Deluxe apartment辛亥捷運站32整層廚房 客廳 大院子 獨立衛生間,8478209,Eric,,文山區,25.00796,121.56015,Entire home/apt,13429,3,1,2019-05-04,0.01,15,91,0,
22486570,WowLoft@Ximending#3 BrandNew MRT LOFT Space(1~11),87612162,Loft Duncan,,萬華區,25.03889,121.50605,Entire home/apt,4518,1,399,2024-12-28,4.68,5,297,62,
22552790,電梯獨立套房附衛浴/近捷運/步行5分鐘至士林夜市/可住1~4人,83232662,Fun Taipei,,士林區,25.0849,121.52239,Entire home/apt,,30,71,2020-09-26,0.87,6,0,0,
22609995,高樓景觀-近中山國小捷運 / 晴光市場 / 雙連市場(無額外清潔費 No cleaning fee),160423794,Arron,,中山區,25.06004,121.52679,Entire home/apt,1523,30,103,2024-12-15,1.23,2,346,8,
22655969,"Room near NTNU , 1 min from Gutting 儘提供月租以上租期",130827969,Wenchi,,大安區,25.0288,121.52325,Private room,,30,0,,,61,334,0,
22694293,西門町XiMenDing舒適大套房CozyLargeSuite捷運700米700MtoMRT,167319157,Ian,,萬華區,25.04435,121.50117,Entire home/apt,1143,2,170,2020-03-22,2.04,6,362,0,
22706299,大安區橘色簡單雙人屋鄰捷運站公園夜市,25874911,Lexie,,大安區,25.01927,121.55733,Private room,700,1,2,2018-01-22,0.02,1,43,0,
22719837,4 bed private female room /monthly,72226297,Happy Taipei,,士林區,25.08876,121.52695,Private room,1100,30,18,2019-10-07,0.23,9,110,0,
22721597,2 Double Bed private En-suite /shilin night market,83232840,Play Taipei,,士林區,25.08974,121.52368,Entire home/apt,1342,30,52,2021-12-27,0.63,8,274,0,
22754904,心誠台北短期月租 緊鄰捷運MRT/ 電梯/ wifi /信義區 /3床大套房/ 飯店式套房,19216347,心誠,,南港區,25.04491,121.58118,Entire home/apt,,30,5,2023-08-23,0.08,35,333,0,
22758392,『 TriBeCa President Suites @ W101 Residence 』,118193162,WilL,,信義區,25.04031,121.56756,Entire home/apt,7894,5,112,2024-12-18,1.33,3,130,27,
22858155,HawkNest@ShilinMRT,4762726,FuJen,,士林區,25.09276,121.52217,Entire home/apt,1148,30,114,2024-07-22,1.36,7,107,2,
22859422,101附近心誠飯店式套房，緊鄰捷運站，電梯24小時家庭號大套房三床，四人廚房Wi-Fi乾濕分離浴室,19216347,心誠,,信義區,25.04457,121.58093,Entire home/apt,,30,2,2019-04-17,0.03,35,144,0,
22868412,Déjà vu -Scandi/MRT 5m/central tpe/sofa+50inTV,169187326,Kuo Chun,,松山區,25.046907030983327,121.55041657468539,Entire home/apt,1458,10,175,2024-12-28,2.08,4,329,15,
22869464,101/飯店式短期月租/捷運共構/電梯／免費Wi-Fi獨立套房洗衣機，乾濕分離，代收垃圾,19216347,心誠,,信義區,25.0427,121.58254,Entire home/apt,,30,3,2019-08-18,0.04,35,120,0,
22869912,Sweet & Cozy Place Like Home,167639267,Lisa,,文山區,24.98381,121.57874,Entire home/apt,2100,3,51,2024-11-15,0.65,1,31,8,
22891563,台北短期月租，飯店式/捷運共構/免費Wi-Fi、洗衣機廚房，浴室乾濕分離兩床,19216347,心誠,,信義區,25.04296,121.58307,Entire home/apt,1200,28,1,2019-06-30,0.01,35,245,0,
22894297,J&J SKY HOUSE 5 min walk to Ximen MRT 捷運站旁的天空之屋,132809029,John,,萬華區,25.04018,121.50676,Entire home/apt,1423,3,167,2024-11-19,2.00,3,77,36,
22946056,COZY Double room#5 mins walk to MRT#24/7front desk,39528362,Chia Ying,,中正區,25.04716,121.51491,Entire home/apt,4971,2,175,2024-03-30,2.08,9,56,1,
22946201,"J Condo ,New lift with balcony,metro 2min",159407256,John,,萬華區,25.040576043291082,121.50458975621898,Entire home/apt,3344,2,154,2024-12-15,1.84,2,63,42,
22986586,近辛亥捷運站341寧靜清幽一樓整層前後院廚房客廳原木家具獨立衛生間可住2-4人近台大師大台科大,8478209,Eric,,文山區,25.00758,121.56002,Entire home/apt,11943,3,2,2020-01-01,0.03,15,91,0,
22995818,Clean and Cozy House / 10 mins to Taipei 101,41047552,Ryan,,大安區,25.03068,121.55557,Entire home/apt,3143,3,175,2024-11-09,2.09,5,89,30,
23045902,Taipei 101 市中心位於信義商圈，步行至捷運站約莫三分鐘（101、世貿捷運站）,127172757,莉,,信義區,25.03261,121.55986,Entire home/apt,,2,20,2024-11-20,0.27,4,106,4,
23046548,(A)2-6人房 Ximen station 5 minutes ，獨立門戶、洗衣機、對外窗、電梯～,53501011,Sally,,萬華區,25.0454,121.50348,Entire home/apt,,1,94,2024-12-16,1.18,13,329,19,
23050658,舒適便捷的林蔭大道双人房-2,24637260,Shih-Chieh,,中正區,25.03883,121.52741,Private room,850,30,25,2024-10-01,0.30,3,161,3,
23084840,台北車站3房家庭屋(次臥加大床),146527877,Eric,,大同區,25.05015,121.51713,Entire home/apt,5457,2,125,2024-12-11,1.52,3,223,44,
23093178,舒適住 MRT Ximen 3 mins,105890527,Alan,,萬華區,25.0446,121.50413,Entire home/apt,1590,4,148,2024-11-30,1.78,16,164,33,
23100152,西門町2F精品兩房一廳@XimenMRT 2 rooms/free WiFi/2~4人/月租,23437247,Young,,萬華區,25.04257,121.50334,Entire home/apt,,30,0,,,35,27,0,
23141914,True love摯愛金站 2~4人房 台北車站Mrt Taipei Station WiFi,171974684,Win,,大同區,25.05007,121.51662,Entire home/apt,2366,2,122,2024-12-09,1.52,12,161,20,
23190424,WowLoft@Ximending#5 BrandNew MRT LOFT Space(1~7),87612162,Loft Duncan,,萬華區,25.03835,121.50598,Entire home/apt,3609,1,459,2024-12-29,5.48,5,287,80,
23228459,A.K 微北歐.捷運西門站6號出口3分鐘2人房.Mrt Ximen exit6.3min *可月租,92448004,A.K,,萬華區,25.04392,121.5047,Entire home/apt,1420,3,254,2024-12-16,3.04,17,140,34,
23258620,Small STUDIO next NTU & NTNU @Taipower Mrt Station,172285374,David,,大安區,25.01941,121.53132,Entire home/apt,1594,21,83,2024-10-30,0.99,9,190,7,
23259274,Warm STUDIO next NTU & NTNU @ Taipower MRT station,172285374,David,,大安區,25.01945,121.53144,Entire home/apt,1336,21,65,2024-08-11,0.78,9,233,6,
23262501,JadeSuites 2bdrm 2b @TPEMainStation,110107126,Luxe Taipei,,中正區,25.04757,121.51772,Entire home/apt,8099,4,86,2024-12-26,1.03,4,205,15,
23281011,｜台北車站 超大超美衛浴 Taipei Main Station、西門町、交通極佳  適合家庭團體,173321819,109Yang,,中正區,25.046049,121.511193,Private room,,1,95,2024-12-09,1.14,25,44,12,
23319648,｜【XPARK桃園機場捷運】超大超美浴室、台北車站、西門町、大窗、交通極佳,118169489,Cing,,中正區,25.04523,121.51148,Private room,3214,1,11,2023-07-08,0.13,8,269,0,
23319845,Smile Deer Home @台北西門町 Ximending(2-3人),15012350,P&P,,萬華區,25.04426,121.50754,Entire home/apt,2404,2,99,2024-12-30,1.20,5,80,52,
23332802,Near Taipei Main Station for public transportation,173321819,109Yang,,中正區,25.046049,121.511193,Private room,2729,1,56,2024-06-22,0.67,25,39,1,
23334547,𖦤台北燈會 台北車站/機場捷運步行3分鐘/西門町步行5分鐘/乾淨舒適漂亮/大樓電梯/交通便利,173321819,109Yang,,中正區,25.0421407,121.5198716,Shared room,,1,39,2024-09-29,0.47,25,0,3,
23361112,"10mins to JINGMEI MRT Station, easy to NTU Campus",103506861,鋒鋒,,文山區,24.99786,121.54792,Private room,500,1,40,2024-12-15,0.52,1,355,1,
23419557,private room & bathroom/1~6 people/monthly rental,83232662,Fun Taipei,,士林區,25.08446,121.52226,Entire home/apt,1300,30,68,2024-11-06,0.83,6,69,3,
23424883,接機優惠 Dec hot sale 走路只需6分钟 就能到达大巨蛋/14ppl,119870232,도민,,松山區,25.04539,121.55302,Entire home/apt,7251,2,68,2024-11-22,0.83,17,347,16,
23467163,白色調無障礙空間 雙捷運線走路2分鐘 近東區 忠孝復興站 大安站 電梯 SOGO  屋況新3房2衛,78230935,Nomads,,大安區,25.03619,121.54309,Entire home/apt,4223,3,154,2024-12-31,1.87,1,293,36,
23551726,"5 mins to MRT Zhongxiao Xinsheng, studio for 4",21506709,Maggie,,中正區,25.04468,121.53147,Entire home/apt,,28,120,2024-12-11,1.45,27,0,4,
23555386,"接機優惠 Dec hot sale 小孩的天堂,有溜滑梯,平面1樓",119870232,도민,,信義區,25.038902266998722,121.58150157740604,Entire home/apt,2939,2,94,2024-11-18,1.13,17,173,18,
23577267,蘭公社-伍﻿ ⚭ My Home in Taipei,57613951,Bo-Yu,,大同區,25.0632,121.51448,Entire home/apt,3243,2,177,2024-12-25,2.15,3,319,42,
23594911,a21/bunk bed for 2/24hr self check-in/metro nearby,176059533,大昌旺,,中山區,25.04887,121.52342,Private room,1086,1,87,2024-12-15,1.05,15,47,15,
23595731,a22/bunk bed for 4/24hr self check-in/metro nearby,176059533,大昌旺,,中山區,25.05096,121.52284,Hotel room,1729,1,117,2024-11-17,1.41,15,41,12,
23616457,南京三民捷運MRT電梯冷氣陽台大套雅房美食街吃飯方便限女Clean bedroom see 101,176639718,蓉,,松山區,25.0513,121.56292,Private room,1999,2,0,,,2,362,0,
23681472,5天以上優惠10%Ｗ hotel 台北101附近地鐵市政府站3分鐘美食逛街全都有,64721352,Wei Chou,,信義區,25.04135,121.57223,Entire home/apt,4643,3,3,2024-11-22,1.38,4,141,3,
23708394,西門町 Ximending MRT 西門站（新電梯大樓(月租)國內訂房未開放(新裝潢)~混搭,122603082,Tony,,萬華區,25.03914,121.50683,Entire home/apt,2142,2,287,2024-12-18,3.46,8,307,47,
23751860,"Top location center / night market, mrt, bus, 101",20092735,Lily,,信義區,25.0307,121.56068,Private room,780,7,140,2024-12-19,1.70,6,141,11,
23753753,ensuite for 1 to 3 people @ Shilin Night Market,83232840,Play Taipei,,士林區,25.08735,121.52288,Entire home/apt,838,30,47,2021-01-15,0.59,8,274,0,
23760253,"White low-VOC loft in Ximending, Taipei",63493366,Stanley,,萬華區,25.0393,121.50557,Entire home/apt,4700,3,173,2024-12-10,2.10,2,235,44,
23802309,Black and White Apartment 國父紀念館捷運站旁,99236,Grace,,大安區,25.04205,121.55597,Entire home/apt,2936,3,79,2024-12-21,0.96,2,329,22,
23816247,B13/BUNK BED FOR 4/24HR SELF CHECK-IN/METRO NEARBY,176059533,大昌旺,,中山區,25.05045,121.52422,Hotel room,1743,1,80,2024-03-24,0.97,15,266,4,
23833014,c21/bunk bed for 2/24hr self check-in/metro nearby,176059533,大昌旺,,中山區,25.0497,121.5242,Hotel room,914,1,98,2024-12-02,1.19,15,269,16,
23886500,Cozy single bed room in Daan ( 僅月租）,130827969,Wenchi,,大安區,25.02037,121.53084,Private room,590,55,0,,,61,190,0,
23893047,台北首選住宿 大窗、陽光、交通極佳 台北車站/西門町/全新 乾淨舒適漂亮/大樓電梯/交通便利,118169489,Cing,,中正區,25.04535,121.51223,Shared room,941,1,65,2024-12-17,0.79,8,6,7,
23904098,Single bed room in Taipei Daan(僅月租以上）,130827969,Wenchi,,大安區,25.02053,121.53255,Private room,590,30,0,,,61,211,0,
23904915,Cozy bright double bed room Taipei Daan (僅月租以上）,130827969,Wenchi,,大安區,25.02088,121.53127,Private room,650,30,0,,,61,184,0,
23907847,Cozy bright double bed room Taipei Daan (僅月租以上）,130827969,Wenchi,,大安區,25.01962,121.53088,Private room,680,30,0,,,61,221,0,
23913737,西門町XiMenDing舒適套房CozySuite捷運站700米700MtoMRT,167319157,Ian,,萬華區,25.04462,121.50114,Entire home/apt,1200,2,186,2024-12-17,2.26,6,361,35,
23928421,Chic Loft double 1BR - No window,29156706,ART'OTEL Ximending,,萬華區,25.04579,121.50264,Hotel room,3810,1,6,2019-06-12,0.08,9,253,0,
23928465,Superior Double Room with Street View,29156706,ART'OTEL Ximending,,萬華區,25.04427,121.50465,Hotel room,5094,1,34,2024-04-25,0.42,9,264,1,
23928494,Medium Double Room - No Window,29156706,ART'OTEL Ximending,,萬華區,25.045419692993164,121.50357818603516,Hotel room,,1,5,2024-05-27,0.07,9,269,1,
23928568,Medium Double Room with Garden View,29156706,ART'OTEL Ximending,,萬華區,25.04492,121.50445,Hotel room,,1,43,2024-07-30,0.53,9,272,2,
23928595,Medium Double Room,29156706,ART'OTEL Ximending,,萬華區,25.04591,121.50444,Hotel room,4494,1,11,2023-12-20,0.13,9,267,0,
23928607,Medium twin room(No window),29156706,ART'OTEL Ximending,,萬華區,25.04632,121.50312,Hotel room,4060,1,0,,,9,262,0,
23928968,安捷京站會館-酒店式長租公寓雅緻標準套房Standard Suite(3 mins to MRT),179891886,捷,,大同區,25.04894,121.51766,Entire home/apt,,30,1,2018-08-13,0.01,5,0,0,
23947018,Lovely sunny Duplex elevator apartment w/ balcony,22426072,Mini,,中山區,25.07918,121.55212,Entire home/apt,3307,1,43,2024-12-23,0.58,1,49,12,
23951577,"【單人床】近 西門町北車、中正紀念堂、台北車站、大稻埕-""台北必住旅宿""住過才敢推薦",118169489,Cing,,中正區,25.04693,121.51232,Shared room,927,1,102,2023-04-24,1.24,8,6,0,
23967400,2 beds room near supermarket and MRT,10007698,Kiki,,中山區,25.05807,121.53286,Hotel room,2953,3,126,2024-12-04,1.53,18,74,12,
23985166,♉☘30% Off Ximen MRT☘Designer Apt♊ 3-7pax西門町3房3-7人房,161861892,Kevin,,萬華區,25.03945,121.50562,Entire home/apt,5643,2,175,2024-12-09,2.13,4,151,41,
24021587,H&K 3/2 Large Local Apartment next Longshan MRT,30591050,H&K,,萬華區,25.03873,121.50515,Entire home/apt,7857,10,73,2024-12-21,0.92,13,200,21,
24027795,Everything is convenient to stay in Taipei.,20092735,Lily,,信義區,25.0299,121.5616,Private room,780,7,80,2023-05-27,0.98,6,293,0,
24044395,101信義商圈對面/捷運藍線市政府轉運站/台北短期月租。電梯/獨立套房附浴缸,19216347,心誠,,信義區,25.04647,121.56907,Private room,1600,28,0,,,35,109,0,
24046520,HelloTaipei@ 3min TaipeiStation#台北車站#,146008296,Harry Chen,,中正區,25.04634,121.51519,Entire home/apt,2761,3,124,2024-12-31,1.51,9,285,18,
24091046,台北西門町 ~ 小藍天!(電梯/獨立衛浴間~禁菸),14711115,樂,,萬華區,25.04208,121.50533,Private room,1514,2,126,2024-12-05,1.56,5,79,15,
24091324,台北西門町 ~ 幸福藍天!(電梯/獨立衛浴間~禁菸),14711115,樂,,萬華區,25.04082,121.50549,Private room,1586,2,92,2024-12-07,1.12,5,78,15,
24091419,台北西門町 ~ 粉紅淑女!(電梯/獨立衛浴間~禁菸),14711115,樂,,萬華區,25.04178,121.5045,Private room,1300,2,71,2024-12-03,0.87,5,83,12,
24091589,台北西門町  ~  幸福藍天  ~  (電梯/獨立衛浴間~禁菸),14711115,樂,,萬華區,25.04148,121.5041,Private room,1357,2,11,2024-05-07,0.14,5,4,2,
24091621,台北西門町 ~ 紫色!(電梯/獨立衛浴間~禁菸),14711115,樂,,萬華區,25.04238,121.50393,Private room,1614,2,73,2024-12-01,0.89,5,49,23,
24095440,Taipei Main Station台北車站/西門町/乾淨舒適漂亮/電梯/交通便利 宿舍房團體房,118169489,Cing,,中正區,25.04534,121.5103,Shared room,926,1,186,2024-12-06,2.27,8,6,33,
24186708,ximending徒步區6至8人房,34359544,Wu,,萬華區,25.0461,121.50742,Entire home/apt,3705,2,28,2024-12-10,0.38,2,255,5,
24261113,電梯大樓～ 2房間2衛浴4人舒適房(有陽台)~中華路一段西門町商圈(只接受一個月以上長租),74339328,Lynn,,萬華區,25.03871,121.50165,Entire home/apt,5214,30,42,2020-12-05,0.52,3,86,0,
24290990,Ensuite room with private bathroom ( Gongguan),130827969,Wenchi,,文山區,25.00526,121.5377,Private room,1050,30,0,,,61,243,0,
24292042,Twin Room Close to MRT Zhongshan,183254578,Michelle,,中山區,25.0504,121.52421,Hotel room,2849,1,8,2019-04-30,0.10,5,271,0,
24296252,Double Room Close to MRT Zhongshan,183254578,Michelle,,中山區,25.05052,121.52422,Hotel room,3248,1,14,2019-11-03,0.17,5,292,0,
24296597,Triple Room Close to MRT Zhongshan,183254578,Michelle,,中山區,25.05044,121.52425,Hotel room,3492,1,2,2018-12-09,0.03,5,273,0,
24384566,捷運2分鐘 台北101旁 傢俱齊全 免費Netflix Wifi  Loft精品電梯房(3-8人),119456068,Alen,,信義區,25.03221,121.55829,Entire home/apt,4183,2,102,2024-12-16,1.26,1,143,34,
24418893,Yoyo Vacation - 3min to MRT. 1st floor. Near 101,3705836,Gordon,,大安區,25.02085,121.54939,Entire home/apt,8517,1,139,2024-12-25,1.70,11,216,30,
24432424,New Modern loft small double room - No window,29156706,ART'OTEL Ximending,,萬華區,25.04436,121.50321,Hotel room,,1,5,2023-05-27,0.06,9,253,0,
24438476,LV City Guide recommend  Twin Room – Breakfast,176305803,Swiio Hotel Daan,,大安區,25.03608,121.5462,Hotel room,,1,4,2021-09-04,0.06,2,176,0,
24438550,"LV City Guide recommend ""1Bed & 2Breakfast""",176305803,Swiio Hotel Daan,,大安區,25.03673,121.54711,Hotel room,,1,41,2022-01-19,0.52,2,180,0,
24501277,Xinyi District/Taipei City Hall MRT/whole floor,30670839,Paul,,信義區,25.04175,121.56411,Entire home/apt,4434,13,92,2024-10-28,1.13,10,81,8,
24507520,Yogi @ Guting 6,50511862,Box,,大安區,25.02675,121.52304,Shared room,833,1,28,2024-11-18,0.34,3,363,6,
24534022,A.K 微樂居.捷運西門站6號口3分鐘2-3人房.Mrt Ximen exit6.3min *可月租,92448004,A.K,,萬華區,25.04341,121.50636,Entire home/apt,1570,3,166,2024-12-14,2.04,17,102,31,
24534421,☆W'HOUSE☆ 現代簡約風 走路3min到機場捷運台北車站 Simple & Clean,77177354,James,,大同區,25.05197,121.51177,Entire home/apt,1414,2,155,2024-12-14,1.91,12,345,45,
24585098,NTU&NTNU台大山景電梯套房@Gongguan MRT delux suite/monthly,23437247,Young,,中正區,25.01156,121.53592,Private room,,28,0,,,35,0,0,
24585159,NTU & NTNU公館捷運電梯双人房@Gongguan MRT flat4/月租/monthly,23437247,Young,,中正區,25.01633,121.52971,Private room,,30,2,2024-08-27,0.03,35,0,1,
24585171,NTU&NTNU 台大師大公館捷運電梯双人房@Gongguan MRT delux flat2/月租,23437247,Young,,中正區,25.01527,121.53102,Private room,600,28,2,2024-08-18,0.12,35,37,1,
24585186,NTU&NTNU台大師大公館捷運@Gongguan MRT delux share flat1/月租,23437247,Young,,中正區,25.01517,121.53147,Private room,,28,2,2019-08-25,0.03,35,0,0,
24612655,Spacious double bed room with private balcony,130827969,Wenchi,,文山區,25.00437,121.53761,Private room,600,30,0,,,61,216,0,
24613432,Cozy room close Gongguan & SHIDA,130827969,Wenchi,,文山區,25.00423,121.53937,Private room,530,30,0,,,61,306,0,
24616021,XS＆XL House #kitchen @3min->MRT Ximen.,104613276,Ivy,,萬華區,25.04614,121.50909,Entire home/apt,1153,3,161,2024-12-27,2.03,4,19,49,
24634328,cozy room with piano ( monthly basis rental),130827969,Wenchi,,文山區,25.00353,121.53924,Private room,600,30,0,,,61,306,0,
24684289,"5 mins to MRT Zhongxiao Xinsheng, studio for 2",21506709,Maggie,,中正區,25.04433,121.53137,Entire home/apt,2309,28,106,2024-11-25,1.31,27,48,7,
24704963,"5 mins to MRT Zhongxiao Xinsheng, studio for 3",21506709,Maggie,,中正區,25.04433,121.53134,Entire home/apt,2074,29,80,2024-08-15,0.99,27,57,4,
24738091,Enjoy STUDIO ^ 3min MRT Station ~ next NTU & NTNU,172285374,David,,大安區,25.01913,121.53174,Entire home/apt,1758,15,64,2024-11-21,0.81,9,229,5,
24740273,【TaipeiXimending Lift studio_15】,21867853,Teddy,,萬華區,25.04354,121.50544,Entire home/apt,3433,3,198,2024-12-15,2.45,16,149,32,
24742544,接機優惠Dec hot sale Elegant villa/10ppl/3bedroom包棟雙客廳,119870232,도민,,松山區,25.04558,121.55135,Entire home/apt,4551,2,61,2024-11-10,0.91,17,361,13,
24762910,Standard Apartment Close to Taipei 101 月租,202888992,Sai And Clara,,信義區,25.03112,121.55845,Entire home/apt,3056,6,64,2024-12-21,0.79,1,230,10,
24791065,Sunny Ximen Station 5 mins,28402175,Somer,,萬華區,25.04584,121.50521,Entire home/apt,1776,3,99,2024-12-24,1.22,11,65,28,
24808520,台北東區悠活套房,177431666,Lydia,,大安區,25.04097,121.55539,Entire home/apt,,7,4,2018-12-09,0.05,2,362,0,
24842326,a03/standard for 2/24hr self check-in/metro nearby,176059533,大昌旺,,中山區,25.05096,121.5227,Private room,1086,1,106,2024-11-24,1.31,15,13,17,
24865860,Banana Shelter 香蕉墅,85056348,D,,中山區,25.05099,121.52406,Entire home/apt,3800,28,14,2019-10-31,0.18,1,353,0,
24878325,b02/standard for 2/24hr self check-in/metro nearby,176059533,大昌旺,,中山區,25.04886,121.52223,Private room,1086,1,121,2024-12-01,1.58,15,247,14,
24880296,c02/standard for 2/24hr self check-in/metro nearby,176059533,大昌旺,,中山區,25.0494,121.52212,Private room,943,1,133,2024-12-10,1.66,15,254,25,
24880549,c04/standard for 2/24hr self check-in/metro nearby,176059533,大昌旺,,中山區,25.05112,121.52376,Private room,1057,1,160,2024-11-29,2.01,15,268,12,
24884689,台北車站三房家庭屋,146527877,Eric,,大同區,25.0498,121.51791,Entire home/apt,5529,2,65,2024-12-19,0.81,3,277,11,
24943872,G室『月租型需簽約•6坪 』租金含第四台WiFi水費垃圾清運 電1°6元（一樓）,61081895,Ray,,信義區,25.02376,121.56471,Private room,460,180,82,2021-01-23,1.02,6,365,0,
25036369,Double Bed Private Room/ for 1 to 3 people,83232840,Play Taipei,,士林區,25.08729,121.52438,Entire home/apt,,30,53,2020-11-07,0.66,8,0,0,
25046318,4 bed private room & Shilin Night Market/monthly,72226297,Happy Taipei,,士林區,25.09101,121.52589,Private room,1200,30,10,2023-10-05,0.12,9,180,0,
25086508,Double Bed Private Room @ Guting 6,50511862,Box,,大安區,25.02653,121.52309,Private room,,1,6,2023-02-10,0.07,3,184,0,
25117247,1.Private room for 4-6 people,47893245,台北天晴青年旅店,,中正區,25.04185,121.51496,Hotel room,3714,1,26,2024-05-07,0.34,2,293,3,
25168381,Views Loft2 with window view of  Taipei 101 月租,4431273,Sai,,信義區,25.03117,121.55867,Entire home/apt,,2,53,2024-12-01,0.66,19,0,11,
25202607,H83/BestFor4/8Pax/500mToXimemMrt/Lift/WiFi/Netflix,136010110,Rex,,萬華區,25.043523,121.503395,Entire home/apt,3057,2,197,2024-12-24,2.47,36,301,62,
25248826,Yogi #2 @ Guting 6,50511862,Box,,大安區,25.02861,121.52188,Shared room,833,1,45,2024-12-10,0.57,3,359,11,
25295259,•西門町(按摩浴缸♨+滾筒洗衣烘乾機+大陽台) (2人)大客廳 Ximen MRT,69899382,Maggie,,萬華區,25.04472,121.50411,Entire home/apt,3034,3,109,2024-12-23,1.36,6,61,26,
25332264,【Taipie101時尚公寓】 電梯3臥2衛 ｜2分鐘｜101世貿中心捷運｜大陽台光線好,82459487,H,,信義區,25.033,121.55803,Entire home/apt,,8,87,2024-09-01,1.08,9,106,8,
25371205,西門町 Ximending MRT(工業風)獨立空間電梯2～3人房～裝潢新～近車站-月租,122603082,Tony,,萬華區,25.04675716083876,121.50921775424953,Entire home/apt,2200,2,286,2024-12-30,3.56,8,318,76,
25382058,"🏠🏠🏠靜靜小屋 ,我家就在萬坪公園旁
Cozy quiet room next to park",177841696,Sally,,南港區,25.04476,121.59241,Entire home/apt,3281,3,62,2024-12-11,0.78,1,97,16,
25414070,Breeze Casa 5 min to MRT Nanjing Fuxing station,7475223,Una,,松山區,25.05248,121.54669,Entire home/apt,4006,29,70,2024-11-18,0.89,1,49,2,
25415869,西門町XiMenDing景觀陽台大套房ViewBalconySuite捷運700米700MtoMRT,167319157,Ian,,萬華區,25.04424,121.50288,Entire home/apt,2500,2,181,2024-12-17,2.26,6,309,33,
25464974,3 min walk Airport MRT &  5 min Ximen MRT Station,173321819,109Yang,,中正區,25.04534,121.5102,Shared room,927,1,13,2024-01-21,0.17,25,6,1,
25465270,▲3 min walk Airport MRT &  5 min Ximen MRT Station,173321819,109Yang,,中正區,25.04612,121.5112114,Shared room,,1,31,2024-09-29,0.41,25,0,1,
25465485,台北燈會【台北首選住宿】陽光大窗、交通極佳 台北車站/西門町/全新 乾淨舒適漂亮/大樓電梯/交通便利,173321819,109Yang,,中正區,25.0469,121.51238,Shared room,927,1,21,2024-05-11,0.27,25,6,2,
25548912,Taipei NTNU Apt Yellow Room 4F-1,125647931,Adam,,大安區,25.02425,121.52752,Private room,,365,3,2023-07-02,0.04,12,89,0,
25566294,【台北住宿首選】台北車站/西門町MRT/全新裝潢 乾淨舒適漂亮/電梯/交通便利,118169489,Cing,,中正區,25.04727,121.51145,Shared room,923,1,79,2024-12-01,1.02,8,6,17,
25593739,"5 mins to MRT Zhongxiao Xinsheng, studio for 2",21506709,Maggie,,中正區,25.0442,121.52976,Entire home/apt,2169,28,100,2024-12-01,1.25,27,47,6,
25698680,2.Private room for 2 people,47893245,台北天晴青年旅店,,中正區,25.04357,121.5129,Private room,,1,1,2023-12-26,0.08,2,55,0,
25748635,Posh Single Bed in Mixed Dorm,84371684,Hsin Hsin,,大同區,25.05168,121.51627,Hotel room,1120,1,91,2023-04-27,1.22,6,181,0,
25748834,Posh Single Bed in Female Dorm,84371684,Hsin Hsin,,大同區,25.05145,121.51437,Hotel room,1248,1,98,2023-08-16,1.26,6,177,0,
25749452,女生 - Posh Double Bed in Female Dorm,84371684,Hsin Hsin,,大同區,25.05142,121.51505,Hotel room,1772,1,16,2023-03-29,0.20,6,176,0,
25749661,Classic Double Room - Bunk Bed Ensuite,84371684,Hsin Hsin,,大同區,25.05119,121.51508,Hotel room,3552,1,1,2018-12-25,0.01,6,176,0,
25749737,Classic Double Room Ensuite,84371684,Hsin Hsin,,大同區,25.05293,121.51458,Hotel room,3552,1,72,2024-08-14,0.90,6,179,1,
25749899,Deluxe Double Room Ensuite,84371684,Hsin Hsin,,大同區,25.05189,121.51649,Hotel room,4900,1,10,2023-03-25,0.14,6,180,0,
25831185,4 bed private female room/monthly,72226297,Happy Taipei,,士林區,25.09026,121.52569,Private room,1000,30,13,2019-12-24,0.16,9,181,0,
25844726,Cozy apartment near MRT night market w/balcony,24847626,蕙如,,中山區,25.06416,121.52439,Hotel room,1984,3,113,2024-12-22,1.46,13,3,9,
25849520,Bright double bed room near SHIDA ( monthly rental,130827969,Wenchi,,大安區,25.02103,121.53084,Private room,650,30,2,2022-08-20,0.03,61,0,0,
25920699,電梯獨立套房附衛浴/近捷運/步行5分鐘至士林夜市,83232662,Fun Taipei,,士林區,25.08351,121.52411,Entire home/apt,990,30,75,2021-03-17,0.95,6,0,0,
25949113,台北東區典雅雙人套房,177431666,Lydia,,大安區,25.0385,121.55423,Private room,1729,7,0,,,2,361,0,
25960051,接機優惠Dec hot sale信义区宁静2+2房/Picturesque/kidswelcome,119870232,도민,,大安區,25.02682,121.55413,Entire home/apt,4537,2,58,2024-12-29,0.74,17,363,10,
25994610,Newly Renovated with HUGE bathroom TaipeiMain 台北車站,18234751,Jennifer,,大同區,25.05066,121.51462,Entire home/apt,4150,2,170,2024-12-10,2.14,1,154,23,
26052777,[Taipei Journey 503] MRT Zhongshan Station 8min,57698182,Taipei Journey,,中山區,25.05476,121.52664,Hotel room,,1,42,2019-12-22,0.54,27,0,0,
26054202,Studio Apartment Taipei 101 View 月租,4431273,Sai,,信義區,25.03079,121.55863,Entire home/apt,2878,6,105,2024-12-14,1.32,19,159,7,
26069132,(A)  2-6人房Ximen station 5分鐘/洗衣機.電梯/誠品書店1分鐘/免費WiFi,53501011,Sally,,萬華區,25.04445,121.50689,Entire home/apt,2057,1,66,2024-12-21,0.84,13,322,15,
26112635,"西門町Ximen-西門皇家-距離MRT西門站3分鐘,獨立門戶,電梯大樓!有陽台,洗衣機,廚房",113409866,Albee,,萬華區,25.04284,121.50563,Private room,3869,1,64,2024-12-13,0.87,1,143,46,
26318460,【Green Downtown】 3 min to MRT Zhongshan 捷運中山站,20406246,Pauline,,大同區,25.04985,121.51906,Entire home/apt,2377,2,137,2024-12-14,1.74,2,45,20,
26443606,Déjà vu - 台北東區 現代簡約風 /工作空間/MRT6分鐘（酒精消毒 安心入住）新增電視,169187326,Kuo Chun,,松山區,25.04669,121.55201,Entire home/apt,1738,9,91,2024-12-15,1.16,4,334,16,
26611363,WestGate Blue (8-min to MRT/Ximending),65620772,Jay,,萬華區,25.04308,121.50109,Entire home/apt,3843,3,151,2024-12-16,1.93,8,52,29,
26612338,WestGate Hippie (8-min to MRT/Ximen),65620772,Jay,,萬華區,25.04285,121.50148,Entire home/apt,3986,3,203,2024-12-05,2.59,8,44,31,
26612419,Virgil’s Retreat,289299,Hutch,,北投區,25.12655,121.52624,Private room,2000,3,0,,,1,362,0,
26734059,(A)小確幸2-6人房 西門站5分鐘、獨立門戶、洗衣機、對外窗、電梯～,53501011,Sally,,萬華區,25.04472,121.50526,Entire home/apt,1626,1,140,2024-12-11,1.79,13,326,11,
26746623,SoHo Loft Taipei,20075160,Matthew,,萬華區,25.04119,121.50588,Entire home/apt,2514,3,174,2024-12-30,2.21,1,80,55,
26904834,City central # Little apartment # H,202418519,Hsing-Wen,,中正區,25.03416,121.52769,Entire home/apt,2297,2,29,2020-02-29,0.37,1,53,0,
26986835,A.K微寧夏.捷運西門站6號出口3分鐘2人房.Mrt Ximen exit6.3min *可月租,92448004,A.K,,萬華區,25.04393,121.50646,Entire home/apt,1713,3,221,2024-12-16,2.83,17,90,31,
27172939,Taipei 101 1 min from MRT Super large 3 Bedrooms,191801924,Anthony,,南港區,25.04555,121.58378,Entire home/apt,5343,14,69,2024-11-14,0.88,1,334,1,
27176084,❤️ Modern 3 Bed @ most Gorgeous 街 in Taipei ❤️,204639264,Jurgen,,大安區,25.03007,121.53148,Entire home/apt,3643,5,110,2024-12-14,1.41,1,72,22,
27449633,"Deluxe Room with Queen Bed, Raohe night market,MRT",132759774,Waaater,,松山區,25.05098,121.57505,Hotel room,3752,1,131,2024-12-17,1.72,7,109,42,
27450089,"River View with Balcony, next to night market, MRT",132759774,Waaater,,松山區,25.05098,121.57505,Hotel room,4347,1,42,2024-10-31,0.55,7,112,9,
27450769,"Standard,  Modern Rm with Hotel Grade Mattress",132759774,Waaater,,松山區,25.05098,121.57505,Hotel room,3064,1,6,2022-11-19,0.08,7,115,0,
27450963,"River View, New, Modern, Footstep to Night Market",132759774,Waaater,,松山區,25.05098,121.57505,Hotel room,3980,1,29,2024-12-10,0.37,7,113,6,
27466662,台北市中心/交通便利/電梯 /獨立衛浴 不與他人共用/ 近地铁 /近夜市,23595125,Nikita,,中山區,25.06614,121.52173,Entire home/apt,1216,28,58,2024-11-03,0.76,3,98,3,
27538077,Taipe Space*特價優惠中-NTNU師範大學-國語日報,140917365,K,,中正區,25.02742,121.52186,Entire home/apt,4386,30,64,2024-06-29,0.83,5,204,3,
27540766,The Oriental Loft，Taipei,63493366,Stanley,,萬華區,25.03983,121.50546,Entire home/apt,4676,3,132,2024-12-28,1.71,2,231,48,
27563523,C室『月租型需簽約•6坪 』租金含第四台WiFi水費垃圾清運 電1°6元（一樓）,61081895,Ray,,信義區,25.02202,121.56291,Private room,420,180,85,2020-11-30,1.09,6,365,0,
27617765,【TaipeiXimending Lift studio_16】,21867853,Teddy,,萬華區,25.04314,121.50503,Entire home/apt,2926,3,127,2024-12-15,1.64,16,168,22,
27664958,近松山文創/近捷運國父紀念館站MRT/台北月租/東區信義區近101/近大小巨蛋夜市/綠意盎然寬敞房,30636417,Constantine,,松山區,25.0452,121.55652,Private room,1257,30,64,2024-10-20,0.83,1,101,5,
27668350,【單人床】台北必住旅宿西門町2分鐘、台北車站、 電梯、大窗、交通便利-口碑推薦,118169489,Cing,,中正區,25.04501,121.51219,Shared room,921,1,37,2024-11-10,0.48,8,6,2,
27716130,忠孝復興 電梯雅房 minimalist retro lover,25246943,Laurent,,大安區,25.03785,121.54783,Private room,1166,31,1,2022-05-21,0.03,5,356,0,
27766000,"§西門町、中正紀念堂、台北車站、""台北必住旅宿""住過才敢推薦 機場捷運步行3分鐘 團體房 單人床",173321819,109Yang,,中正區,25.04521,121.51231,Shared room,927,1,26,2024-05-14,0.38,25,6,1,
27766337,"Taipei Main Station , 5 mins walk to Ximenting",173321819,109Yang,,中正區,25.04645,121.51002,Shared room,926,1,8,2024-12-02,0.10,25,6,2,
27766408,"【全新裝潢】西門町2分鐘、中正紀念堂、台北車站、大稻埕-""台北必住旅宿""住過才敢推薦",173321819,109Yang,,中正區,25.04714,121.51231,Shared room,921,1,16,2022-07-03,0.21,25,6,0,
27771760,"XS&XL House#Island
@3min-->MRT Ximen",104613276,Ivy,,萬華區,25.04406,121.5042,Entire home/apt,1774,3,161,2024-12-28,2.10,4,43,51,
27800610,Cozy sunroom/MRT TPE101 WTC 6mins/Fam welcome,209924581,Pat,,信義區,25.032815420799185,121.55941905041743,Entire home/apt,5358,2,94,2024-12-27,1.22,2,143,25,
27816277,"【波西米亞風2~3人房】西門町5分鐘,有浴缸,寧夏夜市,士林夜市",118973784,Andy,,萬華區,25.045663226367,121.50886233772215,Entire home/apt,2709,4,122,2024-12-09,1.58,20,69,28,
27818462,Taipei101 Xinyi Dist. | Welcome Long Term Stay!,25523787,New Apt,,信義區,25.027194401206923,121.56239604743477,Entire home/apt,,6,9,2023-12-28,0.12,26,84,0,
27846788,"Sleep Inn R1, 2-5人房, 下樓即是台北車站捷運Z2出口",210300300,Frank,,中正區,25.047,121.51796,Private room,4429,2,107,2024-12-17,1.39,8,72,13,
27864619,off white @ 高樓層陽光屋有廚房及洗衣機(2-4人房)free Wifi,20965710,NiNi,,萬華區,25.0413,121.50597,Entire home/apt,3314,3,118,2024-12-30,1.53,11,135,37,
27866055,MRT 2nd floor apartment Richard and Sunny's house,175453545,Richard,,信義區,25.03817,121.57756,Entire home/apt,2200,30,36,2024-10-25,0.47,1,329,3,
27900901,"【新美式風格雙人房】西門町5分鐘寧夏士林夜市,馬辣火鍋",118973784,Andy,,萬華區,25.04499076228994,121.507038137647,Entire home/apt,1740,2,89,2024-12-11,1.16,20,78,11,
27931870,Home Resort/設計感超寬敞實木地豪宅/24小時警衛/近機場快綫/迪化大稻程碼頭/寧夏夜市/,124454126,Hsini,,大同區,25.05345,121.51099,Entire home/apt,6417,120,0,,,1,365,0,
28039073,"§單人床 台北燈會 西門町、房內乾濕分離大衛浴、台北車站、台北必住旅宿""住過才敢推薦",173321819,109Yang,,中正區,25.04489,121.51034,Shared room,926,1,84,2024-12-16,1.10,25,6,16,
28039885,接機優惠 Dec hot sale Minimalistic Designer Suite,119870232,도민,,大安區,25.04296,121.55072,Entire home/apt,2887,2,235,2024-12-25,3.06,17,163,37,
28046611,清新簡約風 @台北西門町 Ximending(3-5人),31659404,Max,,萬華區,25.04288,121.50367,Entire home/apt,,3,105,2024-12-23,1.37,1,58,52,
28142373,西門3分鐘捷運（月租）blue海洋2-3人電梯大樓（國內訂房尚未開放）,161246735,Blue Sky,,萬華區,25.03991,121.50669,Entire home/apt,1729,3,48,2024-12-30,0.63,7,81,5,
28230980,[Taipei journey605] MRT Zhongshan station Studio,57698182,Taipei Journey,,中山區,25.05526,121.52528,Hotel room,,1,43,2020-02-07,0.56,27,0,0,
28322575,1-9人近Sogo奢華舒適大空間 微風廣場松山機場小巨蛋可洗衣炊煮MRT南京復興站1分到家,127172757,莉,,中山區,25.05087,121.54397,Entire home/apt,6359,8,10,2024-08-03,0.13,4,180,1,
28323286,忠孝敦化MRT5分鐘～ 東區延吉後花園享受在攸閒的午後，和喜歡的知己坐在微微風的陽台輕鬆的品嚐咖啡！,127172757,莉,,松山區,25.04698,121.55258,Entire home/apt,3017,2,7,2024-11-24,0.11,4,42,6,
28324203,浪漫燈飾房 適合情侶姊妹個人旅遊入住 近東區忠孝敦化松菸誠品MRT6分鐘超便利,127172757,莉,,松山區,25.04569,121.55461,Private room,2631,3,2,2024-02-24,0.03,4,39,1,
28352185,接機優惠Dec hot sale Fashion101 house/12PPL/Mrt5min,119870232,도민,,大安區,25.03001,121.55471,Entire home/apt,7321,2,2,2023-11-13,0.03,17,356,0,
28366424,綠樹公園x歷史博物館x總統府x台北車站捷運出口5分即達!交通方便!4~6人大空間，提供嬰兒推車及床。,143505240,Ryan,,中正區,25.04729,121.51536,Entire home/apt,5326,2,295,2024-12-15,3.85,2,31,40,
28384288,西門町 Ximending MRT(現代風)2~4人房(電梯百萬高檔裝潢)獨立空間～近台北車站~月租,122603082,Tony,,萬華區,25.04564,121.50871,Entire home/apt,2013,2,193,2024-12-26,2.54,8,262,54,
28421160,Chris Guest house in Daan,92543026,Chris,,大安區,25.04378,121.54753,Private room,911,1,100,2024-10-11,1.30,1,59,3,
28445276,7分鐘中山捷運/寧夏夜市/大稻埕 乾淨舒適 ***確定入住後請訊息告知所需房型,214741777,Yi Su,,大同區,25.05229,121.51463,Hotel room,,1,1,2020-12-11,0.02,5,0,0,
28445613,【MRT中山7分鐘】簡約質感 床型不選房/24HR入住***確定入住後請訊息告知所需房型,214741777,Yi Su,,大同區,25.05246,121.51483,Hotel room,,1,2,2023-04-24,0.04,5,0,0,
28445909,【MRT中山7分鐘】乾淨明亮 寧夏夜市就在樓下****麻煩您在確定入住後，訊息告知需要房型,214741777,Yi Su,,大同區,25.05304,121.51513,Hotel room,,1,5,2023-04-30,0.07,5,0,0,
28446160,7分鐘中山捷運/寧夏夜市/大稻埕 乾淨舒適***請於確認入住後，告知您需要的房型，視當天房況提供,214741777,Yi Su,,大同區,25.05235,121.51516,Hotel room,,1,3,2022-11-19,0.04,5,0,0,
28446231,❤上市首賣❤ 近寧夏夜市/捷運中山7分鐘/24HR入住***確認入住後告知您所需房型，視當天房況提供,214741777,Yi Su,,大同區,25.0531,121.51311,Hotel room,,1,3,2023-04-30,0.05,5,0,0,
28451387,"5 mins  NTU ,  NTNU  brand new studio",146850858,David,,中正區,25.02289,121.52505,Entire home/apt,3482,7,43,2024-11-25,0.58,14,307,9,
28500779,Twin Room close to Taipei Main Stn 5min,152558138,Re,,中正區,25.04689,121.51341,Hotel room,1953,1,42,2024-11-25,0.92,2,353,9,
28501419,Single Room,152558138,Re,,中正區,25.04689,121.51341,Hotel room,1667,1,49,2024-12-10,0.68,2,315,6,
28565895,TPE oasis Park❤捷運南京三民站＆松機站❤機場巴士直達❤１～4ｐ suite,6177912,Jolene,,松山區,25.05727,121.55965,Entire home/apt,1575,30,6,2019-12-31,0.08,1,362,0,
28583845,The location is at two MRT line crossover room#Y5,10007698,Kiki,,中山區,25.05299,121.53386,Hotel room,2531,5,90,2024-12-17,1.19,18,67,21,
28593440,Quiet cozy room (1 min to Guting station ),130827969,Wenchi,,大安區,25.02884,121.5223,Private room,570,30,0,,,61,311,0,
28595038,Quiet cozy double bed room XINYI Taipei 101,130827969,Wenchi,,信義區,25.03716,121.573,Private room,647,30,1,2018-11-17,0.01,61,359,0,
28645855,Bright Big room near Guting station,130827969,Wenchi,,大安區,25.02775,121.5238,Private room,500,30,1,2020-09-12,0.02,61,311,0,
28649132,♉☘25%OFF☘Ximen MRT Luxury Balcony♊2 Brm Apt 2-6Pax,161861892,Kevin,,萬華區,25.03836,121.50534,Entire home/apt,5077,2,130,2024-12-18,1.70,4,119,42,
28650752,New apartment Ximen MRT 5mins 西門捷運步行5分鐘2-5ppl 優質裝潢,114347966,Jenny,,萬華區,25.0452,121.50609,Entire home/apt,2429,2,171,2024-12-14,2.25,4,89,47,
28660683,"**5minsNTU,NTNU brand new studio 全新裝潢時尚公寓2**",146850858,David,,中正區,25.02516,121.52318,Entire home/apt,3778,14,29,2024-08-17,0.39,14,259,6,
28697457,[Clover Home-Room Filou] 2 mins walk to MRT G18,41825230,Ming-Jie,,松山區,25.05165,121.56161,Private room,1083,2,56,2024-12-27,0.80,4,175,18,
28745633,Apt A. Welcome Taipei long stay 3 mins MRT 月租6-8折,216819425,Vivi,,大安區,25.04146,121.55448,Entire home/apt,8656,2,70,2024-12-21,0.92,6,353,18,
28749013,"****5minsNTU,NTNU brand new studio 全新裝潢時尚公寓4",146850858,David,,中正區,25.02317,121.52354,Entire home/apt,3065,15,31,2024-04-29,0.42,14,353,5,
28790125,FX【3bdrm 2bth】Fuxing MRT 5 min/ Newly renovated,213704427,Zoe,,大安區,25.04283,121.548,Entire home/apt,6257,30,71,2024-11-25,0.94,23,96,11,
28802081,CASA MIA @ 西門MRT 5mins (3-4人房) Free Wifi,20965710,NiNi,,萬華區,25.04139,121.50431,Entire home/apt,4129,3,182,2024-12-27,2.41,11,128,59,
28867888,cozy 溫馨旅站2~4人 北車 京站Taipei Main Station近西門町 夜市 WIFI,171974684,Win,,大同區,25.04975,121.51659,Entire home/apt,1893,2,104,2024-12-15,1.37,12,169,19,
28900513,lovingly愛戀晶站1~3人房 北車Taipei Main Station西門Wi-Fi,171974684,Win,,大同區,25.04947,121.5162,Private room,1640,3,81,2024-12-15,1.07,12,169,14,
28991073,Single Bed in Mixed Dorm#TaipeiMainStation1min,101047814,Stanley,,中正區,25.04621,121.51819,Hotel room,1114,1,102,2024-11-25,1.37,4,87,19,
28991240,Double Bed in Female Dorm#TaipeiMainStation1min,101047814,Stanley,,中正區,25.04424,121.51685,Hotel room,1293,1,5,2024-05-04,0.14,4,22,1,
28991272,Double Bed in Mixed Dorm#TaipeiMainStation1min,101047814,Stanley,,中正區,25.04559,121.51691,Hotel room,1293,1,8,2024-05-21,0.11,4,22,2,
28991443,Private Double Size Bunk#TaipeiMainStation1min,101047814,Stanley,,中正區,25.04423,121.5171,Hotel room,,1,14,2024-11-27,0.21,4,72,2,
29003767,月租TAIPEI都市閣樓房 近市中心 MRT 5分鐘 電梯大樓,56829663,子晴,,中正區,25.04716,121.51894,Entire home/apt,2743,7,102,2024-12-06,1.35,3,54,17,
29019183,舒適夢想屋＠西門町徒步區（2-6人）/ 獨立房源/對外窗/電梯大樓,89010268,Silvia,,萬華區,25.04524,121.50649,Entire home/apt,,2,21,2024-12-10,0.28,7,0,2,
29019521,Welcome long-term stay！Near 101 &MRT  Apt,25523787,New Apt,,大安區,25.03072,121.55699,Entire home/apt,3492,14,8,2024-12-24,0.11,26,114,2,
29039632,Small Apartment with Loft Taipei 101 View 月租,4431273,Sai,,信義區,25.03147,121.55851,Entire home/apt,2878,6,89,2024-12-28,1.18,19,237,17,
29095335,西門町 Ximending MRT國內訂房未開放2~5人房(電梯新裝潢)月租EGG近台北車站,122603082,Tony,,萬華區,25.04601,121.50854,Entire home/apt,2399,2,213,2024-12-21,2.82,8,241,59,
29190852,【紐約時尚四人房】台北車站#大客廳#好煮廚房#乾濕分離衛浴#獨立洗脫烘#,28790031,Chia Yin,,中正區,25.04665,121.51472,Entire home/apt,6229,2,181,2024-12-08,2.46,5,128,16,
29191584,Shilin Night Market@MRT 5min Relaxed condo for 1-8,168846117,Chi,,士林區,25.08864,121.52338,Entire home/apt,3523,7,101,2024-12-10,1.35,4,231,21,
29241604,幸福進站3~7人台北車站 京站Taipei Main Station近西門町 夜市 WIFI,171974684,Win,,大同區,25.05016,121.5166,Entire home/apt,3543,2,36,2024-12-03,0.48,12,169,16,
29242260,4 bed private room & Shilin Night Market/monthly,72226297,Happy Taipei,,士林區,25.09259,121.52683,Private room,,30,7,2019-11-18,0.10,9,180,0,
29275215,Déjà vu Morden/kitchen+balcon+patio/MRT 9ms,169187326,Kuo Chun,,松山區,25.04801,121.54551,Entire home/apt,4234,2,120,2024-12-20,1.64,4,157,36,
29325450,萬豪酒店旁.飯店式管理.外派商務人士首選,116903175,Connie,,中山區,25.080342861506104,121.55898928642273,Entire home/apt,2264,30,34,2024-10-16,0.47,1,96,3,
29347449,10人家庭房-台北車站正對面,22516319,Sean  翔,,中正區,25.04786,121.51446,Entire home/apt,2394,20,21,2020-01-01,0.28,11,82,0,
29376773,Triple room en-suite,54320880,Jv,,信義區,25.02841,121.55873,Hotel room,,1,0,,,8,161,0,
29377699,Female dorm standard  (6 beds),54320880,Jv,,大安區,25.0298,121.55731,Hotel room,,1,8,2024-11-24,0.21,8,173,3,
29429545,2 person room灰色地帶@電梯@獨立衛浴@Ximen MRT 2 mins walk,8507014,Tai,,萬華區,25.04315,121.50675,Private room,1687,30,35,2023-10-20,0.47,1,179,0,
29448053,“Taipei 101 Wonderland景觀露台Private Terrace,25523787,New Apt,,信義區,25.026138360457633,121.56227847958094,Entire home/apt,3295,2,15,2024-12-28,0.20,26,32,5,
29464958,Triple Room 安靜舒適三人房 林森北路精華地段 | MRT中山、雙連10分鐘,218530796,泊居,,中山區,25.05562,121.52528,Hotel room,,1,0,,,4,0,0,
29465094,Deluxe Double Room 豪華雙人房 小吃美食不錯過 | MRT中山、雙連10分鐘,218530796,泊居,,中山區,25.05562,121.52528,Hotel room,,1,0,,,4,0,0,
29466291,Standard Double Rm (no window) 雙人房(無窗) | MRT雙連站,218530796,泊居,,中山區,25.05562,121.52528,Hotel room,,1,0,,,4,0,0,
29466557,Single Rm w/ Shared Bath (no window)  單人房共用衛浴(無窗),218530796,泊居,,中山區,25.05562,121.52528,Hotel room,,1,0,,,4,0,0,
29481861,步行西門紅樓商圈  + 西門MRT 出口8秒 團體家庭,50803756,季維,,中正區,25.04159,121.50879,Entire home/apt,,2,87,2024-12-31,1.19,9,209,46,
29524132,"NEW!!【Day Ｄream 白日夢享假】MrtWalk3min,寧夏夜市,士林夜市",118973784,Andy,,萬華區,25.04412,121.50774,Entire home/apt,2380,3,119,2024-12-16,1.59,20,95,28,
29578611,Charming Room Retreat in Taipei 101,20092735,Lily,,信義區,25.03243,121.5589,Private room,780,7,146,2024-11-28,1.95,6,295,11,
29641333,A.K 微時光.捷運西門站6號出口3分鐘2人房.Mrt Ximen exit6.3min *可月租,92448004,A.K,,萬華區,25.04392,121.50673,Entire home/apt,1414,3,193,2024-12-14,2.57,17,79,52,
29647183,3:萬豪酒店旁.近內湖科技園區.電梯宅,83686269,Sophia,,中山區,25.08019,121.56085,Private room,1990,30,7,2020-01-01,0.10,4,208,0,
29695831,西門町XiMenDing景觀陽台大套房ViewBalconySuite捷運700米700MtoMRT,167319157,Ian,,萬華區,25.04577,121.50278,Entire home/apt,1929,2,140,2024-12-13,1.87,6,340,37,
29772565,Love story 新東區愛的故事，法式簡潔公寓，可1-4人大窗台，簡易廚房可炊煮，洗晾衣舒適空間,82459487,H,,松山區,25.0456,121.55341,Entire home/apt,2345,3,22,2024-11-18,0.45,9,179,3,
29834620,"Quad Room with Bunk Beds,  Raohe night market, MRT",132759774,Waaater,,松山區,25.05098,121.57505,Hotel room,3479,1,49,2024-12-19,0.66,7,112,10,
29834725,Superior Double Room with Hotel Grade Mattress,132759774,Waaater,,松山區,25.05098,121.57505,Hotel room,3310,1,6,2024-02-17,0.31,7,114,1,
29834748,"Superior Twin Beds Room, Raohe night market, MRT",132759774,Waaater,,松山區,25.05098,121.57505,Hotel room,,1,25,2024-05-19,0.34,7,113,6,
29848692,Taipei101-Room with Shared Bath,28318416,Luckytree House,,大安區,25.0324,121.55631,Private room,,50,1,2023-06-30,0.05,3,88,0,
29857924,Xīnhài MRT  uniquely designed kitchen living room,8478209,Eric,,文山區,25.00664,121.55875,Entire home/apt,1542,3,5,2019-05-06,0.07,15,90,0,
29863158,"5B3b Dream Home, 257 sq. m/3 min to Tech.Build MRT",1398361,Second,,大安區,25.02851,121.54144,Entire home/apt,16241,1,84,2024-12-01,1.12,11,114,14,
29871898,Sweet Home1-4pax,42159672,幼幼,,萬華區,25.04738,121.50675,Entire home/apt,1686,2,15,2024-12-29,0.21,4,285,9,
29917320,Near MRT Daan Station & Taipei 101,119119334,Jacky,,大安區,25.02981,121.54241,Private room,1063,30,182,2024-11-17,2.44,4,314,6,
29931374,DaShing 台北101信義新光三越 5mins,225042041,達興,,信義區,25.03878,121.57532,Entire home/apt,,1,0,,,1,0,0,
29937883,MRT Daan Station 4 mins by walk near Taipei 101,119119334,Jacky,,大安區,25.03207,121.54345,Private room,888,30,155,2024-10-22,2.09,4,308,9,
29970232,Budgeted single bed room near Gongguan,130827969,Wenchi,,文山區,25.00486,121.53748,Private room,530,30,0,,,61,338,0,
29981990,EZ家庭房202+203/中山站3分鐘/鄰近台北車站/寧夏夜市/1客廳1廚房2房2衛浴/4-8人入住,15114187,強尼,,大同區,25.05213,121.51797,Entire home/apt,1900,2,132,2024-12-15,1.79,3,27,21,
29999814,Landmark 101 3Bd2b ~2 min walk to Taipei 101 &MRT,110107126,Luxe Taipei,,信義區,25.03274,121.56335,Entire home/apt,8218,4,76,2024-12-26,1.02,4,217,18,
30046781,內湖挑高優美小豪宅(月租有優惠),225812818,Vivi,,內湖區,25.06981,121.58944,Entire home/apt,1250,28,5,2023-10-23,0.07,1,89,0,
30052352,陽明山隨緣,8616847,Samuel,,士林區,25.11688,121.52653,Entire home/apt,3904,28,3,2022-09-30,0.04,2,365,0,
30057319,優質溫馨家庭首選/5間臥房/可9人入住/台北101旁,146254191,Joseph & Elva,,信義區,25.03526,121.57502,Private room,,30,36,2024-12-03,0.49,30,11,1,
30074647,Medium twin room(No window),29156706,ART'OTEL Ximending,,萬華區,25.04542,121.50358,Hotel room,,1,1,2019-06-27,0.01,9,262,0,
30093962,A-A1《月租》《可短租》中山捷運站/特級客房/獨立衛浴,906344,Lily,,中山區,25.051695989032567,121.52229063160134,Entire home/apt,1825,3,11,2024-12-05,0.66,23,162,7,
30116094,MRT Guting station /Twin-bed Room+Private Balcony,43238537,Ginger,,大安區,25.02998,121.52318,Private room,1743,2,189,2024-12-16,2.58,1,72,44,
30120316,*全新裝潢* 乾淨北歐小公寓_機場捷運、台北車站、寧夏夜市 (fit for 1-5 person),24237779,Jessie,,大同區,25.05533,121.51254,Entire home/apt,7285,5,6,2024-01-02,0.10,3,325,1,
30121481,*𝙷𝚢𝚐𝚐𝚎 𝚊𝚙𝚊𝚛𝚝𝚖𝚎𝚗𝚝*  中山MRT/南西誠品/赤峰街商圈/寧夏夜市/迪化街/台北車站,24237779,Jessie,,大同區,25.05363,121.51435,Entire home/apt,2864,5,120,2024-11-27,1.63,3,311,14,
30133964,*全新裝潢* 無印風小套房（master room with toilet）,24237779,Jessie,,大同區,25.05514,121.51272,Entire home/apt,5200,7,0,,,3,61,0,
30167163,"***5minsNTU,NTNU brand new studio 全新裝潢時尚公寓3***",146850858,David,,中正區,25.02297,121.5236,Entire home/apt,3288,7,36,2024-08-24,0.49,14,187,3,
30217644,Love Taipei G6 愛台北/Luxury/Taipei 101/捷運西門站/可住1-8人.,221534550,Anne,,萬華區,25.04566,121.50498,Entire home/apt,1657,2,118,2024-11-26,1.60,48,56,20,
30236897,大安區市中心2層樓獨特設計風格 跨年可以直視台北101精彩煙火,20312581,Wei Wei,,大安區,25.029940824228976,121.54302876231385,Entire home/apt,3300,2,23,2024-06-30,0.31,1,89,5,
30298244,Taipei Main Station: Relax and feel free to live,15788877,信(Yi - Jen),,中山區,25.04832,121.52152,Private room,917,14,52,2024-12-23,0.70,1,177,10,
30300464,Michelle's Cave,8421809,Michelle,,南港區,25.05255,121.61492,Private room,,2,26,2024-01-03,0.36,1,0,1,
30309446,8樓TaipeiMainStation Ximending101京站西門町泳池新大樓2房1～4人,48195411,David,,大同區,25.04972,121.51729,Entire home/apt,4382,2,151,2024-12-24,2.05,4,326,44,
30365916,Mermaid 頂級套房  3MinsXimenMRT 西門町自然海灘風,28103867,Henry,,萬華區,25.04162,121.50498,Entire home/apt,3660,4,103,2024-11-21,1.39,38,77,19,
30386138,西門町 的 小清新,9678816,Renny,,萬華區,25.04218,121.50709,Entire home/apt,1129,2,150,2024-12-16,2.04,6,125,55,
30440658,Apt C. Welcome Taipei long stay 3 mins MRT 月租6-8折,216819425,Vivi,,大安區,25.04059,121.55399,Entire home/apt,6824,2,30,2024-12-16,0.41,6,364,6,
30684355,"Sleep Inn R2, 2-4人房, 101景 高樓層",210300300,Frank,,中正區,25.04832,121.51603,Entire home/apt,4429,2,79,2024-08-16,1.08,8,79,7,
30700375,MONTHLY PROMO～G16/Luxury/Taipei 101/XIMEN/1-3 pax.,221534550,Anne,,萬華區,25.045674309653666,121.50465572679282,Entire home/apt,,2,65,2024-11-23,0.88,48,34,7,
30718609,低調奢華>信義區taipei101新大樓>國父紀念館>大巨蛋>月租要打合約>歡迎留言,229938698,Jessie,,信義區,25.0356,121.55905,Entire home/apt,2546,5,59,2024-05-21,0.81,2,252,2,
30723491,典雅設計>信義taipei101新大樓>國父紀念館>大巨蛋>月租要打合約>歡迎留言,229938698,Jessie,,信義區,25.03511,121.55914,Entire home/apt,2546,5,45,2024-12-07,0.64,2,196,3,
30732180,Taipei Ximen極簡風格4人房Ximen MRT8分鐘近士林、饒河、寧夏等各大夜市,30761821,Johnny,,萬華區,25.04343,121.50358,Entire home/apt,1937,2,52,2020-05-20,0.71,3,172,0,
30750835,•西門町•月租優惠 • (滾筒洗衣烘乾機+大陽台+大客廳) (2人) •Ximen MRT,69899382,Maggie,,萬華區,25.04548,121.5067,Entire home/apt,,4,91,2024-08-14,1.25,6,0,20,
30752287,•西門町•月租優惠•Ximen MRT 電梯+大陽台+洗衣機(大2-4人房),69899382,Maggie,,萬華區,25.046098709106445,121.50554656982422,Entire home/apt,2329,3,90,2024-12-25,1.24,6,144,29,
30759308,"Nice, Cozy suite for 2-3 people",17106242,子剛,,萬華區,25.0418,121.50673,Entire home/apt,1103,28,61,2024-11-24,0.83,3,360,2,
30767854,Freebird Family Condo 4 - One min to XImen MRT,8937651,Chiying,,萬華區,25.04412,121.5071,Entire home/apt,,3,78,2024-11-03,1.06,17,83,10,
30773368,【舒適的家 Comfortable】2~4人房  電梯大樓/洗脫烘衣機/WIFI/西門站步行5分鐘,21197641,Dabao,,萬華區,25.04286,121.50488,Entire home/apt,2229,3,152,2024-12-23,2.09,7,122,45,
30774125,Ximen MRT2min★Hello Kitty ONE DAY★適合小家庭入住,28039537,小佐,,萬華區,25.04287,121.5068,Entire home/apt,2421,2,92,2024-12-09,1.26,1,164,29,
30775815,Ximending cozy apt#26/2+1rm/4-8ppls,8868664,Anne,,萬華區,25.04509,121.50586,Entire home/apt,4257,1,69,2024-12-15,0.95,3,205,25,
30778756,Urban Luxury 馥寓奢華 1-4人房 捷運西門站步行6分鐘 MRT Ximen 4mins,83171395,Loro,,萬華區,25.04512,121.50645,Entire home/apt,2353,4,75,2024-12-15,1.03,9,176,2,
30782085,Fun @台北西門町/Taipei ximending/free wifi/2~4人,31499315,Nn,,萬華區,25.04091,121.50121,Entire home/apt,2163,4,104,2024-12-11,1.43,4,159,20,
30783481,"2~4p, Camp@Ximending",128806861,Kenson,,大同區,25.04889,121.50695,Entire home/apt,2314,3,136,2024-11-20,1.85,13,252,32,
30793697,電梯/兩房一廳/傢俱電全/整層獨立/,14357781,Skaly,,中山區,25.0599,121.52719,Entire home/apt,2556,3,60,2024-12-30,0.84,2,258,16,
30797535,"FreeBird Apt V- 1分鐘到西門捷運站, 步行街上, 電梯, 洗烘乾衣機",8937651,Chiying,,萬華區,25.04267,121.50742,Entire home/apt,2867,3,137,2024-12-14,1.88,17,66,22,
30801102,[Ximen Apt]cozy apt like home (4-8P),11601709,Leslie,,萬華區,25.04733,121.50588,Entire home/apt,3486,1,54,2024-12-08,0.75,1,223,24,
30801892,Smile House 電梯大樓 西門捷運三分鍾,203223914,Happy,,萬華區,25.04182,121.50599,Entire home/apt,2661,5,38,2024-12-21,0.52,5,153,17,
30803593,#WsStudio Taipei Ximen MRT 5min Quad Room (2 beds),22075376,Noel,,萬華區,25.04148,121.50558,Private room,1907,1,132,2024-12-12,1.80,6,65,64,
30805091,西門捷運3分鐘電梯大樓（月租）海角七號：2～3人房（國內訂房尚未開放）,161246735,Blue Sky,,萬華區,25.04032,121.50603,Entire home/apt,1863,3,27,2024-05-28,0.37,7,71,5,
30810390,A.K微普普.捷運西門站出口5分鐘.2人房.Mrt Ximen exit6.3min *可月租,92448004,A.K,,萬華區,25.0441,121.5047,Entire home/apt,1692,3,153,2024-12-09,2.10,17,118,41,
30811501,D 全新 位於西門步行區  適合家庭團體  6-12位,50803756,季維,,萬華區,25.0450651,121.50852,Entire home/apt,7464,2,46,2024-12-24,4.27,9,192,46,
30820468,AmazingTaipei @*1min TaipeiStation 台北車站~**,146008296,Harry Chen,,中正區,25.04665,121.51508,Entire home/apt,2789,3,103,2024-12-25,1.40,9,354,18,
30826101,31New decoration / MRT walk as long as 3 minutes,100003062,Arch,,大安區,25.03227,121.55631,Entire home/apt,1264,2,98,2024-11-17,1.34,5,80,31,
30826397,32New decoration / MRT walk as long as 3 minutes,100003062,Arch,,大安區,25.03334,121.55439,Entire home/apt,1657,2,72,2024-12-02,0.98,5,73,18,
30826623,全新裝潢41捷運步行只要3分鐘/臨江夜市/101信義商圈/松菸文創誠品/木柵動物園貓空纜車,100003062,Arch,,大安區,25.03129,121.55665,Entire home/apt,1807,2,44,2024-12-05,0.60,5,83,19,
30829362,DH2 Taipei/MRT Ximen 西門/6P/100M Internet,230622084,Yvonne,,萬華區,25.03932,121.50567,Entire home/apt,4907,4,97,2024-12-18,1.32,2,168,23,
30844169,Quiet residential apartment nearly Taipei Arena,230635538,Caroline,,松山區,25.04865,121.55431,Entire home/apt,,59,2,2019-02-12,0.03,1,0,0,
30872439,"台北車站周邊 Studio Type 獨立四人房源 一層一戶不共住 台北駅4名様  1室の独立部屋",41548202,Alpha,,中山區,25.048177,121.525299,Entire home/apt,2062,2,69,2024-12-07,0.94,2,126,17,
30872998,【TaipeiXimending Lift studio_17】,21867853,Teddy,,萬華區,25.04392,121.50655,Entire home/apt,3296,3,123,2024-12-17,1.68,16,168,21,
30893366,"3B2b New Building, 2 Min to MRT & Daan Park",1398361,Second,,大安區,25.03522,121.53625,Entire home/apt,16030,14,80,2024-12-23,1.09,11,100,13,
30894549,Large Corner Loft 月租,4431273,Sai,,信義區,25.02958,121.55818,Entire home/apt,3398,20,67,2024-12-15,0.91,19,142,17,
30921383,接機優惠Dec hotsale DaanForest Park parent-childliving,119870232,도민,,大安區,25.03424055728104,121.53526126464102,Entire home/apt,5906,2,34,2024-12-17,0.46,17,149,20,
30942845,Taipei Ximen MRT 5mins #WsStudio for 2~3 ppl,22075376,Noel,,萬華區,25.04166,121.50336,Private room,,1,244,2024-12-14,3.60,6,47,115,
30943684,（6-14人）MRT-Ximen 5分鐘@徒步區商圈/兩套獨立房源/電梯大樓/洗衣機/用餐區/陽台,253215491,Laura,,萬華區,25.0462,121.50537,Entire home/apt,10329,2,41,2024-07-29,0.56,3,57,3,
30960936,Huashan Park/MRT Studio,5697629,Peggy,,中正區,25.04349,121.52705,Entire home/apt,2489,29,82,2024-10-23,1.12,4,71,7,
31032634,信義之心 一館，2024換新升等床。Y0UTUBE 搜「信義之心 實景」看影片，可寄放行李,3705836,Gordon,,信義區,25.03372,121.57629,Entire home/apt,,1,123,2024-11-10,1.68,11,234,13,
31036502,Domaine Desaubin Luxury Villas,172129438,Manuela,,士林區,25.10182,121.5491,Entire home/apt,6828,2,8,2024-09-18,0.11,1,161,1,
31047362,【SundayMorning】@Ximen/西門町/3minMRT/FreeWiFi/1-4P人,230455578,Amanda,,萬華區,25.04156,121.50699,Entire home/apt,2001,3,160,2024-12-12,2.18,6,162,37,
31053245,西門町的小白屋  small White House in ximending,9678816,Renny,,萬華區,25.04348,121.50735,Entire home/apt,1238,2,146,2024-12-17,1.99,6,111,43,
31066666,W10 (room a)- Perfect location! 西門捷運站 5min,53120236,DaMove,,萬華區,25.0435,121.50489,Private room,,1,156,2024-11-29,2.14,2,260,35,
31067050,W10 (room b)- Perfect location! 西門捷運站 5min,53120236,DaMove,,萬華區,25.04384,121.50371,Private room,,1,148,2024-11-22,2.03,2,275,24,
31069844,MRT Daan Station walk to Taipei 101,119119334,Jacky,,大安區,25.03039,121.54449,Private room,725,90,89,2022-03-19,1.22,4,82,0,
31096568,Pei An Apartment,6051208,Shih Yin,,中山區,25.08355,121.55021,Entire home/apt,3500,5,40,2024-12-04,0.56,1,67,6,
31141691,"NEW!!【青春の腦嗎啡】2+2人西門町5分鐘,,寧夏夜市,士林夜市",118973784,Andy,,萬華區,25.0461,121.50733,Entire home/apt,1808,2,85,2024-11-26,1.16,20,77,24,
31164450,(客廳)台北市近捷運和機場巴士Tpe near mrt & Int.Airport bus stop,5424311,Ailin,,中山區,25.06466,121.52823,Shared room,600,1,10,2024-12-30,0.14,6,3,4,
31223107,心誠月租/台北短租/信義區捷運站旁/近五分埔永春/3床4人/家庭房OK/商務房OK,19216347,心誠,,信義區,25.04263,121.58104,Entire home/apt,,30,2,2024-03-28,0.04,35,49,1,
31226239,Humble house near night market,9341142,若為,,萬華區,25.02953,121.50336,Private room,1003,2,79,2024-12-16,1.11,2,355,14,
31226300,Happy house near night market and Ximending,9341142,若為,,中正區,25.03111,121.50514,Private room,958,2,73,2024-12-29,1.10,2,349,29,
31322531,TH【4BDR 2 BTH】 Xinyi Anhe MRT /Tonghua Nightmarket,213704427,Zoe,,大安區,25.03146,121.5546,Entire home/apt,6571,30,73,2024-12-11,1.01,23,116,13,
31342736,TaipeiM8 XIMENDING/ Luxury/Taipei 101/捷運西門站/可住1-6人,221534550,Anne,,萬華區,25.04437,121.50412,Entire home/apt,1657,2,43,2024-12-12,0.59,48,80,13,
31403701,台大古亭國小新民小學在台電大樓站，全聯7-11古亭菜市場，新民小學，全聯、師大夜市/生活機能超好,19216347,心誠,,大安區,25.02272857416103,121.52914526115146,Entire home/apt,2432,22,1,2023-11-11,0.07,35,333,0,
31425654,"Shilin Night Market Suites 2, Taipei 士林夜市獨立衛浴優靜套房2",9610268,Simon,,士林區,25.08785,121.52404,Private room,1579,2,15,2024-10-12,0.22,2,59,4,
31472281,沉穩時尚宅8分钟西門捷运站/小南門捷运站/24小時家樂福/西門商圈/公車直達九份/北門/中正纪念堂,66688561,Angel,,萬華區,25.03765,121.50592,Entire home/apt,4126,3,55,2024-12-19,0.76,3,63,28,
31481417,Taipei Ximen超大舒適4-6人房，Ximen MRT8分鐘近士林、饒河、寧夏等各大夜市,30761821,Johnny,,萬華區,25.04418,121.50472,Entire home/apt,2069,2,87,2024-12-14,1.20,3,86,39,
31499885,台北你的家 your home in Taipei(最多10人),215630162,琼芳,,文山區,25.00516,121.57418,Private room,12000,1,11,2022-07-18,0.15,1,364,0,
31548380,Character Loft next to Taipei 101 月租,4431273,Sai,,信義區,25.0315,121.55852,Entire home/apt,3098,28,70,2024-12-21,0.97,19,87,5,
31548460,MRT Yongchun 5mins *Large Room*,27993488,Mar,,信義區,25.03714,121.57676,Private room,600,15,18,2024-09-01,0.25,8,40,4,
31574896,Mrt Yongchun 5mins Cozy Room[20%discount],27993488,Mar,,信義區,25.03755,121.57784,Private room,771,30,23,2024-11-30,0.32,8,57,5,
31583098,[台北市]超讚房東！捷運1分鐘、林東芳牛肉麵、小巨蛋、微風百貨、舒適3房2衛浴、嬰兒床、庭院溜滑梯。,89615110,Kevin,,中山區,25.05001,121.5406,Entire home/apt,8062,2,144,2024-12-16,1.99,3,191,45,
31587203,35% off monthly/Shilin MRT 5 min/Garden Apartment,236777678,Jack,,士林區,25.09869,121.52591,Entire home/apt,2363,5,81,2024-12-10,1.23,4,236,12,
31588389,DH3 Taipei Loft/5ms to MRT Ximen/6P/100M  Internet,230622084,Yvonne,,萬華區,25.03774,121.5063,Entire home/apt,4546,4,76,2024-12-10,1.06,2,231,10,
31603370,台北市中山區小豪宅/萬豪酒店富人區/美麗華百貨商圈/MRT6分鐘/士林夜市、故宮、陽明山/住1～4人,235650124,Erika,,中山區,25.08012,121.55338,Entire home/apt,,30,39,2024-12-16,0.54,1,60,2,
31636716,Unique New Wood Modern Luxury Design Home Business,3822052,Tifang,,中正區,25.04193,121.52593,Entire home/apt,13000,30,26,2019-11-30,0.36,1,89,0,
31651235,▲3 min walk Airport MRT &  5 min Ximen MRT Station,173321819,109Yang,,中正區,25.04664,121.51204,Shared room,619,1,243,2024-12-12,3.38,25,3,81,
31654997,北門臥客We Come Hostel 溫暖舒適單人房,237339163,WeCome Hostel,,大同區,25.05275,121.51092,Hotel room,2458,1,2,2024-08-05,0.03,13,298,1,
31655065,北門臥客We Come Hostel 溫暖舒適標準雙人房(獨立衛浴),237339163,WeCome Hostel,,大同區,25.05275,121.51092,Hotel room,4583,1,0,,,13,324,0,
31655072,北門臥客We Come Hostel 溫暖舒適標準雙床房(獨立衛浴),237339163,WeCome Hostel,,大同區,25.05275,121.51092,Hotel room,4583,1,2,2023-06-11,0.03,13,312,0,
31655077,北門臥客We Come Hostel 溫暖舒適經濟雙人房(獨立衛浴),237339163,WeCome Hostel,,大同區,25.05275,121.51092,Hotel room,4029,1,8,2023-03-18,0.11,13,314,0,
31663551,[Taipei journey603] MRT Zhongshan Station 8min 603,57698182,Taipei Journey,,中山區,25.05543,121.52497,Hotel room,,1,11,2020-01-13,0.16,27,0,0,
31689279,"Beautiful 2-BR Home in Wenshan District, Taipei",61030839,Steven,,文山區,24.98343,121.57907,Entire home/apt,6398,3,20,2024-12-26,0.29,1,129,6,
31772046,"【Black and White Space】西門町MRT8分鐘,,寧夏夜市,士林夜市",118973784,Andy,,萬華區,25.045368194580078,121.50371551513672,Entire home/apt,2201,2,54,2024-12-17,0.75,20,45,17,
31772683,NTNU balcony A 師大夜市陽台美房@Taipower building MRT/月租,23437247,Young,,大安區,25.02594,121.52883,Private room,,30,0,,,35,0,0,
31814262,步行至士林夜市只要2分鐘-三大床六人房Six people room,38126111,夜市小棧,,士林區,25.09122,121.5246,Entire home/apt,2891,1,29,2024-12-16,0.44,5,192,5,
31814285,步行至士林夜市只要2分鐘-一大床雙人房Double bed,38126111,夜市小棧,,士林區,25.09122,121.5246,Entire home/apt,1971,1,170,2024-11-02,2.37,5,273,38,
31940964,[中山小沙龍］Small but fantastic location,70127592,Jaymee,,大同區,25.05298,121.51949,Private room,750,25,3,2019-03-29,0.04,1,84,0,
31948870,[Taipei journey610] MRT Zhongshan station Studio,57698182,Taipei Journey,,中山區,25.0528,121.52611,Hotel room,,1,10,2020-02-06,0.15,27,0,0,
31962209,台北大安區捷運電梯大樓A房&月租NTU&NTUST&NTNU輕奢風格設計,107651931,曉珊,,大安區,25.02682,121.54729,Private room,730,28,0,,,25,213,0,
31994481,Comfortable 9,52751863,Jia-Ru,,大安區,25.04139,121.54452,Entire home/apt,6500,1,0,,,1,173,0,
31997428,Shida room w/balcony @Taipower building MRT月租,23437247,Young,,大安區,25.02399,121.52907,Private room,,30,1,2019-08-01,0.02,35,0,0,
32026886,Taipe Space*-NTNU師範大學*6min-國語日報-*3min/JB,140917365,K,,中正區,25.0268,121.52047,Entire home/apt,3460,10,4,2024-11-16,0.06,5,191,2,
32028073,EZ 201/捷運中山站3分鐘/客廳獨立衛浴2-4人房/可行李寄放/近南西商圈/台北車站及寧夏夜市,15114187,強尼,,大同區,25.05281,121.51648,Entire home/apt,1003,2,56,2024-12-15,3.19,3,82,38,
32038289,Le Luxury Only@西門町 Ximen Designer House(1~6人) MRT.,110126722,路易,,萬華區,25.03925,121.50566,Entire home/apt,4451,1,165,2024-12-22,2.37,3,60,56,
32057946,Beautiful Spacious 5B3b 4 Min Zhongxiao Dunhua MRT,1398361,Second,,大安區,25.03747,121.55259,Entire home/apt,21560,30,65,2024-12-22,0.91,11,113,16,
32078377,2 台北車站 機場捷運 西門町商圈 北門 （家庭旅遊 團體）,50803756,季維,,萬華區,25.04695955173456,121.50625295493099,Entire home/apt,10192,3,46,2024-12-27,3.42,9,202,41,
32153749,西門町 Ximending MRT 5mins景觀陽台2~7人~月租타이베이 시먼 딩輕工,122603082,Tony,,萬華區,25.04037,121.50713,Entire home/apt,4943,2,216,2024-12-26,3.01,8,277,66,
32176156,Freebird Apt Luxury Apt A-8 : 1 min to MRT 交通方便！,8937651,Chiying,,中正區,25.04068,121.51156,Entire home/apt,3262,3,75,2024-11-13,1.05,17,70,9,
32197474,"1 min to Mingde station,near ""Shilin"" and ""Beitou""",189682042,Show,,北投區,25.11034,121.51914,Entire home/apt,4643,3,28,2024-12-09,0.40,1,82,5,
32243987,Study Studio獨立衛浴 (personal bathroom )ＷIFI.4樓 無電梯,209056611,Shu Chuan,,大安區,25.0227,121.54616,Private room,1557,4,180,2024-12-25,2.59,1,63,32,
32283138,4 bed mix dorm/shilin night market/monthly,72226297,Happy Taipei,,士林區,25.08834,121.52496,Shared room,286,30,6,2024-09-16,0.09,9,162,3,
32323296,Taipei City Hall 8mins(Studio).TAIPEI101 AREA.,189040244,Aliana,,信義區,25.04422,121.56951,Private room,3990,2,0,,,1,87,0,
32341732,Full Loft next to Taipei 101 月租,4431273,Sai,,信義區,25.03155,121.55805,Entire home/apt,,6,70,2024-12-18,0.99,19,0,16,
32456532,接機優惠 Dec hot sale.转角遇见大明星/6分钟大巨蛋,119870232,도민,,松山區,25.046232649164512,121.5554886146914,Entire home/apt,,2,104,2024-12-17,1.48,17,351,15,
32462591,"Retro, En-Suite master bedroom, 3mins from MRT.",44587429,James,,大安區,25.02493,121.53968,Private room,1500,30,16,2021-09-05,0.23,2,364,0,
32509143,接機優惠Dec hot sale/2 station to Dome.,119870232,도민,,大安區,25.04399,121.54388,Entire home/apt,2573,2,133,2024-12-16,1.89,17,347,20,
32577066,"接機優惠Dec hot sale.讓這美麗的屋子,成為你們幸福的見證/3BD2BR 10ppl",15706026,Atwood,,信義區,25.02014,121.55756,Entire home/apt,4776,2,55,2024-12-15,0.79,12,362,9,
32598144,H.C一北欧一Taipei 西门町 Ximen 龙山寺 Longshan Temple,242710118,Hung,,萬華區,25.0397,121.50727,Entire home/apt,6786,2,168,2024-12-11,2.36,5,126,49,
32660141,Double Bed Ensuite w/bathroom /metro in 5 minutes,83232840,Play Taipei,,士林區,25.08729,121.52318,Entire home/apt,,30,39,2020-06-29,0.56,8,0,0,
32661173,"A Double Bed, night market down stairs but quiet",83232840,Play Taipei,,士林區,25.08787,121.52379,Private room,,30,0,,,8,0,0,
32727202,Located in the heart of vibrant Taipei 101.,20092735,Lily,,信義區,25.03116,121.56178,Private room,780,7,10,2022-10-24,0.15,6,285,0,
32734463,1 全新推出 西門MRT +西門紅樓+台北車站 適合8-16位,50803756,季維,,中正區,25.04027,121.50846,Entire home/apt,10554,2,54,2024-12-10,0.78,9,223,31,
32736634,"＊ＳＡＬＥ＊ ５ min to MRT, Sunlight with Bath tub｜HP",42345686,Patty,,大安區,25.02567,121.54406,Entire home/apt,7164,30,34,2024-12-16,0.49,1,37,4,
32769562,J&X 喵HOUSE  Ximen輕鬆喵空間^_^下樓就是西門町!,146883297,Jenny,,萬華區,25.04657,121.50471,Entire home/apt,1694,4,94,2024-12-27,1.33,2,72,30,
32795696,兩個人一起入住上下鋪！Lovely Bunk Bed Room for 2 | MRT 10min,38223011,Backpackers,,萬華區,25.04407,121.50296,Hotel room,,1,5,2024-10-07,0.22,4,331,4,
32795795,Ximen MRT | 女生宿舍房～親估來交朋友喔 | Female Dorm,38223011,Backpackers,,萬華區,25.04407,121.50296,Hotel room,,1,3,2023-10-26,0.04,4,340,0,
32795935,Ximen MRT | 想交外國朋友？來男生宿舍房 | Male Dorm,38223011,Backpackers,,萬華區,25.04407,121.50296,Hotel room,,1,13,2024-09-14,0.18,4,349,5,
32796134,西門MRT | 天哪！3人獨享超優惠房價，走過路過不要錯過|Triple Room,38223011,Backpackers,,萬華區,25.04407,121.50296,Hotel room,,1,18,2024-10-29,0.26,4,332,3,
32821959,NanjingFuxing MRT 7min | Cosy Female Dorm,84580782,Hostel,,中山區,25.05402,121.53897,Hotel room,627,1,13,2024-12-16,0.68,3,355,11,
32822019,Explore Taipei in Single Rm | Nangjing Fuxing Stn,84580782,Hostel,,中山區,25.05402,121.53897,Hotel room,1106,1,6,2024-03-25,0.15,3,277,1,
32822052,NanjingFuxing MRT 7min | Room with  Bunk Beds,84580782,Hostel,,中山區,25.05402,121.53897,Hotel room,1363,1,13,2024-05-03,0.20,3,355,4,
32848222,大直捷運站步行3分鐘／明水路挑高大公寓／獨立雅房A／月租 / 雙人房 / 內湖科學園區,247125177,Tina,,中山區,25.07854,121.54705,Private room,839,30,49,2024-06-30,0.74,5,354,1,
32877425,VacationTaipei*3min*TaipeiMianStation~*台北車站*~,146008296,Harry Chen,,中正區,25.0452,121.51656,Entire home/apt,2761,3,100,2024-12-26,1.41,9,304,20,
32904882,1st floor 1-2ppl/30s to MRT/Spacious Shared Apmt,11012797,Family,,信義區,25.0182267352314,121.55943093694798,Private room,,30,39,2024-09-21,0.55,2,272,6,
32969621,台大師大超大雅房E @MRT/台電大樓站/月租,23437247,Young,,大安區,25.02605,121.52884,Private room,,30,2,2024-08-24,0.03,35,0,1,
33002482,台北西門町~銀河!(電梯/獨立衛浴間/獨立洗衣機~禁菸),192465780,家任,,萬華區,25.04696,121.50621,Private room,,2,40,2024-12-16,0.58,3,165,22,
33006645,H&K 3/2 Cozy Taipei 101/World Trade Center MRT,30591050,H&K,,信義區,25.03153,121.56424,Entire home/apt,11143,10,26,2024-11-20,0.37,13,258,10,
33063738,台北西門町~河岸鄉村!(電梯/獨立洗衣機/獨立衛浴間~禁菸),192465780,家任,,萬華區,25.04621,121.50552,Private room,1957,2,51,2024-12-01,0.72,3,168,12,
33081068,Spacious room with PRIVATE TOILET !,130827969,Wenchi,,中正區,25.03015,121.52142,Private room,580,30,0,,,61,241,0,
33109150,台北西門町~幾何圖形!(獨立門戶/電梯/洗衣機/衛浴間～禁菸),192465780,家任,,萬華區,25.04604,121.50563,Entire home/apt,2014,2,46,2024-12-16,0.67,3,172,10,
33121758,Taipei Modern Zen Apartment - Linsen 413,130302653,Grace,,中山區,25.06078,121.5267,Entire home/apt,2329,4,74,2024-12-27,1.11,1,175,14,
33132555,A.K微樂事.捷運西門站6號出口3分鐘2人房.Mrt Ximen exit6.3min *可月租,92448004,A.K,,萬華區,25.0423,121.50632,Entire home/apt,1328,3,179,2024-12-17,2.55,17,140,25,
33133564,Double room L3@MRT Center Station(LINE 1 & LINE 3),10007698,Kiki,,中山區,25.05256,121.54272,Private room,2283,5,67,2024-11-26,0.96,18,68,21,
33170772,"Jessy's House(3-min to Ximen MRT, near Ximending)",249408939,Jessy,,萬華區,25.04146,121.50606,Entire home/apt,2100,3,83,2024-12-08,1.18,1,88,12,
33177268,【酒精消毒】1月超優惠!法式微工業混搭風/科技大樓捷運站5分鐘/臨江夜市【Da'an F】,50337636,B V,,大安區,25.02536,121.5396,Entire home/apt,4664,7,113,2024-12-17,1.61,7,159,33,
33185361,C05/雙人雅房/中山站5分鐘/台北車站12分鐘/24小時入住,176059533,大昌旺,,中山區,25.04944379803141,121.52378861116188,Private room,1057,1,28,2024-12-09,1.56,15,270,13,
33232203,獨立套房.獨立衛浴 .裝潢如新.市區中心.近捷運站,250229599,Chang,,中山區,25.059228897094727,121.5318374633789,Private room,900,30,6,2023-12-07,0.09,2,91,0,
33238225,King's room in Ximending 西門町 王的房間,9678816,Renny,,萬華區,25.04575,121.50762,Entire home/apt,1026,2,149,2024-12-17,2.12,6,99,70,
33253029,3B2b Cinema Style 4 Min to Xinyi Anhe MRT Red Line,1398361,Second,,大安區,25.0329,121.5501,Entire home/apt,13288,1,77,2024-12-04,1.10,11,120,13,
33253254,Cozy apt at Guting/Shida for 2~4 1min to MRT,75318549,Charly,,中正區,25.026,121.52296,Entire home/apt,1900,15,51,2024-08-22,0.73,9,178,4,
33322475,Bed in 4-Bed Female Dorm Room | MRT 5 Minutes,237339163,WeCome Hostel,,大同區,25.05389,121.51005,Hotel room,1488,1,5,2024-07-25,0.07,13,327,3,
33322540,1 Bed in 8-Bed Mixed Dorm Rm | MRT 5 min,237339163,WeCome Hostel,,大同區,25.05341,121.51164,Hotel room,1356,1,54,2024-11-04,0.77,13,330,29,
33322577,1 Bed in 6-Bed Mixed Dorm Rm & MRT 5 min,237339163,WeCome Hostel,,大同區,25.05379,121.50972,Hotel room,1406,1,12,2024-10-16,0.17,13,328,5,
33325593,fantastic private room in a cool flat next to NTU,44587429,James,,大安區,25.02637,121.54151,Private room,,31,11,2023-03-13,0.16,2,334,0,
33332077,西門私寓-壹。西門站，雙層電梯公寓，大型投影設備，近台北車站，龍山寺（9人,251087010,Chloe,,中正區,25.04565,121.51082,Entire home/apt,6303,2,89,2024-12-20,1.28,6,147,34,
33375291,歡迎長住 捷運雙連&中山 走路約10分鐘 |獨立兩人時尚套房 陽台洗衣機 獨立乾濕分離衛浴(A),233073725,Noodle,,中山區,25.05483,121.52414,Entire home/apt,2263,1,7,2023-10-23,0.10,7,64,0,
33375427,捷運雙連&中山 走路約10分鐘 |舒適豪華雙人房 單人浴缸,233073725,Noodle,,中山區,25.05606,121.52449,Entire home/apt,2411,1,5,2024-03-09,0.07,7,57,1,
33375522,【限定23:00入住check in】不指定房型,233073725,Noodle,,中山區,25.05532104331366,121.5263215509586,Hotel room,1414,1,44,2024-12-06,0.63,7,361,12,
33435053,MRT/Loft/Taipei101/XimendingMRT10mins/4room4bath,10900462,Sarah,,中山區,25.05573,121.54294,Entire home/apt,7866,2,30,2023-12-13,0.44,6,13,0,
33474456,台北中山車站5分鐘/TPE MRT 3Mins/西門町寧夏夜市中山商圈/京站高鐵台鐵/台中高雄墾丁,52851224,Yi-An,,大同區,25.04937,121.51781,Entire home/apt,2514,1,166,2024-12-23,2.38,1,78,32,
33474988,"Bright double bed room near NTNU, PCCU & TKU (83A)",130827969,Wenchi,,中正區,25.03025,121.51972,Private room,550,30,2,2024-08-10,0.03,61,227,1,
33485869,TPE NTU Gongguan Studio(MRT 3mints ShiDa Market),79989726,Amy,,中正區,25.0167,121.53161,Entire home/apt,2054,30,10,2020-03-08,0.14,10,181,0,
33531522,捷運雙連&中山10分鐘 |獨立四人套房 陽台洗衣機 獨立乾濕分離衛浴(B),233073725,Noodle,,中山區,25.055232731258904,121.52506940066816,Entire home/apt,3086,1,6,2024-02-16,0.09,7,54,2,
33534863,"（居家宜居另恰）Amy9台北台大公館豪華精品""家Home""公寓,近MRT捷運公館站師大夜市台大校園",79989726,Amy,,中正區,25.01659,121.53126,Entire home/apt,2558,90,18,2021-06-27,0.26,10,181,0,
33536980,YCA【2bdrm】Yongchun MRT 30sec /Central trash manage,213704427,Zoe,,信義區,25.04193,121.57606,Entire home/apt,3343,30,71,2024-12-02,1.03,23,97,16,
33624785,Taipei Daan District  Suite near NTU&NTUST&NTNU,107651931,曉珊,,大安區,25.0268356692994,121.5456568515397,Private room,850,28,0,,,25,300,0,
33634207,FUN!Taipei G82/ TAIPEI 101/ 5 min XIMEN MRT,221534550,Anne,,萬華區,25.04479,121.50358,Entire home/apt,1629,2,49,2024-10-13,0.71,48,68,7,
33666617,大安區捷運陽台套房&月租/NTU/NTUST/NTNU (Elevator building),107651931,曉珊,,大安區,25.02347,121.54424,Private room,850,28,0,,,25,213,0,
33672916,快樂西門享溫馨,253795520,小邱,,萬華區,25.04173,121.50573,Private room,904,1,228,2024-12-17,6.59,2,317,88,
33698861,Monthly NTNU MTC 5 minutes walk TLI CLC NTUE,17148416,Philips,,大安區,25.02511,121.52981,Entire home/apt,1088,31,5,2024-09-30,0.07,10,231,1,
33706729,8人雙主臥大4房3衛浴［按摩浴缸］，親子溫馨宅/遊戲區，MRT台電大樓，近師大、公館夜市。,232313652,Nancy,,大安區,25.02181,121.53276,Entire home/apt,6398,50,44,2020-02-02,0.63,1,91,0,
33721411,歡迎長租&信義Taipei 101@誠品@微風南山@新光三越@MRT 站走路1分鐘,25523787,New Apt,,信義區,25.03112,121.5623,Entire home/apt,3440,28,1,2022-01-13,0.03,26,54,0,
33762326,Near MRT@Shilin brand new 3Bedrooms Elegance,168846117,Chi,,士林區,25.10441,121.52862,Entire home/apt,3880,14,45,2024-12-08,0.65,4,235,15,
33783447,台北西門雙捷運站 2～4人獨立套房 電梯大樓（月租）（未開放國內訂房）,30907882,Peter,,萬華區,25.04205,121.50646,Entire home/apt,1306,3,27,2024-08-26,1.24,3,69,1,
33784312,西門捷運站3分鐘   2～4人 獨立套房 電梯大樓（月租）（國內訂房尚未開放）,35512293,Sunny,,萬華區,25.0419,121.50784,Entire home/apt,1306,3,2,2023-08-16,0.03,3,64,0,
33840458,接機優惠Dec hot sale  beautiful elevator house,119870232,도민,,大安區,25.04363,121.54207,Entire home/apt,4645,2,81,2024-12-28,1.17,17,359,13,
33860719,Taipei A2/XIMEN/Taipei 101/ 1-5 pax/ MONTHLY PROMO,221534550,Anne,,萬華區,25.04369,121.50788,Entire home/apt,1657,2,53,2024-11-23,0.76,48,88,17,
33866650,新推出信義區高級親子度假豪宅交通暢／世貿捷運3分鐘／Taipei101 XinYi District,57593093,Angel,,信義區,25.030956,121.559508,Entire home/apt,6480,1,21,2024-12-22,1.24,7,318,5,
33947510,【TaipeiXimending Lift studio_18】,21867853,Teddy,,萬華區,25.04378,121.50641,Entire home/apt,2503,3,124,2024-11-18,1.79,16,156,27,
33951132,Spacious room (10 mins walks NTNU MTC ),130827969,Wenchi,,大安區,25.02846,121.52233,Private room,600,30,0,,,61,363,0,
34032335,Metro 7mins walk-Zhongshan Elementary School,93060074,Jessica,,中山區,25.06811,121.52674,Private room,1687,2,16,2024-12-15,0.23,3,220,9,
34045581,"XS＆XL House # Sky garden
下樓就是西門町^^",104613276,Ivy,,萬華區,25.04385,121.50735,Entire home/apt,1609,3,114,2024-12-18,1.66,4,52,35,
34083082,"Sleep Inn R3, 2-4人房, 下樓即是台北車站捷運Z2出口",210300300,Frank,,中正區,25.04863,121.5167,Private room,3857,2,62,2024-03-14,0.93,8,267,4,
34085448,MOJI_寬敞舒適3房2衛2廳_5分鐘到西門站LD,140917365,K,,萬華區,25.04171,121.50524,Entire home/apt,7071,3,113,2024-12-12,1.77,5,285,34,
34128413,"5 mins to MRT Zhongxiao Fuxing, studio for two",21506709,Maggie,,大安區,25.04425254694734,121.5447108622396,Entire home/apt,2160,28,52,2024-08-07,0.76,27,86,4,
34160586,"5 mins to MRT Zhongxiao Fuxing, studio for 3",21506709,Maggie,,大安區,25.04291,121.54328,Entire home/apt,2617,28,48,2024-09-30,0.70,27,71,2,
34242609,"Muzha Downtown, near Chengchi University",252228576,Yukai,,文山區,24.99153,121.5683,Shared room,550,30,8,2023-08-07,0.12,1,305,0,
34244190,【微笑的家 Smile】2~4人房  優質房源/有陽台/洗衣機/WIFI/西門站步行5分鐘,21197641,Dabao,,萬華區,25.043088912963867,121.50526428222656,Entire home/apt,2229,2,116,2024-12-27,1.68,7,144,38,
34244447,JustHome MRT 5mins walk/2bedroom/2bathroom/balcony,258541327,Ric,,中山區,25.058348005602348,121.52383767947455,Entire home/apt,4073,3,98,2024-12-05,1.48,1,142,21,
34248422,Metro 7mins walk-Zhongshan Elementary School,93060074,Jessica,,中山區,25.06825,121.52619,Private room,1674,2,14,2024-12-09,0.20,3,265,7,
34381521,接機優惠Dec hot sale走路只需6分钟就能到达大巨蛋/Villa+1free parking,119870232,도민,,大安區,25.04432,121.54761,Entire home/apt,5610,2,144,2024-09-24,2.10,17,353,18,
34389513,4B4b(Three Master Bedrooms) 1 Min to Blue Line MRT,1398361,Second,,大安區,25.04296,121.55571,Entire home/apt,16241,1,80,2024-12-27,1.17,11,98,25,
34402355,Hot spring suite - Mr.Hotspring's Beitou Bar,25866713,溫泉先生!Freeman,,北投區,25.13555,121.50292,Entire home/apt,4672,30,20,2024-12-10,0.30,1,292,2,
34408209,離捷運站一分鐘，附近有超市、麥當勞及傳統市場，交通便利生活機能方便。,73131755,May,,大安區,25.01942,121.55659,Entire home/apt,2653,7,32,2024-12-11,0.90,3,287,11,
34433541,[大安區]超讚房東！北歐清新風~捷運4分鐘、台北101、臨江夜市、電梯、4房2衛浴、嬰兒床、遊戲區。,89615110,Kevin,,大安區,25.03485,121.54987,Entire home/apt,6515,2,79,2024-02-26,1.16,3,184,8,
34468544,2 Rooms for 3-4 People (Shared flat),93060074,Jessica,,中山區,25.06644,121.52581,Private room,3650,1,22,2021-04-03,0.32,3,87,0,
34481857,"Taipei NTU Gongguan Loft(MRT 3mints, ShiDa Market)",79989726,Amy,,中正區,25.01498,121.53277,Entire home/apt,2515,90,11,2020-11-06,0.16,10,107,0,
34546616,Single Room Close to MRT Zhongshan,183254578,Michelle,,中山區,25.05052,121.52371,Hotel room,2862,1,4,2023-09-20,0.06,5,339,0,
34546782,Quad Room Close to MRT Zhongshan,183254578,Michelle,,中山區,25.05052,121.52371,Hotel room,3776,1,3,2021-12-26,0.05,5,277,0,
34581872,安捷羅馬假期會館-酒店式長租公寓雅緻標準套房Standard Suite,179891886,捷,,中山區,25.07904,121.56043,Entire home/apt,,30,0,,,5,0,0,
34584520,安捷京站會館酒店式長租公寓豪華商務套房Business Deluxe(3 mins to MRT),179891886,捷,,大同區,25.05002,121.51799,Private room,,30,0,,,5,0,0,
34585766,安捷羅馬假期會館-酒店式長租公寓豪華商務套房Business Deluxe Suite,179891886,捷,,中山區,25.08052,121.56028,Private room,,30,0,,,5,0,0,
34587256,安捷新生會館-酒店式長租公寓雅緻標準套房Standard Suite,179891886,捷,,中山區,25.063276,121.52726,Entire home/apt,,30,0,,,5,0,0,
34631751,Owl Nest in Shilin Night Market,4762726,FuJen,,士林區,25.0959,121.524,Private room,1050,30,55,2024-09-29,0.80,7,139,4,
34656239,晴光商圈捷運旁挑高樓中樓上.下區隔2房～可住3人（樓上雙人床，樓下單人床）,74339328,Lynn,,中山區,25.05106,121.52377,Entire home/apt,,30,15,2024-02-29,0.60,3,0,3,
34704789,【酒精消毒】超優惠～高樓景觀現代時尚&挑高4米2 科技大樓捷運站1min【Da'an G】,50337636,B V,,大安區,25.024282875805547,121.54369032422014,Entire home/apt,8557,5,198,2024-12-06,2.89,7,177,45,
34706008,Luxury Studio-24hrs security-MRT-Taipei 101_12,20812835,Luxury Flat Team,,信義區,25.03036,121.55859,Entire home/apt,3500,10,0,,,7,82,0,
34708387,[Taipei journey602] MRT Zhongshan Station 8min 602,57698182,Taipei Journey,,中山區,25.05334,121.52494,Hotel room,,1,1,2019-08-16,0.02,27,0,0,
34742616,Brand new Room SUPER CLOSE to MRT R05 Daan Station,28388939,紹剛 (Sam),,大安區,25.03349,121.5444,Private room,1136,1,41,2024-12-15,0.65,1,65,24,
34759982,"《捷運小巨蛋站_步行3分鐘》Central Taipei, Private Studio",262143571,Louis,,松山區,25.05263,121.5542,Entire home/apt,1571,3,73,2024-12-13,1.08,5,46,11,
34829989,Taipei LUXURY/JIANTAN MRT 6 MIN/TAIPEI 101/XIMEN.,221534550,Anne,,士林區,25.080344,121.522468,Entire home/apt,3786,2,82,2024-12-10,1.22,48,62,23,
34876746,"Apt B. Welcome Taipei Long stay 4 ppls, 3 mins MRT",216819425,Vivi,,大安區,25.039549727531025,121.55701232216734,Entire home/apt,8381,2,43,2024-11-17,0.64,6,354,10,
34897346,White House白宮 Taipei Ximen 西門町電影公園 movie park,114347966,Jenny,,萬華區,25.04344,121.50628,Entire home/apt,2643,2,96,2024-12-09,1.41,4,78,36,
34911537,"Bright double bed room near CKS ( NTNU, TKU)",130827969,Wenchi,,中正區,25.03199,121.51956,Private room,,30,0,,,61,289,0,
34969247,頂樓獨立套房 | 超舒適與設計感絕佳的工作室 | 夜市美食天堂 | Netflix看到飽,15838529,Eric,,大安區,25.02895,121.55428,Entire home/apt,3094,5,57,2024-12-12,0.85,5,148,13,
35082474,Sophisticated bright 3BR in the heart of Taipei,9018856,Vivian,,大安區,25.03784,121.53756,Entire home/apt,7218,7,31,2024-12-06,0.46,2,237,8,
35102620,國際建築設計獲獎房,264421328,Sugar,,松山區,25.06495,121.5487,Entire home/apt,9810,180,36,2020-03-22,0.54,1,365,0,
35131035,新房源有廚房Taipei 101/ World Trade Center/ MRT Station,114965780,Tiffany,,信義區,25.03222965379469,121.55932731206538,Entire home/apt,4686,2,71,2024-12-24,1.05,2,124,38,
35141641,Super View Taipei 101  cozy Apt,25523787,New Apt,,信義區,25.03172,121.55827,Entire home/apt,3159,14,7,2023-11-06,0.11,26,229,0,
35151208,𖥅【台北車站 西門町 中正紀念堂 】8人團體房-乾淨漂亮 交通方便,118169489,Cing,,中正區,25.04517,121.51088,Private room,,1,7,2023-05-03,0.11,8,121,0,
35167495,哥本哈根 | 舒適雅房 | 通化夜市 | Netflix看到飽 | 信義安和3min,15838529,Eric,,大安區,25.02908,121.55421,Entire home/apt,3000,7,55,2024-12-26,0.83,5,160,12,
35188804,簡簡風清新格調 | 舒適與設計感絕佳小套房 | 信義安和站3分鐘 | Netflix看到飽,15838529,Eric,,大安區,25.03099,121.55371,Entire home/apt,2943,4,46,2024-12-10,0.69,5,170,10,
35206331,接機優惠 Dec hot sale gorgeous palace讓房子成為你們故事的開始,15706026,Atwood,,信義區,25.04382,121.56386,Entire home/apt,6375,2,96,2024-12-27,1.41,12,355,10,
35211573,《捷運南京復興站》近微風廣場、東區【可住2人，獨立衛浴】有陽台曬衣服，全新家電，電梯大樓，商務短租,262143571,Louis,,松山區,25.04881,121.54585,Entire home/apt,1529,2,67,2024-11-30,0.99,5,107,6,
35258067,Le Villa Style@西門町Ximen Designer House(1~7人) MRT.,110126722,路易,,萬華區,25.03765,121.50582,Entire home/apt,4814,1,157,2024-12-17,2.36,3,44,54,
35267317,水晶捷運旁美房,263632879,麗麗,,中山區,25.06127,121.54294,Private room,5800,1,0,,,1,180,0,
35319204,西門捷運5分鐘挑高小宅 全新翻新 全新上架 特優惠期間,102037497,Li,,萬華區,25.04305,121.50384,Entire home/apt,1533,3,91,2024-12-12,1.34,1,79,30,
35336562,Kanahei ‘s 卡娜赫拉小屋@ 西門,9681991,Clive,,萬華區,25.04404,121.50313,Entire home/apt,2314,2,79,2024-12-10,1.18,2,59,37,
35354880,Cozy double bed room near NTNU PCCU TKU,130827969,Wenchi,,中正區,25.0412,121.52008,Private room,550,30,0,,,61,247,0,
35456258,@Ximen(A)4F/西門站650m/高cp值/4樓需爬梯/24H家樂福/行李寄放/超值2-4人房,232252031,Cosin,,萬華區,25.03828,121.50242,Entire home/apt,1073,2,105,2024-12-25,1.56,9,53,34,
35466740,Warm Ximen Station 5 mins,263387149,Aaron,,萬華區,25.04525,121.50682,Entire home/apt,,3,77,2024-12-14,1.14,1,47,30,
35474740,捷運站邊，獨立衛浴 .交通方便，裝潢如新，採光極嘉，生活機能便利，近市場便利店，飲食選擇多,250229599,Chang,,中山區,25.0594425201416,121.53157043457031,Private room,999,30,0,,,2,89,0,
35523563,"交通方便 西門  台北車站Convenient, clean Travel",74768180,晴,,中正區,25.04701,121.51099,Shared room,921,1,6,2024-11-07,0.09,1,6,1,
35527272,Sun plaza-Taipei 101 sleep on the cloud 近捷運MRT,246887329,En Chi,,信義區,25.02958,121.55843,Entire home/apt,3173,18,67,2024-11-25,1.00,4,141,12,
35583592,@Ximen(A)3F/西門站650m/近24hr家樂福便利店/超值6人房/獨立衛浴大陽台/行李寄放,232252031,Cosin,,萬華區,25.03854,121.50414,Entire home/apt,1101,2,106,2024-12-26,1.57,9,50,37,
35584078,@Ximen(A)2F/西門站650m/有陽台/工業風/24hr家樂福超商/行李寄放/超值CP6人房,232252031,Cosin,,萬華區,25.04014,121.50245,Entire home/apt,1101,2,100,2024-12-19,1.48,9,50,41,
35585028,台北101旁/舒適電梯大樓/捷運站旁/可6人入住Hello Taipei,146254191,Joseph & Elva,,信義區,25.03447,121.57486,Entire home/apt,5859,30,31,2023-07-04,0.46,30,91,0,
35608644,@Ximen(A)1F/ 西門站650m /時尚2人房/近西門家樂福/1F免爬梯/行李寄放/獨立衛浴,232252031,Cosin,,萬華區,25.03806,121.50357,Entire home/apt,837,20,91,2024-12-24,1.35,9,156,26,
35642455,"Modern 3B3b, 1 Min to Taipei Main Station MRT Y17",268135087,Richard,,大同區,25.05152,121.51436,Entire home/apt,12796,1,84,2024-12-18,1.25,14,89,23,
35651065,Designed Sweet MRT Studio,48286394,Maggie,,文山區,25.00174,121.55679,Entire home/apt,,30,0,,,1,0,0,
35691726,Swedish Apt. | Monthly Special | 3min to Daan MRT,15838529,Eric,,大安區,25.03586,121.54504,Entire home/apt,4593,5,35,2024-12-10,0.52,5,171,9,
35776223,2BR Cozy Loft/Heart of downtown/近行天宮MRT/中山區/附近超商多,269110168,Ruby,,中山區,25.0565,121.52997,Entire home/apt,3457,2,50,2024-11-30,0.75,1,175,11,
35810811,《西門町電梯6至7人房A》第7位不加價、平日和假日價格一樣、距離MRT西門站走路兩分鐘、西門夜市,115100354,Anna,,萬華區,25.04274,121.50735,Entire home/apt,3243,4,52,2024-12-08,0.77,11,281,10,
35812961,《西門町電梯6人房B》平日假日價格一樣、距離MRT西門站走路2分鐘、西門町夜市商圈,115100354,Anna,,萬華區,25.04388,121.50706,Entire home/apt,2756,4,31,2024-10-18,0.46,11,278,10,
35813632,《西門町簡約經濟5人房C》有電梯、平日假日價格一樣、距離MRT西門站走路2分鐘,115100354,Anna,,萬華區,25.04245,121.50743,Entire home/apt,1971,4,75,2024-11-25,1.11,11,297,28,
35819282,《西門町電梯4人房E》平日假日價格不變、距離MRT西門站走路2分鐘,115100354,Anna,,萬華區,25.04474,121.5087,Entire home/apt,2299,4,30,2024-05-26,0.45,11,289,4,
35820687,《西門町簡約經濟2~4人房》有電梯、平日假日價格不變、距離MRT西門站走路2分鐘,115100354,Anna,,萬華區,25.0431,121.50678,Entire home/apt,1928,4,19,2024-10-06,0.29,11,312,7,
35821024,《西門町簡約經濟2~3人房》有電梯、距離MRT西門站走路2分鐘,115100354,Anna,,萬華區,25.042266196232298,121.50763911057112,Entire home/apt,1413,4,22,2024-10-06,0.33,11,318,5,
35822363,《西門町3人經濟房》平日假日價格不變、距離捷運西門站3~5分鐘、有電梯、有公園,115100354,Anna,,萬華區,25.04159,121.50765,Entire home/apt,1791,4,46,2024-10-16,0.68,11,298,8,
35826042,《西門町簡約經濟4~5人房F》有電梯、平日假日價格不變、距離MRT西門站走路2分鐘,115100354,Anna,,萬華區,25.04271,121.50741,Entire home/apt,1871,4,42,2024-12-09,0.66,11,269,9,
35833908,Happy Trip~旅程~挑高閣樓 台北車站 京站 長短租 WiFi,171974684,Win,,中正區,25.04867,121.51758,Entire home/apt,1915,2,106,2024-11-07,1.58,12,165,22,
35858437,西門禁煙（月租）3分鐘捷運2～3人電梯大樓My home小清新（國內訂房尚未開放）,161246735,Blue Sky,,萬華區,25.04223,121.50806,Entire home/apt,5000,3,33,2024-11-12,0.49,7,87,9,
35886933,"《4 Min to MRT》TAIPEI 101, Newly renovated, Cozy",262143571,Louis,,信義區,25.043596402016828,121.5645802078487,Entire home/apt,1229,12,33,2024-12-14,0.51,5,152,11,
35920557,"5 mins to MRT Zhongxiao Fuxing, studio for four",21506709,Maggie,,大安區,25.04477,121.54417,Entire home/apt,,28,68,2024-12-02,1.01,27,32,8,
35923505,「Relaxing MRT Ximen 6exit 3min 」西門捷運 2~3人房,161075300,Aaron,,萬華區,25.02675,121.4981,Entire home/apt,1671,4,6,2024-12-08,0.33,1,49,1,
35961815,"5 mins to MRT Zhongxiao Fuxing, studio for four",21506709,Maggie,,大安區,25.04319,121.54253,Entire home/apt,2423,28,67,2024-12-15,1.00,27,87,11,
35978172,西門町 Ximending MRT타이베이 시먼 딩（輕工業2）新大樓～獨立空間電梯房~月租~裝潢新,204934548,Vivian,,萬華區,25.03938,121.50598,Entire home/apt,2443,2,134,2024-12-27,2.01,4,131,41,
36010824,市中心地段 | 北歐風光 | 親子旅遊住宿首選 | 大安站三分鐘 | 月租優惠中,15838529,Eric,,大安區,25.03366,121.54554,Entire home/apt,3937,5,41,2024-12-15,0.61,5,168,5,
36115221,Taipei NTNU Apt B&W Room 4F-1,125647931,Adam,,大安區,25.023231506347656,121.52854919433594,Private room,,365,0,,,12,89,0,
36242960,Cozy Apartment by Yong Kang Park,170118107,Katherine,,大安區,25.033285,121.529968,Entire home/apt,4197,3,25,2024-12-23,0.41,1,274,10,
36330554,202New decoration / MRT walk as long as 3 minutes,100003062,Arch,,大安區,25.02977,121.55436,Entire home/apt,1664,2,45,2024-12-21,0.68,5,74,18,
36360947,Wood Home - Ximen MRT 捷運西門站(3-4人)@台北西門町,82213675,大寶,,萬華區,25.04239,121.50445,Entire home/apt,2343,3,111,2024-12-24,1.68,1,72,63,
36391069,台北教育大學台大師大遠企101電梯高樓、近科技大樓地鐵、大套房月租,21959873,Mimi,,大安區,25.02398,121.54617,Private room,,28,1,2024-01-18,0.09,4,0,1,
36405754,劍潭捷運站精緻套房(適合1~4人合住)-靠近士林夜市生活機能便利-歡迎月租(私訊詳談),101237180,Jimmy,,士林區,25.08964,121.52477,Private room,1350,3,138,2024-12-18,2.08,4,83,15,
36579371,"5 min MRT｜101&City Hall, 3 BDR w/ Kitchen・100㎡｜ZX5",242730194,Kolette,,信義區,25.04285,121.56959,Entire home/apt,4818,30,51,2023-11-11,0.77,67,69,0,
36593080,50% off monthly/Shilin MRT 5 min/Garden Apartment,236777678,Jack,,士林區,25.0967,121.52529,Entire home/apt,5643,5,46,2024-12-18,0.69,4,143,12,
36617687,大直捷運站步行3分鐘／明水路挑高大公寓／獨立雅房B／月租 / 大坪數雙人房 / 內湖科學園區,247125177,Tina,,中山區,25.07805,121.5477,Private room,871,30,39,2024-11-25,0.59,5,328,2,
36618830,大直捷運站步行3分鐘／明水路挑高大公寓／獨立雅房C／月租 / 大坪數雙人房 / 內湖科學園區,247125177,Tina,,中山區,25.07805,121.5477,Private room,899,30,59,2024-04-01,0.89,5,350,2,
36652170,"Taipei NTU Gongguan Loft(MRT 3mints, ShiDa Market)",79989726,Amy,,中正區,25.01653,121.52882,Entire home/apt,1918,90,9,2021-01-29,0.14,10,127,0,
36690786,monthly rental~Chiang Kaishek Memorial Hall Sta.,93336081,Vic,,中正區,25.03157,121.51881,Entire home/apt,,100,96,2024-08-25,1.47,1,88,8,
36750576,M98/ Taipei/ XIMEN MRT/ Monthly promotion 20%off.,221534550,Anne,,萬華區,25.02679,121.49808,Entire home/apt,1057,2,45,2024-12-14,0.68,48,83,14,
36751906,Taipei/XIMEN/M97台北車站/Taipei 101/捷運西門站/25% OFF!!!!,221534550,Anne,,萬華區,25.04628,121.50408,Entire home/apt,1200,2,32,2024-11-13,0.48,48,88,7,
36772802,GNstay月租│公館圓環902月租房│近捷運公館站、台大NTU、公館夜市│歡迎短租一個月,38134494,GNstay,,中正區,25.01238,121.53463,Entire home/apt,2000,5,1,2020-01-30,0.02,17,54,0,
36791586,Love Taipei U43/Ximen MRT 5min/Ximending/1-4p,115798819,Airbnb,,萬華區,25.04084,121.50568,Entire home/apt,,3,62,2024-09-18,0.93,68,0,17,
36792349,Love Taipei U42/Ximen MRT 5min/Ximending/1-4p,115798819,Airbnb,,萬華區,25.04064,121.50551,Entire home/apt,,3,64,2024-10-06,0.96,68,0,19,
36792797,Standard Studio Apt. Kitchenette Washer/Dryer,48399837,Urban Abode,,中正區,25.04711,121.51652,Entire home/apt,4666,2,44,2024-12-03,0.67,13,18,13,
36793256,Love Taipei U41/Ximen MRT 5min/Ximending/1-3p,115798819,Airbnb,,萬華區,25.0406,121.5058,Entire home/apt,,3,44,2024-09-29,0.66,68,0,20,
36834831,Taipei XIMEN/B2捷運西門站/Taipei 101/紅樓/台北車站/可住1-4人.,221534550,Anne,,萬華區,25.04436137025952,121.50451927959928,Entire home/apt,1271,2,38,2024-09-03,0.57,48,87,9,
36888456,台大公館 NTU Gongguan cozy Studio: 1 min walk to MRT,54596616,國璽,,中正區,25.01308,121.53284,Entire home/apt,1100,30,13,2024-12-18,0.20,2,328,1,
36921817,月租優惠&5星裝修@台北101 Apt@國際會議中心@世貿中心@北醫@四四南村@吳興商圈，時尚小豪宅,25523787,New Apt,,信義區,25.0279,121.56513,Entire home/apt,3722,7,3,2019-08-26,0.05,26,148,0,
37003376,3房4床2卫/大空間/电梯大楼/永康街/大安森林公园/中正纪念堂/101/捷运东门站3分s8,269530350,Home Away,,中正區,25.036448709923363,121.52614266240076,Entire home/apt,5891,3,9,2024-12-09,0.14,4,279,5,
37039929,长期住宿/3房4床2卫/电梯大楼/永康街/大安森林公园/中正纪念堂/101/捷运东门站3分s8,269530350,Home Away,,中正區,25.03452,121.52802,Entire home/apt,4265,30,0,,,4,363,0,
37192372,NEW ♡Ximen Sailboat♡ MRT 3 mins (3-7) Spacious,132280877,Sandy,,萬華區,25.0419,121.50495,Entire home/apt,3808,3,108,2024-12-16,1.64,1,30,18,
37243459,Journey pinky 近台北101捷運藍線，公寓型一房一廳一廚房 近大巨蛋,28402175,Somer,,松山區,25.04760109788664,121.55752490904092,Entire home/apt,1300,3,80,2024-12-11,1.21,11,133,29,
37244197,Cozy Studio 2F，MRT 1min/ NTNU / NTU 師大捷運小套房,5363323,Olga,,大安區,25.02064,121.52867,Entire home/apt,1914,12,18,2024-08-19,0.29,8,104,5,
37306040,(41)Xi-men MRT 3-Mins.免費行李寄存,280547107,淨予,,萬華區,25.043883220906473,121.50799125983207,Entire home/apt,2123,2,155,2024-12-26,2.36,18,198,52,
37345859,(21)Xi-men MRT 3-Mins.免費行李寄存,280547107,淨予,,萬華區,25.04544429996078,121.50601730087189,Entire home/apt,2537,2,120,2024-12-30,1.83,18,213,50,
37346630,(31)Xi-men MRT 3-Mins.免費行李寄存,280547107,淨予,,萬華區,25.04518,121.50596,Entire home/apt,1908,2,132,2024-12-26,2.00,18,235,50,
37346999,(32)Xi-men MRT 3-Mins.免費行李寄存,280547107,淨予,,萬華區,25.043337166611423,121.50645006057104,Entire home/apt,2580,2,111,2024-12-21,1.70,18,224,41,
37347210,(22)Xi-men MRT 2-Mins.免費行李寄存,280547107,淨予,,萬華區,25.045453587331618,121.50746567093384,Entire home/apt,2780,2,143,2024-12-22,2.17,18,232,49,
37347465,(23)Xi-men MRT 2-Mins.免費行李寄存,280547107,淨予,,萬華區,25.04337,121.50779,Entire home/apt,4794,2,131,2024-12-29,2.00,18,195,63,
37347732,(24)Xi-men MRT 2-Mins.免費行李寄存,280547107,淨予,,萬華區,25.043702398187037,121.50594599610028,Entire home/apt,4366,2,120,2024-12-28,1.83,18,235,50,
37348285,(33)Xi-men MRT 3-Mins.免費行李寄存,280547107,淨予,,萬華區,25.04339865499816,121.5061151396905,Entire home/apt,4794,2,117,2024-12-29,1.83,18,169,66,
37370190,月租Xinyi Anhe Stn. 800m / Anhe C 信義安和站800公尺/安和夜宴 C,29002794,Metrohouse,,大安區,25.0296,121.55046,Entire home/apt,1857,28,31,2024-12-15,0.47,26,86,6,
37408936,【頂級星空景觀房】020245 六人房#台北車站#三房一廳間#24小時櫃檯#高樓層景觀,39528362,Chia Ying,,中正區,25.04721,121.51478,Entire home/apt,7114,2,181,2024-10-26,2.80,9,45,43,
37444566,(25)Xi-men MRT 3-Mins.免費行李寄存,280547107,淨予,,萬華區,25.043279788655052,121.5065935880314,Entire home/apt,2851,2,127,2024-12-22,1.94,18,201,66,
37445494,(35)Xi-men MRT 3-Mins.免費行李寄存,280547107,淨予,,萬華區,25.04508,121.50791,Entire home/apt,2894,2,64,2024-12-26,0.98,18,216,43,
37450086,(34)Xi-men MRT 3-Mins. 免費行李寄存,280547107,淨予,,萬華區,25.045389440473414,121.50644572409844,Entire home/apt,3909,2,91,2024-12-26,1.43,18,235,44,
37581850,(42)Xi-men MRT 3-Mins.免費行李寄存,280547107,淨予,,萬華區,25.045571709681635,121.50806896354509,Entire home/apt,2851,2,155,2024-12-30,2.37,18,194,66,
37582750,(51)Xi-men MRT 3-Mins.Balcony 免費行李寄存,280547107,淨予,,萬華區,25.04514974124231,121.50788747328855,Entire home/apt,3567,2,168,2024-12-15,2.57,18,219,61,
37582997,(43)Xi-men MRT 3-Mins.Balcony 免費行李寄存,280547107,淨予,,萬華區,25.04566,121.50786,Entire home/apt,3937,2,131,2024-12-28,2.00,18,209,51,
37583183,(44)Xi-men MRT 3-Mins.免費行李寄存,280547107,淨予,,萬華區,25.04366,121.50652,Entire home/apt,6297,2,157,2024-12-28,2.39,18,179,64,
37626045,Studio Apt Taipei /Ximen MRT 9min/Ximending/Loft,265160084,Amy,,萬華區,25.04559,121.50397,Entire home/apt,,60,12,2020-05-28,0.19,1,40,0,
37651075,台北西門町 ~   山水    ~(電梯/廚房/洗衣機/三張雙人床～禁菸),38523879,Andrea,,萬華區,25.04587,121.50552,Private room,2250,2,0,,,3,86,0,
37694427,Love.好窩(B)電梯管理大樓/MRT六張犁7 min/專人收垃圾,51675276,Cathy,,信義區,25.026,121.55538,Private room,1286,30,16,2023-07-01,0.25,8,119,0,
37723660,台北車站西門町北門MRT 5分鐘(國內訂房未開放)歐式古典質感住宅 蒙田公寓（月租2-6人房),74396786,Zoe,,萬華區,25.04662,121.5084,Entire home/apt,3328,2,71,2024-12-16,1.08,2,67,29,
37728897,"Ximen MRT 5mins #WsStudio, for 1-2 ppl (no window)",22075376,Noel,,萬華區,25.0253,121.49659,Entire home/apt,1277,1,60,2024-12-14,2.59,6,66,30,
37760838,"(A)Ximening 2-6人，西門站走路5分鐘 ,獨立門戶，電梯，洗衣機，對外大窗戶可晾衣",53501011,Sally,,萬華區,25.045155720488395,121.50372092741972,Entire home/apt,1569,1,22,2024-08-14,0.37,13,327,2,
37791878,師大古亭guting站 Longterm only Discount for  3 Month+,54596616,國璽,,中正區,25.02343,121.51854,Entire home/apt,,30,12,2020-01-24,0.18,2,351,0,
37792801,Taipei 101/World / Trade Center/ night market,114965780,Tiffany,,信義區,25.0324,121.55852,Entire home/apt,3500,2,19,2024-12-29,0.30,2,173,1,
37876323,Songshan Station: Easy Access & 24/7 Security,187598292,Sheila,,松山區,25.04962921142578,121.57884979248047,Entire home/apt,1964,7,29,2024-12-20,0.46,1,300,14,
37976781,"《MRT南京復興》Taipei Arena, Entire Studio, Private Bath",262143571,Louis,,松山區,25.04737,121.54468,Entire home/apt,1599,3,54,2024-11-23,0.83,5,124,11,
37976841,New BABY 西門町2房單位2衛浴,203223914,Happy,,萬華區,25.03935,121.50465,Entire home/apt,4044,2,74,2024-12-16,1.14,5,141,22,
37977658,3 Min MRT Taipei Main Station 北歐標準2人房 NS,33260208,約克,,中正區,25.04498,121.51637,Private room,,1,13,2023-07-26,0.23,12,361,0,
37977678,台北車站3分鐘 Taipei main station 北歐溫馨 2 人房(無窗) NW,33260208,約克,,中正區,25.04498,121.51637,Private room,,1,2,2022-11-08,0.04,12,362,0,
37977701,台北車站3分鐘MRT Taipei Main station 北歐景觀2人房 NV,33260208,約克,,中正區,25.04498,121.51637,Private room,,1,1,2023-11-26,0.07,12,362,0,
37977737,台北車站3分鐘到MRT taipei main station 北歐溫馨4人房 (無窗) NTW,33260208,約克,,中正區,25.04498,121.51637,Private room,,1,1,2023-03-18,0.05,12,358,0,
37977752,台北車站3分鐘到MRT taipei main station 地中海景觀 2 單床 MTS,33260208,約克,,中正區,25.04498,121.51637,Private room,,1,2,2024-08-13,0.09,12,347,1,
37977793,台北車站3分鐘 Taipei station 標準單人房(地下室/共用衛浴) SU,33260208,約克,,中正區,25.04498,121.51637,Private room,1247,1,33,2024-11-13,0.53,12,320,9,
37977824,Taipei Stn  Single Rm經典單人房(shared bath) SL,33260208,約克,,中正區,25.04498,121.51637,Private room,,1,55,2024-11-19,0.85,12,337,4,
37977858,3 min MRT Taipei Main Stn 雙人房帶共用衛浴/房間位於地下室-SDT,33260208,約克,,中正區,25.04498,121.51637,Private room,,1,0,,,12,0,0,
37977876,台北車站3分鐘 Taipei 舒適單人房(地下室/共用衛浴) SDL,33260208,約克,,中正區,25.04498,121.51637,Private room,1408,1,8,2024-09-10,0.13,12,330,4,
37978314,EarlyBirdPromo SingleRm 早鳥優惠! 台北車站3分單人房(地下室/無窗) SU,33260208,約克,,中正區,25.04498,121.51637,Private room,,1,11,2024-10-26,0.18,12,301,3,
37978417,EarlyBirdPromo SingleRm早鳥優惠! 台北車站3分單人房(地下室/無窗) SDL,33260208,約克,,中正區,25.04498,121.51637,Private room,,1,1,2023-09-10,0.06,12,308,0,
38006248,北門臥客We Come Hostel 溫暖舒適單人房,237339163,WeCome Hostel,,大同區,25.05167,121.51169,Hotel room,1632,1,0,,,13,0,0,
38006820,北門臥客We Come Hostel 溫暖舒適四人房,237339163,WeCome Hostel,,大同區,25.05197,121.51014,Hotel room,6026,1,1,2023-02-28,0.04,13,298,0,
38007063,北門臥客We Come Hostel 溫暖舒適六人房,237339163,WeCome Hostel,,大同區,25.053,121.5119,Hotel room,8854,1,0,,,13,0,0,
38007231,Early Bird! 1 Bed in 6-Bed Mixed Dorm & MRT 5 min,237339163,WeCome Hostel,,大同區,25.05203,121.51035,Hotel room,1406,1,0,,,13,59,0,
38007299,Early Bird! Bed in 8-Bed Mixed Dorm Rm | MRT 5 min,237339163,WeCome Hostel,,大同區,25.05343,121.51032,Hotel room,1356,1,1,2019-12-18,0.02,13,59,0,
38007413,Early Bird! Bed in 4-Bed Female Dorm | MRT 5 Miins,237339163,WeCome Hostel,,大同區,25.05317,121.512,Hotel room,1488,1,0,,,13,59,0,
38083374,#Urtrip Hotel MRT南京復興站，近松山機場，微風廣場、小巨蛋都能步行抵達 #精緻雙人房（無窗）,182908151,悠趣旅店,,松山區,25.04929,121.54576,Hotel room,,1,3,2022-11-15,0.08,4,0,0,
38083458,#Urtrip Hotel MRT南京復興站，近松山機場，微風廣場、小巨蛋都能步行抵達 #經典雙床房(無窗),182908151,悠趣旅店,,松山區,25.04833,121.54484,Hotel room,,1,1,2022-05-04,0.03,4,0,0,
38083488,#Urtrip Hotel MRT南京復興站，近松山機場，微風廣場、小巨蛋都能步行抵達 #豪華三人房,182908151,悠趣旅店,,松山區,25.04741,121.54558,Hotel room,,1,2,2022-03-28,0.05,4,0,0,
38083517,#Urtrip Hotel MRT南京復興站，近松山機場，微風廣場、小巨蛋都能步行抵達 #豪華四人房,182908151,悠趣旅店,,松山區,25.04944,121.54556,Hotel room,,1,3,2022-08-24,0.07,4,0,0,
38088187,MRT Daan Station 4 mins by walk near Taipei 101,119119334,Jacky,,大安區,25.02818,121.54338,Private room,,90,80,2021-01-15,1.23,4,80,0,
38118051,Moose Forest麋鹿森林*台北車站5分鐘可到-適合家庭-雙衛浴 廚房 洗烘一體,289373914,林,,大同區,25.04979,121.51745,Entire home/apt,4343,5,61,2024-11-10,0.94,1,102,14,
38270829,Mrt Yongchun 5mins Backpacker3★single&Sweet,27993488,Mar,,信義區,25.03785,121.57814,Private room,580,15,8,2024-10-07,0.83,8,52,8,
38341532,「30天上月租套房」西門町捷運站旁紅樓廣場7-11超商旁1mins 「30天月租套房」西門站MRT旁,260936150,文煌,,萬華區,25.03962,121.50551,Entire home/apt,707,30,10,2020-10-25,0.18,5,76,0,
38345826,高樓層預訂有折扣提供優質的服務安靜舒適捷運100公尺/中山國小捷運行天宮捷運晴光商圈/24小時保全,267263059,Xiao Ying,,中山區,25.06289,121.52818,Entire home/apt,1526,7,48,2024-12-22,0.76,2,161,14,
38351841,2館 台北車站30秒 臺北 5人房 Taipei main station 簡單生活,104718340,Kumiko,,中正區,25.04699,121.51642,Entire home/apt,,2,213,2024-12-16,3.31,11,114,66,
38364589,"5 mins to MRT Zhongxiao Fuxing, studio for two",21506709,Maggie,,大安區,25.0448,121.54468,Entire home/apt,2126,29,63,2024-10-18,0.98,27,46,9,
38442191,台北西門町~綠色!(電梯/獨立洗衣機/獨立衛浴間~禁菸),38523879,Andrea,,萬華區,25.04587,121.50555,Entire home/apt,1929,2,8,2024-12-03,0.65,3,176,7,
38471285,MRT/Loft/Taipei101/XimendingMRT10mins/4room4bath,10900462,Sarah,,中山區,25.05429,121.54379,Entire home/apt,7866,2,5,2024-02-12,0.08,6,16,2,
38473632,靜巷/大安品質住宅/大空間/*禁吵鬧/Taipei 101/無障礙1st FL,546896578,Noel,,大安區,25.0273,121.5461,Entire home/apt,5940,5,154,2024-12-11,2.40,15,273,27,
38483189,《西門町電梯6人房W9》平日假日價格一樣、距離MRT西門站走路2分鐘、西門夜市,115100354,Anna,,萬華區,25.04422,121.50837,Entire home/apt,3571,4,50,2024-10-29,0.79,11,262,9,
38615185,[Taipei journey508] MRT Zhongshan Station 8min 508,57698182,Taipei Journey,,中山區,25.05363,121.52564,Private room,,1,1,2019-10-24,0.02,27,0,0,
38616645,NEW [Taipei journey517] 8Min MRT Zhongshan Station,57698182,Taipei Journey,,中山區,25.05535,121.52547,Private room,,1,9,2020-03-08,0.14,27,0,0,
38616864,[Taipei journey616]MRT Zhongshan Station 8min,57698182,Taipei Journey,,中山區,25.05342,121.52505,Private room,,1,0,,,27,0,0,
38638117,陽明山 那片雲,11162467,ChinYee Eric,,士林區,25.12147,121.5496,Private room,2231,1,0,,,1,87,0,
38727191,TaipeiCenter*3min*TaipeiMianStation~*台北車站*~,146008296,Harry Chen,,中正區,25.0461,121.51661,Entire home/apt,2433,3,59,2024-12-25,2.40,9,325,20,
38737126,♉☘30%OFF☘KIWI HOUSE♊XIMEN Lux 3Brm 3-8ppl 5min MRT,161861892,Kevin,,萬華區,25.03998,121.50547,Entire home/apt,5334,2,104,2024-12-23,1.63,4,242,46,
38816655,s907/Wi-Fi/450m到機場捷運A1站/智慧電視/洗脫烘/免治馬桶/4分鐘到寧夏夜市,119426541,Stan,,大同區,25.05411,121.51426,Entire home/apt,2943,2,62,2024-12-26,5.30,1,192,62,
38864059,Cozy apartment near Taipei101,33718680,Edan,,信義區,25.039552,121.587297,Entire home/apt,3524,3,39,2024-12-30,2.05,1,263,16,
38871852,H&K 3/2 Large Family Apartment in Daan,30591050,H&K,,大安區,25.035855668375625,121.54434032362951,Entire home/apt,10750,10,52,2024-12-11,0.81,13,223,16,
38892382,HioQuen MRT Ximen Station,297859409,Jett,,萬華區,25.04158,121.50643,Entire home/apt,59070,4,109,2024-12-16,1.70,4,126,40,
38963285,小米家-台北京站套房,221089274,Sammi,,松山區,25.04668,121.55719,Private room,2586,7,2,2024-11-18,0.14,10,33,1,
38963376,小米家-京站15,221089274,Sammi,,大同區,25.0503,121.51751,Private room,,30,2,2023-12-25,0.16,10,0,0,
39022896,"3~8P, Camp @ Ximending",128806861,Kenson,,萬華區,25.048217504813238,121.50894829852682,Entire home/apt,4371,3,120,2024-11-09,1.88,13,215,34,
39023483,MRT nearby and cozy suit with tub in city central,101062425,Jiang,,文山區,24.9981,121.53936,Private room,1856,3,21,2024-05-27,0.34,1,78,3,
39143921,Room 2nd_two Double room,2569877,Peifen,,大同區,25.0617,121.5089,Private room,3480,1,0,,,5,317,0,
39157420,3BRM/2Baths/5 min to MRT/shopping Street/downtown,33705816,Daisy,,大安區,25.04312,121.5401,Entire home/apt,8905,4,53,2024-12-23,0.84,4,328,26,
39166465,Western Garden 3 big room and highlights view,277278670,Garden,,萬華區,25.03959,121.50075,Entire home/apt,8571,7,15,2024-12-14,0.96,14,274,9,
39168624,Double bed Room with Shared Bath,28318416,Luckytree House,,大安區,25.03141,121.55637,Private room,,29,1,2023-04-04,0.05,3,87,0,
39172513,西門町XiMenDing陽台舒適套房BalconyCozySuite捷運站700米700MtoMRT,167319157,Ian,,萬華區,25.043698404369216,121.50353304545982,Entire home/apt,1414,2,94,2024-12-17,1.48,6,334,43,
39181598,"『私の空間』➤雙人房,西門町,寧夏夜市,捷運站10分鐘",118973784,Andy,,萬華區,25.045234260918182,121.5076814028839,Entire home/apt,1509,3,30,2024-10-15,0.47,20,22,15,
39207395,愛琪珍藏,205782017,筠,,松山區,25.0551,121.54869,Private room,4650,6,0,,,1,362,0,
39210071,台北西門町  田園鄉村!(2張雙人床&1張單人床~禁菸),105936980,林,,萬華區,25.04322,121.50521,Private room,1714,2,11,2024-12-08,0.18,7,113,7,
39216848,台北西門町  城市風情!(2張雙人床&1張單人床~禁菸),105936980,林,,萬華區,25.0415,121.50562,Private room,1800,2,7,2024-10-28,0.11,7,110,2,
39346856,【Ximending Lift studio_19】,21867853,Teddy,,萬華區,25.04298,121.50808,Entire home/apt,2926,3,88,2024-12-16,1.40,16,135,29,
39358911,MRT 3mins.｜Sunlight Room w Private Bathroom｜K31,242730194,Kolette,,中正區,25.04198,121.51306,Entire home/apt,1859,30,59,2024-12-19,0.93,67,175,3,
39378715,【時尚中島派對六人房】#6人房#台北車站MRT#三間獨立臥室#中島吧檯#Netflix,124956838,建吾,,中正區,25.04506,121.51507,Entire home/apt,12129,2,116,2024-12-02,1.86,5,127,28,
39379045,【MUJI和式景觀房】6人房#台北車站#木地板#180度景觀#三房一廳,124956838,建吾,,中正區,25.0455,121.51675,Entire home/apt,12129,2,141,2024-12-15,2.25,5,140,39,
39380689,Taipei 明亮潔淨2～6人房，下樓即是台北車站MRT Z2出口,217172486,Amelia,,中正區,25.04575,121.51489,Entire home/apt,3771,2,50,2024-12-15,0.79,3,167,27,
39397210,Easy Breathy room,56532738,Jesse,,內湖區,25.074798583984375,121.61146545410156,Private room,550,30,24,2024-12-01,0.39,11,138,8,
39401138,限時優惠中! Misty Blush｜Villa別墅/捷運忠孝復興/夜市/百貨/大型超市/四房三衛,302651192,Ca,,大安區,25.04395,121.54108,Entire home/apt,10641,2,206,2024-12-17,3.28,1,187,41,
39403539,"信義區永春捷運/松山車站,  Yongchun MRT/Songshan Train Station",109451655,Maggie,,信義區,25.04631,121.57457,Entire home/apt,3086,3,64,2024-12-29,1.01,1,87,11,
39409321,台大醫院站3分鐘｜雙人房含獨立衛浴｜公園旁電梯大樓｜近台北車站、西門町【安全消毒】｜K37,242730194,Kolette,,中正區,25.04428,121.51308,Entire home/apt,1686,30,54,2024-12-16,0.87,67,165,4,
39423910,MRT 3min｜TPE Station 8min｜Park View w/ Sun｜K32,242730194,Kolette,,中正區,25.0433,121.51318,Entire home/apt,1971,30,55,2024-12-16,0.87,67,149,6,
39426504,"『  SenseHouseXimen』4~8Guests,MRT-5min,nightMarket",302837571,Polo,,萬華區,25.04511,121.50803,Entire home/apt,4654,2,79,2024-11-30,1.27,2,58,25,
39426944,"『 SenseHouse西本』6~8人台北西門町,ximen,Taipei,捷運5分",302837571,Polo,,萬華區,25.039991950526435,121.50227088844093,Entire home/apt,6163,2,40,2024-12-08,2.29,2,61,24,
39428970,3 mins to MRT｜Double Bed w/ Private Bathroom｜K33,242730194,Kolette,,中正區,25.04196,121.5133,Entire home/apt,1607,30,68,2024-08-31,1.08,67,171,5,
39429814,台大醫院站3分鐘｜ 公園旁雙人房含獨立衛浴、書桌｜近台北車站、新光三越、西門町｜K35,242730194,Kolette,,中正區,25.04096,121.51509,Entire home/apt,1288,30,63,2024-08-31,1.01,67,158,4,
39430079,"Newer condo, 2 minute walk to MRT Songshan Station",302038906,Judy,,松山區,25.05086,121.57521,Entire home/apt,1800,30,6,2020-01-01,0.10,1,224,0,
39439508,3 mins to MRT｜Double Bed w/ Private Bathroom｜K53,242730194,Kolette,,中正區,25.04249,121.51435,Entire home/apt,1241,30,66,2024-09-01,1.05,67,179,5,
39496821,MRT 3 mins｜Park view w/ Double bed & Desk｜K52,242730194,Kolette,,中正區,25.04307,121.51499,Entire home/apt,2343,30,54,2024-08-24,0.86,67,173,6,
39498043,MRT 3️⃣mins｜Park View w/ Desk n Double Bed｜K51,242730194,Kolette,,中正區,25.04389,121.51283,Entire home/apt,2000,30,73,2024-08-04,1.16,67,167,7,
39511622,MRT 3️⃣mins｜Park View w/ Desk n Double Bed｜K61,242730194,Kolette,,中正區,25.04378,121.51445,Entire home/apt,1968,30,61,2024-09-01,0.97,67,82,6,
39516233,TPE Station 8min&MRT 3min｜Double bed w/ desk｜K29,242730194,Kolette,,中正區,25.04254,121.51308,Entire home/apt,1669,30,68,2024-09-01,1.08,67,141,6,
39520591,南京三民捷運MRT電梯冷氣陽台大套雅房吃飯方便限女有女Clean bedroom see 101,176639718,蓉,,松山區,25.05428,121.55469,Private room,1999,1,0,,,2,358,0,
39522137,H1/Sunway/Carrefour/Wifi/700mToXimenMrt/Netflix,136010110,Rex,,萬華區,25.0388,121.50359,Entire home/apt,1646,2,95,2024-12-29,1.51,36,308,59,
39523820,H2 /Sunway/Carrefour/Wifi/700mToXimenMrt/Netflix,136010110,Rex,,萬華區,25.04096,121.50332,Entire home/apt,1685,2,99,2024-12-23,1.58,36,341,54,
39524157,H3/Sunway/Carrefour/Wifi/700mToXimenMrt/Netflix,136010110,Rex,,萬華區,25.04071,121.50188,Entire home/apt,1841,2,97,2024-12-10,1.54,36,315,64,
39538798,BEST*Suite MRT3min｜Walkt to Tapei Main Station｜K25,242730194,Kolette,,中正區,25.04323,121.51273,Entire home/apt,1330,30,65,2024-12-14,1.03,67,149,3,
39565705,MRT 3 mins｜Single Room w/ Private Bathroom｜K26,242730194,Kolette,,中正區,25.04237,121.51292,Entire home/apt,1283,30,45,2024-12-09,0.72,67,167,6,
39566070,SALE*3 min MRT｜Taipei main station & XImending｜K27,242730194,Kolette,,中正區,25.04148,121.51463,Entire home/apt,1330,30,49,2024-08-31,0.78,67,96,5,
39566337,台大醫院站走路3分鐘｜公園旁雙人房含獨立衛浴｜近台北車站&西門町【安全消毒】｜K36,242730194,Kolette,,中正區,25.04161,121.51501,Entire home/apt,1341,30,72,2024-08-31,1.15,67,176,2,
39589698,"5 mins to MRT Taipei 101, elevator studio for 2",21506709,Maggie,,信義區,25.028342764789908,121.56295394898339,Entire home/apt,2126,28,38,2024-09-18,0.60,27,60,6,
39594976,5 min to mentro  taipei city center,23334237,Vicky,,信義區,25.03893,121.57825,Private room,1000,2,39,2024-11-13,0.62,2,156,4,
39623805,New!! Taipei A台電大樓站走路一分鐘/近師大夜市 (A),48973968,怡穎,,中正區,25.01959,121.5284,Private room,750,7,12,2024-12-13,0.50,24,360,7,
39634853,Superior Studio Taipei 101 View Washer Dryer,48399837,Urban Abode,,中正區,25.04712,121.51535,Entire home/apt,5451,2,23,2024-12-05,0.87,13,17,6,
39637334,MRT 3min｜En-suit Room w/ Sofa｜TPE Station｜K38,242730194,Kolette,,中正區,25.04121,121.5136,Entire home/apt,2735,30,97,2024-04-23,1.56,67,170,4,
39637838,MRT ⓷ mins｜En-suite Room｜TPE Station 8mins｜K58,242730194,Kolette,,中正區,25.04096,121.51508,Entire home/apt,1520,30,74,2024-08-24,1.18,67,168,6,
39638150,MRT 3 mins｜Park view w/ Double bed & Desk｜K62,242730194,Kolette,,中正區,25.04158,121.51504,Entire home/apt,2803,30,56,2024-12-15,0.90,67,166,7,
39638416,MRT ③min｜Suite w/desk& private bathroom｜K57,242730194,Kolette,,中正區,25.04325,121.51419,Entire home/apt,1561,30,68,2024-09-01,1.09,67,82,6,
39638768,台大醫院站③分鐘｜電梯大樓｜雙人套房 含獨立衛浴｜近西門町&台北車站【安全消毒】｜K55,242730194,Kolette,,中正區,25.0429,121.51479,Entire home/apt,1749,30,57,2024-08-31,0.92,67,167,10,
39640095,公園旁、台大醫院站3️⃣分鐘｜電梯大樓｜雙人房含獨立衛浴｜近台北車站&西門町【安全消毒】｜K56,242730194,Kolette,,中正區,25.04192,121.51327,Private room,1378,30,46,2024-06-02,0.73,67,168,1,
39666721,Cicada Haven蟬林寓所@龍山寺MRT Designer House (1-6人),110126722,路易,,萬華區,25.03364,121.50114,Entire home/apt,3023,1,52,2024-12-04,3.37,3,81,33,
39680853,北投地熱谷青磺溫泉度假屋 坐擁3個漂亮景觀視角,105749019,Jazz,,北投區,25.13796,121.51137,Entire home/apt,5482,2,16,2024-11-17,0.98,2,354,11,
39707660,東區 忠孝敦化 摩登三人房 誠品,305193650,May,,大安區,25.04286,121.55056,Private room,3281,60,0,,,1,88,0,
39711074,101附近/心誠台北短租，信義商圈101市政府，微風，新光三越，美食小吃，饒河夜市/ 安靜兩Q Q床,19216347,心誠,,信義區,25.0434,121.5699,Entire home/apt,957,29,0,,,35,151,0,
39712530,台北西門町 ~ 黃金屋(電梯/獨立衛浴間~禁菸),49127438,樂,,萬華區,25.04068,121.50556,Private room,1614,2,43,2024-10-29,0.70,10,84,13,
39715342,西門町精心四人房 Ximending Quad room,170273202,Star,,萬華區,25.04562,121.50542,Entire home/apt,2605,2,10,2024-12-13,0.16,30,52,2,
39736541,TPE Station 8mins&MRT 3mins｜Park view｜K21,242730194,Kolette,,中正區,25.04199,121.51521,Entire home/apt,1825,30,68,2024-06-24,1.10,67,171,3,
39737113,3 min MRT&8min TPE Station｜Sunlight View｜K22,242730194,Kolette,,中正區,25.04382,121.51509,Entire home/apt,1683,30,58,2024-07-06,0.95,67,132,4,
39758627,3 mins to MRT｜Double Bed w/ Private Bathroom｜K23,242730194,Kolette,,中正區,25.04266,121.51507,Entire home/apt,1778,30,62,2024-11-30,1.00,67,170,8,
39787017,H.C一祕境一Taipei 西门町 Ximen 龙山寺 Longshan Temple,242710118,Hung,,萬華區,25.04312,121.50074,Entire home/apt,6429,2,125,2024-12-22,1.99,5,127,62,
39864435,2 rooms/ whole floor/Yongchun MRT / Xinyi District,30670839,Paul,,信義區,25.04471,121.57452,Entire home/apt,3937,13,22,2024-12-17,0.35,10,75,9,
39871658,BIOHAUS-Taipei / Room L,91948482,Yufung,,中正區,25.04452,121.52489,Private room,1050,3,17,2024-05-26,0.27,2,41,3,
39872818,♉☘Luxury Ximen Mansion☘25%Off☘3brms2bthrms♊3-7pax,161861892,Kevin,,萬華區,25.03962,121.50536,Entire home/apt,7577,2,78,2024-12-23,1.25,4,217,40,
39887118,Biohaus Taipei / Room M,91948482,Yufung,,中正區,25.04475,121.52492,Private room,993,3,46,2024-12-18,0.74,2,102,17,
39913902,台北西門町 ~ 藍黑色<電梯/獨立衛浴間~禁菸~2人以上入住，與需使用2張床者，需加收費用>,49127438,樂,,萬華區,25.04005,121.50498,Private room,1657,2,20,2024-01-23,0.32,10,177,1,
39916931,台北西門町 ~  ~ 紫色!(電梯/獨立衛浴間~禁菸),49127438,樂,,萬華區,25.04014,121.50544,Private room,1271,2,8,2024-11-23,0.13,10,49,2,
39988657,"Perfect For Families, Taipei 101 & MRT-4 min walk",268135087,Richard,,信義區,25.03013,121.5662,Entire home/apt,11811,4,40,2024-12-04,0.67,14,344,13,
39999663,大直捷運站步行3分鐘／明水路挑高大公寓／獨立雅房D／月租 / 大坪數雙人房 / 內湖科學園區,247125177,Tina,,中山區,25.07796,121.5467,Private room,1099,30,5,2024-12-07,0.22,5,318,3,
40017096,21 New decoration / MRT 3minutes,100003062,Arch,,大安區,25.03159,121.55404,Entire home/apt,1343,2,34,2024-12-07,0.55,5,81,21,
40142156,西門套房,292170744,Weichen,,萬華區,25.04838,121.50843,Private room,3281,1,1,2020-01-17,0.02,1,90,0,
40161986,"1 Min to MRT Dongmen station, Yong Kang street",68210355,Jessica,,中正區,25.034692408429883,121.5288831666112,Entire home/apt,631,29,20,2024-11-28,0.33,1,299,5,
40167599,walk 2 101 area & TWTC& TMU@ share flat Rm B,48439317,Mona,,信義區,25.02927,121.56087,Private room,682,7,5,2024-12-14,0.13,7,326,2,
40168607,Walk 2 101 area & TWTC& TMU@ quite room A,48439317,Mona,,信義區,25.02899,121.56303,Private room,695,14,2,2024-08-31,0.12,7,26,1,
40173664,《MRT忠孝復興站》←4 min Walk【全新馬卡龍屋、獨立衛浴、附小廚房】正東區&近台北101,262143571,Louis,,大安區,25.04359,121.5436,Entire home/apt,1459,8,20,2024-12-09,0.32,5,168,6,
40183907,Modern room near SHIDA ( monthly rental) Downtown,130827969,Wenchi,,中正區,25.02271,121.52383,Private room,600,30,0,,,61,350,0,
40210827,近師範大學公館校區（分部）、公館雙人套房,107748049,Irene,,文山區,25.005997,121.5383,Entire home/apt,1300,1,53,2024-12-14,0.86,1,353,9,
40235139,Taipei 之旅3～6人房，下樓即是台北車站MRT M6出口,217172486,Amelia,,中正區,25.04655,121.5146,Entire home/apt,4300,2,38,2024-12-17,0.61,3,151,25,
40243855,"Room B / Taiwan University（NTU）, Gongguan MRT",2834846,Obie,,中正區,25.01637,121.53047,Private room,914,30,69,2024-11-29,1.11,2,175,10,
40243940,"#XimenStudio Taipei Ximen MRT 4min walk, for 2ppl",127292286,Leon,,萬華區,25.04236,121.5065,Private room,1443,1,749,2024-12-14,12.04,1,77,348,
40287716,"6 minutes to 101, 3 Bedroom + Study with Patio",26136892,M,,信義區,25.01572,121.57401,Entire home/apt,5179,6,30,2024-12-16,0.50,2,241,8,
40327802,西門站2分鐘2-4人溫馨小品，獨立房源，電梯，洗衣機，對外窗，下樓就可逛街,53501011,Sally,,萬華區,25.04634,121.50873,Entire home/apt,1993,1,2,2020-09-01,0.04,13,271,0,
40330069,###Modern Apartment near NTNU###,146850858,David,,中正區,25.02471,121.52368,Entire home/apt,3342,7,32,2024-10-26,0.52,14,333,9,
40383857,Taipei Ximen Family Three-Bedroom,297292740,SuYun,,萬華區,25.042071679577166,121.50351256075345,Entire home/apt,5680,3,51,2024-12-24,0.84,2,97,34,
40435462,Home share Cosy apartment near 101 building,300231534,凱若,,松山區,25.05847,121.5642,Private room,500,30,7,2024-09-02,0.11,2,365,1,
40454396,##Modern Apartment near NTNU##,146850858,David,,中正區,25.02329,121.52355,Entire home/apt,3286,15,33,2024-08-24,0.54,14,334,5,
40454467,"Taipei NTNU/NTU ( 1min Taipower MRT,Shida market).",221534550,Anne,,中正區,25.02001,121.52759,Entire home/apt,1271,2,37,2024-12-16,0.60,48,87,11,
40456965,好.吉.吉HOUSE@阿吉真是好胖胖,132809029,John,,萬華區,25.04455,121.50665,Entire home/apt,,4,98,2024-12-21,1.59,3,47,49,
40472154,A近士林夜市／大窗戶明亮套房獨立衛浴／圓山捷運站走路５分／台北車站搭車７分／高速網路工作旅遊，附暖爐,14567958,Jon,,大同區,25.07139,121.5149,Entire home/apt,1357,3,105,2024-12-16,1.71,18,152,44,
40520418,Antique Residency/ 3 minutes MRT (Private Bath),305201243,Angela,,中正區,25.03600311279297,121.52590942382812,Private room,1359,14,12,2024-12-03,0.20,2,159,2,
40540357,#Modern Apartment near NTNU#,146850858,David,,中正區,25.02296,121.5237,Entire home/apt,2578,14,36,2024-12-28,0.58,14,317,4,
40545805,Ximen MRT 2mins-Bright n Spacious wz Bathtub,193562770,Hotel Attic 囍閱文旅,,萬華區,25.0407,121.507,Private room,4156,1,53,2024-03-16,0.90,8,4,1,
40545898,Ximen MRT 2mins-Attic Window wz Bathtub-Double Rm,193562770,Hotel Attic 囍閱文旅,,萬華區,25.0407,121.507,Private room,,1,142,2024-06-08,2.41,8,2,11,
40546047,Ximen MRT 2mins-Bright n Cozy wz Bathtub-Double Rm,193562770,Hotel Attic 囍閱文旅,,萬華區,25.0407,121.507,Private room,2470,1,446,2024-11-17,7.60,8,6,16,
40546226,Ximen MRT 2mins-Bright n Cozy with Bathtub,193562770,Hotel Attic 囍閱文旅,,萬華區,25.0407,121.507,Private room,3670,1,75,2024-06-22,1.27,8,3,1,
40623530,Antique Residency/ 3 minutes MRT -Room C,305201243,Angela,,中正區,25.035551071166992,121.52701568603516,Private room,1031,7,6,2024-11-25,0.21,2,13,4,
40626194,豪華單人間 - 帶共用浴室 - SVD,33260208,約克,,中正區,25.04498,121.51637,Private room,,1,3,2023-06-02,0.12,12,359,0,
40688651,柳川206『月租型需簽約•6坪 』租金含第四台WiFi水費垃圾清運 電1°6元,61081895,Ray,,信義區,25.02397,121.56299,Private room,440,180,18,2021-06-01,0.29,6,365,0,
40699557,西門私寓-明。西門站5分鐘，3房-2衛-2陽台3BR-2BA-2BALC 8人,251087010,Chloe,,萬華區,25.04011,121.50371,Entire home/apt,6719,2,85,2024-12-30,1.38,6,139,34,
40710555,西門町捷運樓中樓公寓ห้องพักห้าคน 7 Accommodates 7 people,40908039,Gianni,,萬華區,25.04113,121.5053,Entire home/apt,3409,2,16,2024-01-01,0.26,4,178,0,
40712061,Ximen Condo for 5 西門町夜市商圈大床五人公寓ห้องพักห้าคน 5,40908039,Gianni,,萬華區,25.04435,121.50835,Entire home/apt,,2,3,2023-12-25,0.16,4,82,0,
40719920,"Bright Studio: 1 Queen Bed, Small Kitchen, Laundry",4431273,Sai,,信義區,25.03127,121.55826,Entire home/apt,3206,6,62,2024-12-10,1.01,19,155,15,
40722729,"5 mins to MRT Taipei 101, elevator studio for 2",21506709,Maggie,,信義區,25.03019,121.56261,Entire home/apt,2274,28,22,2024-12-07,0.36,27,52,5,
40725612,Whole apt 5min MRT/subway best location /2R2B,5795405,Anthony,,大安區,25.04324,121.55045,Entire home/apt,2976,2,65,2024-12-16,1.06,1,161,17,
40759979,City hall station 5mins 市府站5分鐘大雅房,48439317,Mona,,信義區,25.04337,121.56975,Private room,581,28,4,2022-08-06,0.07,7,346,0,
40762751,西門町 10min Ximending  MRT 《PE House》舒適安靜套房 捷運站步行10分,250248263,瑞屏,,萬華區,25.04593,121.50274,Entire home/apt,2500,2,18,2021-05-16,0.29,1,340,0,
40768674,風華202『月租型需簽約•5坪 』租金含第四台WiFi水費垃圾清運 電1°6元,61081895,Ray,,信義區,25.02306,121.5627,Private room,470,180,25,2021-02-10,0.41,6,365,0,
40787503,【偶像劇女主家】#台北車站MRT#大客廳#6人#3臥房#Netflix#24hr櫃檯#洗烘衣機,124956838,建吾,,中正區,25.04503,121.51657,Entire home/apt,12057,2,94,2024-10-12,1.55,5,130,19,
40791818,接機優惠Dec hot sale綠野仙蹤科技大樓站 近教育大學 分租套房b.月租,107844067,Debby,,大安區,25.02546,121.54651,Private room,,2,7,2024-11-24,0.12,14,359,3,
40808936,Paradise 樂園2~8人房 台北車站 京站廣場 小廚洗脱烘,171974684,Win,,大同區,25.05038,121.51808,Entire home/apt,2231,2,99,2024-12-07,1.62,12,132,33,
40815219,「精簡雅居」讓您神采飛揚、盡興穿梭在都會風的空間之中。  「Delicate Studio」,97561921,Glory,,大安區,25.03212,121.55345,Entire home/apt,3000,3,7,2021-09-06,0.12,1,22,0,
40827090,"NEW!!【Day Ｄream 白日夢享假2】Mrt Walk 8min,寧夏夜市,士林夜市 （",118973784,Andy,,萬華區,25.04224,121.5061,Entire home/apt,2637,3,30,2024-12-08,0.49,20,31,20,
40876586,信義路底尋幽處,37873739,Tony,,南港區,25.03857,121.59167,Entire home/apt,,2,1,2019-12-31,0.02,1,180,0,
40934739,西門町步行1min/4間獨立衛浴套房/6~16人團體,48165662,James,,萬華區,25.04494,121.5072,Entire home/apt,8009,2,70,2024-12-17,1.15,2,97,29,
40952422,Loft 5f Taipei @Daan MRT 5mins\Night View\Kitchen,1295140,Studio 17,,大安區,25.037,121.54676,Entire home/apt,2869,5,28,2024-12-02,0.90,13,131,18,
40959874,Views Loft with Taipei 101 and Mountain View 月租,4431273,Sai,,信義區,25.03081,121.55873,Entire home/apt,3225,28,22,2024-12-13,0.36,19,162,3,
40993724,"Taipei NTNU/NTU ( 1min Taipower MRT, Shida market）",221534550,Anne,,中正區,25.02187,121.52663,Entire home/apt,1129,2,34,2024-08-09,0.56,48,84,6,
41018042,Loft room/3 min MRT/central Taipei/big balcony,86234917,Stella,,大安區,25.02887,121.54354,Private room,1280,3,0,,,2,53,0,
41025819,西門町 Ximending月租 MRT 5mins新大樓電梯2~6人타이베이 시먼 딩,204934548,Vivian,,萬華區,25.03978,121.50578,Entire home/apt,4114,2,150,2024-12-15,2.46,4,321,57,
41047983,天藍205 『月租型需簽約•6坪 』租金含第四台WiFi水費垃圾清運 電1°6元,61081895,Ray,,信義區,25.02232,121.56274,Private room,440,180,9,2021-06-30,0.15,6,365,0,
41067688,臺北車站簡約雙人房(S36-1),32658574,Shan,,中正區,25.04381,121.51353,Entire home/apt,1526,3,13,2024-12-16,0.21,4,290,12,
41067748,適合渡假發懶的空間 我家沙發給您住 電視電腦廚房冰箱衛浴都具備,8190856,芊兒,,中山區,25.06762,121.52613,Entire home/apt,9843,1,0,,,1,365,0,
41073802,上下舖房,15680125,ELSA'S House,,大同區,25.05648260553969,121.51061140734458,Private room,350,3,0,,,1,86,0,
41077818,舒適雅房限定一人*行天宮站4mins,8048108,Whity,,中山區,25.05966,121.53008,Private room,625,30,4,2024-09-30,0.07,3,308,2,
41099812,台北車站60秒 臺北 4人房 Taipei main station 白色空間 I,319788512,Shelley,,中正區,25.04496,121.51669,Entire home/apt,1909,1,228,2024-12-10,3.74,16,163,90,
41141684,Private RM walk to the 101 area living like local,48439317,Mona,,信義區,25.04763,121.57998,Private room,523,28,3,2023-08-04,0.10,7,224,0,
41207585,BIG New Apartment Ximen 西門大空間套房,114347966,Jenny,,萬華區,25.04462,121.50578,Entire home/apt,2529,2,60,2024-12-03,1.00,4,123,28,
41218789,Modern Loft with gym&pool @Taipei 101,282776288,Jenny,,信義區,25.03109,121.55863,Entire home/apt,2202,29,1,2020-09-12,0.02,10,128,0,
41269627,市政府捷運7分鐘精致屋,60686043,其丹,,信義區,25.04455,121.57736,Entire home/apt,,3,0,,,1,178,0,
41301655,【溫馨質感三人房】#台北車站MRT#24小時櫃台#洗脫烘衣機,124956838,建吾,,中正區,25.04646,121.5169,Entire home/apt,6028,2,119,2024-11-24,1.98,5,141,28,
41305522,School -1 3 Mins XimenMRT西門町時尚房FreePocketWifi加大雙人床,28103867,Henry,,萬華區,25.02655,121.496,Entire home/apt,3660,4,6,2024-12-09,0.10,38,78,5,
41447976,台北車站60秒 臺北 2人房 Taipei main station 白色空間 VII,319788512,Shelley,,中正區,25.04445488637282,121.51657875172131,Entire home/apt,1417,1,151,2024-12-05,2.50,16,163,59,
41448819,台北車站60秒 臺北 2人房 Taipei main station 白色空間 VIII,319788512,Shelley,,中正區,25.04487,121.51681,Entire home/apt,1171,1,139,2024-12-10,2.30,16,162,49,
41451338,台北車站60秒 臺北 2人房 Taipei main station 白色空間 X,319788512,Shelley,,中正區,25.04608773602153,121.51466141288847,Entire home/apt,,1,146,2024-10-01,2.41,16,0,46,
41487133,<可整層容納36人> 台北車站 西門町 中正紀念堂/房間明亮/乾溼分離衛浴 /電梯/交通便利,269085493,晴,,中正區,25.04591,121.51239,Entire home/apt,35800,1,3,2024-09-09,0.17,1,193,1,
41489769,獨立進出1600ft使用約45坪近東區Taipei Arena小巨蛋 3bedrm2Bath免爬梯,326622923,Castle,,松山區,25.04804,121.55513,Entire home/apt,5137,2,56,2024-12-11,0.93,1,313,33,
41500292,YCB【1bdrm 1bth】MRT 30 sec /2 sides natural light,213704427,Zoe,,信義區,25.04001,121.57618,Entire home/apt,2424,30,22,2024-08-15,0.37,23,92,10,
41510616,DAAN PARK-6 bunk beds mixed dorm,14971125,Daan Park,,中正區,25.0342,121.53094,Shared room,,1,4,2024-06-12,0.07,12,0,1,
41595137,"Spacious Modern Ensuite Room near NTNU, NTU, PCCU",130827969,Wenchi,,中正區,25.02078,121.52392,Private room,700,30,0,,,61,305,0,
41595759,"Modern room near SHIDA ( monthly rental) NTNU, NTU",130827969,Wenchi,,中正區,25.02279,121.52369,Private room,500,30,0,,,61,227,0,
41596224,Spacious cozy double bed room near NTNU NTU,130827969,Wenchi,,中正區,25.02227,121.52217,Private room,600,30,0,,,61,275,0,
41596672,Cozy double bed room Taipower Building & Guting,130827969,Wenchi,,中正區,25.02239,121.52187,Private room,520,30,0,,,61,218,0,
41598553,短租優惠/CozySpace/電梯大樓/寧夏夜市/台北車站三分鐘/Q square/兩房一衛,470085516,Yang,,大同區,25.04965,121.51711,Entire home/apt,4044,7,62,2024-11-08,1.04,8,211,3,
41653320,台北車站/台大醫院/西門附3床大套房 /心誠台北短期有管理員月租，洗衣烘衣機/微波爐快煮壺/代收垃圾,19216347,心誠,,中正區,25.0436,121.51263,Entire home/apt,1360,30,1,2023-01-07,0.04,35,167,0,
41845643,Taipei city spacious studio apartment,36850759,Liz,,大同區,25.0572157,121.5088887,Entire home/apt,1443,4,36,2024-12-22,1.77,1,221,21,
41846583,經濟雙床房Economic Twin Room(01),43689729,SleepBox,,中正區,25.04337,121.51376,Private room,,1,15,2021-10-10,0.26,1,85,0,
41850381,台北車站60秒 臺北 2人房 Taipei main station 白色空間 XII,319788512,Shelley,,中正區,25.045402,121.515611,Entire home/apt,811,1,162,2024-12-05,2.70,16,139,69,
41853210,New Shida Space*特價優惠中-師大夜市-NTNU師範大學-NTU,140917365,K,,中正區,25.02001,121.5265,Entire home/apt,3529,3,32,2024-12-02,1.65,5,295,20,
41971380,"NEW~ 微·旅行,8人房,電梯,捷運西門站步行大約8分鐘",118973784,Andy,,萬華區,25.044251968936415,121.50637564681625,Entire home/apt,3380,2,81,2024-11-28,1.38,20,125,29,
41987332,Private suit 4min to MRT(Ximen),17106242,子剛,,萬華區,25.03994,121.50636,Private room,900,28,1,2020-12-07,0.02,3,240,0,
41987464,102 西門,17106242,子剛,,萬華區,25.03974,121.50655,Entire home/apt,920,14,16,2024-12-22,0.30,3,346,8,
41988301,＊４min Dongmen MRT w Bathtub &near Yongkang St｜LY15,242730194,Kolette,,中正區,25.03455445742733,121.52912686448279,Entire home/apt,,30,22,2024-10-02,0.38,67,0,5,
42025259,北投地熱谷溫泉度假屋 俯視青山綠地 靜看星光夜景 感受懷舊上海,105749019,Jazz,,北投區,25.136968435221032,121.50924326056443,Entire home/apt,5264,2,3,2024-11-17,0.20,2,346,2,
42077243,近忠孝敦化站全新獨立雅房(4 min to Zhongxiao Dunhua Station)月租,58809983,Ann,,大安區,25.03824,121.55376,Private room,1041,2,59,2024-12-24,1.02,1,126,6,
42144624,"Taipei NTNU/NTU ( 1min Taipower MRT, Shida market)",221534550,Anne,,中正區,25.019778272278923,121.52677899513714,Entire home/apt,1257,2,39,2024-12-02,0.66,48,82,13,
42165035,接機優惠Dec hot sale轉角寓到你精品小豪宅近101信義區30秒臨江夜市,119870232,도민,,大安區,25.03049,121.55606,Entire home/apt,4954,2,27,2024-12-27,0.52,17,352,14,
42187834,not available anymore,86673799,Osnir,,萬華區,25.0446,121.5081,Private room,15000,1,0,,,1,90,0,
42198596,《西門町電梯6~7人房D》平日假日價格一樣、距離MRT西門站走路2分鐘、西門町夜市商圈,115100354,Anna,,萬華區,25.042727600723154,121.50676850329809,Entire home/apt,3000,4,24,2024-11-23,1.20,11,297,11,
42209914,北投酒店風日式套房＿北投捷運站正對面,227911430,Welly,,北投區,25.13157,121.49903,Entire home/apt,5363,1,17,2024-09-13,0.69,1,296,5,
42300382,台北車站60秒 臺北 2人房 Taipei main station 白色空間 VI,319788512,Shelley,,中正區,25.04458283326796,121.516335760616,Entire home/apt,1526,1,147,2024-12-14,2.48,16,167,66,
42320762,[全面消毒 安心入住] 師大永康商圈公园宅邸 (月租),279591429,Taipei,,大安區,25.02136,121.5283,Entire home/apt,2514,30,2,2024-10-17,0.04,16,123,1,
42322213,[全面消毒 安心入住]  師大永康商圈公园宅邸  (月租),279591429,Taipei,,大安區,25.02289,121.52667,Entire home/apt,1557,30,4,2024-08-19,0.22,16,180,2,
42322344,[全面消毒 安心入住]  師大永康商圈公园宅邸 (月租),279591429,Taipei,,大安區,25.02298,121.52687,Entire home/apt,1457,30,4,2024-03-31,0.20,16,211,1,
42322478,[全面消毒 安心入住] 雙捷運市區電梯公寓2-4人 (月租),279591429,Taipei,,大安區,25.02842,121.52222,Entire home/apt,2286,30,6,2024-06-20,0.21,16,107,2,
42322584,[全面消毒 安心入住]  師大 東門 永康商圈 雙捷運 市區時尚華廈2-5人 (月租),279591429,Taipei,,大安區,25.02694,121.52381,Entire home/apt,2286,30,1,2024-02-19,0.09,16,60,1,
42461460,＊Late Bird Sale＊3BD w Balcony ３min to MRT｜DN3,242730194,Kolette,,大安區,25.04135,121.54913,Entire home/apt,6650,30,38,2024-12-06,0.65,67,153,4,
42503638,台式小公寓 Shida NTNU /NTU studio,5363323,Olga,,大安區,25.02044,121.52932,Entire home/apt,1710,30,15,2024-06-29,0.28,8,76,4,
42527718,iiC01 Iconic Ximen MRT 2-Mins,280547107,淨予,,萬華區,25.04425,121.50754,Entire home/apt,2237,2,104,2024-12-24,4.24,18,228,50,
42527950,iiC04 Iconic Ximen MRT 2-Mins,280547107,淨予,,萬華區,25.04302,121.50772,Entire home/apt,1966,2,122,2024-12-25,5.03,18,145,67,
42528165,iiD01 Iconic Ximen MRT 2-Mins,338713959,JingYu,,萬華區,25.04251,121.50781,Entire home/apt,1843,2,84,2024-12-25,1.48,2,200,56,
42528309,iiC02 Iconic Ximen MRT 2-Mins,338713959,JingYu,,萬華區,25.04248,121.5059,Entire home/apt,1809,2,87,2024-12-24,4.42,2,216,55,
42530293,25secs XimenMRT☆幸福時尚房-1 ☆極靜☆Free4G WifiEgg,28103867,Henry,,萬華區,25.04283,121.50803,Entire home/apt,2644,4,35,2024-12-16,2.30,38,76,28,
42575014,[全面消毒 安心入住] 師大永康商圈公园宅邸 (月租),279591429,Taipei,,大安區,25.02112,121.52849,Entire home/apt,2057,30,4,2024-06-10,0.24,16,171,3,
42667796,#### Modern Apartment  Near  NTNU####,146850858,David,,中正區,25.02484,121.52387,Entire home/apt,2015,15,29,2024-12-16,0.51,14,273,6,
42695874,松山區捷運站旁 - 雙人房型 | 精品飯店規格,36202702,韋程,,松山區,25.05211,121.56133,Private room,4837,1,0,,,1,0,0,
42700628,電梯樓中樓獨立套房，台北火車站走路6分鐘，中山捷運站走路8分鐘，搭捷運西門町一站BL-12 R-10,158945627,Ivory,,中山區,25.04948,121.52124,Entire home/apt,2250,10,30,2024-12-21,1.14,15,15,12,
42725277,015【Duplex apt. 】City Hall MRT 2 min/Natural light,340306764,小禎,,信義區,25.04281,121.56641,Entire home/apt,2849,30,53,2024-12-01,0.92,1,210,26,
42752843,Relaxed Loft close to Taipei 101,4431273,Sai,,信義區,25.03151,121.55791,Entire home/apt,3056,6,34,2024-12-22,0.62,19,211,14,
42766333,接機優惠Dec hot sale看好的房  錯過了就要吃大虧,15706026,Atwood,,大安區,25.03753,121.55224,Entire home/apt,4771,2,38,2024-12-07,0.78,12,335,6,
42905783,"Taipei NTNU/NTU( 1min Taipower MRT,Shida market)WA",221534550,Anne,,大安區,25.02247,121.53316,Entire home/apt,1629,2,34,2024-12-14,1.19,48,66,18,
42920325,@Ximen(B)3+4F/西門站650m/6人家庭房/近家樂福/2房/客廳/廚房/大浴缸/行李寄放,232252031,Cosin,,萬華區,25.04011,121.50271,Entire home/apt,1807,2,22,2024-12-08,1.24,9,54,16,
42920773,@Ximen(B)2F/西門站650m/近24hr家樂福便利店/獨立衛浴/洗衣機/行李寄放/2-6人,232252031,Cosin,,萬華區,25.03797,121.50384,Entire home/apt,1166,2,44,2024-12-10,0.76,9,47,23,
42925219,@Ximen(B)/西門站650m/近24hr家樂福便利店/獨立衛浴/1F免爬梯採光好,232252031,Cosin,,萬華區,25.03847,121.5042,Entire home/apt,1073,2,45,2024-12-18,0.77,9,60,17,
42925779,@Ximen(B)House/1~4樓獨棟16人房/西門捷運 650M/4房3衛/客廳廚房/近家樂福,232252031,Cosin,,萬華區,25.03795,121.50391,Entire home/apt,6414,2,11,2024-12-20,0.19,9,130,6,
43012864,南港區 ！單人房1A 一卡背包就可入住！近藍線捷運 單人房A,48973968,怡穎,,南港區,25.04762,121.58938,Private room,601,7,3,2024-11-16,0.23,24,307,2,
43080781,商務&醫檢月租-Luxury Family suite 陽明山下北投天母商圈私人行館 管家服務,25843609,Allen&Yoyo,,士林區,25.1223,121.52585,Entire home/apt,11483,30,1,2022-11-25,0.04,2,364,0,
43082358,"景緻雙人套房(含浴缸)-松山南京三民站/獨立空調/房內簡易流理台/近饒河夜市,信義商圈,松山車站",5785514,小公館人文旅舍,,松山區,25.05155,121.56964,Private room,3551,1,8,2024-11-02,0.20,7,178,1,
43085445,5 bed female dorm/shilin night market/monthly,72226297,Happy Taipei,,士林區,25.092,121.52763,Shared room,286,30,3,2023-06-21,0.07,9,175,0,
43087794,❤Central Entire 2-Bedroom Apartment near NTU &MRT❤,168732925,Stevie,,大安區,25.02167,121.54154,Entire home/apt,1920,1,7,2021-08-03,0.12,1,79,0,
43102878,WZ-Casa [Home] 1200 sq ft 兩房一廳 西門町 3mins Ximen,28321231,W,,萬華區,25.04167,121.50316,Entire home/apt,9537,5,43,2024-11-10,0.89,11,131,13,
43135153,南港區 ! 單人房1B 一卡背包就可入住！近藍線捷運,48973968,怡穎,,南港區,25.04894,121.58753,Private room,500,7,5,2024-09-28,0.20,24,358,3,
43136107,南港區 !單人房1C，一卡背包就可入住！近藍線捷運,48973968,怡穎,,南港區,25.04895,121.58893,Private room,600,7,7,2024-12-10,0.16,24,360,5,
43136668,南港區 !單人房1E，一卡背包就可入住！近藍線捷運,48973968,怡穎,,南港區,25.04734,121.58927,Private room,500,7,8,2024-12-09,0.23,24,356,4,
43225361,萬芳醫院商圈的好所在(4人可包層不受打擾),275620755,Elly,,文山區,25.00126,121.55439,Entire home/apt,1680,1,0,,,1,57,0,
43233588,MRT ⓹ mins｜ Sunlight Room w Kitchen・NJ7,242730194,Kolette,,中山區,25.05321,121.52254,Entire home/apt,1873,30,44,2024-02-01,0.78,67,111,1,
43314389,文山區單人雅房（近政大、木柵、考試院）,50410426,Fankan,,文山區,24.99144,121.56701,Private room,850,3,1,2020-06-15,0.02,1,55,0,
43323755,"5 mins to MRT Zhongxiao Xinsheng, studio for 2",21506709,Maggie,,中正區,25.042842856702652,121.52945789743106,Entire home/apt,2274,28,13,2024-09-28,0.24,27,31,4,
43330618,通風採光優 / 電梯 / 月租 套房/私人衛浴/近中山國小捷運/ 晴光市場/花博公園/,23595125,Nikita,,中山區,25.06636,121.52487,Entire home/apt,1196,28,12,2024-07-16,0.32,3,187,2,
43331656,西門町電梯木質房Taipei Ximen station sweet old school home,83917029,Kai Hsiang,,萬華區,25.04508,121.50542,Entire home/apt,1931,6,19,2024-12-15,0.34,7,138,14,
43408241,黑先生I號房 - 月租有優惠可寵物西門特選陽台特大套房,39512538,Black,,萬華區,25.04305,121.50681,Entire home/apt,3107,1,128,2024-12-20,2.34,15,303,35,
43455535,"光寓想享-一處隱身在台北市的藝術攝影棚住宿,附美式廚房,多種不同風格造景",23433376,Mike,,中正區,25.03016,121.5076,Private room,,1,6,2020-12-19,0.11,1,179,0,
43475850,Huge modern room in a clean sunny home MRT 5 min,346656524,Ola,,大安區,25.04252,121.55058,Entire home/apt,3440,7,15,2024-12-11,0.30,21,110,8,
43492183,Ximending MRT 8 Minute,12596582,Tzuling,,萬華區,25.04243,121.50572,Entire home/apt,2114,30,3,2024-07-01,0.15,3,350,1,
43522223,Near MRT Cozy family vacations 시먼 딩 용산사 近 西門町 龍山寺,346656524,Ola,,萬華區,25.04104,121.5015,Entire home/apt,,7,39,2024-12-22,0.74,21,125,18,
43548104,"Big Serviced apartment,city view,MRTCity Hall",282776288,Jenny,,信義區,25.0398,121.57237,Entire home/apt,,29,4,2021-03-30,0.07,10,179,0,
43570062,Ximen Station Exit 6 /1 minutes/洗衣機.電梯/有窗戶、獨立門戶,53501011,Sally,,萬華區,25.0432,121.50627,Entire home/apt,2263,1,39,2024-12-20,0.70,13,268,6,
43722994,【私人露天溫泉】後現代雙人private outdoor hot spring『月房』,349306667,Lj,,北投區,25.1363,121.51496,Private room,3571,1,88,2024-12-15,1.60,5,17,25,
43724268,【私人露天溫泉】後現代雙人private outdoor hot spring 『日房』,349306667,Lj,,北投區,25.1348,121.51537,Private room,3400,1,75,2024-12-15,1.37,5,22,8,
43753678,Traveling Family's Dream 3B2b Directly Across 101,268135087,Richard,,信義區,25.03334,121.56369,Entire home/apt,12304,30,25,2024-12-07,0.45,14,104,15,
43779776,[全面消毒 安心入住]  天母花園露台套房2人(月租),279591429,Taipei,,士林區,25.10462,121.52518,Private room,1529,30,2,2024-02-04,0.08,16,147,1,
43797897,【私人露天溫泉】雙人『雲房』,349306667,Lj,,北投區,25.13669,121.51691,Entire home/apt,,1,104,2024-10-27,1.89,5,0,4,
43813103,【露天溫泉】後現代雙人private outdoor hot spring『河房』,349306667,Lj,,北投區,25.13692,121.51543,Entire home/apt,3886,1,82,2024-12-07,1.49,5,21,15,
43820990,FUN!Taipei G723/TAIPEI 101/XIMEN MRT/ month promo!,221534550,Anne,,萬華區,25.04584,121.5042,Entire home/apt,1107,2,43,2024-12-07,0.79,48,82,12,
43859167,NEW✶G Mansion Studio/Magic 1 Bdrm/3Min Shihlin MRT,350562145,William,,士林區,25.09869,121.52648,Entire home/apt,2900,30,5,2024-11-09,0.41,2,334,5,
43873637,NEW✶CEO's House/MTH RENT/Luxury APT./Tienmu TPE,350562145,William,,士林區,25.10515,121.53171,Entire home/apt,5000,14,1,2024-10-19,0.41,2,305,1,
43916818,L35 MRT 10 min/24-hour management/Central trash rm,213704427,Zoe,,萬華區,25.04734,121.50613,Entire home/apt,2429,30,7,2024-12-10,0.58,23,51,7,
43917341,B44 MRT 10 min/24-hour management/Central trash rm,213704427,Zoe,,萬華區,25.0452,121.50583,Entire home/apt,1714,30,15,2024-10-30,0.58,23,101,7,
43949544,W28 Ximen APT [1-2ppl] 10 mins to Ximen MRT.,213704427,Zoe,,萬華區,25.04674,121.50644,Entire home/apt,,30,5,2021-07-30,0.09,23,0,0,
43956761,有專業廚房的城市度假屋,21518305,科融,,萬華區,25.03784,121.50644,Entire home/apt,7429,1,0,,,1,90,0,
43975304,[全面消毒 安心入住]  國父紀念館 101精緻套房A 2~4人房 (月租),279591429,Taipei,,大安區,25.03853,121.55748,Entire home/apt,1466,30,5,2024-01-18,0.18,16,181,1,
43989236,[全面消毒 安心入住]  國父紀念館 101 一站都会套房B (月租),279591429,Taipei,,大安區,25.03888,121.55752,Entire home/apt,,30,1,2023-06-01,0.05,16,127,0,
44055182,溫馨房 /景美捷運站,67859548,Weichen,,文山區,24.99262,121.5398,Private room,2490,5,0,,,1,89,0,
44112279,Cozy Studio 3F，MRT 1min/NTNU / NTU studio 師大捷運大套房,5363323,Olga,,大安區,25.02227,121.52714,Entire home/apt,1871,12,16,2024-11-30,0.32,8,115,5,
44197305,U9公寓/信義商圈/市政府CityHall/市政府捷運站/百貨公司/1MIN TO MRT,546896578,Noel,,信義區,25.04158,121.56687,Entire home/apt,6233,2,172,2024-11-17,3.17,15,241,33,
44198986,西門誠品20坪兩大房寧静舒眠 、(家庭雰圍、宜長居)月折扣特惠中!,351616659,Ama,,萬華區,25.04383,121.50533,Entire home/apt,3000,30,61,2024-12-11,1.14,1,227,7,
44201965,Element 曜｜3F/兩床兩衛/台北市/行天宮廟捷運站/步行3分鐘有超市/足部按摩店/台灣美食,470085516,Yang,,中山區,25.05718,121.53157,Entire home/apt,3527,2,157,2024-12-17,2.91,8,145,44,
44239294,小森林/整層獨享11人/西門町/4房3衛2廳,445307436,承芊,,萬華區,25.04268,121.5069,Entire home/apt,8961,3,182,2024-12-16,4.32,28,210,46,
44270933,旅城驛鎮-午茶公寓  自然光綠意/暖光都會 街景Space [1 min to MRT] (1大床),356849812,Ginny,,中山區,25.0509,121.53333,Private room,3283,1,29,2023-10-27,0.56,5,62,0,
44295663,[全面消毒 安心入住] 國父紀念館 101 一站都会套房D (月租),279591429,Taipei,,大安區,25.0394,121.556,Private room,1637,30,0,,,16,271,0,
44295666,[全面消毒 安心入住] 國父紀念館 101 一站都会套房C (月租),279591429,Taipei,,大安區,25.03908,121.5574,Private room,,30,1,2023-08-20,0.06,16,245,0,
44368083,B47 Ximen APT (1-4ppl) 10 mins to MRT,213704427,Zoe,,萬華區,25.04499,121.50661,Entire home/apt,2800,30,21,2024-11-20,0.55,23,64,12,
44428429,CityHall Apt. Near MRT 3min ｜101｜松菸｜世貿｜市政府站,346656524,Ola,,信義區,25.04213,121.56676,Entire home/apt,5090,7,42,2024-10-29,0.85,21,253,14,
44450894,Deluxe2BR/Near NTNU Ximen Gutting / Huge/sleep6,269530350,Home Away,,中正區,25.02715,121.52053,Entire home/apt,5891,3,2,2024-12-15,0.47,4,342,2,
44508427,旅家雅舍12A＠4B2B新裝潢高樓層 5~10人 古亭站5分鐘 師大永康商圈,104979863,Frank,,中正區,25.02462,121.52346,Entire home/apt,8500,3,57,2024-12-22,1.08,15,290,15,
44508768,【私人露天溫泉】後現代雙人Privet Outdoor Hotspring『星房』,349306667,Lj,,北投區,25.13682,121.51505,Private room,3400,1,34,2024-12-08,0.64,5,21,4,
44510389,[全面消毒 安心入住] 國父紀念館 101精緻套房E 2~4人房 (月租),279591429,Taipei,,大安區,25.03904,121.55732,Entire home/apt,1971,30,1,2024-05-12,0.13,16,267,1,
44523614,旅家雅舍12B＠1B1B全新裝潢 超高層河景 2~4人 古亭站5分鐘 師大永康商圈,104979863,Frank,,中正區,25.02285,121.52515,Entire home/apt,2327,3,31,2024-05-20,0.85,15,295,6,
44540853,旅家雅舍11C＠2B1B全新裝潢高樓層美景大樓 3~5人 古亭站5分鐘 師大永康商圈,104979863,Frank,,大安區,25.02437,121.52555,Entire home/apt,3214,3,39,2024-12-01,0.95,15,307,16,
44578947,旅家雅舍12C＠2B2B全新裝潢高樓層美景大樓 6~8人 古亭站5分鐘 師大永康商圈,104979863,Frank,,中正區,25.02283,121.52563,Entire home/apt,6429,3,78,2024-12-24,1.69,15,278,27,
44608969,City hall station big room in the shared flat,48439317,Mona,,信義區,25.04444,121.56966,Private room,624,14,7,2024-03-10,0.15,7,227,1,
44625281,"1B1b Cinema, Kitchen, Bathtub, Desk, 1.5min to MRT",268135087,Richard,,信義區,25.0427,121.56544,Entire home/apt,6398,3,64,2024-11-28,1.20,14,128,18,
44633620,8人女生宿舍(上舖)/共用衛浴/近捷運士林夜市/8 beds female dorm/monthly,196564860,Fun Taipei,,士林區,25.08701,121.52349,Shared room,296,30,2,2022-11-27,0.06,1,214,0,
44635040,B10 MRT 10 min/24-hour management/Central trash rm,213704427,Zoe,,萬華區,25.04518,121.50576,Entire home/apt,2214,30,20,2024-12-08,0.39,23,104,8,
44648164,旅家雅舍11A＠挑高1B1B全新裝潢 高樓層 1~4人 古亭站5分鐘 師大永康商圈,104979863,Frank,,中正區,25.02293,121.52355,Entire home/apt,3214,3,60,2024-12-28,1.42,15,322,32,
44648294,旅家雅舍11D＠2B2B全新裝潢高樓層美景大樓 6~8人 古亭站5分鐘 師大永康商圈,104979863,Frank,,中正區,25.02468,121.52376,Entire home/apt,6429,3,76,2024-12-15,1.46,15,280,35,
44663614,"New Building, In Front of Park, 1 Unit Per Floor",268135087,Richard,,大安區,25.034,121.54241,Entire home/apt,4462,180,0,,,14,364,0,
44678842,捷運西門站6號口.3分鐘2人房.Mrt Ximen exit6.3min *可月租,92448004,A.K,,萬華區,25.04213,121.50522,Entire home/apt,1414,3,61,2024-12-13,1.43,17,118,29,
44761493,旅家雅舍11B＠3B2B新裝潢高樓層 5~8人 古亭站5分鐘 師大永康商圈,104979863,Frank,,中正區,25.02305,121.52538,Entire home/apt,8143,3,62,2024-12-29,1.20,15,319,23,
45091723,西門乾淨享受套房Clean & Quite-Ximen Walk 8 mins to Metro,83917029,Kai Hsiang,,萬華區,25.04017,121.50254,Entire home/apt,1838,6,56,2024-12-26,1.07,7,115,25,
45108410,旅城驛鎮-午茶公寓  窗景寫意創作Space [1 min to MRT] (2大床),356849812,Ginny,,中山區,25.0509,121.53333,Private room,3639,1,9,2024-12-16,0.17,5,33,1,
45129832,Luxury 2 BRs QSquare Taipei Main Station (3 people,359580619,Kenny,,大同區,25.04894,121.51766,Entire home/apt,9000,30,4,2022-12-19,0.15,2,268,0,
45133788,Double bdr next to NTNU｜no extra bills free washer,363473951,Pohsun,,大安區,25.02468,121.53058,Private room,1000,30,9,2024-11-18,0.19,6,178,7,
45147637,Twin Bedroom NTNU｜no extra bills free washer,363473951,Pohsun,,大安區,25.02601,121.53016,Private room,1300,30,2,2023-11-19,0.05,6,282,0,
45148175,師大旁月租單人房雅房｜水電瓦斯網路垃圾全包 ｜至少一個月起租V,363473951,Pohsun,,大安區,25.02572,121.5304,Private room,1300,30,9,2023-07-31,0.18,6,282,0,
45148560,Studio Room Next To  next to NTNU｜no extra bills,363473951,Pohsun,,大安區,25.02533,121.53054,Private room,,30,0,,,6,283,0,
45148974,Single bdr next to NTNU｜no extra bills free washer,363473951,Pohsun,,大安區,25.02587,121.52987,Private room,1300,30,18,2024-08-08,0.34,6,315,2,
45151585,"Sleep Inn R4, 2-4人房, 101景 高樓層",210300300,Frank,,中正區,25.04538,121.51638,Entire home/apt,4571,2,65,2024-11-23,1.33,8,76,16,
45277809,3 min to MRT Liuzhangli/ Linjiang St. Night Market,21506709,Maggie,,大安區,25.02563,121.55102,Entire home/apt,2086,28,25,2024-07-15,0.48,27,59,3,
45319365,旅城驛鎮-午茶公寓 書卷氣息 / 運動風街景Space [1 min to MRT] (1大床),356849812,Ginny,,中山區,25.0509,121.53333,Private room,2748,1,29,2024-01-23,0.56,5,46,2,
45321253,旅城驛鎮-午茶公寓 職人創作Space [1 min to MRT] (1大床),356849812,Ginny,,中山區,25.0509,121.53333,Private room,2995,1,17,2023-07-29,0.33,5,52,0,
45321456,旅城驛鎮-午茶公寓 悠閒度假靜謐Space [1 min to MRT] (1大床、1小床),356849812,Ginny,,中山區,25.0509,121.53333,Private room,3378,1,27,2023-08-30,0.52,5,42,0,
45335235,【比佛利奢華四/六人房】007142 #陽台 #度假 #廚房 #Netfilx#北車,39528362,Chia Ying,,中正區,25.04785,121.51563,Entire home/apt,5286,2,77,2024-10-06,1.48,9,20,14,
45336547,＊１min MRT City Hall｜Near 101 w/ Elevator・ZX17,242730194,Kolette,,信義區,25.04058,121.56682,Entire home/apt,3868,30,27,2024-11-02,0.54,67,144,4,
45338261,New Building 3B2b Taipei Main Desks & Fast Wifi,268135087,Richard,,大同區,25.04961,121.51836,Entire home/apt,16733,7,62,2024-12-17,1.27,14,122,24,
45339254,（30天上月租套房）西門町捷運站旁紅樓廣場7-11超商旁1mins,260936150,文煌,,萬華區,25.03966,121.50672,Private room,,30,2,2021-03-09,0.04,5,33,0,
45376810,台北火車京站機場捷運A1雙子星旁北門捷運2號站 雙捷運行李步行8分鐘 電梯大廈獨立廚房炊煮與觀景陽台,49541083,張,,大同區,25.05556,121.51276,Entire home/apt,2198,7,3,2023-01-05,0.11,1,155,0,
45387107,Element 鉻｜低樓層1F/四床兩衛/行天宮廟捷運站/步行三分鐘有超市/足部按摩店/台灣美食,470085516,Yang,,中山區,25.060704030394838,121.52788183324049,Entire home/apt,4827,2,71,2024-12-10,1.36,8,214,32,
45402050,Cozy Spax場地租借使用/攝影/辦活動聚會/聚餐8-10pax/提供廚房/台北車站周邊,367123043,Mong,,中正區,25.04736,121.5179,Entire home/apt,4500,2,247,2024-11-24,4.74,1,51,31,
45420598,Villa.M/三層獨棟私密別墅/頂級豪宅雙衛浴/浴缸/雙連站中山站7分鐘/寧夏夜市/中山商圈,367454319,Claire,,大同區,25.0535,121.51703,Entire home/apt,10808,3,249,2024-12-14,4.81,9,226,56,
45449438,((寵物友善空間))極簡風格的50年老屋 近龍山寺 近西門町,115266824,Annie,,萬華區,25.03079,121.48926,Private room,788,1,92,2024-12-23,1.83,1,68,62,
45556555,Classic Loft close to Taipei 101,4431273,Sai,,信義區,25.03127,121.55865,Entire home/apt,3056,6,43,2024-12-25,0.85,19,152,16,
45584368,Element 澈｜2F/四床兩衛/市中心/行天宮廟捷運站/步行三分鐘有足部按摩店/超市/台灣美食,470085516,Yang,,中山區,25.05912,121.52982,Entire home/apt,3460,2,85,2024-12-17,1.68,8,211,44,
45590120,New Bldg 2B1b Taipei Main Station Desk & Fast Wifi,268135087,Richard,,大同區,25.04987,121.51713,Entire home/apt,9843,13,57,2024-12-22,1.11,14,119,28,
45711535,YJ【3bdrm 2bth】MRT 3 mins/Natural light/elevator,213704427,Zoe,,大安區,25.04133,121.55518,Entire home/apt,6571,30,8,2024-10-24,0.64,23,148,7,
46046231,WowLoft@Wanhua#10 Brand-New MRT LOFT Space(1~6 ),87612162,Loft Duncan,,萬華區,25.035375595092773,121.50139617919922,Entire home/apt,2771,1,83,2024-12-29,1.64,5,349,53,
46073880,Little Miss Sunshine near Mandarin Oriental Hotel,33705816,Daisy,,松山區,25.053284752933063,121.54999492764851,Entire home/apt,6214,10,3,2024-12-06,0.89,4,212,3,
46076984,台北市東區ChungXiao Fuxing  MRT 溫馨套房SoGo百貨旁便利首選,370586878,Kathy,,大安區,25.04214096069336,121.54566192626953,Entire home/apt,2207,3,51,2024-12-26,1.55,1,60,26,
46082283,3 min to MRT Liuzhangli/ Linjiang St. Night Market,21506709,Maggie,,大安區,25.02545,121.55121,Entire home/apt,2389,28,9,2024-04-16,0.50,27,64,4,
46085394,Luxury 4B2bLDK Manhattan Style High Floor,268135087,Richard,,大安區,25.0328,121.54892,Entire home/apt,18209,29,40,2024-12-23,0.94,14,115,16,
46087863,Sunny Apt*3Bdr -Guting mrt *安全電梯大樓*三房*靠近古亭站,29845153,Harry & Jess,,中正區,25.02278,121.52372,Entire home/apt,4467,20,18,2024-10-21,0.36,4,179,5,
46218549,Heart of Taipei all in one studio at Min-Sheng rd.,73426273,Sonam,,中山區,25.05917,121.53186,Entire home/apt,1640,7,11,2023-10-31,0.22,3,247,0,
46242085,[Clover Home-Room Bimka] 2 mins walk to MRT G18,41825230,Ming-Jie,,松山區,25.05011,121.56112,Private room,1080,2,29,2024-12-30,0.80,4,174,8,
46367120,Modern 2 Bedroom Suite Loft- MRT-Taipei 101,284915717,Charlie,,信義區,25.03048703808054,121.5585996483739,Entire home/apt,4600,30,19,2024-12-28,0.41,2,201,7,
46424197,3Bdr/2Bthr Apt next NTNU & NTU-Taipower MRT 2min,29845153,Harry & Jess,,大安區,25.02117,121.52886,Entire home/apt,5198,20,20,2024-11-21,0.41,4,215,7,
46440572,"2B1bLK, Stylish & Comfortable, 5 Min to Ximen MRT",268135087,Richard,,萬華區,25.03972,121.50588,Entire home/apt,7481,7,13,2024-10-19,0.43,14,139,5,
46455542,"捷運1分鐘 派對大空間 KTV 桌遊 
場地派對專案平日6000 假日9000",19538865,伯樂,,中正區,25.04422,121.52555,Private room,9000,1,1,2020-12-13,0.02,3,364,0,
46534284,4ppl/12mins to 101/spacious/luxury community,376335831,麗梅,,文山區,24.99214,121.56762,Entire home/apt,6240,3,0,,,2,179,0,
46576104,A.K微旅遊.捷運西門站6號口3分鐘2人房.Mrt Ximen exit6.3min *可月租*,92448004,A.K,,萬華區,25.04226,121.50449,Entire home/apt,1871,3,75,2024-12-02,2.79,17,85,31,
46589200,【西門捷運站七分鐘_清爽典雅套房_電梯大樓_20】,21867853,Teddy,,萬華區,25.04662,121.5073,Entire home/apt,1601,3,59,2024-12-16,1.20,16,169,28,
46591518,西門捷運2分鐘-風格斜窗浴缸雙人房型-24h櫃台,193562770,Hotel Attic 囍閱文旅,,萬華區,25.04077,121.50692,Private room,2670,1,31,2024-04-13,0.63,8,7,4,
46682193,B2/北歐8人房/MRT中山國中5min/市中心/錦州街夜市/上引水產/東區5min/微風百貨,430176710,Sc,,中山區,25.05604,121.54311,Entire home/apt,4639,2,85,2024-12-15,1.72,15,177,20,
46698158,A1/莫蘭迪6人公寓/MRT忠孝復興3min/sogo微風百貨/雙線捷運/三床二房,352466245,Yoloft,,大安區,25.04398,121.54368,Entire home/apt,3632,2,62,2024-12-15,1.27,8,174,20,
46698194,D6/時尚8人房/三房二衛/捷運忠孝敦化6分鐘/東區商圈/SOGO百貨/微風廣場/小巨蛋/市民大道,377297003,Chen,,松山區,25.04543,121.54791,Entire home/apt,7014,2,40,2024-12-15,0.82,10,161,18,
46698387,Q7/北歐溫馨8-10人房/四房二衛/電梯公寓/捷運南京復興3分鐘/慶城商圈/微風南京/老乾杯燒烤,377297003,Chen,,松山區,25.05404,121.54773,Entire home/apt,6923,2,102,2024-12-17,2.10,10,160,33,
46698514,Q8/北歐溫馨4-6人房/超大露台/二房一廳一衛/電梯/捷運南京復興站3分鐘/慶城商圈/微風南京,377297003,Chen,,松山區,25.05437,121.54631,Entire home/apt,3329,2,33,2024-12-12,0.80,10,175,26,
46698881,A23 / 6人房 / MRT忠孝復興3min / 東區市中心/ SoGo微風百貨/雙線捷運,352466245,Yoloft,,大安區,25.04188,121.54278,Entire home/apt,4064,2,61,2024-12-09,1.30,8,162,41,
46699023,F1/ 典雅4-6人房/二房一廳二衛/MRT中山國中5-7分鐘/松山機場5分鐘,430176710,Sc,,松山區,25.063227962010526,121.54469563709172,Entire home/apt,4254,2,134,2024-12-08,2.71,15,172,36,
46699059,GA/時尚簡約9人房/3房2衛/小巨蛋/小巨蛋捷運5分鐘/松菸/微風南京/饒河夜市/佳德鳳梨酥,430176710,Sc,,松山區,25.05207,121.55739,Entire home/apt,6481,2,152,2024-12-12,3.08,15,155,33,
46699118,F2/蔚藍日光8人房/電梯/二房一廳二衛/MRT中山國中7分鐘/松山機場5分鐘/下樓有便利超商,430176710,Sc,,松山區,25.06335,121.54545,Entire home/apt,,2,77,2024-12-17,1.55,15,171,16,
46699279,F4/ 銀色年華8人房/電梯/二房一廳二衛/MRT中山國中7分鐘/松山機場5分鐘/下樓有便利超商,430176710,Sc,,松山區,25.063892688056285,121.54587505802391,Entire home/apt,5007,2,109,2024-12-01,2.20,15,172,19,
46699321,GB/溫馨12人房/2房2衛/台北小巨蛋/MRT 5分鐘/松菸/微風南京/饒河夜市/佳德鳳梨酥,430176710,Sc,,松山區,25.0506,121.55304,Entire home/apt,6421,2,139,2024-12-09,2.84,15,157,40,
46699339,F5/金色年華6人房/電梯/二房一廳二衛/MRT中山國中5-7分鐘/松山機場5分鐘/下樓有便利超商,430176710,Sc,,松山區,25.06402,121.54584,Entire home/apt,4636,2,134,2024-12-11,2.72,15,171,33,
46699493,JL/四房二廳三衛12人房/電梯/MRT行天宮站10mins/上引水產/吉林美食商圈/北市中心,430176710,Sc,,中山區,25.05931,121.5293,Entire home/apt,5203,2,165,2024-12-08,3.34,15,116,33,
46699726,F23 /16人房 /電梯/四房兩廳四衛/MRT中山國中7分鐘/松山機場5分鐘/下樓有便利超商,430176710,Sc,,松山區,25.064823578232136,121.54574702230667,Entire home/apt,10786,2,32,2024-09-21,0.66,15,166,8,
46699922,T2白色空間8人房/二房二衛/電梯/捷運5分鐘/南西商圈/寧夏夜市5min,377297003,Chen,,大同區,25.05215,121.51716,Entire home/apt,4943,2,130,2024-12-15,2.69,10,160,29,
46700482,L2-2/北歐7-8人房/二房二衛/雙線MRT南京復興5分鐘/西門町10分鐘/小巨蛋/松山機場/東區,377191728,Kel,,中山區,25.05394,121.5409,Entire home/apt,3914,2,140,2024-12-13,2.84,13,174,18,
46700962,A11/復古8人房/MRT忠孝復興7min/東區市中心/sogo微風百貨/雙線捷運,430176710,Sc,,大安區,25.04283,121.54107,Entire home/apt,5031,2,122,2024-12-16,2.46,15,172,43,
46701535,L4/文旅6人房/二房一廳一衛/雙線MRT南京復興5min/小巨蛋/松山機場/東區,377191728,Kel,,中山區,25.05309,121.54089,Entire home/apt,3875,2,47,2024-12-08,0.95,13,172,27,
46701867,L2/後現代工業7人房/三房一廳/雙線MRT南京復興5min/小巨蛋/松山機場/東區,377191728,Kel,,中山區,25.05596,121.54103,Entire home/apt,3136,2,43,2024-11-28,0.90,13,168,29,
46702492,E2/8-9人房/電梯/寬敞三房兩廳二衛/MRT南京松江3min/小巨蛋.東區5min,377191728,Kel,,中山區,25.05058,121.53406,Entire home/apt,5393,2,95,2024-12-15,2.18,13,167,23,
46702750,E5/無印良品8人房/電梯/寬敞三房兩廳二衛/MRT南京松江3min/小巨蛋.東區5min,377191728,Kel,,中山區,25.05229,121.53436,Entire home/apt,6643,2,57,2024-12-15,1.72,13,170,23,
46702947,E6/採光7-8人房/電梯/MRT松江南京3min/中山商圈小巨蛋5min/東區10min,377191728,Kel,,中山區,25.05257,121.53542,Entire home/apt,4120,2,106,2024-12-08,2.15,13,176,19,
46703747,S2/都市現代10-12人房/三房二廳二衛/捷運南京復興3分鐘/小巨蛋/東區/微風sogo百貨/,377191728,Kel,,中山區,25.05509,121.54275,Entire home/apt,6754,2,152,2024-12-15,3.08,13,171,37,
46717951,D8/Chic apt./6-8人/忠孝復興MRT8min/東區商圈/林東芳/遼寧夜市/瞞著爹,430176710,Sc,,中山區,25.04645,121.54227,Entire home/apt,4207,2,109,2024-11-30,2.33,15,173,18,
46743812,Studio Apartment 2 Taipei 101 View 月租,4431273,Sai,,信義區,25.03158,121.55792,Entire home/apt,2878,6,58,2024-12-22,1.19,19,159,17,
46828091,5 min to MRT Liuzhangli/ Linjiang St. Night Market,21506709,Maggie,,信義區,25.023446005093533,121.555680836109,Entire home/apt,2423,28,18,2024-11-27,0.37,27,74,4,
46852523,【B渡假雙人房】華山文創特區 藍線上善導寺 捷運1分鐘 台北車站 忠孝新生 雙人或雙床房,23097622,Miyo,,中正區,25.04531,121.52524,Shared room,1229,1,25,2024-12-16,0.51,16,5,3,
46862710,L1/6人房/3房2廳2衛/MRT中山國中5分鐘/上引水產/松山機場/榮新花園,377191728,Kel,,中山區,25.06228,121.53874,Entire home/apt,4325,2,38,2024-12-05,1.56,13,167,20,
46887732,H0/波西米亞風/4房2.5衛/便利商店1min/MRT松江南京站10mins,430176710,Sc,,中山區,25.05928,121.53898,Entire home/apt,6040,2,80,2024-12-15,1.64,15,152,36,
46927129,C5/現代時尚風格9人房/三房二衛/MRT中山國中5~8min/錦州街夜市/上引水產,377297003,Chen,,松山區,25.05918,121.54498,Entire home/apt,6674,2,30,2024-12-13,0.82,10,164,24,
46965777,ϟ  文青房 華山文創園區 阜杭豆漿 捷運1分鐘 台北車站 善導寺 Le passag拉開門,23097622,Miyo,,中正區,25.04531,121.52524,Private room,9618,1,12,2024-11-16,0.25,16,200,2,
46996599,mix 1 minute MRT Taipei Main Station blue line,23097622,Miyo,,中正區,25.04531,121.52524,Shared room,7143,1,55,2024-12-13,1.12,16,200,5,
47026234,Soldier Culture7room private blue line MRT30sec28p,23097622,Miyo,,中正區,25.04531,121.52524,Entire home/apt,13763,1,55,2024-11-25,1.13,16,313,13,
47027039,ϟ A RoomTaipei Main Station  Bunk bunk in mixed,387158168,Passage,,中正區,25.04531,121.52524,Shared room,9563,1,17,2024-10-21,0.35,4,200,1,
47027044,【F標準兩單人房】善導寺捷運走1分鐘｜華山文創特區｜台北車站｜阜杭豆漿,23097622,Miyo,,中正區,25.04531,121.52524,Private room,9233,1,14,2024-12-11,0.30,16,200,4,
47029362,ϟ Le Passage Hostel C商務客房|華山文創特區|捷運1分鐘 |台北車站|阜杭豆漿,23097622,Miyo,,中正區,25.04531,121.52524,Private room,,1,13,2024-07-02,0.27,16,206,1,
47056106,101 area big double room @share house,48439317,Mona,,信義區,25.04235,121.56758,Private room,699,14,1,2021-03-31,0.02,7,181,0,
47072033,long bed For Big Tall  MRT1min Taipei Main Station,23097622,Miyo,,中正區,25.045305252075195,121.52523803710938,Shared room,923,1,38,2024-12-17,0.79,16,5,5,
47084148,Cozy Private Room-Taipei Songshan District,71737790,Rosa,,松山區,25.04609,121.5555,Private room,,2,91,2024-11-26,4.26,1,0,29,
47100896,聆聽回憶的感覺（獨立套房-可容納4人住宿）,22150553,Chen,,文山區,24.98908,121.56396,Entire home/apt,1931,30,2,2022-02-14,0.05,5,121,0,
47102633,At Emei street Ximen . Loft space for 2-4,191141568,Tarou,,萬華區,25.04536269211784,121.50417779736094,Entire home/apt,5277,2,107,2024-12-27,2.19,1,66,34,
47145342,Sogo商圈芝山捷運站旁三房一廳溫馨跨年公寓,40908039,Gianni,,士林區,25.10347,121.52117,Entire home/apt,12843,5,0,,,4,90,0,
47175645,信義新天地歡樂耶誕城跨年趣台北101/世貿中心步行3分即達，景觀盡收眼底～三房兩浴可16人團聚好寓所,82459487,H,,信義區,25.03429,121.55817,Entire home/apt,,8,2,2022-10-02,0.05,9,86,0,
47185708,goodscompany 雙人房,16034281,Kenny,,萬華區,25.04346,121.50688,Entire home/apt,,1,0,,,1,89,0,
47236861,MRT Ximen 5 mins 台北車站西門町捷運步行5分鍾 大窗全新裝潢 一層一戶 高品質,173321819,109Yang,,中正區,25.04354,121.51055,Private room,,30,0,,,25,0,0,
47243646,GNstay月租│B7雙人不選月租房│近捷運公館站、台大NTU、公館夜市│歡迎短租一個月,38134494,GNstay,,中正區,25.0117,121.53382,Private room,1000,3,0,,,17,54,0,
47282771,仁愛圓環景觀靓宅， beautiful condo with spectacular views.,364676521,Deng Charng,,大安區,25.03642,121.54821,Entire home/apt,,13,0,,,1,93,0,
47344681,Daan Park 3 room elevator apartment,277278670,Garden,,大安區,25.035591456530533,121.53883855489572,Entire home/apt,6143,30,17,2024-11-27,0.96,14,358,9,
47509482,Daan Park 4bedroom elevator Apartment,277278670,Garden,,大安區,25.03541413785397,121.53932215295191,Entire home/apt,,5,13,2024-12-25,0.94,14,320,11,
47509486,Daan Park elevator 2 room/Near NTNU/City Center,277278670,Garden,,大安區,25.024878663232226,121.53426809959848,Entire home/apt,,5,9,2024-12-24,0.90,14,363,9,
47518401,信義區全新裝潢豪華房,359580619,Kenny,,信義區,25.04219,121.57657,Entire home/apt,7000,35,0,,,2,89,0,
47571880,Micasa信義 | #3 | Modern and Cozy Designer Apt.,384040447,Micasa,,信義區,25.04188,121.57378,Entire home/apt,1571,5,27,2024-11-26,0.61,5,110,13,
47733513,ϟ Le Passage E Room｜隨機床位｜台北車站｜台北國際藝術｜善導寺捷運1分鐘,23097622,Miyo,,中正區,25.04531,121.52524,Private room,6905,1,51,2024-08-31,1.07,16,199,5,
47787884,T3沉靜空間8人房/二房二衛/電梯/台北車站/寧夏夜市/捷運中山站5min,377297003,Chen,,大同區,25.05318,121.51657,Entire home/apt,5673,2,173,2024-12-12,3.62,10,151,42,
47807162,台北101獨立陽台套房近捷運站 精華地段公寓樓梯3樓獨立採光房交通便利全新裝潢 衛浴電視高速網,45579535,Pamela,,信義區,25.02706,121.5663,Private room,1637,4,2,2024-12-22,1.36,1,266,2,
47875395,Micasa信義 | #5 | Modern and Cozy Designer Apt.,384040447,Micasa,,信義區,25.04252,121.57402,Entire home/apt,1779,5,32,2024-11-12,0.67,5,144,14,
47875587,Micasa信義 | #6 | Modern and Cozy Designer Apt.,384040447,Micasa,,信義區,25.04398,121.57531,Entire home/apt,1766,5,23,2024-09-12,0.53,5,107,10,
47875814,Micasa信義 | #8 | Modern and Cozy Designer Apt.,384040447,Micasa,,信義區,25.04306,121.57594,Entire home/apt,1480,5,23,2024-12-04,0.49,5,153,13,
47875983,Micasa信義 | #7 | Modern and Cozy Designer Apt.,384040447,Micasa,,信義區,25.04203,121.57433,Entire home/apt,1517,5,39,2024-10-19,0.85,5,135,12,
47945642,"High Floor New Bldg | 5★ Ximending, Stunning Views",268135087,Richard,,萬華區,25.03944,121.50316,Entire home/apt,11811,29,8,2024-06-20,0.18,14,350,2,
47948810,101無敵美景、六張犁捷運站旁,40448443,Niko,,信義區,25.027746129198793,121.55715154889066,Entire home/apt,2323,7,39,2024-12-23,0.85,1,291,12,
47970655,"Muji - Near Taipei 101, Gym, Pool, Sauna Jacuzzi",298307200,Ellis,,信義區,25.03475,121.57449,Entire home/apt,,2,21,2024-12-12,0.46,5,291,11,
48028374,【陽光混合】E 宿舍房|華山文創園區 | 阜杭豆漿| 捷運1分鐘 | 台北車站 |善導寺1分鐘,387158168,Passage,,中正區,25.04588,121.52415,Shared room,642,1,7,2024-12-04,0.15,4,5,5,
48107393,【Summer bed 】 Mix Bed subway1min,387158168,Passage,,中正區,25.04531,121.52524,Shared room,492,1,9,2024-12-17,0.19,4,5,4,
48159574,D apt . DUMO. / 蟲洞 / 台北車站 / 頂級雙衛浴 / 加床 / 2F,367454319,Claire,,大同區,25.05026,121.51327,Entire home/apt,8028,1,199,2024-12-14,4.30,9,160,42,
48159726,D apt . DUMO. / 諾亞 / 台北車站 / 頂級雙衛浴 / 加床 / 3F,367454319,Claire,,大同區,25.05064,121.51377,Entire home/apt,,1,196,2024-12-17,4.19,9,218,53,
48159788,D apt . DUMO/ 多肉肉 / 台北車站 / 頂級雙衛浴 / 景觀陽台 / 加床 /4F,367454319,Claire,,大同區,25.05076,121.51311,Entire home/apt,5126,3,227,2024-12-14,4.87,9,210,54,
48319728,＊３min to MRT w 2 Bathroom｜115 ㎡ w Kitchen  ｜ZX32,242730194,Kolette,,大安區,25.04265,121.54921,Entire home/apt,,30,25,2024-10-11,0.58,67,24,8,
48370083,D apt . DUMO. / 粉宅 / 台北車站 / 經典蛋型浴缸 / 浴室有遮簾 / 5F,367454319,Claire,,大同區,25.05085,121.51339,Entire home/apt,2539,1,151,2024-12-14,3.36,9,214,45,
48371707,Artist appartement A 藝術家公寓,12783059,Hong,,信義區,25.033169033176193,121.57434556881404,Private room,2029,3,37,2024-12-29,1.61,2,356,17,
48502890,AZ <1-2ppl> Ximen Shopping Area/ 3  mins to MRT,213704427,Zoe,,萬華區,25.04223,121.50793,Entire home/apt,2286,30,13,2024-11-12,0.90,23,43,9,
48535884,Daan MRT 美麗佳人小豪宅,68680400,Shu Chi,,大安區,25.03129,121.54356,Entire home/apt,3947,2,74,2024-12-21,1.61,1,135,34,
48632499,離忠孝復興捷運站走路僅3分鐘 close Zhongxiao Fuxing MRT BL15,158945627,Ivory,,大安區,25.04225,121.54208,Entire home/apt,2887,7,14,2024-12-11,0.64,15,116,10,
48730158,電梯管理 Apartment w/ kitchen，1房1廳+廚房,5363323,Olga,,大安區,25.02189,121.52762,Entire home/apt,2514,12,11,2024-12-02,0.25,8,52,4,
48829126,A cozy place to rest/stay while enjoying the city,393882330,Tai Jen,,文山區,24.99575,121.54205,Entire home/apt,2100,14,18,2024-09-16,0.62,1,80,6,
48855237,現代簡約2房/大陽台/植栽/MRT6分/德國建築師設計/台北小巨蛋,298910458,Ariel,,松山區,25.04872,121.55083,Entire home/apt,2078,5,55,2024-12-15,1.20,25,339,13,
49139624,DUMO /包層方案洽談/26人/台北車站5min /藝術絕美設計宅 /頂級衛浴 /1-5F,367454319,Claire,,大同區,25.05021,121.51323,Entire home/apt,20000,1,2,2023-04-23,0.09,9,82,0,
49221264,台北車站前5-14人夜景ktv房/大樓電梯B1連結捷運/寵物友善/備洗衣機電磁爐/獨立浴室,24501553,Joe,,中正區,25.04521,121.51698,Entire home/apt,2714,1,52,2024-12-16,1.35,8,354,7,
49230329,Ximending MRT Cozy Apartment,31917261,Eva,,萬華區,25.04686,121.50528,Entire home/apt,1805,30,2,2024-02-15,0.05,7,56,1,
49241278,Spa Bath High Floor 2-Bedroom Apt Taipei 101 View,48399837,Urban Abode,,中正區,25.04741403898478,121.51560351135451,Entire home/apt,10551,2,72,2024-12-20,1.73,13,10,27,
49301296,301 - STEP INN. 饒河夜市 1 min MRT SongShan station,49125065,Step Inn,,松山區,25.04992,121.57577,Entire home/apt,2866,1,1,2022-07-31,0.03,4,65,0,
49340866,觀光商務醫美行程。可先放行李網路快。1～11人正東區捷運忠孝復興敦化站101獨立臥室客廳陽台浴室廚房,297859409,Jett,,大安區,25.04109,121.54858,Entire home/apt,4627,4,89,2024-12-08,1.98,4,114,33,
49432125,Yongkang Street Rooftop Apartment,2217662,Vicky,,大安區,25.0288143157959,121.53109741210938,Entire home/apt,3445,5,53,2024-12-01,1.22,2,123,20,
49447773,Film Makers Yongkang Street Home,2217662,Vicky,,大安區,25.0288143157959,121.53109741210938,Entire home/apt,,5,23,2024-10-31,0.52,2,0,4,
49473465,Ximending MRT double-bed room iPLAYinn Taipei,78964777,I Play Inn,,萬華區,25.039995,121.506111,Private room,2264,1,33,2024-08-12,0.74,12,352,4,
49504778,"5 mins to MRT Xinyi Anhe, studio for 2",21506709,Maggie,,大安區,25.02974,121.55127,Entire home/apt,2457,28,25,2024-12-04,0.57,27,75,10,
49520247,信義商圈 ·台北思泊客精緻酒店Vantage Room,114196743,仁德,,信義區,25.03172,121.56249,Private room,,1,18,2024-01-09,0.46,4,60,1,
49598081,Double-bed bathtub Ximending Taipei main station,78964777,I Play Inn,,萬華區,25.045893,121.506737,Private room,2478,1,9,2024-10-25,0.20,12,170,6,
49598256,浴缸四人房/愛玩客iPLAYinn｜6分鐘捷運西門站,78964777,I Play Inn,,萬華區,25.045893,121.506737,Private room,3215,1,5,2024-03-10,0.15,12,253,1,
49598534,三人房型/愛玩客iPLAYinn｜6分鐘抵達捷運西門站｜交通位置便利,78964777,I Play Inn,,萬華區,25.045893,121.506737,Private room,2867,1,1,2022-01-28,0.03,12,356,0,
49705129,Taipei 101 信義區 北醫人文 麋鹿森林公寓  A房間 (L) ( 月租型需簽約 ),54194324,Johnny,,信義區,25.02612,121.56376,Private room,1177,3,15,2024-12-22,1.52,9,87,15,
49849801,Taipei 101 信義區 北醫TMU人文 麋鹿森林公寓  B房間 (M) ( 月租型需簽約 ),54194324,Johnny,,信義區,25.02555,121.56201,Private room,1019,2,16,2024-09-22,0.90,9,88,8,
49850094,Taipei 101 信義區 北醫TMU人文 糜鹿森林公寓  C房間 (S) ( 月租型需簽約 ),54194324,Johnny,,信義區,25.02624,121.56267,Private room,847,3,17,2024-09-08,0.95,9,87,10,
49854610,501 Charming 1 bedroom 2 mins to MRT,315964087,Lynn,,中山區,25.05198,121.53384,Private room,1580,1,38,2024-11-17,1.19,10,269,6,
49858745,（月/年租）交通便利.人文時尚的世貿101/獨立房間/分享客廳、浴室,401253145,彥怡,,信義區,25.0321,121.56073,Private room,2714,1,30,2024-12-15,1.09,13,90,15,
49932015,3 BR + office+ balcony | for a comfortable stay,10221270,Donna Ngai Yao,,大安區,25.02758,121.54794,Entire home/apt,9714,4,44,2024-12-23,1.22,4,345,27,
49978869,Taipei 101 信義區 北醫TMU人文 貓頭鷹叢林公寓 A房間 (L) ( 月租型需簽約 ),54194324,Johnny,,信義區,25.02448,121.56422,Private room,1212,3,12,2024-12-15,0.54,9,87,3,
49979233,Taipei 101 信義區 北醫TMU人文 貓頭鷹叢林公寓-B房間 (M) (月租型需簽約),54194324,Johnny,,信義區,25.02444,121.56451,Private room,974,3,17,2024-07-07,0.74,9,88,7,
50062582,Taipei 101 信義區 北醫TMU人文  貓頭鷹叢林公寓 C房間 (S) ( 月租型需簽約 ),54194324,Johnny,,信義區,25.02564,121.56283,Private room,878,3,16,2024-07-01,0.66,9,87,7,
50317203,𖦙MRT Ximen 5 mins 台北車站西門町捷運步行5分鍾 大窗全新裝潢 高品質 私人空間,173321819,109Yang,,中正區,25.04493,121.50923,Entire home/apt,1866,1,2,2021-10-01,0.05,25,34,0,
50317433,Nordic Light Luxury Yuya,251473101,Tony,,信義區,25.034780792349785,121.5650553238447,Entire home/apt,,1,0,,,1,0,0,
50666432,The Loft House,240168588,Rusen,,士林區,25.08473,121.52536,Entire home/apt,3553,9,14,2024-12-23,0.86,1,307,11,
50744360,雅式信義風格寓所 Art’s style apt.,410075125,Lin,,信義區,25.0403,121.57074,Private room,1837,30,1,2023-12-10,0.08,1,365,0,
50819704,Comfortable 2 Bdr Apt - 3min walk Domgmen Mrt,235623230,Yi Shin & Charlie,,中正區,25.03493,121.52973,Entire home/apt,3998,28,5,2024-01-06,0.16,4,51,1,
50867256,Art house in luxe condominium near Taipei 101,298307200,Ellis,,信義區,25.03512,121.57269,Entire home/apt,3286,28,1,2023-03-18,0.05,5,335,0,
50891610,台北市中山區電梯華夏交通便捷近晴光市場捷運中山國小站,48144950,紫婷,,中山區,25.06688,121.52817,Entire home/apt,1383,4,25,2024-12-23,0.65,2,85,7,
50995746,Lovely Studio with City View (5mins to MRT),412496227,Xiongxiong,,南港區,25.04847,121.58153,Entire home/apt,,30,5,2024-03-03,0.18,1,341,2,
51154194,捷運高樓景觀兩房兩衛雅居,58182048,Winnie,,中正區,25.02643,121.5219,Entire home/apt,3143,30,0,,,1,285,0,
51332469,"Daan  park Vs Nordic Style,   Suite",12341333,Wonda,,大安區,25.02482,121.53391,Entire home/apt,1980,6,6,2024-12-04,0.15,2,259,1,
51476471,[a] 年租/月租/西門捷運3分鐘，洗衣機高速連網全功能套房。適升學考試，公司員宿，出差商旅[A],222411208,Zonghan,,萬華區,25.03952,121.5024,Private room,1090,20,1,2024-06-25,0.16,6,144,1,
51476728,d) 西門捷運站旁優質套房/廚台/洗衣機/冷暖氣/書桌沙發/高速連網/24H保全/升學考試個人工作室,222411208,Zonghan,,大安區,25.04362,121.544,Entire home/apt,977,15,17,2024-12-26,0.50,6,86,13,
51476792,[e2] 西門捷運站旁優質採光套房/洗衣機/冷暖氣/高速連網/24H保全/升學考試、個人工作室,222411208,Zonghan,,萬華區,25.04182,121.50751,Private room,977,14,18,2024-08-18,0.69,6,163,6,
51476808,[e1] 西門捷運站旁單人優質採光套房/洗衣機/冷暖氣/高速連網/24H保全/升學考試、個人工作室,222411208,Zonghan,,萬華區,25.03967,121.50387,Private room,847,16,32,2024-12-16,1.13,6,116,15,
51654147,慶聚3 獨立雅房,54251166,Joe,,中正區,25.03073,121.52056,Private room,1000,1,36,2024-02-24,0.89,1,0,2,
51656837,B1 Sky Suite 台北 101 天際線景觀 洗烘衣機,48399837,Urban Abode,,中正區,25.04744,121.51504,Entire home/apt,5451,2,36,2024-11-29,0.93,13,7,7,
51659323,Sky Loft Balcony view of the Presidential hall,48399837,Urban Abode,,中正區,25.04731,121.51553,Entire home/apt,6251,2,23,2024-05-18,0.95,13,13,5,
51878214,A room with a private bathroom next  Daan Park,342367501,Pei Chien,,大安區,25.03542,121.53548,Private room,1321,6,0,,,1,355,0,
51896985,朋友聚會KTV桌遊 頂樓大露臺 平日4000 假日7000 包全天,19538865,伯樂,,中山區,25.05105,121.52424,Entire home/apt,6286,1,0,,,3,364,0,
51964077,特價 隨機獨立房間 藍線捷運1分鐘 台北車站 不可挑選房和床,23097622,Miyo,,中正區,25.045305,121.525238,Shared room,1017,1,5,2023-12-18,0.17,16,5,0,
52060731,M610/XIMENDING/Taipei 101/MONTHLY PROMO 20%OFF!!!,221534550,Anne,,萬華區,25.02547,121.49799,Entire home/apt,1129,2,28,2024-09-14,0.73,48,90,10,
52097737,35% off monthly/Shilin MRT 5 min/Garden Apartment,236777678,Jack,,士林區,25.09679,121.52438,Entire home/apt,2503,5,14,2024-07-11,0.36,4,224,4,
52181447,Urban Oasis 城市綠洲微精品宅 C3,41825230,Ming-Jie,,中正區,25.04433,121.52993,Private room,1800,3,26,2024-04-29,0.71,4,211,8,
52181842,Urban Oasis 城市綠洲微精品宅 C2,41825230,Ming-Jie,,中正區,25.04275,121.53157,Private room,1700,2,33,2024-12-08,0.86,4,244,11,
52182896,C1 工業風套房  2-6人 洗脫烘,48399837,Urban Abode,,中正區,25.04698,121.51462,Entire home/apt,5751,2,28,2024-11-26,0.72,13,5,13,
52252059,MRT北門站《獨立房源★寧靜高樓》獨立洗衣機★有陽台,422869108,Eddison,,大同區,25.05042,121.51303,Entire home/apt,951,2,7,2022-02-21,0.19,1,244,0,
52261003,萬華精美店面當住辦也合適,49928658,Lilian,,萬華區,25.02477,121.49872,Entire home/apt,1850,365,0,,,2,365,0,
52330428,台北市德昌街美寓店面工作室可辦公住辦皆適合,49928658,Lilian,,萬華區,25.025362,121.499802,Entire home/apt,1500,365,0,,,2,365,0,
52339848,忠孝新生｜挑剔研究所  Good Eye Institute,21189809,Gloria,,大安區,25.04252,121.53484,Private room,,5,33,2023-04-13,0.85,1,364,0,
52431612,【陽光五人房】捷運善導寺1分鐘 ｜光華商場｜台北車站｜華山文創園區,23097622,Miyo,,中正區,25.045305252075195,121.52523803710938,Private room,3131,1,5,2024-01-01,0.13,16,5,1,
52436986,Near MRT1min Taipei Main Station mixed,23097622,Miyo,,中正區,25.045305,121.525238,Shared room,394,1,44,2024-12-17,1.24,16,5,14,
52538635,Ximen MRT 8 mins/ elevator/1 bdrm/big balcony,291283304,Naomi,,萬華區,25.0473,121.50529,Entire home/apt,2063,2,24,2024-12-25,1.10,31,264,9,
52551579,小米家-南京三民,221089274,Sammi,,大同區,25.0495,121.5189,Entire home/apt,1900,30,0,,,10,91,0,
52555354,信義區捷運永春站陽光loft,346656524,Ola,,信義區,25.03829,121.57545,Entire home/apt,3112,14,12,2024-12-01,0.44,21,116,3,
52667595,B2 空中花園 101 景觀套房,48399837,Urban Abode,,中正區,25.04848,121.51561,Entire home/apt,5237,2,8,2023-10-30,0.30,13,17,0,
52684236,A5_Boho Chic套房簡廚 洗烘一体 北車Z2出口,48399837,Urban Abode,,中正區,25.04651,121.51843,Entire home/apt,,2,48,2024-11-29,1.25,13,3,10,
52780849,F.西門捷運站旁書香套房/格局方正/24H保全/升學考試、個人工作室皆適合~[F],222411208,Zonghan,,萬華區,25.0398,121.50608,Private room,1437,30,0,,,6,40,0,
52782806,Element 隕｜4F兩床一衛/藝術聯名大陽台/行天宮廟捷運站/步行3分鐘有超市/餐廳/足部按摩店,470085516,Yang,,中山區,25.06097,121.52863,Entire home/apt,2557,2,87,2024-12-04,3.48,8,152,42,
52800836,Cosy Apt in front of Park; 3 minutes to MRT,10221270,Donna Ngai Yao,,大安區,25.025722946913376,121.53998853245972,Entire home/apt,7265,4,42,2024-12-15,1.15,4,350,19,
52915521,XIMENDING COZY FAMILY APARTMENT,31917261,Eva,,萬華區,25.0474,121.50773,Entire home/apt,2625,30,7,2024-06-12,0.19,7,220,1,
52983240,DH1 Taipei/MRT Ximen西門/7P/3Bedrooms 2Restrooms,137792557,Jacky,,萬華區,25.03797,121.50607,Entire home/apt,4734,14,3,2023-02-25,0.09,1,30,0,
53043788,西門町 絕佳採光標準雙人床獨立衛浴 唐吉訶德電影街 I Play Inn 愛玩客,78964777,I Play Inn,,萬華區,25.04474,121.50736,Private room,2264,1,30,2024-11-29,0.78,12,168,6,
53086866,川悅,55538888,Tony,,萬華區,25.03781,121.49786,Entire home/apt,3691,3,3,2024-04-07,0.08,1,181,1,
53266572,西門 Ximen 捷運步行4分鐘，高樓層好安靜- Ur home away from home,71287866,Charles,,萬華區,25.04273,121.50422,Entire home/apt,2261,4,83,2024-12-28,2.83,1,66,46,
53351002,師範大學NTNU/台灣大學NTU台電大樓捷運站古亭捷運站,52064270,Celine,,中正區,25.0263,121.52228,Entire home/apt,2086,5,12,2024-07-29,0.49,10,363,3,
53351231,A designer and writer’s home in central Taipei,1413951,Jill,,大安區,25.03524,121.53657,Entire home/apt,4462,200,0,,,1,362,0,
53368573,＊７min MRT w bathtub｜Spacious Kitchen｜LK164,242730194,Kolette,,信義區,25.03957,121.57996,Entire home/apt,,30,18,2024-11-05,0.50,67,0,6,
53482153,[全面消毒 安心入住] 天母小清新兩房(月租),279591429,Taipei,,士林區,25.10426,121.52481,Private room,1243,30,2,2023-03-17,0.09,16,314,0,
53482756,天母1樓1房 1廳1衛 (月租),279591429,Taipei,,士林區,25.10579,121.52706,Private room,1786,30,0,,,16,329,0,
53594149,合租公寓中的獨立套房～適合中長期洽公、考試的短暫停留～簡約設計中給你家的溫暖,56532738,Jesse,,內湖區,25.07463264465332,121.61247253417969,Private room,1013,30,13,2024-09-14,0.35,11,90,4,
53619835,近北車台北雄棧 Taipei Bear House,434212733,Tina,,萬華區,25.035341,121.50248,Entire home/apt,10857,1,8,2024-01-06,0.31,1,85,2,
53635027,北車【日野苑】高級雙人房 附單人浴缸,434338280,日野苑,,中正區,25.04681,121.51404,Private room,,1,9,2024-11-01,0.32,5,212,2,
53635147,Xinyi Apartment,35214157,正庭,,信義區,25.03954,121.57352,Private room,,1,0,,,1,339,0,
53711559,◈全新裝潢◈台北車站Taipei Mainstation經濟房#洗烘衣機#微波爐#飲水機#24H櫃台,434338280,日野苑,,中正區,25.046211,121.5131,Private room,2992,1,1,2023-01-06,0.04,5,239,0,
53726879,Mix bed  Shandao Temple MRT 1minTaipei Station,387158168,Passage,,中正區,25.04589,121.52434,Shared room,572,1,24,2024-10-08,0.65,4,5,5,
53850082,White Neo Classic 101 View Studio / Balcony,48399837,Urban Abode,,中正區,25.04697,121.51671,Entire home/apt,5580,2,38,2024-06-12,1.47,13,11,11,
53854408,kiLi小窩,341991628,Emily(宜靜)-台灣肥皂清潔劑,,北投區,25.136894350061826,121.50388751435976,Private room,1857,1,0,,,1,364,0,
53871538,大安師大精緻公寓套房,188307715,Connie,,中正區,25.02309,121.52472,Private room,16405,28,0,,,1,365,0,
53943067,台北車站Taipei Mainstation標準雙人房#洗烘衣機#微波爐#飲水機#24H櫃台,434338280,日野苑,,中正區,25.046211,121.5131,Private room,3302,1,17,2023-07-26,0.60,5,249,0,
53943179,台北車站Taipei Mainstation豪華雙人房附大浴缸#洗烘衣#微波爐#飲水機#24H櫃台,434338280,日野苑,,中正區,25.04529,121.51356,Private room,4183,1,1,2023-05-25,0.05,5,247,0,
53943221,全新開幕 # 北車【日野苑】日野苑行政浴缸雙人房,434338280,日野苑,,中正區,25.04695,121.51387,Private room,4476,1,1,2024-08-23,0.23,5,240,1,
54015309,台北都會中心大安區文青公園寬敞舒適宅，MRT6分鐘,52064270,Celine,,大安區,25.01886,121.53261,Entire home/apt,3332,7,14,2024-11-26,0.50,10,269,5,
54030098,Cosy apartment for Backpackers,300231534,凱若,,松山區,25.057,121.56412,Private room,469,30,9,2024-11-30,0.43,2,173,6,
54149121,ew5,438984915,Chin,,中山區,25.06075,121.52222,Entire home/apt,2436,30,1,2022-02-18,0.03,27,181,0,
54232272,寧靜窩 - Serenity Nest,60824771,Edmond,,松山區,25.0581502,121.5644799,Entire home/apt,3300,30,17,2024-09-29,0.88,1,83,7,
54233586,Spacious bright doublebed room NTNU,130827969,Wenchi,,中正區,25.04291,121.51937,Private room,600,30,3,2024-08-17,0.09,61,162,1,
54375285,Taipei MRTGuting3R/NTNU/NTU/NTUST,52064270,Celine,,中正區,25.0224914,121.5235407,Entire home/apt,2805,14,0,,,10,271,0,
54375288,湖畔旁一樓三房兩衛（新！），近捷運、超商、夜市等。（有影片！）,52064270,Celine,,內湖區,25.07985,121.57799,Entire home/apt,3674,1,11,2024-07-03,0.46,10,143,7,
514294622514890301,NTNU NTU台大師大夜市綠景超大房@MRT台電大樓站/月租,23437247,Young,,大安區,25.0248709,121.529549,Private room,,40,0,,,35,0,0,
532849297105498565,[短租單人套房210] 近天母運動公園與新光三越，交通周邊便利，本人可輕鬆入住,433759333,泓銘,,士林區,25.11744,121.53448,Private room,800,5,4,2024-12-26,0.20,1,148,3,
543128115053691489,旅家雅舍12AB＠5B3B新裝潢高樓層 古亭站5分鐘 師大永康商圈,104979863,Frank,,中正區,25.02461,121.52358,Entire home/apt,10429,3,22,2024-12-01,1.08,15,289,17,
546409692310722784,BR06GREENHome,4299066,思騰,,大安區,25.01889,121.55797,Entire home/apt,3000,4,1,2024-08-14,0.21,4,5,1,
548127025278703399,Eastern District of Taipei,10378619,Xumu,,松山區,25.04591,121.55289,Entire home/apt,,2,1,2023-04-30,0.05,9,270,0,
548192714838912671,（季租/年租）煙火區101腳程三分鐘時尚公寓/捷運五分鐘/夜市/獨立房間，分享客廳、,401253145,彥怡,,信義區,25.027364348807524,121.56254907312557,Private room,1057,1,21,2024-12-22,0.78,13,91,12,
553799356522154464,"Taipei NTNU/NTU( 1min Taipower MRT,Shida market)1F",221534550,Anne,,中正區,25.02077,121.52695,Entire home/apt,1143,2,34,2024-12-17,1.10,48,71,16,
556665441929277531,Character Loft2 Next to Taipei 101 月租,4431273,Sai,,信義區,25.03162,121.55783,Entire home/apt,,2,8,2024-08-22,0.26,19,0,1,
557085721794735997,Nwe6,438984915,Chin,,中山區,25.06257,121.52449,Entire home/apt,2335,30,5,2023-01-04,0.14,27,181,0,
557095179331495232,折起/08,438984915,Chin,,中山區,25.06032,121.52475,Entire home/apt,2235,30,1,2022-02-09,0.03,27,91,0,
558916297882079871,台大NTU*公館捷運站 Gongguan MRT金石堂東南亞戲院採光雙人床分租大雅房,23437247,Young,,中正區,25.020721,121.525917,Private room,,30,1,2024-01-21,0.09,35,0,1,
565300611287015148,Co-living & working space with a river view.,657376,Taipu,,南港區,25.06371,121.61446,Private room,850,180,0,,,3,365,0,
565335882602857660,（30天月租套房）西門町捷運站旁紅樓廣場7-11超商旁1mins,260936150,文煌,,萬華區,25.04171,121.5055,Private room,993,30,0,,,5,87,0,
565768401643478178,中山國小站4，綠能通風✔讓旅行不在只是旅行✔免爬樓梯✔氣密窗✔月租5折起✔,438984915,Chin,,中山區,25.06017,121.52477,Entire home/apt,2436,30,8,2023-06-01,0.23,27,181,0,
566890490180954797,Art Apt in 8min to Taipei 101 MRT and night market,26797662,Ahsho,,信義區,25.02967,121.55797,Entire home/apt,2857,5,9,2024-12-17,0.46,1,178,4,
567678549079369941,全新裝潢採光足視野景觀佳，近南港展覽館,446267375,上華,,內湖區,25.05955,121.58511,Entire home/apt,5910,2,15,2024-04-15,0.55,1,31,2,
569237303659878526,Riverside Apt to bring you luck.,657376,Taipu,,南港區,25.0637,121.61471,Private room,850,365,0,,,3,365,0,
569243179904948352,Suite with co-working & living style & riverview,657376,Taipu,,南港區,25.06372,121.61473,Private room,1200,180,0,,,3,365,0,
569884454721696943,中山國小站4，綠能通風✔讓旅行不在只是旅行✔免爬樓梯✔氣密窗✔月租5折起✔,438984915,Chin,,中山區,25.0604,121.52417,Entire home/apt,2336,30,2,2023-05-28,0.06,27,90,0,
572703530650188644,整棟三層近松山機場、最多六人、長租價格 Travellers Friendly!,26288480,Jimmy,,松山區,25.05713,121.54449,Entire home/apt,8786,2,20,2022-08-19,0.60,1,343,0,
574078366675456937,Taipei H2 / Cosy Apartment / Ximen MRT 3 min!!!,221534550,Anne,,萬華區,25.0401,121.50684,Entire home/apt,1400,2,41,2024-11-30,1.26,48,79,17,
574198828194907178,月租34%優惠/sunset藝術家避世所  月租優惠* /高樓層河景/頂級豪宅陽台花園/古亭捷運夜市,21909256,Szuting,,中正區,25.02144,121.51846,Entire home/apt,3707,1,109,2024-12-29,3.94,3,190,36,
574259510657065715,Cozy 101  MRT TaipeiCityHall 1-4 ppl 獨立衛浴,83171395,Loro,,信義區,25.04546,121.56653,Entire home/apt,1229,3,5,2024-11-26,0.76,9,145,5,
575699843708533479,西門復古懷舊風情,253795520,小邱,,萬華區,25.04376,121.5039,Private room,857,1,251,2024-12-22,7.41,2,265,87,
577085899875303886,"City Center Suite, Bed+Bath, Quick Walk to Metro",232009663,Annie,,中山區,25.06627,121.5315,Entire home/apt,1328,90,7,2022-08-29,0.20,1,163,0,
577259487465118795,捷運雙連&中山 走路約10分鐘 |獨立四人套房 陽台洗衣機 獨立乾濕分離衛浴(A),233073725,Noodle,,中山區,25.05461,121.52559,Entire home/apt,3086,1,9,2024-12-08,1.61,7,54,9,
577267745089165185,捷運雙連&中山 走路約10分鐘 |獨立四人套房 獨立乾濕分離衛浴(C),233073725,Noodle,,中山區,25.05479,121.52462,Entire home/apt,3086,1,1,2022-03-10,0.03,7,54,0,
581339113964333532,捷運雙連&中山 獨立兩人溫馨套房 陽台洗衣機 獨立乾濕分離衛浴(B),233073725,Noodle,,中山區,25.05528,121.52443,Entire home/apt,2263,1,8,2023-12-21,0.25,7,64,0,
583001072923248804,捷運旁.24小時安全管理.近台北101,31497039,Cheng,,大安區,25.024926174875823,121.5529365465045,Entire home/apt,2420,1,32,2024-12-08,1.44,1,363,21,
583067321148967409,Boutique Private studio,449664424,Janet,,大同區,25.0545,121.5141,Private room,,3,17,2024-04-08,0.50,11,363,3,
584397169228651241,台北車站 五鐵共構 酒店式公寓  京站花園廣場 食衣住行超便利 出差遊學旅遊好選擇(1-4人）,36236385,Amy,,大同區,25.04973,121.51717,Entire home/apt,1689,30,15,2024-12-06,0.49,1,269,8,
584965920791848091,捷運後山埤 2分鐘/TAIPEI 101/信義商圈/南港展覽館/寵物友善/舒適採光/2-4人,83670123,Apple,,信義區,25.044494939787313,121.58103715768762,Private room,1124,4,53,2024-12-11,1.63,3,75,17,
584987073519906652,＊４min MRT＊Sunlight flat w kitchen｜300Mb WiFi｜DN33A,242730194,Kolette,,大安區,25.04181,121.54679,Entire home/apt,3999,30,24,2024-12-05,0.71,67,121,8,
585354074023616622,Da-an MRT Brand New Cozy Loft 捷運大安站靜巷全新挑高房,450151686,Gin,,大安區,25.035501,121.542419,Entire home/apt,2500,30,8,2024-08-17,0.32,5,353,1,
585594807835520946,溫泉會館裡的豪華家庭房-不含早餐,128064594,ChiaoBing,,北投區,25.136108657302373,121.51282865311914,Private room,8429,1,0,,,6,144,0,
585594887046717747,溫泉會館裡的豪華雙人房-不含早餐,128064594,ChiaoBing,,北投區,25.13557,121.51301,Private room,5286,1,1,2022-04-07,0.03,6,133,0,
586049306480937872,Luxury Room in center of Taipei_Private studio,449664424,Janet,,大同區,25.05488,121.51246,Private room,1390,1,17,2024-12-31,0.51,11,361,8,
586049538291581878,Beauty and Private studio in central Taipei,449664424,Janet,,大同區,25.05498,121.51191,Private room,1590,1,20,2024-10-20,0.61,11,362,3,
588578447165226770,Studio Apartment2 with city Views,4431273,Sai,,信義區,25.03081,121.55862,Entire home/apt,,2,4,2023-12-27,0.13,19,0,0,
588587947911203277,Relaxed Loft2 with kitchen and laundry,4431273,Sai,,信義區,25.02949,121.55841,Entire home/apt,,2,6,2023-12-29,0.18,19,0,0,
592179386940120956,The Denizen  |  Boutique Serviced Apartment,451562631,The Denizen,,大安區,25.028332,121.551895,Entire home/apt,6288,365,2,2024-03-10,0.10,3,27,1,
595099964731233345,NEW M916 /XIMENDING/Taipei 101/MONTHLY PROMO!!!,221534550,Anne,,萬華區,25.04548,121.50487,Entire home/apt,1186,2,30,2024-12-08,0.94,48,89,5,
595198913752338079,Daan Park 3bedrooms elevator apartment,277278670,Garden,,大安區,25.03602,121.53891,Entire home/apt,5643,5,18,2024-11-23,0.60,14,353,6,
597355672309763856,大安區師大台電大樓MRT寧靜安全現代公寓,52064270,Celine,,大安區,25.02255,121.53028,Entire home/apt,2545,28,3,2024-01-27,0.15,10,262,1,
598418091492374057,Taipei國語日報三房NTU/NTNU/NTUST/Taipower Building MRT,52064270,Celine,,大安區,25.0229,121.52736,Entire home/apt,3117,14,7,2024-07-22,0.36,10,196,3,
599566144826569048,503 Cute room near Songjiang Nanjing MRT,315964087,Lynn,,中山區,25.0514,121.53409,Private room,1566,1,39,2024-12-08,1.30,10,361,6,
603149787093760445,The Denizen | Boutique Serviced Apartment,451562631,The Denizen,,大安區,25.028332,121.551895,Entire home/apt,,7,1,2023-11-11,0.07,3,66,0,
603206616203878856,The Denizen | Boutique Serviced Apartment,451562631,The Denizen,,大安區,25.028332,121.551895,Entire home/apt,5855,14,3,2023-02-12,0.12,3,38,0,
603212115285005212,S718 Shinlin Jiantan District MRT 5min / 20% PROMO,453709970,Bella,,士林區,25.0878,121.52253,Entire home/apt,1200,2,25,2024-09-17,0.93,31,65,8,
606150273343087319,S719 Shinlin Jiantan District MRT 5min / 20% PROMO,453709970,Bella,,士林區,25.08739,121.52287,Entire home/apt,1129,2,23,2024-06-03,0.71,31,74,4,
606370905925420331,Ximending/NightMarket/MRT Houshanpi,83670123,Apple,,信義區,25.044973696351658,121.57964344554402,Private room,1253,4,4,2024-02-15,0.14,3,56,1,
607392027274830714,Bright Studio2 corner condo with big windows,4431273,Sai,,信義區,25.03122,121.55849,Entire home/apt,,4,7,2023-12-10,0.30,19,0,0,
607424808505975318,Studio Apartment 22 with big windows.,4431273,Sai,,信義區,25.03069,121.55861,Entire home/apt,,2,3,2023-12-19,0.12,19,0,0,
607988525046664723,(6-14)空間出租/攝影/廣告/婚紗/外拍/型錄/活動,454893635,Tim,,萬華區,25.0437,121.50507,Entire home/apt,5314,1,38,2024-12-27,1.34,6,47,14,
608237838734598375,Classic Loft2 next to Taipei 101,4431273,Sai,,信義區,25.03154,121.55872,Entire home/apt,,2,11,2023-12-28,0.34,19,0,0,
611105690830189126,溫泉會館裡的標準雙人房-不含早餐,128064594,ChiaoBing,,北投區,25.13602,121.51287,Private room,4214,1,1,2023-01-01,0.04,6,138,0,
611112364009512307,溫泉會館裡的標準小型家庭房-不含早餐,128064594,ChiaoBing,,北投區,25.1361,121.51286,Private room,5286,1,0,,,6,108,0,
614112087293818612,510 古典中式風格套房 松江南京站  1 bedroom in central city,315964087,Lynn,,中山區,25.04969,121.53288,Private room,1609,1,38,2024-12-16,1.29,10,178,8,
620114543646605444,[Backpacker1]綠能通風 讓旅行不在只是旅行✔Foreigner-friendly✔,438984915,Chin,,中山區,25.06228,121.52453,Entire home/apt,3665,30,1,2022-05-06,0.03,27,91,0,
620131721912637472,[Backpacker1]全心房源 簡約打造最舒適的家✔Foreigner-friendly✔,438984915,Chin,,中山區,25.06326,121.52186,Entire home/apt,5777,30,0,,,27,91,0,
621345722427642047,Free pick up service-捷運3分鐘-享看101夜景與露天大陽台（近信義商圈）,46621732,家齊,,信義區,25.04126,121.5789,Entire home/apt,3029,2,73,2024-12-30,2.93,4,132,28,
628052701577184108,"【享家 • 石牌一館】士林, 石牌, 北投地區工作/求學的朋友們，全新共居生活體驗等著你喔！",63083993,Sandy,,北投區,25.11337,121.51653,Private room,530,80,0,,,3,307,0,
629276420724742543,溫馨位於台北市中心的雅房 Lovely room in central Taipei,459660774,Christopher,,大安區,25.02274,121.54965,Private room,1524,1,47,2024-12-29,1.52,1,84,12,
629894522423264166,Wenshan house,28033085,I Ting,,文山區,24.991213346161555,121.54755801535869,Private room,1000,1,3,2024-08-25,0.41,1,255,3,
631930303364678555,Walk to TAS/TES Shopping & MRT *Long Term ONLY,12736567,Sherry,,士林區,25.108467,121.523567,Entire home/apt,2500,365,0,,,1,365,0,
632289045924174760,"En-Suite room with a double bed,  Ximen/ZhongZheng",460304970,Hostel,,中正區,25.045296,121.512604,Private room,,1,8,2024-05-12,0.29,9,181,1,
632364417150708971,Spacious 2-Bed Home in Shida Market great location,148282119,Paul,,大安區,25.023735,121.529442,Entire home/apt,3047,4,68,2024-12-17,2.18,2,81,25,
634380548147047814,Slow Down內湖簡約巷弄公寓 內湖捷運站旁，近大湖及碧湖公園，距無敵景觀的碧山巖僅需5分鐘車程,5192655,Henry,,內湖區,25.083587789621014,121.59346774063616,Entire home/apt,4500,7,16,2024-12-23,0.63,1,255,6,
638247711519467392,"En-Suite room with 4 single beds, Ximen/ZhongZheng",460304970,Hostel,,中正區,25.04489,121.51379,Private room,,1,5,2024-12-29,0.16,9,125,1,
638252082882106842,"En-Suite room with 2 double beds, Ximen/ZhongZheng",460304970,Hostel,,中正區,25.04489,121.51359,Private room,3857,1,4,2024-12-23,0.17,9,145,2,
638256181307293063,"EnSuite room with 2 single beds, Ximen/ZhongZheng",460304970,Hostel,,中正區,25.04629,121.51214,Private room,2986,1,3,2024-08-25,0.10,9,159,1,
638259421357519031,"2 single beds, shared  bathroom, Ximen/ZhongZheng",460304970,Hostel,,中正區,25.04645,121.51304,Private room,,1,5,2024-11-18,0.21,9,156,1,
638265716430856737,"2 single beds, shared bathroom &  chill out space",460304970,Hostel,,中正區,25.04627,121.51233,Private room,1757,1,9,2024-02-17,0.39,9,170,2,
638270422634514192,"2 single beds, shared bathroom / City view",460304970,Hostel,,中正區,25.04638,121.51333,Private room,1857,1,2,2024-01-31,0.10,9,173,1,
638274417156399696,"Private room with 4 single beds, shared bathrooms",460304970,Hostel,,中正區,25.04417,121.51226,Private room,,1,20,2024-10-17,0.65,9,148,12,
638278027588594255,"Triple room, shared bathroom & chill out space",460304970,Hostel,,中正區,25.04625,121.51346,Private room,,1,7,2024-12-09,0.30,9,151,3,
638309981889663516,Cozy shared house in central Taipei,25246943,Laurent,,大安區,25.03798725453298,121.54769666120951,Private room,1207,35,1,2023-07-15,0.06,5,355,0,
638931724930557209,S1015 / Shinlin / Jiantan MRT 5 min promo!!!,453709970,Bella,,士林區,25.08743,121.52363,Entire home/apt,1629,2,22,2024-09-01,0.72,31,87,6,
640442340503577089,1 min 捷運陽光住宅 寵物友善 限月租,462210664,Lucy,,中山區,25.06382,121.52734,Entire home/apt,1925,30,14,2024-03-17,0.52,8,211,2,
640779953090654692,Nice & Quite Studio In Town內湖/大直,407612,Chester,,內湖區,25.090545528167628,121.56015768498507,Entire home/apt,2157,60,7,2023-03-25,0.25,1,358,0,
643618390826795095,Shilin District Area for one day trip !,1391908,Joyce,,士林區,25.11736,121.57485,Entire home/apt,3643,1,1,2022-10-10,0.04,1,365,0,
644744223746003845,friendly,438984915,Chin,,中山區,25.06129,121.52412,Entire home/apt,3282,30,0,,,27,91,0,
644925084925117398,西門町(4-10 persons)空間出租/攝影/廣告/婚紗/外拍/型錄/活動,454893635,Tim,,萬華區,25.04222,121.50709,Entire home/apt,3314,1,106,2024-12-27,3.53,6,29,38,
644934431503211688,西門町(2-8)空間出租/攝影/廣告/婚紗/外拍/型錄/活動,454893635,Tim,,萬華區,25.04169,121.50626,Entire home/apt,3143,1,40,2024-11-11,1.35,6,48,8,
644938150695603541,西門町(2-6)空間出租/攝影/廣告/婚紗/外拍/型錄/活動,454893635,Tim,,萬華區,25.04327,121.50686,Entire home/apt,3143,1,27,2024-09-15,0.92,6,48,5,
644941598518737548,西門町(12-22)空間出租/攝影/廣告/婚紗/外拍/型錄/活動,454893635,Tim,,萬華區,25.04386,121.50567,Entire home/apt,10286,2,59,2024-12-30,2.32,6,113,32,
644944205779333886,西門町(10-14)空間出租/攝影/廣告/婚紗/外拍/型錄/活動,454893635,Tim,,萬華區,25.0419,121.50686,Entire home/apt,6743,1,11,2024-09-01,0.38,6,27,3,
645998241288036886,迪化街藝文時尚空間、廚房、衛浴(住五人) 90平方米 Art&Fashion suite,189269698,James,,大同區,25.05445,121.51022,Entire home/apt,4100,1,27,2024-12-15,1.42,1,360,14,
646569965168592339,friendly,438984915,Chin,,中山區,25.06281,121.52224,Entire home/apt,3702,30,1,2024-01-25,0.09,27,181,1,
646623352676569169,Foreign,438984915,Chin,,中山區,25.06344,121.52268,Entire home/apt,3986,30,0,,,27,181,0,
647410287754877444,中正區河堤老宅,111274767,舜鈞,,中正區,25.01735,121.52375,Shared room,850,3,33,2024-11-30,1.31,1,353,16,
648931913187650395,[Loft Taipei] 3 mins to MRT｜高樓層景觀窗｜舒適設計,47885711,Hank & Leo & Ruby,,中正區,25.04532,121.51236,Entire home/apt,2789,3,44,2024-12-11,1.52,4,248,15,
651306881198475509,511 one-bedroom in city center 2 minutes to MRT,315964087,Lynn,,中山區,25.05202,121.53356,Private room,1409,1,75,2024-12-16,2.46,10,171,21,
653868256239311117,friendly,438984915,Chin,,中山區,25.06199,121.5249,Entire home/apt,3338,14,1,2023-04-22,0.05,27,181,0,
654004553706430946,＊１minMRT ｜200M Wi-fi  w Sunlight &Elevator｜ZX183B,242730194,Kolette,,大安區,25.04114,121.55018,Entire home/apt,3278,30,14,2024-09-09,0.47,67,166,4,
654214816422260496,"JoveNest@ShilinMRT(Ind.Bath)士林夜市旁,乾淨,舒適的套房(獨立衛浴)",4762726,FuJen,,士林區,25.09373,121.52107,Private room,,30,17,2024-06-01,0.57,7,0,2,
655449497320544980,BEST*w 200M Wifi｜1min MRT Zhongxiao Dunhua｜ZX183A.,242730194,Kolette,,大安區,25.04075,121.5506,Entire home/apt,3990,30,14,2024-11-10,0.51,67,164,4,
656508074691477793,溫馨舒適24小時保全樓中樓,34883867,Angel,,萬華區,25.043648044523458,121.5041109547019,Entire home/apt,,6,0,,,1,88,0,
657788133856790379,[New07]1分鐘,438984915,Chin,,中山區,25.06402,121.52666,Entire home/apt,3899,30,4,2023-03-25,0.14,27,181,0,
659126174013366732,近台北車站溫馨2房雙衛可住多人整層公寓,41548202,Alpha,,中山區,25.04932,121.5263,Entire home/apt,2484,2,36,2024-12-01,1.56,2,95,23,
659591536555392305,508 one-bedroom in hotel in city center near MRT,315964087,Lynn,,中山區,25.05184,121.53273,Private room,1551,1,61,2024-11-17,2.00,10,344,15,
660756398445824764,[New07]中山國小站／１分鐘捷運／電梯／通風採光／晴光商圈／林森商圈／Foreigner✔,438984915,Chin,,中山區,25.06194,121.52849,Entire home/apt,3934,30,2,2023-04-27,0.07,27,181,0,
664230264721654781,Breeze Center/24hr Concierge/Personal Butler/Park,298910458,Ariel,,松山區,25.047306,121.547028,Entire home/apt,1664,25,6,2024-05-08,0.21,25,351,2,
664875548876406535,獨立使用廚房衛浴洗脫烘一房一廳在中正區近台大,467909945,瑞美,,中正區,25.01647,121.52929,Private room,,30,5,2024-09-27,0.18,4,180,1,
664944262083918209,Breeze Center/24 desk/Personal Butler/Central TPE,298910458,Ariel,,松山區,25.0479,121.54619,Entire home/apt,1591,25,3,2024-07-28,0.13,25,322,1,
665557031941994592,獨立專屬衛浴陽光又溫馨的一房一廳在中正區近台大,467909945,瑞美,,中正區,25.01705,121.52801,Private room,,30,13,2024-11-01,0.45,4,148,6,
666491518788314510,Foreign3,438984915,Chin,,中山區,25.06127,121.52528,Entire home/apt,3966,30,3,2023-08-04,0.10,27,181,0,
666812243213352523,西門捷運站Delux@Ximen MRT超值採光兩房一廳/月租,23437247,Young,,萬華區,25.04353626070894,121.50395471602677,Entire home/apt,,30,0,,,35,0,0,
667964819540426990,全新信義區小豪宅/安全/少住戶/ 管理員/家電齊/頂樓花園,18221907,Susan,,信義區,25.049192389799067,121.57237513199156,Entire home/apt,1851,21,22,2024-12-22,0.88,3,155,13,
669821836622484365,Meaw for traveler / 202 Monthly Rental  位在市中心，雙捷運站,289060981,Yuwen,,大同區,25.049291385965795,121.51963625103235,Private room,3229,3,9,2024-11-05,1.35,14,244,9,
670103698863156222,火車站捷運站走一分鐘/高速WiFi/洗衣機飲水機/台北101/饒河街夜市/獨立衛浴/河濱運動公園,28596044,Momo,,信義區,25.04935,121.57603,Entire home/apt,1739,9,12,2024-12-17,0.46,13,360,6,
670103740204006103,火車站捷運站走一分鐘/高速WiFi/洗衣機飲水機/台北101/饒河街夜市/獨立的衛浴/河濱運動公園,28596044,Momo,,松山區,25.04959,121.57541,Entire home/apt,1739,9,3,2024-11-13,0.12,13,363,2,
670180657736890309,Taipei Rent Yellow Room 3F-2,110556206,Sally,,大安區,25.02458,121.53074,Private room,,365,0,,,5,89,0,
671576731217735153,Minimalist Luxury Home/by 101（monthly accept),143088950,Andrew,,大安區,25.03212,121.5512,Entire home/apt,9667,10,25,2024-12-12,0.93,1,327,4,
672106414675200448,Taipei Rent Green Room 3F-2,110556206,Sally,,大安區,25.02303,121.52903,Private room,,365,1,2024-01-07,0.08,5,89,1,
672112171534218626,Taipei Rent Red Room 3F-2,110556206,Sally,,大安區,25.0235779,121.529879,Private room,,365,1,2024-08-10,0.21,5,89,1,
672892756922332037,大安區套房5B~簡約設計風，麟光捷運站40公尺，採光通風佳,48973968,怡穎,,大安區,25.01837,121.55727,Private room,600,7,0,,,24,91,0,
672984029031998740,大安區套房5A~簡約設計風，麟光捷運站40公尺，採光通風佳,48973968,怡穎,,大安區,25.01824,121.55725,Private room,749,28,0,,,24,82,0,
673041255012263804,中正區溫馨C套房！廚房客廳通通都有,48973968,怡穎,,中正區,25.0311,121.51992,Private room,701,7,0,,,24,350,0,
673741797107840347,Amazing Golden Rain Tree view Home,53903691,Amazing Home,,松山區,25.04918,121.56305,Entire home/apt,6563,5,58,2024-12-19,2.01,5,171,24,
674176281975643357,城景經典雙人房,470286343,日光拾玖,,中正區,25.04606,121.51455,Private room,,1,1,2022-09-10,0.04,6,226,0,
674309469108588722,Views Studio2 with amazing view of Taipei 101,4431273,Sai,,信義區,25.02989,121.55868,Entire home/apt,4092,6,12,2024-12-19,0.51,19,180,9,
674328595364570660,Breeze Center/24 desk/Personal Butler/Central Tpi,298910458,Ariel,,松山區,25.04777311497142,121.54803708367727,Entire home/apt,902,25,5,2024-06-11,0.21,25,329,3,
674330602907373164,Breeze Center/24hr Concierge/Personal Butler/Park,298910458,Ariel,,松山區,25.04635712810929,121.54682776778309,Entire home/apt,1384,25,7,2024-03-31,0.25,25,327,2,
674898131989312579,最好的出差房源/華山文創區<住辦>大套房/設備齊全,383714739,Mandy黃SaycHouse,,中山區,25.05032,121.52605,Private room,950,20,3,2023-08-21,0.10,16,271,0,
675066457645566078,信義區捷運溫馨套房,196097063,Kelly,,信義區,25.04363,121.57341,Entire home/apt,1343,14,10,2024-11-26,0.35,1,61,6,
675628990624711206,Jensen NVDA Monthly Apartment MTC NTNU and NTU,17148416,Philips,,大安區,25.022968882146845,121.52792121557236,Entire home/apt,30000,31,1,2024-11-24,0.79,10,231,1,
675629054694787610,Elon SpaceX Monthly NTNU MTC Shida NTU NTUST,17148416,Philips,,大安區,25.02228315481352,121.52798038054831,Entire home/apt,,320,0,,,10,211,0,
676314744320589919,城景豪華雙人房,470286343,日光拾玖,,中正區,25.04517,121.5166,Private room,,1,0,,,6,225,0,
676316945730805739,城景高級三人房,470286343,日光拾玖,,中正區,25.04713,121.51673,Private room,5288,1,0,,,6,228,0,
676320769749369627,城景高級四人房,470286343,日光拾玖,,中正區,25.04652,121.51693,Private room,5210,1,0,,,6,219,0,
676322031131984077,城景高級雙人房,470286343,日光拾玖,,中正區,25.04519,121.51663,Private room,,1,2,2022-10-03,0.07,6,227,0,
676323849884029787,標準雙人房,470286343,日光拾玖,,中正區,25.04517,121.51496,Private room,3062,1,1,2024-05-26,0.14,6,242,1,
677089535704769382,Breeze Center/24 desk/Personal Butler/Central Tpi,298910458,Ariel,,松山區,25.047306,121.547028,Entire home/apt,1187,25,8,2024-05-02,0.31,25,328,2,
678148533379699103,【多人派對聚會空間】 台北車站咖啡館三樓挑高樓中樓 – 私人包場/攝影棚/派對空間,72452843,Nana,,中正區,25.0442539,121.5160275,Entire home/apt,7971,1,61,2024-12-26,2.13,3,167,17,
679334111960102780,師大市中心的夢幻玻璃樹上茶屋,3365412,Marina,,大安區,25.02295,121.53087,Entire home/apt,2143,46,10,2023-01-01,0.34,1,91,0,
679518804820786416,MRT 7min/知名美食街/流理台沙發/全自動洗脫衣機/冷暖空調,383714739,Mandy黃SaycHouse,,中山區,25.051440947167343,121.52715783566236,Private room,1000,30,2,2024-04-20,0.17,16,347,2,
680828437763533742,New 3 bed fully furnished apt next to Da'an Park,7970386,Fun Taiwan Home,,大安區,25.03341,121.53114,Entire home/apt,6720,6,13,2024-12-27,0.47,7,180,10,
684278933410633890,老樹屋@Divine.apt｜東區信義區聚會場地租借｜慶生｜有貓｜攝影棚｜拍攝｜party,60737664,Bingo,,大安區,25.04063,121.55496,Entire home/apt,,1,7,2023-12-25,0.24,7,90,0,
684411735813733700,S1118 / Shinlin / Jiantan MRT 5 min promo!!!,453709970,Bella,,士林區,25.08929,121.52285,Entire home/apt,1271,2,34,2024-12-02,1.18,31,76,16,
687122858829855081,師大夜市採光獨立美套房近台大師大/台電大樓捷運站3分鐘,23437247,Young,,大安區,25.0233268,121.5287202,Entire home/apt,,30,1,2024-08-23,0.23,35,0,1,
687388475327500363,𖥅【台北車站 西門町 北門】10人團體房-乾淨漂亮 交通方便,173321819,109Yang,,中正區,25.04535,121.51228,Private room,,1,8,2024-08-20,0.28,25,48,5,
687617866299476193,國父紀念館&忠孝敦化｜東區&近信義區｜背包床位｜有拉簾｜獨立廁所｜couchSurfing,60737664,Bingo,,大安區,25.03884,121.55646,Shared room,820,1,7,2024-02-06,0.25,7,3,1,
687812462523210555,Daan Park 2room elevator apartment,277278670,Garden,,大安區,25.0339,121.5377,Entire home/apt,6143,5,28,2024-12-25,1.00,14,354,11,
687948176724953464,"Tianmu 3 bedroom 112 Sqft, PM for duration request",15028922,Joey,,士林區,25.10921,121.5223,Entire home/apt,5143,7,12,2024-12-12,0.42,1,302,4,
688712177975977398,T5時尚優雅8-10人房/電梯/三房三衛/誠品/中山站/台北車站10分鐘,377191728,Kel,,大同區,25.05574,121.51744,Entire home/apt,6600,2,93,2024-12-15,3.31,13,142,34,
688736936440590337,J2/六人房/信義區101跨年煙火/台北101世貿8分鐘/三房二衛/通化夜市1分鐘/全聯,377191728,Kel,,信義區,25.02678,121.55654,Entire home/apt,,2,70,2024-12-16,2.76,13,174,31,
688828104267139090,X2-2/5-8人房/信義區/三房二衛/樓下有24H超商/雙線捷運/Taipei 101/新光三越,377191728,Kel,,信義區,25.03805,121.57385,Entire home/apt,11786,4,8,2024-12-16,1.47,13,166,8,
689519982404278943,X1/白色靜好別墅7-9人房/3房3衛/雙層公寓/信義百貨商圈/台北101/捷運101站7分鐘/公園,377297003,Chen,,信義區,25.0284,121.56444,Entire home/apt,5486,2,60,2024-12-12,2.48,10,162,26,
690058303235854534,[New05]中山國小／寬敞舒適／拎包入住／高樓風景／廚房設備／適合長期居住✔Foreigner✔,438984915,Chin,,中山區,25.06053,121.52641,Entire home/apt,3666,30,0,,,27,181,0,
690069831865169360,friendly/08,438984915,Chin,,中山區,25.06165,121.52481,Entire home/apt,2446,30,1,2023-05-06,0.05,27,181,0,
690082289821792986,New07,438984915,Chin,,中山區,25.06345,121.52836,Entire home/apt,3899,30,1,2022-09-17,0.04,27,181,0,
690401036581747766,ewe1,438984915,Chin,,中山區,25.062,121.52329,Entire home/apt,3366,30,0,,,27,181,0,
690820591296853606,W2/簡約4人房/1房1衛/信義區/跨年煙火/Taipei 101/MRT101/世貿站10分鐘,377297003,Chen,,信義區,25.02919,121.56144,Entire home/apt,4019,2,29,2024-12-13,1.18,10,174,17,
690955889699049256,J3/靜謐裸色11人房/四房二衛/101跨年煙火/通化夜市/捷運101站、六張犁站8分鐘/信義商圈,377297003,Chen,,信義區,25.0279,121.55866,Entire home/apt,7407,2,59,2024-12-16,2.45,10,154,35,
693336059359206247,g) 年租/月租/西門捷運3分鐘，採光佳，洗衣機高速連網全功能套房。適升學考試，公司員宿，出差商旅,222411208,Zonghan,,萬華區,25.04109,121.50603,Private room,1266,3,6,2024-12-11,0.72,6,162,6,
693846133972752412,走路2mins永春MRT捷運主要幹道「藍線」熱鬧的寧靜小區,52064270,Celine,,信義區,25.039161802847342,121.57446242255044,Entire home/apt,7481,1,44,2024-11-29,2.35,10,333,24,
694628974140465599,信義區101世貿站陽光loft,346656524,Ola,,信義區,25.03254,121.55896,Entire home/apt,3168,28,5,2024-10-10,0.26,21,111,3,
695090151889877568,獨立套房,4205055,Wooody,,萬華區,25.0407719,121.506922,Entire home/apt,1053,14,18,2024-12-23,0.66,1,301,7,
695274362980151781,《默默》01雅房｜3F無電梯｜台北車站MRT5分鐘｜京站｜中山區｜當代藝術館｜月租｜季租,44348358,Runji,,中山區,25.04971,121.52155,Private room,1275,2,16,2024-12-08,2.00,4,171,16,
695274372602715621,《沈默》02雅房|3F|無電梯｜台北車站MRT5分鐘｜誠品｜中山區｜新光三越｜月租｜季租,44348358,Runji,,大同區,25.050846977384193,121.51830285384165,Private room,1161,1,23,2024-12-23,2.79,4,164,23,
696162776957066534,2min MRT台北車站 / Home Inn 紐約時代2-4人 / 陽台大房!!,6263263,Shaun,,大安區,25.043,121.53473,Entire home/apt,1637,3,16,2024-12-10,0.65,3,356,2,
696897135220065762,3 min to MRT Liuzhangli/ Linjiang St. Night Market,21506709,Maggie,,大安區,25.02569,121.55062,Entire home/apt,2126,28,4,2024-03-11,0.16,27,75,1,
696915478516401794,3 min to MRT Liuzhangli/ Linjiang St. Night Market,21506709,Maggie,,大安區,25.0236,121.55071,Entire home/apt,2149,28,12,2024-11-22,0.72,27,68,8,
699384165538718624,高質感寧靜小豪宅 適合商務人士 步行距離美麗華影城/美福飯店/3分鐘劍南捷運/忠泰Noke,72409976,Hoi Li Sabrina,,中山區,25.08115,121.55437,Private room,4000,4,3,2023-03-13,0.11,1,363,0,
701004886049773403,8 捷運站旁交通方便的安靜套房,474252377,Ming Chun,,中正區,25.02027002403426,121.52735732495785,Entire home/apt,2310,3,23,2024-12-20,0.98,9,85,8,
701299807445830146,House C./ COZY/樓中樓/台北車站/中山地下街/3room 2bath/4F,91055284,樂樂,,大同區,25.04916,121.51527,Entire home/apt,6922,2,93,2024-12-13,3.34,5,120,46,
701969473272438726,交通便利採光通風全配傢俱,383714739,Mandy黃SaycHouse,,中山區,25.05259,121.52738,Private room,,30,11,2024-10-30,0.40,16,180,4,
702741926403310647,"Spacious master room/Share House/NTU,NTNU,Gongguan",18920780,Ann,,大安區,25.024804833699942,121.52950151906632,Private room,1100,28,4,2023-11-27,0.22,17,117,0,
703113419644514387,Near 101 Spacious Condo/市中心挑高舒適溫馨房,450151686,Gin,,信義區,25.03074,121.55856,Entire home/apt,2300,30,0,,,5,364,0,
703310987286860293,Zhongshan19 studio Monthly rent「中山19月租房」,24902689,Urban Suite,,中山區,25.059951628050932,121.5220495685935,Private room,1500,31,0,,,1,90,0,
703535284997320425,信義區/捷運藍線/電梯（一套房+ －起居室 ）捷運市府站9分鐘/有浴缸泡澡/短期月租/有冰箱微波爐,19216347,心誠,,信義區,25.0454643,121.5707477,Entire home/apt,1600,28,2,2023-07-25,0.09,35,293,0,
703940129692784348,台北市中心大安區永康街的大房間+私人單獨大浴室(只提供月租和年租）我提供合法租約喔！歡迎你！,174631961,Billy,,大安區,25.0304959,121.530778,Private room,950,30,5,2024-12-19,0.18,1,125,2,
704686504237754018,四平商圈附近,28431050,吉男,,中山區,25.0518,121.53642,Entire home/apt,600,30,2,2024-11-27,0.07,2,91,1,
706151883780829353,接機優惠Dec hot sale.永恆之感 滌蕩心境sogo dept mrt 1min10ppl,107844067,Debby,,大安區,25.04229,121.54104,Entire home/apt,3548,2,26,2024-12-01,0.92,14,153,8,
706733785865870510,"高樓河景|寵物及親子友善|近捷運Cozy Apt, River View, Near MRT",47606811,妍甄,,萬華區,25.03894,121.49789,Entire home/apt,2386,30,11,2024-12-27,0.43,1,363,8,
707799502221059077,Vanilla Studio - Dreamy space in the city.,88795,Tsu-I,,松山區,25.0480269,121.554054,Entire home/apt,1600,30,21,2024-09-01,0.76,1,266,9,
708410246517729999,［月租］絕佳便利！台北車站、中山站雙捷運交通便利/步行至台北京站，機場捷運A1/兩房一廳/近寧夏夜市,291283304,Naomi,,大同區,25.05123,121.5173,Entire home/apt,2845,2,61,2024-12-17,2.82,31,155,28,
709252807375274153,［月租］6 mins to MRT Aprt. 2-4ppl 台北京站中山雙捷運/兩房一廳/寧夏夜市,291283304,Naomi,,大同區,25.05206,121.51521,Entire home/apt,2391,2,80,2024-12-17,3.03,31,167,34,
710692628032365451,"鄰近2捷運站 師大 東門生活圈
套房",379945886,林,,大安區,25.02647,121.52343,Entire home/apt,2286,30,1,2023-11-04,0.07,1,365,0,
713787241931578092,JC Serviced Apts-comfy Loft style near MRT Dongmen,282776288,Jenny,,中正區,25.03535,121.52802,Entire home/apt,1742,29,0,,,10,180,0,
714165772860776576,接機優惠Dec hot sale.sogo the most prime location/精美絕倫,15706026,Atwood,,大安區,25.04142,121.54733,Entire home/apt,4472,2,33,2024-11-23,1.18,12,362,8,
714181964391902079,接機優惠 Dec hot sale 憩息催化劑/101 house 2BD,58666148,Cookie,,大安區,25.03182,121.55347,Entire home/apt,3342,2,28,2024-12-29,1.00,21,181,8,
715422680137717460,（季租/年租）五房最多住11人/捷運101旁3分鐘/桃花源整層樓梯公寓/夜市/百貨公司,401253145,彥怡,,信義區,25.0313,121.55916,Entire home/apt,10000,1,4,2024-03-31,0.18,13,91,1,
715436172168651314,（季租/年租）捷運五分鐘樓梯公寓/可加床入住至四人/分享客廳、浴室,401253145,彥怡,,信義區,25.02778,121.56613,Private room,1279,1,9,2024-12-29,0.37,13,89,2,
716277088192482239,火車站捷運站走一分鐘/高速WiFi/洗衣機飲水機/101百貨/饒河夜市/獨立的衛浴/河濱運動公園,28596044,Momo,,松山區,25.05077,121.57396,Entire home/apt,1729,9,1,2023-02-16,0.04,13,362,0,
716573734909516629,(B)Ximening Ximen Station 5分鐘、獨立門戶、洗衣機、對外窗、電梯～,53501011,Sally,,萬華區,25.04444743228732,121.50446447792618,Entire home/apt,1581,1,12,2024-11-07,0.58,13,335,4,
720607063522548171,（月/年租）千元有找，最多可住兩個成人的都會市中心獨立雅房（共用浴室）,401253145,彥怡,,信義區,25.02884,121.56372,Private room,1470,1,8,2024-11-21,0.29,13,180,3,
720648711829594394,T3 忠孝復興SOGO溫馨套房~月租,480399334,Candyyh,,大安區,25.041924,121.544373,Entire home/apt,695,30,7,2024-10-27,0.29,3,336,3,
720708919403928833,F4 SOGO忠孝復興溫馨套房~月租,480399334,Candyyh,,大安區,25.041924,121.544373,Entire home/apt,885,30,2,2023-12-05,0.09,3,358,0,
722180635223961083,Breeze Center/24hr Concierge/Personal Butler/Park,298910458,Ariel,,松山區,25.047306,121.547028,Entire home/apt,1438,28,6,2024-12-12,0.27,25,188,3,
722939569397108242,！看著星空入睡／私人(雙電子爐)/冷熱開飲機/全自動洗脫衣機),383714739,Mandy黃SaycHouse,,中山區,25.05235,121.52629,Private room,1050,30,2,2024-05-31,0.08,16,365,1,
724543575185797456,Taipei 免服務費[月租] Shilin MRT Station B 士林捷運1分鐘/夜市5分鐘,84837876,Enso,,士林區,25.094525306618408,121.52645442634821,Private room,1299,5,42,2024-10-15,1.66,5,85,8,
725206999412195262,A.K 微晚風.捷運西門站6號出口3分鐘2人房.Mrt Ximen exit6. 3min *可月租,92448004,A.K,,萬華區,25.04385,121.50616,Entire home/apt,1564,3,95,2024-12-17,3.53,17,86,37,
726643190557177473,艾爺的絕世好房，你只差一步就能入住了。,95671003,Eric,,內湖區,25.06799,121.59977,Entire home/apt,18680,1,0,,,1,358,0,
726726783980443638,（月/年租）時尚個性老屋翻新的溫馨雅房/5分鐘捷運/獨立房間/分享客廳浴室,401253145,彥怡,,信義區,25.0276396,121.5628452,Private room,1371,1,3,2024-12-16,0.11,13,91,2,
728628894331477688,4-西門町Metro(2-4 persons)-專屬戶外露臺,454903637,Tim,,萬華區,25.04143,121.50387,Entire home/apt,2514,1,46,2024-11-24,1.75,5,57,21,
728669477726860545,2~4-西門町Metro-三層風格公寓 (6-17 persons)-專屬戶外雙露臺,454903637,Tim,,萬華區,25.04161,121.50412,Entire home/apt,8457,1,69,2024-10-13,2.84,5,129,29,
728809105503408048,精美市區獨立_電梯商務房,449664424,Janet,,中山區,25.0509,121.52213,Private room,1590,30,2,2023-02-28,0.08,11,363,0,
729738649274767192,2-西門町Metro(2-6 persons)-個性公寓,454903637,Tim,,萬華區,25.04028,121.5038,Entire home/apt,2800,2,68,2024-12-25,2.55,5,48,29,
730031944070418305,旅家雅舍12BC＠3B3B全新裝潢 高樓層 5~10人 古亭站5分鐘 師大永康商圈,104979863,Frank,,大安區,25.02283,121.5258,Entire home/apt,8511,3,5,2023-10-10,0.22,15,254,0,
731000487224752907,"5 mins to MRT Nanjing Fuxing, studio for 4",21506709,Maggie,,中山區,25.04726,121.54382,Entire home/apt,3634,28,17,2024-11-30,0.70,27,42,9,
731045483898367390,The location is at two MRT line crossover room#Y6,10007698,Kiki,,中山區,25.05519,121.53395,Entire home/apt,2278,4,54,2024-12-14,2.03,18,52,19,
732595649644410995,"2～6P, 3mins to Ximen Station",128806861,Kenson,,萬華區,25.04431,121.50502,Entire home/apt,2843,3,93,2024-12-12,3.45,13,310,45,
733247867908789979,10秒到捷運 採光佳 寵物友善10sec To MRT（限月租）,462210664,Lucy,,大同區,25.06237,121.51784,Entire home/apt,2679,30,13,2024-09-20,0.49,8,158,4,
733851139018947507,信義區高級酒店式管理小豪宅/共享辦公室/健身房/蒸氣烤箱房/室內泳池/大公園/ 5分鐘到象山捷運站,18221907,Susan,,信義區,25.03596,121.57394,Entire home/apt,2133,28,9,2024-10-01,0.39,3,305,3,
734263669066060119,捷運站旁的優質旅館-卓越大床房,482950997,大湖,,內湖區,25.0733914,121.6064016,Private room,,1,20,2024-04-08,0.84,5,181,1,
735209364389323075,全新裝潢超寬敞公寓，無電梯位於3樓，2房2浴室，有WIFI與智慧電視，近捷運中山國中站，交通方便,29541940,Roger,,中山區,25.06599,121.54226,Entire home/apt,2600,3,47,2024-12-24,1.78,1,329,13,
735835299360389967,T2 捷運忠孝復興站溫馨套房~月租,480399334,Candyyh,,大安區,25.0409,121.54507,Entire home/apt,765,30,5,2024-11-07,0.20,3,332,3,
735891423981701002,W1/清新4人房/信義區/跨年煙火/Taipei 101/MRT101/世貿站10分鐘,377297003,Chen,,信義區,25.02935,121.55803,Entire home/apt,3307,2,55,2024-12-09,2.19,10,174,42,
736392043204842241,台北京站美式家庭2房,99932146,Vanessa,,中正區,25.04755,121.51589,Entire home/apt,,30,40,2024-12-15,1.54,5,1,18,
736451049728886446,內湖區的優質旅館-卓越2小床,482950997,大湖,,內湖區,25.0733914,121.6064016,Private room,9000,1,2,2024-12-16,0.09,5,156,1,
736451423462230070,捷運站旁的優質旅館-豪華家庭房,482950997,大湖,,內湖區,25.0733914,121.6064016,Private room,11000,1,1,2023-05-26,0.05,5,162,0,
736458047105464778,（春節房限量早鳥優惠）西門町-五星好評-月租套房- 301（拎包入住，獨立套房，月租5折優惠）,5745433,茱莉Julie 姐,,萬華區,25.04479,121.50222,Private room,1570,3,7,2024-12-26,0.54,6,149,5,
736463598057653151,信義區精美住家飯店,146254191,Joseph & Elva,,信義區,25.02396,121.55442,Entire home/apt,6562,30,0,,,30,91,0,
736471911733463093,內湖區的優質旅館-璞旅行政套房,482950997,大湖,,內湖區,25.07269,121.6057,Private room,15000,1,0,,,5,181,0,
736642473925984409,短租首選_獨立電梯商務房_台北車站,449664424,Janet,,大同區,25.05321,121.5136,Private room,1590,2,12,2024-11-14,0.46,11,363,4,
736826835495828644,ForeignerA,438984915,Chin,,中山區,25.06019,121.52433,Entire home/apt,2656,30,0,,,27,181,0,
737377802450208022,明德捷運站步行5分鐘-整層公寓,15417083,賜陽,,北投區,25.113301,121.5195202,Entire home/apt,1914,30,5,2024-06-02,0.20,2,151,1,
737614403705512093,Daan park Flat (Cosy Single Room A),134666898,Tzuyu,,大安區,25.03241798141555,121.53899414045931,Private room,1041,2,69,2024-12-08,2.59,2,72,29,
737959435361257737,romantic city house/家是心靈停靠的港灣,15706026,Atwood,,大安區,25.03074,121.55415,Entire home/apt,5170,2,3,2023-08-14,0.14,12,350,0,
738044196620300598,接機優惠Dec hot sale幸福不是房子有多大，而是房裡的笑聲有多甜  5ppl,107844067,Debby,,松山區,25.0454,121.55156,Entire home/apt,2742,2,18,2024-11-12,0.69,14,350,7,
738046383526184234,接機優惠Dec hot sale 國父紀念館站/近大巨蛋/一層一戶/電梯大廈,12812606,Simon,,松山區,25.04469,121.55389,Entire home/apt,5639,2,14,2024-08-09,0.54,15,357,2,
738100326869925778,接機優惠 Dec hot sale.Zhongxiao Fuxing時間可以等待，但房子不能等,15706026,Atwood,,大安區,25.042357013993392,121.53967091210868,Entire home/apt,3754,2,9,2024-11-10,0.34,12,352,6,
738253037476770287,信義之心 二館B｜ 象山站 台北101｜Y0UTUBE 搜「信義之心二館B 實景」看影片，可寄放行李,3705836,Gordon,,信義區,25.03332,121.57516,Entire home/apt,3435,1,12,2024-05-09,0.47,11,178,3,
738322392665808067,信義之心二館A｜象山站 ｜ 台北101 | Y0UTUBE 搜「信義之心二館A 實景」影片，可放行李,3705836,Gordon,,信義區,25.03162,121.57713,Entire home/apt,3771,1,10,2024-12-16,0.40,11,171,4,
739062412391250822,3-西門町Metro(2-6 persons)-專屬戶外露臺,454903637,Tim,,萬華區,25.03975,121.50579,Entire home/apt,2800,1,53,2024-12-25,2.02,5,45,26,
739071795983218359,1-西門町Metro(2-8 persons)-美麗古典公寓,454903637,Tim,,萬華區,25.0415,121.50389,Entire home/apt,3314,1,111,2024-12-26,4.24,5,134,46,
739357791917911928,Room 2D @ LiuZhangLi MRT (3 min walk),471945582,House,,信義區,25.0241993,121.5545613,Private room,,30,6,2024-02-19,0.23,41,62,1,
739570691118054429,西門捷運2分鐘-特色寬敞浴缸4-5人房型-24h櫃台,193562770,Hotel Attic 囍閱文旅,,萬華區,25.040772,121.506922,Private room,4385,1,34,2024-06-19,1.29,8,2,5,
739589574212136324,西門捷運2分鐘-風格舒適浴缸4人房型(加人加價)-24h櫃台,193562770,Hotel Attic 囍閱文旅,,萬華區,25.040772,121.506922,Private room,3899,1,21,2024-01-20,0.81,8,4,2,
739936810328546480,信義之心 5房3浴2客廳2廚房(同樓層相鄰兩戶合租）2024升級新床，可寄放行李,3705836,Gordon,,信義區,25.03304,121.57492,Entire home/apt,6405,3,13,2024-12-09,1.08,11,261,13,
741809503811848852,Natural3～6人房一分鐘到MRT M6出口,20880721,Harry,,中正區,25.04553,121.51703,Entire home/apt,4486,2,73,2024-12-16,3.01,15,340,26,
741809940172685821,暮光2～6人房1分鐘到MRT台北車站M6出口,20880721,Harry,,中正區,25.04552,121.51559,Entire home/apt,4257,2,84,2024-12-02,3.17,15,336,22,
741880528886192933,相距步行1分鐘的兩處合租，9房5浴，最多可容納25人。2024升等新床，可寄放行李,3705836,Gordon,,信義區,25.03289,121.57443,Entire home/apt,20155,1,2,2024-05-15,0.23,11,234,2,
744659259082631278,Nan gang District Apartments,10378619,Xumu,,南港區,25.0565,121.61471,Shared room,3000,1,0,,,9,365,0,
745359115520936637,MRT捷運西門5分鐘 4-6人房（有電梯,19629835,Fun,,萬華區,25.04425,121.50399,Entire home/apt,3086,2,57,2024-11-30,2.22,3,348,18,
746276385923090026,[New12]雙連站／近捷運／靜謐空間／陽台曬衣／廚房／電梯／市中心商圈／友善Foreigner,438984915,Chin,,中山區,25.05742,121.52426,Entire home/apt,2658,30,1,2023-07-29,0.06,27,151,0,
746293692272563951,[New12]T雙連站／近捷運／靜謐空間／洗脫烘／小廚房／電梯／市中心商圈／友善Foreigner,438984915,Chin,,中山區,25.0587,121.52445,Entire home/apt,2675,30,1,2023-01-10,0.04,27,151,0,
746689408398265048,Cozy Loft two rooms flat near Guting & CKS station,130827969,Wenchi,,中正區,25.03388,121.52098,Entire home/apt,1900,90,0,,,61,333,0,
746760767374001479,Cozy doublebed room near NTNU & Guting,130827969,Wenchi,,大安區,25.02508,121.52682,Private room,600,45,0,,,61,119,0,
747443403968818732,Sogo有電梯／全新裝潢／3房2衛1廚／忠孝復興雙捷運,485382657,Chase,,大安區,25.04313,121.54625,Entire home/apt,5602,2,39,2024-12-25,1.57,1,180,12,
747531701014139734,接機優惠Dec hot sale.spacious 4-Bedroom Family Home,485262233,Lambert,,中正區,25.04571,121.52731,Entire home/apt,3642,2,65,2024-12-22,2.45,17,166,23,
747706181790282523,Spacious doublebed room with private toilet,130827969,Wenchi,,大安區,25.02471,121.52686,Private room,800,45,0,,,61,181,0,
748094713283522579,信義區溫馨住家歡迎月租,146254191,Joseph & Elva,,信義區,25.03384,121.57214,Entire home/apt,4828,30,4,2023-08-23,0.17,30,91,0,
748832323073428488,A Relax Space,19843186,萊,,萬華區,25.04643,121.50425,Entire home/apt,2529,3,61,2024-12-16,2.32,13,257,26,
749590556360903474,士林『嚮家～享傢』,97868680,Han,,士林區,25.08875,121.50547,Private room,1000,1,11,2024-12-08,0.45,1,356,5,
750294634491883836,XIMEN MRT 5 min by walk# Taipei Main Station#2room,453709970,Bella,,萬華區,25.04176786792198,121.5043912139858,Entire home/apt,4011,2,37,2024-12-15,1.43,31,85,9,
750564164515703616,"2B1bLDK Zhongxiao Dunhua, Ultra Center City, Daan",1398361,Second,,大安區,25.04432,121.55033,Entire home/apt,14272,4,18,2024-12-10,0.71,11,31,8,
751642254831898888,ES 1BR Apt w/ lift near Ximen MRT 萬華西門町 近西門站 獨立浴室,79915350,Paradise Taipei,,萬華區,25.04265,121.50396,Entire home/apt,,3,73,2024-12-14,2.77,29,160,27,
751874717462268115,5 捷運走路一分鐘 安靜方便的套房,474252377,Ming Chun,,中正區,25.02026182107712,121.52745522558689,Entire home/apt,1986,3,38,2024-12-18,1.65,9,63,20,
752427983531071380,Spacious 3Bdr @Guting MRT & NTNU NTU Study Chinese,172285374,David,,中正區,25.02357,121.5241,Entire home/apt,4307,21,10,2024-08-03,0.40,9,337,4,
753222264412770539,SKY101景觀房2～6人房1分鐘到捷運M6出口,20880721,Harry,,中正區,25.04767,121.51655,Entire home/apt,4229,2,46,2024-11-29,1.89,15,321,15,
753273554916577865,＊MRT３min＊Near Ximending｜NEW Sunlight &balcony｜DL12,242730194,Kolette,,萬華區,25.03358,121.5025,Entire home/apt,,30,9,2024-07-29,0.35,67,0,5,
753544112614904465,信義區豪宅主臥大浴室/陽台/象山捷運站5分鐘/master bedroom private bath,18221907,Susan,,信義區,25.03596,121.573942,Private room,984,28,6,2024-08-04,0.27,3,225,2,
754797428899017975,森-Zen。捌水居 River Villa,15284164,Noelle,,大安區,25.03001,121.5281,Entire home/apt,6786,2,41,2024-12-08,1.59,1,65,12,
754867452031803364,Home 3大床3～6人房1分鐘到捷運M6出口,20880721,Harry,,中正區,25.04765,121.51665,Entire home/apt,4486,2,64,2024-12-09,2.59,15,321,18,
755167920556936612,台北美式溫馨3房(3 bed room),99932146,Vanessa,,大同區,25.05003,121.51947,Entire home/apt,,100,95,2024-11-05,3.86,5,30,33,
755660728518343819,旅家雅舍11AB＠4B3B全新裝潢 高樓層 古亭站5分鐘 師大永康商圈,104979863,Frank,,中正區,25.02277,121.52425,Entire home/apt,10429,3,11,2024-09-21,0.47,15,309,4,
756424827686301412,Ximen three rooms三樓,180666116,丸太,,萬華區,25.04084,121.50363,Entire home/apt,3943,3,79,2024-12-14,3.23,4,37,32,
756425164005312346,two rooms house,180666116,丸太,,萬華區,25.04118,121.50662,Entire home/apt,3429,3,82,2024-12-16,3.17,4,101,28,
756439713557357649,MRT-Ximen station 5 minutes- 4-6person room（有電梯）,19629835,Fun,,萬華區,25.04342,121.506,Entire home/apt,2729,2,64,2024-12-24,2.50,3,159,30,
756689464654399853,EW Apt w/ lift near Ximen MRT 西門町 近西門地鐵站 獨立浴室 西門站,79915350,Paradise Taipei,,萬華區,25.04171227761658,121.50565712825512,Entire home/apt,1864,3,72,2024-12-01,2.76,29,168,29,
757104517569621216,Lion,19843186,萊,,萬華區,25.04142,121.50597,Entire home/apt,2043,3,73,2024-12-16,2.82,13,260,23,
757496253645783558,Modern 2 Spacious bdrm apt MRT Zhongxiao Dunhua,17847603,Tony,,大安區,25.04081,121.55153,Entire home/apt,3876,10,15,2024-12-19,0.82,4,106,13,
757880379309092321,ew11,438984915,Chin,,中山區,25.0609,121.52377,Entire home/apt,3051,30,0,,,27,181,0,
758892129868375449,Ximen London Fog Style 西門倫敦霧風格2～6人房,44392855,Kevin,,萬華區,25.0423,121.50717,Entire home/apt,2920,3,94,2024-12-23,4.05,1,316,48,
759688795816179015,Cozy & Stylish Apartment close to Taipei 101 area.,67050581,FLoRe,,信義區,25.0414023664048,121.57604679465294,Entire home/apt,,30,9,2024-09-30,0.40,1,0,5,
759955130477168970,占卜師的家/單人雅房（限月租）,243409180,邦德勒,,南港區,25.05071,121.59134,Private room,2114,1,13,2023-12-01,0.52,4,351,0,
760446791657701349,獨立使用廚房衛浴在中正區近台大溫馨套房,467909945,瑞美,,中正區,25.017517,121.52894,Private room,1250,30,0,,,4,146,0,
760759839898653021,2～6P:Ximen Loft,128806861,Kenson,,大同區,25.04906,121.50666,Entire home/apt,2914,3,71,2024-12-04,2.77,13,260,28,
763271688035185606,全新南京小巨蛋設計師的家／Taipei Arena豪華美宅／小巨蛋樂玩買吃逛,57593093,Angel,,松山區,25.05068,121.55392,Entire home/apt,7528,1,24,2024-01-28,1.06,7,137,3,
764076075281199303,你好台北 Nihao Taipei_Taipei City Hall,53903691,Amazing Home,,信義區,25.0441263,121.5701625,Entire home/apt,5079,5,17,2024-11-12,0.69,5,177,6,
764170415665769475,接機優惠Dec hot sale/Beingyourself is an honor 2房3張雙人床,485262233,Lambert,,松山區,25.04653,121.54924,Entire home/apt,4275,2,48,2024-12-01,1.87,17,264,5,
764366430758347565,柔軟金貓床/看藍天白雲/MRT 7min/私人(雙電子爐)/冷熱飲水機/全自動洗脫衣機,383714739,Mandy黃SaycHouse,,中山區,25.051439056448878,121.52725674232786,Private room,1150,25,2,2024-12-25,0.11,16,365,1,
764417656396759697,502 charming room near MRT in Central Taipei 松江南京站,315964087,Lynn,,中山區,25.051767603806322,121.53281282473333,Private room,2023,1,41,2024-12-14,1.79,10,266,12,
765114905464957816,晚鳥優惠｜東區信義區聚會場地｜慶生派對｜攝影棚｜讀書會｜有貓,60737664,Bingo,,大安區,25.03878,121.55514,Entire home/apt,,1,1,2023-11-19,0.07,7,0,0,
765666159430378740,"康圃東門店
捷運東門站220公尺
獨棟溫馨小築",491380054,虹萭,,中正區,25.03691,121.52719,Entire home/apt,1564,13,8,2024-12-10,0.36,2,86,4,
765686828534709613,3 Near NTU.NTNU捷運站旁走路一分鐘的公寓套房perfect studio,474252377,Ming Chun,,中正區,25.019,121.52817,Entire home/apt,1643,3,30,2024-12-23,1.24,9,69,12,
766261808062255688,一間,438984915,Chin,,中山區,25.06118,121.52563,Entire home/apt,2456,30,0,,,27,181,0,
766372743461113185,MRT忠孝復興站 百貨陽光房,346656524,Ola,,大安區,25.04194,121.54443,Entire home/apt,3086,3,29,2024-12-14,1.17,21,65,13,
766660591401043253,信義計畫區設計師的家,146254191,Joseph & Elva,,信義區,25.03315,121.573,Private room,6562,30,0,,,30,91,0,
766997271105978860,台北車站大三房豪華家庭屋,176685661,Chien,,大同區,25.05,121.51857,Entire home/apt,6114,2,107,2024-12-26,4.42,2,246,52,
767050547962981801,SF Apt w/ lift near Ximen MRT 西門町Loft 近西門地鐵站 獨立浴室,79915350,Paradise Taipei,,萬華區,25.04306,121.50584,Entire home/apt,3410,3,74,2024-12-28,2.94,29,166,29,
767223287445273719,1.Near NTU&NTNU捷運站走路1分鐘套房perfect studio,474252377,Ming Chun,,中正區,25.019373772664515,121.5266893268729,Entire home/apt,1886,3,38,2024-12-02,1.86,9,73,18,
767742249471356609,2 Near NTU&NTNU Studio for 1. 1 minute walk to MRT,474252377,Ming Chun,,中正區,25.02122,121.5271,Entire home/apt,1621,3,29,2024-12-16,1.29,9,83,14,
767859207865234354,T4溫馨小巧5人房/二房二衛/寧夏夜市/捷運中山站5分鐘/新光三越/京站,377192482,Yo,,大同區,25.05305,121.51615,Entire home/apt,5636,2,71,2024-12-15,3.62,6,166,47,
768398666504378022,一間,438984915,Chin,,中山區,25.0632,121.52604,Entire home/apt,3766,30,0,,,27,181,0,
769133197471562323,＊ＳＡＬＥ＊６min MRT｜Sunlight flat｜Elevator｜CC8-5,242730194,Kolette,,中山區,25.05464,121.54011,Entire home/apt,4099,30,12,2024-11-21,0.48,67,54,6,
769673495535141331,A Hostel here獨立空間私人衛浴（大安捷運 EXIT6）,28402175,Somer,,大安區,25.0356713,121.5463059,Entire home/apt,1780,5,11,2024-11-04,0.90,11,7,10,
769882356296922302,福懋套房899，月租，交通無敵方便，生活機能超強，清潔需額外加收清潔費,489403010,宥瑩,,中正區,25.02878,121.51819,Private room,750,30,2,2023-05-15,0.09,15,184,0,
770886565703934947,熱鬧安靜的舒適美住宅月租,146254191,Joseph & Elva,,信義區,25.034422957479272,121.57382793724535,Entire home/apt,6398,30,1,2023-01-06,0.04,30,91,0,
770918094005292884,Taipei 免服務費[月租] Shilin MRT Station C 士林捷運1分鐘/夜市5分鐘,84837876,Enso,,士林區,25.09359,121.52723,Private room,1575,5,34,2024-07-11,1.36,5,88,12,
771196314247138835,101信義百貨商圈/市政府捷運3分鐘/MRT 3mins/Taipei 101/松菸誠品,346656524,Ola,,信義區,25.03917,121.5624,Entire home/apt,3909,20,17,2024-12-21,0.69,21,214,12,
771453366033899729,Simple Room @ Longshan MRT - Room D,471945582,House,,萬華區,25.0408756,121.5001059,Private room,5,30,1,2023-04-10,0.05,41,128,0,
771502318386243187,"西門町""Lovely Room"" 1 min to Ximen MRT Station Exit 6",489010713,Terrence,,萬華區,25.0434459,121.5055423,Entire home/apt,,3,30,2024-11-21,1.27,1,43,3,
771517637780134777,西門站步行2分鐘～電梯高樓層景觀套房,481756189,Jeremy,,萬華區,25.03981,121.50643,Entire home/apt,2037,28,8,2024-01-04,0.32,2,176,1,
771537982693657288,Taipei 免服務費[月租] Shilin MRT Station A 士林捷運1分鐘/夜市5分鐘,84837876,Enso,,士林區,25.09505,121.52723,Private room,1684,5,33,2024-07-05,1.33,5,88,6,
771540631186113268,Taipei 免服務費[月租] Shilin MRT Station D 士林捷運1分鐘/夜市5分鐘,84837876,Enso,,士林區,25.09522,121.52722,Private room,1521,5,38,2024-10-11,1.56,5,31,11,
771542188933925453,Taipei 免服務費[月租] Shilin MRT Station E 士林捷運1分鐘/夜市5分鐘,84837876,Enso,,士林區,25.094452433652805,121.52646247297525,Private room,2653,5,31,2024-12-10,1.22,5,81,6,
771997547745183083,3館 台北車站30秒 臺北 5人房 Taipei main station 簡單生活,104718340,Kumiko,,中正區,25.0456,121.51662,Entire home/apt,1805,2,152,2024-12-14,6.37,11,132,81,
772922018421214988,台北車站60秒 臺北 2人房 Taipei main station 白色空間 IX,319788512,Shelley,,中正區,25.04425,121.51587,Entire home/apt,,1,135,2024-12-12,5.40,16,161,53,
774156088516388979,捷運出口30秒，溫馨舒適大空間出站即到家，加人不加價，周租長租另有優惠,37039316,Yoco,,大安區,25.03871,121.5468,Entire home/apt,3043,2,27,2024-12-28,1.08,3,344,15,
774303345719257571,明亮房近行天宮捷運(無額外清潔費No cleaning fee),160423794,Arron,,中山區,25.05726,121.52978,Entire home/apt,1523,30,9,2024-08-18,0.42,2,132,4,
774348753017469436,捷運站旁溫馨美宅,146254191,Joseph & Elva,,信義區,25.041154,121.5765114,Private room,3281,30,0,,,30,91,0,
774461088572748411,5mins to MRT Xinyi Anhe studio with lift near Dome,21506709,Maggie,,大安區,25.03483,121.55652,Entire home/apt,2800,28,12,2024-08-28,0.62,27,41,5,
774872986542716399,Zen house near Taipei 101,433720453,Simon,,信義區,25.036821527413533,121.57436834852916,Private room,1969,3,5,2023-12-25,0.22,1,353,0,
775050861943708893,[NewB]雙連站｜近捷運｜全新電梯｜高品質廚房｜衛浴乾溼分離｜靜謐空間｜陽台曬衣｜환영｜友善外國人,490134486,Hung Chih,,中山區,25.05881,121.52273,Entire home/apt,4965,30,8,2024-12-31,0.35,41,365,5,
775203954681206261,MRT-捷運西門站1分鐘 2-3人房（有電梯）,19629835,Fun,,萬華區,25.04447,121.506,Entire home/apt,1986,2,81,2024-12-08,3.23,3,245,40,
775597173120420984,SC Apt w/ lift near Ximen MRT 西門町Loft 近西門地鐵站 獨立浴室,79915350,Paradise Taipei,,萬華區,25.041711183136467,121.50374529849186,Entire home/apt,1814,3,69,2024-12-14,2.80,29,169,24,
776029613768329621,MRT市政府站/雙人套房/台北101信義商圈,441888372,TzuHan,,信義區,25.0430795,121.5669203,Private room,1779,7,36,2024-06-16,1.43,30,308,9,
776321632106607811,JC Serviced Apts-Cozy Loft style apt MRT Zhongshan,282776288,Jenny,,中山區,25.0507717,121.5252144,Entire home/apt,1705,29,0,,,10,181,0,
776452042446940789,"Ximen MRT 5mins #WsStudio, 2 ppl (with balcony)",22075376,Noel,,萬華區,25.0412,121.50409,Entire home/apt,1493,1,131,2024-12-12,5.31,6,65,88,
777228764749161343,[NewE]中山國小站｜５分鐘捷運｜通風採光｜晴光商圈｜林森商圈｜友善Foreigner,490134486,Hung Chih,,中山區,25.06335,121.52373,Entire home/apt,5690,30,8,2024-12-22,0.42,41,181,4,
777240168017089408,月租New 1 min to MRT 大安站/電梯套房/大安森林公園/洗脫烘/廚區/乾濕分離3-3,29002794,Metrohouse,,大安區,25.03204,121.54278,Entire home/apt,2354,28,9,2024-12-07,0.39,26,78,2,
777509340887136606,Xinyi Serviced apartment.,490687081,煒翔,,信義區,25.0307353,121.5576103,Entire home/apt,4143,14,3,2023-12-16,0.12,1,361,0,
778019075827523058,月租New 1 min to MRT 大安站/電梯2人套房/大安森林公園/獨立洗脫烘/廚區4-3,29002794,Metrohouse,,大安區,25.03167,121.54451,Entire home/apt,,28,11,2024-09-27,0.48,26,17,6,
778083588407911598,月租New 1 min to MRT 大安站/電梯5人套房/大安森林公園/洗脫烘/廚區/有浴缸2-3,29002794,Metrohouse,,大安區,25.0319,121.54486,Entire home/apt,3586,28,12,2024-08-06,0.54,26,70,4,
778109580982919379,月租New 1 min to MRT 大安站/電梯3人套房/大安森林公園/洗脫烘/廚區/有浴缸3-1,29002794,Metrohouse,,大安區,25.03379,121.5428,Entire home/apt,2617,28,6,2024-05-13,0.39,26,59,3,
778124703439027267,月租New 1 min to MRT 大安站/電梯4人套房/大安森林公園/洗脫烘/廚區/有浴缸3-2,29002794,Metrohouse,,大安區,25.032,121.54305,Entire home/apt,2846,28,6,2024-02-29,0.27,26,45,1,
778629689185029401,Hui  apartment-1,58015984,Hui,,中正區,25.0362827,121.5289445,Private room,3000,3,0,,,2,91,0,
778695038602199348,hui apartment,58015984,Hui,,中正區,25.0362827,121.5289445,Private room,4500,3,0,,,2,91,0,
778792739844731031,2BR corner APT w/tree view near Taipei 101& TICC,488416020,OurPlace,,大安區,25.03148,121.54912,Entire home/apt,4193,5,42,2024-12-14,1.70,10,179,16,
778955991202345096,Ximen station walk 2min quiet safety elevator,481756189,Jeremy,,萬華區,25.04193,121.50583,Entire home/apt,1994,28,4,2023-11-02,0.16,2,180,0,
780171287519992155,月租New 1 min to MRT大安站/電梯3人套房/大安森林公園/有浴缸/機能宅首選4-1,29002794,Metrohouse,,大安區,25.03348,121.54461,Entire home/apt,2617,28,15,2024-11-24,0.64,26,79,8,
780198302197523711,月租New 1 min to MRT大安站/電梯4人套房/大安森林公園/有浴缸/機能宅首選4-2,29002794,Metrohouse,,大安區,25.03348,121.54292,Entire home/apt,2846,28,17,2024-10-10,0.76,26,44,7,
780654284784791005,【New01】中山國小站／近捷運／高樓通風採光／雙城商圈／超市藥局／林森商圈／友善Foreigner,490134486,Hung Chih,,中山區,25.06301,121.52412,Entire home/apt,5851,30,9,2024-03-24,0.36,41,180,1,
781079393287783665,歐式酒窖空間私人會所,7905304,Fion,,中正區,25.03805,121.52393,Entire home/apt,,1,0,,,1,0,0,
781341240511319988,月租New 1 min to MRT 大安站/電梯3人套房/大安森林公園/有浴缸/旅人首選5-1,29002794,Metrohouse,,大安區,25.03213,121.54274,Entire home/apt,2617,28,12,2024-12-20,0.54,26,55,7,
781362282203023655,月租New 1 min to MRT 大安站/電梯4人套房/大安森林公園/有浴缸/旅人首選5-2,29002794,Metrohouse,,大安區,25.03394,121.54468,Entire home/apt,2643,28,12,2024-08-25,0.63,26,57,4,
781405547047326467,月租New 1 min to MRT 大安站/大安森林公園/電梯2人套房/獨立洗脫烘/旅人首選5-3,29002794,Metrohouse,,大安區,25.0316,121.54456,Entire home/apt,2354,28,14,2024-08-20,0.65,26,71,6,
782100362189374724,福懋套房399，月租，交通無敵方便，生活機能超強，清潔需額外加收清潔,489403010,宥瑩,,中正區,25.03059,121.51944,Private room,600,30,1,2023-02-03,0.04,15,364,0,
782179832792554982,C近士林夜市／帶窗戶寬敞套房獨立衛浴／圓山捷運站走路５分／台北車站搭車７分／高速網路，有暖氣,14567958,Jon,,大同區,25.07139,121.51364,Entire home/apt,1186,3,77,2024-12-17,3.16,18,130,36,
782192266563228426,Xinyi 信義 電梯 露台 市政府捷運三分鐘 101景觀大樓,320161193,Tzuming,,信義區,25.04285318615994,121.56826436908383,Entire home/apt,,2,27,2024-06-16,1.20,1,0,6,
782434767624805025,Female dorm room with 6 beds,28318416,Luckytree House,,大安區,25.03283,121.55696,Entire home/apt,,45,0,,,3,89,0,
782834602027039637,【New02】近捷運／通風採光／精品飯店／簡約靜謐／美食咖啡廳／Foreigner-friendly,490134486,Hung Chih,,中山區,25.06132,121.52479,Entire home/apt,5052,30,2,2023-07-31,0.11,41,180,0,
782840096152179822,Great Room D @ ZhongShan MRT (9 min walk),471945582,House,,大同區,25.05457,121.51424,Private room,6,30,5,2023-11-28,0.22,41,122,0,
782843055516027102,[New03]中山國小站／近捷運／電梯／通風採光／開放空間／中山台北車站／友善Foreigner,490134486,Hung Chih,,中山區,25.06163,121.5233,Entire home/apt,5851,30,4,2023-12-02,0.16,41,160,0,
782855869203493023,[New04]中山國小站｜讓旅行不在只是旅行｜免爬樓梯｜小廚房｜精修裝潢｜超搶手｜只有一間,490134486,Hung Chih,,中山區,25.06226,121.52378,Entire home/apt,4930,7,4,2024-07-07,0.20,41,146,3,
782867105307124390,[New08]中山國小站｜讓旅行不在只是旅行｜免爬樓梯｜小廚房｜精修裝潢｜超搶手｜只有一間,490134486,Hung Chih,,中山區,25.06281,121.52536,Entire home/apt,5052,30,2,2024-04-16,0.11,41,181,1,
782879938531342796,[NewA]中山國小｜拎包入住｜高樓風景｜配備齊全｜長期居住Foreigner-friendly,490134486,Hung Chih,,中山區,25.06158,121.52339,Entire home/apt,4995,30,5,2024-12-09,0.20,41,176,2,
783035745230513649,2023 New BABY,203223914,Happy,,萬華區,25.043874541888194,121.50351574655761,Entire home/apt,4371,3,85,2024-12-24,3.46,5,128,34,
783089256075100723,台北車站三房精緻家庭房,176685661,Chien,,大同區,25.05006,121.51883,Entire home/apt,5707,2,71,2024-12-24,2.94,2,255,36,
783146856966972334,大理石風低調奢華大理石小豪宅,27348331,Chien-An,,萬華區,25.04693,121.50458,Entire home/apt,2982,5,37,2024-12-11,1.62,1,298,24,
783638442771500215,FEB discount 6beds 6ppl Xinyi Villa CBD Loft,485262233,Lambert,,信義區,25.04102,121.57211,Entire home/apt,8699,5,20,2024-01-16,0.81,17,181,2,
783802583703061848,2 Bdr Apt NEAR *NTNU Mandarin Center & Metro Sta.*,172285374,David,,大安區,25.02371,121.52829,Entire home/apt,2690,15,13,2024-12-09,0.77,9,267,7,
784481145593335295,Stylish 1 Bed/Studio | near Jianguo Flower Market,7970386,Fun Taiwan Home,,大安區,25.03668,121.53567,Entire home/apt,3800,3,20,2024-12-20,0.82,7,270,8,
785219826851874003,Vinyl Loft Near Huashan 1914 Creative Park,5697629,Peggy,,中正區,25.04498,121.52643,Entire home/apt,2391,28,7,2024-06-14,0.35,4,36,4,
785235612376331117,Modern studio apartment NEW,32583095,William,,信義區,25.04864,121.57143,Entire home/apt,2900,4,21,2024-12-15,1.01,1,79,14,
785356709980806102,Apartment  Luxurious Residents ｜世貿站,10378619,Xumu,,信義區,25.031816391186165,121.56589854280783,Entire home/apt,5143,1,2,2023-02-28,0.08,9,181,0,
785481775624078496,Spacious Room Near NTNU/Guting (a),19141684,Tokka,,中正區,25.0296622,121.5154808,Private room,2000,60,0,,,4,365,0,
785866625104220150,507 松江南京站旁 溫馨小套房 2mins to MRT,315964087,Lynn,,中山區,25.05159600070447,121.53249167428221,Private room,1309,1,34,2024-10-08,1.48,10,258,9,
785965630462660948,萬華Local House，舒適獨立2房房源，近南機場夜市/青年公園Taipei Cozy Room,108192159,Kim,,萬華區,25.019766337817586,121.49880796450533,Entire home/apt,3571,1,27,2024-11-17,1.20,1,8,11,
786622837629714376,Da An B2,50959552,Dawson,,大安區,25.0365217,121.5478332,Private room,1031,2,70,2024-12-21,2.84,8,81,36,
787233719654792282,景美203/山景房 /電梯/獨立衛浴/暖氣/近捷運,491502282,Anita,,文山區,24.989094173539677,121.54094401658449,Entire home/apt,1337,3,48,2024-12-02,1.96,10,24,19,
787521294207739693,b2,221534550,Anne,,萬華區,25.045777146626193,121.50541656130444,Entire home/apt,1271,2,15,2024-10-07,0.67,48,87,3,
787671960354198720,台北市信義計畫區7溫馨美住宅月租,146254191,Joseph & Elva,,信義區,25.033903191910582,121.57231349498034,Entire home/apt,5250,30,5,2023-02-24,0.21,30,91,0,
788113882772186228,福懋套房37，月租，交通無敵方便，生活機能超強，清潔需額外加收清潔,489403010,宥瑩,,中正區,25.030112270710823,121.517557290377,Private room,750,30,0,,,15,365,0,
788293621543254447,景美綠野 /山景套房/陽台/電梯/獨立衛浴/暖氣,491502282,Anita,,文山區,24.98907,121.54102,Entire home/apt,1337,3,49,2024-12-22,2.01,10,74,20,
788314023347122848,景美203全景套房/雙人床,491502282,Anita,,文山區,24.98926169229452,121.54301922845436,Private room,1451,3,41,2024-12-20,1.68,10,73,8,
788414928054130299,Cultural and Creative Trip 文化、文青之旅 D House,31917261,Eva,,大同區,25.0553,121.509657,Entire home/apt,1969,30,10,2024-08-31,0.43,7,131,4,
788791221922560465,接機優惠Dec hot sale/We Are All Unique/近師大夜市/4房2衛浴/家庭房,485262233,Lambert,,大安區,25.03049,121.52608,Entire home/apt,5489,2,38,2024-12-30,1.56,17,261,14,
789110893336073299,城市榕錦｜古亭站3分｜5房2獨立衛浴｜Y0UTUBE搜「城市榕錦 實景」看影片，可寄放行李,3705836,Gordon,,大安區,25.03018,121.52246,Entire home/apt,11507,1,39,2024-12-16,1.60,11,247,25,
789303695096571247,Sunny apartment near Taipei 101.,10221270,Donna Ngai Yao,,大安區,25.02970710511324,121.55271727931762,Entire home/apt,3271,10,17,2024-12-20,0.70,4,363,9,
789557042785101944,(010中山),492668384,Bruce,,中山區,25.061448772634023,121.523798256594,Entire home/apt,5588,30,0,,,1,365,0,
790154502040960995,Newly Renovated Studio 5min Walk to ZS ElemSch MRT,10112069,Wendy,,中山區,25.0592,121.52642,Entire home/apt,1590,14,10,2024-11-12,0.51,2,268,6,
790291847531225062,福懋雅房15，月租，交通無敵方便，生活機能超強，清潔需額外加收清潔,489403010,宥瑩,,中正區,25.030617536310174,121.51918194891942,Private room,400,30,2,2024-09-30,0.13,15,291,1,
790379689068906355,西門町簡單四人房Ximending Quadruple room,170273202,Star,,萬華區,25.0452425,121.5064943,Entire home/apt,2313,2,36,2023-06-29,1.49,30,73,0,
790769972851552031,【New01】T近捷運／中山國小／高樓通風採光／雙城商圈／超市藥局／林森商圈／友善Foreigner,490134486,Hung Chih,,中山區,25.06279,121.52538,Entire home/apt,5432,30,1,2023-03-14,0.05,41,181,0,
790793603396695603,【New02】T捷運／通風採光／精品飯店／簡約靜謐／美食咖啡廳／Foreigner-friendly,490134486,Hung Chih,,中山區,25.0628174028514,121.52522410378693,Entire home/apt,5192,30,2,2023-06-14,0.09,41,181,0,
790895426847015362,"市中心的安靜房間, 走路到捷運站5分鐘",8905818,Jay,,中山區,25.050749,121.5298809,Private room,1929,14,6,2024-10-31,0.29,1,122,4,
791106459766666709,[New03]T中山國小站／近捷運／電梯／通風採光／開放空間／中山台北車站／友善Foreigner,490134486,Hung Chih,,中山區,25.061509292839286,121.52588734814296,Entire home/apt,5637,30,3,2024-05-18,0.19,41,176,2,
791110453227217621,[New08]T中山國小站｜讓旅行不在只是旅行｜免爬樓梯｜小廚房｜精修裝潢｜超搶手｜只有一間,490134486,Hung Chih,,中山區,25.06298,121.52608,Entire home/apt,5748,15,4,2024-08-06,0.18,41,181,1,
791122834220509286,[NewA]T中山國小｜拎包入住｜高樓風景｜配備齊全｜長期居住Foreigner-friendly,490134486,Hung Chih,,中山區,25.06113,121.52422,Entire home/apt,5503,30,3,2023-09-10,0.15,41,166,0,
791130103289817480,D近士林夜市／帶窗明亮套房獨立衛浴／圓山捷運站走路５分／台北車站搭車７分／高速網路工作旅遊兼顧,14567958,Jon,,大同區,25.07167,121.5175,Entire home/apt,1479,3,99,2024-12-14,4.11,18,130,35,
791201957047535610,《女性專屬》電梯套房_有自己的專用衛浴_永康商圈東門捷運3分鐘-無限制流量的網路/廚房可煮食+大窗戶,157831015,Claire,,中正區,25.0353489,121.5272098,Private room,1275,29,6,2024-12-16,0.26,1,285,1,
791751689014073157,SL 1BR Apt w/ lift near Ximen MRT 西門町 近西門地鐵站 獨立浴室,79915350,Paradise Taipei,,萬華區,25.0464,121.50412,Entire home/apt,2649,3,56,2024-12-20,2.29,29,167,18,
791985114383198714,11/大巨蛋看棒球聽演唱會/永春站大浴缸家庭房/Walk-1分鐘廣慈停車場&4000坪綠地/近北醫,79891592,筠筠,,信義區,25.0378040664173,121.57995385669129,Entire home/apt,2484,5,32,2024-12-09,1.32,7,129,11,
792360317392877846,（月租/年租）交通便利/人文時尚的捷運101五分鐘/獨立房間/分享客廳、浴室,401253145,彥怡,,信義區,25.02726,121.565,Private room,3143,1,6,2024-11-18,0.29,13,91,3,
792641998280852003,XN910/Taipei main station/Ximending/1-4 guests,493324130,House,,萬華區,25.04462,121.50741,Entire home/apt,3344,2,88,2024-12-21,3.66,55,160,35,
793093597088024881,"＊New＊６min MRT, Sunlight Suite w Elevator｜CC6-2",242730194,Kolette,,中山區,25.05513,121.53751,Entire home/apt,2877,30,9,2024-12-15,0.39,67,108,3,
793219238971341589,Zhongshan MRT#Ximen#3 room 1-12pax#Cryptofriendly,493305838,George,,中山區,25.050560130818806,121.52541569983285,Entire home/apt,6690,2,65,2024-11-10,2.75,3,80,22,
793741624098543387,月租New 1 min to MRT大安站/電梯2人套房/大安森林公園/洗脫烘/廚區/乾濕分離3-4,29002794,Metrohouse,,大安區,25.033117936760352,121.54278381601824,Entire home/apt,2126,28,9,2024-11-05,0.42,26,53,5,
793770653645558051,寧靜休憩，歇歇腳。(｡･ω･｡)ﾉ/捷運13分鐘/獨立浴室/寬敞空間,467747952,Wang,,文山區,25.004569362702625,121.5505359666452,Private room,1314,1,42,2024-11-24,1.87,1,75,14,
793784570034753335,月租New 1 min to MRT 大安站/電梯套房/大安森林公園/洗脫烘/乾濕分離/廚區4-4,29002794,Metrohouse,,大安區,25.033440566437168,121.54313607922874,Entire home/apt,2126,28,17,2024-11-24,0.76,26,48,9,
793816111606658851,【New】T09中山國小／超大電腦桌／高樓電梯／通風採光／適合商務人士、學生／友善Foreigner,490134486,Hung Chih,,中山區,25.06012,121.52396,Entire home/apt,4507,30,4,2024-12-18,0.17,41,181,2,
794039486287167788,506  松江南京站2分鐘 台北市中心舒適套房,315964087,Lynn,,中山區,25.049793158046644,121.53426790363844,Private room,1851,1,27,2024-11-23,1.16,10,173,15,
794173792562785337,景美203/經濟房 獨立衛浴,491502282,Anita,,文山區,24.988409,121.5421239,Entire home/apt,1056,3,80,2024-12-21,3.35,10,39,42,
794974023263227731,南極帳棚穴居-台北小巨蛋城市露營,365765497,Myvan,,松山區,25.0527073,121.5573665,Private room,,1,33,2023-12-24,1.37,3,362,0,
795874419761575041,Room 2B @ LiuZhangLi MRT 3min,471945582,House,,信義區,25.023973032572968,121.55364852247448,Private room,,30,4,2024-10-30,0.18,41,61,3,
796243778023938750,"Spacious & cozy room/share house/NTU,NTNU,Gongguan",18920780,Ann,,大安區,25.0243433108891,121.53000418842844,Private room,990,28,8,2024-11-21,0.33,17,251,2,
796305572417883094,信義區大安區-捷運信義安和站4分鐘-近台北101-電梯純住-4房3衛,494096585,俊瓏,,大安區,25.0308817,121.552821,Entire home/apt,16429,3,27,2024-12-18,1.15,1,244,11,
796655579924412844,Room 2C @ LiuZhangLi MRT (3 min),471945582,House,,信義區,25.02379,121.55358,Private room,5,30,5,2024-11-06,0.43,41,63,5,
796662227700914545,Room 2A @ LiuZhangLi MRT (3 min),471945582,House,,信義區,25.025202439799646,121.55428721488963,Private room,650,30,4,2024-10-30,0.23,41,51,2,
797545799182831337,101旁知名溫馨家庭歡迎月租,146254191,Joseph & Elva,,信義區,25.031763758217405,121.56159080405129,Entire home/apt,5643,30,0,,,30,91,0,
797658103362169479,B近士林夜市／帶窗戶明亮套房獨立衛浴／圓山捷運站走路５分／台北車站搭車７分／高速網路／冷暖氣,14567958,Jon,,大同區,25.07271,121.51629,Entire home/apt,1521,3,89,2024-12-16,3.79,18,148,47,
797707006089923234,信義區信義大道歡迎月租,146254191,Joseph & Elva,,信義區,25.032470280734806,121.57478795178402,Entire home/apt,2953,30,4,2023-02-28,0.17,30,91,0,
797797441057547307,Private room near NTNU/Guting,19141684,Tokka,,中正區,25.030089318864736,121.51636593884541,Private room,1800,19,0,,,4,365,0,
799007721300681917,4Bdr *Modern Apt* near Guting metro St.- NTU&Shida,29845153,Harry & Jess,,中正區,25.02517,121.52313,Entire home/apt,5198,20,13,2024-09-28,0.61,4,206,6,
799090425284222438,Birdy ，自由的棲息地,16410234,Thomas,,士林區,25.11359,121.52613,Private room,2200,1,22,2024-12-23,0.93,1,351,10,
799589928925338005,Beauty 2~6人房1分鐘到MRT台北車站M6出口,20880721,Harry,,中正區,25.046484438818517,121.51588900859832,Entire home/apt,4257,2,89,2024-12-16,3.92,15,318,37,
799761664847159156,Love 3~6人房3大床1分鐘到MRT台北車站M6出口,20880721,Harry,,中正區,25.046474718872325,121.51589437301635,Entire home/apt,4486,2,52,2024-12-08,2.28,15,346,13,
799768861441566185,Sweet 3~6人房3大床1分鐘到MRT台北車中Ｍ6出口,20880721,Harry,,中正區,25.046450419003374,121.51589973743438,Entire home/apt,4486,2,58,2024-12-02,2.65,15,350,22,
799921587322635471,x-k-YA1-設計師之家-台北101/信義計劃區/永春MRT,22840761,Kikina,,信義區,25.041641649292373,121.57682443994395,Entire home/apt,2857,90,15,2024-03-03,0.72,21,90,1,
800568471384596881,【New07】1分鐘中山國小站／近捷運／電梯／通風採光／晴光商圈／林森商圈／友善Foreigner,490134486,Hung Chih,,中山區,25.062239707811546,121.52840607787665,Entire home/apt,5678,7,0,,,41,170,0,
800593816791970684,【New】09中山國小站／超大電腦桌／高樓電梯／通風採光／適合商務人士、學生／友善Foreigner,490134486,Hung Chih,,中山區,25.06078663009846,121.5263134460839,Entire home/apt,7892,30,3,2024-02-22,0.23,41,179,2,
800622266866160165,【New】6中山站／捷運／電梯套房／獨立大陽台／新光百貨／適商務出差、學生／友善Foreigner,490134486,Hung Chih,,中山區,25.05193,121.52199,Entire home/apt,5579,30,3,2023-07-12,0.14,41,181,0,
800627125062437142,【New07】T1分鐘中山國小站／電梯／通風採光／晴光商圈／適合出差、學生／友善Foreigner,490134486,Hung Chih,,中山區,25.06391,121.52616,Entire home/apt,5687,2,4,2024-09-16,0.30,41,162,2,
800634443750352524,火車站捷運站走一分鐘/高速WiFi/洗衣機飲水機/101百貨/饒河夜市/獨立廁所/河濱運動公園,28596044,Momo,,信義區,25.049334380606187,121.57578846931021,Entire home/apt,1729,9,9,2024-04-14,0.39,13,362,2,
800637374020330042,全新高層防震建築/戶外游泳池/按摩池/健身房/桌球室/大面積窗戶明亮/環境安靜/24H保全,28596044,Momo,,內湖區,25.06134,121.58335,Entire home/apt,3614,31,0,,,13,353,0,
801046870921771613,Shared room near NTNU/Guting,19141684,Tokka,,中正區,25.028569776380536,121.51663998738842,Private room,2999,17,0,,,4,365,0,
801075912407175268,台北車站精緻二房(2 Bed Room),99932146,Vanessa,,大同區,25.049017465795924,121.51813764973753,Entire home/apt,4343,2,67,2024-11-03,2.85,5,197,26,
801286269256339372,[月租]雙人床 靠近昆陽站,156154947,Lin,,內湖區,25.06689,121.58857,Private room,571,1,1,2024-09-13,0.27,2,365,1,
801286277267491111,[月租]雙人大套房獨立廁所!近昆陽站,156154947,Lin,,內湖區,25.068416944356507,121.58940245947048,Private room,914,1,0,,,2,365,0,
803080252890905011,全新高層防震建築/戶外游泳池/按摩池/健身房/桌球室/大面積窗戶明亮/環境安靜/24H保全,28596044,Momo,,內湖區,25.0601705,121.5835053,Entire home/apt,3614,31,5,2024-08-13,0.27,13,353,1,
804134861188046665,MRT 7min/3人大套房/小廚房/全自動洗脫衣機/百台電視频道,383714739,Mandy黃SaycHouse,,中山區,25.05208,121.52819,Private room,980,30,2,2024-12-27,0.37,16,270,2,
804189013554564996,101永春捷運站優質住家歡迎月租,146254191,Joseph & Elva,,信義區,25.040463620717926,121.57517622344675,Entire home/apt,,30,5,2023-07-28,0.24,30,89,0,
804444410502787267,師大商圈溫馨美套房@台電大樓站2分鐘NTNU NTU (月租）,23437247,Young,,大安區,25.02437,121.52784,Entire home/apt,,28,4,2024-05-31,0.18,35,0,3,
804705062997872720,景美203/河景房/獨立衛浴/電梯/暖氣,491502282,Anita,,文山區,24.988422,121.539796,Entire home/apt,1537,3,42,2024-12-26,1.79,10,44,16,
804802813404537858,Taipei 101 MRT (5 min): Room E with Great Window,471945582,House,,信義區,25.0300687,121.5616607,Private room,420,30,5,2024-08-10,0.27,41,137,3,
805301484553952723,旅家雅舍11E＠2B1B全新裝潢 高樓層 2-5人 古亭站5分鐘 師大永康商圈,104979863,Frank,,中正區,25.02263,121.52579,Entire home/apt,4048,3,24,2024-12-17,1.30,15,277,16,
806089685986056697,月租/三房整層/捷運3分鐘/跨年煙火區域/最多8人/樓梯公寓,401253145,彥怡,,信義區,25.026746738554746,121.56545956103771,Entire home/apt,3571,1,4,2024-12-01,0.19,13,58,3,
806186664722906871,捷運出口30秒，乾淨舒適一房一廳加人不加價，周租長租另有優惠,37039316,Yoco,,大安區,25.04212334953893,121.54631779058236,Entire home/apt,2129,2,16,2024-12-28,0.72,3,359,7,
806215986344597630,福懋雅房6，月租，交通無敵方便，生活機能超強，清潔需額外加收清潔,489403010,宥瑩,,中正區,25.030373965991153,121.51942028656578,Private room,500,30,2,2024-01-31,0.12,15,333,1,
807351534870112863,QM911/Taipei main station/Ximending/1-6 guests,493324130,House,,萬華區,25.043102182365054,121.50388843656674,Entire home/apt,3903,2,90,2024-12-23,3.81,55,164,43,
807444655096061281,#Ximen Room without window double room（tub）,314162496,Shirley,,萬華區,25.044001,121.5077991,Private room,,4,11,2024-01-29,0.48,3,2,4,
807799272978453601,#Ximen Room without window twin room（shower),314162496,Shirley,,萬華區,25.04489,121.50705,Private room,,4,7,2024-01-04,0.30,3,0,1,
807814621723862517,#Ximen Room without window twin room (shower）,314162496,Shirley,,萬華區,25.045124129372265,121.5080897727524,Private room,,2,8,2024-01-20,0.35,3,0,3,
808236818177427659,LGBT friendly. Just next to mountain&city.,17149659,Marty,,信義區,25.031773006206567,121.57674959012138,Private room,800,30,8,2024-12-23,0.35,1,210,2,
808283336112502848,中文,135306544,Nancy,,信義區,25.0404862,121.5736083,Private room,1057,1,85,2024-12-21,3.66,1,156,39,
808660626616995904,Hanns house-Daan 大安（近東門、永康商圈）,493119851,Aaron,,中正區,25.0386481289375,121.53038848910778,Entire home/apt,4999,2,36,2024-12-26,1.97,2,265,19,
809734614498400370,"接機優惠Dec hot sale/Always have, always will/近仁愛國小有浴缸",485262233,Lambert,,大安區,25.03586171717899,121.5529502422358,Entire home/apt,5048,2,13,2024-12-31,0.55,17,171,3,
810039303559257839,"@E東湖MRT 可住1-4人（1F,到MRT走路3分鐘）/哈啦影城/南港展覽館/南港軟體園區",22840761,Kikina,,內湖區,25.06798197342174,121.61321648479512,Entire home/apt,1439,7,8,2024-04-20,0.34,21,179,3,
810370156712320665,雙人房- STEP INN. 饒河夜市 1 min MRT SongShan station,49125065,Step Inn,,松山區,25.05020433207281,121.57365185493411,Entire home/apt,2037,1,0,,,4,146,0,
810389003262735639,W1214/Taipei main station/Ximending/1-4 guests,493324130,House,,萬華區,25.043303110091824,121.50675472811892,Entire home/apt,2788,2,76,2024-12-17,3.28,55,149,33,
811842894648939585,內湖區的優質旅館-精緻大床房,482950997,大湖,,內湖區,25.07357,121.6062,Private room,7000,1,2,2023-05-20,0.10,5,180,0,
811968958591129186,台北車站60秒 臺北 2人房  Taipei main station 白色空間 III,319788512,Shelley,,中正區,25.0454015,121.5156114,Entire home/apt,1211,1,131,2024-12-15,5.58,16,159,49,
812294143218625814,XN10A/Taipei main station/Ximending/1-6 guests,493324130,House,,萬華區,25.042108526362803,121.50495778947823,Entire home/apt,3880,2,81,2024-12-22,3.55,55,163,43,
814174795782589937,W821#西門MRT#北車#紅樓#台北101#寧夏夜市#月租優惠,221534550,Anne,,萬華區,25.045880770891067,121.50258956081835,Entire home/apt,1714,2,23,2024-12-06,1.01,48,91,12,
814375714526318800,台北車站  :  五鐵共構 + 小廚洗脱烘+實木地板 (バスタブ付きバスルーム),24646341,Lichieh,,大同區,25.04971,121.51932,Private room,2113,3,37,2024-12-26,1.82,1,270,19,
814807307792115826,Near MRT Real 1 Bedroom w/ separate living room,74275246,Joel,,士林區,25.10677620360084,121.52666060502571,Entire home/apt,1966,5,27,2024-10-04,1.19,5,80,12,
815502253959377564,"come home
暖屋",98103484,Karina,,中山區,25.0668591388811,121.53962776064873,Private room,1407,1,175,2024-12-28,7.54,1,303,82,
815504973316354649,50%月租優惠/二樓/花園庭院公寓/工業風含廚房/近地鐵站5分鐘/周遭生活機能佳/2~4人,236777678,Jack,,士林區,25.09720720442548,121.52455819352521,Entire home/apt,5643,5,7,2024-02-02,0.35,4,27,1,
815834228711518727,A.K 微午後.捷運西門站六號口5分.2人房,92448004,A.K,,萬華區,25.0429,121.50572,Entire home/apt,1492,3,67,2024-12-16,3.13,17,97,31,
816591171475699517,"Loft Ximen, 3 pax",128806861,Kenson,,萬華區,25.04784,121.50909,Entire home/apt,2329,3,81,2024-12-17,3.53,13,204,41,
816932034070944042,"美美2-6人房,西門站獨立門戶、雙衛浴廁所、洗衣機、對外窗、電梯～",53501011,Sally,,萬華區,25.044768595961685,121.50283704802882,Entire home/apt,1723,1,20,2024-12-22,0.94,13,284,12,
817031122478771573,F3/綠色森林8人房/電梯/二房一廳二衛/MRT中山國中7分鐘,430176710,Sc,,松山區,25.0647,121.54586,Entire home/apt,5057,2,22,2024-10-26,0.98,15,166,8,
817738023098587222,西湖明亮公寓 Xihu MRT Bright Bedsit-C room,19878216,Todd,,內湖區,25.081619978850693,121.56555664493878,Private room,1000,28,16,2024-11-15,0.76,2,146,13,
817859538216529455,Daan park Flat (Cosy Single Room B),134666898,Tzuyu,,大安區,25.031373280856275,121.53928979942704,Private room,1060,3,67,2024-12-15,2.91,2,67,41,
817887637379938423,Cozzi Room,597037,Hsiangchi,,松山區,25.05795,121.5662,Private room,1083,1,28,2024-12-21,1.27,1,60,16,
818003374228140883,Tpe 101 Room H @ Taipei 101 MRT,471945582,House,,信義區,25.0303682,121.5594812,Private room,,30,7,2024-12-13,0.41,41,140,5,
818036469274849751,松山小窩窩,138488589,小璋,,松山區,25.050502,121.573813,Private room,2421,1,0,,,1,364,0,
818046103147515103,Artist appartement  B 藝術家公寓,12783059,Hong,,信義區,25.0311,121.57403,Private room,1500,5,52,2024-12-23,2.27,2,359,20,
818409481744980746,精品二房一廳/全新裝修/(C房),139760459,Chung Neng,,北投區,25.10615,121.51845,Entire home/apt,2818,3,41,2024-12-05,1.87,2,333,15,
818463514273105605,家庭房 電梯輪椅可,64133476,伊恩,,中山區,25.05264068735644,121.53403233736753,Private room,4000,30,0,,,1,364,0,
818562774645646186,6 捷運站旁走路一分鐘，方便安靜的套房,474252377,Ming Chun,,中正區,25.0198,121.52842,Entire home/apt,2301,3,25,2024-12-23,1.09,9,77,14,
818751900169255700,精品二房一廳/全新裝修/(B房),139760459,Chung Neng,,北投區,25.10559,121.51909,Entire home/apt,2528,3,52,2024-12-26,2.28,2,342,25,
819255839437331377,101附近信義區/捷運藍線/市政府站/電梯公寓兩房/乾濕分離浴室/廚房/陽台洗衣機/免費Wi-Fi,19216347,心誠,,信義區,25.0455214,121.5735517,Entire home/apt,1900,30,0,,,35,300,0,
819367207449752010,近火車站捷運站走一分鐘/整層大空間/台北101/饒河街夜市/西門町九份老街/信義區夜店/南港展覽館,28596044,Momo,,松山區,25.050770429877208,121.57393035793767,Entire home/apt,12730,2,25,2024-12-26,1.11,13,360,14,
819448333059770579,Modern Contemporary 3 bed apt next to Da’an Park,7970386,Fun Taiwan Home,,大安區,25.031024929019853,121.535976754028,Entire home/apt,7563,5,7,2024-12-10,0.52,7,152,6,
819464615397816510,RL Apt w/ lift near Ximen MRT 西門町Loft 近西門地鐵站 獨立浴室,79915350,Paradise Taipei,,萬華區,25.0455,121.50194,Entire home/apt,1814,3,51,2024-12-02,2.29,29,173,15,
819978634019150176,Ximening 2-6人房、西門捷運、2套衛浴、對外窗、電梯、獨立使用,53501011,Sally,,萬華區,25.045871163525234,121.50441024641594,Entire home/apt,1723,1,14,2024-12-15,0.63,13,287,1,
820590905603889537,台北車站60秒 臺北 4人房 Taipei main station 白色空間 XV,319788512,Shelley,,中正區,25.04494,121.51663,Entire home/apt,1909,1,121,2024-12-16,5.28,16,164,50,
820674518251043070,福懋雅房(339)適合學生月租，交通無敵方便，生活機能超強，清潔需額外加收清潔,489403010,宥瑩,,中正區,25.030637723518147,121.51973665992115,Private room,330,30,2,2024-04-19,0.21,15,334,2,
820806171285339237,萌獸會所 MagiQ Club,167905335,Magiq Club,,北投區,25.143778307926844,121.48886360228062,Entire home/apt,50000,1,0,,,1,365,0,
821330309358422819,饒河夜市/獨立客廳衛浴/Green line Metro /Taipei Downtown,35567850,凱麒,,信義區,25.04545325196368,121.57829227303145,Entire home/apt,1327,3,100,2024-12-10,4.37,1,95,41,
822233060439308928,接機優惠Dec hot sale/live deeper lovecompletely溫馨套房,485262233,Lambert,,大安區,25.044156778027475,121.541148030595,Entire home/apt,1598,2,14,2024-12-08,0.61,17,176,4,
822368167378149307,信義計畫區摩登現代風,146254191,Joseph & Elva,,信義區,25.034445901597593,121.57139985636925,Private room,5545,30,2,2023-02-27,0.09,30,91,0,
822368684647628774,Taipei Rooftop Apartment,167103460,James,,北投區,25.11643,121.51279,Entire home/apt,1200,2,1,2024-06-03,0.14,1,303,1,
822497992949608003,MRT-捷運西門2房3床1衛浴(5-8人)有電梯,232114489,小豬,,萬華區,25.040117296159274,121.50553180380768,Entire home/apt,3671,3,17,2024-12-11,1.69,4,80,17,
822887321192463895,信義區舒適住家歡迎月租,146254191,Joseph & Elva,,信義區,25.03260400421489,121.57161692575667,Private room,3675,30,0,,,30,91,0,
822977762995914952,永康街-鼎泰豐-東門站-步行捷運站3分鐘,46621732,家齊,,中正區,25.03488,121.527,Entire home/apt,4007,3,27,2024-12-15,1.23,4,208,20,
823791988635058949,A.K 微西門.捷運西門站六號口5分大空間.明亮 2~3人房,92448004,A.K,,萬華區,25.04326397895392,121.50661500665353,Entire home/apt,1670,3,51,2024-12-17,2.39,17,154,26,
823892157133735447,西門町時尚套房- 高空陽台美景 (24hrs 保全),284915717,Charlie,,萬華區,25.0396099160212,121.50197618567475,Entire home/apt,2800,30,11,2024-11-23,0.51,2,238,4,
824241809807787529,信義計畫區小清心住家歡迎月租,146254191,Joseph & Elva,,信義區,25.034063992779725,121.57205360555412,Private room,4593,30,0,,,30,365,0,
824430199328579950,信義計畫區高級住宅區飯店式管理,146254191,Joseph & Elva,,信義區,25.031812892031823,121.56242239801273,Private room,,30,0,,,30,179,0,
824470501971051065,信義計畫區泳池住家歡迎月租,146254191,Joseph & Elva,,信義區,25.032695441026934,121.57452878520867,Private room,,30,0,,,30,179,0,
824613643107856132,Christmas*南港輕豪宅 嚴選核心地段 松山車站散步5min 7ppl.,500277849,Gennie,,南港區,25.04556577642992,121.58352853610405,Entire home/apt,5605,2,20,2024-12-02,0.87,11,177,7,
825196994193814898,5館 台北車站30秒 臺北 5人房 Taipei main station 簡單生活,104718340,Kumiko,,中正區,25.046222,121.51583,Entire home/apt,2080,2,141,2024-12-16,6.28,11,157,65,
825732849610679467,天母電梯華廈三房二廳二衛,24501945,Yalin,,士林區,25.116295972908716,121.5264022321216,Entire home/apt,3248,7,29,2024-11-15,1.29,1,228,10,
825933203087857473,【New05】中山國小／寬敞舒適／拎包入住／高樓風景／廚房設備／適合長期居住／友善Foreigner,490134486,Hung Chih,,中山區,25.06111930209575,121.52567084816454,Entire home/apt,6194,30,8,2024-11-02,0.38,41,149,2,
825984882549752240,2BR apt w/trees view near Taipei 101 & TICC,488416020,OurPlace,,大安區,25.0319,121.5507,Entire home/apt,5117,5,27,2024-11-30,1.20,10,242,15,
826435067528873727,Triple bed can sleep up to 6 adults located @XMD,89010268,Silvia,,萬華區,25.04578994006623,121.506328941803,Entire home/apt,4485,2,20,2024-12-08,0.90,7,6,6,
826544833296682348,2023New Open! 【蘊蘊】,118973784,Andy,,萬華區,25.04545,121.50678,Entire home/apt,2180,3,60,2024-12-16,2.63,20,73,25,
826731741034801702,月租NEW 1 min to MRT 大安站/電梯4人套房/大安森林公園/洗脫烘/廚區/有浴缸2-1,29002794,Metrohouse,,大安區,25.03378265330936,121.54480813315969,Entire home/apt,2617,28,16,2024-12-29,0.73,26,59,3,
827839812109065445,12/老房子底蘊+高端電器+200吋投影 +正宗燒餅油條+模範傳統早市調味而成的五星級台味民宿,79891592,筠筠,,松山區,25.052132296685617,121.55903715192277,Entire home/apt,2391,7,30,2024-12-22,1.43,7,144,17,
827865275903111186,"西門私寓-貳。西門站,電梯公寓,大型投影設備,吧台聚會,近台北車站(7人）",251087010,Chloe,,中正區,25.04751,121.51072,Entire home/apt,5695,2,66,2024-12-28,3.08,6,140,37,
827919542227884723,Spacious Master Room/Share House/TaipeiMainStation,18920780,Ann,,中山區,25.050615907887643,121.520440514486,Private room,1650,3,85,2024-12-17,3.80,17,139,42,
828041166766378260,小清新～寧靜便利捷運公寓宅,13312159,Li Wen,,大同區,25.070848931971334,121.5176811669091,Entire home/apt,,30,0,,,1,31,0,
828563420960292287,XN639/Taipei main station/Ximending/1-6 guests,493324130,House,,萬華區,25.04609,121.50701,Entire home/apt,2537,2,51,2024-12-17,2.30,55,172,22,
829911729301857169,月租New 1 min to MRT 大安站/電梯3人套房/大安森林公園/有浴缸/工業風質感宅6-1,29002794,Metrohouse,,大安區,25.03319,121.54267,Entire home/apt,2355,28,14,2024-12-16,0.65,26,48,10,
830096647457842088,＊Sale! 3BD＊３min to MRT w balcony & Kitchen｜CD41.,242730194,Kolette,,信義區,25.02563,121.55588,Entire home/apt,5103,30,11,2024-10-28,0.58,67,79,4,
830184796011091847,Cozy 1b room with living room,4209005,Vanson,,大安區,25.04261642531468,121.54172358719451,Entire home/apt,,4,8,2024-05-27,0.36,1,0,3,
830640755491360484,月租New 1 min to MRT 大安站/電梯4人套房/大安森林公園/有浴缸/工業風質感宅6-2,29002794,Metrohouse,,大安區,25.033782974561685,121.54459830006857,Entire home/apt,2846,28,15,2024-10-05,0.77,26,76,6,
830760856800710254,W/8人房/2間獨立房型/信義區/跨年煙火/Taipei 101/MRT101/世貿站10分鐘,430176710,Sc,,信義區,25.02928,121.55988,Entire home/apt,5434,2,13,2024-09-29,0.64,15,174,3,
830825679621628320,"1 min to Ximen station ,4P",128806861,Kenson,,萬華區,25.042298422732195,121.507149077438,Entire home/apt,2343,3,73,2024-12-12,3.24,13,314,35,
830933273716749346,7ppl / MRT Houshanpi 5mins : 3 rooms+2 bathrooms,330579461,Toto,,南港區,25.046090259898218,121.58171324297477,Entire home/apt,5605,2,27,2024-12-09,1.21,30,177,12,
831074071872726927,"康圃東門B店
市中心區，距離捷運東門站220公尺，溫馨獨棟透天小築。",491380054,虹萭,,中正區,25.03678523532939,121.52904126407518,Entire home/apt,1629,13,1,2023-03-12,0.05,2,360,0,
831175344019526348,月租New 1 min to MRT 大安站/電梯5人套房/大安森林公園/洗脫烘/廚區/質感宅6-3,29002794,Metrohouse,,大安區,25.031791642959337,121.54335175913516,Entire home/apt,3731,28,10,2024-12-02,0.45,26,87,3,
831187601077066892,月租New 1 min to MRT 大安站/電梯3人套房/大安森林公園/洗脫烘/有浴缸/廚區7-1,29002794,Metrohouse,,大安區,25.031645303054752,121.54295862655499,Entire home/apt,2057,28,6,2024-03-07,0.28,26,19,2,
831198418309571828,月租New 1 min to MRT 大安站/電梯4人套房/大安森林公園/洗脫烘/有浴缸/廚區7-2,29002794,Metrohouse,,大安區,25.031875984950602,121.54408812577573,Entire home/apt,2846,28,13,2024-12-02,0.59,26,73,5,
831227729496951478,月租New 1 min to MRT大安站/電梯套房/大安森林公園/獨立洗脫烘/乾濕分離/廚區7-3,29002794,Metrohouse,,大安區,25.03239,121.5428,Entire home/apt,,28,14,2024-11-05,0.64,26,73,8,
831438580449674186,歐洲設計師傢俱/文教大安獨立入口套房,30999149,Agnes,,大安區,25.02088,121.53316,Entire home/apt,1850,4,10,2024-08-10,0.51,1,88,5,
831709114597423696,Single room in Zhongxiao Dunhua - 大安寓所,35390741,Maki,,大安區,25.03866,121.54689,Private room,7394,1,85,2024-12-22,3.78,1,61,47,
832000176373451712,Best Prime location in Taipei,321889735,Clare,,大安區,25.032120760066565,121.53888562080478,Entire home/apt,,120,0,,,1,0,0,
832277255092344958,Taipei Riverside with private bathroom A,5323453,Moe,,大同區,25.057746340103275,121.5091209858656,Private room,1200,7,11,2024-12-10,0.53,12,157,6,
833026327352911328,7 捷運走路一分鐘.安靜乾淨的套房,474252377,Ming Chun,,中正區,25.0201673,121.5273881,Entire home/apt,1723,3,22,2024-12-21,0.98,9,91,7,
833122040995005647,-4.捷運站走路三分鐘.安靜乾淨的套房 Perfect Studio,502422334,Ming Chen,,大安區,25.040687,121.5539976,Entire home/apt,2513,3,18,2024-12-16,0.92,3,86,10,
833579819303898738,Breeze Center/24 desk/Personal Butler/Central Tpi,298910458,Ariel,,松山區,25.04619,121.5466,Entire home/apt,1573,25,7,2024-08-04,0.32,25,334,4,
833758831806817991,H804/5MinstoXimenMRT/Netflix/WiFi/Lift,136010110,Rex,,萬華區,25.04484,121.50771,Private room,1773,2,111,2024-12-26,4.99,36,344,53,
833948905683235085,【CityHampton】新裝潢/@Ximen/西門町/FreeWiFi/1-2P,230455578,Amanda,,萬華區,25.041522652379847,121.49967754059628,Entire home/apt,1833,3,64,2024-11-18,2.88,6,165,26,
834224447168458467,"JUNE Apartement 六月公寓 三房兩廳二衛
樓梯，",4474293,June,,士林區,25.109668858335027,121.52882248665664,Entire home/apt,5000,2,39,2024-12-29,1.88,1,131,18,
835207271151392549,大安101美宅,175618313,林,,大安區,25.03343,121.54547,Private room,2914,1,15,2024-12-15,0.68,1,68,4,
835257886421152830,xZB1忠復興MRT/忠孝敦化/小巨蛋/華山特區/台北車站.西門町15mins（2-4人）<有電梯>,22840761,Kikina,,大安區,25.0411,121.54526,Private room,1513,90,21,2024-04-06,1.01,21,90,3,
836045630406959183,HK802/Taipei main station/Ximending/1-6 guests,493324130,House,,萬華區,25.045358424329496,121.50878256415345,Entire home/apt,3790,2,68,2024-12-25,3.11,55,175,31,
836458338856844735,MRT 10sec 雙捷運10秒鐘（限月租）,462210664,Lucy,,大同區,25.062177750914547,121.51911018980041,Entire home/apt,1857,30,4,2024-12-03,0.24,8,68,2,
836458343968935792,Cozy apt in Daan 2 rooms 近科技大樓站 限月租,462210664,Lucy,,大安區,25.024513974849082,121.54680165402232,Entire home/apt,4364,30,6,2024-08-08,0.46,8,220,5,
836458347427905932,2Bdrm home in the heart of TPE,462210664,Lucy,,大安區,25.023896340551445,121.54514967831449,Entire home/apt,4000,30,2,2023-09-19,0.12,8,79,0,
836458624676965928,Near MRT 中山國小 全新裝潢公寓（限月租）,462210664,Lucy,,中山區,25.064976719326307,121.52782340558672,Entire home/apt,1586,30,11,2024-09-02,0.57,8,164,6,
836555248212842252,H&K Mall QSquare above Taipei Main Station,30591050,H&K,,大同區,25.049346934000525,121.51770804143217,Entire home/apt,3536,6,34,2024-12-09,1.54,13,267,22,
836766454646402642,Déjà vu-台北市中心溫馨月租小套房-現代奢華10分捷運/東區 /微風廣場旁,169187326,Kuo Chun,,松山區,25.0483,121.54551,Entire home/apt,1622,9,27,2024-11-01,1.23,4,327,9,
836824636764760258,巴哈交響曲,503201168,Yuan,,大安區,25.042681,121.5528704,Entire home/apt,,720,16,2024-06-11,0.73,1,0,5,
837357588858474281,無印簡約1-Taipei Main Station台北車站西門町步行 陽台洗衣機 Queen高級床組,28103867,Henry,,中正區,25.04564,121.51554,Entire home/apt,3783,4,66,2024-12-06,3.02,38,82,33,
837382965313600549,RB Apt w/ lift near Ximen MRT 西門町Loft 近西門地鐵站 獨立浴室,79915350,Paradise Taipei,,萬華區,25.042679800402635,121.50382504808468,Entire home/apt,1999,3,70,2024-12-30,3.18,29,168,32,
837460734445812789,信義商圈-安靜-捷運步行五分鐘-傳統市場-小吃,46621732,家齊,,信義區,25.04167,121.5749,Entire home/apt,3657,3,56,2024-12-24,2.71,4,225,28,
837573865423456759,小米家（仁愛圓環家庭房）,221089274,Sammi,,大安區,25.0361912,121.5501848,Private room,3900,30,0,,,10,79,0,
837595604546676034,WU53#Chungshan JuniorHigh MRT#10 pax#Monthly Promo,453709970,Bella,,中山區,25.065468,121.539812,Entire home/apt,5007,2,44,2024-12-16,2.00,31,85,21,
838038119708583540,溫馨套房離忠孝復興站走路只要3分鐘 MRT BL-15 and BR-10,158945627,Ivory,,大安區,25.04226,121.5414,Entire home/apt,2981,5,12,2024-07-21,0.55,15,23,7,
838149944081256120,【New】D捷運旁｜近西門步行街｜中山文青市集｜五星套房｜國際交流會｜豪宅設計｜頂級設備｜友善外國人,490134486,Hung Chih,,中山區,25.06325,121.52509,Entire home/apt,5515,30,6,2024-07-12,0.31,41,180,2,
838342467689295867,Chirstmas *quaint 信義得逸 氣派古色古香尊邸大戶 /松山站5min#饒河街觀光夜市,500277849,Gennie,,信義區,25.046246719723758,121.57450258651207,Entire home/apt,5118,2,42,2024-09-01,1.88,11,176,14,
838854277148623869,福懋雅房699，月租，交通無敵方便，生活機能超強，清潔需額外加收清潔,489403010,宥瑩,,中正區,25.030799474483977,121.51785633549332,Private room,380,30,3,2024-11-23,0.15,15,342,1,
839732520562468136,XN734/Taipei main station/Ximending/1-10 guests,493324130,House,,萬華區,25.04408,121.50592,Entire home/apt,5126,2,68,2024-12-23,3.11,55,172,31,
840328829630100239,Taipei西门町Ximen龙山寺Longshan Temple,503930766,Kelly,,萬華區,25.039647,121.5020354,Entire home/apt,4514,2,60,2024-12-06,2.78,2,82,27,
840469656001077751,H101/GoogleTV/500mtoXimenMRT/WiFi/Elevator/Heater,136010110,Rex,,萬華區,25.043865816298904,121.50431278017616,Entire home/apt,1778,2,104,2024-12-18,4.84,36,315,56,
840742132427076238,Sun Home-MRT忠孝復興/大巨蛋。獨立工作區，就像家一樣舒服,246887329,En Chi,,大安區,25.044750772707285,121.54610147517299,Entire home/apt,2920,18,13,2024-10-12,0.67,4,176,8,
840955714623233170,觀光商務醫美背包客獨立套房浴室。捷運忠孝復興敦化站中間。附設廚房洗衣機冰箱陽台烤箱微波爐飲水機,297859409,Jett,,大安區,25.039724095859576,121.54688097205464,Private room,1750,5,31,2024-11-28,1.54,4,143,22,
841088257262022540,台北車站大二房景觀家庭屋A,84591819,Lyon,,大同區,25.05002,121.51831,Entire home/apt,,2,65,2024-12-26,2.98,2,0,34,
841113545245406088,"Taipei NTNU/NTU( 5min Taipower MRT,Shida market)WD",221534550,Anne,,大安區,25.0206,121.53215,Private room,1129,2,27,2024-12-12,1.24,48,81,17,
841117437658886593,101旁溫馨住家歡迎月租,146254191,Joseph & Elva,,信義區,25.03453421653785,121.56025492398278,Private room,3281,30,0,,,30,89,0,
841633725869447873,月租NEW 1 min to MRT 大安站/電梯4人套房/大安森林公園/洗脫烘/廚區/有浴缸2-2,29002794,Metrohouse,,大安區,25.031607952663233,121.54310813878828,Entire home/apt,2846,28,10,2024-10-05,0.50,26,77,5,
841653173546983658,月租New 1 min to MRT大安站/電梯套房/大安森林公園/獨立洗脫烘/廚區/乾濕分離7-4,29002794,Metrohouse,,大安區,25.03297304163557,121.54288596002493,Entire home/apt,1959,28,7,2024-06-25,0.34,26,51,2,
841681412617443944,【信義古色古香】Jay Chou/A-Mei演唱會/便利: 8~10人房-3房2衛/捷運松山站7分鐘,330579461,Toto,,信義區,25.0467712,121.5756354,Entire home/apt,5118,2,7,2024-08-01,0.32,30,176,3,
841743573732404992,接機優惠Dec hot sale /Follow your heart/親子友善房/5床/雙層大空間,485262233,Lambert,,信義區,25.02753,121.56413,Entire home/apt,3136,2,24,2024-12-31,1.09,17,175,5,
841843184613126182,信義區101北醫商圈歡迎月租,146254191,Joseph & Elva,,信義區,25.02295,121.56042,Entire home/apt,4298,30,0,,,30,365,0,
842333091302945663,Breeze Center/24 desk/Personal Butler/Central Tpi,298910458,Ariel,,松山區,25.04837,121.54659,Entire home/apt,1381,25,6,2024-11-30,0.31,25,336,2,
842480226463559009,小米家-台大公館家庭房,221089274,Sammi,,中正區,25.01239310609779,121.53617475181818,Entire home/apt,4500,5,0,,,10,60,0,
842674424818904334,6館 台北車站30秒 臺北 5人房 Taipei main station 簡單生活,104718340,Kumiko,,中正區,25.045650580652936,121.51507318161505,Entire home/apt,2425,2,111,2024-12-11,5.35,11,155,57,
842942916111478113,《Angel’s》EastDistrict Zhongxiao Fuxing TripleRoomD,476755418,玉琴,,大安區,25.04099444267679,121.54363335415651,Private room,1490,2,6,2024-10-21,0.27,1,344,3,
842961393079567263,坦尚尼亞狩獵帳篷房-捷運台北小巨蛋,365765497,Myvan,,松山區,25.05374,121.55673,Private room,3199,1,14,2024-11-11,0.64,3,362,4,
843031860935716096,KM74B# Ximen MRT#Taipei Main Station#Monthly promo,453709970,Bella,,萬華區,25.047107792074875,121.50473976166782,Entire home/apt,1629,2,15,2024-06-10,0.89,31,45,4,
843037717337314323,KM74C# Ximen MRT#Taipei Main Station#Monthly promo,453709970,Bella,,萬華區,25.046115669886294,121.50675135296578,Entire home/apt,1629,3,22,2024-11-03,1.04,31,72,11,
843387824230071727,Tpe 101 Room E @ Taipei 101 MRT,471945582,House,,信義區,25.0303682,121.5594812,Private room,,30,4,2024-12-02,0.31,41,150,3,
843865759868194434,DivineApt MRT BL17｜CBD Taipei 101｜2F,60737664,Bingo,,大安區,25.04089,121.55512,Private room,3051,1,2,2024-06-09,0.22,7,85,2,
843912797172852672,10% Off weekly stay景美綠野/河景房/電梯/獨立套房衛浴,491502282,Anita,,文山區,24.98813193932592,121.54184717951638,Private room,1537,3,27,2024-12-16,1.24,10,65,12,
844086460212558447,QM914/Taipei main station/Ximending/1-6 guests,493324130,House,,萬華區,25.04165,121.5058,Entire home/apt,3151,2,82,2024-12-22,3.76,55,170,42,
844633690163616195,捷運中山國小站兩房白淨陽光房,346656524,Ola,,中山區,25.062914988790677,121.52657763382828,Entire home/apt,,300,21,2024-05-21,0.97,21,89,6,
844730109376698475,台大師大台電捷運採光溫馨小雅房@NTU NTNU大客廳5房共居宅,23437247,Young,,大安區,25.01813906079731,121.5315992385149,Private room,,40,0,,,35,0,0,
844956258963016012,B-B2《月租》《可短租》近中山國小捷運站/雙人套房/晴光市場/美術館,906344,Lily,,中山區,25.06146,121.52452,Entire home/apt,1457,3,12,2024-11-22,0.59,23,176,6,
845029327225401795,101附近，市府電梯兩房三床，廚房陽台洗衣機wifi乾式溼分離垃圾代收,19216347,心誠,,信義區,25.04635961124546,121.57006984798745,Entire home/apt,1900,30,2,2024-11-01,0.12,35,205,1,
846112557784786546,Lofted Studio 10 min Walk to 101,504669,Steve,,信義區,25.03327,121.55839,Entire home/apt,1969,14,3,2024-11-29,0.29,1,354,3,
846631479995666079,Ximen Station 2人房西門站、電梯、洗衣機、對外窗,53501011,Sally,,萬華區,25.04391,121.50527,Entire home/apt,1787,1,36,2024-11-24,1.67,13,308,8,
846688247166668116,師大33採光捷運套房ntnu MRT bright studio,23437247,Young,,大安區,25.0241686,121.5315163,Private room,,40,1,2024-08-02,0.20,35,0,1,
846742806515684699,台大公館捷運3分鐘/採光電梯摩洛哥風/近台大師大/大套房,23437247,Young,,中正區,25.0125848,121.535014,Private room,,30,0,,,35,0,0,
846743245664276546,西門町超大套房+小書房@Ximen MRT big studio,23437247,Young,,萬華區,25.04387,121.50487,Entire home/apt,,28,3,2024-11-28,1.53,35,0,3,
846971222642583051,建中雙捷運美寓,279591429,Taipei,,中正區,25.030219265015248,121.51409219718877,Entire home/apt,2314,30,0,,,16,328,0,
846976805127720781,南海歷史博物館 雙捷美寓,279591429,Taipei,,中正區,25.03024098865308,121.51538332895068,Entire home/apt,2657,30,3,2024-09-26,0.23,16,325,2,
847350386467245337,師大1商圈溫馨美套房@台電大樓站2分鐘NTNU NTU (月租）,23437247,Young,,大安區,25.02447,121.52827,Entire home/apt,,28,1,2024-02-06,0.09,35,0,1,
847417528333279290,@科技大樓站MRT 近ntu/ntnu溫馨採光沙發大雅房C/月租,23437247,Young,,大安區,25.02373537309353,121.54167953365412,Private room,,45,1,2023-08-27,0.06,35,0,0,
847422785443414483,@科技大樓站MRT近ntu/ntnu採光溫馨美雅房D/月租,23437247,Young,,大安區,25.02605,121.5405,Private room,,30,1,2024-06-30,0.16,35,0,1,
847430072743293787,信義區101商圈坂吉百貨,146254191,Joseph & Elva,,信義區,25.042510079200728,121.56573957426195,Private room,4593,30,1,2023-11-06,0.07,30,365,0,
847466904040021871,師大最美電梯採光兩房一廳兩衛/近台電大樓站3分鐘,23437247,Young,,大安區,25.02303,121.5286,Entire home/apt,,50,0,,,35,0,0,
847467217800081643,@科技大樓站MRT 近ntu/ntnu溫馨採光大套房B/月租,23437247,Young,,大安區,25.02638714749832,121.54165349900721,Private room,,40,2,2024-01-31,0.12,35,0,1,
847536193583946722,Ximen MRT西門站步行2分/電梯/安靜/獨立衛浴/夜市,505186454,J,,萬華區,25.04161,121.50779,Entire home/apt,2109,2,1,2023-03-27,0.05,3,180,0,
847770363837429293,Fujin Tree Apartment,71825453,Patti,,松山區,25.060111994443652,121.55955355614424,Private room,4389,3,0,,,1,363,0,
848167637040480211,白金漢宮/大空間/套房,491502282,Anita,,文山區,24.9994569,121.5495887,Entire home/apt,1200,25,6,2024-09-25,0.31,10,363,2,
848233602024306434,4 Rooms｜5 mins to Zhongxiao Dunhua,383459000,Betty,,大安區,25.04144968604222,121.55314929800373,Entire home/apt,6819,2,70,2024-12-21,3.32,2,163,33,
848233607078587974,4晚以上贈接機｜優惠降價｜ 美食｜101跨年煙火｜簡約兩房一廳｜捷運站10分鐘,383459000,Betty,,大安區,25.044062037518234,121.54570447700816,Entire home/apt,4421,2,10,2024-11-16,1.40,2,158,10,
848272446425378808,101永春商圈smile,146254191,Joseph & Elva,,信義區,25.04009670793259,121.57805818522722,Entire home/apt,3511,30,1,2023-04-29,0.05,30,91,0,
848336782246526620,MRT Xiangshan station studio,346656524,Ola,,信義區,25.032600152823488,121.57456435045015,Entire home/apt,2620,28,5,2024-08-23,0.28,21,222,3,
848746377117630450,(C)Ximening 2-6人房西門站步行6分鐘/洗衣機.電梯/誠品書店1分鐘/免費WiFi,53501011,Sally,,萬華區,25.04461202093824,121.50573196212882,Entire home/apt,1607,1,10,2024-12-22,0.47,13,338,1,
848888282698024992,台大師大台電捷運採光溫馨大套房E@NTU NTNU5房共居宅,23437247,Young,,大安區,25.01763,121.53254,Private room,,30,1,2024-08-22,0.23,35,0,1,
848901132077271725,台北短租/信義商圈市政府M R T,19216347,心誠,,信義區,25.044243114939572,121.57002093151834,Entire home/apt,1200,22,0,,,35,240,0,
848976754315741127,EC 1BR Apt w/ lift near Ximen MRT 西門町 近西門地鐵站 獨立浴室,79915350,Paradise Taipei,,萬華區,25.04327820429207,121.50568338556641,Entire home/apt,3529,4,45,2024-12-07,2.11,29,138,21,
849037419519892431,Taipei Riverside duplex room B,5323453,Moe,,大同區,25.05872,121.50842,Private room,811,7,7,2024-12-17,0.36,12,360,5,
849049686602066520,C Taipei Riverside duplex room C,5323453,Moe,,大同區,25.05658326531435,121.5083971038125,Private room,800,28,1,2023-05-02,0.05,12,305,0,
849052819142963850,Taipei Riverside duplex room Ｄ,5323453,Moe,,大同區,25.05818,121.50985,Private room,950,7,4,2024-12-21,0.22,12,365,3,
849054567147634401,Taipei Riverside duplex room Ｅ,5323453,Moe,,大同區,25.056890229114945,121.50971715038087,Private room,900,7,9,2024-12-20,0.47,12,359,7,
849092984779951736,西門商圈，優質電梯大樓，房間格局 樓中樓溫馨套房,500095462,Guao,,萬華區,25.0420855,121.5048181,Entire home/apt,2083,3,72,2024-12-27,3.40,11,156,43,
849125150374328884,H104/GoogleTV/5MinstoXimenMRT/WiFi/Lift,136010110,Rex,,萬華區,25.04655,121.50915,Entire home/apt,1911,2,90,2024-12-27,4.18,36,354,44,
849152847693323412,（三個月合約）101全景/捷運5分鐘溫馨，獨立衛浴/夜市/百貨公司,401253145,彥怡,,信義區,25.029294365832616,121.5648688063117,Private room,2071,1,3,2024-11-18,0.31,13,60,3,
849195932981895970,Tpe 101 Room D @ Taipei 101 MRT,471945582,House,,信義區,25.0303682,121.5594812,Private room,,30,2,2024-08-31,0.32,41,122,2,
849722004308227411,西湖明亮公寓 Xihu MRT Bright Bedsit-B room,19878216,Todd,,內湖區,25.084841072561428,121.56846927168884,Private room,1000,28,17,2024-11-30,0.81,2,173,11,
849779762531377213,火車站捷運站走一分鐘/高速WiFi/洗衣機飲水機/台北101/饒河夜市/獨立的衛浴/河濱運動公園,28596044,Momo,,松山區,25.05068,121.5739,Entire home/apt,1739,9,4,2024-11-11,0.21,13,343,2,
849870641824762106,Beautiful 2 bedroom apt 4 min MRT Zhongxiao Dunhua,17847603,Tony,,大安區,25.040062448833734,121.55271220436265,Entire home/apt,3867,10,14,2024-12-12,0.69,4,134,9,
850279618805913693,101永春溫馨家庭,146254191,Joseph & Elva,,信義區,25.03913,121.57625,Entire home/apt,,30,0,,,30,364,0,
850412523858169602,Yungji studio,17002269,Cheng,,信義區,25.04291601577897,121.56794526338285,Entire home/apt,,28,2,2024-11-23,0.12,4,222,1,
850460131347955912,西門站步行2分鐘電梯景觀套房,505186454,J,,萬華區,25.039900687786492,121.50586394176314,Entire home/apt,1666,1,0,,,3,176,0,
850491953666122174,無印家庭房1-台北車站西門町步行2房1廳 洗衣機,28103867,Henry,,中正區,25.04603,121.5154,Entire home/apt,3543,4,57,2024-12-09,2.73,38,78,24,
850609834062625952,白金漢宮/舒適雙人房/小廚房，洗衣機近台大、政大、,491502282,Anita,,文山區,24.9994569,121.5495887,Entire home/apt,1100,25,2,2024-12-03,0.10,10,214,1,
850924861936157149,APT at Yongchun Station for 5min,75318549,Charly,,信義區,25.038845804380895,121.57970898780692,Private room,1100,13,18,2024-11-24,0.83,9,42,7,
851126048791597115,Zhongshan Junior High MRT#Ximen#Cryptofriendly。,493305838,George,,中山區,25.06748,121.54111,Entire home/apt,6623,2,45,2024-12-11,2.11,3,78,22,
851196323192342980,天空101景觀房2～6人房1分鐘到台北車站M6出口,20880721,Harry,,中正區,25.047700595206575,121.51537117162678,Entire home/apt,4171,2,58,2024-12-13,2.84,15,324,26,
851197564640438176,Near Sun Yat-Sen Memorial Hall Station/,105890527,Alan,,松山區,25.046320587499345,121.56014273111337,Entire home/apt,4071,4,45,2024-12-16,2.11,16,162,16,
851295985954814156,Bright Central 3Brd Apt near Guting mrt *NTNU NTU*,29845153,Harry & Jess,,中正區,25.02427,121.52094,Entire home/apt,4748,21,11,2024-12-08,0.54,4,185,8,
851391408577324998,"Longshan Temple MRT, 1~3 people",82753329,FuFu,,萬華區,25.03622731461075,121.49409505021876,Entire home/apt,1948,3,8,2024-07-27,0.37,6,173,1,
851714901748832465,"小巨蛋,南京三民捷運饒河夜市美食盡享，全新裝潢2房一廳,大陽台",25523787,New Apt,,松山區,25.0523836,121.5679845,Entire home/apt,3225,3,17,2024-10-29,0.84,26,88,12,
851769717348077424,【New14】中山國小站／近捷運／通風採光／雙城商圈／超市藥局／林森商圈／友善Foreigner,438984915,Chin,,中山區,25.062006859056577,121.52336891436907,Entire home/apt,3366,30,0,,,27,181,0,
851927236104244076,萬華育樂中心房A【可月租】【可辦活動】,54438414,戴西 Dacy,,萬華區,25.0471628,121.5058525,Private room,1514,30,3,2024-08-31,0.32,12,235,3,
851996665511500678,大直五星級裝潢美宅，挑高4米2時尚空間，美麗華生活圈，劍南站1分鐘,25523787,New Apt,,中山區,25.084730847882156,121.55482335784414,Entire home/apt,4003,3,1,2024-10-31,0.48,26,148,1,
852632273520367104,南京三民，饒河夜市，全新裝修2房附大陽台,25523787,New Apt,,松山區,25.05327,121.56871,Entire home/apt,3225,3,5,2024-03-18,0.36,26,88,1,
852761915848741718,RW 2BR Apt w/ lift near Ximen MRT 西門町 近西門地鐵站 獨立浴室,79915350,Paradise Taipei,,萬華區,25.045738862004306,121.50375881926082,Entire home/apt,4483,4,56,2024-12-19,2.63,29,141,28,
853206766512168623,101阪急百貨溫馨家庭,146254191,Joseph & Elva,,信義區,25.042533945026722,121.56586383487591,Private room,5414,30,1,2023-11-24,0.07,30,365,0,
853356530228518316,Christmas*Top one 台北小巨蛋 生活賦格 到站即到家 /小巨蛋站3min#台北小巨蛋,500277849,Gennie,,松山區,25.05278136012405,121.55293390813658,Entire home/apt,4865,2,29,2024-12-15,1.36,11,177,7,
853886685959900445,近南港軟體園區/南港中信園區/南港展覽館/頂級私宅/捷運站步行5分鐘/3房2廳2廁/月租打7折,4176631,Celine,,南港區,25.059152,121.6136572,Entire home/apt,6000,2,0,,,1,357,0,
854006946297831406,【敦二黃金地段】Jay Chou/A-Mei演唱會 / 近捷運站3房2衛/8~10人房/小巨蛋,330579461,Toto,,松山區,25.053085123886753,121.55170502443403,Entire home/apt,4579,2,33,2024-12-13,1.60,30,177,24,
854111276322517492,MingSheng 9,50959552,Dawson,,松山區,25.05710120909555,121.56710533567156,Private room,4124,2,3,2024-06-06,0.34,8,60,3,
854126526077679617,Room 3D @ LiuZhang Li MRT( 3 min walk ),471945582,House,,信義區,25.0241993,121.5545613,Private room,5,30,4,2024-12-14,0.29,41,68,3,
854258461809014830,H54/Lift/WiFi/Ximending/350mToBeimenStation,136010110,Rex,,萬華區,25.0476,121.5083,Entire home/apt,2004,2,108,2024-12-29,5.04,36,320,63,
854300354140139865,B-B3《月租》《可短租》近中山國小捷運站/雙人套房/晴光市場/美術館,906344,Lily,,中山區,25.062476580399366,121.52437688098314,Entire home/apt,1457,3,12,2024-12-09,0.75,23,178,9,
854691810709958585,最新上架 步行臺北西門捷運5分鐘 地中海舒適樓中樓（3-6人房型）,346759641,S,,萬華區,25.0422305,121.5048289,Entire home/apt,2399,2,53,2024-12-20,2.90,2,138,32,
854896424840372203,H119/Lift/WorkingTable/View/WiFi/2Min2A1/Microwave,136010110,Rex,,大同區,25.05060805669424,121.5110436500011,Entire home/apt,1874,2,113,2024-12-12,5.34,36,339,55,
855227467991490417,台北短租/巿政府/新房源八折,19216347,心誠,,信義區,25.04397,121.57016,Entire home/apt,1100,30,3,2024-02-06,0.15,35,335,1,
855367030410089144,近南港展覽館独立套房 走至東湖捷運站只需1分鐘,28610875,Ling,,內湖區,25.06728,121.61142,Private room,1640,28,0,,,4,322,0,
855438964278791907,【New15】中山站／近捷運／通風採光／主題旅館／超市藥局／林森商圈／友善Foreigner,438984915,Chin,,中山區,25.049815381024196,121.52002912491513,Entire home/apt,4433,30,1,2023-11-23,0.07,27,91,0,
856158393636596010,【大安A棟 綠綠小屋】 3臥2衛 ｜師大夜市｜近鼎泰豐｜MRT台電大樓站8分｜免費停車｜永康街5分鐘,23097622,Miyo,,大安區,25.023605198409125,121.5324520216564,Entire home/apt,6285,1,29,2024-12-16,1.63,16,328,20,
856254551051622033,"台北小住 綠光之屋 ,離塵不離城~榻榻米上品茶喝咖啡, 青山綠樹藍天相伴",122983818,Lyonpass,,信義區,25.0329989,121.581199,Entire home/apt,3000,5,7,2024-12-20,0.38,1,148,4,
856270654911840712,NEW COZY apartment in Xinyi TaipeiX,50814331,Rei,,信義區,25.04719,121.57242,Entire home/apt,4051,2,8,2024-12-03,0.43,8,142,6,
856275433320848565,H103/5MinstoXimenMRT/Netflix/Youtube/Wi-Fi/Lift,136010110,Rex,,萬華區,25.04589,121.5076,Entire home/apt,1528,2,99,2024-12-22,4.64,36,349,46,
856376392959375658,Cozy NEW apartment in Xinyi Taipei III,50814331,Rei,,信義區,25.048356560821986,121.57297053862708,Entire home/apt,3114,2,7,2024-10-09,0.50,8,162,6,
856421244174955332,Tpe 101 Room B @ Taipei 101 MRT,471945582,House,,信義區,25.0303682,121.5594812,Private room,576,30,6,2024-11-15,0.58,41,132,6,
856855202516285282,Nice Studio 7 @ Ximen MRT (7 min) 月租套房 30 days,471945582,House,,萬華區,25.0458728,121.5055158,Entire home/apt,,30,4,2024-12-20,0.33,41,0,4,
856994334796007587,台北短租/捷運共構/藍線/信義區24小時管理電梯,19216347,心誠,,南港區,25.04484,121.58125,Entire home/apt,1400,28,0,,,35,126,0,
857441559647106545,"Ximen Station 超大2-6人房,電梯、洗衣機、對外窗",53501011,Sally,,萬華區,25.045058605592303,121.5055487186345,Entire home/apt,1659,1,13,2024-12-11,0.67,13,335,3,
857450354966367636,（月租）/都市桃花源/捷運五分鐘/獨立房間/分享客廳浴室,401253145,彥怡,,信義區,25.02912,121.5649,Entire home/apt,1338,1,1,2024-12-15,1,13,355,1,
857589251390948690,Christmas*敦化綠廊 奢尚品味 不間斷的織錦繁華 稀有四房 /忠孝敦化站3minn,500277849,Gennie,,大安區,25.04246,121.55204,Entire home/apt,6703,2,67,2024-12-06,3.14,11,146,34,
857592834369625400,【忠孝敦化繁華地段】市中心步行距離優質豪華公寓8~10人房-獨有大4房2衛/捷運忠孝敦化站,330579461,Toto,,大安區,25.04277,121.55224,Entire home/apt,6703,2,17,2024-12-15,0.80,30,146,7,
857616372547407484,高樓河景3人房/西門站步行3分鐘/River view,500095462,Guao,,萬華區,25.0431251,121.5052835,Entire home/apt,3371,3,32,2024-12-26,3.04,11,147,32,
857616376592393945,Guao  No 5 北歐4人房-西門站步行3分鐘,500095462,Guao,,萬華區,25.043965874697363,121.50594431656054,Entire home/apt,3314,3,27,2024-12-16,1.89,11,168,20,
857616380618982745,典雅Loft套房4人房-西門站步行3-5分鐘,500095462,Guao,,萬華區,25.0420855,121.5048181,Entire home/apt,1600,3,48,2024-12-17,3.21,11,163,37,
857616384728237758,城市景美高樓四人房—西門站步行3分鐘,500095462,Guao,,萬華區,25.0431251,121.5052835,Entire home/apt,2414,3,53,2024-12-28,3.46,11,159,40,
857616388408834717,森林竹風寬闊四人房—西門站步行3分鐘,500095462,Guao,,萬華區,25.0431251,121.5052835,Entire home/apt,2414,3,44,2024-12-25,2.72,11,167,30,
857719808971222502,西門町精美雙人房 Ximending Double room,122764186,Kyo,,萬華區,25.0447933,121.5061696,Entire home/apt,2225,2,72,2024-12-06,3.53,86,64,37,
857869225674963566,工業風  Q57經典三人房型  西門站 近台北車站 迪化街 101商圈 九份 十分（四樓 無電梯）,115798819,Airbnb,,萬華區,25.04368,121.5058,Entire home/apt,1143,3,48,2024-12-13,2.29,68,81,16,
858368276947191163,"接機優惠 Dec hot sale/No pain,no gain/西門町/3房2衛浴/有電梯",485262233,Lambert,,萬華區,25.03999417772563,121.50621438727954,Entire home/apt,3937,2,43,2024-12-31,2.02,17,156,12,
858792167506177329,Da An B5,50959552,Dawson,,大安區,25.037027672104788,121.54676603118814,Entire home/apt,984,2,56,2024-12-15,3.73,8,69,46,
859166292796885643,Apt @ Ximen w/Dining Area (Sleeps up to 7 Adults),89010268,Silvia,,萬華區,25.045653859978177,121.50629675529483,Entire home/apt,6411,2,10,2024-12-09,0.50,7,4,3,
859271592498965418,Breeze Center/24 desk/Personal Butler/Central Tpi,298910458,Ariel,,松山區,25.04816,121.54764,Entire home/apt,1594,28,11,2024-08-01,0.55,25,288,3,
859405688257653974,June discount 817/台北車站西門町/捷運西門站走路3分鐘/西門町夜市/電梯住1-4人,493324130,House,,萬華區,25.04235,121.50456,Entire home/apt,2747,2,80,2024-11-23,3.82,55,154,38,
859682599543295746,Taipei main station 3 min by walk#XIMEN#2-8pax,221534550,Anne,,中正區,25.04653565259435,121.51599022210594,Entire home/apt,3857,2,62,2024-12-08,2.94,48,61,32,
859884565842201503,The Native Wood House 城市原木美學｜1~8人｜地鐵步行1分鐘,151400959,Edward,,中正區,25.0204,121.5278,Entire home/apt,4033,1,74,2024-12-12,3.51,11,73,42,
860578063306879586,大安區捷運&師大時尚北歐風格E房&月租Ntnu/ Ntust/Ntu,107651931,曉珊,,大安區,25.023701721574643,121.52918299584752,Private room,750,28,1,2024-08-31,0.24,25,213,1,
860681112387418957,In City Forester House 城市森林美學｜1~7人｜地鐵步行1分鐘,151400959,Edward,,中正區,25.02009,121.52581,Entire home/apt,4888,1,96,2024-12-17,4.56,11,67,59,
860778600877754458,SR Apt w/ lift near Ximen MRT 西門町Loft 近西門地鐵站 獨立浴室,79915350,Paradise Taipei,,萬華區,25.04453,121.50378,Entire home/apt,2471,3,63,2024-12-16,3.08,29,160,30,
861276230891195237,Cozy & small studio/Taipei 101/Xiangshan station,18920780,Ann,,信義區,25.028612102094094,121.56856314521116,Entire home/apt,1786,5,58,2024-08-07,2.82,17,134,25,
861459698065246900,H115/GoogleTV/Lift/View/WorkingTable/2MinToA1/WiFi,136010110,Rex,,大同區,25.051264353425424,121.51114577034429,Entire home/apt,1687,2,124,2024-12-07,5.90,36,329,63,
861947185223352436,西門町시먼/龍山寺용산사/大露臺戶/2-8p,250237099,Sally,,萬華區,25.038096504774796,121.50140406807134,Entire home/apt,2206,2,59,2024-12-14,2.89,13,308,32,
862000257827258086,台北火車站/鋼骨電梯豪華新大樓/Taipei Station Luxury Apartment月租,48585858,Jessica Chiu,,中正區,25.04465376966778,121.51158593595028,Entire home/apt,3262,30,6,2024-12-03,0.34,1,174,4,
862010998539605604,A2_北車2-6人標準套房簡廚洗烘衣機,48399837,Urban Abode,,中正區,25.048553563896967,121.51475235722148,Entire home/apt,,2,26,2024-12-13,1.26,13,5,11,
862020759495903945,台北車站/北門捷運站中山站/台北短期月租,19216347,心誠,,大同區,25.053471946956922,121.51123630468011,Entire home/apt,,30,1,2024-09-14,0.27,35,0,1,
862664690187933014,ximen 西門 步行3分鐘,346759641,S,,萬華區,25.041606241592596,121.50591742189012,Entire home/apt,2151,2,51,2024-12-29,2.45,2,129,22,
862868656072104958,時尚個性高樓層大套房走6分鐘到六張犁捷運站11分鐘到101世貿站,158945627,Ivory,,信義區,25.027125373093888,121.55606869608164,Entire home/apt,3375,7,16,2024-12-24,0.83,15,192,11,
862872706245820539,H121/GoogleTV/Lift/View/Kitchenware/2MinToA1/WiFi,136010110,Rex,,大同區,25.04989,121.51308,Entire home/apt,2383,3,105,2024-12-30,4.97,36,310,50,
863050690084894211,＊Study Chinese NTNU NTU &國語日報＊3Brd Apt at Guting,172285374,David,,中正區,25.02122,121.52196,Entire home/apt,4936,15,10,2024-11-27,0.49,9,260,3,
863106660151798893,Newly renovated entire unit with kitchen & baths.,505476292,知善,,大安區,25.04405,121.55231,Entire home/apt,2100,28,1,2024-10-19,0.41,1,85,1,
863320629163186251,B-A1《月租》《可短租》近民權西路站、中山國小捷運站/雙人套房/晴光市場/美術館,906344,Lily,,中山區,25.060933820254856,121.5265772955858,Entire home/apt,1768,3,13,2024-11-24,0.66,23,179,4,
863388038124424071,[NewF]中山國小站｜５分鐘捷運｜通風採光｜晴光商圈｜乾溼分離｜友善Foreigner,490134486,Hung Chih,,中山區,25.06001329552497,121.52413172383615,Entire home/apt,5778,30,2,2023-12-18,0.11,41,179,0,
863416368075086177,F中山國小站／５分鐘捷運／通風採光,438984915,Chin,,中山區,25.059298601046244,121.52414005319412,Entire home/apt,5434,30,1,2023-05-31,0.05,27,181,0,
863422388428606117,L76Zhongshan MRT#Ximen#3room 1-6pax#Monthly promo。,339320483,Wego,,中山區,25.05183,121.52632,Entire home/apt,4714,1,55,2024-12-04,2.61,3,171,22,
863468921773993520,H68/GoogleTV/Lift/WiFi/Ximen/350mToBeimenStation,136010110,Rex,,萬華區,25.0476034964031,121.50665629042078,Entire home/apt,1829,3,104,2024-12-18,4.97,36,338,57,
863504586146318331,小樹林C/MRT西門町/獨立套房/2人.,445307436,承芊,,萬華區,25.04553,121.50804,Entire home/apt,1687,3,36,2024-11-16,1.74,28,224,23,
863557754101501454,"＊ＮＥＷ＊３min MRT w/ kitchen, 300Mb Wi-Fi｜DN33B.",242730194,Kolette,,大安區,25.04365,121.5486,Entire home/apt,3990,30,8,2024-11-30,0.39,67,137,5,
863992372183306401,"2 Min to MRT BL& BR lines, Elevator, 3BR 2BA, SOGO",61732819,An-Chun,,大安區,25.0411383,121.5444991,Entire home/apt,5836,2,54,2024-12-25,2.69,1,213,35,
864130098076579291,台北西門町舒適房源Woo's house,54438414,戴西 Dacy,,萬華區,25.043260707986484,121.50025210561044,Entire home/apt,3129,30,7,2024-10-02,0.42,12,207,5,
864165435549128685,【VacaLoft】@Ximen/西門町/FreeWiFi/1-3P/MRT 1mins,230455578,Amanda,,萬華區,25.04163,121.50739,Entire home/apt,2785,3,70,2024-12-12,3.35,6,165,42,
864373578973980361,【超優惠經濟6~7人房】平日假日一樣價格、MRT西門站走路只要1分鐘、有電梯、西門町商圈夜市中,508973584,Ancestry,,萬華區,25.04344,121.5079851,Entire home/apt,3629,3,54,2024-11-13,2.56,2,249,18,
864834268799410560,信義大道溫馨家庭,146254191,Joseph & Elva,,信義區,25.033888854092304,121.57476589420324,Private room,4357,30,0,,,30,91,0,
865593454711782334,雙人房,509204937,西門,,萬華區,25.044807,121.5062111,Private room,,1,1,2023-05-26,0.05,5,365,0,
865701547632069272,COZYxSPACE/電梯大樓/寧夏夜市/台北車站三分鐘/兩房一衛/Qsquare,470085516,Yang,,大同區,25.051119046672767,121.51752807329326,Entire home/apt,3416,6,10,2024-12-02,0.63,8,211,6,
865791735934449229,都市小宅R/ MRT西門3分鐘 /獨立套房/3人.,445307436,承芊,,萬華區,25.04372846019253,121.50810377569992,Entire home/apt,1478,3,15,2024-12-09,0.72,28,198,8,
865796034989937990,小樹林E/ MRT西門3分鐘 /獨立套房/2人.,445307436,承芊,,萬華區,25.04403,121.50631,Entire home/apt,1876,3,40,2024-12-13,1.93,28,206,20,
866280503868761222,福懋雅房(313)適合學生月租，交通無敵方便，生活機能超強，清潔需額外加收清潔費,489403010,宥瑩,,中正區,25.02875,121.51836,Private room,375,30,3,2024-05-06,0.16,15,306,1,
866311865316211919,Dazhi Apt open kitchen 1BED 2BATH near subway,509349114,ShihChi,,中山區,25.079659569920537,121.54412270469605,Entire home/apt,2884,5,12,2024-11-18,0.69,1,289,9,
866318653088851090,陽光安和好窩(A)/電梯管理大樓/MRT信義安和2分鐘,51675276,Cathy,,大安區,25.0322539540803,121.55262272804976,Private room,1586,30,2,2024-04-06,0.12,8,170,1,
866350227347516106,三人房,509204937,西門,,萬華區,25.045503645536055,121.50689428498542,Private room,2429,1,0,,,5,365,0,
866390032965935729,五人房,509204937,西門,,萬華區,25.04376,121.50546,Private room,,1,0,,,5,365,0,
866468215209471075,近南港世貿中心、東湖捷運站、內湖法務部行政執行署！,132027068,Vic,,內湖區,25.0662741,121.6125638,Entire home/apt,3215,28,0,,,1,180,0,
866510774507460891,101信義商圈/市政府捷運站/兩床三人大套房,19216347,心誠,,信義區,25.043989849174626,121.57013435073652,Entire home/apt,1150,30,1,2023-07-27,0.06,35,334,0,
866510786915946289,101/信義商圈對面電梯兩房/市中心/市政府轉運站,19216347,心誠,,信義區,25.044701934079455,121.56958213337326,Entire home/apt,1707,28,0,,,35,110,0,
866570005551539653,Shared Dana Park room,53903691,Amazing Home,,大安區,25.03606,121.53299,Private room,,5,7,2024-12-20,0.36,5,73,6,
866977128625278439,接機優惠Dec hot sale房價是由質量決定的/捷運世貿101站近吳興街/近北醫/稀有雙層大空間,12812606,Simon,,信義區,25.027331951332382,121.56546467689161,Entire home/apt,3089,2,14,2024-12-24,0.67,15,359,8,
867198890420314116,3 Mins Walking from MRT. Near 101/Night Market,250617459,Stella,,大安區,25.021471,121.549206,Entire home/apt,4341,2,44,2024-12-28,2.29,1,185,34,
867221816342771141,RO 2BR Apt w/ lift near Ximen MRT 西門町 近西門地鐵站 獨立浴室,79915350,Paradise Taipei,,萬華區,25.04586,121.50212,Entire home/apt,2994,3,56,2024-11-24,2.73,29,164,29,
867240730429053963,SS 1BR Apt w/ lift near Ximen MRT 西門町 近西門地鐵站 獨立浴室,79915350,Paradise Taipei,,萬華區,25.044881706392527,121.50405185885856,Entire home/apt,3719,4,55,2024-11-18,2.71,29,161,26,
867618196752415885,旅家雅舍11CD＠4B3B新裝潢高樓層 古亭站5分鐘 師大永康商圈,104979863,Frank,,中正區,25.02286,121.52511,Entire home/apt,9286,3,5,2024-09-26,0.27,15,271,4,
867659555714435538,西門町시먼/ Ximen MRT/全新裝潢/獨棟別墅15-19P,509657209,Sally,,萬華區,25.04078,121.50132,Entire home/apt,7714,2,56,2024-12-17,2.96,11,191,38,
867763700150385156,西門시먼/Ximen MRT(3min)/全新裝潢3-6p,509657209,Sally,,萬華區,25.040348877474568,121.5023107695612,Entire home/apt,3214,2,48,2024-11-30,2.53,11,199,29,
867788180197830582,西門町시먼/龍山寺용산사/清新北歐風/3-8p,509657209,Sally,,萬華區,25.038349999946135,121.50062204659416,Entire home/apt,3986,2,45,2024-11-27,2.31,11,228,32,
867811806955488099,【超值優惠經濟房】有電梯、假日不加價、位置西門町商圈夜市中、距離MRT西門站走路1分鐘,508973584,Ancestry,,萬華區,25.043330647845565,121.50801727448554,Entire home/apt,1971,4,50,2024-11-24,2.39,2,255,19,
867832863114244942,《Angel’s》Modern Chinese Style Landscape Room,515197667,Fanhsuan,,大安區,25.02574,121.52376,Entire home/apt,2490,2,42,2024-12-01,2.04,2,281,23,
868356645364024593,"捷運101世貿中心美宅, 2房2衞浴,捷運走路5分鐘",25523787,New Apt,,信義區,25.02989280739999,121.5639590604901,Entire home/apt,4664,7,6,2024-09-28,0.40,26,191,5,
868380461918409249,四人房,509204937,西門,,萬華區,25.044807,121.5062111,Private room,,1,1,2023-06-10,0.05,5,365,0,
868442675479826782,Ximending MRT 2mins景觀陽台房2~4人~新質感裝潢~有電梯~國內訂房未開放～工業2,504539628,Jack,,萬華區,25.042924,121.505745,Entire home/apt,2343,2,52,2024-12-25,3.38,2,267,49,
868457918751834211,NTNU NTU台大師大浪漫巴厘島風套房@台電大樓捷運3分鐘,23437247,Young,,大安區,25.025012941622386,121.5325698581219,Private room,,28,0,,,35,0,0,
868478288066317207,SD兩房大空間,509831065,景琇,,大同區,25.072418399013422,121.51071053489493,Entire home/apt,1300,31,8,2024-10-31,0.42,2,269,5,
868591821487160610,溫馨安和好窩(B房)/電梯管理大樓/專人收垃圾/MRT信義安和站2min,51675276,Cathy,,大安區,25.03301,121.55325,Private room,1457,30,5,2024-09-23,0.30,8,171,4,
869065856699125188,工業風  Q25經典四人房型 西門站 近台北車站 迪化街 101商圈 九份 十分（二樓 無電梯）,115798819,Airbnb,,萬華區,25.04159,121.50534,Private room,,3,28,2024-12-16,1.36,68,83,10,
869193279951723579,Love Yongkang_2Ba2Br modern apt monthly rental,488416020,OurPlace,,大安區,25.0295501,121.5279516,Entire home/apt,5543,10,14,2024-11-16,0.70,10,100,7,
869199703463451374,南港區 單人房2A，溫馨&簡約 一卡背包就可入住！近藍線捷運,48973968,怡穎,,南港區,25.04811823574039,121.58943277701758,Private room,600,30,0,,,24,352,0,
869210360662209586,南港區 單人房2B，溫馨&簡約 一卡背包就可入住！近藍線捷運,48973968,怡穎,,南港區,25.04897864939261,121.58922401716899,Private room,600,14,2,2023-08-16,0.10,24,327,0,
869213641243447639,南港區 單人房2C，溫馨&簡約 一卡背包就可入住！近藍線捷運,48973968,怡穎,,南港區,25.04779295992701,121.58966556575602,Private room,,7,5,2024-09-01,0.46,24,335,5,
869215701605037107,南港區 單人房2D，溫馨&簡約 一卡背包就可入住！近藍線捷運,48973968,怡穎,,南港區,25.047592765348295,121.58977596616131,Private room,769,30,1,2024-01-01,0.08,24,345,1,
869406224332664065,8~10ppl Apartment: 3 rooms and 1 bathroom,330579461,Toto,,大安區,25.0401154810437,121.54177684623767,Entire home/apt,3780,2,18,2024-12-08,0.91,30,176,8,
869406283362148853,6~8 ppl Apartment : 3 rooms + 2 bathrooms,330579461,Toto,,大安區,25.039777775751332,121.55138401774956,Entire home/apt,,2,5,2023-12-25,0.24,30,173,0,
869820608701978983,NTNU NTU 台大師大巴厘島風採光雅房@台電大樓捷運站,23437247,Young,,大安區,25.02329,121.53052,Private room,,45,0,,,35,0,0,
869935833333217089,西門町시먼/ Ximen MRT(3min)/家樂福(4min)/全新裝潢電梯大樓/6-14p,509657209,Sally,,萬華區,25.04215879272507,121.50644020661433,Entire home/apt,6814,2,44,2024-12-12,2.27,11,223,39,
869940830927508649,Christmas*東區質感家居 風格靜巷珍稀座標/忠孝敦化站5min,500277849,Gennie,,大安區,25.03964,121.55033,Entire home/apt,5545,2,52,2024-12-25,2.77,11,173,30,
870461669589508072,TPEHS XN852/鵝童樂園/西門町/電梯/捷運西門站走路6分鐘/洗脫烘衣機/住1-8人,493324130,House,,萬華區,25.04456247290815,121.50600246532333,Entire home/apt,4144,2,55,2024-12-16,2.72,55,164,30,
870892998782839004,Nice place,9317252,Vic,,士林區,25.07917337458528,121.52346892970363,Entire home/apt,92899,1,0,,,1,91,0,
870909586530759660,台北101跨年 Discount305/夜市/台北車站/西門町/捷運西門站走路3分鐘/電梯1-4人,493324130,House,,萬華區,25.041530310327623,121.5036658877387,Entire home/apt,2266,2,63,2024-12-15,3.09,55,163,38,
870910972952537311,（春節房限量早鳥優惠）西門町獨棟電梯品牌公寓-揪窩 401（拎包入住，獨立套房，月租5折優惠）,5745433,茱莉Julie 姐,,萬華區,25.045018296333946,121.50400964781987,Private room,1570,3,9,2024-12-27,0.45,6,178,6,
870921485206263676,台北101跨年 Discount 307/夜市/台北車站/西門町/捷運西門站走路3分鐘/電梯1-4人,493324130,House,,萬華區,25.04243,121.50554,Entire home/apt,2333,2,75,2024-12-23,3.67,55,169,39,
871455918560398363,Elevator Villa Five Bedroom Pool,510428823,重叡,,內湖區,25.067614293154506,121.59823639954341,Entire home/apt,8800,30,0,,,1,365,0,
871532870424179814,西門町標準雙人房 Ximending Double Room,122764186,Kyo,,萬華區,25.0431251,121.5052835,Entire home/apt,2629,2,57,2024-12-08,2.79,86,78,29,
871548544590677009,Nice Studio @ Linguang MRT 2mins,471945582,House,,大安區,25.0183404,121.5570001,Private room,9,30,5,2024-11-30,0.99,41,142,5,
871557426173384012,Nice Room B @ Linguang MRT 2mins,471945582,House,,大安區,25.0183404,121.5570001,Private room,,30,5,2024-12-07,0.25,41,116,4,
871562017976150396,Nice Room D @ Linguang MRT 2mins,471945582,House,,大安區,25.0183404,121.5570001,Private room,550,30,3,2024-10-09,0.18,41,83,2,
871683024780924084,【西門町6min】住進台北人的家，4-6人家庭房/2房2衛浴附浴缸/有電梯,171628155,Adam,,萬華區,25.043533372807577,121.50400094415428,Entire home/apt,5829,3,82,2024-12-23,3.95,6,109,36,
872108701014300284,Christmas*City Gallery東區最精華#忠孝復興站#台北Sogo購物中心#新光三越,500277849,Gennie,,大安區,25.04149,121.54045,Entire home/apt,3780,2,30,2024-12-21,1.46,11,176,22,
872143713134769331,文昌寓所,29436349,Tai Lin,,大同區,25.0594516,121.5203692,Entire home/apt,3000,3,37,2024-12-30,2.86,1,71,35,
872277866248347613,[享家內湖二館] 捷運文德站4分鐘，間間對外窗。內科上班免塞車~,63083993,Sandy,,內湖區,25.083355655308733,121.56478595932445,Private room,525,90,0,,,3,306,0,
872327540461806842,Super Sale｜5-minute walk to MRT Dongmen Station,170047577,Joanna,,大安區,25.02943,121.53002,Entire home/apt,2779,1,77,2024-12-11,3.72,1,37,36,
872457415943677578,台北101跨年 Discount 308/西門町/夜市/台北車站/捷運西門站走路3分鐘/電梯1-6人,493324130,House,,萬華區,25.042579118241626,121.5055877196812,Entire home/apt,2914,2,57,2024-12-17,2.84,55,164,31,
872650866758627785,Xtra discount @ Ximending / 5 mins walk to MRT,510709553,Daz,,萬華區,25.04169,121.50558,Entire home/apt,2091,2,30,2024-12-31,1.63,1,55,17,
873046747151304221,H608/1-4PP/500mtoXimenMRT/WiFi/Elevator/Netflix,136010110,Rex,,萬華區,25.04381,121.50449,Entire home/apt,2554,2,96,2024-12-31,4.74,36,345,57,
873739619597268278,Long stay: loving home in Taipei,8039929,Rekate,,士林區,25.11203,121.53384,Private room,1334,6,4,2024-07-19,0.20,2,363,3,
873835189327800311,*SABLE |包棟Villa/三層豪宅別墅/忠孝復興捷運站/夜市/5 rooms 4 baths,510950512,Day,,中山區,25.044900105125674,121.5412300883302,Entire home/apt,21363,1,7,2024-10-20,0.41,3,99,2,
873903570023233123,TPEHS QM310/星黛露兔StallaLou/台北車站/西門町捷運站走路3分鐘/電梯住1-6人,493324130,House,,萬華區,25.041497449850326,121.50373140642247,Entire home/apt,2557,2,59,2024-12-18,2.89,55,175,31,
874157758315751847,台北車站60秒 臺北 2人房 Taipei main station 白色空間 II,319788512,Shelley,,中正區,25.045066652770124,121.51647229148897,Entire home/apt,,1,108,2024-11-20,5.47,16,0,62,
874189396533252545,MRT西門町步行三分鐘Taipei Ximending舒適樓中樓（月租2-4人房),30569371,S,,萬華區,25.04154,121.50591,Entire home/apt,1514,3,60,2024-11-19,2.90,5,70,27,
874476750427151610,A2-性價比高-可1-2人簡約獨立衛浴套房-近西門町、龍山寺、地鐵站，月租套房-短租需提供證件請內洽,499306096,哥,,萬華區,25.034765671497812,121.49635349113196,Entire home/apt,1017,2,76,2024-12-17,3.88,13,48,39,
874514945893816767,A3 性價比高-可3-6人簡約獨立衛浴套房-近西門町、龍山寺、地鐵站，月租套房-短租需提供證件請內洽,499306096,哥,,萬華區,25.03596,121.49819,Entire home/apt,2094,2,70,2024-12-29,3.54,13,35,39,
874634382323244050,A5 性價比高-可2-4人簡約獨立衛浴套房-近西門町、龍山寺、地鐵站，月租套房-短租需提供證件請內洽,499306096,哥,,萬華區,25.035925670645895,121.49661444531422,Private room,903,2,61,2024-12-23,3.11,13,53,40,
874878064229378880,"150sqm flat, modern, bright, furbished, convenient",3390595,Sébastien,,士林區,25.10796710703928,121.53127196795178,Entire home/apt,4000,10,4,2024-08-21,0.24,1,71,2,
875100781463266202,西門시먼/ Ximen MRT(5min)/電梯大樓/7-16p,509657209,Sally,,萬華區,25.047586167229916,121.50681410191414,Entire home/apt,4307,2,59,2024-12-09,3.00,11,235,25,
875276929498541624,台北短租/捷運共構/飯店式家庭房,19216347,心誠,,信義區,25.042700130257952,121.5811846531708,Entire home/apt,1680,24,0,,,35,332,0,
875347107170932317,台北101跨年 Discount309/西門町/夜市/台北車站/捷運西門站走路3分鐘/電梯1-6人,493324130,House,,萬華區,25.04334666000366,121.50355722619578,Entire home/apt,3125,2,61,2024-12-24,3.01,55,176,34,
875355910782035906,July discount QM302/西門町/夜市/台北車站/捷運西門站走路3分鐘/電梯住1-6人,493324130,House,,萬華區,25.04332004016997,121.50563746082841,Entire home/apt,2441,2,58,2024-12-23,2.84,55,179,34,
875594311736773939,工業風  Q35經典四人房型  西門站 近台北車站 迪化街 101商圈 九份 十分（三樓 無電梯）,115798819,Airbnb,,萬華區,25.04383,121.50394,Entire home/apt,861,3,34,2024-11-26,1.67,68,72,13,
875603954548240363,工業風  Q55經典四人房型  西門站 近台北車站 迪化街 101商圈 九份 十分（四樓 無電梯）,115798819,Airbnb,,萬華區,25.04359,121.50387,Entire home/apt,952,3,29,2024-11-11,1.41,68,86,15,
875651044379077465,Simple Room@Longshan MRT-Room B,471945582,House,,萬華區,25.040001163878465,121.50116606938599,Private room,700,30,5,2024-10-23,0.29,41,142,4,
876447717231324276,【通化夜市步行距離】6~8人房-3房2衛/捷運信義安和5分鐘/文青咖啡廳,330579461,Toto,,大安區,25.03165,121.55637,Entire home/apt,5475,2,14,2024-12-27,0.72,30,170,12,
876535386260071645,忠孝復興捷運9分鐘/三房/1.5衛浴/小廚房/有露臺/前後採光/升級WIFI設備,50089822,Leon,,中山區,25.0461866855314,121.54235566057392,Entire home/apt,5429,3,62,2024-12-12,3.01,3,44,28,
876552953896673781,Christmas*Beautiful condo感受城市繁華創新#捷運信義安和站5min#通化夜市,500277849,Gennie,,大安區,25.031820599145487,121.55641694764842,Entire home/apt,5475,2,26,2024-12-17,1.29,11,170,6,
876606570799050635,"2-5P, 5 mins to Ximen station",482581813,Jan,,萬華區,25.041982474580383,121.50394346901474,Entire home/apt,2800,3,61,2024-12-16,3.37,2,272,40,
876694856530296006,無限分之一《台北市松山區》,174093993,敏,,松山區,25.0577175,121.5631196,Private room,1148,10,22,2024-09-20,1.15,1,277,4,
876821418367671236,505 charming room 2 mins to MRT (3 stops to Ximen),315964087,Lynn,,中山區,25.05003632694422,121.53255091855453,Private room,1651,1,24,2024-12-01,1.18,10,180,10,
876987032092375540,"5 mins to MRT Taipei 101, elevator studio for 2",21506709,Maggie,,信義區,25.028883240159775,121.5615348359366,Entire home/apt,2354,29,6,2024-10-14,0.36,27,80,5,
877108248896005381,Happy4～8人採光明亮房1分鐘到台北車站M6出口,20880721,Harry,,中正區,25.047619934608782,121.51645732735662,Entire home/apt,4914,2,23,2024-12-17,1.24,15,326,8,
877181985282880593,接機優惠Dec hot sale/Xinyi Dist大巨蛋就在眼前,268347453,Nigel,,信義區,25.043741467950515,121.56380904379384,Entire home/apt,6126,2,7,2024-11-01,0.35,19,355,2,
877261998806381191,"2-4P,3mins to Ximen station.",128806861,Kenson,,萬華區,25.04368833601414,121.50687203157491,Entire home/apt,2586,3,78,2024-12-14,3.82,13,284,44,
877272529311241957,Cellars.room 老窖室｜東區多功能活動空間 可唱歌 慶生 派對 課程 聚會 非住宿,60737664,Bingo,,大安區,25.0392,121.55599,Entire home/apt,,1,4,2024-11-15,0.34,7,179,4,
877309152275119599,*Coppery | 1F 奢華豪宅空間/兩房兩衛/頂級會所/市中心/夜市/低樓層,510950512,Day,,中山區,25.04515,121.54073,Entire home/apt,6462,2,71,2024-12-05,3.57,3,126,42,
877346524664925592,Urban Apartment  | 30 sec x 2 MRT,29010786,Raymond,,中山區,25.064259491288986,121.5209070243551,Entire home/apt,2500,30,7,2024-11-21,0.43,1,197,4,
877428739825652335,B-C《月租》《可短租》近民權西路站、中山國小捷運站/雙人套房/晴光市場/美術館,906344,Lily,,中山區,25.0618376,121.5254316,Entire home/apt,1329,3,17,2024-12-02,0.98,23,174,16,
877821569854596323,𖦤交通便利/機場捷運步行3分鐘/乾淨舒適漂亮/大樓電梯/雙人床位,173321819,109Yang,,中正區,25.0460836,121.5112024,Shared room,,1,4,2023-10-14,0.21,25,0,0,
877968616771705738,接機優惠Dec hot sale/Greathopes make greatman/sogo家庭房,268347453,Nigel,,大安區,25.040845498573315,121.5375952500397,Entire home/apt,3764,2,16,2024-12-20,0.80,19,352,4,
877997520148434316,接機優惠Dec hot sale.You complete me/中山國中becauseofyou,268347453,Nigel,,中山區,25.05924,121.54071,Entire home/apt,4270,2,21,2024-11-02,1.34,19,359,10,
878123256674101279,Daan Park_Sunny,53903691,Amazing Home,,大安區,25.03553,121.53432,Entire home/apt,5300,5,2,2023-11-17,0.14,5,27,0,
878664999100312333,May the force be with you/信義安和站/臨江夜市,268347453,Nigel,,大安區,25.03253,121.55517,Entire home/apt,,2,15,2024-11-24,1.00,19,351,13,
878719847815814182,101旁典雅溫馨住家歡迎月租,146254191,Joseph & Elva,,信義區,25.032311639135322,121.559304120798,Private room,6093,30,1,2023-12-22,0.08,30,89,0,
878751713559989709,Cette nuit-là/東區商圈/忠孝復興/西門町/台北車站,234963902,Nina,,大安區,25.0413292,121.5439381,Entire home/apt,5143,1,86,2024-12-15,4.47,6,334,52,
878827622041491430,Taipei 101 MRT (5 min) Room A,471945582,House,,信義區,25.0293,121.56235,Entire home/apt,,30,5,2024-11-11,0.97,41,0,5,
878879549849328438,SW Apt w/ lift near Ximen MRT 西門町Loft 近西門地鐵站 獨立浴室,79915350,Paradise Taipei,,萬華區,25.044166383986415,121.50348265966798,Entire home/apt,2259,3,57,2024-12-26,2.81,29,163,24,
879378797430883334,＊MRT TPE Arena Sta.｜2 BD w elevator & Bathtub｜YanJ,242730194,Kolette,,松山區,25.04674,121.55405,Entire home/apt,4275,30,5,2024-01-31,0.25,67,105,2,
880207387376546640,西門捷運（月租）電梯大樓3分鐘ins風清新2-3人雙人房（國內訂房尚未開放）,161246735,Blue Sky,,萬華區,25.04083,121.50628,Entire home/apt,1863,3,25,2024-11-19,1.35,7,75,9,
880416627712568693,近西門捷運走路五分鐘，100平方米，有陽臺有電梯65吋大電視，附冷氣,14567958,Jon,,萬華區,25.04249,121.50517,Entire home/apt,3264,5,36,2024-12-11,1.81,18,133,23,
880710291735781198,月租享折扣-大窗景／台北市綠線ＭRT地鐵／古亭捷運站／台電大樓捷運站／台大＋師大／永康街,512402035,Yu Yu,,中正區,25.02341,121.52403,Entire home/apt,1957,5,3,2024-11-28,0.19,2,324,2,
880838706371749308,Bright Spacious Room in Guting,148282119,Paul,,中正區,25.02347,121.52053,Private room,1200,5,8,2024-08-13,0.41,2,74,5,
881013841967488806,信義計畫區101旁時尚美居歡迎月租,146254191,Joseph & Elva,,信義區,25.033993209357355,121.57292301623758,Private room,2940,30,0,,,30,365,0,
881390754752654518,Cozy room/Share House/NTU/Technology Building/D,18920780,Ann,,大安區,25.021713323465434,121.54349042410597,Private room,790,28,7,2024-11-30,0.36,17,327,3,
881448316338860060,Simple Room @ Longshan MRT - Room A,471945582,House,,萬華區,25.039626011769773,121.49965769338073,Private room,1904,21,4,2024-10-06,0.77,41,142,4,
881523072000529881,Christmas*Deluxe Family Room 東區完整機能/忠孝敦化站3 min明曜百貨,500277849,Gennie,,大安區,25.04088,121.5509,Entire home/apt,4552,2,38,2024-12-22,1.89,11,175,16,
881536637990506946,Christmas*Unique style收藏台北最美景觀視野/國父紀念館站 5min#台北大巨蛋,500277849,Gennie,,大安區,25.03894576276112,121.55708994371186,Entire home/apt,,2,26,2024-08-24,1.32,11,0,10,
881636059959111429,"接機優惠Dec hot sale/Always have, always will/捷運麟光站/5床",268347453,Nigel,,大安區,25.01864,121.5569,Entire home/apt,3937,2,11,2024-09-29,0.63,19,362,6,
882246631174940828,接機優惠Dec hot sale/Beauty is found within/臨江夜市/獨棟4層樓,268347453,Nigel,,大安區,25.03006,121.5563,Entire home/apt,4036,2,15,2024-10-27,1.00,19,347,10,
882256539208959778,小樹林B/ MRT西門3分鐘 /獨立套房/2人.,445307436,承芊,,萬華區,25.04378,121.50784,Entire home/apt,1482,3,32,2024-12-14,1.61,28,228,18,
882271233960815034,灰色空間D/ MRT西門3分鐘 /獨立套房/4人.,445307436,承芊,,萬華區,25.043814340896795,121.50751843331524,Entire home/apt,2725,3,39,2024-12-09,2.02,28,201,16,
882422201402792802,Tpe 101 Room C @ Taipei 101 MRT,471945582,House,,信義區,25.03125,121.55923,Private room,6,30,3,2024-12-06,0.19,41,121,2,
882951416842925418,工業風  Q61經典四人房型  西門站 近台北車站 迪化街 101商圈 九份 十分（五樓 無電梯）,115798819,Airbnb,,萬華區,25.043609243101713,121.50589532097244,Private room,1040,3,26,2024-11-24,1.32,68,86,14,
882966099228129032,西門町簡單雙人房 Ximending Double room,122764186,Kyo,,萬華區,25.0454747,121.5087857,Entire home/apt,1486,2,64,2024-12-01,3.29,86,82,44,
883622298899491170,Karen的房源,513055200,Karen,,信義區,25.02716,121.55753,Entire home/apt,1814,29,0,,,2,65,0,
883665806653906430,"接機優惠Dec hot sale/ beautifully,dreampassionately",268347453,Nigel,,大安區,25.04352126698992,121.54377819921521,Entire home/apt,3886,2,23,2024-10-20,1.32,19,354,15,
883709562038530781,TPHS QM303/捷運西門町站走路3分鐘/2雙人床1沙發床/電梯/住1-6人,493324130,House,,萬華區,25.04172,121.50536,Entire home/apt,2759,2,60,2024-12-23,3.08,55,171,39,
883778179166695887,信義區大陽台套房，走路到市政府捷運站只要4分鐘！信義商圈只要5分MRT BL-18,158945627,Ivory,,信義區,25.0436857,121.5681832,Entire home/apt,3309,5,16,2024-10-21,0.81,15,151,8,
883931980281253649,【熱鬧吃逛在東區】電梯 3房2衛 ~ 8人房 / MRT忠孝敦化3mins,330579461,Toto,,大安區,25.040282,121.5516932,Entire home/apt,5774,2,7,2024-06-17,0.38,30,175,3,
884305142367954652,Da'an District single room a月租~NTNU/NTU/Ntust,107651931,曉珊,,大安區,25.024129896661222,121.52887787944576,Private room,650,28,1,2024-09-07,0.26,25,183,1,
884465314928642671,[月租]SA大採光獨立套房/士林夜市1分鐘/劍潭站6分鐘/北藝中心/銘傳大學/小廚房,291283304,Naomi,,士林區,25.08889,121.52394,Entire home/apt,1833,2,34,2024-12-14,1.76,31,130,16,
884473698468909190,[月租]TA大採光獨立套房/士林夜市1分鐘/劍潭站6分鐘/小廚房,291283304,Naomi,,士林區,25.08701,121.52494,Entire home/apt,2033,2,41,2024-12-16,2.06,31,88,19,
884475677988583588,Spacious room/Share House/NTU/TechnologyBuilding/C,18920780,Ann,,大安區,25.021127811113452,121.54203375683487,Private room,820,28,2,2024-08-11,0.10,17,326,1,
884491662906967125,30S to  MRT｜2 double bed,507851088,Erin,,大安區,25.04064379431096,121.54985324968662,Entire home/apt,1785,2,72,2024-12-27,3.72,3,163,42,
885063497087900878,台北車站60秒 臺北 4人房 Taipei main station 白色空間 V,319788512,Shelley,,中正區,25.046273196452738,121.51597058640428,Entire home/apt,,1,99,2024-10-24,4.97,16,0,64,
885066484418801744,台北車站60秒 臺北 2人房 Taipei main station 白色空間 XI,319788512,Shelley,,中正區,25.0443,121.51538,Entire home/apt,,1,106,2024-10-31,5.33,16,0,57,
885069556626862269,台北車站60秒 臺北 2人房 Taipei main station 白色空間 XIII,319788512,Shelley,,中正區,25.044672555652234,121.51672336871266,Entire home/apt,,1,101,2024-11-30,5.12,16,0,66,
885114025053757760,接機優惠Dec hot sale/Destiny takes a hand/松山機場3衛浴(有浴缸),268347453,Nigel,,松山區,25.0607,121.55298,Entire home/apt,5020,2,40,2024-12-28,2.46,19,346,27,
885261234475194123,A-B4《月租》《可短租》中山捷運站-雙人套房(含獨立衛浴),906344,Lily,,中山區,25.0526859,121.5212293,Entire home/apt,1502,3,14,2024-11-26,0.83,23,171,8,
885918476168948005,通化夜市5分/近101/2bed/MRT8分/4人/市中心/大廚房/柚木大理石/電梯/Loft/月租,513055200,Karen,,信義區,25.02844,121.55716,Entire home/apt,4986,29,26,2024-07-29,1.35,2,91,10,
885966892199054909,陽台吹吹風＠西門町徒步區（2-6人）/ 獨立房源/落地窗陽台/電梯,89010268,Silvia,,萬華區,25.045048648511848,121.50613385290627,Entire home/apt,3357,2,15,2024-10-14,0.75,7,15,3,
886076352299778571,[長租價錢可談]誠品松菸旁、限女生、近捷運國父紀念館與南京三民、機能極佳。,227129106,俊則,,松山區,25.047338852033814,121.55867632473115,Private room,750,30,7,2024-12-18,0.53,1,100,5,
886122168053377055,"Ximen 시먼 Ocean loft, New lift with balcony",60566627,Sasha,,萬華區,25.04528,121.50696,Entire home/apt,3550,2,64,2024-12-16,3.22,3,46,34,
886531086249368403,7樓Taipei Main Station Ximending 101西門泳池新大樓3房1-6人,48195411,David,,大同區,25.050528537602958,121.51772894364512,Entire home/apt,5897,2,85,2024-12-23,4.27,4,336,51,
886572542188067678,Simple Room @ Longshan MRT - Room F,471945582,House,,萬華區,25.04196,121.50037,Private room,106,30,4,2024-11-02,0.31,41,146,3,
886595904110411162,台北短期月租／飯店式套房／捷運共構／,19216347,心誠,,信義區,25.042589879506412,121.5829494952431,Entire home/apt,1450,25,1,2023-06-18,0.05,35,145,0,
886597628683971992,接機優惠Dec hot sale/Venture outside yourcomfortzone西門,485262233,Lambert,,萬華區,25.045887291990994,121.5066918933708,Entire home/apt,6107,2,34,2024-12-31,1.73,17,162,14,
886677461847712664,西門町商圈B／紅樓旁／西門站步行4分鐘／公寓二樓／垃圾代收／樓下有自助洗衣店,510241790,Yihan,,萬華區,25.0423764,121.505232,Entire home/apt,1680,3,38,2024-11-19,2.14,16,79,24,
886846448396724646,B Hostel here台北101大安捷運EXIT6號,28402175,Somer,,大安區,25.03551624001642,121.54653478413819,Private room,945,3,59,2024-12-16,2.98,11,241,35,
886920211711377402,Room C · 檒 | 2床1衛｜採光佳 ｜電梯大樓｜中山捷運站.商圈｜1-4P,91055284,樂樂,,中山區,25.05004,121.52478,Private room,2794,2,41,2024-08-05,2.05,5,263,11,
886953475433750828,Room E · 櫊｜2床1衛｜落地窗採光佳｜電梯大樓｜中山捷運站.商圈｜1-3P,91055284,樂樂,,中山區,25.0514,121.52385,Private room,1952,2,44,2024-12-14,2.23,5,230,18,
887244824672894897,Taipei 101 MRT (5 min) Room D,471945582,House,,信義區,25.02895,121.56229,Private room,,30,3,2024-09-02,0.26,41,62,3,
887545652192657801,Cozy room/Yongkang street/Share House/NTNU/Dongmen,18920780,Ann,,大安區,25.02809,121.52931,Private room,980,28,7,2024-09-03,0.41,17,239,4,
887553815683239849,[月租]SB獨立套房/士林夜市1分鐘/劍潭站6分鐘,291283304,Naomi,,士林區,25.08699638634376,121.52402956274128,Entire home/apt,,2,20,2024-02-14,1.03,31,0,3,
887566213910413015,[月租]TB獨立套房/士林夜市1分鐘/劍潭站6分鐘/北藝中心,291283304,Naomi,,士林區,25.086947053374846,121.52404725553305,Entire home/apt,1423,2,30,2024-12-08,1.51,31,164,14,
887571693210682543,Cozy & spacious room/Share House/NTNU/Guting/C,18920780,Ann,,大安區,25.02813,121.52576,Private room,830,28,6,2024-11-30,0.36,17,325,1,
888052946870176396,Enjoy Taipei as your backyard!,513077627,Eddo,,大安區,25.029768808046086,121.55458032866134,Entire home/apt,4214,4,20,2024-11-27,1.06,2,313,13,
888364563536107315,[above the park] 2分鐘到捷運｜大窗戶｜舒適設計,47885711,Hank & Leo & Ruby,,中正區,25.04306507533278,121.51474998376979,Entire home/apt,2953,21,11,2024-06-15,0.56,4,114,4,
888407792697419526,August discount 301/西門町/夜市/台北車站/捷運西門站走路3分鐘/電梯住1-6人,493324130,House,,萬華區,25.04356,121.504,Entire home/apt,3111,2,53,2024-12-17,2.70,55,168,35,
888416010956001050,西門商圈618/捷運西門站步行2分鐘/有電梯/附洗衣機/附流理臺,508233574,詩純,,萬華區,25.04344,121.5079851,Entire home/apt,2418,3,14,2024-07-03,0.72,26,88,6,
888844392256502039,"Taipei NTNU/NTU( 1min Taipower MRT,Shida market)1C",221534550,Anne,,中正區,25.01892,121.52892,Private room,971,2,30,2024-12-15,1.53,48,77,17,
888848360089187632,接機優惠 Dec hot sale.走路10分钟到大巨蛋/忠孝敦化捷運站3min,268347453,Nigel,,大安區,25.03915,121.55115,Entire home/apt,4959,2,13,2024-12-26,0.86,19,336,12,
888902223915557756,MRT 市政府站兩房公寓 信義商圈,346656524,Ola,,信義區,25.041444152310365,121.5643314499955,Entire home/apt,4134,7,22,2024-11-30,1.15,21,239,11,
889025855117091897,杜拜酋長沙漠總統套房-二房二廳二衛（捷運台北小巨蛋）,365765497,Myvan,,松山區,25.05330654894385,121.55805021915542,Entire home/apt,14000,1,2,2024-10-20,0.10,3,362,1,
889026354593382937,[月租]TC獨立套房/士林夜市1分鐘/劍潭站6分鐘/北藝中心,291283304,Naomi,,士林區,25.08897878889837,121.52390136242163,Entire home/apt,1071,2,25,2024-11-17,1.28,31,163,13,
889737512886062540,台大/師大/台電大樓站附近一整層公寓三房,19216347,心誠,,大安區,25.02117418650701,121.53073759360512,Entire home/apt,3000,28,1,2024-07-06,0.17,35,333,1,
890235444773720706,Christmas*Brand New Deco 奢華尺度新境界 豪宅巔峰/大安站 3min,500277849,Gennie,,大安區,25.03182,121.54304,Entire home/apt,5236,2,51,2024-12-29,2.59,11,169,31,
890293997415303401,Star 101景觀房2~6人房1分鐘到MRT台北車站M6出口,20880721,Harry,,中正區,25.046723011953834,121.51486260674871,Entire home/apt,4171,2,55,2024-12-14,2.91,15,347,27,
890474451583002817,Bright Yongkang 2Ba2Br Daan elevator Apt,488416020,OurPlace,,大安區,25.031287834288666,121.52934030800547,Entire home/apt,6771,7,9,2024-11-15,0.48,10,155,3,
890820972469397932,都市空間A/西門MRT步行3分鐘/獨立套房/2人,445307436,承芊,,萬華區,25.043702518870425,121.50680593299704,Entire home/apt,,3,3,2024-10-28,0.68,28,226,3,
891010552342740939,*MRT 6min｜Bright 2Bedroom apt.｜Elevator｜JN63A,242730194,Kolette,,大安區,25.03882,121.53652,Entire home/apt,,30,9,2024-12-16,0.55,67,29,6,
891016890439845794,Sun dreamer-捷運南京復興1分鐘-電梯大樓,246887329,En Chi,,中山區,25.0521178,121.5421964,Entire home/apt,2428,14,13,2024-07-13,0.70,4,134,9,
891039173042582175,Urban Apartment Studio- MRT Songjiang Nanjing,338250765,Eric,,中山區,25.0515089,121.5344633,Entire home/apt,2400,14,12,2024-11-30,0.76,1,183,10,
891045503655761743,【共度美好時光】Jay Chou/A-Mei演唱會 /6~8人 / 3房2衛 / MRT 國父紀念館,330579461,Toto,,大安區,25.037142327320826,121.55606023494758,Entire home/apt,,2,5,2024-06-09,0.27,30,0,2,
891256255710900456,山景101溫馨房歡迎月租,146254191,Joseph & Elva,,信義區,25.03562,121.5727,Private room,,30,0,,,30,90,0,
891697191075233900,Discover Taipei From A Cozy Private Studio,97265937,Chiang,,中正區,25.02255544122691,121.51694364714038,Entire home/apt,1200,30,0,,,1,353,0,
891768711511261139,Happiness 2～6人房分鐘到Mrt台北車站M6出口,20880721,Harry,,中正區,25.04581,121.51489,Entire home/apt,4257,2,43,2024-12-13,2.42,15,311,23,
891775807575719314,High101景觀房3～6人房1分鐘到MRT台北車站M6出口,20880721,Harry,,中正區,25.0474162040425,121.51631735280755,Entire home/apt,4486,2,24,2024-12-13,1.40,15,336,18,
891970192799388418,10% Off weekly stay/景美綠野全景房/獨立衛浴/電梯/陽台/暖氣,491502282,Anita,,文山區,24.988416,121.541984,Private room,1451,3,28,2024-11-18,1.48,10,65,19,
891994489322355969,Taipei 101_獨家_信義商圈舒適房_短租首選,449664424,Janet,,信義區,25.0426229,121.568167,Entire home/apt,1060,30,6,2024-07-29,0.33,11,279,2,
892045639818491703,TPEHS QM814/粉鑽玫瑰/洗脫烘衣機/台北車站/捷運西門町站走路3分鐘/電梯/住1-6人,493324130,House,,萬華區,25.041149703792726,121.50537345108008,Entire home/apt,2848,2,63,2024-12-11,3.26,55,173,40,
892355267058832902,【明亮空間 】電梯 6~8人 / 三房二衛 / 鄰近捷運大安站,330579461,Toto,,大安區,25.030465334100125,121.5443826428834,Entire home/apt,5236,2,2,2023-10-08,0.11,30,169,0,
892403042458775904,台北信義區101六張犁旁溫馨美居,146254191,Joseph & Elva,,信義區,25.0237,121.55529,Private room,4757,30,0,,,30,181,0,
892414096851600861,Sweet Home近中山國小捷運站、花博大佳河濱公園、晴光市場， 生活機能住宿方便,89947097,Anderson,,中山區,25.066889234301016,121.53071573514917,Private room,1112,1,62,2024-12-23,3.18,1,261,28,
892483266177544670,"Cozy, Sunlight Room/Share House/NTNU/GutingStation",18920780,Ann,,大安區,25.029501787255654,121.52448151353249,Private room,850,28,7,2024-08-29,0.42,17,283,4,
892504815320708661,＊MRT ６ min＊3 Bedroom w natural sunlight｜JN63B,242730194,Kolette,,大安區,25.039740050986257,121.53460126841007,Entire home/apt,,30,9,2024-12-17,0.49,67,29,7,
892530968113443638,Smile Family  @台北西門町 Ximending(4-6人),15012350,P&P,,萬華區,25.04514,121.506455,Entire home/apt,,2,71,2024-12-27,3.64,5,68,46,
892531282736167270,5/Ximending independent unit/7misWalkMRT,14567958,Jon,,萬華區,25.04307,121.50365,Entire home/apt,,2,64,2024-12-05,3.23,18,128,36,
892678758248278288,MRT-捷運西門 (2-3人) 有電梯,232114489,小豬,,萬華區,25.04528891296718,121.50510233890202,Entire home/apt,1786,2,61,2024-12-09,3.10,4,168,34,
893098334006121060,智能房間 Smart Home,412440575,竣亦,,信義區,25.0190252,121.5706748,Private room,799,120,3,2023-07-30,0.15,1,365,0,
893146919676525885,My House- everything mysterious,180666116,丸太,,萬華區,25.04468,121.50577,Entire home/apt,6884,3,51,2024-11-23,2.68,4,146,30,
893148643009210144,Taipei 101 MRT (5 min) Room C,471945582,House,,信義區,25.029431420411257,121.56236428147712,Private room,7,30,4,2024-12-10,0.21,41,142,1,
893295045441404182,Taipei Female Apartment 5F-02,110556206,Sally,,大安區,25.0238731,121.5250761,Entire home/apt,,365,0,,,5,90,0,
893366469113921783,有閱讀室的小公寓 2nd Floor,5363323,Olga,,大安區,25.02282332845011,121.52859206304238,Entire home/apt,2029,14,6,2024-02-21,0.31,8,105,2,
893865329641749306,捷運忠孝復興站-超好地段高樓層景觀房,235844318,Sara,,大安區,25.04375921505515,121.54398702085018,Entire home/apt,3743,4,18,2024-12-25,1.00,1,222,16,
893869904057323315,Two Bedrooms Apartment - Near MRT XingTian Station,5509533,Colin,,中山區,25.05742,121.53459,Entire home/apt,,5,6,2024-12-02,0.37,1,0,5,
894073327144157828,全新信義高級小豪宅VII/安全/少住戶/社區管理員/家電齊/代收垃圾/交誼廳/健身房/頂樓花園,50814331,Rei,,信義區,25.04807,121.57328,Entire home/apt,4076,2,11,2024-12-13,0.66,8,142,10,
894127328398980924,全新信義高級小豪宅III/安全/少住戶/社區管理員/家電齊/代收垃圾/交誼廳/健身房/頂樓花園,50814331,Rei,,信義區,25.0485894750455,121.57172654520724,Entire home/apt,3114,2,11,2024-10-06,0.60,8,162,9,
894133522359798033,全新信義高級小豪宅V/安全/少住戶/社區管理員/家電齊/代收垃圾/交誼廳/健身房/頂樓花園,50814331,Rei,,信義區,25.04837,121.5731,Entire home/apt,2357,2,9,2024-09-08,0.63,8,174,7,
894137245264947798,全新信義高級小豪宅II/安全/少住戶/社區管理員/家電齊/代收垃圾/交誼廳/健身房/頂樓花園,50814331,Rei,,信義區,25.048121201687792,121.57141811826162,Entire home/apt,2357,2,6,2024-11-20,0.67,8,174,6,
894251399293386830,"xYB1-kik Younger設計師之家/永春Mrt/101/信義計畫區
2/2/2 最多可住6人",22840761,Kikina,,信義區,25.040280965905367,121.57702856975263,Entire home/apt,,90,8,2024-03-10,0.43,21,90,1,
894585352634316951,接機優惠Dec hot sale 信義安和Light tomorrow with today,268347453,Nigel,,大安區,25.03022,121.55362,Entire home/apt,3553,2,22,2024-12-24,1.26,19,358,14,
894590786552738349,Taipei NTU Apt Blue Room 2F,125647931,Adam,,大安區,25.021984258430198,121.54194834708254,Private room,2000,1,1,2023-07-03,0.05,12,6,0,
894596865958367673,Taipei NTU Apt Red Room 2F,125647931,Adam,,大安區,25.022717932934228,121.54148152918249,Private room,4286,1,0,,,12,6,0,
894643008754362134,Metropolitan/西門町/台北車站/總統府/228公園,384488896,Shang Min,,中正區,25.044403431754084,121.51319069791997,Entire home/apt,3232,2,79,2024-12-28,4.07,6,153,45,
894691722688510819,City Connection/西門町/捷運台北車站/機場捷運/北車商圈,384488896,Shang Min,,中正區,25.04374,121.51529,Entire home/apt,5434,2,72,2024-12-24,3.73,6,331,44,
894821210048733653,Taipei NTU Apt Green Room 2F,125647931,Adam,,大安區,25.0247258,121.5429354,Private room,800,24,0,,,12,23,0,
894905629501664435,Taipei NTU/NTNU Apt 5F-1,125647931,Adam,,中正區,25.0184794,121.52404,Entire home/apt,,365,1,2024-01-01,0.08,12,179,0,
895235743791816021,接機優惠Dec hot sale/Liking what you do is happines,268347453,Nigel,,大安區,25.0440921,121.5460856,Entire home/apt,4678,2,8,2024-12-27,0.46,19,341,6,
895486770909642084,[月租]SC獨立套房2-4人/士林夜市1分鐘/劍潭站6分鐘/北藝中心/銘傳大學,291283304,Naomi,,士林區,25.088882266128433,121.52329376133986,Entire home/apt,1792,2,39,2024-12-11,2.15,31,163,24,
895564653944453106,Ｗ'house工業風/攜帶型wifi/lift/2minA1,77177354,James,,大同區,25.0509237,121.5121264,Entire home/apt,2295,2,66,2024-12-15,3.87,12,349,42,
895587837597427233,new05 easy to check in,490134486,Hung Chih,,中山區,25.061099150348216,121.52439009191873,Entire home/apt,16930,4,1,2023-07-01,0.05,41,181,0,
895847349975664729,h107/500m Ximen Station/Mobile WIFI/lift/netflix,77177354,James,,萬華區,25.04354,121.50333,Entire home/apt,1601,2,75,2024-12-14,4.40,12,336,49,
895895447048027417,Great Room E @ ZhongShan MRT (9 min walk),471945582,House,,大同區,25.05626,121.51386,Private room,91,30,3,2024-07-22,0.18,41,83,2,
895905621873144429,W'house清新風/Lift/Wifi/2mtoXimending,77177354,James,,萬華區,25.0407719,121.506922,Entire home/apt,2053,2,57,2024-12-25,3.33,12,356,33,
896020619332057539,JS6#Dongmen MRT#Taipei 101#NTU/NTNU#monthly promo!,515756856,Ann,,中正區,25.03696986512394,121.52906822713358,Entire home/apt,5857,2,46,2024-12-18,2.38,7,101,22,
897391699074953884,景美綠野/經濟房/獨立衛浴/電梯/暖氣,491502282,Anita,,文山區,24.9883769,121.5693527,Private room,1082,3,36,2024-12-17,1.88,10,65,18,
898023935109466417,大安區捷運&採光溫馨美B雅房&電梯大樓/月租 MRT/Ntu&Ntnu&Ntust,107651931,曉珊,,大安區,25.021788169771778,121.54255980505054,Private room,680,28,1,2024-08-04,0.20,25,213,1,
898196696000030685,Christmas*tall space 東門永康街#中正紀念堂#師大夜市/ 捷運東門站5min,491437310,Mandy,,中正區,25.03505,121.52738,Entire home/apt,5080,2,53,2024-12-19,2.75,6,6,30,
898285895183186184,六張犁捷運&採光電梯大樓單人B房@Ntu&Ntust& Ntnu,107651931,曉珊,,大安區,25.021464007324724,121.55523117631674,Private room,650,28,0,,,25,31,0,
898390831125208956,B-A2《月租》《短租》近民權西路站、中山國小捷運站/雙人套房/晴光市場/美術館,906344,Lily,,中山區,25.06123776588767,121.5244440231823,Entire home/apt,1768,3,8,2024-11-19,0.42,23,178,2,
898706311661556134,Large 2 Bedroom Family Apt Q Sq Taipei Station,63309973,William,,大同區,25.04895,121.51689,Entire home/apt,13232,2,11,2024-12-08,0.76,1,351,8,
898780804324160428,台北市MRT3分鐘/新裝潢3房3衛浴/NO清潔費/電梯+美景/可住16人以上/歡迎月租,256953376,Shirley Ching Hui,,松山區,25.050861080661964,121.5579424369388,Entire home/apt,8697,1,33,2024-12-16,1.91,1,326,19,
898794996050016510,台北捷運出站1分鐘/獨立衛浴/小廚房/有露臺/近機場捷運,172149908,昭明,,大同區,25.049536187128254,121.51580574857552,Entire home/apt,4629,3,61,2024-12-10,3.20,20,48,38,
898808190277364244,Settle @ Anju-A,193831914,Ya-Yan,,大安區,25.01843906943031,121.55208632763981,Private room,2014,2,3,2024-12-29,0.25,2,30,3,
898877506085938037,w903# XIMEN MRT#Tapei main station# Monthly Promo!,453709970,Bella,,萬華區,25.045664030160935,121.50484257242077,Entire home/apt,1971,2,34,2024-11-29,1.75,31,54,14,
898901782539596769,Greenery apt.,62862751,Marc,,士林區,25.1134242,121.5377035,Private room,1900,1,20,2024-12-22,1.11,1,359,8,
899066016160267839,Family-friendly room,39341701,Alvin,,大安區,25.03989,121.55502,Entire home/apt,4526,2,49,2024-12-21,2.52,1,146,19,
899168783309762744,TPEHS QM905/綠色線條/洗脫烘衣機/台北車站/捷運西門町站走路3分鐘/電梯/住1-6人,493324130,House,,萬華區,25.04401,121.50456,Entire home/apt,3533,2,54,2024-12-24,2.81,55,172,33,
899191362824019966,101_Home,53903691,Amazing Home,,信義區,25.045015083495333,121.57090234190021,Entire home/apt,4238,5,1,2023-10-25,0.07,5,87,0,
899652004408126264,接機優惠Dec hot sale/you can be unique/中山區 /8ppl stay,268347453,Nigel,,中山區,25.0496,121.52565,Entire home/apt,3276,2,6,2024-11-16,0.34,19,156,3,
899659583284548713,三樓整層2房3空間5人/月租九折,19216347,心誠,,信義區,25.04523357859026,121.570031398209,Entire home/apt,1680,30,1,2024-06-02,0.14,35,143,1,
899722630695952910,接機優惠 Dec hot sale 與張惠妹2分鐘的距離/忠孝敦化站2min,485262233,Lambert,,大安區,25.04277,121.54893,Entire home/apt,3164,2,23,2024-10-05,1.32,17,177,12,
899911828441074253,August discount 311/西門町/夜市/台北車站/捷運西門站走路3分鐘/電梯住1-6人,493324130,House,,萬華區,25.04149,121.50358,Entire home/apt,2515,2,41,2024-11-10,2.14,55,172,25,
900348227913757449,5min ZhongxiaoXinshen MRT- cozy,333316653,Diego,,大安區,25.0399691928559,121.53511659979972,Private room,1986,1,24,2024-12-27,1.26,1,32,15,
900450895826025252,MRT-捷運西門-2房2衛浴（4-6人）有電梯,232114489,小豬,,萬華區,25.045890339691983,121.50633721814592,Entire home/apt,3400,3,49,2024-12-16,2.58,4,140,32,
900973163823586987,5床/台北捷運出站1分鐘/獨立衛浴/小廚房/近機場捷運,172149908,昭明,,大同區,25.05062,121.51443,Entire home/apt,5674,3,53,2024-12-25,2.77,20,50,27,
900982805790523193,"近台北車站西門町4電梯3-7人房,採光明亮房高樓層,免費WIFI",516896438,David,,中正區,25.04511,121.51542,Entire home/apt,2723,2,79,2024-12-25,4.13,5,52,54,
901050463803280007,都市小宅K/西門町/2人.,445307436,承芊,,萬華區,25.04597143689949,121.50806877915916,Entire home/apt,1345,3,24,2024-11-22,1.31,28,231,4,
901135244279017498,Settle @ Anju-C,193831914,Ya-Yan,,大安區,25.019701788979578,121.55244735700602,Private room,1000,2,3,2024-01-02,0.21,2,51,1,
901248018956540836,大空間使用，東湖捷運站步行2分鐘，南港世貿展覽館捷運5分鐘到達，近市場步行5分鐘，生活機能良好,28610875,Ling,,內湖區,25.06707,121.61343,Entire home/apt,5250,28,0,,,4,364,0,
901420295632505177,On Top Celestial Suite 觀天齋｜天臺總裁套房｜1~4人｜地鐵5分鐘,151400959,Edward,,中正區,25.01648,121.53101,Entire home/apt,6800,1,55,2024-11-24,3.16,11,87,33,
901801525542708113,Room 3A @ LiuZhangLi MRT (3 min),471945582,House,,信義區,25.0233854911443,121.5554293275829,Private room,,30,5,2024-06-22,0.40,41,62,4,
901814699045517924,Room 3B @ LiuZhangLi MRT(3 min),471945582,House,,信義區,25.02376,121.55369,Private room,5,30,3,2024-09-16,0.21,41,57,2,
902000785193572639,南港區 單人房2A-2，溫馨&簡約 一卡背包就可入住！近藍線捷運,48973968,怡穎,,南港區,25.0475,121.59099,Private room,671,7,6,2024-12-16,0.33,24,242,5,
902513945419670987,"5 mins to MRT Xinyi Anhe, studio for 2",21506709,Maggie,,大安區,25.02953013046753,121.55006036614849,Entire home/apt,2423,28,6,2024-09-01,0.35,27,32,5,
902587772530544863,［月租］6 mins to MRT Aprt. 2-4ppl 台北京站中山雙捷運/兩房一廳/寧夏夜市,291283304,Naomi,,大同區,25.0519,121.5154,Entire home/apt,3566,2,42,2024-12-16,2.45,31,150,30,
902602739482681065,［月租］6 mins to MRT Aprt. 2-4ppl 台北京站中山雙捷運/兩房一廳/寧夏夜市,291283304,Naomi,,大同區,25.04998,121.51571,Entire home/apt,2507,2,46,2024-11-30,2.83,31,121,31,
902623363572529025,Ximending MRT 2mins2~4人~裝潢新~獨立空間電梯房~타이베이 시먼 딩~工業3,204934548,Vivian,,萬華區,25.0431251,121.5052835,Entire home/apt,2628,2,91,2024-12-07,4.73,4,272,51,
902623715860445832,［月租］6 mins to MRT Aprt. 2-4ppl 台北京站中山雙捷運/兩房一廳/寧夏夜市,291283304,Naomi,,大同區,25.05065214639234,121.51750155967153,Entire home/apt,2286,2,30,2024-12-12,1.94,31,165,18,
902628421138168160,MRT 忠孝復興站五分鐘兩房奢華舒適四人房 sogo 東區,346656524,Ola,,大安區,25.043858660649136,121.54328911347923,Entire home/apt,4701,5,32,2024-12-03,1.67,21,85,16,
902645863513871220,南港區 單人房2D-2，溫馨&簡約 一卡背包就可入住！近藍線捷運,48973968,怡穎,,南港區,25.04743067452936,121.59130160453412,Private room,700,7,5,2024-08-31,0.27,24,334,1,
902722372882319613,A-B3《月租》《可短租》中山捷運站-雙人套房(含獨立衛浴),906344,Lily,,中山區,25.0526859,121.5212293,Entire home/apt,1502,3,14,2024-12-08,0.74,23,169,11,
902755905295109719,2浴室.窗多.乾淨.電梯.西門鬧區.近捷運. 單人床,511513705,學智,,萬華區,25.042943257400385,121.50488987635369,Entire home/apt,3250,1,67,2024-12-21,3.52,1,119,41,
902767524283426911,［月租］6 mins to MRT Aprt. 2-4ppl 台北京站中山雙捷運/兩房一廳/寧夏夜市,291283304,Naomi,,大同區,25.05073,121.51742,Entire home/apt,2188,2,33,2024-12-16,1.91,31,174,16,
902902084635686106,TPEHS N507/黃色米妮/夜市/台北車站/西門町/捷運西門站走路5分鐘/電梯/住1-4人,493324130,House,,萬華區,25.04050895466122,121.5031380088097,Entire home/apt,2211,2,45,2024-12-24,2.52,55,156,32,
902903100929880426,台北101DiscountN503/青青草綠/夜市台北車站/西門町捷運西門站走路5分鐘/電梯1-4人,493324130,House,,萬華區,25.04079,121.50371,Entire home/apt,2115,2,59,2024-12-20,3.15,55,172,32,
903127284776667470,Da an B1,50959552,Dawson,,大安區,25.035861898042022,121.54901446008954,Private room,1237,2,32,2024-12-16,1.72,8,61,30,
903245748205381777,S73 Shinlin / Jiantan District / MRT 5min,453709970,Bella,,士林區,25.08956251588651,121.52293333465599,Entire home/apt,1129,2,13,2024-12-17,0.80,31,57,11,
903259162848642042,【Ximending Lift studio_21】,21867853,Teddy,,萬華區,25.04431,121.50862,Entire home/apt,1495,3,23,2024-12-02,1.21,16,151,14,
903302485988570238,S70 Shinlin / Jiantan District / MRT 5min,453709970,Bella,,士林區,25.087853145894833,121.52462890161544,Entire home/apt,,2,23,2024-11-01,1.45,31,2,15,
903393466464400926,【東門永康商圈 】電梯8~10人 / 3房3衛 / MRT東門 5mins,330579461,Toto,,中正區,25.034826,121.526546,Entire home/apt,6304,2,8,2024-09-30,0.44,30,6,3,
903458715089258633,信義商圈_台北市中心_獨立迷人商務套房_獨立衛浴空間,449664424,Janet,,信義區,25.041521962772983,121.5670964336436,Entire home/apt,1190,30,2,2024-01-16,0.15,11,322,1,
903480085191248022,S70 Shinlin / Jiantan District / MRT 5min,453709970,Bella,,士林區,25.087184221130258,121.52337947426005,Entire home/apt,1343,2,24,2024-12-16,1.56,31,71,14,
903570578837536248,A4-性價比高-可4-6人簡約獨立衛浴套房-近西門町、龍山寺、地鐵站，月租套房-短租需提供證件請內洽,499306096,哥,,萬華區,25.0351994,121.4973894,Entire home/apt,1294,2,59,2024-12-17,3.07,13,63,38,
903605793890347504,B-B1《月租》《可短租》近中山國小捷運站/雙人套房/晴光市場/美術館,906344,Lily,,中山區,25.060806973491047,121.52448090920613,Entire home/apt,1457,3,8,2024-11-17,0.45,23,179,3,
903639277064394882,台北101DiscountN505/龍貓/夜市台北車站/西門町/捷運西門站走路5分鐘/電梯1-4人,493324130,House,,萬華區,25.04364,121.50535,Entire home/apt,,2,60,2024-12-20,3.30,55,167,37,
903669490438584913,01/永春站450公尺/大巨蛋看棒球聽演唱會/私人陽台 洗衣機/台北醫學院,79891592,筠筠,,信義區,25.0382182794064,121.57625400052275,Private room,,7,37,2024-12-08,1.99,7,148,21,
903843224145038621,Taipei 101 Large Space MRT 1 Min Xinyi Daan,128565764,Juan,,大安區,25.033555805628538,121.55301257864242,Entire home/apt,2371,15,30,2024-09-06,1.61,3,60,9,
903952095477755422,B1 /寬敞2房2衛~8人房 / MRT 中山國中站5mins / 錦州街夜市 /上引水產,377192482,Yo,,中山區,25.05768,121.54309,Entire home/apt,3911,2,15,2024-08-25,0.86,6,176,10,
904026688315931746,《Nissi 4~5人房》西門町舒適套房\捷運西門站走路2分鐘到達\乾淨且舒適\阿宗麵線對面\有電梯,517647064,Vincent,,萬華區,25.04344,121.5079851,Entire home/apt,3154,3,49,2024-12-26,2.57,7,134,28,
904053767941123318,Room_0302_Blue Monday_星期一,517651421,Monday,,中正區,25.04108,121.51389,Private room,2343,1,14,2024-12-15,0.78,4,266,9,
904103825231098906,接機優惠Dec hot sale/Love conquers all/sogo百貨/電梯大樓高樓層,485262233,Lambert,,大安區,25.04432,121.54347,Entire home/apt,5043,2,22,2024-12-31,1.24,17,359,15,
904222802956553796,近火車站捷運站走一分鐘/整層大空間/台北101/饒河街夜市/西門町九份老街/信義區夜店/南港展覽館,28596044,Momo,,松山區,25.050906265358613,121.57383759864831,Entire home/apt,13667,2,4,2024-11-26,0.22,13,356,3,
904265004059267048,台北101DiscountN501/史奴比黃/夜市/台北車站/西門町捷運西門站走路5分鐘/電1-4人,493324130,House,,萬華區,25.04252,121.5044,Entire home/apt,1926,2,51,2024-12-24,2.72,55,168,33,
904677218513875520,B3/北歐舒適8-12人房/中山國中5分鐘/錦州街夜市上引水產/,377192482,Yo,,松山區,25.05950875204138,121.54433894577404,Entire home/apt,5320,2,55,2024-11-27,3.08,6,157,44,
904730166482000006,Standard room(No cleaning fee) (No window),517811899,My Hotel,,大安區,25.0416641,121.5514003,Private room,3483,1,24,2024-12-22,1.25,2,16,10,
904806194308153906,02/為親愛的備餐，沈浸在奶茶色的法式邂逅/大巨蛋看棒球聽演唱會/私人陽台 洗衣機 廚房 浴缸,79891592,筠筠,,信義區,25.036839808223373,121.57625357413839,Private room,2090,5,29,2024-12-26,1.55,7,115,16,
904807129953791883,福懋雅房5，月租，交通無敵方便，生活機能超強，清潔需額外加收清潔,489403010,宥瑩,,中正區,25.0308,121.51952,Private room,529,30,0,,,15,334,0,
904948491486302171,短期月租/台大醫院/西門/北車,19216347,心誠,,中正區,25.04435,121.51233,Entire home/apt,1459,30,0,,,35,258,0,
905024031025433673,B-B4《月租》《可短租》近民權西路站、中山國小捷運站/雙人套房/晴光市場/美術館,906344,Lily,,中山區,25.06256,121.52659,Entire home/apt,,3,5,2024-10-25,0.33,23,179,2,
905361058879483621,Deluxe room(No cleaning fee)(with window),517811899,My Hotel,,大安區,25.0416641,121.5514003,Private room,3135,1,17,2024-11-11,0.91,2,16,9,
905503721565462688,台北101DiscountN506/番茄香菇/夜市台北車站/西門町捷運西門町站走路5分鐘電梯1-6人,493324130,House,,萬華區,25.04271,121.50405,Entire home/apt,2603,2,53,2024-12-24,2.82,55,170,30,
905550614727092831,中山區日光獨立套房,105890527,Alan,,中山區,25.0547732,121.5269597,Entire home/apt,1887,3,35,2024-12-01,1.86,16,158,19,
905593286536854555,台北101DiscountN502/粉色和黃/夜市台北車站/西門町捷運西門站走路5分鐘/電梯1-4人,493324130,House,,萬華區,25.04076,121.50247,Entire home/apt,1845,2,41,2024-12-15,2.18,55,169,23,
905605983611822824,台北101DiscountN504/粉紅陽光/夜市台北車站/西門町捷運西門站走路5分鐘/電梯1-2人,493324130,House,,萬華區,25.040650124772572,121.50468230557897,Entire home/apt,1418,2,58,2024-12-17,3.14,55,161,40,
906285675009425628,7F-西門夜市시먼TreeHouse 新電梯大樓 獨立露台  歡迎4-6人入住 近捷運西門站550m,108653764,素娟,,萬華區,25.046249078713267,121.50632344186306,Entire home/apt,3760,2,61,2024-12-29,3.34,5,72,35,
907110251824473533,"Song San, Eight",50959552,Dawson,,松山區,25.05183182904632,121.56197265420805,Entire home/apt,1103,2,24,2024-12-27,2.96,8,68,24,
907123412777023931,6F-1/西門Ximen SimpleLife시먼新電梯大樓有露台 歡迎4-6人入住 近捷運550m,108653764,素娟,,萬華區,25.046236700088706,121.50630655092621,Entire home/apt,4524,2,52,2024-12-18,2.98,5,66,36,
907126621791968880,西門夜市LiteHouse시먼獨立門戶 有電梯陽台 2+1房2衛浴 歡迎4-6人近捷運西門站550m,108653764,素娟,,萬華區,25.04621240017261,121.50631727976227,Entire home/apt,4533,2,56,2024-12-30,3.16,5,73,34,
907498032332835939,台北車站大二房景觀家庭屋B,84591819,Lyon,,大同區,25.04979,121.51698,Entire home/apt,4286,2,54,2024-12-27,2.88,2,275,31,
907513210444899182,Super Cozy Room in the modern apt nearby Tienmu,71997,毓琛,,北投區,25.1159255,121.5094585,Private room,1933,1,2,2024-09-24,0.56,2,73,2,
907693716850141697,大庭院獨立社區中的溫馨客房,453503338,Carol,,松山區,25.05635070098342,121.55157561436334,Private room,1860,5,17,2024-12-29,0.96,1,320,9,
908368945165044148,!採光好傢具全/捷運、知名美食街區/冷暖空調機/全自動洗脫衣機,383714739,Mandy黃SaycHouse,,中山區,25.05209640936142,121.52610957592181,Private room,800,25,2,2024-01-22,0.15,16,43,1,
908684626081587334,天水居,518758490,王,,大同區,25.05252041681758,121.5127584441803,Private room,2143,3,0,,,1,178,0,
909111677186797564,接機優惠Dec hot sale/Take every chance中山區電梯大樓/可住7人,485262233,Lambert,,中山區,25.05601,121.52648,Entire home/apt,4082,2,37,2024-12-31,1.94,17,171,21,
909188925873651891,家庭豪華房-A,13733207,恭豪,,萬華區,25.04123,121.50697,Entire home/apt,7000,1,5,2024-07-14,0.29,8,30,1,
909444390450659565,工業風  Q53經典四人房型  西門站 近台北車站 迪化街 101商圈 九份 十分（4樓 無電梯）,115798819,Airbnb,,萬華區,25.04304,121.50372,Entire home/apt,841,3,27,2024-11-29,1.58,68,69,15,
909705761384538452,接機優惠Dec hot sale/Beauty is found within65吋電視,485262233,Lambert,,中山區,25.049274430597503,121.527512242279,Entire home/apt,3435,2,32,2024-12-31,1.68,17,156,17,
910054565873484864,Shida NTNU spacious 3BR 2BA 300Mb Wifi apartment,488416020,OurPlace,,大安區,25.022885781421458,121.5284674011994,Entire home/apt,,30,0,,,10,84,0,
910430450627650283,101/信義商圈附近飯店式商務套房/近市政府轉運站/,19216347,心誠,,信義區,25.04469695839763,121.56743142479105,Entire home/apt,1468,30,0,,,35,220,0,
910443266768890524,Taipei Main Station台北車站溫馨三房,519167121,Lee,,大同區,25.0513017,121.5119347,Entire home/apt,6704,3,49,2024-12-13,2.65,1,122,33,
910588130310122230,iPink- Taipei Main Station 台北車站西門町步行 陽台洗衣機,28103867,Henry,,中正區,25.044239857527025,121.51380950230528,Entire home/apt,2087,4,41,2024-12-15,2.25,38,81,25,
910856669427705291,Lisa(3～6pax room),19843186,萊,,萬華區,25.04123315740201,121.50457584476952,Entire home/apt,,3,12,2024-12-05,1.56,13,245,12,
911248054242485192,【Hot】02夢幻海灘／悠閒度假／極致放鬆／浪漫日落／水上活動／Foreigner-friendly,519336015,Len,,中山區,25.06229384073041,121.52591604949697,Entire home/apt,7605,30,7,2023-06-20,0.37,24,181,0,
911260365287909171,【Hot】07近捷運／中山國小站／電梯／獨立空間／小廚房／新裝修Foreigner-friendly,519336015,Len,,中山區,25.064101128013746,121.52795531442653,Entire home/apt,7618,7,3,2024-01-29,0.16,24,181,1,
911260790590859568,【Hot】14極致寧靜／靈魂放飛／心靈療癒／靜心寧處／浪漫日落／Foreigner-friendly,519336015,Len,,中山區,25.060899659008122,121.52533127021351,Entire home/apt,15198,3,3,2024-10-21,0.16,24,365,1,
911282076235752132,【Hot】32近捷運／中山國小站／電梯／獨立空間／小廚房／新裝修Foreigner-friendly,519336015,Len,,中山區,25.06104,121.52453,Entire home/apt,7715,30,2,2024-03-13,0.11,24,181,1,
911315797800647176,*Taipei Elegance* : 3BR in Zhongxiao Dunhua Center,235623230,Yi Shin & Charlie,,大安區,25.042501053736927,121.55239087245367,Entire home/apt,5614,20,15,2024-11-05,0.87,4,224,10,
911344141849720310,2BR premium corner apt @Taipei 101 &TICC,488416020,OurPlace,,大安區,25.03137614230166,121.55000839649712,Entire home/apt,4764,5,22,2024-12-05,1.18,10,169,11,
911353594173628367,Ximen loft 2-6p,128806861,Kenson,,萬華區,25.04755,121.50856,Entire home/apt,2700,3,57,2024-12-13,3.04,13,158,35,
912184865995987787,都市小宅Y/ MRT西門3分鐘 /獨立套房/2人.,445307436,承芊,,萬華區,25.04577,121.5067,Entire home/apt,1652,3,12,2024-11-12,1.09,28,222,12,
912690145259224990,Bright room near CKS station,130827969,Wenchi,,中正區,25.033378976883316,121.52085973145518,Private room,596,90,1,2024-02-29,0.10,61,308,1,
912694659033920116,簡約38坪寬敞大客廳｜雙衛浴｜市中心11人｜忠孝敦化5Min｜7-11 全聯商店,507851088,Erin,,大安區,25.043279209819637,121.55480568273326,Entire home/apt,6336,2,67,2024-12-07,3.57,3,127,38,
912743466137776087,全新信義高級小豪宅IV/安全/少住戶/社區管理員/家電齊/代收垃圾/交誼廳/健身房/頂樓花園,50814331,Rei,,信義區,25.04808692356367,121.57163803574768,Entire home/apt,3114,2,6,2024-10-25,0.42,8,167,5,
912859569900622254,EG 1BR Apt w/ lift near Ximen MRT 西門町 近西門地鐵站 獨立浴室,79915350,Paradise Taipei,,萬華區,25.04421,121.50332,Entire home/apt,4340,4,44,2024-12-25,2.33,29,159,26,
912931989969834434,"Little Apt(Ximen Station)Cozy,Downtown",108653764,素娟,,萬華區,25.04624642005381,121.50633337301636,Entire home/apt,4178,2,59,2024-12-26,3.53,5,76,40,
913070040451759289,Songshan | 松山站 Nice and Chill Apartments,10378619,Xumu,,中山區,25.0788,121.54397,Entire home/apt,2800,3,1,2024-01-01,0.08,9,362,1,
913745315137688960,旅家雅舍11F＠3B2B新裝潢高樓層 古亭站5分鐘 師大永康商圈,104979863,Frank,,中正區,25.0237991,121.5245995,Entire home/apt,8654,3,17,2024-12-27,1.02,15,282,13,
914262059580346106,CozyApt  30secs To XimenMrt  西門町4人房 Wifi Egg+Dryer,28103867,Henry,,萬華區,25.04243167473316,121.50757177912762,Entire home/apt,3243,4,42,2024-12-17,2.31,38,82,26,
914297258526572784,exotic house/ 2BD&2Bathroom/One minute  MRT,519761273,Adelina,,中山區,25.05681,121.52174,Entire home/apt,3195,1,85,2024-12-31,4.59,2,329,56,
914354369038778974,TPE Fully Furnished Boutique Apt,520145665,Chin Chia,,信義區,25.04931,121.57168,Entire home/apt,,28,0,,,1,0,0,
914798790063539563,【New】I酒店式公寓／泳池飯店／精美設計／獨立套房／舒適住宅／林森商圈／中山國小站／友善外國人,490134486,Hung Chih,,中山區,25.06286,121.5255,Entire home/apt,5511,3,3,2024-02-15,0.21,41,91,1,
914874460132082126,旅家雅舍11EF＠5B3B新裝潢10~15人古亭站 師大永康商圈,104979863,Frank,,中正區,25.02293,121.52368,Entire home/apt,11729,3,37,2024-12-07,2.14,15,271,24,
915071410175081970,［月租］6 mins to MRT Aprt. 2-4ppl 台北京站中山雙捷運/兩房一廳/寧夏夜市,291283304,Naomi,,大同區,25.05212787432546,121.51518574415519,Entire home/apt,2991,2,52,2024-12-30,2.81,31,163,32,
915100924333356258,西門町商圈A／紅樓旁／捷運站步行4分鐘／公寓二樓／垃圾代收／樓下有自助洗衣店,510241790,Yihan,,萬華區,25.0423764,121.505232,Entire home/apt,1926,3,36,2024-10-28,1.95,16,84,19,
915560804757873918,近火車站捷運站走一分鐘/整層大空間/台北101/饒河街夜市/西門町九份老街/信義區夜店/南港展覽館,28596044,Momo,,信義區,25.04936,121.57408,Entire home/apt,13719,2,8,2024-12-12,0.44,13,360,4,
916607905605840215,台北車站6-9人ktv房(Asahi)/101夜景/可停車/ktv免費/寵物友善/獨立浴室洗衣機,24501553,Joe,,中正區,25.04551,121.52256,Entire home/apt,3086,1,1,2024-12-12,1,8,264,1,
916701586661050208,西門町2-4人電梯大樓、距離北門站350公尺、臺北車站700公尺步行10分鐘可抵達,229825069,J,,萬華區,25.0474966,121.508211,Entire home/apt,1319,3,35,2024-12-17,2.00,2,248,20,
917020946520612109,B15/四人上下舖/中山站5分鐘/台北車站12分鐘/24時入住,176059533,大昌旺,,中山區,25.05079525122541,121.5238861361732,Private room,,1,5,2024-11-24,0.29,15,265,4,
917161009032015065,Christmas*Elegant Apartments 福華居所#大安站,491437310,Mandy,,大安區,25.043422125522905,121.54797333802287,Entire home/apt,4849,2,29,2024-10-26,1.62,6,163,18,
917198602078933780,Zhongxiao Fuxing  MRT<Unbeatable location>Parkview,441408173,Rosalia,,大安區,25.0421857552383,121.5457230806351,Entire home/apt,3294,1,65,2024-12-15,3.53,14,358,34,
917276958297661042,西門町商圈C／紅樓旁／捷運站步行4分鐘／公寓二樓／垃圾代收／樓下有自助洗衣店,510241790,Yihan,,萬華區,25.042964294986636,121.50532498955725,Entire home/apt,1926,3,29,2024-09-29,1.67,16,84,15,
917397004283969046,Room_0301_Blue Monday_星期一,517651421,Monday,,中正區,25.040895686016952,121.51378174306933,Private room,3700,1,20,2024-12-20,1.12,4,238,11,
917784379272109057,火車站捷運站走一分鐘/高速WiFi/洗衣機飲水機/台北101/饒河街夜市/獨立衛浴/河濱運動公園,28596044,Momo,,松山區,25.05069,121.57389,Entire home/apt,1687,9,0,,,13,303,0,
918266627374031857,FantasticTaipei*3min*TaipeiMianStation~*台北車站*~,146008296,Harry Chen,,中正區,25.04722934347124,121.51622361211183,Entire home/apt,2761,3,45,2024-12-23,2.43,9,347,28,
918313950722504072,台大師大摩洛哥風採光陽台超美A雅房@台電大樓捷運站3分鐘/月租,23437247,Young,,大安區,25.024102868101984,121.53149832040071,Private room,,28,1,2024-08-16,0.22,35,0,1,
918342520298962655,台大師大摩洛哥風採光陽台超美B雅房@台電大樓捷運站3分鐘/月租,23437247,Young,,大安區,25.023693472185386,121.53237917597052,Private room,,40,0,,,35,0,0,
918396628537702770,設計師的家～兩房（2-4大人）可停車,521145033,Travelsea,,信義區,25.018490240741738,121.57122997443795,Entire home/apt,3786,2,16,2024-12-08,0.93,2,262,12,
918399349266578632,光之白(4-6人),521145033,Travelsea,,中山區,25.0647682,121.5396281,Entire home/apt,5357,2,22,2024-12-23,1.31,2,264,14,
918563163592475882,B0/北歐溫馨8人房/中山國中5分鐘/錦州街夜市/上引水產,377192482,Yo,,中山區,25.059875501344035,121.5439487065407,Entire home/apt,5294,2,33,2024-12-07,1.81,6,175,26,
918729209161867930,［月租］6 mins to MRT Aprt. 2-4ppl 台北京站中山雙捷運/兩房一廳/寧夏夜市,291283304,Naomi,,大同區,25.050041193526724,121.51679522829056,Entire home/apt,2356,2,35,2024-12-29,2.01,31,169,20,
918767455277341358,可開發票/中山區好宅/緊鄰#松江#南京東路#三創#華山#中山#台北車站,312168087,Illy,,中山區,25.04714,121.53329,Entire home/apt,5389,30,2,2023-11-05,0.13,1,174,0,
918837327382771550,工業風 Q65經典四人房型 西門站 台北車站 101 九份/五樓無電梯,115798819,Airbnb,,萬華區,25.042099775178603,121.50522290997972,Entire home/apt,1040,3,35,2024-12-16,1.97,68,88,15,
918843779217261570,工業風  Q37經典四人房型  西門站 近台北車站 迪化街 101商圈 九份 十分（3樓 無電梯）,115798819,Airbnb,,萬華區,25.04336428750079,121.50566350243022,Private room,,3,36,2024-12-16,1.97,68,86,19,
919510354432582610,Taipei 101-Xinyi-C'e La Vi𓇬4房𓇬住2-8人𓇬MRT 市政府站,115798819,Airbnb,,信義區,25.03929731470652,121.56567886831576,Entire home/apt,,3,25,2024-12-16,1.36,68,78,15,
919560026854189197,Double room P1@MRT Center Station(LINE 1 & LINE 3),10007698,Kiki,,中山區,25.0515,121.54274,Entire home/apt,2367,4,32,2024-12-15,1.81,18,77,18,
919579979966705196,Double room P2@ 2 min to MRT (LINE 1 & LINE 3),10007698,Kiki,,中山區,25.05168,121.54263,Entire home/apt,2203,4,27,2024-12-07,1.52,18,75,19,
919594426465509504,Double room P3@ 2 min to MRT (LINE 1 & LINE 3),10007698,Kiki,,松山區,25.05137,121.54494,Entire home/apt,2203,4,25,2024-12-08,1.43,18,98,14,
919906088779013962,iiC03 Iconic Ximen MRT 2-Mins,280547107,淨予,,萬華區,25.0438989,121.5067215,Entire home/apt,1751,2,79,2024-12-18,4.33,18,243,45,
919913179861484074,＊5 min to MRT City Hall＊Wifi 600Mbps w/ Elevator,242730194,Kolette,,信義區,25.04494,121.56836,Entire home/apt,2904,30,6,2024-01-21,0.33,67,22,2,
919929123814267563,301-獨立空間 2張雙人床 大客廳 走路到台北車站3分鐘 位置非常方便,15588671,York,,大同區,25.05013,121.5188303,Entire home/apt,4686,3,39,2024-12-30,2.69,5,236,30,
919946533924948848,Boutique one bdrm apt near MRT Zhongxiao Dunhua,17847603,Tony,,大安區,25.04184,121.55277,Entire home/apt,3234,10,15,2024-12-10,0.86,4,111,11,
920734863460425164,大公園旁、空氣新鮮、1樓、不用爬樓梯，私人大更衣室,13844166,Franco,,士林區,25.100878645370972,121.52855349701514,Private room,1640,2,40,2024-12-22,2.29,1,324,33,
920830686185067242,Ximending𓇬V15椿𓇬Taipei 101𓇬住2-6人MRT 西門站𓇬五星飯店床墊,115798819,Airbnb,,萬華區,25.04495,121.50564,Entire home/apt,1504,3,29,2024-12-09,1.62,68,84,10,
920934106345141497,Zhongxiao Fuxing <Park view>,441408173,Rosalia,,大安區,25.04229,121.54491,Entire home/apt,3543,1,49,2024-12-17,2.70,14,343,30,
921386665297426102,台北101Discount/漢堡薯條/台北車站/西門町/捷運西門站走路6分鐘/夜市/電梯/住1-4人,493324130,House,,萬華區,25.04447,121.50775,Entire home/apt,2831,2,52,2024-12-22,2.86,55,153,35,
921409412761207942,TPEHS QM8A/藍色灰色/夜市/西門町/台北車站/捷運西門站走路6分鐘/電梯/住1-8人,493324130,House,,萬華區,25.04176,121.50358,Entire home/apt,3792,2,57,2024-12-01,3.09,55,166,36,
921465023686052669,Ximen Loft( 4 pax),128806861,Kenson,,萬華區,25.04765,121.50709,Entire home/apt,3071,3,49,2024-12-03,2.76,13,337,36,
921701182905349660,台北車站6-9人家庭房/大樓B1連通捷運站/可停車/寵物友善/獨立浴室,24501553,Joe,,中正區,25.04766848743081,121.51477013320454,Entire home/apt,2286,1,3,2024-12-15,0.23,8,259,2,
922140368590046982,Twilight City/龍山寺/西門町/剝皮寮/廣州街夜市,384488896,Shang Min,,萬華區,25.03616,121.50461,Entire home/apt,3501,2,59,2024-12-31,3.24,6,159,34,
922236823600766622,Ｍysterio/龍山寺/西門町/剝皮寮/廣州街夜市,384488896,Shang Min,,萬華區,25.03662645884831,121.50487354961561,Entire home/apt,2770,2,49,2024-11-03,2.70,6,147,25,
922453021380974840,TPEHS XN916/黃色繽紛/夜市/西門町/台北車站/捷運西門站走路6分鐘/電梯/住1-6人,493324130,House,,萬華區,25.04624,121.50701,Entire home/apt,2611,2,48,2024-12-25,2.67,55,173,37,
923118755116344310,"Stylish, tranquil 3 Bed apt near Da'an Park",7970386,Fun Taiwan Home,,大安區,25.03572,121.53787,Entire home/apt,5800,6,18,2024-12-24,1.18,7,200,12,
923187417986001215,民生獨立小雅房.單人床,29969099,Penguin,,松山區,25.05975678199697,121.56365255121352,Private room,600,30,90,2024-08-23,4.93,1,101,54,
924231258777358017,全新開幕｜永康街綠意木質調｜東門5分鐘｜鼎泰豐｜老宅植物園,92824455,Tracy,,中正區,25.03803985620084,121.53260965164893,Private room,2880,2,1,2024-11-23,0.77,1,65,1,
924299077684350660,月租New 1 min to 大安捷運站/電梯2人套房/鄰近信義安和商圈/大安森林公園5-4,29002794,Metrohouse,,大安區,25.03188183218442,121.54437390739733,Entire home/apt,2126,28,9,2024-09-08,0.49,26,72,3,
924501560240370607,【大安都會宜居】電梯~8人房 / 4房2衛 / 鄰近MRT大安站,330579461,Toto,,大安區,25.0359,121.54315,Entire home/apt,4849,2,13,2024-12-24,0.73,30,163,10,
924904317045916919,大安森林公園家庭式套房，一卡皮箱簡單入住,72805766,Hui Chih,,大安區,25.0347309,121.5347868,Entire home/apt,4357,5,0,,,9,352,0,
924910597700499616,大安森林公園家庭式套房，應有盡有，一卡皮箱簡單入住,72805766,Hui Chih,,大安區,25.0347309,121.5347868,Entire home/apt,3929,5,2,2024-03-13,0.20,9,311,2,
925105158339077276,M House 奶茶風小屋 台北車站 4-6人房,24923943,Mike,,中正區,25.046222,121.51583,Entire home/apt,,2,66,2024-12-27,3.62,2,161,43,
925722812381259994,大安區六張犁站&溫馨單人D雅房&電梯大樓&月租@Ntu&Ntust &Ntnu&Nccu,107651931,曉珊,,大安區,25.02056138820795,121.55442087938778,Private room,650,28,0,,,25,92,0,
926057143770486714,EZ整層家庭房/4-12人/捷運3分鐘近台北車站寧夏夜市/3套房,15114187,強尼,,大同區,25.05479,121.51654,Entire home/apt,5143,2,7,2024-12-19,0.64,3,116,7,
926341057043792844,H99/GoogleTV/500mtoXimenMRT/WiFi/Elevator,136010110,Rex,,萬華區,25.042490738061208,121.50420262917673,Entire home/apt,2090,2,89,2024-12-27,4.93,36,337,60,
926355630717930060,H661/Lift/WiFi/Duplex/400mXimenMRT/4-8Pax/Netflix,136010110,Rex,,萬華區,25.04626,121.50614,Entire home/apt,4855,2,96,2024-12-21,5.32,36,319,63,
926398497911464066,火車站捷運站走一分鐘/高速WiFi洗衣機/限月租/台北101百貨/饒河夜市/獨立衛浴/河濱運動公園,28596044,Momo,,松山區,25.050980447651007,121.57408642281118,Entire home/apt,1130,30,0,,,13,358,0,
926467617876631214,近Taipei 101/ 市府捷運站3分鐘,105890527,Alan,,信義區,25.04461555435036,121.56734832996081,Entire home/apt,3510,3,26,2024-11-04,1.53,16,68,20,
926511623762245360,Muji頂級套房Pure White西門町30secsXimenMRT WifiEgg+Dryer,28103867,Henry,,萬華區,25.04379,121.50686,Entire home/apt,4789,4,49,2024-12-04,2.87,38,70,33,
926636200156137211,中山區 Green House,105890527,Alan,,中山區,25.05595,121.52778,Entire home/apt,1957,3,35,2024-11-25,2.00,16,81,14,
926740624909503771,西門시먼/電梯大樓/Ximen MRT 3 mins/6-12p,509657209,Sally,,萬華區,25.04192659519652,121.50381093346999,Entire home/apt,5657,2,56,2024-12-16,3.24,11,223,34,
926751290763488662,寧靜社區內風格房,56532738,Jesse,,內湖區,25.075559235115854,121.61190646124916,Private room,654,30,9,2024-09-13,0.58,11,148,6,
927088811781486623,大安區捷運近Ntu/Ntust/Ntnu溫馨美A雅房/月租,107651931,曉珊,,大安區,25.02814,121.5411,Private room,730,28,0,,,25,213,0,
927299940589274953,Breeze Center/24 desk/Personal Butler/Central Tpi,298910458,Ariel,,松山區,25.04665,121.54627,Entire home/apt,1462,25,2,2024-05-15,0.12,25,231,1,
927406569305235413,Arch-NO 1.,522069668,Suchu,,大安區,25.02897,121.55562,Entire home/apt,4790,5,21,2024-12-14,1.21,1,46,18,
927502990804131142,TPEHS XN926/藍色地中海/洗脫烘衣機/台北車站夜市/捷運西門町站走路6分鐘/電梯住1-6人,493324130,House,,萬華區,25.04609,121.5072,Entire home/apt,2461,2,46,2024-12-21,2.61,55,158,32,
927604681960377103,西門商圈310/西門捷運站步行1分鐘/有電梯/溫馨大套房,508233574,詩純,,萬華區,25.040993757538473,121.50646189864268,Entire home/apt,2674,3,4,2023-10-24,0.23,26,74,0,
927664848482256765,21龍山寺(Per1-3s)Longshan Temple MRT,82753329,FuFu,,萬華區,25.035352407780863,121.493279466802,Entire home/apt,1827,3,1,2023-12-28,0.08,6,165,0,
927825367843614642,Breeze Center/24hr Concierge/Personal Butler/Park,298910458,Ariel,,松山區,25.046782824966325,121.54796429581233,Entire home/apt,1332,25,5,2024-10-26,0.32,25,291,2,
927920430786111193,B / 北歐舒適寬敞4房5衛~16人房/MRT中山國中站5Mins/上引水產,377192482,Yo,,中山區,25.059435313757824,121.54258832573599,Entire home/apt,11057,2,10,2024-09-28,0.65,6,175,5,
928060094648452535,正西門町/POKÉMON 時尚的家4人房、北門500公尺、有電梯、有陽台可曬衣服、歡迎長租有優惠,439209191,Yi Chu,,萬華區,25.047496562200358,121.50821104645729,Entire home/apt,1734,4,19,2024-12-09,1.24,1,137,11,
928177625959450427,西門町休閒雙人房 Ximending double room,122764186,Kyo,,萬華區,25.0481983,121.5076243,Entire home/apt,2706,2,54,2024-12-14,3.05,86,76,37,
928624142120295570,NewDiscount/Ximending/TP101/NightMarket/4-7人/歡迎月租,428361363,Lin,,松山區,25.05333,121.56207,Entire home/apt,3780,4,19,2024-11-13,1.82,7,56,19,
929315997729322048,接機優惠Dec hot sale. 2人即可包層/芭蕾老師的家/南京三民站/3房,12812606,Simon,,松山區,25.048709788131134,121.56087437712313,Entire home/apt,5287,2,16,2024-07-20,0.88,15,348,2,
929476315067481218,Ximen Mrt Walk 5min & Balcony#Wabisabi#Cozy#Relax,114443190,Woo Bin,,萬華區,25.04410104264991,121.50682867290836,Entire home/apt,3069,2,79,2024-12-27,4.43,15,347,50,
929600426483879714,"Taipei NTNU/NTU( 1min Taipower MRT,Shida market)1A",221534550,Anne,,中正區,25.020942646577623,121.52693325768134,Private room,871,2,14,2024-12-11,0.80,48,75,4,
929622538597552207,03/後山埤站350公尺/4分鐘到市政府站、南港高鐵站、南港展覽館/專屬陽台洗衣機,79891592,筠筠,,南港區,25.0430038,121.585616,Private room,1659,10,39,2024-12-01,2.26,7,151,24,
930071779275056796,中山國小站 晴光商圈長租房,522254179,心巢房屋,,中山區,25.0645207,121.5261725,Private room,1327,30,0,,,1,346,0,
930258006942599520,@SA-Songshan Serenity｜MRT 3min/饒河夜市2-4人,286257683,本惠,,信義區,25.04821119145418,121.57797302073163,Private room,1299,3,5,2024-12-24,0.39,2,178,4,
930319058114336316,Deluxe studio near Songshan train/ MRT station (B),523599186,Pei Hua,,信義區,25.04813,121.57147,Entire home/apt,3679,4,13,2024-10-27,0.78,1,125,10,
930695871469052305,【Hot】01中山國小站／近捷運／高樓通風採光／雙城商圈／超市藥局／林森商圈／友善Foreigner,519336015,Len,,中山區,25.06082739640231,121.52394765822348,Entire home/apt,5720,30,0,,,24,181,0,
930706498655271915,【Hot】03中山國小站／電梯／獨立大房源／通風採光／開放空間／中山台北車站／友善Foreigner,519336015,Len,,中山區,25.06298,121.52499,Entire home/apt,14741,30,1,2024-06-25,0.16,24,365,1,
930848586958153617,【Hot】05中山國小／寬敞舒適／拎包入住／高樓風景／廚房設備／適合長期居住／友善Foreigner,519336015,Len,,中山區,25.05904,121.52424,Entire home/apt,14050,3,0,,,24,181,0,
930855320041420639,【Hot】08中山國小站／讓旅行不在只是旅行／免爬樓梯／小廚房／精修裝潢／超搶手／只有一間,519336015,Len,,中山區,25.060963410020282,121.52419183638277,Entire home/apt,14144,30,1,2023-09-01,0.06,24,181,0,
930861677576363467,【Hot】09中山國小站／大電腦桌／高樓電梯／通風採光／適合商務、旅遊、學生／友善Foreigner,519336015,Len,,中山區,25.05939915168953,121.52431163403715,Entire home/apt,14464,30,1,2024-09-06,0.26,24,181,1,
930867604942991225,西湖捷運站步行5分鐘日租套房（內湖科學園區）,465539828,Anne,,內湖區,25.08547,121.56827,Entire home/apt,1107,1,1,2023-08-20,0.06,1,267,0,
931050694548504201,CharmingTaipei@*1min TaipeiStation 台北車站~4,146008296,Harry Chen,,中正區,25.04695,121.51529,Entire home/apt,2817,3,60,2024-12-22,3.40,9,340,35,
931080966816046131,Cozy bright ensuite room,130827969,Wenchi,,中正區,25.046063772654215,121.5248810487306,Private room,,90,0,,,61,155,0,
931541062888884181,【台北車站A1】3min-在地的台北生活-#西門町#台北車站#台北101#九份#歡迎家庭,519503098,Dotinn,,中正區,25.047152133106,121.51391757374891,Entire home/apt,8126,2,43,2024-12-29,2.48,4,276,34,
931561212858923032,@YB-Designer’s House｜永春MRT/信義計劃區/台北車站/西門町 2-6人,231537618,Ting Ting,,信義區,25.03547,121.58203,Entire home/apt,2560,3,6,2024-11-27,0.46,10,90,4,
931628980694094424,新！台北北投私人湯屋溫泉宅無敵景觀電梯新大樓近天母士林石牌月租,24533581,AHome,,北投區,25.141218038864135,121.51036436154514,Entire home/apt,1850,28,4,2024-04-30,0.26,2,211,3,
931787420558352080,大安MRT東門站二房舒適方便宅,4134671,TaipeiAliceHome,,大安區,25.0324299,121.5317605,Entire home/apt,3500,30,0,,,1,63,0,
932323219108190418,灰色空間B/ MRT西門3分鐘 /獨立套房/2人.,445307436,承芊,,萬華區,25.04509,121.50602,Entire home/apt,1556,3,28,2024-12-20,1.58,28,210,17,
932341188700094052,Twin Room with Colorful Joys,28385059,W.J.H,,大同區,25.0535585,121.5100807,Private room,3823,1,1,2024-01-01,0.08,5,82,1,
932377772688880148,大安區捷運&南洋風雅房/月租MRT/NTU/NTUST/Ntnu/ROOM C,107651931,曉珊,,大安區,25.02282,121.5424,Private room,700,28,0,,,25,95,0,
932530025864330666,H9/1-4PP/GoogleTV/500mtoXimenMRT/WiFi/Lift/Heater,136010110,Rex,,萬華區,25.043523,121.503395,Entire home/apt,3303,2,92,2024-12-31,5.22,36,322,66,
933033609462698339,西門景觀六人房,13733207,恭豪,,萬華區,25.04211,121.50533,Private room,30000,1,1,2023-08-27,0.06,8,46,0,
933050152026558749,西門雙層四人房,13733207,恭豪,,萬華區,25.03988,121.50563,Private room,20000,1,1,2023-08-28,0.06,8,47,0,
933060188478545805,MRT 3mins｜Single Room w/ Private Bathroom｜K63.,242730194,Kolette,,中正區,25.04366404473941,121.5151067493096,Entire home/apt,1536,30,4,2024-12-06,0.23,67,142,2,
933081158930243930,西門雙層五人房,13733207,恭豪,,萬華區,25.042080120634783,121.50499999785465,Private room,25000,1,0,,,8,46,0,
933193612272139280,西門町商圈D／紅樓旁／西門站步行4分鐘／公寓二樓／垃圾代收／樓下有自助洗衣店,510241790,Yihan,,萬華區,25.0423764,121.505232,Entire home/apt,1869,3,25,2024-11-16,1.45,16,84,15,
933439803371682687,JOURNEY PLUS 一房一廳獨立衛浴南京復興站5分,28402175,Somer,,松山區,25.05291,121.544333,Entire home/apt,1567,3,50,2024-12-28,2.81,11,116,40,
933671867452918515,西門悠活六人房,509204937,西門,,萬華區,25.0447933,121.5061696,Private room,,1,1,2023-12-10,0.08,5,363,0,
933912436919806984,H51/Lift/Netflix/WiFi/Ximending350mToBeimenStation,136010110,Rex,,萬華區,25.04793,121.50869,Entire home/apt,1401,2,96,2024-12-27,5.40,36,246,66,
934282767787332014,パン Lisa(6~8Pax room),19843186,萊,,萬華區,25.04263748487255,121.50603397641265,Entire home/apt,3943,3,55,2024-11-30,3.08,13,137,35,
934493156256409757,1bd/1ba Suite A w/Private Bathroom｜Da'an Dongqu,5812604,Jon,,松山區,25.04599,121.54647,Private room,2600,2,39,2024-12-07,2.25,5,230,22,
934523332681476977,City Hall MRT | Elevator Building | Stylish Suite,522531459,Taipei,,信義區,25.043536812358777,121.5665688100228,Private room,1851,30,4,2024-06-19,0.43,30,255,4,
934525097929300987,5 mins to MRT City Hall Station | 2 Bedroom,522531459,Taipei,,信義區,25.0421282915667,121.56798599301686,Entire home/apt,,1,0,,,30,0,0,
934699431014975597,：Two bedrooms cozy apartment near Ntu、Ntnu： ,147140779,Sydney,,大安區,25.01707,121.532307,Entire home/apt,5174,15,13,2024-12-24,0.79,2,144,7,
935019977376374116,【New】L捷運旁｜近西門步行街｜中山文青市集｜五星套房｜陽台電梯｜豪宅設計｜頂級設備｜友善外國人,490134486,Hung Chih,,中山區,25.06306,121.52601,Entire home/apt,5798,30,5,2024-12-31,0.41,41,212,4,
935111920422896118,接機優惠 Dec hot sale/Fujin&Minsheng family house8ppl.,119870232,도민,,松山區,25.05757,121.5509,Entire home/apt,4317,2,28,2024-12-25,1.58,17,363,10,
935147530957063080,台北101跨年DiscountH502/粉色點點/西門町/捷運西門站走路8分鐘/洗衣機電梯1-12人,493324130,House,,萬華區,25.045265391474576,121.5043414091575,Entire home/apt,4375,2,53,2024-12-23,2.98,55,161,39,
935417703376808105,西門시먼/Ximen MRT 5min/浪漫奶茶風/2-6p,509657209,Sally,,萬華區,25.0421897220564,121.50504996709996,Entire home/apt,2714,2,50,2024-12-17,2.84,11,252,29,
935474837145565705,工業風  Q31經典四人房型  西門站 近台北車站 迪化街 101商圈 九份 十分（三樓 無電梯）,115798819,Airbnb,,萬華區,25.04275,121.5057,Private room,1016,3,3,2024-11-18,1.36,68,86,3,
935480596905669691,工業風  Q33經典四人房型  西門站 近台北車站 迪化街 101商圈 九份 十分（三樓 無電梯）,115798819,Airbnb,,萬華區,25.042573633723435,121.50564917552721,Private room,952,3,22,2024-11-27,1.47,68,85,14,
935483904106229422,工業風  Q51經典四人房型  西門站 近台北車站 迪化街 101商圈 九份 十分（四樓 無電梯）,115798819,Airbnb,,萬華區,25.04278,121.50548,Private room,1143,3,32,2024-11-26,1.97,68,80,22,
935486043230676880,MRT Ximen Station Q23𓇬Ximending𓇬Taipei 101𓇬住1-4人,115798819,Airbnb,,萬華區,25.04245151129596,121.50343313415227,Private room,1000,3,1,2024-11-24,0.79,68,83,1,
935487824161566102,台北101DiscountU1002時尚空間/西門町夜市台北車站/捷運西門站走路8分鐘電梯1-6人,493324130,House,,萬華區,25.044366695966286,121.5028016411103,Entire home/apt,2514,2,45,2024-12-25,2.56,55,165,30,
935762911172534277,Ximen Station Exit 6 /1 minutes,230860138,Amy,,萬華區,25.0428958025011,121.50753727761561,Entire home/apt,2586,3,1,2024-04-28,0.12,5,300,1,
936072971000282277,【Taipei City ​​Center】MRT 3min#Warm#Cozy#Relax#西門町,114443190,Woo Bin,,中正區,25.04553,121.51552,Entire home/apt,8985,2,65,2024-12-10,3.70,15,276,40,
936272541915371590,"Spacious, Comfy, & New 3 Bdrm | near NTNU and MRT",7970386,Fun Taiwan Home,,大安區,25.02788,121.52282,Entire home/apt,6800,5,14,2024-12-09,0.83,7,182,11,
936343456379405576,信義區高挑有貓大空間,480810751,Yi Hsin,,信義區,25.03115,121.55863,Private room,2057,7,0,,,1,260,0,
936579697790350707,靠近師大！雅房Room E！一卡皮箱即可入住！,48973968,怡穎,,文山區,25.006205549177555,121.53524224042826,Private room,700,7,3,2024-11-30,0.31,24,225,3,
937319170724881699,信義區電梯雅房 近大巨蛋 台北101 TICC 世貿 [限女 Female only],5736151,Jia Yu,,信義區,25.034320722438107,121.55846374758761,Private room,1289,2,46,2024-12-16,2.64,1,43,30,
937329739320248238,西門町都會雙人房 Ximending Double room,122764186,Kyo,,萬華區,25.039992,121.506089,Entire home/apt,,2,48,2024-12-17,2.81,86,0,36,
937372080575916293,西門町溫馨雙人房 Ximending Double room,122764186,Kyo,,中正區,25.0423439,121.511041,Entire home/apt,1433,2,62,2024-12-13,3.59,86,65,41,
937422681201823205,Breeze Center/24hr Concierge/Personal Butler/Park,298910458,Ariel,,松山區,25.047930058713245,121.5479697238979,Private room,1265,25,2,2024-03-01,0.15,25,349,1,
937459102623135244,MRT西門町步行三分鐘(國內訂房未開放)舒適波希米亞風格小屋 （月租2-4人房),30569371,S,,萬華區,25.041120034428097,121.50530437292872,Entire home/apt,1589,3,41,2024-12-13,2.46,5,39,27,
937469990938373946,"溫馨兩房離忠孝復興捷運站走路一分鐘BL-15,BR-10",158945627,Ivory,,大安區,25.04143,121.54773,Entire home/apt,4854,7,23,2024-12-17,1.34,15,54,17,
937567432902597908,Taipei/Ximen西門町龍山寺24小時保全管理電梯大樓舒適套房,141865597,Li-Xuan,,萬華區,25.0394272,121.5021094,Entire home/apt,1732,30,2,2024-04-21,0.15,2,344,1,
937589430220756200,Ximending MRT/ Taipei Main Station/ C3/ Red House,221534550,Anne,,萬華區,25.04383,121.50488,Entire home/apt,2143,2,29,2024-12-07,1.67,48,88,18,
937610037102570511,H117/GoogleTV/Lift/View/Wi-Fi/2MinToA1/Microwave,136010110,Rex,,大同區,25.0509237,121.5121264,Entire home/apt,1969,2,107,2024-12-25,6.06,36,311,69,
937991450648779450,Breeze Center/24hr Concierge/Personal Butler/Park,298910458,Ariel,,松山區,25.0472435,121.5470089,Entire home/apt,1317,25,5,2024-12-25,0.41,25,192,5,
938072647698899854,MRT 2 mins only female,105992530,Natashia,,大安區,25.0410168,121.5421389,Private room,1171,14,66,2024-12-17,3.75,2,39,38,
938131750761320209,天母sogo cozy suite,67709271,Jill,,士林區,25.10701901455638,121.52611646801233,Entire home/apt,2900,2,29,2024-12-09,1.66,3,298,20,
938143326219311822,@Ximen(A)New獨棟1～4樓/650m西門7分鐘/6-18人房/10張床/行李寄放/4房4衛,232252031,Cosin,,萬華區,25.038154983737154,121.50436734441735,Entire home/apt,5506,2,3,2024-08-13,0.20,9,49,1,
938249089305985887,台北教育大學台大師大遠企101電梯高樓、近科技大樓地鐵、大雅房鋼琴房,21959873,Mimi,,大安區,25.02411290130997,121.54722637486653,Private room,,30,1,2024-02-19,0.09,4,2,1,
938259013083040171,RS Apt w/ lift near Ximen MRT 西門町 距西門站2分鐘 獨立浴室 紅樓,79915350,Paradise Taipei,,萬華區,25.04214314099181,121.50612978660358,Entire home/apt,2313,3,48,2024-12-15,2.76,29,169,31,
938259175240553344,台北教育大學台大師大遠企101電梯高樓、近科技大樓地鐵、小雅房,21959873,Mimi,,大安區,25.024365928110527,121.54646427382528,Private room,1050,30,0,,,4,59,0,
938310579447246850,美學跳躍實驗室 Aesthetic living space in centre of Taipei,408466394,Stella,,大安區,25.04106,121.53707,Entire home/apt,7500,1,0,,,1,52,0,
938318777772448534,挑高大空間 文青設計風 電梯大樓 全新裝修B10/西門站3分鐘/住2-4人/紅樓/101/大稻埕,115798819,Airbnb,,萬華區,25.042050616826604,121.50783298554201,Entire home/apt,1468,3,34,2024-12-17,2.04,68,84,24,
938713066229455692,Dadaocheng/TP101/Ximending/Metro/歡迎月租,428361363,Lin,,中山區,25.059098290946086,121.52570486534488,Entire home/apt,2194,3,40,2024-11-22,2.36,7,68,29,
938833891673599560,豪華家庭房-C,13733207,恭豪,,萬華區,25.03987,121.50691,Private room,8000,1,3,2023-12-10,0.18,8,31,0,
938841487189820577,西門町休憩雙人房 Ximending Double room,122764186,Kyo,,萬華區,25.0426126,121.5046471,Entire home/apt,1469,2,66,2024-12-17,3.85,86,65,50,
938963700856790265,Ximen station西門町/捷運站6分鐘 /獨立溫馨套房,230860138,Amy,,萬華區,25.04431047343008,121.50489777572729,Entire home/apt,,2,10,2024-12-17,0.61,5,235,8,
938980161030273634,【台北車站1min】5-8人三房兩衛/直達西門、士林夜市、淡水,94932813,En-Chia,,中正區,25.04588,121.51645,Entire home/apt,7754,3,67,2024-12-23,4.21,4,187,47,
939137601852612499,Ximending𓇬V37棠𓇬Taipei 101𓇬泡澡浴缸𓇬住1-4人MRT 西門站,115798819,Airbnb,,萬華區,25.04274,121.50406,Entire home/apt,1321,3,29,2024-11-24,1.95,68,83,19,
939418152410410046,接機優惠Dec hot sale西門町 新古典的交織饗宴/ 4房2衛浴,58666148,Cookie,,萬華區,25.045856093842005,121.50668001212601,Entire home/apt,6815,2,15,2024-11-25,0.85,21,149,9,
939528430089956361,Spacious 220SQM home/piano in heart of Taipei,4002138,Jl,,中山區,25.06133355751534,121.53094619770923,Entire home/apt,6314,2,55,2024-12-28,3.17,2,158,37,
940122923352824697,Got a Large Group?  We Can Host Large Parties!,253215491,Laura,,萬華區,25.044954820784668,121.50603977976229,Entire home/apt,,2,13,2024-10-29,0.79,3,57,7,
940142651428634009,*Cordovan | 2+3F 雙層獨享奢華豪宅空間/三房兩衛/頂級會所/夜市/大型超市,510950512,Day,,中山區,25.04658,121.54103,Entire home/apt,6697,2,50,2024-12-14,2.98,3,123,37,
940193029811012267,溫馨小窩,512553598,Tzu,,中正區,25.04614,121.51093,Entire home/apt,2594,3,40,2024-12-15,2.31,2,175,27,
940199017736750823,接機優惠Dec hot sale/Carpe Diem/Seize the day信義區 小孩遊樂場,485262233,Lambert,,信義區,25.037152689481776,121.58134877745833,Entire home/apt,3154,2,21,2024-12-31,1.19,17,173,11,
940207204066326701,古亭站電梯全新獨立大套房,447479493,佳炫,,中正區,25.02631404068799,121.51618820964693,Private room,2500,30,0,,,1,363,0,
940253941048211897,"New, Modern Taipei Home @ CKS Memorial Hall @ Daan",527018024,Yihan,,中正區,25.03075,121.51732,Entire home/apt,5500,28,4,2024-10-13,0.28,1,45,3,
940256903973067073,西門町明亮雙人房 Ximending Double room,122764186,Kyo,,萬華區,25.0431251,121.5052835,Entire home/apt,1518,2,58,2024-12-08,3.35,86,26,37,
940360781123713182,四人房-西門町捷運站步行3分鐘-獨立衛浴-台北西門,526853887,泱辰,,萬華區,25.043239,121.5059649,Entire home/apt,4569,1,36,2024-12-30,2.11,9,55,27,
940457805073174051,黑先生2.5號房- 月租有優惠可寵物西門、北門雙捷運小家庭系列超精緻小2房,39512538,Black,,萬華區,25.0472327,121.5058751,Entire home/apt,3295,1,28,2024-12-23,1.61,15,357,15,
940486327348920442,A bright room with a big window,27387698,Tina,,大安區,25.02818348831663,121.54227945953606,Private room,1321,1,0,,,2,86,0,
940716162826618702,Cozy Apt 30secs To XimenMrt 西門町 Dryer,28103867,Henry,,萬華區,25.04461,121.50726,Entire home/apt,3603,4,22,2024-12-15,1.35,38,81,20,
941074552341541123,TPEHS E503/粉色夢幻/洗脫烘衣機/台北車站/捷運西門町站走路3分鐘/電梯/住1-6人,493324130,House,,萬華區,25.04376,121.50703,Entire home/apt,3400,2,52,2024-12-17,3.03,55,169,37,
941081127750864502,Ximen station/西門町6分鐘超大房間及衛浴/乾淨舒適,230860138,Amy,,萬華區,25.044372983361995,121.50280890624292,Entire home/apt,,3,0,,,5,256,0,
941599717663156438,【Hot】10三分鐘／全新裝修／獨立陽台套房／電梯／通風採光／中山國小／中山／友善Foreigner,519336015,Len,,中山區,25.061648457193417,121.5263759036157,Entire home/apt,14455,30,4,2024-01-04,0.23,24,80,1,
941619876305459607,C3【樓中樓】捷運市府站步行1分鐘/電梯大樓挑高樓中樓/獨立陽台採光好/免追垃圾車/生活機能優,213704427,Zoe,,信義區,25.0417109,121.5662294,Entire home/apt,3329,30,9,2024-11-13,1.13,23,104,9,
941649651874264259,ZX35N【3bdrm 2bth】Zhongxiao Dunhua MRT 1min/Elvator,213704427,Zoe,,大安區,25.0430376,121.5507993,Entire home/apt,4500,30,18,2024-12-08,1.18,23,139,13,
941690682039506577,W27N 《1 BDR APT/Ximen MRT 10 min/Central trash RM》,213704427,Zoe,,萬華區,25.0462008,121.5054492,Entire home/apt,2149,30,13,2024-11-03,0.80,23,55,10,
941769468734169853,W49N [ 2 BDR APT] MRT 10 min/ Central trash rm,213704427,Zoe,,萬華區,25.0462008,121.5054492,Entire home/apt,2686,30,13,2024-12-17,0.92,23,112,12,
941827238568476753,W50N [2 bdr apt]MRT 10 min/Central trash rm,213704427,Zoe,,萬華區,25.0462008,121.5054492,Entire home/apt,2557,30,10,2024-12-17,1.16,23,77,10,
941842732108097163,L02N Ximen APT [1-4ppl] 10 mins to Ximen MRT,213704427,Zoe,,萬華區,25.0462008,121.5054492,Entire home/apt,1500,30,17,2024-11-30,1.06,23,82,13,
941885505615305732,L34N  Ximen MRT 10 mins /Central trash rm!,213704427,Zoe,,萬華區,25.0462008,121.5054492,Entire home/apt,1500,30,15,2024-12-03,0.97,23,144,10,
941894329371283257,Q22N 《2 BDR APT/Big balcony/ Ximen MRT 10 mins!》,213704427,Zoe,,萬華區,25.0462008,121.5054492,Entire home/apt,3100,30,13,2024-12-04,0.86,23,123,11,
941916641474916334,Q49N Ximen Studio #24-hour management#,213704427,Zoe,,萬華區,25.0462008,121.5054492,Entire home/apt,2114,30,10,2024-11-13,0.68,23,102,8,
941934634386267834,B45N Ximen [2 BDR] Apt 10 mins to MRT!,213704427,Zoe,,萬華區,25.0462008,121.5054492,Entire home/apt,2857,30,13,2024-10-14,0.86,23,57,10,
942154028962873695,信義計畫區馬路對面2號2樓便宜公寓套房,102772111,Judy,,南港區,25.04567,121.58129,Private room,2000,1,2,2024-12-22,0.12,1,59,1,
942246111392560771,Ximen Station/無印日系簡約/Taipei101/台北車站/1-2人,103420076,Pearl,,萬華區,25.04518,121.50628,Entire home/apt,2542,5,57,2024-12-15,3.26,4,142,42,
942269733700371721,HCN 【全面清潔與消毒】電梯大樓/近西門捷運站3分鐘/免追垃圾車,213704427,Zoe,,萬華區,25.0441128,121.5073189,Entire home/apt,3000,30,15,2024-10-28,0.93,23,82,12,
942442757876966609,Centrally located near Daan MRT,527565574,Li Rong,,大安區,25.03359,121.54494,Entire home/apt,1029,2,0,,,1,332,0,
942658912734003450,Da an B6,50959552,Dawson,,大安區,25.037200779804316,121.54687799830589,Entire home/apt,1594,2,49,2024-12-28,3.33,8,54,39,
943048898493055560,𖧛[整層住家]近台北車站西門乾淨舒適，一層一戶 陽光大窗交通方便,173321819,109Yang,,中正區,25.0424941,121.511636,Entire home/apt,,1,0,,,25,9,0,
943471368141557845,Elevator| 3+1 room | 4 minutes to MRT,527648777,Sarah,,大安區,25.03576,121.55557,Entire home/apt,3655,2,57,2024-12-24,3.31,3,147,36,
943474876013744012,TPEHS XN615/城市咖啡/觀光夜市/西門町/捷運西門站走路6分鐘/洗脫烘衣機/住1-8人,493324130,House,,萬華區,25.04662,121.50553,Entire home/apt,7257,2,52,2024-12-14,3.04,55,163,34,
943663509873623074,*台北市中心* 全新裝潢2房｜2-4人｜月租折扣｜電梯公寓｜捷運站5分鐘｜有廚房｜附洗衣機｜,203969708,Ariel,,大安區,25.043732644725743,121.55600167631466,Entire home/apt,2467,28,0,,,2,233,0,
943698279298138268,Great Room A w/Bathroom @ZhongShanMRT (9minWalk),471945582,House,,大同區,25.05673944034564,121.51367329765311,Private room,7,30,5,2024-12-26,0.30,41,127,3,
944059133338717467,Chen先生的雙人房(另外有單人房，共可以接待3位賓客),528016748,宗泰,,大安區,25.024521116905266,121.53023737294015,Private room,1800,2,27,2024-12-30,1.99,2,197,21,
944490798474124575,"Seamless City Exploration, WFH Bliss Accommodation",14567958,Jon,,萬華區,25.043199411505167,121.50375504230215,Entire home/apt,1546,3,62,2024-12-10,3.63,18,108,42,
944611288876930064,Cookie’s apt,367022626,Cookie,,大安區,25.03595860046685,121.54557509218847,Private room,1300,1,44,2024-12-17,2.60,1,311,29,
945177969312159803,S6#Taipower MRT#Taipei 101#NTU/NTNU#Monthly promo~,515756856,Ann,,大安區,25.0235,121.52988,Entire home/apt,7186,2,47,2024-12-24,2.72,7,81,30,
945369322707964400,《Rophe 4-5人房》西門町乾淨套房\捷運西門站走路1分鐘,517647064,Vincent,,萬華區,25.042405536083358,121.50682979645723,Entire home/apt,2913,3,37,2024-12-14,2.16,7,156,26,
945426705870180859,復古豪宅｜捷運走路1分鐘｜大2房2衛浴｜市中心10人｜電梯大樓｜全聯 便利商店,527648777,Sarah,,中正區,25.04623,121.52268,Entire home/apt,5200,2,18,2024-12-14,1.88,3,157,18,
945467048134801834,【Hot】10 easy to check in,519336015,Len,,中山區,25.06119,121.52589,Entire home/apt,14589,7,0,,,24,181,0,
945614851153280599,woodland/quite family house/kids welcome10ppl,528441351,Lisa,,中山區,25.061022268263812,121.5418268894791,Entire home/apt,4380,1,93,2024-12-23,5.38,1,298,64,
947048011837833983,TPHS K207A/花朵Loft/台北車站/西門町/捷運西門站走路8分鐘/電梯/住1-6人,493324130,House,,萬華區,25.04425444551031,121.50353680204633,Entire home/apt,4061,2,49,2024-12-24,2.91,55,173,38,
947419509809418322,Style Unique home Designed by German,528379976,Eda,,松山區,25.047796350808547,121.54608341290543,Entire home/apt,4278,2,35,2024-12-26,2.43,15,331,29,
947649246755044693,Christmas*Contemporary信義#台北101景觀房#跨年煙火秀#台北101/世貿站,522521273,Hannah,,信義區,25.030816003396794,121.56457226605905,Entire home/apt,6514,2,30,2024-12-08,1.75,5,158,7,
947663270415776250,Christmas*Inviting 璞真永吉 #台北101景觀房#跨年煙火秀#市政府站,522521273,Hannah,,信義區,25.04273,121.56959,Entire home/apt,6003,2,22,2024-12-23,1.29,5,162,13,
947716902043021118,南港1E 鬧中取靜 簡約 近捷運 南港1E,48973968,怡穎,,南港區,25.049035162042692,121.58928141106537,Private room,780,30,0,,,24,305,0,
948699490811513277,沈穩內斂的設計風格，最具吸引力的房間～,233091828,Felice,,中山區,25.05574,121.5252951,Private room,,30,0,,,1,269,0,
948964955880487874,Breeze Center/24 desk/Personal Butler/Central Tpi,298910458,Ariel,,松山區,25.046947996322807,121.54602259092081,Private room,1276,25,7,2024-11-30,0.46,25,345,5,
949245601354578116,Fusion / COZY /寧夏夜市/台北車站/台北地下街/西門町/4人/2F/,91055284,樂樂,,大同區,25.05113,121.51566,Entire home/apt,2799,2,62,2024-12-07,3.73,5,229,36,
949264396095831091,Fresh / COZY/寧夏夜市/台北車站/台北地下街/西門町/4人/3F/,91055284,樂樂,,大同區,25.04925,121.51576,Entire home/apt,2926,2,59,2024-11-20,3.57,5,182,44,
949614032766680956,B01三人雅房中山站5分/北車12分/24小時入住,176059533,大昌旺,,中山區,25.050791127981903,121.52392101739389,Private room,1514,1,30,2024-12-07,1.85,15,268,17,
949618511063657799,A01/雙人雅房/中山站5分鐘/台北車站12分鐘/24小時入住,176059533,大昌旺,,中山區,25.049198006122943,121.52238923323692,Private room,1086,1,42,2024-12-06,2.70,15,28,30,
949682337242838340,Cozy room near 101 and metro,19813524,Yen Ni,,信義區,25.040167977575425,121.57778738266981,Private room,,7,12,2024-08-21,0.72,1,0,3,
949691204442639809,西門町捷運（月租）不指定2-3人電梯大樓（國內訂房尚未開放）,161246735,Blue Sky,,萬華區,25.04072,121.5064,Entire home/apt,,3,3,2024-05-02,0.20,7,0,2,
949716634950306144,接機優惠Dec hot sale/Industrial Loft Style-北歐配色.,119870232,도민,,大安區,25.04126,121.54369,Entire home/apt,4551,2,28,2024-12-20,1.63,17,355,21,
949726301056818041,台北101Discount741/木質空間台北車站/捷運西門町站走路8分鐘乾溼分離浴室/電梯1-6人,493324130,House,,萬華區,25.04497,121.50616,Entire home/apt,2658,2,51,2024-12-21,3.02,55,171,37,
949757633192959218,TPEHS HK1009/陽台空間/夜市/台北車站/西門町/捷運西門站走路3分鐘/電梯/住1-4人,493324130,House,,萬華區,25.040495080137152,121.50625295769522,Entire home/apt,2473,2,63,2024-12-21,3.74,55,151,40,
950082507036212855,"FreeBird Apt XII- 1分鐘到西門捷運站, 電梯",8937651,Chiying,,萬華區,25.042263048610437,121.50704378883088,Entire home/apt,3151,3,30,2024-12-10,1.83,17,53,21,
950392095299401891,【 慵懶聚會空間 】在家迷露-台北車站室內露營/派對空間/私人包場,72452843,Nana,,中正區,25.04363330295866,121.51659938884251,Entire home/apt,6614,1,37,2024-12-28,2.19,3,168,26,
950467067435888249,GS 【3BDR 1-6ppl】5 mins to MRT SYS Memorial Hall！,213704427,Zoe,,大安區,25.04331168420614,121.55615445245977,Entire home/apt,5286,30,21,2024-11-18,1.39,23,158,19,
950496676845525960,【Taipei Ximending Lift studio_22】,21867853,Teddy,,萬華區,25.041533504553986,121.50582629217745,Entire home/apt,1433,3,22,2024-11-24,1.51,16,176,15,
950935478344759170,信義區近101捷運/月租/美麗夜景高樓景觀loft,90001630,愛比,,信義區,25.03164,121.55841,Entire home/apt,2886,21,8,2024-11-18,0.52,1,144,7,
951346217354960765,"A.K  2人房
捷運西門站EXIT6.5分鐘.
台北車站15分鐘.
電梯大樓.獨立套房.",92448004,A.K,,萬華區,25.04176,121.50648,Entire home/apt,1578,3,39,2024-11-30,2.30,17,137,28,
951695156029924996,N2-內湖/三總/二房一廳一衛/適2-5人住,524596170,Xinyi,,內湖區,25.07052,121.59181,Entire home/apt,1886,4,12,2024-12-10,0.77,14,173,8,
951891391169084223,So Central Boutique Suite Taipei City,133011363,Peishu,,中山區,25.0613856039924,121.52481305323542,Entire home/apt,1790,7,12,2024-12-22,0.73,1,296,7,
952363811281854258,北車／西門／台大醫院捷運站附近4分,19216347,心誠,,中正區,25.045509168609392,121.5124154022569,Entire home/apt,1272,30,1,2024-01-08,0.08,35,257,1,
952616956170984238,"2023 New Open!晚安,瑪卡巴卡！MRT西門站8分鐘",118973784,Andy,,萬華區,25.045863673372004,121.5045594986,Entire home/apt,1892,3,29,2024-11-17,1.72,20,173,12,
952642387403971169,"2023New Open!暮光Mu Home,西門站6分鐘!",118973784,Andy,,萬華區,25.043709817407635,121.50693954732593,Entire home/apt,2237,3,40,2024-11-17,2.37,20,151,24,
952883898392814488,近機場捷運 台北車站 8清新明亮風.電梯3-7人房.免費WIFI,516896438,David,,中正區,25.04687,121.51636,Entire home/apt,2537,2,66,2024-12-29,4.29,5,131,51,
952915475563639947,台北捷運站 西門町5.電梯3~7人房.復古風格.免費WIFI,516896438,David,,中正區,25.046596773005945,121.51648883918573,Entire home/apt,2366,2,76,2024-12-20,4.88,5,40,55,
953279954843429758,【Vintage W.】1-4P/A1 Station/free WiFi/西門町/北門,230455578,Amanda,,萬華區,25.047609597485888,121.50731023989239,Entire home/apt,2605,3,52,2024-12-16,3.16,6,155,35,
953324631039181935,1/F apartment close to Shilin,7925199,Carmen,,北投區,25.11018,121.52119,Entire home/apt,2914,30,1,2024-02-22,0.10,1,241,1,
953352445543034028,"Ximen Ding, 4pax",128806861,Kenson,,萬華區,25.044169320200968,121.50846172357679,Entire home/apt,3771,3,50,2024-12-16,3.02,13,322,37,
953357822482001617,MRT松江南京站/整層3房2廳2浴/工作室/東區商圈,441888372,TzuHan,,中山區,25.048420900135294,121.533593555695,Entire home/apt,4983,7,8,2024-11-05,0.50,30,192,5,
953365910316301756,MRT大安森林公園站/整層3房2廳2浴/東區商圈,441888372,TzuHan,,大安區,25.0295077271934,121.53915172532892,Entire home/apt,5897,3,14,2024-12-12,1.12,30,197,13,
953621537965403626,TPEHS HK406/復古單車/西門町/夜市/台北車站/捷運西門町站走路6分鐘/電梯/住1-8人,493324130,House,,萬華區,25.04435,121.50857,Entire home/apt,3553,2,62,2024-12-13,3.67,55,150,44,
953959419953822221,M717/Ximending/ Taipei 101/Monthly Promo 20%OFF!,221534550,Anne,,萬華區,25.045860936436547,121.50284572313394,Entire home/apt,1129,2,8,2024-11-17,0.57,48,90,4,
953965381747930107,西門町捷運三分鐘,203223914,Happy,,萬華區,25.042815471978976,121.50511787301639,Entire home/apt,,2,35,2024-12-10,2.16,5,60,21,
954051610379112633,Orange Bear音樂人小豪宅/月租優惠*/古亭站MRT/河岸電梯高級大樓/咖啡體驗假期午後,21909256,Szuting,,中正區,25.022700947359922,121.51845696175396,Entire home/apt,2345,1,62,2024-12-24,3.71,3,121,43,
954248929898514237,溫馨寧靜10人｜1月福利折扣｜遼寧夜市｜正4房1衛浴｜南京復興3分鐘｜跨年煙火,516588424,Amy,,中山區,25.05549918680176,121.54206643528669,Entire home/apt,6000,2,68,2024-11-28,4.06,5,144,33,
954260602833884819,FO Apt w/ lift near Ximen MRT 西門町Loft 近西門地鐵站 獨立浴室,79915350,Paradise Taipei,,萬華區,25.04496,121.50388,Entire home/apt,2347,3,49,2024-12-17,2.95,29,167,30,
954645051485845341,豪華家庭房-b,13733207,恭豪,,萬華區,25.0406089,121.5062597,Private room,8000,1,10,2024-12-16,0.69,8,31,3,
954703110273312634,【永吉信義】Jay Chou/A-Mei演唱會/電梯6~8人房/3房2衛/台北101跨年煙火/市府,330579461,Toto,,信義區,25.04104,121.56911,Entire home/apt,6003,2,17,2024-12-01,1.27,30,162,14,
955057142489706917,A6-高性價比-1-3人獨立套房-近西門町、龍山寺、地鐵站、捷運站、夜市、場地租借-月租套房,499306096,哥,,萬華區,25.036349338045444,121.49653765635122,Entire home/apt,970,2,45,2024-12-25,3.00,13,61,38,
955469049198447244,Tpe 101 Room G @ Taipei 101 MRT,471945582,House,,信義區,25.03092,121.55859,Private room,,30,3,2024-09-27,0.21,41,0,2,
955651692143927322,【信義區市中心】電梯~6人房/ 3房2衛/台北101跨年煙火/MRT 台北101世貿站,330579461,Toto,,信義區,25.03309778697617,121.56597958423879,Entire home/apt,6514,2,38,2024-12-28,2.53,30,158,36,
955707490931741496,Taipei101、永春捷運站、饒河夜市、松山火車站、高鐵南港站,200308646,Terry,,信義區,25.037293057441303,121.5790240713313,Entire home/apt,1314,2,56,2024-12-25,3.49,5,161,36,
956181997996763373,樹海景觀Taipei 101 city-view 2BR apt near TICC,488416020,OurPlace,,大安區,25.03208,121.55161,Entire home/apt,4986,5,18,2024-12-16,1.07,10,178,13,
956214865072227582,TPEHS HK408/灰色空間/西門町/夜市/台北車站/捷運西門町站走路6分鐘/電梯/住1-8人,493324130,House,,萬華區,25.04441535758328,121.50662064923814,Entire home/apt,3366,2,57,2024-12-22,3.47,55,153,39,
956230092492974762,台北101Discount532/綠色植物/台北車站捷運西門町站走路8分鐘/乾溼分離浴室電梯1-4人,493324130,House,,萬華區,25.04742356084204,121.50628085287269,Entire home/apt,1964,2,50,2024-12-16,3.25,55,170,36,
956365054386607335,"3～7P,3mins to Ximen Station",482581813,Jan,,萬華區,25.04414166536747,121.506776677854,Entire home/apt,,3,51,2024-12-16,3.10,2,227,36,
956474227844181862,『Art House』士林夜市/捷運2分鐘/西門町/寧夏夜市/陽台/洗衣機/2～6人/月租,29506598,Jane,,士林區,25.09111,121.52828,Entire home/apt,2320,1,62,2024-12-11,3.78,3,66,46,
956488092029480068,Dongmen Art Museum/Limited Time Special,519761273,Adelina,,大安區,25.033835,121.5285039,Entire home/apt,2847,1,59,2024-11-11,3.66,2,327,38,
957051792198250311,Cozy Local House𓇬w/elevator𓇬MRT ZhongshanStation,18920780,Ann,,中山區,25.05337,121.52061,Entire home/apt,8030,3,48,2024-12-13,2.99,17,130,35,
957104285010490068,MRT Ximen 3min/시먼딩 2-6人房/독립공간/WiFi/陽台/heating,103961092,Eli,,萬華區,25.043006,121.505396,Entire home/apt,3326,3,50,2024-12-31,3.02,6,120,31,
957194059389080785,Lu•Jia(8-4)Airport MRT/Taipei Main Station 3-Mins,531605794,Ivan,,中正區,25.046699622130713,121.51412448411395,Entire home/apt,3477,2,74,2024-12-30,4.44,5,200,56,
957416316141090596,Luxurious Xinyi 101/City Hall MRT,369837642,Alvin,,信義區,25.042476550277797,121.56805022124333,Entire home/apt,8261,2,12,2024-12-17,0.84,1,262,9,
957558618360086515,Cozy & convenient only female,105992530,Natashia,,大安區,25.04056,121.54124,Private room,1229,14,40,2024-12-17,2.45,2,15,35,
957592578065764874,小樹林A/ MRT西門3分鐘 /獨立套房/3人.,445307436,承芊,,萬華區,25.04592614405913,121.50765301292445,Entire home/apt,1591,3,34,2024-11-14,2.15,28,216,25,
957670414552595281,LUXI | TPE Main Station | 3 Bed 2 Bath,35674846,Chia,,中正區,25.04656,121.51667,Entire home/apt,,2,57,2024-12-03,3.72,1,0,36,
957749678163169834,【簡單的家 Simple】2~5人房 全捷運西門站步行5分鐘／電梯大樓／24小時保全,21197641,Dabao,,萬華區,25.0431251,121.5052835,Entire home/apt,2129,3,59,2024-12-09,3.55,7,220,43,
958026683550567813,山景美宿館｜4房2浴車位｜松山捷站/饒河夜市5分｜ΥОUΤŲΒE搜「山景美宿館 實景」，可寄放行李,3705836,Gordon,,南港區,25.052529876746288,121.58281672810944,Entire home/apt,13593,1,9,2024-11-18,0.57,11,179,5,
958283901045641760,CozyRoomD/Yongkang street/Share House/NTNU/Dongmen,18920780,Ann,,大安區,25.02852,121.53133,Private room,1000,28,1,2024-05-13,0.13,17,336,1,
958606342494637048,西門商圈308/捷運西門站步行1分鐘/漂亮採光套房,508233574,詩純,,萬華區,25.04259734070178,121.50642306981057,Entire home/apt,2631,3,2,2023-12-28,0.15,26,50,0,
958717554146192971,OutstandingTaipei @1min TaipeiStation 台北車站,146008296,Harry Chen,,中正區,25.046460384791533,121.51694711452713,Entire home/apt,2836,3,54,2024-12-28,3.25,9,356,39,
959076538307510008,上鋪單人房 Single room shared shower room no window,14971125,Daan Park,,中正區,25.035016656159556,121.53170159422736,Private room,,1,0,,,12,0,0,
959142524465128196,豪享趣｜空間獨享不分租，7房三衛19床，士林夜市走路3分鐘，可寄放行李,3705836,Gordon,,士林區,25.090730781337147,121.5247050692822,Entire home/apt,11904,1,42,2024-12-10,2.59,11,235,34,
959193655084743516,大安藝術公寓 大安站走路一分鐘,393359829,守為,,大安區,25.0339954,121.5439152,Private room,,1,5,2023-10-14,0.31,1,0,0,
959818104071857840,溫馨2～6人採光明亮房1分鐘到台北車站M6出口,20880721,Harry,,中正區,25.04714,121.51677,Entire home/apt,4057,2,38,2024-11-09,2.47,15,338,25,
959955553780429813,Suites with working desk and monitor,27055527,YiChia,,萬華區,25.04196,121.5072,Entire home/apt,2600,30,7,2024-07-06,0.43,2,270,3,
960014690763078399,"6 mins to MRT Nanjing Fuxing, studio for 4",21506709,Maggie,,中山區,25.048375088391484,121.54170227795065,Entire home/apt,,28,7,2024-11-30,0.46,27,33,5,
960467772362222144,New open hot sale<Luxury Pink>,441408173,Rosalia,,大安區,25.0431424,121.5503662,Entire home/apt,2164,1,45,2024-12-17,2.99,14,362,33,
960620701897590136,Christmas*Quaint Chic style Decoration apt #忠孝復興,522521273,Hannah,,大安區,25.042205903248373,121.54382768801257,Entire home/apt,3223,2,15,2024-10-27,0.91,5,165,7,
960828314910328279,School - 3 Mins XimenMRT 西門町時尚房FreePocketWifi加大雙人床,28103867,Henry,,萬華區,25.042921220988564,121.50379560571488,Entire home/apt,3660,4,26,2024-11-29,1.70,38,77,18,
960838114569160096,Taipei 101、五分埔、永春捷運站、饒河夜市、松山火車站,200308646,Terry,,信義區,25.03660261037568,121.57699516998962,Entire home/apt,1257,2,44,2024-12-26,2.68,5,77,27,
961488632640228604,簡約宜家高樓四人房,105770970,Steven,,萬華區,25.043602199688365,121.50623971714194,Entire home/apt,1646,3,4,2024-12-15,2.67,1,177,4,
961610728171463900,TPEHS H708/綠色靜謐/西門町/夜市/台北車站/捷運西門町站走路8分鐘/電梯/住1-6人,493324130,House,,萬華區,25.04667,121.50562,Entire home/apt,2420,2,41,2024-12-09,2.69,55,173,31,
962122601834220406,Relaxing home,52302309,Rebecca,,松山區,25.053197495377436,121.55344021864326,Entire home/apt,65000,30,0,,,1,358,0,
962185508111219929,近捷運台電大樓 超值套房 乾溼分離採光佳,529870658,澤聖,,大安區,25.02477765009723,121.52937728949334,Private room,14400,1,0,,,2,270,0,
962568433414314899,信義區家庭三房近101、信義商圈,346656524,Ola,,信義區,25.035118943245646,121.57313170373767,Entire home/apt,,5,21,2024-12-09,1.40,21,233,15,
962568803849957592,隱形氣氛吊扇炡/MRT 7min/獨立衞浴/全自動洗脫衣機/指紋進出,383714739,Mandy黃SaycHouse,,中山區,25.05218,121.5277,Private room,792,30,0,,,16,337,0,
962691178282818866,【戀戀台北】Jay Chou/A-Mei演唱會/電梯 6~8人/東區商圈/MRT忠孝復興/SOGO,330579461,Toto,,大安區,25.040022053623193,121.54583810341344,Entire home/apt,3223,2,4,2024-11-29,0.28,30,165,2,
962702059998563738,華西街夜市旁的溫馨套房 C,471945582,House,,萬華區,25.04011090981168,121.50077685317669,Private room,5,30,2,2024-11-17,0.15,41,121,1,
962708449640986686,Simple Room @ Longshan MRT - Room E,471945582,House,,萬華區,25.04181,121.50085,Private room,1216,30,2,2024-09-30,0.15,41,146,1,
962718071952453043,Great Room B @ ZhongShan MRT (9 min walk),471945582,House,,大同區,25.05653,121.51414,Private room,5,30,1,2023-11-02,0.07,41,63,0,
962732119360762156,AA/12人房 /兩間獨立房型/ MRT忠孝復興3min /東區市中心/ SoGo微風百貨/雙線捷運,352466245,Yoloft,,大安區,25.0428161,121.5416531,Entire home/apt,10200,2,3,2024-04-01,0.24,8,162,1,
962908207547949717,Cozy 4-Bedroom Apartment in the Heart of Taipei,304956869,Teddy,,大安區,25.03961,121.54829,Entire home/apt,7120,2,0,,,1,157,0,
963013428906194127,女子共享公寓@台北東區捷運步行3min l 樓下就是7-11_十人房,171628155,Adam,,大安區,25.04088286930398,121.5538372791005,Shared room,800,30,27,2024-10-30,1.74,6,55,12,
963598835146454354,西門商圈307/捷運西門站步行1分鐘/採光漂亮套房,508233574,詩純,,萬華區,25.041914,121.507535,Entire home/apt,2102,3,11,2024-10-21,0.67,26,77,6,
963619029613526074,24hr manage Ximen 3 min walk 2~4人cozy peaceful,91065299,Brian,,萬華區,25.043858924917178,121.5046280471958,Entire home/apt,1720,3,53,2024-12-27,3.43,1,131,43,
963849439398375439,距捷運六張犁站250m /獨立衛浴/同住公寓,39571634,Ellis,,大安區,25.02496,121.55004,Private room,1683,1,48,2024-12-29,3.14,1,173,30,
964279052667151186,捷運大安站走路2分鐘 ，101景觀房挑高5米樓中樓，大安森林公園走路11分鐘MRT R 05,158945627,Ivory,,大安區,25.032627792613383,121.5434371292482,Entire home/apt,4790,7,21,2024-12-21,1.35,15,171,18,
964284523666895313,Shilin/Jiantan MRT/50% Off/Elevator/2 bedrooms,498346612,Jolie,,士林區,25.0883914,121.522123,Entire home/apt,4073,6,4,2024-08-31,0.28,5,268,2,
964770122339310475,石牌、明德站的溫馨一樓居,24093421,Lala,,北投區,25.11264896311136,121.51778116822243,Entire home/apt,2586,2,3,2024-12-08,0.24,1,256,1,
964960032258089936,"Central Area｜Xinyi-Fuxing ,Duel MRT｜DaanForestPark",14475460,Rebecca,,大安區,25.03397366872692,121.5447698906064,Entire home/apt,2049,4,24,2024-12-25,1.59,4,218,16,
965079036398232560,6minMRT/FreeParking/6people/4beds/Full kitchen,533627933,靜芸,,萬華區,25.02874,121.50202,Entire home/apt,2296,1,11,2024-12-14,0.73,10,360,5,
965580501232906325,小樹林D/ MRT西門3分鐘 /獨立套房/2人.,445307436,承芊,,萬華區,25.0458798030357,121.50631196951635,Entire home/apt,1474,3,36,2024-12-06,2.25,28,215,26,
965613358139624364,Ximen MRT 四人房,13733207,恭豪,,萬華區,25.0416534,121.5072783,Entire home/apt,6000,1,2,2023-11-19,0.14,8,0,0,
965667280234512006,TPHS QM517/繽紛Loft空間/台北車站/夜市/電梯/捷運西門町站走路4分鐘/住1-9人,493324130,House,,萬華區,25.04326235297129,121.50446960837839,Entire home/apt,3791,2,38,2024-12-18,2.42,55,169,26,
965888993166389537,MRT中正紀念堂站/整層3房2廳2浴/國語日報/南門市場,441888372,TzuHan,,中正區,25.03353899628922,121.51986761721759,Entire home/apt,3915,3,7,2024-09-19,1.02,30,222,7,
966494641041889721,市政府捷運站走路7分鐘，採光佳寧靜電梯溫馨兩房一廳，永吉路30巷美食街旁MRT BL-18,158945627,Ivory,,信義區,25.04533,121.56729,Entire home/apt,4124,7,19,2024-12-27,1.18,15,296,14,
966608829749158757,西門商圈801/捷運西門站步行4分鐘/附洗衣機/附烘衣機/有簡易廚房,508233574,詩純,,萬華區,25.042863,121.5048821,Entire home/apt,2863,3,5,2024-12-25,0.81,26,63,5,
966619102845408512,小F的放空旅程 -  3MinsXimenMRT 西門町 大地色頂級套房 Wifi蛋,28103867,Henry,,萬華區,25.042905178478975,121.5057597704999,Entire home/apt,3717,4,40,2024-12-16,2.48,38,81,28,
966624362805243130,《Shalom 4~6人房》西門町套房\捷運西門站走路1分鐘到達\電梯公寓\乾淨舒適,517647064,Vincent,,萬華區,25.04432,121.50762,Entire home/apt,2913,3,32,2024-11-28,2.04,7,156,24,
967396108804077964,TPEHS U202/圖像空間/西門町/夜市/台北車站/捷運西門站走路8分鐘/電梯住1-6人,493324130,House,,萬華區,25.044369547420338,121.50245638559927,Entire home/apt,2985,2,46,2024-12-21,3.01,55,155,37,
967750328135444708,Breeze Center/24hr Concierge/Personal Butler/Park,298910458,Ariel,,松山區,25.04795,121.5476,Entire home/apt,1664,25,5,2024-08-30,0.46,25,124,5,
967963390936448068,7/電梯/捷運西門站走路6分鐘/獨立衛浴/高速網路/書桌微波爐/無窗,14567958,Jon,,萬華區,25.044136,121.503975,Entire home/apt,1157,3,44,2024-11-29,3.00,18,135,35,
968041139903058926,台北松山・無敵河景・舒適客廳、超好睡大床,6787807,Vincent,,松山區,25.05137,121.57838,Entire home/apt,,5,3,2024-06-27,0.23,1,0,2,
968726463634985412,H.C一秋羽一Taipei 西门町 Ximen 龙山寺 Longshan Temple,242710118,Hung,,萬華區,25.04001,121.50547,Entire home/apt,4846,2,56,2024-12-12,3.61,5,163,43,
969342052845830337,［月租］6 mins to MRT Aprt. 2-3ppl 台北京站中山雙捷運/兩房一廳/寧夏夜市,291283304,Naomi,,大同區,25.05006,121.51683,Entire home/apt,2243,2,26,2024-11-25,1.70,31,164,17,
969756552427884797,南港區 !單人房1C，一卡背包就可入住！近藍線昆陽捷運站,48973968,怡穎,,南港區,25.048406908252314,121.58950056170508,Private room,630,30,1,2024-02-17,0.09,24,364,1,
969991947875940793,！共享大廚房/交通購物方便/冷暖空調/氣氛床頭櫃/隱藏式吊扇,383714739,Mandy黃SaycHouse,,大同區,25.058567293417685,121.51378199458122,Private room,680,23,0,,,16,300,0,
970038001303679609,近捷運台電大樓 乾濕分離 限女性套房,529870658,澤聖,,大安區,25.023619,121.529735,Private room,19000,1,0,,,2,270,0,
970053352854140091,西門商圈2F/捷運西門站步行5分鐘/有陽台/附洗衣機/採光四人房,508233574,詩純,,萬華區,25.0407349,121.504295,Entire home/apt,2488,2,1,2023-12-30,0.08,26,57,0,
970187675517732846,SB Apt w/ lift near Ximen MRT 西門町Loft 近西門地鐵站 獨立浴室,79915350,Paradise Taipei,,萬華區,25.04641,121.50337,Entire home/apt,2717,3,33,2024-11-17,2.09,29,166,20,
970564271109436452,電梯公寓｜中山站｜獨立空間,105890527,Alan,,中山區,25.0547732,121.5269597,Entire home/apt,1220,3,36,2024-11-25,2.26,16,46,23,
970620699246677711,Ximen Modern Zen Home 西門侘和室｜1~6人｜西門商圈兩室一廳,151400959,Edward,,萬華區,25.0454099,121.5035953,Entire home/apt,3094,1,50,2024-11-28,3.10,11,72,35,
970687143116076626,在繁華的西門町享受「家」的感覺,267348413,Athena,,萬華區,25.044266149977954,121.50662590413273,Entire home/apt,,1,0,,,1,267,0,
970750953259327746,City Hideaway: CBD Gem with MRT & Starbucks,69525672,Issabell,,大安區,25.0416768,121.551655,Private room,,1,43,2024-12-13,2.80,22,147,32,
970772628644159244,【西門·80’s復古】台北車站Walk 3min#西門町#中山區#寧夏夜市#台北101#饒河夜市,114443190,Woo Bin,,中正區,25.048059376923366,121.51363137257025,Entire home/apt,3329,2,63,2024-12-30,4.00,15,313,48,
970818298805159090,寓所No.2:共生共宅No2-1,71237861,Yeh,,萬華區,25.03573,121.49908,Entire home/apt,2286,2,11,2024-01-31,0.73,4,122,3,
970907129656264590,【享樂親子】台北車站Walk 3min#西門町#永康街#台北101#寧夏夜市#饒河夜市#九份,114443190,Woo Bin,,中正區,25.0465,121.51301,Entire home/apt,3340,2,38,2024-12-29,2.42,15,299,24,
971254912635238406,MRT國父紀念館站/雙人套房/東區商圈/限月租,441888372,TzuHan,,信義區,25.04019,121.55858,Private room,1691,28,0,,,30,257,0,
971418647146605129,-2 安全乾淨方便的 Studio 捷運走路三分鐘,502422334,Ming Chen,,大安區,25.03949005116689,121.55490706091634,Entire home/apt,2499,3,12,2024-12-30,0.78,3,91,10,
972015510648572842,"A2 Urban Escape: 1 Min to MRT, Sec to Starbucks",69525672,Issabell,,大安區,25.0416768,121.551655,Private room,1039,1,30,2024-08-25,1.94,22,140,17,
972015960215675738,"1-3p City-Centric Haven 1min to MRT, 7-11",69525672,Issabell,,大安區,25.0416768,121.551655,Private room,1013,1,36,2024-12-07,2.39,22,145,30,
972018211769570199,Living in Taipei's Heart: MRT & Coffee in Sec,69525672,Issabell,,大安區,25.0416768,121.551655,Private room,,1,31,2024-11-17,2.00,22,145,17,
972095119370840179,Near MRT Ximen Station in taipei,76547617,翠蓮 Emilie,,中正區,25.04338,121.51078,Entire home/apt,3800,5,43,2024-12-19,2.70,8,151,33,
972129153462784995,Great Location close to Ximen station,76547617,翠蓮 Emilie,,中正區,25.041978743292827,121.51188709616248,Entire home/apt,1547,6,37,2024-12-26,2.47,8,145,29,
972135945179475872,西門商圈302/捷運西門站步行1分鐘/有沙發/位於西門町中心,508233574,詩純,,萬華區,25.041914,121.507535,Entire home/apt,3279,3,5,2024-05-14,0.33,26,69,2,
972170771664699212,Great location for you to stay in Taipei,76547617,翠蓮 Emilie,,中正區,25.04328138135515,121.51060989684986,Entire home/apt,,6,30,2024-12-16,1.97,8,175,24,
972226062796077736,"Perfect location for you in Taipei, Ximen MRT",76547617,翠蓮 Emilie,,中正區,25.041888479726317,121.51114614931987,Entire home/apt,1611,5,24,2024-11-30,1.61,8,169,23,
972237128090749894,Exquisite Large Daan Apt 5 minute MRT Shida NTU,128565764,Juan,,大安區,25.02062,121.52909,Entire home/apt,2242,28,17,2024-10-06,1.11,3,70,8,
972249748780686255,"MRT Ximen 5 mins ""Plums""月租西門",76547617,翠蓮 Emilie,,中正區,25.042100039078882,121.51069088365608,Entire home/apt,1513,6,31,2024-12-20,2.04,8,143,26,
972249818635706863,ZA2-忠孝復興MRT/忠孝敦化/小巨蛋/華山藝文特區/台北車站.西門町15mins（2-4人）,22840761,Kikina,,大安區,25.043157786930518,121.54511930688638,Private room,2031,3,10,2024-11-06,0.65,21,162,5,
972339644743678158,[信義安和站]大安區，全新開幕！臺北101、地鐵步行6分鐘、親子家庭、出差辦公、寬敞3房2衛浴,516781897,Leo,,大安區,25.0352512,121.557395,Entire home/apt,7780,2,55,2024-12-16,3.41,2,245,33,
972364141869260457,"Metropolitan Middle: Chic Room, Instant MRT Access",69525672,Issabell,,大安區,25.0416768,121.551655,Private room,1005,1,22,2024-12-13,1.49,22,105,14,
972493565911263504,Ximen Cream Puff Home｜西門奶油泡芙｜1~6人｜西門商圈主題房,151400959,Edward,,萬華區,25.047049270574814,121.50473143799333,Entire home/apt,3470,1,51,2024-12-23,3.21,11,50,38,
972698136742622739,Mrt ximen and Mrt NTU hostipal station In Taipei,76547617,翠蓮 Emilie,,中正區,25.042225950198095,121.51064719400888,Entire home/apt,2400,20,8,2024-12-24,0.58,8,266,7,
972765780713566585,Ximen MRT 2mins-Signature with Bathtub-No window,193562770,Hotel Attic 囍閱文旅,,萬華區,25.0407719,121.506922,Private room,2470,1,1,2024-01-14,0.08,8,5,1,
972802213929092230,Superb location near Ximen and NTU hospital MRT,76547617,翠蓮 Emilie,,中正區,25.043708191707015,121.5108494557856,Entire home/apt,1614,7,38,2024-12-29,2.48,8,261,29,
972818636425730081,MRT Ximen and NTU hospital station 7 mins,76547617,翠蓮 Emilie,,中正區,25.04266,121.51257,Entire home/apt,1596,7,26,2024-12-22,1.71,8,218,20,
972872970193918872,[景觀4-6人房]捷運西門站6號出口\電梯公寓\阿宗麵線對面,517647064,Vincent,,萬華區,25.0443,121.50747,Entire home/apt,2983,2,25,2024-12-24,1.64,7,241,17,
972932936012290420,2房/寧夏夜市3分鐘/獨立衛浴/近機場捷運台北車站/大稻埕,172149908,昭明,,大同區,25.05217893920372,121.5136467147806,Entire home/apt,3217,4,24,2024-12-16,1.53,20,90,14,
972964293831535661,西門町極簡雙人房 Ximending Double room,122764186,Kyo,,萬華區,25.0423245,121.5043689,Entire home/apt,1336,2,48,2024-12-17,3.11,86,81,38,
972968553456394944,台北101Discount 紅色Loft空間/台北車站捷運西門町站走路4分鐘/住1-4人,493324130,House,,萬華區,25.04347,121.50522,Entire home/apt,1663,2,50,2024-12-24,3.18,55,163,36,
973103245827455630,【享木侘寂+ 懷舊復古】台北車站Walk 3min#西門町#永康街#寧夏夜市#饒河夜市＃九份,114443190,Woo Bin,,中正區,25.04741,121.51471,Entire home/apt,8742,2,21,2024-12-19,1.49,15,277,18,
973107916934742929,Taipei 1A- Cozy Private Big Suite Kitchen@Daan MRT,1295140,Studio 17,,大安區,25.037475812893693,121.54797759853594,Entire home/apt,3042,3,41,2024-12-25,2.76,13,147,35,
973117617090218596,New open hot sale <Fresh style>,441408173,Rosalia,,大安區,25.0431424,121.5503662,Entire home/apt,2051,1,29,2024-10-20,1.89,14,365,19,
973134984006728651,Taipei 1B-Private Suite\Kitchen\Daan MRT\Netfix TV,1295140,Studio 17,,大安區,25.035477892162707,121.54697836078303,Entire home/apt,2559,3,28,2024-12-10,1.79,13,146,22,
973493508207497475,Cette nuit-là one/忠孝復興/西門町/台北車站,234963902,Nina,,大安區,25.04388957631857,121.54691020381077,Entire home/apt,4786,1,59,2024-12-21,3.94,6,252,43,
973507195694459497,HZ溫馨小宅 西門Ximen MRT(未開放國內預訂)1-4人房,535262649,Lissa,,萬華區,25.04379,121.50744,Entire home/apt,1966,2,83,2024-12-19,5.26,6,46,63,
973586514600846144,V3# Ximen MRT# Taipei 101#2-4pax,453709970,Bella,,萬華區,25.04361,121.50048,Entire home/apt,3000,2,23,2024-11-18,1.51,31,82,17,
973619293263300611,大安森林公園家庭套房，應有盡有，拎著行李簡單入住！,72805766,Hui Chih,,大安區,25.03414851144624,121.5356643249167,Entire home/apt,4500,5,0,,,9,351,0,
973638432912446498,大安森林公園精緻套房，輕鬆入住,72805766,Hui Chih,,大安區,25.03384,121.53364,Entire home/apt,3786,5,2,2024-07-07,0.17,9,327,2,
973649267917150744,大安森林公園一人旅行首選！,72805766,Hui Chih,,大安區,25.033466803168196,121.53333834939164,Entire home/apt,2786,5,2,2024-12-09,0.14,9,342,1,
973668420841901834,台北車站Y3出口法式家庭房(2 Bedroom),167595538,Jenny,,中正區,25.04602,121.51572,Entire home/apt,3843,2,44,2024-12-13,3.06,1,197,40,
973757701451314786,1bd/1ba Suite B w/Private Bathroom｜Da'an Dongqu,5812604,Jon,,大安區,25.044334749364364,121.5473770744805,Private room,3414,2,18,2024-12-07,1.21,5,227,10,
973788300822513012,台北西門町~悠閒渡假屋!(電梯/4張雙人床&2張單人床~禁菸),105936980,林,,萬華區,25.04331006249056,121.50539348609134,Entire home/apt,4843,2,3,2024-12-17,0.49,7,164,3,
973853962042583754,3bd/3ba Ensuite Bathrooms｜Central Taipei Da’an,5812604,Jon,,大安區,25.04431,121.54598,Entire home/apt,8429,3,15,2024-12-25,1.12,5,230,12,
973858356960377638,1min to MRT Urban Oasis: Downtown Delight,69525672,Issabell,,大安區,25.0416768,121.551655,Private room,,1,18,2024-12-12,1.16,22,141,11,
973860991825138621,Cozy Green Garden｜療癒植物園｜1~7人｜台大公館商圈,151400959,Edward,,中正區,25.01653963454789,121.52982809060873,Entire home/apt,2788,1,37,2024-12-12,2.35,11,67,28,
974141813093389843,33. Longshan TempleMRT龍山寺捷運站 (Per1-3s),82753329,FuFu,,萬華區,25.036551633600915,121.4919983613587,Entire home/apt,2150,3,23,2024-12-15,1.49,6,173,15,
974222591299313915,"Trendy Taipei Retreat 1min to MRT, 1min to 7-11",69525672,Issabell,,大安區,25.0416768,121.551655,Private room,981,1,8,2024-11-05,0.52,22,59,2,
974223432549720417,"Sophisticated Taipei 1min to MRT, 1min to 7-11",69525672,Issabell,,大安區,25.0416768,121.551655,Private room,,1,22,2024-05-22,1.44,22,119,17,
974244294422844983,Metropolitan Haven: Your Taipei Adventure,69525672,Issabell,,大安區,25.0416768,121.551655,Private room,1043,1,23,2024-11-10,1.49,22,156,12,
974291017051442383,New open <Romance traveler>,441408173,Rosalia,,大安區,25.04433,121.54983,Entire home/apt,2329,1,49,2024-12-17,3.06,14,361,35,
974320685661268794,1-3pTaipei Tango: Central Comfort in Style,69525672,Issabell,,大安區,25.0416768,121.551655,Private room,1062,1,41,2024-11-20,2.67,22,140,31,
974328089530260956,1min to MRT Urban Comfort Zone: Taipei Escape,69525672,Issabell,,大安區,25.0416768,121.551655,Private room,981,1,14,2024-07-16,0.93,22,105,10,
974505231485791937,"City Convenience: 1min to MRT, 1min to 7-11",69525672,Issabell,,大安區,25.0416768,121.551655,Private room,981,1,20,2024-12-04,1.49,22,152,18,
974539806123356513,W'house都市鄉村風/balcony/Lift/5mitoXimending,77177354,James,,萬華區,25.0435201,121.5033932,Entire home/apt,2584,2,64,2024-12-19,4.48,12,315,56,
974562317914417903,西門町愉快雙人房 Ximending Double room,122764186,Kyo,,萬華區,25.04414,121.50504,Entire home/apt,2036,2,56,2024-12-17,3.54,86,21,45,
974944739614851135,MRT台北101世貿站/電梯整層3房2廳2浴/信義商圈,441888372,TzuHan,,信義區,25.031696699346607,121.56395847554181,Entire home/apt,7029,5,5,2024-11-06,0.51,30,229,5,
974953211216896407,H527/NingxiaNightMarket5mins/Lift/Wi-Fi/Microwave,136010110,Rex,,大同區,25.05385,121.51395,Entire home/apt,2487,2,64,2024-12-22,4.05,36,337,50,
975143423453402381,Cozy Private Suite RoomC@Daan MRT+Kitchen\Backyard,1295140,Studio 17,,大安區,25.037258771077052,121.54623067496202,Entire home/apt,2268,3,30,2024-12-17,1.97,13,164,24,
975158491478831403,西門商圈303/捷運西門站步行1分鐘/大空間4人房,508233574,詩純,,萬華區,25.041914,121.507535,Entire home/apt,3406,2,8,2024-07-23,0.56,26,56,6,
975197758539345125,Z511/500公尺西門町捷運站/工作桌/Wi-Fi/電梯大樓,401189133,Zoe,,萬華區,25.04265,121.50408,Entire home/apt,2179,2,93,2024-12-31,6.00,2,309,69,
975200798881709715,"Sleep Inn R5, 2-4人房, 台北車站捷運Z2出口",210300300,Frank,,中正區,25.044535136520807,121.51509946891717,Entire home/apt,4143,2,15,2024-11-02,1.02,8,116,7,
975214734902641296,（春節房限量早鳥優惠）西門町-五星好評-月租套房-402（拎包入住，獨立套房，月租5折優惠）,5745433,茱莉Julie 姐,,萬華區,25.04345,121.50385,Private room,1570,3,17,2024-11-23,1.13,6,149,11,
975309633713191050,西門商圈306/捷運西門站步行1分鐘/溫馨套房,508233574,詩純,,萬華區,25.041914,121.507535,Entire home/apt,2288,3,8,2024-07-07,0.52,26,61,3,
975319837182456903,西門捷運站(1分鐘)/位西門商圈/電梯大樓/6-10p,509657209,Sally,,萬華區,25.04441652809026,121.50720933579251,Entire home/apt,8286,2,48,2024-11-17,3.13,11,200,35,
975408735937022382,Wanhua luxury AirBnb,90898106,Catherine,,萬華區,25.042658466523807,121.5018220924462,Entire home/apt,10286,3,20,2024-12-24,1.35,1,82,10,
976005197898663473,台北車站10人ktv房/大樓B1連通捷運站/可停車/窗可見101夜景/寵物友善/獨立浴室,24501553,Joe,,中正區,25.04475750766979,121.51618823245168,Entire home/apt,2314,1,13,2024-10-29,0.97,8,88,10,
976383216671652370,北車舒適六人房 Taipei station 6-person 3Room,122764186,Kyo,,中山區,25.0489684,121.5214011,Entire home/apt,5582,2,55,2024-12-08,3.67,86,71,41,
976401004305992419,A04雙人雅房/近華山中山站台北車站/24hr入住/生活機能便利,176059533,大昌旺,,中山區,25.050784262198306,121.52210243894311,Private room,1086,1,24,2024-12-15,1.59,15,43,8,
976430323528722705,全新裝潢.西门捷运站 (國內訂房未開放) 挑高旋轉舒適獨立樓中樓（月租2-5人房),30569371,S,,萬華區,25.043086427982573,121.50534409599675,Entire home/apt,1992,2,34,2024-12-03,2.17,5,81,24,
976701197953027781,＊西門町商圈13／電梯3－6人房／西門捷運步行2分鐘／近紅樓／附洗衣機,510241790,Yihan,,萬華區,25.040654504798056,121.5073135122657,Entire home/apt,3711,3,14,2024-06-30,0.90,16,58,6,
977340428901420280,灰色空間A/ MRT西門3分鐘 /獨立套房/2人,445307436,承芊,,萬華區,25.04447,121.50606,Entire home/apt,1625,3,12,2024-10-25,0.75,28,201,8,
977552451269002336,Cozy 雙人泡澡浴缸A09𓇬Ximen𓇬Taipei 101𓇬住1-2人𓇬MRT 中山站 台北站,115798819,Airbnb,,中山區,25.0521,121.52139,Private room,1285,3,26,2024-12-09,1.66,68,86,15,
977598002170072217,Cozy 雙人泡澡浴缸A12𓇬Ximen𓇬Taipei 101𓇬住1-2人𓇬MRT 中山站 台北站,115798819,Airbnb,,中山區,25.05092143981442,121.5231695833797,Private room,1321,3,21,2024-12-16,1.34,68,88,13,
977624792028360607,Cozy 經典雙人房A10𓇬Ximen𓇬Taipei 101𓇬無窗住1-2人𓇬MRT 中山站,115798819,Airbnb,,中山區,25.05168,121.5237,Private room,1143,3,28,2024-12-16,1.79,68,91,18,
977964047103118994,Christmas*Stylish mansion 台北東區 稀珍四房 重磅裝潢#忠孝敦化站,491437310,Mandy,,大安區,25.043580563786765,121.54597622460295,Entire home/apt,5051,2,21,2024-12-15,1.33,6,151,10,
978009822711511515,Christmas*Chic Apt. 全新質感裝潢/永康商圈/師大夜市 #捷運東門站5min,522521273,Hannah,,中正區,25.03394723046081,121.52841072702056,Entire home/apt,5918,2,26,2024-12-27,1.65,5,172,17,
978161638047434652,西門町商圈k58／電梯2～4人房／德立莊酒店旁邊／樓下有自助洗衣店,510241790,Yihan,,萬華區,25.0470061,121.5047761,Entire home/apt,3154,3,21,2024-08-05,1.37,16,72,13,
978184940469763286,长期住宿/2房3床2卫/电梯大樓/古亭站/師範大學NTNU/S7,269530350,Home Away,,中正區,25.02723,121.52051,Entire home/apt,4265,30,0,,,4,271,0,
978214726826119138,信義夏日清晨 101station 15mins/象山Xiangshan/北醫/世貿,91731784,Alison,,信義區,25.02327,121.56147,Entire home/apt,2286,3,7,2024-05-13,0.48,2,122,4,
978495248609707670,【New】C捷運旁｜近西門步行街｜中山文青市集｜共用廚房｜五星套房｜國際交流會｜豪宅設計｜頂級設備」,490134486,Hung Chih,,中山區,25.06157,121.52074,Entire home/apt,5521,30,5,2024-09-10,0.35,41,151,4,
978520817216565911,【西門復古風】台北車站Walk 3min#西門町#中山區#寧夏夜市#台北101#饒河夜市#九份#淡水,519503098,Dotinn,,中正區,25.046075677731896,121.51322750344582,Entire home/apt,3814,2,2,2024-02-06,0.15,4,314,1,
978522568115034398,【享樂童趣】台北車站Walk 3min#西門町#永康街#台北101#寧夏夜市#饒河夜市#九份#淡水,519503098,Dotinn,,中正區,25.04733,121.51507,Entire home/apt,4154,2,20,2024-11-23,1.41,4,299,19,
978580303096538370,簡約舒適/3床/近機捷、台北車站/寧夏夜市3分鐘/獨立衛浴/大稻埕,172149908,昭明,,大同區,25.05216769931635,121.51414756707501,Entire home/apt,4063,3,35,2024-12-16,2.40,20,64,23,
978690523469561478,MRT大安站/雙人套房/獨立浴室/東區商圈,441888372,TzuHan,,大安區,25.030414092176358,121.54856331108185,Private room,1997,3,1,2024-06-20,0.15,30,267,1,
978698332139764692,MRT科技大樓站/單人雅房/共用浴室/敦南商圈,441888372,TzuHan,,大安區,25.0261761056251,121.54459836037908,Private room,1189,3,4,2024-11-27,0.31,30,251,3,
978698415015704986,MRT大安站/雙人雅房/共用浴室/東區商圈,441888372,TzuHan,,大安區,25.031827375603235,121.54843743452703,Private room,1510,10,7,2024-12-19,0.65,30,269,7,
978793820359060147,機場捷運7分鐘/ 舒適樓中樓/ 近寧夏夜市、西門町,50089822,Leon,,大同區,25.05348750809394,121.51314214223201,Entire home/apt,4617,3,39,2024-12-26,2.59,3,44,25,
978859756973288891,"Elevator, TPE City Hall/ NEW 3-rooms apartment!",536765387,Anna,,信義區,25.04245340284303,121.56673962085682,Entire home/apt,6862,5,36,2024-12-30,2.47,2,170,28,
978902968309539353,MRT大安站/單人雅房/共用浴室/東區商圈,441888372,TzuHan,,大安區,25.032014023088333,121.54620571113834,Private room,,7,6,2024-12-17,0.49,30,258,5,
978905823174746209,MRT大安站/雙人雅房/共用浴室/東區商圈,441888372,TzuHan,,大安區,25.03066105335147,121.54836800917462,Private room,1414,7,4,2024-09-25,0.44,30,267,4,
978969514353517480,W'HOUSEWalk7minTo XimenMrt-有電梯/冷暖/時尚大空間4～6人房,77177354,James,,萬華區,25.044953860832685,121.50263906396746,Entire home/apt,,2,73,2024-12-14,4.79,12,322,58,
979307246287078291,Near Taipei 101/city hall,23334237,Vicky,,信義區,25.039858935993134,121.57928321866417,Private room,936,2,35,2024-10-26,2.41,2,266,26,
979332587071827589,New open hot sale< Loft style>,441408173,Rosalia,,大安區,25.04417,121.54918,Entire home/apt,2229,1,50,2024-12-10,3.21,14,360,32,
979624056374097471,MRT科技大樓站/雙人套房/敦南商圈,441888372,TzuHan,,大安區,25.028419273730027,121.54322760164156,Private room,1494,3,4,2024-08-19,0.46,30,178,4,
979627103570523787,MRT科技大樓站/雙人雅房/共用浴室/敦南商圈,441888372,TzuHan,,大安區,25.02625,121.54319,Private room,1178,3,7,2024-11-23,0.71,30,266,7,
979630579876656919,MRT科技大樓站/窗景單人雅房/共用浴室/敦南商圈,441888372,TzuHan,,大安區,25.02845,121.54433,Private room,,3,4,2024-10-25,0.33,30,263,4,
979823835716574617,Cozy 經典雙人房A11𓇬Ximen𓇬Taipei 101𓇬無窗住1-2人𓇬MRT 中山站,115798819,Airbnb,,中山區,25.05447,121.52143,Private room,1143,3,29,2024-12-09,1.88,68,87,20,
980047157808400050,GU18#Guting MRT#Taipei 101#NTU/NTNU#Monthly promo.,515756856,Ann,,大安區,25.02318,121.52587,Entire home/apt,7571,2,35,2024-12-22,2.23,7,104,26,
980054553035055632,101豐旅I-提供長期月租優惠/捷運市政府站5分鐘,68002236,Kelvin,,信義區,25.04441,121.56706,Entire home/apt,1541,1,132,2024-12-31,8.50,9,307,89,
980145702903490978,【Spacious family room 】14~16ppl / 4rooms,330579461,Toto,,大安區,25.04301,121.54745,Entire home/apt,5051,2,24,2024-10-22,1.57,30,151,21,
980164260228276246,MRT古亭站/單人雅房/共用浴室/師大商圈,441888372,TzuHan,,大安區,25.028729713937917,121.52741641240833,Private room,1257,3,4,2024-08-20,0.48,30,255,4,
980173774345205706,MRT大安站/雙人雅房超多衣櫃/共用浴室/東區商圈,441888372,TzuHan,,大安區,25.030484362433924,121.54689023954305,Private room,1346,3,2,2024-07-15,0.14,30,294,1,
980188284735662063,MRT古亭站/單人雅房/共用浴室/師大商圈,441888372,TzuHan,,大安區,25.02856,121.52525,Private room,1189,3,2,2024-12-15,0.18,30,266,2,
980193077889068844,MRT古亭站/雙人雅房/共用浴室/師大商圈,441888372,TzuHan,,大安區,25.02716,121.52741,Private room,1257,3,5,2024-10-29,0.54,30,238,5,
980265839302121700,MRT古亭站/雙人雅房/共用浴室/師大商圈,441888372,TzuHan,,大安區,25.02831312747485,121.52754140223881,Private room,1189,5,3,2024-10-26,0.45,30,259,3,
980268208990264753,MRT古亭站/單人雅房/共用浴室/師大商圈,441888372,TzuHan,,大安區,25.027159848729625,121.52577131322504,Private room,1189,7,4,2024-10-23,0.73,30,255,4,
980273319988726584,MRT市政府站/電梯雙人套房/台北101信義商圈,441888372,TzuHan,,信義區,25.04513963375749,121.56567942929031,Private room,1989,20,2,2024-10-13,0.24,30,255,2,
980371690201504711,DN16#Zhongxiao Fuxing MRT#Free pick-up#Ximen,339320483,Wego,,大安區,25.04255,121.54765,Entire home/apt,7427,1,52,2024-12-08,3.31,3,153,34,
980589756819959448,【New】C捷運旁｜近西門步行街｜中山文青市集｜共用廚房｜五星套房｜國際交流會｜豪宅設計｜頂級設備」,490134486,Hung Chih,,中山區,25.06263,121.52123,Entire home/apt,5037,30,2,2024-03-26,0.13,41,271,1,
980768807384857210,New open hot sale flower forest,441408173,Rosalia,,大安區,25.042117011028367,121.55106934441581,Entire home/apt,2107,1,43,2024-11-24,2.76,14,358,25,
980809254134446591,New open hot sale <Baroque artist>,441408173,Rosalia,,大安區,25.043603383737306,121.5513416588615,Entire home/apt,2336,1,35,2024-12-08,2.23,14,363,19,
980931626362283015,【永康美食商圈 】9~10人 / 4房2衛 / MRT東門站,330579461,Toto,,大安區,25.031502277262984,121.5300065521454,Entire home/apt,5918,2,14,2024-12-20,0.89,30,172,11,
981443881050069230,Simple Room @Longshan MRT-Room G,471945582,House,,萬華區,25.04046,121.49901,Private room,5,30,4,2024-12-24,0.43,41,92,4,
981453929745885070,西門站步行2分鐘～明亮舒適雙人房/電梯/獨立衛浴洗衣機/小廚房,505186454,J,,萬華區,25.03991,121.50649,Entire home/apt,1851,2,2,2023-10-20,0.13,3,181,0,
981526648646688434,接機優惠Dec hotsale Taipei Space Family cozy house/7PP,107844067,Debby,,中山區,25.059267029265644,121.53065802100286,Entire home/apt,3651,2,17,2024-12-22,1.08,14,361,11,
981528967631705004,<Taipei Central Cozy Apartment>,146850858,David,,中山區,25.06501173115147,121.52962848544122,Entire home/apt,3094,30,0,,,14,252,0,
981649105491101973,漫慢米窩~moonwalkmeworld 302 公園景觀房,537368156,漫慢,,中山區,25.0637229831205,121.52427335880387,Private room,2157,1,39,2024-12-13,2.64,5,172,29,
981823968535015045,"Sleep Inn R6, 2-4人房, 下樓即是捷運Z2出口",210300300,Frank,,中正區,25.04495642850283,121.5165491618106,Entire home/apt,4286,2,12,2024-07-26,0.99,8,115,12,
981927957185297263,Rest Art 文肆宅 Longshan Temple / Ximending / MRT,537421478,允宸,,萬華區,25.037008669755622,121.49841247153033,Private room,,2,11,2024-01-28,0.73,1,26,2,
982682657175832778,Luxury20𓇬Taipei 101𓇬Ximen 6站西門站𓇬5站台北站𓇬2房住2-5人𓇬全新裝修,115798819,Airbnb,,信義區,25.046503379154867,121.56839563514264,Entire home/apt,2698,3,29,2024-12-05,1.95,68,83,22,
982869179052203969,師大雲和61 藝廊套房,24443752,Lily,,大安區,25.02476,121.5309,Entire home/apt,800,20,0,,,1,353,0,
982921336723953869,Déjà vu classical/DT TPE/MRT10m/bathtub/patio,298910458,Ariel,,松山區,25.04828,121.54701,Entire home/apt,2061,7,12,2024-12-29,0.81,25,353,6,
983073895297856845,Beautiful modern 2 bed unit with gorgeous views,550105,Harsimran,,中正區,25.03906004148248,121.52871692175991,Entire home/apt,5000,30,1,2023-11-27,0.07,1,170,0,
983103397610401070,（6-13人）MRT-Ximen 5分鐘@徒步區商圈/兩套獨立房源/電梯大樓/洗衣機/用餐區/對外窗,253215491,Laura,,萬華區,25.04510970179885,121.50613325092621,Entire home/apt,9471,2,2,2024-10-29,0.59,3,57,2,
983219946704826117,Cozy Room B @ Linguang MRT 2 mins,471945582,House,,信義區,25.02068,121.55761,Private room,6,29,3,2024-12-15,0.21,41,131,2,
983224179492528952,Cozy Room C @ Linguang MRT 2 mins,471945582,House,,信義區,25.0189,121.55895,Private room,6,29,3,2024-09-15,0.30,41,91,3,
983231432200751416,Cozy Room D @ Linguang MRT 2 mins,471945582,House,,信義區,25.020455388716872,121.55913742133158,Private room,600,29,0,,,41,141,0,
983331642452158992,西門商圈/西門捷運站1分鐘/電梯大樓/6-10p,509657209,Sally,,萬華區,25.04239325944621,121.5072210919636,Entire home/apt,6857,2,42,2024-12-02,2.75,11,219,28,
983626893056327416,F45/14人房/電梯/四房兩廳四衛/MRT中山國中7分鐘/樓下有便利商店,377192482,Yo,,中山區,25.06329,121.54323,Entire home/apt,11871,2,10,2024-11-17,0.79,6,170,9,
983803484232387326,＊西門町商圈28／電梯2－4人房／西門捷運步行2分鐘／近紅樓,510241790,Yihan,,萬華區,25.040815802711457,121.50670565664767,Entire home/apt,2869,3,3,2023-12-09,0.19,16,67,0,
983915948718702997,【New】C捷運旁｜近西門步行街｜中山文青市集｜共用廚房｜五星套房｜國際交流會｜豪宅設計｜頂級設備」,490134486,Hung Chih,,中山區,25.06125,121.521,Entire home/apt,5660,5,1,2024-06-26,0.16,41,180,1,
984094558963923271,女子共享公寓@台北東區捷運步行3min l 樓下就是7-11_六人房,171628155,Adam,,大安區,25.04083,121.55408,Shared room,800,30,12,2024-04-07,0.80,6,90,6,
984104337621808890,女子共享公寓@台北東區捷運步行3min l 樓下就是7-11_四人房,171628155,Adam,,大安區,25.04028200900416,121.55387850722539,Shared room,800,30,12,2024-05-27,0.80,6,90,7,
984140340561991919,Luxury61𓇬Taipei 101𓇬Ximen 6站西門站𓇬5站台北站𓇬2房住2-5人𓇬全新裝修,115798819,Airbnb,,信義區,25.04807213711085,121.56810616941803,Entire home/apt,2262,3,27,2024-12-17,1.75,68,87,19,
984387320001419756,Family (6～16 pax) room,19843186,萊,,萬華區,25.04120243626406,121.50699172943483,Entire home/apt,8070,3,24,2024-12-08,1.65,13,243,21,
984450962520934394,TP101/南港展覽館/停車/Ximending/NightMarket/MRT/4-6人,428361363,Lin,,南港區,25.04910575951236,121.58560218017148,Entire home/apt,2737,3,24,2024-11-13,1.85,7,55,19,
984528060305775667,4-7 Guests Apt | 2 Min to MRT & Night Market,69525672,Issabell,,松山區,25.050359651503587,121.57581748455208,Entire home/apt,2045,2,40,2024-12-08,3.02,22,90,35,
984658360659955011,Spacious apartment in Tianmu,9869854,Shadow,,士林區,25.10642,121.52874,Entire home/apt,2800,3,5,2024-01-12,0.37,1,14,2,
984709009301538223,H102/GoogleTV/500mtoXimenMRT/WiFi/Elevator/Heater,136010110,Rex,,萬華區,25.04383,121.50432,Entire home/apt,1843,2,69,2024-12-27,4.83,36,333,57,
984837120726743737,Ximending𓇬L42嵐𓇬Taipei 101𓇬住2-4人MRT 西門站𓇬五星飯店床墊,115798819,Airbnb,,萬華區,25.0440361820699,121.50469106008752,Entire home/apt,2333,3,25,2024-12-08,1.70,68,71,17,
985079317040024987,接機優惠 Dec hot sale.過馬路到大巨蛋,119870232,도민,,大安區,25.043868205974867,121.55489768776079,Entire home/apt,4636,2,20,2024-12-04,1.32,17,177,17,
985107062884252717,Low budget old backpacker room in Ximen（請讀房源敘述）,191113855,保妹,,萬華區,25.04521,121.50324,Private room,1004,1,34,2024-12-22,2.23,17,363,26,
985110598337621135,Taipei Ximen Station Exit 6 西門町溫馨寓所,50190082,華,,萬華區,25.04505,121.50662,Entire home/apt,1771,2,18,2024-12-15,1.26,1,263,11,
985117137374884196,臺北都市,98620634,James,,中正區,25.0270859,121.5104698,Entire home/apt,2657,2,33,2024-12-30,2.30,1,160,25,
985193212951175784,backpackers room on budget（請讀房源敘述）,191113855,保妹,,萬華區,25.04697,121.50506,Private room,1004,1,37,2024-12-09,2.63,17,328,31,
985221912955038619,Room featured in a movie in Ximen,191113855,保妹,,萬華區,25.044956211079832,121.50499514174119,Private room,1076,1,20,2024-12-16,1.33,17,266,15,
985312724329805529,Christmas*Quaint Chic style Decoration apt #忠孝復興,538173197,Nicola,,大安區,25.038052089196796,121.54513107012052,Entire home/apt,,2,16,2024-12-13,1.31,4,165,16,
985355312324438249,高級大客廳/豪宅工業風/Aristocratic modern style/通化夜市/台北101,538206031,Grace,,信義區,25.02259,121.55579,Entire home/apt,3453,1,69,2024-12-29,4.47,2,310,53,
985403199024508186,FR 2BR Apt w/ lift near Ximen MRT 萬華西門町 近西門站 獨立浴室,79915350,Paradise Taipei,,萬華區,25.042692526417525,121.50581736611707,Entire home/apt,5473,4,41,2024-12-07,2.78,29,134,31,
985404108944375668,台灣姐姐/台韓夫婦/台北大安區2-4人/廚房/韓國風studio攝影/近101,68516698,Bibi,,松山區,25.04481039517548,121.55685155810474,Entire home/apt,2681,1,95,2024-12-29,6.33,2,137,72,
985745707501545953,Quiet Amidst Bustle Taipei 101 View Property  豐豫別苑,104470156,Fion,,大安區,25.02269,121.54458,Entire home/apt,3243,2,21,2024-12-27,1.74,1,199,21,
985767126773361862,都市小宅N/ MRT西門3分鐘 /獨立套房/2人.,445307436,承芊,,萬華區,25.043725798195542,121.50780302994994,Entire home/apt,1493,3,28,2024-12-14,1.96,28,238,26,
985846910945605386,Ximending MRT Smart House 西門捷運銀座,31917261,Eva,,萬華區,25.043209722403212,121.50806553661823,Entire home/apt,1969,30,4,2024-11-07,0.30,7,267,3,
986478133415395310,low budget No AC bunk backpacker room（請讀房源敘述）,191113855,保妹,,萬華區,25.0448,121.50518,Private room,,1,12,2024-07-17,0.78,17,214,5,
986635683922032895,天母sogo loft cozy 静かな  suite,67709271,Jill,,士林區,25.1070341906236,121.5260936692357,Entire home/apt,2900,2,25,2024-12-18,1.64,3,203,16,
986703176325719638,MUJI 頂級套房Sunshine-3MinsXimenMRT西門町簡約自然 FreeWifiEgg,28103867,Henry,,萬華區,25.04175242142201,121.50572318137564,Entire home/apt,3046,4,36,2024-12-15,2.42,38,73,28,
986758036505497724,簡單的公寓套房,89057311,Guanhuei,,萬華區,25.02738,121.49274,Entire home/apt,2986,1,2,2024-01-01,0.16,1,269,1,
986814400812804284,台北車站30秒 臺北 4人房 Taipei main station 簡單生活,104718340,Kumiko,,中正區,25.046271444731122,121.51486748588498,Entire home/apt,1924,2,74,2024-12-12,5.30,11,165,61,
986874590990744912,Smile House（Ximen）,24255356,坤琪,,萬華區,25.04469276827198,121.50720666981013,Entire home/apt,3129,3,32,2024-12-01,2.10,5,147,23,
987272697028921167,台北車站 中山商圈 寧夏夜市/14:00退房/整新電梯公寓,48165662,James,,大同區,25.0504,121.51725,Entire home/apt,8416,2,44,2024-12-16,2.93,2,134,35,
987408423728047167,台北車站舒適兩人房 Taipei Station Double Room,122764186,Kyo,,中山區,25.04989,121.52065,Entire home/apt,1798,2,49,2024-11-20,3.24,86,42,37,
987518973158856019,*Daan Dist.* #5ppl/三房二衛電梯公寓#MRT國父紀念館站7分鐘#市民大道美食居酒屋,30943553,凱文,,大安區,25.043423280216302,121.55670032277364,Entire home/apt,5043,2,19,2024-01-28,1.23,7,29,3,
988066719019678196,6minMRT/FreeParking/4 Beds/6people/Full kitchen,533627933,靜芸,,萬華區,25.02834,121.50171,Entire home/apt,2469,1,4,2024-08-13,0.30,10,362,2,
988072452257612166,＊Taipei Ximen28／電梯2－4人房／捷運步行3分鐘／近紅樓,534087018,Yihan,,萬華區,25.040793009236356,121.50715257972477,Entire home/apt,2869,3,13,2024-12-03,1.01,3,67,11,
988132054056332255,大安森林公園首排/樹海 景觀/雙車位/台北市十大名宅,23437247,Young,,大安區,25.033073076744586,121.53399443631008,Entire home/apt,,365,0,,,35,358,0,
988341827551776016,電梯大樓/2房/10mins walk to 捷運行天宮/雙連,10942364,ChungLin,,中山區,25.0567173,121.5279357,Entire home/apt,2673,3,23,2024-12-17,1.53,2,163,18,
988373289520573243,A-A3《月租》《可短租》中山捷運站/特級客房/獨立衛浴,906344,Lily,,中山區,25.05149054643259,121.52203134151814,Entire home/apt,1768,3,11,2024-12-02,0.76,23,179,10,
988400172329889628,GF4D cozy room in Xinyi Dist.,230184578,Anna,,信義區,25.03434,121.5589,Private room,1309,4,8,2024-08-26,0.54,9,269,4,
988627349301542830,日式木造頂級大套房（超級大）附私人客廳,221647644,Pitt,,大安區,25.030941226730572,121.52993502602278,Private room,1650,1,18,2024-09-16,1.26,1,89,13,
988835011020398008,Zhongshan Distric/寧夏夜市/ Elevator /中山商圈 月租,27084076,Mag,,大同區,25.05467,121.51251,Entire home/apt,4014,8,11,2024-12-16,1.38,1,16,11,
988947511018580346,101豐旅II -提供長期月租優惠/捷運市政府站5分鐘,68002236,Kelvin,,信義區,25.04469713220405,121.56862449327758,Entire home/apt,1421,1,129,2024-12-29,8.54,9,296,97,
989155239604601281,Hanns house -Zhongshan 中山,493119851,Aaron,,中山區,25.05759884429589,121.52528876134502,Entire home/apt,4549,2,30,2024-10-28,1.98,2,34,27,
989167292540335595,(機捷3分鐘、MRT3mins)Cat Tail Pocket Inn.貓尾口袋（套房101）,58099872,Ching-Shiuan,,大同區,25.049577,121.513627,Private room,,1,18,2024-11-16,1.68,16,218,18,
989533185907487591,*Xinyi Dist.* #6ppl三房二衛#MRT市政府站#台北101#微風信義#新光三越#公寓,30943553,凱文,,信義區,25.04547308212248,121.56828171896993,Entire home/apt,3900,2,11,2024-12-15,0.74,7,47,4,
989576946514924341,北車游憩雙人房 Taipei Station Double Room,122764186,Kyo,,中正區,25.045587286942208,121.51597345724339,Private room,1711,2,44,2024-11-25,2.96,86,12,36,
989596693470995018,短租首選_電梯精華獨立商務房_市中心地段,449664424,Janet,,大同區,25.05329,121.51403,Entire home/apt,2290,2,4,2024-12-31,0.30,11,269,1,
989686843867595573,師大商圈台電大樓站溫馨美套房*近台大及師大*,23437247,Young,,大安區,25.023555716363504,121.53026048094033,Entire home/apt,,28,0,,,35,0,0,
990102083720496721,短租首選_電梯專屬商務房_近台北車站_獨立空間,449664424,Janet,,大同區,25.05311012053863,121.51244331338394,Entire home/apt,2290,2,1,2024-07-09,0.17,11,269,1,
990195848882969694,Xinyi District Morden Muji Vibe Apt 1min to MRT,10378619,Xumu,,信義區,25.041703856551145,121.57270596614457,Shared room,5000,2,1,2024-11-17,0.67,9,365,1,
990356974061549416,Park apt 2 ｜Gym｜Park |  Sogo 百貨1 分鐘 | MRT | 夜市,357062477,天恩,,大安區,25.042506047193893,121.54160845521643,Private room,,25,3,2024-08-14,0.23,29,89,1,
990369230024812688,無空調低預算共用閣樓床位 （請讀房源敘述）,191113855,保妹,,萬華區,25.04687,121.50355,Private room,1033,1,1,2024-12-15,1,17,271,1,
990369347797131216,Low-budget old house renovation. （請讀房源敘述）,191113855,保妹,,萬華區,25.0450009434498,121.50312005730065,Private room,,1,12,2024-12-29,0.80,17,268,9,
990374941728521548,北車休閒雙人房 Taipei Station Double Room,122764186,Kyo,,中正區,25.04396717631568,121.51621340687595,Private room,1679,2,42,2024-11-26,2.79,86,8,33,
990565569140981821,TPEHS  HK401/午後空間/西門町/夜市/台北車站/捷運西門町站走路6分鐘/電梯/住1-6人,493324130,House,,萬華區,25.0440103921198,121.50635254448612,Entire home/apt,3224,2,37,2024-12-24,2.46,55,136,27,
990986273595034061,MRT市政府站/雙人雅房/台北101信義商圈,441888372,TzuHan,,信義區,25.044,121.56759,Private room,1234,14,3,2024-12-27,0.23,30,269,2,
991533091753017178,大安區套房6D~簡約設計風，麟光捷運站40公尺,48973968,怡穎,,大安區,25.017771429739366,121.55923044087932,Private room,500,30,2,2024-08-31,0.16,24,188,1,
991534190072236856,大安區套房5E~簡約設計風，麟光捷運站40公尺，採光通風佳,48973968,怡穎,,大安區,25.01823,121.55698,Entire home/apt,600,30,2,2024-08-30,0.18,24,239,2,
991701262352030276,漫慢米窩~moonwalkmeworld 306 精品雙人房,537368156,漫慢,,中山區,25.0636787,121.5242396,Entire home/apt,1757,1,16,2024-11-08,1.16,5,168,11,
991706538707348738,漫慢米窩~moonwalkmeworld 310花藝雙人房,537368156,漫慢,,中山區,25.0636787,121.5242396,Private room,1757,1,16,2024-08-30,1.21,5,166,12,
991709061630546347,漫慢米窩~moonwalkmeworld 317溫馨雙人房,537368156,漫慢,,中山區,25.0636787,121.5242396,Private room,1789,1,24,2024-12-10,1.72,5,168,15,
991711794626349143,漫慢米窩~moonwalkmeworld 307香氛雙人房,537368156,漫慢,,中山區,25.0636787,121.5242396,Private room,1757,1,31,2024-11-18,2.17,5,167,20,
991793201329019692,Christmas*Luxurious New Mansion 東區商圈#電梯房型#忠孝復興站,491437310,Mandy,,大安區,25.04293,121.5473,Entire home/apt,5248,2,30,2024-12-04,2.00,6,159,17,
992038957609989393,Ximending𓇬V39荀𓇬Taipei 101𓇬住1-4人MRT 西門站,115798819,Airbnb,,萬華區,25.044654138789078,121.50595103638567,Entire home/apt,1492,3,35,2024-12-11,2.37,68,86,22,
992539384807516200,萬利倉庫客房 捷運站步行5分鐘 文湖線2站到達台北動物園貓空纜車,539787250,Johnson,,文山區,24.9994197,121.5677716,Private room,1260,1,0,,,1,269,0,
992539598631013369,Heart of Redhouse Ximen,24137569,Peter,,萬華區,25.0412152,121.5065795,Entire home/apt,80000,1,0,,,1,270,0,
992558861795955686,基泰之星（中山區）,539795653,振聲,,中山區,25.0642,121.53096,Private room,1850,90,0,,,17,364,0,
992601568389672823,【東區】Jay Chou/A-Mei演唱會/10~11人房/電梯3房2衛/MRT忠孝復興,330579461,Toto,,大安區,25.043253865232398,121.54529323169538,Entire home/apt,5248,2,8,2024-10-12,0.59,30,159,7,
992678716612844291,Cozy 經典雙人房C10𓇬Ximen𓇬Taipei 101𓇬無窗住1-2人𓇬MRT 中山站,115798819,Airbnb,,中山區,25.05255,121.5227,Private room,1143,3,18,2024-12-10,1.20,68,87,15,
992699201939518229,TPEHS C1116/仿造復古/夜市/台北車站/西門町/捷運西門站走路3分鐘/電梯/住1-2人,539813308,Home,,萬華區,25.03996413065045,121.50659791599529,Entire home/apt,1715,2,39,2024-12-20,3.02,42,170,35,
993237892812314688,【New】6中山國小站／通風採光／精品飯店／簡約靜謐／美食咖啡／Foreigner-friendly,490134486,Hung Chih,,中山區,25.062076415407354,121.5255834188656,Entire home/apt,5631,10,0,,,41,119,0,
993303335252162907,1月早鳥迎新年｜3房3衛浴｜林東芳牛肉麵｜舒適住9位｜MRT南京復興站 |海鮮餐廳｜遼寧夜市,516588424,Amy,,中山區,25.04517,121.54111,Entire home/apt,5914,2,63,2024-12-24,4.20,5,161,45,
993378780240686012,Cozy Z5𓇬Ximen𓇬Taipei 101𓇬住2-6人𓇬MRT 中山站 台北站,115798819,Airbnb,,中山區,25.05282645133435,121.5242588852133,Entire home/apt,1928,3,23,2024-12-13,1.56,68,73,13,
993436715128600518,FE 2BR Apt w/ lift near Ximen MRT 西門町 近西門地鐵站 獨立浴室,79915350,Paradise Taipei,,萬華區,25.04432,121.50377,Entire home/apt,4549,4,43,2024-12-29,2.87,29,145,35,
993894922096592013,225A 1房1客廳 獨立使用 靠近松山車站,15588671,York,,信義區,25.044359528688624,121.57836998280335,Entire home/apt,2686,3,14,2024-04-15,0.93,5,331,7,
993902361265253036,[Digital Nomad Stays]高速網路|個人工作空間|共用廚房|烘衣機,33878491,Maurice,,中山區,25.049240721504717,121.54013490809294,Private room,2950,30,10,2024-08-19,0.75,11,269,8,
993969755182962638,鄰近台北孔廟、保安宮、圓山捷運站、大龍峒商圈的陽光公寓(僅接待國外旅客),32810331,Shih Chi,,大同區,25.0714183,121.5115523,Entire home/apt,1699,2,13,2024-12-04,1.03,1,157,12,
994120435894432899,＊西門町商圈73／景觀2－4人房／西門捷運步行2分鐘／近紅樓／附洗衣機,510241790,Yihan,,萬華區,25.04078573023522,121.5067693591118,Entire home/apt,3411,3,22,2024-06-18,1.53,16,55,16,
994628678513941652,【放鬆的家 Relaxing】2~6人房／非常適合朋友家庭／西門站步行5分鐘／電梯大樓／房租優惠,21197641,Dabao,,萬華區,25.0431251,121.5052835,Entire home/apt,2229,3,64,2024-12-24,4.23,7,231,50,
994643344833802907,Taipei101_信義商圈地段_獨立衛浴商務房_短租首選,449664424,Janet,,信義區,25.0432987076684,121.56892293339939,Entire home/apt,1150,30,3,2024-06-30,0.23,11,266,2,
994739334454277769,（6-19人）MRT-Ximen 5分鐘@徒步區商圈/三套獨立房源/電梯/洗衣機/對外窗/陽台,89010268,Silvia,,萬華區,25.045036801366027,121.50608497116394,Entire home/apt,13886,2,1,2024-11-19,0.68,7,58,1,
994756147294303278,台北大安區三房全新完工，開放預約,33145420,An安,,大安區,25.03601694487595,121.54568227402558,Entire home/apt,,28,1,2024-03-26,0.11,1,0,1,
994782541405370426,Chic Loft Taipei 101 & Night Mkt,289267182,Eric,,信義區,25.03083,121.55873,Entire home/apt,3829,30,7,2024-12-14,0.64,2,211,7,
994817790410554831,1月冬季優惠/寬敞 鬧中寧靜｜大安森林公園花市｜3房2衛浴｜寬敞7位｜臨江夜市｜MRT大安站5分鐘,516588424,Amy,,大安區,25.033928851903163,121.54033708089857,Entire home/apt,5760,2,49,2024-12-09,3.26,5,63,30,
995180102551638814,大安森林公園精緻套房,72805766,Hui Chih,,大安區,25.03390531306526,121.53549574320384,Entire home/apt,4857,5,1,2024-08-07,0.20,9,328,1,
995533829230387932,Ximending Treasure: Your Taipei Adventure,69525672,Issabell,,萬華區,25.04101,121.50526,Entire home/apt,1573,2,27,2024-11-17,1.98,22,101,19,
995560654636747314,"Ximending Vibrant Loft: Shop, Dine, Explore",69525672,Issabell,,萬華區,25.043040328478963,121.50442007098734,Entire home/apt,1398,2,44,2024-12-11,3.39,22,136,42,
995616903779735134,西門商圈309/捷運西門站步行1分鐘/溫馨採光套房,508233574,詩純,,萬華區,25.041914,121.507535,Entire home/apt,1959,3,2,2024-12-09,0.22,26,81,2,
995639527707544606,Ximending𓇬L20苒𓇬Taipei 101𓇬住2-4人MRT西門站𓇬五星飯店床墊𓇬全新裝修,115798819,Airbnb,,萬華區,25.044052327326163,121.5045922709503,Entire home/apt,1540,3,6,2024-12-16,0.43,68,87,5,
995747420116360068,無印簡約 -TaipeiMainStation台北車站西門町步行 陽台洗衣機+雙人床加大Queen,28103867,Henry,,中正區,25.046529228873727,121.51354668335603,Entire home/apt,3646,4,29,2024-12-09,2.02,38,76,22,
995968156352509168,Taipei's Pulse: Stay in the Heart of Ximending,69525672,Issabell,,萬華區,25.041745603599132,121.50595309505643,Entire home/apt,1398,2,22,2024-10-07,1.64,22,86,18,
996035053127333230,好好聊天（台北）,459871897,子君,,中正區,25.03063,121.51755,Entire home/apt,3714,1,0,,,1,179,0,
996140822575146404,S0/舒適6-8人房/MRT南京復興 5 mins /寬敞的三房二廳/台北市中心/松山機場/東區,377191728,Kel,,松山區,25.054482449852408,121.54566232997318,Entire home/apt,3366,2,23,2024-12-11,1.58,13,176,16,
996395792051561495,Cozy 雙人泡澡浴缸D16𓇬Ximen𓇬Taipei 101𓇬無窗住1-2人𓇬MRT 中山站,115798819,Airbnb,,中山區,25.05222,121.52262,Private room,1238,3,33,2024-12-16,2.24,68,86,22,
996798277377168168,Up bed for budget-conscious backpacker (請讀房源敘述）,191113855,保妹,,萬華區,25.04502706860986,121.50345826020384,Shared room,890,1,5,2024-12-08,0.38,17,270,4,
996828202033196618,西門町精緻雙人房 Ximending Double Room,122764186,Kyo,,萬華區,25.042530386984275,121.50346546356874,Entire home/apt,1393,2,49,2024-12-29,3.35,86,81,39,
996832683674488874,low budget backpacker room （請讀房源敘述）,191113855,保妹,,萬華區,25.04517,121.50494,Shared room,1104,1,3,2024-12-15,0.25,17,271,3,
996877533899802077,台北飯店式短期月租套房,19216347,心誠,,信義區,25.04350254595343,121.58193793147802,Entire home/apt,1100,30,0,,,35,259,0,
996962662695552951,Huge stylish 2 bdrm max of 8 ppl 4 min to subway,17847603,Tony,,大安區,25.04036,121.55303,Entire home/apt,5882,7,15,2024-12-17,1.05,4,158,13,
998188888349103925,西門捷運站走路二分鐘/電梯/獨立浴室／採光佳／洗衣機／除濕乾衣機／微波爐,14567958,Jon,,萬華區,25.04216017281834,121.50712576588839,Entire home/apt,1714,3,53,2024-12-17,3.63,18,142,46,
998251820994742721,西門夜市시먼Ximen天空小屋  超美市景超方便 有電梯獨立套房(須爬一層樓梯)近捷運西門站550m,122639677,Ta,,萬華區,25.0461766,121.5063264,Entire home/apt,1853,2,44,2024-12-18,3.04,5,73,35,
998470885747721953,Free Pickup/FreeParking/4Bed/6minMRT/Full kitchen,533627933,靜芸,,萬華區,25.02952,121.50019,Entire home/apt,2548,1,0,,,10,365,0,
998985290853647144,"The old fashion,ximen station",541196733,宗諭,,萬華區,25.04368,121.50705,Entire home/apt,2126,3,24,2024-11-20,1.71,1,72,18,
999488147289457860,07/MRT永春站450公尺/大巨蛋看棒球聽演唱會/私人陽台洗衣機/專屬廚房,79891592,筠筠,,信義區,25.03751,121.57614,Private room,1875,5,18,2024-12-23,1.24,7,141,16,
999535771783047054,05-市政府站、南港高鐵站、南港展覽館/專屬陽台洗衣機,79891592,筠筠,,南港區,25.04239842747844,121.58460037461005,Private room,1584,14,7,2024-11-23,0.49,7,90,6,
1000550819580439695,西門商圈301/捷運西門站步行1分鐘/漂亮裝潢2～4人房,508233574,詩純,,萬華區,25.041914,121.507535,Entire home/apt,2717,1,26,2024-12-20,2.01,26,73,22,
1000955341718497107,6minMRT/FreeParking/6people/4beds/Full kitchen,533627933,靜芸,,萬華區,25.028278758221504,121.50230802428587,Entire home/apt,2478,1,10,2024-11-23,0.89,10,330,10,
1001224284695786467,CozyRoom/Balcony/ShareHouse/NTU/TechnologyBuilding,18920780,Ann,,大安區,25.02148,121.54327,Private room,860,28,2,2024-08-04,0.14,17,168,1,
1001311525435062806,MRT 7 min/氣氛隱藏式吊扇燈/空氣瀘淨器冰箱浴室/大書桌,383714739,Mandy黃SaycHouse,,中山區,25.0513613,121.5272782,Private room,700,15,3,2024-09-21,0.27,16,163,3,
1001729145765607109,Safari Resort Design - prime location,90452684,Paul,,大安區,25.044344871951505,121.54481460723233,Entire home/apt,9218,3,30,2024-12-20,2.09,1,195,22,
1001789188666870061,建成公園旁中山站3分到,110102158,Sky,,大同區,25.05382646888733,121.51849497109652,Private room,1510,2,3,2024-12-29,1.32,1,88,3,
1002014675735299363,【Hot】6中山國小站／通風採光／精品飯店／簡約靜謐／美食咖啡／Foreigner-friendly,519336015,Len,,中山區,25.060295851649954,121.52544513444448,Entire home/apt,5747,30,0,,,24,178,0,
1002031886496131571,【Hot】11中山國小／拎包入住／高樓風景／配備齊全／長期居住Foreigner-friendly,519336015,Len,,中山區,25.06273,121.52473,Entire home/apt,13677,30,1,2024-03-08,0.10,24,181,1,
1002043358300252977,【Hot】C捷運一分鐘／民權西路站／通風採光／雙城商圈／超市藥局／林森商圈／友善Foreigner,519336015,Len,,中山區,25.06341,121.51975,Entire home/apt,14475,30,1,2024-04-15,0.11,24,181,1,
1002058314743407484,【Hot】C兩分鐘／民權西路捷運站／通風採光／雙城商圈／超市藥局／林森商圈／友善Foreigner,519336015,Len,,中山區,25.06136,121.52127,Entire home/apt,14475,30,2,2024-06-03,0.15,24,181,1,
1002066173280911025,【Hot】兩分鐘／民權西路捷運站／通風採光／雙城商圈／超市藥局／林森商圈／友善Foreigner,519336015,Len,,中山區,25.061555507869766,121.5232479641,Entire home/apt,14475,30,0,,,24,181,0,
1002214522537872749,B-B5《月租》《可短租》走到捷運中山國小站只要三分鐘/近晴光市場/近捷運民權西路站,906344,Lily,,中山區,25.06225,121.52423,Entire home/apt,1457,3,3,2024-09-16,0.40,23,178,3,
1002605811167073412,台北101大坪數電梯三房/8人/近市府捷運站,490924018,Ling,,大安區,25.04249,121.54267,Entire home/apt,7000,7,1,2024-11-19,0.70,1,50,1,
1002633741276039635,【Sapphire】loft @Ximen/西門町/freeWiFi/1-4P/2minsMRT,230455578,Amanda,,萬華區,25.04011,121.50616,Entire home/apt,1795,3,37,2024-12-12,2.58,6,158,27,
1002690301316539906,Z510/500公尺西門町捷運站/智慧電視/工作桌/Wi-Fi/電梯大樓,401189133,Zoe,,萬華區,25.042833705885446,121.50444292455393,Entire home/apt,2314,2,59,2024-12-26,4.08,2,342,51,
1002776053066536133,Lazy loft 6-8人房@西門徒步區/捷運6分鐘/電梯雙衛浴/附投影與寬敞陽台,251084433,Hamilton,,萬華區,25.040574656764417,121.50354675621713,Entire home/apt,11507,2,75,2024-12-15,5.16,1,39,61,
1003364169371099084,＊MRT 600m｜2BD 108 ㎡ with Elevator｜RA10,242730194,Kolette,,大安區,25.035879257264913,121.54938200755966,Entire home/apt,6000,30,3,2024-08-02,0.23,67,71,2,
1003434989566309047,Smile Friend. Taipei (2~4人房）,203223914,Happy,,萬華區,25.03951,121.50506,Entire home/apt,2340,2,17,2024-12-12,1.17,5,88,14,
1003620729535045332,位於萬華區 台北車站 西門的溫馨小窩～｛WIFI 電梯 西門町 月租,121307577,Ada,,萬華區,25.04585,121.50539,Entire home/apt,2402,2,39,2024-12-31,2.94,1,228,33,
1003632814436983180,Ximending𓇬O53芍𓇬Taipei 101𓇬住2-4人MRT 西門站𓇬五星飯店床墊,115798819,Airbnb,,萬華區,25.04611906443993,121.50472634974201,Entire home/apt,2008,3,31,2024-12-15,2.13,68,84,23,
1003856312893389347,海的旅館,64739603,Grace,,北投區,25.13077,121.50286,Private room,1200,1,26,2024-12-29,1.97,1,64,20,
1004037540986591064,嘿 Hey! tube 很小間@Ximen MRT 5 min,132809029,John,,萬華區,25.0407719,121.506922,Entire home/apt,1394,4,46,2024-12-20,3.34,3,40,40,
1004172208429252361,H.C一萊恩一Taipe/西門/Ximen/시먼/龙山寺Longshan,242710118,Hung,,萬華區,25.044826903248048,121.50554757605698,Entire home/apt,4499,2,46,2024-12-09,3.19,5,161,41,
1004834224390251624,＊５min to MRT City Hall｜600Mb Wifi｜Elevator｜YJ90.,242730194,Kolette,,信義區,25.04328,121.56974,Entire home/apt,7200,30,7,2024-12-01,0.66,67,133,7,
1004989405092665404,夜景101、Taipei西门町Ximen、龙山寺Longshan Temple,503930766,Kelly,,萬華區,25.04078,121.5013,Entire home/apt,3857,2,35,2024-12-03,2.41,2,84,29,
1005101772473323759,A-B7《月租》《可短租》中山捷運站-雙人套房(含獨立衛浴),906344,Lily,,中山區,25.05178,121.52086,Entire home/apt,1502,3,8,2024-12-05,0.60,23,176,7,
1005484683216593285,市中心大安森林公園家庭套房,72805766,Hui Chih,,大安區,25.035500881032725,121.53474284374673,Entire home/apt,4286,5,0,,,9,342,0,
1005721888761545215,【New】M捷運旁｜近西門步行街｜中山文青市集｜五星套房｜電梯洗脫烘｜豪宅設計｜頂級設備｜友善外國人,490134486,Hung Chih,,中山區,25.0569,121.52492,Entire home/apt,17376,13,1,2024-03-23,0.11,41,169,1,
1005821799582461312,Taipei Main Station 2-Bedroom Luxury Unit,542581964,Calvin,,大同區,25.049132222148863,121.51719376444817,Entire home/apt,3984,2,51,2024-12-15,3.56,7,225,40,
1006186240920993449,台北車站/ 機場捷運/ 3房/ 捷運地下街1分鐘/ 獨立衛浴,172149908,昭明,,大同區,25.04906282443063,121.51610612459778,Entire home/apt,3896,3,12,2024-12-19,0.94,20,8,10,
1006268305336635242,Near MRT Technology Building | Elevator Building,522531459,Taipei,,大安區,25.02801,121.54524,Private room,,3,4,2024-07-03,0.30,30,244,3,
1006286912957770613,Near MRT Technology Building | Elevator Building,522531459,Taipei,,大安區,25.02630303808282,121.54492671823527,Private room,1251,3,6,2024-10-31,0.45,30,228,5,
1006681105161617042,宇宙寶貝之家 Japanese Zen Room,82437875,Jolin,,大安區,25.02953819269288,121.53935263973077,Private room,943,4,43,2024-12-30,3.15,1,104,36,
1006844441200060811,#2 30 seconds to Ximending！下樓即西門鬧區！安靜溫馨！,12596582,Tzuling,,萬華區,25.04714,121.50481,Entire home/apt,2391,14,4,2024-11-20,0.61,3,270,4,
1007674841701589806,101附近三樓整層兩房，三床，四個人。安靜適合,19216347,心誠,,信義區,25.04398,121.57014,Entire home/apt,2000,30,0,,,35,144,0,
1007968374838862276,近機場捷運 台北車站 .西門町9.電梯3~7人房.寬敞舒適.免費WIFI,516896438,David,,中正區,25.04783373776021,121.51469312977237,Private room,2566,2,52,2024-12-23,3.75,5,141,46,
1008224938812921570,Near MRT Technology Building | Elevator Building,522531459,Taipei,,大安區,25.02821,121.54382,Private room,1603,3,9,2024-12-22,0.97,30,174,9,
1008546413309746273,Nice 3Bdr Apt near *Guting MRT* & Shida NTNU - NTU,172285374,David,,中正區,25.027272410084397,121.5176517540983,Entire home/apt,4673,25,9,2024-12-31,0.64,9,215,7,
1008596341053918220,EL Apt w/ lift near Ximen MRT 西門町Loft 近西門地鐵站 獨立浴室,79915350,Paradise Taipei,,萬華區,25.042500272774113,121.50594842844745,Entire home/apt,1999,3,38,2024-12-10,2.66,29,163,33,
1008676359377059102,女子共享公寓@台北東區捷運步行3min l 樓下就是7-11_十人房,171628155,Adam,,大安區,25.040682736430977,121.55260970998606,Shared room,,30,9,2024-12-12,0.63,6,39,7,
1008915700353868678,寧夏夜市  /高樓層電梯  /近捷運雙連站（只招待國外旅客入住看證件),181777156,Ccbest,,大同區,25.05692,121.51427,Entire home/apt,1507,6,10,2024-12-27,0.73,1,57,9,
1009058544574012253,3B2b Luxury Apt Da‘an Treeline Central Taipei,243475,Cindy,,大安區,25.033757944540742,121.54740775897139,Entire home/apt,8689,5,26,2024-12-20,2.41,1,145,26,
1009074648687083514,TPEHS h1001/假期時光/夜市/台北車站/西門町/捷運西門站走路8分鐘/電梯/住1-4人,539813308,Home,,萬華區,25.046227843360295,121.50582275183174,Entire home/apt,2170,2,26,2024-11-25,1.84,42,169,20,
1009080717280638585,接機優惠Dec hot sale The Wizard of Oz/shareBathroom(月租,107844067,Debby,,大安區,25.02557,121.54644,Private room,,2,6,2024-05-07,0.41,14,356,3,
1009354812885560011,台北101discounth1002假期旅程/夜市台北車站西門町/捷運西門站走路8分鐘/電梯1-4人,539813308,Home,,萬華區,25.04542,121.50633,Entire home/apt,1956,2,25,2024-12-22,1.86,42,169,21,
1009374056496528542,TPEHS h1003/假期空間/夜市/台北車站/西門町/捷運西門站走路8分鐘/電梯/住1-4人,539813308,Home,,萬華區,25.04657182334712,121.50434976729754,Entire home/apt,2198,2,40,2024-12-23,3.04,42,172,36,
1009711914231502906,陽光度假式共享客棧～101獨立臥房,6534092,俊文,,內湖區,25.07706,121.58683,Private room,1100,2,17,2024-12-26,1.18,4,83,7,
1009744520291592786,TPEHS h1005/假期生活/夜市/台北車站/西門町/捷運西門站走路8分鐘/電梯/住1-4人,539813308,Home,,萬華區,25.045083772653175,121.5049686022003,Entire home/apt,2034,2,42,2024-12-22,3.19,42,160,40,
1009782159639120398,台北101discounth1006假期風情/夜市台北車站西門町/捷運西門站走路8分鐘/電梯1-2人,539813308,Home,,萬華區,25.04496,121.50437,Entire home/apt,1417,2,21,2024-12-07,1.68,42,165,19,
1009798989303543476,台北101discounth1007假期風景/夜市台北車站西門町/捷運西門站走路8分鐘/電梯1-4人,539813308,Home,,萬華區,25.047098914126376,121.50470097732001,Entire home/apt,2036,2,32,2024-12-14,2.43,42,176,28,
1009802184796891668,1月訂房4日送接機｜一樓大坪數 4房｜鬧區近101 ｜舒適12位｜臨江夜市｜信義安和站5分鐘,543036478,Emily,,大安區,25.0326051,121.5561126,Entire home/apt,,2,63,2024-12-27,4.39,4,147,43,
1009841819435267208,Daan Park elevator 3room apartment,277278670,Garden,,大安區,25.036800188508597,121.53757843912608,Entire home/apt,6500,5,12,2024-12-29,0.88,14,325,9,
1010084457952260072,無印簡約 5 -Taipei Main Station台北車站西門町步行 陽台洗衣機沙發床,28103867,Henry,,中正區,25.04650981333567,121.51564550132808,Entire home/apt,3889,4,34,2024-12-09,2.39,38,80,26,
1010094558168660803,1月大優惠方案～大安台北｜東區商圈｜跨年煙火 |舒適10位｜臨江夜市｜3房2衛｜信義安和站,516588424,Amy,,大安區,25.029743155644958,121.5471798554063,Entire home/apt,5573,2,38,2024-12-19,2.83,5,155,32,
1010394993611420046,Moonlit /西門町/台北車站/MRT,384488896,Shang Min,,中正區,25.044,121.51543,Entire home/apt,8890,2,4,2024-12-09,0.32,6,132,3,
1010650725293642200,陽光客棧單人房305,6534092,俊文,,內湖區,25.075083134209784,121.58534738893532,Private room,1100,2,12,2024-07-07,0.84,4,87,10,
1011211922185267512,1 min to Ximen Mrt Staycation Suite-Weekly Retreat,69525672,Issabell,,萬華區,25.04284,121.50651,Entire home/apt,1407,2,34,2024-12-06,2.46,22,100,29,
1011350996894426259,台北101discountQM701/六人假期/夜市台北車站西門町/捷運西門站走路8分鐘電梯1-6人,539813308,Home,,萬華區,25.047677300231918,121.50687742151693,Entire home/apt,2954,2,32,2024-12-24,2.26,42,176,29,
1011356037812546230,TPEHS Z1206/四人假期/夜市/台北車站/西門町/捷運西門站走路6分鐘/電梯/住1-4人,539813308,Home,,萬華區,25.0444,121.5084,Entire home/apt,1710,2,33,2024-12-24,2.37,42,170,28,
1011370804887081447,7-Mins to MRT Da'an Station | Xinyi District,522531459,Taipei,,大安區,25.03071083720484,121.5483637772155,Private room,1523,3,3,2024-02-01,0.23,30,252,2,
1011398074243746599,7-Mins to MRT Da'an Station | Xinyi District,522531459,Taipei,,大安區,25.03176,121.54636,Private room,1078,3,1,2024-10-17,0.39,30,270,1,
1011429204576275071,7-Mins to MRT Da'an Station | Xinyi District,522531459,Taipei,,大安區,25.03183,121.54633,Private room,1421,3,4,2024-12-30,0.31,30,267,3,
1011443230669790507,7-Mins to MRT Da'an Station | Xinyi District,522531459,Taipei,,大安區,25.03207095412721,121.54829057128669,Private room,1203,3,4,2024-08-06,0.52,30,267,4,
1011902654286278053,Elegant live雅居1~4人房 台北車站Mrt Taipei Station 西門WiFi,171974684,Win,,大同區,25.0489564,121.5178253,Entire home/apt,2103,2,23,2024-11-18,1.63,12,130,16,
1011964794042937279,101景觀舒適3米6樓中樓，大安站走路2分鐘MRT R 05 and BR 09,158945627,Ivory,,大安區,25.030749302043752,121.54271888950775,Entire home/apt,3228,7,16,2024-12-24,1.24,15,242,13,
1011981049013630388,陽光渡假式共享客棧～獨立個人臥室201,6534092,俊文,,內湖區,25.07486,121.58711,Private room,1100,2,14,2024-12-29,1.01,4,177,9,
1012064971585321822,Wen W13,201466965,慧雯,,大安區,25.04092,121.55411,Entire home/apt,4992,5,5,2024-12-29,3.33,5,257,5,
1012716780695871080,“Anahata”/TP Station/1min walk to Z2/2-6pp/Balcony,543908162,Mvk,,中正區,25.045724580030463,121.51590139999999,Entire home/apt,3097,2,94,2024-12-15,6.68,5,155,74,
1012724414926033790,台北車站Y3出口精緻大三房(3 bedroom),99932146,Vanessa,,大同區,25.049890771663016,121.51657829460748,Entire home/apt,4771,2,43,2024-12-10,3.15,5,193,35,
1012783072523130365,@ Retro Studio @ Ximen MRT,471945582,House,,萬華區,25.04147,121.50505,Entire home/apt,,30,5,2024-12-02,0.42,41,145,5,
1012961448381184923,“Navel”/大空間/中山赤峰商圈/中山站R9出口走路2分鐘/2房2衛2R2B/洗衣機,543908162,Mvk,,大同區,25.054768,121.5200899,Entire home/apt,3966,2,51,2024-12-02,3.99,5,167,45,
1013298954514014357,臺大共生宅,260073320,政賢,,大安區,25.017325651010744,121.54369632594506,Private room,1590,1,2,2023-11-14,0.14,2,269,0,
1013378683816347671,apt at Taipei 101 city hall,75318549,Charly,,信義區,25.03694,121.56049,Entire home/apt,2514,2,31,2024-12-21,2.17,9,71,22,
1013448105348526028,西門商圈2A/捷運西門站步行1分鐘/漂亮裝潢套房,508233574,詩純,,萬華區,25.042598495282427,121.50693409108135,Entire home/apt,2188,3,2,2024-01-17,0.16,26,64,1,
1013482100151360829,【小南門】僅供月租/ 四房2衛 / 電梯 8~16ppl,330579461,Toto,,中正區,25.03521246295108,121.50835430413909,Entire home/apt,5758,2,3,2024-10-29,0.38,30,171,3,
1013509217214411757,Christmas*Minimalist Family Residence 南門市場/南機場夜市,522521273,Hannah,,中正區,25.03569,121.51044,Entire home/apt,5758,2,18,2024-12-22,1.39,5,171,16,
1013535451111930585,11樓Taipei Main Station Ximending101京站新大樓西門町3房1～6人,48195411,David,,大同區,25.05003,121.51848,Entire home/apt,5681,2,59,2024-12-24,4.34,4,321,53,
1013614101206809274,Nice Studio @ Ximen Metro *Famous area of Taipei*,235623230,Yi Shin & Charlie,,萬華區,25.04354,121.50459,Entire home/apt,3136,28,5,2024-09-26,0.40,4,121,4,
1013712387221006488,FS Apt w/ lift near Ximen MRT 西門町Loft 近西門地鐵站 獨立浴室,79915350,Paradise Taipei,,萬華區,25.041264339537328,121.50591570618934,Entire home/apt,3111,4,31,2024-12-17,2.24,29,139,25,
1014129224746048528,3-min to MRT Station | Night View | Share House,522531459,Taipei,,大安區,25.02812238517075,121.5433701412038,Private room,1237,3,7,2024-08-28,0.53,30,257,4,
1014139391448941031,接機優惠Dec hot sale/love the life you live/中山區3房/有浴缸,485262233,Lambert,,中山區,25.05687337828219,121.52806761226039,Entire home/apt,3258,2,20,2024-12-31,1.41,17,174,16,
1014173767856812126,H&K 4/2 Taipei 101 Home away from Home,30591050,H&K,,信義區,25.03248,121.56046,Entire home/apt,15536,10,16,2024-12-15,1.28,13,293,15,
1014211319496325932,接機優惠Dec hot sale.過馬路到大巨蛋/演唱會第一排[Jay Chou&A mei ],119870232,도민,,大安區,25.04434,121.555,Entire home/apt,5076,2,29,2024-12-26,2.05,17,361,24,
1014213573900836315,尚印1館-雙人有窗,302834431,尚印旅店 Stay Inn,,中山區,25.05644,121.52356,Private room,,1,1,2024-02-25,0.10,2,351,1,
1014229518959601867,尚印1館-四人房,302834431,尚印旅店 Stay Inn,,中山區,25.056315281463387,121.52410103951557,Private room,3419,1,0,,,2,194,0,
1014231999795572856,尚印2館-雙人不限,344914411,尚印2館Stay Inn2,,中山區,25.05759,121.52217,Private room,2345,1,0,,,2,352,0,
1014233238052684186,尚印2館-四人,344914411,尚印2館Stay Inn2,,中山區,25.05819,121.52368,Private room,3419,1,0,,,2,337,0,
1014584290305275225,小團體方案｜Cellars.room 東區活動空間 唱歌 慶生 課程 聚會 派對 演講 電影,60737664,Bingo,,大安區,25.041461491335717,121.5547143963347,Entire home/apt,,1,0,,,7,90,0,
1014778840657568972,"2023 NEW OPEN【楓丹】西門站六號出口 5分鐘,電梯",118973784,Andy,,萬華區,25.04417241746303,121.50722090687208,Entire home/apt,2230,3,33,2024-12-01,2.39,20,238,28,
1014791703701393635,2023NEW OPEN【浪跡】西門站6號出口3分鐘,118973784,Andy,,萬華區,25.04476,121.50764,Entire home/apt,2026,3,34,2024-12-09,2.42,20,230,29,
1014886883536741524,CoupleRoom in Shilin NightMarket,543710269,Bella,,士林區,25.08932642904153,121.52505007158892,Private room,1200,1,1,2023-11-20,0.07,2,263,0,
1015674314218419930,Near Park & Convenience Store | Spacious En-Suite,522531459,Taipei,,萬華區,25.023276130876013,121.49845243697035,Entire home/apt,1036,3,3,2024-12-28,0.33,30,266,3,
1015685463615769181,Nanjing Sanmin MRT Station | Cozy En-suite,522531459,Taipei,,松山區,25.054319362797774,121.5662167822162,Entire home/apt,1285,3,1,2023-11-15,0.07,30,236,0,
1015835191335853597,TPEHS QM902/工業空間/夜市/台北車站/西門町/捷運西門站走路10分鐘/電梯/住1-4人,539813308,Home,,萬華區,25.04784744980325,121.50517056500732,Entire home/apt,2113,2,9,2024-05-06,0.65,42,159,5,
1015841238556042519,TPEHS HK606/紫色麋鹿/夜市/台北車站/西門町/捷運西門站走路5分鐘/電梯/住1-4人,539813308,Home,,萬華區,25.04181326042189,121.507778425168,Entire home/apt,1684,2,33,2024-12-17,2.41,42,171,29,
1015879296984047476,卓越的地點，美食天堂所在地，夜市、捷運就在旁邊！,9595798,Branson,,大同區,25.05807,121.51697,Entire home/apt,2571,2,74,2024-12-27,5.34,10,114,64,
1015889402472152166,台北車站正對面走路5分鐘繽紛加大2～8人房,33338185,Allen,,中正區,25.04596267635064,121.51449715166902,Entire home/apt,1637,1,0,,,6,332,0,
1015925132668303279,Ximending𓇬VE48崎𓇬Taipei 101𓇬泡澡浴缸𓇬住2-4人MRT西門站𓇬五星飯店床墊,115798819,Airbnb,,萬華區,25.046777150776233,121.50448078897615,Entire home/apt,1746,3,18,2024-12-16,1.30,68,75,12,
1016245287188450357,經濟雙人房【日光樂居西門館】Funstayinn西門捷運步行5分鐘-24H櫃台免費寄存行李-獨立衛浴,526853887,泱辰,,萬華區,25.04405104046178,121.50703907727261,Private room,2597,1,32,2024-09-27,2.48,9,175,30,
1016251033539948404,標準雙人房【日光樂居西門館】Funstayinn西門捷運步行5分鐘-24H櫃台免費寄存行李-獨立衛浴,526853887,泱辰,,萬華區,25.042643313013418,121.50691918924768,Private room,2754,1,7,2024-08-19,0.53,9,176,5,
1016252696217945922,高級雙人房【日光樂居西門館】Funstayinn西門捷運步行5分鐘-24H櫃台免費寄存行李-獨立衛浴,526853887,泱辰,,萬華區,25.04419821810453,121.50525618154617,Private room,,1,2,2024-08-10,0.16,9,180,2,
1016252792676157274,經典雙人房【日光樂居西門館】Funstayinn西門捷運步行5分鐘-24H櫃台免費寄存行李-獨立衛浴,526853887,泱辰,,萬華區,25.04453,121.50697,Private room,2811,1,4,2023-12-15,0.30,9,180,0,
1016259311812876558,台北京站17-小米家,221089274,Sammi,,大同區,25.04962,121.51893,Entire home/apt,2329,4,2,2024-12-27,1.36,10,35,2,
1016320618503190214,2023New Open girlfriend's room,118973784,Andy,,萬華區,25.04291,121.50708,Entire home/apt,1248,4,22,2024-12-17,1.65,20,134,18,
1016539142755808205,絕佳的地點，美食的天堂，捷運、夜市就在旁邊。歷史古蹟、文創商店。,9595798,Branson,,大同區,25.056975964226165,121.51513833583867,Entire home/apt,1423,2,58,2024-12-28,4.21,10,161,48,
1016597320406452742,超棒的地點，美食天堂。捷運、夜市就在旁邊，富有歷史與人文的地方,9595798,Branson,,大同區,25.05853,121.51651,Entire home/apt,1423,2,63,2024-12-26,4.52,10,154,54,
1017077534467425283,w74# XIMEN MRT#Tapei main station# Monthly Promo!,453709970,Bella,,萬華區,25.046203912702357,121.50274397814783,Entire home/apt,1971,2,19,2024-12-10,1.37,31,56,14,
1017303464683386024,無可挑剔的地點，美食天堂，雙連捷運站就在旁邊，寧夏夜市就在附近。,9595798,Branson,,大同區,25.056950663152477,121.51745087685977,Entire home/apt,2409,2,75,2024-12-28,5.38,10,149,65,
1017770900024718342,鄰近信義101商圈/捷運後山埤站,304191847,An,,南港區,25.04034,121.59014,Private room,1543,3,10,2024-12-31,0.75,2,88,8,
1017984854314945326,@DB1-大安MRT1F方便宅-走路3min/信義計畫區101/永康商圈,524596170,Xinyi,,大安區,25.03185,121.54387,Private room,,3,6,2024-12-08,0.46,14,179,5,
1018148385394811512,Lounge 西門町/饒河夜市/2Master room/1F無樓梯/6P/Mrt走9分鐘/機場接送,518235935,Coho,,萬華區,25.039723185493266,121.50237504253322,Entire home/apt,3031,1,48,2024-12-27,3.47,6,333,43,
1018392679837587805,B35#Beimen MRT#Ximen#Taipei Main Station#1-2 pax,493305838,George,,大同區,25.05347870101428,121.51151799889453,Entire home/apt,1143,2,22,2024-12-26,1.71,3,58,19,
1018647325752135773,H41/500mtoXimenMRT/Netflix/YouTube/WiFi/Elevator,136010110,Rex,,萬華區,25.044403562783078,121.50430588129336,Entire home/apt,2248,2,77,2024-12-31,5.66,36,287,70,
1018656910687396754,@DC1-Daan mrt 3 minutes walk 1F/101/ Night Market,524596170,Xinyi,,大安區,25.031496442622934,121.54407790689163,Private room,1466,3,4,2024-04-05,0.31,14,83,3,
1018684717215844283,DD-大安mrt 走路3分鐘 1F/ 101/永康商圈/臨江夜市,524596170,Xinyi,,大安區,25.03209,121.54376,Private room,,30,9,2024-11-24,0.66,14,149,7,
1018708687117532233,台北大安區2-4人/濟州島風格studio/Netflix/攝影棚/工作室/有廚房/投影機/近101,68516698,Bibi,,松山區,25.044931965536154,121.55697192899203,Entire home/apt,2906,1,75,2024-12-30,5.40,2,135,67,
1018736001440349796,獨一無二的地點，美食天堂，有大陽台，雙連捷運站和寧夏夜市就在旁邊,9595798,Branson,,大同區,25.05779,121.51724,Entire home/apt,1423,2,69,2024-12-26,4.99,10,145,61,
1019097404745079978,Nice Room C @ Linguang MRT 2mins,471945582,House,,大安區,25.01745,121.55625,Private room,,29,2,2024-05-28,0.20,41,125,2,
1019146227622109995,Liuzhangli MRT &Fuzhou mountain,421346310,Pawat,,大安區,25.01723,121.55173,Private room,,1,5,2024-01-01,0.36,1,269,0,
1019232554153182805,豪華雙人房【日光樂居西門館】Funstayinn西門捷運步行5分鐘-24H櫃台免費寄存行李-獨立衛浴,526853887,泱辰,,萬華區,25.04431,121.50652,Private room,3746,1,0,,,9,163,0,
1019297157963587076,捷運國父紀念館站｜茶韻典雅套房｜限月租,522531459,Taipei,,大安區,25.04076,121.55671,Private room,1651,30,1,2024-03-10,0.10,30,257,1,
1019358640898503692,@ZA1- Taipei center 忠孝復興-走路2分鐘/西門町15min,525142549,Daan,,大安區,25.04122,121.54772,Private room,1684,3,13,2024-12-24,1.03,8,176,11,
1019379161363127831,"@ZB1-Taipei center 忠孝復興/西門町15min （1-2人）<高樓層,有電梯>",525142549,Daan,,大安區,25.04171735249694,121.54543623108407,Private room,1419,3,7,2024-11-25,0.61,8,165,7,
1019403832086796391,@ZD2-Taipei center 忠孝復興/西門町15min(2-4人）,525142549,Daan,,大安區,25.04153,121.54534,Private room,1677,3,4,2024-12-08,0.33,8,180,4,
1019422369296978542,@ZE-Taipei center 忠孝復興/西門町15min,525142549,Daan,,大安區,25.04287,121.54504,Private room,1491,3,3,2024-10-27,0.29,8,179,3,
1019428218919277452,@DA大安mrt 走路3分鐘 1F/ 101/永康商圈/臨江夜市,524596170,Xinyi,,大安區,25.03195852188246,121.5450541086311,Private room,1369,3,12,2024-12-26,0.88,14,179,10,
1019462902959538841,Taipei 101 CBD Studio Apartment A_near TICC,488416020,OurPlace,,大安區,25.033410615707204,121.55412703038063,Entire home/apt,2286,7,13,2024-12-09,0.98,10,146,9,
1019934336424810536,Tpe main station (4 mins walk) Room A,471945582,House,,大同區,25.04987,121.513,Private room,600,30,3,2024-09-20,0.59,41,111,3,
1020004151793945794,Taipei 101 MRT (5 min) Room B,471945582,House,,信義區,25.03107,121.56284,Private room,98,30,1,2024-03-15,0.10,41,120,1,
1020040644897280237,Welcome home,188298840,Hogsihi,,中山區,25.064839835476164,121.52334440499544,Entire home/apt,1888,30,3,2024-07-04,0.35,1,58,3,
1020053789878393462,大安捷運&簡約溫馨美D雅房&電梯大樓 Ntu&Ntnu&Ntust,107651931,曉珊,,大安區,25.023254972516767,121.54322303664463,Private room,683,28,0,,,25,213,0,
1020172978474442610,A02雙人雅房/中山站5分台北車站12分24小時入住生活機能便利,176059533,大昌旺,,中山區,25.0500566,121.5230698,Private room,1086,1,25,2024-12-08,1.83,15,47,20,
1020578660168986964,Panda(3～6 Pax room),19843186,萊,,萬華區,25.04125,121.50434,Entire home/apt,3411,3,20,2024-10-27,1.46,13,169,17,
1020729078657092653,5 mins to MRT | 1 Bedroom with shared bathroom,522531459,Taipei,,信義區,25.04412732928361,121.56793990473436,Private room,1192,20,1,2024-06-09,0.15,30,269,1,
1020790471744352684,@RA-Michelin's happiness｜饒河夜市/松山MRT 2間房可住2-6人,231537618,Ting Ting,,松山區,25.05088,121.57285,Entire home/apt,2368,4,3,2024-03-12,0.23,10,176,1,
1020834431798752701,西門町旅捷居6-8人,34359544,Wu,,萬華區,25.04609,121.50552,Entire home/apt,4171,2,0,,,2,177,0,
1020870541180076593,@SB1-Songshan Serenity｜松山MRT/饒河夜市/信義商圈/西門15mins,286257683,本惠,,信義區,25.04762335841358,121.57623339628402,Private room,1226,3,3,2024-03-03,0.24,2,178,2,
1020904542064806736,Big room 1st floor 30s to MRT,11012797,Family,,信義區,25.020040240927067,121.55893437689694,Private room,750,30,3,2024-11-16,0.73,2,254,3,
1020923173658724756,Elegant Taipei @1min TaipeiStation 台北車站,146008296,Harry Chen,,中正區,25.046471835594446,121.51653768221072,Entire home/apt,2672,3,34,2024-12-13,2.48,9,312,29,
1021300118785204228,中正區近台大溫馨套房附廚房客廳,467909945,瑞美,,中正區,25.01828748111777,121.5277501253842,Private room,,30,0,,,4,118,0,
1021359185541922179,黑先生III號房 - 月租有優惠可寵物西門電影街溫馨樓中樓大空間五人房,39512538,Black,,萬華區,25.0452926,121.502852,Entire home/apt,2461,1,18,2024-12-12,1.37,15,350,15,
1021372379762019411,南西寧靜小窩,481565294,Yong Yan,,大同區,25.053875896047423,121.51476615204841,Entire home/apt,1966,30,1,2024-05-21,0.13,1,363,1,
1021450200852935217,台北101 discountC407紅樓輕旅/夜市台北車站西門町/捷運西門站走路5分鐘/電梯1-6人,539813308,Home,,萬華區,25.04167,121.50625,Entire home/apt,2228,2,31,2024-12-16,2.27,42,175,27,
1021513123839684597,MRT Guting Station | 5 Mins to NTNU | Share House,522531459,Taipei,,大安區,25.028915683975246,121.52728381860703,Private room,1223,3,2,2024-06-03,0.17,30,250,2,
1021518823466328888,"信義區光復南路泳池舒適小宅,臨通化夜市",25523787,New Apt,,信義區,25.030560347582206,121.55779134482145,Entire home/apt,3159,7,1,2024-01-20,0.09,26,229,1,
1021913991728315814,中正區！溫馨E房床位之4！廚房客廳通通都有(限女生）,48973968,怡穎,,中正區,25.029568771469606,121.52007022237856,Private room,479,7,0,,,24,251,0,
1022063323655728987,MRT公館站/電梯整層2房/台大公館商圈/限月租,441888372,TzuHan,,中正區,25.015711364678534,121.53318590655664,Entire home/apt,3520,20,1,2024-05-18,0.13,30,310,1,
1022074387812385711,Leisurely travel悠遊 台北車站 京站 2~4人房 西門町 夜市 WiFi,171974684,Win,,大同區,25.04945419588527,121.51781000196934,Entire home/apt,1928,2,32,2024-12-11,2.56,12,134,31,
1022708750562003444,Tpe main station (4 mins walk) Room B,471945582,House,,大同區,25.05005,121.51357,Private room,10000,30,6,2024-11-23,0.47,41,84,5,
1022715497100175098,Tpe main station (4 mins walk) Room C,471945582,House,,大同區,25.05185400865924,121.51372221892245,Private room,6,30,5,2024-07-30,0.52,41,90,5,
1022721991523212681,【Ximending Lift studio_23】,21867853,Teddy,,萬華區,25.04237719976675,121.50653560316239,Entire home/apt,2926,3,27,2024-12-02,2.06,16,165,23,
1022945022814737657,台北101discountQM903/粉綠空間/台北車站捷運西門町站走路4分鐘/電梯夜市1-4人,539813308,Home,,萬華區,25.04306,121.50537,Entire home/apt,2079,2,40,2024-12-23,2.98,42,172,37,
1023203910577826791,Loft Taipei（2～6P）,128806861,Kenson,,萬華區,25.047806345212035,121.50878204790324,Entire home/apt,3114,3,34,2024-12-06,2.54,13,162,28,
1023290865050296516,Cozy House @ Zhongshan MRT / 寧夏夜市影音館,38841524,威儀,,大同區,25.053891,121.5159837,Entire home/apt,2953,2,7,2023-12-31,0.52,5,265,0,
1023474288819585404,家庭小屋 台北車站 京站 4~6人房 西門町 apartment,51657575,朋友之家,,中正區,25.04648,121.51835,Entire home/apt,3743,3,38,2024-12-31,2.79,1,98,32,
1023475796740316358,【侘寓】3A雅房｜小巨蛋NTUT華山台北車站遼寧夜市東區｜近忠孝復興站安東街1號出口3分鐘｜無電梯,7649671,Zoe,,大安區,25.042629480794382,121.54173661169,Private room,1443,2,20,2024-12-24,1.52,6,269,18,
1023485795378328007,MRT 1 Min | NTU | Two Bedrooms,522531459,Taipei,,中正區,25.01372,121.53482,Entire home/apt,3890,20,0,,,30,216,0,
1023715725582993439,시먼딩/MRT Ximen 3min/2-4人房/WiFi/獨立陽台/洗衣機/heating,103961092,Eli,,萬華區,25.04319241630206,121.50555800646542,Entire home/apt,3197,3,34,2024-12-31,2.73,6,123,32,
1023751680602965472,錦州*行天宮捷運3分鐘*採光通風舒適單人房/長短租,8048108,Whity,,中山區,25.061189853458778,121.531557888144,Private room,599,45,0,,,3,270,0,
1023767256955799657,台師大/公館/2房/wifi/安靜溫馨冷暖空調,546286052,Claire,,中正區,25.01545,121.52658,Entire home/apt,2251,5,10,2024-12-11,0.86,1,343,10,
1023922220033017356,Ximen Soufflé Suite｜西門舒芙蕾｜1~4人｜地鐵步行1分鐘,151400959,Edward,,萬華區,25.04385520439937,121.50819428265095,Entire home/apt,2254,1,44,2024-11-15,3.20,11,71,38,
1024200207782193915,D01 台北車站5分鐘/獨立衛浴/無窗戶/一大床 (Queen Size),515134403,Ncbb,,中正區,25.04687207518583,121.51313982188442,Private room,2267,1,63,2024-12-21,4.71,18,41,59,
1024219856684082042,101附近附健身房/游泳池/浴缸/廚房的商務旅館,19216347,心誠,,信義區,25.044476228696304,121.56554432226318,Entire home/apt,1482,30,0,,,35,314,0,
1024264218513104076,T01 台北車站5分鐘/獨立衛浴/無窗戶/兩小床 (Twin Bed),515134403,Ncbb,,中正區,25.0449,121.51359,Private room,2547,1,45,2024-12-27,3.44,18,29,41,
1024488045920369022,【Hot】44中山國小站／近捷運／晴光夜市／中山商圈／超市藥局／林森商圈／友善Foreigner,519336015,Len,,中山區,25.064615310638157,121.52714439740653,Entire home/apt,14374,7,0,,,24,90,0,
1024599342730924162,Taipei double bed 7 min to 101,75318549,Charly,,信義區,25.035998121832648,121.5603651340747,Entire home/apt,1371,2,43,2024-12-31,3.26,9,73,39,
1024748833014694505,Prime Location @ Taipei 101!,1279902,Ryan,,信義區,25.03335,121.56591,Entire home/apt,11857,4,6,2024-12-26,0.46,1,148,4,
1024973964838671726,滋室zoom / 室內設計師的秘密基地,546270559,滋滋,,中山區,25.06172682222153,121.52952541298107,Entire home/apt,3956,2,6,2024-12-12,0.44,1,362,2,
1025005515169940980,TP01 台北車站5分鐘/獨立衛浴/無窗戶/三小床 (3 Single Beds),515134403,Ncbb,,中正區,25.046695449971928,121.51439582007534,Private room,3833,1,45,2024-12-25,4.33,18,47,45,
1025094486990265825,D02 台北車站5分鐘/獨立衛浴/無窗戶/一大床 (Queen Size),515134403,Ncbb,,中正區,25.04461,121.51415,Private room,2211,1,41,2024-12-29,3.00,18,74,38,
1025197716206036816,＊西門町商圈83／景觀2－4人房／西門捷運步行2分鐘／近紅樓／附洗衣機,510241790,Yihan,,萬華區,25.040743811013613,121.50677438825369,Entire home/apt,3469,3,12,2024-10-28,0.91,16,52,10,
1025672360201078364,A全新裝潢獨立時尚電梯套房 台北市精華地段-2分鐘大安捷運站(近101、信義商圈、夜市),584855782,Ruo Syuan,,大安區,25.033342060115928,121.54547347382282,Entire home/apt,5571,2,38,2024-12-01,2.89,6,120,31,
1025789923512555667,接機優惠Dec hot sale如果有好感，那就是喜歡/西門町電梯大樓/3房/可住6~7人,12812606,Simon,,萬華區,25.04712086765873,121.50503162751555,Entire home/apt,4200,2,8,2024-12-30,0.58,15,162,5,
1025796593864500313,D03 台北車站5分鐘/獨立衛浴/無窗戶/一大床 (Queen Size),515134403,Ncbb,,中正區,25.04474658330552,121.51398081158943,Private room,2244,1,43,2024-12-29,3.27,18,52,38,
1025842660526661169,Taipei CBD Studio Apartment B_ near TICC,488416020,OurPlace,,大安區,25.03356,121.554,Entire home/apt,2371,6,9,2024-12-18,0.70,10,86,7,
1025939987432193355,"Taipei Sky Condo, Great view, Backpacker",115078235,Yu Chen,,萬華區,25.044089214439232,121.5066674666624,Entire home/apt,1533,2,33,2024-12-14,2.79,1,60,33,
1026069434708026118,城市景觀五星酒店管理公寓｜近捷運 鄰萬豪酒店 美麗華,164135171,Jay,,中山區,25.080135419945698,121.56128985980224,Entire home/apt,2489,7,7,2024-12-03,0.55,1,96,4,
1026400409022768314,"Stylish 4BR, 5 min to MRT, Kitchen, City centre",298307200,Ellis,,大安區,25.01946,121.55149,Entire home/apt,3653,2,7,2024-12-05,0.57,5,346,6,
1026444917177953035,台北市中山區家庭式華夏鄰近晴光市場 麻雀雖小五臟俱全,48144950,紫婷,,中山區,25.06751,121.52645,Entire home/apt,1308,4,10,2024-11-29,0.80,2,74,9,
1026637693385902049,Taipei  西門町 捷運1分鐘/樓下西門町夜市/百貨商圈/PUB/獨立洗衣機/禁菸3F-2,540100951,James,,萬華區,25.04354,121.50681,Private room,1579,2,16,2024-08-26,1.19,14,134,14,
1026647732664754342,GF4C spacious room in shared apt. in Xinyi Dist.,230184578,Anna,,信義區,25.03471,121.55876,Private room,1409,5,10,2024-11-01,0.80,9,266,9,
1026736130362241014,＊西門町商圈71／景觀2－4人房／西門捷運步行2分鐘／近紅樓,510241790,Yihan,,萬華區,25.040765074388688,121.50677170604467,Entire home/apt,3069,3,6,2024-03-11,0.45,16,58,2,
1026917892510064298,西門商圈807/捷運西門站步行3分鐘/3～6人房/有陽台/附洗衣機,508233574,詩純,,萬華區,25.0433054,121.5059364,Entire home/apt,4090,2,6,2024-11-21,0.49,26,47,5,
1027157413560454569,Studio apartment in Songshan,17002269,Cheng,,松山區,25.04884374757831,121.56682097502701,Entire home/apt,1564,30,0,,,4,269,0,
1027433751578189271,B-C2《月租》《可短租》近民權西路站、中山國小捷運站/晴光市場/雙人套房,906344,Lily,,中山區,25.06082,121.52582,Entire home/apt,1329,3,1,2024-05-06,0.13,23,176,1,
1027754317048085052,【Hot】44中山國小站／近捷運／晴光夜市／中山商圈／超市藥局／林森商圈／友善Foreigner,519336015,Len,,中山區,25.06544046082795,121.52690717433677,Entire home/apt,13872,7,0,,,24,91,0,
1027801843425128134,101信義商圈附近有電梯/餐廳/廚房/洗衣機/乾濕分離/垃圾代收的兩房電梯公寓,19216347,心誠,,信義區,25.046025455196727,121.57159475670376,Entire home/apt,1800,30,0,,,35,205,0,
1027868884548694731,Sünbeäm Greeň 碧綠｜西門町商圈 \ 西門捷運 \雙 人床 \ 電梯大樓 \ 夜市,651807716,Ina,,萬華區,25.046596372042423,121.50758871402202,Entire home/apt,1267,3,19,2024-12-10,1.60,16,222,19,
1027868891200270700,Z綠映 / 西門町商圈/電梯大樓/獨立陽台/洗衣機/超大空間/1房1衛浴/4人,386305362,Bb,,萬華區,25.04239,121.50702,Entire home/apt,2145,2,38,2024-12-16,3.34,1,147,38,
1027886105759948216,TPEHS K402/兩間房空間/夜市/台北車站/西門町/捷運西門站走路8分鐘/電梯/住1-4人,539813308,Home,,萬華區,25.04446,121.50181,Entire home/apt,2086,2,23,2024-12-23,1.75,42,178,21,
1027916552543115736,Cozy 4-Person Retreat in the Heart of Ximending,69525672,Issabell,,中正區,25.047312956412956,121.51093020522454,Entire home/apt,1318,2,26,2024-10-28,1.93,22,92,22,
1028198863415615228,7min to TaiNEX/5min to MRT/Families welcome,499807689,Rosa,,南港區,25.05567745846153,121.60435429292554,Entire home/apt,4353,2,16,2024-12-06,1.29,5,324,14,
1028223747593974449,交通便利近捷運站，近台北101，信義商圈的便捷小屋,191978550,Ej,,大安區,25.02573,121.55142,Private room,,1,2,2024-12-15,0.16,1,179,2,
1028508419522998768,D04 台北車站5分鐘/獨立衛浴/無窗戶/一大床 (Queen Size),515134403,Ncbb,,中正區,25.044619709124486,121.51289826825503,Private room,2143,1,71,2024-12-27,5.31,18,48,66,
1028652533047767459,nangang whole apartment,1474323,Ken,,南港區,25.055222447018274,121.60602887395494,Entire home/apt,2589,1,40,2024-12-24,3.15,15,317,38,
1028699118337531717,MRT Guting Station | 5 Mins to NTNU | Share House,522531459,Taipei,,大安區,25.0289,121.52695,Private room,1191,3,2,2024-09-21,0.15,30,255,1,
1028710218489433915,MRT Guting Station | 5 Mins to NTNU | Share House,522531459,Taipei,,大安區,25.02672,121.52594,Private room,1183,3,1,2024-01-02,0.08,30,266,1,
1028719070335630064,MRT Guting Station | 5 Mins to NTNU | Share House,522531459,Taipei,,大安區,25.02732,121.52533,Private room,1317,3,12,2024-12-02,1.00,30,205,12,
1028729020014107246,MRT Guting Station | 5 Mins to NTNU | Share House,522531459,Taipei,,大安區,25.026720934144027,121.52723090904277,Private room,,3,3,2024-03-28,0.25,30,259,3,
1028849355551030661,Taipai CBD Studio Apartment C_near TICC,488416020,OurPlace,,大安區,25.03401346702235,121.55416058575693,Entire home/apt,2329,6,9,2024-12-09,0.67,10,89,5,
1028908514936419997,超讚房東900好評／開幕特價／CKS Metro 5 min/整層專屬無共用／中正紀念堂／親子友善,57593093,Angel,,中正區,25.03005,121.51962,Entire home/apt,3766,1,22,2024-12-07,1.70,7,77,17,
1028969886712528678,5A/捷運站西門站走路六分鐘／有電梯／wifi／西門町／獨立衛浴,14567958,Jon,,萬華區,25.04439827015707,121.50301301650443,Entire home/apt,2394,2,45,2024-12-15,3.36,18,120,41,
1029281975887135493,台北聖誕 跨年首選 電梯大樓  4人房 可加床（夜市/台北101/商圈/捷運站）,540100951,James,,信義區,25.02411,121.55406,Private room,4943,3,0,,,14,6,0,
1029293405994051060,MRT Guting Station | 5-bedroom Apartment,522531459,Taipei,,大安區,25.028556760046268,121.52546120154109,Entire home/apt,7709,1,0,,,30,209,0,
1029338649524024248,『Villa Like』-電梯公寓/捷運5分鐘/浴缸/士林夜市/露台/101/西門町/寧夏夜市/月租,29506598,Jane,,士林區,25.09516,121.526,Entire home/apt,2095,2,42,2024-12-10,3.19,3,54,39,
1029399936145868763,Daan Forest Park｜2-Bedroom Deluxe Apartment,522531459,Taipei,,大安區,25.02892,121.53881,Entire home/apt,3620,7,2,2024-08-09,0.34,30,203,2,
1029489418418496597,Rare duplex | Heart of Taipei | Bright and Sunny,7970386,Fun Taiwan Home,,大安區,25.03163369866072,121.54924561205517,Entire home/apt,6069,5,8,2024-12-05,0.85,7,252,8,
1029534344900098508,精華！近萬華火車站、龍山寺捷運站。 airport pick-up 。1floor,487418501,淨傑,,萬華區,25.0343042,121.5030862,Entire home/apt,1600,2,19,2024-11-24,1.42,6,148,17,
1029545680808325711,精華！近萬華火車站、龍山寺捷運站。 airport pick-up 。1floor,487418501,淨傑,,萬華區,25.03454,121.50193,Entire home/apt,2024,2,13,2024-12-28,1.00,6,160,10,
1029659950508046718,JC Studio/寧夏夜市/雙層獨棟6人家庭房/民權西路站650m/客廳廚房雙臥室/隨身WIFI,544291992,Champion,,大同區,25.05938,121.51644,Entire home/apt,2314,20,39,2024-12-27,2.97,6,207,32,
1029756035524073790,西門町馨享四人房 Ximending Quad Room,122764186,Kyo,,萬華區,25.043976,121.50839,Entire home/apt,1301,2,45,2024-12-29,3.67,86,6,44,
1029862008174924405,西門町馨晴四人房 Ximending Quad Room,122764186,Kyo,,萬華區,25.043976,121.50839,Entire home/apt,1516,2,40,2024-12-10,3.35,86,15,40,
1029969643717182655,Remodeled Luxury Taipei Main Station Unit,542581964,Calvin,,大同區,25.048980096306543,121.51737640317994,Entire home/apt,3900,2,40,2024-12-03,3.05,7,212,35,
1030039175587602277,新開幕大特惠/母嬰親子友善/獨棟獨户／中正紀念堂/整層專屬無共用/吃玩買逛,57593093,Angel,,中正區,25.031125228974908,121.51907279139097,Entire home/apt,4233,1,26,2024-12-23,1.97,7,173,22,
1030113879358826504,【侘寓】3D雅房｜小巨蛋NTUT華山台北車站遼寧夜市東區｜近忠孝復興站安東街1號出口3分鐘｜無電梯,7649671,Zoe,,大安區,25.04232627984816,121.54189292445317,Private room,1529,2,30,2024-12-25,2.28,6,336,26,
1030137931339018933,【侘寓】3C雅房｜小巨蛋NTUT華山台北車站遼寧夜市東區｜近忠孝復興站安東街1號出口3分鐘｜無電梯,7649671,Zoe,,大安區,25.04229219614346,121.54187151960447,Private room,2043,2,29,2024-12-20,2.20,6,300,25,
1030142292519751315,Daan Park elevator 3room / Near NTNU / City center,277278670,Garden,,大安區,25.026531495903896,121.53344309528711,Entire home/apt,6643,5,14,2024-12-16,1.09,14,226,12,
1030152034405903179,大安森林公園小家庭首選，拎包輕鬆入住！,72805766,Hui Chih,,大安區,25.035079682951302,121.53537966349477,Entire home/apt,3286,5,1,2023-12-15,0.08,9,343,0,
1030165009776184983,5 mins to MRT | 1 Bedroom with private bathroom,522531459,Taipei,,信義區,25.04206918985518,121.56741970735797,Private room,1286,7,9,2024-12-22,0.69,30,258,7,
1030193589336798529,[Aurora2]設計美居2-4人+洗衣機+台北車站&捷運MRT,137043804,玉婷,,中正區,25.045825954358353,121.5176080086854,Private room,2600,2,19,2024-12-02,1.42,2,331,17,
1030211844599582299,M House 奶茶風小屋 台北車站101景 4-6人,24923943,Mike,,中正區,25.046816404628085,121.51517106898602,Entire home/apt,3286,2,51,2024-12-23,4.04,2,116,48,
1030259429863551098,@Taipei 101&捷運象山站&全新裝潢風格設計&採光大面窗A房間&月租,107651931,曉珊,,信義區,25.023779,121.571452,Private room,630,28,0,,,25,363,0,
1030262716069332692,Christmas*南京三民 1min#佳德鳳梨酥#排隊伴手禮3,538173077,Candice,,松山區,25.05263,121.56199,Entire home/apt,3366,2,18,2024-10-28,1.33,6,168,12,
1030268170606727352,Charming Apt  30secsTo Ximen MRT 西門町時尚房 Dryer,28103867,Henry,,萬華區,25.041863158124187,121.50754187582284,Entire home/apt,3731,4,25,2024-12-17,1.97,38,0,23,
1030322005712255701,精華！近萬華火車站、龍山寺捷運站。 airport pick-up 。1floor,487418501,淨傑,,萬華區,25.0334425265102,121.50404805930464,Entire home/apt,1736,2,14,2024-12-26,1.05,6,169,11,
1030329344215015926,精華！近萬華火車站、龍山寺捷運站。 airport pick-up 。1floor,487418501,淨傑,,萬華區,25.033501718878522,121.50407986455218,Entire home/apt,2253,2,27,2024-12-23,2.08,6,150,24,
1030338103974032531,精華！近萬華火車站、龍山寺捷運站。 airport pick-up 。1floor,487418501,淨傑,,萬華區,25.03315,121.50204,Entire home/apt,2141,2,13,2024-12-23,1.03,6,128,12,
1030341499086695061,@Taipei 101&捷運象山站&全新裝潢風格設計&採光佳網美B房&月租,107651931,曉珊,,信義區,25.024342907648887,121.57220678142275,Private room,700,30,0,,,25,166,0,
1030685967688119429,@Taipei 101&捷運象山站&全新裝潢網美風格設計C房&月租,107651931,曉珊,,信義區,25.023779,121.571452,Private room,680,28,0,,,25,344,0,
1030724954910495942,@Taipei 101&捷運象山站&全新裝潢網美風格設計D房&月租,107651931,曉珊,,信義區,25.023779,121.571452,Private room,680,28,0,,,25,363,0,
1030732128963083736,大安區六張犁站&溫馨E雅房採光佳&電梯大樓&月租@Ntu&Ntust &Ntnu&Nccu,107651931,曉珊,,大安區,25.0213366,121.5551286,Private room,750,28,0,,,25,214,0,
1030945918461796529,MRT Songjiang Nanjing | Modern Style | 3 Bedrooms,522531459,Taipei,,中山區,25.046319299454378,121.53197306273354,Entire home/apt,3620,7,9,2024-12-18,0.93,30,190,9,
1030982187278825708,精華！近萬華火車站、龍山寺捷運站。 airport pick-up 。1floor,487418501,淨傑,,萬華區,25.033926955701293,121.50427284123425,Entire home/apt,,2,38,2024-12-28,2.83,6,153,36,
1031059021248628518,MRT西門站/雙人獨立套房/萬華火車站/西門町商圈,441888372,TzuHan,,萬華區,25.02128817574687,121.49969256172453,Entire home/apt,1010,5,1,2024-02-08,0.09,30,266,1,
1031064123715695270,MRT西門站/雙人獨立套房/萬華火車站/西門町商圈,441888372,TzuHan,,萬華區,25.02158,121.50057,Entire home/apt,,7,1,2024-04-10,0.11,30,269,1,
1031085564073312222,超讚房東900則好評／開幕特價／豪華套房／CKS Metro／獨棟／親子友善渡假空間,57593093,Angel,,中正區,25.031058765897438,121.520769405591,Entire home/apt,2666,1,24,2024-12-03,1.86,7,258,20,
1031117896016816173,台北車站6-8人家庭房(breeze)/大樓電梯B1連結捷運/私人浴室/ktv免費,24501553,Joe,,中正區,25.046513817679443,121.51524075229011,Entire home/apt,2595,1,3,2024-12-16,0.78,8,261,3,
1031171130469318152,【侘寓】3B雅房｜小巨蛋NTUT華山台北車站遼寧夜市東區｜近忠孝復興站安東街1號出口3分鐘｜無電梯,7649671,Zoe,,大安區,25.042292079587806,121.54191417765021,Private room,1314,2,17,2024-12-27,1.92,6,337,17,
1031252524271879434,8MinstoXimenMRT/Near Carrefour/ store luggage/1~4P,518235935,Coho,,萬華區,25.037776311070814,121.50237742376568,Entire home/apt,1572,1,31,2024-12-28,2.36,6,292,25,
1031487234687241190,Da’an Forest Park Getaway 3mins to MRT,547908221,芷茜,,大安區,25.032612790845832,121.53788740877538,Entire home/apt,4156,4,13,2024-11-04,1.04,2,251,11,
1031519797845887381,【Hot】10三分鐘／全新裝修／獨立陽台套房／電梯／通風採光／中山國小／中山／友善Foreigner,519336015,Len,,中山區,25.06082,121.52479,Entire home/apt,14456,7,0,,,24,180,0,
1031620278084640278,MRT Taipei 101 Station | 3-Bedroom Apartment,522531459,Taipei,,信義區,25.03283,121.56204,Entire home/apt,3910,7,9,2024-11-16,0.74,30,229,9,
1031775889614993351,歡迎月租journey comfy 捷運南京復興站exit6,28402175,Somer,,松山區,25.048624970019077,121.54427032917738,Entire home/apt,1797,3,30,2024-12-03,2.25,11,159,26,
1032260917746767842,TPEHS C406/綠色香檳/夜市/台北車站/西門捷運西門站走路5分鐘/洗脫烘衣機電梯/住1-4人,539813308,Home,,萬華區,25.04159,121.50632,Entire home/apt,,2,29,2024-12-25,2.24,42,169,27,
1032281220481177573,Christmas*Elegant style南京三民 MRT 1min#佳德鳳梨酥#排隊伴手禮15,538173077,Candice,,松山區,25.05017,121.56602,Entire home/apt,3823,2,10,2024-04-10,0.77,6,174,6,
1032318407602918492,nangang master,1474323,Ken,,南港區,25.055526884663664,121.60501653567248,Private room,1328,1,34,2024-12-17,2.64,15,56,32,
1032391463953859890,【松山四房】電梯4房2衛/11人房/ MRT南京三民/佳德鳳梨酥. 小紅莓石頭火鍋,330579461,Toto,,松山區,25.050086456515352,121.56452871694066,Entire home/apt,3823,2,19,2024-12-27,1.52,30,174,18,
1032504081733276323,"5 mins to MRTLiuzhangli Xinyi Anhe, studio for two",21506709,Maggie,,大安區,25.02422307133003,121.54952131295981,Entire home/apt,,28,11,2024-12-03,0.85,27,0,10,
1032598820725400329,B-A3《月租》《可短租》近民權西路站、中山國小捷運站/雙人套房/晴光市場/美術館,906344,Lily,,中山區,25.06213,121.5263,Entire home/apt,1768,3,1,2024-11-15,0.64,23,179,1,
1033072507144868006,【松山三房】電梯3房2衛/ 8~10人房/ MRT南京三民/佳德鳳梨酥. 小紅莓石頭火鍋,330579461,Toto,,松山區,25.05154,121.56174,Entire home/apt,3366,2,1,2024-12-18,1,30,168,1,
1033622014339287431,D05 台北車站5分鐘/獨立衛浴/無窗戶/一大床 (Queen Size),515134403,Ncbb,,中正區,25.04641,121.51237,Private room,2009,1,32,2024-12-22,2.41,18,53,30,
1033756956036136217,【樂居經典雙人房】Funstayinn西門捷運步行5分鐘-24H櫃台免費寄存行李-獨立衛浴,526853887,泱辰,,萬華區,25.04351,121.50598,Private room,2983,1,5,2024-05-17,0.39,9,179,3,
1033760602885012863,【樂居高級雙人房】Funstayinn西門捷運步行5分鐘-24H櫃台免費寄存行李-獨立衛浴,526853887,泱辰,,萬華區,25.04234875781721,121.50520661373496,Private room,3206,1,3,2024-01-20,0.23,9,181,1,
1033763891740841357,【樂居豪華雙人房】Funstayinn西門捷運步行5分鐘-24H櫃台免費寄存行李-獨立衛浴,526853887,泱辰,,萬華區,25.042317893858783,121.50536379078842,Private room,3317,1,1,2023-12-23,0.08,9,179,0,
1033959689886564176,H.C一棲月一Taipe/西門/Ximen/시먼/龙山寺Longshan,242710118,Hung,,萬華區,25.04094,121.50127,Entire home/apt,3571,2,42,2024-12-16,3.21,5,74,36,
1034324587126291219,D06 台北車站5分鐘/獨立衛浴/無窗戶/一大床 (Queen Size),515134403,Ncbb,,中正區,25.046673939852603,121.51233302977849,Private room,2160,1,47,2024-12-29,3.60,18,48,45,
1034332869505020485,D07 台北車站5分鐘/獨立衛浴/無窗戶/一大床 (Queen Size),515134403,Ncbb,,中正區,25.04671,121.51393,Private room,2312,1,62,2024-12-27,4.70,18,66,56,
1034548768673207678,MRT Chiang Kai-shek Memorial Hall｜3B Apartment,522531459,Taipei,,中正區,25.031630983912258,121.5206175449584,Entire home/apt,3620,7,3,2024-12-27,0.48,30,222,3,
1034607254171015096,A-B8《月租》《可短租》中山捷運站-雙人套房(含獨立衛浴),906344,Lily,,中山區,25.053544374603973,121.52076379180356,Entire home/apt,1473,3,3,2024-10-27,0.28,23,179,3,
1034715646474671015,北門站舒眠雙人房 North Gate Double Room,122764186,Kyo,,大同區,25.0509237,121.5121264,Entire home/apt,1990,2,38,2024-12-08,2.95,86,77,33,
1034779622613502674,B-C3《月租》《可短租》近民權西路站、中山國小捷運站/晴光市場,906344,Lily,,中山區,25.06284,121.5263,Entire home/apt,1329,3,10,2024-12-13,0.81,23,169,9,
1035035276492263871,Da'an MRT * 3Bdr Apt * Best spot for work & study,172285374,David,,大安區,25.03167194965358,121.54528549133472,Entire home/apt,7542,21,7,2024-12-14,0.57,9,269,6,
1035775737235243284,Beitou Executive Sutie in Taipei next to MRT for 5,10643639,ChiaSen,,北投區,25.1305339,121.498764,Entire home/apt,5186,1,8,2024-10-11,0.75,1,334,8,
1035891139886882906,你要賠我 9000 元我才要回來工作，你自己想一想！你FIRE 我， 我也不在乎,40240260,Ian,,萬華區,25.04243,121.50374,Private room,571,2,0,,,5,270,0,
1035900573552167946,Comfy & Central 2B1b 5 People 3-min to Daan MRT,268135087,Richard,,大安區,25.032930805502737,121.54685854998002,Entire home/apt,9843,365,12,2024-11-04,0.99,14,109,12,
1035918077619506340,爸媽，Fire 掉就好了! 兄弟姊妹，Fire 掉就好了! 鄰居大家都不理 公司?Fire 掉就好了,40240260,Ian,,萬華區,25.04259,121.50384,Private room,571,5,0,,,5,270,0,
1036148087679093039,【Vigor】@Ximen/loft/西門町/1-4p/freeWiFi,230455578,Amanda,,萬華區,25.04398566549807,121.50573870965961,Entire home/apt,2746,3,34,2024-12-14,2.66,6,152,31,
1036682584585807398,-55愉快環境。大巨蛋，捷運走路三分鐘Perfect Loft,474252377,Ming Chun,,大安區,25.03995,121.55474,Entire home/apt,6618,3,1,2024-12-29,1,9,85,1,
1036808450747332298,H21/1-4PP/2F/500mtoXimenMRT/WiFi/Heater/Netflix,136010110,Rex,,萬華區,25.042880532684347,121.50447003324415,Entire home/apt,3101,3,67,2024-12-27,5.18,36,304,62,
1036937783388368804,4ppl/Ximending Super location,441408173,Rosalia,,萬華區,25.042475390740993,121.50566569271761,Entire home/apt,2979,1,40,2024-12-08,3.08,14,270,36,
1036953570800866913,Ximending𓇬K6絹𓇬Taipei 101𓇬3房住2-6人MRT 西門站𓇬五星飯店床墊,115798819,Airbnb,,萬華區,25.0451,121.50311,Entire home/apt,1762,3,12,2024-11-24,1.01,68,85,12,
1037043644643953095,西門/Ximen MRT(3mins)/全新裝修3-6P,250237099,Sally,,萬華區,25.04497,121.50868,Entire home/apt,2686,2,32,2024-12-09,2.57,13,284,30,
1037173555021291213,　老宅,56892063,Isa,,大安區,25.04407353003168,121.54913617755726,Entire home/apt,5123,2,1,2024-02-05,0.09,2,163,1,
1037648424556356515,TPEHS D601/白雲朵朵/夜市/台北車站/西門町/捷運西門站走路6分鐘/電梯/住1-6人,539813308,Home,,萬華區,25.04366110476982,121.50236580008834,Entire home/apt,1870,2,32,2024-12-25,2.51,42,170,31,
1037656349362380496,【Hot】51 中山站／全新裝修／五星飯店／簡約靜謐／美食咖啡／Foreigner-friendly,519336015,Len,,中山區,25.056145117173603,121.52385426113503,Entire home/apt,14475,3,0,,,24,180,0,
1037659446498343785,TPEHS HK1103/兩人時光/洗脫烘衣機/台北車站/捷運西門町站走路3分鐘/電梯/住1-2人,539813308,Home,,萬華區,25.039899406681744,121.50624630345692,Entire home/apt,2134,2,23,2024-12-22,1.79,42,163,22,
1038284635971264000,台北101捷運站走路3分鐘 /電梯/世貿中心/臨江夜市/國父紀念館/大巨蛋/適合2~5人,24466415,Hung Chin,,信義區,25.03287418640789,121.55981926681059,Entire home/apt,4457,2,24,2024-12-28,1.86,3,154,21,
1038732105475528733,行天宮共生宅,260073320,政賢,,中山區,25.062991750968266,121.53594076848715,Private room,960,5,0,,,2,263,0,
1038757136450972545,德式設計傳統老宅/私有前後院/整棟住宅/經典德國建築師設計/南京三民捷運站/獨立浴缸,528379976,Eda,,松山區,25.053256433794477,121.56695645198232,Entire home/apt,4600,2,35,2024-12-30,2.97,15,307,35,
1039017887863135175,"Freebird Apt VI- 1分鐘到西門捷運站,",8937651,Chiying,,萬華區,25.044534269653546,121.5084937621828,Entire home/apt,3217,3,9,2024-12-11,1.13,17,54,9,
1039651183453950187,4人房｜台北小巨蛋的家｜中島廚房餐桌｜小巨蛋捷運站步行3分鐘,31338261,Vanessa,,松山區,25.049185137184136,121.55110547603577,Entire home/apt,4213,5,6,2024-09-24,0.56,3,33,6,
1039748051741612224,西門町精華雙人房 Ximending Double room,122764186,Kyo,,萬華區,25.0447933,121.5061696,Entire home/apt,2028,2,43,2024-12-15,3.50,86,77,42,
1040137842090240648,D08 台北車站5分鐘/獨立衛浴/無窗戶/一大床 (Queen Size),515134403,Ncbb,,中正區,25.04668960514675,121.51259668994736,Private room,2244,1,15,2024-12-30,1.16,18,55,11,
1040339067709709433,頂*級豪宅 /中山捷運站2分鐘/5房3衛/中島開放式廚房/13人/商業拍攝,513913354,Archer,,大同區,25.055997212675717,121.51797307056137,Entire home/apt,,2,26,2024-12-17,2.65,2,157,26,
1040560420042082748,《西門町電梯2間房12~13人房》距離MRT西門站走路2分鐘、西門夜市,115100354,Anna,,萬華區,25.04344,121.5079851,Entire home/apt,,4,0,,,11,123,0,
1040834223147028818,T02 台北車站5分鐘/獨立衛浴/無窗戶/兩小床 (Twin Bed),515134403,Ncbb,,中正區,25.04691,121.51438,Private room,,1,4,2024-11-10,0.39,18,0,4,
1040937041985538041,New 2B1B apartment in Xinyi,17002269,Cheng,,信義區,25.043871264522675,121.5678262797375,Entire home/apt,2746,28,1,2024-03-20,0.10,4,204,1,
1041232487629103501,輕奢原木風 Cozy style for 7ppl #近遼寧夜市 捷運2分鐘,92890581,Amelia,,中山區,25.05234,121.54154,Entire home/apt,3226,2,26,2024-12-23,2.02,9,168,24,
1041249311451412825,Chen先生的家-單人房 (Mr Chen’s warm house- single room),528016748,宗泰,,大安區,25.02488874009971,121.5320893190513,Private room,1300,4,24,2024-12-24,1.86,2,211,20,
1041624571041917580,東門靜巷溫馨雅房Donmen room,52226032,Kaoru,,中正區,25.037005,121.5306905,Private room,1066,1,5,2024-07-25,0.39,2,2,4,
1041675522590314537,秘密私宅-獨棟/Villa/景觀天窗/中山商圈/寧夏夜市/4房4衛/16人,445307436,承芊,,大同區,25.054409313686545,121.5136658355595,Entire home/apt,14297,2,15,2024-11-19,1.96,28,186,15,
1041675768259435493,*Room A．詼 | 2床1衛｜落地窗陽台｜電梯大樓｜中山捷運站｜中山商圈 | 1-4P,546896578,Noel,,中山區,25.04993956876506,121.52475188310004,Private room,2459,2,28,2024-12-14,2.46,15,224,28,
1041707281957920101,松山車站旁 近饒河夜市雙捷運交通便利 附近有運動中心與公園,544853586,Anni,,南港區,25.04853,121.58232,Entire home/apt,,30,0,,,1,0,0,
1041760514130925527,走路到市政府捷運站3分鐘，溫馨舒適三房電梯公寓MRT BL-18,158945627,Ivory,,信義區,25.04329,121.56611,Entire home/apt,5842,7,15,2024-12-16,1.25,15,238,15,
1041777795379966755,秘密私宅-水色/Villa/中山商圈/寧夏夜市/2房2衛/1F,445307436,承芊,,大同區,25.052172655543647,121.51329967244943,Entire home/apt,4555,3,17,2024-12-01,2.16,28,202,17,
1041804335192716770,H79/500mtoXimenMRT/Balcony/Heater/WiFi/Elevator,136010110,Rex,,萬華區,25.044449483895047,121.50291115831189,Entire home/apt,3991,3,61,2024-12-29,4.77,36,331,58,
1041930172008549643,A-B9《月租》《可短租》中山捷運站-雙人套房(含獨立衛浴),906344,Lily,,中山區,25.051698176457442,121.52081116795989,Entire home/apt,1445,3,3,2024-12-07,0.25,23,179,3,
1042453116496667526,"只接受30歲以下的中國人, 香港人, 日本人, 菲律賓人,馬來西亞人,泰國人. 拒絕台灣人&其他民族",40240260,Ian,,萬華區,25.044188907802152,121.50508025433281,Private room,571,2,0,,,5,270,0,
1042454546665645256,2016 年我家洗手台你也沒賠，6000 元台幣，我覺得你應該要陪我9000 元台幣，你說有賠償的,40240260,Ian,,萬華區,25.0425,121.50578,Private room,571,2,2,2024-01-15,0.17,5,270,2,
1042659072327822615,捷運麟光站走路三分鐘，全新裝潢小套房6F無電梯，頂樓戶外大空間，鄰近富陽森林公園，僅供月租,32023461,Lucas,,大安區,25.0168957,121.5588912,Entire home/apt,1057,3,8,2024-08-27,0.65,1,270,7,
1043003104189361453,忠孝敦化捷運5分鐘I -提供長期月優惠,68002236,Kelvin,,大安區,25.04332,121.55432,Entire home/apt,1607,1,63,2024-12-28,4.99,9,317,59,
1043020888078140923,Ximending𓇬V17椿𓇬Taipei 101𓇬2房住2-6人MRT 西門站𓇬五星飯店床墊,115798819,Airbnb,,萬華區,25.04679,121.50655,Entire home/apt,2226,3,16,2024-12-16,1.27,68,81,15,
1043175362778607872,nangang guest,1474323,Ken,,南港區,25.05591,121.60625,Private room,1328,1,33,2024-12-08,2.57,15,56,32,
1043213853648935774,大安森林附近的房間-Cosy Apartment near Da-an Park,524202277,倢宇,,大安區,25.0295,121.54077,Private room,1280,3,0,,,1,86,0,
1043337797875275587,信義 apt at taipei 101 for 7min,75318549,Charly,,信義區,25.037670851883384,121.56092899517496,Entire home/apt,2400,2,30,2024-12-22,2.37,9,84,28,
1043686817139503465,Room near Taipei101 tonghua st.,543710269,Bella,,大安區,25.03021,121.55363,Private room,1800,1,0,,,2,269,0,
1044014466908226277,Taipei  西門町 捷運1分鐘/樓下西門町夜市/百貨商圈/PUB/獨立洗衣機/禁菸3F-1,540100951,James,,萬華區,25.0430556,121.5068303,Entire home/apt,2143,3,26,2024-10-28,2.09,14,3,24,
1044078673588353316,（季租）捷運五分鐘101捷運超值乾淨獨立房間/分享客廳、浴室,401253145,彥怡,,信義區,25.02669,121.56397,Private room,1024,1,2,2024-12-10,1.36,13,364,2,
1044098309097164130,「月月租」閃亮樸實獨立房間分享浴室客廳舊公寓/捷運五分鐘/夜市,401253145,彥怡,,信義區,25.026287710393735,121.56606221682422,Private room,675,1,7,2024-12-15,0.57,13,269,6,
1044135151890445658,4-6 person 101Ximen Central Convenience Suite,69525672,Issabell,,大安區,25.043392508712557,121.55156208205224,Entire home/apt,1511,2,22,2024-12-01,1.76,22,80,21,
1044540514793418685,4ppl/12mins to 101/spacious/luxury community,376335831,麗梅,,文山區,24.9928149,121.5686883,Entire home/apt,6240,2,0,,,2,265,0,
1044560707858479939,512 stylish room central Taipei 2mins to MRT,315964087,Lynn,,中山區,25.05125677122266,121.5325154457448,Private room,1680,1,8,2024-12-15,0.68,10,266,8,
1044564379535615503,西門私寓-極。台北車站雙層電梯公寓，大型投影，吧台聚會(17人),251087010,Chloe,,中正區,25.045629132552694,121.51145491119713,Entire home/apt,14323,2,9,2024-12-10,1.02,6,134,9,
1044573470617117132,Central Taipei 101 View Studio,289267182,Eric,,信義區,25.0293,121.55862,Entire home/apt,3286,30,8,2024-10-16,0.73,2,269,8,
1044577331359218994,福懋雅房(3399)適合學生月租，交通無敵方便，生活機能超強，清潔需額外加收清潔,489403010,宥瑩,,中正區,25.02927,121.51948,Private room,450,30,1,2024-11-02,0.50,15,257,1,
1045014768525517889,北歐4-5人房 CozyApt  30secs XimenMrt 西門町 Dryer,28103867,Henry,,萬華區,25.04352,121.50844,Entire home/apt,4517,4,2,2024-01-13,0.17,38,81,2,
1045429381419823169,6人房6ppl New open <Comfortable home>,441408173,Rosalia,,萬華區,25.041727425835163,121.50383252633178,Entire home/apt,,1,18,2024-11-10,1.59,14,266,18,
1045475019126559671,當代美學設計 Contemporary style for 8ppl #近饒河夜市,92890581,Amelia,,南港區,25.05119,121.58032,Entire home/apt,3569,2,40,2024-12-29,3.13,9,159,38,
1045937690980058253,SOGO#Zhongxiaofuxing MRT 3 min#Tapei 101#2-12pax,515756856,Ann,,大安區,25.04133,121.54206,Entire home/apt,7429,2,36,2024-12-21,2.88,7,91,33,
1046090676588533273,Hömeÿ Wařm 秋韻 | 西門町商圈 \西門捷運 \電梯大樓\雙人床\專屬衛浴\洗衣機,651807716,Ina,,萬華區,25.045,121.50844,Entire home/apt,1202,3,21,2024-12-12,1.86,16,222,21,
1046133188157621604,「季租」星光跨年101/捷運走路五分鐘/獨立房間、分享衛浴、分享客廳,401253145,彥怡,,信義區,25.028651956712427,121.5653440628644,Private room,2971,1,2,2024-12-08,0.16,13,271,1,
1046152362495162734,優美四人房,13733207,恭豪,,萬華區,25.044859,121.5077068,Entire home/apt,,1,0,,,8,0,0,
1046156197041625053,*New 嵐敘謐居/小巨蛋 MRT/東區商圈/遼寧夜市 / 微風百貨 /2房2衛 /7-8人,470085516,Yang,,松山區,25.05105291469375,121.55841990611499,Entire home/apt,5031,3,34,2024-12-13,3.12,8,230,34,
1046156638610608421,CozyApt  10secs XimenMrt 西門町時尚房,28103867,Henry,,萬華區,25.042908964151778,121.50678524710584,Entire home/apt,7060,4,6,2024-10-29,0.49,38,72,5,
1046258500653925623,225B 位於2樓的獨立房源 整層使用 巷內非常安靜 走路到饒河夜市 松山車站 永春市場,15588671,York,,信義區,25.045252792708478,121.57917946241997,Entire home/apt,2180,3,6,2024-03-18,0.49,5,244,6,
1046662697222400355,1B1B apartment in Xinyi,17002269,Cheng,,信義區,25.04424,121.56961,Entire home/apt,,28,3,2024-10-31,0.30,4,246,3,
1046766763244605022,Convenient spacious apartment in Taipei!,269513673,Diego,,中正區,25.022814436512025,121.52512338012458,Entire home/apt,3726,6,0,,,1,57,0,
1046767316219764965,師大~溫馨採光網美風格設計C房&月租@NTNU/NTU/Ntust,107651931,曉珊,,大安區,25.024787437555855,121.53219162598728,Private room,730,28,1,2024-08-21,0.23,25,193,1,
1046785272633036244,*Room B · 叶 | 2床1衛｜落地窗陽台｜電梯大樓｜中山捷運站｜中山商圈｜1-3P,546896578,Noel,,中山區,25.05198,121.52397,Private room,2014,2,29,2024-12-01,2.54,15,204,29,
1046785821170126981,西門町 Ximending MRT 3mins~獨立空間電梯房2-5人~裝潢新~月租~現代1,504539628,Jack,,萬華區,25.04385336861788,121.5052124142119,Entire home/apt,2657,2,43,2024-12-31,3.44,2,0,40,
1046871414355726401,*Room C · 檒 | 2床1衛｜電梯大樓｜中山捷運站｜中山商圈｜1-4P,546896578,Noel,,中山區,25.05221,121.52419,Private room,2084,2,12,2024-12-13,1.33,15,263,12,
1047532627208704603,Taipei cozy house,18971876,Mini,,萬華區,25.0456054,121.5087509,Entire home/apt,1640,2,53,2024-12-25,4.23,1,191,52,
1047838851352945752,Ximending𓇬D8荀𓇬Taipei 101𓇬住2-6人MRT 西門站,115798819,Airbnb,,萬華區,25.0420998813461,121.5066599894557,Entire home/apt,1532,3,19,2024-12-07,1.52,68,85,18,
1048049370767929782,Rare Oasis in Taipei City 城市綠洲,21901009,Emma,,中正區,25.032789973071466,121.50869826356106,Entire home/apt,6422,1,0,,,1,268,0,
1048212584716168257,N3城市森林-內湖捷運站走路6分鐘,524596170,Xinyi,,內湖區,25.08186,121.59143,Private room,1557,5,1,2024-04-20,0.12,14,271,1,
1048508424758462163,Simple Life,19843186,萊,,萬華區,25.04675,121.5048,Entire home/apt,2729,3,21,2024-12-29,1.75,13,151,21,
1048829107746902951,西門町XiMenDing舒適大套房CozyLargestSuite捷運站600米600MtoMRT,167319157,Ian,,萬華區,25.04407,121.50182,Entire home/apt,2786,2,34,2024-12-12,2.74,6,346,32,
1048856690318966248,台北市信義區住宿｜1房1廳1書房｜兩面採光落地窗｜鄰近捷運象山站3分鐘｜信義商圈步行5分鐘,526286517,Jason,,信義區,25.03373,121.5735772,Entire home/apt,3897,4,5,2024-06-16,0.40,2,153,4,
1048905705073342176,XN輕奢宅 西門Ximen MRT(未開放國內預訂)1~6人房,551330325,Alex,,萬華區,25.044258924557838,121.50702603109832,Entire home/apt,2223,2,39,2024-11-28,3.15,1,8,37,
1048988579842549178,松山 apt at Zhongxiao Fuxing 7min to MRT,75318549,Charly,,松山區,25.045538077575138,121.54524643004912,Entire home/apt,3600,2,44,2024-12-21,3.59,9,146,43,
1048994655076258414,StylishShanghai/TP101/NightMarket/RiverView,428361363,Lin,,松山區,25.05038,121.57868,Private room,1151,4,8,2024-08-20,0.77,7,72,8,
1049017179331833531,An1台北之心-忠孝復興MRT走路5分鐘電梯大樓 可住3-7人(有浴缸),231537618,Ting Ting,,中山區,25.04477708957458,121.54121415888955,Entire home/apt,4071,20,6,2024-11-19,0.58,10,162,6,
1049053718439414271,A newly renovated apartment！,551483865,Wan Chun,,文山區,25.00136,121.54984,Private room,1114,3,1,2024-01-02,0.08,3,238,1,
1049496711325433150,2-3p/Ximen MRT 3min/2 Lift/WiFi,19175829,Isaac,,萬華區,25.041853873267478,121.50651158268779,Entire home/apt,1583,2,43,2024-12-30,3.42,3,122,42,
1050297598561709145,*Room D · 霓 | 獨立套房｜電梯大樓|中山捷運站|小陽台|中山商圈|1-2P,546896578,Noel,,中山區,25.05191752445554,121.52421246392932,Private room,1878,2,16,2024-12-14,2.35,15,219,16,
1050346683600326412,Airbnb 團隊! 我覺得你應該要把錢賠給我才對! 一條棉被兩個枕頭 3000 元台幣,40240260,Ian,,萬華區,25.04261975561536,121.50403527725419,Private room,571,5,0,,,5,270,0,
1050356446213317733,The attic 小閣樓 /時尚更衣間 / 捷運中山站/中山商圈/電影院,546896578,Noel,,中山區,25.055127587214834,121.52826898452014,Entire home/apt,3326,2,24,2024-12-01,2.56,15,253,24,
1050364224468999499,1月訂房4日機場接送｜一樓平價美3房｜10人｜行天宮捷運站5分鍾｜近7-11便利店｜寧夏夜市,543036478,Emily,,中山區,25.05822,121.53264,Entire home/apt,,2,33,2024-12-27,3.19,4,166,33,
1050438075237693745,大安區完整雙人房｜近科技大樓站｜交通、生活便利,10150797,Hong-Kai,,大安區,25.024542840127072,121.54409642197979,Private room,,2,7,2024-03-23,0.56,2,0,5,
1050443260789181478,Sale! Spacious 132㎡ | 550m to MRT | Fast Wifi 600M,242730194,Kolette,,松山區,25.04534,121.54692,Entire home/apt,6500,30,6,2024-11-29,0.58,67,53,6,
1050449343860915961,[雙商圈]無與倫比的英倫工業宅/近饒河夜市及五分埔商圈 12PPL/接機優惠Dec hot sale,107844067,Debby,,信義區,25.04721,121.57751,Entire home/apt,7012,2,11,2024-12-27,0.88,14,358,8,
1050455907556722610,接機優惠Dec hot sale.生活態度決定生活方式/饒河夜市/3房3衛浴,12812606,Simon,,信義區,25.045467485740755,121.57639097488364,Entire home/apt,6473,2,11,2024-11-17,0.88,15,357,9,
1050592875199089980,Ximen Elevator House,24255356,坤琪,,萬華區,25.04472,121.50771,Entire home/apt,3214,3,31,2024-12-10,2.58,5,144,31,
1050600708721709173,Sweet House,24255356,坤琪,,萬華區,25.04284,121.50792,Entire home/apt,2371,3,34,2024-12-19,2.79,5,241,34,
1050620261634011189,Near MRT大安森林公園、永康街 電梯兩房 可住六人,346656524,Ola,,中正區,25.03618,121.53186,Entire home/apt,5015,5,14,2024-12-06,1.15,21,348,14,
1050638248752710375,蘭公社-肆 My Home in Taipei,57613951,Bo-Yu,,大同區,25.063283327222685,121.51548585371687,Entire home/apt,3000,2,42,2024-12-30,3.38,3,320,41,
1050656930208179260,Ximen Station/城市拿鐵簡約/Taipei101/台北車站/1-2人,103420076,Pearl,,萬華區,25.04249,121.50395,Entire home/apt,2556,5,40,2024-12-14,3.23,4,151,39,
1050701025301029594,古亭景觀公寓,56532738,Jesse,,中正區,25.026316665463114,121.51186287403107,Private room,637,30,2,2024-11-30,0.28,11,213,2,
1051039932814409252,TPEHS D701/白色琴鍵/夜市/台北車站/西門町/捷運西門站走路5分鐘/電梯/住1-6人,539813308,Home,,萬華區,25.042397456641265,121.50440352270996,Entire home/apt,2290,2,30,2024-12-02,2.47,42,168,30,
1051057647509200277,台北101discountD702黑色琴鍵/夜市台北車站西門町/捷運西門站走路5分鐘/電梯1-6人,539813308,Home,,萬華區,25.04229,121.50343,Entire home/apt,2228,2,31,2024-12-15,2.54,42,159,31,
1051063855566202669,接機優惠Dec hot sale雙客廳雙廚房Villa(2f+3f+4f)6 rooms 16ppl,58666148,Cookie,,信義區,25.047038852675033,121.5763955810491,Entire home/apt,14310,2,5,2024-09-27,0.40,21,262,2,
1051127322410455570,10 mins MRT City Hall station/apt for 6,267060490,言舲,,信義區,25.04501,121.57112,Entire home/apt,4814,7,5,2024-12-20,0.92,2,88,5,
1051272692636723348,Happy Home,24255356,坤琪,,萬華區,25.04426,121.50779,Entire home/apt,3479,3,30,2024-12-14,2.45,5,129,29,
1051294429637687776,西門町雙人1號房 Ximending double room 1,122764186,Kyo,,萬華區,25.044001,121.5077991,Entire home/apt,2250,2,42,2024-12-09,3.41,86,65,41,
1051310620072468478,西門町雙人2號房 Ximending double room 2,122764186,Kyo,,萬華區,25.044001,121.5077991,Entire home/apt,2270,2,30,2024-12-08,2.47,86,84,30,
1051313475453201808,西門町雙人3號房 Ximending double room 3,122764186,Kyo,,萬華區,25.044001,121.5077991,Entire home/apt,1963,2,40,2024-12-10,3.48,86,81,40,
1051318641605568892,西門町雙人4號房 Ximending double room 4,122764186,Kyo,,萬華區,25.044001,121.5077991,Entire home/apt,1433,2,47,2024-11-19,3.85,86,47,47,
1051321892062918608,西門町雙人5號房 Ximending double room 5,122764186,Kyo,,萬華區,25.044001,121.5077991,Entire home/apt,1406,2,28,2024-12-15,2.34,86,72,28,
1051329043558778796,西門町雙人7號房 Ximending double room 7,122764186,Kyo,,萬華區,25.044001,121.5077991,Entire home/apt,1448,2,37,2024-12-13,3.26,86,77,37,
1051331800058805031,西門町雙人8號房 Ximending double room 8,122764186,Kyo,,萬華區,25.044001,121.5077991,Entire home/apt,1433,2,45,2024-12-12,3.65,86,64,43,
1051353202330718113,北車悠閒雙人房 TaipeiStation DoubleRoom,122764186,Kyo,,中正區,25.0447601,121.5167449,Private room,1711,2,25,2024-12-02,2.07,86,12,25,
1051441569633767724,暮光公寓 loft x 健身教練 ｜台北 101 ｜Gym｜夜市 ｜cafe｜MRT捷運站｜Pool,357062477,天恩,,信義區,25.033011870314063,121.56133329348432,Entire home/apt,4427,15,2,2024-06-09,0.24,29,180,2,
1051576479357652547,Ximen Station/遇見波希米亞/Taipei101/台北車站/1-2人,103420076,Pearl,,萬華區,25.04173955571136,121.50431949847778,Entire home/apt,2599,5,31,2024-12-19,2.72,4,122,31,
1051654556839568766,中山國中捷運站旁/一大床double/系統線上入住/多種設計房型依照當天房況安排,24750748,育嘉,,中山區,25.05814,121.54336,Private room,1640,1,4,2024-04-06,0.33,7,260,3,
1051783607628385880,CozyApt  10secs XimenMrt 西門町時尚房 -1,28103867,Henry,,萬華區,25.041130397989875,121.50668986437309,Entire home/apt,7060,4,26,2024-12-16,2.26,38,72,26,
1051801422496193243,"台北市綠線MRT,近捷運站,地鐵(#古亭#台電大樓站)/步行5-7分鐘＃師大＃台大＃公館＃永康街",512402035,Yu Yu,,中正區,25.021019236722555,121.52416355987256,Entire home/apt,2021,3,1,2024-06-08,0.14,2,284,1,
1051856919141115344,Newtro / 西門町商圈 / 電梯大樓 / 西門捷運站旁 / 單獨臥室 /  2張雙人床 /,513913354,Archer,,萬華區,25.04638,121.50595,Entire home/apt,3188,2,33,2024-12-13,2.70,2,162,33,
1052032243311522725,23.1 ㎡雙人床套房（獨立衛浴）,61907852,Louis,,大安區,25.02487,121.5303,Private room,1286,1,15,2024-08-19,1.51,2,250,15,
1052048104313320362,MRT台北車站徒步3分鐘抵達/京站樓上/兩房一廳,24781354,Aj,,大同區,25.0489564,121.5178253,Entire home/apt,5500,3,50,2024-12-26,4.14,4,124,50,
1052060763935860995,TPEHS D706/藍色氣泡/夜市/台北車站/西門捷運西門站走路5分鐘/電梯/住1-8人,539813308,Home,,萬華區,25.04259130499497,121.50328593558363,Entire home/apt,2754,2,29,2024-12-02,2.41,42,167,29,
1052082377217952767,Christmas*Gorgeous CBD Loft Three Rooms#忠孝敦化,491437310,Mandy,,大安區,25.04191,121.55331,Entire home/apt,5488,2,18,2024-12-09,1.44,6,175,14,
1052084434367148159,台北101discountD70A/紅色時尚/夜市/台北車站/西門捷運西門站走路5分鐘/電梯1-4人,539813308,Home,,萬華區,25.04222,121.50309,Entire home/apt,2070,2,24,2024-12-21,2.21,42,167,24,
1052252314631663566,北歐原木設計(家門免費停車) scandinavian style for 10ppl,92890581,Amelia,,信義區,25.04229,121.56801,Entire home/apt,5234,2,39,2024-12-20,3.14,9,157,36,
1052462067449161253,信義區101旁舒適泡澡屋,146254191,Joseph & Elva,,信義區,25.033525731638445,121.5613121778463,Entire home/apt,,30,0,,,30,89,0,
1052530077783495299,MRT 大安森林公園電梯三房家庭房 近永康街,346656524,Ola,,中正區,25.03485,121.53136,Entire home/apt,7031,5,15,2024-12-31,1.24,21,333,15,
1052536491370136526,接機優惠 Dec hot sale.2人即可包層/療癒人心主旋律/月租另有優惠,107844067,Debby,,松山區,25.0495489,121.5597008,Entire home/apt,3764,2,8,2024-12-17,0.64,14,348,5,
1052550422662163826,Sünlit Peäch 沐光 | 西門町商圈/西門捷運/4+2人房/獨立機洗/整層空間/2房2廳,651807716,Ina,,萬華區,25.03976,121.50575,Entire home/apt,4016,3,39,2024-12-07,3.23,16,226,39,
1052609767338245958,西門시먼/Ximen MRT(1min)/全新裝潢2-4p,250237099,Sally,,萬華區,25.0434435,121.5079751,Entire home/apt,1554,2,35,2024-12-14,2.85,13,188,34,
1052643940033620000,B全新裝潢時尚獨立電梯套房 台北市精華地段 2分鐘大安捷運站(近101、信義商圈、通化夜市）,584855782,Ruo Syuan,,大安區,25.03451278167392,121.54532569882329,Entire home/apt,6000,2,27,2024-11-19,2.29,6,192,27,
1052736596663305908,"Gu頂極裝璜-設計師之家-國父紀念館MRT走路2分鐘
近101
share house",22840761,Kikina,,大安區,25.03931,121.55577,Private room,1916,90,3,2024-10-28,0.25,21,122,3,
1052912958271383612,T50#Taipower Building MRT#Ximen#NTNU#1-10pax#Promo,520435957,Momo,,大安區,25.02421059922431,121.53169761864518,Entire home/apt,9214,2,23,2024-12-17,2.07,2,165,23,
1053177623405711093,【東區】Jay Chou/A-Mei演唱會/電梯6-8人房/3房2衛/巷弄美食/國父紀念館/忠孝敦化,330579461,Toto,,大安區,25.042023979322884,121.5555287833455,Entire home/apt,5488,2,17,2024-12-31,1.47,30,175,17,
1053291233015999209,[Digital Nomad Stays]專業工作站｜高速網路｜高生產力,33878491,Maurice,,中山區,25.04947,121.54057,Private room,500,30,1,2024-01-01,0.08,11,54,1,
1053351629730509152,D5 / Ximen / Walk 5 min / Taipei 101 / Red House/,221534550,Anne,,萬華區,25.04503567271638,121.50485402941617,Entire home/apt,1314,2,4,2024-12-11,0.40,48,88,4,
1053359446108790383,古亭景觀公寓,56532738,Jesse,,中正區,25.025836846346056,121.51101810831005,Private room,637,30,3,2024-11-18,0.25,11,48,3,
1053377424317239923,S67#Shandao Temple MRT#Ximen#1-10pax#Monthly promo,520435957,Momo,,中山區,25.04783,121.52959,Entire home/apt,9859,2,39,2024-12-08,3.19,2,158,38,
1053504969370079675,| Sünlit Blüe 微光 | 西門町商圈/西門捷運/專屬衛浴/1房1廳/雙人床/apt(s),651807716,Ina,,萬華區,25.038462845514115,121.50608901782616,Entire home/apt,1502,3,22,2024-10-25,1.86,16,227,22,
1053509403275810275,| Sünlit Greeň 樹影 | 西門町商圈/西門捷運/乾濕分離衛浴/專屬獨立機洗,651807716,Ina,,萬華區,25.03834406368015,121.50533554427572,Entire home/apt,2493,3,22,2024-12-08,1.89,16,221,22,
1053513728853103934,| Sünlit Graÿ 靜謐 | 西門町商圈/西門捷運/專屬獨立機洗/乾濕分離衛浴,651807716,Ina,,萬華區,25.04037970949096,121.50576162505371,Entire home/apt,3607,3,41,2024-12-08,3.38,16,220,41,
1053538038990110742,5D 永春捷運站BL.19、Taipei101、饒河夜市,200308646,Terry,,信義區,25.03758,121.57715,Entire home/apt,1393,2,33,2024-12-28,2.70,5,72,33,
1054141667542381263,Hömeÿ Cožy 曉*曉 | 探索台北\西門町商圈 1 分鐘\西門捷運\專屬衛浴\單人房\有冰箱,651807716,Ina,,萬華區,25.04612550753833,121.50715319164067,Entire home/apt,,3,31,2024-12-15,2.60,16,228,31,
1054146924844735340, 大降價 ｜小巨蛋捷運2分鐘｜一樓優質房源｜便利｜8人｜101｜饒河夜市｜美食,507851088,Erin,,松山區,25.05256,121.55397,Entire home/apt,5306,2,36,2024-12-16,2.95,3,134,36,
1054705441550381946,高級雙人房/西門町/捷運站6分鐘/獨立衛浴/WiFi/1張雙人床/台北,44894851,冠翔,,萬華區,25.04324,121.50444,Private room,4063,1,0,,,3,178,0,
1054781122533614135,101同區/捷運共構/飯店式的獨立月租套房,19216347,心誠,,信義區,25.04294,121.58131,Entire home/apt,1459,30,0,,,35,124,0,
1054815313019317445,[Mingde MRT Station] 明德捷運5分鐘/全新裝潢安靜套房附設浴缸,46266672,ChingWen,,北投區,25.11000168100711,121.51538189918567,Private room,1100,2,25,2024-12-22,2.27,1,153,25,
1054831852152740353,優惠 臺北 2人房 Taipei main station 白色空間,319788512,Shelley,,中正區,25.04605,121.51448,Entire home/apt,17857,1,2,2024-01-04,0.16,16,90,1,
1054834407210946032,優惠 臺北 2人房 Taipei main station 白色空間,319788512,Shelley,,中正區,25.04444250699287,121.51442253971742,Entire home/apt,17857,1,2,2024-01-02,0.16,16,90,1,
1054838920511045916,優惠 臺北 4人房 Taipei main station 白色空間,319788512,Shelley,,中正區,25.04634,121.51662,Entire home/apt,28857,1,3,2024-10-03,0.24,16,90,2,
1054839732025797959,接機優惠Dec hot sale./2025与阿妹跨年有约/独享包栋3层楼,268347453,Nigel,,松山區,25.04572,121.55256,Entire home/apt,4443,2,2,2024-08-13,0.35,19,361,2,
1054956996982067747,"Single Room (402)｜Near Yongkang St., MRT Dongmen",552688490,Jung-Che,,中正區,25.035,121.53074,Private room,716,4,25,2024-12-29,2.08,17,308,25,
1055038336649696990,捷運松山站大套房,552716465,Li,,松山區,25.050646669148307,121.57306417822838,Private room,1286,2,0,,,1,268,0,
1055325209873503260,Rainbow Valley @ Yangmingshan,9675875,Lucy,,士林區,25.13913,121.54438,Entire home/apt,27071,1,12,2024-10-09,1.51,8,353,12,
1055395021169506332,台北大安區近捷運溫馨大三房,55419912,Jerry,,大安區,25.026321451305755,121.55176883742554,Entire home/apt,80000,7,4,2024-02-04,0.33,2,37,4,
1055402349089474840,"Single Room (501)｜Near Yongkang St., MRT Dongmen",552688490,Jung-Che,,中正區,25.03441293731133,121.53058156823822,Private room,752,4,25,2024-12-27,2.26,17,322,25,
1055421556039700788,1 Bunk @ 4-Person Mixed Dorm (401A),552688490,Jung-Che,,中正區,25.03509,121.53243,Shared room,382,4,14,2024-09-16,1.16,17,308,14,
1055432352490262424,"Urban Oasis
Central & Spacious",26136892,M,,大安區,25.04218,121.53904,Entire home/apt,5953,4,36,2024-11-30,2.98,2,127,36,
1055466876036571674,Christmas*Hoilday in Zhongshan MRT Station赤峰街#爵士廣場,491437310,Mandy,,中山區,25.05141435077609,121.52217533476855,Entire home/apt,5775,2,29,2024-12-08,2.47,6,164,29,
1055471764115481541,接機優惠Dec hot sale雍容大氣的匠人的手作工藝 NTNU +MRT 5min.,58666148,Cookie,,大安區,25.023775026267764,121.52589767223432,Entire home/apt,4940,2,21,2024-12-25,1.70,21,361,18,
1055683087654930697,Spacious and lovely place.,21904155,Michael,,士林區,25.094185619126215,121.51997278531698,Entire home/apt,30000,1,0,,,1,211,0,
1055723859560827675,(41) 陽台房/ 4床/ 鄰近台北車站、機場捷運/ 西門町、大稻埕,172149908,昭明,,大同區,25.05185541874902,121.51384885996264,Entire home/apt,5657,3,34,2024-12-26,2.79,20,77,34,
1055742232681977002,7min 西門ximen 2-4pax  新世界,550625759,竣維,,萬華區,25.04357818640251,121.50361407548188,Entire home/apt,991,2,45,2024-12-13,4.38,4,108,45,
1055754560323572135,Stunning apt with lift 5 mins to MRT,230184578,Anna,,信義區,25.017251454335508,121.5613487409256,Entire home/apt,2857,3,10,2024-12-17,0.96,9,152,10,
1056078034805184913,【心中山】Jay Chou/A-Mei演唱會/4房2衛/線形公園/爵士廣場/赤峰街/MRT中山站,330579461,Toto,,中山區,25.051153548292316,121.52039803124627,Entire home/apt,,2,5,2024-12-15,0.62,30,164,5,
1056152845093200253,西門町Ximen/全新裝潢電梯大樓/MRT(1min)/家樂福(3min)/3～16p,250237099,Sally,,中正區,25.0378,121.50821,Entire home/apt,4229,2,37,2024-12-14,3.04,13,164,37,
1056239488908081735,Near mrt 西門ximen  4-5pax,550625759,竣維,,萬華區,25.043566643692717,121.50360770523547,Entire home/apt,2046,2,46,2024-12-17,4.06,4,38,46,
1056316560945817076,(23)溫馨舒適/ 鄰近台北車站/ 機場捷運3分鐘、西門町、大稻埕,172149908,昭明,,大同區,25.050290819585605,121.51420152038365,Entire home/apt,3827,3,16,2024-12-17,1.50,20,83,16,
1056365823931793866,Center of Taipei 200M  MRT for 2/monthly rent（月租）,195055068,ChuPeng,,中山區,25.05733055314896,121.52383524924515,Entire home/apt,3000,30,13,2024-12-05,1.11,1,254,13,
1056381275530428968,(33)近台北車站/ 機場捷運3分鐘/ 2房3床/ 鄰近西門町、大稻埕,172149908,昭明,,大同區,25.052527598704202,121.51410928670467,Entire home/apt,4026,3,23,2024-12-10,2.14,20,81,23,
1056414107779054646,接機優惠 Dec hot sale scandinavian style 捷運站5分鐘/八面玲瓏,119870232,도민,,中山區,25.05949629202201,121.5250922186836,Entire home/apt,3126,2,27,2024-12-22,2.23,17,363,27,
1056437338102851770,(21)2床/ 近台北車站/ 機場捷運3分鐘、西門町、大稻埕,172149908,昭明,,大同區,25.04968,121.51335,Entire home/apt,3717,3,24,2024-11-17,1.99,20,97,24,
1056456995163630426,(22)3房/ 近台北車站/ 機場捷運3分鐘、西門町、大稻埕,172149908,昭明,,大同區,25.051680875962084,121.51445201811393,Entire home/apt,3969,3,19,2024-12-28,1.57,20,106,19,
1056492046104692062,(31)3房/ 近台北車站/ 機場捷運3分鐘、西門町、大稻埕,172149908,昭明,,大同區,25.05026,121.51466,Entire home/apt,4036,3,24,2024-11-25,2.35,20,77,24,
1056505315334017683,Taipei NTNU Apt Blue Room 5F-3,125647931,Adam,,中正區,25.0242822,121.5225843,Private room,,1,1,2024-01-22,0.09,12,0,1,
1056812193499224630,"Single Room (502)｜Near Yongkang St., MRT Dongmen",552688490,Jung-Che,,中正區,25.03482,121.53117,Private room,745,5,17,2024-12-28,1.41,17,207,17,
1056826772268714662,"Single Room (404)｜Near Yongkang St., MRT Dongmen",552688490,Jung-Che,,中正區,25.03442,121.53041,Private room,695,4,6,2024-12-19,0.49,17,176,6,
1056852823644815856,"Single Room (403)｜Near Yongkang St., MRT Dongmen",552688490,Jung-Che,,中正區,25.034988922682736,121.53247713987878,Private room,716,4,28,2024-12-29,2.34,17,278,28,
1056890504852587303,RO25# CKS MRT 2 min# ximen# Taipei 101# NTNU/NTU,515756856,Ann,,中正區,25.02951,121.51939,Entire home/apt,4400,2,17,2024-12-02,1.41,7,110,17,
1056918457170463411,Retro/MRT Ximen 3min/2-3人房/독립공간/Wi-Fi/陽台/heating,103961092,Eli,,萬華區,25.0431251,121.5052835,Entire home/apt,2497,3,7,2024-07-20,0.60,6,122,7,
1056936359793471590,C全新裝潢獨立電梯套房 台北市精華地段 2分鐘*大安捷運站(近101、信義商圈、通化夜市）,584855782,Ruo Syuan,,大安區,25.032725643322298,121.54343142810252,Entire home/apt,5571,2,17,2024-07-20,1.39,6,128,17,
1056948373580429369,1 Bunk @ 4-Person Mixed Dorm (401B),552688490,Jung-Che,,中正區,25.03479,121.53047,Shared room,382,4,14,2024-12-25,1.31,17,307,14,
1057081602128421075,粉紅商務房_電梯大樓_獨立衛浴_近台北車站,449664424,Janet,,大同區,25.05495,121.51389,Entire home/apt,1590,2,2,2024-03-16,0.20,11,269,2,
1057165779518266545,1 Bunk @ 4-Person Mixed Dorm (401C),552688490,Jung-Che,,中正區,25.03427,121.53052,Shared room,356,5,8,2024-12-17,0.71,17,332,8,
1057181051727342241,1 Bunk @ 4-Person Mixed Dorm (401D),552688490,Jung-Che,,中正區,25.034980887248786,121.53218969229059,Shared room,356,4,15,2024-12-26,1.84,17,329,15,
1057190891941206836,1 Bunk @ 4-Person Female Dorm (405A),552688490,Jung-Che,,中正區,25.034429719582548,121.53237096567702,Shared room,382,4,9,2024-10-24,0.77,17,330,9,
1057203159502022292,1 Bunk @ 4-Person Female Dorm (405B),552688490,Jung-Che,,中正區,25.03492,121.53236,Shared room,385,4,12,2024-12-21,1.01,17,306,12,
1057281349360841500,《ON SALE》Fashion hotel、行天宮MRTの近くにある、夜市、B級グルメ、夜景。,413599737,迪,,中山區,25.059490548168352,121.53807349878151,Entire home/apt,,1,13,2024-04-28,1.14,4,0,13,
1057460084041648275,1 Bunk @ 4-Person Female Dorm (405D),552688490,Jung-Che,,中正區,25.03492,121.53037,Shared room,356,4,7,2024-12-27,0.59,17,231,7,
1057482999175382032,忠孝敦化捷運5分鐘II/可2～4人住-提供長期月租優惠,68002236,Kelvin,,大安區,25.041953808722106,121.5542867867868,Entire home/apt,1828,1,70,2024-12-20,5.77,9,293,70,
1057519438669939029,《ON SALE》2人暖氣房全新裝潢，時尚商旅，近行天宮站《台北桐花季》,413599737,迪,,中山區,25.058945712540552,121.53653552627426,Entire home/apt,,1,15,2024-05-05,1.23,4,0,15,
1057583382864322455,Near taipei 101 Station，近行捷運天宮站。《台北桐花季》,413599737,迪,,中山區,25.0592,121.53874,Entire home/apt,,1,15,2024-06-07,1.23,4,0,14,
1057596715467522258,《ON SALE》3人暖氣房全新裝潢，時尚商旅、近行天宮捷運站，小吃眾多。《台北桐花季》,413599737,迪,,中山區,25.05740566514116,121.53821169695425,Entire home/apt,,1,13,2024-05-05,1.22,4,0,13,
1057750351170021668,"Cozy elevator suite ,central Taipei,Zhongshan dist",14567958,Jon,,中山區,25.06337,121.5285,Entire home/apt,1200,25,12,2024-12-22,1.02,18,89,12,
1057915438571614072,6B/有電梯溫馨房，獨立衛浴，西門捷運站走路六分鐘,14567958,Jon,,萬華區,25.043526697633844,121.50470359302635,Entire home/apt,1557,2,47,2024-12-14,3.91,18,138,47,
1058372265546704391,2館 台北車站30秒 臺北 4人房 Taipei main station 簡單生活,104718340,Kumiko,,中正區,25.04462,121.5153,Entire home/apt,3033,2,53,2024-11-28,4.42,11,29,53,
1058487973570815238,西門町明媚雙人房 Ximending Double room,122764186,Kyo,,萬華區,25.0447933,121.5061696,Entire home/apt,,2,11,2024-05-26,0.96,86,0,11,
1059090526139648698,Petite Artist’ room 畫室 near MRT Taipei city center,83917029,Kai Hsiang,,中正區,25.02946,121.52125,Private room,,30,2,2024-12-23,0.42,7,0,2,
1059335253050355354,文青質感裝潢 Minimalism style for 7ppl 近捷運永春站,92890581,Amelia,,信義區,25.039279960973808,121.57311380906627,Entire home/apt,2869,2,21,2024-12-27,1.75,9,173,21,
1059367544935181389,清晰簡約風格 Having a unique style for 6ppl,92890581,Amelia,,信義區,25.04104,121.5741,Entire home/apt,4020,2,39,2024-12-18,3.27,9,152,39,
1059434155818203921,西門商圈2B/捷運西門站步行1分鐘/乾濕分離衛浴/漂亮採光套房,508233574,詩純,,萬華區,25.04344,121.5079851,Entire home/apt,2331,3,15,2024-12-27,1.25,26,76,15,
1060371280313891168,東門靜巷溫馨雅房 Dongmen room B,52226032,Kaoru,,中正區,25.037892497873646,121.5311657281317,Private room,,1,4,2024-08-04,0.34,2,0,4,
1060851710437391793,l 鵝貓 l 古亭、東門、中正捷運站，大安區日治時期老宅區安靜巷道中，溫馨舒適五臟俱全,99771475,Pei,,大安區,25.0297619,121.5252971,Entire home/apt,1900,2,60,2024-12-17,5.29,1,70,60,
1061356056100098848,歡迎家庭入住/捷運市府站/2 house,499807689,Rosa,,信義區,25.040936139766846,121.56522571587435,Entire home/apt,,2,2,2024-07-03,0.24,5,265,2,
1061599504463340804,1min to MRT/7min to Taipei Doom/12min to 101/2張雙人床,499807689,Rosa,,信義區,25.042727123561377,121.56512937807392,Entire home/apt,3014,1,20,2024-12-24,1.93,5,267,20,
1061622119845673206,12min to 101 /7min to Taipei Doom/ 1min to MRT,499807689,Rosa,,信義區,25.041126795508774,121.56709036414881,Entire home/apt,3815,1,18,2024-12-23,1.58,5,258,18,
1062017076652158218,6C/捷運站西門站走路六分鐘／有電梯／wifi／西門町／獨立衛浴,14567958,Jon,,萬華區,25.04525,121.50432,Entire home/apt,,2,44,2024-12-17,3.75,18,130,44,
1062316892841028428,CityCenter/5minMRT/2Beds/6ppl/ShoppingArea/freegym,509260019,芸,,中山區,25.05948,121.52393,Entire home/apt,2943,1,0,,,3,342,0,
1062413737237855614,Luxury Z21𓇬Taipei 101𓇬6站MRT西門站𓇬5站台北站𓇬3房住2-9人𓇬全新裝修,115798819,Airbnb,,中山區,25.06291,121.54405,Entire home/apt,3181,3,10,2024-11-25,0.93,68,74,10,
1062641429332645221,天母sogo c'est la vie!,67709271,Jill,,士林區,25.10698622721863,121.52616005390882,Entire home/apt,3500,2,14,2024-12-04,1.25,3,200,14,
1063016175981893637,古亭捷運站3號出口 .離師大夜市.台大.公館.西門町都很近,11014081,Dino,,大安區,25.024257169861134,121.526567201437,Entire home/apt,,2,0,,,1,0,0,
1063352825995786495,欣賞台北101跨年煙火的最佳公寓@信義區2房2衞浴美景公寓,25523787,New Apt,,信義區,25.0271459,121.5661503,Entire home/apt,3295,2,6,2024-11-11,0.56,26,32,6,
1063354391370580809,8.25 ㎡單人房（共用衛浴）,61907852,Louis,,大安區,25.02393,121.5302351,Private room,771,1,17,2024-12-15,1.47,2,252,17,
1063491875557202193,Taipei NTU Apt Yellow Room B1,125647931,Adam,,大安區,25.0218676,121.5420451,Private room,,365,1,2024-01-08,0.08,12,89,1,
1063543341047981309,K1 AQUA City View in Room Bathtub,48399837,Urban Abode,,中正區,25.047840609636584,121.51656922169427,Entire home/apt,4751,2,9,2024-11-16,0.87,13,32,9,
1063559238473692837,西門町途眠雙人房 Ximending Double room,122764186,Kyo,,萬華區,25.0481503,121.5076135,Entire home/apt,1431,2,38,2024-12-08,3.43,86,13,38,
1063566471508329315,"Taipei NTNU/NTU /1min Taipower MRT, Shida market C",221534550,Anne,,中正區,25.020052045568498,121.52780599745408,Entire home/apt,1200,2,7,2024-12-03,0.66,48,86,7,
1063620793173522369,"台北101景觀公寓, 標準3房, 2套衞浴及陽台",25523787,New Apt,,信義區,25.0271459,121.5661503,Entire home/apt,5606,4,2,2024-11-18,0.18,26,170,2,
1063661429951645532,"全新裝潢 台北車站西門町 北門MRT5分鐘(國內訂房未開放)
溫馨房附洗衣機(月租2~5人房)",531621938,Anna,,萬華區,25.04818402030434,121.5079314659527,Entire home/apt,1936,2,38,2024-12-15,3.49,3,48,38,
1064126918927771247,台北文德Wende Flat老宅－杏仁棕大房間,225009761,Jaye,,內湖區,25.077265790902246,121.5806850406098,Private room,1450,7,4,2024-10-27,0.48,2,327,4,
1064148625996539032,【Bellavita & Breeze Prime Location】Xinyi Suite 1,156492403,Robbin,,信義區,25.044931520784946,121.56965064176428,Entire home/apt,1900,20,2,2024-01-26,0.17,3,359,2,
1064168109610102284,【Bellavita & Breeze Prime Location】Xinyi Suite 3,156492403,Robbin,,信義區,25.044041552567474,121.56755874257162,Entire home/apt,2250,20,4,2024-09-30,0.35,3,282,4,
1064169953229994265,Yumido(5mins to Ximen station),180666116,丸太,,萬華區,25.04045,121.50528,Entire home/apt,4143,3,17,2024-11-21,1.69,4,47,17,
1064174139088798641,【Bellavita & Breeze Prime Location】Xinyi Suite 2,156492403,Robbin,,信義區,25.044543896941217,121.5694952982913,Entire home/apt,1900,20,1,2024-01-21,0.09,3,321,1,
1064266145634323679,市府捷運站1分鐘/W hotel 2分鐘/大巨蛋5分鐘/信義區中心Lo-fi house,499807689,Rosa,,信義區,25.04105004323517,121.56735649052199,Entire home/apt,2935,2,22,2024-12-16,1.94,5,254,22,
1064287644465796710,MRT公館站/電梯整層2房/台大公館商圈/遠眺101煙火/限月租,441888372,TzuHan,,中正區,25.01499,121.53304,Entire home/apt,5074,28,2,2024-11-10,0.58,30,190,2,
1064303837529538144,Christmas*Trendy business district  8ppl#忠孝敦化#網拍街,500277849,Gennie,,大安區,25.04355,121.54974,Entire home/apt,5005,2,26,2024-11-24,2.18,11,174,26,
1064899670677236677,4C Taipei101 BL.19 饒河夜市 松山車站,200308646,Terry,,信義區,25.04028974114395,121.57754302869301,Entire home/apt,1171,2,37,2024-12-24,3.57,5,75,37,
1064905407845313360,Christmas*Industrial Style Decor#大安站#COZY balcony,538173077,Candice,,大安區,25.034891630719898,121.5461217187597,Entire home/apt,5316,2,23,2024-12-17,1.94,6,173,23,
1064905704171371007,感謝您探訪我溫馨的獨立套房,16642279,Lien-Chu,,士林區,25.089147990827254,121.51126299658078,Entire home/apt,1432,2,16,2024-11-16,1.48,1,159,16,
1065129294667106186,＊Taipei Ximen71／電梯2－4人房／捷運步行3分鐘／近紅樓,534087018,Yihan,,萬華區,25.04194983831582,121.50747432357699,Entire home/apt,3069,3,7,2024-10-26,0.80,3,58,7,
1065423691471158415,Gatsby 公寓｜Taipei 101｜Hanging garden ｜夜市 ｜MRT｜Gym,357062477,天恩,,大安區,25.03301,121.55662,Entire home/apt,3857,15,4,2024-09-27,0.47,29,121,4,
1065452187797668732,＊Taipei Ximen73／景觀2－4人房／捷運步行3分鐘／近紅樓,534087018,Yihan,,萬華區,25.03974215874237,121.50588105900447,Entire home/apt,3383,3,0,,,3,55,0,
1065767534858028488,Chill House,24255356,坤琪,,萬華區,25.04483680752657,121.50731098484337,Entire home/apt,3071,3,28,2024-12-08,2.41,5,163,28,
1065829993246688213,City centre Sunshine room near to MRT/ Train/ Bus,83917029,Kai Hsiang,,中正區,25.031076857576785,121.51922383348821,Private room,,6,14,2024-11-18,1.30,7,0,14,
1065853160436418713,City center Cozy Bathtub-room near MRT/ Train/ Bus,83917029,Kai Hsiang,,大安區,25.02162,121.52708,Private room,,9,4,2024-12-22,0.40,7,2,4,
1065888968403986005,Porter city center double room near MRT/Trian/Bus,83917029,Kai Hsiang,,大安區,25.02343,121.52541,Private room,,7,0,,,7,0,0,
1066187576987912816,"Private room on 1st floor, near CKS memorial hall",312751,Paul,,中正區,25.024558613268074,121.52229765397779,Private room,950,2,25,2024-12-30,2.17,3,141,25,
1066291327059144072,內湖陽光共享公寓-個人臥室302,6534092,俊文,,內湖區,25.07513,121.58674,Private room,,2,6,2024-10-28,0.52,4,249,6,
1066419814980005889,台北西門 高級公寓 /工作空間/陽台/浴缸/MRT6分鐘,528379976,Eda,,萬華區,25.04531,121.50538,Entire home/apt,2524,2,46,2024-12-31,4.06,15,350,46,
1066430640877092516,designer house/kitchen/private courtyard/10ms MRT,528379976,Eda,,松山區,25.04619,121.54613,Entire home/apt,3832,2,18,2024-12-20,1.79,15,334,18,
1066482328838147734,忠孝復興月租4-7人家庭房/MRT 6mins／忠孝復興MRT 電梯大宅 3房,231537618,Ting Ting,,大安區,25.04359,121.53925,Entire home/apt,6071,30,0,,,10,212,0,
1066545561930178718,忠孝敦化捷運5分鐘-提供長期月租優惠,68002236,Kelvin,,大安區,25.04270943305002,121.55357357114553,Entire home/apt,1707,1,70,2024-12-28,6.03,9,316,70,
1066585243812848352,TPEHS HK814/紫色畫布/夜市/台北車站/西門町/捷運西門站走路5分鐘/電梯/住1-6人,539813308,Home,,萬華區,25.04161,121.5066,Entire home/apt,2393,2,32,2024-12-23,3.10,42,169,32,
1067687800440426416,【Hot】C民權西路捷運站／通風採光／雙城商圈／超市藥局／林森商圈／微波爐／友善Foreigner,519336015,Len,,中山區,25.06098636555443,121.52097600250261,Entire home/apt,14806,2,2,2024-10-27,0.21,24,271,2,
1067945523338502752,Christmas*Scandinavian style MRT 5 minutes#市政府,538173197,Nicola,,信義區,25.043915528897372,121.56918792628403,Entire home/apt,4773,2,31,2024-12-08,3.02,4,155,31,
1068056395727126034,露娜(Luna)北投House 近北投捷運站，全新裝潢美宅（至少訂28天）,199320094,James,,北投區,25.12977,121.50177,Entire home/apt,2650,28,4,2024-12-25,0.44,1,245,4,
1068056997682109783,忠孝sogo捷運美宅,25523787,New Apt,,大安區,25.0418735,121.5468813,Entire home/apt,3675,4,2,2024-10-17,0.24,26,138,2,
1068082121926688750,J186#Xingtian Temple#Ximen#1-10pax#Monthly promo！,339320483,Wego,,中山區,25.058808040965044,121.53460907005861,Entire home/apt,,2,27,2024-12-20,2.39,3,154,27,
1068637468834016776,Elegance Style for 12 ppl (家有車庫可免費停車),92890581,Amelia,,信義區,25.041671699737645,121.57438948236025,Entire home/apt,4303,2,36,2024-12-27,3.08,9,137,36,
1068675458336301859,台北車站馨傾雙人Taipei Station Double Room,122764186,Kyo,,中正區,25.04356633068041,121.51574969530984,Entire home/apt,1648,2,24,2024-11-24,2.29,86,2,24,
1068876469872089384,無印家庭房2 - 台北車站西門町步行2房1廳 洗衣機,28103867,Henry,,中正區,25.04453,121.514,Entire home/apt,3543,4,17,2024-12-15,1.79,38,78,17,
1069296323356400906,四人房/西門町/捷運站6分鐘/獨立衛浴/WiFi/2張雙人床/台北,44894851,冠翔,,萬華區,25.04324,121.50444,Private room,6531,1,0,,,3,159,0,
1069315560755073879,經典雙人房/西門町/捷運站6分鐘/獨立衛浴/WiFi/1張雙人床/台北,44894851,冠翔,,萬華區,25.04324,121.50444,Private room,3771,1,0,,,3,167,0,
1069891503209402274,暮光II apt｜Taipei 101｜觀光夜市 ｜捷運 MRT｜月租 ｜方便到任何地方,357062477,天恩,,信義區,25.031190182020353,121.55832965443945,Entire home/apt,4500,24,4,2024-12-25,0.37,29,181,4,
1069942631143199654,Taipei 101 View Room Taipei Main Station 2min walk,139195215,Wan Ju,,中正區,25.046192179225987,121.51502982730477,Entire home/apt,4950,2,50,2024-12-09,4.57,1,36,50,
1070084054703920850,西門시먼/Ximen MRT 5min/全新裝潢2-4p/陽台戶,250237099,Sally,,萬華區,25.04688,121.50709,Entire home/apt,1669,2,21,2024-12-06,1.90,13,219,21,
1070245024102913502,2館台北車站30秒 臺北 3人房 Taipei main station 簡單生活,104718340,Kumiko,,中正區,25.04480551510777,121.51551240632428,Entire home/apt,1924,2,53,2024-12-16,4.94,11,153,53,
1070683373229301684,【東區地段】Jay Chou/A-Mei演唱會/電梯4房2衛~8-10人房 / MRT忠孝敦化站,330579461,Toto,,大安區,25.04329,121.55176,Entire home/apt,5005,2,5,2024-12-16,0.55,30,174,5,
1070688473291767785,【木質調】3房2衛~6人房 / MRT 大安站,330579461,Toto,,大安區,25.034882573374095,121.54553161062937,Entire home/apt,5316,2,0,,,30,173,0,
1070805162538733787,捷運小巨蛋站(B)-提供長期月租優惠,68002236,Kelvin,,松山區,25.045945422388595,121.55374613483873,Entire home/apt,1389,1,42,2024-12-31,3.64,9,266,42,
1070830231495559813,U8 B&W Studio TPE 101 City View,33899886,UrbanAbodeDugu,,中正區,25.04676315203924,121.51514089184796,Entire home/apt,4738,2,7,2024-11-26,0.79,12,21,7,
1070900516866014171,2人房｜台北小巨蛋的家｜中島廚房餐桌｜小巨蛋捷運站步行3分鐘,31338261,Vanessa,,松山區,25.04704209086031,121.55221250969552,Entire home/apt,2695,3,6,2024-08-22,0.54,3,5,6,
1070913429574021660,"Longshan Temple MRT, (1-4pers)",82753329,FuFu,,萬華區,25.03517,121.49211,Entire home/apt,1931,3,4,2024-12-17,0.43,6,165,4,
1071499701742742068,test,163032634,Mingru,,北投區,25.12571376708842,121.46910438393886,Private room,47000,1,0,,,1,270,0,
1071629607807600356,【New】C捷運旁｜近西門步行街｜中山文青市集｜共用廚房｜五星套房｜國際交流會｜豪宅設計｜頂級設備」,490134486,Hung Chih,,中山區,25.0624,121.52162,Entire home/apt,4442,30,1,2024-11-30,0.94,41,270,1,
1071638816135636217,"Sleep Inn R7 2-4人房, 下樓即是捷運Z2出口",210300300,Frank,,中正區,25.0456857,121.5159014,Entire home/apt,4429,2,6,2024-10-02,0.64,8,112,6,
1072125532399664186,靠近師大！雅房Room B！一卡皮箱即可入住！有電梯！,48973968,怡穎,,文山區,25.005806155976494,121.53581113100897,Private room,720,7,4,2024-08-24,0.39,24,121,4,
1072174876348726908,시먼딩/MRT Ximen 3min/2-4人房/WiFi/獨立陽台/洗衣機/heating,103961092,Eli,,萬華區,25.04316416694781,121.50539841502905,Entire home/apt,3497,3,20,2024-12-29,1.78,6,108,20,
1072201129766944088,U2 Sky Room XL/大天空房/兩大雙人床/雙洗臉盆/市中心賞夜景,33899886,UrbanAbodeDugu,,中正區,25.04558,121.51691,Entire home/apt,4738,2,0,,,12,2,0,
1072201473579958213,U3 High Floor 2 Bedrooms Apt. TPE 101 City View,33899886,UrbanAbodeDugu,,中正區,25.046756391235125,121.51663764475306,Entire home/apt,8657,2,10,2024-11-24,1.10,12,28,10,
1072201539987101802,A loft,128806861,Kenson,,萬華區,25.04752,121.50687,Entire home/apt,2871,3,20,2024-12-02,2.00,13,163,20,
1072208052265163968,Taipei NTNU/NTU/ Taipower MRT/Shida market A,221534550,Anne,,中正區,25.02024,121.52811,Entire home/apt,1086,2,6,2024-10-07,0.56,48,86,6,
1072210889459271417,U6 Sky Room/天空房/兩大雙人床/簡廚,33899886,UrbanAbodeDugu,,中正區,25.046882208114503,121.51685868997764,Entire home/apt,4062,2,2,2024-11-27,0.97,12,23,2,
1072212785851833881,Z1〖Cozy Corner〗套房 2-6人＋簡易廚房＋洗晎脫衣機,33899886,UrbanAbodeDugu,,中正區,25.0457,121.51481,Entire home/apt,4062,2,4,2024-11-28,0.46,12,25,4,
1072219304259737987,接機優惠Dec hot sale每一套房子的背後，都有一個故事，等待你去發現台北之星/雙套房電梯大樓,12812606,Simon,,大安區,25.042365782389947,121.54185219457689,Entire home/apt,4940,2,3,2024-01-23,0.26,15,257,3,
1072241541735802872,靠近101！信義安和站單人雅房A,48973968,怡穎,,大安區,25.03004070428251,121.55605948990396,Private room,700,7,7,2024-11-04,0.63,24,209,7,
1072242783645451666,靠近101！信義安和站單人雅房B,48973968,怡穎,,大安區,25.029796886712376,121.55549632591767,Private room,874,7,5,2024-12-11,0.50,24,136,5,
1072847792930824231,接機優惠 Dec hot sale 設計十足的角落Cozy Suites,58666148,Cookie,,大安區,25.0424875933599,121.54202222700509,Private room,2123,2,9,2024-10-02,0.78,21,267,9,
1072862452039223262,接機優惠 Dec hot sale都市中的優雅避風港,58666148,Cookie,,大安區,25.04429,121.54301,Entire home/apt,3267,2,17,2024-12-06,1.48,21,257,17,
1072921738659404877,"Private Large Room in 1st floor apmt,  MRT 5 min",312751,Paul,,中正區,25.0234,121.52245,Private room,,2,17,2024-12-15,1.57,3,130,17,
1073043639068554187,Taipei/Ximen西門町龍山寺飯店管理高樓層景觀套房2-3人,141865597,Li-Xuan,,萬華區,25.039427276688826,121.50210935622454,Entire home/apt,2526,30,3,2024-09-16,0.35,2,259,3,
1073148886337755305,Single Room (B)｜Near MRT Zhishan,552688490,Jung-Che,,士林區,25.107249742742137,121.52358152457592,Private room,640,4,2,2024-11-16,0.65,17,167,2,
1073220340948399608,信義商圈-核心地點/市府捷運2分鐘-全新三房兩衛,536765387,Anna,,信義區,25.042895446051478,121.56662115894444,Entire home/apt,6299,7,1,2024-03-17,0.10,2,170,1,
1073475562560017423,Central Taipei-1min DaAn MRT,530031216,Sunny,,大安區,25.03467778268586,121.53810214852118,Entire home/apt,2266,3,0,,,1,365,0,
1073607970125597512,"Freebird Apt a -1分鐘到西門捷運站, 電梯",8937651,Chiying,,萬華區,25.04399,121.50723,Entire home/apt,1934,3,27,2024-12-14,2.52,17,59,27,
1073905456633262926,小米家-京站910,221089274,Sammi,,大同區,25.050128698011434,121.51961014392236,Entire home/apt,3186,60,0,,,10,155,0,
1074055950153270628,Luxury Z22𓇬Taipei 101𓇬6站MRT西門站𓇬5站台北站𓇬3房住2-8人𓇬全新裝修,115798819,Airbnb,,中山區,25.0657,121.5414,Entire home/apt,3317,3,13,2024-12-01,1.22,68,75,13,
1074186058166148376,台北市區捷運站前室內露營Indoor camping in Taipei city center,5424311,Ailin,,中山區,25.06462,121.52648,Private room,1200,1,4,2024-09-22,0.36,6,6,4,
1074409130305168000,《Jireh 6-8人房》西門町捷運6號出口/阿宗麵線對面/大客廳/乾淨舒適,517647064,Vincent,,萬華區,25.044214042535188,121.50698147112375,Entire home/apt,4113,3,30,2024-12-29,3.01,7,143,30,
1074477276642544327,A 徒步西門區內  適合家庭團體旅遊6-12位,50803756,季維,,萬華區,25.044795119373507,121.50761080381398,Entire home/apt,7426,3,37,2024-12-22,3.75,9,208,37,
1074480426381577665,C 超級地段 西門町徒步區適合家庭團體 8-12位,50803756,季維,,萬華區,25.04685,121.50828,Entire home/apt,8968,2,43,2024-12-26,4.15,9,221,43,
1074482610126273509,B  西門徒步區  適合5-10人家庭團體旅遊,50803756,季維,,萬華區,25.04486,121.50787,Entire home/apt,7281,3,36,2024-12-26,3.32,9,204,36,
1074645625749045385,*ＤＵＭＯ/ 歐法居旅 / 台北車站 5分鐘 / 頂級雙衛浴 / 浴缸 / 1F,367454319,Claire,,大同區,25.04986642940747,121.51542812807165,Entire home/apt,7206,1,55,2024-12-17,5.25,9,154,55,
1075363050091186351,Ximen Mini Pudding｜西門小布丁｜1~3人｜低預算小套房,151400959,Edward,,萬華區,25.044783636020078,121.50283919939048,Entire home/apt,1015,1,29,2024-12-08,2.61,11,74,29,
1075680468180556891,TPEHS QM702/微光好宅/夜市/台北車站/捷運西門町站走路10分鐘/陽台/電梯/住1-4人,539813308,Home,,萬華區,25.04525217178423,121.50492314919755,Entire home/apt,,2,24,2024-12-25,2.40,42,176,24,
1075701713370022237,TPEHS HK8A/家庭時光/夜市/台北車站/西門町/捷運西門站走路5分鐘/電梯/住1-12人,539813308,Home,,萬華區,25.04162,121.50772,Entire home/apt,6606,2,33,2024-12-20,3.40,42,139,33,
1075776707447782050,Mirror/剝皮寮/西門町/龍山寺/廣州街夜市,384488896,Shang Min,,萬華區,25.038382858901493,121.50462621973035,Entire home/apt,5108,2,6,2024-12-26,0.61,6,147,6,
1075810029197445742,Ximen MRT 8mins/2-4ppl/kitchen/balcony/own washer,291283304,Naomi,,萬華區,25.04571,121.50479,Entire home/apt,2614,3,16,2024-12-26,1.42,31,99,16,
1075881715692720821,西門町傾心雙人房 Ximending Double room,122764186,Kyo,,萬華區,25.045,121.50436,Entire home/apt,,2,14,2024-08-22,1.26,86,0,14,
1076554252430000869,【New08】中山國小站／有一間,490134486,Hung Chih,,中山區,25.06256272550303,121.52466320980179,Entire home/apt,15686,14,3,2024-07-30,0.31,41,270,3,
1076566839141157718,"捷運「松江南京」站步行十分鐘！
中山站新光三越，獨立套房浴室！",157403398,Herbert,,中山區,25.0502149831535,121.52863430188228,Entire home/apt,1300,2,14,2024-12-09,1.35,1,269,14,
1076662626489908546,6A/捷運站西門站走路六分鐘／有電梯／wifi／西門町／獨立衛浴,14567958,Jon,,萬華區,25.0436,121.50308,Entire home/apt,1564,2,44,2024-12-25,4.09,18,157,44,
1077445191953830255,V3-2#Ximen MRT# Taipei 101#2-4 pax,453709970,Bella,,萬華區,25.04272,121.50071,Entire home/apt,2829,2,15,2024-12-07,1.39,31,74,15,
1077816682526979677,3 min MRT@Shilin Night Market Brand New Renovated,74275246,Joel,,士林區,25.08672,121.52572,Entire home/apt,2708,5,15,2024-12-16,1.45,5,82,15,
1078004066718245183,台北101discountC705綠色氣球/夜市台北車站西門町/捷運西門站走路5分鐘/電梯1-6人,539813308,Home,,萬華區,25.040066788995233,121.50701659245485,Entire home/apt,2098,2,31,2024-11-12,2.99,42,172,31,
1078031610720661207,獨棟別墅 鬧中取靜,267060490,言舲,,信義區,25.04674472454047,121.56901242064815,Entire home/apt,7200,28,0,,,2,32,0,
1078152445346935744,現代藝術設計 Minimalism style for 10ppl #近永康街商圈,92890581,Amelia,,大安區,25.03253771381189,121.52661624010041,Entire home/apt,4074,3,39,2024-12-25,3.47,9,110,39,
1078588791525096115,西門商圈802/捷運西門站步行3分鐘/附洗衣機大套房,508233574,詩純,,萬華區,25.042863,121.5048821,Entire home/apt,,3,8,2024-12-03,0.83,26,61,8,
1078832712180057097,超讚房東900則好評／New Open Special Price/精緻套房／獨立空間／全新裝潢,57593093,Angel,,中正區,25.0295385466807,121.52042877625954,Entire home/apt,1515,1,16,2024-08-25,1.50,7,196,16,
1078845976902088367,熱帶風情木屋 Southeast Asian style for 8ppl #東區商圈,92890581,Amelia,,松山區,25.04663650311867,121.55002200731683,Entire home/apt,3383,2,29,2024-12-16,2.58,9,173,29,
1079304734753698267,designer house/kitchen/private courtyard/10ms MRT,528379976,Eda,,松山區,25.04593,121.54609,Entire home/apt,9214,2,19,2024-12-02,2.05,15,329,19,
1079313461298925073,S1015 / Shinlin Night Market / Jiantan MRT 5 min,453709970,Bella,,士林區,25.08976,121.52356,Entire home/apt,1036,2,2,2024-06-29,0.30,31,87,2,
1079378322147126055,T202 / Ximen MRT / 5 min walk / Dadaocheng / Promo,453709970,Bella,,中正區,25.0463197496227,121.51114982528709,Entire home/apt,1471,2,19,2024-11-17,1.78,31,60,19,
1079405114775294305,台北 西門町 超大空間2～4人房 近捷運站/電梯大樓/夜市/洗衣機/超大對外窗/獨立衛浴/禁菸,198989764,Chunan,,萬華區,25.042363407226567,121.50771617889404,Entire home/apt,2606,2,7,2024-11-24,0.68,1,253,7,
1079482238870405988,Y3〖Mocha Charm〗套房 2-6人＋簡易廚房＋洗晎脫衣機,33899886,UrbanAbodeDugu,,中正區,25.047071407192536,121.51657915153328,Entire home/apt,3941,2,12,2024-12-06,1.07,12,25,12,
1079504339994760618,Christmas*Extremely Luxurious #獨立房屋#14ppl包棟#捷運大安站,538173077,Candice,,大安區,25.03259809808445,121.5474900878051,Entire home/apt,4964,2,33,2024-12-19,2.96,6,148,33,
1079520880880757723,【獨立房屋】11~14人房 / 5房2衛 / 雙捷運大安或信義安和站,330579461,Toto,,大安區,25.03147,121.54933,Entire home/apt,4964,2,4,2024-09-16,0.43,30,148,4,
1079641906493385687,"Taipei NTNU/NTU( 1min Taipower MRT,Shida market)1D",221534550,Anne,,中正區,25.02049,121.52679,Entire home/apt,1486,2,18,2024-12-01,1.82,48,75,18,
1079730419242021440,【創意美食街】中山國小站／當地美食巷弄／集結設計師餐廳／為味蕾帶來全新體驗／藝術之都／友善外國人,553950329,Tendy,,中山區,25.058331929391958,121.52442850822271,Entire home/apt,7746,2,0,,,6,90,0,
1079988668534800578,西門町典雅雙人房 Ximending Double room,122764186,Kyo,,萬華區,25.04072668140719,121.50339440655222,Entire home/apt,1551,2,27,2024-12-16,2.57,86,67,27,
1080081016923589321,台北 西門町  獨棟房屋（4間房間、3間衛浴）獨棟房屋、距離西門地圖5分鐘、西門町商圈、夜市、百貨,557550864,Oscar,,萬華區,25.0420922,121.5074017,Entire home/apt,8214,2,7,2024-12-07,0.92,5,175,7,
1080128822568806270,Rooftop garden+101 view@XinyiAnhe MRT(monthly 月租),1295140,Studio 17,,大安區,25.03566,121.54871,Entire home/apt,5821,5,1,2024-03-03,0.10,13,36,1,
1080173765251632749,Sunset Dreams I,30887495,Sin U,,大安區,25.03185575937969,121.54194100590692,Entire home/apt,2224,2,43,2024-12-14,4.03,3,322,43,
1080279187805828666,台北車站高機能大空間,229545480,Ryan,,中正區,25.04716,121.51814,Entire home/apt,4329,9,4,2024-06-21,0.41,1,125,4,
1080301059191970653,：Cozy apartment near NTU、Ntnu：,147140779,Sydney,,大安區,25.017152,121.532209,Entire home/apt,2695,14,7,2024-10-26,0.69,2,191,7,
1080319297938155290,1 Min to MRT& Night Market/出門就可逛饒河夜市/松山火車站走路三分鍾,24781354,Aj,,松山區,25.05120676239806,121.57678622668308,Entire home/apt,2157,2,20,2024-12-23,2.56,4,105,20,
1080407555813101909,台北市信義區全新裝潢！歡迎長期住宿、3分鐘就到捷運站！,481048822,崇景,,信義區,25.0224172,121.5548901,Entire home/apt,7829,3,31,2024-12-31,3.16,1,117,31,
1080435503728514577,“竹鳴Zumi”整棟雙層空間/赤峰街商圈/中山站R9走路7分鐘/2房1衛 2R1B/洗衣機,543908162,Mvk,,中山區,25.0557501,121.5235965,Entire home/apt,2891,2,48,2024-12-17,4.53,5,214,48,
1080463732651434949,“木鳴Mumi”整棟雙層空間/中山站R9走路7分鐘 /2房1衛 2R1B/洗衣機,543908162,Mvk,,中山區,25.0557501,121.5235965,Entire home/apt,3040,2,58,2024-12-15,5.42,5,190,58,
1080625156290007049,"Taipei center, cozy cabin",24431268,Min Ling,,中正區,25.023798666930464,121.52077551792179,Private room,2143,1,6,2024-12-15,0.97,1,257,6,
1080738466973857755,西門町舒爽雙人房 Ximending double room,122764186,Kyo,,萬華區,25.047376348648278,121.50644486980954,Entire home/apt,2067,2,20,2024-12-02,1.85,86,66,20,
1080758805560266219,New open <Cotton candy land>,441408173,Rosalia,,萬華區,25.042612071649092,121.50566750895497,Entire home/apt,3100,1,17,2024-12-15,1.63,14,269,17,
1080824104983799406,Daan Park Elevator New 3room apartment,277278670,Garden,,大安區,25.03364,121.5391,Entire home/apt,6643,30,6,2024-12-27,0.61,14,265,6,
1080829140508748891,西門町精芯雙人房 Ximending double room,122764186,Kyo,,萬華區,25.04769308088973,121.50670357047149,Entire home/apt,1967,2,28,2024-12-16,2.68,86,71,28,
1080893312810960060,韓系奶油風格 stay for 8ppl #近通化街夜市,92890581,Amelia,,大安區,25.03086,121.55362,Entire home/apt,4989,2,53,2024-12-29,4.75,9,146,53,
1080951572845025625,北車悠契雙人房 TaipeiStation DoubleRoom,122764186,Kyo,,中正區,25.043614403086856,121.51626604055171,Private room,1733,2,20,2024-11-15,1.83,86,11,20,
1081140858918358021,西門町雙人10號房 Ximending double room 10,122764186,Kyo,,萬華區,25.0452,121.5081,Entire home/apt,1457,2,37,2024-11-30,3.42,86,83,37,
1081469540212540502,西門町雙人11號房 Ximending double room 11,122764186,Kyo,,萬華區,25.0433,121.50723,Entire home/apt,1591,2,34,2024-12-15,3.15,86,71,34,
1081493249508852574,西門町雙人12號房 Ximending double room 12,122764186,Kyo,,萬華區,25.045085453613723,121.50832092629888,Entire home/apt,1591,2,38,2024-12-11,3.47,86,52,38,
1081548045496656278,接機優惠Dec hot sale近教育大學/綠野仙蹤shared bathroom 獨立房間d(月租,107844067,Debby,,大安區,25.026965351820927,121.54807168722668,Private room,1415,2,4,2024-05-02,0.36,14,288,4,
1081563645126033460,西門町雙人13號房 Ximending double room 13,122764186,Kyo,,萬華區,25.04307,121.50675,Entire home/apt,2322,2,37,2024-12-17,3.44,86,78,37,
1081570996874111890,西門町雙人14號房 Ximending double room 14,122764186,Kyo,,萬華區,25.04309,121.50805,Entire home/apt,2250,2,42,2024-12-16,3.89,86,57,42,
1081609127825689218,西門町雙人15號房 Ximending double room 15,122764186,Kyo,,萬華區,25.04513,121.50848,Entire home/apt,2250,2,36,2024-12-01,3.34,86,46,36,
1081622276517113424,"Taipei NTNU/NTU( 5min Taipower MRT,Shida market)WB",221534550,Anne,,大安區,25.020185738108637,121.53215543194392,Entire home/apt,1086,2,11,2024-11-29,1.01,48,81,11,
1081673182898646183,H915/NingxiaNightMarket5mins/Lift/Wi-Fi/Microwave,136010110,Rex,,大同區,25.05291,121.51326,Entire home/apt,1374,2,42,2024-12-29,3.89,36,327,42,
1081674532952601376,"2 bedrooms in 1st floor apmt, CKS hall, MRT 5 min",312751,Paul,,中正區,25.02332,121.52274,Private room,2519,2,5,2024-07-28,0.49,3,127,5,
1081720555112530244,西門町雙人17號房 Ximending double room 17,122764186,Kyo,,萬華區,25.04457,121.50855,Entire home/apt,2338,2,25,2024-12-15,2.48,86,87,25,
1081820400339374612,Glowing Smiley Inn Ximen,67202633,Smiley Inn,,萬華區,25.042986155034466,121.50532029569149,Entire home/apt,1970,1,37,2024-12-28,3.56,25,87,37,
1081873227073014235,New face 全新東區所羅門之居 ～清新舒適旅宿，忠孝敦化站5分鐘，可洗晾衣可炊煮,82459487,H,,松山區,25.04564,121.55425,Entire home/apt,2131,4,5,2024-12-13,0.63,9,180,5,
1082172903221271511,西門町便宜4~8人房5min西門站~4張標準雙人床~近家樂福三味食堂皇家帝國麻辣火鍋,559875273,Angel,,萬華區,25.0404832,121.5053797,Entire home/apt,3325,4,30,2024-12-08,2.80,1,121,30,
1082280778148041643,Shuanglian Modern 2 Room Suite,514613922,Andy,,中山區,25.05979,121.52105,Entire home/apt,5286,4,33,2024-12-08,3.09,3,51,33,
1082341736690398261,Ikea-Style Cozy Loft Tapei,78767148,Michelle,,中山區,25.058523033478547,121.52743305047535,Entire home/apt,1257,30,3,2024-07-31,0.43,1,327,3,
1082415699992425221,灰色空間A、B / MRT西門3分鐘 /2房2衛0廳/4人.,445307436,承芊,,萬華區,25.044150683923206,121.5058858763462,Entire home/apt,3360,3,1,2024-09-08,0.26,28,191,1,
1082442329126963909,6D/有電梯溫馨房，獨立衛浴，西門捷運站走路六分鐘,14567958,Jon,,萬華區,25.044486006344613,121.5030506508157,Entire home/apt,1529,2,42,2024-12-07,3.91,18,142,42,
1082476641165805537,都市小宅包層/ MRT西門3分鐘 /5房5衛0廳/11人.,445307436,承芊,,萬華區,25.045558457576348,121.50633386109493,Entire home/apt,10147,2,4,2024-12-16,0.43,28,186,4,
1082740563656663356,Muji House 無印小別墅 - Cozy & near Subway  Nightmarket,28103867,Henry,,萬華區,25.040623277384153,121.49997879233577,Entire home/apt,5171,4,10,2024-12-12,1.01,38,75,10,
1083014129038003629,都市小宅A、Y、N /MRT西門3分鐘/3房3衛0廳/6人.,445307436,承芊,,萬華區,25.043603103955533,121.5062929203203,Entire home/apt,,3,3,2024-11-27,0.34,28,214,3,
1083209554100313702,T302 / Ximen MRT / 5 min walk / Dadaocheng / Promo,453709970,Bella,,中正區,25.04428,121.51106,Entire home/apt,1543,2,15,2024-11-19,1.40,31,82,15,
1083304932142999195,古亭公寓視野房,56532738,Jesse,,中正區,25.027255718455304,121.51091085199296,Private room,1000,30,2,2024-06-02,0.26,11,218,2,
1083322502572760272,Meaw for traveler / 201 位在市中心，雙捷運站/月租套房,289060981,Yuwen,,中山區,25.0513,121.52145,Private room,2480,3,22,2024-12-23,2.59,14,263,22,
1083759270821241701,走一趟傳統與現代之旅,15417083,賜陽,,中山區,25.0584986,121.5209415,Entire home/apt,1886,1,37,2024-12-28,3.57,2,173,37,
1083770641440074755,w922# XIMEN MRT#Tapei main station# Monthly Promo!,453709970,Bella,,萬華區,25.044443889796245,121.5026702749563,Entire home/apt,1829,2,7,2024-09-02,0.68,31,32,7,
1084010297894116222,萬華育樂中心房B【可月租】【可辦活動】,54438414,戴西 Dacy,,萬華區,25.04645,121.5065,Private room,1229,30,5,2024-06-08,0.57,12,234,5,
1084109062851686236,Cozy P6𓇬Taipei 101𓇬MRT 6站西門站𓇬5站台北站𓇬住1-4人𓇬全新裝修,115798819,Airbnb,,大安區,25.025967589052406,121.54562902416903,Entire home/apt,1532,3,16,2024-12-14,1.54,68,38,16,
1084423548079115820,S719 / Jiantan MRT 5min / Shilin Night Market,453709970,Bella,,士林區,25.089715647205487,121.5234384667457,Entire home/apt,1129,2,5,2024-11-13,0.52,31,74,5,
1084570380677199189,西門站步行2分電梯大樓景觀雙人房,558551683,Jay,,萬華區,25.03996,121.5062,Entire home/apt,1809,2,6,2024-12-17,0.61,4,148,6,
1085129032695813197,市中心/Dadaocheng/TP101/Ximending/Metro/歡迎月租,428361363,Lin,,中山區,25.050057333094987,121.52204617709657,Entire home/apt,1914,5,7,2024-07-30,0.70,7,31,7,
1085333173893461399,接機優惠Dec hot sale .MRT Xingtian Temple/純粹意象,107844067,Debby,,中山區,25.06127,121.52942,Entire home/apt,7809,2,14,2024-10-15,1.28,14,356,14,
1085388751110367655,5B/捷運站西門站步行六分鐘／電梯／Prime Video/Disney+/wifi／獨立衛浴,14567958,Jon,,萬華區,25.045,121.50485,Entire home/apt,2657,2,37,2024-12-07,3.45,18,101,37,
1085411813203606322,Simba Sweet Home,560613176,Shih Hwy,,大安區,25.03975646725661,121.53336223372955,Entire home/apt,1300,2,25,2024-12-29,2.51,1,6,25,
1085571593026934275,Luxury Hotel 精品旅館𓇬豪華雙人客房𓇬MRT西門站𓇬Taipei 101𓇬住1-2人,115798819,Airbnb,,萬華區,25.04302440623649,121.50529251377625,Private room,4663,3,33,2024-09-03,3.17,68,46,33,
1085608367632676082,Luxury Hotel 精品旅館𓇬豪華雙人陽台房𓇬MRT西門站𓇬Taipei 101𓇬住1-2人,115798819,Airbnb,,萬華區,25.04348,121.50743,Private room,,3,3,2024-03-13,0.29,68,46,3,
1085768036716974111,(機捷3分鐘、MRT3mins)Cat Tail Pocket Inn.貓尾口袋（套房102）,58099872,Ching-Shiuan,,大同區,25.05062,121.51432,Private room,3734,1,1,2024-04-01,0.11,16,152,1,
1085842002797799999,(機捷3分鐘、MRT3mins)Cat Tail Pocket Inn.貓尾口袋（套房103）,58099872,Ching-Shiuan,,大同區,25.05047710873568,121.51253381366645,Private room,3706,1,4,2024-04-14,0.38,16,148,4,
1085943797485583269,(機捷3分鐘、MRT3mins)Cat Tail Pocket Inn.貓尾口袋（套房107）,58099872,Ching-Shiuan,,大同區,25.05068,121.51309,Private room,3986,1,6,2024-05-05,0.58,16,143,6,
1085972111180515083,(機捷3分鐘、MRT3mins)Cat Tail Pocket Inn.貓尾口袋（套房105）,58099872,Ching-Shiuan,,大同區,25.05056652951207,121.51316629874121,Private room,3706,1,8,2024-12-18,0.85,16,154,8,
1086082326842384505,(機捷3分鐘、MRT3mins)Cat Tail Pocket Inn.貓尾口袋（套房104）,58099872,Ching-Shiuan,,大同區,25.05044,121.51407,Private room,3706,1,25,2024-12-26,2.44,16,157,25,
1086090651800469206,(機捷3分鐘、MRT3mins)Cat Tail Pocket Inn.貓尾口袋（台北101景觀房）,58099872,Ching-Shiuan,,大同區,25.05065020641888,121.51301593952405,Private room,4586,1,4,2024-05-23,0.43,16,131,4,
1086496473451025424,T1/典雅8人房/4房2衛/台北車站10min/西門町/寧夏夜市/南西商圈/MRT中山站雙線,430176710,Sc,,大同區,25.05249,121.51644,Entire home/apt,7631,2,27,2024-12-01,2.79,15,148,27,
1086829254322658005,西門站步行2分鐘安靜舒適～電梯大樓/近紅樓/夜市/家樂福,558551683,Jay,,萬華區,25.04039189075917,121.5061055118247,Entire home/apt,2214,2,2,2024-11-09,0.22,4,181,2,
1086836240625212432,西門商圈617/捷運西門站步行4分鐘/6～8人房/附洗衣機/兩房兩衛浴,508233574,詩純,,萬華區,25.0454056,121.506528,Entire home/apt,5602,2,15,2024-12-24,1.51,26,47,15,
1086906083372627259,TPEHS XN611/城市奶茶/觀光夜市/西門町/捷運西門站走路6分鐘/洗衣機/住1-8人,493324130,House,,萬華區,25.046241682496273,121.50713419036994,Entire home/apt,5328,2,20,2024-12-13,1.93,55,171,20,
1086928887788654553,TPEHS XN645/白月與鳥/西門町/電梯/捷運西門站走路6分鐘/洗衣機/住1-8人,493324130,House,,萬華區,25.04595,121.50495,Entire home/apt,4285,2,28,2024-12-24,2.63,55,166,28,
1086938216665347355,台北101DiscountXN930蒲公英/洗脫烘衣機/兩房夜市/捷運西門町站走路6分鐘電梯1-6人,493324130,House,,萬華區,25.0443187661784,121.50583637912472,Entire home/apt,,2,30,2024-12-08,2.89,55,135,30,
1086962325436602081,Taipei NTNU Apt Gree Room 4F-2,125647931,Adam,,大安區,25.0243987,121.5292909,Private room,,1,0,,,12,0,0,
1087301830191521533,機捷3分鐘、MRT3mins)Cat Tail Pocket Inn.貓尾口袋(背包客棧BnB),58099872,Ching-Shiuan,,大同區,25.050617165151593,121.51288620326348,Shared room,1379,1,3,2024-07-15,0.29,16,76,3,
1087369977709688110,機捷3分鐘、MRT3mins)Cat Tail Pocket Inn.貓尾口袋(背包客棧BnB),58099872,Ching-Shiuan,,大同區,25.05038,121.51433,Shared room,1379,1,7,2024-07-28,0.68,16,77,7,
1088035472559059459,＊MRT 400m w 24hr Security｜Wifi 600M &Bathtub ｜RR9,242730194,Kolette,,中山區,25.05179,121.52441,Entire home/apt,4714,30,2,2024-07-01,0.19,67,102,2,
1088055771074427685,機捷3分鐘、MRT3mins)Cat Tail Pocket Inn.貓尾口袋(背包客棧BnB),58099872,Ching-Shiuan,,大同區,25.05049,121.51383,Shared room,1379,1,3,2024-03-30,0.30,16,77,3,
1088061108112569639,＊ＳＡＬＥ＊Mrt 400m｜Wifi 600M｜Elevator &Bathtub｜RR9-3,242730194,Kolette,,中山區,25.049786210468557,121.52405764391126,Entire home/apt,4857,30,2,2024-10-14,0.25,67,98,2,
1088063250763764648,機捷3分鐘、MRT3mins)Cat Tail Pocket Inn.貓尾口袋(背包客棧BnB),58099872,Ching-Shiuan,,大同區,25.05021,121.51257,Shared room,1379,1,11,2024-07-21,1.04,16,77,11,
1088067250276214057,機捷3分鐘、MRT3mins)Cat Tail Pocket Inn.貓尾口袋(背包客棧BnB),58099872,Ching-Shiuan,,大同區,25.05049,121.51256,Shared room,,1,4,2024-09-02,0.38,16,0,4,
1088069074367344151,＊MRT６min &24hr Security｜Wifi 600M w Elevator｜RR9-2,242730194,Kolette,,中山區,25.049642099759836,121.52395621284272,Entire home/apt,4580,30,2,2024-04-13,0.20,67,63,2,
1088085049412349127,[Nomad Stays]｜2A｜古亭｜大公共空間｜WFH,33878491,Maurice,,中正區,25.03127,121.52159,Private room,770,30,5,2024-06-17,0.55,11,212,5,
1088213144791451207,Xinyi district ｜Taipei 101,10378619,Xumu,,信義區,25.01783638750697,121.5697060663919,Entire home/apt,3314,3,0,,,9,270,0,
1089809633688989134,SUO-2頂級套房 3Mins Ximen MRT 西門町時尚房,28103867,Henry,,萬華區,25.04125,121.50436,Entire home/apt,4574,4,9,2024-11-06,0.88,38,81,9,
1090290891629924544,西門商圈2D/捷運西門站步行1分鐘/附洗衣機/漂亮2～4人房,508233574,詩純,,萬華區,25.0431607,121.5077601,Entire home/apt,2431,2,17,2024-11-29,1.81,26,52,17,
1090957941658269587,Stunning Smiley Inn Ximen,67202633,Smiley Inn,,萬華區,25.043952816798853,121.50502600185045,Entire home/apt,1771,1,21,2024-11-30,2.02,25,89,21,
1091373020901926907,台北 西門町 Extra large space 電梯4F 近地鐵/西門町夜市/洗衣機/對外窗,540100951,James,,萬華區,25.04149,121.5073,Entire home/apt,1407,2,17,2024-12-16,1.95,14,228,17,
1091413803642755134,Deluxe Taipei Main Station 2BR Unit,542581964,Calvin,,大同區,25.049048134523566,121.51737640317994,Entire home/apt,3765,3,22,2024-11-10,2.14,7,221,22,
1091666508661872855,台北巿中心雙捷運4 房4衞浴近西門町101 loft風格整層包棟,10900462,Sarah,,中山區,25.05535,121.54238,Entire home/apt,7866,2,0,,,6,75,0,
1091954323372372435,Design Hotel𓇬設計風旅店𓇬經濟雙人房型𓇬誠品MRT雙連站 台北車站 中山站,115798819,Airbnb,,中山區,25.0570109,121.5252231,Private room,1337,2,0,,,68,71,0,
1091987947197115418,Design Hotel𓇬設計風旅店𓇬標準雙人房型-無窗𓇬誠品MRT雙連站 台北車站 中山站,115798819,Airbnb,,中山區,25.0570109,121.5252231,Private room,1714,2,0,,,68,89,0,
1092005402126100407,Design Hotel𓇬設計風旅店𓇬經典雙人房型𓇬誠品MRT雙連站 台北車站 中山站,115798819,Airbnb,,中山區,25.0570109,121.5252231,Private room,,2,2,2024-04-10,0.19,68,89,2,
1092009751642314808,Design Hotel𓇬設計風旅店𓇬小和式雙人房型𓇬誠品MRT雙連站 台北車站 中山站,115798819,Airbnb,,中山區,25.0570109,121.5252231,Private room,1909,2,0,,,68,87,0,
1092015203347667040,Design Hotel𓇬設計風旅店𓇬公園景觀房型𓇬誠品MRT雙連站 台北車站 中山站,115798819,Airbnb,,中山區,25.0570109,121.5252231,Private room,2103,2,2,2024-10-03,0.22,68,90,2,
1092390530640533879,接機優惠Dec hot sale.While there is life there is hope,268347453,Nigel,,中山區,25.061009528890107,121.54270266054353,Entire home/apt,4589,2,15,2024-12-16,1.41,19,359,15,
1092469539030086606,西門町悠雅雙人房 Ximending Double room,122764186,Kyo,,萬華區,25.04249,121.50381,Entire home/apt,2296,2,32,2024-11-23,3.20,86,75,32,
1092673490572599048,台北車站西門町 北門MRT 5分鐘(國內訂房未開放)美式工業風-電梯公寓(月租2-4人房),531621938,Anna,,萬華區,25.04819,121.50903,Entire home/apt,,2,35,2024-12-14,3.39,3,104,35,
1093073292536742514,2 rooms Ximending night market 3 mins to MRT Ximen,62201840,Mina,,萬華區,25.04419,121.50736,Entire home/apt,2500,1,11,2024-12-23,2.39,1,290,11,
1093228471411920690,NEW 近台北101/ 整層公寓/可８人入住,105890527,Alan,,南港區,25.03925,121.58834,Entire home/apt,3214,3,19,2024-12-15,1.88,16,132,19,
1093282070111148082,接機優惠Dec hot sale/Spend yourlife in your ownway科技大樓,268347453,Nigel,,大安區,25.024519318061284,121.54138125346296,Entire home/apt,5756,2,36,2024-12-27,3.40,19,354,36,
1093464940235953347,@DB2-大安MRT走路3分鐘 1F/ 101/永康商圈/臨江夜市 2-4人住,524596170,Xinyi,,大安區,25.03243,121.54316,Private room,1540,3,2,2024-12-17,0.24,14,89,2,
1093471705751799152,@DT(AB)大安MRT 走路3分鐘 1F/ 101/永康商圈/臨江夜市[2 room 4-6人],524596170,Xinyi,,大安區,25.034,121.54426,Private room,3921,2,1,2024-03-16,0.10,14,179,1,
1093771784680636484,The Therapy 療所 / 現代風禪寓 / 放鬆身心靈 / 大同區,384660327,明樺,,大同區,25.066260174053838,121.51607657130377,Entire home/apt,1031,5,26,2024-11-29,2.63,1,88,26,
1093803252459931569,【New】N捷運旁｜近西門｜中山市集｜電梯洗脫烘｜使い捨てトイレ｜洗脫烘｜비즈니스 호텔｜友善外國人,490134486,Hung Chih,,中山區,25.058035585588026,121.52377489085295,Entire home/apt,6047,2,4,2024-12-17,0.42,41,269,4,
1093813583884151474,【New】O捷運旁｜近西門｜中山市集｜電梯洗脫烘｜使い捨てトイレ｜洗脫烘｜비즈니스 호텔｜友善外國人,490134486,Hung Chih,,中山區,25.05740663652553,121.52439712156182,Entire home/apt,5524,3,4,2024-12-16,0.42,41,267,4,
1093926515464634117,@St松山MRT/饒河夜市/南港展覽館/公寓3F無電梯,22840761,Kikina,,信義區,25.046935835861056,121.57724122770307,Private room,,3,1,2024-02-26,0.10,21,88,1,
1094008480512300183,西門町4分鐘 /4 minutes Ximending MRT,230860138,Amy,,萬華區,25.045172581328885,121.50781776756048,Entire home/apt,,2,0,,,5,188,0,
1094031400118053167,Great place .MRT R12 Station （130m),533209356,Andrew,,中山區,25.05758,121.52215,Entire home/apt,2979,2,43,2024-12-19,4.15,1,23,43,
1094035106179061003,西門站6分鐘/6 minutes  Ximen Station/ swome house,230860138,Amy,,萬華區,25.0441638,121.5039729,Entire home/apt,,2,2,2024-06-24,0.27,5,259,2,
1094499933265957430,TP02 台北車站5分鐘/獨立衛浴/無窗戶/三小床 (3 Single Beds),515134403,Ncbb,,中正區,25.044630909567402,121.51295778121252,Private room,3833,1,21,2024-12-26,2.09,18,49,21,
1094591518958494628,Mauve/2F/捷運南京復興3分鐘/小巨蛋,90544129,黃,,松山區,25.05222,121.54422,Entire home/apt,5900,2,25,2024-12-17,2.53,7,124,25,
1094607616602007913,灰色空間C、D / MRT西門3分鐘 /2房2衛0廳/ 8人.,445307436,承芊,,萬華區,25.0457,121.5079,Entire home/apt,5103,3,10,2024-10-16,1.17,28,188,10,
1094624642839629770,灰色空間包層/ MRT西門3分鐘 /4房4衛0廳/12人.,445307436,承芊,,萬華區,25.04426592331017,121.50598043313934,Entire home/apt,10900,2,7,2024-11-03,0.98,28,169,7,
1094652589357103412,都市小宅K、R /MRT西門3分鐘/2房2衛0廳/5人.,445307436,承芊,,萬華區,25.0444,121.50814,Entire home/apt,2784,3,8,2024-12-13,0.98,28,194,8,
1094674301045191317,小樹林B、C、E /MRT西門3分鐘 /3房3衛0廳/6人.,445307436,承芊,,萬華區,25.045959735880935,121.50806278491142,Entire home/apt,4594,3,5,2024-10-22,0.97,28,196,5,
1094688167317471020,無印簡約2 - Taipei Main Station台北車站西門町步行 陽台洗衣機,28103867,Henry,,中正區,25.04606,121.5159,Entire home/apt,3589,4,28,2024-12-16,2.74,38,81,28,
1094798849403415186,"Taipei NTNU/NTU( 1min Taipower MRT,Shida market)1A",221534550,Anne,,中正區,25.02035825704178,121.52709678686354,Entire home/apt,871,2,4,2024-11-11,0.39,48,75,4,
1095007529062544923,Pearl in the Heart of Taipei,562905631,Nena,,信義區,25.04127165159257,121.56140775222501,Entire home/apt,6000,14,2,2024-04-21,0.22,1,150,2,
1095307166988771371,小樹林包層/ MRT西門3分鐘 /5房5衛0廳/11人.,445307436,承芊,,萬華區,25.04525,121.50786,Entire home/apt,9302,2,2,2024-12-03,0.58,28,187,2,
1095317701171079584,TP03 台北車站5分鐘/獨立衛浴/無窗戶/三小床 (3 Single Beds),515134403,Ncbb,,中正區,25.04482,121.51389,Private room,3244,1,17,2024-12-25,1.80,18,15,17,
1095439660201856642,【Hot】52 中山站／全新裝修／五星飯店／簡約靜謐/西方設計/商務飯店／美食咖啡／外國人友善,519336015,Len,,中山區,25.05798,121.52607,Entire home/apt,14508,1,0,,,24,270,0,
1095516486684895426,【New】P捷運旁｜近西門｜中山市集｜電梯洗脫烘｜使い捨てトイレ｜洗脫烘｜비즈니스 호텔｜友善外國人,490134486,Hung Chih,,中山區,25.05732,121.52255,Entire home/apt,4575,30,4,2024-09-04,0.42,41,270,4,
1095675078942556988,Ximen sweet甜蜜 room 2pex,550625759,竣維,,萬華區,25.043690879643773,121.50362212210895,Entire home/apt,1237,2,44,2024-12-08,4.27,4,46,44,
1095936744087678968,【Hot】53 中山站／電梯全新裝修／五星商務套房／雙窗通風採光／簡約靜謐／美食咖啡／外國人友善,519336015,Len,,中山區,25.05613,121.52593,Entire home/apt,14318,1,0,,,24,270,0,
1095962655592564092,機捷3分鐘、MRT3mins)Cat Tail Pocket Inn.貓尾口袋(背包客棧BnB),58099872,Ching-Shiuan,,大同區,25.050753709708093,121.51322439457452,Shared room,,1,3,2024-03-17,0.30,16,0,3,
1095970582633622340,機捷3分鐘、MRT3mins)Cat Tail Pocket Inn.貓尾口袋(背包客棧BnB),58099872,Ching-Shiuan,,大同區,25.0493,121.51449,Shared room,,1,8,2024-04-22,0.77,16,0,8,
1095985919827018581,機捷3分鐘、MRT3mins)Cat Tail Pocket Inn.貓尾口袋(背包客棧BnB),58099872,Ching-Shiuan,,大同區,25.050620859928586,121.51478083635767,Shared room,,1,4,2024-04-07,0.38,16,0,4,
1096128632366484429,Daan Park Elevator 3 bedroom,277278670,Garden,,大安區,25.034235202972805,121.53922190536312,Entire home/apt,,5,8,2024-12-10,0.82,14,271,8,
1096420348017156838,Comfy stay in Central Taipei - Walk to everything!,513077627,Eddo,,大安區,25.03802545628268,121.54582878646434,Entire home/apt,5738,4,17,2024-12-15,1.67,2,250,17,
1096571250293663320,【頂級享受】國賓53／中山捷運站／麗晶／全新裝修電梯／商務套房／使い捨てトイレ／안녕하세요外國人友善,553950329,Tendy,,中山區,25.056281183792233,121.52421073329879,Entire home/apt,6221,2,0,,,6,269,0,
1096708074805710385,-66.Studio捷運套房走路三分鐘.舒適安全的環境,502422334,Ming Chen,,大安區,25.04164,121.5528,Entire home/apt,3493,3,3,2024-12-29,1.41,3,91,3,
1097299330351633802,【現代時尚】國賓52／中山捷運站／麗晶／全新裝修電梯／商務套房／使い捨てトイレ／안녕하세요外國人友善,553950329,Tendy,,中山區,25.05645,121.52472,Entire home/apt,5130,2,0,,,6,269,0,
1097321514936675475,【品味生活】國賓54／中山捷運站／麗晶／全新裝修電梯／商務套房／使い捨てトイレ／안녕하세요外國人友善,553950329,Tendy,,中山區,25.056973769867408,121.52433745514139,Entire home/apt,5032,2,0,,,6,270,0,
1097332883137996849,【頂級享受】國賓51／中山捷運站／麗晶／全新裝修電梯／商務套房／使い捨てトイレ／안녕하세요外國人友善,553950329,Tendy,,中山區,25.05635,121.52475,Entire home/apt,5188,2,1,2024-03-24,0.11,6,270,1,
1097432393274280207,OG Apt w/ lift near Ximen MRT 西門町 近西門地鐵站 獨立浴室 西門站,79915350,Paradise Taipei,,萬華區,25.043187894573624,121.50410365236704,Entire home/apt,1987,3,17,2024-12-22,1.63,29,162,17,
1097620509670009295,Smile Green House 全新@台北西門町 Ximending(4-6人),15012350,P&P,,萬華區,25.045813354673342,121.50772415484886,Entire home/apt,4730,3,45,2024-12-22,4.53,5,37,45,
1097747693422334122,機捷3分鐘、MRT3mins)Cat Tail Pocket Inn.貓尾口袋(背包客棧BnB),58099872,Ching-Shiuan,,大同區,25.05073,121.51443,Shared room,,1,2,2024-04-05,0.19,16,0,2,
1097776362237737479,優惠 台北車站30秒 臺北 5人房 Taipei main station 簡單生活/WS,104718340,Kumiko,,中正區,25.046012889119982,121.51683334705821,Entire home/apt,4436,2,3,2024-09-29,0.41,11,90,3,
1098143935149459252,101、安和捷運2min、通化美食夜市、生活機能極佳,212049004,瑀彤,,大安區,25.03142,121.5525,Private room,1357,3,19,2024-12-30,1.86,5,363,19,
1098451645093686307,@ZT(DE)忠孝復興MRT/走路3分鐘內到,525142549,Daan,,大安區,25.043036657877632,121.54672355651354,Private room,4089,3,0,,,8,180,0,
1098454139348199868,Cozy room 圓山花博公園舒適套房,37476784,Cherry,,中山區,25.068613449385744,121.5238505884702,Entire home/apt,1642,4,21,2024-12-19,2.44,2,232,21,
1098472992858435051,Sun Palace-5 mins to MRT/信義安和/101/電梯/遠企,246887329,En Chi,,大安區,25.02932,121.54995,Entire home/apt,2920,20,2,2024-11-21,0.23,4,140,2,
1098749265620629508,Da An B3,50959552,Dawson,,大安區,25.035916137940035,121.54900581119482,Entire home/apt,1158,2,36,2024-12-30,3.58,8,332,36,
1099171280922807810,「和季」，西門町4人房，阿宗麵線，捷運西門站步行3分鐘，電梯。,118973784,Andy,,萬華區,25.04315,121.50594,Entire home/apt,2797,3,18,2024-12-13,1.86,20,155,18,
1099275254218386010,@ZD1-Taipei center 忠孝復興/西門町15min 1-2人住,525142549,Daan,,大安區,25.04299,121.54656,Private room,1714,3,0,,,8,90,0,
1099486435447938506,[Nomad Stays]｜2B｜古亭｜大公共空間｜WFH,33878491,Maurice,,中正區,25.02903,121.52132,Private room,500,30,2,2024-08-24,0.21,11,230,2,
1099489379796917380,[Nomad Stays]｜3A｜古亭｜廚房｜大工作桌,33878491,Maurice,,中正區,25.0295682122086,121.52127279696644,Private room,2971,30,5,2024-09-03,0.52,11,138,5,
1099491462371310578,[Nomad Stays]｜2C｜超大空間｜古亭｜大公共空間｜WFH,33878491,Maurice,,中正區,25.03109,121.52133,Private room,3016,30,2,2024-09-08,0.48,11,157,2,
1099506294651378786,[Nomad Stays]｜3B｜超大空間｜古亭｜大公共空間｜WFH,33878491,Maurice,,中正區,25.03109,121.52223,Private room,911,30,5,2024-08-12,0.54,11,249,5,
1099589624507838310,Teinmu Zhishan芝山捷運3 Min/50% Off/2樓2F,498346612,Jolie,,士林區,25.102808,121.5239379,Entire home/apt,4073,7,6,2024-12-07,0.87,5,241,6,
1099793967081746079,西門公園雙人房 Ximen park two people,49920099,景糧,,萬華區,25.04139,121.50622,Entire home/apt,2521,4,26,2024-12-13,2.57,1,162,26,
1099855268266269503,《悠活4～6人房》西門捷運站6號出口，走路一分鐘，阿宗麵線斜對面，免費寄放行李,517647064,Vincent,,萬華區,25.04321,121.507,Entire home/apt,2983,2,7,2024-12-19,0.72,7,204,7,
1099896163102538840,西門商圈915/捷運西門站步行3分鐘/有陽台/漂亮大套房,508233574,詩純,,萬華區,25.0429491,121.5056906,Entire home/apt,9465,3,2,2024-07-05,0.23,26,70,2,
1099911576434121869,西門商圈1106/捷運西門站步行3分鐘/有陽台/乾濕分離衛浴/漂亮大套房,508233574,詩純,,萬華區,25.0429491,121.5056906,Entire home/apt,2391,3,1,2024-05-19,0.13,26,75,1,
1099926035776787619,Simple Travel 2A Ximen 시먼딩 MRT 5Min,214357052,Ming Chun,,萬華區,25.043838264728173,121.50297329466366,Entire home/apt,2441,3,15,2024-12-25,1.52,6,79,15,
1099938052519689081,《怡家4-5人房]西門捷運站6號\有電梯\寄放行李\阿宗麵線對面,517647064,Vincent,,萬華區,25.04429,121.50862,Entire home/apt,2697,2,10,2024-12-26,1.03,7,233,10,
1100129233719832174,Cozy 雙人泡澡浴缸B12𓇬Ximen𓇬Taipei 101𓇬住1-2人𓇬MRT 中山站 台北站,114167827,Ta,,中山區,25.052369377676463,121.52343061595285,Private room,1321,3,17,2024-12-16,1.73,1,89,17,
1100363064608333821,"m&s Cream House 
1min to Ximen MRT
#出門就可以看到地鐵站",104613276,Ivy,,萬華區,25.040550348009337,121.50740625229908,Entire home/apt,1566,3,33,2024-12-27,3.27,4,51,33,
1100417831729529194,旅家雅舍11BEF＠8B5B高樓層新裝潢16~20人古亭站 師大永康商圈,104979863,Frank,,中正區,25.0237991,121.5245995,Entire home/apt,19429,4,0,,,15,259,0,
1100472504742216302,Vastness /捷運南京復興/小巨蛋/遼寧街夜市/3樓,90544129,黃,,松山區,25.052575729057477,121.54416639276921,Entire home/apt,8929,2,28,2024-12-30,2.95,7,72,28,
1100538648320699147,【Hot】54 中山站／全新裝修／五星飯店／簡約靜謐/西方設計/商務飯店／美食咖啡／外國人友善,519336015,Len,,中山區,25.05776,121.52474,Entire home/apt,13215,2,1,2024-06-10,0.15,24,270,1,
1100650170613097190,Shining Smiley Inn Ximen,67202633,Smiley Inn,,萬華區,25.041983332701495,121.50672261540744,Entire home/apt,1679,1,35,2024-12-29,3.45,25,85,35,
1100665943686932113,Bustling Smiley Inn Ximen,67202633,Smiley Inn,,萬華區,25.04197,121.50452,Entire home/apt,3093,1,22,2024-12-22,2.21,25,89,22,
1101009758971652933,Simple Travel 2B Ximen 시먼딩 MRT 5Min,214357052,Ming Chun,,萬華區,25.04218497613004,121.50269613128769,Entire home/apt,1986,4,13,2024-12-23,1.32,6,81,13,
1101029260246038733,Simple Travel 3B Ximen 시먼딩 MRT 5Min,214357052,Ming Chun,,萬華區,25.043955189513557,121.50161446784915,Entire home/apt,1696,4,13,2024-12-26,1.31,6,79,13,
1101038440644542696,Simple Travel 4B Ximen 시먼딩 MRT 5Min,214357052,Ming Chun,,萬華區,25.04251,121.50114,Entire home/apt,1646,4,5,2024-12-29,0.52,6,59,5,
1101116812925102665,"Song San, One",50959552,Dawson,,松山區,25.05349,121.56021,Entire home/apt,,2,24,2024-10-15,2.42,8,0,24,
1101142430607491585,台北市中心小豪宅｜可住1～3人｜全套廚房｜獨立浴室｜鄰近捷運市政府站｜溫馨住宿 （僅供長期住宿）,526286517,Jason,,信義區,25.041948223520517,121.56609781086446,Entire home/apt,3114,2,18,2024-12-15,1.99,2,11,18,
1101219610464921102,Ximending/6minMRT/4bed/6people/freeParking,509260019,芸,,萬華區,25.03000914399953,121.50056336444962,Entire home/apt,2629,1,2,2024-03-31,0.21,3,324,2,
1101305086767519210,西門시먼/Ximen MRT(5min)/2-8p,250237099,Sally,,萬華區,25.046152635131183,121.50631047802885,Entire home/apt,2331,2,25,2024-12-10,3.09,13,173,25,
1101397487004155983,Inviting Smiley Inn Ximen,67202633,Smiley Inn,,萬華區,25.04196,121.50647,Entire home/apt,1479,1,22,2024-12-15,2.21,25,88,22,
1101435358664013054,鋼骨抑制地震新式大樓(SRC)飯店式公寓，步行可到捷運站、西門、購物商場,157085472,Jerry,,萬華區,25.04084,121.50145,Entire home/apt,2786,14,5,2024-12-01,0.54,2,120,5,
1101537578466981935,a room,564498709,暉尹,,中正區,25.045400860375764,121.516227785663,Private room,,1,11,2024-10-28,1.11,1,177,11,
1101573089334856893,Cozy 經典雙人房B11𓇬Ximen𓇬Taipei 101𓇬無窗住1-2人𓇬MRT 中山站,115798819,Airbnb,,中山區,25.051061249144237,121.52143080015982,Private room,1143,3,7,2024-12-17,0.70,68,88,7,
1101690911813093789,Cozy co-living Apartment Wenshan,128498650,Yao,,文山區,24.99707,121.56943,Private room,1542,1,5,2024-11-24,0.75,1,128,5,
1101744655940863508,TP04 台北車站5分鐘/獨立衛浴/無窗戶/三小床 (3 Single Beds),515134403,Ncbb,,中正區,25.044853126268638,121.51316348745787,Private room,4925,1,14,2024-12-22,1.41,18,8,14,
1101907706747623910,【信義市政府】Jay Chou/A-Mei演唱會/電梯 大3房2衛~10人房/MRT市政府站 5分鐘,330579461,Toto,,信義區,25.043880611761168,121.56910025687884,Entire home/apt,4773,2,1,2024-04-03,0.11,30,155,1,
1101922071542810529,Taipei Ximen MRT(1min)西門町鬧區中心景觀電梯四人房,559402291,Dle,,萬華區,25.04331,121.50746,Entire home/apt,2818,2,24,2024-12-08,2.42,3,8,24,
1101995012402943953,Simple Travel 4A Ximen 시먼딩 MRT 5Min,214357052,Ming Chun,,萬華區,25.04372,121.50119,Entire home/apt,2441,3,12,2024-12-29,1.27,6,78,12,
1102235934296197579,Ximending𓇬H10苾𓇬Taipei 101𓇬住2-4人MRT 西門站𓇬五星飯店床墊,115798819,Airbnb,,萬華區,25.04519,121.50515,Entire home/apt,,3,5,2024-12-11,0.55,68,88,5,
1102330464087723063,SUO-1頂級套房 3Mins Ximen MRT 西門町時尚房,28103867,Henry,,萬華區,25.04350075963321,121.5043360809452,Entire home/apt,4574,4,14,2024-12-04,1.47,38,77,14,
1102545917485030732,Together相聚2~4人  北車 京站Taipei Main Station WiFi,171974684,Win,,大同區,25.049439008836817,121.51780094951391,Entire home/apt,2103,2,25,2024-12-15,2.51,12,142,25,
1102899118210105202,Charming Smiley Inn Ximen,67202633,Smiley Inn,,萬華區,25.04396,121.5064,Entire home/apt,1500,1,23,2024-12-17,2.31,25,86,23,
1102911353570193972,西門站步行2分鐘台式傳統～電梯大樓/近紅樓/夜市/Ubike,558551683,Jay,,萬華區,25.041827684248496,121.5061084965487,Entire home/apt,1951,2,1,2024-11-23,0.75,4,180,1,
1103069752343597483,Taipei Ximen MRT(5min)西門町鬧區電梯雙人房,559402291,Dle,,中正區,25.046293895006833,121.50980882699353,Entire home/apt,1935,2,22,2024-12-29,2.42,3,12,22,
1103222651917776094,秘密私宅-天光/景觀天窗/Villa/中山商圈/寧夏夜市/2房2衛/2F,445307436,承芊,,大同區,25.05222,121.5139,Entire home/apt,9774,3,15,2024-12-17,1.69,28,194,15,
1103260416483449423,Pampering Smiley Inn Ximen,67202633,Smiley Inn,,萬華區,25.041780049811003,121.50648185164552,Entire home/apt,1441,1,39,2024-12-31,3.93,25,86,39,
1103341066619480042,雙捷運｜電梯大樓獨立套房｜面公園大窗｜吧檯廚房可炊,20337978,Pei Hua,,中正區,25.02626,121.51865,Entire home/apt,,30,0,,,1,0,0,
1103368472002721297,接機優惠Dec hot sale視覺語言的共鳴 Apt in 信義區.,58666148,Cookie,,信義區,25.035965934943732,121.58001171468469,Entire home/apt,3792,2,11,2024-12-08,1.09,21,361,11,
1103385897202835855,台北101discountK312落地窗簾/夜市台北車站西門町/捷運西門站走路8分鐘/電梯1-4人,539813308,Home,,萬華區,25.04391926355905,121.50219629122898,Entire home/apt,1779,2,22,2024-12-16,2.38,42,175,22,
1103405905227854369,TPHS QM1101/西門町Loft空間/台北車站捷運西門町站走路4分鐘/電梯/夜市/住1-4人,539813308,Home,,萬華區,25.04105,121.50553,Entire home/apt,2556,2,20,2024-11-27,2.25,42,172,20,
1103501668764779164,簡單、舒適、平價的商務旅館,559353992,力椽,,大同區,25.050288,121.5155553,Private room,,1,19,2024-12-02,2.10,1,333,19,
1103615017695408002,鋼骨抑制地震新式大樓(SRC)飯店式公寓，步行可到捷運站、西門、購物商場,157085472,Jerry,,萬華區,25.039316647893994,121.50295143841369,Entire home/apt,3389,14,5,2024-11-28,0.54,2,161,5,
1103908939005663140,西門夜市_旅居台北LivingInTPE시먼市景 新電梯大樓獨立門戶有超大露臺 近捷運西門站550m,108653764,素娟,,萬華區,25.04733,121.5057,Entire home/apt,2001,2,27,2024-12-24,2.87,5,81,27,
1103964557515919967,@DT(CD)大安MRT 走路3分鐘 1F/ 101/永康商圈/臨江夜市 2-5人住,524596170,Xinyi,,大安區,25.0335,121.54589,Private room,3729,2,2,2024-12-22,0.22,14,180,2,
1103993023479559379,Simple Travel 3A Ximen 시먼딩 MRT 5Min,214357052,Ming Chun,,萬華區,25.04200371921265,121.50256204157884,Entire home/apt,2491,4,11,2024-12-30,1.11,6,81,11,
1104046647780885254,Breathtaking Smiley Inn Ximen,67202633,Smiley Inn,,萬華區,25.04388,121.5046,Entire home/apt,1714,1,23,2024-12-21,2.31,25,86,23,
1104098954622589547,101都市豐旅-提供長期月租優惠/兩間臥室、兩張雙人床/捷運市政府站5分鐘,68002236,Kelvin,,信義區,25.04411,121.56723,Entire home/apt,2814,1,49,2024-12-30,4.95,9,318,49,
1104111191286050237,【西門町大家庭首選】6-10人/三房三衛浴/5min西門商圈,171628155,Adam,,萬華區,25.04247,121.50263,Entire home/apt,6679,3,30,2024-12-28,2.97,6,240,30,
1104343287405574839,黑先生VI號房 - 月租有優惠西門站小家庭系列大陽臺舒適房,39512538,Black,,萬華區,25.04545861255891,121.50343764884609,Entire home/apt,3295,1,12,2024-12-28,1.30,15,349,12,
1104363787867781775,台北車站前6-8人KTV房sunset/大樓B1連通捷運站/獨立浴室/備洗衣機,24501553,Joe,,中正區,25.04622,121.51679,Entire home/apt,2314,1,5,2024-12-03,0.56,8,86,5,
1104658545016558365,TP100 台北車站5分鐘/獨立衛浴/無窗戶/三小床 (3 Single Beds),515134403,Ncbb,,中正區,25.045301178456764,121.51250565882437,Private room,,1,6,2024-12-15,0.62,18,0,6,
1104689610775181232,市中心房｜台式復古民房｜電梯大樓｜捷運站1分鐘｜家裡看到101美景｜3房1衛,527648777,Sarah,,信義區,25.04203,121.56524,Entire home/apt,3697,2,24,2024-12-18,2.53,3,53,24,
1104956549797535318,The Shabby Loft 3F 台電大樓捷運四號出口,45948567,Audrey,,中正區,25.021072564808986,121.52603235372521,Private room,5811,1,14,2024-12-15,1.44,3,362,14,
1105103829987849859,Taipei 西門町Cozy Homestay 3F(2～10people) Near subway,540100951,James,,萬華區,25.04174,121.50683,Entire home/apt,5857,2,6,2024-11-27,0.65,14,244,6,
1105111125043698965,Taipei 西門町Cozy Homestay 4F(2～10people) Near subway,540100951,James,,萬華區,25.04280906186806,121.50680410746234,Entire home/apt,5991,2,3,2024-12-10,0.33,14,255,3,
1105542121319358812,Zhongshan Station/Shuanglian station studio room,565465307,Son,,中山區,25.057595920793595,121.524176557176,Entire home/apt,6162,2,6,2024-05-05,0.64,40,211,6,
1105573199231694791,福懋雅房16，月租，交通無敵方便，生活機能超強，清潔需額外加收清潔,489403010,宥瑩,,中正區,25.03039,121.51765,Private room,500,30,2,2024-12-24,0.28,15,210,2,
1105654579455565162,【西門町5min】- 4-6人兩房電梯公寓/嬰兒友善/近家樂福,94932813,En-Chia,,萬華區,25.040244171608983,121.50509197739018,Entire home/apt,4347,3,26,2024-11-26,2.66,4,4,26,
1105710038564413908,Exquisite Smiley Inn Ximen,67202633,Smiley Inn,,萬華區,25.04202,121.50452,Entire home/apt,1500,1,19,2024-12-15,1.93,25,88,19,
1105794390947061629,Unbelievable Smiley Inn Ximen,67202633,Smiley Inn,,萬華區,25.04377,121.50625,Entire home/apt,1786,1,32,2024-12-15,3.30,25,83,32,
1105797887989225866,Good-dealing Smiley Inn Ximen,67202633,Smiley Inn,,萬華區,25.04231,121.5065,Entire home/apt,1529,1,37,2024-12-21,3.72,25,88,37,
1105802244343401474,Marvelous Smiley Inn Ximen,67202633,Smiley Inn,,萬華區,25.042516900022274,121.50452738779724,Entire home/apt,1714,1,39,2024-12-28,3.93,25,87,39,
1106164820422157102,Hömeÿ Oraňge 澄果 | 西門町商圈 \西門捷運 \雙人床\電梯大樓\專屬衛浴.,651807716,Ina,,萬華區,25.04517,121.5072,Entire home/apt,1159,3,19,2024-11-24,1.96,16,241,19,
1106176760621945647,Cozy Apt near Taipei 101,25523787,New Apt,,信義區,25.030560346841686,121.55779134482145,Entire home/apt,3492,14,0,,,26,114,0,
1106186087281737318,TaipeiMainStation/3minMRT/FreeGym/3Bed/6people,533627933,靜芸,,中山區,25.059535118752656,121.52398588613163,Entire home/apt,2793,1,26,2024-11-29,2.71,10,228,26,
1106263823380342055,香榭私寓/ 市中心/東區商圈/ SOGO百貨/忠孝復興MRT /6-8人/歡迎月租,546896578,Noel,,大安區,25.0436,121.54494,Entire home/apt,5023,2,25,2024-12-25,2.88,15,288,25,
1106278026468466271,(32)3床/ 近台北車站/ 機場捷運3分鐘、西門町、大稻埕,172149908,昭明,,大同區,25.051472859309172,121.51432969110756,Entire home/apt,3540,3,13,2024-12-23,1.40,20,86,13,
1106336450036874356,＊西門町商圈60／電梯2－4人房／西門捷運步行2分鐘／近紅樓／附洗衣機,510241790,Yihan,,萬華區,25.041011929260588,121.50572614491799,Entire home/apt,2897,3,3,2024-06-02,0.32,16,64,3,
1106338941097837300,北門站賞芯四人房 Beimen Quadruple Room,122764186,Kyo,,大同區,25.04899,121.50713,Entire home/apt,2626,2,15,2024-12-16,1.59,86,78,15,
1106459891063379605,台北101DiscountHK506綠色隧道/西門町夜市台北車站/捷運西門町站走路6分鐘電梯1-4人,493324130,House,,萬華區,25.043001475934748,121.5063526229412,Entire home/apt,2587,2,23,2024-12-15,2.45,55,165,23,
1106473985202399574,TPEHS HK409/綠色黃色/西門町/夜市/台北車站/捷運西門町站走路6分鐘/電梯/住1-4人,493324130,House,,萬華區,25.04501185215104,121.50687288722884,Entire home/apt,2761,2,23,2024-12-23,2.49,55,166,23,
1106482851204093782,Ximen Corner House,19843186,萊,,萬華區,25.04524,121.50426,Entire home/apt,3829,3,18,2024-12-25,1.98,13,158,18,
1106489562891408939,"MRT龍山寺捷運站: 五分鐘到夜市, 樓下有超商美食, 公園 鬧中取近寧靜優雅非常方便 5",148014744,Liu,,萬華區,25.035750238078055,121.50081761531405,Entire home/apt,2371,4,0,,,4,89,0,
1106512037156179565,羅斯福路三段The Chic Casa 2F,45948567,Audrey,,中正區,25.021,121.52513,Private room,4386,1,10,2024-12-08,1.06,3,258,10,
1106914585362685044,＊ＳＡＬＥ＊ MRT 400m｜62㎡ w Bathtub Wifi 300M｜RR2-2,242730194,Kolette,,中山區,25.05138,121.52439,Entire home/apt,2375,30,3,2024-10-26,0.35,67,127,3,
1106935544196130275,MRT 400m｜Wifi 600M｜1BD 83㎡ with Elevator｜RR9-1,242730194,Kolette,,中山區,25.05195,121.52297,Entire home/apt,,30,0,,,67,0,0,
1106940537402858730,「全新裝潢！」台北 東區 大安區 忠孝復興 獨立套房 Taipei Da'an Dist.,75862679,Anyi,,大安區,25.0392227,121.543961,Entire home/apt,2856,1,40,2024-12-29,9.16,1,273,40,
1106974359984010503,Room_0201_Blue Monday_星期一,517651421,Monday,,中正區,25.041182544270917,121.51396431670868,Private room,3271,1,3,2024-12-15,0.45,4,265,3,
1106978611631762782,Room_0202_Blue Monday_星期一,517651421,Monday,,中正區,25.04263289282711,121.51192945861794,Private room,2457,1,12,2024-12-15,1.24,4,236,12,
1107001467543086755,輕奢時尚風格設計C 房,107651931,曉珊,,大安區,25.0257514,121.546146,Private room,707,27,0,,,25,120,0,
1107116488912066527,"@ZC-東區商圈/忠孝復興/西門町/台北車站<高樓層,有電梯>",525142549,Daan,,大安區,25.042548830361877,121.54497267853002,Private room,1451,3,3,2024-12-24,0.37,8,87,3,
1107199815486861459,Best-dealing Smiley Inn Ximen,67202633,Smiley Inn,,萬華區,25.042521948870966,121.50651046223264,Entire home/apt,1679,1,35,2024-12-23,3.79,25,79,35,
1107210030855597212,Sparkling Smiley Inn Ximen,67202633,Smiley Inn,,萬華區,25.04325,121.50469,Entire home/apt,1714,1,43,2024-12-07,4.33,25,86,43,
1107264617876666639,N•Y-in西門町商圈/台北車站,234963902,Nina,,萬華區,25.04420682051034,121.50569638646296,Entire home/apt,3400,2,47,2024-12-17,4.85,6,217,47,
1107614429945708735,S11#Taipower MRT#Taipei 101#NTU/NTNU#Monthly promo,565975314,Hsien Yao,,大安區,25.02112,121.52858,Entire home/apt,3286,2,19,2024-12-14,2.21,3,66,19,
1107662771121941977,Addictive Smiley Inn Ximen,67202633,Smiley Inn,,萬華區,25.041957304637847,121.50605056218527,Entire home/apt,1700,1,48,2024-12-24,5.05,25,82,48,
1107694064743695140,Daan/Xinyi*NEW Condo*Sleep 6 Near 101! Foodaholic,269729561,Yu,,大安區,25.03004147786038,121.55385989695787,Entire home/apt,3233,3,19,2024-12-29,1.97,2,229,19,
1107719614962673540,「雙捷運｜近西門商圈｜中山文青市集｜全新電梯｜五星商務套房｜國際交流會｜豪宅設計｜頂級設備」,565465307,Son,,中山區,25.0571,121.52392,Entire home/apt,5984,3,3,2024-06-16,0.33,40,180,3,
1107817059754846756,Christmas*Zhongxiao Dunhua CBD Designer House,538173077,Candice,,大安區,25.039411697349173,121.55291840462493,Entire home/apt,7030,2,39,2024-12-22,3.93,6,133,39,
1108293716047072322,NTNU best location Cozy room02_1,21858589,智暎,,大安區,25.0236009,121.529808,Private room,,2,2,2024-11-23,0.35,5,0,2,
1108374405772106629,＊西門町商圈H13／電梯2－4人房／西門捷運步行2分鐘／近紅樓,510241790,Yihan,,萬華區,25.04122,121.50578,Entire home/apt,2869,3,3,2024-05-07,0.32,16,66,3,
1108392798064005987,【東區敦化】Jay Chou/A-Mei演唱會/電梯10~12人房/4房2衛 /東區~MRT忠孝敦化,330579461,Toto,,大安區,25.041194941150422,121.55301287228212,Entire home/apt,5960,2,1,2024-04-29,0.12,30,133,1,
1108539687979719210,台北信義區捷運溫馨套房 A 室 台北101 & 饒河夜市 & 西門町 & 大巨蛋 &松山文創園區松菸,549018197,Don,,信義區,25.040418,121.5741199,Entire home/apt,1310,1,82,2024-12-22,8.88,2,10,82,
1108604457022692387,《優惠中》西門町MRT2~4人泡澡房~附浴缸有電梯～,560586243,Pei,,萬華區,25.044502997015584,121.50495363451667,Entire home/apt,2565,4,30,2024-12-22,3.18,1,107,30,
1108610634509849313,"Newly renovated apartment, MUJI-style room!",551483865,Wan Chun,,文山區,25.00106,121.54786,Private room,2157,4,0,,,3,267,0,
1108722364007823686,Blooming Smiley Inn Ximen,67202633,Smiley Inn,,萬華區,25.042311160306113,121.50470962278726,Entire home/apt,1779,1,34,2024-12-30,3.66,25,82,34,
1108733513236571490,Wow Wow Wow Smiley Inn Ximen,67202633,Smiley Inn,,萬華區,25.043176309708947,121.50453973339066,Entire home/apt,2043,1,24,2024-12-16,2.53,25,80,24,
1109021555659722717,N3L-城市森林-內湖捷運站，走路6分鐘,524596170,Xinyi,,內湖區,25.08076775386251,121.59142886838707,Private room,1686,30,0,,,14,270,0,
1109038225516065318,晨•靛APT｜MRT 龍山寺7分鐘｜萬華火車站5分鐘｜艋舺夜市｜2房1衛｜3F,445307436,承芊,,萬華區,25.032819875982838,121.50376117293848,Entire home/apt,2449,3,23,2024-11-25,2.66,28,207,23,
1109082657504955607,蒔間2B【可月租】,54438414,戴西 Dacy,,大同區,25.05758,121.52058,Entire home/apt,2686,14,13,2024-12-29,1.38,12,177,13,
1109132163693170689,蒔間2A【可月租】,54438414,戴西 Dacy,,大同區,25.05763,121.51985,Entire home/apt,2286,1,1,2024-04-28,0.12,12,170,1,
1109150631903489134,蒔間3A【可月租】,54438414,戴西 Dacy,,大同區,25.0557367484733,121.51963662835236,Entire home/apt,1936,1,6,2024-12-21,0.68,12,213,6,
1109220051028029691,忠孝復興捷運站出口即到家，溫馨簡約兩房兩廳兩衛，與101作伴,37039316,Yoco,,大安區,25.041552252240756,121.5431159156479,Entire home/apt,4800,2,14,2024-12-27,1.53,3,242,14,
1109249219604327113,西門町紅樓劇場公寓離地鐵只要步行2分鐘,40908039,Gianni,,萬華區,25.04306,121.50585,Entire home/apt,2563,2,7,2024-12-28,0.72,4,174,7,
1109281385889507382,Uncle W Greening apartment/西門夜市,500095462,Guao,,萬華區,25.0447357,121.5058571,Entire home/apt,,4,29,2024-12-25,3.27,11,113,29,
1109353004732320636,Sky garden/空中花園套房/4P-西門站步行3分鐘,500095462,Guao,,萬華區,25.043550202002372,121.50629559313117,Entire home/apt,3286,3,38,2024-12-30,3.93,11,154,38,
1110060642731972734,TP101/NTU/NightMarket/Station/RiverView/2-4人,428361363,Lin,,松山區,25.050536808839666,121.57788800312532,Private room,1171,4,3,2024-06-02,0.34,7,75,3,
1110124836935472319,Mind Blowing Smiley Inn Ximen,67202633,Smiley Inn,,萬華區,25.041807515141915,121.5068639565538,Entire home/apt,1461,1,15,2024-12-16,1.81,25,90,15,
1110483896750986029,北投美人湯旅遊,58142892,Doris,,北投區,25.126708494196876,121.50533638894558,Entire home/apt,2710,1,0,,,1,266,0,
1110689397223626637,Daan Park 2 room elevator/Near NTNU/City center,277278670,Garden,,大安區,25.02462,121.53573,Entire home/apt,5643,5,5,2024-11-21,0.55,14,326,5,
1110860204030256397,Studio Apt in Central Taipei,73979465,Pei,,中山區,25.047576573838054,121.52779279357765,Entire home/apt,1300,30,0,,,1,233,0,
1111195201058719837,中山捷運站溫馨套房/近西門町/便利商店/超商/公園/台北車站,565465307,Son,,中山區,25.05748,121.52595,Private room,4607,2,5,2024-05-26,0.53,40,2,5,
1111283950760426504,*Room  A+C ｜4床2衛｜落地窗陽台｜電梯大樓｜中山捷運站｜中山商圈 | 4-8P,546896578,Noel,,中山區,25.05027,121.5244,Private room,,1,4,2024-11-08,0.75,15,217,4,
1111320991600360847,*The House｜9床5衛｜電梯大樓｜落地窗陽台｜捷運中山站｜中山商圈｜2-16P,546896578,Noel,,中山區,25.05045,121.52615,Entire home/apt,9876,1,1,2024-12-15,1,15,169,1,
1111372097854706999,Cozy room in Taipei/MRT Shipai,8066785,Mei,,北投區,25.12023,121.51168,Private room,1393,4,9,2024-12-24,1.00,1,55,9,
1111500323343932567,Cozy New Apartment in Xinyi Taipei II,50814331,Rei,,信義區,25.04782,121.57119,Entire home/apt,3114,2,6,2024-11-26,1.01,8,167,6,
1111922239850454080,@ZB2-Taipei center 忠孝復興/西門町15min-(2-4人）,525142549,Daan,,大安區,25.042959118750566,121.54564484870451,Private room,2121,3,1,2024-06-10,0.15,8,75,1,
1112028997429460002,接機優惠Dec hot sale細琢之姿 Zhongshan District 3BD/2bth,58666148,Cookie,,中山區,25.058133431092173,121.52973428597073,Entire home/apt,4317,2,14,2024-12-30,1.44,21,176,14,
1112242391628918747,Cozy 雙人泡澡浴缸C09𓇬Ximen𓇬Taipei 101𓇬住1-2人𓇬MRT 中山站 台北站,115798819,Airbnb,,中山區,25.05052164563948,121.52185377294413,Private room,1285,3,6,2024-12-17,0.65,68,91,6,
1112604161535796115,ITW01 台北車站5分鐘/獨立衛浴/無窗戶/一大床 (Double Bed),515134403,Ncbb,,中正區,25.04488345319294,121.51405558187754,Private room,,1,6,2024-11-11,0.65,18,0,6,
1112781815585145163,MRT 1 Min | NTU | Two Bedrooms,522531459,Taipei,,中正區,25.013601751175248,121.53347397762991,Entire home/apt,3952,20,1,2024-08-18,0.22,30,190,1,
1112984651972967189,（春節房限量早鳥優惠）西門町獨棟電梯品牌公寓-揪窩 403（拎包入住，獨立套房，月租5折優惠）,5745433,茱莉Julie 姐,,萬華區,25.04336,121.50201,Entire home/apt,1570,3,4,2024-12-15,0.46,6,148,4,
1113375795361711465,"""Sun-Kissed Sanctuary接機優惠Dec hot sale 復二",567189341,Wan Ting,,大安區,25.04253050538093,121.54574622666843,Entire home/apt,7813,2,14,2024-12-29,1.45,5,346,14,
1113408524522175463,接機優惠Dec hotsale WhereComfort MeetsSunlitSerenity吉林,567189341,Wan Ting,,中山區,25.06161,121.5295,Entire home/apt,8352,2,9,2024-10-06,0.93,5,356,9,
1113442191585617416,接機優惠 Dec hot sale 花園城市/電梯大樓/3房1衛浴,58666148,Cookie,,中山區,25.06592,121.52651,Entire home/apt,3089,2,14,2024-12-23,1.45,21,353,14,
1113442711814271694,"接機優惠Dec hot sale機會在你手中/享受生活,獨特3房3衛浴6張雙人床",12812606,Simon,,信義區,25.04538924141222,121.57608447839277,Entire home/apt,5901,2,4,2024-11-24,0.41,15,358,4,
1113458874427178112,MRT 行天宮站/雙連站輕鬆步行 - 溫馨一房一廳電梯公寓 (with evelator),10942364,ChungLin,,中山區,25.0583353,121.5269643,Entire home/apt,2323,3,9,2024-12-08,1.00,2,174,9,
1113507737395575511,"接機優惠Dec hot sale.
sweet and happy house錦洲",567189341,Wan Ting,,中山區,25.05909,121.53091,Entire home/apt,3829,2,6,2024-12-08,0.62,5,361,6,
1113887850275874381,SUO-3頂級套房 3Mins Ximen MRT 西門町時尚房 陽台,28103867,Henry,,萬華區,25.04361,121.50443,Entire home/apt,4574,3,17,2024-12-09,1.86,38,77,17,
1114104597070999080,接機優惠 Dec hot sale.Sunlit Comfort in Every Corner內江,567189341,Wan Ting,,萬華區,25.0427,121.50121,Entire home/apt,4743,2,12,2024-12-24,1.25,5,357,12,
1114114570300646392,Hilltop Sunshine#01: Ivy (3-min to #MRT/#Museum),65620772,Jay,,中山區,25.053788745742022,121.52187630678111,Entire home/apt,3876,3,24,2024-12-14,2.53,8,49,24,
1114243113509422210,Amazing View|Luxury Sofa|Clean & Cozy|Downtown MRT,95298770,Chen Hao,,萬華區,25.043209122906365,121.50510303676128,Entire home/apt,2241,3,31,2024-12-17,3.39,1,176,31,
1114248769639124764,Hilltop Sunshine#02: Forrest (3-min to MRT/Museum),65620772,Jay,,中山區,25.05518131849478,121.52177684417505,Entire home/apt,3631,3,23,2024-12-16,2.43,8,32,23,
1114302377575664535,Hilltop Sunshine#06: Birkins (3-min to MRT/Museum),65620772,Jay,,中山區,25.05338,121.52095,Entire home/apt,3220,3,16,2024-11-21,1.69,8,67,16,
1114321496018309105,Downtown Taipei near MRT & Train station condo,46263118,Tony,,中山區,25.04905,121.5214,Entire home/apt,1296,29,1,2024-12-10,1,2,132,1,
1114330528083203761,Hilltop Sunshine#05: Ocean (3-min to MRT/Museum),65620772,Jay,,中山區,25.055456444197283,121.52165584162243,Entire home/apt,3861,3,17,2024-12-17,1.80,8,53,17,
1114370222848738697,Hilltop Sunshine#04: Dune (3-min to MRT/Museum),65620772,Jay,,中山區,25.05501,121.52168,Entire home/apt,3957,3,24,2024-12-16,2.62,8,44,24,
1114378607843759565,"西門捷運站西門町4分鐘, 1站到台北車站 景觀9F 高樓明亮寬敞",567500980,淑玲,,萬華區,25.04056,121.50664,Entire home/apt,4257,5,3,2024-11-16,0.39,5,213,3,
1114494314051420964,For Family and Group,19843186,萊,,萬華區,25.03978,121.50556,Entire home/apt,8228,3,3,2024-09-18,0.45,13,243,3,
1114754516828871037,Taipei  西門町 捷運1分鐘/樓下西門町夜市/百貨商圈/PUB/獨立洗衣機/禁菸3F-1,540100951,James,,萬華區,25.042812695721132,121.50685485452414,Entire home/apt,1621,2,32,2024-12-16,3.47,14,236,32,
1114836932239473897,Hilltop Sunshine#03: Timber (3-min to MRT/Museum),65620772,Jay,,中山區,25.05341,121.52138,Entire home/apt,3931,3,24,2024-12-16,2.79,8,26,24,
1114978659961680527,接機優惠Dec hot sale.科技大樓站步行5分鐘  獨立房間獨立衛浴 可住2人(B).,567205070,Hedda,,大安區,25.02740851846358,121.54676258096049,Private room,2025,14,7,2024-12-21,0.73,9,359,7,
1115136871943427207,"Sleep Inn R10, 3-6人房, 近雙連捷運站和寧夏夜市",210300300,Frank,,大同區,25.058816532688116,121.51622013946441,Entire home/apt,4286,2,13,2024-11-30,1.57,8,116,13,
1115436656840270968,Xinyi area 5 mins to station share flat,48439317,Mona,,信義區,25.044642642259205,121.56752110271181,Private room,682,28,1,2024-05-01,0.12,7,97,1,
1115594730608800736,接機優惠Dec hot sale歡迎來台北長租 stay Shared bathroom 舒適(C),567205070,Hedda,,大安區,25.02724,121.54759,Private room,1664,14,10,2024-12-23,1.04,9,356,10,
1115602966457733640,"接機優惠Dec hot sale科技大樓Dream space,shared bathroom(D)",567205070,Hedda,,大安區,25.027429747282746,121.54590841405097,Private room,1584,14,13,2024-12-20,1.35,9,288,13,
1115696702305343491,時尚居商旅-雙人房-台北市精華商圈、鄰近行天宮捷運站，生活機能優。,302865713,Wei Hung,,中山區,25.057240331666566,121.53873751168143,Entire home/apt,3794,1,33,2024-12-05,3.84,2,363,33,
1115794194819979203,H55/500mtoXimenMRT/2TV/YT/NF/Heater/WiFi/Elevator,136010110,Rex,,萬華區,25.043146378069906,121.50251216530805,Entire home/apt,2720,2,50,2024-12-21,5.30,36,307,50,
1115845921057361166,Cozy Sunlight Room/Share House/NTNU/GutingStation,18920780,Ann,,大安區,25.02948,121.52561,Private room,800,28,2,2024-06-09,0.26,17,214,2,
1116161269024802062,台北大安區捷運電梯大樓B房&月租NTU&NTUST&NTNU輕奢時尚風格設計,107651931,曉珊,,大安區,25.026525813256058,121.54693539852266,Private room,650,28,1,2024-08-20,0.22,25,213,1,
1116336782980727647,"＊Sale＊2BD with elevator, 6 min MRT｜ZS24.",242730194,Kolette,,中山區,25.061408845684625,121.52506547569719,Entire home/apt,2456,30,5,2024-11-20,0.82,67,107,5,
1116395081158382941,Snowy /遼寧夜市/MRT南京復興3mins/2-4F,90544129,黃,,中山區,25.05203,121.54236,Entire home/apt,13630,1,16,2024-12-23,2.06,7,65,16,
1116417312024938432,時尚居商旅-四人房-台北市精華商圈、鄰近行天宮捷運站，生活機能優。,302865713,Wei Hung,,中山區,25.05772,121.53686,Entire home/apt,4294,1,0,,,2,345,0,
1116439859807869045,Silver /大巨蛋/松山文創園區/MRT南京三民10mins/2F,90544129,黃,,松山區,25.0487281545203,121.56011540651873,Entire home/apt,11047,1,25,2024-12-26,3.11,7,127,25,
1116441466656424664,Cascade/大巨蛋/MRT南京三民10mins/3F,90544129,黃,,松山區,25.04717,121.56044,Entire home/apt,9541,2,22,2024-12-29,2.48,7,143,22,
1116442323848299171,Poetry /MRT市政府/台北101/信義威秀,90544129,黃,,信義區,25.04191,121.56597,Entire home/apt,6586,2,25,2024-12-27,2.94,7,93,25,
1116557502575446251,"台北 Ximen-賦旅居,西門町站2分鐘,1房獨立套房2-4人（早餐免費供應）",36782348,新,,萬華區,25.0410078,121.5067076,Entire home/apt,1354,2,6,2024-12-14,0.67,3,237,6,
1116611241379441514,FF Apt w/ lift near Ximen MRT 西門町 近西門地鐵站 獨立浴室,79915350,Paradise Taipei,,萬華區,25.04488,121.50365,Entire home/apt,2294,3,20,2024-12-03,2.21,29,148,20,
1116683458776188311,TPEHS HH915/河景兩房空間/夜市/台北車站/西門町/捷運西門站走路8分鐘/電梯/住1-3人,539813308,Home,,萬華區,25.045857121832093,121.50356013275416,Entire home/apt,2575,2,32,2024-12-13,3.48,42,164,32,
1117059206211720455,TPEHS h101/藍色旅程/夜市/台北車站/西門町/捷運西門站走路8分鐘/電梯/住1-4人,539813308,Home,,萬華區,25.045082236482187,121.50540499750265,Entire home/apt,1751,2,14,2024-12-17,1.52,42,174,14,
1117108161924192159,Stardust /大巨蛋/松山文創園區/捷運南京三民/2+3F,90544129,黃,,松山區,25.04716,121.55986,Entire home/apt,22992,1,6,2024-11-30,0.77,7,133,6,
1117134347573696925,＊High Ceiling＊MRT 400m｜24hr Security Elevator｜RR10,242730194,Kolette,,中山區,25.05178,121.52348,Entire home/apt,8800,28,3,2024-11-21,0.34,67,135,3,
1117247535552724891,西門站4號出口 步行5分鐘 適合家庭團體旅遊,50803756,季維,,中正區,25.04341,121.51168,Entire home/apt,9069,2,24,2024-12-13,2.85,9,185,24,
1117330536105865872,New open대만언니/톰과제리/동문역/2~4인/핫플/한국스타일 스튜디오/TV/Coffee,390638499,Brad,,中正區,25.03717533383555,121.5304116809525,Entire home/apt,2737,1,47,2024-12-30,5.07,1,33,47,
1117671991203098427,無印簡約 -TaipeiMainStation台北車站西門町步行 雙人床加大QueenSZ超高級床墊,28103867,Henry,,中正區,25.045690767321535,121.51376350367774,Entire home/apt,3717,4,5,2024-12-07,0.59,38,81,5,
1117684745787812842,1min MRT Top View Highrise Blissful 2BD,74275246,Joel,,中山區,25.062501574130522,121.52114228642779,Entire home/apt,4261,14,13,2024-12-04,1.47,5,90,13,
1118145384136303283,H302 / MRT Daqiaotou / Dadaocheng / Ningxia 夜市,453709970,Bella,,大同區,25.05876,121.51433,Entire home/apt,1743,2,10,2024-11-25,1.12,31,88,10,
1118425500985999610,5min to Taipei 101station 電梯大套房/獨立陽台/小廚房/信義微風南山莊敬D,21506709,Maggie,,信義區,25.02858,121.56344,Entire home/apt,2126,28,4,2024-11-02,0.50,27,36,4,
1118532541078523624,蒔間3B【可月租】,54438414,戴西 Dacy,,大同區,25.0565678,121.5203017,Entire home/apt,2229,14,7,2024-12-28,0.82,12,193,7,
1118663869965586903,蒔間4B【可月租】,54438414,戴西 Dacy,,大同區,25.0565678,121.5203017,Entire home/apt,1657,14,9,2024-12-15,1.00,12,232,9,
1118680379059640935,A1 性價比高-可3-6人簡約獨立衛浴套房-近西門町、龍山寺、地鐵站，月租套房-短租需提供證件請內洽,499306096,哥,,萬華區,25.0345,121.49801,Entire home/apt,2217,2,24,2024-12-25,3.40,13,74,24,
1118704538595393352,【meet】52  西門/中山/全新裝潢/商務套房/電梯/西門商圈/中山商圈/MRT,568514716,閎越,,中山區,25.056560646802065,121.52505867188493,Entire home/apt,5125,3,1,2024-04-01,0.11,26,270,1,
1118760848523341456,【meet】51 西門/中山/全新裝潢/商務套房/電梯/西門商圈/中山商圈/MRT,568514716,閎越,,中山區,25.057997626195863,121.52347911692685,Entire home/apt,5125,3,4,2024-06-14,0.43,26,269,4,
1118765919650215232,【meet】54 西門/中山/全新裝潢/商務套房/電梯/西門商圈/中山商圈/MRT,568514716,閎越,,中山區,25.058432503743035,121.52320479697715,Entire home/apt,5021,3,4,2024-04-01,0.43,26,270,4,
1118769017720071363,【meet】55 西門/中山/全新裝潢/商務套房/電梯/西門商圈/中山商圈/MRT,568514716,閎越,,中山區,25.05616,121.52386,Entire home/apt,5126,3,3,2024-06-17,0.32,26,268,3,
1119442411355181831,CityCenter/3minMRT/3Beds/6people/FreeGym,533627933,靜芸,,中山區,25.054477512747564,121.520824182746,Entire home/apt,2237,1,4,2024-11-16,0.48,10,329,4,
1119936520213595447,ITW100/無窗/一大床,515134403,Ncbb,,中正區,25.046987336206023,121.51264005904595,Private room,6000,1,0,,,18,119,0,
1119936652201100228,ITW02 台北車站5分鐘/獨立衛浴/無窗戶/一大床 (Double Bed),515134403,Ncbb,,中正區,25.04483421916448,121.5123774000563,Private room,,1,1,2024-04-21,0.12,18,0,1,
1119951812549394668,台北信義區捷運溫馨套房 B 室 台北101 & 饒河夜市 & 西門町&大巨蛋 &松山文創園區松菸,549018197,Don,,信義區,25.040418,121.5741199,Entire home/apt,1211,1,74,2024-12-31,7.99,2,27,74,
1120084659176492417,接機優惠Dec hot sale你的努力， 正在幫你收集幸運/復古文青/捷運大安站/3房,12812606,Simon,,大安區,25.03063,121.54564,Entire home/apt,5264,2,16,2024-12-26,1.75,15,353,16,
1120230192082647573,無印簡約3 -1Taipei Main Station台北車站西門町步行 陽台洗衣機,28103867,Henry,,中正區,25.04439,121.51386,Entire home/apt,1997,4,12,2024-12-04,1.46,38,81,12,
1120306157189542899,Frenchill apt｜台北 101 ｜空中花園公寓｜MRT｜夜市｜Gym｜Pool｜,357062477,天恩,,信義區,25.03099767097639,121.55839765322152,Entire home/apt,3700,20,0,,,29,180,0,
1120647101106371280,/Bright and cozy suite near NTU/,146850858,David,,大安區,25.0219157,121.5431927,Entire home/apt,2812,14,2,2024-08-14,0.24,14,143,2,
1120661364151895394,/Cozy suite near NTU/,146850858,David,,大安區,25.0219157,121.5431927,Entire home/apt,2212,14,1,2024-08-30,0.24,14,156,1,
1120664217335346957,"Bright large room Close to Taipei 101 , Mrt 3mins",27993488,Mar,,信義區,25.04107379763222,121.57498389786197,Private room,630,10,6,2024-08-24,0.70,8,23,6,
1120674756250725398,Dec hot sale Cozy Haven Basking in Warmth&Sunshine,567189341,Wan Ting,,大安區,25.032660763880866,121.54389417103407,Entire home/apt,6365,2,9,2024-11-24,0.98,5,353,9,
1120681963641877685,雙連捷運站/中山捷運站/便利商店/超商/近西門町/生活機能佳,565465307,Son,,中山區,25.05741,121.52395,Private room,5225,3,2,2024-04-01,0.22,40,90,2,
1120781533220249134,UG301永春捷運站/松山車站/台北101/饒河夜市/五分埔商圈/四四南村/獨立出入口/2房6P3樓,328934808,楷文,,信義區,25.045521287620733,121.57355166971684,Entire home/apt,2862,2,18,2024-12-07,2.00,37,57,18,
1120813514669136055,月租公寓／西湖捷運1分鐘／內湖科學園區／電梯公寓,247125177,Tina,,內湖區,25.083407889423604,121.56673634625255,Entire home/apt,,30,0,,,5,4,0,
1120830473383580976,Comfy Studio 5 minutes Walk to MRT,10112069,Wendy,,中山區,25.059325111747732,121.52468074343926,Entire home/apt,1676,14,1,2024-11-03,0.51,2,118,1,
1120943754329641514,「步行雙捷運／西門熱鬧潮流／中山文藝氛圍／酒店式家庭公寓／舒適空間悠閒／全新電梯裝修／城市美景迷人」,565465307,Son,,中山區,25.05578359961873,121.52433906245052,Private room,5245,3,0,,,40,179,0,
1121048658502724775,7人家庭房 近萬芳醫院捷運站 MRT 5 Min,82753329,FuFu,,文山區,25.00005,121.55483,Entire home/apt,4441,3,8,2024-11-26,0.90,6,162,8,
1121649700592616843,"Shilin night market, Room for 2-4 people, MRT 5min",42839297,John,,士林區,25.089301568548244,121.52241602201329,Entire home/apt,2243,1,7,2024-12-01,0.91,3,87,7,
1121709519770146384,中山捷運站美麗雅房/近西門町/台北車站/中山商圈/夜市,565465307,Son,,中山區,25.051209591706474,121.52114941362905,Private room,4241,2,0,,,40,3,0,
1122128880367955293,Good Night_中山區超大套房整租(全新裝潢)近中山國小站、晴光市場、馬偕醫院、中山商圈,131867188,振德,,中山區,25.061750456506356,121.5235182067459,Entire home/apt,2095,1,12,2024-12-28,1.75,1,331,12,
1122199731224785741,Freebird Apt I2 - 1分鐘到西門捷運,8937651,Chiying,,萬華區,25.04431,121.50862,Entire home/apt,3355,3,10,2024-12-04,1.45,17,44,10,
1122330347208233912,近河岸/電子吊扇燈/寧夏夜市美食3分鐘/交通便利24H購物,383714739,Mandy黃SaycHouse,,大同區,25.05915586652924,121.51473045276167,Private room,,20,1,2024-06-22,0.15,16,207,1,
1122506693409060363,*NEW* Centrally Located Taipei Main Station Unit,542581964,Calvin,,大同區,25.048989816054114,121.51737640317994,Entire home/apt,3904,2,23,2024-12-22,2.57,7,208,23,
1122560696833796541,Ximending𓇬V48姚𓇬Taipei 101𓇬住2-6人MRT 西門站𓇬五星飯店床墊,115798819,Airbnb,,萬華區,25.045618483937822,121.50650249806161,Entire home/apt,1690,3,8,2024-12-17,1.21,68,75,8,
1122928550678993899,City center、101view+Songshan MRT,41016148,Jin Yin,,松山區,25.051683475214446,121.57729696011152,Entire home/apt,4261,5,13,2024-12-25,1.48,1,242,13,
1122975739942512043,"大直5星級美麗華摩天輪景觀美宅，4米2魔術空間捷運劍南站1分鐘，適合長,短期國外商務,旅遊",25523787,New Apt,,中山區,25.08536052025341,121.55369896441697,Entire home/apt,4003,4,2,2024-11-18,0.44,26,148,2,
1122978977159659077,*Room  B+E｜4床2衛｜落地窗陽台｜電梯大樓｜中山捷運站｜中山商圈 | 3-6P,546896578,Noel,,中山區,25.051990110555657,121.52611238219717,Entire home/apt,4528,1,2,2024-11-08,0.42,15,133,2,
1123049596355748122,Taipei 101 明亮寬敞大雅房,27993488,Mar,,信義區,25.04327,121.57392,Private room,680,30,4,2024-10-01,0.51,8,71,4,
1123090415804711125,Good view Cozy room close to Taipei 101,27993488,Mar,,信義區,25.041380224596185,121.5749638262936,Private room,700,30,4,2024-08-30,0.50,8,83,4,
1123123360310209374,舒適寧靜市中心雅房 永春站3分鐘,27993488,Mar,,信義區,25.0409,121.57403,Private room,580,30,6,2024-09-23,0.69,8,58,6,
1123321420385696018,Ximending𓇬O44椿𓇬Taipei 101𓇬3房住2-8人MRT 西門站𓇬五星飯店床墊,115798819,Airbnb,,萬華區,25.045918908474434,121.50586091547643,Entire home/apt,,3,17,2024-12-08,1.93,68,76,17,
1123648380735380360,Sünbeäm Iňdigo 靛藍｜西門町商圈\西門捷運\獨立衛浴\採光佳\大空間\有電梯\雙人床,651807716,Ina,,萬華區,25.046088895325884,121.50773209870968,Entire home/apt,1728,3,18,2024-12-09,2.06,16,230,18,
1124184969407315691,•西門町MRT龍山寺夜市• 家樂福•米其林小吃•在地人的生活,69899382,Maggie,,萬華區,25.0401526,121.501461,Entire home/apt,2686,3,16,2024-12-26,1.98,6,145,16,
1124675324734264257,Cozy 經典雙人房B10𓇬Ximen𓇬Taipei 101𓇬無窗住1-2人𓇬MRT 中山站,115798819,Airbnb,,中山區,25.05134,121.52151,Private room,1143,3,3,2024-11-11,1.05,68,81,3,
1124727852197234235,Cozy 經典雙人房C11𓇬Ximen𓇬Taipei 101𓇬無窗住1-2人𓇬MRT 中山站,115798819,Airbnb,,中山區,25.051912018359584,121.5219377355608,Private room,976,3,6,2024-12-16,0.96,68,88,6,
1124933556625295796,小巷宅2 臨近西門町夜市、西門站步行3分鐘；1-3P,535234672,Gary,,萬華區,25.04134828893779,121.50576185435057,Entire home/apt,1890,3,27,2024-12-27,3.33,4,329,27,
1124947794855335298,Ximen西門/MRT 5min/溫馨台北之家/2-6p,509657209,Sally,,萬華區,25.04066,121.50482,Entire home/apt,2957,2,25,2024-12-13,3.16,11,245,25,
1125005301800532710,UG302永春捷運站/松山車站/台北101/饒河夜市/五分埔商圈/四四南村/獨立出入口/1房4P3樓,328934808,楷文,,信義區,25.045682882883135,121.57575342804195,Entire home/apt,,2,21,2024-12-07,2.33,37,54,21,
1125060161086772702,完美地點靠近雙連捷運站、寧夏夜市、赤峰街，文創商店、美食餐廳林立,9595798,Branson,,大同區,25.05937,121.5174,Entire home/apt,2140,2,38,2024-12-29,4.35,10,112,38,
1125139905044122872,UG202永春捷運站/松山車站/台北101/饒河夜市/五分埔商圈/四四南村/獨立出入口/2房5P2樓,328934808,楷文,,信義區,25.045682882883135,121.57575342804195,Entire home/apt,2585,2,14,2024-12-26,1.60,37,65,14,
1125277315310659502,NEW！中山區商圈精緻小套房｜獨立空間,105890527,Alan,,中山區,25.054562126017185,121.52810595289597,Entire home/apt,1657,3,17,2024-12-08,1.90,16,254,17,
1125336806071509732,FW Apt w/ lift near Ximen MRT 西門町 近西門地鐵站 獨立浴室,79915350,Paradise Taipei,,萬華區,25.042637192655114,121.5043455579243,Entire home/apt,2503,3,22,2024-12-14,2.53,29,128,22,
1125763756049631540,台大公館商圈*捷運到站到家*美食林立*美景電梯大樓*溫馨潔靜1房樓中樓*1.5衛浴*2-5人*可炊,342362814,Wendy,,中正區,25.01438,121.53303,Entire home/apt,3408,4,10,2024-12-26,1.65,1,149,10,
1125840898506164189,Spacious Taipei: Home Workspace,34117268,Cindy,,中山區,25.05794,121.53784,Entire home/apt,2400,3,0,,,1,89,0,
1125944540654043447,大安森林公園溫馨小套房,570184399,淑眞,,大安區,25.0263516,121.5337065,Entire home/apt,1656,90,0,,,1,183,0,
1125969165020279093,青春日光1~2人房*陽明山：工作假期/攝影 Yangminshan Rainbow Valley,9675875,Lucy,,士林區,25.13894,121.54438,Entire home/apt,3500,1,4,2024-12-15,1.22,8,364,4,
1126339147058872166,Quiet Room nearbyTaipei 101,27993488,Mar,,信義區,25.04112276779063,121.57325508250737,Private room,600,10,6,2024-11-24,0.69,8,20,6,
1126497547097826669,北投馥悅溫泉酒店-新北投MRT-單人套房,570331902,隆策,,北投區,25.137666,121.510421,Private room,1500,3,1,2024-08-16,0.22,4,270,1,
1126547005360147933,近中山商圈大套房Near by Zhongshan Circle,114002998,Yui,,中山區,25.05998,121.52515,Entire home/apt,1821,1,27,2024-12-29,3.01,1,79,27,
1126595817595177511,接機優惠 Dec hot sale過馬路到大巨蛋/演唱會首選.張惠妹/可住12人,58666148,Cookie,,松山區,25.04491,121.55611,Entire home/apt,6927,2,6,2024-12-25,0.66,21,177,6,
1126790045082074039,華山小築,390767963,Moureen,,中山區,25.04497,121.53579,Entire home/apt,8786,2,8,2024-12-28,0.97,1,66,8,
1127317523958093344,X37#Ximen MRT#Taipei 101#NTU/NTNU#Monthly promo。,566688851,Henry,,萬華區,25.03705,121.5058,Entire home/apt,1914,2,3,2024-11-19,0.34,2,44,3,
1127463851263841047,Next 101 apt | 夜市｜Gym｜MRT | 台北101 ｜workout trainer,357062477,天恩,,信義區,25.03377371791135,121.56117999250077,Entire home/apt,,15,4,2024-11-27,0.54,29,78,4,
1127604966213151944,67 Studio 1F/龍山寺捷運500M/近西門町/萬華車站3分鐘/行李寄放/高CP/一樓免爬梯,544291992,Champion,,萬華區,25.0337137,121.5037166,Entire home/apt,1137,2,31,2024-12-24,3.69,6,117,31,
1127867614119748141,＊６min MRT w 24hr Sevurity＊Sunlight flat｜CC8-4,242730194,Kolette,,中山區,25.0546,121.53971,Entire home/apt,2729,30,1,2024-05-12,0.13,67,136,1,
1128087135196097693,UG300永春站/松山車站/台北101/饒河夜市/五分埔/信義/四四南村/世貿中心/整層/3房3樓,328934808,楷文,,信義區,25.044499886498617,121.5759617804559,Entire home/apt,6546,2,5,2024-06-09,0.61,37,158,5,
1128108931742706459,"台北 Ximen-夢想莊園,西門町站2分鐘,一大獨立套房4-10人（早餐免費供應）",36782348,新,,萬華區,25.04101,121.50671,Entire home/apt,3957,2,20,2024-11-26,2.23,3,221,20,
1128111936245986924,西門町1F/捷運站五分鐘/一房一廳/2+1P/wifi/yt,158784715,Steven,,萬華區,25.04277,121.50425,Entire home/apt,1663,2,39,2024-12-17,4.45,4,144,39,
1128127074774303917,台北車站步行6分/西門町步行12分/洗衣機/7大床+2沙發床,570712723,小廷,,中正區,25.047136630531625,121.51434827595949,Entire home/apt,4314,1,2,2024-07-12,0.23,4,170,2,
1128498779784215383,67 Studio 2F/龍山寺捷運500M/近西門町/萬華車站3分鐘/行李寄放/高CP/獨立陽台,544291992,Champion,,萬華區,25.03319,121.50292,Entire home/apt,1073,2,19,2024-12-28,2.24,6,58,19,
1128734028574063668,台北車站步行6分/西門町步行12分/洗衣機/兩房間兩衛浴/6大床+2沙發床,570712723,小廷,,中正區,25.046807820325373,121.51413784603272,Entire home/apt,,1,4,2024-12-17,0.87,4,161,4,
1128739863300075648,台北車站步行6分/西門町步行12分/洗衣機/4大床+1沙發床,570712723,小廷,,中正區,25.0468467,121.5140091,Entire home/apt,2471,1,4,2024-08-18,0.47,4,151,4,
1128745759380890269,台北車站步行6分/西門町步行12分/洗衣機/3大床+1沙發床,570712723,小廷,,中正區,25.046017156863833,121.51516421746638,Entire home/apt,2314,1,1,2024-04-17,0.12,4,163,1,
1128772740578722245,台北文德Wende Flat老宅－湛藍小房間,225009761,Jaye,,內湖區,25.07649,121.58058,Private room,1254,7,0,,,2,233,0,
1128826879279920066,(61)3床/鄰近遼寧夜市、大賣場/生活機能優/溫馨舒適,172149908,昭明,,中山區,25.04869,121.54276,Entire home/apt,3973,3,0,,,20,31,0,
1128846757384861752,(62)3床/溫馨舒適/遼寧夜市3分鐘/生活方便/捷運忠孝復興站9分鐘,172149908,昭明,,中山區,25.04931,121.54327,Entire home/apt,3799,3,11,2024-12-27,1.24,20,71,11,
1128857385729502490,(63)3床2衛浴/交通方便/美食林立/鄰近遼寧夜市.大賣場,172149908,昭明,,中山區,25.04755,121.54365,Entire home/apt,4014,3,9,2024-12-07,1.01,20,84,9,
1128859993300713935,(81)3床/忠孝復興走路9分鐘/遼寧夜市.信義區.華山文化特區/生活機能優,172149908,昭明,,中山區,25.047432750086042,121.54261445422236,Entire home/apt,4130,3,5,2024-12-17,0.56,20,89,5,
1129317827026227463,大安區捷運近Ntu/Ntust/Ntnu溫馨美C套房/月租,107651931,曉珊,,大安區,25.0270981,121.5418121,Private room,850,28,1,2024-09-01,0.25,25,297,1,
1129344612405833048,*Best choice for backpacker*/Monthly Rental 01,289060981,Yuwen,,中正區,25.04833,121.51816,Private room,1221,3,44,2024-12-09,5.14,14,215,44,
1129345063657412920,Meaw for traveler / 305 位在市中心雙捷運站/ Monthly Rental,289060981,Yuwen,,中山區,25.0500663,121.5202601,Private room,2471,3,20,2024-12-30,2.35,14,209,20,
1129399388770314813,《島內旅行2 》，西門町6人房電梯9樓，天天利對面，捷運西門站步行5分鐘,118973784,Andy,,萬華區,25.046558852806108,121.50846554361382,Entire home/apt,3411,3,17,2024-12-16,2.58,20,129,17,
1129486644136944283,Fam.Art@Ximending/MRT 8mins/3BR / Fam welcome,209924581,Pat,,萬華區,25.044306876770726,121.50626708239068,Entire home/apt,5525,3,23,2024-12-28,3.24,2,134,23,
1129555418582756308,師大溫馨採光網美風格設計B套房&月租@NTNU/NTU/Ntust,107651931,曉珊,,大安區,25.0250355,121.5296294,Private room,850,28,0,,,25,197,0,
1129569195943906923,"台北101信義計劃區,舒適公寓",25523787,New Apt,,信義區,25.0288943,121.5648278,Entire home/apt,4218,10,0,,,26,148,0,
1129620946924887879,2bd/2ba Taipei Xinyi Skyline｜Near 101 & Xiangshan,5812604,Jon,,信義區,25.02637,121.56477,Entire home/apt,7171,3,32,2024-12-17,3.74,5,246,32,
1129674222072988715,"Taipei NTNU/NTU / Taipower MRT, Shida market) WC",221534550,Anne,,大安區,25.021642946468834,121.53394197581036,Entire home/apt,1629,2,10,2024-12-02,1.33,48,70,10,
1129705564739173801,西門捷運高樓保全景觀宅,3027400,Mon-Su,,萬華區,25.04268810936759,121.50139075428913,Entire home/apt,,30,0,,,1,358,0,
1129708597979476523,67 Studio 3F/龍山寺捷運500M/有投影機/萬華車站3分鐘/行李寄放/3樓沒電梯需爬樓梯,544291992,Champion,,萬華區,25.03461,121.50413,Entire home/apt,1237,2,19,2024-12-15,2.19,6,68,19,
1129714301798599737,67 Studio 4+5F/龍山寺捷運500M萬華車站3分鐘/行李寄放/沒電梯需爬梯/投影機6人房,544291992,Champion,,萬華區,25.034723552323406,121.50478964285955,Entire home/apt,1266,2,20,2024-12-31,2.30,6,71,20,
1129720873517103656,67 Studio 獨棟1~5樓團體房/龍山寺捷運500M/西門町/萬華車站3分鐘/行李寄放/投影機,544291992,Champion,,萬華區,25.03404902095362,121.5026286320601,Entire home/apt,5200,2,1,2024-12-20,1,6,126,1,
1130030360748352832,！共享電梯廚房陽台/寧夏夜市/大稻程碼頭河岸/迪化古蹟老街/捷運北車交通方便,383714739,Mandy黃SaycHouse,,大同區,25.057485105048176,121.51428254843586,Private room,680,25,0,,,16,244,0,
1130046144283485077,接機優惠Dec hot sale榮星花園Treat yourself well/開放式廚房雙層10人,268347453,Nigel,,中山區,25.06601007549012,121.53867586738993,Entire home/apt,8076,2,17,2024-12-22,1.91,19,356,17,
1130163564869258741,UG201永春捷運站/松山車站/台北101/饒河夜市/五分埔商圈/四四南村/獨立出入口/2房4P2樓,328934808,楷文,,信義區,25.0456829,121.5757534,Entire home/apt,2283,2,10,2024-12-27,1.20,37,155,10,
1130169912459422769,Apt&Kitchen/MRT/Ximen/TaipeiMrt,565465307,Son,,中山區,25.0578977,121.5249892,Private room,5413,2,0,,,40,180,0,
1130224917407266046,Duplex Apt Sweet Home @Guting MRT 1min(monthly 月租),1295140,Studio 17,,中正區,25.02591677862421,121.52174889331161,Entire home/apt,3220,7,9,2024-12-23,1.74,13,106,9,
1130225160683396869,Aero16 2BR +101 view@ Daan MRT 3 Mins(monthly 月租),1295140,Studio 17,,大安區,25.03804,121.54485,Entire home/apt,8278,6,7,2024-11-02,0.83,13,142,7,
1130463850210928733,【meet】06 西門/中山/雙連/臺大醫院/馬偕醫院/商務套房/公園/西門商圈/中山商圈/MRT,568514716,閎越,,中山區,25.061893500510063,121.52466790253783,Entire home/apt,5111,30,1,2024-07-09,0.17,26,246,1,
1130469297974557487,Taipei Main Station 台北車站西門町步行 陽台洗衣機 頂級床墊,28103867,Henry,,中正區,25.04591,121.51399,Entire home/apt,3646,4,11,2024-12-17,1.36,38,74,11,
1130482657640504267,北歐5人房 CozyApt  30secsXimenMrt 西門町 Wifi Egg+Dryer,28103867,Henry,,萬華區,25.04235906947174,121.50688007232516,Entire home/apt,4603,4,5,2024-12-17,1.05,38,81,5,
1130830326049192122,/Cozy mini suite near NTU/,146850858,David,,大安區,25.0219157,121.5431927,Entire home/apt,2287,15,4,2024-09-17,0.48,14,197,4,
1130878597043254629,"Mrt5分鐘 近士林夜市 北投溫泉 陽明山
電梯舒適3房挑高3.6米 大空間",513269635,張,,北投區,25.123939761754826,121.50150194561641,Entire home/apt,2356,2,20,2024-11-27,2.27,2,166,20,
1130912515290372350,【meet】15 西門/中山/全新裝潢/獨立廚房/商務套房/家庭套房/電梯/公園/中山商圈/MRT,568514716,閎越,,中山區,25.05946,121.5252,Entire home/apt,5196,30,1,2024-05-28,0.14,26,244,1,
1131036217997718914,J / Ximending / Ximen MRT / Red House / 101 /,221534550,Anne,,萬華區,25.04660597720226,121.50473691048296,Entire home/apt,1271,2,11,2024-12-01,1.49,48,79,11,
1131044494854745262,The TREE @Taipei 101(大巨蛋）（台北101）整層房子空間給您使用,504550683,Summer,,信義區,25.0332805,121.5584025,Entire home/apt,3276,1,19,2024-12-08,2.18,2,226,19,
1131069195009541056,雙捷運／近西門中山站／電梯套房／時尚裝潢／城市美景／簡易開伙／便利生活／舒適空間／熱鬧商區／即時預訂,565465307,Son,,中山區,25.061078856178188,121.52265861596392,Entire home/apt,6380,3,0,,,40,270,0,
1131070299603714925,K / Ximending / Ximen MRT / Red House / 101,453709970,Bella,,萬華區,25.04611,121.50454,Entire home/apt,1629,2,13,2024-11-09,1.56,31,82,13,
1131165741779227457,金萬華百萬裝潢套房、有陽台看大台北夜景、龍山寺捷運站1分鐘.商辦旅遊首選,548777983,Wen Hui,,萬華區,25.035310504257417,121.50001866821789,Private room,,30,0,,,2,0,0,
1131310230017270679,西門商圈4F/捷運西門站步行4分鐘/附洗衣機/兩房一廳/4～6人房,508233574,詩純,,萬華區,25.042863,121.5048821,Entire home/apt,,2,0,,,26,43,0,
1131650620744861577,*Room E ．櫊 | 2床1衛｜電梯大樓｜中山捷運站｜中山商圈｜1-3P｜,546896578,Noel,,中山區,25.05004347830044,121.52382136801147,Private room,1910,1,11,2024-11-22,1.40,15,230,11,
1131718357911105144,私人陽台、浴缸/古典限量孔雀原木傢俱/交通、購物方便,383714739,Mandy黃SaycHouse,,大同區,25.05965,121.5132,Private room,1200,25,0,,,16,270,0,
1131772651320662442,5C/捷運西門站步行六分鐘／電梯／Prime Video/Disney+/wifi／獨立衛浴,14567958,Jon,,萬華區,25.04462,121.50515,Entire home/apt,1625,2,26,2024-12-15,3.11,18,141,26,
1131812845689007965,"萬華全新雙套房，需要二房的麻吉、兄弟姐妹家人同住，走路1分鐘到龍山捷運站,萬華火車站、需共用浴室",548777983,Wen Hui,,萬華區,25.035389019988717,121.50176052936317,Private room,2000,10,0,,,2,76,0,
1132131282056480108,Cozy room/Share House/NTU/Technology Building/B,18920780,Ann,,大安區,25.02207,121.54349,Private room,820,28,0,,,17,73,0,
1132206022203770864,近捷運中山國小站 全新裝潢 near MRT 限月租,462210664,Lucy,,中山區,25.0637126392824,121.52731813438676,Entire home/apt,2250,30,4,2024-11-20,0.46,8,218,4,
1132232979461739160,京站城市輕奢雙人套房,166914300,韻梅,,大同區,25.049038670133818,121.517682261765,Entire home/apt,,30,1,2024-11-04,0.51,1,269,1,
1132325764709840599,4ppl <Sweet Pink Baroque>,441408173,Rosalia,,萬華區,25.04104912154212,121.50368829682277,Entire home/apt,3057,1,17,2024-12-02,2.05,14,267,17,
1132493440809951710,永康街 東門站 大安森林公園5分鐘 兩房電梯公寓,571746924,Tsungyao,,中正區,25.035836308221942,121.53135936141204,Entire home/apt,5250,5,1,2024-11-28,0.88,1,348,1,
1132626718920980970,Q / Ximending / Ximen MRT / Red House / Taipei 101,221534550,Anne,,萬華區,25.0461263,121.5061691,Entire home/apt,1714,2,9,2024-12-11,1.21,48,74,9,
1132948948082011758,8人家庭房，捷運站5分鐘,82753329,FuFu,,文山區,25.00015,121.5546,Entire home/apt,7777,2,3,2024-12-22,1.73,6,162,3,
1133010215197964020,UG200永春站/松山車站/台北101/饒河夜市/五分埔/四四南村/世貿中心/整層/4房9P2樓,328934808,楷文,,信義區,25.046400619130736,121.57497892878726,Entire home/apt,,2,7,2024-07-02,0.87,37,164,7,
1133025852353387767,UG325永春站/松山車站/台北101/饒河夜市/五分埔/信義/四四南村/世貿中心/整棟/7房19P,328934808,楷文,,信義區,25.04466,121.57542,Entire home/apt,14657,2,6,2024-12-16,1.40,37,142,6,
1133241817257569066,萬華育樂中心【可月租】【可辦活動】,54438414,戴西 Dacy,,萬華區,25.04655551352486,121.50657186918662,Entire home/apt,3057,2,1,2024-12-27,1,12,235,1,
1133280769337399665,萬華育樂中心房C【可月租】【可辦活動】,54438414,戴西 Dacy,,萬華區,25.04801,121.50683,Private room,1886,30,2,2024-05-14,0.23,12,234,2,
1133327304313923264,MRT北投站/整層獨立雙人床/電梯景觀地標/限年租,441888372,TzuHan,,北投區,25.13550317156506,121.49541782526022,Entire home/apt,,365,1,2024-07-10,0.17,30,269,1,
1133332554650213073,TPEHS QM601/旅行時光/夜市/台北車站/西門町/捷運西門站走路8分鐘/電梯/住1-6人,539813308,Home,,萬華區,25.041141806914293,121.5049311934161,Entire home/apt,2069,2,21,2024-12-23,2.47,42,172,21,
1133336942070486466,TPEHS QM806/陽台陽光/三房/台北車站/西門町/捷運西門站走路8分鐘/電梯/住1-8人,539813308,Home,,萬華區,25.04726,121.50603,Entire home/apt,4677,2,30,2024-12-24,3.64,42,137,30,
1133821298256603315,Christmas*Children's paradise#Zhongxiao Dunhua,538173197,Nicola,,大安區,25.0421,121.54881,Entire home/apt,4951,2,11,2024-11-28,1.26,4,171,11,
1134421471606215912,信義區/ 近Taipei 101/ 市府捷運站3分鐘,105890527,Alan,,信義區,25.04393156270225,121.56954708305325,Entire home/apt,2571,3,9,2024-12-02,1.06,16,60,9,
1134459222820984883,【秘密基地】Jay Chou/A-Mei演唱會~14人房/ 4房2衛 / MRT 忠孝敦化/東區,330579461,Toto,,大安區,25.04385846111689,121.5495259626126,Entire home/apt,4951,2,9,2024-12-04,1.12,30,171,9,
1134695954293901298,The Petite Casa迷人的獨棟小房屋,45948567,Audrey,,中正區,25.021176753573503,121.52416041110742,Entire home/apt,8937,3,0,,,3,345,0,
1134708488231370776,TPEHS C405/綠色城市/夜市/台北車站/西門捷運西門站走路5分鐘/洗脫烘衣機電梯/住1-4人,539813308,Home,,萬華區,25.04073,121.50437,Entire home/apt,1636,2,14,2024-12-02,2.05,42,164,14,
1134777116633578571,適合4-8人 兩個套房 捷運5分鐘 士林夜市1分鐘,42839297,John,,士林區,25.08974441293513,121.52387060486154,Entire home/apt,4486,1,1,2024-10-27,0.45,3,87,1,
1134780501974736266,粉圓之家（9）,572277095,彥廷,,萬華區,25.043996449254003,121.50796461850405,Entire home/apt,1960,30,0,,,2,226,0,
1135122400009773465,雙連捷運高雅電梯套房：近西門町潮流街｜中山購物中心｜便捷出行｜中山北路綠意環繞｜台北舒適豪華住宿,565465307,Son,,中山區,25.05775169640591,121.52306409096363,Entire home/apt,5546,2,2,2024-05-11,0.25,40,270,2,
1135209481810736796,接機優惠 Dec hot sale正東區/月租&短租/分租浴缸大套房(A)/電梯.,58666148,Cookie,,大安區,25.042197783437153,121.54922044223935,Private room,1336,2,8,2024-12-21,0.98,21,173,8,
1135259673906349464,2BD near Taipei main station with Elevator｜HN48,242730194,Kolette,,中正區,25.043979535999195,121.5129180004247,Entire home/apt,3200,30,0,,,67,364,0,
1135316662714612896,西門町 台北舒適居家 （4～20人）超級大空間/兩層樓空間/50坪/2間衛浴/廚房/洗衣機/露天陽台,540100951,James,,萬華區,25.040807564866668,121.50443583726883,Entire home/apt,7786,3,10,2024-10-28,1.40,14,207,10,
1135455833587257291,信義區獨棟5房(11ppl)/ 市政府站/ 近台北101,105890527,Alan,,信義區,25.043056977976345,121.56717359494687,Entire home/apt,4643,3,6,2024-11-16,0.84,16,50,6,
1135922827139957454,豪華雙人房,570331902,隆策,,北投區,25.13758,121.51026,Private room,4905,1,1,2024-06-27,0.16,4,240,1,
1136155071260044482,【Web】雙捷運｜近西門步行街｜中山文青市集｜新電梯｜五星商務套房｜國際交流會｜豪宅設計｜頂級設備」,565465307,Son,,中山區,25.05589,121.52322,Entire home/apt,5699,2,0,,,40,269,0,
1136164195132646518,中山、雙連捷運站/電梯商務套房近西門/台北車站/洗脫烘/免治馬桶/,565465307,Son,,中山區,25.05773904380149,121.52295107384793,Entire home/apt,4642,2,0,,,40,90,0,
1136560257168861240,Ximending𓇬K5丹𓇬Taipei 101𓇬3房住2-5人MRT 西門站𓇬五星飯店床墊,115798819,Airbnb,,萬華區,25.04455,121.50486,Entire home/apt,2143,3,8,2024-12-15,1.04,68,86,8,
1136580633030956931,N33#CKS memorial hall MRT# Ximen# Monthly promo,453709970,Bella,,中正區,25.031278366162212,121.51962217051923,Entire home/apt,4714,2,9,2024-11-05,1.07,31,140,9,
1136637776103037143,奢華雙人房,570331902,隆策,,北投區,25.137568872909686,121.51030834722138,Private room,6003,1,0,,,4,88,0,
1136641807205177631,豪華四人房,570331902,隆策,,北投區,25.13756401655313,121.510238609787,Private room,,1,0,,,4,86,0,
1136733291481294822,Villa MU/私密獨棟大空間/包棟/捷運北門/台北車站/機場捷運/5衛浴/5臥室/8-20人,572748787,Hung,,大同區,25.052146045213775,121.51208167700466,Entire home/apt,14549,1,24,2024-12-05,3.30,1,289,24,
1136751423185098733,西門시먼/Ximen MRT(10min)/大露臺,250237099,Sally,,萬華區,25.04515,121.50442,Entire home/apt,2777,2,20,2024-12-02,2.44,13,196,20,
1136889834911900656,Yongkang Street/Cozy roomB/ShareHouse/NTNU/Dongmen,18920780,Ann,,大安區,25.02828924426064,121.53142106924014,Private room,900,28,1,2024-08-10,0.21,17,124,1,
1137272268715840456,台大公館捷運3分鐘/採光電梯摩洛哥風/近台大師大/大雅房,23437247,Young,,中正區,25.01165723334114,121.53416137883337,Private room,,30,0,,,35,0,0,
1137339265985198603,NTNU NTU台大師大夜市採光超大套房@MRT台電大樓站/月租,23437247,Young,,大安區,25.02326,121.53095,Private room,,30,0,,,35,0,0,
1137357063274458281,NTNU NTU 台大師大巴厘島風採光雅房@台電大樓捷運站,23437247,Young,,大安區,25.023358661347213,121.53045520238375,Private room,,28,0,,,35,0,0,
1137367535224846001,NTNU NTU 台大師大浪漫巴厘島風採光雅房@台電大樓捷運站,23437247,Young,,大安區,25.02496,121.5318,Private room,,28,0,,,35,0,0,
1137374968358380280,師大夜市採光獨立美套房近台大師大/台電大樓捷運站3分鐘/師大4A,23437247,Young,,大安區,25.02311,121.52768,Entire home/apt,,30,1,2024-08-13,0.21,35,0,1,
1137383791133211435,師大1商圈溫馨美套房@台電大樓站2分鐘NTNU NTU (月租）,23437247,Young,,大安區,25.02281003438994,121.52758293692733,Entire home/apt,,28,0,,,35,0,0,
1137406623931136165,Traveler’s home,30563601,Joping,,萬華區,25.040280318858915,121.50337394551158,Entire home/apt,1040,2,7,2024-12-07,0.95,1,76,7,
1137429132030403479,Meaw for traveler / 303  溫馨套房/  位在市中心，雙捷運站/月租套房,289060981,Yuwen,,中山區,25.04983302789318,121.52026009999999,Private room,2351,28,7,2024-12-30,0.95,14,265,7,
1137529800916724305,Luxury 2Bedroom Apt for 2-3people in Taipei,514613922,Andy,,中山區,25.05596,121.5274,Entire home/apt,3029,3,28,2024-12-29,3.29,3,23,28,
1137678210766545501,Cozy apt. in central city near Ximen MRT exit 6,230184578,Anna,,萬華區,25.04361,121.50378,Entire home/apt,1529,3,3,2024-07-20,0.38,9,225,3,
1138161874070094852,西門町雙人18號房 Ximending double room 18,122764186,Kyo,,萬華區,25.04496,121.50814,Entire home/apt,1591,2,26,2024-12-01,3.48,86,64,26,
1138166672052090677,*Best choice for backpacker*/Monthly Rental 02,289060981,Yuwen,,中山區,25.04961,121.52107,Private room,1286,3,32,2024-12-12,3.86,14,187,32,
1138179104209851667,@Ximen MRT SunnySunny private room w/ lift,22075376,Noel,,萬華區,25.043301135112863,121.50365082827486,Entire home/apt,1453,3,24,2024-12-10,3.29,6,28,24,
1138214830860201844,CNC301台北車站/中山商圈/台灣當代藝術館/中山市場/京站/2房1廳/6P,328934808,楷文,,大同區,25.05059,121.5189,Entire home/apt,2645,2,35,2024-12-22,4.38,37,37,35,
1138229019612977067,小森林｜鄰近國父紀念館、大巨蛋、台北101｜歡迎月租,231260424,Wen-Chen,,信義區,25.03715236343358,121.5585025810413,Entire home/apt,2172,2,39,2024-12-24,4.80,2,72,39,
1138555324379342693,Taipei Arena | Spacious Suite | 南京微風 |小巨蛋捷運,10378619,Xumu,,松山區,25.050665021364782,121.55184699683048,Private room,3040,3,0,,,9,269,0,
1138775842650954743,Limited Time Special/flower wall/ big space,538206031,Grace,,中山區,25.0589069,121.5288256,Entire home/apt,4760,1,43,2024-12-23,5.08,2,204,43,
1138985726141153980,Christmas*Da'an District Wood Style Home｜忠孝敦化｜,538173077,Candice,,大安區,25.04206,121.55176,Entire home/apt,5235,2,24,2024-12-16,2.82,6,169,24,
1139076197800365403,J&W 5min to MRT 雙連站 全新裝潢 100分體驗,572073427,李,,中山區,25.0581828,121.5251264,Entire home/apt,3214,2,21,2024-12-16,3.06,1,61,21,
1139144910658489706,Meaw for traveler / 301 位在市中心，雙捷運站/Monthly rental,289060981,Yuwen,,中山區,25.0500663,121.5202601,Private room,,30,7,2024-08-24,0.84,14,0,7,
1139308576936529656,近信義區/ 台北101,105890527,Alan,,南港區,25.039929132181218,121.58852559285367,Entire home/apt,3386,3,1,2024-10-27,0.45,16,132,1,
1139604296061959776,TPHS K206A/旅行Loft/台北車站/西門町/捷運西門站走路8分鐘/電梯/住1-6人,539813308,Home,,萬華區,25.04412,121.50225,Entire home/apt,2471,2,21,2024-12-15,2.72,42,173,21,
1139846798651146505,《無印》03雅房｜3F｜無電梯｜台北車站MRT5分鐘｜微風｜中山區｜華山文創｜月租｜季租,44348358,Runji,,中山區,25.049682268113028,121.52188774154034,Private room,1225,2,22,2024-12-24,2.70,4,159,22,
1140185770320577637,大月光｜寬敞唯美陽台｜近國父紀念館、大巨蛋、台北101大樓、世貿展（歡迎月租）,231260424,Wen-Chen,,信義區,25.03549,121.55754,Entire home/apt,2383,2,39,2024-12-08,4.78,2,97,39,
1140212959961943936,Loving U Smiley Inn Ximen,67202633,Smiley Inn,,萬華區,25.042689599005815,121.5065807457597,Entire home/apt,1929,1,40,2024-12-19,4.94,25,72,40,
1140274704587884585,福懋雅房<6999>適合學生月租，交通無敵方便，生活機能超強，清潔需額外加收清潔,489403010,宥瑩,,中正區,25.03066,121.51893,Private room,350,30,2,2024-09-30,0.34,15,270,2,
1140314268829434945,CNC303台北車站/中山商圈/台灣當代藝術館/中山市場/京站/1 Studio Room/2P,328934808,楷文,,大同區,25.04925,121.51935,Entire home/apt,1925,2,18,2024-12-17,2.19,37,67,18,
1140320306646542488,CNC302台北車站/中山商圈/台灣當代藝術館/中山市場/京站/1 Studio Room/4P,328934808,楷文,,大同區,25.05108,121.51999,Entire home/apt,1863,2,13,2024-12-12,1.80,37,70,13,
1140537402399474471,*背包客雙床房07*/ 月租,289060981,Yuwen,,中山區,25.049026917861973,121.5198706527944,Private room,2257,3,8,2024-12-29,1.03,14,255,8,
1140587020334138886,TPEHS Y1114/夏日時光/寧夏夜市和台北車站走路10分鐘/西門町/洗脫烘衣機/電梯住1-2人,539813308,Home,,大同區,25.05133,121.51334,Entire home/apt,1661,2,18,2024-12-19,2.26,42,160,18,
1140986586722494269,【忠孝敦化小無印風】Jay Chou/A-Mei演唱會/電梯3房2衛6-7人房/MRT忠孝敦化站,330579461,Toto,,大安區,25.043720639200192,121.55198818636524,Entire home/apt,5235,2,0,,,30,169,0,
1141054135821927756,歐式私宅公寓 - |大安.瑞安.復興.信義.科技大樓.師大.永康|,3123746,Psyche,,大安區,25.028753478327037,121.54110089806974,Entire home/apt,2229,2,14,2024-12-20,1.70,1,145,14,
1141180353170840131,西門商圈810/捷運西門站步行3分鐘/附洗衣機/附流理台/漂亮4人房,508233574,詩純,,萬華區,25.0429491,121.5056906,Entire home/apt,3059,2,2,2024-07-30,0.25,26,55,2,
1141201144969625343,"Ximen 시먼 Shiny loft,New lift, park view courtyard",60566627,Sasha,,萬華區,25.04337740371326,121.50750618866033,Entire home/apt,3664,2,17,2024-12-15,2.25,3,56,17,
1141212752626867275,灰色空間C/ MRT西門3分鐘 /獨立套房/4人,445307436,承芊,,萬華區,25.043739955404163,121.50813267062543,Entire home/apt,2839,3,5,2024-12-01,0.67,28,196,5,
1141220592545465923,S5 new / Shinlin Market / Jiantan MRT 5min,453709970,Bella,,士林區,25.08949506359142,121.52252504045975,Entire home/apt,1400,2,7,2024-12-14,0.90,31,78,7,
1141260155904869096,Ximen Vogue Place｜西門時尚屋｜1-7人｜升降梯｜全新裝修,151400959,Edward,,萬華區,25.04314626486223,121.503495656563,Entire home/apt,4663,1,21,2024-12-08,2.60,11,62,21,
1141911775432159892,MRT西門町捷運站，寧靜優雅樓下有超商美食餐廳 兩分鐘到西門商圈非常方便 9,148014744,Liu,,萬華區,25.04262056130347,121.50528170615875,Entire home/apt,2300,6,11,2024-12-27,1.75,4,179,11,
1141963956361400693,奶油侘寂風格 Wabi Sabi style stay for 7 ppl,573468805,Cynthia,,松山區,25.05104,121.56917,Entire home/apt,3254,2,23,2024-12-19,2.76,12,170,23,
1142017009752374933,*Best choice for backpacker*/Monthly Rental 03,289060981,Yuwen,,中山區,25.05106,121.52102,Private room,1286,3,18,2024-12-29,2.31,14,222,18,
1142442386159292671,C22/4人上下舖華山中山站5分.台北車站12分自助入住機能便利,176059533,大昌旺,,中山區,25.0500566,121.5230698,Private room,1729,1,9,2024-12-08,1.12,15,262,9,
1142492252319514893,Special discount@ Ximen Cozy & beautiful space,574145184,C,,萬華區,25.03952,121.50081,Entire home/apt,2450,2,1,2024-08-12,0.21,1,77,1,
1142636645536782804,201 獨立房源 2張雙人床 靠近台北車站 熱鬧的地點 安靜的房間,15588671,York,,大同區,25.05125,121.51749,Entire home/apt,4686,3,11,2024-12-26,1.37,5,229,11,
1142719720612800605,Monthly-Cozy & Sunny [月租]東區.忠孝敦化陽光.套房,92809169,Cozy,,大安區,25.04334819633294,121.55485223051753,Private room,,29,0,,,3,268,0,
1143084287974001675,Cozy shared flat NTNU NTU bright private room,130827969,Wenchi,,中正區,25.03171,121.52058,Private room,879,30,0,,,61,184,0,
1143176484009426650,"銀光小築
Silver Light Villa",574312151,士偉,,北投區,25.13631,121.511886,Entire home/apt,2000,30,1,2024-11-28,0.88,1,196,1,
1143329697313415883,시먼딩/MRT Ximen 3min/2-4人房/WiFi/獨立陽台/洗衣機/heating,103961092,Eli,,萬華區,25.04321489427822,121.50545541197063,Entire home/apt,3440,3,14,2024-12-30,1.89,6,118,14,
1143430452688661662,Melodie's Apartment,574365746,Yi-Hsien,,大安區,25.0241035,121.5473073,Private room,550,150,0,,,1,178,0,
1143460743345238289,西門站步行2分鐘～明亮舒適安全電梯大樓,558551683,Jay,,萬華區,25.04143,121.50592,Entire home/apt,1866,2,2,2024-12-09,0.42,4,180,2,
1143538285603256264,Perfect 4 Families 2-4 ppl Taipei101 City Hall MRT,574311668,Rei,,信義區,25.047151184955602,121.56761929392815,Entire home/apt,2126,3,10,2024-12-16,1.56,23,145,10,
1143550737234732626,Comfy & Central 2-4 ppl Taipei 101 City Hall MRT,574311668,Rei,,信義區,25.047274220341897,121.56774569302797,Entire home/apt,1101,3,13,2024-11-23,1.75,23,169,13,
1143834058718015258,Perfect 4 Families 2-4ppl Taipei 101 City Hall MRT,574311668,Rei,,信義區,25.046619037712638,121.56733900308609,Entire home/apt,1869,3,8,2024-11-25,1.09,23,135,8,
1143838574330984126,Spacious 1 bedroom 2 ppl Taipei 101 City Hall MRT,574311668,Rei,,信義區,25.046596263976213,121.56729206442832,Private room,983,4,4,2024-12-16,0.76,23,169,4,
1143862979564220419,Gloomy Bear/1-4P/西門站/西門夜市-步行3分鐘,500095462,Guao,,萬華區,25.044021303903317,121.50567964034477,Entire home/apt,3371,3,31,2024-12-26,3.84,11,159,31,
1143995565698168478,Max mansion x gym |  Sogo 百貨1 分鐘 | MRT | 咖啡l月租,357062477,天恩,,大安區,25.042275319590836,121.5429289522614,Entire home/apt,2248,15,2,2024-11-29,0.33,29,238,2,
1144685721047856492,超級方便的地點、走路一分鐘到寧夏夜市、雙連捷運站、赤峰街、迪化街,9595798,Branson,,大同區,25.058364477104732,121.51670935587536,Entire home/apt,1839,2,32,2024-12-25,3.97,10,143,32,
1144734277572427531,LUXI/TPE Main Station/Ximen/Elevator/ 3 Bed 2 Bath,574217422,Sulivon,,中正區,25.044628129604728,121.51649257653408,Entire home/apt,4857,2,13,2024-12-22,2.65,6,63,13,
1145017825994524090,D apt . DUMO. /雙層獨享/台北車站/頂級衛浴3/泡澡浴缸/景觀陽台/4F+5F,367454319,Claire,,大同區,25.05022,121.51349,Entire home/apt,7635,1,3,2024-12-15,0.83,9,135,3,
1145181777292622588,台北 西門町（整層大空間4～10人）獨立2間房間 /夜市商圈/西門捷運站5分鐘/廚房/洗衣機,540100951,James,,萬華區,25.040283554517487,121.5041733160615,Entire home/apt,4357,3,16,2024-12-17,2.17,14,234,16,
1145399262414892576,Taipei Park View @Zhongxiao Fuxing MRT SOGO  2mins,1295140,Studio 17,,大安區,25.041507288595138,121.54449875079698,Entire home/apt,3501,3,15,2024-12-20,2.50,13,117,15,
1145440045574907903,日光暖暖，絕美現代簡約設計 stay for 6 ppl #近NTNU,573468805,Cynthia,,大安區,25.025064231802887,121.53090864598961,Entire home/apt,5326,2,27,2024-12-28,3.31,12,141,27,
1145441839220280605,XC201劍潭捷運站/士林捷運站/士林夜市/兒童新樂園/士林官邸/故宮博物館/獨享空間/1房2樓月租,328934808,楷文,,士林區,25.08935062079452,121.52428728285847,Entire home/apt,1321,2,9,2024-12-20,1.16,37,51,9,
1145445690042269087,XC202劍潭捷運站/士林捷運站/士林夜市/兒童新樂園/士林官邸/故宮博物館/獨享空間/1房2樓月租,328934808,楷文,,士林區,25.09103,121.52273,Entire home/apt,1382,2,2,2024-10-03,0.32,37,79,2,
1145448069429100012,XC203劍潭捷運站/士林捷運站/士林夜市/兒童新樂園/士林官邸/故宮博物館/獨享空間/1房2樓月租,328934808,楷文,,士林區,25.09089374256936,121.52446985308504,Entire home/apt,1651,2,14,2024-12-18,1.75,37,76,14,
1145705063426679283,Ximending𓇬L26椿𓇬Taipei 101𓇬3房住2-6人MRT 西門站𓇬五星飯店床墊,115798819,Airbnb,,萬華區,25.04682030287439,121.50432850508504,Entire home/apt,2968,3,10,2024-12-16,1.33,68,87,10,
1145959497034976686,女子獨立單間-美好行旅2-女子館「台北車站」,573577869,祥毅,,中正區,25.0465,121.51516,Private room,1380,1,0,,,1,219,0,
1145976247876539611,Bright room @ Guting & NTNU,130827969,Wenchi,,大安區,25.02902,121.52405,Private room,900,60,0,,,61,270,0,
1145985092366825648,Dec hot sale  忠孝敦 化1min/月租&短租/共用浴室(C)/電梯大樓.,58666148,Cookie,,大安區,25.044338600675143,121.55016338026863,Private room,1294,2,9,2024-12-28,1.10,21,164,9,
1146025576703198218,Breeze Center/24 desk/Personal Butler/Central TPE,298910458,Ariel,,松山區,25.04774,121.54778,Entire home/apt,1433,25,1,2024-10-02,0.33,25,347,1,
1146031725959394186,Skytree apt l  台北101 MRT 20秒｜Gym ｜Yoga｜公園｜WTC l 夜市,357062477,天恩,,信義區,25.031891836870034,121.56030684022399,Entire home/apt,2800,24,0,,,29,90,0,
1146069005870000015,Cozy flat with 2 bedrooms near Xinyi Anhe MRT,230184578,Anna,,大安區,25.03052730370321,121.55446701779755,Entire home/apt,2923,3,10,2024-12-08,1.51,9,263,10,
1146147066482109609,Ximending/TaipeiStation/6PPL/3minMRT/FreeParking,533627933,靜芸,,萬華區,25.0335,121.50126,Entire home/apt,2494,1,10,2024-12-15,1.59,10,266,10,
1146152411427997161,Breeze Center/24 desk/Personal Butler/Central Tpi,298910458,Ariel,,松山區,25.0472435,121.5470089,Entire home/apt,1236,25,3,2024-12-07,0.96,25,285,3,
1146167098851404692,Breeze Center/24 desk/Personal Butler/Central Tpi,298910458,Ariel,,松山區,25.0472435,121.5470089,Entire home/apt,1248,25,1,2024-11-17,0.65,25,231,1,
1146443428112392746,Ximending/TaipeiStation/6people/MRT/FreeParking,509260019,芸,,萬華區,25.03229,121.50062,Entire home/apt,2057,1,0,,,3,246,0,
1146893643026883577,N / Ximending / Ximen MRT / Red House / Taipei 101,221534550,Anne,,萬華區,25.04181896387331,121.50654404916983,Entire home/apt,1129,2,7,2024-11-26,1.09,48,90,7,
1146943746364459234,西門町馨曦雙人房 Ximending double room,122764186,Kyo,,萬華區,25.042858737878003,121.50773373707554,Entire home/apt,1344,2,21,2024-12-08,2.81,86,82,21,
1146985253131890099,3房1廳西門町時尚房 -  3Mins Ximen MRT -洗衣機浴缸 大片玻璃採光,28103867,Henry,,萬華區,25.042627070138156,121.5058800558601,Entire home/apt,5617,4,10,2024-12-16,1.65,38,70,10,
1147009537659977722,忠孝敦化捷運5分鐘IV-提供長期月租優惠,68002236,Kelvin,,大安區,25.042060313507307,121.55429218297294,Entire home/apt,1563,1,30,2024-12-16,3.95,9,327,30,
1147035436576177616,台北101DiscountXN928無印空間/夜市西門町台北車站/捷運西門站走路6分鐘/電梯1-6人,493324130,House,,萬華區,25.04612,121.50549,Entire home/apt,3103,2,24,2024-12-18,3.62,55,163,24,
1147041773698364685,Daan Xinyi CBD /2min toMRT/6ppl Getaway,418983055,Wen,,大安區,25.02284,121.55096,Entire home/apt,3622,3,8,2024-12-23,1.30,1,308,8,
1147070502300235158,西門町曦傾雙人房 Ximending double room,122764186,Kyo,,萬華區,25.04515893645167,121.50806262446288,Entire home/apt,1433,2,24,2024-12-09,3.17,86,81,24,
1147158847532669559,*New* Modern Loft - Taipei Main Station,542581964,Calvin,,大同區,25.048989816054114,121.51759097990113,Entire home/apt,3227,2,29,2024-12-16,3.77,7,213,29,
1147173081051044864,西門町馨饗雙人房 Ximending double room,122764186,Kyo,,萬華區,25.042859540716716,121.50773166138057,Entire home/apt,1406,2,17,2024-12-16,2.56,86,76,17,
1147504365915132451,都市小宅A、Y /MRT西門3分鐘/2房2衛0廳/4人,445307436,承芊,,萬華區,25.044187213117322,121.50601190989498,Entire home/apt,3122,3,4,2024-12-12,0.83,28,219,4,
1148134709392262139,Taipei Main Station 5Min walk: City View Apt,35927717,동욱,,大同區,25.05374022892804,121.51442647418727,Entire home/apt,2481,3,17,2024-12-24,2.39,1,46,17,
1148171640872203042,HC901/西門捷運站/紅樓/迪化街/1房/4P/9樓/電梯,328934808,楷文,,萬華區,25.04725,121.50691,Entire home/apt,1471,2,11,2024-12-20,1.48,37,49,11,
1148264817722200992,溫暖採光明亮2～6人房1分鐘到台北車站MRT M6出口,20880721,Harry,,中正區,25.046771821193218,121.51599381119013,Entire home/apt,3486,2,8,2024-11-25,1.14,15,237,8,
1149974659398946186,Oasis Da-an/NTU 3mins,3060470,June,,大安區,25.02327,121.54065,Entire home/apt,3037,2,7,2024-11-19,0.90,1,234,7,
1150314359704864588,youcity@Taipei 101（大空間）（圓桌聚會）整層房子空間給您使用，容納8~12人，,504550683,Summer,,信義區,25.0332805,121.5584025,Entire home/apt,5778,1,9,2024-11-25,1.14,2,232,9,
1150315309890159375,溫泉會館裡的家庭六人房-不含早餐,128064594,ChiaoBing,,北投區,25.13745,121.51314,Private room,13143,1,0,,,6,149,0,
1150360743083362450,溫泉會館裡的家庭套房-不含早餐,128064594,ChiaoBing,,北投區,25.13759,121.51147,Private room,13143,1,0,,,6,150,0,
1150563443735878408,MRT南京復興｜個人工作空間｜共用廚房｜洗烘衣機｜長租優惠,460048747,Kirei,,中山區,25.053878603450332,121.54026784847572,Private room,1161,1,10,2024-08-18,1.75,2,81,10,
1150661770876104673,MRT六張犁站/雙人雅房/共用浴室/信義商圈,441888372,TzuHan,,大安區,25.0221,121.55341,Private room,1211,3,2,2024-07-11,0.30,30,198,2,
1150689168336646299,MRT六張犁站/單人雅房/共用浴室/信義商圈,441888372,TzuHan,,大安區,25.02155997045963,121.55326301092092,Private room,1178,3,2,2024-09-24,0.39,30,264,2,
1151052989355897485,黑先生IV號房 - 月租有優惠可寵物西門站4分鐘復古風大空間家庭號13人房,39512538,Black,,萬華區,25.039801839798898,121.50588121265173,Entire home/apt,5765,1,7,2024-12-13,1.02,15,333,7,
1151194144999781919,B5-全新開幕-近西門町、台北車站、捷運站、獨立套房-場地租借-月租模式（短期租借請內洽）,499306096,哥,,萬華區,25.04397,121.50217,Entire home/apt,1114,2,31,2024-12-16,3.89,13,52,31,
1151207608281540301,台北車站舒享兩人房 Taipei Station Double Room,122764186,Kyo,,中山區,25.04838,121.52057,Entire home/apt,1958,2,30,2024-12-26,4.86,86,67,30,
1151435718868507473,Comfy Studio apartment in Da an Taipei VI 1-2ppl,576044022,Bi Qiong,,大安區,25.0418,121.54484,Entire home/apt,2054,3,12,2024-12-05,1.77,24,67,12,
1151484959583861054,Comfy Studio apartment in Da an Taipei VIII 1-2ppl,576044022,Bi Qiong,,大安區,25.04221,121.54538,Entire home/apt,1793,3,9,2024-12-07,1.44,24,72,9,
1152119134945159258,Lagoon/TPE Main Station/Elevator/Bag Storage/3b2b,574217422,Sulivon,,中正區,25.04515718081904,121.51460879935603,Entire home/apt,4786,2,30,2024-12-01,4.41,6,28,30,
1152489199286926244,中華路西門町商圈優質房源(只接受一個月以上租約）,74339328,Lynn,,萬華區,25.03593,121.50541,Entire home/apt,4951,30,0,,,3,87,0,
1152735163805465881,Happy Shilin Transient - Couple,567040569,Athena Marie,,士林區,25.09604,121.52375,Private room,,1,0,,,5,269,0,
1152741395684969972,Family Room,567040569,Athena Marie,,士林區,25.096187209797097,121.52365722942797,Private room,5000,1,0,,,5,269,0,
1153140696974934704,捷運小巨蛋站(D)-提供長期月租優惠,68002236,Kelvin,,松山區,25.04724191981697,121.5514474979897,Entire home/apt,1168,1,49,2024-12-28,6.45,9,293,49,
1153272971219474574,接機優惠Dec hot sale電梯大樓/譜寫溫柔氣質/雙台北車站&中山雙商圈/2房,58666148,Cookie,,中山區,25.055915908175145,121.52469308871267,Entire home/apt,3286,2,11,2024-12-29,1.40,21,170,11,
1153308834670241133,Loft （2～6P）,128806861,Kenson,,萬華區,25.047162230924165,121.50705288615339,Entire home/apt,2429,3,11,2024-12-16,1.86,13,253,11,
1153363655885240010,雙層公寓2F+3F  靠近台北車站 可住8人,15588671,York,,大同區,25.049239940071523,121.51787249142609,Entire home/apt,8434,3,0,,,5,330,0,
1153519936963550618,Nature duplex on a quiet lane,189622551,Sanhsing,,北投區,25.12059,121.52533,Entire home/apt,1500,30,0,,,1,177,0,
1153602780058982513,H&K Tranquil 2/1 Daan Home Sweet Home,30591050,H&K,,大安區,25.02910921896944,121.54302803891476,Entire home/apt,4571,10,4,2024-12-04,0.70,13,315,4,
1153914392952848910,【Web】捷運旁｜近西門步行街｜中山文青市集｜新電梯｜五星商務套房｜國際交流會｜豪宅設計｜頂級設備」,565465307,Son,,中山區,25.06369947409519,121.52668983765487,Entire home/apt,5564,2,0,,,40,90,0,
1153997315898772598,A8 -性價比高 -1-3人獨立衛浴套房-近西門町、龍山寺、地鐵站，月租套房-短租需提供證件請內洽,499306096,哥,,萬華區,25.03437312690421,121.49717005149431,Entire home/apt,750,2,15,2024-12-17,2.87,13,53,15,
1154059349655802080,Christmas*Nángǎng 近五分埔商圈 近饒河夜市 #松山車站散步5min 7ppl.,538173197,Nicola,,南港區,25.045768039416934,121.5817569032876,Entire home/apt,5605,2,0,,,4,177,0,
1154091613707726143,"：Cozy apartment  Near NTU , NTNU：",146850858,David,,大安區,25.0181688808691,121.5317202357617,Private room,1964,14,4,2024-08-18,0.55,14,211,4,
1154244224408618055,士林2人房，士林夜市2分鐘，近捷運站、台北故宮、陽明山國家公園,268005891,建瑋,,士林區,25.088631723902324,121.52157817035913,Entire home/apt,1800,2,7,2024-12-07,1.02,2,179,7,
1154272558941255666,NEW H201 / MRT Daqiaotou / Dadaocheng / Ningxia 夜市,453709970,Bella,,大同區,25.058821394488742,121.51352652310625,Entire home/apt,2571,2,10,2024-11-24,1.37,31,71,10,
1154695244376210339,LS安逸宅 中山站Zhongshan MRT 1-3人房,535262649,Lissa,,中山區,25.050452109825354,121.52495384758964,Entire home/apt,1766,3,14,2024-12-01,1.92,6,69,14,
1154855238410077569,Hömeÿ .悠然秘境 | 西門町商圈\西門捷運 \電梯大樓\4-8人\4床4衛浴0廳,651807716,Ina,,萬華區,25.04511,121.50698,Entire home/apt,8240,2,4,2024-12-08,0.60,16,204,4,
1154857559086643861,L S粉色佳人 中山站Zhongshan MRT 電梯2床 1-5人房,535262649,Lissa,,中山區,25.05059,121.5269,Entire home/apt,1562,3,8,2024-12-08,1.30,6,69,8,
1154864974086001340,台北/公館台大/考試院/捷運綠線/萬隆捷運站旁10公尺/全新裝潢/收現金或轉帳,120160650,孟葶,,文山區,25.00281540201144,121.53834548653614,Entire home/apt,1129,1,6,2024-12-10,0.92,2,86,6,
1154913368534058150,Hygge/TPE Main Station/Elevator/Bag Storage/3b1b,574217422,Sulivon,,中正區,25.047076365600518,121.5149006090063,Entire home/apt,3909,2,24,2024-12-25,3.29,6,48,24,
1154972450569249562,西門商圈1011/捷運西門站步行3分鐘/超大空間漂亮4人房,508233574,詩純,,萬華區,25.0429491,121.5056906,Entire home/apt,10082,2,1,2024-07-17,0.18,26,47,1,
1155030457909486269,Ximending/電梯/10minToMRT/wifi,158784715,Steven,,萬華區,25.04396,121.50103,Entire home/apt,1280,2,18,2024-12-15,2.45,4,137,18,
1155105071823076664,MRT Ximen Station Q27𓇬Ximending𓇬Taipei 101𓇬住1-4人,115798819,Airbnb,,萬華區,25.04212,121.50514,Private room,,3,1,2024-09-24,0.30,68,90,1,
1155161729658949598,Ximen Vintage Mocha｜西門經典摩卡｜1~4人｜西門商圈主題房,151400959,Edward,,萬華區,25.04531,121.50629,Entire home/apt,2387,1,13,2024-12-01,1.84,11,84,13,
1155473436658687341,Novel apt l 台北101 l MRT | 夜市 | Pool | subway | gym,357062477,天恩,,信義區,25.03264,121.5591,Entire home/apt,,25,1,2024-09-13,0.27,29,264,1,
1155509850882299874,[限月租全新套房]松菸旁、近國父紀念館站、大巨蛋、全聯走路可到、有共用廚房、廁所開窗、有廚房包水電費,29152389,Max,,信義區,25.04649,121.56262,Entire home/apt,425,365,0,,,3,364,0,
1155591054688390554,GP的家～台北市中心最溫馨的小窩,9619154,Ivy,,中山區,25.061885967865624,121.5425321105658,Private room,1400,2,13,2024-12-28,2.03,1,71,13,
1155627600712512336,5天以上優惠15%MRT台北車站正對面/樓下百貨公司/西門町一站就到,378085244,宏乘,,大同區,25.04949,121.51705,Entire home/apt,3818,3,20,2024-12-17,2.91,2,143,20,
1155636349511493302,＊西門町商圈C54／電梯2－4人房／西門捷運步行4分鐘,510241790,Yihan,,萬華區,25.041706807677826,121.50510604766149,Entire home/apt,,3,0,,,16,62,0,
1155705296742511233,【免費升等】超人氣｜近捷運｜酒店高品質｜比家更溫馨｜品生活｜舒適享受｜觀光美食一步到位｜珍藏優先安排,565465307,Son,,中山區,25.06233,121.52471,Entire home/apt,6063,7,3,2024-10-11,0.45,40,90,3,
1156104178533988683,XC200/劍潭捷運站/士林捷運站/士林夜市/兒童新樂園/故宮博物館/獨享空間/3套房3衛/10P,328934808,楷文,,士林區,25.089576861453043,121.52425938023558,Entire home/apt,6309,2,1,2024-07-26,0.19,37,51,1,
1156154098830979921,XC223劍潭捷運站/士林捷運站/士林夜市/兒童新樂園/士林官邸/故宮博物館/陽明山/2套房2衛2樓,328934808,楷文,,士林區,25.0911074641324,121.52247731940697,Entire home/apt,3369,2,3,2024-08-19,0.53,37,78,3,
1156276249691608740,[限月租全新套房]松菸旁、近國父紀念館站、大巨蛋包水電費,29152389,Max,,信義區,25.046210491391946,121.56177700410245,Private room,425,365,0,,,3,364,0,
1156312113078106422,捷運六張犁站｜舒適的臥室｜Share house,522531459,Taipei,,大安區,25.020138540175374,121.55362237480063,Private room,1282,14,2,2024-08-20,0.33,30,198,2,
1156490389559037631,Taipei Ximen MRT (5min)西門町商圈電梯四人房,559402291,Dle,,萬華區,25.04344070067831,121.50555445867805,Entire home/apt,2796,2,27,2024-12-01,3.75,3,9,27,
1156597434283025145,Hot sale  <Mysterious dream>,441408173,Rosalia,,大安區,25.0441,121.54931,Entire home/apt,3329,1,12,2024-12-08,1.76,14,269,12,
1156768960262454296,@Xi城市小居｜西門町商圈｜近西門捷運站｜台北車站 可住 1-4人,283858327,YunTing,,萬華區,25.0426,121.50195,Entire home/apt,2286,30,9,2024-12-16,3.38,1,175,9,
1156790001575343937,捷運六張犁站｜單人床臥室｜Share house,522531459,Taipei,,大安區,25.020300464688038,121.55467616908399,Private room,1183,7,3,2024-07-02,0.44,30,264,3,
1156956183056905059,TPHS K2013/旅行城市/台北車站/西門町/捷運西門站走路8分鐘/電梯/住1-8人,539813308,Home,,萬華區,25.03872,121.5008,Entire home/apt,5438,2,25,2024-12-19,3.71,42,152,25,
1156966973372577325,E4 / Ximen / Walk 5 min / Taipei 101 / Red House,221534550,Anne,,萬華區,25.044156137107606,121.50662653034166,Entire home/apt,1400,2,3,2024-11-30,0.70,48,88,3,
1156970062315343265,【Web】捷運旁｜近西門步行街｜中山文青市集｜共用廚房｜五星套房｜國際交流會｜豪宅設計｜頂級設備」,565465307,Son,,中山區,25.06289,121.52153,Entire home/apt,5364,2,1,2024-10-01,0.33,40,270,1,
1156992015372881317,台北101discountH602/回家時光/西門町夜市台北車站/捷運西門町站走路8分鐘電梯1-6人,539813308,Home,,萬華區,25.04652,121.50734,Entire home/apt,3438,2,17,2024-12-23,2.41,42,154,17,
1157026044833190566,台北101 discountU612/粉色和式/夜市台北車站/捷運西門町站走路10分鐘/電梯1-4人,539813308,Home,,萬華區,25.046578219894467,121.50332623822666,Entire home/apt,1828,2,11,2024-12-22,2.46,42,181,11,
1157099566978231801,可先放行李網路快。1～11人正東區捷運忠孝復興敦化站101獨立2房臥室浴缸,297859409,Jett,,大安區,25.04074,121.54866,Entire home/apt,4114,4,6,2024-12-17,1.45,4,115,6,
1157137774815887189,"大安區SOGO忠孝復興捷運站3分鐘, 電梯公園景觀/3站到台北101/4站到西門町-D",567500980,淑玲,,大安區,25.042964311696274,121.5421297277921,Entire home/apt,2400,5,2,2024-12-09,0.88,5,122,2,
1157568929507147964,Elegant Lvory | 台北車站 |電梯大樓 | 寧夏夜市 | 兩房兩衛 | 家庭旅遊首選,470085516,Yang,,大同區,25.0518,121.51642,Entire home/apt,5630,6,10,2024-12-15,1.44,8,182,10,
1157682143193378490,大安&師大時尚北歐風格C套房&月租NTNU/NTU/ NTUST,107651931,曉珊,,大安區,25.024413958348422,121.53056654294915,Private room,850,28,0,,,25,213,0,
1157739599414239202,"Above Metro Station, Downtown Getaway 2B",547908221,芷茜,,中正區,25.031957854651335,121.51747929098521,Entire home/apt,4412,2,14,2024-12-27,1.97,2,266,14,
1157822380351913243,Ukiyo/TPE Main Station/Elevator/Bag Storage/3b2b,574217422,Sulivon,,中正區,25.04525101505581,121.51436835061048,Entire home/apt,5686,2,37,2024-12-09,5.55,6,29,37,
1157891835204455625,【Web】捷運旁｜近西門步行街｜中山文青市集｜共用廚房｜五星套房｜國際交流會｜豪宅設計｜頂級設備」,565465307,Son,,中山區,25.06318,121.5201,Entire home/apt,4691,3,1,2024-06-16,0.15,40,270,1,
1157900728841129620,【Web】捷運旁｜近西門步行街｜中山文青市集｜共用廚房｜五星套房｜國際交流會｜豪宅設計｜頂級設備」,565465307,Son,,中山區,25.06141,121.52658,Entire home/apt,5054,3,0,,,40,270,0,
1157900816046875555,【Web】捷運旁｜近西門步行街｜中山文青市集｜馬偕醫院｜五星套房｜國際交流會｜豪宅設計｜頂級設備」,565465307,Son,,中山區,25.06167,121.52468,Entire home/apt,5272,2,0,,,40,270,0,
1157925289742702710,【Web】捷運旁｜近西門步行街｜中山文青市集｜電梯大樓｜五星套房｜國際交流會｜豪宅設計｜頂級設備」,565465307,Son,,中山區,25.06043048383641,121.5255927205199,Entire home/apt,5990,3,0,,,40,270,0,
1157952847282963442,[月租]東區陽光靜巷小屋. Monthly Rental .COZY & SUNNY,92809169,Cozy,,大安區,25.041326810503126,121.55333908318187,Private room,880,29,0,,,3,269,0,
1157957830783157504,西門町Ximen Mrt 7min 輕工業Loft 2pex,550625759,竣維,,萬華區,25.04447,121.50412,Entire home/apt,1207,2,25,2024-12-12,3.30,4,60,25,
1158474409414105020,西門捷運站 7分鐘（2-3人房）有電梯,232114489,小豬,,萬華區,25.04671,121.50651,Entire home/apt,1843,3,2,2024-06-15,0.28,4,117,2,
1158582095526219891,#R2B松山車站/饒河夜市-月租,231537618,Ting Ting,,松山區,25.05042,121.5785,Entire home/apt,2643,30,0,,,10,117,0,
1158589993787178117,@Xi1設計師小宅-西門町/寧夏夜市/台北車站 1-2人,231537618,Ting Ting,,萬華區,25.04344,121.50362,Entire home/apt,2629,3,0,,,10,175,0,
1158592536019247470,#R2a松山車站,231537618,Ting Ting,,松山區,25.05087,121.57627,Entire home/apt,2500,20,0,,,10,163,0,
1158599276122836040,#r2c松山車站/饒河夜市,231537618,Ting Ting,,信義區,25.04924072638393,121.57723746026284,Entire home/apt,2914,10,1,2024-10-28,0.46,10,179,1,
1158600254858021303,H1001/GoogleTV/5MinstoXimenMRT/WiFi/Lift,136010110,Rex,,萬華區,25.0454747,121.5087857,Entire home/apt,1587,2,32,2024-12-17,4.42,36,276,32,
1158603579800222610,H102 new / MRT Daqiaotou / Dadaocheng / Ningxia 夜市,453709970,Bella,,大同區,25.060810375570746,121.51357344799816,Entire home/apt,950,2,9,2024-12-11,1.24,31,84,9,
1158791866455598194,西門町的好房間。Good room in Ximending,9678816,Renny,,萬華區,25.043388721371247,121.50603386976768,Entire home/apt,1310,2,4,2024-10-27,0.73,6,113,4,
1158793663756231470,新上架｜極靜敦南電梯美寓- 3房2衛,578122374,俊穎,,大安區,25.0431686,121.5497629,Entire home/apt,3752,2,26,2024-12-22,3.47,2,141,26,
1158888103265201795,The delux MRT TaipeiCityHall 2-5ppl 獨立衛浴,83171395,Loro,,信義區,25.045541323655875,121.56617448622671,Entire home/apt,1527,3,15,2024-12-15,2.26,9,130,15,
1159164216531511813,大安區&師大時尚北歐風格B房&月租Ntnu/Ntust/Ntu,107651931,曉珊,,大安區,25.02387,121.5287,Private room,650,28,0,,,25,213,0,
1159335905677815084,Private bedroom with attached bathroom. Good view,20092735,Lily,,信義區,25.02928,121.55958,Entire home/apt,950,7,8,2024-12-21,1.22,6,249,8,
1159409875789716961,The oasis MRT TaipeiCityHall 1-3ppl,83171395,Loro,,信義區,25.04748,121.56836,Entire home/apt,1517,3,6,2024-10-30,0.91,9,88,6,
1159846595323259002,10minToTaipei 101/Elev/MCM Style Apt./2BD/Netflix,67274922,韶懃,,信義區,25.029261748231928,121.5635230041926,Entire home/apt,4777,4,16,2024-12-08,2.34,1,116,16,
1159910927908266068,『Light House』-電梯公寓/捷運6分鐘/士林夜市/101/西門町/寧夏夜市/2~8人／月租,29506598,Jane,,士林區,25.07955,121.52274,Entire home/apt,2559,2,32,2024-12-17,4.55,3,46,32,
1160047399672529871,Sunset Dreams II,30887495,Sin U,,大安區,25.031368827479902,121.54211954351791,Entire home/apt,2869,2,23,2024-12-25,3.47,3,252,23,
1160509010028048640,Home #7406,578544031,蔚珩,,文山區,24.9993495,121.5370449,Entire home/apt,2880,30,0,,,1,309,0,
1160632269696590439,JK201小巨蛋捷運站/小巨蛋/松菸文創園區/1房/2樓/2p,328934808,楷文,,松山區,25.05337159014648,121.55309178789292,Entire home/apt,1614,2,12,2024-12-23,1.64,37,74,12,
1160638803334282962,8 mins to MRT｜Sunlight 2BD｜300mb wifi｜YJ12.,242730194,Kolette,,信義區,25.044420535365703,121.57024393332024,Entire home/apt,3200,30,4,2024-12-13,0.56,67,161,4,
1160639084518750708,JK202小巨蛋捷運站/小巨蛋/松菸文創園區/2房/2樓/4p,328934808,楷文,,松山區,25.05315194801432,121.55332735891704,Entire home/apt,2162,2,6,2024-09-29,0.98,37,62,6,
1160643812429322896,JK203小巨蛋捷運站/小巨蛋/松菸文創園區/2房/2樓/4p,328934808,楷文,,松山區,25.0513,121.55351,Entire home/apt,2618,2,8,2024-12-24,1.79,37,65,8,
1160647547525869917,JK204小巨蛋捷運站/小巨蛋/松菸文創園區/2房/2樓/4p,328934808,楷文,,松山區,25.05296,121.55346,Entire home/apt,2464,2,7,2024-12-23,1.11,37,79,7,
1160650500562646733,JK205小巨蛋捷運站/小巨蛋/松菸文創園區/2房/2樓/4p,328934808,楷文,,松山區,25.05353012482565,121.55203862269327,Entire home/apt,2162,2,10,2024-12-25,1.70,37,61,10,
1160828199686393777,New Modern MRT TaipeiCityHall 2-6ppl,83171395,Loro,,信義區,25.0452769994567,121.56668090402944,Entire home/apt,2003,3,18,2024-12-16,2.58,9,120,18,
1161279174707337059,接機優惠 Dec hot sale 近饒河夜市/獨立套房/可住1~4位(A1),567205070,Hedda,,信義區,25.046961336460075,121.57808738884837,Private room,2573,2,6,2024-12-02,0.80,9,358,6,
1161299977073742096,接機優惠 Dec hot sale.近饒河夜市/獨立套房/可住1~4位(A2),567205070,Hedda,,信義區,25.04517,121.57763,Private room,2573,2,9,2024-10-21,1.21,9,358,9,
1161303320457674502,接機優惠 Dec hot sale.獨立套房/可住1~4位(A3),567205070,Hedda,,信義區,25.047110373498587,121.57648653143434,Private room,2573,2,5,2024-08-25,0.67,9,358,5,
1161319299830240630,接機優惠Dec hot sale.鄰近松山站及五分埔商圈 1~4PPL(B1),567205070,Hedda,,信義區,25.04568,121.57625,Private room,2573,2,8,2024-10-20,1.07,9,360,8,
1161325463684741847,接機優惠 Dec hot sale.鄰近松山站及五分埔商圈 1~3PPL(B3),567205070,Hedda,,信義區,25.04525,121.57758,Private room,2948,2,19,2024-12-28,2.54,9,359,19,
1161325485322107822,接機優惠 Dec hot sale.鄰近松山站及五分埔商圈 1~4PPL(B2),567205070,Hedda,,信義區,25.04612,121.57615,Private room,2573,2,8,2024-12-23,1.07,9,357,8,
1161381821705999160,SORA/TPE Main Station/Elevator/Ximen/Storage/3b2b,574217422,Sulivon,,中正區,25.04728,121.51487,Entire home/apt,5717,2,33,2024-12-16,4.97,6,26,33,
1161433247474835768,AKI/TPE Station/Bag Storage/Elevator/3b1b,574217422,Sulivon,,中正區,25.04722,121.51304,Entire home/apt,4686,2,34,2024-12-17,5.28,6,52,34,
1161471740345344281,A201 獨立房源 2間房間 靠近台北車站 熱鬧的地點 安靜的房間,578800230,Areum,,大同區,25.051223943145793,121.51811489642175,Entire home/apt,4400,3,2,2024-12-29,2,13,229,2,
1161490615024042654,"The Corner
Welcome",19843186,萊,,萬華區,25.045070066714544,121.5056924976309,Entire home/apt,3614,3,14,2024-12-30,1.95,13,153,14,
1161497363362484425,A301 獨立空間 2間房間 大客廳 走路到台北車站3分鐘,578800230,Areum,,大同區,25.050920686324602,121.51935045218981,Entire home/apt,4411,3,0,,,13,353,0,
1161507867608212619,A雙層公寓 4間雙人房 沒有電梯 靠近台北車站,578800230,Areum,,大同區,25.050823753825078,121.51996006166259,Entire home/apt,9403,3,0,,,13,220,0,
1161593178591950172,Cozy 雙人泡澡浴缸C12𓇬Ximen𓇬Taipei 101𓇬住1-2人𓇬MRT 中山站 台北站,115798819,Airbnb,,中山區,25.05229946561882,121.52292656162723,Private room,1357,3,9,2024-12-09,1.56,68,85,9,
1161713217453552010,【免費升等】超人氣｜近捷運｜酒店高品質｜比家更溫馨｜品生活｜舒適享受｜觀光美食一步到位｜珍藏優先安排,565465307,Son,,中山區,25.06117,121.523,Entire home/apt,5245,3,10,2024-11-11,1.41,40,90,10,
1161835164062899620,A225A 1房1客廳 獨立使用 靠近松山車站,578800230,Areum,,信義區,25.045020610078208,121.57742013689592,Entire home/apt,2571,3,0,,,13,346,0,
1161843348214034320,A225B 有2間臥室 共3張床舖 走樓梯2樓 靠近饒河夜市,578800230,Areum,,信義區,25.044138587673935,121.57736055179495,Entire home/apt,3286,3,1,2024-06-10,0.15,13,339,1,
1161850137001317637,A獨棟房源 3間臥室2間衛浴4張床 靠近饒河夜市,578800230,Areum,,信義區,25.04563,121.57767,Entire home/apt,4760,3,0,,,13,339,0,
1161921643366284291,H13/Lift/YT/NF/Wi-Fi/2MinToA1/Balcony/Microwave,136010110,Rex,,大同區,25.051336792033847,121.51322248189133,Entire home/apt,1689,2,25,2024-12-23,3.54,36,321,25,
1162090783633503634,moon houses 仁愛圓環 東區 雙大房/雙衛浴/電梯大樓,578959128,Pei Hao,,大安區,25.03784449905168,121.54944147765538,Entire home/apt,3015,5,20,2024-12-01,2.99,1,32,20,
1162182041239225121,士林2-4人房，士林夜市2-5分鐘，近捷運站、科教館、天文館、兒童新樂園,268005891,建瑋,,士林區,25.08934,121.52245,Private room,2070,2,15,2024-12-24,2.28,2,231,15,
1162663002118134608,2 BD Large and new | 2 Min Mrt |NTU |Shida,128565764,Juan,,大安區,25.02236,121.52759,Entire home/apt,2913,15,7,2024-11-28,1.00,3,31,7,
1162685665060896217,A101Taipei City 2 minutes by MTR,559789004,如意,,士林區,25.093521970214642,121.52644438055239,Private room,1909,5,1,2024-12-10,1,6,76,1,
1162691483295426840,A102Taipei city 2 minutes by MTR,559789004,如意,,士林區,25.093222852269367,121.52735885075782,Private room,,5,0,,,6,31,0,
1162818469243648923,New_MUJI_3Bedroom&2Bathroom/LD,140917365,K,,萬華區,25.044955396181336,121.50555331259966,Entire home/apt,5806,3,25,2024-12-08,3.64,5,279,25,
1162819624900106640,B102Taipei city 2 minutes by MTR,559789004,如意,,士林區,25.095357407201696,121.52753669070997,Private room,,5,1,2024-06-10,0.15,6,74,1,
1162822497485624137,B101Taipei city 2 minutes by MTR,559789004,如意,,士林區,25.095235597170515,121.52736648098356,Private room,1980,5,0,,,6,56,0,
1162825964631278830,C101Taipei city 2 minutes by MTR,559789004,如意,,士林區,25.09465,121.5282,Private room,1881,5,0,,,6,76,0,
1162843613160246365,師大溫馨採光網美風格設計A房間&月租@NTNU/NTU/Ntust,107651931,曉珊,,大安區,25.02563231764757,121.53033578524328,Private room,650,28,0,,,25,213,0,
1162914898755506613,慵懶奶油風輕奢宅 stay for 5 ppl #近師大夜市 #古亭站 #台電大樓站,573468805,Cynthia,,中正區,25.02198,121.52499,Entire home/apt,3200,2,21,2024-12-28,2.84,12,146,21,
1162955314002337310,Taipei Songshan 臺北市鄰近大巨蛋、南京公寓捷運站，三間房、兩廳兩衛,27872324,Jenny,,松山區,25.04912,121.55968,Entire home/apt,,1,6,2024-12-15,0.96,1,254,6,
1163436706511457115,靠近師大！雅房Room C！一卡皮箱即可入住！有電梯！,48973968,怡穎,,文山區,25.00647,121.53379,Private room,800,7,0,,,24,240,0,
1163527843405474409,Cozy Charming room in safe and quiet.,20092735,Lily,,信義區,25.029562882344212,121.56040890862879,Entire home/apt,950,7,1,2024-11-19,0.70,6,162,1,
1164023218795086791,木柵動物園 貓空纜車 大廈別墅,533346902,作君,,文山區,24.98655740706768,121.58647043423757,Entire home/apt,2986,2,32,2024-12-15,4.51,1,62,32,
1164104838903384508,Kunyang Quiet Cosy Apartment,1474323,Ken,,南港區,25.048083767761298,121.59246331094243,Entire home/apt,6197,1,18,2024-12-25,2.66,15,224,18,
1164141764692399016,Serviced apartment at Yongkang Street MRT Dongmen,579506663,Chao Chun,,中正區,25.03488,121.53205,Entire home/apt,2490,30,1,2024-11-17,0.67,2,224,1,
1164182316978940216,TPEHS D703/黑白棋盤/夜市/台北車站/西門町/捷運西門站走路5分鐘/電梯/住1-6人,539813308,Home,,萬華區,25.04250697692751,121.50359262076277,Entire home/apt,3156,2,19,2024-12-14,2.78,42,141,19,
1164189842120832734,TPEHS GT614/城市旅行/夜市/師大夜市/古亭捷運走路1分鐘/電梯/住1-4人,539813308,Home,,中正區,25.02762,121.5208,Entire home/apt,3542,2,18,2024-12-24,2.83,42,110,18,
1164357157125707560,西門町商圈912/捷運西門站步行4分鐘/採光良好/全新裝潢/乾濕分離衛浴,566137761,諺鴻,,萬華區,25.042863,121.5048821,Entire home/apt,3819,2,5,2024-12-25,0.75,1,81,5,
1164532653235701987,Kunyang Master Bedroom (private bath),1474323,Ken,,南港區,25.04618,121.59407,Private room,1807,1,21,2024-12-26,2.96,15,27,21,
1164538898869959588,Guest Room 1 in Kunyang Shared Apartment,1474323,Ken,,南港區,25.04628,121.59291,Private room,1217,1,18,2024-10-07,2.54,15,21,18,
1164545830525497311,Guest Room 2 in Kunyang Shared Apartment,1474323,Ken,,南港區,25.048484464085202,121.59312801758223,Private room,1102,1,22,2024-11-30,3.10,15,28,22,
1164765588731665609,西門町步行2分鐘/直達機場線/台北車站7分鐘/電梯大樓/全新裝潢,106153516,紓瑀,,中正區,25.045571403570992,121.51149105280636,Entire home/apt,1609,2,40,2024-12-26,5.66,1,134,40,
1164775879039219954,#台北市中心 #中山 #商圈,179260184,Keng Chieh,,中山區,25.057792618590067,121.5231881254849,Entire home/apt,5471,2,5,2024-11-19,1.33,2,221,5,
1164811181516341451,201A 獨立房源 2間房間 近台北車站 熱鬧的地點 安靜的房間,578800230,Areum,,大同區,25.04932236176731,121.51767346363025,Entire home/apt,4400,3,0,,,13,229,0,
1164878044412835943,Daan Park 3bedroom elevator,277278670,Garden,,大安區,25.03576,121.53903,Entire home/apt,5143,30,5,2024-12-18,0.89,14,238,5,
1164971993625792838,5天以上優惠10%台北車站正對面/西門町一站就到,21233282,Jia Sian,,大同區,25.05003,121.51844,Entire home/apt,3622,3,15,2024-12-10,2.11,1,142,15,
1165011786083917106,Near 101-Spacious Condo/市中心大空間挑高房,450151686,Gin,,信義區,25.030735,121.5576073,Entire home/apt,2500,30,0,,,5,234,0,
1165018139498648481,Near Da-An Station Condo/24H管理美屋,450151686,Gin,,大安區,25.0322497,121.5459377,Entire home/apt,2900,30,0,,,5,239,0,
1165024890164812458,Condo Near 101 Great View/高樓層景觀屋,450151686,Gin,,信義區,25.02981,121.55878,Entire home/apt,,30,0,,,5,0,0,
1165129461606871675,301A 獨立空間 2間房間 大客廳 走路到台北車站3分鐘,578800230,Areum,,大同區,25.05044,121.51957,Entire home/apt,3423,3,1,2024-11-02,0.50,13,353,1,
1165597414584447669,"Philosopher's Oasis, 30sec to ZhongXiao Dunhua MRT",268135087,Richard,,大安區,25.04065,121.54989,Entire home/apt,7382,1,10,2024-12-07,1.44,14,116,10,
1165602848545242856,Lu•Jia(9-10)Airport MRT/Taipei Main Station 3-Mins,531605794,Ivan,,中正區,25.0466457,121.5141252,Entire home/apt,2040,2,30,2024-12-24,4.43,5,235,30,
1165734595702819528,“光島Light Island”/台北車站M7步行1分鐘/2-6人房/2-3床/101景觀/洗衣機,543908162,Mvk,,中正區,25.04594318034003,121.51938648465577,Entire home/apt,3074,2,51,2024-12-15,7.15,5,184,51,
1165766184581664037,師大旁月租單人房雅房｜水電瓦斯網路垃圾全包 ｜至少一個月起租 I,363473951,Pohsun,,大安區,25.02453,121.52886,Private room,1000,30,0,,,6,365,0,
1165904744406687455,溫馨月租小套房Cozy Home,92809169,Cozy,,大安區,25.041398242069178,121.55394651119798,Private room,1357,15,0,,,3,270,0,
1165963199935894188,A9-性價比高-可1-3人簡約獨立衛浴套房-近西門町、龍山寺、地鐵站，月租套房-短租需提供證件請內洽,499306096,哥,,萬華區,25.035798294315533,121.49626836266297,Entire home/apt,876,2,9,2024-12-08,1.25,13,87,9,
1165999113882016071,Meaw for traveler / 302 位在市中心，雙捷運站/月租套房,289060981,Yuwen,,中山區,25.048988417160412,121.52067073794346,Private room,2686,3,10,2024-12-28,1.51,14,257,10,
1166168763193282186,Taipei night明亮採光3～8人房，下樓即是Taipei 車站MRT M6出口,217172486,Amelia,,中正區,25.046559262910254,121.51526084260888,Entire home/apt,4786,2,6,2024-12-17,1.08,3,315,6,
1166180688661273678,Private room 3 mins to MRT,86234917,Stella,,大安區,25.02913209148037,121.54318384650588,Private room,1031,3,4,2024-12-08,0.61,2,89,4,
1166224861718653273,Double Room (A)｜Near MRT Zhishan,552688490,Jung-Che,,士林區,25.107165840843162,121.52558095287323,Private room,753,4,4,2024-09-22,0.81,17,230,4,
1166405941461149479,西門町電梯公寓/距離北門站350公尺/台北火車站900公尺,516608965,Jonhson,,萬華區,25.0474966,121.508211,Entire home/apt,1319,3,1,2024-11-10,0.57,2,245,1,
1166415789214740352,現代風質感裝潢 近捷運出口2分鐘 stay for 7ppl,573468805,Cynthia,,信義區,25.02366,121.55335,Entire home/apt,4649,2,12,2024-12-17,1.67,12,159,12,
1166683658673233315,Cozy apt. in Ximen 4 mins to MRT,230184578,Anna,,萬華區,25.041968979340016,121.50570060550241,Entire home/apt,1740,3,6,2024-12-19,1.01,9,186,6,
1166997668922210031,［月租］6 mins to MRT Aprt. 2-4ppl 台北京站中山雙捷運/兩房一廳/寧夏夜市,291283304,Naomi,,大同區,25.05166626116271,121.51746396917919,Entire home/apt,2400,2,4,2024-09-30,0.68,31,71,4,
1167014502006378153,［月租］6 mins to MRT Aprt. 2-4ppl 台北京站中山雙捷運/兩房一廳/寧夏夜市,291283304,Naomi,,大同區,25.05027,121.51532,Entire home/apt,,2,7,2024-11-11,1.01,31,2,7,
1167025140139032819,［月租］6 mins to MRT Aprt. 2-3ppl 台北京站中山雙捷運/兩房一廳/寧夏夜市,291283304,Naomi,,大同區,25.04989167506976,121.51665206539336,Entire home/apt,2100,2,9,2024-10-24,1.42,31,17,9,
1167080812177064273,MRT Ximen Station Q21𓇬Ximending𓇬Taipei 101𓇬住1-4人,115798819,Airbnb,,萬華區,25.043354988606954,121.50573294278539,Private room,1178,3,7,2024-12-15,1.63,68,84,7,
1167099101964321189,"Q Sweet Home
京站雅築
Minimum Stay 30 days",50231509,Michael,,大同區,25.04896,121.51861,Entire home/apt,3200,30,0,,,1,255,0,
1167150278846815661,Modern Minimalist German Design/5 Minutes to Ximen,528379976,Eda,,萬華區,25.047865357040138,121.50586573354094,Entire home/apt,3233,2,1,2024-07-04,0.17,15,230,1,
1167173484403450412,Modern Full Apt! Super Cozy,71997,毓琛,,北投區,25.11593,121.50946,Entire home/apt,4016,1,5,2024-12-15,0.76,2,74,5,
1167176705076498749,Modern Minimalist German Design/5 Minutes to Ximen,528379976,Eda,,萬華區,25.04589,121.50532,Entire home/apt,2237,4,1,2024-08-15,0.22,15,234,1,
1167192076141925638,現代簡約德國設計/全新落成/三房兩廳一衛/西門5分鐘/台北市中心,528379976,Eda,,萬華區,25.047669173189522,121.50686782626879,Entire home/apt,4508,2,17,2024-12-28,2.97,15,232,17,
1167227796599584561,東區忠孝復興忠孝敦化4房4獨立衛浴公寓（可12-13人同住）！,515197667,Fanhsuan,,大安區,25.04262276722556,121.54383296069624,Entire home/apt,6800,2,2,2024-12-16,1.18,2,242,2,
1167279170031301154,EM 荷蘭 西門Ximen MRT（未開放國內預訂）1-4人房,535262649,Lissa,,萬華區,25.0429,121.50351,Entire home/apt,1666,2,28,2024-12-19,4.08,6,31,28,
1167346319355725827,＊西門町商圈11A／景觀2－4人房／西門捷運步行3分鐘／近紅樓,510241790,Yihan,,萬華區,25.043325255187142,121.5067411767279,Entire home/apt,3897,3,0,,,16,70,0,
1167718450789960977,C102Taipei City 2 minutes by MRT,559789004,如意,,士林區,25.093360416412597,121.52738115477818,Private room,1789,5,0,,,6,73,0,
1167719626830280854,4房2衛，出門見101，舒適電梯大樓整間專屬自己的家,580319608,軒寶,,大安區,25.03374432901496,121.54965057732251,Entire home/apt,6515,2,10,2024-11-18,1.88,1,184,10,
1167810974630609263,MRT Ximending西門商圈 台北車站 北門MRT5分鐘(國內訂房未開放月租2～5人房）,531621938,Anna,,萬華區,25.04636610016546,121.50804723331574,Entire home/apt,2414,3,11,2024-12-08,2.21,3,31,11,
1167839943103522667,The comfy MRT TaipeiCityHall 1-2ppl,83171395,Loro,,信義區,25.04753,121.56809,Entire home/apt,1304,4,8,2024-12-14,1.28,9,160,8,
1168044496694720680,Gongguan room D + private bathroom,435280422,Bernard,,中正區,25.0124242,121.5357056,Private room,623,31,1,2024-09-16,0.28,2,195,1,
1168657500363108203,樂爾公寓標準雙人房- 附浴缸,580534620,政廷,,大同區,25.0634499,121.5108546,Private room,3686,1,1,2024-08-01,0.20,18,227,1,
1168805110766056894,101 VIEW/Xinyi *NEW 2BR* Condo/SLEEP 7/Balcony/80㎡,269729561,Yu,,信義區,25.04081,121.57441,Entire home/apt,4928,4,8,2024-11-30,1.45,2,168,8,
1169153383640833898,"西門町西門捷運站一分鐘, 面公園",315448519,Carolina,,萬華區,25.0422,121.50623,Entire home/apt,1634,5,0,,,1,141,0,
1169410800525223850,Spacious and Cozy Home in Datong District,525013083,雅雯,,大同區,25.05024,121.51292,Entire home/apt,3200,2,9,2024-12-22,1.42,1,208,9,
1169455534534701343,"月光灑落-北醫/吳興街/101捷運
/象山捷運",91731784,Alison,,信義區,25.02382261987523,121.56503576514292,Entire home/apt,1986,3,2,2024-12-01,0.48,2,211,2,
1169854297062590576,Super bright room in downtown,130827969,Wenchi,,中山區,25.048354495020305,121.54210803018321,Private room,700,70,0,,,61,99,0,
1169864651635166380,Spacious room in central Taipei  Zhongxiao Fuxing,130827969,Wenchi,,中山區,25.046545440646725,121.54218685192197,Private room,800,60,0,,,61,221,0,
1169873246928215132,Spacious room central Taipei Zhongxiao Fuxing,130827969,Wenchi,,中山區,25.0467,121.54227,Private room,850,65,0,,,61,173,0,
1170021140420672921,Huā zhái @台北西門町/Taipei ximending/Free wifi/2~3人,31499315,Nn,,萬華區,25.043438903001647,121.5042422838379,Entire home/apt,2000,4,16,2024-12-29,2.41,4,163,16,
1170168709482664315,台北市/近台大/公館景美/考試院/捷運綠線/萬隆捷運站旁10公尺/全新裝潢/獨立套房/獨立衛浴廚具,120160650,孟葶,,文山區,25.0024338,121.539577,Entire home/apt,1571,1,6,2024-08-26,0.93,2,88,6,
1170190943318526105,【大安B棟 師大故居】4臥2衛 | 7分MRT台電大樓 | 師大夜市 ｜免費停車  | 台北車站,23097622,Miyo,,大安區,25.02579,121.53107,Entire home/apt,5939,1,2,2024-08-12,0.29,16,322,2,
1170604983966881892,HC802/西門捷運站/紅樓/迪化街/1房/2P/8樓/電梯,328934808,楷文,,萬華區,25.04497292932458,121.50590600424269,Entire home/apt,1321,2,11,2024-12-11,1.64,37,67,11,
1170607268166284624,HC803/西門捷運站/紅樓/迪化街/1房/2P/8樓/電梯,328934808,楷文,,萬華區,25.0471,121.50536,Entire home/apt,1141,2,16,2024-12-26,2.34,37,37,16,
1170609039257479462,HC804/西門捷運站/紅樓/迪化街/1房/2P/8樓/電梯,328934808,楷文,,萬華區,25.04509,121.50541,Entire home/apt,1141,2,20,2024-12-27,3.23,37,35,20,
1170611348584552753,HC805/西門捷運站/紅樓/迪化街/1房/2P/8樓/電梯,328934808,楷文,,萬華區,25.04546,121.50691,Entire home/apt,1141,2,16,2024-12-24,2.34,37,37,16,
1170808356968330025,小巷宅1 臨近西門町夜市、西門站步行3分鐘；1-3P,535234672,Gary,,萬華區,25.040969610690585,121.50659151441805,Entire home/apt,1753,3,23,2024-12-24,3.38,4,302,23,
1170836700951503193,小巷宅 雙套房 鄰近西門町夜市、地鐵站4-6P,535234672,Gary,,萬華區,25.042454361285195,121.50591980785487,Entire home/apt,4311,3,1,2024-12-08,1,4,236,1,
1170918339883653346,Affordable Transient Room,567040569,Athena Marie,,士林區,25.08903,121.52646,Private room,3900,1,1,2024-11-17,0.67,5,270,1,
1171022019266935445,台北西門町捷運三分鐘,15012350,P&P,,萬華區,25.04215819112379,121.50560884512824,Entire home/apt,3857,2,15,2024-12-18,2.34,5,50,15,
1171041309503595496,TPEHS 捷運西門町站走路8分鐘/電梯/夜市/住1-6人,539813308,Home,,萬華區,25.041212541807766,121.5051737228024,Entire home/apt,4015,2,17,2024-12-15,2.60,42,162,17,
1171243971849824643,黑先生2.6號房 - 月租有優惠可寵物西門、北門雙捷運超精緻小家庭系列小3房,39512538,Black,,萬華區,25.047563783606282,121.50470582564661,Entire home/apt,4636,1,22,2024-12-20,3.30,15,311,22,
1171270306497167926,黑先生2.7號房 - 月租有優惠可寵物西門、北門雙捷運小家庭系列超精緻小2房,39512538,Black,,萬華區,25.04613771517681,121.50638720337905,Entire home/apt,3295,1,6,2024-12-11,0.88,15,352,6,
1171322165007641853,XIMEN MRT 5 min by walk# Taipei Main Station#4room,453709970,Bella,,萬華區,25.04362,121.50547,Entire home/apt,6127,2,24,2024-12-15,3.51,31,34,24,
1171443236338330713,"傳統台式老屋更多的台式文化，飲食，生活體驗
Traditional house experience",581426892,Jean,,文山區,25.00296,121.5412,Private room,,1,0,,,1,0,0,
1171458312205284044,#GNstay公館棧信義通化一館雙人4A房 近通化夜市101景觀,38134494,GNstay,,大安區,25.0283178,121.5535997,Private room,1500,3,0,,,17,329,0,
1171460466711394106,"NTNU, NTU, MRT Guting 4BR Apartment",8963296,金雲(Heather),,中正區,25.025012736062557,121.52279335799211,Entire home/apt,1200,1,1,2024-08-05,0.20,8,243,1,
1171542174355999870,Guestroom in Roof Garden Oasis,1474323,Ken,,松山區,25.060185627617166,121.56842649552432,Private room,1185,1,52,2024-12-30,7.57,15,340,52,
1171542811058827421,| Sünlit Släte 晨曦 | 西門町商圈/西門捷運/獨立機洗/乾式分離衛浴/包棟8-12人,651807716,Ina,,萬華區,25.03939319177838,121.50274060486836,Entire home/apt,9324,2,9,2024-12-03,1.74,16,212,9,
1172176235501817415,Breeze Center/24hr Concierge/Personal Butler/Park,298910458,Ariel,,松山區,25.046339188526844,121.5474709397784,Entire home/apt,1476,25,0,,,25,354,0,
1172383056125058669,四平公寓A,28431050,吉男,,中山區,25.04766829339282,121.53514962190694,Private room,600,30,0,,,2,87,0,
1172397237557260573,【Web】捷運旁｜近西門步行街｜中山文青市集｜共用廚房｜五星套房｜國際交流會｜豪宅設計｜頂級設備」,565465307,Son,,中山區,25.06258,121.52157,Entire home/apt,5419,2,1,2024-10-27,0.45,40,270,1,
1172444915124362797,珍稀諦境@西門町（1-4人）MRT,352222731,李,,萬華區,25.04171,121.505717,Entire home/apt,4257,1,13,2024-12-29,5.27,1,63,13,
1172450010001765005,Comfy Studio apartment in Da an Taipei II 1-2ppl,576044022,Bi Qiong,,大安區,25.042205391993743,121.54538079999996,Entire home/apt,3411,3,14,2024-12-16,2.35,24,78,14,
1172536133224228150,Ximending𓇬L53熹𓇬Taipei 101𓇬住2-4人MRT 西門站𓇬五星飯店床墊,115798819,Airbnb,,萬華區,25.04472,121.50488,Entire home/apt,2166,3,6,2024-12-03,1.65,68,85,6,
1172700120476255814,Rooftop garden oasis,1474323,Ken,,松山區,25.060114181605826,121.56809924770197,Entire home/apt,3521,1,0,,,15,8,0,
1172833362489333777,2-5人廚房大套房.西門站（電梯.獨立衛浴）,36408621,小多,,萬華區,25.04292,121.50761,Private room,2386,30,0,,,15,269,0,
1172843466953153796,2-5人家庭廚房套房.西門站.電梯.獨立衛浴,36408621,小多,,萬華區,25.042866987436177,121.50571916887658,Private room,2836,30,1,2024-08-13,0.21,15,203,1,
1172873115369179556,2人寬敞廚房大套房（西門站.對外窗可晾曬衣服.電梯.獨立衛浴）,36408621,小多,,萬華區,25.04442,121.5074,Private room,2137,30,1,2024-12-21,1,15,112,1,
1172902030416102917,2人經典廚房大套房（電梯.西門站.獨立衛浴）,36408621,小多,,萬華區,25.04399,121.5074,Private room,2236,30,0,,,15,175,0,
1172952395102970048,2-3人沙發床小廚房陽台套房（西門站.電梯.獨立衛浴）,36408621,小多,,萬華區,25.042938557910638,121.50529362315848,Private room,2048,30,2,2024-10-31,0.65,15,264,2,
1172958963014825528,採光佳大雙人房（人體工學椅.電梯.獨立衛浴）,36408621,小多,,萬華區,25.043644819795066,121.50755669938265,Private room,2030,30,0,,,15,103,0,
1173023675967315671,HC801/西門捷運站/紅樓/迪化街/1房/2P/8樓/電梯,328934808,楷文,,萬華區,25.045463903555035,121.50698869842388,Entire home/apt,1382,2,14,2024-12-16,2.22,37,37,14,
1173033343163558454,酒店式公寓高樓景觀預訂有折扣1房1廳可料理，中山國小捷運1分鐘晴光夜市便利超商/花博園區24 H保全,267263059,Xiao Ying,,中山區,25.06215,121.52725,Entire home/apt,1988,18,5,2024-11-07,0.93,2,113,5,
1173238618085410573,*New* Spacious 3BR Taipei Main Station Unit,542581964,Calvin,,大同區,25.048931497556957,121.51754806455689,Entire home/apt,5398,2,16,2024-12-08,2.61,7,187,16,
1173528314719175704,【Web】捷運旁｜近西門步行街｜中山文青市集｜共用廚房｜五星套房｜國際交流會｜豪宅設計｜頂級設備」,565465307,Son,,中山區,25.061643958038516,121.52469712784752,Entire home/apt,5514,2,1,2024-06-10,0.15,40,270,1,
1173680108127840864,Modern Minimalist German Design/5 Minutes to Ximen,528379976,Eda,,萬華區,25.0464,121.50528,Entire home/apt,4583,2,27,2024-12-22,4.60,15,329,27,
1173706452370382888,Modern Minimalist German Design/5 Minutes to Ximen,528379976,Eda,,萬華區,25.04697929074219,121.50527737747092,Entire home/apt,18000,2,5,2024-12-01,0.83,15,212,5,
1174615280560330421,Taipei Female Blue Room 4F-2,110556206,Sally,,大安區,25.02326448773915,121.53036317871171,Private room,,365,0,,,5,90,0,
1174893782024318156,『新上線房源』電梯大樓/靠近MRT Taipei 101/世貿站/夜市步行只要3分鐘，適合2~5人,24466415,Hung Chin,,信義區,25.032681594115648,121.55888314708785,Entire home/apt,4300,2,7,2024-11-17,1.41,3,8,7,
1175079135146180304,N•Y-brown西門町商圈步行350M,234963902,Nina,,萬華區,25.04773,121.50719,Entire home/apt,3200,2,15,2024-12-08,3.00,6,270,15,
1175482164143259578,FB Apt w/ lift near Ximen MRT 西門町 近西門地鐵站 獨立浴室,79915350,Paradise Taipei,,萬華區,25.04596,121.50382,Entire home/apt,2730,3,12,2024-11-20,1.94,29,162,12,
1175678304754696451,Cozy Room in a Share House/NTNU/GutingStation 5min,18920780,Ann,,大安區,25.02763,121.52574,Private room,820,28,1,2024-12-02,1,17,177,1,
1176384288444360784,101的整套雙人出租房源,582773058,睿宏,,信義區,25.041922,121.5703811,Entire home/apt,1800,10,3,2024-12-13,0.47,2,266,3,
1176550201911356640,樂爾公寓高級雙人房- 附浴缸,580534620,政廷,,大同區,25.0634499,121.5108546,Private room,,1,0,,,18,204,0,
1176563813158908265,Cozy Room 2~6ppl一房一廳一衛/西門徒步區/電梯大樓/Ximen MRT 5 mins,66688561,Angel,,萬華區,25.04446,121.50712,Entire home/apt,2480,3,24,2024-12-26,3.98,3,71,24,
1177257144955586111,Yongkang Street/Cozy roomC/ShareHouse/NTNU/Dongmen,18920780,Ann,,大安區,25.0282,121.52966,Private room,,28,0,,,17,249,0,
1177513373796512138,魅力中山捷運電梯套房：西門町步行街｜中山購物樂園｜雙捷運交通便捷｜中山北路獨享綠意｜台北夢幻住宿,565465307,Son,,中山區,25.057570304159256,121.52580587893885,Entire home/apt,5364,3,1,2024-06-23,0.16,40,270,1,
1178231718595112074,【Web】捷運旁｜近西門步行街｜中山文青市集｜共用廚房｜五星套房｜國際交流會｜豪宅設計｜頂級設備」,565465307,Son,,中山區,25.06283623042667,121.52164925589268,Entire home/apt,9267,2,0,,,40,269,0,
1178573454548449035,西門町電梯大樓2-4人房/距離北門站350公尺/台北車站900公尺/機場接送服務,516608965,Jonhson,,萬華區,25.0474966,121.508211,Entire home/apt,1613,3,3,2024-10-28,0.57,2,138,3,
1178605807976339469,台北 西門町  舒適大空間 （2～8）人房｜樓下夜市、商圈、酒吧、餐廳/捷運站5分鐘/廚房/洗衣機,540100951,James,,萬華區,25.0443495,121.5057847,Entire home/apt,3279,3,15,2024-11-09,2.45,14,200,15,
1178627391586613020,Breeze Center/24 desk/Personal Butler/Central Tpi,298910458,Ariel,,松山區,25.04786068244665,121.54777047836158,Entire home/apt,1364,25,0,,,25,307,0,
1178754838539591409,W'HOUSEWalk6minTo XimenMrt-極簡現代風/有電梯/冷暖空調/wifi/,77177354,James,,中正區,25.045095895798635,121.51107537299515,Entire home/apt,3930,3,28,2024-12-19,4.67,12,329,28,
1178875511022415193,H428/Lift/YT/NF/Wi-Fi/2MinToA1/Microwave/Heater,136010110,Rex,,大同區,25.04996,121.51277,Entire home/apt,3294,2,38,2024-12-29,6.06,36,316,38,
1179323034588035021,接機優惠Dec hot sale.考古學家的殿堂/3+1臥室/彩虹河濱公園7ppl,268347453,Nigel,,松山區,25.05945360899147,121.56809619024935,Entire home/apt,4308,2,8,2024-12-08,1.21,19,358,8,
1179465276131653820,MRT古亭捷運2房/松山新店/中和新蘆/鄰近NTNU/NTU/NTUST/NCCU國語日報,52064270,Celine,,中正區,25.02372869242724,121.52088422948961,Entire home/apt,2625,1,0,,,10,231,0,
1179662028216864294,長租優惠/台北101景觀套房/信義區泳池宅,24781354,Aj,,信義區,25.0323224,121.5611501,Entire home/apt,3114,29,5,2024-12-11,1.17,4,225,5,
1180186369791454939,西門町XiMenDing舒適套房CozySuite捷運站500米500MtoMRT,583758720,凱閔,,萬華區,25.04552,121.5075,Entire home/apt,1643,2,19,2024-12-09,3.02,1,345,19,
1180429125016402095,Cozy apartment in Nangang,56532738,Jesse,,南港區,25.0464965,121.5882293,Private room,1004,30,1,2024-09-28,0.32,11,141,1,
1180676891252917286,Starry mind apt l 台北101 l MRT | 夜市 | Pool | gym,357062477,天恩,,信義區,25.0312797,121.5580036,Entire home/apt,3857,15,3,2024-10-19,0.69,29,91,3,
1180811762853624519,Ensuite room next to Neihu MRT,48474861,Alisa,,內湖區,25.0834549,121.5951352,Private room,,6,4,2024-12-19,0.77,1,0,4,
1180873120249947513,Guting MRT Apartment,531385127,林,,大安區,25.0260313,121.5236058,Entire home/apt,1300,14,4,2024-11-29,0.78,5,310,4,
1180945410783953690,福懋雅房(1688)，月租，交通無敵方便，生活機能超強，清潔需額外加收清潔,489403010,宥瑩,,中正區,25.028743626384287,121.5197181353731,Private room,350,30,3,2024-12-14,0.60,15,365,3,
1181099263415099420,C1-全新裝潢-月租工作室、月租房間、休息沙發吧限外國人-近西門町、龍山寺、地鐵站短期合作需提供證件,499306096,哥,,萬華區,25.035538722408567,121.4992756024003,Entire home/apt,764,2,26,2024-12-24,4.08,13,41,26,
1181194364004478658,TPEHS XN917/藍色陽台/台北車站/西門町/捷運西門站走路6分鐘/夜市/電梯/住1-4人,493324130,House,,萬華區,25.04652297502878,121.50547377205228,Entire home/apt,2838,2,15,2024-12-24,2.30,55,157,15,
1181207039387221372,TPEHS C623/粉色天空/夜市/台北車站/西門捷運西門站走路5分鐘/洗衣機電梯/住1-4人,539813308,Home,,萬華區,25.04133209554206,121.50553730200083,Entire home/apt,2136,2,14,2024-12-21,2.94,42,170,14,
1181213350589185143,TPEHS C1120/紫色空間/夜市/台北車站/西門捷運西門站走路5分鐘/洗衣機電梯/住1-4人,539813308,Home,,萬華區,25.04008186255977,121.50734235179578,Entire home/apt,1964,2,15,2024-12-24,2.90,42,151,15,
1181404874691665718,【v】32｜新設計｜電梯大樓｜簡約廚房｜雅致設計的融合｜體驗您的夢幻之家｜近捷運餐廳商店｜友善外國人,584116440,Zabashta,,中山區,25.06059,121.52602,Entire home/apt,4837,2,0,,,10,90,0,
1181455438992826179,《東門MRT·永康街·S2》Walk4min 2室1廳+大陽台#台北101#西門町#大安森林公園,114443190,Woo Bin,,大安區,25.031293953328998,121.53086241535121,Entire home/apt,5756,3,0,,,15,247,0,
1181498850467372462,《東門MRT·永康街·T3》Walk4min 2室1廳+大陽台#大安森林公園#台北101#鼎泰豐,114443190,Woo Bin,,大安區,25.030298953986495,121.53057565071724,Entire home/apt,5756,3,1,2024-12-02,1,15,238,1,
1181532296343133750,東區敦化商圈3房溫馨家,454393245,Anlie,,松山區,25.04504310022668,121.54870025151237,Entire home/apt,,4,2,2024-11-25,0.95,2,80,2,
1181586357487000438,"Just-stay Condo,Heart of district",159407256,John,,萬華區,25.04467,121.50703,Entire home/apt,2153,2,7,2024-12-15,1.47,2,70,7,
1181700524759108266,About plants apt l 台北101 | Gym | Pool | subway,357062477,天恩,,信義區,25.030874902101846,121.56033988810205,Entire home/apt,4000,15,2,2024-12-03,0.40,29,180,2,
1181806687806731351,Panda(3~6 Pax),19843186,萊,,萬華區,25.04301100012711,121.50569897934022,Entire home/apt,2840,3,11,2024-12-04,1.95,13,169,11,
1181874613868441428,捷運忠孝復興站，家庭&多人聚會，大型投影幕vs電動麻將捷運5分鐘,251087010,Chloe,,大安區,25.04324179893273,121.54148906200065,Entire home/apt,6466,2,19,2024-12-30,2.98,6,147,19,
1182132820288414531,「30天上月租套房」西門町捷運站旁紅樓廣場7-11超商旁1mins,260936150,文煌,,萬華區,25.041489536134506,121.5069618076086,Private room,1106,30,0,,,5,83,0,
1182142871335015339,新房源優惠/daisy小雛菊/藝術豪宅電梯河景/古亭MRT步行10分鐘/有專業廚房的度假屋推薦長居客,21909256,Szuting,,中正區,25.02113217582834,121.51842799743771,Entire home/apt,2507,1,30,2024-12-28,5.06,3,35,30,
1182356290649392878,1min寧夏夜市 NingXia near Taipei rail metro CityCenter,83917029,Kai Hsiang,,大同區,25.055500033698852,121.51434389856564,Entire home/apt,1974,6,4,2024-12-21,0.71,7,108,4,
1182418161949220646,師大溫馨採光網美風格設計D房間&月租@NTNU/NTU/Ntust,107651931,曉珊,,大安區,25.02392,121.52931,Private room,650,28,0,,,25,183,0,
1182486047841458574,Ntnu studio room師大套房02_2,21858589,智暎,,大安區,25.023629,121.529811,Private room,,3,2,2024-12-09,0.38,5,89,2,
1182524021854999578,Apt&Kitchen/MRT/Ximen/TaipeiMrt,565465307,Son,,中山區,25.06130675731981,121.52422562958962,Entire home/apt,5053,2,0,,,40,90,0,
1182836520720797850,無印風休閒宅,524721541,Chialing,,內湖區,25.0551054,121.582159,Private room,,1,1,2024-09-22,0.29,1,0,1,
1183126710995743577,Gongguan Room B + Private bathroom,435280422,Bernard,,中正區,25.0124242,121.5357056,Private room,886,30,1,2024-12-25,1,2,339,1,
1183818987890070939,西門町四人房602  Ximending Quad room,122764186,Kyo,,萬華區,25.043856426563753,121.50810490222936,Entire home/apt,2648,2,10,2024-11-24,1.95,86,90,10,
1183840868064319078,『Ximending 』Riverside TOP Floor 1-4pp,584797539,Piyatida,,萬華區,25.04766764418982,121.50379934047317,Entire home/apt,1771,1,6,2024-12-08,4.19,3,75,6,
1183874258948291480,西門町雙人房603 Ximending Double Room,122764186,Kyo,,萬華區,25.04466,121.50738,Entire home/apt,2250,2,23,2024-12-17,4.39,86,45,23,
1183880695161134310,西門町雙人房605 Ximending Double Room,122764186,Kyo,,萬華區,25.04478417920686,121.50700524480544,Entire home/apt,2245,2,28,2024-12-17,4.75,86,64,28,
1184063723223097437,C大安MRT捷運2分鐘/Taipei101/夜市/可月租/new電梯獨立房/時尚簡約/森林公園/花市,584855782,Ruo Syuan,,大安區,25.03435,121.54537,Entire home/apt,2422,1,17,2024-12-30,2.77,6,315,17,
1184501678825636031,西門町雙人房606 Ximending Double Room,122764186,Kyo,,萬華區,25.043732103704002,121.50694000830588,Entire home/apt,2462,2,16,2024-12-16,2.79,86,53,16,
1184504699462353019,西門町雙人房607 Ximending Double Room,122764186,Kyo,,萬華區,25.04491119262528,121.506852021756,Entire home/apt,1591,2,20,2024-12-13,3.80,86,53,20,
1184527486440961305,西門町雙人房608 Ximending Double Room,122764186,Kyo,,萬華區,25.04292,121.50808,Entire home/apt,1551,2,20,2024-12-13,3.61,86,59,20,
1184536671261821392,西門町雙人房609 Ximending Double Room,122764186,Kyo,,萬華區,25.045104116251764,121.5072261678824,Entire home/apt,2226,2,18,2024-11-04,3.10,86,63,18,
1184576901847907681,25名設計師最新傑作｜商務套房｜新電梯｜智能洗脫烘｜免治馬桶｜重金設備完善｜體驗舒適奢華的新家生活,584116440,Zabashta,,中山區,25.057933784933645,121.52407593618841,Entire home/apt,,3,0,,,10,89,0,
1184617456103081558,西門町雙人房612 Ximending Double Room,122764186,Kyo,,萬華區,25.045147188233305,121.50708550716331,Entire home/apt,1417,2,12,2024-12-14,2.21,86,76,12,
1184620857163277542,西門町雙人房615 Ximending Double Room,122764186,Kyo,,萬華區,25.045018653501323,121.50723239864323,Entire home/apt,1591,2,21,2024-12-17,3.71,86,65,21,
1185110234592514745,1館 台北車站30秒 臺北 8人房 Taipei main station 簡單生活,104718340,Kumiko,,中正區,25.04483,121.51645,Entire home/apt,4105,2,1,2024-12-11,1,11,106,1,
1185155956853005513,西門町雙人房616 Ximending Double Room,122764186,Kyo,,萬華區,25.04476,121.50845,Entire home/apt,2254,2,13,2024-12-16,2.67,86,82,13,
1185197609432382545,西門町雙人房620 Ximending Double Room,122764186,Kyo,,萬華區,25.04287,121.508,Entire home/apt,1591,2,20,2024-12-07,3.47,86,37,20,
1185203123747689912,西門町雙人房621 Ximending Double Room,122764186,Kyo,,萬華區,25.04517,121.5081,Entire home/apt,1453,2,15,2024-12-17,2.76,86,23,15,
1185210237823048654,Cozy Retreat-Elegant Apartment,41047552,Ryan,,大安區,25.0337347,121.556874,Private room,914,20,1,2024-09-30,0.32,5,45,1,
1185253003692682689,Cozy room in the downtown,41047552,Ryan,,大安區,25.0337347,121.556874,Private room,1074,4,14,2024-12-23,2.68,5,65,14,
1185508464111496911,Fabulous new apt. central TPE(vegetarian friendly),190706515,Chris,,中山區,25.0469733,121.5315595,Entire home/apt,2957,3,9,2024-12-23,1.93,1,94,9,
1185783427866628789,Cozy House @ 101 MRT | 1+1 Room,38841524,威儀,,信義區,25.0314154,121.557987,Entire home/apt,3094,5,10,2024-12-16,1.79,5,329,10,
1185820974266361208,Lu•Jia 88(Shared Apartment)Ximen MRT 9-Mins,531605794,Ivan,,萬華區,25.046223557812546,121.5044355019927,Private room,1319,30,1,2024-08-30,0.24,5,119,1,
1185858703806630374,生活機能極佳，近捷運、士林夜市，全新裝修，家具齊全公寓,94710034,Ling Fei,,士林區,25.081114,121.521397,Entire home/apt,,4,1,2024-07-28,0.19,1,0,1,
1185880637228667336,26名設計師最新傑作｜商務套房｜新電梯｜智能洗脫烘｜免治馬桶｜重金設備完善｜體驗舒適奢華的新家生活,584116440,Zabashta,,中山區,25.05795782054345,121.52564794599418,Entire home/apt,5654,3,2,2024-06-28,0.32,10,90,2,
1185883667627939652,53名設計師最新傑作｜商務套房｜新電梯｜智能洗脫烘｜免治馬桶｜重金設備完善｜體驗舒適奢華的新家生活,584116440,Zabashta,,中山區,25.055746914946834,121.52400126568452,Entire home/apt,5658,3,2,2024-11-04,0.32,10,90,2,
1185886867506326253,55名設計師最新傑作｜商務套房｜新電梯｜智能洗脫烘｜免治馬桶｜重金設備完善｜體驗舒適奢華的新家生活,584116440,Zabashta,,中山區,25.056043447230508,121.52583304512291,Entire home/apt,5654,2,1,2024-06-28,0.16,10,32,1,
1185892089400890270,36名設計師最新傑作｜商務套房｜新電梯｜智能洗脫烘｜免治馬桶｜重金設備完善｜體驗舒適奢華的新家生活,584116440,Zabashta,,中山區,25.05567578196046,121.52394252664445,Entire home/apt,5657,3,0,,,10,90,0,
1185919476702217516,31名設計師最新傑作｜商務套房｜新電梯｜智能洗脫烘｜免治馬桶｜重金設備完善｜體驗舒適奢華的新家生活,584116440,Zabashta,,中山區,25.05559040293266,121.52441368896199,Entire home/apt,5661,7,1,2024-11-07,0.55,10,90,1,
1185919496932465906,【v】12｜高樓套房｜酒店式商務｜電梯管制｜全套廚房｜乾溼分離｜近捷運｜設備全配｜鑽石大樓｜餐廳藥局,584116440,Zabashta,,中山區,25.058847858208306,121.52616640094443,Entire home/apt,5000,2,2,2024-06-28,0.32,10,270,2,
1186007442337422411,Ciao/台北西門町/Ximen Mrt /3～6人/free pocket wifi,35106621,Taiwan Trip,,萬華區,25.04197,121.50479,Entire home/apt,2935,3,10,2024-12-10,2.08,1,105,10,
1186651668249073651,Guting Share Apartment No8,531385127,林,,中正區,25.023512366429244,121.52436191149998,Private room,900,14,0,,,5,263,0,
1186682120131718102,Comfy Studio apartment in Da an TaipeiVIIII 1-2ppl,576044022,Bi Qiong,,大安區,25.04220550022179,121.54538076370955,Entire home/apt,,3,6,2024-12-16,1.02,24,57,6,
1186734452567818097,Comfy Studio apartment in Da an Taipei IV 1-2ppl,576044022,Bi Qiong,,大安區,25.04220550022179,121.54538076370955,Entire home/apt,2921,3,4,2024-12-15,0.76,24,58,4,
1186739497335597020,LJ200信義安和站/近101捷運站/201臨江街/信義商圈/臨江街夜市/4B1B/8PPL/2樓,328934808,楷文,,大安區,25.03044619444298,121.55580234621908,Entire home/apt,3606,2,19,2024-12-25,3.35,37,53,19,
1186747640072632966,台北 NEW 松江南京MRT  有電梯/獨立空調/獨立衛浴/陽台洗衣機/生活機能佳/松江南京,30670839,Paul,,中山區,25.04594,121.53368,Entire home/apt,2555,28,2,2024-11-23,0.38,10,74,2,
1186754347079358494,Comfy Studio apartment in Da an Taipei 1-2ppl,576044022,Bi Qiong,,大安區,25.043244877559943,121.54559057741882,Entire home/apt,2286,3,4,2024-11-13,0.71,24,82,4,
1186816926635912102,*Best choice for backpacker*/Monthly Rental 04,289060981,Yuwen,,中山區,25.05014550417077,121.5202709287405,Private room,1286,7,5,2024-12-13,1.60,14,354,5,
1187083820251503407,西門町Ximen/全新裝潢電梯大樓/MRT(1min)/3～8p,250237099,Sally,,萬華區,25.0456333335118,121.50524143633844,Entire home/apt,,2,16,2024-12-17,2.68,13,304,16,
1187090300211969344,西門시먼/Ximen MRT(10min),250237099,Sally,,萬華區,25.04513,121.50378,Entire home/apt,1611,2,9,2024-12-17,1.70,13,279,9,
1187244279740532761,月租家庭房限定｜台北小巨蛋的家｜ 2間臥室｜中島廚房餐桌｜捷運350公尺；步行3分鐘,31338261,Vanessa,,松山區,25.04835,121.55311,Entire home/apt,4400,22,1,2024-10-21,0.42,3,66,1,
1187268150474310605,Theory Loft + study | Gym | Pool | 夜市 1 min | 捷運,357062477,天恩,,信義區,25.03188,121.55879,Entire home/apt,,15,0,,,29,365,0,
1187381885966398266,Guting Share Apartment No1,531385127,林,,中正區,25.023300299853364,121.52287666704882,Private room,900,14,0,,,5,249,0,
1187389141888629232,Guting Share Apartment No.3,531385127,林,,中正區,25.023298686838498,121.5246843506366,Private room,900,14,0,,,5,269,0,
1187396876751205858,Penthouse Duplex Heart of Taipei 3bd | view of 101,7970386,Fun Taiwan Home,,大安區,25.035,121.55087,Entire home/apt,6300,3,5,2024-12-17,1.08,7,215,5,
1187398674743848670,Guting Share Apartment No 4,531385127,林,,中正區,25.02177,121.52268,Private room,900,14,1,2024-11-30,0.94,5,259,1,
1187418632005264947,5天以上優惠10%台北101附近！樓下就是地鐵站,378085244,宏乘,,信義區,25.043967592980763,121.5813384577632,Entire home/apt,6848,3,18,2024-12-12,3.29,2,87,18,
1187544008487496679,Ntnu studio room師大套房02_3,21858589,智暎,,大安區,25.0236009,121.529808,Private room,,3,3,2024-12-09,1.02,5,76,3,
1187598202898480161,魔法小屋 Magical Hut - My Home in Taipei,57613951,Bo-Yu,,萬華區,25.035901784803823,121.49355306773704,Entire home/apt,2000,2,15,2024-12-26,2.57,3,306,15,
1187662139534240183,公園路青年套房1,539795653,振聲,,中正區,25.04507,121.5165803,Entire home/apt,1000,90,0,,,17,365,0,
1187673239984874803,公園路青年套房2,539795653,振聲,,中正區,25.04507,121.5165803,Entire home/apt,1000,90,0,,,17,365,0,
1187689305345917235,師範大學青年套房3（大安區）地下室全新完工,539795653,振聲,,大安區,25.02332,121.53145,Entire home/apt,1100,180,0,,,17,365,0,
1187691687769633315,師範大學青年套房4（大安區）地下室全新完工,539795653,振聲,,大安區,25.024730236122974,121.5317817438249,Entire home/apt,1100,90,0,,,17,365,0,
1188137554296300764,Sky Forrest(5-min to MRT/near #Raohe Night Market),585994180,震宇,,松山區,25.05249,121.56818,Entire home/apt,2714,3,5,2024-09-23,0.97,2,57,5,
1188141918025333444,西門町馨擎六人房  Ximending 6-person 3Room,122764186,Kyo,,萬華區,25.04333,121.50764,Private room,1967,2,17,2024-12-09,2.90,86,4,17,
1188197900644979601,Deep Blue(5-min to MRT/near #Raohe Night Market),585994180,震宇,,松山區,25.05187491085046,121.56745182608428,Entire home/apt,2671,3,10,2024-12-17,2.97,2,63,10,
1188407426232935152,CBD溫馨舒適套房，步行3分鐘抵達雙捷運,208545430,Nici,,大安區,25.04238,121.54184,Private room,,1,0,,,4,0,0,
1188425854284655465,CBD文藝風格套房。步行3分鐘抵達雙捷運,208545430,Nici,,大安區,25.04246,121.54194,Entire home/apt,,1,0,,,4,0,0,
1188434963248873778,CBD質感簡約套房。步行3分鐘抵達雙捷運,208545430,Nici,,大安區,25.04386,121.54161,Entire home/apt,,1,0,,,4,0,0,
1188440054540582947,CBD簡約舒適套房。步行3分鐘抵達雙捷運,208545430,Nici,,大安區,25.04381205332435,121.54362611579985,Entire home/apt,,1,1,2024-08-10,0.21,4,0,1,
1188740580940505898,The rewards are worth it/近科技大樓捷運站家庭房,268347453,Nigel,,大安區,25.022032731231405,121.54188974040312,Entire home/apt,4139,2,11,2024-12-28,1.77,19,170,11,
1188848671880306442,MRT BL-15 3mins warm studio,346656524,Ola,,大安區,25.04433,121.54425,Entire home/apt,2885,5,5,2024-10-31,1.17,21,309,5,
1188855155049193836,MRT BL-15 and BR-10 3 mins homely studio,346656524,Ola,,大安區,25.04199,121.54444,Entire home/apt,3010,4,7,2024-12-23,1.33,21,288,7,
1189458723354121925,DA19#Zhongxiaofuxing MRT 3 min#Tapei 101#2-10pax,515756856,Ann,,大安區,25.04263023053559,121.54781148130515,Entire home/apt,5730,2,13,2024-12-24,2.17,7,82,13,
1189551284441164463,NEW！中山區商圈精緻小套房｜近台北車站西門｜獨立空間,105890527,Alan,,中山區,25.0547732,121.5269597,Entire home/apt,1729,3,5,2024-12-07,0.91,16,69,5,
1189611267339772943,B大安MRT捷運2分鐘/Taipei101/夜市/可月租/new時尚簡約/電梯獨立房/森林公園/花市,584855782,Ruo Syuan,,大安區,25.032755645080165,121.54337393418487,Entire home/apt,4776,1,16,2024-12-19,2.77,6,285,16,
1189827367867510419,A大安MRT捷運2分鐘/Taipei101/夜市/可月租/new時尚簡約/電梯獨立房/森林公園/花市,584855782,Ruo Syuan,,大安區,25.03437,121.54373,Entire home/apt,4662,1,12,2024-12-21,3.40,6,298,12,
1190221480865307574,Theory II | Gym | MRT | Pool |夜市,357062477,天恩,,信義區,25.032743643951054,121.55900907994412,Entire home/apt,4571,15,3,2024-10-16,0.59,29,365,3,
1190333583439022675,國語日報/國語實小/邵安國小/小南門捷運/1 樓/2Shower/8~12P/FreeGarage,518235935,Coho,,中正區,25.0306,121.50902,Entire home/apt,5945,1,16,2024-12-22,2.67,6,331,16,
1190802544389825954,ME202/捷運雙連站/行天宮/中山商圈/2ppl/電梯2樓,328934808,楷文,,中山區,25.057319760454362,121.52593354582278,Private room,1319,2,5,2024-12-27,0.91,37,50,5,
1190812732932811752,ME203/捷運雙連站/行天宮/中山商圈/電梯/2ppl,328934808,楷文,,中山區,25.0571211991137,121.52474903232748,Private room,1440,2,8,2024-12-07,2.29,37,171,8,
1190841640428093857,信義101、安和捷運零距離，通化美食步行3分鐘,212049004,瑀彤,,大安區,25.03204752672008,121.55472889535852,Private room,1543,3,5,2024-12-30,3.41,5,363,5,
1190953481414590449,C2-全新裝潢-月租工作室、月租房間、休息沙發吧限外國人-近西門町、龍山寺、地鐵站短期合作需提供證件,499306096,哥,,萬華區,25.03553234312464,121.49922162294388,Entire home/apt,729,2,5,2024-12-15,2.34,13,3,5,
1191003297256322750,Bright Homey room Near Taipei101,41047552,Ryan,,大安區,25.0337347,121.556874,Private room,957,4,11,2024-10-01,1.81,5,61,11,
1191065272717393295,"＊New＊10 min to MRT w sunlight, bathtub & balcony",242730194,Kolette,,大安區,25.03581,121.5473,Entire home/apt,2651,30,1,2024-12-23,1,67,124,1,
1191065471736048608,＊1 min to MRT＊New｜ WIFI600M｜24hr Security｜XY256,242730194,Kolette,,大安區,25.034035438350745,121.54966669946641,Entire home/apt,3200,30,3,2024-10-29,0.57,67,51,3,
1191154368060423325,C3-全新裝潢-月租工作室、月租房間、休息沙發吧限外國人-近西門町、龍山寺、地鐵站短期合作需提供證件,499306096,哥,,萬華區,25.03553234312464,121.49922162294388,Private room,839,2,25,2024-12-29,4.49,13,60,25,
1191210381237989619,Zhongshan MRT Elevator/AC/Kitchen/MRT/Monthly%off,30670839,Paul,,中山區,25.052388579331296,121.52288045161677,Entire home/apt,2400,20,5,2024-11-29,1.15,10,222,5,
1191216042754519850,西門捷運/自助入住/走路3分鐘/電梯/Netflix/對外窗,26882178,Robert,,萬華區,25.0454747,121.5087857,Entire home/apt,1914,3,27,2024-12-11,4.63,2,171,27,
1191234108107211094,"大安區SOGO忠孝復興捷運站3分鐘, 3站到台北101或台北車站, 4站到西門町-C",567500980,淑玲,,大安區,25.044346671169567,121.54305312509804,Entire home/apt,3343,5,0,,,5,219,0,
1191271377334831540,(42)3床/近捷運南京復興/遼寧夜市/巷口公車站/生活機能優,50089822,Leon,,中山區,25.04917,121.54095,Entire home/apt,4436,3,4,2024-12-15,0.68,3,31,4,
1191340941929957437,kd2/ Ximen MRT/ 3房3床/ Cozy寧靜巷弄/ 獨立衛浴,172149908,昭明,,萬華區,25.04190414668307,121.50354532580948,Entire home/apt,4611,3,8,2024-12-13,1.71,20,66,8,
1191604237010040029,"大安區忠孝復興捷運站3分鐘, 3站到台北101及台北車站, 4站到西門町-B",567500980,淑玲,,大安區,25.044279749991283,121.54362134202891,Entire home/apt,3386,5,0,,,5,263,0,
1191606232700940191,2024 ！New Open Cafe inn ！,118973784,Andy,,萬華區,25.04165484127657,121.50788422656402,Entire home/apt,1751,4,20,2024-12-18,3.75,20,191,20,
1191773398808252169,西門_龍山寺溫馨雙床四人房A,586734581,Weien,,萬華區,25.03949,121.50042,Entire home/apt,1257,2,6,2024-11-24,1.46,3,107,6,
1191787089998189908,"Joyful Inn - 開心棧  
雙連捷運2號出口-D",586980490,林文婷,,中山區,25.056989905772635,121.52144105084801,Entire home/apt,2029,2,21,2024-12-27,3.71,2,80,21,
1191789647150246680,TPHS W1112/西門好居/台北車站西門町/捷運西門站走路3分鐘/西門町夜市/電梯住1-4人,493324130,House,,萬華區,25.04362,121.50643,Entire home/apt,2147,2,16,2024-12-15,3.00,55,168,16,
1191914079694604219,西門_龍山寺溫馨雙床四人房B,586734581,Weien,,萬華區,25.039465529907243,121.50083216780865,Entire home/apt,1109,2,3,2024-12-02,0.65,3,132,3,
1191919049594267954,西門_龍山寺溫馨兩房雙衛九人房C,586734581,Weien,,萬華區,25.04132,121.50264,Entire home/apt,2757,2,9,2024-12-07,1.82,3,77,9,
1191954133382587602,"Joyful Inn Shuanglian MRT 
開心棧
雙連捷運2號出口",586980490,林文婷,,中山區,25.05795,121.52282,Entire home/apt,1043,2,23,2024-12-16,3.88,2,88,23,
1192039754598851106,朋友家住宿/發呆聊天/二樓無電梯/共用衛浴,132887607,宣頤,,中山區,25.05308961094782,121.52833130210638,Private room,1050,1,11,2024-12-15,3.27,1,243,11,
1192047036271015654,日式簡約 Taipei Main Station 台北車站西門町步行 陽台洗衣機,28103867,Henry,,中正區,25.04479245870221,121.5148956853154,Entire home/apt,3114,4,13,2024-12-16,2.53,38,74,13,
1192335826841210886,西門明亮套房,36408621,小多,,萬華區,25.04422,121.50756,Private room,1430,30,1,2024-08-04,0.20,15,158,1,
1192439785701952823,大隱於市-白鹿零肆  Ximen MRT one minute - 西門町捷運站一分鐘,8937651,Chiying,,萬華區,25.0427,121.50731,Entire home/apt,3722,2,7,2024-11-17,1.25,17,76,7,
1192682568078096891,1 Bunk @ 4-Person Female Dorm (405C),552688490,Jung-Che,,中正區,25.03496,121.53103,Shared room,325,4,0,,,17,346,0,
1192787265541172367,2min 台北車站 Home Inn紐約時代2-4人! ! !,6263263,Shaun,,中正區,25.046257181015054,121.5169571684854,Entire home/apt,1650,2,3,2024-11-19,1.36,3,342,3,
1193012015856173836,Double Room (C)｜Near MRT Zhishan,552688490,Jung-Che,,士林區,25.106857175926933,121.5244197558344,Private room,679,5,5,2024-12-28,1.01,17,323,5,
1193064631812053497,Single Room (D)｜Near MRT Zhishan,552688490,Jung-Che,,士林區,25.10846,121.52552,Private room,523,4,4,2024-12-21,0.84,17,96,4,
1193160524984020171,"溫馨又摩登的理想電梯套房, 忠孝復興捷運3分鐘MRT BL-15,BR-10",158945627,Ivory,,大安區,25.0423571635045,121.54178185664625,Entire home/apt,3105,5,2,2024-12-06,0.36,15,239,2,
1193311880146475120,東門精緻雙床房Dongmen Twin Room,122764186,Kyo,,大安區,25.0294,121.52834,Entire home/apt,3830,1,11,2024-12-15,2.10,86,64,11,
1193337617715979480,青輕闔家3~4人房*陽明山：工作假期/攝影 Yangminshan Rainbow Valley,9675875,Lucy,,士林區,25.1391334,121.5443784,Private room,5371,1,0,,,8,362,0,
1193343068800710914,古典山景2人房#2，陽明山：工作假期/攝影 Yangminshan Rainbow Valley,9675875,Lucy,,士林區,25.1391334,121.5443784,Private room,,1,1,2024-12-30,1,8,0,1,
1193346484639258740,時光歲月1人房*陽明山美軍眷舍：工作假期/攝影 Yangminshan Rainbow Valley,9675875,Lucy,,士林區,25.1391334,121.5443784,Private room,2507,1,7,2024-12-29,1.23,8,362,7,
1193384763375878713,東門精緻雙床房Dongmen Twin Room,122764186,Kyo,,大安區,25.02943091791162,121.52724719000057,Entire home/apt,3830,1,4,2024-11-10,0.79,86,63,4,
1193528621614562240,師大青年套房4（師大美食中心）,539795653,振聲,,大安區,25.02395,121.52863,Private room,1000,90,0,,,17,365,0,
1193536490419974052,師大青年套房5（師大美食夜市）,539795653,振聲,,大安區,25.02405,121.53045,Private room,1300,90,0,,,17,364,0,
1193540973376713503,臺師大青年套房1,539795653,振聲,,大安區,25.025385749599643,121.53282776368201,Private room,1100,90,0,,,17,364,0,
1193962312951838696,(B1月租二房)T.O. HOTEL 承德館，捷運中山＆雙連、夜市5分鐘！,36427546,T.O.Hotel,,大同區,25.055736,121.5180242,Private room,833,30,0,,,1,239,0,
1194050969749071100,Cozy Flat in Great Neighborhood！,551483865,Wan Chun,,文山區,24.999228466785258,121.54942189593343,Entire home/apt,3086,4,0,,,3,264,0,
1194062200743759032,清新舒適電梯公寓，走路3分鐘到忠孝復興站MRT BL-15 and BR-10,158945627,Ivory,,大安區,25.044695966977784,121.54270054341653,Entire home/apt,3139,5,9,2024-12-25,1.71,15,217,9,
1194526058636879972,西門町31雙人房 Ximending Double room,122764186,Kyo,,萬華區,25.044828510064942,121.50679636156744,Entire home/apt,2052,2,14,2024-11-30,3.11,86,82,14,
1194632861024127153,接機優惠Dec hot sale 讓房子成為你們故事的開始 Comfy house師大夜市,58666148,Cookie,,大安區,25.02831,121.52588,Entire home/apt,3670,2,3,2024-12-25,0.51,21,171,3,
1194676506508234318,西門町35雙人房 Ximending Double room,122764186,Kyo,,萬華區,25.04447,121.50819,Entire home/apt,1631,2,16,2024-12-13,2.91,86,82,16,
1194680281861574871,西門町55雙人房 Ximending Double room,122764186,Kyo,,萬華區,25.046083699415306,121.50711034671464,Entire home/apt,1713,2,15,2024-12-14,3.02,86,70,15,
1194683626366332465,西門町63雙人房 Ximending Double room,122764186,Kyo,,萬華區,25.045792510743915,121.50868298703465,Entire home/apt,1411,2,11,2024-12-23,2.12,86,83,11,
1194722196625637191,1月訂房4日送接機｜全新裝潢｜市中心 7人｜台北101世貿站｜近全家便利店｜3房1.5衛浴｜,543036478,Emily,,大安區,25.03633,121.55745,Entire home/apt,6711,2,15,2024-12-29,2.60,4,122,15,
1195266057370730398,Black Humor (MRT Beimen 3mins),522657350,麗如,,萬華區,25.04729,121.50756,Entire home/apt,1745,2,12,2024-12-09,2.28,1,65,12,
1195495512303417492,"大安區忠孝復興捷運站3分鐘, 電梯公園景觀, 3站到台北101或台北車站, 4站到西門町-A",567500980,淑玲,,大安區,25.04267723254599,121.54384269133682,Entire home/apt,2343,5,0,,,5,144,0,
1195613078296215983,捷運忠孝復興站三分鐘 可住10人家庭房 sogo 東區,588107575,Chuanyin,,大安區,25.042221592083088,121.5422884132805,Entire home/apt,12843,5,0,,,1,60,0,
1195672474294276455,CI市政府MRT/永春/信義商圈/松山工農 3房3衛電梯房-月租,22840761,Kikina,,信義區,25.041920277639274,121.57162182033062,Entire home/apt,,180,0,,,21,90,0,
1195734490970564180,East District Yanji Street,10378619,Xumu,,信義區,25.03380344905306,121.56429560949859,Entire home/apt,,2,0,,,9,268,0,
1196001777713386992,Modern Minimalist German Design/5 Minutes to Ximen,528379976,Eda,,萬華區,25.04743125127905,121.50711042620465,Entire home/apt,4707,2,8,2024-12-18,2.24,15,230,8,
1196105875635221790,樂爾公寓標準四人房- 附浴缸,580534620,政廷,,大同區,25.06448042012316,121.51064865595008,Private room,5057,1,0,,,18,207,0,
1196163931980773243,樂爾公寓標準四人房- 附浴缸,580534620,政廷,,大同區,25.0634499,121.5108546,Private room,5057,1,1,2024-07-30,0.19,18,207,1,
1196168290839686174,樂爾公寓標準雙人房- 無窗+附浴缸,580534620,政廷,,大同區,25.064184969217223,121.51151673243784,Private room,3566,1,0,,,18,251,0,
1196169395639397716,樂爾公寓豪華四人房- 附浴缸及起居空間,580534620,政廷,,大同區,25.0634499,121.5108546,Private room,5389,1,0,,,18,199,0,
1196176880837709415,樂爾公寓標準雙人房- 附浴缸,580534620,政廷,,大同區,25.0634499,121.5108546,Private room,3686,1,1,2024-07-26,0.19,18,227,1,
1196178081350913612,樂爾公寓標準雙人房- 無窗,580534620,政廷,,大同區,25.06284,121.5099,Private room,3157,1,0,,,18,233,0,
1196191504037492015,樂爾公寓標準雙人房 -無窗,580534620,政廷,,大同區,25.06227,121.51106,Private room,3157,1,0,,,18,233,0,
1196195161666157480,樂爾公寓標準雙人房,580534620,政廷,,大同區,25.06271,121.51029,Private room,3300,1,0,,,18,250,0,
1196195718690759442,樂爾公寓標準雙人房- 附浴缸,580534620,政廷,,大同區,25.0638047,121.5110285,Private room,3686,1,0,,,18,227,0,
1196198587613710001,樂爾公寓標準雙人房,580534620,政廷,,大同區,25.062387895056407,121.51191442234351,Private room,3300,1,0,,,18,250,0,
1196200128174084808,樂爾公寓標準雙人房- 無窗,580534620,政廷,,大同區,25.064,121.51204,Private room,3157,1,0,,,18,233,0,
1196207559132436760,樂爾公寓標準雙人房- 無窗- 附浴缸,580534620,政廷,,大同區,25.06398,121.51169,Private room,3566,1,0,,,18,251,0,
1196216222931417360,樂爾公寓標準雙人房- 無窗+附浴缸,580534620,政廷,,大同區,25.06428,121.50971,Private room,3566,1,0,,,18,251,0,
1196220994675237493,樂爾公寓標準雙人房- 無窗+附浴缸,580534620,政廷,,大同區,25.064403752133988,121.51170273438927,Private room,3566,1,0,,,18,251,0,
1196223600474754355,樂爾公寓標準雙人房- 無窗+附浴缸,580534620,政廷,,大同區,25.062478787004416,121.51186709737638,Private room,,1,0,,,18,251,0,
1196224805299935725,樂爾公寓標準雙人房,580534620,政廷,,大同區,25.0634499,121.5108546,Private room,,1,2,2024-09-24,0.43,18,250,2,
1196819837175385019,！餐飲交通便利採光通風全配傢俱,383714739,Mandy黃SaycHouse,,中山區,25.0513613,121.5272782,Private room,800,10,0,,,16,89,0,
1196950254182353982,YOLO apt l Taipei 101 l subway |,357062477,天恩,,信義區,25.030835816828557,121.56061562452624,Entire home/apt,3386,15,0,,,29,365,0,
1196987313128479538,O / Ximending / Red House / Ximen Station 8-10 min,221534550,Anne,,萬華區,25.04654138408268,121.50425731961417,Entire home/apt,1686,2,3,2024-11-23,0.95,48,85,3,
1197005659478592482,東門精緻雙床房Dongmen Twin Room,122764186,Kyo,,大安區,25.02953152942375,121.5281431202739,Entire home/apt,3426,1,7,2024-12-15,2.31,86,63,7,
1197012782340198320,東門舒適雙床房Dongmen Twin Room,122764186,Kyo,,大安區,25.031226448381517,121.52862330385874,Entire home/apt,3748,1,7,2024-12-08,1.94,86,64,7,
1197486889760720104,𖣔包棟包層獨享24人/台北車站 西門町/8房8.5衛1廳,173321819,109Yang,,中正區,25.04612,121.5112114,Entire home/apt,50000,1,0,,,25,265,0,
1197605250142909981,FL Apt w/ lift near Ximen MRT 西門町 近西門地鐵站 獨立浴室,79915350,Paradise Taipei,,萬華區,25.04478,121.50181,Entire home/apt,2463,3,6,2024-12-05,1.03,29,165,6,
1197624480016869589,UG700/市政府捷運站/台北101/永吉30巷商圈/松菸文創園區/6-12ppl/電梯/3B2b,328934808,楷文,,信義區,25.04287,121.56894,Entire home/apt,3424,28,3,2024-08-25,0.60,37,176,3,
1197667862368907162,Meaw for traveler / 205 monthly rental 位在市中心，雙捷運站,289060981,Yuwen,,中山區,25.04976779447876,121.52116351547006,Private room,2157,30,3,2024-12-24,1.41,14,303,3,
1197801656239821746,*Best choice for backpacker*/Monthly Rental 05,289060981,Yuwen,,中山區,25.050176165525663,121.52025550603867,Private room,1286,28,3,2024-11-12,0.55,14,274,3,
1198139200386218031,僅供月租!台北車站/機捷A1/北門/松山機場捷運直達 分租房源,20299930,Jeng Ling,,大同區,25.05175338392094,121.51322003318677,Entire home/apt,,30,0,,,1,0,0,
1198383044988400691,東門舒適雙床房｜Dongmen Twin Room,122764186,Kyo,,大安區,25.029615956005184,121.52862556627177,Entire home/apt,3748,1,7,2024-12-15,1.59,86,63,7,
1198390165855043661,東門精緻雙床房|Dongmen Twin Room,122764186,Kyo,,大安區,25.031518732639828,121.52714447874625,Entire home/apt,3426,1,7,2024-12-15,1.34,86,63,7,
1198392722320801062,東門舒適雙床房｜Dongmen Twin Room,122764186,Kyo,,大安區,25.02942222601493,121.52839463772538,Entire home/apt,3748,1,4,2024-11-25,0.88,86,64,4,
1198394831519177784,東門寬敞四人房｜Dongmen Quad Room,122764186,Kyo,,大安區,25.029422022831078,121.52747894494114,Entire home/apt,,1,2,2024-09-01,0.42,86,0,2,
1198398801844092178,東門寬敞四人房｜Dongmen Quad Room,122764186,Kyo,,大安區,25.029769436404653,121.52713440900298,Entire home/apt,,1,1,2024-09-02,0.25,86,0,1,
1198400636265646309,東門寬敞四人房｜Dongmen Quad Room,122764186,Kyo,,大安區,25.031267525378833,121.52686569714909,Entire home/apt,,1,1,2024-08-25,0.23,86,0,1,
1198402148288764422,東門寬敞四人房｜Dongmen Quad Room,122764186,Kyo,,大安區,25.03156,121.5287,Entire home/apt,,1,3,2024-09-29,0.69,86,0,3,
1198404312263839170,東門精緻雙人房 | Dongmen Double Room,122764186,Kyo,,大安區,25.03167572910938,121.52689596363008,Entire home/apt,2786,1,13,2024-12-08,3.00,86,63,13,
1198458355028452737,【New】Q國賓飯店｜商務套房｜近西門｜中山市集｜高爾夫球道｜電梯｜洗脫烘｜台北第二個家｜友善外國人,490134486,Hung Chih,,中山區,25.05763,121.52423,Entire home/apt,6304,2,1,2024-12-11,1,41,358,1,
1198468421564174226,溫馨兩房，西門町商圈、西門捷運站走路3分鐘BL-11,158945627,Ivory,,萬華區,25.03971,121.50614,Entire home/apt,4631,5,18,2024-12-16,3.51,15,184,18,
1198470884148170698,【Web】雙捷運｜近西門步行街｜中山文青市集｜新電梯｜飯店套房｜高爾夫球道｜頂級設備｜可住1~4人」,565465307,Son,,中山區,25.05718173352953,121.52384704739018,Entire home/apt,5974,2,0,,,40,245,0,
1198501889560208573,小巧溫馨的兩房一廳電梯大樓，三分鐘到西門捷運站與西門商圈MRT BL-11,158945627,Ivory,,萬華區,25.03995,121.50644,Entire home/apt,4502,5,17,2024-12-24,3.17,15,116,17,
1198902079124513388,［月租］6 mins to MRT Aprt. 2-4ppl 台北京站中山雙捷運/兩房一廳/寧夏夜市,291283304,Naomi,,大同區,25.050001942828647,121.51578197498199,Entire home/apt,1869,2,3,2024-10-02,0.76,31,23,3,
1198911922071163732,［月租］6 mins to MRT Aprt. 2-4ppl 台北京站中山雙捷運/兩房一廳/寧夏夜市,291283304,Naomi,,大同區,25.05133,121.51562,Entire home/apt,,2,1,2024-08-20,0.22,31,0,1,
1198919126879290288,［月租］6 mins to MRT Aprt. 2-4ppl 台北京站中山雙捷運/兩房一廳/寧夏夜市,291283304,Naomi,,大同區,25.051841042176534,121.51670846051942,Entire home/apt,,2,9,2024-12-08,1.88,31,0,9,
1198928984290992590,［月租］6 mins to MRT Aprt. 2-3ppl 台北京站中山雙捷運/兩房一廳/寧夏夜市,291283304,Naomi,,大同區,25.052063663280386,121.51583984025103,Entire home/apt,,2,6,2024-11-05,1.29,31,2,6,
1199042834911299854,【meet】10西門/中山/雙連/臺大醫院/馬偕醫院/商務套房/公園/西門商圈/中山商圈/MRT,568514716,閎越,,中山區,25.060761185460425,121.52624073210974,Entire home/apt,5111,30,0,,,26,253,0,
1199068786115411471,Traveler’s Dream 2-4ppl in Da’An Central Taipei IV,576044022,Bi Qiong,,大安區,25.04220550022179,121.54538076370955,Entire home/apt,2921,3,4,2024-10-12,0.85,24,58,4,
1199095494046543973,【meet】11西門/中山/雙連/臺大醫院/馬偕醫院/商務套房/公園/西門商圈/中山商圈/MRT,568514716,閎越,,中山區,25.060736048028442,121.52627449578249,Entire home/apt,5111,30,1,2024-08-30,0.24,26,222,1,
1199237946245765641,A cozy room in a big house.,27387698,Tina,,大安區,25.02812972525488,121.54232807457447,Private room,1500,1,1,2024-08-12,0.21,2,269,1,
1199329829789122891,Perfect for Families2-4ppl in Da’An Central Taipei,576044022,Bi Qiong,,大安區,25.04220550022179,121.54538076370955,Entire home/apt,3411,3,2,2024-12-13,2,24,332,2,
1200462354030125308,全新古典新美式綠景捷運宅,589724738,膺任,,內湖區,25.0744394,121.5859024,Entire home/apt,4643,1,3,2024-12-08,0.63,1,364,3,
1200590381747901680,"Garden Apartments, In the heart of Taipei city!",171974684,Win,,中正區,25.04862,121.51866,Entire home/apt,3897,2,4,2024-11-10,1.29,12,157,4,
1201026600457528155,Cozy Spot,512553598,Tzu,,中正區,25.0438353,121.5089086,Entire home/apt,1709,3,8,2024-12-17,1.59,2,162,8,
1201277446611143501,Hömeÿ Wařm 秋韻＊ | 西門町商圈 \西門捷運 \電梯大樓\雙人床\專屬衛浴\洗衣機,651807716,Ina,,萬華區,25.04580139560362,121.50870330674569,Entire home/apt,1188,3,1,2024-09-29,0.32,16,222,1,
1201280635516665067,Hömeÿ Oraňge  澄果＊ | 西門町商圈 \西門捷運 \雙人床\電梯大樓\專屬衛浴.,651807716,Ina,,萬華區,25.04559,121.50802,Entire home/apt,1160,3,2,2024-10-03,0.59,16,241,2,
1201287419307505108,Sünbeäm Oraňge 香橙＊｜西門町商圈\西門捷運\雙人床\電梯大樓\ 專屬衛浴\洗衣機,572749232,Tsai,,萬華區,25.04594,121.50758,Entire home/apt,1574,3,3,2024-12-01,1.67,6,234,3,
1201292263712823055,Sünbeäm Greeň 碧綠*｜西門町商圈 \ 西門捷運 \雙 人床 \ 電梯大樓 \ 夜市,572749232,Tsai,,萬華區,25.04608,121.50883,Entire home/apt,1349,3,0,,,6,223,0,
1201448670364188717,【meet】56 西門/中山/全新裝潢/商務套房/電梯/西門商圈/中山商圈/MRT,568514716,閎越,,中山區,25.056023644752166,121.52446144279088,Entire home/apt,5798,4,0,,,26,270,0,
1201636173103685481,【meet】53 西門/中山/全新裝潢/商務套房/電梯/西門商圈/中山商圈/MRT,568514716,閎越,,中山區,25.056383640301867,121.52586369097384,Entire home/apt,5114,3,0,,,26,244,0,
1201643597462336974,【meet】01 西門/中山/雙連/臺大醫院/馬偕醫院/商務套房/公園/西門商圈/中山商圈/MRT,568514716,閎越,,中山區,25.060469310808536,121.52373767026847,Entire home/apt,5128,30,0,,,26,270,0,
1201889532818065968,【meet】03 西門/中山/雙連/臺大醫院/馬偕醫院/商務套房/公園/西門商圈/中山商圈/MRT,568514716,閎越,,中山區,25.060577689263283,121.52310906357106,Entire home/apt,5180,30,0,,,26,209,0,
1201897126924508470,【meet】04 西門/中山/雙連/臺大醫院/馬偕醫院/商務套房/公園/西門商圈/中山商圈/MRT,568514716,閎越,,中山區,25.06197,121.52483,Entire home/apt,5129,30,0,,,26,270,0,
1202137508197942524,【meet】05 西門/中山/雙連/臺大醫院/馬偕醫院/商務套房/公園/西門商圈/中山商圈/MRT,568514716,閎越,,中山區,25.060333235361743,121.52318669275978,Entire home/apt,5127,30,0,,,26,270,0,
1202150305084073406,【meet】07 西門/中山/雙連/臺大醫院/馬偕醫院/商務套房/公園/西門商圈/中山商圈/MRT,568514716,閎越,,中山區,25.063920453751564,121.52706765684485,Entire home/apt,5125,30,1,2024-10-05,0.34,26,209,1,
1202165888162176782,Private room with balcony,123568417,Easymind,,大同區,25.052088,121.5171321,Private room,,1,0,,,1,41,0,
1202171341380999736,【meet】12 西門/中山/雙連/臺大醫院/馬偕醫院/商務套房/公園/西門商圈/中山商圈/MRT,568514716,閎越,,中山區,25.05893908947271,121.5240488241244,Entire home/apt,5127,30,0,,,26,270,0,
1202987441883724695,台北市中心•樓下即捷運、高鐵、台北車站、地下街、餐廳、百貨商店•鄰近西門町&寧夏夜市•機場捷運直達！,434039917,伊玲,,中正區,25.047224005192923,121.51491206737418,Entire home/apt,4100,3,7,2024-12-26,2.66,1,259,7,
1203310008535752867,接機優惠Dec hot sale用你的微笑改變世界/忠孝敦化站步行3~5分鐘/3房家庭房,12812606,Simon,,大安區,25.04343691447861,121.55064784988956,Entire home/apt,3693,2,11,2024-12-26,2.04,15,177,11,
1203391980875494784,"""Moco""(2-6人)夢幻地點台北車站Z2步行1分鐘/高樓景觀/全新推出/外國人友善",590538749,方婷,,中正區,25.0456857,121.5159014,Entire home/apt,2607,2,31,2024-12-19,5.81,2,222,31,
1203968520250166775,接機優惠Dec hot sale/Sunny and very central 3BD flat,485262233,Lambert,,松山區,25.05602884741837,121.5532518538827,Entire home/apt,4232,2,9,2024-12-31,1.64,17,363,9,
1204066968372892001,西門捷運站1分鐘套房（電梯.獨立衛浴.對外窗.投幣式洗衣機烘衣機）,36408621,小多,,萬華區,25.04464,121.50722,Private room,1411,30,0,,,15,260,0,
1204309090252071221,Cozy and Comfy Studio Xinyi Taipei A YongChun MRT,576044022,Bi Qiong,,信義區,25.03470587465385,121.57668847256687,Private room,976,3,3,2024-12-08,0.69,24,176,3,
1204690830292875287,西門町32雙人房 Ximending Double room,122764186,Kyo,,萬華區,25.04427,121.50845,Entire home/apt,2266,2,12,2024-12-16,3.24,86,78,12,
1204692580577652115,西門町33雙人房 Ximending Double room,122764186,Kyo,,萬華區,25.04424,121.50728,Entire home/apt,2454,2,12,2024-12-10,2.52,86,77,12,
1204693627419583553,西門町61雙人房 Ximending Double room,122764186,Kyo,,萬華區,25.0455029303963,121.50667661910545,Entire home/apt,1456,2,7,2024-11-29,1.86,86,83,7,
1204695001984126393,西門町雙人房610 Ximending Double Room,122764186,Kyo,,萬華區,25.04473,121.50856,Entire home/apt,1591,2,17,2024-12-10,3.98,86,53,17,
1205060740698260392,＊西門町商圈k42／電梯3－6人房／德立莊酒店旁／樓下有自助洗衣店,510241790,Yihan,,萬華區,25.04774414161611,121.50564669638709,Entire home/apt,3754,3,0,,,16,67,0,
1205411887652314286,Cozy and Comfy Studio Xinyi Taipei C YongChun MRT,576044022,Bi Qiong,,信義區,25.036583030864296,121.57695252874899,Private room,997,3,1,2024-09-18,0.29,24,177,1,
1205443486172286800,Cozy Room in Xinyi Center,28596950,Kai,,大安區,25.03441,121.5565,Private room,850,30,0,,,1,259,0,
1205496548374627193,"Amazing sunlights, close to Mirama",108910569,Menghsiu,,內湖區,25.08881300033727,121.56247112900017,Entire home/apt,,2,0,,,1,0,0,
1205637171756497875,＊西門町商圈k43／電梯2－4人房／德立莊酒店旁／樓下有自助洗衣店,510241790,Yihan,,萬華區,25.047573553158074,121.50403236735987,Entire home/apt,3297,3,0,,,16,74,0,
1206114166621261372,Radiance/西門町/捷運台北車站/機場捷運/北車商圈精華區/1F,515318392,國智,,大同區,25.05045223921077,121.51362859559718,Entire home/apt,2903,2,16,2024-12-31,3.53,10,2,16,
1206376218864159342,"西門樓中樓附電動升降桌,螢幕大套房",27055527,YiChia,,萬華區,25.042039845816994,121.50590857598753,Entire home/apt,2100,30,0,,,2,237,0,
1206454984790167430,Cozy Casa 1-2ppl MRT Zhongxiao Dunhua 2 mins,83171395,Loro,,大安區,25.03948,121.55482,Private room,929,3,3,2024-12-11,1.00,9,176,3,
1206638201788760364,T2#Taipower MRT#Taipei 101#NTU/NTNU#Monthly promo,566688851,Henry,,大安區,25.02196,121.53217,Entire home/apt,4929,2,9,2024-12-15,1.74,2,292,9,
1206717432205812276,"芝山捷運站 
溫馨家庭式三房兩衛",35763449,Lijung,,士林區,25.1005812,121.5222036,Entire home/apt,4000,7,0,,,1,268,0,
1206991336607209225,Taipei Dome｜Urban Exploration｜4-5 ppl,589298931,Bubbles,,大安區,25.04117,121.55533,Entire home/apt,4829,2,22,2024-12-31,4.13,1,148,22,
1207042193919974807,kd3/ 西門町、紅樓、龍山寺/ 寧靜巷弄/ 獨立衛浴/ 3房3床,172149908,昭明,,萬華區,25.04256,121.50351,Entire home/apt,4641,3,5,2024-11-27,1.47,20,22,5,
1207050229648847527,Breeze/機場捷運台北車站/北門站/寧夏夜市/2F,515318392,國智,,大同區,25.049227575972253,121.51551792236086,Entire home/apt,4004,3,10,2024-12-24,2.22,10,140,10,
1207065103814095395,kd4/ 3房/ 捷運西門站/ 3床/ 安靜巷弄/ 近家樂福,172149908,昭明,,萬華區,25.043782191049914,121.5029557723621,Entire home/apt,4500,3,9,2024-12-25,2.48,20,67,9,
1207167275412669594,H105/GoogleTV/5MinstoXimenMRT/WiFi/Lift,136010110,Rex,,萬華區,25.04631937612451,121.5082679106562,Entire home/apt,2343,2,25,2024-12-27,4.84,36,339,25,
1207305980845065552,Roman Holiday l Gym l Pool l 現代廚房 l 台北101 Ｉ夜市,357062477,天恩,,信義區,25.03054,121.55744,Entire home/apt,4300,15,1,2024-12-16,1,29,336,1,
1207928358789344012,N•Y/西門町商圈1分鐘/台北車站/北門,234963902,Nina,,萬華區,25.0434435,121.5079751,Entire home/apt,,2,15,2024-12-30,3.02,6,259,15,
1207933831645368279,The Nest - Best location!,474457454,Yves,,中山區,25.061109439921864,121.53547351836735,Entire home/apt,4700,2,1,2024-10-25,0.44,1,38,1,
1207954441607462393,HL91/北歐秋風/永春站捷運站走路3分鐘/101跨年/台北車站7站/西門町8站/整棟/住2-12人,591879558,Yin Chieh,,信義區,25.04051,121.57566,Entire home/apt,8028,2,10,2024-12-16,2.38,18,157,10,
1208035983256187072,HL1311/鄉村暖陽/永春捷運站走路3分鐘/整層一樓可停車/西門町8站/101跨年/住2-8人,591879558,Yin Chieh,,信義區,25.03935,121.57635,Entire home/apt,4242,2,4,2024-11-14,1.50,18,160,4,
1208074652960107815,TH H904/粉紅泡泡/西門町捷運站走路8分鐘/電梯/夜市/1-4人,591879558,Yin Chieh,,萬華區,25.04681,121.50471,Entire home/apt,2013,2,8,2024-12-16,3.53,18,168,8,
1208350071806686629,X9/ Ximending / Red House / Ximen Station / 101,221534550,Anne,,萬華區,25.0454099,121.5035953,Entire home/apt,1343,2,5,2024-12-16,1.06,48,73,5,
1208492890218499381,安和青年套房1,539795653,振聲,,大安區,25.027926,121.5518247,Entire home/apt,1200,90,0,,,17,365,0,
1208492971005412650,TH QM709/鄉村微光/西門町捷運站走路8分鐘/電梯/夜市/住1-10人,591879558,Yin Chieh,,萬華區,25.04544298469594,121.50521007674973,Entire home/apt,4670,2,8,2024-12-03,2.22,18,151,8,
1208497939483600717,師範大學青年雅房1,539795653,振聲,,大安區,25.0263816,121.5231908,Private room,1000,90,0,,,17,365,0,
1208501487509511209,師範大學青年雅房2,539795653,振聲,,大安區,25.0263816,121.5231908,Private room,1000,90,0,,,17,365,0,
1208534670299482357,TH QM650/晨曦暖風/西門町捷運站走路8分鐘/電梯/夜市/住1-6人,591879558,Yin Chieh,,萬華區,25.046982607041947,121.50548791736772,Entire home/apt,3913,2,7,2024-12-16,1.64,18,149,7,
1209040825110003968,Mirage/西門町/捷運台北車站/機場捷運/北車商圈精華區/3F,515318392,國智,,大同區,25.05051,121.51346,Entire home/apt,2549,2,10,2024-12-19,2.21,10,3,10,
1209102778916645351,Boundless/捷運台北車站/北門/寧夏夜市/4F,515318392,國智,,大同區,25.050562331633746,121.51343446352098,Entire home/apt,4943,3,12,2024-12-14,2.79,10,104,12,
1209495234064030909,Airport MRT A1 station,545149999,柏元,,大同區,25.05216110534589,121.51269938796759,Entire home/apt,1509,2,6,2024-10-29,1.64,1,87,6,
1209834146479967392,YK8#Dongmen MRT#Taipei 101#NTU/NTNU#Monthly promo~,515756856,Ann,,大安區,25.03159251908708,121.52897893535209,Entire home/apt,7143,2,20,2024-12-25,3.90,7,51,20,
1209984858977404049,南港單身公寓,56532738,Jesse,,南港區,25.04747,121.58912,Private room,786,30,0,,,11,213,0,
1210113033968774179,內湖寧靜房,56532738,Jesse,,內湖區,25.0746325,121.6124696,Private room,950,30,0,,,11,199,0,
1211268223140117804,Natural Retreat in Dongmen,163444290,Tzung-Ni,,中正區,25.0361341,121.528806,Entire home/apt,1176,29,4,2024-11-24,0.85,1,173,4,
1212133166878291336,(10)商務/電梯大樓/獨立洗衣機/近MRT捷運/中山商圈/獨立陽台/可下廚/優質管理,520782737,依蓓,,中山區,25.06265401065422,121.52672125727814,Entire home/apt,2943,4,0,,,31,347,0,
1212186370792571760,(05)明皇錦洲/廚房/電梯大樓/近MRT捷運/便利/優質套房/中山西門商圈,520782737,依蓓,,中山區,25.05816,121.52465,Entire home/apt,2629,2,0,,,31,365,0,
1212228143460319887,"(53,306)商務/漂亮優質套房/近MRT捷運/便利/中山西門商圈/公園/獨立洗脫烘/學生",520782737,依蓓,,中山區,25.057696724687517,121.52321440611458,Entire home/apt,2829,4,1,2024-09-09,0.26,31,338,1,
1212244036084005554,(31)商務/優質套房/中山西門商圈/MRT捷運/便利/獨立洗衣/可下廚烹飪,520782737,依蓓,,中山區,25.06236,121.52552,Entire home/apt,3814,28,1,2024-12-27,1,31,331,1,
1212345921558249641,Ink heart apt | gym | 台北101 ｜夜市 ｜ 地鐵,357062477,天恩,,信義區,25.03218160584519,121.5593444253207,Entire home/apt,3439,14,1,2024-09-11,0.27,29,348,1,
1212709478950493189,(32)林森/優質套房/友善外國人/可下廚/近MRT捷運/中山西門商圈/電梯大樓,520782737,依蓓,,中山區,25.05966,121.52654,Entire home/apt,2829,4,0,,,31,277,0,
1212713970410471923,中山RR ART。好時代。台北（地鐵250公尺）寧夏2～5人房希爾頓飯店.中山誠品Zhongshan,48442518,之行,,中山區,25.051872032663525,121.52081806800328,Entire home/apt,1500,2,0,,,2,244,0,
1212717828134684643,西門町YY ART house 四~七人房 好時光（捷運650m）Ximen MRT 시먼딩,48442518,之行,,萬華區,25.0452926,121.502852,Entire home/apt,2715,2,24,2024-12-28,5.03,2,202,24,
1212834280281391649,師範大學青年套房9,539795653,振聲,,大安區,25.0245534,121.5296457,Entire home/apt,1100,90,0,,,17,365,0,
1212837832653087917,臺灣師範大學青年套房10,539795653,振聲,,大安區,25.0255,121.52899,Entire home/apt,1100,90,0,,,17,365,0,
1212923626936294231,(14)優質套房/MRT捷運/中山商圈/友善外國人/電梯大樓/商務/學生/醫院/藥局/商店,520782737,依蓓,,中山區,25.06088581824592,121.52434095109344,Entire home/apt,2786,4,0,,,31,305,0,
1213046546747912457,Traveler’s Dream 2-6 ppl Taipei 101 City Hall MRT,574311668,Rei,,信義區,25.03532,121.56211,Entire home/apt,2282,3,7,2024-12-14,1.94,23,126,7,
1213388809999627164,Taipei double beds 7 min to 101,75318549,Charly,,信義區,25.03538,121.5623,Entire home/apt,2514,2,13,2024-12-28,2.64,9,85,13,
1213401164949928021,[月租]3A大採光獨立套房/1～3人/士林夜市1分鐘/劍潭站6分鐘/北藝中心/銘傳大學/小廚房,291283304,Naomi,,士林區,25.08844956630594,121.52334296922307,Entire home/apt,,2,1,2024-09-30,0.32,31,0,1,
1213410779063105161,[月租]4C捷運獨立套房/士林夜市1分鐘/劍潭站6分鐘/北藝中心/銘傳大學/士林科學園區,291283304,Naomi,,士林區,25.087065598340015,121.52356017697394,Entire home/apt,,2,3,2024-11-22,1.48,31,0,3,
1213417400619633514,[月租]3C雙床獨立套房/1～4人/士林夜市1分鐘/劍潭站6分鐘/北藝中心/銘傳大學/士林科學園區,291283304,Naomi,,士林區,25.08907,121.52373,Entire home/apt,,2,3,2024-11-13,1.03,31,0,3,
1213423585987414001,[月租]4A大採光獨立套房/士林夜市1分鐘/劍潭站6分鐘/北藝中心/銘傳大學/小廚房/獨立洗烘衣機,291283304,Naomi,,士林區,25.08884000819135,121.52378316540444,Entire home/apt,,2,1,2024-08-18,0.22,31,1,1,
1213428546451109517,[月租]4B士林獨立套房/士林夜市1分鐘/劍潭站6分鐘/北藝中心/銘傳大學,291283304,Naomi,,士林區,25.08922677446598,121.52359597578112,Entire home/apt,,2,1,2024-11-15,0.63,31,0,1,
1213465907806026338,【meet】09 西門/中山/雙連/臺大醫院/馬偕醫院/商務套房/公園/西門商圈/中山商圈/MRT,568514716,閎越,,中山區,25.060757068832174,121.52302860221869,Entire home/apt,5128,30,0,,,26,353,0,
1213470961124479692,【meet】14 西門/中山/雙連/臺大醫院/馬偕醫院/商務套房/公園/西門商圈/中山商圈/MRT,568514716,閎越,,中山區,25.06287859399788,121.52517968195151,Entire home/apt,5128,30,0,,,26,365,0,
1213476574450515950,3F Cozy flat1+1/Xinyi district/Taipei 101/MRT BL19,550743989,Li-Ting,,信義區,25.04023830568258,121.58025028438989,Entire home/apt,1989,7,4,2024-12-24,1.46,2,356,4,
1213531931224461868,Taipei Main Station MRT /Elevator /Washing Machine,30670839,Paul,,中正區,25.04477,121.51387,Entire home/apt,2339,10,6,2024-11-30,1.76,10,152,6,
1213558492949284249,Xinyi Cozy 1 bedroom 2ppl Taipei 101 City Hall MRT,574311668,Rei,,信義區,25.03728,121.56109,Private room,,4,5,2024-11-18,1.29,23,171,5,
1213680661012448867,Skyloft great views Ximen metro 2min,593511195,俞臻,,萬華區,25.04042597502401,121.5070638288371,Entire home/apt,4014,3,8,2024-12-07,1.98,2,56,8,
1213735119322868542,黑先生VII號房 - 月租有優惠可寵物西門町家庭號大客廳10人房,39512538,Black,,萬華區,25.042863,121.5048821,Entire home/apt,,1,6,2024-11-24,1.25,15,347,6,
1213749838306253800,【meet】32 西門/中山/雙連/臺大醫院/馬偕醫院/商務套房/公園/西門商圈/中山商圈/MRT,568514716,閎越,,中山區,25.06060214975491,121.52303945630707,Entire home/apt,5128,30,0,,,26,338,0,
1213777025643747867,"Ximen 시먼 Breeze Loft,New lift, park view courtyard",593511195,俞臻,,萬華區,25.043565796667597,121.50600249361496,Entire home/apt,4586,2,0,,,2,73,0,
1213822297299863039,可以看101夜景MRT3分鐘生活便利,593568509,詠元,,大安區,25.0187498,121.5575044,Entire home/apt,3750,5,1,2024-11-16,0.65,3,363,1,
1214066571289965321,小窩/北歐風/奶茶風/空氣清淨機/台北車站/西門町/機場捷運/台北101/士林夜市/龍山寺/假日市集,312451375,PoTsang,,萬華區,25.041715575176617,121.50666440947444,Entire home/apt,2549,1,18,2024-11-29,3.67,1,174,18,
1214146874739195717,"Zhongxiao Fuxing new chic apartment, Urban Oasis.",277278670,Garden,,大安區,25.0407,121.53774,Entire home/apt,6643,5,2,2024-11-24,0.95,14,342,2,
1214262238360235909,Living in Taipei,30942216,Elsa,,信義區,25.04176694064111,121.56561812698362,Entire home/apt,3936,3,5,2024-12-22,2.50,1,172,5,
1214315646875370758,9樓台北車站西門町一零一新大樓泳池1-6人D整套,48195411,David,,大同區,25.04883192160488,121.5171058507109,Entire home/apt,5397,2,30,2024-12-27,6.08,4,332,30,
1214330729806235627,Amazing Lovely Studio Taipei 101 City Hall MRT,574311668,Rei,,信義區,25.035409440867717,121.5611136524347,Entire home/apt,1637,2,9,2024-12-16,1.90,23,160,9,
1214541592994091844,溫州雅寓（師範大學青年套房11）,539795653,振聲,,大安區,25.023827924729765,121.53327038848306,Entire home/apt,1100,90,0,,,17,365,0,
1215295480187978787,TaipeiMainStation/2Bedroom/5people/3minMRT/FreeGym,533627933,靜芸,,中山區,25.054838960509386,121.52345139002495,Entire home/apt,3052,1,10,2024-11-02,2.10,10,317,10,
1215590295198054727,西門舒適套房（西門站1分鐘.電梯.獨立衛浴）,36408621,小多,,萬華區,25.043339427084824,121.50665670633316,Private room,1716,30,0,,,15,150,0,
1215752036378127246,MRT 3mins｜sunlight studio｜300mb wifi｜IH stove｜SJ06,242730194,Kolette,,中山區,25.06000893676494,121.53448651115751,Private room,1640,30,2,2024-12-21,2,67,122,2,
1215808756261655048,Comfy Studio apartment in Da an Taipei III 1-2ppl,576044022,Bi Qiong,,大安區,25.04285222443675,121.54615144261967,Entire home/apt,1754,3,10,2024-12-17,2.38,24,72,10,
1215991088678923387,台北敦南小套房,16572217,Wayne,,大安區,25.025580816977985,121.54893034821775,Private room,2057,1,10,2024-12-29,2.10,1,350,10,
1216192120899356603,中山捷運站走路一分鐘獨立美寓 50% Off,498346612,Jolie,,中山區,25.0543514,121.5211588,Entire home/apt,2800,7,1,2024-12-17,1,5,186,1,
1216328413107644652,New cozy Studio｜MRT 3min｜300mb WIFI｜elevator｜SJ05,242730194,Kolette,,中山區,25.060067481730194,121.5338884588279,Private room,1383,30,2,2024-12-26,0.94,67,146,2,
1216348862045459463,＊New＊ Sunlight studio｜MRT 3min｜300WIFI｜SJ04.,242730194,Kolette,,中山區,25.061613712985448,121.53286427409051,Private room,1200,30,3,2024-12-15,0.71,67,110,3,
1216437851737134577,MRT 3mins ｜Studio w natural light｜300mb wifi｜SJ03.,242730194,Kolette,,中山區,25.06109617588896,121.53443396275458,Private room,1323,30,1,2024-10-28,0.46,67,169,1,
1216449470865658768,＊NEW＊Comfy Suite｜３min to MRT. with elevator.,242730194,Kolette,,中山區,25.05946,121.53468,Private room,1280,30,3,2024-11-30,0.97,67,150,3,
1216456131845047700,＊New＊MRT ３min｜Studio w Elevator &300 mb wifi｜SJ01.,242730194,Kolette,,中山區,25.059821734541543,121.53267889813124,Private room,1500,30,2,2024-10-28,0.64,67,166,2,
1216464066956824718,Ximen Studio,120984642,Gabriel,,萬華區,25.0407311,121.5071474,Entire home/apt,2086,4,12,2024-12-24,2.69,1,48,12,
1216623277782476805,【台北車站1min】3-5人兩房一衛浴/高鐵與捷運旁/電梯大樓,94932813,En-Chia,,大同區,25.0505,121.5193,Entire home/apt,4129,3,14,2024-12-20,3.00,4,103,14,
1217047922911331942,Boutique 2BR Serviced Apt gym/pool/view@Taipei101,282776288,Jenny,,大安區,25.03222,121.55619,Entire home/apt,,29,0,,,10,339,0,
1217226568083908258,Modern cozy style #stay for 6ppl #鄰近台北車站,573468805,Cynthia,,大同區,25.04958,121.51977,Entire home/apt,3331,2,22,2024-12-27,4.49,12,149,22,
1217264390628540867,東明客棧-01房,594521254,大宇,,南港區,25.056196,121.6053954,Private room,827,1,0,,,1,90,0,
1217464833580061070,「西門町」電梯大樓2-4人房/距離捷運北門站350公尺/台北車站700公尺/機場接送服務,229825069,J,,萬華區,25.0474966,121.508211,Entire home/apt,1829,4,2,2024-09-07,0.47,2,224,2,
1217627800601236969,Journey industrial 獨立衛浴近南京復興捷運站,28402175,Somer,,松山區,25.04836,121.54524,Entire home/apt,1351,3,8,2024-12-09,1.66,11,167,8,
1217735232151572055,木柵溫暖的家（3房）2樓公寓,10024504,Yi-Hsin,,文山區,24.98948870240147,121.56889717567117,Entire home/apt,5086,2,0,,,3,359,0,
1217988562506902895,南港單身公寓,56532738,Jesse,,南港區,25.04564,121.58914,Private room,580,30,1,2024-09-10,0.27,11,209,1,
1218626304055678948,Hanging garden apt | 台北101｜健身房｜地鐵站 | 夜市 l Pool,357062477,天恩,,信義區,25.032479839636498,121.56002415626286,Entire home/apt,4087,14,2,2024-12-21,0.97,29,358,2,
1218769371903733352,西門町雙人房611 Ximending Double Room,122764186,Kyo,,萬華區,25.04482,121.5072,Entire home/apt,1667,2,8,2024-12-13,1.89,86,72,8,
1218811066584518642,e&k home,63420859,I Wei,,信義區,25.04107,121.57464,Entire home/apt,6599,2,5,2024-12-17,2.34,1,155,5,
1219057672313378634,Light Luxury Room/Ximem MRT/Taipei Main Station/시먼,6475625,Yi En,,萬華區,25.04605624120839,121.502685530299,Entire home/apt,1289,3,21,2024-12-20,4.44,6,53,21,
1219236636198058705,Bright & Breezy Suite(S1-7),507753881,Chloe,,大安區,25.0305711,121.5277226,Private room,2423,1,15,2024-12-30,3.10,31,89,15,
1219266718372533544,2 single bed/modern room (T2-3),507753881,Chloe,,大安區,25.0305711,121.5277226,Private room,2376,1,6,2024-12-24,1.24,31,58,6,
1219284312879105176,2 single bed/modern room (T2-2),507753881,Chloe,,大安區,25.0305711,121.5277226,Private room,2376,1,9,2024-12-30,1.88,31,89,9,
1219304643824755645,【飯店式管理】台北市中心公園套房，24hr管家保全、忠孝復興7分a14,298910458,Ariel,,松山區,25.04702806890927,121.54592360982996,Entire home/apt,1389,25,2,2024-12-01,0.80,25,351,2,
1219304748853802533,：Cozy suite near NTU：,146850858,David,,大安區,25.01806,121.53322,Private room,1917,14,0,,,14,356,0,
1219315993950598695,O暮光 /寧夏夜市 /台北車站/電梯大樓/大空間/西門町/8人,572749232,Tsai,,大同區,25.05047595838981,121.51569783561163,Entire home/apt,7611,4,10,2024-12-10,2.91,6,132,10,
1219597625576062136,西門私寓-美。西門MRT 6分鐘 /電梯公寓3房/智能投影設備（8人）,251087010,Chloe,,萬華區,25.04557546405245,121.50643118886093,Entire home/apt,4821,2,11,2024-12-26,2.41,6,120,11,
1220017040505116289,師範大學青年庭院套房12,539795653,振聲,,大安區,25.0241237,121.5307386,Entire home/apt,,90,0,,,17,365,0,
1220024077657396707,[2 double bed ]Bright & Breezy Suite (S2-2),507753881,Chloe,,大安區,25.0305711,121.5277226,Private room,3707,1,4,2024-12-24,2.00,31,98,4,
1220025015580440064,2 single bed/modern room (T2-1),507753881,Chloe,,大安區,25.0305711,121.5277226,Private room,2611,1,13,2024-12-14,2.77,31,89,13,
1220030580034180510,【Cozy house】5~7人台北西門町/兩房兩衛/電梯,94932813,En-Chia,,萬華區,25.04800261649941,121.50486345858798,Entire home/apt,6271,3,19,2024-12-29,4.10,4,122,19,
1220340744868408716,Ximending𓇬O11覓𓇬Taipei 101𓇬住2-6人MRT西門站𓇬日式衛浴𓇬五星飯店床墊,115798819,Airbnb,,萬華區,25.045848828283678,121.50681936884463,Entire home/apt,1428,3,6,2024-12-07,1.45,68,78,6,
1220504733546793373,台北東區海洋風小居，可住2-4人，捷運站旁，近商圈公園,106003392,本詮,,大安區,25.0432863,121.5426734,Entire home/apt,1980,2,7,2024-12-29,2.31,2,89,7,
1221259439375934191,2BED1Bath  MRT6mins溫馨小築 寵物友善 辛亥,462210664,Lucy,,文山區,25.004506124248017,121.55713292778736,Entire home/apt,2777,30,0,,,8,358,0,
1221656257595855752,CityCenter/2Suite/2Bath/5People/3minMRT/FreeGYM,533627933,靜芸,,中山區,25.05994,121.52559,Entire home/apt,2929,1,3,2024-10-16,0.76,10,339,3,
1221716652729027347,Comfy & Central 2-4ppl Da’an Zhongxiao Fuxing MRT,576044022,Bi Qiong,,大安區,25.042205391993743,121.54538079999996,Entire home/apt,3411,3,6,2024-12-12,2.47,24,78,6,
1222054234110841279,Brown House 台北車站30秒 臺北 4人房 Taipei main station,595724927,育宏,,中正區,25.044613987823464,121.5162572193691,Entire home/apt,4284,1,71,2024-12-13,15.32,6,169,71,
1222058922870343685,2 Brown House 台北車站30秒 臺北 4人房 Taipei main station,595724927,育宏,,中正區,25.044723708389828,121.51703600411344,Entire home/apt,4284,1,150,2024-12-14,32.37,6,172,150,
1222369075227647667,B2-全新獨立月租套房-近西門町步行2分鐘、台北車站、商務辦公、場地租借（短期租借請內洽）,499306096,哥,,萬華區,25.044,121.50295,Entire home/apt,1569,2,12,2024-12-24,3.27,13,32,12,
1222430896156507857,Sünbeäm Iňdigo 靛藍*｜西門町商圈\西門捷運\獨立衛浴\採光佳\大空間\有電梯\雙人床,572749232,Tsai,,萬華區,25.044383963782593,121.50759834657228,Entire home/apt,2029,3,0,,,6,230,0,
1222438954642728320,Sünbeäm Whitë 山花＊｜西門町商圈/西門捷運/電梯大樓/專屬衛浴/ 雙人床/採光佳,651807716,Ina,,萬華區,25.04596,121.50833,Entire home/apt,1364,3,3,2024-12-15,1.50,16,206,3,
1222442070522214406,Hömeÿ Miňi 覓綠＊ | 西門町商圈 \西門捷運 \電梯大樓\雙人床\專屬衛浴,651807716,Ina,,萬華區,25.04480977055665,121.50672230410873,Entire home/apt,1034,3,2,2024-11-23,1.30,16,245,2,
1222443815847606279,818 XIMEN MRT#Tapei main station# Monthly Promo!,453709970,Bella,,萬華區,25.0454099,121.5035953,Entire home/apt,1714,2,1,2024-10-12,0.37,31,91,1,
1222445442437639815,Hömeÿ Cožy 曉曉* | 探索台北\西門商圈 1 分鐘\西門捷運\專屬衛浴\單人房\有冰箱,572749232,Tsai,,萬華區,25.04475,121.5086,Entire home/apt,1357,3,0,,,6,323,0,
1222795087883747771,Cozy Modern 3BR Serviced Apt@Daan park/MRT Dongmen,282776288,Jenny,,大安區,25.03276,121.53293,Entire home/apt,3379,29,0,,,10,365,0,
1222939938703933799,*612/  2人房+4人房/2間獨立套房/MRT小巨蛋站5分鐘/微風南京/饒河夜市,352466245,Yoloft,,松山區,25.05016,121.55722,Entire home/apt,4186,2,0,,,8,177,0,
1223910612868122943,Amazing studio with garden,340583759,Daniel,,文山區,25.00221,121.54288,Entire home/apt,644,31,0,,,1,237,0,
1224327764207628546,「師大後花園」   古亭MRT 師大夜市旁  新裝修 中正紀念堂  101大樓,583209168,美玉,,大安區,25.02517,121.52627,Entire home/apt,1400,30,0,,,10,153,0,
1224401677978257214,TH04/台北101跨年/西門町7站/信義安和捷運站走路10分鐘/整棟/通化夜市五分鐘/住2-13人,591879558,Yin Chieh,,大安區,25.02615558641052,121.55314619068899,Entire home/apt,6999,2,10,2024-12-16,2.63,18,140,10,
1224566974492198172,3分鐘台北101捷運站，乾淨明亮舒適信義商圈電梯三房兩衞，跨年煙火美景近在眼前，可炊煮入住3-15人,82459487,H,,大安區,25.032580174285542,121.55531409109837,Entire home/apt,5717,3,0,,,9,216,0,
1224567863877530927,歌頌讚美雅威之殿，可1-4人簡易廚房陽台可洗晾衣，東區捷運5分鐘,82459487,H,,松山區,25.0446485,121.5536267,Entire home/apt,3078,3,2,2024-12-19,2,9,89,2,
1224573918472869326,赤峰街獨棟 雙連捷運3分鐘,13795834,Cory,,大同區,25.056497138703897,121.51982937008141,Entire home/apt,4857,2,7,2024-12-21,2.50,1,310,7,
1224613170276386686,恩典滿滿光照屋，東區小確幸，簡潔明亮，可洗晾衣簡易炊煮，可加床,82459487,H,,松山區,25.04464860877319,121.55362654477358,Entire home/apt,1802,3,3,2024-11-25,0.97,9,363,3,
1225049650342845823,Taipei Cozy Private Big Suite(monthly 月租),1295140,Studio 17,,大安區,25.04285527540465,121.54672316675446,Entire home/apt,2883,3,0,,,13,145,0,
1225310113192353182,MRT忠孝新生/忠孝復興/南京復興/Sogo/NTUT,52064270,Celine,,中山區,25.045750866523978,121.53872787952423,Entire home/apt,6144,1,0,,,10,350,0,
1225684862393527808,Modern Studio A Taipei 101 YongChun MRT Station,576044022,Bi Qiong,,信義區,25.045548829903066,121.57307927201948,Private room,944,3,3,2024-11-11,0.81,24,175,3,
1225822489860744186,Abstract art loft 4P 西門站/西門夜市/步行3分鐘,500095462,Guao,,萬華區,25.042459451759072,121.5040981001032,Entire home/apt,2514,3,8,2024-12-23,3.93,11,123,8,
1225822918684199293,River View Loft/西門夜市/西門站3min1-4p,500095462,Guao,,萬華區,25.043683930141235,121.5040611955847,Entire home/apt,2714,3,16,2024-12-25,3.81,11,102,16,
1225866157244571338,"台北巿臨沂静巷，永康商圈，東門捷運站8號出口步行6min，一樓公寓, 大庭院可停車.",72419117,Yijen,,中正區,25.03588260295505,121.52925364673136,Entire home/apt,6500,5,2,2024-11-05,0.61,1,196,2,
1225879322761930497,Cozy Duplex @ Ximen MRT | 3+Days up to 60% off!,38841524,威儀,,萬華區,25.045247797601487,121.50374680576574,Entire home/apt,3000,5,12,2024-12-21,2.69,5,270,12,
1225906837062729292,Modern Studio B Taipei 101 YongChun MRT Station,576044022,Bi Qiong,,信義區,25.04566,121.5751,Private room,944,3,5,2024-11-01,1.30,24,175,5,
1226000472902148770,SG 2BR Apt w/ lift near Ximen MRT 西門町 近西門地鐵站 獨立浴室,79915350,Paradise Taipei,,萬華區,25.045891180667283,121.5039597536361,Entire home/apt,3516,3,8,2024-12-09,1.95,29,144,8,
1226041914023513593,Taipei西門町5-8人三房/MRT Ximen 5分鐘/電梯,297292740,SuYun,,萬華區,25.042073971891135,121.50547351451212,Entire home/apt,,4,6,2024-12-23,3.46,2,117,6,
1226104798100188046,Modern Studio C Taipei 101 YongChun MRT Station,576044022,Bi Qiong,,信義區,25.04564,121.57431,Private room,891,3,2,2024-10-10,0.52,24,176,2,
1226105546464126076,Modern Studio D Taipei 101 YongChun MRT Station,576044022,Bi Qiong,,信義區,25.045467331844517,121.57299311313895,Private room,654,4,4,2024-11-21,1.11,24,173,4,
1226106148691303225,Perfect 4 rooms Families/4-7ppl/Xinyi/YongChun MRT,576044022,Bi Qiong,,信義區,25.04546870373296,121.57489399119105,Entire home/apt,4198,3,1,2024-12-17,1,24,263,1,
1226510797747869641,信義公園綠地捷運只要5分鐘,146254191,Joseph & Elva,,信義區,25.04039,121.57734,Entire home/apt,4921,30,0,,,30,181,0,
1226787173582957836,TPHS 西門町3分鐘/捷運西門町站走路5分鐘/電梯/夜市/住1-6人,591879558,Yin Chieh,,萬華區,25.041445913533952,121.50479726593558,Entire home/apt,4070,2,12,2024-12-23,4.00,18,76,12,
1227161513620365385,"青磺泉 日式溫泉宅 
-小京都-
Hot Spring- Japanese styles",33524197,炫皓,,北投區,25.13816,121.50964,Entire home/apt,2890,1,15,2024-12-27,3.91,1,297,15,
1227211395840665402,無印風格/全新信義高級小豪宅/高級床墊/安全/少住戶/社區管理員/家電齊/代收垃圾/交誼廳/頂樓花園,576044022,Bi Qiong,,信義區,25.04797,121.57333,Entire home/apt,2621,2,13,2024-12-28,3.00,24,176,13,
1227339018797377360,@Xq -Ximending Elevator Suite/5 minutes Ximen MRT,22840761,Kikina,,萬華區,25.045183445937727,121.50568365373992,Private room,1502,2,7,2024-12-16,3.18,21,181,7,
1227340600867911779,信義之星,597247324,松穎,,信義區,25.0298773,121.5579839,Entire home/apt,1680,1,0,,,1,362,0,
1227356714110016454,H&K 3/2 Taipei City Hall Station Home next W Hotel,30591050,H&K,,信義區,25.04209,121.56774,Entire home/apt,7183,10,5,2024-12-22,1.95,13,271,5,
1227362899907143572,信義之心,48286373,松穎,,信義區,25.0298773,121.5579839,Entire home/apt,1680,1,0,,,1,349,0,
1227480003624481612,SpeedRoom 微型溫室(獨立套房衛浴),177149513,泓瑜,,萬華區,25.03512,121.50399,Entire home/apt,1426,1,9,2024-12-28,5.74,1,64,9,
1227538000566255331,About time loft l gym l 台北101 | Pool l 夜市｜地鐵,357062477,天恩,,信義區,25.03342888974556,121.55946682141585,Entire home/apt,3286,15,1,2024-11-30,0.94,29,365,1,
1227869359962238916,3F Cozy flat/Xinyi district/Taipei 101/ MRT BL19*,550743989,Li-Ting,,信義區,25.04011,121.5787,Entire home/apt,1263,7,5,2024-12-24,1.60,2,291,5,
1228021604404111838,ME201/捷運雙連站/行天宮/中山商圈/2ppl/電梯2樓,328934808,楷文,,中山區,25.056997941087833,121.52398448126179,Private room,1680,2,11,2024-12-24,3.71,37,174,11,
1228030794042133583,Big home near MRT/Night Market,1474323,Ken,,信義區,25.04786,121.57963,Entire home/apt,2470,1,12,2024-12-26,3.13,15,268,12,
1228231160171346742,The casa MRT TaipeiCityHall 2-6ppl,83171395,Loro,,信義區,25.04588611886811,121.56822972300347,Entire home/apt,1977,3,6,2024-12-10,1.67,9,146,6,
1228674831124455347,Songshan Apartment Room 1,1474323,Ken,,信義區,25.049,121.57961,Private room,1190,1,8,2024-12-21,2.07,15,48,8,
1228682281314964833,Songshan Apartment - Room 2,1474323,Ken,,信義區,25.04762,121.57699,Private room,1190,1,11,2024-12-21,2.70,15,48,11,
1228785129412342131,0910小米台北車站,221089274,Sammi,,大同區,25.0493429,121.5185202,Entire home/apt,2549,3,0,,,10,63,0,
1228807912720731266,西門商圈3F/捷運西門站步行5分鐘/有溜滑梯/有陽台/超大空間親子房,508233574,詩純,,萬華區,25.0407289,121.5043037,Entire home/apt,4034,2,1,2024-11-23,0.77,26,50,1,
1228926925691428920,610/Ximending/Taipei 101/Monthly Promo 15% Off,221534550,Anne,,萬華區,25.0454099,121.5035953,Entire home/apt,1200,2,3,2024-12-10,1.41,48,90,3,
1228956385655716105,ME200/捷運雙連站/行天宮/中山商圈/6ppl/3B3b/電梯/2樓,328934808,楷文,,中山區,25.058430556575647,121.52408668164084,Entire home/apt,5371,2,0,,,37,147,0,
1228963416161613524,兩房捷運宅｜月租｜晴空景觀 美食天堂只要散步一分鐘,38841524,威儀,,大安區,25.02411,121.55194,Entire home/apt,2625,20,0,,,5,144,0,
1229293197198445354,整套舒适宽敞明亮的天母绿洲中心地段的精致优雅设计师公寓,3484988,Jenny,,士林區,25.1147401,121.5318912,Entire home/apt,6463,2,6,2024-12-28,1.94,1,357,6,
1229474782360247199,CHN702雙連站/寧夏夜市/電梯/7F/6ppl/2B1b,328934808,楷文,,大同區,25.05664254676207,121.51307386389456,Entire home/apt,2315,25,2,2024-11-24,1.43,37,130,2,
1229710927861791394,@XS4A1熱情西門/西門捷運站走路2分鐘［1-2人房］,22840761,Kikina,,萬華區,25.04091952199571,121.50594671578973,Private room,1311,2,4,2024-12-22,2.07,21,177,4,
1230067428802967599,【溫馨裝潢雅房】台電大樓捷運站2分鐘~交通便利周邊機能佳，近師大,597947154,青霞,,中正區,25.01963,121.52599,Private room,840,1,0,,,2,62,0,
1230144003317344583,Sunshine 101 景觀房3～6人三大床1分鐘到捷運M6,20880721,Harry,,中正區,25.04582739008053,121.51519905770986,Entire home/apt,4757,2,6,2024-11-20,1.78,15,351,6,
1230234902346592627,黑先生VIII號房 - 月租有優惠已消毒可寵物特選大空間六人房,39512538,Black,,萬華區,25.042863,121.5048821,Entire home/apt,,1,1,2024-11-03,0.50,15,353,1,
1230244658043949261,"Spacious Family Oasis, 4Bd2Bath in Dazhi, Taipei",597976347,佳瑩,,中山區,25.08097424944712,121.5507807605573,Entire home/apt,9000,5,1,2024-12-29,1,2,167,1,
1231203498811451957,台北大安森林公園旁電梯大樓-安全、便利、方便、安靜-夢想中的都市避風港-三大陽台,598203109,Su Ling,,大安區,25.02439,121.53127,Entire home/apt,6500,1,6,2024-12-16,2.25,2,364,6,
1231403651413811184,40坪大空間大安森林公園四房整層美寓月租40%Off,498346612,Jolie,,大安區,25.0264895,121.5392066,Entire home/apt,3753,7,0,,,5,360,0,
1231655981453169633,美好行旅3-漢口館「台北車站」VIP雙人房(附公共衛浴),598308272,祥毅,,中正區,25.0452964,121.5126058,Private room,1434,1,18,2024-12-24,5.93,2,257,18,
1231834046946820788,雙捷運 電梯 4房2衛 1800呎 超級市中心 忠孝敦化 國父紀念館站 新家電 平面空間 照片沒修圖,598364906,Cheng Hsuan,,大安區,25.04131,121.55422,Entire home/apt,4166,2,10,2024-12-24,3.61,1,257,10,
1231893046317101845,萬華育樂中心房D【可月租】【可辦活動】,54438414,戴西 Dacy,,萬華區,25.046237317248977,121.50620857471493,Private room,2086,30,0,,,12,329,0,
1231898252415838999,黑先生IX號房 - 月租有優惠可寵物西門站特選高採光大雙人房,39512538,Black,,萬華區,25.04316995399023,121.50374230536555,Entire home/apt,2531,1,2,2024-12-22,1.02,15,180,2,
1232194069052990769,Spacious Da'an 3bed/2ba near MRT,170707631,麗雪,,大安區,25.026423947501282,121.54409820983378,Entire home/apt,3500,30,0,,,1,359,0,
1232429805523298287,𖦙MRT Ximen 2 mins @台北車站機場捷運站步行2分鐘,173321819,109Yang,,中正區,25.04489172003054,121.50920567071466,Entire home/apt,1943,1,1,2024-11-09,0.57,25,95,1,
1233097967170802435,美好行旅3-漢口館「台北車站」女性宿舍房的 1 個上下鋪床位,598308272,祥毅,,中正區,25.0452964,121.5126058,Shared room,851,1,8,2024-12-25,2.53,2,269,8,
1233618458732006664,82/ Taipei 101/ 5 min Ximen Mrt,221534550,Anne,,萬華區,25.0454099,121.5035953,Entire home/apt,1629,2,0,,,48,68,0,
1233804835893842384,＊NEW＊５min > MRT・Taipei Arena・Balcony｜NJ21,242730194,Kolette,,松山區,25.053290973258115,121.55533664656562,Entire home/apt,2000,30,3,2024-09-30,0.85,67,150,3,
1234064072893661349,Ximen Station/奶油白輕奢風/Taipei101/台北車站/1-2人,103420076,Pearl,,萬華區,25.04213,121.50643,Entire home/apt,2556,5,16,2024-12-07,4.10,4,144,16,
1234176132961718310,東區忠孝新生站台北科技大學對面,598203109,Su Ling,,大安區,25.04112,121.53694,Entire home/apt,4500,1,0,,,2,363,0,
1234427727201554483,Ximendin Suite 8min walk to MRT upper of a bar,596478803,Yuche,,萬華區,25.047289056661512,121.50777984901575,Private room,1000,28,0,,,1,269,0,
1234508250055488987,TH D704/西門暮光/夜市/台北車站/西門町/捷運西門站走路5分鐘/電梯/住1-6人,591879558,Yin Chieh,,萬華區,25.04443,121.50448,Entire home/apt,3570,2,8,2024-12-25,3.64,18,165,8,
1234622342204913446,"2024 NEW OPEN【朵蒔】西門站六號出口 5分鐘,電梯",118973784,Andy,,萬華區,25.044295818767544,121.50687540045602,Entire home/apt,2609,3,6,2024-12-13,1.67,20,236,6,
1234641188259632006,2024 NEW OPEN《奈歐 》西門町，電梯，6人房,118973784,Andy,,萬華區,25.04572061417271,121.506757787481,Entire home/apt,,3,4,2024-12-02,1.43,20,220,4,
1235067097210399812,黑先生II號房 - 西門站寵物友善隱秘小巷文青宅,39512538,Black,,萬華區,25.0437371,121.5039624,Entire home/apt,2109,1,3,2024-12-16,1.10,15,318,3,
1235235300778396229,西門町雙人房619 Ximending Double Room,122764186,Kyo,,萬華區,25.044845215805758,121.50838249951327,Entire home/apt,1390,2,12,2024-12-15,3.64,86,73,12,
1235315932877643684,黑先生2.8號房 - 月租有優惠可寵物西門、北門雙捷運超精緻小家庭系列小3房,39512538,Black,,萬華區,25.04609,121.5055,Entire home/apt,4195,1,3,2024-12-14,1.55,15,329,3,
1235384286710391545,西門捷運站大套房（獨立衛浴.電梯.投幣式洗衣機.烘衣機）,36408621,小多,,萬華區,25.0431514,121.5067512,Private room,1800,30,0,,,15,98,0,
1235526154395054573,黑先生2.4號房 - 月租有優惠可寵物西門、北門雙捷運超精緻小家庭系列小3房,39512538,Black,,萬華區,25.046729072575395,121.50505933080278,Entire home/apt,,1,4,2024-12-14,2.26,15,354,4,
1235689176520458507,西門시먼/Ximen MRT(3min)/2-6p/陽台戶,250237099,Sally,,萬華區,25.0439192,121.5048855,Entire home/apt,1669,2,8,2024-12-08,3.12,13,287,8,
1235695605367745795,西門町/MRT5mins/溫馨小宅2-4p,250237099,Sally,,萬華區,25.04705,121.5059,Entire home/apt,1872,2,4,2024-12-17,1.46,13,0,4,
1235824438431804990,古典山景2人房#1 陽明山：工作假期/攝影 Yangminshan Rainbow Valley,9675875,Lucy,,士林區,25.13811,121.54363,Private room,4900,1,2,2024-12-29,1.33,8,363,2,
1235979348169765107,Sunset City III (Newly renovated),30887495,Sin U,,大安區,25.03227,121.52939,Entire home/apt,2491,2,8,2024-12-15,2.11,3,360,8,
1237400638169878953,F4 / 捷運西門站 / 5-8 min / Taipei 101 / 紅樓/台北車站,221534550,Anne,,萬華區,25.045433793285632,121.50468288260835,Entire home/apt,1686,2,4,2024-11-10,1.28,48,85,4,
1237603078755418416,黑先生2.3號房- 月租有優惠可寵物西門、北門雙捷運小家庭系列超精緻小2房,39512538,Black,,萬華區,25.046497310150713,121.50510909425833,Entire home/apt,3295,1,3,2024-12-22,1.70,15,357,3,
1237641005724188315,台北車站MRT徒步3分鐘/京站商場/兩房一廳,24781354,Aj,,大同區,25.04987,121.51702,Entire home/apt,5489,4,14,2024-12-23,4.24,4,189,14,
1237755714213735946,2ppls/Ximen MRT 5min/Lift/WiFi/Projector/5F-2,19175829,Isaac,,萬華區,25.044368688932714,121.50845555428393,Entire home/apt,919,2,11,2024-12-15,3.03,3,79,11,
1238171917735542274,【免費水電】04,650128270,Chung Yi,,中山區,25.060986834434292,121.52549888974248,Entire home/apt,5198,3,0,,,19,364,0,
1238177921722867360,【免費水電】05,650128270,Chung Yi,,中山區,25.05928,121.5261,Entire home/apt,5203,3,0,,,19,365,0,
1238182862689322253,【免費水電】06,650128270,Chung Yi,,中山區,25.061729352771778,121.52467948220364,Entire home/apt,5202,3,0,,,19,365,0,
1238191600909986736,【免費水電】09,650128270,Chung Yi,,中山區,25.061217518720618,121.52621122734749,Entire home/apt,5093,3,0,,,19,365,0,
1238194880174786808,【免費水電】10,650128270,Chung Yi,,中山區,25.061107385419163,121.52693116336505,Entire home/apt,5211,3,0,,,19,365,0,
1238202705641931205,【免費水電】12,650128270,Chung Yi,,中山區,25.056494600509787,121.52423889960707,Entire home/apt,5062,3,0,,,19,365,0,
1238215311659724234,-3 MRT乾淨方便安全的小套房Perfect studio,474252377,Ming Chun,,大安區,25.039365768093752,121.55331881193345,Entire home/apt,2403,3,1,2024-12-29,1,9,90,1,
1238396260031809393,Apt/中山國小/晴光市場/圓山/花博/中山/MRT/Night Market/Taipei/行天宮,577509060,財賢,,中山區,25.0665844,121.526429,Entire home/apt,729,2,5,2024-12-20,1.76,1,72,5,
1238490178287191472,2ppls/Ximen MRT 5min/Lift/WiFi/Projector/5F-3,19175829,Isaac,,萬華區,25.04629953764655,121.50775711758612,Entire home/apt,1019,2,13,2024-12-15,4.24,3,87,13,
1238772670931561268,【飯店式管理】台北市中心公園套房，擁抱自然、24hr管家保全!東區微風廣場/忠孝復興7分B4,298910458,Ariel,,松山區,25.04812,121.5459,Entire home/apt,1169,25,1,2024-12-26,1,25,335,1,
1238817878012332815,Livable 宜居1~4人房 台北車站Mrt Taipei Station西門WiFi,171974684,Win,,大同區,25.0502,121.51864,Entire home/apt,1983,2,6,2024-11-16,1.62,12,78,6,
1238877905281324951,XN輕奢宅 西門Ximen MRT(未開放國內預訂)1~6人房,535262649,Lissa,,萬華區,25.04688,121.50704,Entire home/apt,1737,2,5,2024-12-03,1.55,6,42,5,
1239000747538995040,entire property near sinica 3bed (self check-in),20563540,Che Li,,南港區,25.03582,121.61624,Entire home/apt,1457,2,12,2024-12-10,4.39,1,171,12,
1239036290619997999,Cozy flat with 3 rooms near MRT in central Taipei,230184578,Anna,,中山區,25.066997984337284,121.53360147169758,Entire home/apt,5851,3,0,,,9,239,0,
1239186957487478321,XS3B熱情西門-西門町/西門MRT走路2min/台北車站[2-4人房］,22840761,Kikina,,萬華區,25.044277810837173,121.50846634842321,Private room,1710,3,4,2024-11-04,1.48,21,121,4,
1239436503458039916,*NEW* Cozy Studio - Taipei Main Station,542581964,Calvin,,大同區,25.049048134523566,121.51752660688477,Entire home/apt,3143,2,9,2024-12-15,3.38,7,337,9,
1239476855350044951,YH12Taipower MRT#Taipei 101#NTU/NTNU#Monthly promo,565975314,Hsien Yao,,大安區,25.02208243355394,121.5336812789059,Entire home/apt,5929,2,10,2024-12-10,2.68,3,95,10,
1239483001555945300,四人房 - STEP INN. 饒河夜市 1 min MRT SongShan station,49125065,Step Inn,,松山區,25.049663360586656,121.57361700020863,Entire home/apt,3166,1,0,,,4,139,0,
1239506164697428978,Ideal 4-Bedroom Family Space for Easy Commuting,268347453,Nigel,,中正區,25.04494633983749,121.52722252515856,Entire home/apt,5020,2,8,2024-12-23,2.07,19,166,8,
1239570667264060818,雙人房- STEP INN. 饒河夜市 1 min MRT SongShan station,49125065,Step Inn,,松山區,25.04963,121.57424,Entire home/apt,1937,1,6,2024-12-12,2.09,4,145,6,
1240299879628958768,D301 / Sogo Dep. / MRT / Daan / East District,221534550,Anne,,大安區,25.0437656583762,121.54877223610146,Entire home/apt,1614,2,7,2024-12-17,1.96,48,36,7,
1240360092249389035,晴光商圈內．生活機能佳．可開伙．近捷運中山國小站,73131755,May,,中山區,25.067243401928057,121.5236158208134,Entire home/apt,2400,7,0,,,3,333,0,
1240380902668420251,可開伙．晴光商圈內．生活機能佳．近捷運中山國小站,593568509,詠元,,中山區,25.068470216761153,121.52494666685632,Entire home/apt,2400,7,1,2024-11-24,0.79,3,328,1,
1240389988613920782,生活機能佳．可開伙．晴光商圈．近捷運中山國小站,593568509,詠元,,中山區,25.06673,121.52348,Entire home/apt,3800,5,1,2024-11-27,0.86,3,343,1,
1240401972222341649,@XST3西門享生活/西門町/西門MRT/寧夏夜市/台北車站.   可住12人,22840761,Kikina,,萬華區,25.04351,121.50621,Private room,5607,2,3,2024-11-24,1.36,21,85,3,
1241023330695181640,D302 / Sogo Dep. / MRT / Daan / East District,221534550,Anne,,大安區,25.04431,121.54668,Entire home/apt,1829,2,3,2024-10-14,0.98,48,67,3,
1241059380650109768,大巨蛋松菸步行5分鐘單人房,16532854,Yu Yun,,松山區,25.04732697107297,121.55630551928864,Private room,900,1,24,2024-12-18,6.67,1,62,24,
1241219755827738200,2房2廳南京復興、忠孝復興雙捷/廚房/電梯高樓層可住5人,401786364,Yuyin,,中山區,25.046359768879462,121.53999013681442,Entire home/apt,3371,28,2,2024-11-09,0.91,5,73,2,
1241712911155557978,"New, Modern, Cozy Zhongshan 2bd, 1.5bath",597976347,佳瑩,,中山區,25.05636,121.52557,Entire home/apt,3900,3,7,2024-12-22,2.41,2,211,7,
1241771495480619504,台北市中心/電梯/捷運站1分鍾/洗脫烘衣機/冷暖氣機/專用高速網路/寧夏夜市,14567958,Jon,,中山區,25.0636845,121.5273713,Entire home/apt,1350,8,7,2024-12-09,1.93,18,314,7,
1241878720644372113,全新/中山站2MRT/赤峰街/新寧夏夜市/台北車站/西門町,651051336,Hsiu Ping,,大同區,25.052774698788905,121.52007311637485,Entire home/apt,,2,14,2024-12-31,5.75,4,254,14,
1241934581277203696,Ximending/TP101/Dadaocheng/Metro/歡迎月租,428361363,Lin,,中山區,25.05916093299472,121.52680576276357,Entire home/apt,2566,3,2,2024-12-16,0.75,7,68,2,
1241978944709829156,D303 / Sogo Dep. / MRT / Daan / East District,221534550,Anne,,大安區,25.04419,121.54699,Entire home/apt,1471,2,5,2024-12-08,1.90,48,71,5,
1241979686537524384,台北 西門町（4～8人房）整層大空間/美食商圈/廚房/洗衣機/超大採光窗戶/鄰近超市、餐廳、商圈,557550864,Oscar,,萬華區,25.03989,121.50493,Entire home/apt,3094,2,12,2024-12-18,3.91,5,192,12,
1241986863177156864,【免費水電】13A,650128270,Chung Yi,,中山區,25.06344,121.51991,Entire home/apt,5098,3,0,,,19,365,0,
1241991973986580197,【免費水電】13B,650128270,Chung Yi,,大同區,25.06324631808906,121.51927158463226,Entire home/apt,5024,3,0,,,19,365,0,
1241997212002619058,【免費水電】13C,650128270,Chung Yi,,中山區,25.061385806240263,121.5206570789568,Entire home/apt,4999,3,0,,,19,365,0,
1242000079883726766,【免費水電】14,650128270,Chung Yi,,中山區,25.06298,121.52486,Entire home/apt,5098,3,0,,,19,365,0,
1242176053847871745,輕鬆愉快的窩-C,598728739,Buzz,,大安區,25.043705364707545,121.54306628985474,Private room,1002,2,5,2024-12-11,1.72,7,356,5,
1242181219459629930,溫馨的窩,598728739,Buzz,,大安區,25.024558917988937,121.54417824115208,Entire home/apt,5023,3,0,,,7,360,0,
1242683878073145234,H10-A/500m Ximen Station/Mobile WIFI/lift/netflix,77177354,James,,萬華區,25.043656182456,121.50332882698362,Entire home/apt,2633,2,16,2024-12-14,4.53,12,303,16,
1242693190528357264,Ximending MRT/ Taipei Main Station/ C3 / Red House,221534550,Anne,,萬華區,25.04567,121.50496,Entire home/apt,2143,2,1,2024-10-16,0.39,48,88,1,
1242693268340760578,H10-B/500m Ximen Station/Mobile WIFI/lift/netflix,77177354,James,,萬華區,25.04284093784366,121.50238850104249,Entire home/apt,2637,2,5,2024-11-28,1.47,12,342,5,
1242844677477758673,NJ505/藍色藝廊/中山捷運站走路10分鐘/台北車站1站/西門町2站/電梯/住2-10人,591879558,Yin Chieh,,中山區,25.053591213062674,121.52840175331177,Entire home/apt,3261,2,8,2024-12-22,2.96,18,176,8,
1243008134217717615,Cozzy Accom,83512936,Eden,,中正區,25.046222,121.51583,Entire home/apt,1889,1,2,2024-11-16,0.59,1,355,2,
1243200133577696887,𖣔步行可至機場捷運站 台北車站 西門町 北門/電梯/25㎡/乾淨,173321819,109Yang,,中正區,25.04567,121.51229,Entire home/apt,2957,1,0,,,25,14,0,
1243287501978120802,HC345/西門捷運站/紅樓/迪化街/3房/6P/8樓/電梯,328934808,楷文,,萬華區,25.04543929859887,121.50550219708997,Entire home/apt,4142,2,4,2024-12-25,1.46,37,145,4,
1243292725900108898,HC812/西門捷運站/紅樓/迪化街/2房/4P/8樓/電梯,328934808,楷文,,萬華區,25.04529825272901,121.5068740567048,Entire home/apt,,2,3,2024-11-28,1.76,37,165,3,
1243312135832906550,NJ602/中山文藝/中山捷運站走路10分鐘/台北車站1站/西門町2站/電梯/住2-10人,591879558,Yin Chieh,,中山區,25.051409206246,121.52805607051516,Entire home/apt,3437,2,7,2024-12-23,3.18,18,175,7,
1243320769367423600,@XS4C熱情西門町/走路到MRT2分鐘 ［2-4人房］（投影機）,22840761,Kikina,,萬華區,25.04272,121.50448,Private room,1311,2,3,2024-12-01,1.15,21,178,3,
1243361179453435074,H49/1-4PP/1MinToXimending/WiFi/Heater/Netflix,136010110,Rex,,萬華區,25.042435277971336,121.50691783172218,Entire home/apt,3210,3,13,2024-12-19,3.86,36,343,13,
1243405224179810260,kd1/ 西門町/ 3房4床/ 陽光Cozy寧靜巷弄/ 獨立衛浴,172149908,昭明,,萬華區,25.04273096268307,121.50338438447838,Entire home/apt,5097,3,4,2024-12-26,1.19,20,18,4,
1243530769881494410,市中心2～5人二房公寓|高速WiFi｜步行達MRT龍山寺｜西門町歷史博物館｜中正紀念堂｜101｜九份,651493254,Hsueh Chun,,萬華區,25.031401,121.502201,Entire home/apt,3617,5,10,2024-12-30,3.33,1,85,10,
1243951822069959134,McQueen loft ｜台北101｜Gym｜MRT | 夜市,357062477,天恩,,信義區,25.033158234394147,121.55987437219103,Entire home/apt,4300,25,1,2024-11-19,0.70,29,354,1,
1244057697336582655,中山市中心5分鐘到西門 #中山 #台北 #西門,179260184,Keng Chieh,,中山區,25.05745,121.52504,Entire home/apt,3200,2,1,2024-12-05,1,2,217,1,
1244194548080152824,CG-Studio/大橋頭捷運站450m/6人家庭房/客廳/廚房/2房/陽台/限月租/近市場公園夜市,248559596,Jason,,大同區,25.0664771,121.5148825,Entire home/apt,2500,30,1,2024-12-28,1,4,136,1,
1244436595199987277,高樓正面101大景觀窗全視野/山巒美景/101站步行4分鐘/全新裝潢/暖氣大浴缸大客廳/大小巨蛋/,293870826,Hsiang Ting,,信義區,25.0320652,121.5592003,Entire home/apt,4706,2,4,2024-12-27,4,1,242,4,
1244503188938987406,Lu•Jia(9-6)Airport MRT/Taipei Main Station 3-Mins,531605794,Ivan,,中正區,25.0468377,121.5140072,Entire home/apt,1963,2,12,2024-12-25,4.39,5,353,12,
1244667917253372183,Brown House 台北車站30秒 臺北 2人房 Taipei main station,595724927,育宏,,中正區,25.046509305709346,121.51698824513136,Entire home/apt,2486,1,3,2024-11-28,1.41,6,159,3,
1244674601887183746,4 Brown House 台北車站30秒 臺北 3人房 Taipei main station,595724927,育宏,,中正區,25.04656,121.5166,Entire home/apt,4139,1,8,2024-12-17,3.87,6,162,8,
1244675721021808701,Brown House 台北車站30秒 臺北 3人房 Taipei main station,595724927,育宏,,中正區,25.04491,121.51689,Entire home/apt,3597,1,6,2024-12-17,2.25,6,134,6,
1244676698750437001,3 Brown House 台北車站30秒 臺北 4人房 Taipei main station,595724927,育宏,,中正區,25.046608548442254,121.51486070594977,Entire home/apt,4133,1,25,2024-12-06,6.94,6,165,25,
1244679668871615978,“Matcha”台北車站M7步行30秒/101景觀/投影機/洗衣機/外國人友善/可長租,590538749,方婷,,中正區,25.04497820628675,121.51833194257922,Entire home/apt,3087,2,21,2024-12-17,5.89,2,209,21,
1246094729692799798,【溫馨私人聚會所】北車鋼琴藝術工作室–生日派對/攝影棚/包場出租,72452843,Nana,,中正區,25.0439342,121.5156719,Entire home/apt,5336,1,1,2024-11-17,0.67,3,359,1,
1246149871906339464,Entire Apartment Transient,567040569,Athena Marie,,士林區,25.0900093,121.5255087,Entire home/apt,9429,1,0,,,5,364,0,
1246213106637958461,@XST2熱情西門/西門MRT走路3分鐘/有公車直達九份/電影街. 最多可住8人,22840761,Kikina,,萬華區,25.04227,121.50726,Private room,4029,2,0,,,21,175,0,
1246385646423182463,Metrohouse *新落成*房價優惠中<2房2衛*6~8人房> MRT 科技大樓站6~10分,652196355,欣怡,,大安區,25.02153,121.54351,Entire home/apt,3129,2,14,2024-12-27,4.77,1,154,14,
1246397820615609477,White @ Taipei Ximending,47305699,Cindy & Ann,,萬華區,25.04103129738008,121.50654873914796,Entire home/apt,3457,1,5,2024-11-27,1.85,2,180,5,
1246446476808599087,McQueen II x gym | 台北101｜MRT | 夜市,357062477,天恩,,信義區,25.03184,121.55792,Entire home/apt,,15,0,,,29,365,0,
1246770359704387919,Studio Room/Ximem MRT/Night Market/Taipei 101/西門,6475625,Yi En,,萬華區,25.0454099,121.5035953,Entire home/apt,1256,2,15,2024-12-26,4.29,6,76,15,
1246878233369328915,伊通公寓,56120050,吉男,,中山區,25.05454,121.53471,Private room,600,30,1,2024-12-18,1,1,341,1,
1247003487381164423,大安站一分鐘｜電梯大樓、全新獨立套房,10150797,Hong-Kai,,大安區,25.0330530812127,121.54388655815367,Entire home/apt,,3,10,2024-12-28,3.80,2,0,10,
1247577850836913305,𖣔步行可至機場捷運站 台北車站 西門町 北門/電梯/20㎡/乾淨,173321819,109Yang,,中正區,25.046373557931933,121.51226949740092,Entire home/apt,3706,1,0,,,25,8,0,
1247587270753545349,𖣔步行可至機場捷運站 台北車站 西門町 北門/電梯/30㎡/乾淨,173321819,109Yang,,中正區,25.04701,121.51062,Entire home/apt,3734,1,0,,,25,14,0,
1247779678123683031,72-榕錦好時光/東門古亭雙捷運/全新電梯/獨立房源/開放式廚房/衛浴乾濕分離/洗衣機/景觀陽台,115023406,安俊,,大安區,25.02871947810025,121.52566996279305,Entire home/apt,2719,7,1,2024-12-19,1,2,75,1,
1247805199881907274,溫馨的窩-A,598728739,Buzz,,大安區,25.022739960173865,121.54359412675096,Private room,1071,2,5,2024-12-25,2.24,7,364,5,
1247813624615807501,溫馨的窩-B,598728739,Buzz,,大安區,25.023149821012687,121.54342382970127,Private room,1044,2,3,2024-12-16,2.43,7,364,3,
1247818697983304676,Cozy House & Workplace | 2 Rooms |  Zhong Shan MRT,38841524,威儀,,大同區,25.053891,121.5159837,Entire home/apt,3562,14,7,2024-12-25,2.06,5,316,7,
1247818802937719938,溫馨的窩-C,598728739,Buzz,,大安區,25.024,121.54342,Private room,900,2,3,2024-11-24,1.36,7,360,3,
1248042207050822370,七海寓所No.1-2:2房1廳<一個人來旅行特別專案>只在客廳打地鋪，兩個臥室不開放，只有一個人使用,71237861,Yeh,,萬華區,25.04077,121.50692,Entire home/apt,2248,1,0,,,4,66,0,
1248333847423500902,𖣔步行可至機場捷運站 台北車站 西門町 北門/電梯/CP值高/乾淨,173321819,109Yang,,中正區,25.04501,121.51216,Entire home/apt,2157,1,2,2024-12-17,0.87,25,8,2,
1248546414994891640,Spacious flat with 4 rooms near MRT and Taipei 101,230184578,Anna,,大安區,25.02664,121.55128,Entire home/apt,4880,4,3,2024-12-09,1.14,9,359,3,
1248576084191555737,（102）商務/學生/友善外國人/MRT/中山商圈/醫院藥局,520782737,依蓓,,中山區,25.05772,121.52435,Entire home/apt,3929,4,0,,,31,365,0,
1248796095031113077,蘇菲亞的家歡迎光臨謝謝,491647127,季平,,大安區,25.04188326575108,121.54592735486362,Entire home/apt,3880,1,0,,,1,364,0,
1248896903691292980,Taipei trip /電梯大樓/6-12p,509657209,Sally,,萬華區,25.045941557208458,121.50431167939745,Entire home/apt,6643,2,7,2024-12-17,3.00,11,324,7,
1249000095172300339,台北木柵｜吉姆的家,130976554,Rowena,,文山區,24.988722855881036,121.568776703953,Private room,1200,1,5,2024-11-20,1.81,1,47,5,
1249027271273018505,行旅大床雅房（公共衛浴）-Wonderwall美好境界西門館,652894287,祥毅,,萬華區,25.045217760394685,121.50644427116394,Private room,,1,1,2024-12-12,1,6,238,1,
1249059504399520508,雅緻標準雙床房-Wonderwall美好境界西門館,652894287,祥毅,,萬華區,25.04514,121.506455,Private room,3177,1,0,,,6,250,0,
1249067444693727304,雅緻大床房-Wonderwall美好境界西門館,652894287,祥毅,,萬華區,25.04514,121.506455,Private room,2834,1,0,,,6,263,0,
1249227725751223630,【免費水電】15,650128270,Chung Yi,,中山區,25.059390924580555,121.52502148872462,Entire home/apt,5205,3,0,,,19,365,0,
1249234258627980629,【免費水電】31,650128270,Chung Yi,,中山區,25.06299,121.52347,Entire home/apt,5035,3,0,,,19,365,0,
1249238803934486654,【免費水電】32,650128270,Chung Yi,,中山區,25.06088,121.52637,Entire home/apt,5029,3,0,,,19,365,0,
1249243274344320960,【免費水電】205,650128270,Chung Yi,,中山區,25.05613,121.52267,Entire home/apt,5099,3,0,,,19,365,0,
1249244233471182460,Comfy 3BR Apt @Taipei 101,282776288,Jenny,,信義區,25.03236,121.56352,Entire home/apt,,29,0,,,10,365,0,
1249247471678899510,【免費水電】206,650128270,Chung Yi,,中山區,25.05688,121.52218,Entire home/apt,5252,3,0,,,19,365,0,
1249254681539015428,【免費水電】503,650128270,Chung Yi,,中山區,25.057994303217193,121.52289130179628,Entire home/apt,5016,3,0,,,19,365,0,
1249257921513398403,【免費水電】301,650128270,Chung Yi,,中山區,25.05668,121.52465,Entire home/apt,5291,3,0,,,19,365,0,
1249261149818083336,【免費水電】505,650128270,Chung Yi,,中山區,25.05816,121.52314,Entire home/apt,5002,3,1,2024-12-11,1,19,365,1,
1249263063363452792,【免費水電】306,650128270,Chung Yi,,中山區,25.05807,121.52385,Entire home/apt,5207,3,0,,,19,365,0,
1249281897429432511,Moti's house,14438020,Christie,,中正區,25.02417,121.51601,Private room,1257,3,5,2024-12-23,1.74,1,323,5,
1249332556316698431,TH QM703/北歐麋鹿/西門町3分鐘/捷運西門町站走路5分鐘/電梯/夜市/住1-4人,591879558,Yin Chieh,,萬華區,25.043322325730045,121.50554571464976,Entire home/apt,2442,2,11,2024-12-23,4.34,18,168,11,
1249349839248249170,THHK2/彩虹雲朵/捷運西門町站走路3分鐘/洗脫烘衣機/電梯/夜市/住1-6人,591879558,Yin Chieh,,萬華區,25.04088,121.50671,Entire home/apt,3313,2,9,2024-12-24,3.38,18,159,9,
1249570645468581161,Ximen西門町溫馨套房,108929003,文茜,,萬華區,25.047184221247154,121.50663101395821,Entire home/apt,1800,30,3,2024-12-04,1.15,1,207,3,
1249734905786511974,Ximen/warm house ４ppl,507753881,Chloe,,萬華區,25.04122398117115,121.50424866800296,Entire home/apt,2442,2,4,2024-10-11,1.17,31,172,4,
1249770838659101762,豪華大床房（有浴缸）-Wonderwall美好境界西門館,652894287,祥毅,,萬華區,25.04514,121.506455,Private room,3551,1,0,,,6,263,0,
1249775078494637893,豪華四人房（有浴缸）-Wonderwall美好境界西門館,652894287,祥毅,,萬華區,25.04514,121.506455,Private room,,1,0,,,6,162,0,
1249781764904831724,雅緻四人房（無浴缸）-Wonderwall美好境界西門館,652894287,祥毅,,萬華區,25.04514,121.506455,Private room,3920,1,0,,,6,151,0,
1249957088014324471,行善路優質房間,61651993,Chia-Ling,,內湖區,25.0544,121.57635,Private room,900,1,6,2024-12-01,2.28,1,87,6,
1249966359319344212,jason and dan fun house,69525672,Issabell,,大安區,25.040534430642193,121.5529383184177,Entire home/apt,,1,0,,,22,241,0,
1250431398514130481,(06)中山商圈/獨立洗衣機/MRT捷運/溫馨套房/公園/便利/商務洽公/學生/旅遊,520782737,依蓓,,中山區,25.06186,121.52431,Entire home/apt,3814,4,1,2024-12-30,1,31,213,1,
1250492890344839830,"(51,205)中山商圈/洗衣機+烘衣機/捷運MRT/溫馨套房/電梯大樓/商務/優質管理/學生",520782737,依蓓,,中山區,25.06138,121.52582,Entire home/apt,3814,4,1,2024-11-12,0.60,31,332,1,
1250499327600443028,(11)商務/中山商圈/洗衣機/捷運MRT/優質套房/電梯大樓/學生/公園/便利,520782737,依蓓,,中山區,25.062492728672506,121.52402071351621,Entire home/apt,3814,1,0,,,31,351,0,
1250504265819199785,(15)全新裝潢/學生/近MRT/家庭/電梯大樓/家庭套房/商圈/廚房/洗衣機/商務辦公,520782737,依蓓,,中山區,25.061420058165734,121.52474055905411,Entire home/apt,6100,7,0,,,31,333,0,
1250509084346706411,"(52,206)商務辦公/學生/鬧中取靜/中山西門商圈/獨立洗衣機+烘衣機/捷運MRT/",520782737,依蓓,,中山區,25.057836736067255,121.52365144083838,Entire home/apt,3814,4,0,,,31,365,0,
1250519194417034911,"(56,301)商務辦公/家庭學生/友善外國人/中山商圈/洗衣機烘衣機/捷運MRT/小廚房可烹飪",520782737,依蓓,,中山區,25.05631,121.52499,Entire home/apt,4143,4,0,,,31,339,0,
1250525467885007607,(606)商務辦公/中山西門商圈/洗衣機+烘衣機/捷運MRT/優質套房/學生/公園,520782737,依蓓,,中山區,25.05603,121.52415,Entire home/apt,3814,4,0,,,31,330,0,
1250530915977326640,(12)商務辦公/中山商圈/獨立洗衣機+烘衣機/捷運MRT/優質套房/學生/情侶/便捷/小廚房可烹飪,520782737,依蓓,,中山區,25.05658,121.52392,Entire home/apt,3814,4,3,2024-12-17,1.96,31,190,3,
1250572449909514630,(04)商務辦公/中山西門商圈/洗衣機+烘衣機/捷運MRT/優質套房/公園/醫院/小廚房可烹飪,520782737,依蓓,,中山區,25.0606,121.52288,Entire home/apt,3757,4,0,,,31,365,0,
1250578659811139410,"(54,503)商務辦公/中山商圈/洗衣機+烘衣機/捷運MRT/優質套房/公園/便利/醫院/藥局",520782737,依蓓,,中山區,25.056287932257963,121.52536418233427,Entire home/apt,4143,4,0,,,31,365,0,
1250587598850440863,(03)商務辦公/中山西門商圈/獨立洗衣機/捷運MRT/優質套房/藥局/醫院/公園/可烹飪,520782737,依蓓,,中山區,25.06191,121.52346,Entire home/apt,3814,4,0,,,31,303,0,
1250598114028299542,(13B)合租套房/商務辦公/中山商圈/藥局/醫院/捷運MRT/優質套房/學生/公共廚房客廳/2F,520782737,依蓓,,中山區,25.06323,121.5211,Private room,3700,4,0,,,31,365,0,
1250603948412578718,(05)商務辦公/中山商圈/獨立洗衣機/MRT捷運/溫馨套房/廚房可烹飪/藥局/醫院/咖啡館/學生,520782737,依蓓,,中山區,25.05943,121.52439,Entire home/apt,3814,1,1,2024-12-31,1,31,364,1,
1251330866902867866,【Scandi Aesthetic House】4A Room｜8mins to MRT,7649671,Zoe,,信義區,25.040330874147806,121.57890260960838,Private room,1143,2,4,2024-12-28,1.48,6,321,4,
1251343895844859879,【Scandi Aesthetic House】4A Room｜8mins to MRT,7649671,Zoe,,信義區,25.040817073793825,121.580653773326,Private room,1271,2,9,2024-12-29,3.14,6,329,9,
1251386048296562889,X6 ［Creamy Sands]套房2-6人 101Views,33899886,UrbanAbodeDugu,,中正區,25.0466,121.51504,Entire home/apt,,2,3,2024-11-04,1.13,12,32,3,
1251391040313697723,X4-[Pink Velvet]套房2-6人 簡廚 洗晎脫衣機,33899886,UrbanAbodeDugu,,中正區,25.047106894837967,121.5153624883736,Entire home/apt,4228,2,3,2024-12-17,1.34,12,30,3,
1251591263095794152,(07)商務辦公/乾濕分離廁所/洗衣機+烘衣機/便利/藥局/醫院/捷運MRT/學生/友善外國人/電梯,520782737,依蓓,,中山區,25.062433022360853,121.52784915107317,Entire home/apt,2829,4,1,2024-12-30,1,31,302,1,
1251762026451140011,Bel appartement 3 chambres,549846647,Anael,,信義區,25.03277,121.55799,Entire home/apt,7429,1,0,,,1,103,0,
1251770571477130806,cozy spacious apartment in the central of taipei,43564872,Cheng-Wei,,中山區,25.04707,121.53354,Entire home/apt,2331,1,0,,,1,340,0,
1251824071024796711,Ximending is right next to you,507753881,Chloe,,萬華區,25.0421414,121.5048309,Entire home/apt,3993,2,3,2024-09-26,0.90,31,174,3,
1251830729963037732,The first choice in Ximending business district,507753881,Chloe,,萬華區,25.0421414,121.5048309,Entire home/apt,3375,2,4,2024-12-31,1.20,31,176,4,
1251833004081929816,Ximending is next to me,507753881,Chloe,,萬華區,25.0421414,121.5048309,Entire home/apt,3009,2,4,2024-11-23,1.20,31,178,4,
1251835972017816563,Explore Ximending~,507753881,Chloe,,萬華區,25.0421414,121.5048309,Entire home/apt,2808,2,5,2024-12-28,1.52,31,349,5,
1251839886540475887,西門町商圈,507753881,Chloe,,萬華區,25.0421414,121.5048309,Entire home/apt,2395,2,5,2024-11-06,1.50,31,176,5,
1251844346169337321,It’s 400 meters from the 西門MRT station to my house,507753881,Chloe,,萬華區,25.0421414,121.5048309,Entire home/apt,2461,2,5,2024-12-01,1.53,31,180,5,
1251887036122736730,Taipei High FL 101 Night View @ 忠孝敦化 MRT,1295140,Studio 17,,大安區,25.03841910686611,121.54844405416348,Entire home/apt,3124,5,6,2024-12-04,1.88,13,150,6,
1251941092934405689,MU 2~6p,19843186,萊,,萬華區,25.04318,121.50509,Entire home/apt,3214,3,5,2024-12-12,1.90,13,353,5,
1251983909235519174,5天以上優惠10%Ｗ hotel對面，近台北101地鐵市政府站3分鐘,64721352,Wei Chou,,信義區,25.0416069,121.5673111,Entire home/apt,4484,3,9,2024-12-13,3.46,4,11,9,
1252092529574613976,近機場捷運 台北車站 西門町10.電梯3~8人房.全新裝潢.免費WIFI,516896438,David,,中正區,25.04615603285074,121.51472701536044,Private room,2594,2,10,2024-12-27,3.49,5,152,10,
1252125112743006946,文山區公寓優質住宿雅房-一層僅兩房，大採光獨立陽台，一卡皮箱即可入住,219998704,姵嬑,,文山區,24.9800001,121.554556,Private room,1000,2,8,2024-12-22,2.55,2,145,8,
1252144282522154138,5天以上優惠10%可以直接看到台北101煙火市政府站步行3分鐘,64721352,Wei Chou,,信義區,25.0413151,121.5665101,Entire home/apt,5067,3,8,2024-12-17,5.45,4,110,8,
1252164568655791109,西門町夜市溫馨小宅/電梯/西門捷運/西門夜市/月租,115661514,Kai Wei,,萬華區,25.04759,121.50846,Entire home/apt,1571,2,22,2024-12-18,7.50,2,15,22,
1252572341033231863,Studio Apartment 3,4431273,Sai,,信義區,25.02987,121.55844,Entire home/apt,2883,1,4,2024-12-23,1.64,19,165,4,
1252844634178365536,1 mins from Longshan Temple MRT,584797539,Piyatida,,萬華區,25.035783268081815,121.49870362132786,Entire home/apt,1428,1,21,2024-12-11,6.92,3,58,21,
1252878516750212817,Sky tree l 健身房 ｜ 捷運站｜夜市｜台北101,357062477,天恩,,信義區,25.02957,121.55809,Entire home/apt,3286,15,1,2024-10-28,0.46,29,365,1,
1252998140121932873,Moonlit Retreat/Taipei Main Station/Ximemding/Apt,6475625,Yi En,,萬華區,25.04627,121.50314,Entire home/apt,1329,2,12,2024-12-25,4.14,6,77,12,
1253227677735246077,小米京站608家庭房,221089274,Sammi,,中山區,25.04830149158431,121.52043957263231,Entire home/apt,3920,5,1,2024-10-08,0.35,10,11,1,
1253330955486140598,(09)商務辦公/學生/獨立套房/醫院/藥局/近MRT/電梯大樓/友善外國人/中山西門商圈,520782737,依蓓,,中山區,25.05926,121.52477,Entire home/apt,3814,1,1,2024-12-31,1,31,275,1,
1253375035445408666,"(55,505)商務辦公/中山西門商圈/獨立洗衣機/捷運MRT/優質套房/醫院/藥局/友善外國人",520782737,依蓓,,中山區,25.05617,121.52301,Entire home/apt,4500,4,0,,,31,365,0,
1253560659048164888,MRT 7min/購物方便/方正私人浴室/頂樓共用大洗衣機曬衣區,383714739,Mandy黃SaycHouse,,中山區,25.05225,121.52831,Entire home/apt,624,30,2,2024-12-19,1.05,16,88,2,
1253991022333595167,Theory apt x best gym l 捷運｜台北101,357062477,天恩,,信義區,25.02952,121.55842,Entire home/apt,4571,24,0,,,29,365,0,
1254092519317082913,Taipei double beds first floor 7min to 101,30244947,Winney,,信義區,25.03507,121.56056,Private room,1941,2,5,2024-12-16,1.65,4,86,5,
1254510092843192073,Taipei  西門町 捷運1分鐘/樓下西門町夜市/百貨商圈/PUB/獨立洗衣機/禁菸 4F-1,540100951,James,,萬華區,25.043172671493657,121.50686860084534,Entire home/apt,1464,2,5,2024-12-11,1.88,14,350,5,
1254530568519371604,Taipei 西門町 4～8人房 獨立房源1F / 大空間 / 洗衣機 / 廚房/ 捷運站/夜市商圈,540100951,James,,萬華區,25.0430556,121.5068303,Entire home/apt,3714,3,0,,,14,365,0,
1254890128659311652,Mini Luxury Loft/近松山站/饒河夜市/101景觀/生活便利,184135327,Hsin-Tzu,,信義區,25.04879,121.5735,Entire home/apt,3514,1,0,,,1,363,0,
1255429746715522158,EM302/西門loft空間/西門站走路五分鐘/電梯/1-4人房,535262649,Lissa,,萬華區,25.043190259224836,121.50379175205593,Entire home/apt,1380,2,10,2024-12-22,3.61,6,164,10,
1255657894120447290,松德101 渡假小屋 Songde cozy house,46183277,Nonie,,信義區,25.03905670193995,121.57827026884814,Entire home/apt,3800,3,4,2024-12-02,2.11,1,338,4,
1256358839026974885,3 mins MRT@Shilin Night Market Delight 2 bedrooms,168846117,Chi,,士林區,25.088948104697426,121.52555905508451,Entire home/apt,3138,7,2,2024-11-18,0.95,4,85,2,
1256440585636051022,優惠 台北車站30秒 臺北 5人房 Taipei main station簡單生活,104718340,Kumiko,,中正區,25.0452,121.51668,Entire home/apt,6000,1,1,2024-10-02,0.33,11,305,1,
1256807341598301821,Cozy flat at Nanjing Fuxing MRT(4~8pax) 南京復興2分鐘,93139484,Wei Fong,,中山區,25.05398,121.54197,Entire home/apt,3921,2,5,2024-12-28,3.33,1,126,5,
1257105147226401752,@Fee 歡迎來到台北,22840761,Kikina,,南港區,25.02685,121.59611,Entire home/apt,5000,1,0,,,21,365,0,
1257135900757397565,@XCa1哈囉~ 西門 1-2人西門MRT/寧夏夜市,22840761,Kikina,,中正區,25.04451,121.50977,Entire home/apt,1916,3,2,2024-12-04,0.91,21,172,2,
1257140347726835737,5B BL.19永春捷運站、Taipei101、廉價美食,200308646,Terry,,信義區,25.03708255822648,121.57716604084516,Entire home/apt,1229,2,8,2024-12-21,2.93,5,71,8,
1257141460496037381,"@XCb哈囉 西門 2-7人
西門MRT/寧夏夜市",22840761,Kikina,,中正區,25.04631,121.50957,Entire home/apt,2456,1,3,2024-12-09,1.55,21,174,3,
1257153499899983420,@XCT哈囉~西門MRT/夜市/九份直達車   可住4-11人,22840761,Kikina,,中正區,25.045977305654933,121.50965940527487,Entire home/apt,5286,2,0,,,21,172,0,
1257184442872447945,The Knoll,654771416,Chris,,中正區,25.024326278023196,121.52094750649906,Entire home/apt,4500,3,1,2024-12-08,1,1,326,1,
1257670172496754537,Family-friendly｜30s 夜市｜Near Taipei 101｜10mins MRT,53276683,Steve,,大安區,25.03101,121.55579,Entire home/apt,4859,3,8,2024-12-30,3.00,1,272,8,
1257747870607997106,E88/XIMEN MRT#Tapei main station# Monthly Promo!,453709970,Bella,,萬華區,25.0454099,121.5035953,Entire home/apt,1714,2,3,2024-11-24,1.43,31,86,3,
1257847706575053456,輕鬆愉快—b,598728739,Buzz,,大安區,25.04431,121.5432,Private room,1140,2,6,2024-12-24,1.98,7,353,6,
1258218333911060981,大隱於市 - 中壹 - 西門捷運站一分鐘  Ximen MRT,8937651,Chiying,,萬華區,25.04493,121.50784,Entire home/apt,8714,3,4,2024-12-02,1.45,17,50,4,
1258314694073776254,內湖港墘捷運共構住宅,7012208,思葳,,內湖區,25.08137,121.57457,Entire home/apt,2000,30,0,,,1,333,0,
1258475285422606639,西門町逛街區旁的全新電梯住所,27189949,Ruby,,萬華區,25.04662,121.50357,Entire home/apt,2500,5,6,2024-12-25,2.86,1,320,6,
1259022524489235204,大稻程碼頭看河煙火/電梯管理優/交通好/採光通風/市區VS大自然之間,383714739,Mandy黃SaycHouse,,大同區,25.0587,121.51409,Private room,640,30,0,,,16,365,0,
1259028274584337674,【甜心的家  Sweet】2025全新推出/採光明亮／西門捷運5分鐘／電梯大樓／訂房首選,21197641,Dabao,,萬華區,25.042989506817324,121.5055865049362,Entire home/apt,2229,3,0,,,7,354,0,
1259622694841310112,Sky tree Loft x Gym ｜泳池｜夜市｜台北101,357062477,天恩,,信義區,25.03202,121.55769,Entire home/apt,3714,15,1,2024-12-07,1,29,365,1,
1259952438645274455,2bd/1ba Ximending Taipei Loft｜5-min walk to MRT,5812604,Jon,,萬華區,25.04487,121.50482,Entire home/apt,4071,3,15,2024-12-29,5.11,5,250,15,
1259962098459391635,MRT捷運中正紀念堂電梯美屋,79989726,Amy,,中正區,25.0330206,121.5189186,Entire home/apt,1333,7,0,,,10,89,0,
1260114257787770428,Big Boutique loft Serviced Apt@MRTDaAn. sky view,282776288,Jenny,,大安區,25.034386996275224,121.54015299980149,Entire home/apt,2557,29,0,,,10,279,0,
1260135321328134570,輕鬆愉快a,598728739,Buzz,,大安區,25.04341,121.5448,Private room,1057,2,1,2024-10-13,0.37,7,348,1,
1260653325679696284,MRT西門町捷運站: 寧靜優雅樓下有超商美食餐廳 近商圈 15,148014744,Liu,,萬華區,25.041987166904015,121.50546546587371,Entire home/apt,6080,6,0,,,4,180,0,
1260903175602397565,幸福公寓,540797951,毓玲,,萬華區,25.04269,121.50567,Entire home/apt,1480,1,19,2024-12-31,7.70,1,269,19,
1261969298106420336,小米-基泰公寓,221089274,Sammi,,中山區,25.064822,121.52343,Entire home/apt,2606,6,0,,,10,65,0,
1262119043798616931,小陽台.洗衣機.獨立衛浴雙人房（距離西門捷運站步行1分鐘）,36408621,小多,,萬華區,25.04335066605994,121.50668185204268,Private room,1716,30,0,,,15,154,0,
1262387547686804710,西門商圈8008/捷運西門站步行5分鐘/附洗衣機/大空間6人房,508233574,詩純,,萬華區,25.0447933,121.5061696,Entire home/apt,,2,0,,,26,46,0,
1262708827496001673,Ximen Mrt 100M / Wood House木棧,182734107,Jung Feng,,萬華區,25.043437,121.5080366,Entire home/apt,3914,3,9,2024-12-29,3.97,2,328,9,
1262714546286046736,Bright & Breezy Suite(S1-9),507753881,Chloe,,大安區,25.0305711,121.5277226,Private room,2526,1,8,2024-12-14,3.16,31,88,8,
1262716526933323877,Ximen Mrt 100M / Oasis Inn綠洲小棧,182734107,Jung Feng,,萬華區,25.043437,121.5080366,Entire home/apt,4186,3,4,2024-12-01,1.64,2,348,4,
1262778760046730650,近101的完美舒適空間,582773058,睿宏,,信義區,25.041922,121.5703811,Entire home/apt,,1,1,2024-11-03,0.50,2,267,1,
1262967967010458282,"文山區公寓舒適的雙人雅房，採用高級天絲床單、SPC木質地板,讓您一卡皮箱即可入住。",219998704,姵嬑,,文山區,24.9800001,121.554556,Private room,1122,2,6,2024-12-29,2.73,2,177,6,
1263425104602002567,台北東區/大巨蛋/Dr. Sun紀念館/機場接送/包車/長租優惠15%,586543170,宗漢,,大安區,25.04267716312922,121.55267123185492,Entire home/apt,3497,2,1,2024-12-15,1,2,88,1,
1263426987739340924,Hömeÿ Mooň 緋月＊ | 西門町商圈\西門捷運 \ 乾濕分離大衛浴\ 洗衣機\雙人床,651807716,Ina,,萬華區,25.04420992099217,121.50844144752713,Entire home/apt,1423,3,1,2024-11-17,0.65,16,218,1,
1263652859525451203,KM1B/一樓免爬梯採光大套房/高速網路/西門MRT400M/限月租/,248559596,Jason,,萬華區,25.0424072,121.5042808,Entire home/apt,1186,30,1,2024-11-15,0.64,4,95,1,
1265161380884374701,「師大輕旅」 古亭MRT 師大夜市 旁 新裝修 台大公館 中正紀念堂,583209168,美玉,,大安區,25.02572,121.52451,Entire home/apt,1650,30,1,2024-11-24,0.79,10,121,1,
1265173977432786745,中山北路日式2房,656606787,聖平,,中山區,25.0575288,121.5239843,Entire home/apt,38399,1,0,,,1,365,0,
1265234450164646211,NY silver/全新裝潢西門町商圈/台北車站,234963902,Nina,,萬華區,25.0455456,121.5064471,Entire home/apt,2800,2,9,2024-12-14,3.80,6,240,9,
1265331124076340702,「師大雅舍」 古亭MRT  師大夜市  新裝修 中正紀念堂 師大台大,583209168,美玉,,大安區,25.02576,121.52487,Entire home/apt,1600,30,0,,,10,96,0,
1266451213217689335,永康商圈東門捷運旁陽光屋,579506663,Chao Chun,,大安區,25.0341135,121.5264775,Entire home/apt,,30,1,2024-11-23,0.75,2,0,1,
1266491507097844259,（203）商務套房/舒適方便/近MRT/醫院/藥局/電梯大樓/中山西門商圈/友善外國人,520782737,依蓓,,中山區,25.05735,121.52572,Entire home/apt,5186,4,1,2024-12-31,1,31,365,1,
1266597923889106071,Taipei modern house 7min to 101,30244947,Winney,,信義區,25.03546,121.56082,Entire home/apt,5014,2,8,2024-12-23,4.36,4,68,8,
1266711635952959416,2房1廳 西門町時尚房 -  Ximen MRT -洗烘衣機+電梯Wifi 安靜採光佳,28103867,Henry,,萬華區,25.04367,121.50319,Entire home/apt,5331,3,3,2024-11-24,1.76,38,79,3,
1266758708066025259,Cozy 雙人泡澡浴缸D15𓇬Ximen𓇬Taipei 101𓇬住1-2人𓇬MRT 中山站 台北站,115798819,Airbnb,,中山區,25.052308092648804,121.52394409474194,Private room,1285,3,3,2024-12-02,1.76,68,84,3,
1267130611527178625,JRed Mega Space large bathroom with bathtub月租房,666942336,Yu,,信義區,25.0295997057496,121.55888959520709,Private room,1797,1,1,2024-12-29,1,1,359,1,
1267142464183771857,X2 Value! ! MRT Daan STA 5mins COZY HOME 月租房,664975682,大澄,,大安區,25.03412334635171,121.54907067763361,Private room,1616,1,1,2024-12-27,1,3,365,1,
1267633286869306344,*台北市中心* 全新裝潢2房｜2-4人｜月租折扣｜電梯公寓｜捷運站5分鐘｜有廚房｜附洗衣機｜,203969708,Ariel,,大安區,25.0436805,121.5536651,Entire home/apt,3000,30,0,,,2,178,0,
1267839305823963151,光合作用 apt x 百貨公司 1分鐘 ｜健身房｜ 夜市｜市政府｜信義,357062477,天恩,,信義區,25.04309303983582,121.56488990851669,Entire home/apt,4000,15,0,,,29,365,0,
1267983383774696665,ZH61#中正紀念堂#台大#師大#台北車站#三房8人#月租優惠,453709970,Bella,,中正區,25.040701180580875,121.52251443741343,Entire home/apt,4286,2,3,2024-11-25,1.84,31,362,3,
1268105608760348457,「安和雅舍」302   台大 台北教育大學  信義安和MRT 六張犁MRT 101大樓,583209168,美玉,,大安區,25.028040903908966,121.55128945937267,Private room,800,30,0,,,10,183,0,
1268457166037918117,Cozy安和好窩(A)/電梯大樓/專人收垃圾/MRT信義安和2分鐘,51675276,Cathy,,大安區,25.0320013,121.5527673,Private room,1457,30,0,,,8,102,0,
1268502571858118062,Cozy安和好窩(B)/電梯大樓/專人收垃圾/MRT信義安和2分鐘,51675276,Cathy,,大安區,25.0330227207193,121.55341930575212,Private room,1457,30,0,,,8,106,0,
1269379742332834394,Comfy Room/Ximem MRT/Quad Room/시먼/Taipei/101,6475625,Yi En,,萬華區,25.04437,121.50292,Entire home/apt,,2,3,2024-12-28,1.70,6,77,3,
1269518667679767915,1F/西門町/饒河夜市/忠孝復興捷運/3房間/3淋浴間/3~8P,518235935,Coho,,中山區,25.048277787468844,121.54051743222189,Entire home/apt,6257,1,9,2024-12-29,4.29,6,300,9,
1269530459797807373,Cozy安和好窩(Suite)/電梯大樓/專人收垃圾/MRT信義安和2min,51675276,Cathy,,大安區,25.032,121.55277,Private room,1786,30,1,2024-11-23,0.77,8,103,1,
1270080716015106557,西門町響瑩四人房 Ximending Quad Room,170273202,Star,,萬華區,25.04233624543357,121.50502897579327,Entire home/apt,,2,4,2024-12-13,2.18,30,43,4,
1270111934172352021,西門町三人房617 Ximending triple room,170273202,Star,,萬華區,25.044001,121.5077991,Entire home/apt,2050,2,5,2024-12-15,2.83,30,71,5,
1270185657518805656,兵奇熊@Ximen Bear 1980 進門就有高級感,52368680,偉辰,,萬華區,25.045489554119136,121.50663240607497,Entire home/apt,1899,4,6,2024-12-28,2.86,1,61,6,
1270308558201468247,「安和雅舍303   台大 台北教育大學 六張犁MRT 信義安和MRT 101大樓,583209168,美玉,,大安區,25.02736,121.54968,Private room,700,30,0,,,10,215,0,
1270311577777021356,Wen W12,201466965,慧雯,,大安區,25.042119229758285,121.55350416898727,Entire home/apt,5512,5,2,2024-12-24,2,5,351,2,
1270665826580252240,noble高尚，北車，西門，大房間，Taipei Main Station WiFi,171974684,Win,,大同區,25.049722702591033,121.51749551296234,Entire home/apt,2571,3,0,,,12,50,0,
1270809131185053126,北門悠閒六人房 MRT BeiMen six-person room,170273202,Star,,大同區,25.05213,121.51209,Entire home/apt,3139,2,0,,,30,79,0,
1270849321561798032,西門町悠遊四人房 Ximending Quadruple Room,170273202,Star,,中正區,25.041490036703664,121.51034915256439,Entire home/apt,2104,2,1,2024-11-10,0.58,30,61,1,
1270851241063358413,H42/500mtoXimenMRT/Netflix/Microwave/WiFi/Elevator,136010110,Rex,,萬華區,25.04457,121.5043,Entire home/apt,3684,2,7,2024-12-25,3.13,36,349,7,
1271343509990521742,西門町馨亭四人房 Ximending Quad room,170273202,Star,,萬華區,25.04362,121.50733,Entire home/apt,1711,2,2,2024-12-16,1.13,30,83,2,
1271349400667539315,西門町四人9號房 Quadruple Room at Ximending No. 9,170273202,Star,,萬華區,25.045111449024336,121.5086557036928,Entire home/apt,2054,2,6,2024-12-13,3.53,30,58,6,
1271356485747077911,西門町暖新三人房 Ximending triple room,170273202,Star,,萬華區,25.04484,121.50814,Entire home/apt,2137,2,3,2024-12-16,1.96,30,79,3,
1271361108168018950,西門町四人16號房 Ximending Quad room 16,170273202,Star,,萬華區,25.04511,121.50817,Entire home/apt,1975,2,3,2024-12-07,1.70,30,76,3,
1271366477959367157,西門町四人19號房 Ximending Quad room 19,170273202,Star,,萬華區,25.04517,121.50739,Entire home/apt,2013,2,1,2024-11-09,0.56,30,74,1,
1271369132974063746,【Pre】捷運旁｜近西門步行街｜中山文青市集｜全新裝修｜五星套房｜國際交流會｜豪宅設計｜頂級設備」,565465307,Son,,中山區,25.06016,121.52418,Entire home/apt,5431,3,0,,,40,364,0,
1271375365522553482,西門町三人6號房 Ximending Triple room 6,170273202,Star,,萬華區,25.04518,121.50745,Entire home/apt,2046,2,1,2024-12-08,1,30,77,1,
1271396877317251161,採光好的整層房源、獨立衛浴、捷運站口1分鐘（非共用）,279623308,Jiang,,大同區,25.049529190241355,121.51894180740142,Entire home/apt,1666,3,1,2024-12-16,1,1,175,1,
1271425942993830906,西門町豪華十四人房 Ximending deluxe fourteen-person room,170273202,Star,,萬華區,25.045048313049097,121.5088393426964,Entire home/apt,6609,2,0,,,30,42,0,
1271426597891855649,【Pre】捷運旁｜近西門步行街｜中山文青市集｜電梯大樓｜五星套房｜國際交流會｜豪宅設計｜頂級設備」,565465307,Son,,松山區,25.06229,121.54478,Entire home/apt,6824,2,0,,,40,365,0,
1271466863525237109,台北車站豪華十人房 Taipei Main Station 10-Bedroom,170273202,Star,,信義區,25.03235126421477,121.56610848607303,Entire home/apt,5038,2,1,2024-12-08,1,30,72,1,
1271595233692080867,"粉圓之家（9）西門地鐵6號出口3分鐘
可寄放行李/電梯",572277095,彥廷,,萬華區,25.04407421029157,121.50751166045666,Entire home/apt,2642,2,11,2024-12-27,4.93,2,177,11,
1272520464017058054,【城市好時光】台大｜ 30人 11臥6衛 | 台電大樓MRT|Da-an|師大夜市|免費車位,23097622,Miyo,,大安區,25.02458,121.53034,Entire home/apt,13579,3,0,,,16,360,0,
1272678879265779346,A302 獨立房源 2間房間 近台北車站 熱鬧的地點 安靜的房間,578800230,Areum,,大同區,25.05052,121.51766,Entire home/apt,4549,3,0,,,13,287,0,
1272796001716181227,西門町四人房618 Ximending Quad room,170273202,Star,,萬華區,25.044001,121.5077991,Entire home/apt,2183,2,6,2024-12-16,3.40,30,69,6,
1272810062209649155,H&K 4/2 Sheraton NTU Hospital and Shandao Temple,30591050,H&K,,中正區,25.04233576030395,121.5216194040943,Entire home/apt,11857,10,1,2024-12-24,1,13,319,1,
1272888748858935360,西門町四人房622 Ximending Quad room,170273202,Star,,萬華區,25.044001,121.5077991,Entire home/apt,2029,2,6,2024-12-15,3.05,30,79,6,
1272899689754114741,2 single bed/modern room (T2-4),507753881,Chloe,,大安區,25.029603102950848,121.52824204270122,Entire home/apt,2503,1,6,2024-12-26,3.10,31,178,6,
1272939675345726787,西門町四人房623 Ximending Quad room,170273202,Star,,萬華區,25.04427,121.50677,Entire home/apt,2065,2,4,2024-12-15,2.31,30,75,4,
1272956435917489620,西門町都會四人房 Ximending Quad room,170273202,Star,,萬華區,25.04229997477524,121.50727088569911,Entire home/apt,2313,2,0,,,30,37,0,
1272981003357965551,西門町舒爽六人房Ximendingsix-person room,170273202,Star,,萬華區,25.040696481047803,121.50086585830934,Entire home/apt,3304,2,0,,,30,79,0,
1272985225405452173,西門町精緻四人房 Ximending Quad Room,170273202,Star,,萬華區,25.044035,121.503805,Entire home/apt,1889,2,4,2024-12-15,2.07,30,73,4,
1272997007026297784,【meet】31 西門/中山/雙連/臺大醫院/馬偕醫院/商務套房/公園/西門商圈/中山商圈/MRT,568514716,閎越,,中山區,25.06142,121.52345,Entire home/apt,5128,30,0,,,26,365,0,
1273013230855207340,北門溫馨六人房 Beimen 6-person 3Room,170273202,Star,,中正區,25.04575141072132,121.509686657278,Entire home/apt,4307,2,1,2024-12-07,1,30,66,1,
1273019160357709967,【meet】203 西門/中山/全新裝潢/商務套房/電梯/西門商圈/中山商圈/MRT,568514716,閎越,,中山區,25.05278,121.52126,Entire home/apt,5128,3,0,,,26,330,0,
1273022247777957942,西門町饗宴六人房 Ximending 6-person room,170273202,Star,,萬華區,25.039992,121.506089,Entire home/apt,4230,2,1,2024-11-09,0.57,30,68,1,
1273109724736174916,【Pre】捷運旁｜近西門步行街｜中山文青市集｜全新裝修｜五星套房｜國際交流會｜豪宅設計｜頂級設備」,565465307,Son,,中山區,25.06667,121.52892,Entire home/apt,7478,7,0,,,40,330,0,
1273504121295341976,西門町遊沁四人房 Ximending Quad room,170273202,Star,,萬華區,25.0463952,121.5056213,Entire home/apt,2058,2,6,2024-12-17,3.46,30,55,6,
1273531618231782388,西門町遊憩四人房 Ximending Quad room,170273202,Star,,萬華區,25.0426083,121.5046511,Entire home/apt,2333,2,1,2024-12-15,1,30,62,1,
1273553196568425887,jason and dan room 2,69525672,Issabell,,中正區,25.0473,121.52121,Entire home/apt,2505000,1,0,,,22,240,0,
1273555199517789600,5 minutes from Taipei Main Station M8 Exit.,528379976,Eda,,中正區,25.043737397946778,121.51727022674751,Entire home/apt,2903,2,3,2024-12-29,3,15,359,3,
1273594747674796792,西門町清舒四人房 Ximending Quadruple Room,170273202,Star,,萬華區,25.0426083,121.5046511,Entire home/apt,,2,0,,,30,31,0,
1273698326609751034,5 minutes from Taipei Main Station M8 Exit.,528379976,Eda,,中正區,25.04394,121.51773,Entire home/apt,3150,2,1,2024-11-24,0.79,15,338,1,
1273701739167435485,5 minutes from Taipei Main Station M8 Exit.,528379976,Eda,,中正區,25.045901295149598,121.51589800636297,Entire home/apt,2870,2,3,2024-12-15,2.31,15,355,3,
1273805722500398699,THEk401/暖暖日光/西 門町捷運站走路5分鐘/電梯/夜市/1-4人,591879558,Yin Chieh,,萬華區,25.04311,121.50648,Entire home/apt,2313,2,7,2024-12-17,3.39,18,357,7,
1273866351014464783,後山埤捷運兩房MRT步行兩分鐘/前陽台大車位/101信義商圈,39497206,艾蜜莉 Emily,,信義區,25.043102,121.5815838,Entire home/apt,4312,2,2,2024-12-15,0.98,4,234,2,
1273874087939550905,萬華區獨立花園套房,68999438,May,,萬華區,25.023961812908517,121.49698353703872,Private room,,1,2,2024-11-03,0.90,1,0,2,
1273898649589157795,「安和雅舍」305 台大 台北教育大學  六張犁捷運站,583209168,美玉,,大安區,25.026257416392706,121.54972592736462,Private room,800,30,0,,,10,364,0,
1273932074923881653,"交通便利，三房/近新北投捷運/風景優美/高中/月租38,000元，可季租或半年租",658609306,Sergio,,北投區,25.139451,121.506262,Entire home/apt,3280,3,0,,,1,361,0,
1274027532421144095,Luxury70𓇬Taipei 101𓇬Ximen 6站西門站𓇬5站台北站𓇬3房住3-7人,115798819,Airbnb,,松山區,25.05013,121.5698,Entire home/apt,3714,3,3,2024-12-03,2.05,68,86,3,
1274135277865471519,中山商圈捷運站1分鐘｜2房 5 PPL｜獨立空間｜電梯,105890527,Alan,,中山區,25.0576741,121.52181,Entire home/apt,2271,4,1,2024-12-01,1,16,17,1,
1274237781862143865,5 minutes from Taipei Main Station M8 Exit.,528379976,Eda,,中正區,25.045282318885977,121.5155783601389,Entire home/apt,2625,2,2,2024-12-28,2,15,354,2,
1274273452803097005,A non-accommodation space located in Taipei.,41947800,凱傑Kai Chie,,文山區,25.00343,121.57541,Entire home/apt,6500,1,0,,,1,363,0,
1274277705408798957,「安和雅舍」301 台大  台北教育大學  六張犁MRT 信義安和MRT 101大樓,583209168,美玉,,大安區,25.026461525235916,121.5498722981649,Private room,800,30,0,,,10,353,0,
1274582015261270380,"台北101Mrt, 臨江(通化)夜市,超級市場.月租公寓3房兩衛",579525078,宸嘉,,信義區,25.02982,121.55806,Entire home/apt,3943,5,5,2024-12-26,3.57,1,180,5,
1274858775185416919,「三十天以上月租套房」30天月租房西門町捷運站旁1min出口1分鐘 紅樓廣場/7-11超商24hr,260936150,文煌,,萬華區,25.03994538897552,121.50619220226687,Private room,864,30,0,,,5,88,0,
1275026572343211904,全新/電梯/中山雙捷運/南西商圈/赤峰街/新寧夏夜市/台北車站/西門町,651051336,Hsiu Ping,,大同區,25.052742078003863,121.51997734550781,Private room,1989,1,0,,,4,47,0,
1275103650346901623,全新/電梯/中山雙捷運/南西商圈/赤峰街/新寧夏夜市/台北車站/西門町,651051336,Hsiu Ping,,大同區,25.05269,121.52017,Private room,2086,2,0,,,4,48,0,
1275119290881027750,全新/電梯/中山雙捷運/南西商圈/赤峰街/新寧夏夜市/台北車站/西門町,651051336,Hsiu Ping,,大同區,25.05195,121.5182,Private room,1509,1,0,,,4,47,0,
1275246775006201144,Reader apt ｜gym ｜夜市 ｜捷運｜台北101,357062477,天恩,,信義區,25.03238,121.55765,Entire home/apt,3286,15,0,,,29,365,0,
1275852113678816976,光合作用 apt x 百貨公司 1分鐘 ｜健身房｜ 夜市｜市政府｜,357062477,天恩,,信義區,25.04243,121.56528,Entire home/apt,,15,0,,,29,365,0,
1275935274053252070,[2 double bed ]Bright & Breezy Suite (S2-1),507753881,Chloe,,大安區,25.03164,121.52851,Private room,3918,1,3,2024-12-01,2.00,31,177,3,
1275935295116833933,Bright & Breezy Suite(S1-8),507753881,Chloe,,大安區,25.0305711,121.5277226,Entire home/apt,2386,1,1,2024-10-31,0.48,31,87,1,
1275991375750919506,【New】F中山國小站／廚房/高樓電梯／通風採光／適合商務人士、學生／友善Foreigner,490134486,Hung Chih,,中山區,25.059147544068452,121.5247380038176,Entire home/apt,6009,14,0,,,41,365,0,
1275994587941913214,【Pre】33中山國小站／高級衛浴／商務旅館／通風採光／適合商務人士、學生／友善Foreigner,490134486,Hung Chih,,中山區,25.06171279228947,121.52365360762128,Entire home/apt,5317,3,1,2024-12-31,1,41,365,1,
1276090949920481075,鄰近信義101/南港商圈 舒適兩人房 鄰近捷運後山埤站,304191847,An,,南港區,25.03835387643173,121.58879505811356,Private room,2543,3,3,2024-12-23,3,2,89,3,
1276132042131100873,"Kuan's home,Taipei Station,Night Market,Taipei 101",598116384,Lan Cui,,中山區,25.051209909323543,121.5348262698611,Entire home/apt,1003,1,2,2024-12-07,2,1,73,2,
1276270441289973059,{書呆子之旅} 師大夜市｜2臥2衛｜大安區｜台電大樓捷運8分｜師範大學｜免費停車,23097622,Miyo,,大安區,25.025926017854623,121.53080023209907,Entire home/apt,4186,3,2,2024-12-10,1.00,16,26,2,
1276497094624882426,MRT 3 mins｜Single Room w/ Private Bathroom｜K28,242730194,Kolette,,中正區,25.042248074097074,121.51281328570782,Entire home/apt,1414,30,1,2024-11-29,0.91,67,165,1,
1276529163959076284,大安站1MIN雙捷運/北歐風三房間雙衛浴/忠孝&信義商圈,39497206,艾蜜莉 Emily,,大安區,25.032754,121.543805,Entire home/apt,5045,2,0,,,4,247,0,
1276529199612074962,溫馨6-9人房/忠孝商圈/雙捷運1MIN/雙衛浴大廚房/嬰幼兒友善,39497206,艾蜜莉 Emily,,大安區,25.032754,121.543805,Entire home/apt,5563,2,0,,,4,238,0,
1276542394745011911,Taipei Dome Family Room for Six A,346656524,Ola,,大安區,25.04198036052598,121.5559836382362,Entire home/apt,6187,4,2,2024-11-25,1.36,21,177,2,
1276584118992624937,Beitou Coffee Resort,659168919,羽穠,,北投區,25.12158,121.47099,Private room,2205,1,3,2024-11-17,1.73,2,363,3,
1276682101598087512,Ximen resort space珍珠奶茶風,599815223,妤瑄,,萬華區,25.04164,121.50636,Entire home/apt,1989,3,10,2024-12-28,5.77,1,328,10,
1276699141353942786,h703/Smart TV/wifi/elevator/cold and warm/,77177354,James,,中正區,25.045079401298526,121.51109683068846,Entire home/apt,4056,3,2,2024-12-09,1.03,12,343,2,
1277178728964737553,師大明亮健康房  師大 台大   台電大樓MRT3分鐘 師大夜市5分鐘,583209168,美玉,,大安區,25.02127937088249,121.52858203477274,Private room,1100,30,1,2024-12-21,1,10,134,1,
1277339029174222630,自然風單人溫馨房（限月租）,243409180,邦德勒,,北投區,25.10796,121.51446,Private room,2000,1,0,,,4,365,0,
1277362072494235932,(B房)捷運中山站(R11)（G14)/中山商圈/捷運紅線可到淡水、士林夜市、東門、101,567202260,Albert,,大同區,25.0520605,121.5196308,Entire home/apt,2180,2,4,2024-12-15,2.67,2,50,4,
1277362118166484616,舒適書房大套房（限月租）,243409180,邦德勒,,北投區,25.10908936869823,121.51468152561644,Private room,2571,1,0,,,4,364,0,
1277380577598567917,舒適單人雅房（限月租）,243409180,邦德勒,,大安區,25.029197375968177,121.53202634601568,Private room,1669,1,0,,,4,364,0,
1277402650196332543,Ximending MRT 2mins 타이베이 시먼 딩2~4人~裝潢新~陽光電梯房~月租～簡約1,204934548,Vivian,,萬華區,25.0429491,121.5056906,Entire home/apt,2428,2,7,2024-12-23,3.50,4,333,7,
1278002684057986688,師大溫馨健康房  師大 台大 台電大樓MRT3分鐘  師大夜市5分鍾,583209168,美玉,,大安區,25.02316,121.5288,Private room,1180,30,1,2024-11-10,0.58,10,135,1,
1278110912503307938,新上架｜忠孝復興高樓景觀宅- 3房2衛,578122374,俊穎,,大安區,25.04289,121.54245,Entire home/apt,4571,2,4,2024-12-23,4,2,171,4,
1278132691104620852,備用,524596170,Xinyi,,大安區,25.03463338352324,121.54336255256966,Private room,1280,3,0,,,14,51,0,
1278293099595114271,"4 bedrooms apt. 1 min to MRT, 4 stops to Ximen",230184578,Anna,,中正區,25.01996865793585,121.52794849331012,Entire home/apt,5454,3,2,2024-12-21,2,9,173,2,
1278883296123687820,西門시먼/Ximen MRT(5min),250237099,Sally,,萬華區,25.0457803,121.5055166,Entire home/apt,2143,2,5,2024-12-09,2.94,13,312,5,
1278948297973508882,Apt&Kitchen/MRT/Ximen/TaipeiMrt,565465307,Son,,中山區,25.05049877016575,121.52693298038223,Entire home/apt,8421,3,0,,,40,365,0,
1279067055467212524,黑先生V號房 - 月租有優惠可寵物西門站4分鐘大隱於市大空間6人房,39512538,Black,,萬華區,25.03855822015567,121.50629628449678,Entire home/apt,3506,1,0,,,15,362,0,
1279204188938775874,台北京站溫馨大三房( 3bed room),99932146,Vanessa,,大同區,25.04974,121.51695,Entire home/apt,3540,2,0,,,5,120,0,
1279369054415859627,Apt&Kitchen/MRT/Ximen/TaipeiMrt/共用廚房/共用衛浴,565465307,Son,,中山區,25.053891158811155,121.52490808857033,Entire home/apt,6006,3,0,,,40,365,0,
1279694255602962513,1房1廳南京復興、忠孝復興/中崙/微風廣場/大潤發/全新電梯住宅,401786364,Yuyin,,中山區,25.04818,121.54183,Entire home/apt,2643,28,1,2024-12-30,1,5,16,1,
1280016832695596560,雙連站、寧夏夜市、赤峰街、大稻埕、迪化街，絕佳位置,9595798,Branson,,大同區,25.05777047938915,121.51773732795668,Entire home/apt,2580,2,8,2024-12-23,5.58,10,326,8,
1280033889957969166,Apt&Kitchen/MRT/Ximen/TaipeiMrt,565465307,Son,,中山區,25.061580651268834,121.52457497444757,Entire home/apt,6363,3,0,,,40,365,0,
1280206251601747952,Wen W11,201466965,慧雯,,大安區,25.04210495624953,121.55343912541866,Entire home/apt,6397,5,4,2024-12-19,2.67,5,319,4,
1280240871182205326,福懋雅房33，月租，交通無敵方便，生活機能超強，清潔需額外加收清潔,489403010,宥瑩,,中正區,25.028958846743055,121.51747099772007,Private room,380,30,0,,,15,280,0,
1280303322657036659,"COZY Loft Serviced Apt gym/pool@MRTDa An,Big park",282776288,Jenny,,大安區,25.036436090651016,121.54601560168614,Entire home/apt,2202,29,1,2024-11-17,0.67,10,270,1,
1280338520170726383,시먼딩/MRT Ximen 3min/2-4人房/WiFi/獨立陽台/洗衣機/heating,103961092,Eli,,萬華區,25.04383,121.50404,Entire home/apt,3047,3,2,2024-11-21,1.36,6,116,2,
1280764679288456826,鄰近捷運的精緻閣樓套房,425657747,建業,,內湖區,25.08781,121.56764,Entire home/apt,1419,1,13,2024-12-28,7.36,1,36,13,
1280932457974982240,木柵溫暖的家（2房）2樓公寓,10024504,Yi-Hsin,,文山區,24.990796273105282,121.5665552722583,Entire home/apt,3657,2,0,,,3,359,0,
1280938305879535996,木柵溫暖的家（1房）2樓公寓,10024504,Yi-Hsin,,文山區,24.99,121.5665,Entire home/apt,2314,3,0,,,3,358,0,
1280959051953766427,Taipei center Xinyi/101 view/5min MRT/5minTo 101,533627933,靜芸,,信義區,25.03325,121.55921,Entire home/apt,3143,1,0,,,10,158,0,
1280961946983051860,7B/電梯/捷運西門站走路6分鐘/獨立衛浴/55吋數位電視/採光對外窗,32087395,Hsuan,,萬華區,25.04532534038216,121.50291878063713,Entire home/apt,1411,2,4,2024-12-09,2.35,1,157,4,
1281076991349939618,[月租NJB]北門捷運站7分鐘/電梯大樓/迪化街/寧夏夜市/月老廟,291283304,Naomi,,大同區,25.05179,121.51286,Entire home/apt,1800,2,5,2024-12-14,2.88,31,60,5,
1281093493749313614,[月租NJA]北門捷運站7分鐘/電梯大樓/迪化街/寧夏夜市/月老廟,291283304,Naomi,,大同區,25.05358,121.5112,Entire home/apt,1457,2,7,2024-12-21,4.04,31,58,7,
1281589066192021958,台北雙連民權西路捷運 溫馨雙人套房 獨立衛浴 可機場接送 旅遊服務 近赤峰街 寧夏夜市 馬偕醫院,507929074,羽弦,,中山區,25.059020399691704,121.52209609771595,Entire home/apt,1531,31,0,,,11,158,0,
1281622689314042427,MRT Sunyatsen Single Bedroom D,8963296,金雲(Heather),,大安區,25.042199182890037,121.5540032309203,Private room,825,20,0,,,8,346,0,
1281870261689359343,南港小單人房,56532738,Jesse,,南港區,25.04620369295805,121.5871700619503,Private room,560,30,0,,,11,211,0,
1282209269428616010,永康商圈/金華街/東門站/電梯大樓三房大客廳廚房,659735367,Po,,中正區,25.03631809380755,121.53008273040209,Entire home/apt,5800,5,2,2024-12-15,1.58,1,336,2,
1282247791034442802,Halo/西門町/捷運台北車站/機場捷運/大稻埕/寧夏夜市/3F,515318392,國智,,大同區,25.04951,121.5157,Entire home/apt,2709,3,2,2024-12-17,2,10,165,2,
1282271837480943248,Veil/大稻埕/台北車站/北門站/西門町/寧夏夜市/1F,515318392,國智,,大同區,25.0492,121.51544,Entire home/apt,3256,3,3,2024-12-31,3,10,143,3,
1282299413835315042,(A房)捷運中山站(R11)（G14)/中山商圈/捷運可到西門、淡水、士林夜市、東門、101,567202260,Albert,,大同區,25.0520689,121.519813,Entire home/apt,,3,7,2024-12-29,5.38,2,97,7,
1282340218634367672,Breeze Center/24hr Concierge/Personal Butler/Park,298910458,Ariel,,松山區,25.04818,121.54608,Entire home/apt,2109,20,1,2024-12-24,1,25,337,1,
1282403514049723610,Donki 3 mints@Ximending(2-6pax),89010268,Silvia,,萬華區,25.04423,121.50534,Entire home/apt,4171,2,1,2024-12-09,1,7,33,1,
1282459711240700518,西門町舒適六人房 Ximending 6-person room,170273202,Star,,中正區,25.04502660468463,121.51091744901981,Entire home/apt,4207,2,1,2024-12-15,1,30,72,1,
1282493663394214820,Cozy 3BR Home in Central Taipei | Work/Study | MRT,172285374,David,,中正區,25.02294,121.52363,Entire home/apt,6201,25,0,,,9,121,0,
1282587458691181041,魅力中山捷運電梯套房：西門町步行街｜中山購物樂園｜雙捷運交通便捷｜中山北路獨享綠意｜台北夢幻住宿,565465307,Son,,中山區,25.05586848531239,121.52539039654799,Entire home/apt,6325,3,0,,,40,365,0,
1282592068959255561,【New】R國賓飯店｜商務套房｜近西門｜中山市集｜高爾夫球道｜電梯｜洗脫烘｜台北第二個家｜友善外國人,490134486,Hung Chih,,中山區,25.05583,121.52527,Entire home/apt,5990,3,1,2024-12-31,1,41,365,1,
1282599272066701019,【New】S國賓飯店｜商務套房｜近西門｜中山市集｜高爾夫球道｜電梯｜洗脫烘｜台北第二個家｜友善外國人,490134486,Hung Chih,,中山區,25.057935869132987,121.52555161317913,Entire home/apt,5999,3,0,,,41,364,0,
1282943946113698629,Private hotel 大直雙捷運面山景四通八達，樓下全聯,226810981,Moca,,中山區,25.08525,121.55029,Entire home/apt,,1,10,2024-12-10,5.66,1,0,10,
1283078226201736395,接機優惠Dec hot sale/Unwind in Zhongxiao Fuxing 1min,485262233,Lambert,,大安區,25.04381,121.54344,Entire home/apt,2990,2,5,2024-12-31,2.68,17,337,5,
1283082445875986112,[Digital Nomad]沙發床/私人空間/工作桌/高速網路,33878491,Maurice,,中山區,25.050031242241772,121.53960689146791,Private room,759,1,0,,,11,328,0,
1283158349478280587,"@Gu頂級裝璜-設計師之家 MRT走路3分鐘
近大巨蛋",22840761,Kikina,,信義區,25.04269,121.55796,Private room,1787,4,2,2024-12-22,2,21,177,2,
1283199935318856534,北門站悠淺四人房Beimen Quadruple Room,170273202,Star,,大同區,25.04991,121.5126,Entire home/apt,2347,2,4,2024-12-17,2.35,30,88,4,
1283246351761778434,火車站捷運站走一分鐘/高速WiFi洗衣機/限月租/台北101百貨/饒河夜市/獨立衛浴/河濱運動公園,28596044,Momo,,松山區,25.05,121.57427,Entire home/apt,1073,30,1,2024-11-17,0.67,13,359,1,
1283274447333991831,(芬305)中山商圈/獨立洗衣機/MRT捷運/溫馨套房/公園/便利/商務洽公/學生/旅遊,520782737,依蓓,,中山區,25.06161806877558,121.52384435149459,Entire home/apt,3929,28,0,,,31,365,0,
1283312924737382135,BigPromo Spacious apt ZhongshanMRT*Ximen,565465307,Son,,中山區,25.05581245619982,121.52569017700168,Entire home/apt,4899,3,0,,,40,365,0,
1283318578659923823,現代化與時尚風格 #近捷運忠孝敦化站,573468805,Cynthia,,松山區,25.0445796351179,121.55289272259184,Entire home/apt,3454,2,5,2024-12-26,2.73,12,166,5,
1283339744685266611,Glittering Smiley Inn Ximen,67202633,Smiley Inn,,萬華區,25.041852369976148,121.50644927132338,Entire home/apt,1786,1,9,2024-12-31,5.74,25,84,9,
1283833246546312654,Meaw for traveler / 203 / monthly rental / 位於市中心,289060981,Yuwen,,大同區,25.04991078531144,121.51944470845946,Private room,2449,3,4,2024-12-26,3.24,14,318,4,
1283884579590832238,西門市中心！新裝潢兩房有電梯！,12596582,Tzuling,,萬華區,25.04298,121.50422,Entire home/apt,,5,0,,,3,356,0,
1284024095096161054,Taipei A2 new / Ximending /Red House/101 / 1-5 pax,221534550,Anne,,萬華區,25.045287071465214,121.50662187816003,Entire home/apt,,2,0,,,48,88,0,
1284204885773416338,D apt . DUMO. /雙層獨享/台北車站/頂級衛浴3/泡澡浴缸/景觀陽台/3F+5F,367454319,Claire,,大同區,25.049344390147535,121.51527763771823,Entire home/apt,8916,1,0,,,9,141,0,
1284270613794829961,寵物友愛，性別友愛,449732607,霆瑋,,信義區,25.02113,121.57396,Private room,850,1,2,2024-12-15,1.33,1,259,2,
1284438854501934963,Cozy 2 Floor Zhongshan Apt -MRT,286001226,Stephanie,,中山區,25.06342,121.52861,Entire home/apt,1643,4,1,2024-12-18,1,1,318,1,
1284620702404222137,西門町標準四人房 Ximending Quad Room,170273202,Star,,萬華區,25.044838545386625,121.50455140464837,Entire home/apt,1784,2,3,2024-12-15,3,30,80,3,
1285078355847314991,台北文山 Co-living space,32658574,Shan,,文山區,25.00253109573223,121.54512632450947,Private room,944,14,0,,,4,132,0,
1285287817509016172,Dec hot sale/Have the warmth of home鄰近夜市/科技大樓500m,12812606,Simon,,大安區,25.02492795610672,121.5377393343127,Entire home/apt,5085,2,8,2024-12-25,4.62,15,358,8,
1285288424991855597,Xinyi Dist101#6ppl三房二衛浴電梯公寓#四四南村,30943553,凱文,,信義區,25.02874,121.5637,Entire home/apt,4814,2,3,2024-12-15,2.09,7,96,3,
1285347335375554322,鄰近雙捷運  月租雙人套房 獨立衛浴 提供機場接送旅遊規劃服務 近赤峰街 寧夏夜市 馬偕醫院 西門町,507929074,羽弦,,中山區,25.059203810638532,121.52260262662084,Entire home/apt,1203,31,0,,,11,126,0,
1285480213816587111,鄰近雙捷運  月租雙人套房 獨立衛浴 提供機場接送旅遊規劃服務 近赤峰街 寧夏夜市 馬偕醫院 西門町,507929074,羽弦,,中山區,25.059223325202037,121.52274867617072,Entire home/apt,1143,30,0,,,11,162,0,
1285598926023497235,Ximending𓇬AQ7𓇬Taipei 101𓇬住1-2人 MRT 西門站,115798819,Airbnb,,萬華區,25.04586353766623,121.50635733714302,Private room,1655,3,0,,,68,91,0,
1285882164971340178,Bright & Breezy Suite(S1-2),507753881,Chloe,,大安區,25.0305711,121.5277226,Entire home/apt,2142,1,8,2024-12-30,5.45,31,83,8,
1285946149803027689,apt Taipei 7min to 101,75318549,Charly,,信義區,25.03618,121.56021,Entire home/apt,2171,2,6,2024-12-29,4.00,9,86,6,
1286040379038339366,Wen W22,201466965,慧雯,,大安區,25.042019989937625,121.55489644088615,Entire home/apt,5657,4,4,2024-12-28,3.64,5,357,4,
1286223631484119026,捷運 • 師大美寓 Shida Apartment (限年/月租),661307165,洳萱,,中正區,25.02002,121.5259,Entire home/apt,2680,30,0,,,1,348,0,
1286241676188470095,一大房一廳+衛浴,509831065,景琇,,大同區,25.07290318364278,121.51131335645914,Entire home/apt,1120,30,0,,,2,254,0,
1286288214624620020,Ximending𓇬BQ7𓇬Taipei 101𓇬住1-2人 MRT 西門站,115798819,Airbnb,,萬華區,25.0466620041816,121.5065868176653,Private room,1357,3,0,,,68,89,0,
1286738922523763987,Room in downtown Taipei,38348636,Chieh Yu,,松山區,25.05992,121.54421,Private room,951,1,10,2024-12-25,7.14,1,72,10,
1286752169765417934,台北車站/自助入住/行李儲藏間/走路5分鐘/一樓/對外窗/更衣間,26882178,Robert,,大同區,25.05099,121.5168,Entire home/apt,2325,3,5,2024-12-19,4.29,2,176,5,
1286791076283341283,Sparrowing Smiley Inn Ximen,67202633,Smiley Inn,,萬華區,25.044095753240335,121.50495085775673,Entire home/apt,1438,1,7,2024-12-16,4.47,25,71,7,
1286938882612178483,Cosy Classy Xinyi Apartment,1474323,Ken,,信義區,25.03146,121.57693,Entire home/apt,3106,1,9,2024-12-13,5.87,15,285,9,
1287390568641276957,Wen W21,201466965,慧雯,,大安區,25.0408664,121.5551283,Entire home/apt,5222,4,1,2024-12-27,1,5,346,1,
1287485454406401940,MRT shifu*5min#6ppl三房二廳二衛電梯公寓101,30943553,凱文,,信義區,25.043466092219024,121.56471039281861,Entire home/apt,5057,2,5,2024-12-22,3.49,7,35,5,
1287518447497602424,Xinyi101*MRT Shifu5min電梯四房二廳二衛浴,30943553,凱文,,信義區,25.041222678763223,121.56393977699189,Entire home/apt,4500,2,4,2024-12-15,2.67,7,36,4,
1287661290408445189,Daan Xinyi101#5ppl#電梯三房二廳二衛#臨江夜市,30943553,凱文,,大安區,25.03173816619076,121.5560404235155,Entire home/apt,5057,2,7,2024-12-24,5.12,7,33,7,
1287690851746398758,Daan MRT Guting#4ppl三房二廳二衛浴#師大夜市,30943553,凱文,,大安區,25.026831665371926,121.5234090715163,Entire home/apt,5057,2,6,2024-12-28,3.91,7,35,6,
1288041649686635732,英倫風精品小豪宅,244690808,Jane,,中山區,25.062179564734873,121.52781609596185,Entire home/apt,7429,1,1,2024-11-17,0.67,1,362,1,
1288088167347621355,Bright & Breezy Suite(S1-1),507753881,Chloe,,大安區,25.02967,121.52851,Private room,,1,4,2024-12-28,2.40,31,264,4,
1288159116655209650,林森商圈/電梯溫馨小窩/月租型至少30晚,137091711,亭碩,,中山區,25.055277222544174,121.52780752176594,Entire home/apt,1029,30,1,2024-12-18,1,1,181,1,
1288238263602593992,One >Two Smiley Inn Ximen,67202633,Smiley Inn,,萬華區,25.042222001588062,121.5047610796266,Entire home/apt,1714,1,3,2024-12-15,2.31,25,87,3,
1288302441987346982,FG Apt w/ lift near Ximen MRT 西門町 近西門地鐵站 獨立浴室,79915350,Paradise Taipei,,萬華區,25.042407336108667,121.50434148599474,Entire home/apt,2214,3,0,,,29,174,0,
1288325038298873228,@XS3B熱情西門/西門MRT走路2min/台北車站[2-4人房,22840761,Kikina,,萬華區,25.040709024741425,121.50729567169806,Private room,1243,2,0,,,21,87,0,
1288404088038803742,台北車站附近的便宜屋,105520985,旅屋,,大同區,25.0521,121.51319,Entire home/apt,1529,2,2,2024-12-13,2,1,102,2,
1288522737118758333,Cozy Space Z77𓇬Taipei 101𓇬5站MRT 西門站𓇬4站台北站𓇬4房住2-7人,115798819,Airbnb,,中山區,25.066460558814764,121.53250724915604,Entire home/apt,2619,3,0,,,68,77,0,
1288796384834903277,"JC Serviced Apt-Big 2BR loft Apt@DaAnPark,Yongkang",282776288,Jenny,,大安區,25.02975,121.5264,Entire home/apt,3126,29,0,,,10,161,0,
1288827888037181198,台北大巨蛋家庭六人房 B 捷運國父紀念館站3分鐘,346656524,Ola,,大安區,25.04133105770407,121.55625267411864,Entire home/apt,6515,4,0,,,21,356,0,
1288837737488371730,台北萬華區優質獨立空間出租，可一個人住，可二個人住,511292507,俊良,,萬華區,25.03492747087383,121.49962562082308,Private room,1157,1,8,2024-12-30,5.33,1,152,8,
1288850378490590728,*Room  B+D+E｜5床3衛｜落地窗陽台｜電梯大樓｜中山捷運站｜中山商圈 | 5-8P,546896578,Noel,,中山區,25.052155371904906,121.52406029328557,Entire home/apt,6343,1,0,,,15,181,0,
1288907847614876826,電梯公寓3分鐘到台北101/MRT/世貿中心/夜市/大巨蛋/信義商圈/國父紀念館,46038992,Christina,,信義區,25.03413750789517,121.55974191012153,Entire home/apt,3557,2,2,2024-12-04,1.67,1,174,2,
1288927654377593877,七海寓所No.1-1:兩房一廳<最多可六個人入住>,71237861,Yeh,,萬華區,25.04156,121.50745,Entire home/apt,2500,2,1,2024-12-17,1,4,66,1,
1288929969680837008,鄰近雙捷運  月租雙人套房 獨立衛浴 提供機場接送旅遊規劃服務 近赤峰街 寧夏夜市 馬偕醫院 西門町,507929074,羽弦,,中山區,25.058991790999343,121.52100165073792,Private room,,31,0,,,11,112,0,
1288981880726722596,鄰近雙捷運  月租雙人套房 獨立衛浴 提供機場接送旅遊規劃服務 近赤峰街 寧夏夜市 馬偕醫院 西門町,507929074,羽弦,,大同區,25.05953,121.52079,Private room,1246,31,0,,,11,180,0,
1289161615658913537,Arena MRT 1F 西門町/饒河夜市/4房間2廁所/14P機場接送,518235935,Coho,,松山區,25.05056,121.55534,Entire home/apt,5442,1,3,2024-12-21,2.43,6,335,3,
1289789385303706769,鄰近雙捷運  月租雙人套房 獨立衛浴 提供機場接送旅遊規劃服務 近赤峰街 寧夏夜市 馬偕醫院 西門町,507929074,羽弦,,中山區,25.059573017468168,121.52262151173089,Private room,1114,31,0,,,11,330,0,
1289806004420249152,HL【三房兩衛】一層兩戶/永春捷運步行3分/客廳雙面採光/全套廚房/大陽台/免追垃圾車/精品雙衛,576044022,Bi Qiong,,信義區,25.041869412376972,121.5743462741375,Entire home/apt,5357,4,1,2024-12-14,1,24,176,1,
1290161378401102461,"乾淨明亮套房月租需簽核約，月租14500
水電用量少可幫繳",572919835,Quanyu,,萬華區,25.02952,121.49436,Entire home/apt,440,30,0,,,1,365,0,
1290244988649645243,捷運8分鐘 都市溫馨兩房 可睡四人近小巨蛋、大巨蛋、信義區 全新傢俱,346656524,Ola,,松山區,25.04742,121.56058,Entire home/apt,3876,4,0,,,21,261,0,
1290273275506496482,台北車站旁隱密獨棟小屋，寧夏夜市、赤峰街、迪化街、大稻埕,9595798,Branson,,大同區,25.049870672872963,121.51367536761985,Entire home/apt,,2,4,2024-12-28,3.08,10,0,4,
1290286014640738380,華陰街舒適憩所CozyNest at Huayin Street,662259809,翌昕,,大同區,25.05131,121.5149,Private room,986,1,9,2024-12-31,6.28,1,334,9,
1290302832835419572,MRT Xinyi Anhe Sinngle Bedroom D,8963296,金雲(Heather),,大安區,25.03348,121.55209,Private room,916,20,0,,,8,305,0,
1290333261600484954,鄰近雙捷運  月租雙人套房 獨立衛浴 提供機場接送旅遊規劃服務 近赤峰街 寧夏夜市 馬偕醫院 西門町,507929074,羽弦,,中山區,25.06104,121.5211,Private room,,31,0,,,11,29,0,
1290347400040939290,鄰近雙捷運  月租雙人套房 獨立衛浴 提供機場接送旅遊規劃服務 近赤峰街 寧夏夜市 馬偕醫院 西門町,507929074,羽弦,,中山區,25.061002031046495,121.52092580208677,Private room,869,31,0,,,11,305,0,
1290392999422553726,MRT Xinyi Anhe Double Bedroom A,8963296,金雲(Heather),,大安區,25.03376,121.55112,Private room,1043,10,0,,,8,362,0,
1290516641690030677,MRT Xinyi Anhe Single Bedroom B,8963296,金雲(Heather),,大安區,25.03443,121.54996,Private room,740,28,0,,,8,360,0,
1290599086849757169,粉圓之家（11）西門地鐵站6號出口步行3分鐘,126937378,Cheng,,萬華區,25.044001613079907,121.50771953165531,Entire home/apt,3033,2,3,2024-12-26,3,1,169,3,
1290679178260833155,歐風古典闔家房：我們在彩虹谷的家#2、工作假期/攝影/婚房/環教,9675875,Lucy,,士林區,25.138260991306502,121.54339683015631,Private room,6600,1,0,,,8,364,0,
1291010669503370667,《無印》公寓｜台北車站MRT5分鐘｜3F無電梯｜京站｜中山誠品｜微風｜,44348358,Runji,,中山區,25.048085582973602,121.5224954431311,Entire home/apt,4643,3,0,,,4,254,0,
1291029610398215864,鄰近雙捷運  月租雙人套房 獨立衛浴 提供機場接送旅遊規劃服務 近赤峰街 寧夏夜市 馬偕醫院 西門町,507929074,羽弦,,中山區,25.05951,121.52253,Private room,1017,31,0,,,11,321,0,
1291251024319177084,鄰近雙捷運  月租雙人套房 獨立衛浴 提供機場接送旅遊規劃服務 近赤峰街 寧夏夜市 馬偕醫院 西門町,507929074,羽弦,,中山區,25.05897,121.52108,Private room,1093,31,0,,,11,126,0,
1291282623781125180,鄰近雙捷運  月租雙人套房 獨立衛浴 提供機場接送旅遊規劃服務 近赤峰街 寧夏夜市 馬偕醫院 西門町,507929074,羽弦,,中山區,25.06111,121.52259,Private room,974,31,0,,,11,139,0,
1291286443592678958,【星辰夢境】Ximen MRT walk 3min#kingsize#嬰兒床#西門町#饒河夜市#九份,114443190,Woo Bin,,萬華區,25.04078,121.50688,Entire home/apt,1664,2,1,2024-12-20,1,15,334,1,
1291544378117001784,San Souci @ Taipei,1365079,Patrick,,中正區,25.03879,121.52156,Entire home/apt,3286,3,0,,,1,351,0,
1291879099142992238,Apt E. Welcome Taipei long stay 3 mins MRT 月租6-8折,216819425,Vivi,,大安區,25.043019303941886,121.55179565242098,Entire home/apt,10218,2,1,2024-12-22,1,6,338,1,
1291896999246204462,5min六張犁站/10min Taipei101（2-4人）,662585924,Hua,,大安區,25.02162,121.55033,Entire home/apt,1646,5,1,2024-11-23,0.77,1,80,1,
1291993578855502479,2mins古亭站全新美式古典風二房一廳/師大永康商圈/中正紀念堂,401786364,Yuyin,,中正區,25.02819,121.51878,Entire home/apt,,28,0,,,5,80,0,
1292030613036926438,2mins古亭站/全新美式古典二房一廳師大永康商圈/中正紀念堂,401786364,Yuyin,,中正區,25.028652688035468,121.5188517413358,Entire home/apt,2697,28,2,2024-12-31,2,5,72,2,
1292338031564436160,【暖木初光-Ximen】MRT walk 3min#kingsize#嬰兒床#西門町#饒河夜市#九份,519503098,Dotinn,,萬華區,25.041922618950736,121.50788278434577,Entire home/apt,1664,2,3,2024-12-27,3,4,335,3,
1292408143687836594,Stylish 1B1b Taipei Main Station,268135087,Richard,,大同區,25.04881,121.51852,Entire home/apt,6398,1,4,2024-12-28,4,14,363,4,
1292469147299043011,南京三民8分鐘 雙人大空間 公寓2樓 有陽台 大巨蛋、小巨蛋 信義區,346656524,Ola,,松山區,25.048278097443447,121.55880809923868,Entire home/apt,3731,5,1,2024-11-29,0.91,21,267,1,
1292640160741125372,#R2b必比登美食/松山MRT/饒河夜市/小巨蛋/直達車到九份,231537618,Ting Ting,,松山區,25.04978,121.57874,Entire home/apt,2357,30,0,,,10,149,0,
1292703474953031747,台北大巨蛋 六人家庭房 101 東區 國父紀念館站三分鐘 A,346656524,Ola,,大安區,25.0399801594363,121.55423003829327,Entire home/apt,5625,4,1,2024-12-10,1,21,177,1,
1293310078484170062,西門町馨晴三人房 Ximending triple room,170273202,Star,,萬華區,25.043437,121.5080366,Entire home/apt,2039,2,1,2024-12-15,1,30,44,1,
1293592656090355162,中山區  Black House 捷運3號出口,28402175,Somer,,中山區,25.0538,121.52197,Entire home/apt,2716,3,3,2024-12-25,3,11,145,3,
1293621065650745751,Xinyi Affordable Luxury Stay,10378619,Xumu,,大安區,25.04254,121.53933,Shared room,3440,2,0,,,9,365,0,
1294086151939705635,西門商圈8007/捷運西門站步行5分鐘/附設洗衣機/大空間4人房,508233574,詩純,,萬華區,25.0447933,121.5061696,Entire home/apt,2888,2,2,2024-12-26,2,26,359,2,
1294531324622021620,台北市中心飯店式時尚寓所｜中山北路｜中山商圈｜民權西路站1分鐘,14475460,Rebecca,,中山區,25.0636172,121.520743,Entire home/apt,2278,5,3,2024-12-28,3,4,35,3,
1294722218602508356,Executive Room,507753881,Chloe,,大安區,25.029649544653505,121.52739944523773,Private room,4134,1,4,2024-12-30,4,31,180,4,
1294728703175931663,信義計畫區101高級住宅區 優質住家,146254191,Joseph & Elva,,信義區,25.03361068538968,121.57265150328102,Entire home/apt,5085,30,0,,,30,365,0,
1294756378321871555,北門六人房 MRT BeiMen six-person room,170273202,Star,,大同區,25.0509237,121.5121264,Entire home/apt,4982,2,2,2024-12-19,2,30,62,2,
1294850334060957620,80坪溫馨簡約大空間/GF+B1 雙層獨享全新裝修/可住14人,573468805,Cynthia,,大安區,25.02690505318801,121.55228346426378,Entire home/apt,4726,2,3,2024-12-26,2.31,12,166,3,
1294879243091183285,3BD in Central Taipei with Elevator near MRT ｜JK3,242730194,Kolette,,松山區,25.051266038299723,121.55279353288017,Entire home/apt,4914,30,2,2024-12-25,1.87,67,102,2,
1294880042809996900,劍潭MRT · 現代時尚3房寓所,290353154,Robin,,士林區,25.081185405199296,121.5210714430521,Entire home/apt,6571,1,5,2024-12-29,4.05,1,347,5,
1294952969017536068,THEK4/彩虹天空/捷運西門町站走路3分鐘/洗脫烘衣機/電梯/夜市/住1-4人,591879558,Yin Chieh,,萬華區,25.041458919319776,121.50666265424628,Entire home/apt,2228,2,1,2024-12-22,1,18,173,1,
1294998922145847658,師範大學同安套房,539795653,振聲,,中正區,25.0221182,121.5209624,Entire home/apt,1100,90,0,,,17,365,0,
1295003823403209944,師範大學廈門青年套房12,539795653,振聲,,中正區,25.023075249278367,121.51645286704633,Entire home/apt,1100,90,0,,,17,365,0,
1295289737461608863,電梯2房西門町6號出口步行600公尺,172505078,Vic,,萬華區,25.046511839379487,121.5056213,Entire home/apt,3357,2,1,2024-12-06,1,1,80,1,
1295995899777843145,L3/6人房/3房2廳2衛/MRT中山國中5分鐘/上引水產/松山機場/榮新花園,377191728,Kel,,中山區,25.062988110948456,121.53893132439991,Entire home/apt,3874,2,0,,,13,176,0,
1296047104312036642,Bright & Breezy Suite(S1-3),507753881,Chloe,,大安區,25.0301,121.52677,Private room,2367,1,3,2024-12-21,3,31,88,3,
1296062124668946011,Bright & Breezy Suite(S1-4),507753881,Chloe,,大安區,25.02977612166674,121.5266926691805,Private room,2423,1,4,2024-12-21,4,31,89,4,
1296073120306973976,Bright & Breezy Suite(S1-5),507753881,Chloe,,大安區,25.03144,121.5266,Private room,,1,5,2024-12-28,5,31,178,5,
1296083237179552675,Bright & Breezy Suite(S1-6),507753881,Chloe,,大安區,25.030149048818068,121.52659494876653,Private room,2325,1,2,2024-12-15,2,31,177,2,
1296128178645258928,[2 double bed ]Bright & Breezy Suite (S2-3),507753881,Chloe,,大安區,25.0296665259302,121.52850812073808,Private room,3750,1,4,2024-12-25,4,31,88,4,
1296275364094961578,New Spacious 250 SM Apartment kids freindly,4002138,Jl,,中山區,25.0620869,121.5301264,Entire home/apt,5357,2,1,2024-12-30,1,2,356,1,
1296294207567111798,Luxury31𓇬Taipei 101𓇬Ximen 6站西門站𓇬5站台北站𓇬2房住2-5人𓇬全新裝修,115798819,Airbnb,,松山區,25.05165,121.56947,Entire home/apt,2190,3,1,2024-12-15,1,68,87,1,
1296295831321479206,MRT 30 sec| cozy and bright room | 101 wking dtnce,11900445,Ting,,大安區,25.03386,121.55497,Entire home/apt,4800,5,2,2024-12-23,2,1,355,2,
1296310330698823460,1 นาทีถึงสถานีรถไฟฟ้า MRT วัดหลงซาน,584797539,Piyatida,,萬華區,25.03695,121.4989,Private room,1042,1,2,2024-12-28,2,3,77,2,
1296368375728061085,台北 西門町 電梯大樓2個房間 2～4人（西門捷運站5分鐘/夜市/百貨商圈/獨立洗衣機/廚房/陽台),540100951,James,,萬華區,25.04642789063632,121.50667545263082,Entire home/apt,2500,2,1,2024-12-09,1,14,360,1,
1296395682465400083,師大雅緻健康房 NTNU  師大夜市 台電大樓MRT  NTU 公館,583209168,美玉,,大安區,25.02226229760795,121.52841742843934,Private room,1020,30,0,,,10,147,0,
1296405023491979795,Apt F. 尋找月租客戶5-8折,216819425,Vivi,,大安區,25.0442,121.55353,Entire home/apt,,28,1,2024-12-15,1,6,363,1,
1296879775501038504,[2 double bed ]Bright & Breezy Suite (S2-4),507753881,Chloe,,大安區,25.03155,121.52662,Private room,3567,1,2,2024-12-15,2,31,88,2,
1296889921323398826,[2 double bed ]Bright & Breezy Suite (S2-5),507753881,Chloe,,大安區,25.0317,121.52859,Private room,3656,1,3,2024-12-30,3,31,87,3,
1297046042519534962,Mood沐色公寓-在地美食巷弄/大安森林公園/獨享放鬆空間/近師大夜市/台電大樓站/2- 6pax,143505240,Ryan,,大安區,25.023681347829445,121.53096175931923,Entire home/apt,3800,2,1,2024-12-23,1,2,343,1,
1297500109960701912,1月年節優惠｜鬧中寧靜 ｜捷運大安站 ｜正4房2衛浴｜ 寬敞10位｜臨江夜市｜7-11 /5分钟,516588424,Amy,,大安區,25.02842559434395,121.5413057841658,Entire home/apt,4889,2,3,2024-12-24,3,5,155,3,
1297828692765091206,馬卡巴卡,663926133,政霖,,中正區,25.01578216066733,121.52557927663824,Private room,24000,1,0,,,1,365,0,
1297846791756091505,【士林捷運站3min】-獨棟1樓-士林夜市商圈#美食#西門町#台北車站#陽明山#故宮博物院#淡水老街,513269635,張,,士林區,25.0910232,121.5262617,Entire home/apt,1751,2,0,,,2,261,0,
1298017001229443560,Divine.apt｜2 rooms with living room & kitchen,60737664,Bingo,,大安區,25.04052,121.5548,Entire home/apt,3029,3,0,,,7,180,0,
1298222669407417094,採光明亮擁有高樓層景觀的溫馨小公寓。西門捷運站5分鐘BL-11,158945627,Ivory,,萬華區,25.04112517019247,121.50623007619294,Entire home/apt,3633,20,0,,,15,281,0,
1298288416187712217,西門町51雙人房 Ximending Double room,122764186,Kyo,,萬華區,25.0452611,121.5076289,Entire home/apt,2086,2,0,,,86,75,0,
1298307066626178014,What it’s mean I didn’t follow,319442480,Jiarung,,大安區,25.039049707683482,121.5457271039486,Entire home/apt,1191,7,0,,,1,358,0,
1298315985698039831,西門町62雙人房 Ximending Double room,122764186,Kyo,,萬華區,25.04526,121.50763,Entire home/apt,2011,2,0,,,86,82,0,
1298379227769459965,MRT西門町捷運站，寧靜優雅樓下有超商美食餐廳 兩分鐘到西門商圈非常方便 7,148014744,Liu,,萬華區,25.04418,121.50227,Entire home/apt,2386,3,0,,,4,165,0,
1298512005170804339,台北 西門町（4～8人房）整層大空間/美食商圈/廚房/洗衣機/超大採光窗戶/鄰近超市、商圈、夜市,557550864,Oscar,,萬華區,25.04076,121.50515,Entire home/apt,3235,2,4,2024-12-30,4,5,308,4,
1298513975769076438,Hotel YOLO 永生旅店,16617099,Shih Hsiung,,大安區,25.03402,121.53586,Entire home/apt,12000,1,0,,,1,365,0,
1298593464885841071,Loving Me Smiley Inn Ximen,67202633,Smiley Inn,,萬華區,25.042060293049566,121.50634754794574,Entire home/apt,1500,1,3,2024-12-22,3,25,90,3,
1298616928809695218,@Dd-大安mrt 走路3分鐘 1F/ 101/永康商圈/臨江夜市,524596170,Xinyi,,大安區,25.03462742882693,121.54501663115816,Private room,1420,3,1,2024-12-04,1,14,178,1,
1298980942073464483,夜曲 apt x Gym｜台北101｜夜市 ｜捷運｜空中花園 BBQ ｜Best view,357062477,天恩,,信義區,25.03004,121.55856,Entire home/apt,4200,15,0,,,29,365,0,
1298986392475194046,Cozy and Comfy Studio Xinyi Taipei B YongChun MRT,576044022,Bi Qiong,,信義區,25.03467,121.5765,Private room,1054,3,1,2024-12-15,1,24,361,1,
1298994277639837973,北投咖啡渡假樂活小屋,659168919,羽穠,,北投區,25.1225621,121.4712493,Private room,2205,1,1,2024-12-08,1,2,364,1,
1299030866718369998,Owl apt + pro gym｜捷運10秒鐘 ｜最方便地點,357062477,天恩,,大安區,25.03225,121.54463,Entire home/apt,4200,20,0,,,29,365,0,
1299118783264665630,"Taipei 101 北醫TMU 三房一廳一衛
( 月租型需簽約 )",24963020,Edward,,信義區,25.026163685986962,121.56566972520193,Entire home/apt,3771,2,1,2024-12-30,1,1,16,1,
1299145785086867408,萬華商圈溫馨寬敞房,454393245,Anlie,,萬華區,25.02294,121.49312,Entire home/apt,2400,5,0,,,2,89,0,
1299210755009588565,台北車站前６-9人房FOREST/寵物友善/獨立浴室/KTV免費,24501553,Joe,,中正區,25.04600574829294,121.51488578010381,Entire home/apt,2914,1,3,2024-12-16,3,8,347,3,
1299229182025879019,天母 甲桂林山莊｜拾願,367645902,Min,,北投區,25.12913,121.53107,Entire home/apt,3457,1,0,,,1,88,0,
1299650758923042322,西門捷運 1號出口2分鐘White House,105890527,Alan,,萬華區,25.040777,121.506884,Entire home/apt,1214,3,0,,,16,161,0,
1299748998713393114,大隱於市 - 白鹿零貳 - 西門捷運站一分鐘 Ximen MRT,8937651,Chiying,,萬華區,25.04457885385338,121.50829217224717,Entire home/apt,1571,3,0,,,17,52,0,
1299767755921401636,大隱於市 - 桃參 - 西門町捷運站 Ximen MRT,8937651,Chiying,,中正區,25.04212,121.51164,Entire home/apt,3223,3,0,,,17,53,0,
1299778975984272584,1月訂房4日送機｜乾凈寬敞｜3房2衛｜市中心8人｜臨江夜市｜信義安和站5分鐘（有電梯）,543036478,Emily,,大安區,25.0320603,121.5565184,Entire home/apt,5393,2,3,2024-12-18,3,4,161,3,
1300009050273624568,Perfect for Families/2-9ppl/Xinyi/Yong Chun MRT,576044022,Bi Qiong,,信義區,25.03678,121.57628,Entire home/apt,3800,3,0,,,24,172,0,
1300113681271216955,KM11-1/一樓免爬梯採光大套房/高速網路/西門MRT400M/有廚房/洗脫烘衣機/限月租/,248559596,Jason,,萬華區,25.0418,121.50517,Entire home/apt,1366,20,5,2024-12-09,5,4,317,5,
1300114733694076182,THQM312/鄉村度假/101跨年/西門町捷運站走路5分鐘/電梯/夜市/住1-10人,591879558,Yin Chieh,,萬華區,25.04163,121.50444,Entire home/apt,,2,0,,,18,161,0,
1300381633738689877,XL102/萬隆捷運站/台大公館商圈/寶藏巖/木柵動物園/1樓/西門町/台灣大學/公館創意跳蚤市集,328934808,楷文,,文山區,25.003368660834187,121.54249105690344,Entire home/apt,2251,4,0,,,37,33,0,
1300407497593150742,近南港展覽館独立套房 走至東湖捷運站只需1分鐘,28610875,Ling,,內湖區,25.06633,121.61261,Private room,1640,5,0,,,4,327,0,
1300618831185223436,(17)優質商務/學生套房/醫院/便利/MRT/商圈/公園/電梯大樓/洗衣機,520782737,依蓓,,中山區,25.06325893211946,121.52592500713018,Entire home/apt,3456,4,1,2024-12-29,1,31,258,1,
1301141472787380482,Apt&Kitchen/MRT/Ximen/TaipeiMrt,565465307,Son,,中山區,25.06325,121.52597,Entire home/apt,6756,2,0,,,40,365,0,
1301391099783296547,古亭捷運站一分鐘，捷運旁Cozy quiet 電梯大樓高樓層！出捷運就到家，快來新房源特惠,54295470,Annie,,中正區,25.030962873644484,121.52092540226961,Entire home/apt,2592,3,0,,,2,162,0,
1301422960530998014,溫泉商圈|捷運站|電梯|高樓層,534619203,庭謙,,北投區,25.136384755132003,121.50513394534637,Private room,887,5,0,,,1,79,0,
1301455976521437961,「東門站」「大安區」《永康街》全新開幕！5折優惠！超讚房東~現代風格庭院住家～地鐵步行3分鐘,516781897,Leo,,大安區,25.033356,121.531581,Entire home/apt,4687,2,1,2024-12-17,1,2,236,1,
1301568352691065896,Cozy Space D99𓇬Taipei 101𓇬4站MRT 西門站𓇬4站台北站𓇬4房住3-7人,115798819,Airbnb,,大安區,25.02032,121.52915,Entire home/apt,3095,3,0,,,68,77,0,
1302023062845505007,101信義區，獨立電梯，獨立出入口，獨立陽台，可看到101大樓,22074917,淑娟,,信義區,25.0188807,121.5711743,Entire home/apt,2500,14,0,,,1,26,0,
1302124121119252447,Mika's Studio,664845815,Tzu Yu,,信義區,25.03122,121.5584,Entire home/apt,2930,1,3,2024-12-22,3,1,358,3,
1302318999583543865,3 Mins XimenMRT 西門町時尚套房 Dryer,28103867,Henry,,萬華區,25.04405,121.50467,Entire home/apt,4061,4,1,2024-12-17,1,38,80,1,
1302656716278945244,西門套房帶有小廚房.獨立衛浴,36408621,小多,,萬華區,25.044089842767967,121.50761611576347,Private room,2119,30,0,,,15,142,0,
1302744717599483679,Fu bnb1,664997634,Yi Ping,,信義區,25.031294434893525,121.55894194603272,Entire home/apt,5367,2,0,,,3,89,0,
1302820097221298047,【meet】33 西門/中山/全新裝潢/獨立廚房/商務套房/家庭套房/電梯/公園/中山商圈/MRT,568514716,閎越,,中山區,25.0622,121.52532,Entire home/apt,5128,4,0,,,26,364,0,
1302833828450434515,【meet】17 西門/中山/全新裝潢/獨立廚房/商務套房/家庭套房/電梯/公園/中山商圈/MRT,568514716,閎越,,中山區,25.061515275671912,121.52660359189689,Entire home/apt,5128,4,0,,,26,258,0,
1302925069704373799,Ximending𓇬L45的𓇬Taipei 101𓇬住2-4人MRT 西門站𓇬五星飯店床墊,115798819,Airbnb,,萬華區,25.04643,121.50453,Entire home/apt,1821,3,0,,,68,88,0,
1302970586249657347,【meet】50 西門/中山/全新裝潢/商務套房/電梯/西門商圈/中山商圈/MRT,568514716,閎越,,中山區,25.05726,121.52317,Entire home/apt,5128,4,0,,,26,365,0,
1302988799796695352,【meet】58 西門/中山/全新裝潢/商務套房/電梯/西門商圈/中山商圈/MRT,568514716,閎越,,中山區,25.05622,121.52562,Entire home/apt,5128,4,0,,,26,365,0,
1303179298936211222,近西門町商圈/台北車站/月租/長租,115661514,Kai Wei,,萬華區,25.047539388273613,121.50829788297415,Entire home/apt,1543,2,0,,,2,71,0,
1303253342285039592,Taipei arena 1BD｜Elevator｜En-suite Bath｜Park｜DB605,444563562,Kolette,,松山區,25.05674,121.55156,Private room,2042,30,0,,,4,181,0,
1303264212429150032,Taipei arena1LBD｜Elevator｜En-suite Bath｜Park｜DB704,444563562,Kolette,,松山區,25.055111503417404,121.55184875389762,Private room,2514,30,0,,,4,158,0,
1303313312427627131,Taipei arena 1BD｜Elevator｜En-suite Bath｜Park｜DB505,444563562,Kolette,,松山區,25.054967978975935,121.54989838111611,Private room,1697,30,0,,,4,176,0,
1303315158603075392,1BD near Taipei arena station｜Elevator｜Park｜DB502,444563562,Kolette,,松山區,25.056623196417878,121.55183672464979,Private room,1599,30,0,,,4,92,0,
1303412187262725529,XL101/萬隆捷運站/台大公館商圈/寶藏巖/木柵動物園/1樓/西門町/台灣大學/公館創意跳蚤市集,328934808,楷文,,文山區,25.00144789764302,121.5404730480935,Entire home/apt,2326,4,4,2024-12-27,4,37,352,4,
1303423406391661443,A dreamy loft in central Taipei,8464110,Lynn,,中山區,25.065048667393803,121.5282704447044,Entire home/apt,2643,2,1,2024-12-23,1,1,72,1,
1303786331086266187,西門町美食好買好逛好方便捷運西門站走路4-5分鐘。,664712757,WanRu,,萬華區,25.0447933,121.5061696,Entire home/apt,1432,1,1,2024-12-08,1,1,354,1,
1304037367146428225,台北車站西門步行5分鐘獨立進出公寓,11774619,Jimmy,,中正區,25.046402,121.510703,Entire home/apt,1163,1,0,,,1,73,0,
1304077082231520339,全新上市/昭和風格/西門町/饒河夜市/台北101/4-6P/2個衛浴/600公尺MRT/,518235935,Coho,,萬華區,25.03951,121.50234,Entire home/apt,3984,1,0,,,6,349,0,
1304139359010380512,H45/Lift/WorkingTable/Balcony/WiFi/4Min2A1/Netflix,136010110,Rex,,大同區,25.0508,121.51446,Entire home/apt,5656,3,4,2024-12-29,4,36,361,4,
1304169474356447402,Modern Suite/Full Amenities/Ximem/Taipei/西門/紅樓,6475625,Yi En,,萬華區,25.04467149979583,121.50429551221839,Entire home/apt,1223,3,2,2024-12-15,2,6,79,2,
1304196488045928854,Spacious Apartment/Ximem/MRT/Taipei/101/寧夏/西門/臺北,6475625,Yi En,,萬華區,25.046540287795867,121.50474096787079,Entire home/apt,1691,3,2,2024-12-17,2,6,89,2,
1304376827501668392,（月租再享早鳥優惠）西門町-五星好評-月租套房-303（拎包入住，獨立套房，月租5折優惠）,5745433,茱莉Julie 姐,,萬華區,25.04304727606112,121.5037107656701,Private room,1570,3,2,2024-12-23,2,6,147,2,
1304380734749180095,101夜景之家 | 月租嚴選,72790277,Simon,,信義區,25.030687,121.5575694,Entire home/apt,2707,5,1,2024-12-28,1,1,148,1,
1304405910757207012,西門商圈9003/捷運西門站步行5分鐘/附洗衣機/大空間6人房,508233574,詩純,,萬華區,25.0447933,121.5061696,Entire home/apt,5682,2,0,,,26,44,0,
1304661238768366632,MRT Xinyi Anhe Double Bedroom C,8963296,金雲(Heather),,大安區,25.0354,121.54985,Private room,1122,10,0,,,8,358,0,
1304757685373572928,【New】G中山國小｜30秒｜高樓電梯｜廚房｜靜謐商務套房｜出差、旅遊、學習｜友善Foreigner,490134486,Hung Chih,,中山區,25.0635,121.52549,Entire home/apt,6987,3,1,2024-12-31,1,41,365,1,
1304774001485733771,【New】S忠孝復興｜精品套房｜全新大樓｜靜謐幽靜｜紅酒櫃｜洗碗機｜百萬烤箱｜洗脫烘｜友善外國人,490134486,Hung Chih,,大安區,25.04341,121.54428,Entire home/apt,10874,7,0,,,41,365,0,
1304825781535791730,Lustre/龍山寺/華西街夜市/艋舺/西門町/2-3F,515318392,國智,,萬華區,25.03876,121.49967,Entire home/apt,5144,2,2,2024-12-31,2,10,86,2,
1304839839745163061,Beacon/龍山寺/華西街夜市/艋舺/西門町/1-3F包棟,515318392,國智,,萬華區,25.036716159754036,121.50022298060327,Entire home/apt,8365,2,0,,,10,86,0,
1304844929571988618,A401-2房、1張雙人床、開闊的露臺,578800230,Areum,,大同區,25.05112,121.51832,Entire home/apt,3291,3,0,,,13,362,0,
1304856680244465006,New cozy stay 7min to Taipei101,30244947,Winney,,信義區,25.03710703986587,121.56034211227008,Entire home/apt,4229,2,0,,,4,63,0,
1304935540219636787,小巷宅3 北歐溫馨電梯公寓，鬧中取靜，地鐵4分鐘西門商圈3分鐘，家樂福超市1分鐘，門禁安全4-6P,535234672,Gary,,萬華區,25.041032080968044,121.50417633354664,Entire home/apt,1998,3,1,2024-12-20,1,4,356,1,
1304965945821998255,Corner Suite2房1廳-北歐陽光TaipeiMainStation北車西門町步行安靜採光佳,28103867,Henry,,中正區,25.04374,121.51367,Entire home/apt,6431,4,0,,,38,80,0,
1304998454749675326,【v】33｜忠孝復興｜酒店式商務｜電梯管制｜全套廚房｜乾溼分離｜浴室暖房｜洗碗機｜紅酒櫃｜烤箱｜陽台,584116440,Zabashta,,大安區,25.04333,121.54252,Entire home/apt,6675,14,0,,,10,348,0,
1305000232283133260,𖦤Taipei Main Station台北車站/西門町/乾淨舒適漂亮/電梯/交通便利/雙人床位,173321819,109Yang,,中正區,25.04612,121.5112114,Shared room,72264,1,0,,,25,6,0,
1305003402368359803,【v】34｜中山國小｜精品旅館｜商務套房｜乾溼分離｜晴光市場｜便是商店｜餐廳藥局｜BTC｜友善外國人,584116440,Zabashta,,中山區,25.06000595408238,121.52462567774845,Entire home/apt,5642,7,0,,,10,360,0,
1305016703111246771,Apt&Kitchen/Zhongxiao Fuxing/Taipei101/TaipeiMrt,565465307,Son,,大安區,25.04189730132481,121.54299366220286,Entire home/apt,8341,7,0,,,40,365,0,
1305089372083269415,北歐4-5人房-2 CozyApt  30secs XimenMrt 西門町 Dryer,28103867,Henry,,萬華區,25.04439,121.50693,Entire home/apt,4517,4,0,,,38,81,0,
1305408009759869636,Taipei Main Modern Comfort 2B1b,268135087,Richard,,大同區,25.04977,121.51651,Entire home/apt,10035,1,1,2024-12-15,1,14,351,1,
1305414523783704994,Taipei Main Warm Cozy 2B1b,1398361,Second,,大同區,25.05056,121.5165,Entire home/apt,9843,1,0,,,11,362,0,
1305558170341843439,Hömeÿ Mooň 緋月＊ | 西門町商圈\西門捷運 \ 乾濕分離大衛浴\ 洗衣機\雙人床,572749232,Tsai,,萬華區,25.04480593796905,121.50750042235335,Entire home/apt,1914,3,0,,,6,313,0,
1305645155490944689,A-B2《月租》《可短租》中山捷運站-雙人套房(含獨立衛浴),906344,Lily,,中山區,25.051412726282745,121.52198001576235,Entire home/apt,1473,3,0,,,23,180,0,
1305763534416489464,五分埔饒河商圈/3房間雙衛浴/後山埤站2MIN/巷口可見101,39497206,艾蜜莉 Emily,,信義區,25.04497636502931,121.57938212156296,Entire home/apt,3881,2,0,,,4,266,0,
1305799280208179132,H178/3-6PP/600mtoXimenMRT/Netflix/YouTube/WiFi,136010110,Rex,,萬華區,25.04136966190816,121.50488845479902,Entire home/apt,3847,3,1,2024-12-16,1,36,345,1,
1306222077762025973,Because of Love Smiley Inn Ximen,67202633,Smiley Inn,,萬華區,25.04235,121.50646,Entire home/apt,1614,1,2,2024-12-23,2,25,84,2,
1306284580674419753,Ximen Top Floor: City & 101 Views,514613922,Andy,,萬華區,25.04157,121.50369,Entire home/apt,2571,3,5,2024-12-25,5,3,80,5,
1306294336111684071,Modern NEW Studio Taipei 101 City Hall MRT Station,574311668,Rei,,信義區,25.03758,121.56101,Private room,1369,4,1,2024-12-16,1,23,174,1,
1306321527205194412,Quiet Apartment Near Ximending,1474323,Ken,,中正區,25.032379424636403,121.50554459542036,Entire home/apt,3702,1,2,2024-12-25,2,15,310,2,
1306372164944825819,The sunshine apartment on the top floor,56892063,Isa,,大安區,25.043270784025516,121.54824871569872,Entire home/apt,2366,2,0,,,2,163,0,
1306381549759331353,Taipei NTNU Apt 5F (502),125647931,Adam,,大安區,25.02506,121.52421,Entire home/apt,6143,1,0,,,12,6,0,
1306607153553310167,HL【兩房兩衛】一層兩戶/永春捷運步行3分/客廳雙面採光/全套廚房/大陽台/免追垃圾車/精品雙衛,576044022,Bi Qiong,,信義區,25.04319068726511,121.57527106724525,Entire home/apt,4500,4,0,,,24,176,0,
1306848004413825510,quiet 2br apartment near ximen,1474323,Ken,,中正區,25.031709674841274,121.50632695955699,Entire home/apt,3814,1,0,,,15,39,0,
1307024329927534437,大隱於市 - 桃貳。市中心的桃花源！空間大裝潢新隱！,8937651,Chiying,,中正區,25.04136,121.50968,Entire home/apt,10514,1,0,,,17,6,0,
1307036653603252454,大隱於市『水樹之間』西門町ＭＲＴ鬧區商圈中心，有電梯,8937651,Chiying,,中正區,25.046518990568575,121.51001747131009,Entire home/apt,13257,3,0,,,17,80,0,
1307180314704528344,@Xi2設計師小宅/西門町/台北車站/寧夏夜市 2-4人<電梯>,231537618,Ting Ting,,萬華區,25.04436,121.50622,Entire home/apt,3171,3,0,,,10,175,0,
1307243058767993767,2 mins MRT Shilin Elevator 3 Bed,254438029,Ping,,士林區,25.09371,121.52635,Entire home/apt,8066,14,0,,,1,143,0,
1307360154771312296,3MinsXimenMRT西門町Deep Blue Suite頂級套房Wifi蛋,28103867,Henry,,萬華區,25.04140938302512,121.50610530345418,Entire home/apt,3633,4,0,,,38,81,0,
1307376659631623435,Taipei Main Station 台北車站西門町步行陽台洗衣機 頂級床墊,28103867,Henry,,中正區,25.04426338581128,121.51341815006316,Entire home/apt,3646,4,0,,,38,74,0,
1307378749619293065,73-散步永康街/東門vs古亭雙捷運/大安森林公園/鼎泰豐創始店,115023406,安俊,,大安區,25.028844208962052,121.52379887684162,Entire home/apt,3217,7,1,2024-12-22,1,2,78,1,
1307739953600803745,台北曼哈頓 apt x pro gym | 台北101｜捷運｜夜市｜,357062477,天恩,,大安區,25.028655512988543,121.55678917900715,Entire home/apt,4500,16,0,,,29,354,0,
1307748096594326022,Cosy Guestroom in Xinyi,535964968,Whalther,,信義區,25.02311518429341,121.57090677443952,Private room,1231,1,0,,,1,23,0,
1307774564385088119,X3 Valuable! ! MRT Daan STA 5mins COZY S ROOM 月租房,664975682,大澄,,大安區,25.03264081036302,121.5489497842683,Private room,1071,1,1,2024-12-23,1,3,359,1,
1308001387385362923,Lu•Jia(11-9)Airport MRT/Taipei Main Station 3-Mins,531605794,Ivan,,中正區,25.047825089698698,121.51347416129227,Entire home/apt,2811,2,2,2024-12-30,2,5,263,2,
1308167790461480324,無印簡約1-Taipei Main Station台北車站西門町步行 陽台洗衣機 Queen高級床組,28103867,Henry,,中正區,25.044104883649453,121.51379276813783,Entire home/apt,3569,4,0,,,38,82,0,
1308449631825545222,小F的放空旅程 -  3MinsXimenMRT 西門町 大地色頂級套房 Wifi蛋,28103867,Henry,,萬華區,25.043705831422724,121.50578054162192,Entire home/apt,3717,4,0,,,38,81,0,
1308454244418191089,Ntnu Cozy suites room with sofa 01_6,21858589,智暎,,大安區,25.023629,121.529811,Private room,1506,2,2,2024-12-27,2,5,89,2,
1308477139258158640,接機優惠 HOT 都市中的優雅避風港,58666148,Cookie,,大安區,25.0432301,121.5426505,Entire home/apt,3286,2,3,2024-12-13,3,21,257,3,
1308486480714033239,大隱於市 - 桃伍 - 西門町捷運站旁 Ximen MRT,8937651,Chiying,,中正區,25.040806200720933,121.50993719646225,Entire home/apt,1576,3,0,,,17,360,0,
1308492471586383369,게스트하우스 DDC001 패밀리룸 A,73891814,Beomjun,,大同區,25.058780940865592,121.51177909661808,Private room,983,1,0,,,2,254,0,
1308685528732244137,台北 西門町（4～12人房）整層大空間/可以加床/美食商圈/廚房/洗衣機/鄰近超市、商圈、夜市,540100951,James,,萬華區,25.0393071,121.50401,Entire home/apt,3643,2,0,,,14,360,0,
1309120720061050977,Cozy stay,346762414,淑菁,,士林區,25.114241,121.53106,Private room,880,3,0,,,1,168,0,
1309142433330222886,Bright & Breezy Suite(S1-10),507753881,Chloe,,大安區,25.030114319041612,121.52883397906812,Private room,2067,1,1,2024-12-14,1,31,264,1,
1309251989007373872,西門套房,453709970,Bella,,萬華區,25.045557479472574,121.50615026598678,Private room,1457,2,0,,,31,41,0,
1309259011358720279,@DC2大安mrt走路3分鐘1F/ 101/永康商圈/臨江夜市 1-3人可住,524596170,Xinyi,,大安區,25.03467704659145,121.54429786967837,Private room,1657,3,0,,,14,176,0,
1309297912448904652,@XCa2西門町盛宴-西門MRT走路6分鐘(1-4人住),22840761,Kikina,,萬華區,25.04262,121.50821,Entire home/apt,2057,3,0,,,21,359,0,
1309409289330122483,【大安C棟 森林時光 】4臥2衛｜雙停車格｜台電大捷運站8分鐘｜台北｜師大夜市,23097622,Miyo,,大安區,25.02671,121.53084,Entire home/apt,6007,4,0,,,16,360,0,
1309930624623287283,月租Bright & Breezy Suite,507753881,Chloe,,大安區,25.03017,121.5269,Private room,2531,30,0,,,31,362,0,
1309987545351051968,月租[2 double bed ]Bright & Breezy Suite,507753881,Chloe,,大安區,25.03112,121.52701,Private room,3515,30,1,2024-12-30,1,31,364,1,
1310023617592433647,H47/500mtoXimenMRT/Netflix/Heater/WiFi/Elevator,136010110,Rex,,萬華區,25.0425,121.50235,Entire home/apt,2079,3,1,2024-12-18,1,36,358,1,
1310097734374514941,MRT Xiaonanmen Double Bedroom,8963296,金雲(Heather),,中正區,25.028132982652107,121.50836691264047,Private room,1434,20,0,,,8,336,0,
1310722285303082658,@松河松山1F-松山MRT走路8分鐘，饒河夜市走路5分鐘適1-4人,524596170,Xinyi,,內湖區,25.055238313322356,121.58117356567088,Entire home/apt,3000,3,0,,,14,86,0,
1310725004283120675,Taipei Cozy Private Suite@Daan MRT\Kitchen\Balcony,1295140,Studio 17,,大安區,25.03189,121.54678,Entire home/apt,3080,5,0,,,13,49,0,
1310753546166512300,t.r.,54438414,戴西 Dacy,,中山區,25.0523106,121.5286339,Entire home/apt,2400,1,0,,,12,329,0,
1310886377676796448,Ximen Choco Latte Suite｜西門可可拿鐵｜1~3人｜地鐵步行3分鐘,151400959,Edward,,萬華區,25.043353018732795,121.5037204835435,Entire home/apt,2002,1,0,,,11,354,0,
1311046819693129596,西門獨立衛浴小套房,36408621,小多,,萬華區,25.0422384307891,121.5056328553267,Private room,1280,30,0,,,15,240,0,
1311236467729478954,Rizz Me Up Smiley Inn Ximen,67202633,Smiley Inn,,萬華區,25.04245,121.50684,Entire home/apt,1500,1,1,2024-12-20,1,25,82,1,
1311248219448318280,東門舒適雙人房5｜Dongmen Twin Room,666758326,孟霖,,大安區,25.029413769478825,121.52796403767434,Entire home/apt,3039,1,0,,,8,21,0,
1311252690030232593,東門舒適雙人房6｜Dongmen Twin Room,666758326,孟霖,,大安區,25.031304148230006,121.52874336831714,Entire home/apt,3039,1,0,,,8,21,0,
1311259329429380186,東門精緻雙人房7｜Dongmen Twin Room,666758326,孟霖,,大安區,25.031085381342695,121.5288612660368,Entire home/apt,2787,1,0,,,8,21,0,
1311264227340935182,東門精緻雙人房8｜Dongmen Twin Room,666758326,孟霖,,大安區,25.02954,121.52889,Entire home/apt,3107,1,0,,,8,21,0,
1311267280373097725,東門精緻雙人房9｜Dongmen Twin Room,666758326,孟霖,,大安區,25.03127409706892,121.52865743129439,Entire home/apt,3107,1,0,,,8,21,0,
1311272520656326900,東門精緻雙人房10｜Dongmen Twin Room,666758326,孟霖,,大安區,25.03176991388014,121.52885275291214,Entire home/apt,2787,1,0,,,8,21,0,
1311281510445359608,台北車站旁隱密獨棟小屋，近捷運北門站,9595798,Branson,,大同區,25.052033478824438,121.51402647283119,Entire home/apt,2170,2,0,,,10,159,0,
1311310144554032585,東門精緻雙人房11｜Dongmen Twin Room,666758326,孟霖,,大安區,25.03007,121.52884,Entire home/apt,2787,1,0,,,8,21,0,
1311314330598607342,東門舒適雙人房12｜Dongmen Twin Room,666758326,孟霖,,大安區,25.02989,121.52838,Entire home/apt,3039,1,0,,,8,21,0,
1311382508458844628,共用房間 sleeping bags on the floor,191113855,保妹,,萬華區,25.044853984417855,121.50456549180109,Shared room,1590,1,0,,,17,365,0,
1311418879911818409,Cozy 3BR Home in Central Taipei | Work/Study | MRT,235623230,Yi Shin & Charlie,,中正區,25.024400664961668,121.52395951995011,Entire home/apt,4899,28,0,,,4,362,0,
1311569059877310635,西門町MRT超大空間明亮漂亮屋,666758414,Asha,,萬華區,25.04264719140106,121.50274371670811,Entire home/apt,1923,1,2,2024-12-29,2,1,363,2,
1311637002965898942,(客廳)台北市區近捷運和機場巴士City Center near Mrt,5424311,Ailin,,中山區,25.064263751346633,121.52810859185254,Private room,600,1,1,2024-12-30,1,6,4,1,
1311669628520422221,(客廳沙發)台北市區捷運旁近機場巴士站,5424311,Ailin,,中山區,25.06261,121.52703,Private room,600,1,0,,,6,4,0,
1311841740831711582,台北東區綠植風小居，雙人房可住2-3人，捷運地鐵站旁，近公園,106003392,本詮,,大安區,25.04256093179774,121.54330996039118,Entire home/apt,1866,1,1,2024-12-23,1,2,90,1,
1312042685290504380,七海寓所No.2,71237861,Yeh,,萬華區,25.0485021,121.5071629,Entire home/apt,1577,2,0,,,4,89,0,
1312104433850098189,No AC bed  low budget backpackers,191113855,保妹,,萬華區,25.046119367253734,121.50520760816804,Shared room,1490,1,0,,,17,365,0,
1312419083453727813,松江南京站/8人/家族/4房/130平米/車站步行1分鐘/月租宅,48333118,Diven,,中山區,25.052608781893746,121.53153036931151,Entire home/apt,9274,5,0,,,3,311,0,
1312420675966861182,"Spacious Studio,2-3 ppl Taipei 101 City Hall MRT",574311668,Rei,,信義區,25.04471,121.57146,Private room,894,4,0,,,23,168,0,
1312426352164594151,Cozy &Comfy Studio 2-3 ppl Taipei101 City Hall MRT,574311668,Rei,,信義區,25.04425186022723,121.57133454592511,Entire home/apt,1809,2,0,,,23,158,0,
1312701888892998007,Vista Xinyi,493119610,Willie,,信義區,25.0271586,121.5662405,Entire home/apt,3000,1,0,,,1,331,0,
1312871053299724375,城市曉鹿：台北車站-西門町商圈-電梯三房兩間衛浴,162327486,Tzu Ya,,大同區,25.051952497303525,121.51303375771289,Entire home/apt,5143,2,3,2024-12-30,3,1,150,3,
1313039785626238429,Vintage 3B2b ZhongxiaoDunhua MRT,1398361,Second,,大安區,25.03884106764131,121.55311052008288,Entire home/apt,13288,1,0,,,11,15,0,
1313052662034983808,台北101跨年Discount H702橡木之屋/西門町捷運站走路8分鐘/電梯/夜市/1-4人,591879558,Yin Chieh,,萬華區,25.04495,121.50449,Entire home/apt,2498,2,0,,,18,350,0,
1313092534256252846,MRT DaAn Park Single Bedroom,8963296,金雲(Heather),,大安區,25.03624536498826,121.54050916590604,Private room,985,30,0,,,8,364,0,
1313317422715591731,"西門町雙人，捷運10分鐘，獨立房源獨立衛浴,電梯,50吋智慧電視",158784715,Steven,,萬華區,25.0449906,121.5019178,Entire home/apt,1383,2,0,,,4,66,0,
1313411463107102931,獨立使用廚房衛浴在中正區近台大溫馨套房,661950999,柔君,,中正區,25.018057501243582,121.53000881805131,Entire home/apt,1057,10,0,,,5,329,0,
1313413525866716679,Urban Oasis in West Taipei,9613707,Andrew,,萬華區,25.027077971180166,121.49631830659142,Entire home/apt,2982,1,1,2024-12-24,1,1,352,1,
1313429236836437241,萬華區機能住宅,16848035,Elaine,,萬華區,25.02287,121.49666,Private room,1800,1,1,2024-12-22,1,1,54,1,
1313466139568368567,綠蔭大陽台 2張雙人床房（獨立衛浴一房一廳）,661950999,柔君,,中正區,25.018266301443123,121.52947403406188,Entire home/apt,1314,10,0,,,5,329,0,
1313478020822955802,中正區近台大溫馨二房一廳,661950999,柔君,,中正區,25.01681100100758,121.52946615641353,Entire home/apt,1787,10,0,,,5,332,0,
1313491794997345814,獨立專屬衛浴陽光又溫馨的一房一廳在中正區近台大,661950999,柔君,,中正區,25.0178242379623,121.53004121897139,Entire home/apt,1252,10,0,,,5,329,0,
1313499267526408964,中正區近台大溫馨套房附廚房客廳,661950999,柔君,,中正區,25.01860280343931,121.52829297966717,Entire home/apt,1157,10,0,,,5,329,0,
1313536432886827696,W11 Spacious cozy apartment in Da’an Taipei 1-2ppl,576044022,Bi Qiong,,大安區,25.04335,121.54283,Entire home/apt,1729,2,0,,,24,181,0,
1313537496738562733,W8 Spacious cozy apartment in Da’an Taipei 1-2ppl,576044022,Bi Qiong,,大安區,25.0429,121.54372,Entire home/apt,1763,2,0,,,24,181,0,
1313599072422949893,Comfy Studio apartment in Da an Taipei I 1-2ppl,574311668,Rei,,大安區,25.041123241898493,121.54821595023749,Entire home/apt,1457,3,0,,,23,172,0,
1313649543300307613,Comfy Studio apartment in Da an Taipei II 1-2ppl,574311668,Rei,,大安區,25.040560592743393,121.54793559687076,Entire home/apt,1683,3,0,,,23,166,0,
1313712852522197290,Spacious 1Bed Apt • Central Area,667432198,Clara,,松山區,25.046317337374603,121.55929098512702,Entire home/apt,1365,3,0,,,1,26,0,
1313714908331535544,Comfy & Central 2-4ppl Da’an Zhongxiao Fuxing MRT,574311668,Rei,,大安區,25.040504638691694,121.54790723714325,Entire home/apt,1683,3,0,,,23,166,0,
1313727780317417214,MRT六張犁站/單人雅房/共用浴室/寧靜生活,441888372,TzuHan,,大安區,25.02207,121.55436,Private room,1040,3,1,2024-12-23,1,30,363,1,
1313733718402008734,捷運六張黎站｜寧靜單人雅房｜Shared House,522531459,Taipei,,大安區,25.021964009758936,121.55325671029831,Private room,1367,5,0,,,30,361,0,
1313743841506871586,Comfy Studio apartment in Da an Taipei III 1-2ppl,574311668,Rei,,大安區,25.040483003996286,121.54784504307068,Entire home/apt,1572,3,0,,,23,150,0,
1313752865710375076,Spacious Modern 2B2b SYS MRT,1398361,Second,,大安區,25.03904,121.55492,Entire home/apt,12796,1,0,,,11,7,0,
1313769898702261696,房源_中山國小 捷運站4號 出口旁60公尺(1分鐘)電梯 3房,149968246,Teng-Lung,,中山區,25.06325,121.52737,Entire home/apt,2952,4,0,,,1,104,0,
1313818956403029445,Comfy Studio apartment in Da an Taipei IV 1-2ppl,574311668,Rei,,大安區,25.04053839677872,121.54790421147715,Entire home/apt,1500,3,0,,,23,136,0,
1313850232843227773,Traveler’s Dream 2-4ppl in Da’an Central Taipei IV,574311668,Rei,,大安區,25.040487870578858,121.54786466292782,Entire home/apt,1500,3,0,,,23,136,0,
1313850986917943210,Comfy Studio apartment in Da an Taipei VI 1-2ppl,574311668,Rei,,大安區,25.04049,121.54786,Entire home/apt,1292,3,0,,,23,158,0,
1313851801546478206,Comfy Studio apartment @ Da an Taipei VIIII 1-2ppl,574311668,Rei,,大安區,25.04048,121.54787,Entire home/apt,1640,3,0,,,23,146,0,
1313852606229869620,Comfy Studio apartment in Da’an Taipei VIII 1-2ppl,574311668,Rei,,大安區,25.04048,121.54785,Entire home/apt,1543,3,0,,,23,155,0,
1313853529115426998,Comfy Studio apartment in Da’an Taipei VII 1-2ppl,574311668,Rei,,大安區,25.04218,121.54532,Entire home/apt,2272,2,0,,,23,171,0,
1314165757278162591,Bright & Breezy Suite(S1-11),507753881,Chloe,,大安區,25.0312,121.52877,Private room,2681,1,2,2024-12-29,2,31,364,2,
1314168482482146153,Bright & Breezy Suite(S1-13),507753881,Chloe,,大安區,25.029492734736714,121.52807132616537,Private room,2793,1,0,,,31,363,0,
1314198727599654348,*New香榭私寓/ 市中心/東區商圈/ SOGO百貨/市民大道/忠孝復興MRT /6-8人/歡迎月租,546896578,Noel,,大安區,25.04355692459797,121.54385311471563,Entire home/apt,3771,2,0,,,15,254,0,
1314203927367563620,Gleam/大稻埕/台北車站/北門站/西門町/寧夏夜市/1+2F,515318392,國智,,大同區,25.049570172786574,121.51574090927198,Entire home/apt,4880,3,0,,,10,122,0,
1314222023827649566,Zenith/捷運台北車站/北門/寧夏夜市/3+4F,515318392,國智,,大同區,25.05130551414808,121.51341924999845,Entire home/apt,6880,3,0,,,10,104,0,
1314242468419873374,上古雅苑-台北都會區 頂級藝術生活會館(長租),667558717,立民,,大安區,25.03993,121.53726,Entire home/apt,24000,15,0,,,2,91,0,
1314251927554542821,【裝潢溫馨雅房】台電大樓捷運站2分鐘~交通便利，近師大、台大,597947154,青霞,,中正區,25.02153803108148,121.52667359118031,Private room,818,1,1,2024-12-31,1,2,119,1,
1314274521034636934,3mins 忠孝復興站/全新北歐風三房獨立門戶電梯大樓/Diamond Towers/SOGO/,401786364,Yuyin,,大安區,25.043282605435447,121.54008159777808,Entire home/apt,4549,28,0,,,5,86,0,
1314286214204465907,市中心/東區商圈/捷運小巨蛋站1分鐘/松山機場/獨立舒適簡約套房,106116739,婷㚤,,松山區,25.051971,121.55042,Entire home/apt,2414,1,2,2024-12-31,2,1,363,2,
1314301944817541031,西門시먼/Ximen MRT 5min/全新裝潢2-4p/陽台戶,250237099,Sally,,萬華區,25.04709,121.50471,Entire home/apt,1669,2,0,,,13,359,0,
1314398167435881708,V11 New 台北車站對面 可住2～7人 提供 洗衣機 烘衣機 暖氣,534257712,Vincent,,中正區,25.045822772664117,121.5148186321441,Entire home/apt,2159,2,0,,,1,156,0,
1314436172934402968,治癒奶油原木設計 stay for 7ppl#捷運站2分鐘,573468805,Cynthia,,中山區,25.055135985006174,121.53442662097056,Entire home/apt,3594,2,4,2024-12-28,4,12,144,4,
1314459452483359226,"全新_小巧簡約精品住宅
生活機能超優-中山人氣商圈",538002847,Nicole,,中山區,25.057502458204056,121.52412828058004,Entire home/apt,5214,2,0,,,1,363,0,
1314500805138047641,新年驚喜｜中山捷運站：近西門町潮流街｜中山購物中心｜豪華住宿｜無窗｜地下室｜排風系統｜安靜乾燥,565465307,Son,,中山區,25.057191679355938,121.5254347888691,Entire home/apt,4941,3,0,,,40,365,0,
1314508905820795649,聖誕驚喜｜中山國小捷運站：電梯｜大樓收垃圾｜中山購物中心｜豪華住宿｜走道窗｜安靜乾燥｜舒適空間｜,565465307,Son,,中山區,25.05996673284534,121.5243175753905,Entire home/apt,4544,7,0,,,40,365,0,
1314520644836564125,聖誕驚喜｜中山國小捷運站：電梯｜大樓收垃圾｜中山購物中心｜豪華住宿｜走道窗｜安靜乾燥｜舒適空間｜,565465307,Son,,中山區,25.06111,121.52489,Entire home/apt,6955,7,0,,,40,344,0,
1314800205730555245,上古雅苑-台北都會區 頂級藝術會館,667558717,立民,,大安區,25.0411325,121.5366727,Entire home/apt,25303,1,0,,,2,365,0,
1314835611815029605,福懋雅房799，月租，交通無敵方便，生活機能超強，清潔需額外加收清潔,489403010,宥瑩,,中正區,25.03096,121.51807,Entire home/apt,520,30,0,,,15,340,0,
1314862754855277598,#GNstay公館棧  信義通化一館雙人4B房近信義安和捷運站 101景觀房,38134494,GNstay,,大安區,25.0283178,121.5535997,Private room,2143,3,0,,,17,49,0,
1314911687891642912,(103)商務/學生/套房/商圈/MRT/電梯大樓/友善外國人/洗衣機/地下室/便利,520782737,依蓓,,中山區,25.05585,121.52393,Entire home/apt,3929,4,0,,,31,364,0,
1314929393983593951,(19)商務/學生套房/MRT/商圈/便利/電梯大樓/廚房/醫院藥局/,520782737,依蓓,,中山區,25.059339432882272,121.52629434762552,Entire home/apt,1800,4,0,,,31,315,0,
1314953501052522405,137三房二廳一衛、近南港展覽館、南港車站,578800230,Areum,,南港區,25.05382947121125,121.61335047418558,Entire home/apt,4544,3,0,,,13,87,0,
1315151312853646632,（6-3）高級管理/商務/學生/醫院藥局/MRT/電梯大樓/便利/友善外國人,520782737,依蓓,,大安區,25.0439,121.54384,Entire home/apt,3456,30,0,,,31,365,0,
1315176076611400454,大隱於市 - 中貳 - 西門捷運站一分鐘  Ximen MRT,8937651,Chiying,,萬華區,25.044775012916944,121.5065513301372,Entire home/apt,9602,3,0,,,17,75,0,
1315184885434442817,【meet】606 西門/中山/雙連/臺大醫院/馬偕醫院/商務/學生套房/MRT/獨立洗衣機+烘衣機,568514716,閎越,,中山區,25.05721049987555,121.52314046658513,Entire home/apt,4761,4,0,,,26,330,0,
1315237934053942196,D3 Cloud Retreat高空星光浴缸屋/101 VIEW,33899886,UrbanAbodeDugu,,中正區,25.044946678291772,121.51649148195064,Entire home/apt,8778,2,0,,,12,72,0,
1315248868616944561,D1 Starry Sky高樓浴缸宅/101View/簡廚,33899886,UrbanAbodeDugu,,中正區,25.045416479764025,121.51512347073255,Entire home/apt,4531,2,0,,,12,8,0,
1315259299767138311,D2 Skyview 簡廚高空房/101VIEW/洗晎脫,33899886,UrbanAbodeDugu,,中正區,25.04502034492204,121.51640888738778,Entire home/apt,5287,2,0,,,12,6,0,
1315331387252537060,Taipei 西門町  電梯大樓（2～4人房）2間獨立雙人房、廚房、洗衣機、陽台（捷運站、西門町）,557550864,Oscar,,萬華區,25.040460773521698,121.50304167699548,Entire home/apt,2143,2,0,,,5,363,0,
1315343811989743519,Taipei 西門町 （6～12人）整層民宿/西門捷運站/西門町夜市/整層大空間/洗衣機/獨立衛浴,557550864,Oscar,,萬華區,25.04006,121.50531,Entire home/apt,3257,2,0,,,5,358,0,
1315697674029294598,台北101景觀房。台北車站正對面。鄰近西門町夜市。機場捷運線。,50727440,Eric,,大同區,25.04976,121.5184,Entire home/apt,4942,3,0,,,1,69,0,
1315700113897540538,東區商圈大露台101景觀房,157717686,瑞騏,,大安區,25.043672972669892,121.55367729256692,Entire home/apt,3184,2,0,,,1,353,0,
1315713105511217558,137二房二廳一衛、近南港展覽館、南港車站,578800230,Areum,,南港區,25.055678487024114,121.61305651982187,Entire home/apt,3584,3,0,,,13,87,0,
1315716743648240634,137一房二廳一衛、近南港展覽館、南港車站,578800230,Areum,,南港區,25.053876166633522,121.6135216335806,Entire home/apt,2624,3,0,,,13,365,0,
1315757543496094870,Nanjing Fuxing Apt,65149799,Jessica,,中山區,25.05174771492253,121.54327388852835,Private room,1440,1,0,,,1,65,0,
1315939091037722183,大隱於市 - 白鹿貳壹 - 西門中心的明亮寬敞公寓,8937651,Chiying,,萬華區,25.04431408701346,121.50849289756147,Entire home/apt,3288,3,0,,,17,74,0,
1315946031569883507,優雅簡約設計A套 #stay for 4ppl #近忠孝復興站,573468805,Cynthia,,大安區,25.04298,121.54372,Entire home/apt,1784,2,4,2024-12-29,4,12,162,4,
1315950795499490911,大隱於市－延貳。位於市中心的完美住所。,8937651,Chiying,,中正區,25.04428,121.51082,Entire home/apt,5188,3,0,,,17,49,0,
1315955345191076785,優雅簡約設計B套 #stay for 4ppl #近忠孝復興站,573468805,Cynthia,,大安區,25.04266,121.54372,Entire home/apt,1784,2,3,2024-12-24,3,12,172,3,
1315957660643577166,中山新生電梯套房,531565470,簡,,中山區,25.056277648898156,121.52930990277628,Private room,1200,1,0,,,2,361,0,
1315960337458538051,優雅簡約設計C套 #stay for 2ppl #近忠孝復興站,573468805,Cynthia,,大安區,25.042567250682726,121.54329375560822,Entire home/apt,1699,2,3,2024-12-24,3,12,162,3,
1316072236850723184,台北101 discountH802/靜藍檸檬/夜市台北車站/捷運西門町站走路10分鐘/電梯1-4人,591879558,Yin Chieh,,萬華區,25.04719,121.50444,Entire home/apt,2202,2,0,,,18,365,0,
1316260718102597819,魅力中山捷運電梯套房：西門町步行街｜中山購物樂園｜雙捷運交通便捷｜中山北路獨享綠意｜台北夢幻住宿,565465307,Son,,中山區,25.056913592463793,121.52241656255009,Entire home/apt,5012,2,0,,,40,338,0,
1316303449136573922,Boutique Studio in Prime Xinyi,45738262,Tina,,大安區,25.0304256561727,121.55729045026246,Entire home/apt,3477,1,0,,,1,4,0,
1316395239571681505,東湖捷運美麗套房／會提供寢具,531565470,簡,,內湖區,25.06895536976569,121.61366382339662,Private room,940,1,0,,,2,343,0,
1316429427978596083,A single bed accommodations on a budget(請讀房源敘述）,191113855,保妹,,萬華區,25.04651,121.50504,Shared room,947,1,0,,,17,365,0,
1316453941763332556,No AC low budget bed(請詳閱房源敘述）,191113855,保妹,,萬華區,25.04689,121.50503,Private room,1090,1,1,2024-12-29,1,17,365,1,
1317073951485113210,寧夏夜市小套房,560773780,Tzu Yang,,大同區,25.0523,121.5121,Entire home/apt,3257,2,0,,,1,5,0,
1317088706262106969,用睡袋打地鋪   共用房間,191113855,保妹,,萬華區,25.045317214327817,121.50490057602232,Shared room,1490,1,0,,,17,365,0,
1317131989459619367,優雅簡約設計a+b+c套 #stay for 10ppl #近忠孝復興站,573468805,Cynthia,,大安區,25.044747081313492,121.54306447238704,Entire home/apt,3426,2,0,,,12,150,0,
1317142744541196411,taipei house,117629040,聖恆,,萬華區,25.0481648,121.5076518,Entire home/apt,2711,1,0,,,1,90,0,
1317172605029205323,市府捷運站一分鐘全新裝潢，信義區看101，對面W HOTEL，近日更新照片,64721352,Wei Chou,,信義區,25.04042,121.5659,Entire home/apt,8607,3,0,,,4,169,0,
1317347122106460984,Fu bnb2,664997634,Yi Ping,,信義區,25.03049,121.55808,Entire home/apt,7616,2,0,,,3,362,0,
1317371704297607204,H&K 3/2 Modern Deco Daan Park MRT Station,30591050,H&K,,大安區,25.03531968458951,121.536330804356,Entire home/apt,13571,10,0,,,13,354,0,
1317424492055855712,<1min to MRT> See 101 on Roof,441408173,Rosalia,,大安區,25.041995803342168,121.54960559942513,Entire home/apt,2057,1,0,,,14,364,0,
1317720229950770896,台北市｜精緻雙人房@有客廳與房間,84349478,Jeremy,,中山區,25.060482222560587,121.52497317641973,Entire home/apt,1640,3,0,,,1,322,0,
1317902683705094809,G2/2間獨立套房~6-8人房/MRT小巨蛋站5分鐘/演唱會步行即到/微風南京,352466245,Yoloft,,松山區,25.050446059503713,121.55564936443639,Entire home/apt,3536,2,0,,,8,88,0,
1317944963609927708,G3/2間獨立套房~8人/MRT小巨蛋站5分鐘/演唱會/微風南京,352466245,Yoloft,,松山區,25.05074,121.55541,Entire home/apt,4900,2,0,,,8,87,0,
1317951587644726890,G52/6-8人/MRT小巨蛋站5分鐘/演唱會/微風南京,352466245,Yoloft,,松山區,25.050205364212246,121.5575859988921,Entire home/apt,4193,2,0,,,8,87,0,
1317954116429969214,Apt E. Welcome Taipei long stay 3 mins MRT 月租6-8折,216819425,Vivi,,大安區,25.044145136957034,121.55400380592071,Entire home/apt,10049,2,1,2024-12-28,1,6,361,1,
1317958195757050922,G51/2間獨立套房~4人/MRT小巨蛋站5分鐘/演唱會/微風南京,352466245,Yoloft,,松山區,25.05161628138586,121.55531909782087,Entire home/apt,2534,2,0,,,8,90,0,
1318035720098058637,三興公園好窩A房/鄰近通化商圈跟吳興商圈/MRT信義安和跟世貿101,51675276,Cathy,,信義區,25.0292992,121.5618308,Private room,1143,30,0,,,8,175,0,
1318048000238259517,4/全新裝潢上架！跨年煙火！步行5分鐘即到台北101,664360996,姵穎,,信義區,25.0300202,121.5607435,Private room,1091,2,0,,,5,88,0,
1318088573091731325,花園別墅分租套房,668387406,微芳,,文山區,24.99061,121.56495,Private room,731,30,0,,,1,362,0,
1318089601729665185,西門町夜市MRT10分鐘，電梯、獨享房源私人衛浴，50吋智慧電視,158784715,Steven,,萬華區,25.04434,121.50304,Entire home/apt,979,2,0,,,4,172,0,
1318107831609914226,5／全新裝潢上架！跨年煙火最佳觀賞點！步行5分鐘即到台北101,664360996,姵穎,,信義區,25.0300202,121.5607435,Private room,1091,2,0,,,5,82,0,
1318184543894719134,台北101 discountU524/湛藍之境/夜市台北車站/捷運西門町站走路10分鐘/電梯1-2人,591879558,Yin Chieh,,萬華區,25.04625,121.50302,Entire home/apt,1636,2,0,,,18,364,0,
1318490790591538869,Nomad Nook,549068891,Andrew,,大同區,25.051758510604138,121.51498514115752,Entire home/apt,4971,1,0,,,1,363,0,
1318513695060600288,KM1A/一樓免爬梯採光大套房/高速網路/西門MRT400M/限月租,248559596,Jason,,萬華區,25.041544038265574,121.50522135418593,Entire home/apt,1294,30,0,,,4,365,0,
1318520985132098820,4 Bedroom Apartment,567040569,Athena Marie,,士林區,25.09076673538055,121.52617000955894,Entire home/apt,10714,1,0,,,5,364,0,
1318574019459709265,Taipei  Ximen 簡約輕工業、近Ximen捷運站,30761821,Johnny,,萬華區,25.04198,121.50312,Entire home/apt,1929,2,0,,,3,169,0,
1318610003439634684,MRT南京復興｜個人工作空間｜共用廚房｜洗烘衣機｜長租優惠C,460048747,Kirei,,中山區,25.05558954158061,121.5414775999695,Private room,1075,1,0,,,2,42,0,
1318767370422708687,Journey MAX family house忠孝復興捷運EXIT 1 三分鐘,28402175,Somer,,大安區,25.04387,121.54242,Entire home/apt,4479,3,0,,,11,355,0,
1319121049162689030,게스트하우스 DDC001 패밀리룸 B,73891814,Beomjun,,大同區,25.0598104,121.5122992,Private room,1657,1,0,,,2,357,0,
1319190073085454552,6/全新裝潢上架！跨年煙火！步行5分鐘即到台北101,664360996,姵穎,,信義區,25.0300202,121.5607435,Private room,1091,2,0,,,5,82,0,
1319196538917108220,台北市中心行天宮捷運2分鐘獨立陽光單人房A,5323453,Moe,,中山區,25.05990243753685,121.53122708201408,Private room,1529,2,0,,,12,361,0,
1319209705143869399,Dec hot sale鬧中寧靜 捷運科技大樓站/質感溫馨家庭房,58666148,Cookie,,大安區,25.023815764887168,121.54058010036431,Entire home/apt,4214,2,3,2024-12-28,3,21,355,3,
1319229490031485637,低預算背包客床位 共用房間,191113855,保妹,,萬華區,25.04704,121.50361,Shared room,931,1,0,,,17,365,0,
1319230934849809121,台北市中心行天宮捷運2分鐘獨立陽光單人房B,5323453,Moe,,中山區,25.058675640979484,121.5308294253304,Private room,1063,2,0,,,12,362,0,
1319244965788549872,台北市中心行天宮捷運2分鐘獨立陽光雙人房 F,5323453,Moe,,中山區,25.05872,121.53081,Private room,1326,2,1,2024-12-31,1,12,361,1,
1319263245186558629,台北市中心行天宮捷運2分鐘，陽光獨立雙人房G,5323453,Moe,,中山區,25.06057,121.53186,Private room,1574,2,0,,,12,360,0,
1319308019494604922,*The attic 小閣樓 /時尚更衣間 / 捷運中山站/電影院/中山商圈,546896578,Noel,,中山區,25.05501590983264,121.52802111921288,Entire home/apt,4046,2,0,,,15,347,0,
1319412124151556090,12/31來台北跨年!比住飯店更棒~屬於您在台北的第二個家,12812606,Simon,,信義區,25.046551967222296,121.57357990868312,Entire home/apt,4242,2,3,2024-12-28,3,15,361,3,
1319495744588010150,New cozy stay Zhongshan,75318549,Charly,,中山區,25.05716,121.52583,Entire home/apt,2256,2,0,,,9,68,0,
1319502517600975085,浪漫南京東路北歐風情度假館,662312522,梅,,松山區,25.05114,121.56672,Entire home/apt,2886,1,0,,,2,302,0,
1319611180008637190,[Nomad Stays] - Yongchun 2B,33878491,Maurice,,信義區,25.03963,121.57737,Private room,421,1,0,,,11,350,0,
1319617899769332234,[Nomad Stays] - Yongchun 2C,33878491,Maurice,,信義區,25.04021,121.57778,Private room,405,30,0,,,11,337,0,
1319623178269389351,[Nomad Stays] - Yongchun 2D,33878491,Maurice,,信義區,25.041553199963488,121.57612285309811,Private room,,30,0,,,11,365,0,
1319873740807826884,鄰近中山商圈的溫馨社區,209399047,子炘,,中山區,25.0548,121.52487,Private room,2423,1,0,,,1,344,0,
1319884925333000797,#GNstay公館棧  公館三館雙人獨立套房  近公館捷運站,38134494,GNstay,,中正區,25.01369,121.5337,Private room,2800,3,0,,,17,24,0,
1319946964413633991,晴光溫馨舒適雙人房、市中心、捷運5分鍾、樓下就有夜市、小吃、生活機能極佳,212049004,瑀彤,,中山區,25.06341,121.52367,Private room,1120,3,0,,,5,365,0,
1319981858807024505,#GNstay公館棧  師大古亭二館  近古亭捷運站2A,38134494,GNstay,,中正區,25.02602,121.52098,Private room,1646,3,0,,,17,36,0,
1319990154207372821,三興公園好窩B房/鄰近通化跟吳興商圈/MRT信義安和跟世貿101,51675276,Cathy,,信義區,25.02834,121.55894,Private room,1143,30,0,,,8,144,0,
1319997877632821979,#GNstay公館棧  師大古亭同安二館 近捷運站5B,38134494,GNstay,,中正區,25.02106,121.51997,Private room,2231,20,0,,,17,34,0,
1320004758426320709,#GNstay公館棧  公館師大分部旗艦館  近捷運站 電梯5E,38134494,GNstay,,文山區,24.99991,121.53827,Private room,1749,3,0,,,17,61,0,
1320010274374393215,#GNstay公館棧  公館師大分部一館 家庭房  近捷運站,38134494,GNstay,,文山區,25.00359,121.53824,Entire home/apt,3029,3,0,,,17,33,0,
1320014564339490561,#GNstay公館棧  師大台電二館家庭房 近捷運站 5A,38134494,GNstay,,大安區,25.02329,121.52597,Entire home/apt,2452,3,0,,,17,38,0,
1320022846435978706,#GNstay公館棧 師大台電四館 近師大夜市3C,38134494,GNstay,,大安區,25.02251,121.53022,Private room,1697,3,0,,,17,33,0,
1320028087726562353,Perfect for Families in Da’an/Zhongxiao Fuxing MRT,574311668,Rei,,大安區,25.04143,121.54886,Entire home/apt,2043,2,0,,,23,171,0,
1320029145788590079,Perfect for Families 2-4ppl Da’an Central Taipei,574311668,Rei,,大安區,25.04048,121.54787,Entire home/apt,1772,3,0,,,23,147,0,
1320040963828240987,#GNstay公館棧 信義大安一館 走路至大安捷運站僅一分鐘3E,38134494,GNstay,,大安區,25.03435,121.54241,Private room,2083,3,0,,,17,75,0,
1320086399786794696,"中正紀念堂舒適雅房
Downtown cozy bedroom",308803736,孟芩,,中正區,25.02947,121.51945,Private room,840,1,0,,,1,348,0,
1320131011257958913,H53/500mtoXimenMRT/YT/NF/Heater/WiFi/Elevator,136010110,Rex,,萬華區,25.0446,121.50312,Entire home/apt,2890,2,0,,,36,365,0,
1320137945588224932,晴光快樂美滿雙人房、市中心、捷運5分鍾、樓下就有夜市、小吃、生活機能極佳,212049004,瑀彤,,中山區,25.06561,121.52239,Private room,1120,3,0,,,5,363,0,
1320259169962986287,新年慶祝｜中山捷運站；雙連｜大樓收垃圾｜中山購物中心｜豪華住宿｜無窗｜安靜乾燥｜舒適空間｜地下室,565465307,Son,,中山區,25.05637,121.5242,Entire home/apt,3692,2,0,,,40,365,0,
1320352966866430284,1/全新裝潢上架！步行5分鐘即到台北101,664360996,姵穎,,信義區,25.03002,121.56074,Private room,1091,2,0,,,5,85,0,
1320388036033527659,1050 sqft nice apartment in 2F~,668873822,Hua,,萬華區,25.02494,121.49035,Entire home/apt,3000,1,0,,,1,361,0,
1320556027718416650,The best case TaipeiCityHall 2-6 ppl,83171395,Loro,,信義區,25.04627,121.56711,Entire home/apt,1525,2,0,,,9,346,0,
1320616316462208479,JMetal Taipei101 Big room with bathtub月租房,43552736,親古,,信義區,25.03147,121.55882,Private room,1174,1,0,,,2,356,0,
1320760102931608987,Taipei Dome#Taipei 101#MRT 3 min#Ximen#1-10 pax,565975314,Hsien Yao,,信義區,25.04125,121.56262,Entire home/apt,4286,1,0,,,3,364,0,
1320798154575226147,Master Bedroom - Xingtian Temple,31735331,Sergio,,中山區,25.06397,121.53473,Private room,1402,1,0,,,1,261,0,
1320887648149713926,JBlue Best Sleep! Experience local life  月租房,43552736,親古,,信義區,25.02946,121.55862,Private room,1500,1,0,,,2,362,0,
1320897533016945673,台北市中心行天宮捷運站2分鐘獨立雙人房C,5323453,Moe,,中山區,25.05923,121.53209,Private room,1225,2,0,,,12,362,0,
1320903555965790536,台北市中心行天宮捷運站2分鐘獨立雙人房D,5323453,Moe,,中山區,25.06076,121.53154,Private room,1241,2,0,,,12,362,0,
1320905856505931288,台北市中心行天宮捷運2分鐘獨立雙人房E,5323453,Moe,,中山區,25.05884,121.53024,Private room,1241,2,0,,,12,361,0,
1320925956524222444,中山捷運站R11&G14交會點/新光三越百貨/台北當代藝術館/近西門町台北火車站,541047093,蘇樣,,中山區,25.05094,121.52151,Entire home/apt,4297,2,0,,,1,177,0,
1320946719908109177,Private Studio near Taipei Dome,116505646,Junalene,,松山區,25.04599,121.55687,Entire home/apt,1581,1,0,,,1,254,0,
1321051100125113262,內湖浪漫小清新度假館,662312522,梅,,內湖區,25.08424,121.56207,Entire home/apt,2886,1,0,,,2,310,0,
1321052173155995338,西門町小陽台小套房,36408621,小多,,萬華區,25.0434,121.50673,Private room,1631,30,0,,,15,270,0,
1321532096469883098,共用房間  門不能鎖  用睡袋在地板打地鋪,191113855,保妹,,萬華區,25.04547,121.50306,Shared room,2047,1,0,,,17,365,0,
1321579610964235376,用睡袋在頂樓閣樓打地鋪！,191113855,保妹,,萬華區,25.04473,121.50364,Shared room,1290,1,0,,,17,365,0,
1321717960511624606,全新裝潢 近大巨蛋 演唱會棒球比賽跨年首選 市政府國父紀念館站,664028006,Peichin,,信義區,25.04149,121.56274,Entire home/apt,6703,1,0,,,2,90,0,
1321771891190495716,JL Rd F,574311668,Rei,,信義區,25.04451,121.57139,Private room,993,4,0,,,23,361,0,
1321772719114233502,全新裝潢 近大巨蛋 演唱會棒球比賽跨年首選 市政府國父紀念館站,664028006,Peichin,,信義區,25.04113,121.56097,Entire home/apt,10314,1,0,,,2,364,0,
1321816908275218467,Fu bnb3,664997634,Yi Ping,,信義區,25.03168,121.55787,Entire home/apt,5386,2,0,,,3,364,0,
1322044102220159458,Tianmu TAS 芝山捷運站美寓,498346612,Jolie,,士林區,25.11117,121.52547,Entire home/apt,3984,7,0,,,5,353,0,
1322103639897104802,忠孝敦化MRT步行5分鐘/大巨蛋/Dr. Sun紀念館/長租優惠/機場接送,586543170,宗漢,,大安區,25.04297,121.55194,Entire home/apt,3257,2,0,,,2,88,0,
1322124767515518135,[大橋頭MRT] 捷運3min，四人獨立客廳兩臥室，近夜市！,6263263,Shaun,,大同區,25.06425,121.51102,Entire home/apt,1854,2,0,,,3,186,0,
1322168927449752927,Xinyi Anhe luxury apartment,277278670,Garden,,大安區,25.02869,121.55182,Entire home/apt,11088,5,0,,,14,364,0,
1322186230416822418,GNstay景美二館4B 近景美捷運站、景美夜市,38134494,GNstay,,文山區,24.9885,121.54057,Private room,1320,3,0,,,17,49,0,
1322190916673678083,GNstay景美二館4A  近景美捷運站、景美夜市,38134494,GNstay,,文山區,24.98855,121.54273,Private room,1296,1,0,,,17,362,0,
1322445214697278550,（13a)商務/學生/分租套房/便利/MRT/中山商圈/醫院/藥局/2F,520782737,依蓓,,中山區,25.06111,121.52143,Private room,3429,4,0,,,31,364,0,
1322456552364155829,步行5分鐘即到台北101！可住2-14人，全新裝潢上架！,664360996,姵穎,,信義區,25.03002,121.56074,Private room,1091,2,0,,,5,177,0,
1322462790757322350,【品味生活】09/中山國小捷運站／麗晶／全新裝修電梯／商務套房／使い捨てトイレ／안녕하세요外國人友善,553950329,Tendy,,中山區,25.06047,121.52477,Entire home/apt,4670,7,0,,,6,333,0,
1322463373826579241,(13c）商務/學生/分租套房/便利/MRT/中山商圈/醫院藥局/友善外國人/2F,520782737,依蓓,,中山區,25.06141,121.5212,Private room,1800,4,0,,,31,363,0,
1322764556147115702,RC Apt w/ lift near Ximen MRT 西門町 距西門站2分鐘 獨立浴室 紅樓,79915350,Paradise Taipei,,萬華區,25.04173,121.5069,Entire home/apt,3471,3,0,,,29,159,0,
1322895199789495916,獨立衛浴大套房西門町,36408621,小多,,萬華區,25.04314,121.50674,Private room,2156,30,0,,,15,365,0,
1322934866299644047,共用房間  在地板用睡袋打地鋪,191113855,保妹,,萬華區,25.04491,121.50305,Shared room,1990,1,0,,,17,365,0,
1322973730392455259,NTNU studio room_501,21858589,智暎,,大安區,25.0236,121.52981,Entire home/apt,1286,2,0,,,5,91,0,
1322990321703312471,L1 Family Studio Netflix+Washer/Dryer,48399837,Urban Abode,,中正區,25.04668,121.51675,Entire home/apt,6131,1,0,,,13,364,0,
1323073552313381088,晴光歡樂滿屋房、市中心、捷運5分鍾、樓下就有夜市、小吃、生活機能極佳,212049004,瑀彤,,中山區,25.06564,121.52259,Private room,1234,1,0,,,5,365,0,
1323161643489068140,AE / Shida Night Market / TNU / MRT 1 min walk,221534550,Anne,,中正區,25.02052,121.52627,Entire home/apt,937,2,0,,,48,85,0,
